date,code,open,high,low,close,volume,amount,turnover,pct_change,is_limit_up,is_limit_down
2019-07-01,sh.600231,3.27,3.29,3.21,3.27,6537090,21302818.0,0.235904,1.552794,0,0
2019-07-02,sh.600231,3.27,3.28,3.25,3.26,4490195,14651939.0,0.162038,-0.30581,0,0
2019-07-03,sh.600231,3.27,3.27,3.21,3.23,4186765,13518648.0,0.151088,-0.920245,0,0
2019-07-04,sh.600231,3.24,3.24,3.2,3.21,4038700,12988028.0,0.145744,-0.619194,0,0
2019-07-05,sh.600231,3.23,3.23,3.19,3.22,3631470,11653302.0,0.131049,0.311526,0,0
2019-07-08,sh.600231,3.21,3.22,3.1,3.12,5608322,17619516.0,0.202387,-3.105594,0,0
2019-07-09,sh.600231,3.12,3.14,3.1,3.11,2492789,7753417.0,0.089957,-0.320512,0,0
2019-07-10,sh.600231,3.12,3.18,3.11,3.12,3650621,11433506.0,0.13174,0.321543,0,0
2019-07-11,sh.600231,3.13,3.14,3.07,3.09,3053211,9488770.0,0.110181,-0.961538,0,0
2019-07-12,sh.600231,3.1,3.11,3.05,3.07,2471253,7600831.0,0.08918,-0.647249,0,0
2019-07-15,sh.600231,3.06,3.09,2.99,3.05,4670141,14163211.0,0.168531,-0.651465,0,0
2019-07-16,sh.600231,3.05,3.1,3.02,3.08,3633552,11167289.0,0.131124,0.983606,0,0
2019-07-17,sh.600231,3.08,3.08,3.05,3.08,2614325,8029600.0,0.094343,0.0,0,0
2019-07-18,sh.600231,3.08,3.08,3.02,3.03,2678210,8149206.0,0.096649,-1.623375,0,0
2019-07-19,sh.600231,3.03,3.09,3.03,3.03,2867880,8733616.0,0.103493,0.0,0,0
2019-07-22,sh.600231,3.05,3.07,2.98,2.98,5136796,15435247.0,0.185371,-1.650164,0,0
2019-07-23,sh.600231,2.99,3.0,2.97,3.0,2036250,6080905.0,0.073482,0.67114,0,0
2019-07-24,sh.600231,3.0,3.02,2.98,2.99,4238098,12720442.0,0.15294,-0.333333,0,0
2019-07-25,sh.600231,3.0,3.0,2.96,2.97,3686700,10967637.0,0.133042,-0.668896,0,0
2019-07-26,sh.600231,2.96,2.98,2.95,2.96,2232620,6620404.0,0.0806,-0.3367,0,0
2019-07-29,sh.600231,2.96,2.99,2.96,2.99,2447763,7292200.0,0.088332,1.013512,0,0
2019-07-30,sh.600231,2.99,3.02,2.97,2.98,3269661,9805725.0,0.118,-0.3344,0,0
2019-07-31,sh.600231,2.98,3.01,2.97,2.98,2676658,7983477.0,0.0966,0.0,0,0
2019-08-01,sh.600231,2.97,2.98,2.92,2.93,3668766,10812557.0,0.1324,-1.6779,0,0
2019-08-02,sh.600231,2.93,2.94,2.82,2.94,5104952,14859026.0,0.1842,0.3413,0,0
2019-08-05,sh.600231,2.93,2.95,2.87,2.88,3697543,10742426.0,0.1334,-2.0408,0,0
2019-08-06,sh.600231,2.85,2.85,2.7,2.75,7630489,21126068.0,0.2754,-4.5139,0,0
2019-08-07,sh.600231,2.76,2.8,2.74,2.74,3292939,9078669.0,0.1188,-0.3636,0,0
2019-08-08,sh.600231,2.76,2.78,2.75,2.76,2065611,5713867.0,0.0745,0.7299,0,0
2019-08-09,sh.600231,2.77,2.78,2.71,2.72,2676210,7344995.0,0.0966,-1.4493,0,0
2019-08-12,sh.600231,2.71,2.78,2.7,2.75,4565468,12467053.0,0.1648,1.1029,0,0
2019-08-13,sh.600231,2.74,2.74,2.71,2.73,3332377,9086068.0,0.1203,-0.7273,0,0
2019-08-14,sh.600231,2.75,2.77,2.73,2.74,3390329,9320705.0,0.1223,0.3663,0,0
2019-08-15,sh.600231,2.7,2.9,2.66,2.8,11356633,31777009.0,0.4098,2.1898,0,0
2019-08-16,sh.600231,2.79,2.82,2.77,2.79,4701203,13128581.0,0.1697,-0.3571,0,0
2019-08-19,sh.600231,2.8,2.85,2.79,2.83,4790176,13507914.0,0.1729,1.4337,0,0
2019-08-20,sh.600231,2.83,2.86,2.82,2.83,3964582,11238626.0,0.1431,0.0,0,0
2019-08-21,sh.600231,2.82,2.83,2.8,2.8,2349590,6613930.0,0.0848,-1.0601,0,0
2019-08-22,sh.600231,2.8,2.82,2.78,2.8,3076559,8607485.0,0.111,0.0,0,0
2019-08-23,sh.600231,2.8,2.84,2.78,2.82,3200520,9022004.0,0.1155,0.7143,0,0
2019-08-26,sh.600231,2.78,2.79,2.76,2.76,3197444,8870639.0,0.1154,-2.1277,0,0
2019-08-27,sh.600231,2.78,2.84,2.77,2.83,4514175,12688307.0,0.1629,2.5362,0,0
2019-08-28,sh.600231,2.82,2.85,2.8,2.84,4311826,12216977.0,0.1556,0.3534,0,0
2019-08-29,sh.600231,2.84,2.86,2.83,2.84,3987083,11336110.0,0.1439,0.0,0,0
2019-08-30,sh.600231,2.85,2.86,2.79,2.82,4530687,12768285.0,0.1635,-0.7042,0,0
2019-09-02,sh.600231,2.81,2.89,2.8,2.85,8487668,24168226.0,0.3063,1.0638,0,0
2019-09-03,sh.600231,2.85,2.89,2.84,2.86,6796156,19429034.0,0.2453,0.3509,0,0
2019-09-04,sh.600231,2.86,2.89,2.84,2.89,7021050,20134045.0,0.2534,1.049,0,0
2019-09-05,sh.600231,2.91,2.95,2.89,2.9,8889434,25977707.0,0.3208,0.346,0,0
2019-09-06,sh.600231,2.91,2.92,2.87,2.87,5291607,15260381.0,0.191,-1.0345,0,0
2019-09-09,sh.600231,2.89,2.91,2.86,2.91,8378194,24173728.0,0.3023,1.3937,0,0
2019-09-10,sh.600231,2.9,2.92,2.87,2.91,7459588,21592686.0,0.2692,0.0,0,0
2019-09-11,sh.600231,2.89,2.94,2.89,2.91,6523311,19010711.0,0.2354,0.0,0,0
2019-09-12,sh.600231,2.9,2.94,2.9,2.94,6476235,18941446.0,0.2337,1.0309,0,0
2019-09-16,sh.600231,2.94,2.97,2.93,2.93,5226699,15408470.0,0.1886,-0.3401,0,0
2019-09-17,sh.600231,2.93,2.94,2.85,2.86,6264940,18097244.0,0.2261,-2.3891,0,0
2019-09-18,sh.600231,2.85,2.88,2.84,2.85,3817067,10918650.0,0.1377,-0.3497,0,0
2019-09-19,sh.600231,2.86,2.89,2.82,2.86,4889196,13927755.0,0.1764,0.3509,0,0
2019-09-20,sh.600231,2.85,2.86,2.82,2.83,4675697,13266494.0,0.1687,-1.049,0,0
2019-09-23,sh.600231,2.83,2.83,2.77,2.78,5247586,14640513.0,0.1894,-1.7668,0,0
2019-09-24,sh.600231,2.8,2.81,2.77,2.78,4712510,13112521.0,0.1701,0.0,0,0
2019-09-25,sh.600231,2.78,2.79,2.75,2.76,4455384,12309742.0,0.1608,-0.7194,0,0
2019-09-26,sh.600231,2.76,2.78,2.7,2.71,4913279,13446684.0,0.1773,-1.8116,0,0
2019-09-27,sh.600231,2.72,2.74,2.69,2.74,4059420,11028561.0,0.1465,1.107,0,0
2019-09-30,sh.600231,2.73,2.76,2.72,2.74,3284509,8990805.0,0.1185,0.0,0,0
2019-10-08,sh.600231,2.73,2.76,2.73,2.73,2196322,6023994.0,0.0793,-0.365,0,0
2019-10-09,sh.600231,2.72,2.76,2.7,2.76,2916792,8007616.0,0.1053,1.0989,0,0
2019-10-10,sh.600231,2.75,2.77,2.74,2.77,2577410,7107069.0,0.093,0.3623,0,0
2019-10-11,sh.600231,2.78,2.79,2.74,2.78,3011679,8335684.0,0.1087,0.361,0,0
2019-10-14,sh.600231,2.79,2.82,2.77,2.8,3536690,9906984.0,0.1276,0.7194,0,0
2019-10-15,sh.600231,2.81,2.81,2.77,2.79,2363808,6582160.0,0.0853,-0.3571,0,0
2019-10-16,sh.600231,2.79,2.79,2.76,2.76,1960650,5450817.0,0.0708,-1.0753,0,0
2019-10-17,sh.600231,2.77,2.77,2.74,2.75,1633400,4503448.0,0.0589,-0.3623,0,0
2019-10-18,sh.600231,2.74,2.75,2.7,2.71,3674617,10000511.0,0.1326,-1.4545,0,0
2019-10-21,sh.600231,2.71,2.72,2.67,2.69,3041982,8164313.0,0.1098,-0.738,0,0
2019-10-22,sh.600231,2.69,2.9,2.67,2.83,8970243,24787452.0,0.3237,5.2045,0,0
2019-10-23,sh.600231,2.78,2.85,2.76,2.77,5077146,14196084.0,0.1832,-2.1201,0,0
2019-10-24,sh.600231,2.75,2.82,2.74,2.79,3256611,9078157.0,0.1175,0.722,0,0
2019-10-25,sh.600231,2.77,2.8,2.76,2.79,2083741,5795899.0,0.0752,0.0,0,0
2019-10-28,sh.600231,2.79,2.82,2.77,2.81,4228817,11848748.0,0.1526,0.7168,0,0
2019-10-29,sh.600231,2.81,2.83,2.77,2.77,3240970,9031663.0,0.117,-1.4235,0,0
2019-10-30,sh.600231,2.77,2.78,2.73,2.73,2348622,6445524.0,0.0848,-1.444,0,0
2019-10-31,sh.600231,2.72,2.73,2.67,2.68,4305230,11584674.0,0.1554,-1.8315,0,0
2019-11-01,sh.600231,2.67,2.7,2.65,2.69,2103272,5640652.0,0.0759,0.3731,0,0
2019-11-04,sh.600231,2.69,2.7,2.67,2.68,2907200,7807352.0,0.1049,-0.3717,0,0
2019-11-05,sh.600231,2.69,2.7,2.66,2.69,2552546,6839634.0,0.0921,0.3731,0,0
2019-11-06,sh.600231,2.67,2.74,2.67,2.7,4004920,10826217.0,0.1445,0.3717,0,0
2019-11-07,sh.600231,2.69,2.7,2.67,2.68,2427298,6516000.0,0.0876,-0.7407,0,0
2019-11-08,sh.600231,2.69,2.7,2.66,2.67,2767040,7405794.0,0.0999,-0.3731,0,0
2019-11-11,sh.600231,2.68,2.68,2.63,2.64,2605260,6892867.0,0.094,-1.1236,0,0
2019-11-12,sh.600231,2.62,2.65,2.61,2.65,2057474,5419535.0,0.0742,0.3788,0,0
2019-11-13,sh.600231,2.65,2.65,2.62,2.64,1322950,3479267.0,0.0477,-0.3774,0,0
2019-11-14,sh.600231,2.64,2.64,2.61,2.63,1725899,4529137.0,0.0623,-0.3788,0,0
2019-11-15,sh.600231,2.63,2.63,2.59,2.59,2950938,7688713.0,0.1065,-1.5209,0,0
2019-11-18,sh.600231,2.59,2.65,2.55,2.62,4436155,11578539.0,0.1601,1.1583,0,0
2019-11-19,sh.600231,2.61,2.64,2.59,2.63,3343863,8762626.0,0.1207,0.3817,0,0
2019-11-20,sh.600231,2.63,2.64,2.6,2.62,2284027,5984374.0,0.0824,-0.3802,0,0
2019-11-21,sh.600231,2.61,2.63,2.59,2.63,2671816,6985663.0,0.0964,0.3817,0,0
2019-11-22,sh.600231,2.63,2.72,2.61,2.69,11819683,31634261.0,0.4265,2.2814,0,0
2019-11-25,sh.600231,2.71,2.9,2.71,2.88,31969548,90832692.0,1.1537,7.0632,0,0
2019-11-26,sh.600231,2.85,2.87,2.74,2.76,14541805,40352140.0,0.5248,-4.1667,0,0
2019-11-27,sh.600231,2.74,2.77,2.72,2.74,6625173,18159022.0,0.2391,-0.7246,0,0
2019-11-28,sh.600231,2.77,2.77,2.68,2.7,6679962,18108764.0,0.2411,-1.4599,0,0
2019-11-29,sh.600231,2.71,2.73,2.67,2.71,5146060,13890857.0,0.1857,0.3704,0,0
2019-12-02,sh.600231,2.73,2.73,2.68,2.71,4345423,11739301.0,0.1568,0.0,0,0
2019-12-03,sh.600231,2.71,2.72,2.66,2.69,2853495,7669977.0,0.103,-0.738,0,0
2019-12-04,sh.600231,2.69,2.69,2.66,2.68,3525090,9430636.0,0.1272,-0.3717,0,0
2019-12-05,sh.600231,2.69,2.71,2.68,2.69,3668585,9869427.0,0.1324,0.3731,0,0
2019-12-06,sh.600231,2.68,2.69,2.67,2.69,3391026,9076558.0,0.1224,0.0,0,0
2019-12-09,sh.600231,2.7,2.75,2.69,2.74,8700366,23747260.0,0.314,1.8587,0,0
2019-12-10,sh.600231,2.73,2.74,2.7,2.73,4994958,13576610.0,0.1803,-0.365,0,0
2019-12-11,sh.600231,2.74,2.78,2.73,2.74,6967685,19189945.0,0.2514,0.3663,0,0
2019-12-12,sh.600231,2.73,2.73,2.7,2.72,3764679,10203067.0,0.1359,-0.7299,0,0
2019-12-13,sh.600231,2.73,2.73,2.7,2.72,5941750,16145756.0,0.2144,0.0,0,0
2019-12-16,sh.600231,2.73,2.74,2.7,2.74,6246948,16989809.0,0.2254,0.7353,0,0
2019-12-17,sh.600231,2.73,2.79,2.72,2.77,10825225,29862636.0,0.3906,1.0949,0,0
2019-12-18,sh.600231,2.76,2.78,2.74,2.75,7620546,21032988.0,0.275,-0.722,0,0
2019-12-19,sh.600231,2.75,2.76,2.74,2.76,4795949,13186815.0,0.1731,0.3636,0,0
2019-12-20,sh.600231,2.76,2.76,2.73,2.73,4833880,13261242.0,0.1744,-1.087,0,0
2019-12-23,sh.600231,2.73,2.73,2.65,2.66,7545266,20314568.0,0.2723,-2.5641,0,0
2019-12-24,sh.600231,2.66,2.68,2.65,2.68,3803849,10147609.0,0.1373,0.7519,0,0
2019-12-25,sh.600231,2.68,2.69,2.65,2.67,3841130,10255182.0,0.1386,-0.3731,0,0
2019-12-26,sh.600231,2.66,2.7,2.65,2.69,3493770,9361610.0,0.1261,0.7491,0,0
2019-12-27,sh.600231,2.69,2.74,2.68,2.71,8417936,22816695.0,0.3038,0.7435,0,0
2019-12-30,sh.600231,2.73,2.74,2.7,2.73,5732741,15591076.0,0.2069,0.738,0,0
2019-12-31,sh.600231,2.73,2.77,2.71,2.76,10838231,29728884.0,0.3911,1.0989,0,0
2020-01-02,sh.600231,2.77,2.8,2.76,2.77,12197701,33901034.0,0.4402,0.3623,0,0
2020-01-03,sh.600231,2.76,2.78,2.73,2.77,10818274,29732838.0,0.3904,0.0,0,0
2020-01-06,sh.600231,2.75,2.78,2.74,2.76,8450124,23300028.0,0.3049,-0.361,0,0
2020-01-07,sh.600231,2.77,2.83,2.76,2.8,14830485,41423427.0,0.5352,1.4493,0,0
2020-01-08,sh.600231,2.78,2.79,2.73,2.74,9584084,26471427.0,0.3459,-2.1429,0,0
2020-01-09,sh.600231,2.74,2.77,2.74,2.76,5255760,14494012.0,0.1897,0.7299,0,0
2020-01-10,sh.600231,2.77,2.77,2.73,2.74,4814594,13207819.0,0.1737,-0.7246,0,0
2020-01-13,sh.600231,2.73,2.74,2.72,2.73,4981420,13607590.0,0.1798,-0.365,0,0
2020-01-14,sh.600231,2.72,2.77,2.72,2.75,6357453,17477950.0,0.2294,0.7326,0,0
2020-01-15,sh.600231,2.74,2.75,2.7,2.71,8950008,24282702.0,0.323,-1.4545,0,0
2020-01-16,sh.600231,2.72,2.72,2.68,2.69,4377059,11788318.0,0.158,-0.738,0,0
2020-01-17,sh.600231,2.68,2.71,2.64,2.65,7532500,20075604.0,0.2718,-1.487,0,0
2020-01-20,sh.600231,2.65,2.65,2.58,2.6,13024667,33867289.0,0.47,-1.8868,0,0
2020-01-21,sh.600231,2.6,2.6,2.56,2.57,7567729,19519493.0,0.2731,-1.1538,0,0
2020-01-22,sh.600231,2.56,2.6,2.53,2.59,6441072,16504375.0,0.2324,0.7782,0,0
2020-01-23,sh.600231,2.58,2.59,2.51,2.53,8341667,21184734.0,0.301,-2.3166,0,0
2020-02-03,sh.600231,2.28,2.28,2.28,2.28,3151200,7184736.0,0.1137,-9.8814,0,1
2020-02-04,sh.600231,2.05,2.23,2.05,2.19,17024786,36605247.0,0.6144,-3.9474,0,0
2020-02-05,sh.600231,2.17,2.28,2.17,2.27,12273631,27626312.0,0.4429,3.653,0,0
2020-02-06,sh.600231,2.28,2.29,2.25,2.28,7995599,18124930.0,0.2885,0.4405,0,0
2020-02-07,sh.600231,2.28,2.28,2.24,2.26,7042535,15864607.0,0.2541,-0.8772,0,0
2020-02-10,sh.600231,2.24,2.48,2.24,2.43,22310705,53226913.0,0.8051,7.5221,0,0
2020-02-11,sh.600231,2.45,2.67,2.42,2.51,33215322,85943195.0,1.1986,3.2922,0,0
2020-02-12,sh.600231,2.42,2.46,2.33,2.46,18007974,43312402.0,0.6499,-1.992,0,0
2020-02-13,sh.600231,2.44,2.45,2.39,2.39,9677644,23386602.0,0.3492,-2.8455,0,0
2020-02-14,sh.600231,2.39,2.41,2.37,2.41,6174882,14766098.0,0.2228,0.8368,0,0
2020-02-17,sh.600231,2.4,2.45,2.39,2.44,11539720,27926287.0,0.4164,1.2448,0,0
2020-02-18,sh.600231,2.44,2.49,2.43,2.46,9118382,22347285.0,0.3291,0.8197,0,0
2020-02-19,sh.600231,2.45,2.46,2.43,2.44,8437924,20617328.0,0.3045,-0.813,0,0
2020-02-20,sh.600231,2.44,2.47,2.41,2.47,12984981,31657507.0,0.4686,1.2295,0,0
2020-02-21,sh.600231,2.45,2.47,2.44,2.46,15790461,38750212.0,0.5698,-0.4049,0,0
2020-02-24,sh.600231,2.45,2.45,2.41,2.42,14355440,34774520.0,0.518,-1.626,0,0
2020-02-25,sh.600231,2.39,2.39,2.31,2.37,13418652,31622336.0,0.4842,-2.0661,0,0
2020-02-26,sh.600231,2.34,2.49,2.33,2.42,19206232,46679387.0,0.6931,2.1097,0,0
2020-02-27,sh.600231,2.45,2.46,2.41,2.42,8574107,20831438.0,0.3094,0.0,0,0
2020-02-28,sh.600231,2.36,2.39,2.3,2.31,12460581,29167324.0,0.4497,-4.5455,0,0
2020-03-02,sh.600231,2.31,2.43,2.31,2.41,13006051,31228787.0,0.4693,4.329,0,0
2020-03-03,sh.600231,2.45,2.47,2.41,2.42,12104526,29441325.0,0.4368,0.4149,0,0
2020-03-04,sh.600231,2.39,2.47,2.39,2.47,16167130,39445124.0,0.5834,2.0661,0,0
2020-03-05,sh.600231,2.49,2.57,2.46,2.52,24255561,60997948.0,0.8753,2.0243,0,0
2020-03-06,sh.600231,2.48,2.5,2.44,2.47,13358909,32952261.0,0.4821,-1.9841,0,0
2020-03-09,sh.600231,2.45,2.45,2.37,2.39,15825202,37997936.0,0.5711,-3.2389,0,0
2020-03-10,sh.600231,2.36,2.41,2.33,2.41,12618166,30030484.0,0.4554,0.8368,0,0
2020-03-11,sh.600231,2.4,2.44,2.39,2.4,9900122,23915386.0,0.3573,-0.4149,0,0
2020-03-12,sh.600231,2.39,2.4,2.35,2.38,10624164,25212318.0,0.3834,-0.8333,0,0
2020-03-13,sh.600231,2.3,2.35,2.24,2.34,11910494,27517324.0,0.4298,-1.6807,0,0
2020-03-16,sh.600231,2.36,2.38,2.27,2.28,9893610,22991273.0,0.357,-2.5641,0,0
2020-03-17,sh.600231,2.28,2.32,2.23,2.28,9364368,21214925.0,0.3379,0.0,0,0
2020-03-18,sh.600231,2.3,2.33,2.26,2.26,7241840,16652995.0,0.2613,-0.8772,0,0
2020-03-19,sh.600231,2.26,2.29,2.22,2.26,7944513,17892624.0,0.2867,0.0,0,0
2020-03-20,sh.600231,2.27,2.33,2.26,2.32,7622052,17521772.0,0.2751,2.6549,0,0
2020-03-23,sh.600231,2.3,2.3,2.25,2.25,5676660,12874592.0,0.2049,-3.0172,0,0
2020-03-24,sh.600231,2.27,2.29,2.25,2.27,5036345,11437095.0,0.1817,0.8889,0,0
2020-03-25,sh.600231,2.3,2.32,2.28,2.3,7331303,16802186.0,0.2646,1.3216,0,0
2020-03-26,sh.600231,2.28,2.29,2.25,2.27,4590203,10428420.0,0.1656,-1.3043,0,0
2020-03-27,sh.600231,2.28,2.32,2.26,2.28,7519820,17235624.0,0.2714,0.4405,0,0
2020-03-30,sh.600231,2.26,2.29,2.22,2.25,8447916,18941133.0,0.3049,-1.3158,0,0
2020-03-31,sh.600231,2.26,2.27,2.23,2.24,4108140,9219229.0,0.1483,-0.4444,0,0
2020-04-01,sh.600231,2.23,2.25,2.23,2.23,3066644,6858835.0,0.1107,-0.4464,0,0
2020-04-02,sh.600231,2.23,2.25,2.21,2.25,3883654,8658940.0,0.1401,0.8969,0,0
2020-04-03,sh.600231,2.25,2.25,2.22,2.23,3302271,7380022.0,0.1192,-0.8889,0,0
2020-04-07,sh.600231,2.25,2.28,2.24,2.27,7520677,16972125.0,0.2714,1.7937,0,0
2020-04-08,sh.600231,2.25,2.31,2.24,2.3,6935340,15829625.0,0.2503,1.3216,0,0
2020-04-09,sh.600231,2.32,2.33,2.3,2.32,7744184,17954311.0,0.2795,0.8696,0,0
2020-04-10,sh.600231,2.32,2.32,2.28,2.29,6620320,15218388.0,0.2389,-1.2931,0,0
2020-04-13,sh.600231,2.25,2.26,2.23,2.24,7068393,15846506.0,0.2551,-2.1834,0,0
2020-04-14,sh.600231,2.24,2.26,2.23,2.26,3337474,7499497.0,0.1204,0.8929,0,0
2020-04-15,sh.600231,2.26,2.26,2.23,2.24,3895420,8732042.0,0.1406,-0.885,0,0
2020-04-16,sh.600231,2.24,2.24,2.22,2.23,3865897,8623515.0,0.1395,-0.4464,0,0
2020-04-17,sh.600231,2.23,2.26,2.23,2.24,5075026,11408928.0,0.1831,0.4484,0,0
2020-04-20,sh.600231,2.25,2.26,2.23,2.25,2411500,5406722.0,0.087,0.4464,0,0
2020-04-21,sh.600231,2.24,2.25,2.22,2.23,4299553,9598431.0,0.1552,-0.8889,0,0
2020-04-22,sh.600231,2.23,2.24,2.22,2.24,2832565,6304111.0,0.1022,0.4484,0,0
2020-04-23,sh.600231,2.23,2.24,2.22,2.22,2340332,5216258.0,0.0845,-0.8929,0,0
2020-04-24,sh.600231,2.22,2.23,2.19,2.2,4239430,9374518.0,0.153,-0.9009,0,0
2020-04-27,sh.600231,2.2,2.21,2.18,2.18,4084844,8947590.0,0.1474,-0.9091,0,0
2020-04-28,sh.600231,2.19,2.19,2.13,2.13,6947438,14933046.0,0.2507,-2.2936,0,0
2020-04-29,sh.600231,2.13,2.16,2.13,2.14,3176200,6805626.0,0.1146,0.4695,0,0
2020-04-30,sh.600231,2.14,2.18,2.13,2.18,4110704,8884343.0,0.1483,1.8692,0,0
2020-05-06,sh.600231,2.16,2.2,2.16,2.18,4271612,9316175.0,0.1541,0.0,0,0
2020-05-07,sh.600231,2.18,2.19,2.16,2.17,6790369,14750491.0,0.245,-0.4587,0,0
2020-05-08,sh.600231,2.17,2.19,2.17,2.19,5470827,11911651.0,0.1974,0.9217,0,0
2020-05-11,sh.600231,2.18,2.22,2.18,2.22,7934550,17467619.0,0.2863,1.3699,0,0
2020-05-12,sh.600231,2.21,2.21,2.18,2.2,3014572,6608042.0,0.1088,-0.9009,0,0
2020-05-13,sh.600231,2.18,2.2,2.17,2.18,2359100,5147522.0,0.0851,-0.9091,0,0
2020-05-14,sh.600231,2.17,2.18,2.15,2.16,3032800,6556331.0,0.1094,-0.9174,0,0
2020-05-15,sh.600231,2.16,2.17,2.15,2.16,2581454,5573103.0,0.0932,0.0,0,0
2020-05-18,sh.600231,2.16,2.17,2.15,2.16,5038240,10871818.0,0.1818,0.0,0,0
2020-05-19,sh.600231,2.16,2.17,2.15,2.16,2955207,6393744.0,0.1066,0.0,0,0
2020-05-20,sh.600231,2.17,2.17,2.14,2.15,3575400,7688356.0,0.129,-0.463,0,0
2020-05-21,sh.600231,2.15,2.17,2.14,2.14,2726370,5865555.0,0.0984,-0.4651,0,0
2020-05-22,sh.600231,2.14,2.15,2.13,2.14,4096053,8767373.0,0.1478,0.0,0,0
2020-05-25,sh.600231,2.14,2.14,2.12,2.13,3117292,6644946.0,0.1125,-0.4673,0,0
2020-05-26,sh.600231,2.13,2.17,2.13,2.17,3865544,8354611.0,0.1395,1.8779,0,0
2020-05-27,sh.600231,2.18,2.18,2.16,2.17,4395162,9552290.0,0.1586,0.0,0,0
2020-05-28,sh.600231,2.15,2.17,2.13,2.14,2915538,6263208.0,0.1052,-1.3825,0,0
2020-05-29,sh.600231,2.15,2.15,2.13,2.15,2451956,5251264.0,0.0885,0.4673,0,0
2020-06-01,sh.600231,2.15,2.19,2.14,2.18,4363990,9504872.0,0.1575,1.3953,0,0
2020-06-02,sh.600231,2.18,2.23,2.18,2.22,6480831,14284527.0,0.2339,1.8349,0,0
2020-06-03,sh.600231,2.21,2.24,2.21,2.23,4318063,9609036.0,0.1558,0.4504,0,0
2020-06-04,sh.600231,2.23,2.24,2.19,2.22,4781929,10558092.0,0.1726,-0.4484,0,0
2020-06-05,sh.600231,2.17,2.18,2.14,2.16,2800840,6026920.0,0.1011,-0.4608,0,0
2020-06-08,sh.600231,2.16,2.2,2.16,2.2,5398862,11804683.0,0.1948,1.8518,0,0
2020-06-09,sh.600231,2.19,2.21,2.16,2.17,4715298,10282135.0,0.1702,-1.3636,0,0
2020-06-10,sh.600231,2.16,2.22,2.15,2.2,6398308,13955675.0,0.2309,1.3825,0,0
2020-06-11,sh.600231,2.2,2.2,2.16,2.17,3478190,7588457.0,0.1255,-1.3636,0,0
2020-06-12,sh.600231,2.14,2.18,2.13,2.15,7010211,15126975.0,0.253,-0.9217,0,0
2020-06-15,sh.600231,2.14,2.18,2.13,2.14,5423330,11659741.0,0.1957,-0.4651,0,0
2020-06-16,sh.600231,2.15,2.34,2.15,2.26,25664926,57834993.0,0.9262,5.6075,0,0
2020-06-17,sh.600231,2.24,2.38,2.23,2.36,34516929,80275782.0,1.2456,4.4248,0,0
2020-06-18,sh.600231,2.34,2.55,2.27,2.41,40791819,99128835.0,1.4721,2.1187,0,0
2020-06-19,sh.600231,2.36,2.38,2.27,2.31,23207404,53732912.0,0.8375,-4.1494,0,0
2020-06-22,sh.600231,2.3,2.31,2.25,2.27,12993892,29631781.0,0.4689,-1.7316,0,0
2020-06-23,sh.600231,2.27,2.28,2.24,2.27,8756894,19800128.0,0.316,0.0,0,0
2020-06-24,sh.600231,2.27,2.27,2.21,2.22,8893390,19863336.0,0.3209,-2.2026,0,0
2020-06-29,sh.600231,2.22,2.22,2.18,2.2,6566544,14420678.0,0.237,-0.9009,0,0
2020-06-30,sh.600231,2.21,2.23,2.2,2.22,4408026,9784182.0,0.1591,0.9091,0,0
2020-07-01,sh.600231,2.2,2.24,2.2,2.23,5811772,12898523.0,0.2097,0.4504,0,0
2020-07-02,sh.600231,2.23,2.28,2.22,2.28,9598605,21646898.0,0.3464,2.2422,0,0
2020-07-03,sh.600231,2.28,2.34,2.27,2.32,16312314,37650156.0,0.5887,1.7544,0,0
2020-07-06,sh.600231,2.33,2.45,2.33,2.43,29168628,70028152.0,1.0526,4.7414,0,0
2020-07-07,sh.600231,2.47,2.51,2.37,2.38,25632232,62081037.0,0.925,-2.0576,0,0
2020-07-08,sh.600231,2.38,2.48,2.37,2.48,29707176,72406169.0,1.072,4.2017,0,0
2020-07-09,sh.600231,2.46,2.56,2.42,2.52,37924137,94635953.0,1.3686,1.6129,0,0
2020-07-10,sh.600231,2.48,2.49,2.4,2.4,22234164,54351830.0,0.8024,-4.7619,0,0
2020-07-13,sh.600231,2.4,2.48,2.4,2.46,20607419,50387100.0,0.7437,2.5,0,0
2020-07-14,sh.600231,2.46,2.51,2.41,2.44,19295728,47278254.0,0.6963,-0.813,0,0
2020-07-15,sh.600231,2.44,2.45,2.35,2.38,19560401,46817733.0,0.7059,-2.459,0,0
2020-07-16,sh.600231,2.37,2.4,2.28,2.3,16732743,39284068.0,0.6038,-3.3614,0,0
2020-07-17,sh.600231,2.3,2.33,2.27,2.3,10162523,23286325.0,0.3667,0.0,0,0
2020-07-20,sh.600231,2.32,2.42,2.31,2.41,16181409,38431854.0,0.5839,4.7826,0,0
2020-07-21,sh.600231,2.43,2.44,2.38,2.39,11013338,26425496.82,0.3974,-0.8299,0,0
2020-07-22,sh.600231,2.4,2.44,2.37,2.39,15626822,37494413.3,0.5639,0.0,0,0
2020-07-23,sh.600231,2.37,2.38,2.3,2.34,12724765,29732300.57,0.4592,-2.0921,0,0
2020-07-24,sh.600231,2.33,2.34,2.28,2.31,12408669,28601366.86,0.4478,-1.2821,0,0
2020-07-27,sh.600231,2.29,2.31,2.27,2.29,5758940,13180142.4,0.2078,-0.8658,0,0
2020-07-28,sh.600231,2.29,2.33,2.28,2.3,6246076,14411085.03,0.2254,0.4367,0,0
2020-07-29,sh.600231,2.29,2.34,2.27,2.34,7919806,18313053.64,0.2858,1.7391,0,0
2020-07-30,sh.600231,2.33,2.35,2.3,2.3,8238432,19082759.75,0.2973,-1.7094,0,0
2020-07-31,sh.600231,2.28,2.33,2.28,2.3,4774454,11005635.36,0.1723,0.0,0,0
2020-08-03,sh.600231,2.31,2.36,2.31,2.35,11237718,26311033.09,0.4055,2.1739,0,0
2020-08-04,sh.600231,2.35,2.36,2.33,2.35,10456485,24519567.8,0.3773,0.0,0,0
2020-08-05,sh.600231,2.34,2.35,2.31,2.34,9942369,23228120.33,0.3588,-0.4255,0,0
2020-08-06,sh.600231,2.33,2.38,2.32,2.36,14139344,33147024.42,0.5102,0.8547,0,0
2020-08-07,sh.600231,2.35,2.35,2.3,2.32,9962072,23156432.22,0.3595,-1.6949,0,0
2020-08-10,sh.600231,2.31,2.35,2.31,2.35,10785923,25119361.86,0.3892,1.2931,0,0
2020-08-11,sh.600231,2.34,2.35,2.31,2.31,9492360,22143714.4,0.3426,-1.7021,0,0
2020-08-12,sh.600231,2.31,2.31,2.27,2.3,9822202,22456744.54,0.3545,-0.4329,0,0
2020-08-13,sh.600231,2.29,2.36,2.29,2.33,11564382,26910016.54,0.4173,1.3043,0,0
2020-08-14,sh.600231,2.32,2.34,2.3,2.33,7273203,16869617.05,0.2625,0.0,0,0
2020-08-17,sh.600231,2.34,2.37,2.33,2.36,14249288,33517679.4,0.5142,1.2876,0,0
2020-08-18,sh.600231,2.36,2.41,2.35,2.38,17848167,42510221.81,0.6441,0.8475,0,0
2020-08-19,sh.600231,2.38,2.4,2.35,2.37,14867967,35331854.01,0.5365,-0.4202,0,0
2020-08-20,sh.600231,2.36,2.39,2.34,2.36,13388625,31622110.6,0.4832,-0.4219,0,0
2020-08-21,sh.600231,2.36,2.37,2.34,2.36,7204834,16964475.92,0.26,0.0,0,0
2020-08-24,sh.600231,2.36,2.36,2.33,2.34,7777117,18247086.4,0.2807,-0.8475,0,0
2020-08-25,sh.600231,2.35,2.35,2.3,2.32,10031494,23290003.0,0.362,-0.8547,0,0
2020-08-26,sh.600231,2.31,2.31,2.27,2.29,8969990,20516981.6,0.3237,-1.2931,0,0
2020-08-27,sh.600231,2.29,2.3,2.27,2.29,5633290,12874721.7,0.2033,0.0,0,0
2020-08-28,sh.600231,2.3,2.31,2.28,2.31,10689741,24605356.15,0.3858,0.8734,0,0
2020-08-31,sh.600231,2.31,2.33,2.29,2.31,7440642,17175649.83,0.2685,0.0,0,0
2020-09-01,sh.600231,2.3,2.3,2.28,2.3,6891128,15805970.52,0.2487,-0.4329,0,0
2020-09-02,sh.600231,2.29,2.31,2.29,2.29,5906978,13560916.62,0.2132,-0.4348,0,0
2020-09-03,sh.600231,2.3,2.34,2.29,2.31,8709240,20152312.0,0.3143,0.8734,0,0
2020-09-04,sh.600231,2.29,2.3,2.27,2.3,6306602,14408257.56,0.2276,-0.4329,0,0
2020-09-07,sh.600231,2.29,2.31,2.27,2.28,7442402,17024029.08,0.2686,-0.8696,0,0
2020-09-08,sh.600231,2.29,2.37,2.27,2.37,27360057,63954337.37,0.9873,3.9474,0,0
2020-09-09,sh.600231,2.35,2.54,2.34,2.51,68306857,167834095.78,2.465,5.9072,0,0
2020-09-10,sh.600231,2.46,2.47,2.31,2.33,42369590,100620088.97,1.529,-7.1713,0,0
2020-09-11,sh.600231,2.3,2.32,2.27,2.31,18206004,41799782.88,0.657,-0.8584,0,0
2020-09-14,sh.600231,2.31,2.33,2.29,2.31,13671013,31522629.24,0.4933,0.0,0,0
2020-09-15,sh.600231,2.3,2.31,2.28,2.29,9046892,20722754.59,0.3265,-0.8658,0,0
2020-09-16,sh.600231,2.29,2.31,2.27,2.29,7535540,17251361.44,0.2719,0.0,0,0
2020-09-17,sh.600231,2.28,2.3,2.27,2.28,6459867,14753587.76,0.2331,-0.4367,0,0
2020-09-18,sh.600231,2.28,2.31,2.27,2.3,9260476,21235715.3,0.3342,0.8772,0,0
2020-09-21,sh.600231,2.29,2.32,2.29,2.3,7038345,16191506.59,0.254,0.0,0,0
2020-09-22,sh.600231,2.29,2.3,2.27,2.28,5828200,13305107.0,0.2103,-0.8696,0,0
2020-09-23,sh.600231,2.28,2.29,2.25,2.26,8700590,19704096.0,0.314,-0.8772,0,0
2020-09-24,sh.600231,2.25,2.25,2.21,2.21,7478812,16614785.22,0.2699,-2.2124,0,0
2020-09-25,sh.600231,2.22,2.23,2.21,2.22,3210690,7121419.2,0.1159,0.4525,0,0
2020-09-28,sh.600231,2.22,2.23,2.21,2.22,2782618,6176868.26,0.1004,0.0,0,0
2020-09-29,sh.600231,2.22,2.25,2.22,2.22,3589186,8024342.08,0.1295,0.0,0,0
2020-09-30,sh.600231,2.23,2.24,2.19,2.19,4284083,9444041.43,0.1546,-1.3514,0,0
2020-10-09,sh.600231,2.2,2.23,2.2,2.22,4672472,10369629.54,0.1686,1.3699,0,0
2020-10-12,sh.600231,2.23,2.26,2.22,2.25,8659828,19429354.01,0.3125,1.3514,0,0
2020-10-13,sh.600231,2.25,2.26,2.23,2.24,5885758,13202602.91,0.2124,-0.4444,0,0
2020-10-14,sh.600231,2.24,2.24,2.21,2.22,3059560,6795632.5,0.1104,-0.8929,0,0
2020-10-15,sh.600231,2.22,2.23,2.21,2.23,3484394,7734619.36,0.1257,0.4505,0,0
2020-10-16,sh.600231,2.23,2.25,2.21,2.24,5596050,12473147.1,0.2019,0.4484,0,0
2020-10-19,sh.600231,2.23,2.26,2.22,2.23,5870390,13141063.3,0.2118,-0.4464,0,0
2020-10-20,sh.600231,2.22,2.22,2.2,2.22,5371300,11871875.8,0.1938,-0.4484,0,0
2020-10-21,sh.600231,2.22,2.22,2.19,2.21,4524170,9946174.3,0.1633,-0.4505,0,0
2020-10-22,sh.600231,2.19,2.2,2.18,2.19,2630727,5764293.96,0.0949,-0.905,0,0
2020-10-23,sh.600231,2.19,2.2,2.17,2.18,3695486,8075299.28,0.1334,-0.4566,0,0
2020-10-26,sh.600231,2.17,2.18,2.16,2.18,3235598,7017440.36,0.1168,0.0,0,0
2020-10-27,sh.600231,2.17,2.18,2.15,2.17,3694670,7993107.5,0.1333,-0.4587,0,0
2020-10-28,sh.600231,2.16,2.17,2.14,2.15,4138590,8914224.6,0.1493,-0.9217,0,0
2020-10-29,sh.600231,2.14,2.15,2.12,2.14,4248194,9069354.15,0.1533,-0.4651,0,0
2020-10-30,sh.600231,2.14,2.15,2.11,2.13,4869726,10381325.12,0.1757,-0.4673,0,0
2020-11-02,sh.600231,2.14,2.19,2.13,2.17,6741299,14585351.94,0.2433,1.8779,0,0
2020-11-03,sh.600231,2.17,2.2,2.17,2.2,4846120,10610703.2,0.1749,1.3825,0,0
2020-11-04,sh.600231,2.2,2.21,2.17,2.2,4264511,9334170.58,0.1539,0.0,0,0
2020-11-05,sh.600231,2.2,2.25,2.19,2.24,11440952,25416098.36,0.4129,1.8182,0,0
2020-11-06,sh.600231,2.23,2.23,2.21,2.22,5490859,12200054.19,0.1981,-0.8929,0,0
2020-11-09,sh.600231,2.24,2.3,2.23,2.27,14915682,33889368.63,0.5383,2.2523,0,0
2020-11-10,sh.600231,2.29,2.3,2.22,2.23,13113177,29527313.83,0.4732,-1.7621,0,0
2020-11-11,sh.600231,2.23,2.31,2.21,2.29,19188899,43784109.92,0.6925,2.6906,0,0
2020-11-12,sh.600231,2.27,2.31,2.26,2.3,13705308,31365007.22,0.4946,0.4367,0,0
2020-11-13,sh.600231,2.29,2.31,2.26,2.28,12261463,27972249.51,0.4425,-0.8696,0,0
2020-11-16,sh.600231,2.28,2.38,2.28,2.35,24360755,56939839.69,0.8791,3.0702,0,0
2020-11-17,sh.600231,2.35,2.38,2.33,2.36,16664289,39233412.64,0.6014,0.4255,0,0
2020-11-18,sh.600231,2.34,2.41,2.33,2.37,19460367,46083411.07,0.7023,0.4237,0,0
2020-11-19,sh.600231,2.36,2.4,2.33,2.34,15092343,35693842.79,0.5446,-1.2658,0,0
2020-11-20,sh.600231,2.33,2.38,2.29,2.37,20202065,47201432.93,0.729,1.2821,0,0
2020-11-23,sh.600231,2.36,2.45,2.35,2.41,30688782,74132577.47,1.1075,1.6878,0,0
2020-11-24,sh.600231,2.4,2.46,2.38,2.46,26956213,65315167.99,0.9728,2.0747,0,0
2020-11-25,sh.600231,2.46,2.48,2.37,2.37,27196835,65931881.13,0.9815,-3.6585,0,0
2020-11-26,sh.600231,2.39,2.39,2.34,2.36,14976504,35423070.04,0.5405,-0.4219,0,0
2020-11-27,sh.600231,2.36,2.45,2.35,2.39,18999020,45491750.72,0.6856,1.2712,0,0
2020-11-30,sh.600231,2.39,2.44,2.36,2.36,16890951,40509081.02,0.6095,-1.2552,0,0
2020-12-01,sh.600231,2.37,2.37,2.32,2.35,28861461,67508480.12,1.0415,-0.4237,0,0
2020-12-02,sh.600231,2.35,2.44,2.34,2.39,35170889,84256212.35,1.2692,1.7021,0,0
2020-12-03,sh.600231,2.39,2.4,2.36,2.36,17557874,41667961.14,0.6336,-1.2552,0,0
2020-12-04,sh.600231,2.37,2.38,2.32,2.37,14771918,34681021.8,0.5331,0.4237,0,0
2020-12-07,sh.600231,2.37,2.43,2.35,2.37,16167328,38592953.42,0.5834,0.0,0,0
2020-12-08,sh.600231,2.37,2.37,2.3,2.31,16979182,39580072.47,0.6127,-2.5316,0,0
2020-12-09,sh.600231,2.31,2.35,2.29,2.3,11729032,27231692.32,0.4233,-0.4329,0,0
2020-12-10,sh.600231,2.31,2.52,2.31,2.46,71368542,173435822.25,2.5755,6.9565,0,0
2020-12-11,sh.600231,2.41,2.51,2.4,2.43,53033514,129629338.82,1.9138,-1.2195,0,0
2020-12-14,sh.600231,2.43,2.44,2.29,2.29,39685183,92731441.97,1.4321,-5.7613,0,0
2020-12-15,sh.600231,2.3,2.3,2.25,2.27,17628438,40025338.1,0.6362,-0.8734,0,0
2020-12-16,sh.600231,2.29,2.29,2.22,2.24,15903441,35864682.46,0.5739,-1.3216,0,0
2020-12-17,sh.600231,2.27,2.33,2.22,2.32,21368661,48867659.14,0.7711,3.5714,0,0
2020-12-18,sh.600231,2.32,2.55,2.31,2.55,70068503,173879095.68,2.5286,9.9138,1,0
2020-12-21,sh.600231,2.7,2.81,2.51,2.63,124008075,328608318.38,4.4751,3.1373,0,0
2020-12-22,sh.600231,2.66,2.82,2.54,2.6,102862154,274140310.24,3.712,-1.1407,0,0
2020-12-23,sh.600231,2.47,2.64,2.46,2.54,70603887,179560147.85,2.5479,-2.3077,0,0
2020-12-24,sh.600231,2.55,2.57,2.45,2.5,43058315,107299080.3,1.5538,-1.5748,0,0
2020-12-25,sh.600231,2.47,2.69,2.42,2.63,80537001,208697418.26,2.9063,5.2,0,0
2020-12-28,sh.600231,2.59,2.62,2.51,2.56,46453916,119019096.45,1.6764,-2.6616,0,0
2020-12-29,sh.600231,2.55,2.61,2.46,2.46,44838484,112893124.98,1.6181,-3.9063,0,0
2020-12-30,sh.600231,2.45,2.53,2.43,2.47,32237202,80086517.54,1.1633,0.4065,0,0
2020-12-31,sh.600231,2.46,2.52,2.44,2.51,35657318,88168200.41,1.2868,1.6194,0,0
2021-01-04,sh.600231,2.48,2.68,2.46,2.64,67141233,174903399.83,2.4229,5.1793,0,0
2021-01-05,sh.600231,2.61,2.67,2.55,2.56,41326330,106967446.97,1.4913,-3.0303,0,0
2021-01-06,sh.600231,2.57,2.67,2.57,2.6,43975679,114744379.62,1.5869,1.5625,0,0
2021-01-07,sh.600231,2.6,2.67,2.51,2.52,48706299,125975097.94,1.7576,-3.0769,0,0
2021-01-08,sh.600231,2.5,2.51,2.36,2.42,46558905,112583444.22,1.6802,-3.9683,0,0
2021-01-11,sh.600231,2.4,2.44,2.3,2.32,27349290,64511034.78,0.9869,-4.1322,0,0
2021-01-12,sh.600231,2.31,2.37,2.29,2.34,16712524,39028632.68,0.6031,0.8621,0,0
2021-01-13,sh.600231,2.34,2.34,2.27,2.3,18001156,41408855.76,0.6496,-1.7094,0,0
2021-01-14,sh.600231,2.28,2.34,2.27,2.31,15538100,35958390.7,0.5607,0.4348,0,0
2021-01-15,sh.600231,2.31,2.32,2.28,2.3,16091016,37018791.92,0.5807,-0.4329,0,0
2021-01-18,sh.600231,2.29,2.34,2.29,2.3,15357629,35488623.4,0.5542,0.0,0,0
2021-01-19,sh.600231,2.3,2.31,2.27,2.28,19437100,44379412.63,0.7014,-0.8696,0,0
2021-01-20,sh.600231,2.29,2.33,2.28,2.31,22385912,51707459.02,0.8078,1.3158,0,0
2021-01-21,sh.600231,2.31,2.33,2.28,2.32,18918424,43644388.16,0.6827,0.4329,0,0
2021-01-22,sh.600231,2.31,2.32,2.25,2.26,16706761,37984861.86,0.6029,-2.5862,0,0
2021-01-25,sh.600231,2.25,2.27,2.21,2.22,14808115,32957524.15,0.5344,-1.7699,0,0
2021-01-26,sh.600231,2.22,2.25,2.2,2.23,11576848,25740220.43,0.4178,0.4505,0,0
2021-01-27,sh.600231,2.23,2.24,2.2,2.21,8629720,19129599.0,0.3114,-0.8969,0,0
2021-01-28,sh.600231,2.2,2.2,2.16,2.17,12766885,27810588.15,0.4607,-1.81,0,0
2021-01-29,sh.600231,2.18,2.2,2.16,2.18,12232993,26654312.33,0.4414,0.4608,0,0
2021-02-01,sh.600231,2.17,2.24,2.16,2.22,11966330,26315236.5,0.4234,1.8349,0,0
2021-02-02,sh.600231,2.21,2.22,2.18,2.19,6349250,13970427.6,0.2247,-1.3514,0,0
2021-02-03,sh.600231,2.19,2.21,2.16,2.17,9724865,21153590.26,0.3441,-0.9132,0,0
2021-02-04,sh.600231,2.17,2.18,2.13,2.15,9290182,19996227.26,0.3287,-0.9217,0,0
2021-02-05,sh.600231,2.15,2.27,2.13,2.18,16327329,35981459.73,0.5777,1.3953,0,0
2021-02-08,sh.600231,2.17,2.3,2.16,2.27,25127857,56429361.27,0.8891,4.1284,0,0
2021-02-09,sh.600231,2.28,2.28,2.25,2.26,7081682,16038223.58,0.2506,-0.4405,0,0
2021-02-10,sh.600231,2.27,2.29,2.25,2.28,6354958,14457275.78,0.2249,0.885,0,0
2021-02-18,sh.600231,2.31,2.36,2.29,2.34,17686421,41124420.56,0.6258,2.6316,0,0
2021-02-19,sh.600231,2.34,2.39,2.32,2.39,15654976,36863046.66,0.5539,2.1368,0,0
2021-02-22,sh.600231,2.39,2.57,2.39,2.46,39852682,98712982.46,1.4101,2.9289,0,0
2021-02-23,sh.600231,2.46,2.5,2.41,2.44,22840645,55898729.58,0.8082,-0.813,0,0
2021-02-24,sh.600231,2.44,2.45,2.36,2.37,18947670,45422719.1,0.6704,-2.8689,0,0
2021-02-25,sh.600231,2.41,2.44,2.38,2.39,16695693,40317253.39,0.5908,0.8439,0,0
2021-02-26,sh.600231,2.34,2.39,2.32,2.36,11825215,27874700.51,0.4184,-1.2552,0,0
2021-03-01,sh.600231,2.36,2.48,2.35,2.45,20227160,48917362.47,0.7157,3.8136,0,0
2021-03-02,sh.600231,2.46,2.48,2.39,2.41,14051510,34105393.52,0.4972,-1.6327,0,0
2021-03-03,sh.600231,2.46,2.6,2.45,2.54,45257357,114906640.46,1.6014,5.3942,0,0
2021-03-04,sh.600231,2.47,2.67,2.47,2.56,60068174,155466676.6,2.1254,0.7874,0,0
2021-03-05,sh.600231,2.51,2.55,2.46,2.48,31861223,79194121.97,1.1274,-3.125,0,0
2021-03-08,sh.600231,2.51,2.57,2.47,2.48,24046168,60646824.8,0.8508,0.0,0,0
2021-03-09,sh.600231,2.47,2.73,2.37,2.63,90986376,239088918.27,3.2194,6.0484,0,0
2021-03-10,sh.600231,2.55,2.62,2.49,2.53,60190786,153498819.93,2.1298,-3.8023,0,0
2021-03-11,sh.600231,2.52,2.69,2.49,2.66,57686280,150096698.4,2.0412,5.1383,0,0
2021-03-12,sh.600231,2.66,2.79,2.63,2.69,73532900,199041337.42,2.6019,1.1278,0,0
2021-03-15,sh.600231,2.78,2.95,2.72,2.82,83348024,234237905.04,2.9492,4.8327,0,0
2021-03-16,sh.600231,2.72,2.78,2.69,2.76,55317138,150806282.36,1.9573,-2.1277,0,0
2021-03-17,sh.600231,2.73,2.75,2.62,2.68,35494252,94508679.12,1.2559,-2.8986,0,0
2021-03-18,sh.600231,2.67,2.72,2.63,2.66,33353912,89234217.9,1.1802,-0.7463,0,0
2021-03-19,sh.600231,2.62,2.72,2.59,2.64,28789520,76003303.78,1.0187,-0.7519,0,0
2021-03-22,sh.600231,2.69,2.73,2.64,2.65,28607156,76611346.56,1.0122,0.3788,0,0
2021-03-23,sh.600231,2.64,2.65,2.51,2.52,35041781,89575682.59,1.2399,-4.9057,0,0
2021-03-24,sh.600231,2.51,2.54,2.44,2.48,21272625,52831700.35,0.7527,-1.5873,0,0
2021-03-25,sh.600231,2.48,2.52,2.45,2.47,14390181,35786903.95,0.5092,-0.4032,0,0
2021-03-26,sh.600231,2.47,2.53,2.47,2.53,14139181,35409027.57,0.5003,2.4291,0,0
2021-03-29,sh.600231,2.56,2.59,2.51,2.54,19458999,49604994.21,0.6885,0.3953,0,0
2021-03-30,sh.600231,2.54,2.55,2.48,2.55,16677441,42029560.16,0.5901,0.3937,0,0
2021-03-31,sh.600231,2.54,2.56,2.51,2.51,17015374,43084810.21,0.6021,-1.5686,0,0
2021-04-01,sh.600231,2.49,2.67,2.47,2.63,37399837,96231537.22,1.3233,4.7809,0,0
2021-04-02,sh.600231,2.6,2.61,2.55,2.56,23750475,61194194.74,0.8404,-2.6616,0,0
2021-04-06,sh.600231,2.58,2.8,2.58,2.75,74614936,202799884.25,2.6402,7.4219,0,0
2021-04-07,sh.600231,2.77,3.03,2.69,3.03,89344930,257594002.62,3.1614,10.1818,1,0
2021-04-08,sh.600231,3.22,3.33,3.14,3.33,131754641,433637696.69,4.662,9.901,1,0
2021-04-09,sh.600231,3.57,3.66,3.12,3.24,245898092,837260462.4,8.7008,-2.7027,0,0
2021-04-12,sh.600231,3.04,3.56,3.01,3.39,195619970,630727463.6,6.9218,4.6296,0,0
2021-04-13,sh.600231,3.26,3.35,3.09,3.12,117393293,376204048.68,4.1538,-7.9646,0,0
2021-04-14,sh.600231,3.06,3.29,3.05,3.18,92629112,293337272.45,3.2776,1.9231,0,0
2021-04-15,sh.600231,3.16,3.3,3.09,3.16,77419664,247093569.53,2.7394,-0.6289,0,0
2021-04-16,sh.600231,3.17,3.21,3.08,3.08,74956604,234747853.19,2.6522,-2.5316,0,0
2021-04-19,sh.600231,3.03,3.11,3.0,3.06,61331660,187911477.28,2.1701,-0.6494,0,0
2021-04-20,sh.600231,3.06,3.1,3.02,3.06,44890630,137450497.97,1.5884,0.0,0,0
2021-04-21,sh.600231,3.04,3.05,2.89,2.94,63899545,187754515.2,2.261,-3.9216,0,0
2021-04-22,sh.600231,2.97,3.14,2.97,3.05,69975954,215338087.14,2.476,3.7415,0,0
2021-04-23,sh.600231,3.01,3.2,2.99,3.13,81132343,252672808.82,2.8708,2.623,0,0
2021-04-26,sh.600231,3.18,3.22,3.07,3.08,62383257,196035296.46,2.2074,-1.5974,0,0
2021-04-27,sh.600231,3.07,3.12,2.98,3.12,43618473,133153804.51,1.5434,1.2987,0,0
2021-04-28,sh.600231,3.07,3.13,3.06,3.09,27934606,86284667.46,0.9884,-0.9615,0,0
2021-04-29,sh.600231,3.05,3.1,2.92,3.07,42824643,128294030.19,1.5153,-0.6472,0,0
2021-04-30,sh.600231,3.04,3.05,2.93,2.93,43285696,129333439.84,1.5316,-4.5603,0,0
2021-05-06,sh.600231,3.01,3.22,3.0,3.22,84154700,264679706.76,2.9777,9.8976,1,0
2021-05-07,sh.600231,3.28,3.47,3.19,3.38,119112754,396572186.96,4.2147,4.9689,0,0
2021-05-10,sh.600231,3.56,3.64,3.4,3.6,116441416,411629486.93,4.1201,6.5089,0,0
2021-05-11,sh.600231,3.5,3.53,3.32,3.45,87801186,299827523.57,3.1067,-4.1667,0,0
2021-05-12,sh.600231,3.46,3.55,3.39,3.43,72912660,251967960.61,2.5799,-0.5797,0,0
2021-05-13,sh.600231,3.34,3.52,3.24,3.27,65361698,218881299.06,2.3127,-4.6647,0,0
2021-05-14,sh.600231,3.3,3.33,3.13,3.19,56866003,182693753.12,2.0121,-2.4465,0,0
2021-05-17,sh.600231,3.17,3.23,3.12,3.17,41473693,131374692.21,1.4675,-0.627,0,0
2021-05-18,sh.600231,3.21,3.23,3.15,3.18,34321012,109002771.04,1.2144,0.3155,0,0
2021-05-19,sh.600231,3.13,3.14,3.08,3.09,30962332,96008047.88,1.0956,-2.8302,0,0
2021-05-20,sh.600231,2.97,3.04,2.92,3.03,39947192,118686863.09,1.4135,-1.9417,0,0
2021-05-21,sh.600231,3.0,3.15,2.98,3.09,26725136,82438183.5,0.9456,1.9802,0,0
2021-05-24,sh.600231,3.02,3.11,3.01,3.01,22635754,68776673.42,0.8009,-2.589,0,0
2021-05-25,sh.600231,3.05,3.08,3.0,3.02,24115262,73297259.2,0.8533,0.3322,0,0
2021-05-26,sh.600231,3.02,3.04,2.98,2.99,22724705,68371650.65,0.8041,-0.9934,0,0
2021-05-27,sh.600231,3.0,3.05,2.98,3.01,22057495,66549083.33,0.7805,0.6689,0,0
2021-05-28,sh.600231,3.07,3.12,2.96,2.97,37869923,114417834.32,1.34,-1.3289,0,0
2021-05-31,sh.600231,3.02,3.03,2.92,2.94,27290919,80660113.15,0.9657,-1.0101,0,0
2021-06-01,sh.600231,2.93,2.95,2.85,2.95,35352667,102340981.19,1.2509,0.3401,0,0
2021-06-02,sh.600231,2.94,2.97,2.89,2.9,18311112,53494566.04,0.6479,-1.6949,0,0
2021-06-03,sh.600231,2.91,3.02,2.9,2.96,33836035,100403348.8,1.1972,2.069,0,0
2021-06-04,sh.600231,2.94,2.94,2.87,2.87,27177975,78619237.3,0.9617,-3.0405,0,0
2021-06-07,sh.600231,2.88,2.88,2.83,2.84,14033242,39985747.02,0.4965,-1.0453,0,0
2021-06-08,sh.600231,2.83,2.88,2.81,2.84,14684940,41703567.0,0.5196,0.0,0,0
2021-06-09,sh.600231,2.84,2.93,2.83,2.92,26012717,75443413.99,0.9204,2.8169,0,0
2021-06-10,sh.600231,2.93,2.97,2.88,2.91,19653852,57432641.76,0.6954,-0.3425,0,0
2021-06-11,sh.600231,2.91,2.99,2.89,2.97,24824069,73301468.66,0.8784,2.0619,0,0
2021-06-15,sh.600231,2.95,2.96,2.85,2.86,20064062,57901297.54,0.7099,-3.7037,0,0
2021-06-16,sh.600231,2.87,2.88,2.8,2.81,14119632,40001893.28,0.4996,-1.7483,0,0
2021-06-17,sh.600231,2.78,2.83,2.76,2.77,12327363,34424874.21,0.4362,-1.4235,0,0
2021-06-18,sh.600231,2.79,2.81,2.73,2.79,10965577,30365949.72,0.388,0.722,0,0
2021-06-21,sh.600231,2.81,2.88,2.8,2.87,17819745,50916934.48,0.6305,2.8674,0,0
2021-06-22,sh.600231,2.87,2.88,2.82,2.87,12889212,36836143.68,0.4561,0.0,0,0
2021-06-23,sh.600231,2.88,2.89,2.84,2.89,14868615,42633861.92,0.5261,0.6969,0,0
2021-06-24,sh.600231,2.88,2.9,2.84,2.85,14067654,40236990.93,0.4978,-1.3841,0,0
2021-06-25,sh.600231,2.86,2.97,2.84,2.95,25809086,75069068.96,0.9132,3.5088,0,0
2021-06-28,sh.600231,2.92,2.94,2.85,2.87,17807880,51542829.2,0.6301,-2.7119,0,0
2021-06-29,sh.600231,2.85,2.87,2.81,2.82,12122880,34414020.2,0.429,-1.7422,0,0
2021-06-30,sh.600231,2.83,2.89,2.83,2.85,10818075,30913104.32,0.3828,1.0638,0,0
2021-07-01,sh.600231,2.87,2.88,2.82,2.83,11423300,32575850.0,0.4042,-0.7018,0,0
2021-07-02,sh.600231,2.79,2.82,2.77,2.77,9693755,27066862.93,0.3399,-2.1201,0,0
2021-07-05,sh.600231,2.79,2.82,2.78,2.81,10173222,28461776.42,0.3567,1.444,0,0
2021-07-06,sh.600231,2.81,2.84,2.79,2.82,8941452,25127881.78,0.3135,0.3559,0,0
2021-07-07,sh.600231,2.79,2.88,2.78,2.87,18006989,51302278.15,0.6314,1.773,0,0
2021-07-08,sh.600231,2.87,2.89,2.81,2.81,13434709,38226856.04,0.471,-2.0906,0,0
2021-07-09,sh.600231,2.83,2.96,2.82,2.95,40481439,117655997.74,1.4193,4.9822,0,0
2021-07-12,sh.600231,2.99,3.11,2.98,2.99,49787279,151597628.25,1.7456,1.3559,0,0
2021-07-13,sh.600231,3.0,3.07,2.95,3.05,27457002,82918933.02,0.9627,2.0067,0,0
2021-07-14,sh.600231,3.03,3.07,2.97,3.0,25892842,77878088.86,0.9078,-1.6393,0,0
2021-07-15,sh.600231,2.96,3.1,2.92,3.05,47467018,143488535.67,1.6643,3.7415,0,0
2021-07-16,sh.600231,3.01,3.15,3.0,3.07,49330063,152321291.46,1.7296,0.6557,0,0
2021-07-19,sh.600231,3.07,3.12,3.02,3.04,27623695,84738016.17,0.9685,-0.9772,0,0
2021-07-20,sh.600231,2.99,3.02,2.95,2.98,23440322,69710103.9,0.8219,-1.9737,0,0
2021-07-21,sh.600231,3.0,3.02,2.94,2.98,25850260,76871886.48,0.9064,0.0,0,0
2021-07-22,sh.600231,2.98,3.14,2.96,3.1,45863488,140777357.51,1.608,4.0268,0,0
2021-07-23,sh.600231,3.11,3.28,3.1,3.14,62280319,199181058.01,2.1836,1.2903,0,0
2021-07-26,sh.600231,3.13,3.18,3.02,3.08,37413656,115788388.79,1.3118,-1.9108,0,0
2021-07-27,sh.600231,3.08,3.17,3.0,3.0,38047730,117417749.04,1.334,-2.5974,0,0
2021-07-28,sh.600231,2.98,3.01,2.85,2.93,28647689,84040276.28,1.0044,-2.3333,0,0
2021-07-29,sh.600231,2.96,2.99,2.91,2.99,22953662,67798020.99,0.8048,2.0478,0,0
2021-07-30,sh.600231,2.99,3.16,2.97,3.15,55835484,173109584.77,1.9577,5.3512,0,0
2021-08-02,sh.600231,3.07,3.07,2.9,2.94,50601019,149300613.31,1.7742,-6.6667,0,0
2021-08-03,sh.600231,2.89,2.95,2.85,2.87,32974005,95480361.91,1.1561,-2.381,0,0
2021-08-04,sh.600231,2.87,2.97,2.86,2.95,26702518,77918321.66,0.9362,2.7875,0,0
2021-08-05,sh.600231,2.96,2.96,2.88,2.9,19533675,56815597.18,0.6849,-1.6949,0,0
2021-08-06,sh.600231,2.9,3.08,2.87,3.02,38200110,114805627.6,1.3394,4.1379,0,0
2021-08-09,sh.600231,3.05,3.06,3.0,3.04,20679102,62675478.02,0.725,0.6623,0,0
2021-08-10,sh.600231,3.04,3.05,2.98,3.02,18587816,55953926.18,0.6517,-0.6579,0,0
2021-08-11,sh.600231,3.04,3.1,3.02,3.1,29499474,90595876.12,1.0343,2.649,0,0
2021-08-12,sh.600231,3.08,3.19,3.05,3.16,37154936,117020681.58,1.3027,1.9355,0,0
2021-08-13,sh.600231,3.14,3.32,3.1,3.29,59227793,193307824.58,2.0766,4.1139,0,0
2021-08-16,sh.600231,3.3,3.4,3.24,3.3,54620553,179854943.06,1.9151,0.304,0,0
2021-08-17,sh.600231,3.26,3.35,3.24,3.27,41240636,136065629.3,1.446,-0.9091,0,0
2021-08-18,sh.600231,3.25,3.31,3.2,3.26,31436238,102126646.7,1.1022,-0.3058,0,0
2021-08-19,sh.600231,3.21,3.23,3.11,3.23,26764607,85049296.38,0.9384,-0.9202,0,0
2021-08-20,sh.600231,3.15,3.28,3.15,3.28,25522293,82488465.19,0.8949,1.548,0,0
2021-08-23,sh.600231,3.27,3.33,3.19,3.21,28299192,91787961.0,0.9922,-2.1341,0,0
2021-08-24,sh.600231,3.2,3.33,3.2,3.32,36874389,121312897.59,1.2929,3.4268,0,0
2021-08-25,sh.600231,3.35,3.35,3.23,3.32,26546974,87265302.76,0.9308,0.0,0,0
2021-08-26,sh.600231,3.32,3.48,3.32,3.41,46299432,158639032.2,1.6233,2.7108,0,0
2021-08-27,sh.600231,3.38,3.46,3.37,3.43,34310330,117190606.69,1.203,0.5865,0,0
2021-08-30,sh.600231,3.5,3.52,3.39,3.45,38640325,132832896.0,1.3548,0.5831,0,0
2021-08-31,sh.600231,3.4,3.56,3.36,3.51,50076551,174925167.84,1.7558,1.7391,0,0
2021-09-01,sh.600231,3.56,3.85,3.38,3.41,82049281,291838459.71,2.8768,-2.849,0,0
2021-09-02,sh.600231,3.41,3.66,3.4,3.55,68685723,242768027.2,2.4082,4.1056,0,0
2021-09-03,sh.600231,3.55,3.59,3.42,3.48,49765415,174315495.44,1.7449,-1.9718,0,0
2021-09-06,sh.600231,3.5,3.58,3.41,3.5,39769719,138631878.31,1.3944,0.5747,0,0
2021-09-07,sh.600231,3.49,3.7,3.48,3.68,61951623,225170123.26,2.1721,5.1429,0,0
2021-09-08,sh.600231,3.65,3.79,3.62,3.7,53626625,197856366.74,1.8802,0.5435,0,0
2021-09-09,sh.600231,3.72,3.99,3.68,3.95,98057324,378170419.52,3.438,6.7568,0,0
2021-09-10,sh.600231,3.88,4.04,3.82,3.88,72120793,282346480.13,2.5287,-1.7722,0,0
2021-09-13,sh.600231,3.91,4.1,3.88,4.04,75376224,301148377.8,2.6428,4.1237,0,0
2021-09-14,sh.600231,4.01,4.02,3.79,3.82,66732336,259440872.08,2.3397,-5.4455,0,0
2021-09-15,sh.600231,3.79,3.88,3.74,3.78,61089326,232318291.4,2.1419,-1.0471,0,0
2021-09-16,sh.600231,3.83,3.94,3.68,3.69,59236490,226506559.29,2.0769,-2.381,0,0
2021-09-17,sh.600231,3.66,3.83,3.52,3.68,58593500,216287158.42,2.0544,-0.271,0,0
2021-09-22,sh.600231,3.63,3.71,3.57,3.71,29414070,107142301.89,1.0313,0.8152,0,0
2021-09-23,sh.600231,3.76,3.79,3.65,3.7,47723475,177734233.95,1.6733,-0.2695,0,0
2021-09-24,sh.600231,3.65,3.71,3.43,3.47,44307291,157127232.28,1.5535,-6.2162,0,0
2021-09-27,sh.600231,3.47,3.5,3.2,3.24,34737689,114975007.15,1.218,-6.6282,0,0
2021-09-28,sh.600231,3.21,3.3,3.18,3.27,25232499,82077093.96,0.8847,0.9259,0,0
2021-09-29,sh.600231,3.22,3.28,3.06,3.07,32575686,102771655.02,1.1422,-6.1162,0,0
2021-09-30,sh.600231,3.08,3.24,3.08,3.23,28628785,90405915.86,1.0038,5.2117,0,0
2021-10-08,sh.600231,3.23,3.3,3.16,3.19,19687578,62995261.5,0.6903,-1.2384,0,0
2021-10-11,sh.600231,3.18,3.2,3.1,3.16,15370179,48347830.63,0.5389,-0.9404,0,0
2021-10-12,sh.600231,3.12,3.17,3.0,3.04,23995035,73687687.81,0.8413,-3.7975,0,0
2021-10-13,sh.600231,3.04,3.05,2.93,3.03,20968629,62726502.28,0.7352,-0.3289,0,0
2021-10-14,sh.600231,3.01,3.1,2.97,3.04,19047324,57950225.17,0.6678,0.33,0,0
2021-10-15,sh.600231,3.08,3.08,2.99,3.0,16739388,50583067.76,0.5869,-1.3158,0,0
2021-10-18,sh.600231,3.0,3.08,2.97,3.08,22463202,68375166.29,0.7876,2.6667,0,0
2021-10-19,sh.600231,3.06,3.1,3.01,3.1,21467580,65563135.5,0.7527,0.6494,0,0
2021-10-20,sh.600231,3.06,3.1,2.99,3.07,16638783,50842456.05,0.5834,-0.9677,0,0
2021-10-21,sh.600231,3.08,3.12,3.03,3.03,19114049,58924245.77,0.6702,-1.3029,0,0
2021-10-22,sh.600231,3.0,3.03,2.87,2.88,29612460,87297875.4,1.0383,-4.9505,0,0
2021-10-25,sh.600231,2.9,2.92,2.82,2.89,18178708,52378221.56,0.6374,0.3472,0,0
2021-10-26,sh.600231,2.87,2.93,2.86,2.88,17046556,49372458.94,0.5977,-0.346,0,0
2021-10-27,sh.600231,2.86,2.88,2.75,2.78,23324674,65229409.1,0.8178,-3.4722,0,0
2021-10-28,sh.600231,2.77,2.77,2.64,2.68,25142502,67482187.94,0.8815,-3.5971,0,0
2021-10-29,sh.600231,2.69,2.75,2.68,2.71,19003981,51559534.73,0.6663,1.1194,0,0
2021-11-01,sh.600231,2.75,2.75,2.67,2.71,16147601,43887452.1,0.5662,0.0,0,0
2021-11-02,sh.600231,2.72,2.73,2.56,2.6,26529914,69755396.02,0.9302,-4.059,0,0
2021-11-03,sh.600231,2.61,2.65,2.57,2.63,15737204,41088401.27,0.5518,1.1538,0,0
2021-11-04,sh.600231,2.61,2.62,2.58,2.6,15199473,39447166.81,0.5329,-1.1407,0,0
2021-11-05,sh.600231,2.58,2.59,2.5,2.51,19360953,49109381.43,0.6788,-3.4615,0,0
2021-11-08,sh.600231,2.51,2.57,2.5,2.53,18569513,47091652.94,0.6511,0.7968,0,0
2021-11-09,sh.600231,2.53,2.53,2.47,2.52,18061359,45147697.8,0.6333,-0.3953,0,0
2021-11-10,sh.600231,2.5,2.54,2.42,2.52,29872644,73653934.76,1.0474,0.0,0,0
2021-11-11,sh.600231,2.53,2.61,2.51,2.57,33208304,84667801.98,1.1643,1.9841,0,0
2021-11-12,sh.600231,2.56,2.56,2.47,2.48,33881175,84735031.5,1.1879,-3.5019,0,0
2021-11-15,sh.600231,2.48,2.49,2.42,2.48,26777984,65931469.84,0.9389,0.0,0,0
2021-11-16,sh.600231,2.49,2.49,2.42,2.43,23124401,56765849.95,0.8108,-2.0161,0,0
2021-11-17,sh.600231,2.43,2.46,2.42,2.45,14028032,34284641.63,0.4918,0.823,0,0
2021-11-18,sh.600231,2.45,2.5,2.44,2.46,24438385,60445230.76,0.8568,0.4082,0,0
2021-11-19,sh.600231,2.46,2.53,2.43,2.52,29227654,72720944.03,1.0248,2.439,0,0
2021-11-22,sh.600231,2.55,2.56,2.49,2.52,21045040,52954676.4,0.7379,0.0,0,0
2021-11-23,sh.600231,2.51,2.62,2.51,2.58,38667667,99813757.46,1.3557,2.381,0,0
2021-11-24,sh.600231,2.59,2.62,2.55,2.59,22574122,58250950.09,0.7915,0.3876,0,0
2021-11-25,sh.600231,2.58,2.59,2.55,2.56,15268079,39164500.45,0.5353,-1.1583,0,0
2021-11-26,sh.600231,2.54,2.61,2.54,2.58,22130820,57083962.86,0.7759,0.7813,0,0
2021-11-29,sh.600231,2.54,2.56,2.51,2.55,16640735,42211820.99,0.5834,-1.1628,0,0
2021-11-30,sh.600231,2.54,2.59,2.53,2.55,12052747,30845209.74,0.4226,0.0,0,0
2021-12-01,sh.600231,2.55,2.59,2.53,2.59,16132747,41468189.78,0.5656,1.5686,0,0
2021-12-02,sh.600231,2.58,2.64,2.57,2.62,22732548,59308612.26,0.797,1.1583,0,0
2021-12-03,sh.600231,2.62,2.67,2.58,2.64,23265850,60981740.4,0.8157,0.7634,0,0
2021-12-06,sh.600231,2.64,2.7,2.62,2.63,25856234,68973575.57,0.9066,-0.3788,0,0
2021-12-07,sh.600231,2.64,2.7,2.6,2.67,23491654,62438241.89,0.8237,1.5209,0,0
2021-12-08,sh.600231,2.67,2.68,2.63,2.66,15857313,42127080.52,0.556,-0.3745,0,0
2021-12-09,sh.600231,2.65,2.67,2.61,2.65,18091450,47873746.38,0.6343,-0.3759,0,0
2021-12-10,sh.600231,2.64,2.67,2.6,2.63,18312149,48192064.87,0.6421,-0.7547,0,0
2021-12-13,sh.600231,2.63,2.64,2.59,2.62,14012718,36694892.48,0.4913,-0.3802,0,0
2021-12-14,sh.600231,2.62,2.62,2.54,2.56,21747911,55886114.11,0.7625,-2.2901,0,0
2021-12-15,sh.600231,2.56,2.62,2.55,2.6,20566600,53521282.1,0.7211,1.5625,0,0
2021-12-16,sh.600231,2.61,2.73,2.59,2.73,46809441,125664817.4,1.6412,5.0,0,0
2021-12-17,sh.600231,2.75,2.77,2.69,2.71,39586901,107897040.66,1.388,-0.7326,0,0
2021-12-20,sh.600231,2.7,2.75,2.67,2.68,24577074,66264016.99,0.8617,-1.107,0,0
2021-12-21,sh.600231,2.68,2.77,2.66,2.77,29019568,79262980.16,1.0175,3.3582,0,0
2021-12-22,sh.600231,2.8,2.82,2.73,2.75,26147194,72229621.1,0.9168,-0.722,0,0
2021-12-23,sh.600231,2.76,2.78,2.73,2.75,20623430,56740263.7,0.7231,0.0,0,0
2021-12-24,sh.600231,2.76,2.76,2.68,2.68,18351064,49650105.86,0.6434,-2.5455,0,0
2021-12-27,sh.600231,2.67,2.7,2.65,2.66,15507385,41414735.7,0.5437,-0.7463,0,0
2021-12-28,sh.600231,2.69,2.7,2.62,2.64,14922894,39601971.24,0.5232,-0.7519,0,0
2021-12-29,sh.600231,2.64,2.68,2.63,2.64,12103730,32126004.9,0.4244,0.0,0,0
2021-12-30,sh.600231,2.69,2.69,2.64,2.65,13986283,37287537.62,0.4904,0.3788,0,0
2021-12-31,sh.600231,2.65,2.67,2.63,2.66,12830915,34056625.35,0.4499,0.3774,0,0
2022-01-04,sh.600231,2.65,2.76,2.65,2.75,34909939,94811025.1,1.224,3.3835,0,0
2022-01-05,sh.600231,2.75,2.76,2.7,2.71,18383733,50086193.49,0.6446,-1.4545,0,0
2022-01-06,sh.600231,2.73,2.78,2.72,2.76,22141440,61133913.5,0.7763,1.845,0,0
2022-01-07,sh.600231,2.77,2.84,2.76,2.81,34037842,95854587.6,1.1934,1.8116,0,0
2022-01-10,sh.600231,2.81,2.84,2.78,2.81,21335602,59757236.72,0.7481,0.0,0,0
2022-01-11,sh.600231,2.81,2.87,2.8,2.84,24200077,68913489.15,0.8485,1.0676,0,0
2022-01-12,sh.600231,2.84,2.85,2.77,2.77,24659428,68721418.16,0.8646,-2.4648,0,0
2022-01-13,sh.600231,2.78,2.84,2.77,2.79,19687548,55328768.52,0.6903,0.722,0,0
2022-01-14,sh.600231,2.79,2.79,2.7,2.7,20804100,56911764.0,0.7294,-3.2258,0,0
2022-01-17,sh.600231,2.71,2.72,2.68,2.7,11826469,31901411.5,0.4147,0.0,0,0
2022-01-18,sh.600231,2.71,2.74,2.68,2.72,13399407,36361314.07,0.4698,0.7407,0,0
2022-01-19,sh.600231,2.74,2.82,2.73,2.78,30488170,84868745.1,1.069,2.2059,0,0
2022-01-20,sh.600231,2.72,2.83,2.7,2.72,47833766,131893295.58,1.6771,-2.1583,0,0
2022-01-21,sh.600231,2.71,2.72,2.64,2.66,23776980,63551223.5,0.8337,-2.2059,0,0
2022-01-24,sh.600231,2.66,2.7,2.62,2.65,13356770,35475607.7,0.4683,-0.3759,0,0
2022-01-25,sh.600231,2.63,2.65,2.51,2.51,22509242,58044368.52,0.7892,-5.283,0,0
2022-01-26,sh.600231,2.52,2.63,2.52,2.6,19373430,49988364.5,0.6793,3.5857,0,0
2022-01-27,sh.600231,2.64,2.64,2.54,2.55,15277254,39179605.06,0.5356,-1.9231,0,0
2022-01-28,sh.600231,2.56,2.58,2.49,2.54,16823922,42569392.38,0.5899,-0.3922,0,0
2022-02-07,sh.600231,2.57,2.69,2.56,2.67,31523834,83341748.38,1.1053,5.1181,0,0
2022-02-08,sh.600231,2.68,2.85,2.68,2.82,41853159,115245454.08,1.4674,5.618,0,0
2022-02-09,sh.600231,2.83,2.83,2.77,2.79,26102224,73009123.1,0.9152,-1.0638,0,0
2022-02-10,sh.600231,2.8,2.82,2.77,2.81,20430880,57206984.8,0.7163,0.7168,0,0
2022-02-11,sh.600231,2.81,2.84,2.76,2.77,17740394,49624084.0,0.622,-1.4235,0,0
2022-02-14,sh.600231,2.76,2.77,2.71,2.73,17995610,49272054.5,0.631,-1.444,0,0
2022-02-15,sh.600231,2.72,2.75,2.65,2.69,17770682,47800950.74,0.6231,-1.4652,0,0
2022-02-16,sh.600231,2.69,2.77,2.69,2.74,15812141,43299811.53,0.5544,1.8587,0,0
2022-02-17,sh.600231,2.74,2.78,2.72,2.72,20929606,57435126.62,0.7338,-0.7299,0,0
2022-02-18,sh.600231,2.72,2.81,2.71,2.8,24246580,67301685.37,0.8501,2.9412,0,0
2022-02-21,sh.600231,2.8,2.82,2.77,2.81,17882537,49972150.01,0.627,0.3571,0,0
2022-02-22,sh.600231,2.8,2.83,2.74,2.77,23213802,64509599.16,0.8139,-1.4235,0,0
2022-02-23,sh.600231,2.77,2.8,2.75,2.76,16795870,46432400.8,0.5889,-0.361,0,0
2022-02-24,sh.600231,2.78,2.78,2.67,2.68,24433931,66474254.39,0.8567,-2.8986,0,0
2022-02-25,sh.600231,2.69,2.79,2.69,2.75,27941276,76872581.7,0.9797,2.6119,0,0
2022-02-28,sh.600231,2.77,2.8,2.71,2.79,23049528,63581883.0,0.8081,1.4545,0,0
2022-03-01,sh.600231,2.8,2.83,2.78,2.82,25513065,71583838.0,0.8945,1.0753,0,0
2022-03-02,sh.600231,2.78,2.85,2.77,2.81,30370610,85236978.0,1.0648,-0.3546,0,0
2022-03-03,sh.600231,2.82,2.89,2.81,2.88,43880731,125330134.0,1.5385,2.4911,0,0
2022-03-04,sh.600231,2.86,2.87,2.78,2.81,39257599,110502134.0,1.3764,-2.4306,0,0
2022-03-07,sh.600231,2.82,2.87,2.77,2.79,35173193,99354202.0,1.2332,-0.7117,0,0
2022-03-08,sh.600231,2.78,2.79,2.68,2.71,29367790,80143331.0,1.0297,-2.8674,0,0
2022-03-09,sh.600231,2.71,2.75,2.56,2.68,26095751,69755610.0,0.915,-1.107,0,0
2022-03-10,sh.600231,2.72,2.73,2.67,2.69,15581164,42092308.0,0.5463,0.3731,0,0
2022-03-11,sh.600231,2.66,2.68,2.59,2.67,18463967,48573550.0,0.6474,-0.7435,0,0
2022-03-14,sh.600231,2.66,2.69,2.58,2.59,18939540,49922772.0,0.664,-2.9963,0,0
2022-03-15,sh.600231,2.59,2.59,2.36,2.37,32933352,81268848.0,1.1547,-8.4942,0,0
2022-03-16,sh.600231,2.4,2.46,2.32,2.45,20057177,48143194.0,0.7032,3.3755,0,0
2022-03-17,sh.600231,2.48,2.52,2.46,2.47,16627200,41341722.0,0.583,0.8163,0,0
2022-03-18,sh.600231,2.46,2.54,2.45,2.53,15966748,40021930.14,0.5598,2.4291,0,0
2022-03-21,sh.600231,2.55,2.57,2.49,2.54,14225217,35997524.73,0.4988,0.3953,0,0
2022-03-22,sh.600231,2.54,2.62,2.52,2.6,17542180,45139845.62,0.6151,2.3622,0,0
2022-03-23,sh.600231,2.59,2.61,2.56,2.58,11142180,28776560.3,0.3907,-0.7692,0,0
2022-03-24,sh.600231,2.57,2.6,2.56,2.57,11058990,28483095.3,0.3877,-0.3876,0,0
2022-03-25,sh.600231,2.57,2.61,2.55,2.58,12658680,32680114.8,0.4438,0.3891,0,0
2022-03-28,sh.600231,2.57,2.63,2.52,2.6,12090949,31212823.42,0.4239,0.7752,0,0
2022-03-29,sh.600231,2.59,2.61,2.56,2.57,11377990,29356974.8,0.3989,-1.1538,0,0
2022-03-30,sh.600231,2.57,2.61,2.56,2.6,12154330,31456013.54,0.4261,1.1673,0,0
2022-03-31,sh.600231,2.6,2.64,2.59,2.61,15862551,41500883.08,0.5562,0.3846,0,0
2022-04-01,sh.600231,2.6,2.62,2.58,2.62,12526220,32576487.5,0.4392,0.3831,0,0
2022-04-06,sh.600231,2.62,2.81,2.61,2.8,50990003,139256053.26,1.7878,6.8702,0,0
2022-04-07,sh.600231,2.77,2.86,2.76,2.8,59618404,167221126.68,2.0903,0.0,0,0
2022-04-08,sh.600231,2.78,2.87,2.74,2.87,53084246,149172827.4,1.8612,2.5,0,0
2022-04-11,sh.600231,2.86,2.86,2.76,2.8,40965486,115216265.63,1.4363,-2.439,0,0
2022-04-12,sh.600231,2.75,2.84,2.74,2.82,28997050,81173083.4,1.0167,0.7143,0,0
2022-04-13,sh.600231,2.8,2.86,2.79,2.83,29551860,83711263.9,1.0361,0.3546,0,0
2022-04-14,sh.600231,2.82,2.92,2.81,2.9,44011237,126456982.39,1.5431,2.4735,0,0
2022-04-15,sh.600231,2.87,3.13,2.86,2.96,85897560,256841670.82,3.0117,2.069,0,0
2022-04-18,sh.600231,2.9,2.92,2.81,2.83,45544807,130326077.88,1.5969,-4.3919,0,0
2022-04-19,sh.600231,2.83,2.89,2.8,2.87,32899833,93654365.05,1.1535,1.4134,0,0
2022-04-20,sh.600231,2.84,2.9,2.75,2.77,34374922,96519947.52,1.2052,-3.4843,0,0
2022-04-21,sh.600231,2.79,2.79,2.6,2.6,32565966,86865267.76,1.1418,-6.1372,0,0
2022-04-22,sh.600231,2.6,2.63,2.54,2.61,21813245,56707485.65,0.7648,0.3846,0,0
2022-04-25,sh.600231,2.57,2.59,2.38,2.39,28837044,71468975.76,1.0111,-8.4291,0,0
2022-04-26,sh.600231,2.39,2.42,2.28,2.31,31618293,74486579.27,1.1086,-3.3473,0,0
2022-04-27,sh.600231,2.21,2.27,2.15,2.26,27590180,60843168.01,0.9673,2.2624,0,0
2022-04-28,sh.600231,2.25,2.26,2.18,2.24,22571828,50286420.0,0.7914,-0.885,0,0
2022-04-29,sh.600231,2.25,2.35,2.25,2.34,21728199,49897177.86,0.7618,4.4643,0,0
2022-05-05,sh.600231,2.33,2.41,2.31,2.36,17000397,40233423.16,0.5961,0.8547,0,0
2022-05-06,sh.600231,2.31,2.34,2.28,2.3,14886769,34343232.39,0.522,-2.5424,0,0
2022-05-09,sh.600231,2.29,2.36,2.28,2.35,14871103,34572416.92,0.5214,2.1739,0,0
2022-05-10,sh.600231,2.31,2.36,2.29,2.34,12165908,28291372.6,0.4266,-0.4255,0,0
2022-05-11,sh.600231,2.34,2.39,2.33,2.33,16419964,38696933.92,0.5757,-0.4274,0,0
2022-05-12,sh.600231,2.32,2.35,2.3,2.33,10359579,24056932.47,0.3632,0.0,0,0
2022-05-13,sh.600231,2.33,2.35,2.32,2.35,11087505,25899092.1,0.3887,0.8584,0,0
2022-05-16,sh.600231,2.36,2.38,2.33,2.36,13389632,31506732.62,0.4695,0.4255,0,0
2022-05-17,sh.600231,2.36,2.37,2.32,2.34,10589046,24769399.24,0.3713,-0.8475,0,0
2022-05-18,sh.600231,2.34,2.37,2.33,2.35,10061240,23636679.5,0.3528,0.4274,0,0
2022-05-19,sh.600231,2.32,2.35,2.3,2.35,13052577,30374337.36,0.4576,0.0,0,0
2022-05-20,sh.600231,2.35,2.43,2.34,2.4,22558407,53815044.85,0.7909,2.1277,0,0
2022-05-23,sh.600231,2.41,2.49,2.4,2.48,27489294,67597804.32,0.9638,3.3333,0,0
2022-05-24,sh.600231,2.47,2.48,2.37,2.37,19642886,47773295.43,0.6887,-4.4355,0,0
2022-05-25,sh.600231,2.36,2.43,2.36,2.43,11317115,27210033.6,0.3968,2.5316,0,0
2022-05-26,sh.600231,2.44,2.47,2.4,2.46,12978830,31703999.6,0.4551,1.2346,0,0
2022-05-27,sh.600231,2.45,2.48,2.44,2.46,13927465,34208290.75,0.4883,0.0,0,0
2022-05-30,sh.600231,2.46,2.49,2.45,2.46,9531195,23503169.25,0.3342,0.0,0,0
2022-05-31,sh.600231,2.45,2.47,2.43,2.45,10270434,25159384.22,0.3601,-0.4065,0,0
2022-06-01,sh.600231,2.45,2.47,2.43,2.47,11055592,27175374.29,0.3876,0.8163,0,0
2022-06-02,sh.600231,2.46,2.72,2.46,2.72,52266200,139745021.99,1.8325,10.1215,1,0
2022-06-06,sh.600231,2.74,2.78,2.63,2.67,83598986,224097719.95,2.9311,-1.8382,0,0
2022-06-07,sh.600231,2.64,2.67,2.59,2.61,40376832,105626705.3,1.4157,-2.2472,0,0
2022-06-08,sh.600231,2.61,2.66,2.58,2.64,40803529,106890868.81,1.4306,1.1494,0,0
2022-06-09,sh.600231,2.63,2.65,2.59,2.61,22827653,59650564.44,0.8004,-1.1364,0,0
2022-06-10,sh.600231,2.6,2.63,2.57,2.62,28771444,74720009.84,1.0088,0.3831,0,0
2022-06-13,sh.600231,2.59,2.62,2.54,2.56,22609619,58217614.24,0.7927,-2.2901,0,0
2022-06-14,sh.600231,2.53,2.62,2.5,2.62,21124090,54229170.38,0.7406,2.3438,0,0
2022-06-15,sh.600231,2.61,2.64,2.58,2.61,19699561,51482287.25,0.6907,-0.3817,0,0
2022-06-16,sh.600231,2.61,2.62,2.55,2.56,18929828,48761041.78,0.6637,-1.9157,0,0
2022-06-17,sh.600231,2.54,2.56,2.51,2.54,13975756,35491824.2,0.49,-0.7813,0,0
2022-06-20,sh.600231,2.54,2.57,2.52,2.55,11750127,29984571.05,0.412,0.3937,0,0
2022-06-21,sh.600231,2.55,2.64,2.53,2.6,29340917,76004136.13,1.0287,1.9608,0,0
2022-06-22,sh.600231,2.59,2.67,2.55,2.62,34756951,90881982.96,1.2186,0.7692,0,0
2022-06-23,sh.600231,2.88,2.88,2.71,2.88,160697165,458860384.93,5.6343,9.9237,1,0
2022-06-24,sh.600231,2.86,2.88,2.75,2.79,117604770,329514777.38,4.1234,-3.125,0,0
2022-06-27,sh.600231,2.76,2.78,2.7,2.72,64481115,175681547.92,2.2608,-2.509,0,0
2022-06-28,sh.600231,2.73,2.74,2.68,2.73,43116446,116688932.22,1.5117,0.3676,0,0
2022-06-29,sh.600231,2.72,2.72,2.63,2.65,39759179,106132396.45,1.394,-2.9304,0,0
2022-06-30,sh.600231,2.64,2.65,2.61,2.64,29161738,76533875.38,1.0225,-0.3774,0,0
2022-07-01,sh.600231,2.62,2.68,2.6,2.66,29229059,77660703.8,1.0248,0.7576,0,0
2022-07-04,sh.600231,2.66,2.66,2.62,2.63,17991179,47331120.37,0.6308,-1.1278,0,0
2022-07-05,sh.600231,2.62,2.73,2.61,2.7,38610409,103729255.81,1.3537,2.6616,0,0
2022-07-06,sh.600231,2.66,2.69,2.58,2.6,29535397,77396318.9,1.0355,-3.7037,0,0
2022-07-07,sh.600231,2.6,2.62,2.58,2.59,18462835,48046113.65,0.6473,-0.3846,0,0
2022-07-08,sh.600231,2.6,2.61,2.57,2.6,14719088,38070097.12,0.5161,0.3861,0,0
2022-07-11,sh.600231,2.59,2.61,2.57,2.61,12348948,31903063.1,0.433,0.3846,0,0
2022-07-12,sh.600231,2.6,2.66,2.58,2.66,25702294,67818683.67,0.9012,1.9157,0,0
2022-07-13,sh.600231,2.65,2.67,2.62,2.66,14715314,38855018.14,0.5159,0.0,0,0
2022-07-14,sh.600231,2.63,2.64,2.53,2.56,22180788,57123190.44,0.7777,-3.7594,0,0
2022-07-15,sh.600231,2.55,2.56,2.37,2.4,36465640,88908642.73,1.2785,-6.25,0,0
2022-07-18,sh.600231,2.39,2.48,2.38,2.47,17489112,42827451.61,0.6132,2.9167,0,0
2022-07-19,sh.600231,2.47,2.49,2.46,2.48,13173098,32624822.66,0.4619,0.4049,0,0
2022-07-20,sh.600231,2.49,2.53,2.48,2.52,12937081,32477819.44,0.4536,1.6129,0,0
2022-07-21,sh.600231,2.52,2.54,2.49,2.51,11706043,29451490.86,0.4104,-0.3968,0,0
2022-07-22,sh.600231,2.51,2.54,2.47,2.5,8244870,20656592.8,0.2891,-0.3984,0,0
2022-07-25,sh.600231,2.49,2.52,2.47,2.49,6440612,16060029.88,0.2258,-0.4,0,0
2022-07-26,sh.600231,2.49,2.52,2.48,2.51,8443929,21105526.41,0.2961,0.8032,0,0
2022-07-27,sh.600231,2.51,2.52,2.49,2.51,7290828,18261807.0,0.2556,0.0,0,0
2022-07-28,sh.600231,2.51,2.53,2.5,2.51,8046018,20235282.86,0.2821,0.0,0,0
2022-07-29,sh.600231,2.5,2.53,2.5,2.52,9605132,24187939.92,0.3368,0.3984,0,0
2022-08-01,sh.600231,2.51,2.52,2.47,2.48,9095460,22578699.2,0.3189,-1.5873,0,0
2022-08-02,sh.600231,2.47,2.47,2.23,2.4,16474256,39318005.92,0.5776,-3.2258,0,0
2022-08-03,sh.600231,2.38,2.44,2.33,2.34,12573910,29935430.0,0.4409,-2.5,0,0
2022-08-04,sh.600231,2.35,2.37,2.33,2.36,9010140,21189136.0,0.3159,0.8547,0,0
2022-08-05,sh.600231,2.36,2.39,2.34,2.39,7889758,18650408.0,0.2766,1.2712,0,0
2022-08-08,sh.600231,2.38,2.41,2.37,2.4,6595570,15803864.0,0.2312,0.4184,0,0
2022-08-09,sh.600231,2.4,2.4,2.37,2.39,5869214,14006789.0,0.2058,-0.4167,0,0
2022-08-10,sh.600231,2.38,2.39,2.36,2.37,4602520,10914291.0,0.1614,-0.8368,0,0
2022-08-11,sh.600231,2.37,2.41,2.37,2.41,9482332,22715702.0,0.3325,1.6878,0,0
2022-08-12,sh.600231,2.42,2.43,2.39,2.43,10312400,24944803.0,0.3616,0.8299,0,0
2022-08-15,sh.600231,2.42,2.43,2.39,2.41,7329480,17657653.0,0.257,-0.823,0,0
2022-08-16,sh.600231,2.4,2.44,2.4,2.43,9899052,23934316.92,0.3471,0.8299,0,0
2022-08-17,sh.600231,2.42,2.45,2.4,2.45,11413167,27683896.28,0.4002,0.823,0,0
2022-08-18,sh.600231,2.43,2.44,2.39,2.41,9647900,23226293.6,0.3383,-1.6327,0,0
2022-08-19,sh.600231,2.41,2.42,2.39,2.4,8474396,20371254.44,0.2971,-0.4149,0,0
2022-08-22,sh.600231,2.39,2.44,2.38,2.43,12187441,29446980.12,0.4273,1.25,0,0
2022-08-23,sh.600231,2.42,2.43,2.4,2.42,5274314,12724002.74,0.1849,-0.4115,0,0
2022-08-24,sh.600231,2.42,2.44,2.39,2.39,10222050,24628799.4,0.3584,-1.2397,0,0
2022-08-25,sh.600231,2.38,2.41,2.37,2.41,9638850,23051271.6,0.3379,0.8368,0,0
2022-08-26,sh.600231,2.4,2.41,2.38,2.39,7764766,18587044.08,0.2722,-0.8299,0,0
2022-08-29,sh.600231,2.37,2.4,2.34,2.39,7496505,17806220.19,0.2628,0.0,0,0
2022-08-30,sh.600231,2.4,2.43,2.39,2.43,10409377,25113071.67,0.365,1.6736,0,0
2022-08-31,sh.600231,2.4,2.43,2.38,2.38,9062110,21725902.9,0.3177,-2.0576,0,0
2022-09-01,sh.600231,2.38,2.4,2.36,2.37,10792375,25710015.65,0.3784,-0.4202,0,0
2022-09-02,sh.600231,2.37,2.39,2.36,2.38,8107360,19243383.9,0.2843,0.4219,0,0
2022-09-05,sh.600231,2.38,2.42,2.37,2.42,12260179,29362221.6,0.4299,1.6807,0,0
2022-09-06,sh.600231,2.42,2.45,2.42,2.44,13288193,32337226.09,0.4659,0.8264,0,0
2022-09-07,sh.600231,2.44,2.44,2.42,2.42,7582452,18412646.04,0.2658,-0.8197,0,0
2022-09-08,sh.600231,2.42,2.46,2.41,2.44,13759270,33539027.6,0.4824,0.8264,0,0
2022-09-09,sh.600231,2.43,2.46,2.43,2.45,10243200,25114847.1,0.3591,0.4098,0,0
2022-09-13,sh.600231,2.46,2.46,2.41,2.42,9431300,22905057.0,0.3307,-1.2245,0,0
2022-09-14,sh.600231,2.4,2.42,2.38,2.4,8004749,19211202.3,0.2807,-0.8264,0,0
2022-09-15,sh.600231,2.41,2.43,2.37,2.4,10777120,25808963.2,0.3779,0.0,0,0
2022-09-16,sh.600231,2.38,2.39,2.31,2.31,14531395,34100610.33,0.5095,-3.75,0,0
2022-09-19,sh.600231,2.32,2.32,2.26,2.28,8978650,20571884.6,0.3148,-1.2987,0,0
2022-09-20,sh.600231,2.29,2.35,2.29,2.3,9397000,21775931.0,0.3295,0.8772,0,0
2022-09-21,sh.600231,2.29,2.36,2.26,2.34,12016482,27838593.06,0.4213,1.7391,0,0
2022-09-22,sh.600231,2.33,2.35,2.3,2.3,7482310,17377502.96,0.2623,-1.7094,0,0
2022-09-23,sh.600231,2.3,2.33,2.29,2.31,6849508,15809367.82,0.2402,0.4348,0,0
2022-09-26,sh.600231,2.3,2.3,2.22,2.23,13427440,30175520.4,0.4708,-3.4632,0,0
2022-09-27,sh.600231,2.21,2.25,2.21,2.24,7272763,16197742.63,0.255,0.4484,0,0
2022-09-28,sh.600231,2.25,2.25,2.21,2.21,7121374,15822635.98,0.2497,-1.3393,0,0
2022-09-29,sh.600231,2.22,2.23,2.17,2.18,6349910,13976937.8,0.2226,-1.3575,0,0
2022-09-30,sh.600231,2.18,2.21,2.17,2.2,6816002,14959726.38,0.239,0.9174,0,0
2022-10-10,sh.600231,2.2,2.25,2.19,2.21,7952210,17679522.4,0.2788,0.4545,0,0
2022-10-11,sh.600231,2.21,2.22,2.15,2.2,6137120,13386328.0,0.2152,-0.4525,0,0
2022-10-12,sh.600231,2.19,2.23,2.16,2.22,6660172,14581019.44,0.2335,0.9091,0,0
2022-10-13,sh.600231,2.22,2.24,2.2,2.23,5641204,12536236.88,0.1978,0.4505,0,0
2022-10-14,sh.600231,2.22,2.26,2.22,2.24,7370240,16543000.9,0.2584,0.4484,0,0
2022-10-17,sh.600231,2.25,2.26,2.22,2.26,6419980,14427372.0,0.2251,0.8929,0,0
2022-10-18,sh.600231,2.26,2.27,2.24,2.25,5569212,12518977.88,0.1953,-0.4425,0,0
2022-10-19,sh.600231,2.24,2.25,2.22,2.23,4142430,9254432.59,0.1452,-0.8889,0,0
2022-10-20,sh.600231,2.22,2.24,2.21,2.22,4412066,9801504.86,0.1547,-0.4484,0,0
2022-10-21,sh.600231,2.22,2.24,2.21,2.22,4276290,9537355.3,0.1499,0.0,0,0
2022-10-24,sh.600231,2.22,2.25,2.16,2.18,7901300,17428319.5,0.277,-1.8018,0,0
2022-10-25,sh.600231,2.17,2.2,2.16,2.19,5999720,13078030.9,0.2104,0.4587,0,0
2022-10-26,sh.600231,2.2,2.21,2.18,2.2,5219403,11472897.87,0.183,0.4566,0,0
2022-10-27,sh.600231,2.2,2.21,2.18,2.2,4825520,10599206.8,0.1692,0.0,0,0
2022-10-28,sh.600231,2.19,2.2,2.12,2.13,9786689,21060283.68,0.3431,-3.1818,0,0
2022-10-31,sh.600231,2.07,2.08,2.03,2.05,11212355,22948904.35,0.3931,-3.7559,0,0
2022-11-01,sh.600231,2.06,2.08,2.05,2.08,7380930,15207520.5,0.2588,1.4634,0,0
2022-11-02,sh.600231,2.07,2.1,2.06,2.09,6026592,12536854.28,0.2113,0.4808,0,0
2022-11-03,sh.600231,2.07,2.08,2.04,2.06,7670492,15796163.58,0.2689,-1.4354,0,0
2022-11-04,sh.600231,2.06,2.1,2.05,2.09,8369851,17380267.49,0.2935,1.4563,0,0
2022-11-07,sh.600231,2.08,2.15,2.08,2.13,10145812,21527912.04,0.3557,1.9139,0,0
2022-11-08,sh.600231,2.13,2.15,2.11,2.13,5495270,11673376.6,0.1927,0.0,0,0
2022-11-09,sh.600231,2.13,2.16,2.12,2.14,6759050,14475156.9,0.237,0.4695,0,0
2022-11-10,sh.600231,2.14,2.17,2.12,2.17,10006641,21539718.65,0.3508,1.4019,0,0
2022-11-11,sh.600231,2.18,2.22,2.17,2.21,12754849,28045463.56,0.4472,1.8433,0,0
2022-11-14,sh.600231,2.2,2.23,2.19,2.2,10418180,23061924.4,0.3653,-0.4525,0,0
2022-11-15,sh.600231,2.2,2.24,2.2,2.23,8486090,18884506.8,0.2975,1.3636,0,0
2022-11-16,sh.600231,2.24,2.24,2.21,2.23,5122390,11397987.8,0.1796,0.0,0,0
2022-11-17,sh.600231,2.22,2.23,2.21,2.23,5456177,12134152.94,0.1913,0.0,0,0
2022-11-18,sh.600231,2.23,2.24,2.19,2.2,7258700,16062078.0,0.2545,-1.3453,0,0
2022-11-21,sh.600231,2.2,2.2,2.17,2.19,5414012,11796914.34,0.1898,-0.4545,0,0
2022-11-22,sh.600231,2.17,2.22,2.17,2.2,8409702,18503245.82,0.2949,0.4566,0,0
2022-11-23,sh.600231,2.21,2.21,2.18,2.19,6337216,13894568.4,0.2222,-0.4545,0,0
2022-11-24,sh.600231,2.19,2.21,2.18,2.2,5532740,12184474.98,0.194,0.4566,0,0
2022-11-25,sh.600231,2.2,2.23,2.19,2.22,8168690,18128505.2,0.2864,0.9091,0,0
2022-11-28,sh.600231,2.22,2.23,2.17,2.22,9107720,20067598.1,0.3193,0.0,0,0
2022-11-29,sh.600231,2.22,2.27,2.22,2.26,11857710,26679929.75,0.4157,1.8018,0,0
2022-11-30,sh.600231,2.27,2.28,2.23,2.26,11585901,26161588.27,0.4062,0.0,0,0
2022-12-01,sh.600231,2.26,2.28,2.25,2.26,10594300,23942643.0,0.3714,0.0,0,0
2022-12-02,sh.600231,2.26,2.26,2.23,2.24,7504116,16810757.84,0.2631,-0.885,0,0
2022-12-05,sh.600231,2.25,2.32,2.24,2.31,19409602,44428962.28,0.6805,3.125,0,0
2022-12-06,sh.600231,2.31,2.32,2.28,2.29,10396830,23880199.2,0.3645,-0.8658,0,0
2022-12-07,sh.600231,2.29,2.3,2.25,2.27,8626032,19573452.06,0.3024,-0.8734,0,0
2022-12-08,sh.600231,2.28,2.3,2.26,2.29,7017054,16026357.12,0.246,0.8811,0,0
2022-12-09,sh.600231,2.29,2.34,2.27,2.32,13505720,31179711.6,0.4735,1.31,0,0
2022-12-12,sh.600231,2.32,2.32,2.25,2.26,12617400,28768191.6,0.4424,-2.5862,0,0
2022-12-13,sh.600231,2.27,2.3,2.25,2.28,9548052,21816367.96,0.3348,0.885,0,0
2022-12-14,sh.600231,2.29,2.3,2.25,2.26,6261620,14204786.7,0.2195,-0.8772,0,0
2022-12-15,sh.600231,2.26,2.26,2.23,2.24,5427820,12165259.6,0.1903,-0.885,0,0
2022-12-16,sh.600231,2.24,2.31,2.23,2.29,16219610,36957403.0,0.5687,2.2321,0,0
2022-12-19,sh.600231,2.29,2.29,2.21,2.22,11276180,25264517.0,0.3954,-3.0568,0,0
2022-12-20,sh.600231,2.23,2.24,2.19,2.21,8223870,18232129.8,0.2883,-0.4505,0,0
2022-12-21,sh.600231,2.21,2.24,2.2,2.21,4610660,10254031.0,0.1617,0.0,0,0
2022-12-22,sh.600231,2.21,2.24,2.17,2.18,9528630,21029719.37,0.3341,-1.3575,0,0
2022-12-23,sh.600231,2.18,2.19,2.15,2.17,4994170,10853908.2,0.1751,-0.4587,0,0
2022-12-26,sh.600231,2.18,2.18,2.13,2.15,7420060,15964929.6,0.2602,-0.9217,0,0
2022-12-27,sh.600231,2.16,2.19,2.15,2.17,6033520,13125890.2,0.2115,0.9302,0,0
2022-12-28,sh.600231,2.17,2.2,2.16,2.18,5334104,11641461.74,0.187,0.4608,0,0
2022-12-29,sh.600231,2.18,2.22,2.14,2.15,25124000,54504766.0,0.8809,-1.3761,0,0
2022-12-30,sh.600231,2.16,2.17,2.13,2.15,6325442,13594986.5,0.2218,0.0,0,0
2023-01-03,sh.600231,2.15,2.18,2.15,2.17,6236930,13507568.1,0.2187,0.9302,0,0
2023-01-04,sh.600231,2.17,2.21,2.16,2.19,7344615,16076093.18,0.2575,0.9217,0,0
2023-01-05,sh.600231,2.19,2.19,2.16,2.17,7746058,16847723.24,0.2716,-0.9132,0,0
2023-01-06,sh.600231,2.17,2.18,2.15,2.16,6826574,14765634.1,0.2393,-0.4608,0,0
2023-01-09,sh.600231,2.16,2.18,2.16,2.17,5843100,12680182.0,0.2049,0.463,0,0
2023-01-10,sh.600231,2.16,2.17,2.13,2.14,7441322,15937475.86,0.2609,-1.3825,0,0
2023-01-11,sh.600231,2.14,2.16,2.13,2.15,4455380,9566846.2,0.1562,0.4673,0,0
2023-01-12,sh.600231,2.14,2.15,2.12,2.13,7277473,15502998.76,0.2552,-0.9302,0,0
2023-01-13,sh.600231,2.13,2.16,2.12,2.13,6215993,13272682.02,0.2179,0.0,0,0
2023-01-16,sh.600231,2.14,2.16,2.13,2.15,6011483,12910166.62,0.2108,0.939,0,0
2023-01-17,sh.600231,2.15,2.16,2.13,2.14,6529908,13984565.48,0.2289,-0.4651,0,0
2023-01-18,sh.600231,2.14,2.15,2.13,2.15,4775448,10229302.72,0.1674,0.4673,0,0
2023-01-19,sh.600231,2.14,2.16,2.12,2.15,6670150,14292025.3,0.2339,0.0,0,0
2023-01-20,sh.600231,2.15,2.2,2.14,2.19,11041634,24029108.98,0.3871,1.8605,0,0
2023-01-30,sh.600231,2.21,2.24,2.2,2.23,12406559,27568903.78,0.435,1.8265,0,0
2023-01-31,sh.600231,2.22,2.23,2.2,2.23,6937722,15366341.62,0.2432,0.0,0,0
2023-02-01,sh.600231,2.23,2.26,2.22,2.26,9174463,20623374.95,0.3217,1.3453,0,0
2023-02-02,sh.600231,2.25,2.26,2.23,2.25,8239483,18462847.23,0.2889,-0.4425,0,0
2023-02-03,sh.600231,2.24,2.25,2.2,2.23,8013150,17813977.0,0.281,-0.8889,0,0
2023-02-06,sh.600231,2.22,2.23,2.2,2.22,4793734,10646669.08,0.1681,-0.4484,0,0
2023-02-07,sh.600231,2.23,2.24,2.22,2.24,4719998,10535146.64,0.1655,0.9009,0,0
2023-02-08,sh.600231,2.24,2.24,2.22,2.23,5472401,12199557.72,0.1919,-0.4464,0,0
2023-02-09,sh.600231,2.23,2.25,2.22,2.24,6408940,14343718.5,0.2247,0.4484,0,0
2023-02-10,sh.600231,2.25,2.25,2.22,2.24,5739654,12854510.42,0.2012,0.0,0,0
2023-02-13,sh.600231,2.24,2.25,2.22,2.24,8013884,17923328.36,0.281,0.0,0,0
2023-02-14,sh.600231,2.24,2.28,2.23,2.26,14428501,32635583.46,0.5059,0.8929,0,0
2023-02-15,sh.600231,2.27,2.27,2.25,2.25,6319805,14292016.75,0.2216,-0.4425,0,0
2023-02-16,sh.600231,2.26,2.28,2.2,2.22,10155040,22837822.4,0.356,-1.3333,0,0
2023-02-17,sh.600231,2.23,2.25,2.22,2.23,7112098,15873645.06,0.2494,0.4505,0,0
2023-02-20,sh.600231,2.24,2.27,2.22,2.27,9146039,20622867.47,0.3207,1.7937,0,0
2023-02-21,sh.600231,2.27,2.34,2.26,2.32,21509832,49703370.09,0.7542,2.2026,0,0
2023-02-22,sh.600231,2.31,2.34,2.3,2.33,12015354,27932077.9,0.4213,0.431,0,0
2023-02-23,sh.600231,2.33,2.36,2.3,2.33,8553202,19924360.96,0.2999,0.0,0,0
2023-02-24,sh.600231,2.33,2.35,2.32,2.35,10032339,23419976.77,0.3517,0.8584,0,0
2023-02-27,sh.600231,2.35,2.4,2.34,2.35,13000100,30730325.0,0.4558,0.0,0,0
2023-02-28,sh.600231,2.34,2.38,2.33,2.36,9573137,22481999.78,0.3356,0.4255,0,0
2023-03-01,sh.600231,2.37,2.38,2.34,2.38,23935325,56483290.42,0.8392,0.8475,0,0
2023-03-02,sh.600231,2.37,2.44,2.36,2.42,21390288,51416754.84,0.75,1.6807,0,0
2023-03-03,sh.600231,2.46,2.54,2.44,2.5,30028198,74254485.21,1.0528,3.3058,0,0
2023-03-06,sh.600231,2.51,2.52,2.46,2.49,21284440,53042561.62,0.7463,-0.4,0,0
2023-03-07,sh.600231,2.49,2.49,2.41,2.43,23698767,58363390.05,0.8309,-2.4096,0,0
2023-03-08,sh.600231,2.44,2.48,2.41,2.45,12492907,30507514.58,0.438,0.823,0,0
2023-03-09,sh.600231,2.47,2.55,2.41,2.51,32357136,80760788.06,1.1345,2.449,0,0
2023-03-10,sh.600231,2.49,2.5,2.41,2.42,17391630,42416368.8,0.6098,-3.5857,0,0
2023-03-13,sh.600231,2.43,2.46,2.38,2.41,13185780,31827101.4,0.4623,-0.4132,0,0
2023-03-14,sh.600231,2.41,2.42,2.36,2.37,13510749,32231281.4,0.4737,-1.6598,0,0
2023-03-15,sh.600231,2.38,2.47,2.37,2.45,12842138,31205218.91,0.4503,3.3755,0,0
2023-03-16,sh.600231,2.45,2.46,2.39,2.41,11505721,27863606.95,0.4034,-1.6327,0,0
2023-03-17,sh.600231,2.43,2.44,2.4,2.42,8780273,21237414.7,0.3078,0.4149,0,0
2023-03-20,sh.600231,2.43,2.43,2.35,2.36,17929744,42762736.3,0.6286,-2.4793,0,0
2023-03-21,sh.600231,2.38,2.38,2.33,2.34,12877095,30304228.4,0.4515,-0.8475,0,0
2023-03-22,sh.600231,2.35,2.37,2.34,2.37,8594060,20264902.9,0.3013,1.2821,0,0
2023-03-23,sh.600231,2.36,2.37,2.32,2.35,8183189,19170476.06,0.2869,-0.8439,0,0
2023-03-24,sh.600231,2.35,2.52,2.34,2.45,39422961,96597180.5,1.3822,4.2553,0,0
2023-03-27,sh.600231,2.45,2.47,2.33,2.35,29920694,71115819.72,1.0491,-4.0816,0,0
2023-03-28,sh.600231,2.35,2.37,2.3,2.3,16410840,38174418.0,0.5754,-2.1277,0,0
2023-03-29,sh.600231,2.31,2.34,2.29,2.34,13669632,31592354.02,0.4793,1.7391,0,0
2023-03-30,sh.600231,2.34,2.35,2.3,2.34,11163510,25860413.2,0.3914,0.0,0,0
2023-03-31,sh.600231,2.31,2.31,2.21,2.24,32431690,72889383.9,1.1371,-4.2735,0,0
2023-04-03,sh.600231,2.24,2.25,2.2,2.22,15091692,33475961.1,0.5291,-0.8929,0,0
2023-04-04,sh.600231,2.22,2.23,2.19,2.2,13107830,28928256.0,0.4596,-0.9009,0,0
2023-04-06,sh.600231,2.21,2.21,2.18,2.18,6569724,14399642.43,0.2303,-0.9091,0,0
2023-04-07,sh.600231,2.19,2.2,2.16,2.18,9548680,20858252.4,0.3348,0.0,0,0
2023-04-10,sh.600231,2.18,2.19,2.15,2.15,10186120,22025052.2,0.3571,-1.3761,0,0
2023-04-11,sh.600231,2.15,2.16,2.13,2.16,10926100,23386749.0,0.3831,0.4651,0,0
2023-04-12,sh.600231,2.15,2.21,2.15,2.2,13833364,30218143.78,0.485,1.8519,0,0
2023-04-13,sh.600231,2.2,2.21,2.18,2.18,6446851,14128390.0,0.226,-0.9091,0,0
2023-04-14,sh.600231,2.19,2.2,2.18,2.18,6228395,13630630.88,0.2184,0.0,0,0
2023-04-17,sh.600231,2.19,2.2,2.17,2.19,6721375,14698887.25,0.2357,0.4587,0,0
2023-04-18,sh.600231,2.2,2.21,2.19,2.2,6857211,15086256.09,0.2404,0.4566,0,0
2023-04-19,sh.600231,2.19,2.21,2.18,2.19,6482394,14223005.6,0.2273,-0.4545,0,0
2023-04-20,sh.600231,2.19,2.19,2.16,2.17,5825220,12638036.2,0.2042,-0.9132,0,0
2023-04-21,sh.600231,2.18,2.18,2.13,2.13,6945100,14962258.0,0.2435,-1.8433,0,0
2023-04-24,sh.600231,2.14,2.14,2.1,2.11,7127074,15084991.92,0.2499,-0.939,0,0
2023-04-25,sh.600231,2.11,2.12,2.08,2.1,6669500,14000577.7,0.2338,-0.4739,0,0
2023-04-26,sh.600231,2.1,2.13,2.08,2.13,4734121,9996871.01,0.166,1.4286,0,0
2023-04-27,sh.600231,2.12,2.14,2.11,2.13,3036590,6460753.4,0.1065,0.0,0,0
2023-04-28,sh.600231,2.12,2.17,2.12,2.17,5399644,11603997.26,0.1893,1.8779,0,0
2023-05-04,sh.600231,2.16,2.23,2.16,2.22,10867261,23937509.8,0.381,2.3041,0,0
2023-05-05,sh.600231,2.22,2.23,2.18,2.21,8953921,19750530.0,0.3139,-0.4505,0,0
2023-05-08,sh.600231,2.21,2.26,2.21,2.26,12744110,28517206.0,0.4468,2.2624,0,0
2023-05-09,sh.600231,2.26,2.3,2.25,2.26,16461740,37434423.7,0.5772,0.0,0,0
2023-05-10,sh.600231,2.27,2.29,2.25,2.26,8273600,18732598.9,0.2901,0.0,0,0
2023-05-11,sh.600231,2.25,2.29,2.24,2.27,8960494,20318708.38,0.3142,0.4425,0,0
2023-05-12,sh.600231,2.27,2.29,2.25,2.26,7428150,16822218.8,0.2604,-0.4405,0,0
2023-05-15,sh.600231,2.25,2.27,2.23,2.27,9235184,20737787.04,0.3238,0.4425,0,0
2023-05-16,sh.600231,2.27,2.28,2.24,2.24,6619560,14977256.6,0.2321,-1.3216,0,0
2023-05-17,sh.600231,2.24,2.28,2.22,2.28,10526312,23743891.64,0.3691,1.7857,0,0
2023-05-18,sh.600231,2.26,2.28,2.25,2.27,6041590,13680837.4,0.2118,-0.4386,0,0
2023-05-19,sh.600231,2.26,2.28,2.25,2.26,7606442,17248178.34,0.2667,-0.4405,0,0
2023-05-22,sh.600231,2.27,2.27,2.24,2.25,6715980,15122839.7,0.2355,-0.4425,0,0
2023-05-23,sh.600231,2.25,2.27,2.23,2.23,6127026,13798418.6,0.2148,-0.8889,0,0
2023-05-24,sh.600231,2.24,2.25,2.2,2.2,5809922,12903548.83,0.2037,-1.3453,0,0
2023-05-25,sh.600231,2.21,2.22,2.17,2.21,7346469,16139625.9,0.2576,0.4545,0,0
2023-05-26,sh.600231,2.22,2.25,2.2,2.24,4879320,10833870.1,0.1711,1.3575,0,0
2023-05-29,sh.600231,2.23,2.25,2.2,2.2,6366046,14085868.88,0.2232,-1.7857,0,0
2023-05-30,sh.600231,2.22,2.22,2.16,2.19,6005169,13084777.32,0.2105,-0.4545,0,0
2023-05-31,sh.600231,2.19,2.2,2.17,2.17,4464038,9736724.84,0.1565,-0.9132,0,0
2023-06-01,sh.600231,2.17,2.22,2.16,2.2,5949310,13062293.6,0.2086,1.3825,0,0
2023-06-02,sh.600231,2.19,2.22,2.19,2.21,5272731,11635691.38,0.1849,0.4545,0,0
2023-06-05,sh.600231,2.21,2.22,2.19,2.2,5237076,11528257.64,0.1836,-0.4525,0,0
2023-06-06,sh.600231,2.19,2.2,2.15,2.16,4937700,10742503.0,0.1731,-1.8182,0,0
2023-06-07,sh.600231,2.15,2.19,2.14,2.17,6179815,13377438.51,0.2167,0.463,0,0
2023-06-08,sh.600231,2.17,2.19,2.15,2.19,7605310,16506886.4,0.2667,0.9217,0,0
2023-06-09,sh.600231,2.18,2.19,2.16,2.18,6918790,15059177.8,0.2426,-0.4566,0,0
2023-06-12,sh.600231,2.18,2.19,2.15,2.18,6333750,13754487.8,0.2221,0.0,0,0
2023-06-13,sh.600231,2.18,2.19,2.17,2.19,3418704,7463761.2,0.1199,0.4587,0,0
2023-06-14,sh.600231,2.19,2.19,2.17,2.17,5202080,11306705.6,0.1824,-0.9132,0,0
2023-06-15,sh.600231,2.17,2.19,2.15,2.18,11542002,24992053.0,0.4047,0.4608,0,0
2023-06-16,sh.600231,2.18,2.26,2.17,2.21,18112700,40238104.0,0.6351,1.3761,0,0
2023-06-19,sh.600231,2.21,2.21,2.17,2.19,7855018,17225278.58,0.2754,-0.905,0,0
2023-06-20,sh.600231,2.19,2.23,2.18,2.21,8797413,19425388.46,0.3084,0.9132,0,0
2023-06-21,sh.600231,2.21,2.21,2.17,2.19,6255920,13684990.0,0.2193,-0.905,0,0
2023-06-26,sh.600231,2.19,2.19,2.15,2.16,5724960,12433902.4,0.2007,-1.3699,0,0
2023-06-27,sh.600231,2.18,2.21,2.17,2.2,5174918,11330473.4,0.1814,1.8519,0,0
2023-06-28,sh.600231,2.21,2.22,2.18,2.2,3692189,8102595.74,0.1295,0.0,0,0
2023-06-29,sh.600231,2.21,2.21,2.19,2.2,3091853,6810832.9,0.1084,0.0,0,0
2023-06-30,sh.600231,2.21,2.23,2.2,2.22,4231189,9396802.39,0.1484,0.9091,0,0
2023-07-03,sh.600231,2.23,2.24,2.22,2.24,4142200,9257068.0,0.1452,0.9009,0,0
2023-07-04,sh.600231,2.24,2.24,2.22,2.22,3272055,7295380.63,0.1147,-0.8929,0,0
2023-07-05,sh.600231,2.23,2.24,2.22,2.24,3900650,8712308.5,0.1368,0.9009,0,0
2023-07-06,sh.600231,2.23,2.24,2.22,2.23,4426910,9878762.2,0.1552,-0.4464,0,0
2023-07-07,sh.600231,2.23,2.24,2.21,2.23,3894360,8675625.5,0.1365,0.0,0,0
2023-07-10,sh.600231,2.24,2.25,2.22,2.23,5559893,12404624.39,0.1949,0.0,0,0
2023-07-11,sh.600231,2.24,2.25,2.23,2.25,4238210,9507188.4,0.1486,0.8969,0,0
2023-07-12,sh.600231,2.25,2.25,2.23,2.23,4218545,9454660.12,0.1479,-0.8889,0,0
2023-07-13,sh.600231,2.24,2.25,2.23,2.24,5280680,11851356.2,0.1851,0.4484,0,0
2023-07-14,sh.600231,2.25,2.27,2.24,2.25,5875180,13231327.2,0.206,0.4464,0,0
2023-07-17,sh.600231,2.24,2.24,2.21,2.22,6878266,15306708.15,0.2412,-1.3333,0,0
2023-07-18,sh.600231,2.23,2.24,2.22,2.23,3507917,7824833.91,0.123,0.4505,0,0
2023-07-19,sh.600231,2.23,2.24,2.22,2.24,4785190,10683639.59,0.1678,0.4484,0,0
2023-07-20,sh.600231,2.24,2.25,2.23,2.23,4605090,10316130.2,0.1615,-0.4464,0,0
2023-07-21,sh.600231,2.23,2.25,2.22,2.24,6177570,13839357.9,0.2166,0.4484,0,0
2023-07-24,sh.600231,2.25,2.25,2.24,2.25,4870471,10936468.04,0.1708,0.4464,0,0
2023-07-25,sh.600231,2.25,2.28,2.24,2.27,8627914,19574531.08,0.3025,0.8889,0,0
2023-07-26,sh.600231,2.27,2.5,2.27,2.5,70255774,170836062.21,2.4632,10.1322,1,0
2023-07-27,sh.600231,2.5,2.75,2.38,2.58,120595179,307388478.88,4.2282,3.2,0,0
2023-07-28,sh.600231,2.5,2.58,2.45,2.54,82090475,206093851.74,2.8782,-1.5504,0,0
2023-07-31,sh.600231,2.51,2.6,2.49,2.57,72980850,185876415.62,2.5588,1.1811,0,0
2023-08-01,sh.600231,2.55,2.73,2.51,2.63,101492651,267532875.32,3.5585,2.3346,0,0
2023-08-02,sh.600231,2.55,2.56,2.5,2.53,54562069,137708393.18,1.913,-3.8023,0,0
2023-08-03,sh.600231,2.51,2.54,2.46,2.53,36040528,90342608.57,1.2636,0.0,0,0
2023-08-04,sh.600231,2.52,2.55,2.49,2.51,32013660,80214262.4,1.1224,-0.7905,0,0
2023-08-07,sh.600231,2.51,2.51,2.41,2.41,43001111,104737264.83,1.5077,-3.9841,0,0
2023-08-08,sh.600231,2.42,2.44,2.41,2.42,23543992,57063531.32,0.8255,0.4149,0,0
2023-08-09,sh.600231,2.41,2.42,2.39,2.4,12765724,30717678.6,0.4476,-0.8264,0,0
2023-08-10,sh.600231,2.4,2.45,2.37,2.39,26180432,62801144.62,0.9179,-0.4167,0,0
2023-08-11,sh.600231,2.39,2.4,2.35,2.36,15187912,36044259.76,0.5325,-1.2552,0,0
2023-08-14,sh.600231,2.34,2.4,2.33,2.39,14470536,34189923.66,0.5074,1.2712,0,0
2023-08-15,sh.600231,2.4,2.4,2.34,2.37,11873390,28095546.4,0.4163,-0.8368,0,0
2023-08-16,sh.600231,2.36,2.42,2.34,2.36,13128274,31133248.38,0.4603,-0.4219,0,0
2023-08-17,sh.600231,2.34,2.36,2.32,2.36,12519702,29318900.7,0.439,0.0,0,0
2023-08-18,sh.600231,2.35,2.38,2.33,2.33,11972175,28156701.94,0.4198,-1.2712,0,0
2023-08-21,sh.600231,2.33,2.37,2.32,2.32,10532386,24682126.9,0.3693,-0.4292,0,0
2023-08-22,sh.600231,2.33,2.34,2.29,2.33,14263310,33056329.2,0.5001,0.431,0,0
2023-08-23,sh.600231,2.34,2.35,2.32,2.33,10109190,23603602.4,0.3544,0.0,0,0
2023-08-24,sh.600231,2.33,2.34,2.29,2.29,10822444,24979149.28,0.3794,-1.7167,0,0
2023-08-25,sh.600231,2.29,2.36,2.26,2.31,19203158,44614804.68,0.6733,0.8734,0,0
2023-08-28,sh.600231,2.42,2.44,2.37,2.38,22531952,54149142.42,0.79,3.0303,0,0
2023-08-29,sh.600231,2.38,2.4,2.33,2.36,17379320,40961764.0,0.6093,-0.8403,0,0
2023-08-30,sh.600231,2.35,2.37,2.3,2.31,15036610,34945876.6,0.5272,-2.1186,0,0
2023-08-31,sh.600231,2.29,2.31,2.24,2.25,16127240,36515212.8,0.5654,-2.5974,0,0
2023-09-01,sh.600231,2.26,2.33,2.24,2.29,19711550,45011980.5,0.6911,1.7778,0,0
2023-09-04,sh.600231,2.28,2.4,2.28,2.38,23043423,54265841.36,0.8079,3.9301,0,0
2023-09-05,sh.600231,2.38,2.38,2.33,2.34,12714300,29861811.0,0.4458,-1.6807,0,0
2023-09-06,sh.600231,2.33,2.34,2.27,2.28,13714830,31463549.4,0.4809,-2.5641,0,0
2023-09-07,sh.600231,2.29,2.29,2.25,2.25,13535309,30703262.05,0.4746,-1.3158,0,0
2023-09-08,sh.600231,2.26,2.26,2.23,2.23,11185202,25055019.46,0.3922,-0.8889,0,0
2023-09-11,sh.600231,2.24,2.27,2.23,2.26,9812152,22079145.5,0.344,1.3453,0,0
2023-09-12,sh.600231,2.25,2.27,2.24,2.25,6646700,14980218.0,0.233,-0.4425,0,0
2023-09-13,sh.600231,2.25,2.3,2.24,2.27,11562751,26232456.7,0.4054,0.8889,0,0
2023-09-14,sh.600231,2.26,2.29,2.24,2.28,9962982,22598753.74,0.3493,0.4405,0,0
2023-09-15,sh.600231,2.29,2.38,2.27,2.34,21002520,48960529.4,0.7364,2.6316,0,0
2023-09-18,sh.600231,2.32,2.34,2.3,2.33,12920640,29972012.7,0.453,-0.4274,0,0
2023-09-19,sh.600231,2.33,2.37,2.31,2.35,11511423,27078809.75,0.4036,0.8584,0,0
2023-09-20,sh.600231,2.35,2.36,2.32,2.34,9218000,21530806.0,0.3232,-0.4255,0,0
2023-09-21,sh.600231,2.34,2.35,2.31,2.33,9629662,22440478.66,0.3376,-0.4274,0,0
2023-09-22,sh.600231,2.31,2.33,2.29,2.31,10185736,23552593.08,0.3571,-0.8584,0,0
2023-09-25,sh.600231,2.32,2.32,2.28,2.28,11418000,26218655.0,0.4003,-1.2987,0,0
2023-09-26,sh.600231,2.27,2.34,2.26,2.31,15380352,35405707.12,0.5393,1.3158,0,0
2023-09-27,sh.600231,2.3,2.31,2.24,2.24,12487140,28328455.8,0.4378,-3.0303,0,0
2023-09-28,sh.600231,2.24,2.3,2.24,2.29,8255070,18799121.6,0.2894,2.2321,0,0
2023-10-09,sh.600231,2.29,2.29,2.24,2.25,8709010,19632919.5,0.3053,-1.7467,0,0
2023-10-10,sh.600231,2.26,2.27,2.24,2.24,4224232,9499591.68,0.1481,-0.4444,0,0
2023-10-11,sh.600231,2.24,2.25,2.21,2.22,8136870,18143249.7,0.2853,-0.8929,0,0
2023-10-12,sh.600231,2.22,2.27,2.22,2.25,6374233,14313391.55,0.2235,1.3514,0,0
2023-10-13,sh.600231,2.25,2.27,2.22,2.24,6799640,15225880.0,0.2384,-0.4444,0,0
2023-10-16,sh.600231,2.23,2.26,2.23,2.25,6820300,15328370.0,0.2391,0.4464,0,0
2023-10-17,sh.600231,2.25,2.28,2.23,2.24,5730900,12886916.0,0.2009,-0.4444,0,0
2023-10-18,sh.600231,2.23,2.24,2.18,2.19,9083320,20010809.8,0.3185,-2.2321,0,0
2023-10-19,sh.600231,2.18,2.21,2.17,2.18,7623372,16655284.5,0.2673,-0.4566,0,0
2023-10-20,sh.600231,2.17,2.21,2.16,2.17,5919227,12907732.59,0.2075,-0.4587,0,0
2023-10-23,sh.600231,2.17,2.17,2.1,2.11,8992100,19200442.0,0.3153,-2.765,0,0
2023-10-24,sh.600231,2.13,2.17,2.12,2.16,10010243,21518786.18,0.351,2.3697,0,0
2023-10-25,sh.600231,2.18,2.24,2.17,2.24,13773150,30620700.2,0.4829,3.7037,0,0
2023-10-26,sh.600231,2.23,2.25,2.2,2.24,8914073,19821265.53,0.3125,0.0,0,0
2023-10-27,sh.600231,2.23,2.28,2.23,2.26,9966512,22516123.1,0.3494,0.8929,0,0
2023-10-30,sh.600231,2.27,2.29,2.24,2.28,9413400,21448428.0,0.33,0.885,0,0
2023-10-31,sh.600231,2.26,2.3,2.26,2.29,10911738,24935768.64,0.3826,0.4386,0,0
2023-11-01,sh.600231,2.3,2.32,2.28,2.3,11986026,27616012.96,0.4202,0.4367,0,0
2023-11-02,sh.600231,2.3,2.33,2.28,2.3,10611990,24471289.87,0.3721,0.0,0,0
2023-11-03,sh.600231,2.3,2.32,2.25,2.26,10447610,23784393.0,0.3663,-1.7391,0,0
2023-11-06,sh.600231,2.27,2.29,2.25,2.28,10394315,23591725.31,0.3644,0.885,0,0
2023-11-07,sh.600231,2.28,2.28,2.25,2.26,7300140,16532449.5,0.256,-0.8772,0,0
2023-11-08,sh.600231,2.26,2.27,2.23,2.23,8614860,19368752.5,0.302,-1.3274,0,0
2023-11-09,sh.600231,2.23,2.24,2.21,2.23,9653800,21496036.8,0.3385,0.0,0,0
2023-11-10,sh.600231,2.22,2.25,2.2,2.24,6427433,14315794.77,0.2254,0.4484,0,0
2023-11-13,sh.600231,2.25,2.35,2.24,2.34,19278360,44344245.0,0.6759,4.4643,0,0
2023-11-14,sh.600231,2.34,2.35,2.27,2.29,12498644,28644855.76,0.4382,-2.1368,0,0
2023-11-15,sh.600231,2.3,2.4,2.28,2.38,27356471,64420536.48,0.9591,3.9301,0,0
2023-11-16,sh.600231,2.37,2.4,2.33,2.37,18168060,43031238.4,0.637,-0.4202,0,0
2023-11-17,sh.600231,2.37,2.38,2.33,2.33,10466502,24530279.66,0.367,-1.6878,0,0
2023-11-20,sh.600231,2.33,2.37,2.32,2.32,12469390,29092854.9,0.4372,-0.4292,0,0
2023-11-21,sh.600231,2.33,2.37,2.33,2.34,14982652,35209744.34,0.5253,0.8621,0,0
2023-11-22,sh.600231,2.32,2.36,2.31,2.32,9903000,23148406.0,0.3472,-0.8547,0,0
2023-11-23,sh.600231,2.31,2.35,2.3,2.34,7702010,17919400.3,0.27,0.8621,0,0
2023-11-24,sh.600231,2.34,2.38,2.33,2.36,11647510,27421363.4,0.4084,0.8547,0,0
2023-11-27,sh.600231,2.35,2.36,2.31,2.31,13615706,31652204.58,0.4774,-2.1186,0,0
2023-11-28,sh.600231,2.32,2.33,2.28,2.31,11827777,27213846.33,0.4147,0.0,0,0
2023-11-29,sh.600231,2.31,2.33,2.3,2.3,11957818,27699087.14,0.4193,-0.4329,0,0
2023-11-30,sh.600231,2.3,2.31,2.28,2.31,8069240,18545588.3,0.2829,0.4348,0,0
2023-12-01,sh.600231,2.3,2.34,2.29,2.31,10055920,23333907.7,0.3526,0.0,0,0
2023-12-04,sh.600231,2.32,2.34,2.29,2.32,9018792,20869027.02,0.3162,0.4329,0,0
2023-12-05,sh.600231,2.31,2.32,2.26,2.27,9383120,21469170.4,0.329,-2.1552,0,0
2023-12-06,sh.600231,2.28,2.3,2.25,2.28,6684100,15252206.5,0.2344,0.4405,0,0
2023-12-07,sh.600231,2.28,2.3,2.25,2.29,7722460,17612150.6,0.2708,0.4386,0,0
2023-12-08,sh.600231,2.3,2.31,2.26,2.27,10182810,23300742.8,0.357,-0.8734,0,0
2023-12-11,sh.600231,2.27,2.3,2.23,2.29,11073920,25156273.8,0.3883,0.8811,0,0
2023-12-12,sh.600231,2.29,2.3,2.27,2.29,7344820,16756658.7,0.2575,0.0,0,0
2023-12-13,sh.600231,2.28,2.29,2.25,2.26,9202010,20888635.3,0.3226,-1.31,0,0
2023-12-14,sh.600231,2.26,2.27,2.25,2.25,5741940,12970664.0,0.2013,-0.4425,0,0
2023-12-15,sh.600231,2.25,2.27,2.24,2.25,5791740,13063952.6,0.2031,0.0,0,0
2023-12-18,sh.600231,2.25,2.27,2.22,2.22,9847360,22070312.2,0.3453,-1.3333,0,0
2023-12-19,sh.600231,2.23,2.24,2.18,2.19,8077010,17776749.8,0.2832,-1.3514,0,0
2023-12-20,sh.600231,2.2,2.21,2.17,2.17,6562870,14377843.9,0.2301,-0.9132,0,0
2023-12-21,sh.600231,2.16,2.2,2.14,2.19,9357670,20300483.6,0.3281,0.9217,0,0
2023-12-22,sh.600231,2.18,2.21,2.16,2.17,8032650,17568139.7,0.2816,-0.9132,0,0
2023-12-25,sh.600231,2.18,2.18,2.14,2.15,7697930,16563092.0,0.2699,-0.9217,0,0
2023-12-26,sh.600231,2.13,2.16,2.13,2.13,7148319,15289408.47,0.2506,-0.9302,0,0
2023-12-27,sh.600231,2.14,2.17,2.11,2.16,11501242,24681174.66,0.4032,1.4085,0,0
2023-12-28,sh.600231,2.16,2.19,2.15,2.18,7705044,16736155.08,0.2701,0.9259,0,0
2023-12-29,sh.600231,2.17,2.18,2.14,2.15,9316530,20139363.5,0.3266,-1.3761,0,0
2024-01-02,sh.600231,2.15,2.19,2.14,2.18,8602006,18660312.68,0.3016,1.3953,0,0
2024-01-03,sh.600231,2.17,2.2,2.16,2.19,6965672,15229469.96,0.2442,0.4587,0,0
2024-01-04,sh.600231,2.18,2.2,2.15,2.17,6485750,14088526.8,0.2274,-0.9132,0,0
2024-01-05,sh.600231,2.17,2.21,2.16,2.18,11126502,24393894.98,0.3901,0.4608,0,0
2024-01-08,sh.600231,2.18,2.18,2.13,2.13,11440801,24530772.14,0.4011,-2.2936,0,0
2024-01-09,sh.600231,2.13,2.16,2.12,2.14,10629371,22752207.95,0.3727,0.4695,0,0
2024-01-10,sh.600231,2.14,2.15,2.11,2.14,9334069,19914009.67,0.3273,0.0,0,0
2024-01-11,sh.600231,2.13,2.15,2.11,2.14,10216922,21759712.58,0.3582,0.0,0,0
2024-01-12,sh.600231,2.13,2.17,2.12,2.13,9718000,20830644.4,0.3407,-0.4673,0,0
2024-01-15,sh.600231,2.12,2.13,2.09,2.09,13661414,28737853.2,0.479,-1.8779,0,0
2024-01-16,sh.600231,2.1,2.1,2.04,2.06,12988733,26789874.45,0.4554,-1.4354,0,0
2024-01-17,sh.600231,2.06,2.07,2.02,2.02,11395311,23262564.46,0.3995,-1.9417,0,0
2024-01-18,sh.600231,2.01,2.02,1.93,1.99,15382816,30227277.58,0.5393,-1.4851,0,0
2024-01-19,sh.600231,1.98,2.02,1.96,1.99,8912307,17736213.89,0.3125,0.0,0,0
2024-01-22,sh.600231,1.99,1.99,1.85,1.88,15672505,30298077.25,0.5495,-5.5276,0,0
2024-01-23,sh.600231,1.88,1.93,1.84,1.91,14971900,28208215.06,0.5249,1.5957,0,0
2024-01-24,sh.600231,1.91,1.97,1.88,1.97,13555050,26122057.2,0.4753,3.1414,0,0
2024-01-25,sh.600231,1.97,2.03,1.96,2.03,10615100,21270888.0,0.3722,3.0457,0,0
2024-01-26,sh.600231,2.03,2.09,2.02,2.07,18377440,37927552.2,0.6443,1.9704,0,0
2024-01-29,sh.600231,2.07,2.08,2.02,2.03,11778948,24205817.2,0.413,-1.9324,0,0
2024-01-30,sh.600231,2.02,2.04,1.98,1.98,11455720,23057387.4,0.4017,-2.4631,0,0
2024-01-31,sh.600231,1.98,1.99,1.91,1.92,12555960,24413454.2,0.4402,-3.0303,0,0
2024-02-01,sh.600231,1.89,1.92,1.86,1.86,14168909,26677777.63,0.4968,-3.125,0,0
2024-02-02,sh.600231,1.86,1.9,1.74,1.8,14713900,26886790.0,0.5159,-3.2258,0,0
2024-02-05,sh.600231,1.79,1.79,1.62,1.65,20002284,33563328.74,0.7013,-8.3333,0,0
2024-02-06,sh.600231,1.62,1.73,1.55,1.66,18954418,30745198.24,0.6646,0.6061,0,0
2024-02-07,sh.600231,1.66,1.66,1.59,1.61,25803994,41684448.26,0.9047,-3.012,0,0
2024-02-08,sh.600231,1.61,1.69,1.58,1.68,20984725,34274793.27,0.7357,4.3478,0,0
2024-02-19,sh.600231,1.69,1.75,1.68,1.74,20353275,34912787.14,0.7136,3.5714,0,0
2024-02-20,sh.600231,1.74,1.75,1.7,1.73,9443182,16270324.12,0.3311,-0.5747,0,0
2024-02-21,sh.600231,1.72,1.84,1.71,1.77,15563812,27677765.02,0.5457,2.3121,0,0
2024-02-22,sh.600231,1.77,1.81,1.76,1.8,8457150,15080795.0,0.2965,1.6949,0,0
2024-02-23,sh.600231,1.8,1.82,1.77,1.81,8623330,15443596.96,0.3023,0.5556,0,0
2024-02-26,sh.600231,1.81,1.83,1.78,1.79,13750602,24735805.38,0.4821,-1.105,0,0
2024-02-27,sh.600231,1.79,1.83,1.77,1.82,9437821,17047516.87,0.3309,1.676,0,0
2024-02-28,sh.600231,1.82,1.88,1.77,1.78,21887280,40333835.94,0.7674,-2.1978,0,0
2024-02-29,sh.600231,1.76,1.81,1.76,1.81,12262580,21895058.1,0.4299,1.6854,0,0
2024-03-01,sh.600231,1.8,1.83,1.78,1.8,10044110,18053444.0,0.3522,-0.5525,0,0
2024-03-04,sh.600231,1.79,1.8,1.76,1.78,8889365,15802938.9,0.3117,-1.1111,0,0
2024-03-05,sh.600231,1.78,1.79,1.72,1.73,11219706,19563237.48,0.3934,-2.809,0,0
2024-03-06,sh.600231,1.72,1.77,1.71,1.76,9158970,16032274.08,0.3211,1.7341,0,0
2024-03-07,sh.600231,1.76,1.82,1.74,1.78,11644020,20871697.8,0.4083,1.1364,0,0
2024-03-08,sh.600231,1.78,1.79,1.74,1.77,9284270,16379449.8,0.3255,-0.5618,0,0
2024-03-11,sh.600231,1.77,1.79,1.75,1.79,8653572,15330220.92,0.3034,1.1299,0,0
2024-03-12,sh.600231,1.79,1.8,1.76,1.8,16806932,29936738.06,0.5893,0.5587,0,0
2024-03-13,sh.600231,1.8,1.8,1.76,1.77,12803220,22776667.6,0.4489,-1.6667,0,0
2024-03-14,sh.600231,1.77,1.8,1.76,1.79,14957750,26668312.0,0.5244,1.1299,0,0
2024-03-15,sh.600231,1.78,1.83,1.76,1.82,28340069,50988646.7,0.9936,1.676,0,0
2024-03-18,sh.600231,1.82,1.83,1.8,1.83,22669726,41126561.06,0.7948,0.5495,0,0
2024-03-19,sh.600231,1.82,1.88,1.8,1.85,29425944,54361657.96,1.0317,1.0929,0,0
2024-03-20,sh.600231,1.85,1.85,1.81,1.83,15643644,28578379.32,0.5485,-1.0811,0,0
2024-03-21,sh.600231,1.84,1.85,1.81,1.83,12904792,23592735.08,0.4525,0.0,0,0
2024-03-22,sh.600231,1.82,1.84,1.78,1.8,11103120,20051143.6,0.3893,-1.6393,0,0
2024-03-25,sh.600231,1.79,1.81,1.77,1.77,10297414,18430629.76,0.361,-1.6667,0,0
2024-03-26,sh.600231,1.77,1.77,1.73,1.76,8649392,15119783.2,0.3033,-0.565,0,0
2024-03-27,sh.600231,1.75,1.77,1.72,1.73,7675630,13403510.8,0.2691,-1.7045,0,0
2024-03-28,sh.600231,1.72,1.76,1.72,1.74,7898552,13733502.48,0.2769,0.578,0,0
2024-03-29,sh.600231,1.74,1.75,1.72,1.74,8497610,14722643.3,0.2979,0.0,0,0
2024-04-01,sh.600231,1.74,1.82,1.73,1.81,24332453,43382063.2,0.8531,4.023,0,0
2024-04-02,sh.600231,1.82,1.94,1.8,1.87,31978736,60048617.96,1.1212,3.3149,0,0
2024-04-03,sh.600231,1.85,1.9,1.84,1.89,24141770,45028148.2,0.8464,1.0695,0,0
2024-04-08,sh.600231,1.88,1.9,1.82,1.83,21668320,40357898.66,0.7597,-3.1746,0,0
2024-04-09,sh.600231,1.82,1.86,1.82,1.85,14025039,25829143.46,0.4917,1.0929,0,0
2024-04-10,sh.600231,1.84,1.85,1.78,1.8,12287200,22233258.0,0.4308,-2.7027,0,0
2024-04-11,sh.600231,1.78,1.84,1.77,1.81,11187630,20304914.8,0.3923,0.5556,0,0
2024-04-12,sh.600231,1.8,1.81,1.78,1.79,11182850,20082332.6,0.3921,-1.105,0,0
2024-04-15,sh.600231,1.78,1.79,1.7,1.75,17437704,30450611.8,0.6114,-2.2346,0,0
2024-04-16,sh.600231,1.74,1.74,1.65,1.65,19342664,32379021.64,0.6782,-5.7143,0,0
2024-04-17,sh.600231,1.65,1.7,1.65,1.69,13783796,23209927.56,0.4833,2.4242,0,0
2024-04-18,sh.600231,1.68,1.71,1.68,1.69,10506985,17760660.59,0.3684,0.0,0,0
2024-04-19,sh.600231,1.68,1.75,1.67,1.72,13741280,23571293.0,0.4818,1.7751,0,0
2024-04-22,sh.600231,1.71,1.72,1.67,1.69,8654100,14647240.0,0.3034,-1.7442,0,0
2024-04-23,sh.600231,1.68,1.69,1.65,1.66,9011700,14968373.0,0.316,-1.7751,0,0
2024-04-24,sh.600231,1.65,1.67,1.64,1.66,6073750,10042865.5,0.213,0.0,0,0
2024-04-25,sh.600231,1.65,1.68,1.64,1.66,7841516,13020052.74,0.2749,0.0,0,0
2024-04-26,sh.600231,1.65,1.69,1.64,1.69,8953144,14879538.32,0.3139,1.8072,0,0
2024-04-29,sh.600231,1.68,1.75,1.67,1.75,14247740,24511411.24,0.4995,3.5503,0,0
2024-04-30,sh.600231,1.74,1.75,1.7,1.73,10909688,18796924.18,0.3825,-1.1429,0,0
2024-05-06,sh.600231,1.73,1.75,1.72,1.74,9108132,15816392.06,0.3193,0.578,0,0
2024-05-07,sh.600231,1.74,1.75,1.69,1.7,14814050,25359173.8,0.5194,-2.2989,0,0
2024-05-08,sh.600231,1.7,1.71,1.67,1.68,6946490,11725518.7,0.2436,-1.1765,0,0
2024-05-09,sh.600231,1.67,1.72,1.67,1.7,8639920,14712201.3,0.3029,1.1905,0,0
2024-05-10,sh.600231,1.7,1.72,1.69,1.7,5903040,10062048.7,0.207,0.0,0,0
2024-05-13,sh.600231,1.71,1.71,1.66,1.67,7254920,12189697.3,0.2544,-1.7647,0,0
2024-05-14,sh.600231,1.67,1.69,1.66,1.68,8366590,14050054.2,0.2933,0.5988,0,0
2024-05-15,sh.600231,1.67,1.69,1.66,1.67,6254280,10481059.9,0.2193,-0.5952,0,0
2024-05-16,sh.600231,1.68,1.75,1.67,1.73,17493509,30025292.96,0.6133,3.5928,0,0
2024-05-17,sh.600231,1.73,1.73,1.68,1.73,14765442,25233788.4,0.5177,0.0,0,0
2024-05-20,sh.600231,1.73,1.76,1.72,1.73,11498553,20001034.5,0.4032,0.0,0,0
2024-05-21,sh.600231,1.72,1.72,1.7,1.71,7332880,12533465.8,0.2571,-1.1561,0,0
2024-05-22,sh.600231,1.71,1.74,1.7,1.72,7619532,13143006.36,0.2671,0.5848,0,0
2024-05-23,sh.600231,1.72,1.73,1.68,1.68,12040080,20441883.7,0.4221,-2.3256,0,0
2024-05-24,sh.600231,1.68,1.7,1.67,1.67,4973640,8371766.8,0.1744,-0.5952,0,0
2024-05-27,sh.600231,1.68,1.69,1.64,1.66,7317070,12144012.9,0.2565,-0.5988,0,0
2024-05-28,sh.600231,1.66,1.67,1.63,1.64,7699820,12706721.7,0.27,-1.2048,0,0
2024-05-29,sh.600231,1.64,1.65,1.6,1.62,11242979,18249643.16,0.3942,-1.2195,0,0
2024-05-30,sh.600231,1.62,1.64,1.59,1.6,11353810,18335287.0,0.3981,-1.2346,0,0
2024-05-31,sh.600231,1.59,1.61,1.58,1.59,9536520,15148119.7,0.3344,-0.625,0,0
2024-06-03,sh.600231,1.58,1.59,1.49,1.51,18286365,27869796.88,0.6411,-5.0314,0,0
2024-06-04,sh.600231,1.5,1.51,1.46,1.51,10166048,15122414.54,0.3564,0.0,0,0
2024-06-05,sh.600231,1.5,1.51,1.46,1.47,9973942,14752050.36,0.3497,-2.649,0,0
2024-06-06,sh.600231,1.47,1.48,1.36,1.38,22731864,31824751.08,0.797,-6.1224,0,0
2024-06-07,sh.600231,1.38,1.43,1.37,1.42,12336012,17360154.14,0.4325,2.8986,0,0
2024-06-11,sh.600231,1.42,1.42,1.39,1.4,8165664,11437943.28,0.2863,-1.4085,0,0
2024-06-12,sh.600231,1.4,1.41,1.38,1.39,6347618,8827945.04,0.2226,-0.7143,0,0
2024-06-13,sh.600231,1.4,1.4,1.34,1.35,10072740,13664692.7,0.3532,-2.8777,0,0
2024-06-14,sh.600231,1.35,1.39,1.33,1.39,11033621,15091836.68,0.3869,2.963,0,0
2024-06-17,sh.600231,1.38,1.38,1.33,1.34,15111572,20388427.97,0.5298,-3.5971,0,0
2024-06-18,sh.600231,1.34,1.36,1.33,1.35,10626642,14320836.98,0.3726,0.7463,0,0
2024-06-19,sh.600231,1.35,1.36,1.33,1.33,6079642,8152131.88,0.2132,-1.4815,0,0
2024-06-20,sh.600231,1.34,1.35,1.27,1.28,14145365,18420003.45,0.496,-3.7594,0,0
2024-06-21,sh.600231,1.28,1.32,1.25,1.3,14662470,18989035.8,0.5141,1.5625,0,0
2024-06-24,sh.600231,1.28,1.29,1.23,1.23,12403341,15493868.44,0.4349,-5.3846,0,0
2024-06-25,sh.600231,1.23,1.25,1.21,1.23,10553400,12981434.8,0.37,0.0,0,0
2024-06-26,sh.600231,1.3,1.35,1.3,1.35,33206931,44124625.75,1.1643,9.7561,0,0
2024-06-27,sh.600231,1.37,1.49,1.35,1.37,52419805,74321905.21,1.8379,1.4815,0,0
2024-06-28,sh.600231,1.37,1.38,1.31,1.33,34339532,45834086.05,1.204,-2.9197,0,0
2024-07-01,sh.600231,1.32,1.33,1.29,1.32,16833126,22091740.3,0.5902,-0.7519,0,0
2024-07-02,sh.600231,1.33,1.42,1.31,1.37,35749068,49034445.01,1.2534,3.7879,0,0
2024-07-03,sh.600231,1.37,1.4,1.35,1.36,18393278,25289945.64,0.6449,-0.7299,0,0
2024-07-04,sh.600231,1.38,1.4,1.31,1.32,22429132,30077836.38,0.7864,-2.9412,0,0
2024-07-05,sh.600231,1.31,1.35,1.29,1.34,17204739,22805811.49,0.6032,1.5152,0,0
2024-07-08,sh.600231,1.33,1.34,1.29,1.3,12925208,16934592.2,0.4532,-2.9851,0,0
2024-07-09,sh.600231,1.29,1.31,1.26,1.29,15035930,19260709.0,0.5272,-0.7692,0,0
2024-07-10,sh.600231,1.29,1.29,1.26,1.26,10426450,13236207.5,0.3656,-2.3256,0,0
2024-07-11,sh.600231,1.28,1.31,1.27,1.29,15801200,20354897.0,0.554,2.381,0,0
2024-07-12,sh.600231,1.28,1.31,1.27,1.29,14140270,18284975.3,0.4958,0.0,0,0
2024-07-15,sh.600231,1.3,1.31,1.27,1.3,12622634,16304800.66,0.4426,0.7752,0,0
2024-07-16,sh.600231,1.3,1.32,1.29,1.31,11925900,15579133.9,0.4181,0.7692,0,0
2024-07-17,sh.600231,1.32,1.35,1.3,1.33,13236294,17585966.68,0.4641,1.5267,0,0
2024-07-18,sh.600231,1.33,1.34,1.3,1.33,12119072,16001598.32,0.4249,0.0,0,0
2024-07-19,sh.600231,1.32,1.35,1.31,1.35,10445380,13915469.1,0.3662,1.5038,0,0
2024-07-22,sh.600231,1.34,1.35,1.32,1.33,5784170,7690167.4,0.2028,-1.4815,0,0
2024-07-23,sh.600231,1.32,1.34,1.3,1.31,6752530,8935562.3,0.2368,-1.5038,0,0
2024-07-24,sh.600231,1.31,1.31,1.27,1.27,8128568,10441178.16,0.285,-3.0534,0,0
2024-07-25,sh.600231,1.27,1.28,1.25,1.27,7828220,9915347.4,0.2745,0.0,0,0
2024-07-26,sh.600231,1.28,1.31,1.27,1.3,8065330,10414830.7,0.2828,2.3622,0,0
2024-07-29,sh.600231,1.3,1.31,1.29,1.3,5820302,7557610.6,0.2041,0.0,0,0
2024-07-30,sh.600231,1.3,1.32,1.29,1.32,4241060,5548917.5,0.1487,1.5385,0,0
2024-07-31,sh.600231,1.32,1.38,1.3,1.37,15878932,21433697.06,0.5567,3.7879,0,0
2024-08-01,sh.600231,1.38,1.41,1.37,1.38,13050460,18126243.0,0.4576,0.7299,0,0
2024-08-02,sh.600231,1.37,1.39,1.36,1.38,7915700,10918841.7,0.2775,0.0,0,0
2024-08-05,sh.600231,1.38,1.39,1.36,1.37,9289610,12768124.8,0.3257,-0.7246,0,0
2024-08-06,sh.600231,1.37,1.39,1.37,1.38,5865540,8086675.82,0.2057,0.7299,0,0
2024-08-07,sh.600231,1.39,1.41,1.37,1.39,8071102,11228237.9,0.283,0.7246,0,0
2024-08-08,sh.600231,1.39,1.44,1.38,1.43,10886460,15475459.7,0.3817,2.8777,0,0
2024-08-09,sh.600231,1.43,1.43,1.4,1.4,6163300,8695142.0,0.2161,-2.0979,0,0
2024-08-12,sh.600231,1.4,1.42,1.38,1.4,6666910,9334367.9,0.2337,0.0,0,0
2024-08-13,sh.600231,1.4,1.44,1.39,1.43,8773680,12483456.6,0.3076,2.1429,0,0
2024-08-14,sh.600231,1.42,1.45,1.42,1.44,6599510,9459462.5,0.2314,0.6993,0,0
2024-08-15,sh.600231,1.43,1.49,1.41,1.47,10228731,14841521.08,0.3586,2.0833,0,0
2024-08-16,sh.600231,1.47,1.48,1.41,1.42,6088300,8770252.0,0.2135,-3.4014,0,0
2024-08-19,sh.600231,1.42,1.43,1.4,1.41,4279811,6065927.82,0.1501,-0.7042,0,0
2024-08-20,sh.600231,1.42,1.43,1.39,1.4,6655790,9387575.0,0.2334,-0.7092,0,0
2024-08-21,sh.600231,1.39,1.43,1.38,1.4,6482750,9124857.0,0.2273,0.0,0,0
2024-08-22,sh.600231,1.41,1.42,1.39,1.39,5248930,7367154.7,0.184,-0.7143,0,0
2024-08-23,sh.600231,1.4,1.4,1.38,1.39,3535090,4911978.9,0.1239,0.0,0,0
2024-08-26,sh.600231,1.39,1.43,1.38,1.43,4811872,6792185.72,0.1687,2.8777,0,0
2024-08-27,sh.600231,1.42,1.43,1.4,1.42,2440200,3447130.0,0.0856,-0.6993,0,0
2024-08-28,sh.600231,1.41,1.43,1.41,1.42,2638500,3741794.0,0.0925,0.0,0,0
2024-08-29,sh.600231,1.41,1.42,1.39,1.4,4986741,6982854.3,0.1748,-1.4085,0,0
2024-08-30,sh.600231,1.39,1.44,1.38,1.42,7339601,10383176.73,0.2573,1.4286,0,0
2024-09-02,sh.600231,1.42,1.44,1.41,1.43,5116420,7280362.4,0.1794,0.7042,0,0
2024-09-03,sh.600231,1.42,1.43,1.4,1.42,4605038,6531662.58,0.1615,-0.6993,0,0
2024-09-04,sh.600231,1.41,1.42,1.39,1.4,3191200,4481392.0,0.1119,-1.4085,0,0
2024-09-05,sh.600231,1.4,1.43,1.39,1.42,4142790,5861724.4,0.1453,1.4286,0,0
2024-09-06,sh.600231,1.41,1.44,1.41,1.44,4714578,6729267.94,0.1653,1.4085,0,0
2024-09-09,sh.600231,1.43,1.43,1.39,1.42,5235100,7415104.0,0.1835,-1.3889,0,0
2024-09-10,sh.600231,1.41,1.42,1.4,1.42,3134050,4422776.5,0.1099,0.0,0,0
2024-09-11,sh.600231,1.41,1.42,1.39,1.41,3258910,4597086.4,0.1143,-0.7042,0,0
2024-09-12,sh.600231,1.41,1.43,1.4,1.42,2726535,3865108.35,0.0956,0.7092,0,0
2024-09-13,sh.600231,1.42,1.53,1.42,1.47,12063750,17729417.0,0.423,3.5211,0,0
2024-09-18,sh.600231,1.49,1.57,1.45,1.47,11628960,17371276.3,0.4077,0.0,0,0
2024-09-19,sh.600231,1.47,1.52,1.43,1.49,11102130,16347867.4,0.3893,1.3605,0,0
2024-09-20,sh.600231,1.48,1.48,1.43,1.45,7551073,10982267.74,0.2647,-2.6846,0,0
2024-09-23,sh.600231,1.45,1.51,1.43,1.48,6805520,10006807.96,0.2386,2.069,0,0
2024-09-24,sh.600231,1.48,1.63,1.48,1.63,40199519,64698376.19,1.4094,10.1351,1,0
2024-09-25,sh.600231,1.72,1.79,1.65,1.66,61244418,105709501.2,2.1473,1.8405,0,0
2024-09-26,sh.600231,1.65,1.72,1.62,1.71,36772789,61947242.36,1.2893,3.012,0,0
2024-09-27,sh.600231,1.72,1.74,1.67,1.73,27286934,46451852.42,0.9567,1.1696,0,0
2024-09-30,sh.600231,1.8,1.9,1.74,1.9,51969876,95330253.17,1.8221,9.8266,1,0
2024-10-08,sh.600231,2.08,2.09,1.86,1.94,53148594,105178282.16,1.8634,2.1053,0,0
2024-10-09,sh.600231,1.91,1.91,1.75,1.75,27907057,50206764.84,0.9785,-9.7938,0,0
2024-10-10,sh.600231,1.73,1.82,1.7,1.77,17644862,31080090.36,0.6186,1.1429,0,0
2024-10-11,sh.600231,1.81,1.86,1.76,1.78,24482304,44455229.7,0.8584,0.565,0,0
2024-10-14,sh.600231,1.78,1.82,1.75,1.79,14743417,26269914.79,0.5169,0.5618,0,0
2024-10-15,sh.600231,1.77,1.78,1.72,1.72,12094480,21133964.6,0.424,-3.9106,0,0
2024-10-16,sh.600231,1.7,1.78,1.7,1.75,11475226,20029345.7,0.4023,1.7442,0,0
2024-10-17,sh.600231,1.75,1.76,1.67,1.68,15123094,25788623.71,0.5302,-4.0,0,0
2024-10-18,sh.600231,1.68,1.72,1.64,1.7,15155040,25428707.88,0.5314,1.1905,0,0
2024-10-21,sh.600231,1.7,1.71,1.66,1.67,13877904,23355602.48,0.4866,-1.7647,0,0
2024-10-22,sh.600231,1.67,1.71,1.66,1.71,13398924,22663040.68,0.4698,2.3952,0,0
2024-10-23,sh.600231,1.71,1.76,1.69,1.73,12876210,22283474.76,0.4515,1.1696,0,0
2024-10-24,sh.600231,1.73,1.75,1.69,1.75,12635541,21773460.24,0.4482,1.1561,0,0
2024-10-25,sh.600231,1.75,1.8,1.74,1.8,18207665,32277936.9,0.6458,2.8571,0,0
2024-10-28,sh.600231,1.9,1.98,1.86,1.98,69593293,136095660.73,2.4686,10.0,1,0
2024-10-29,sh.600231,2.02,2.02,1.86,1.88,74338690,143241753.02,2.6369,-5.0505,0,0
2024-10-30,sh.600231,1.82,1.95,1.82,1.91,46812497,89090401.52,1.6605,1.5957,0,0
2024-10-31,sh.600231,1.9,1.99,1.86,1.98,54159048,105406398.37,1.9211,3.6649,0,0
2024-11-01,sh.600231,1.98,2.12,1.96,2.06,79687365,162135845.5,2.8266,4.0404,0,0
2024-11-04,sh.600231,2.05,2.05,1.9,1.93,44188445,85480827.88,1.5674,-6.3107,0,0
2024-11-05,sh.600231,1.94,2.03,1.92,2.03,42076642,83757736.9,1.4925,5.1813,0,0
2024-11-06,sh.600231,2.05,2.08,1.95,2.03,34536311,69358914.2,1.225,0.0,0,0
2024-11-07,sh.600231,2.0,2.14,1.99,2.1,46434408,96440153.07,1.6471,3.4483,0,0
2024-11-08,sh.600231,2.12,2.15,2.05,2.06,33202547,69568406.24,1.1777,-1.9048,0,0
2024-11-11,sh.600231,2.05,2.18,2.01,2.16,48221401,100739852.51,1.7105,4.8544,0,0
2024-11-12,sh.600231,2.17,2.28,2.07,2.14,74943166,161934150.97,2.6583,-0.9259,0,0
2024-11-13,sh.600231,2.1,2.12,2.03,2.07,24108710,49941287.36,0.8552,-3.271,0,0
2024-11-14,sh.600231,2.08,2.08,1.98,1.99,20286380,40995258.75,0.7196,-3.8647,0,0
2024-11-15,sh.600231,2.0,2.01,1.95,1.95,14858699,29367818.43,0.5271,-2.0101,0,0
2024-11-18,sh.600231,1.99,2.05,1.97,2.01,20412705,41166653.24,0.7241,3.0769,0,0
2024-11-19,sh.600231,2.0,2.03,1.95,2.03,19536630,39052501.0,0.693,0.995,0,0
2024-11-20,sh.600231,2.02,2.05,1.99,2.04,12136636,24586253.07,0.4305,0.4926,0,0
2024-11-21,sh.600231,2.04,2.05,2.0,2.02,9962750,20174202.3,0.3534,-0.9804,0,0
2024-11-22,sh.600231,2.02,2.06,1.99,1.99,19961610,40282720.4,0.7081,-1.4851,0,0
2024-11-25,sh.600231,1.99,2.06,1.97,2.03,16168370,32779205.88,0.5735,2.0101,0,0
2024-11-26,sh.600231,2.01,2.04,2.0,2.0,9213820,18560060.6,0.3268,-1.4778,0,0
2024-11-27,sh.600231,2.0,2.06,1.98,2.04,19957451,40367360.69,0.7079,2.0,0,0
2024-11-28,sh.600231,2.04,2.11,2.04,2.05,19315361,40119757.98,0.6851,0.4902,0,0
2024-11-29,sh.600231,2.06,2.06,2.0,2.01,14305822,28926745.22,0.5074,-1.9512,0,0
2024-12-02,sh.600231,2.02,2.12,2.02,2.1,27320893,56910182.17,0.9691,4.4776,0,0
2024-12-03,sh.600231,2.1,2.12,2.06,2.08,10181873,21137148.42,0.3612,-0.9524,0,0
2024-12-04,sh.600231,2.06,2.11,2.05,2.06,13774390,28610776.5,0.4886,-0.9615,0,0
2024-12-05,sh.600231,2.07,2.11,2.06,2.1,14442386,30153279.38,0.5123,1.9417,0,0
2024-12-06,sh.600231,2.1,2.19,2.1,2.18,32052692,69144647.24,1.1369,3.8095,0,0
2024-12-09,sh.600231,2.19,2.25,2.11,2.12,26953492,58567592.9,0.9561,-2.7523,0,0
2024-12-10,sh.600231,2.19,2.21,2.05,2.07,44027224,92292330.13,1.5617,-2.3585,0,0
2024-12-11,sh.600231,2.06,2.17,2.05,2.16,43579217,92908651.05,1.5458,4.3478,0,0
2024-12-12,sh.600231,2.16,2.18,2.11,2.14,17078192,36512763.66,0.6058,-0.9259,0,0
2024-12-13,sh.600231,2.17,2.27,2.11,2.12,54469595,118235015.39,1.9321,-0.9346,0,0
2024-12-16,sh.600231,2.1,2.15,2.08,2.09,27449580,57917315.1,0.9737,-1.4151,0,0
2024-12-17,sh.600231,2.1,2.11,1.98,2.01,32550073,65506656.84,1.1546,-3.8278,0,0
2024-12-18,sh.600231,2.02,2.08,2.01,2.02,20157050,41187319.1,0.715,0.4975,0,0
2024-12-19,sh.600231,2.03,2.05,1.98,2.01,15894460,31903859.9,0.5638,-0.495,0,0
2024-12-20,sh.600231,2.0,2.01,1.96,1.98,14683786,29031952.56,0.5209,-1.4925,0,0
2024-12-23,sh.600231,1.98,1.98,1.88,1.89,21443440,40913622.4,0.7606,-4.5455,0,0
2024-12-24,sh.600231,1.89,1.92,1.85,1.9,14952706,28222805.28,0.5304,0.5291,0,0
2024-12-25,sh.600231,1.89,1.89,1.8,1.82,14688760,26868710.8,0.521,-4.2105,0,0
2024-12-26,sh.600231,1.82,1.84,1.8,1.82,10277388,18668064.18,0.3646,0.0,0,0
2024-12-27,sh.600231,1.82,1.87,1.8,1.84,10434465,19330362.03,0.3701,1.0989,0,0
2024-12-30,sh.600231,1.85,1.86,1.78,1.8,10803900,19476665.0,0.3832,-2.1739,0,0
2024-12-31,sh.600231,1.81,1.85,1.78,1.79,12202460,22197048.4,0.4328,-0.5556,0,0
2025-01-02,sh.600231,1.79,1.81,1.74,1.76,15652308,27829502.88,0.5552,-1.676,0,0
2025-01-03,sh.600231,1.77,1.77,1.68,1.68,12656020,21722678.2,0.4489,-4.5455,0,0
2025-01-06,sh.600231,1.68,1.71,1.64,1.71,10876275,18361226.12,0.3858,1.7857,0,0
2025-01-07,sh.600231,1.7,1.72,1.68,1.72,7392860,12572916.2,0.2622,0.5848,0,0
2025-01-08,sh.600231,1.72,1.72,1.66,1.7,8060480,13628103.2,0.2859,-1.1628,0,0
2025-01-09,sh.600231,1.69,1.7,1.68,1.69,4900806,8285421.72,0.1738,-0.5882,0,0
2025-01-10,sh.600231,1.68,1.7,1.62,1.63,9788214,16173891.28,0.3472,-3.5503,0,0
2025-01-13,sh.600231,1.64,1.64,1.59,1.64,6194168,10041541.28,0.2197,0.6135,0,0
2025-01-14,sh.600231,1.64,1.7,1.63,1.7,9504052,15916739.58,0.3371,3.6585,0,0
2025-01-15,sh.600231,1.69,1.7,1.66,1.68,5711790,9601756.3,0.2026,-1.1765,0,0
2025-01-16,sh.600231,1.69,1.74,1.69,1.72,11269210,19373122.6,0.3997,2.381,0,0
2025-01-17,sh.600231,1.72,1.72,1.67,1.68,7474500,12647681.6,0.2651,-2.3256,0,0
2025-01-20,sh.600231,1.67,1.79,1.63,1.74,23963064,41420218.04,0.85,3.5714,0,0
2025-01-21,sh.600231,1.75,1.76,1.7,1.71,9438069,16240117.3,0.3348,-1.7241,0,0
2025-01-22,sh.600231,1.69,1.7,1.66,1.68,6472000,10902937.0,0.2296,-1.7544,0,0
2025-01-23,sh.600231,1.69,1.73,1.69,1.7,8798320,15055349.2,0.3121,1.1905,0,0
2025-01-24,sh.600231,1.7,1.76,1.67,1.73,12191827,20880439.72,0.4325,1.7647,0,0
2025-01-27,sh.600231,1.71,1.8,1.71,1.73,12839257,22591764.89,0.4554,0.0,0,0
2025-02-05,sh.600231,1.75,1.75,1.7,1.72,8002165,13754682.26,0.2838,-0.578,0,0
2025-02-06,sh.600231,1.71,1.75,1.71,1.74,7298014,12618923.88,0.2589,1.1628,0,0
2025-02-07,sh.600231,1.74,1.81,1.73,1.79,16826894,29880662.32,0.5969,2.8736,0,0
2025-02-10,sh.600231,1.79,1.83,1.79,1.81,10615740,19228494.7,0.3766,1.1173,0,0
2025-02-11,sh.600231,1.82,1.83,1.75,1.78,18279360,32482088.8,0.6484,-1.6575,0,0
2025-02-12,sh.600231,1.78,1.8,1.74,1.77,12343222,21777310.42,0.4378,-0.5618,0,0
2025-02-13,sh.600231,1.77,1.81,1.76,1.78,11134563,19841698.81,0.395,0.565,0,0
2025-02-14,sh.600231,1.78,1.79,1.74,1.74,10981370,19268786.8,0.3895,-2.2472,0,0
2025-02-17,sh.600231,1.75,1.79,1.73,1.77,11436630,20208422.4,0.4057,1.7241,0,0
2025-02-18,sh.600231,1.78,1.78,1.73,1.73,11957060,20879653.8,0.4241,-2.2599,0,0
2025-02-19,sh.600231,1.73,1.74,1.7,1.71,13167332,22586065.92,0.4671,-1.1561,0,0
2025-02-20,sh.600231,1.71,1.73,1.7,1.72,9101260,15634089.9,0.3228,0.5848,0,0
2025-02-21,sh.600231,1.72,1.73,1.69,1.7,8383076,14300827.2,0.2974,-1.1628,0,0
2025-02-24,sh.600231,1.71,1.74,1.68,1.72,13308052,22899475.45,0.4721,1.1765,0,0
2025-02-25,sh.600231,1.71,1.73,1.68,1.71,12554430,21471144.7,0.4453,-0.5814,0,0
2025-02-26,sh.600231,1.7,1.88,1.7,1.88,53774633,97680456.01,1.9075,9.9415,1,0
2025-02-27,sh.600231,1.89,1.92,1.83,1.86,42359223,79137010.13,1.5025,-1.0638,0,0
2025-02-28,sh.600231,1.87,1.94,1.82,1.82,26757909,49774972.0,0.9491,-2.1505,0,0
2025-03-03,sh.600231,1.83,1.91,1.83,1.85,27838789,52035127.38,0.9875,1.6484,0,0
2025-03-04,sh.600231,1.87,1.89,1.82,1.85,19323500,35815320.9,0.6854,0.0,0,0
2025-03-05,sh.600231,1.84,1.87,1.78,1.87,22977904,41711866.28,0.8151,1.0811,0,0
2025-03-06,sh.600231,1.86,1.87,1.82,1.84,18172368,33412910.14,0.6446,-1.6043,0,0
2025-03-07,sh.600231,1.85,1.9,1.84,1.86,21827988,40757148.39,0.7743,1.087,0,0
2025-03-10,sh.600231,1.85,1.86,1.81,1.82,13261030,24261990.6,0.4704,-2.1505,0,0
2025-03-11,sh.600231,1.81,1.82,1.79,1.82,13667722,24665190.38,0.4848,0.0,0,0
2025-03-12,sh.600231,1.82,1.83,1.78,1.79,15582576,27954676.28,0.5527,-1.6484,0,0
2025-03-13,sh.600231,1.79,1.8,1.76,1.8,14639226,26010421.08,0.5193,0.5587,0,0
2025-03-14,sh.600231,1.79,1.83,1.76,1.82,19241249,34625405.94,0.6825,1.1111,0,0
2025-03-17,sh.600231,1.83,1.86,1.8,1.83,21134662,38751736.4,0.7497,0.5495,0,0
2025-03-18,sh.600231,1.83,1.84,1.79,1.81,16385569,29574812.7,0.5812,-1.0929,0,0
2025-03-19,sh.600231,1.8,1.81,1.77,1.78,12502314,22324722.66,0.4435,-1.6575,0,0
2025-03-20,sh.600231,1.78,1.84,1.77,1.81,20603678,37283999.04,0.7308,1.6854,0,0
2025-03-21,sh.600231,1.81,1.87,1.8,1.83,27985361,51485035.75,0.9927,1.105,0,0
2025-03-24,sh.600231,1.84,1.9,1.78,1.83,36955200,67164744.7,1.3108,0.0,0,0
2025-03-25,sh.600231,1.8,1.88,1.79,1.81,27237697,49835129.47,0.9662,-1.0929,0,0
2025-03-26,sh.600231,1.8,1.83,1.79,1.81,14880004,26981263.26,0.5278,0.0,0,0
2025-03-27,sh.600231,1.82,1.82,1.76,1.78,17804920,31658120.3,0.6316,-1.6575,0,0
2025-03-28,sh.600231,1.77,1.78,1.73,1.75,16275528,28493846.92,0.5773,-1.6854,0,0
2025-03-31,sh.600231,1.73,1.74,1.69,1.71,11612166,19898597.66,0.4119,-2.2857,0,0
2025-04-01,sh.600231,1.71,1.74,1.69,1.72,15180610,26099159.6,0.5385,0.5848,0,0
2025-04-02,sh.600231,1.72,1.72,1.69,1.7,11905000,20295697.7,0.4223,-1.1628,0,0
2025-04-03,sh.600231,1.69,1.73,1.69,1.72,12771234,21812845.04,0.453,1.1765,0,0
2025-04-07,sh.600231,1.67,1.67,1.55,1.55,18865300,29952935.0,0.6692,-9.8837,0,1
2025-04-08,sh.600231,1.55,1.57,1.53,1.55,15393805,23859060.63,0.546,0.0,0,0
2025-04-09,sh.600231,1.54,1.61,1.46,1.6,18591089,28632794.27,0.6594,3.2258,0,0
2025-04-10,sh.600231,1.62,1.63,1.6,1.62,11469272,18556810.43,0.4068,1.25,0,0
2025-04-11,sh.600231,1.61,1.74,1.6,1.67,19665159,32613098.76,0.6975,3.0864,0,0
2025-04-14,sh.600231,1.68,1.69,1.67,1.67,7209310,12097949.7,0.2557,0.0,0,0
2025-04-15,sh.600231,1.69,1.69,1.63,1.64,8842820,14537097.8,0.3137,-1.7964,0,0
2025-04-16,sh.600231,1.64,1.66,1.61,1.65,11050450,18035856.5,0.392,0.6098,0,0
2025-04-17,sh.600231,1.64,1.66,1.63,1.64,7329930,12061909.8,0.26,-0.6061,0,0
2025-04-18,sh.600231,1.65,1.65,1.62,1.64,6479940,10592719.6,0.2299,0.0,0,0
2025-04-21,sh.600231,1.64,1.66,1.63,1.65,8095680,13353214.6,0.2872,0.6098,0,0
2025-04-22,sh.600231,1.65,1.67,1.63,1.66,8492808,14013670.7,0.3013,0.6061,0,0
2025-04-23,sh.600231,1.66,1.67,1.64,1.65,7772980,12847740.6,0.2757,-0.6024,0,0
2025-04-24,sh.600231,1.66,1.66,1.62,1.64,7472103,12278895.51,0.265,-0.6061,0,0
2025-04-25,sh.600231,1.65,1.69,1.64,1.66,15593270,25965902.8,0.5531,1.2195,0,0
2025-04-28,sh.600231,1.66,1.69,1.64,1.66,13593986,22584480.44,0.4822,0.0,0,0
2025-04-29,sh.600231,1.67,1.71,1.66,1.68,16947076,28572868.2,0.6011,1.2048,0,0
2025-04-30,sh.600231,1.66,1.69,1.64,1.66,15079640,25097137.2,0.5349,-1.1905,0,0
2025-05-06,sh.600231,1.66,1.68,1.65,1.68,13626449,22719029.44,0.4833,1.2048,0,0
2025-05-07,sh.600231,1.69,1.71,1.69,1.7,15835919,26917941.08,0.5617,1.1905,0,0
2025-05-08,sh.600231,1.7,1.71,1.68,1.7,9633940,16367979.0,0.3417,0.0,0,0
2025-05-09,sh.600231,1.7,1.71,1.67,1.68,10959860,18496039.4,0.3888,-1.1765,0,0
2025-05-12,sh.600231,1.68,1.69,1.66,1.68,8966589,15047138.33,0.3181,0.0,0,0
2025-05-13,sh.600231,1.69,1.71,1.68,1.69,8970128,15177285.07,0.3182,0.5952,0,0
2025-05-14,sh.600231,1.69,1.71,1.67,1.7,9434569,15938242.7,0.3347,0.5917,0,0
2025-05-15,sh.600231,1.7,1.73,1.69,1.69,12939240,22107150.9,0.459,-0.5882,0,0
2025-05-16,sh.600231,1.69,1.7,1.67,1.68,11013000,18530672.0,0.3906,-0.5917,0,0
2025-05-19,sh.600231,1.68,1.74,1.68,1.73,19976230,34310084.7,0.7086,2.9762,0,0
2025-05-20,sh.600231,1.74,1.75,1.71,1.74,14785000,25553963.3,0.5244,0.578,0,0
2025-05-21,sh.600231,1.74,1.75,1.72,1.75,8078384,14046235.32,0.2866,0.5747,0,0
2025-05-22,sh.600231,1.75,1.76,1.72,1.72,8972740,15561424.8,0.3183,-1.7143,0,0
2025-05-23,sh.600231,1.72,1.74,1.7,1.71,11981810,20674045.9,0.425,-0.5814,0,0
2025-05-26,sh.600231,1.7,1.73,1.7,1.71,8073952,13841530.44,0.2864,0.0,0,0
2025-05-27,sh.600231,1.7,1.73,1.69,1.72,9655680,16509407.2,0.3425,0.5848,0,0
2025-05-28,sh.600231,1.72,1.73,1.69,1.71,8520971,14530794.5,0.3022,-0.5814,0,0
2025-05-29,sh.600231,1.71,1.73,1.69,1.72,7229103,12386562.53,0.2564,0.5848,0,0
2025-05-30,sh.600231,1.71,1.72,1.69,1.7,6655150,11323211.0,0.2361,-1.1628,0,0
2025-06-03,sh.600231,1.69,1.7,1.68,1.69,6051151,10226648.78,0.2146,-0.5882,0,0
2025-06-04,sh.600231,1.7,1.72,1.69,1.72,7464884,12728502.57,0.2648,1.7751,0,0
2025-06-05,sh.600231,1.72,1.73,1.7,1.71,7749520,13247417.5,0.2749,-0.5814,0,0
2025-06-06,sh.600231,1.71,1.74,1.7,1.73,10459430,18044014.6,0.371,1.1696,0,0
2025-06-09,sh.600231,1.73,1.74,1.71,1.73,5859500,10143892.4,0.2078,0.0,0,0
2025-06-10,sh.600231,1.74,1.75,1.71,1.73,8399052,14540383.06,0.2979,0.0,0,0
2025-06-11,sh.600231,1.72,1.75,1.72,1.74,6649234,11573795.68,0.2359,0.578,0,0
2025-06-12,sh.600231,1.74,1.75,1.71,1.73,7463530,12894713.6,0.2647,-0.5747,0,0
2025-06-13,sh.600231,1.73,1.73,1.7,1.7,8126120,13918540.6,0.2882,-1.7341,0,0
2025-06-16,sh.600231,1.7,1.72,1.7,1.72,5728840,9816101.8,0.2032,1.1765,0,0
2025-06-17,sh.600231,1.73,1.74,1.72,1.74,9448410,16362182.3,0.3351,1.1628,0,0
2025-06-18,sh.600231,1.73,1.74,1.71,1.72,6189400,10665792.0,0.2195,-1.1494,0,0
2025-06-19,sh.600231,1.72,1.73,1.69,1.7,8548990,14572413.1,0.3032,-1.1628,0,0
2025-06-20,sh.600231,1.7,1.71,1.69,1.71,6621600,11262272.0,0.2349,0.5882,0,0
2025-06-23,sh.600231,1.71,1.73,1.68,1.72,9217790,15790158.5,0.327,0.5848,0,0
2025-06-24,sh.600231,1.73,1.74,1.71,1.74,9029102,15600667.44,0.3203,1.1628,0,0
2025-06-25,sh.600231,1.74,1.78,1.73,1.77,17049408,29929321.92,0.6048,1.7241,0,0
2025-06-26,sh.600231,1.78,1.79,1.73,1.74,10767930,18889902.2,0.382,-1.6949,0,0
2025-06-27,sh.600231,1.74,1.78,1.74,1.74,9675640,17004117.6,0.3432,0.0,0,0
2025-06-30,sh.600231,1.75,1.76,1.73,1.74,8058214,14066586.36,0.2858,0.0,0,0
2025-07-01,sh.600231,1.75,1.77,1.74,1.77,11090170,19496496.5,0.3934,1.7241,0,0
2025-07-02,sh.600231,1.77,1.89,1.76,1.83,41257166,74993735.37,1.4634,3.3898,0,0
2025-07-03,sh.600231,1.82,1.91,1.81,1.87,49426633,91756337.54,1.7532,2.1858,0,0
2025-07-04,sh.600231,1.87,2.06,1.86,2.06,127932779,260647436.37,4.5379,10.1604,1,0
2025-07-07,sh.600231,2.0,2.04,1.95,1.96,114397249,227083727.85,4.0578,-4.8544,0,0
2025-07-08,sh.600231,1.96,2.02,1.9,1.99,72128374,141440500.57,2.5585,1.5306,0,0
2025-07-09,sh.600231,1.99,2.06,1.97,2.0,57373159,114724639.09,2.0351,0.5025,0,0
2025-07-10,sh.600231,2.0,2.03,1.97,2.0,43851513,87333356.1,1.5555,0.0,0,0
2025-07-11,sh.600231,2.0,2.08,2.0,2.01,58547190,118506191.4,2.0767,0.5,0,0
2025-07-14,sh.600231,2.01,2.1,2.0,2.02,57469977,117614341.43,2.0385,0.4975,0,0
2025-07-15,sh.600231,2.0,2.01,1.91,1.93,43612999,85217944.41,1.547,-4.4554,0,0
2025-07-16,sh.600231,1.93,1.93,1.86,1.88,26354065,49512698.31,0.9348,-2.5907,0,0
2025-07-17,sh.600231,1.88,2.0,1.87,1.98,58914177,114844237.86,2.0898,5.3191,0,0
2025-07-18,sh.600231,1.97,2.02,1.96,1.99,27000681,53601997.17,0.9577,0.5051,0,0
2025-07-21,sh.600231,2.01,2.09,2.01,2.07,44659962,92028259.04,1.5841,4.0201,0,0
2025-07-22,sh.600231,2.08,2.16,2.06,2.14,49191134,104079088.88,1.7449,3.3816,0,0
2025-07-23,sh.600231,2.16,2.22,2.11,2.12,59579811,128556177.87,2.1134,-0.9346,0,0
2025-07-24,sh.600231,2.1,2.18,2.07,2.16,36705772,78545189.46,1.302,1.8868,0,0
2025-07-25,sh.600231,2.15,2.18,2.11,2.11,29076490,61919490.8,1.0314,-2.3148,0,0
2025-07-28,sh.600231,2.11,2.12,2.06,2.08,25108020,52143489.4,0.8906,-1.4218,0,0
2025-07-29,sh.600231,2.08,2.13,2.05,2.12,25248564,52680632.84,0.8956,1.9231,0,0
2025-07-30,sh.600231,2.11,2.19,2.11,2.15,36351865,78249543.09,1.2894,1.4151,0,0
2025-07-31,sh.600231,2.14,2.15,2.03,2.05,31670830,65234698.3,1.1234,-4.6512,0,0
2025-08-01,sh.600231,2.04,2.08,2.03,2.04,19388760,39805159.3,0.6877,-0.4878,0,0
2025-08-04,sh.600231,2.04,2.06,2.0,2.05,18687511,38078660.2,0.6629,0.4902,0,0
2025-08-05,sh.600231,2.08,2.11,2.05,2.08,21337850,44461545.9,0.7569,1.4634,0,0
2025-08-06,sh.600231,2.08,2.13,2.05,2.11,21654880,45413098.8,0.7681,1.4423,0,0
2025-08-07,sh.600231,2.12,2.13,2.02,2.06,26527920,54398638.7,0.941,-2.3697,0,0
2025-08-08,sh.600231,2.07,2.1,2.04,2.09,20643211,42837161.02,0.7322,1.4563,0,0
2025-08-11,sh.600231,2.09,2.14,2.09,2.11,19739382,41719585.68,0.7002,0.9569,0,0
2025-08-12,sh.600231,2.12,2.13,2.09,2.1,18625269,39145577.91,0.6607,-0.4739,0,0
2025-08-13,sh.600231,2.11,2.31,2.1,2.2,103663705,231862392.14,3.6771,4.7619,0,0
2025-08-14,sh.600231,2.18,2.19,2.06,2.06,75952376,160415013.28,2.6941,-6.3636,0,0
2025-08-15,sh.600231,2.05,2.13,2.05,2.11,41557645,87219455.13,1.4741,2.4272,0,0
2025-08-18,sh.600231,2.1,2.12,2.07,2.08,39894982,83334742.46,1.4151,-1.4218,0,0
2025-08-19,sh.600231,2.07,2.1,2.06,2.08,26299240,54727803.0,0.9329,0.0,0,0
2025-08-20,sh.600231,2.07,2.11,2.06,2.09,19843270,41471470.59,0.7039,0.4808,0,0
2025-08-21,sh.600231,2.09,2.14,2.08,2.12,38564410,81615457.2,1.3679,1.4354,0,0
2025-08-22,sh.600231,2.12,2.13,2.07,2.1,24851150,51823740.4,0.8815,-0.9434,0,0
2025-08-25,sh.600231,2.09,2.19,2.08,2.15,39270938,84289849.03,1.393,2.381,0,0
2025-08-26,sh.600231,2.15,2.16,2.1,2.14,24711070,52732317.3,0.8765,-0.4651,0,0
2025-08-27,sh.600231,2.14,2.14,2.07,2.07,31461163,66000351.01,1.116,-3.271,0,0
2025-08-28,sh.600231,2.05,2.09,2.03,2.08,25218072,51941430.36,0.8945,0.4831,0,0
2025-08-29,sh.600231,2.07,2.12,2.06,2.07,16308440,33954500.7,0.5785,-0.4808,0,0
2025-09-01,sh.600231,2.08,2.11,2.04,2.08,21969662,45600970.78,0.7793,0.4831,0,0
2025-09-02,sh.600231,2.08,2.08,2.03,2.05,26703815,54764955.26,0.9472,-1.4423,0,0
2025-09-03,sh.600231,2.05,2.07,1.98,1.99,25994772,52389320.56,0.9221,-2.9268,0,0
2025-09-04,sh.600231,1.99,2.0,1.97,1.98,18264402,36260296.38,0.6479,-0.5025,0,0
2025-09-05,sh.600231,1.98,2.01,1.95,2.0,17868342,35236797.32,0.6338,1.0101,0,0
2025-09-08,sh.600231,2.0,2.05,1.99,2.03,18750402,37938158.92,0.6651,1.5,0,0
2025-09-09,sh.600231,2.03,2.05,2.0,2.01,20402240,41301248.0,0.7237,-0.9852,0,0
2025-09-10,sh.600231,2.01,2.02,1.98,2.01,14186040,28386620.5,0.5032,0.0,0,0
2025-09-11,sh.600231,2.01,2.03,1.98,2.02,16369405,32855267.1,0.5806,0.4975,0,0
2025-09-12,sh.600231,2.03,2.17,2.02,2.1,44022458,92074951.32,1.5615,3.9604,0,0
2025-09-15,sh.600231,2.08,2.15,2.06,2.15,47322974,100166875.06,1.6786,2.381,0,0
2025-09-16,sh.600231,2.14,2.22,2.14,2.22,53547123,117263385.59,1.8994,3.2558,0,0
2025-09-17,sh.600231,2.22,2.23,2.16,2.22,30000777,65852226.5,1.0642,0.0,0,0
2025-09-18,sh.600231,2.21,2.25,2.14,2.17,35631600,78292021.0,1.2639,-2.2523,0,0
2025-09-19,sh.600231,2.18,2.23,2.11,2.12,28757470,62041367.9,1.0201,-2.3041,0,0
2025-09-22,sh.600231,2.13,2.13,2.06,2.11,21972143,45936783.97,0.7794,-0.4717,0,0
2025-09-23,sh.600231,2.11,2.11,1.99,2.03,30870830,62719692.7,1.095,-3.7915,0,0
2025-09-24,sh.600231,2.04,2.06,2.0,2.05,19454382,39677844.58,0.6901,0.9852,0,0
2025-09-25,sh.600231,2.04,2.07,2.02,2.02,15929920,32446837.6,0.5651,-1.4634,0,0
2025-09-26,sh.600231,2.02,2.05,1.99,2.01,13406200,27141083.7,0.4755,-0.495,0,0
2025-09-29,sh.600231,2.01,2.05,1.97,2.05,18979520,38235420.0,0.6732,1.99,0,0
2025-09-30,sh.600231,2.05,2.07,2.02,2.04,14602980,29839524.4,0.518,-0.4878,0,0
2025-10-09,sh.600231,2.05,2.15,2.05,2.15,35857032,75378540.75,1.2719,5.3922,0,0
2025-10-10,sh.600231,2.15,2.22,2.11,2.19,38179097,83402769.69,1.3543,1.8605,0,0
2025-10-13,sh.600231,2.12,2.22,2.07,2.22,33937992,73816420.92,1.2038,1.3699,0,0
2025-10-14,sh.600231,2.22,2.33,2.22,2.23,63533538,144436921.15,2.2536,0.4505,0,0
2025-10-15,sh.600231,2.24,2.33,2.22,2.26,56289242,127633909.75,1.9966,1.3453,0,0
2025-10-16,sh.600231,2.23,2.24,2.19,2.2,28684300,63401000.0,1.0175,-2.6549,0,0
2025-10-17,sh.600231,2.24,2.42,2.2,2.42,59644052,142224569.25,2.1156,10.0,1,0
2025-10-20,sh.600231,2.46,2.5,2.3,2.37,139045884,328997280.4,4.9321,-2.0661,0,0
2025-10-21,sh.600231,2.36,2.43,2.28,2.41,97162466,230288802.65,3.4465,1.6878,0,0
2025-10-22,sh.600231,2.38,2.65,2.36,2.65,135881585,348289354.35,4.8199,9.9585,1,0
2025-10-23,sh.600231,2.55,2.56,2.41,2.44,140868192,348136711.08,4.9967,-7.9245,0,0
2025-10-24,sh.600231,2.44,2.49,2.3,2.31,88555135,207958781.6,3.1411,-5.3279,0,0
2025-10-27,sh.600231,2.31,2.34,2.25,2.29,64665626,148240632.44,2.2938,-0.8658,0,0
2025-10-28,sh.600231,2.28,2.29,2.25,2.28,43478440,98789634.7,1.5422,-0.4367,0,0
2025-10-29,sh.600231,2.28,2.32,2.25,2.32,41142420,93850905.63,1.4594,1.7544,0,0
2025-10-30,sh.600231,2.3,2.39,2.28,2.37,74015426,172959558.42,2.6254,2.1552,0,0
2025-10-31,sh.600231,2.35,2.38,2.33,2.35,39161899,91984175.02,1.3917,-0.8439,0,0
2025-11-03,sh.600231,2.37,2.39,2.32,2.35,32512612,76317412.86,1.1554,0.0,0,0
2025-11-04,sh.600231,2.34,2.44,2.33,2.39,46438152,110812431.01,1.6503,1.7021,0,0
2025-11-05,sh.600231,2.36,2.41,2.33,2.38,35657208,84760324.34,1.2672,-0.4184,0,0
2025-11-06,sh.600231,2.38,2.41,2.34,2.37,38849914,91884605.04,1.3806,-0.4202,0,0
2025-11-07,sh.600231,2.35,2.41,2.31,2.34,42960324,101197857.99,1.5267,-1.2658,0,0
2025-11-10,sh.600231,2.34,2.36,2.3,2.33,35937719,83873077.74,1.2771,-0.4274,0,0
2025-11-11,sh.600231,2.34,2.4,2.33,2.39,44814516,106604500.7,1.5926,2.5751,0,0
2025-11-12,sh.600231,2.4,2.53,2.37,2.44,57429686,139528617.86,2.0409,2.0921,0,0
2025-11-13,sh.600231,2.44,2.6,2.44,2.53,74757184,189440931.24,2.6567,3.6885,0,0
2025-11-14,sh.600231,2.56,2.6,2.52,2.55,55237529,140718623.11,1.963,0.7905,0,0
2025-11-17,sh.600231,2.55,2.57,2.52,2.57,33155533,84568379.57,1.1783,0.7843,0,0
2025-11-18,sh.600231,2.56,2.56,2.42,2.46,60293214,148325213.3,2.1427,-4.2802,0,0
2025-11-19,sh.600231,2.49,2.57,2.41,2.46,64518112,159431299.92,2.2928,0.0,0,0
2025-11-20,sh.600231,2.46,2.51,2.41,2.46,38078201,93940102.31,1.3532,0.0,0,0
2025-11-21,sh.600231,2.42,2.44,2.3,2.3,35369015,83526340.23,1.2569,-6.5041,0,0
2025-11-24,sh.600231,2.34,2.35,2.27,2.3,20627434,47498399.26,0.733,0.0,0,0
2025-11-25,sh.600231,2.31,2.31,2.26,2.27,22022990,50137905.5,0.7826,-1.3043,0,0
2025-11-26,sh.600231,2.26,2.33,2.26,2.27,23400960,53574959.2,0.8316,0.0,0,0
2025-11-27,sh.600231,2.27,2.28,2.24,2.25,17958530,40506295.7,0.6382,-0.8811,0,0
2025-11-28,sh.600231,2.24,2.28,2.21,2.27,18894977,42441711.13,0.6715,0.8889,0,0
2025-12-01,sh.600231,2.28,2.31,2.27,2.29,20578187,47117270.26,0.7313,0.8811,0,0
2025-12-02,sh.600231,2.29,2.29,2.24,2.29,15902060,36080439.4,0.5651,0.0,0,0
2025-12-03,sh.600231,2.27,2.3,2.2,2.2,27870700,62354562.0,0.9905,-3.9301,0,0
2025-12-04,sh.600231,2.19,2.21,2.13,2.14,25522920,55047335.5,0.907,-2.7273,0,0
2025-12-05,sh.600231,2.15,2.19,2.13,2.18,18041406,38999043.6,0.6411,1.8692,0,0
2025-12-08,sh.600231,2.19,2.19,2.15,2.17,18775672,40746838.24,0.6672,-0.4587,0,0
2025-12-09,sh.600231,2.17,2.17,2.12,2.13,17041330,36451990.9,0.6056,-1.8433,0,0
2025-12-10,sh.600231,2.12,2.14,2.1,2.13,14367720,30418551.2,0.5106,0.0,0,0
2025-12-11,sh.600231,2.13,2.14,2.06,2.06,17109041,35630390.37,0.608,-3.2864,0,0
2025-12-12,sh.600231,2.07,2.09,2.05,2.05,13842098,28651114.28,0.4919,-0.4854,0,0
2025-12-15,sh.600231,2.05,2.11,2.03,2.08,17167354,35731572.0,0.6101,1.4634,0,0
2025-12-16,sh.600231,2.07,2.1,2.03,2.04,13428426,27583542.34,0.4772,-1.9231,0,0
2025-12-17,sh.600231,2.04,2.06,2.02,2.05,12873610,26277992.9,0.4575,0.4902,0,0
2025-12-18,sh.600231,2.05,2.09,2.03,2.07,13709380,28374272.6,0.4872,0.9756,0,0
2025-12-19,sh.600231,2.07,2.13,2.06,2.13,17185570,36285820.9,0.6107,2.8986,0,0
2025-12-22,sh.600231,2.14,2.18,2.13,2.14,15341162,32907379.46,0.5452,0.4695,0,0
2025-12-23,sh.600231,2.14,2.15,2.09,2.1,14990941,31646941.24,0.5327,-1.8692,0,0
2025-12-24,sh.600231,2.1,2.11,2.08,2.09,10793878,22588858.42,0.3836,-0.4762,0,0
2025-12-25,sh.600231,2.09,2.12,2.07,2.11,11688986,24532036.84,0.4154,0.9569,0,0
2025-12-26,sh.600231,2.11,2.15,2.1,2.13,15577750,33104335.1,0.5536,0.9479,0,0
2025-12-29,sh.600231,2.14,2.34,2.14,2.2,40645221,90127362.64,1.4444,3.2864,0,0
2025-12-30,sh.600231,2.19,2.2,2.14,2.17,23326014,50644792.04,0.8289,-1.3636,0,0
2025-12-31,sh.600231,2.18,2.19,2.13,2.14,15439502,33195080.02,0.5487,-1.3825,0,0
2026-01-05,sh.600231,2.15,2.16,2.12,2.13,17495466,37316934.98,0.6217,-0.4673,0,0
2026-01-06,sh.600231,2.13,2.18,2.12,2.17,22078183,47618027.41,0.7846,1.8779,0,0
2026-01-07,sh.600231,2.18,2.18,2.14,2.17,20096662,43414608.51,0.7142,0.0,0,0
2026-01-08,sh.600231,2.16,2.17,2.14,2.16,15725016,33989926.56,0.5588,-0.4608,0,0
2026-01-09,sh.600231,2.15,2.2,2.14,2.15,23028049,49636471.5,0.8184,-0.463,0,0
2026-01-12,sh.600231,2.15,2.18,2.14,2.18,25704696,55685891.32,0.9135,1.3953,0,0
2026-01-13,sh.600231,2.17,2.21,2.15,2.17,27536058,60009473.76,0.9786,-0.4587,0,0
2026-01-14,sh.600231,2.17,2.18,2.1,2.11,40245401,86302213.57,1.4302,-2.765,0,0
2026-01-15,sh.600231,2.11,2.12,2.07,2.08,19968214,41725780.28,0.7096,-1.4218,0,0
2026-01-16,sh.600231,2.08,2.1,2.07,2.09,13514034,28210476.56,0.4803,0.4808,0,0
2026-01-19,sh.600231,2.09,2.12,2.06,2.11,13144997,27507121.77,0.4671,0.9569,0,0
2026-01-20,sh.600231,2.11,2.13,2.08,2.13,16046510,33824887.27,0.5702,0.9479,0,0
2026-01-21,sh.600231,2.12,2.23,2.1,2.18,31843172,68393818.78,1.1316,2.3474,0,0
2026-01-22,sh.600231,2.18,2.37,2.17,2.27,61774640,140595217.18,2.1953,4.1284,0,0
2026-01-23,sh.600231,2.29,2.35,2.22,2.33,60959245,140166047.93,2.1663,2.6432,0,0
2026-01-26,sh.600231,2.35,2.38,2.31,2.33,48708010,113991165.1,1.731,0.0,0,0
2026-01-27,sh.600231,2.34,2.48,2.3,2.33,50210264,118756650.01,1.7843,0.0,0,0
2026-01-28,sh.600231,2.32,2.56,2.32,2.46,83256535,204850832.71,2.9587,5.5794,0,0
2026-01-29,sh.600231,2.46,2.62,2.46,2.49,66726509,168219164.01,2.3713,1.2195,0,0
2026-01-30,sh.600231,2.48,2.53,2.35,2.42,55839380,135029066.54,1.9844,-2.8112,0,0
2026-02-02,sh.600231,2.41,2.43,2.25,2.25,44028260,101722207.76,1.5646,-7.0248,0,0
2026-02-03,sh.600231,2.29,2.36,2.27,2.33,29634252,68453135.22,1.0531,3.5556,0,0
2026-02-04,sh.600231,2.35,2.38,2.31,2.37,24599312,57841968.78,0.8742,1.7167,0,0
2026-02-05,sh.600231,2.35,2.39,2.32,2.34,22119360,52070451.2,0.7861,-1.2658,0,0
2026-02-06,sh.600231,2.32,2.35,2.3,2.32,19253071,44814504.53,0.6842,-0.8547,0,0
2026-02-09,sh.600231,2.34,2.37,2.32,2.34,19758194,46337815.26,0.7022,0.8621,0,0
2026-02-10,sh.600231,2.33,2.36,2.29,2.34,18305060,42766752.4,0.6505,0.0,0,0
2026-02-11,sh.600231,2.34,2.38,2.3,2.37,19531188,46020150.96,0.6941,1.2821,0,0
2026-02-12,sh.600231,2.36,2.37,2.31,2.32,20388577,47561255.71,0.7246,-2.1097,0,0
2026-02-13,sh.600231,2.31,2.31,2.22,2.23,24884884,56224055.3,0.8843,-3.8793,0,0
2026-02-24,sh.600231,2.25,2.3,2.25,2.29,22412992,51263647.26,0.7965,2.6906,0,0
2026-02-25,sh.600231,2.3,2.52,2.29,2.47,101290453,251766503.68,3.5996,7.8603,0,0
2026-02-26,sh.600231,2.45,2.53,2.42,2.42,120499639,296931754.26,4.2822,-2.0243,0,0
2026-02-27,sh.600231,2.45,2.55,2.43,2.48,79629434,197563620.94,2.8298,2.4793,0,0
2026-03-02,sh.600231,2.48,2.5,2.38,2.44,47007234,114334179.16,1.6705,-1.6129,0,0
2026-03-03,sh.600231,2.44,2.46,2.35,2.36,45229601,108800651.79,1.6073,-3.2787,0,0
2026-03-04,sh.600231,2.31,2.4,2.31,2.32,32307250,75587467.9,1.1481,-1.6949,0,0
2026-03-05,sh.600231,2.35,2.38,2.29,2.32,29093294,67732507.28,1.0339,0.0,0,0
2026-03-06,sh.600231,2.32,2.38,2.29,2.38,26881685,63155726.25,0.9553,2.5862,0,0
2026-03-09,sh.600231,2.36,2.4,2.31,2.34,26925897,63088685.27,0.9569,-1.6807,0,0
2026-03-10,sh.600231,2.34,2.36,2.25,2.27,43169208,98486170.31,1.5341,-2.9915,0,0
2026-03-11,sh.600231,2.27,2.28,2.2,2.24,34295705,76310403.28,1.2188,-1.3216,0,0
2026-03-12,sh.600231,2.24,2.34,2.23,2.32,43715270,100495528.53,1.5535,3.5714,0,0
2026-03-13,sh.600231,2.31,2.51,2.29,2.41,81831609,197175516.05,2.9081,3.8793,0,0
2026-03-16,sh.600231,2.4,2.41,2.24,2.25,83300085,191349026.64,2.9603,-6.639,0,0
2026-03-17,sh.600231,2.26,2.48,2.26,2.36,164117561,396854886.61,5.8323,4.8889,0,0
2026-03-18,sh.600231,2.3,2.37,2.25,2.28,109521943,252071741.21,3.8921,-3.3898,0,0
2026-03-19,sh.600231,2.25,2.35,2.12,2.13,94755219,209114417.27,3.3673,-6.5789,0,0
2026-03-20,sh.600231,2.14,2.14,2.03,2.03,51081951,105557175.5,1.8153,-4.6948,0,0
2026-03-23,sh.600231,2.01,2.02,1.9,1.92,36885623,72504914.5,1.3108,-5.4187,0,0
2026-03-24,sh.600231,1.96,1.99,1.9,1.97,37141550,72291188.75,1.3199,2.6042,0,0
2026-03-25,sh.600231,1.98,2.07,1.96,2.06,39399270,79596546.19,1.4001,4.5685,0,0
2026-03-26,sh.600231,2.06,2.09,2.01,2.02,26343369,53741969.76,0.9362,-1.9417,0,0
2026-03-27,sh.600231,1.98,2.05,1.97,2.03,21089995,42740960.3,0.7495,0.495,0,0
2026-03-30,sh.600231,2.02,2.09,2.01,2.09,33066311,67970047.42,1.1751,2.9557,0,0
2026-03-31,sh.600231,2.09,2.12,2.04,2.06,27228150,56641399.5,0.9676,-1.4354,0,0
2026-04-01,sh.600231,2.08,2.1,2.05,2.07,17165697,35461829.73,0.6057,0.4854,0,0
2026-04-02,sh.600231,2.06,2.07,2.01,2.02,16394511,33359337.77,0.5785,-2.4155,0,0
2026-04-03,sh.600231,2.03,2.04,1.97,1.99,14221383,28298537.73,0.5018,-1.4851,0,0
2026-04-07,sh.600231,1.98,2.02,1.96,2.01,16411999,32714526.46,0.5791,1.005,0,0
2026-04-08,sh.600231,2.04,2.1,2.04,2.1,35607691,73588874.39,1.2564,4.4776,0,0
2026-04-09,sh.600231,2.1,2.11,2.05,2.07,22082735,45723551.87,0.7792,-1.4286,0,0
2026-04-10,sh.600231,2.06,2.11,2.06,2.06,27165447,56602563.82,0.9585,-0.4831,0,0
2026-04-13,sh.600231,2.05,2.09,2.05,2.08,13276300,27491961.8,0.4684,0.9709,0,0
2026-04-14,sh.600231,2.09,2.1,2.05,2.07,15250143,31482821.8,0.5377,-0.4808,0,0
2026-04-15,sh.600231,2.07,2.08,2.02,2.03,15105750,30911832.5,0.5326,-1.9324,0,0
2026-04-16,sh.600231,2.03,2.11,2.02,2.11,27160418,56304196.0,0.9576,3.9409,0,0
2026-04-17,sh.600231,2.1,2.11,2.08,2.1,18785675,39363004.71,0.6623,-0.4739,0,0
2026-04-20,sh.600231,2.1,2.15,2.09,2.1,16710516,35187526.25,0.5891,0.0,0,0
2026-04-21,sh.600231,2.11,2.13,2.08,2.12,17218445,36178684.66,0.6071,0.9524,0,0
2026-04-22,sh.600231,2.11,2.11,2.08,2.08,13858829,28981183.93,0.4886,-1.8868,0,0
2026-04-23,sh.600231,2.08,2.12,2.06,2.12,22375478,46698728.26,0.7889,1.9231,0,0
2026-04-24,sh.600231,2.12,2.15,2.09,2.15,34902273,74230292.16,1.2305,1.4151,0,0
2026-04-27,sh.600231,2.15,2.24,2.12,2.2,42088098,91641937.48,1.4839,2.3256,0,0
2026-04-28,sh.600231,2.22,2.26,2.17,2.24,36813212,82161312.6,1.2979,1.8182,0,0
2026-04-29,sh.600231,2.24,2.26,2.22,2.25,26751017,59889180.69,0.9431,0.4464,0,0
2026-04-30,sh.600231,2.18,2.22,2.11,2.17,36695231,79421588.34,1.2937,-3.5556,0,0
2026-05-06,sh.600231,2.18,2.18,2.12,2.17,24572496,52756291.98,0.8663,0.0,0,0
2026-05-07,sh.600231,2.17,2.23,2.15,2.18,20920065,45850321.11,0.7376,0.4608,0,0
2026-05-08,sh.600231,2.18,2.2,2.14,2.17,19985140,43229767.8,0.7046,-0.4587,0,0
2026-05-11,sh.600231,2.16,2.17,2.14,2.14,16738270,35958801.0,0.5901,-1.3825,0,0
2026-05-12,sh.600231,2.15,2.15,2.1,2.11,18933333,40050351.93,0.6675,-1.4019,0,0
2026-05-13,sh.600231,2.11,2.13,2.08,2.11,13258435,27927189.61,0.4674,0.0,0,0
2026-05-14,sh.600231,2.11,2.11,2.06,2.08,17382954,36207479.59,0.6129,-1.4218,0,0
2026-05-15,sh.600231,2.08,2.1,2.06,2.07,12153105,25219667.3,0.4285,-0.4808,0,0
2026-05-18,sh.600231,2.07,2.09,2.03,2.09,13573752,27861974.3,0.4786,0.9662,0,0
2026-05-19,sh.600231,2.08,2.12,2.07,2.11,11393174,23853148.52,0.4017,0.9569,0,0
2026-05-20,sh.600231,2.12,2.12,2.07,2.09,7447670,15529739.6,0.2626,-0.9479,0,0
2026-05-21,sh.600231,2.09,2.1,2.04,2.05,9930238,20519986.72,0.3501,-1.9139,0,0
2026-05-22,sh.600231,2.04,2.07,2.04,2.05,6623356,13599315.64,0.2335,0.0,0,0
2026-05-25,sh.600231,2.05,2.07,2.04,2.05,7519981,15464546.7,0.2651,0.0,0,0
2026-05-26,sh.600231,2.05,2.06,2.02,2.04,11504144,23442054.72,0.4056,-0.4878,0,0
2026-05-27,sh.600231,2.04,2.05,2.0,2.0,11449436,23054315.0,0.4037,-1.9608,0,0
2026-05-28,sh.600231,2.0,2.02,1.99,2.01,6899696,13872705.96,0.2433,0.5,0,0
2026-05-29,sh.600231,2.01,2.07,2.0,2.02,10988011,22365383.61,0.3874,0.4975,0,0
2026-06-01,sh.600231,2.02,2.06,1.98,2.04,13085090,26559667.06,0.4613,0.9901,0,0
2026-06-02,sh.600231,2.05,2.05,2.0,2.02,10442420,21143443.2,0.3682,-0.9804,0,0
2026-06-03,sh.600231,2.01,2.02,1.99,2.01,11092518,22194178.58,0.3911,-0.495,0,0
2026-06-04,sh.600231,2.0,2.0,1.96,1.97,10067500,19931908.5,0.3549,-1.99,0,0
2026-06-05,sh.600231,1.97,2.0,1.96,1.97,8987292,17810852.98,0.3169,0.0,0,0
2026-06-08,sh.600231,1.95,1.97,1.89,1.9,11642098,22410024.8,0.4105,-3.5533,0,0
2026-06-09,sh.600231,1.92,1.93,1.86,1.9,9963837,18863862.32,0.3513,0.0,0,0
2026-06-10,sh.600231,1.89,1.9,1.85,1.86,7869975,14703228.45,0.2775,-2.1053,0,0
2026-06-11,sh.600231,1.85,1.86,1.81,1.83,10727674,19684385.66,0.3782,-1.6129,0,0
2026-06-12,sh.600231,1.84,1.92,1.82,1.89,14803298,27773761.78,0.5219,3.2787,0,0
2026-06-15,sh.600231,1.9,1.94,1.87,1.89,9920401,18803399.18,0.3498,0.0,0,0
2026-06-16,sh.600231,1.88,1.9,1.84,1.88,11343722,21196475.35,0.3999,-0.5291,0,0
2026-06-17,sh.600231,1.88,1.88,1.82,1.83,9969605,18306049.1,0.3515,-2.6596,0,0
2026-06-18,sh.600231,1.82,1.85,1.79,1.8,7955644,14486438.4,0.2805,-1.6393,0,0
2026-06-22,sh.600231,1.79,1.8,1.74,1.78,15328260,26976952.58,0.5404,-1.1111,0,0
2026-06-23,sh.600231,1.77,1.84,1.75,1.77,12818145,22984525.75,0.4519,-0.5618,0,0
2026-06-24,sh.600231,1.76,1.78,1.68,1.7,17314678,29528995.54,0.6104,-3.9548,0,0
2026-06-25,sh.600231,1.69,1.76,1.63,1.68,19169266,32033954.58,0.6758,-1.1765,0,0
2026-06-26,sh.600231,1.67,1.69,1.63,1.64,15540982,25711422.74,0.5479,-2.381,0,0
