date,code,open,high,low,close,volume,amount,turnover,pct_change,is_limit_up,is_limit_down
2019-07-01,sh.600812,4.42,4.46,4.4,4.46,5022741,22285215.0,0.307992,2.0595,0,0
2019-07-02,sh.600812,4.44,4.49,4.43,4.46,3220390,14369718.0,0.197472,0.0,0,0
2019-07-03,sh.600812,4.47,4.47,4.4,4.42,3168040,14026563.0,0.194262,-0.89686,0,0
2019-07-04,sh.600812,4.43,4.44,4.38,4.4,2594031,11445681.0,0.159064,-0.452488,0,0
2019-07-05,sh.600812,4.4,4.47,4.37,4.46,4607704,20391135.0,0.282542,1.363635,0,0
2019-07-08,sh.600812,4.43,4.45,4.26,4.28,5265502,22876596.0,0.322878,-4.035871,0,0
2019-07-09,sh.600812,4.28,4.33,4.28,4.32,2242888,9647927.0,0.137533,0.934578,0,0
2019-07-10,sh.600812,4.3,4.32,4.25,4.27,2370102,10152982.0,0.145333,-1.157412,0,0
2019-07-11,sh.600812,4.28,4.33,4.26,4.3,2137200,9183047.0,0.131052,0.702581,0,0
2019-07-12,sh.600812,4.29,4.36,4.29,4.36,2476802,10719148.0,0.151876,1.395347,0,0
2019-07-15,sh.600812,4.37,4.41,4.33,4.4,3250962,14212791.0,0.199347,0.91743,0,0
2019-07-16,sh.600812,4.39,4.45,4.37,4.45,3986200,17628182.0,0.244431,1.136357,0,0
2019-07-17,sh.600812,4.45,4.47,4.41,4.44,2440461,10817048.0,0.149648,-0.224714,0,0
2019-07-18,sh.600812,4.43,4.43,4.37,4.38,2785971,12217609.0,0.170834,-1.35135,0,0
2019-07-19,sh.600812,4.36,4.43,4.36,4.38,2234781,9823207.0,0.137035,0.0,0,0
2019-07-22,sh.600812,4.37,4.39,4.23,4.26,3499698,15004257.0,0.214599,-2.739723,0,0
2019-07-23,sh.600812,4.28,4.32,4.25,4.31,2089801,8956871.0,0.128145,1.173702,0,0
2019-07-24,sh.600812,4.29,4.36,4.29,4.33,2501466,10858853.0,0.153388,0.464037,0,0
2019-07-25,sh.600812,4.32,4.36,4.28,4.33,3492800,15026866.0,0.214176,0.0,0,0
2019-07-26,sh.600812,4.31,4.42,4.3,4.41,5225271,22948073.0,0.3204,1.8476,0,0
2019-07-29,sh.600812,4.37,4.4,4.34,4.37,2879006,12556031.0,0.176539,-0.907029,0,0
2019-07-30,sh.600812,4.38,4.41,4.36,4.37,2688400,11783403.0,0.1649,0.0,0,0
2019-07-31,sh.600812,4.4,4.4,4.32,4.36,2644357,11503932.0,0.1622,-0.2288,0,0
2019-08-01,sh.600812,4.32,4.35,4.3,4.31,2397500,10365195.0,0.147,-1.1468,0,0
2019-08-02,sh.600812,4.27,4.27,4.18,4.22,3939314,16567439.0,0.2416,-2.0882,0,0
2019-08-05,sh.600812,4.21,4.22,4.14,4.15,2940675,12289939.0,0.1803,-1.6588,0,0
2019-08-06,sh.600812,4.08,4.11,3.96,4.05,4802993,19356048.0,0.2945,-2.4096,0,0
2019-08-07,sh.600812,4.06,4.08,4.02,4.04,2404652,9725017.0,0.1475,-0.2469,0,0
2019-08-08,sh.600812,4.06,4.07,4.04,4.05,1927352,7814774.0,0.1182,0.2475,0,0
2019-08-09,sh.600812,4.06,4.08,3.97,3.98,3272126,13146675.0,0.2006,-1.7284,0,0
2019-08-12,sh.600812,4.0,4.11,4.0,4.11,3723853,15130414.0,0.2283,3.2663,0,0
2019-08-13,sh.600812,4.08,4.12,4.06,4.11,3050473,12505984.0,0.1871,0.0,0,0
2019-08-14,sh.600812,4.14,4.17,4.12,4.12,2916238,12065416.0,0.1788,0.2433,0,0
2019-08-15,sh.600812,4.06,4.17,4.02,4.17,3427810,14112064.0,0.2102,1.2136,0,0
2019-08-16,sh.600812,4.15,4.21,4.15,4.18,3364310,14088025.0,0.2063,0.2398,0,0
2019-08-19,sh.600812,4.21,4.6,4.18,4.6,13786411,62048784.0,0.8454,10.0478,1,0
2019-08-20,sh.600812,4.84,5.06,4.84,5.06,35755846,179723331.0,2.1925,10.0,1,0
2019-08-21,sh.600812,5.55,5.57,5.06,5.38,88675811,477780282.0,5.4375,6.3241,0,0
2019-08-22,sh.600812,5.47,5.92,5.3,5.92,79658371,463605934.0,4.8846,10.0372,1,0
2019-08-23,sh.600812,6.02,6.51,6.02,6.51,48623685,309069301.0,2.9816,9.9662,1,0
2019-08-26,sh.600812,7.0,7.16,6.9,7.16,59815386,425930432.0,3.6678,9.9846,1,0
2019-08-27,sh.600812,7.87,7.88,7.59,7.88,30330366,238092870.0,1.8598,10.0559,1,0
2019-08-28,sh.600812,8.67,8.67,7.81,8.1,174327443,1447202185.0,10.6897,2.7919,0,0
2019-08-29,sh.600812,8.25,8.91,7.92,8.91,154354711,1302686612.0,9.4649,10.0,1,0
2019-08-30,sh.600812,9.35,9.48,8.02,8.02,141841263,1207780030.0,8.6976,-9.9888,0,1
2019-09-02,sh.600812,7.86,8.08,7.51,8.01,107273962,836600660.0,6.578,-0.1247,0,0
2019-09-03,sh.600812,7.88,8.81,7.81,8.4,148067999,1230215774.0,9.0794,4.8689,0,0
2019-09-04,sh.600812,8.23,9.24,8.23,9.24,187320323,1688291567.0,11.4864,10.0,1,0
2019-09-05,sh.600812,8.94,9.58,8.75,8.78,155629797,1412865864.0,9.5431,-4.9784,0,0
2019-09-06,sh.600812,8.61,8.96,7.9,8.07,142226542,1189247429.0,8.7212,-8.0866,0,0
2019-09-09,sh.600812,8.0,8.48,7.96,8.45,106675420,875725778.0,6.5413,4.7088,0,0
2019-09-10,sh.600812,8.4,9.18,8.2,8.72,125304748,1093653168.0,7.6836,3.1953,0,0
2019-09-11,sh.600812,8.62,9.2,8.2,8.31,116194407,1002965353.0,7.125,-4.7018,0,0
2019-09-12,sh.600812,8.12,8.41,8.0,8.27,72141669,590743626.0,4.4237,-0.4813,0,0
2019-09-16,sh.600812,8.4,8.8,8.21,8.7,87159252,741975993.0,5.3446,5.1995,0,0
2019-09-17,sh.600812,8.65,9.36,8.56,9.01,133926331,1213398958.0,8.2123,3.5632,0,0
2019-09-18,sh.600812,8.86,9.08,8.11,8.65,94158821,815713437.0,5.7738,-3.9956,0,0
2019-09-19,sh.600812,8.6,9.5,8.52,9.19,136604472,1253583806.0,8.3765,6.2428,0,0
2019-09-20,sh.600812,9.14,10.11,9.01,10.11,149399318,1428630086.0,9.1611,10.0109,1,0
2019-09-23,sh.600812,10.33,10.37,9.1,9.1,139445896,1319984679.0,8.5507,-9.9901,0,1
2019-09-24,sh.600812,8.84,9.07,8.53,8.7,108887961,956024493.0,6.6769,-4.3956,0,0
2019-09-25,sh.600812,8.5,8.57,8.02,8.22,93419132,771143555.0,5.7284,-5.5172,0,0
2019-09-26,sh.600812,8.15,8.25,7.4,7.46,95436072,734361910.0,5.8521,-9.2457,0,0
2019-09-27,sh.600812,7.39,7.6,7.33,7.42,47219226,352292385.0,2.8955,-0.5362,0,0
2019-09-30,sh.600812,7.45,7.55,7.05,7.13,47038480,339793655.0,2.8844,-3.9084,0,0
2019-10-08,sh.600812,7.23,7.47,7.17,7.34,48901984,359272077.0,2.9986,2.9453,0,0
2019-10-09,sh.600812,7.25,7.41,7.07,7.4,35289920,255811940.0,2.164,0.8174,0,0
2019-10-10,sh.600812,7.41,7.53,7.31,7.51,47763803,354630300.0,2.9288,1.4865,0,0
2019-10-11,sh.600812,7.5,7.74,7.36,7.38,52808869,397890057.0,3.2382,-1.731,0,0
2019-10-14,sh.600812,7.38,7.57,7.35,7.46,35720795,266168696.0,2.1904,1.084,0,0
2019-10-15,sh.600812,7.41,7.43,7.09,7.28,39278665,283259184.0,2.4085,-2.4129,0,0
2019-10-16,sh.600812,7.26,7.31,7.13,7.18,22330586,160698262.0,1.3693,-1.3736,0,0
2019-10-17,sh.600812,7.23,7.29,7.07,7.2,25744898,184690320.0,1.5787,0.2786,0,0
2019-10-18,sh.600812,7.16,7.25,6.89,6.91,38691285,272503584.0,2.3725,-4.0278,0,0
2019-10-21,sh.600812,6.97,7.02,6.72,6.95,29720209,204429079.0,1.8224,0.5789,0,0
2019-10-22,sh.600812,6.99,7.08,6.89,6.98,26800872,186792044.0,1.6434,0.4317,0,0
2019-10-23,sh.600812,7.01,7.01,6.74,6.82,28393753,194866225.0,1.7411,-2.2923,0,0
2019-10-24,sh.600812,6.82,6.89,6.7,6.78,25209762,170990010.0,1.5458,-0.5865,0,0
2019-10-25,sh.600812,6.73,6.91,6.73,6.81,27249233,186212373.0,1.6709,0.4425,0,0
2019-10-28,sh.600812,6.81,6.94,6.75,6.92,28658876,196674475.0,1.7573,1.6153,0,0
2019-10-29,sh.600812,6.97,6.97,6.51,6.58,48031767,319803642.0,2.9453,-4.9133,0,0
2019-10-30,sh.600812,6.58,6.6,6.35,6.4,27149751,174884228.0,1.6648,-2.7356,0,0
2019-10-31,sh.600812,6.42,6.45,6.24,6.27,22644494,143485915.0,1.3885,-2.0313,0,0
2019-11-01,sh.600812,6.27,6.55,6.26,6.45,34248260,220952887.0,2.1001,2.8708,0,0
2019-11-04,sh.600812,6.52,7.1,6.52,7.1,27608188,191573722.0,1.6929,10.0775,1,0
2019-11-05,sh.600812,7.4,7.81,7.26,7.81,129947687,986532982.0,7.9683,10.0,1,0
2019-11-06,sh.600812,7.57,8.57,7.42,8.12,142332023,1138103744.0,8.7277,3.9693,0,0
2019-11-07,sh.600812,8.0,8.15,7.73,7.88,84605256,667957937.0,5.1879,-2.9557,0,0
2019-11-08,sh.600812,7.83,8.16,7.72,7.84,64630808,513868904.0,3.9631,-0.5076,0,0
2019-11-11,sh.600812,7.55,8.08,7.38,7.9,70884239,549805624.0,4.3466,0.7653,0,0
2019-11-12,sh.600812,7.82,7.91,7.51,7.72,45533200,349276172.0,2.7921,-2.2785,0,0
2019-11-13,sh.600812,8.08,8.26,7.57,7.63,63184090,498107317.0,3.8744,-1.1658,0,0
2019-11-14,sh.600812,7.5,7.73,7.3,7.53,54093193,406504359.0,3.317,-1.3106,0,0
2019-11-15,sh.600812,7.49,7.67,7.2,7.24,50247102,371120183.0,3.0811,-3.8513,0,0
2019-11-18,sh.600812,7.33,7.48,7.22,7.34,33070625,243180022.0,2.0279,1.3812,0,0
2019-11-19,sh.600812,7.32,7.52,7.25,7.49,35804855,264230846.0,2.1955,2.0436,0,0
2019-11-20,sh.600812,7.42,8.1,7.39,7.96,80408870,624779494.0,4.9306,6.275,0,0
2019-11-21,sh.600812,7.74,8.05,7.67,7.8,46041501,358935616.0,2.8232,-2.01,0,0
2019-11-22,sh.600812,7.77,7.91,7.35,7.47,40779660,309867593.0,2.5006,-4.2308,0,0
2019-11-25,sh.600812,7.43,7.45,6.89,6.9,39730954,280503130.0,2.4363,-7.6305,0,0
2019-11-26,sh.600812,6.97,7.08,6.81,6.91,26404850,183176970.0,1.6191,0.1449,0,0
2019-11-27,sh.600812,6.91,6.96,6.75,6.87,16363767,112174820.0,1.0034,-0.5789,0,0
2019-11-28,sh.600812,6.86,6.96,6.8,6.91,15359170,105727086.0,0.9418,0.5822,0,0
2019-11-29,sh.600812,6.96,7.45,6.95,7.15,34922715,250973345.0,2.1414,3.4732,0,0
2019-12-02,sh.600812,7.06,7.18,6.98,7.05,20276064,143305825.0,1.2433,-1.3986,0,0
2019-12-03,sh.600812,7.01,7.7,6.91,7.54,45602857,334107195.0,2.7963,6.9504,0,0
2019-12-04,sh.600812,7.53,8.05,7.44,7.76,64514188,504659834.0,3.956,2.9178,0,0
2019-12-05,sh.600812,7.8,7.96,7.65,7.79,44725678,349489251.0,2.7426,0.3866,0,0
2019-12-06,sh.600812,7.73,7.94,7.63,7.74,38626444,300497691.0,2.3686,-0.6419,0,0
2019-12-09,sh.600812,7.74,7.88,7.59,7.75,30451560,234521671.0,1.8673,0.1292,0,0
2019-12-10,sh.600812,7.7,7.7,7.48,7.58,28956147,219733962.0,1.7756,-2.1935,0,0
2019-12-11,sh.600812,7.71,8.34,7.61,8.34,79597754,632145379.0,4.8809,10.0264,1,0
2019-12-12,sh.600812,8.1,9.1,8.03,8.53,102781287,879004959.0,6.3025,2.2782,0,0
2019-12-13,sh.600812,8.48,9.26,8.39,9.03,97425384,868945407.0,5.9741,5.8617,0,0
2019-12-16,sh.600812,8.94,9.63,8.72,9.44,84576885,766340012.0,5.1862,4.5404,0,0
2019-12-17,sh.600812,9.37,10.38,9.37,10.38,125796984,1272905365.0,7.7138,9.9576,1,0
2019-12-18,sh.600812,10.3,10.37,9.91,10.08,94368265,950729211.0,5.7866,-2.8902,0,0
2019-12-19,sh.600812,9.97,10.1,9.07,9.15,101141343,949099301.0,6.2019,-9.2262,0,0
2019-12-20,sh.600812,9.14,9.36,9.05,9.23,60416341,559342415.0,3.7047,0.8743,0,0
2019-12-23,sh.600812,9.15,9.15,8.31,8.47,69581459,597390157.0,4.2667,-8.234,0,0
2019-12-24,sh.600812,8.51,8.64,8.41,8.6,29487582,251589112.0,1.8082,1.5348,0,0
2019-12-25,sh.600812,8.61,8.95,8.52,8.76,55989322,490567768.0,3.4332,1.8605,0,0
2019-12-26,sh.600812,8.8,9.04,8.67,8.88,50296537,445181480.0,3.0842,1.3699,0,0
2019-12-27,sh.600812,8.89,9.32,8.87,9.22,77236857,702758047.0,4.7361,3.8288,0,0
2019-12-30,sh.600812,9.14,9.28,8.3,9.28,68273558,606577818.0,4.1865,0.6508,0,0
2019-12-31,sh.600812,9.08,10.0,9.03,9.84,105184264,1019671465.0,6.4498,6.0345,0,0
2020-01-02,sh.600812,9.6,9.76,9.27,9.51,81292296,770586663.0,4.9848,-3.3537,0,0
2020-01-03,sh.600812,9.4,9.45,9.06,9.11,59184612,544265457.0,3.6292,-4.2061,0,0
2020-01-06,sh.600812,8.88,9.12,8.71,8.9,44885447,400240755.0,2.7523,-2.3052,0,0
2020-01-07,sh.600812,8.9,9.06,8.81,8.96,29211127,261136385.0,1.7912,0.6742,0,0
2020-01-08,sh.600812,8.83,8.88,8.6,8.65,37525607,327537185.0,2.301,-3.4598,0,0
2020-01-09,sh.600812,8.73,8.84,8.7,8.76,26955891,235898926.0,1.6529,1.2717,0,0
2020-01-10,sh.600812,8.78,8.83,8.64,8.66,20815950,180794208.0,1.2764,-1.1416,0,0
2020-01-13,sh.600812,8.66,8.77,8.65,8.7,17665503,153482025.0,1.0832,0.4619,0,0
2020-01-14,sh.600812,8.75,9.56,8.61,9.42,90452362,825144268.0,5.5465,8.2759,0,0
2020-01-15,sh.600812,9.29,9.48,8.97,9.16,58621662,540064886.0,3.5946,-2.7601,0,0
2020-01-16,sh.600812,9.2,9.56,9.04,9.38,69884178,653965222.0,4.2853,2.4017,0,0
2020-01-17,sh.600812,9.26,9.55,9.08,9.52,69056162,647158312.0,4.2345,1.4925,0,0
2020-01-20,sh.600812,10.0,10.11,9.52,9.66,97127188,952538936.0,5.9558,1.4706,0,0
2020-01-21,sh.600812,9.83,10.6,9.7,10.4,127950574,1299811886.0,7.8459,7.6605,0,0
2020-01-22,sh.600812,10.65,10.73,9.36,9.38,101458617,984128471.0,6.2214,-9.8077,0,1
2020-01-23,sh.600812,9.65,9.72,9.01,9.22,57792701,540978430.0,3.5438,-1.7058,0,0
2020-02-03,sh.600812,9.68,9.95,8.3,9.7,125948027,1206368258.0,7.7231,5.2061,0,0
2020-02-04,sh.600812,9.6,9.71,9.0,9.4,81420704,763713223.0,4.9927,-3.0928,0,0
2020-02-05,sh.600812,9.56,10.27,9.23,10.01,114884644,1101722347.0,7.0447,6.4894,0,0
2020-02-06,sh.600812,9.87,10.65,9.75,10.18,135093582,1392941373.0,8.2839,1.6983,0,0
2020-02-07,sh.600812,10.04,10.62,9.5,9.7,102170445,1022897864.0,6.265,-4.7151,0,0
2020-02-10,sh.600812,9.5,9.5,8.8,9.05,67603565,613959276.0,4.1454,-6.701,0,0
2020-02-11,sh.600812,9.05,9.07,8.65,9.01,42368890,376279094.0,2.598,-0.442,0,0
2020-02-12,sh.600812,8.94,9.15,8.83,8.98,33566597,301346144.0,2.0583,-0.333,0,0
2020-02-13,sh.600812,9.02,9.02,8.7,8.74,35566861,313126939.0,2.1809,-2.6726,0,0
2020-02-14,sh.600812,8.92,9.07,8.83,8.92,36977270,330697377.0,2.2674,2.0595,0,0
2020-02-17,sh.600812,8.93,9.15,8.88,9.06,41095797,371376960.0,2.52,1.5695,0,0
2020-02-18,sh.600812,9.32,9.53,9.18,9.38,55967773,524374156.0,3.4319,3.532,0,0
2020-02-19,sh.600812,9.38,9.38,9.0,9.05,41976584,382146880.0,2.574,-3.5181,0,0
2020-02-20,sh.600812,9.02,9.12,8.83,8.97,32452774,290307670.0,1.99,-0.884,0,0
2020-02-21,sh.600812,8.88,9.39,8.85,9.34,63537247,583478471.0,3.8961,4.1249,0,0
2020-02-24,sh.600812,9.38,9.38,9.12,9.17,39449168,363127716.0,2.419,-1.8201,0,0
2020-02-25,sh.600812,9.01,9.33,8.9,9.12,37712051,344805047.0,2.3125,-0.5453,0,0
2020-02-26,sh.600812,9.12,9.69,9.0,9.53,81384726,765724258.0,4.9905,4.4956,0,0
2020-02-27,sh.600812,9.52,9.72,9.41,9.46,43305136,412767902.0,2.6554,-0.7345,0,0
2020-02-28,sh.600812,9.31,9.88,9.15,9.19,73575560,704072507.0,4.5116,-2.8541,0,0
2020-03-02,sh.600812,9.0,9.19,8.51,9.03,62973881,558370855.0,3.8615,-1.741,0,0
2020-03-03,sh.600812,9.13,9.3,8.96,9.08,46357468,422553827.0,2.8426,0.5537,0,0
2020-03-04,sh.600812,9.07,9.07,8.81,8.96,29881097,267288421.0,1.8323,-1.3216,0,0
2020-03-05,sh.600812,8.96,9.28,8.96,9.27,39757339,361921163.0,2.4379,3.4598,0,0
2020-03-06,sh.600812,9.19,9.76,9.19,9.53,62568346,595287575.0,3.8367,2.8047,0,0
2020-03-09,sh.600812,9.51,9.79,9.3,9.47,51908376,495244707.0,3.183,-0.6296,0,0
2020-03-10,sh.600812,9.11,9.32,8.81,9.2,39168563,356094787.0,2.4018,-2.8511,0,0
2020-03-11,sh.600812,9.2,9.35,9.01,9.04,23796231,217383810.0,1.4592,-1.7391,0,0
2020-03-12,sh.600812,8.89,9.06,8.51,8.65,32364772,282613944.0,1.9846,-4.3142,0,0
2020-03-13,sh.600812,8.1,8.35,7.95,8.2,30124159,244543910.0,1.8472,-5.2023,0,0
2020-03-16,sh.600812,8.37,8.63,7.88,7.89,33388961,275878707.0,2.0474,-3.7805,0,0
2020-03-17,sh.600812,7.9,8.08,7.1,7.35,40036822,296082928.0,2.455,-6.8441,0,0
2020-03-18,sh.600812,7.44,7.5,7.1,7.11,30766728,224083879.0,1.8866,-3.2653,0,0
2020-03-19,sh.600812,6.99,7.1,6.76,6.98,31856895,220398942.0,1.9534,-1.8284,0,0
2020-03-20,sh.600812,7.08,7.28,7.01,7.2,26655586,190215552.0,1.6345,3.1519,0,0
2020-03-23,sh.600812,7.05,7.45,7.0,7.28,35600901,259758158.0,2.183,1.1111,0,0
2020-03-24,sh.600812,7.35,7.37,7.01,7.21,20186170,144101975.0,1.2378,-0.9615,0,0
2020-03-25,sh.600812,7.35,7.47,7.2,7.39,26241782,193060631.0,1.6091,2.4965,0,0
2020-03-26,sh.600812,7.35,7.68,7.27,7.62,32076959,241005884.0,1.9669,3.1123,0,0
2020-03-27,sh.600812,7.67,7.71,7.41,7.43,20327090,153448479.0,1.2464,-2.4934,0,0
2020-03-30,sh.600812,7.42,7.5,7.2,7.26,14309560,104586548.0,0.8775,-2.288,0,0
2020-03-31,sh.600812,7.29,7.34,7.22,7.28,10932200,79563748.0,0.6704,0.2755,0,0
2020-04-01,sh.600812,7.26,7.47,7.18,7.32,11839189,86530084.0,0.726,0.5494,0,0
2020-04-02,sh.600812,7.37,7.91,7.37,7.89,43344693,333195231.0,2.6579,7.7869,0,0
2020-04-03,sh.600812,7.89,7.89,7.89,7.89,0,0.0,,0.0,0,0
2020-04-07,sh.600812,7.89,7.89,7.89,7.89,0,0.0,,0.0,0,0
2020-04-08,sh.600812,7.89,7.89,7.89,7.89,0,0.0,,0.0,0,0
2020-04-09,sh.600812,7.89,7.89,7.89,7.89,0,0.0,,0.0,0,0
2020-04-10,sh.600812,7.89,7.89,7.89,7.89,0,0.0,,0.0,0,0
2020-04-13,sh.600812,7.89,7.89,7.89,7.89,0,0.0,,0.0,0,0
2020-04-14,sh.600812,7.89,7.89,7.89,7.89,0,0.0,,0.0,0,0
2020-04-15,sh.600812,7.89,7.89,7.89,7.89,0,0.0,,0.0,0,0
2020-04-16,sh.600812,7.89,7.89,7.89,7.89,0,0.0,,0.0,0,0
2020-04-17,sh.600812,8.68,8.68,8.68,8.68,2213278,19211253.0,0.1357,10.0127,1,0
2020-04-20,sh.600812,9.55,9.55,9.55,9.55,3318753,31694091.0,0.2035,10.023,1,0
2020-04-21,sh.600812,10.51,10.51,10.51,10.51,23580097,247826819.0,1.4459,10.0524,1,0
2020-04-22,sh.600812,10.9,11.56,10.7,11.56,170751227,1919972641.0,10.4704,9.9905,1,0
2020-04-23,sh.600812,12.19,12.4,10.96,11.25,237466252,2788411154.0,14.5613,-2.6817,0,0
2020-04-24,sh.600812,11.54,11.85,11.0,11.54,173178678,1998163062.0,10.6192,2.5778,0,0
2020-04-27,sh.600812,11.57,11.61,10.39,10.39,32913500,357552839.0,2.0182,-9.9653,0,1
2020-04-28,sh.600812,10.0,10.15,9.35,9.66,170114213,1656518355.0,10.4313,-7.026,0,0
2020-04-29,sh.600812,9.46,9.66,8.9,9.0,104715016,967948957.0,6.4211,-6.8323,0,0
2020-04-30,sh.600812,9.16,9.21,8.75,8.75,95277115,850656708.0,5.8423,-2.7778,0,0
2020-05-06,sh.600812,8.81,9.02,8.68,8.96,68257827,603415964.0,4.1855,2.4,0,0
2020-05-07,sh.600812,8.89,9.1,8.73,8.79,71071748,632418352.0,4.3581,-1.8973,0,0
2020-05-08,sh.600812,8.83,9.15,8.71,9.0,72706405,650792988.0,4.4583,2.3891,0,0
2020-05-11,sh.600812,8.93,9.1,8.75,8.97,59835270,532916887.0,3.6691,-0.3333,0,0
2020-05-12,sh.600812,8.9,9.16,8.8,9.11,69540931,628342143.0,4.2642,1.5608,0,0
2020-05-13,sh.600812,9.03,9.98,8.92,9.61,111680475,1053381730.0,6.8482,5.4885,0,0
2020-05-14,sh.600812,9.5,9.67,9.33,9.34,60948112,576200939.0,3.7373,-2.8096,0,0
2020-05-15,sh.600812,9.28,9.41,9.1,9.12,45208487,415881828.0,2.7722,-2.3555,0,0
2020-05-18,sh.600812,9.03,9.09,8.86,8.9,37102670,331977189.0,2.2751,-2.4123,0,0
2020-05-19,sh.600812,9.0,9.02,8.81,8.88,31396846,279740184.0,1.9252,-0.2247,0,0
2020-05-20,sh.600812,8.81,9.0,8.73,8.98,34609896,307309151.0,2.1223,1.1261,0,0
2020-05-21,sh.600812,8.99,9.0,8.08,8.19,60532535,514041269.0,3.7118,-8.7973,0,0
2020-05-22,sh.600812,8.1,8.15,7.66,7.78,49041162,386581074.0,3.0072,-5.0061,0,0
2020-05-25,sh.600812,7.78,8.06,7.68,7.99,28725969,227781635.0,1.7615,2.6992,0,0
2020-05-26,sh.600812,7.96,8.12,7.88,8.02,27869151,222970604.0,1.7089,0.3755,0,0
2020-05-27,sh.600812,7.99,8.1,7.81,7.93,22578382,179771031.0,1.3845,-1.1222,0,0
2020-05-28,sh.600812,7.91,7.98,7.67,7.81,22876700,178779979.0,1.4028,-1.5132,0,0
2020-05-29,sh.600812,7.81,8.1,7.75,7.97,27590167,220275660.0,1.6918,2.0487,0,0
2020-06-01,sh.600812,7.97,8.24,7.97,8.16,27426702,222940456.0,1.6818,2.3839,0,0
2020-06-02,sh.600812,8.12,8.88,8.07,8.72,69925980,597597785.0,4.2878,6.8628,0,0
2020-06-03,sh.600812,8.69,9.16,8.64,8.68,63097241,559436324.0,3.8691,-0.4587,0,0
2020-06-04,sh.600812,8.69,9.36,8.52,9.26,83577809,751431072.0,5.1249,6.682,0,0
2020-06-05,sh.600812,9.35,9.95,9.21,9.77,100766057,973642881.0,6.1789,5.5076,0,0
2020-06-08,sh.600812,10.35,10.75,10.01,10.75,100284322,1052480259.0,6.1494,10.0307,1,0
2020-06-09,sh.600812,10.74,11.18,10.16,10.57,133346339,1437257641.0,8.1767,-1.6744,0,0
2020-06-10,sh.600812,10.62,11.09,10.57,10.76,79672467,862796277.0,4.8855,1.7975,0,0
2020-06-11,sh.600812,10.51,11.84,10.38,11.56,130889327,1486857126.0,8.0261,7.4349,0,0
2020-06-12,sh.600812,11.56,12.32,11.21,11.94,108324159,1274036306.0,6.6424,3.2872,0,0
2020-06-15,sh.600812,12.2,13.13,12.2,13.13,121530317,1552124783.0,7.4522,9.9665,1,0
2020-06-16,sh.600812,13.3,13.3,11.88,12.7,132732459,1654232163.0,8.1391,-3.2749,0,0
2020-06-17,sh.600812,12.48,13.97,12.4,13.97,119181418,1626149282.0,7.3081,10.0,1,0
2020-06-18,sh.600812,13.97,13.97,12.57,12.57,123003698,1610008340.0,7.5425,-10.0215,0,1
2020-06-19,sh.600812,12.28,12.88,11.95,12.1,103878901,1273175813.0,6.3698,-3.7391,0,0
2020-06-22,sh.600812,12.36,12.67,11.95,12.58,77679827,959705789.0,4.7633,3.9669,0,0
2020-06-23,sh.600812,12.48,12.54,11.9,12.18,65133868,795824514.0,3.994,-3.1796,0,0
2020-06-24,sh.600812,12.45,12.45,11.7,11.89,44663994,534664849.0,2.7388,-2.381,0,0
2020-06-29,sh.600812,12.0,12.28,11.91,12.01,39733555,480326782.0,2.4364,1.0093,0,0
2020-06-30,sh.600812,12.11,13.21,12.11,12.89,109710168,1421547401.0,6.7274,7.3272,0,0
2020-07-01,sh.600812,12.94,13.36,12.58,12.79,76577364,988869122.0,4.6957,-0.7758,0,0
2020-07-02,sh.600812,12.8,12.82,12.4,12.6,54007164,678675512.0,3.3117,-1.4855,0,0
2020-07-03,sh.600812,12.48,12.73,12.06,12.21,64923247,799696722.0,3.9811,-3.0952,0,0
2020-07-06,sh.600812,12.4,13.31,12.16,13.15,84500273,1087081778.0,5.1815,7.6986,0,0
2020-07-07,sh.600812,13.27,13.75,13.04,13.42,77583295,1041578189.0,4.7574,2.0532,0,0
2020-07-08,sh.600812,13.5,13.73,12.88,13.3,60588659,799214486.0,3.7153,-0.8942,0,0
2020-07-09,sh.600812,13.2,14.38,13.0,14.36,80800691,1119735665.0,4.9547,7.9699,0,0
2020-07-10,sh.600812,14.21,14.6,13.99,14.17,62355277,889166535.0,3.8236,-1.3231,0,0
2020-07-13,sh.600812,14.49,15.11,14.45,14.92,61924941,918915197.0,3.7972,5.2929,0,0
2020-07-14,sh.600812,14.95,14.96,13.8,14.16,57519749,821096636.0,3.5271,-5.0938,0,0
2020-07-15,sh.600812,14.1,14.68,13.92,13.95,42781547,612760571.0,2.6233,-1.4831,0,0
2020-07-16,sh.600812,14.1,14.11,12.59,12.75,45389125,603329545.0,2.7832,-8.6021,0,0
2020-07-17,sh.600812,12.74,13.45,12.6,13.13,35477967,462178741.0,2.1755,2.9804,0,0
2020-07-20,sh.600812,13.16,13.39,12.99,13.28,26275465,347064912.0,1.6112,1.1424,0,0
2020-07-21,sh.600812,13.28,14.07,13.0,13.79,44626565,600850408.27,2.7365,3.8404,0,0
2020-07-22,sh.600812,13.47,13.7,13.31,13.52,31386051,424221716.29,1.9246,-1.9579,0,0
2020-07-23,sh.600812,13.3,14.4,13.1,14.16,58281260,805993896.75,3.5738,4.7337,0,0
2020-07-24,sh.600812,14.02,15.58,14.0,15.07,133473529,2030999819.47,8.1845,6.4266,0,0
2020-07-27,sh.600812,15.4,15.51,13.86,14.94,79196151,1162421817.17,4.8563,-0.8626,0,0
2020-07-28,sh.600812,15.03,15.38,13.95,14.29,58371976,843177904.71,3.5793,-4.3507,0,0
2020-07-29,sh.600812,14.29,15.72,13.99,15.72,93498846,1419886001.95,5.7333,10.007,1,0
2020-07-30,sh.600812,15.85,17.26,15.72,16.04,133635682,2192288302.05,8.1945,2.2307,0,0
2020-07-31,sh.600812,16.02,17.64,15.39,17.59,109524344,1816131767.42,6.716,9.6633,0,0
2020-08-03,sh.600812,17.6,18.9,17.01,17.7,116445511,2078456579.59,7.1404,0.6254,0,0
2020-08-04,sh.600812,17.95,18.57,16.8,17.01,90625769,1589575177.94,5.5571,-3.8983,0,0
2020-08-05,sh.600812,16.35,18.71,15.97,18.71,89259001,1544576952.84,5.4733,9.9941,1,0
2020-08-06,sh.600812,19.0,20.24,18.51,18.83,124248931,2404134272.64,7.6189,0.6414,0,0
2020-08-07,sh.600812,18.24,18.77,17.16,18.33,77433745,1393023501.11,4.7482,-2.6553,0,0
2020-08-10,sh.600812,17.55,17.9,17.21,17.25,54846707,958026743.8,3.3632,-5.892,0,0
2020-08-11,sh.600812,17.2,17.58,16.35,16.4,56811247,955278388.21,3.4836,-4.9275,0,0
2020-08-12,sh.600812,16.65,16.65,15.13,15.83,50356246,792353484.66,3.0878,-3.4756,0,0
2020-08-13,sh.600812,15.83,16.0,15.55,15.71,29051416,458167832.31,1.7814,-0.7581,0,0
2020-08-14,sh.600812,15.67,15.78,15.22,15.66,28430052,440126929.22,1.7433,-0.3183,0,0
2020-08-17,sh.600812,15.7,16.08,15.48,15.9,34939098,551199551.37,2.1424,1.5326,0,0
2020-08-18,sh.600812,15.82,16.58,15.81,16.46,44763856,725862468.66,2.7449,3.522,0,0
2020-08-19,sh.600812,16.47,16.48,15.55,15.59,41545596,655730247.78,2.5476,-5.2855,0,0
2020-08-20,sh.600812,15.5,15.5,14.16,14.5,52518970,770916628.55,3.2204,-6.9917,0,0
2020-08-21,sh.600812,14.5,14.69,14.29,14.46,25291927,365958551.09,1.5509,-0.2759,0,0
2020-08-24,sh.600812,14.53,14.59,13.91,14.37,23923822,340857696.37,1.467,-0.6224,0,0
2020-08-25,sh.600812,14.29,14.45,13.92,13.99,27034289,381960421.25,1.6577,-2.6444,0,0
2020-08-26,sh.600812,13.99,14.36,13.73,13.9,26215419,368016858.48,1.6075,-0.6433,0,0
2020-08-27,sh.600812,13.95,13.96,13.23,13.72,31106670,422284992.59,1.9074,-1.295,0,0
2020-08-28,sh.600812,13.72,14.22,13.68,14.13,28622015,400590014.29,1.7551,2.9883,0,0
2020-08-31,sh.600812,14.21,14.3,13.73,13.78,29593843,413444669.2,1.8147,-2.477,0,0
2020-09-01,sh.600812,13.75,13.78,13.39,13.56,21516014,290701261.78,1.3193,-1.5965,0,0
2020-09-02,sh.600812,13.58,13.82,13.45,13.74,20114776,274197744.68,1.2334,1.3274,0,0
2020-09-03,sh.600812,13.76,14.02,13.54,13.55,23988640,330172792.9,1.471,-1.3828,0,0
2020-09-04,sh.600812,13.37,13.42,13.09,13.33,18542232,245722993.0,1.137,-1.6236,0,0
2020-09-07,sh.600812,13.58,13.58,12.98,13.0,18483454,244687578.48,1.1334,-2.4756,0,0
2020-09-08,sh.600812,13.09,13.09,12.38,12.63,25600865,323785686.36,1.5698,-2.8462,0,0
2020-09-09,sh.600812,12.5,12.5,11.73,11.75,30513142,367181605.43,1.871,-6.9675,0,0
2020-09-10,sh.600812,11.87,12.22,11.75,11.81,21939670,263450192.66,1.3453,0.5106,0,0
2020-09-11,sh.600812,11.79,12.07,11.63,11.95,14844525,176558376.44,0.9103,1.1854,0,0
2020-09-14,sh.600812,12.01,12.12,11.65,11.78,17687612,209706003.38,1.0846,-1.4226,0,0
2020-09-15,sh.600812,11.83,12.2,11.61,12.1,22863721,273748692.64,1.402,2.7165,0,0
2020-09-16,sh.600812,12.13,12.25,11.7,11.79,18537150,220743159.04,1.1367,-2.562,0,0
2020-09-17,sh.600812,11.76,11.84,11.4,11.76,17193140,199719451.56,1.0543,-0.2545,0,0
2020-09-18,sh.600812,11.85,12.03,11.75,11.99,18318727,218235500.1,1.1233,1.9558,0,0
2020-09-21,sh.600812,12.08,13.11,12.0,12.74,40178714,508310101.85,2.4637,6.2552,0,0
2020-09-22,sh.600812,12.56,13.0,12.37,12.56,30435320,386588012.53,1.8663,-1.4129,0,0
2020-09-23,sh.600812,12.57,13.27,12.25,12.9,37599156,482016213.67,2.3056,2.707,0,0
2020-09-24,sh.600812,12.7,12.86,12.46,12.53,20819149,262999294.89,1.2766,-2.8682,0,0
2020-09-25,sh.600812,12.54,12.94,12.4,12.62,17457638,221198462.91,1.0705,0.7183,0,0
2020-09-28,sh.600812,12.58,12.63,11.96,11.98,17483527,212393603.7,1.0721,-5.0713,0,0
2020-09-29,sh.600812,12.11,12.18,11.81,12.01,15723368,188956189.73,0.9641,0.2504,0,0
2020-09-30,sh.600812,12.07,12.29,11.93,12.03,12608459,152522807.38,0.7731,0.1665,0,0
2020-10-09,sh.600812,12.3,12.74,12.17,12.7,21013023,263096643.74,1.2885,5.5694,0,0
2020-10-12,sh.600812,12.87,13.1,12.68,12.96,25692082,330129848.56,1.5754,2.0472,0,0
2020-10-13,sh.600812,13.0,13.37,12.88,13.24,34562675,455087455.7,2.1194,2.1605,0,0
2020-10-14,sh.600812,13.15,13.16,12.72,12.75,23689671,305895309.78,1.4526,-3.7009,0,0
2020-10-15,sh.600812,12.83,12.87,12.45,12.51,14986042,188244400.69,0.9189,-1.8824,0,0
2020-10-16,sh.600812,12.48,12.76,12.38,12.69,15130904,190242398.43,0.9278,1.4388,0,0
2020-10-19,sh.600812,12.77,12.9,12.49,12.59,12235111,155447338.71,0.7502,-0.788,0,0
2020-10-20,sh.600812,12.45,12.48,12.13,12.43,14467396,177737391.38,0.8871,-1.2708,0,0
2020-10-21,sh.600812,12.5,12.73,12.37,12.46,13437758,168375333.56,0.824,0.2414,0,0
2020-10-22,sh.600812,12.35,12.35,12.05,12.12,11312955,137504462.26,0.6937,-2.7287,0,0
2020-10-23,sh.600812,12.13,12.17,11.45,11.53,22323599,262140562.88,1.3689,-4.868,0,0
2020-10-26,sh.600812,11.5,11.6,11.15,11.58,10129040,115670848.68,0.6211,0.4337,0,0
2020-10-27,sh.600812,11.39,11.58,11.3,11.45,8849605,101349023.14,0.5427,-1.1226,0,0
2020-10-28,sh.600812,11.47,11.5,10.92,11.1,16754200,186217916.93,1.0274,-3.0568,0,0
2020-10-29,sh.600812,10.93,11.16,10.85,11.06,14559310,160533411.3,0.8928,-0.3604,0,0
2020-10-30,sh.600812,11.05,11.11,10.57,10.58,18378367,197852270.62,1.127,-4.34,0,0
2020-11-02,sh.600812,10.61,10.7,10.26,10.42,16781737,174965398.25,1.029,-1.5123,0,0
2020-11-03,sh.600812,10.48,10.9,10.41,10.83,16962055,182167213.3,1.0401,3.9347,0,0
2020-11-04,sh.600812,10.86,11.07,10.78,10.96,13902690,151538379.09,0.8525,1.2004,0,0
2020-11-05,sh.600812,11.07,11.13,10.85,10.96,11570235,126734297.49,0.7095,0.0,0,0
2020-11-06,sh.600812,10.96,11.0,10.76,10.89,9881185,107144843.0,0.6059,-0.6387,0,0
2020-11-09,sh.600812,10.89,11.31,10.89,11.14,15088205,167699304.12,0.9252,2.2957,0,0
2020-11-10,sh.600812,11.29,11.49,10.96,11.05,18932728,212543533.08,1.1609,-0.8079,0,0
2020-11-11,sh.600812,11.0,11.0,10.76,10.78,10923740,118264174.48,0.6698,-2.4434,0,0
2020-11-12,sh.600812,10.87,10.93,10.58,10.63,10782525,115533504.86,0.6612,-1.3915,0,0
2020-11-13,sh.600812,10.63,10.79,10.45,10.76,8375525,89218108.17,0.5136,1.223,0,0
2020-11-16,sh.600812,10.79,10.86,10.64,10.77,9198827,98806801.35,0.5641,0.0929,0,0
2020-11-17,sh.600812,10.79,10.8,10.41,10.48,10926894,114868098.15,0.67,-2.6927,0,0
2020-11-18,sh.600812,10.49,10.57,10.32,10.36,9839632,102247779.63,0.6034,-1.145,0,0
2020-11-19,sh.600812,10.31,10.32,10.13,10.25,11225817,114729805.7,0.6884,-1.0618,0,0
2020-11-20,sh.600812,10.23,10.35,10.2,10.33,8656819,89168667.39,0.5308,0.7805,0,0
2020-11-23,sh.600812,10.38,10.68,10.27,10.66,20964274,219859186.19,1.2855,3.1946,0,0
2020-11-24,sh.600812,10.58,10.58,10.36,10.38,14796376,154255248.17,0.9073,-2.6266,0,0
2020-11-25,sh.600812,10.35,10.45,10.25,10.28,11360704,117106942.68,0.6966,-0.9634,0,0
2020-11-26,sh.600812,10.28,10.28,9.96,10.0,14998931,151323513.79,0.9197,-2.7237,0,0
2020-11-27,sh.600812,9.97,10.05,9.8,9.87,13664537,135361470.86,0.8379,-1.3,0,0
2020-11-30,sh.600812,9.88,10.26,9.7,10.0,15370177,153732053.98,0.9425,1.3171,0,0
2020-12-01,sh.600812,10.01,10.18,9.94,10.11,12080585,121986365.33,0.7408,1.1,0,0
2020-12-02,sh.600812,10.13,10.3,10.11,10.25,13232820,135312482.06,0.8114,1.3848,0,0
2020-12-03,sh.600812,10.24,10.64,10.21,10.58,26271660,275974380.15,1.611,3.2195,0,0
2020-12-04,sh.600812,10.6,10.83,10.45,10.69,19448940,207583288.21,1.1926,1.0397,0,0
2020-12-07,sh.600812,10.55,10.74,10.48,10.51,13611384,143909623.66,0.8346,-1.6838,0,0
2020-12-08,sh.600812,10.48,10.6,10.38,10.42,9561353,99799241.42,0.5863,-0.8563,0,0
2020-12-09,sh.600812,10.42,10.54,10.34,10.39,9746754,101639933.96,0.5977,-0.2879,0,0
2020-12-10,sh.600812,10.33,10.42,10.04,10.22,10582311,108152061.1,0.6489,-1.6362,0,0
2020-12-11,sh.600812,10.19,10.26,9.96,10.03,10578752,106321766.33,0.6487,-1.8591,0,0
2020-12-14,sh.600812,10.05,10.09,9.9,10.02,7443178,74320139.28,0.4564,-0.0997,0,0
2020-12-15,sh.600812,10.07,11.02,10.01,11.02,28124029,302815799.68,1.7245,9.98,1,0
2020-12-16,sh.600812,11.3,11.44,10.73,10.86,56886585,631819172.85,3.4883,-1.4519,0,0
2020-12-17,sh.600812,11.03,11.91,11.03,11.55,66109629,757905285.07,4.0538,6.3536,0,0
2020-12-18,sh.600812,11.18,11.86,11.06,11.71,47623903,545470470.57,2.9203,1.3853,0,0
2020-12-21,sh.600812,11.71,11.77,11.36,11.59,32455384,374069477.03,1.9901,-1.0248,0,0
2020-12-22,sh.600812,11.4,11.86,11.4,11.56,37417123,436569311.0,2.2944,-0.2588,0,0
2020-12-23,sh.600812,11.6,11.6,11.2,11.32,25904795,292880361.31,1.5885,-2.0761,0,0
2020-12-24,sh.600812,11.25,11.25,10.84,10.85,23522278,258054506.24,1.4424,-4.1519,0,0
2020-12-25,sh.600812,10.77,10.84,10.61,10.65,15578878,167001747.93,0.9553,-1.8433,0,0
2020-12-28,sh.600812,10.65,10.93,10.3,10.71,21080564,223882662.35,1.2926,0.5634,0,0
2020-12-29,sh.600812,10.63,10.63,10.34,10.36,15659837,163652779.46,0.9603,-3.268,0,0
2020-12-30,sh.600812,10.35,10.6,10.26,10.33,12508987,130080213.0,0.767,-0.2896,0,0
2020-12-31,sh.600812,10.3,10.54,10.02,10.29,19656237,202325109.6,1.2053,-0.3872,0,0
2021-01-04,sh.600812,10.2,10.32,10.07,10.29,21492904,218683106.39,1.3179,0.0,0,0
2021-01-05,sh.600812,10.35,10.96,10.32,10.76,32966107,352727243.82,2.0215,4.5675,0,0
2021-01-06,sh.600812,10.74,11.3,10.59,11.2,38953681,427915570.04,2.3886,4.0892,0,0
2021-01-07,sh.600812,11.19,11.19,10.5,10.66,27529251,296440426.56,1.6881,-4.8214,0,0
2021-01-08,sh.600812,10.5,10.82,10.4,10.54,14444681,153056402.35,0.8857,-1.1257,0,0
2021-01-11,sh.600812,10.54,10.58,10.15,10.19,17580501,180780607.02,1.078,-3.3207,0,0
2021-01-12,sh.600812,10.2,10.4,10.14,10.2,13997092,143742450.55,0.8583,0.0981,0,0
2021-01-13,sh.600812,10.11,10.23,9.91,10.0,18328268,183218010.66,1.1239,-1.9608,0,0
2021-01-14,sh.600812,10.0,10.55,9.94,10.39,20040590,205176084.46,1.2289,3.9,0,0
2021-01-15,sh.600812,10.3,10.45,10.11,10.19,11936709,121961712.27,0.732,-1.9249,0,0
2021-01-18,sh.600812,10.1,10.34,10.02,10.21,10620485,108367294.96,0.6512,0.1963,0,0
2021-01-19,sh.600812,10.19,10.24,10.08,10.1,9869677,100133501.87,0.6052,-1.0774,0,0
2021-01-20,sh.600812,10.11,10.21,10.07,10.14,7549511,76537522.26,0.4629,0.396,0,0
2021-01-21,sh.600812,10.18,10.36,10.14,10.25,12737017,130874245.0,0.781,1.0848,0,0
2021-01-22,sh.600812,10.24,10.29,10.06,10.12,12885487,130813546.25,0.7901,-1.2683,0,0
2021-01-25,sh.600812,10.06,10.09,9.77,9.8,19402978,191194240.68,1.1898,-3.1621,0,0
2021-01-26,sh.600812,9.81,9.89,9.27,9.34,20326308,194065523.85,1.2464,-4.6939,0,0
2021-01-27,sh.600812,9.26,9.33,9.0,9.05,15098940,137356579.17,0.9259,-3.1049,0,0
2021-01-28,sh.600812,9.0,9.08,8.88,8.9,10423616,93227611.9,0.6392,-1.6575,0,0
2021-01-29,sh.600812,8.97,9.03,8.41,8.57,14159966,122910290.81,0.8683,-3.7079,0,0
2021-02-01,sh.600812,8.54,8.86,8.53,8.77,9325751,81235448.64,0.5718,2.3337,0,0
2021-02-02,sh.600812,8.77,8.82,8.59,8.69,7309784,63371404.96,0.4482,-0.9122,0,0
2021-02-03,sh.600812,8.68,9.54,8.55,9.21,25645499,233674365.03,1.5726,5.9839,0,0
2021-02-04,sh.600812,9.13,9.21,8.81,8.95,12285127,110560687.17,0.7533,-2.823,0,0
2021-02-05,sh.600812,8.96,9.34,8.86,9.02,11357349,103938780.5,0.6964,0.7821,0,0
2021-02-08,sh.600812,9.12,9.31,9.02,9.08,7712700,70376026.1,0.4729,0.6652,0,0
2021-02-09,sh.600812,9.09,9.16,8.81,9.05,10764203,97031900.66,0.6601,-0.3304,0,0
2021-02-10,sh.600812,9.03,9.18,9.0,9.08,9292715,84386945.2,0.5698,0.3315,0,0
2021-02-18,sh.600812,9.15,9.3,9.1,9.11,10506249,96333774.36,0.6442,0.3304,0,0
2021-02-19,sh.600812,9.12,9.47,9.06,9.4,15334153,142551751.09,0.9403,3.1833,0,0
2021-02-22,sh.600812,9.55,9.74,9.42,9.46,15434666,147557325.68,0.9464,0.6383,0,0
2021-02-23,sh.600812,9.4,9.48,9.25,9.28,9150723,85385437.63,0.5611,-1.9027,0,0
2021-02-24,sh.600812,9.3,9.34,9.11,9.17,9415001,86925167.74,0.5773,-1.1853,0,0
2021-02-25,sh.600812,9.18,9.23,9.08,9.11,7304142,66663774.28,0.4479,-0.6543,0,0
2021-02-26,sh.600812,9.04,9.13,8.95,9.01,7095812,64013017.72,0.4351,-1.0977,0,0
2021-03-01,sh.600812,9.02,9.15,8.99,9.11,8194156,74252197.87,0.5025,1.1099,0,0
2021-03-02,sh.600812,9.12,9.15,8.92,8.95,7747200,69884504.07,0.4751,-1.7563,0,0
2021-03-03,sh.600812,8.96,9.0,8.88,9.0,6847630,61232715.58,0.4199,0.5587,0,0
2021-03-04,sh.600812,9.02,9.17,8.98,9.0,7870616,71220512.86,0.4826,0.0,0,0
2021-03-05,sh.600812,8.99,9.17,8.95,9.14,9215634,83826980.68,0.5651,1.5556,0,0
2021-03-08,sh.600812,9.12,9.18,9.0,9.04,7908926,71862566.26,0.485,-1.0941,0,0
2021-03-09,sh.600812,9.0,9.0,8.5,8.73,10078610,88388122.06,0.618,-3.4292,0,0
2021-03-10,sh.600812,8.73,8.82,8.65,8.66,5430995,47314266.41,0.333,-0.8018,0,0
2021-03-11,sh.600812,8.66,8.78,8.59,8.75,4813661,41905332.14,0.2952,1.0393,0,0
2021-03-12,sh.600812,8.75,8.76,8.59,8.62,5957700,51434732.0,0.3653,-1.4857,0,0
2021-03-15,sh.600812,8.62,8.63,8.46,8.48,6128817,52214957.6,0.3758,-1.6241,0,0
2021-03-16,sh.600812,8.49,8.81,8.49,8.79,8526876,73807783.82,0.5229,3.6557,0,0
2021-03-17,sh.600812,8.79,8.84,8.72,8.78,5226772,45829382.6,0.3205,-0.1138,0,0
2021-03-18,sh.600812,8.78,8.84,8.73,8.77,5302201,46611124.78,0.3251,-0.1139,0,0
2021-03-19,sh.600812,8.76,9.54,8.7,9.09,19893108,182434758.99,1.2198,3.6488,0,0
2021-03-22,sh.600812,9.06,9.16,8.91,9.12,8207094,74448441.32,0.5033,0.33,0,0
2021-03-23,sh.600812,9.1,9.15,8.98,9.03,6454978,58297121.23,0.3958,-0.9868,0,0
2021-03-24,sh.600812,9.04,9.15,8.9,8.92,6645598,59909045.24,0.4075,-1.2182,0,0
2021-03-25,sh.600812,8.9,8.98,8.75,8.83,6476690,57216152.56,0.3971,-1.009,0,0
2021-03-26,sh.600812,8.85,8.93,8.83,8.9,4411000,39177331.31,0.2705,0.7928,0,0
2021-03-29,sh.600812,8.9,9.07,8.9,8.92,4878748,43709520.68,0.2992,0.2247,0,0
2021-03-30,sh.600812,8.85,8.9,8.75,8.8,4463728,39362018.9,0.2737,-1.3453,0,0
2021-03-31,sh.600812,8.8,8.95,8.73,8.83,4382625,38833794.68,0.2687,0.3409,0,0
2021-04-01,sh.600812,8.83,8.91,8.8,8.91,4190395,37101781.77,0.257,0.906,0,0
2021-04-02,sh.600812,8.9,8.98,8.86,8.87,4837557,43070420.0,0.2966,-0.4489,0,0
2021-04-06,sh.600812,8.9,9.15,8.81,9.12,11283888,102040646.27,0.6919,2.8185,0,0
2021-04-07,sh.600812,9.12,9.25,9.05,9.09,7709482,70355694.98,0.4727,-0.3289,0,0
2021-04-08,sh.600812,9.09,9.12,8.96,8.99,5835800,52687044.61,0.3578,-1.1001,0,0
2021-04-09,sh.600812,9.0,9.07,8.94,9.04,4483364,40340850.75,0.2749,0.5562,0,0
2021-04-12,sh.600812,9.0,9.1,8.82,8.85,5393561,48204191.42,0.3307,-2.1018,0,0
2021-04-13,sh.600812,8.82,8.96,8.77,8.87,4235002,37410389.7,0.2597,0.226,0,0
2021-04-14,sh.600812,8.88,8.92,8.75,8.88,4175626,36868656.9,0.256,0.1127,0,0
2021-04-15,sh.600812,8.88,8.88,8.76,8.78,3426733,30121173.08,0.2101,-1.1261,0,0
2021-04-16,sh.600812,8.79,9.0,8.75,8.97,6712619,59794734.01,0.4116,2.164,0,0
2021-04-19,sh.600812,9.05,9.14,8.97,9.02,7770302,70356441.36,0.4765,0.5574,0,0
2021-04-20,sh.600812,8.99,9.06,8.94,8.97,5462753,49222890.95,0.335,-0.5543,0,0
2021-04-21,sh.600812,8.91,9.86,8.89,9.72,46074251,435109719.48,2.8252,8.3612,0,0
2021-04-22,sh.600812,9.54,10.56,9.5,10.29,57397747,572492425.2,3.5196,5.8642,0,0
2021-04-23,sh.600812,10.1,10.49,10.04,10.31,36304450,373825330.17,2.2262,0.1944,0,0
2021-04-26,sh.600812,10.53,10.8,10.24,10.29,38291173,402754449.41,2.348,-0.194,0,0
2021-04-27,sh.600812,10.1,10.48,10.03,10.24,25088060,256387354.47,1.5384,-0.4859,0,0
2021-04-28,sh.600812,10.24,10.29,9.91,10.14,20396656,206181367.26,1.2507,-0.9766,0,0
2021-04-29,sh.600812,9.85,10.07,9.63,9.95,30750747,303477475.47,1.8856,-1.8738,0,0
2021-04-30,sh.600812,10.0,10.48,9.88,10.22,26345738,270328557.08,1.6155,2.7136,0,0
2021-05-06,sh.600812,10.14,10.15,9.87,9.88,18303998,182845070.52,1.1224,-3.3268,0,0
2021-05-07,sh.600812,9.97,10.03,9.6,9.65,15173495,149139049.87,0.9304,-2.3279,0,0
2021-05-10,sh.600812,9.65,9.9,9.65,9.72,12127387,118253486.4,0.7436,0.7254,0,0
2021-05-11,sh.600812,9.73,10.03,9.6,9.86,14837941,145743212.25,0.9099,1.4403,0,0
2021-05-12,sh.600812,9.85,10.85,9.82,10.85,51800521,549863399.12,3.1764,10.0406,1,0
2021-05-13,sh.600812,10.94,11.5,10.85,10.95,66237854,738194097.87,4.0617,0.9217,0,0
2021-05-14,sh.600812,10.97,11.12,10.58,10.62,45241373,489377683.77,2.7742,-3.0137,0,0
2021-05-17,sh.600812,10.74,10.91,10.24,10.32,33497083,353079938.84,2.054,-2.8249,0,0
2021-05-18,sh.600812,10.33,10.5,10.13,10.38,21608750,223184763.51,1.325,0.5814,0,0
2021-05-19,sh.600812,10.3,10.38,10.16,10.29,18064067,185317083.44,1.1077,-0.8671,0,0
2021-05-20,sh.600812,10.3,10.7,10.23,10.31,23669385,245677808.12,1.4514,0.1944,0,0
2021-05-21,sh.600812,10.3,10.33,9.85,9.91,24065985,241527820.08,1.4757,-3.8797,0,0
2021-05-24,sh.600812,9.88,10.03,9.75,9.94,12985563,128299845.46,0.7963,0.3027,0,0
2021-05-25,sh.600812,10.21,10.55,10.05,10.36,29515459,304083913.82,1.8099,4.2254,0,0
2021-05-26,sh.600812,10.34,10.76,10.21,10.46,29706360,313269822.71,1.8216,0.9653,0,0
2021-05-27,sh.600812,10.5,10.56,10.21,10.28,18629473,192702893.73,1.1423,-1.7208,0,0
2021-05-28,sh.600812,10.38,10.51,10.14,10.26,16046926,165196271.89,0.984,-0.1946,0,0
2021-05-31,sh.600812,10.31,10.8,10.23,10.71,31586526,334532530.39,1.9369,4.386,0,0
2021-06-01,sh.600812,10.6,10.77,10.47,10.6,16742847,177163510.88,1.0267,-1.0271,0,0
2021-06-02,sh.600812,10.51,10.62,10.33,10.34,14792868,154263905.59,0.9071,-2.4528,0,0
2021-06-03,sh.600812,10.33,10.53,10.26,10.52,12947895,134664783.8,0.794,1.7408,0,0
2021-06-04,sh.600812,10.53,11.51,10.48,11.07,40239470,446142531.45,2.4675,5.2281,0,0
2021-06-07,sh.600812,10.86,11.59,10.8,11.43,38752557,439929527.1,2.3763,3.252,0,0
2021-06-08,sh.600812,11.32,11.39,11.0,11.06,22725626,254026791.22,1.3935,-3.2371,0,0
2021-06-09,sh.600812,11.05,12.06,11.01,11.85,50239221,587262893.96,3.0806,7.1429,0,0
2021-06-10,sh.600812,11.71,12.14,11.62,11.77,34115076,404806411.05,2.0919,-0.6751,0,0
2021-06-11,sh.600812,11.79,12.39,11.61,12.19,37246517,450126322.02,2.2839,3.5684,0,0
2021-06-15,sh.600812,12.24,12.38,11.5,11.62,35793959,423148833.14,2.1949,-4.676,0,0
2021-06-16,sh.600812,11.6,12.19,11.4,11.76,33800397,397537893.74,2.0726,1.2048,0,0
2021-06-17,sh.600812,11.59,11.96,11.4,11.75,19321910,227033096.62,1.1848,-0.085,0,0
2021-06-18,sh.600812,11.71,12.33,11.55,12.16,27824004,335786515.71,1.7062,3.4894,0,0
2021-06-21,sh.600812,12.15,12.3,11.84,11.91,23801932,285642838.51,1.4595,-2.0559,0,0
2021-06-22,sh.600812,11.9,12.1,11.45,11.61,26443256,309484816.7,1.6215,-2.5189,0,0
2021-06-23,sh.600812,11.57,11.8,11.5,11.8,15027693,174907852.86,0.9215,1.6365,0,0
2021-06-24,sh.600812,11.76,11.76,11.2,11.21,19217651,219167518.83,1.1784,-5.0,0,0
2021-06-25,sh.600812,11.15,11.4,11.02,11.36,12271995,137972457.64,0.7525,1.3381,0,0
2021-06-28,sh.600812,11.33,11.46,11.08,11.46,14692535,165625446.49,0.9009,0.8803,0,0
2021-06-29,sh.600812,11.48,11.49,11.05,11.24,13699723,154306433.25,0.8401,-1.9197,0,0
2021-06-30,sh.600812,11.11,11.22,10.55,10.65,27058625,291638443.94,1.6592,-5.2491,0,0
2021-07-01,sh.600812,10.65,10.92,10.53,10.54,17800629,191289832.04,1.0915,-1.0329,0,0
2021-07-02,sh.600812,10.52,10.77,10.44,10.56,10845907,115009438.59,0.6651,0.1898,0,0
2021-07-05,sh.600812,10.57,11.1,10.57,10.81,13584689,147350488.2,0.833,2.3674,0,0
2021-07-06,sh.600812,10.8,10.93,10.47,10.55,13094183,139021596.52,0.8029,-2.4052,0,0
2021-07-07,sh.600812,10.47,10.65,10.4,10.52,8502000,89659006.0,0.5213,-0.2844,0,0
2021-07-08,sh.600812,10.46,10.65,10.12,10.17,13238799,136683282.64,0.8118,-3.0505,0,0
2021-07-09,sh.600812,10.18,10.31,10.06,10.22,8691837,88522391.87,0.533,0.4916,0,0
2021-07-12,sh.600812,10.29,10.39,10.2,10.22,8849044,90910281.78,0.5426,0.0,0,0
2021-07-13,sh.600812,10.18,10.38,10.08,10.33,9054995,92587958.3,0.5552,1.0763,0,0
2021-07-14,sh.600812,10.31,10.64,10.2,10.52,11936928,125169966.69,0.732,1.8393,0,0
2021-07-15,sh.600812,10.51,10.57,10.32,10.49,8028808,83841750.83,0.4923,-0.2852,0,0
2021-07-16,sh.600812,10.63,11.03,10.61,10.86,16541855,179715642.36,1.0143,3.5272,0,0
2021-07-19,sh.600812,10.8,11.09,10.74,10.75,11854092,129167802.59,0.7269,-1.0129,0,0
2021-07-20,sh.600812,10.77,10.92,10.53,10.7,8645642,92276585.94,0.5301,-0.4651,0,0
2021-07-21,sh.600812,10.9,10.9,10.42,10.51,13391463,141737157.88,0.8212,-1.7757,0,0
2021-07-22,sh.600812,10.44,10.49,10.17,10.47,15504981,159773993.53,0.9508,-0.3806,0,0
2021-07-23,sh.600812,10.37,11.5,10.3,11.27,40193885,446085032.73,2.4647,7.6409,0,0
2021-07-26,sh.600812,11.02,11.16,10.6,10.74,25485256,275144669.92,1.5627,-4.7028,0,0
2021-07-27,sh.600812,10.64,10.74,10.12,10.12,17434440,181454451.2,1.0691,-5.7728,0,0
2021-07-28,sh.600812,10.19,10.22,9.2,9.72,14952747,145440135.24,0.9169,-3.9526,0,0
2021-07-29,sh.600812,9.9,10.25,9.62,10.05,13363767,132569081.8,0.8195,3.3951,0,0
2021-07-30,sh.600812,10.05,10.05,9.75,9.89,9574416,94447656.78,0.5871,-1.592,0,0
2021-08-02,sh.600812,9.9,10.16,9.75,10.07,11039288,109957517.78,0.6769,1.82,0,0
2021-08-03,sh.600812,10.14,10.35,10.06,10.25,11212815,114925416.95,0.6876,1.7875,0,0
2021-08-04,sh.600812,10.19,10.2,9.97,10.09,8788325,88565562.13,0.5389,-1.561,0,0
2021-08-05,sh.600812,10.18,10.88,10.08,10.64,24725588,259490727.98,1.5162,5.4509,0,0
2021-08-06,sh.600812,10.5,10.89,10.31,10.47,14576416,153383763.19,0.8938,-1.5977,0,0
2021-08-09,sh.600812,10.4,10.55,10.3,10.45,8264536,86191373.76,0.5068,-0.191,0,0
2021-08-10,sh.600812,10.45,10.59,10.4,10.49,7528767,78953693.5,0.4617,0.3828,0,0
2021-08-11,sh.600812,10.44,11.44,10.4,11.13,28994385,317371364.2,1.7779,6.101,0,0
2021-08-12,sh.600812,11.05,11.98,10.77,10.95,49150763,552755857.0,3.0139,-1.6173,0,0
2021-08-13,sh.600812,10.31,10.93,10.11,10.22,40469075,416693706.7,2.4815,-6.6667,0,0
2021-08-16,sh.600812,10.3,11.07,10.3,10.98,42416050,455822322.45,2.6009,7.4364,0,0
2021-08-17,sh.600812,10.93,10.95,10.38,10.45,24115484,255044038.71,1.4787,-4.827,0,0
2021-08-18,sh.600812,10.4,10.56,10.36,10.39,10625076,110809831.07,0.6515,-0.5742,0,0
2021-08-19,sh.600812,10.37,10.45,10.27,10.31,7781900,80452772.81,0.4772,-0.77,0,0
2021-08-20,sh.600812,10.32,10.39,10.1,10.12,10293326,104666486.16,0.6312,-1.8429,0,0
2021-08-23,sh.600812,9.11,9.34,9.11,9.11,43492273,397487500.41,2.6669,-9.9802,0,1
2021-08-24,sh.600812,8.88,8.98,8.77,8.87,23858969,211024468.62,1.463,-2.6345,0,0
2021-08-25,sh.600812,8.85,9.19,8.82,9.07,16683278,151149473.98,1.023,2.2548,0,0
2021-08-26,sh.600812,9.06,9.06,8.85,8.86,12634168,112562612.92,0.7747,-2.3153,0,0
2021-08-27,sh.600812,8.82,8.85,8.58,8.61,12274281,106200067.6,0.7527,-2.8217,0,0
2021-08-30,sh.600812,8.55,8.75,8.42,8.58,10338700,88779353.0,0.634,-0.3484,0,0
2021-08-31,sh.600812,8.57,8.66,8.42,8.45,10382717,88174747.99,0.6367,-1.5152,0,0
2021-09-01,sh.600812,8.45,8.49,8.1,8.34,16675069,137852034.7,1.0225,-1.3018,0,0
2021-09-02,sh.600812,8.31,8.34,8.2,8.28,10138630,83845810.9,0.6217,-0.7194,0,0
2021-09-03,sh.600812,8.23,8.62,8.23,8.53,17652221,149457704.12,1.0824,3.0193,0,0
2021-09-06,sh.600812,8.53,8.58,8.41,8.57,9067070,77153800.12,0.556,0.4689,0,0
2021-09-07,sh.600812,8.57,8.75,8.52,8.69,10975096,95172969.97,0.673,1.4002,0,0
2021-09-08,sh.600812,8.67,9.03,8.65,8.91,11526259,102381592.09,0.7068,2.5316,0,0
2021-09-09,sh.600812,8.92,8.93,8.7,8.8,9779984,85588438.4,0.5997,-1.2346,0,0
2021-09-10,sh.600812,8.77,8.77,8.63,8.71,7546926,65616859.31,0.4628,-1.0227,0,0
2021-09-13,sh.600812,8.72,8.82,8.65,8.75,6463558,56363717.91,0.3963,0.4592,0,0
2021-09-14,sh.600812,8.76,8.95,8.68,8.74,8485100,74526230.0,0.5203,-0.1143,0,0
2021-09-15,sh.600812,8.71,8.8,8.55,8.57,7069141,60887687.44,0.4335,-1.9451,0,0
2021-09-16,sh.600812,8.5,8.58,8.3,8.34,9728678,81880179.05,0.5966,-2.6838,0,0
2021-09-17,sh.600812,8.34,8.44,8.3,8.4,5935909,49652951.35,0.364,0.7194,0,0
2021-09-22,sh.600812,8.31,8.5,8.28,8.44,5747859,48342880.92,0.3525,0.4762,0,0
2021-09-23,sh.600812,8.45,8.69,8.43,8.61,7873170,67566719.44,0.4828,2.0142,0,0
2021-09-24,sh.600812,8.57,8.65,8.41,8.41,7027733,59701121.09,0.4309,-2.3229,0,0
2021-09-27,sh.600812,8.41,8.55,8.32,8.36,5061776,42500282.58,0.3104,-0.5945,0,0
2021-09-28,sh.600812,8.33,8.36,8.24,8.28,4659768,38594139.38,0.2857,-0.9569,0,0
2021-09-29,sh.600812,8.24,8.28,8.08,8.08,6329553,51535531.48,0.3881,-2.4155,0,0
2021-09-30,sh.600812,8.08,8.21,8.08,8.19,3311340,27048152.66,0.203,1.3614,0,0
2021-10-08,sh.600812,8.2,8.54,8.19,8.44,7347905,61989797.72,0.4506,3.0525,0,0
2021-10-11,sh.600812,8.51,8.68,8.43,8.47,6423192,54878220.09,0.3939,0.3555,0,0
2021-10-12,sh.600812,8.45,8.55,8.34,8.42,6066621,51141522.69,0.372,-0.5903,0,0
2021-10-13,sh.600812,8.51,8.51,8.3,8.48,4691162,39525740.27,0.2877,0.7126,0,0
2021-10-14,sh.600812,8.46,8.49,8.39,8.4,3841143,32381915.2,0.2355,-0.9434,0,0
2021-10-15,sh.600812,8.4,8.59,8.35,8.38,6817821,57823611.45,0.4181,-0.2381,0,0
2021-10-18,sh.600812,8.37,8.42,8.28,8.32,4217075,35109668.36,0.2586,-0.716,0,0
2021-10-19,sh.600812,8.32,8.52,8.32,8.43,4872774,40984207.44,0.2988,1.3221,0,0
2021-10-20,sh.600812,8.43,8.99,8.43,8.91,24321580,214606773.77,1.4914,5.694,0,0
2021-10-21,sh.600812,8.85,9.16,8.77,8.82,15343596,137064701.57,0.9409,-1.0101,0,0
2021-10-22,sh.600812,8.81,8.88,8.6,8.64,7625551,66395889.56,0.4676,-2.0408,0,0
2021-10-25,sh.600812,8.61,8.93,8.6,8.91,9583855,84717191.65,0.5877,3.125,0,0
2021-10-26,sh.600812,8.91,8.95,8.73,8.77,6257170,55172244.71,0.3837,-1.5713,0,0
2021-10-27,sh.600812,8.76,8.9,8.68,8.79,6839571,59988063.22,0.4194,0.2281,0,0
2021-10-28,sh.600812,8.76,8.98,8.74,8.76,10525763,93354468.08,0.6454,-0.3413,0,0
2021-10-29,sh.600812,8.76,8.94,8.63,8.9,11391168,100600784.57,0.6985,1.5982,0,0
2021-11-01,sh.600812,8.84,9.0,8.78,8.9,7065392,62942886.88,0.4332,0.0,0,0
2021-11-02,sh.600812,8.87,8.95,8.6,8.74,9296189,81589877.19,0.57,-1.7978,0,0
2021-11-03,sh.600812,8.71,9.1,8.66,8.96,13446291,120020727.01,0.8245,2.5172,0,0
2021-11-04,sh.600812,8.91,8.98,8.84,8.94,6271462,55977038.58,0.3846,-0.2232,0,0
2021-11-05,sh.600812,8.9,9.41,8.85,9.29,22131581,203018157.5,1.3571,3.915,0,0
2021-11-08,sh.600812,9.31,9.6,9.06,9.45,22926038,215510597.99,1.4058,1.7223,0,0
2021-11-09,sh.600812,9.43,9.78,9.35,9.59,16937337,162645482.16,1.0386,1.4815,0,0
2021-11-10,sh.600812,9.6,9.77,9.55,9.68,13670309,132011506.3,0.8383,0.9385,0,0
2021-11-11,sh.600812,9.67,9.78,9.31,9.62,15330384,146777963.56,0.9401,-0.6198,0,0
2021-11-12,sh.600812,9.64,9.91,9.41,9.53,21009181,201861839.86,1.2883,-0.9356,0,0
2021-11-15,sh.600812,9.52,9.54,9.24,9.26,16555789,154242614.53,1.0152,-2.8332,0,0
2021-11-16,sh.600812,9.3,9.42,9.22,9.3,12735801,118655870.54,0.781,0.432,0,0
2021-11-17,sh.600812,9.26,9.36,9.18,9.32,9507442,88356366.51,0.583,0.2151,0,0
2021-11-18,sh.600812,9.3,9.43,9.26,9.28,8437054,78863670.09,0.5174,-0.4292,0,0
2021-11-19,sh.600812,9.2,9.42,9.18,9.36,9693538,90785789.42,0.5944,0.8621,0,0
2021-11-22,sh.600812,9.39,9.69,9.36,9.64,12637257,120572975.7,0.7749,2.9915,0,0
2021-11-23,sh.600812,9.66,9.75,9.55,9.58,7159253,68820619.71,0.439,-0.6224,0,0
2021-11-24,sh.600812,9.58,9.71,9.5,9.61,9028272,86782851.25,0.5536,0.3132,0,0
2021-11-25,sh.600812,9.6,9.67,9.5,9.51,8049726,77165353.83,0.4936,-1.0406,0,0
2021-11-26,sh.600812,9.52,9.63,9.37,9.41,8029671,75988273.09,0.4924,-1.0515,0,0
2021-11-29,sh.600812,9.5,9.65,9.33,9.41,8584935,81303475.43,0.5264,0.0,0,0
2021-11-30,sh.600812,9.46,9.48,9.22,9.36,9597700,89474334.0,0.5885,-0.5313,0,0
2021-12-01,sh.600812,9.38,10.14,9.35,9.81,27469229,268842958.1,1.6844,4.8077,0,0
2021-12-02,sh.600812,9.84,10.48,9.8,10.34,33573696,345436702.6,2.0587,5.4027,0,0
2021-12-03,sh.600812,10.36,10.55,10.17,10.46,22486924,233244616.24,1.3789,1.1605,0,0
2021-12-06,sh.600812,10.67,10.98,10.56,10.74,28388447,306612738.38,1.7408,2.6769,0,0
2021-12-07,sh.600812,10.74,10.88,10.54,10.58,15824934,168622637.49,0.9704,-1.4898,0,0
2021-12-08,sh.600812,10.83,11.58,10.6,11.4,44046301,494801318.19,2.7009,7.7505,0,0
2021-12-09,sh.600812,11.4,11.64,11.2,11.25,28417527,323242100.95,1.7425,-1.3158,0,0
2021-12-10,sh.600812,11.25,11.48,11.19,11.34,16553023,187906602.62,1.015,0.8,0,0
2021-12-13,sh.600812,11.33,11.4,10.8,10.89,27172269,298988916.42,1.6662,-3.9683,0,0
2021-12-14,sh.600812,10.88,10.96,10.66,10.7,15378663,165772983.84,0.943,-1.7447,0,0
2021-12-15,sh.600812,10.7,11.17,10.56,11.09,25579767,281890208.38,1.5685,3.6449,0,0
2021-12-16,sh.600812,10.94,11.18,10.78,10.88,15353166,167233312.83,0.9414,-1.8936,0,0
2021-12-17,sh.600812,11.0,11.36,10.84,11.16,26327075,293281459.55,1.6144,2.5735,0,0
2021-12-20,sh.600812,11.2,11.35,10.99,11.04,15443609,171422695.61,0.947,-1.0753,0,0
2021-12-21,sh.600812,11.02,11.1,10.63,10.72,20375395,220160865.82,1.2494,-2.8986,0,0
2021-12-22,sh.600812,10.72,11.22,10.7,11.05,19048066,209077013.78,1.168,3.0784,0,0
2021-12-23,sh.600812,10.99,12.16,10.85,12.16,56402261,661601070.32,3.4586,10.0452,1,0
2021-12-24,sh.600812,11.96,12.18,11.33,11.8,56490993,660489378.16,3.464,-2.9605,0,0
2021-12-27,sh.600812,11.69,12.0,11.55,11.8,23781878,280864733.35,1.4583,0.0,0,0
2021-12-28,sh.600812,11.86,11.96,11.6,11.72,15521440,181761481.75,0.9518,-0.678,0,0
2021-12-29,sh.600812,11.77,11.88,11.65,11.72,13976685,164861726.9,0.857,0.0,0,0
2021-12-30,sh.600812,11.7,11.88,11.61,11.73,13686219,160920027.83,0.8392,0.0853,0,0
2021-12-31,sh.600812,11.74,12.04,11.69,11.92,16302899,193405865.7,0.9997,1.6198,0,0
2022-01-04,sh.600812,11.95,12.3,11.8,11.91,17344118,207787230.87,1.0635,-0.0839,0,0
2022-01-05,sh.600812,11.98,12.1,11.4,11.57,17828401,208653892.04,1.0932,-2.8547,0,0
2022-01-06,sh.600812,11.76,12.13,11.51,11.84,24470879,289583115.84,1.5005,2.3336,0,0
2022-01-07,sh.600812,11.84,11.91,11.62,11.66,15858231,186225124.64,0.9724,-1.5203,0,0
2022-01-10,sh.600812,11.66,11.99,11.55,11.7,13060410,153805461.64,0.8009,0.3431,0,0
2022-01-11,sh.600812,12.0,12.44,11.77,11.85,27222451,328949735.28,1.6693,1.2821,0,0
2022-01-12,sh.600812,11.71,12.28,11.71,12.06,16556897,198995865.45,1.0153,1.7722,0,0
2022-01-13,sh.600812,12.06,12.15,11.48,11.48,22114556,259759905.74,1.3561,-4.8093,0,0
2022-01-14,sh.600812,11.62,12.3,11.41,12.16,40662223,489536181.15,2.4934,5.9233,0,0
2022-01-17,sh.600812,12.1,12.88,11.89,12.59,45393559,560817168.19,2.7835,3.5362,0,0
2022-01-18,sh.600812,12.68,13.45,12.3,12.97,43458385,559541965.01,2.6648,3.0183,0,0
2022-01-19,sh.600812,12.86,12.98,12.52,12.7,24667274,314625239.34,1.5126,-2.0817,0,0
2022-01-20,sh.600812,12.65,12.88,11.43,11.43,40648341,483749153.89,2.4925,-10.0,0,1
2022-01-21,sh.600812,11.23,11.35,10.29,10.29,47026874,489677236.11,2.8837,-9.9738,0,1
2022-01-24,sh.600812,10.0,10.2,9.26,9.56,44307290,424402996.88,2.7169,-7.0943,0,0
2022-01-25,sh.600812,9.36,9.8,9.2,9.59,30696722,291997811.84,1.8823,0.3138,0,0
2022-01-26,sh.600812,9.75,10.05,8.7,8.72,44629146,414833877.76,2.7366,-9.0719,0,0
2022-01-27,sh.600812,8.96,8.96,8.58,8.6,21765852,189244944.0,1.3347,-1.3761,0,0
2022-01-28,sh.600812,8.63,8.92,8.5,8.79,16927072,148101144.22,1.038,2.2093,0,0
2022-02-07,sh.600812,8.9,9.08,8.81,8.86,14523066,129126243.5,0.8905,0.7964,0,0
2022-02-08,sh.600812,8.88,9.0,8.8,8.95,10166785,90579923.93,0.6234,1.0158,0,0
2022-02-09,sh.600812,8.95,9.17,8.86,9.13,13683066,123505404.81,0.839,2.0112,0,0
2022-02-10,sh.600812,9.1,9.19,9.05,9.11,8579100,78200506.0,0.5261,-0.2191,0,0
2022-02-11,sh.600812,9.11,9.12,8.78,8.8,12555915,111808168.68,0.7699,-3.4029,0,0
2022-02-14,sh.600812,9.19,9.37,8.93,8.98,19995621,182517020.52,1.2261,2.0455,0,0
2022-02-15,sh.600812,8.92,9.08,8.83,8.96,9672039,86451576.79,0.5931,-0.2227,0,0
2022-02-16,sh.600812,8.95,9.16,8.88,9.04,10142300,91658360.0,0.6219,0.8929,0,0
2022-02-17,sh.600812,8.99,9.02,8.87,8.89,10549398,94126419.92,0.6469,-1.6593,0,0
2022-02-18,sh.600812,8.83,9.1,8.81,8.96,9710001,87148889.95,0.5954,0.7874,0,0
2022-02-21,sh.600812,9.0,9.32,8.97,9.3,19161506,175809415.49,1.175,3.7946,0,0
2022-02-22,sh.600812,9.21,9.35,9.05,9.15,14175431,130045946.72,0.8692,-1.6129,0,0
2022-02-23,sh.600812,9.16,9.25,9.03,9.17,10221872,93491023.03,0.6268,0.2186,0,0
2022-02-24,sh.600812,9.06,9.28,8.58,8.81,23344725,208870126.5,1.4315,-3.9258,0,0
2022-02-25,sh.600812,8.82,8.96,8.81,8.84,12081359,107283402.73,0.7408,0.3405,0,0
2022-02-28,sh.600812,8.83,8.89,8.67,8.84,15282361,134198103.0,0.9371,0.0,0,0
2022-03-01,sh.600812,8.85,8.88,8.75,8.81,8037594,70805183.0,0.4929,-0.3394,0,0
2022-03-02,sh.600812,8.75,8.82,8.69,8.79,8626806,75600748.0,0.529,-0.227,0,0
2022-03-03,sh.600812,8.8,8.95,8.8,8.88,12006596,106714359.0,0.7362,1.0239,0,0
2022-03-04,sh.600812,8.85,9.16,8.8,8.85,18976063,170411664.0,1.1636,-0.3378,0,0
2022-03-07,sh.600812,8.86,8.95,8.58,8.63,15057949,131040957.0,0.9233,-2.4859,0,0
2022-03-08,sh.600812,8.63,8.65,7.77,8.09,20427826,167455071.0,1.2526,-6.2572,0,0
2022-03-09,sh.600812,8.09,8.22,7.49,7.74,20135087,156981140.0,1.2347,-4.3263,0,0
2022-03-10,sh.600812,7.9,8.14,7.87,8.11,17000602,136634737.0,1.0425,4.7804,0,0
2022-03-11,sh.600812,8.02,8.18,7.85,8.17,15801980,127201645.0,0.969,0.7398,0,0
2022-03-14,sh.600812,8.16,8.32,7.95,7.96,16154900,131017879.0,0.9906,-2.5704,0,0
2022-03-15,sh.600812,7.97,7.98,7.39,7.42,18630487,142834854.0,1.1424,-6.7839,0,0
2022-03-16,sh.600812,7.54,7.65,7.2,7.65,16848751,125486878.0,1.0332,3.0997,0,0
2022-03-17,sh.600812,7.7,8.03,7.6,7.84,17748450,140114823.0,1.0883,2.4837,0,0
2022-03-18,sh.600812,7.81,8.0,7.76,7.91,11167765,87994814.54,0.6848,0.8929,0,0
2022-03-21,sh.600812,7.92,8.2,7.92,8.1,16266709,131429066.16,0.9975,2.402,0,0
2022-03-22,sh.600812,8.18,8.18,7.86,7.94,11061385,87843026.08,0.6783,-1.9753,0,0
2022-03-23,sh.600812,7.94,8.01,7.84,7.93,8429331,66857664.66,0.5169,-0.1259,0,0
2022-03-24,sh.600812,7.91,8.08,7.81,8.03,13169568,105044640.31,0.8076,1.261,0,0
2022-03-25,sh.600812,8.03,8.05,7.84,7.85,12188401,96658384.92,0.7474,-2.2416,0,0
2022-03-28,sh.600812,7.84,7.88,7.65,7.76,8790134,68038885.48,0.539,-1.1465,0,0
2022-03-29,sh.600812,7.77,7.83,7.71,7.76,8754317,68070847.1,0.5368,0.0,0,0
2022-03-30,sh.600812,7.79,7.88,7.68,7.88,10017425,78096323.25,0.6143,1.5464,0,0
2022-03-31,sh.600812,7.87,8.18,7.8,7.84,16032800,127877466.32,0.9831,-0.5076,0,0
2022-04-01,sh.600812,7.81,7.82,7.61,7.76,10257995,79095887.89,0.629,-1.0204,0,0
2022-04-06,sh.600812,7.77,8.02,7.77,7.88,13793026,108946115.99,0.8458,1.5464,0,0
2022-04-07,sh.600812,7.91,7.94,7.7,7.72,11234906,87442372.43,0.6889,-2.0305,0,0
2022-04-08,sh.600812,7.76,7.77,7.47,7.55,10361874,78437939.2,0.6354,-2.2021,0,0
2022-04-11,sh.600812,7.55,7.56,7.07,7.13,15063591,109548971.39,0.9237,-5.5629,0,0
2022-04-12,sh.600812,7.13,7.2,6.98,7.17,13799291,97798742.18,0.8462,0.561,0,0
2022-04-13,sh.600812,7.12,7.2,7.02,7.09,9946411,70607171.3,0.6099,-1.1158,0,0
2022-04-14,sh.600812,7.1,7.19,7.07,7.09,7895428,56243772.87,0.4841,0.0,0,0
2022-04-15,sh.600812,7.09,7.12,6.97,7.0,7828809,54925791.37,0.4801,-1.2694,0,0
2022-04-18,sh.600812,7.0,7.0,6.73,6.93,7893551,54232428.4,0.484,-1.0,0,0
2022-04-19,sh.600812,6.94,6.99,6.83,6.91,7273581,50205366.08,0.446,-0.2886,0,0
2022-04-20,sh.600812,6.9,7.01,6.76,6.78,9245493,63618866.56,0.5669,-1.8813,0,0
2022-04-21,sh.600812,6.76,6.83,6.4,6.46,13278298,87850038.12,0.8142,-4.7198,0,0
2022-04-22,sh.600812,6.49,6.56,6.24,6.29,11227994,70861875.36,0.6885,-2.6316,0,0
2022-04-25,sh.600812,6.27,6.27,5.66,5.66,21202291,124796869.53,1.3001,-10.0159,0,1
2022-04-26,sh.600812,5.65,5.92,5.54,5.67,18091697,103770213.2,1.1094,0.1767,0,0
2022-04-27,sh.600812,5.59,5.82,5.48,5.82,14713952,83133874.52,0.9023,2.6455,0,0
2022-04-28,sh.600812,5.74,6.01,5.74,5.85,13975475,82168922.0,0.857,0.5155,0,0
2022-04-29,sh.600812,5.95,6.36,5.9,6.33,20918261,129783515.39,1.2827,8.2051,0,0
2022-05-05,sh.600812,6.3,6.44,6.18,6.32,17334600,109788305.71,1.0629,-0.158,0,0
2022-05-06,sh.600812,6.21,6.37,6.15,6.29,10825069,67871831.18,0.6638,-0.4747,0,0
2022-05-09,sh.600812,6.29,6.54,6.26,6.49,12595375,81264382.76,0.7723,3.1797,0,0
2022-05-10,sh.600812,6.42,6.71,6.39,6.71,14619289,96050830.13,0.8964,3.3898,0,0
2022-05-11,sh.600812,6.79,6.8,6.6,6.6,16293032,109207324.1,0.9991,-1.6393,0,0
2022-05-12,sh.600812,6.55,6.73,6.53,6.72,10637796,70799977.5,0.6523,1.8182,0,0
2022-05-13,sh.600812,6.73,7.39,6.64,7.39,24724616,174959003.92,1.5161,9.9702,1,0
2022-05-16,sh.600812,8.13,8.13,8.13,8.13,7585720,61671903.6,0.4652,10.0135,1,0
2022-05-17,sh.600812,8.5,8.9,7.78,8.27,133934108,1120788836.08,8.2128,1.722,0,0
2022-05-18,sh.600812,7.67,7.84,7.44,7.44,74402282,559513941.77,4.5623,-10.0363,0,1
2022-05-19,sh.600812,7.03,7.41,6.95,7.2,49673639,355602935.88,3.046,-3.2258,0,0
2022-05-20,sh.600812,7.28,7.35,7.02,7.09,38709799,275740258.73,2.3737,-1.5278,0,0
2022-05-23,sh.600812,7.09,7.15,6.98,7.02,27851856,195884085.33,1.7079,-0.9873,0,0
2022-05-24,sh.600812,7.02,7.02,6.55,6.59,36579008,247939968.0,2.243,-6.1254,0,0
2022-05-25,sh.600812,6.56,6.67,6.52,6.67,17952786,118542874.5,1.1009,1.214,0,0
2022-05-26,sh.600812,6.65,6.7,6.54,6.63,15418050,102093130.33,0.9454,-0.5997,0,0
2022-05-27,sh.600812,6.65,6.69,6.46,6.53,17972325,118018587.31,1.1021,-1.5083,0,0
2022-05-30,sh.600812,6.55,6.56,6.46,6.52,12856777,83699449.81,0.7884,-0.1531,0,0
2022-05-31,sh.600812,6.54,6.59,6.44,6.59,13356962,87040109.92,0.819,1.0736,0,0
2022-06-01,sh.600812,6.6,6.68,6.52,6.57,15365350,101579412.5,0.9422,-0.3035,0,0
2022-06-02,sh.600812,6.58,6.58,6.48,6.55,10294599,67148883.74,0.6313,-0.3044,0,0
2022-06-06,sh.600812,6.56,6.66,6.55,6.65,12008219,79509064.96,0.7363,1.5267,0,0
2022-06-07,sh.600812,6.66,6.78,6.6,6.76,20849773,140207121.95,1.2785,1.6541,0,0
2022-06-08,sh.600812,6.75,6.75,6.56,6.65,15691570,104420835.54,0.9622,-1.6272,0,0
2022-06-09,sh.600812,6.66,6.72,6.56,6.57,12060445,79926593.45,0.7395,-1.203,0,0
2022-06-10,sh.600812,6.52,6.63,6.49,6.6,8618763,56719174.82,0.5285,0.4566,0,0
2022-06-13,sh.600812,6.55,6.65,6.5,6.57,11322233,74336891.8,0.6943,-0.4545,0,0
2022-06-14,sh.600812,6.55,6.65,6.38,6.65,13992112,91196714.72,0.858,1.2177,0,0
2022-06-15,sh.600812,6.62,6.75,6.61,6.65,14289584,95329460.12,0.8762,0.0,0,0
2022-06-16,sh.600812,6.65,6.72,6.64,6.68,11891907,79495926.6,0.7292,0.4511,0,0
2022-06-17,sh.600812,6.67,6.75,6.56,6.74,16534396,110297060.68,1.0139,0.8982,0,0
2022-06-20,sh.600812,6.74,6.92,6.72,6.91,21594387,147540731.76,1.3242,2.5223,0,0
2022-06-21,sh.600812,6.9,6.96,6.74,6.84,15100420,103415552.54,0.9259,-1.013,0,0
2022-06-22,sh.600812,6.86,6.93,6.79,6.8,12474450,85414835.32,0.7649,-0.5848,0,0
2022-06-23,sh.600812,6.72,6.82,6.68,6.81,11642460,78720272.65,0.7139,0.1471,0,0
2022-06-24,sh.600812,6.86,6.89,6.77,6.78,10857942,74015130.3,0.6658,-0.4405,0,0
2022-06-27,sh.600812,6.78,6.85,6.74,6.81,13310015,90432578.25,0.8162,0.4425,0,0
2022-06-28,sh.600812,6.82,6.84,6.76,6.84,10729453,73051980.41,0.6579,0.4405,0,0
2022-06-29,sh.600812,6.84,6.86,6.71,6.72,13023447,88570080.34,0.7986,-1.7544,0,0
2022-06-30,sh.600812,6.69,6.83,6.69,6.72,15211251,102645298.12,0.9327,0.0,0,0
2022-07-01,sh.600812,6.72,6.78,6.64,6.64,11398218,76309514.54,0.6989,-1.1905,0,0
2022-07-04,sh.600812,6.64,6.86,6.63,6.86,18215058,123593611.78,1.1169,3.3133,0,0
2022-07-05,sh.600812,6.83,6.85,6.67,6.74,12470942,84072882.58,0.7647,-1.7493,0,0
2022-07-06,sh.600812,6.73,6.76,6.55,6.62,11623842,77004875.18,0.7128,-1.7804,0,0
2022-07-07,sh.600812,6.62,6.65,6.55,6.58,8464111,55651105.32,0.519,-0.6042,0,0
2022-07-08,sh.600812,6.58,6.74,6.56,6.66,11420536,76062972.92,0.7003,1.2158,0,0
2022-07-11,sh.600812,6.78,7.22,6.71,7.1,53435175,372863814.6,3.2766,6.6066,0,0
2022-07-12,sh.600812,6.9,6.91,6.68,6.7,35161841,237009428.58,2.1561,-5.6338,0,0
2022-07-13,sh.600812,6.65,6.66,6.51,6.57,19316161,126798327.16,1.1845,-1.9403,0,0
2022-07-14,sh.600812,6.57,6.64,6.53,6.58,11639180,76510162.0,0.7137,0.1522,0,0
2022-07-15,sh.600812,6.55,6.55,6.4,6.4,12021728,77391411.56,0.7372,-2.7356,0,0
2022-07-18,sh.600812,6.33,6.44,6.29,6.44,8153105,52027082.15,0.4999,0.625,0,0
2022-07-19,sh.600812,6.45,6.47,6.38,6.43,7514500,48205471.0,0.4608,-0.1553,0,0
2022-07-20,sh.600812,6.46,6.46,6.39,6.41,6541200,41942697.39,0.4011,0.6279,0,0
2022-07-21,sh.600812,6.4,6.43,6.36,6.4,7630205,48788369.95,0.4679,-0.156,0,0
2022-07-22,sh.600812,6.4,6.44,6.3,6.37,8296155,52750997.85,0.5087,-0.4688,0,0
2022-07-25,sh.600812,6.36,6.4,6.34,6.4,6377000,40681523.72,0.391,0.471,0,0
2022-07-26,sh.600812,6.38,6.39,6.32,6.39,5939785,37726906.65,0.3642,-0.1563,0,0
2022-07-27,sh.600812,6.37,6.39,6.34,6.36,4862300,30931570.1,0.2982,-0.4695,0,0
2022-07-28,sh.600812,6.39,6.39,6.35,6.35,5764622,36723403.55,0.3535,-0.1572,0,0
2022-07-29,sh.600812,6.35,6.37,6.27,6.29,8813607,55560114.96,0.5404,-0.9449,0,0
2022-08-01,sh.600812,6.3,6.31,6.18,6.21,7658365,47556868.3,0.4696,-1.2719,0,0
2022-08-02,sh.600812,6.21,6.21,5.9,5.99,12440971,74500468.09,0.7629,-3.5427,0,0
2022-08-03,sh.600812,5.93,6.05,5.93,5.94,8647346,51838171.86,0.5303,-0.8347,0,0
2022-08-04,sh.600812,5.97,5.99,5.87,5.95,6712333,39782936.0,0.4116,0.1684,0,0
2022-08-05,sh.600812,5.88,6.07,5.88,6.05,7413682,44480221.0,0.4546,1.6807,0,0
2022-08-08,sh.600812,6.01,6.19,6.01,6.17,8405321,51735974.0,0.5154,1.9835,0,0
2022-08-09,sh.600812,6.18,6.18,6.09,6.11,5081770,31064776.0,0.3116,-0.9724,0,0
2022-08-10,sh.600812,6.13,6.13,6.06,6.08,3361674,20427436.0,0.2061,-0.491,0,0
2022-08-11,sh.600812,6.09,6.16,6.09,6.15,6722709,41251392.0,0.4122,1.1513,0,0
2022-08-12,sh.600812,6.19,6.22,6.13,6.19,6631660,41050880.0,0.4066,0.6504,0,0
2022-08-15,sh.600812,6.19,6.19,6.14,6.15,4694200,28892250.0,0.2878,-0.6462,0,0
2022-08-16,sh.600812,6.14,6.16,6.12,6.15,3818052,23460380.65,0.2341,0.0,0,0
2022-08-17,sh.600812,6.17,6.17,6.1,6.16,5057840,31042482.6,0.3101,0.1626,0,0
2022-08-18,sh.600812,6.15,6.15,6.1,6.12,4459723,27279908.58,0.2735,-0.6494,0,0
2022-08-19,sh.600812,6.13,6.16,6.1,6.11,4904664,30082001.5,0.3008,-0.1634,0,0
2022-08-22,sh.600812,6.12,6.13,6.04,6.12,5166952,31479080.44,0.3168,0.1637,0,0
2022-08-23,sh.600812,6.13,6.7,6.08,6.37,25446399,162315541.23,1.5604,4.085,0,0
2022-08-24,sh.600812,6.3,6.35,6.14,6.15,13963336,86671517.09,0.8562,-3.4537,0,0
2022-08-25,sh.600812,6.12,6.17,6.06,6.1,8457963,51556123.15,0.5186,-0.813,0,0
2022-08-26,sh.600812,6.11,6.28,6.09,6.17,8166446,50461334.76,0.5008,1.1475,0,0
2022-08-29,sh.600812,6.09,6.23,6.03,6.2,9377726,57833510.76,0.575,0.4862,0,0
2022-08-30,sh.600812,6.19,6.21,6.14,6.19,6751500,41699344.0,0.414,-0.1613,0,0
2022-08-31,sh.600812,6.18,6.22,6.11,6.13,7313498,45026443.98,0.4485,-0.9693,0,0
2022-09-01,sh.600812,6.13,6.17,6.1,6.11,5961284,36562025.96,0.3655,-0.3263,0,0
2022-09-02,sh.600812,6.11,6.17,6.09,6.13,4858561,29748521.6,0.2979,0.3273,0,0
2022-09-05,sh.600812,6.15,6.22,6.14,6.17,6062389,37351686.75,0.3717,0.6525,0,0
2022-09-06,sh.600812,6.17,6.23,6.15,6.22,7596481,47074171.11,0.4658,0.8104,0,0
2022-09-07,sh.600812,6.22,6.24,6.16,6.18,6075247,37548299.29,0.3725,-0.6431,0,0
2022-09-08,sh.600812,6.18,6.18,6.13,6.13,4786900,29421196.0,0.2935,-0.8091,0,0
2022-09-09,sh.600812,6.13,6.18,6.12,6.17,4100326,25217179.32,0.2514,0.6525,0,0
2022-09-13,sh.600812,6.16,6.21,6.16,6.17,5221960,32292118.8,0.3202,0.0,0,0
2022-09-14,sh.600812,6.13,6.14,6.06,6.11,5606600,34170515.18,0.3438,-0.9724,0,0
2022-09-15,sh.600812,6.12,6.15,5.96,6.02,8787729,53182548.29,0.5389,-1.473,0,0
2022-09-16,sh.600812,6.01,6.01,5.86,5.87,7975242,47256371.12,0.489,-2.4917,0,0
2022-09-19,sh.600812,5.9,5.9,5.73,5.75,5491639,31757360.87,0.3367,-2.0443,0,0
2022-09-20,sh.600812,5.76,5.82,5.76,5.78,3061100,17722299.0,0.1877,0.5217,0,0
2022-09-21,sh.600812,5.74,5.86,5.72,5.84,3846219,22305341.96,0.2358,1.0381,0,0
2022-09-22,sh.600812,5.84,5.87,5.82,5.82,3704100,21643146.31,0.2271,-0.3425,0,0
2022-09-23,sh.600812,5.81,5.89,5.71,5.78,4931100,28644062.0,0.3024,-0.6873,0,0
2022-09-26,sh.600812,5.75,5.76,5.59,5.6,4682500,26590498.98,0.2871,-3.1142,0,0
2022-09-27,sh.600812,5.6,5.75,5.6,5.74,5472700,31098929.0,0.3356,2.5,0,0
2022-09-28,sh.600812,5.75,5.81,5.62,5.63,4927300,28135094.0,0.3021,-1.9164,0,0
2022-09-29,sh.600812,5.66,5.77,5.6,5.62,4891402,27805703.86,0.2999,-0.1776,0,0
2022-09-30,sh.600812,5.62,5.75,5.6,5.73,5618328,32104758.65,0.3445,1.9573,0,0
2022-10-10,sh.600812,5.72,5.85,5.67,5.68,5424242,31205132.58,0.3326,-0.8726,0,0
2022-10-11,sh.600812,5.7,5.71,5.48,5.61,5719335,31888047.69,0.3507,-1.2324,0,0
2022-10-12,sh.600812,5.62,5.7,5.49,5.7,4375114,24426428.87,0.2683,1.6043,0,0
2022-10-13,sh.600812,5.66,5.85,5.66,5.8,7468371,43101662.37,0.458,1.7544,0,0
2022-10-14,sh.600812,5.8,6.04,5.8,6.03,14040836,83855677.08,0.861,3.9655,0,0
2022-10-17,sh.600812,6.03,6.13,6.0,6.1,10870751,66093021.97,0.6666,1.1609,0,0
2022-10-18,sh.600812,6.11,6.19,6.02,6.15,11226726,68817008.53,0.6884,0.8197,0,0
2022-10-19,sh.600812,6.15,6.19,6.0,6.04,7854131,47590600.61,0.4816,-1.7886,0,0
2022-10-20,sh.600812,6.04,6.11,6.0,6.03,6769101,41019406.09,0.4151,-0.1656,0,0
2022-10-21,sh.600812,6.03,6.12,6.0,6.09,6552819,39704706.32,0.4018,0.995,0,0
2022-10-24,sh.600812,6.08,6.18,5.9,5.93,7732210,46597409.3,0.4741,-2.6273,0,0
2022-10-25,sh.600812,5.93,5.95,5.73,5.8,7445138,43274238.08,0.4565,-2.1922,0,0
2022-10-26,sh.600812,5.84,6.09,5.82,6.03,10829138,65049130.45,0.664,3.9655,0,0
2022-10-27,sh.600812,6.07,6.17,5.99,6.15,12891245,78537876.89,0.7905,1.99,0,0
2022-10-28,sh.600812,6.12,6.14,5.88,5.92,9108735,54672766.6,0.5585,-3.7398,0,0
2022-10-31,sh.600812,5.94,6.03,5.8,5.94,8156537,48271383.24,0.5002,0.3378,0,0
2022-11-01,sh.600812,5.99,6.11,5.91,6.08,10838534,65291891.68,0.6646,2.3569,0,0
2022-11-02,sh.600812,6.06,6.22,6.01,6.14,15521263,95640580.5,0.9518,0.9868,0,0
2022-11-03,sh.600812,6.09,6.14,6.05,6.09,7641655,46481467.5,0.4686,-0.8143,0,0
2022-11-04,sh.600812,6.12,6.16,6.06,6.14,9352509,57232448.42,0.5735,0.821,0,0
2022-11-07,sh.600812,6.17,6.21,6.1,6.13,9393900,57745960.63,0.576,-0.1629,0,0
2022-11-08,sh.600812,6.15,6.19,6.08,6.15,6917103,42453000.73,0.4242,0.3263,0,0
2022-11-09,sh.600812,6.16,6.29,6.13,6.26,13514549,84246808.41,0.8287,1.7886,0,0
2022-11-10,sh.600812,6.25,6.35,6.19,6.27,14509330,91160908.8,0.8897,0.1597,0,0
2022-11-11,sh.600812,6.36,6.63,6.26,6.27,35772159,230017237.56,2.1935,0.0,0,0
2022-11-14,sh.600812,6.27,6.75,6.16,6.75,51284551,334355783.43,3.1447,7.6555,0,0
2022-11-15,sh.600812,6.7,6.7,6.49,6.67,45765816,301830305.35,2.8063,-1.1852,0,0
2022-11-16,sh.600812,6.65,6.65,6.42,6.46,26931780,175647962.78,1.6514,-3.1484,0,0
2022-11-17,sh.600812,6.44,6.58,6.4,6.5,22237040,144499604.35,1.3636,0.6192,0,0
2022-11-18,sh.600812,6.5,6.72,6.49,6.63,37770607,250158827.09,2.3161,2.0,0,0
2022-11-21,sh.600812,6.63,6.67,6.49,6.61,24432289,161128932.51,1.4982,-0.3017,0,0
2022-11-22,sh.600812,6.56,6.85,6.38,6.45,32714479,215544592.68,2.006,-2.4206,0,0
2022-11-23,sh.600812,6.45,6.47,6.16,6.26,23949024,149812646.67,1.4685,-2.9457,0,0
2022-11-24,sh.600812,6.28,6.32,6.21,6.29,13510036,84656765.0,0.8284,0.4792,0,0
2022-11-25,sh.600812,6.26,6.3,6.1,6.25,14319318,88871493.35,0.8781,-0.6359,0,0
2022-11-28,sh.600812,6.18,6.31,6.15,6.18,11680310,72584898.6,0.7162,-1.12,0,0
2022-11-29,sh.600812,6.2,6.38,6.17,6.33,17366584,109771193.28,1.0649,2.4272,0,0
2022-11-30,sh.600812,6.36,6.45,6.27,6.3,13505165,85831825.85,0.8281,-0.4739,0,0
2022-12-01,sh.600812,6.36,6.38,6.22,6.28,13970357,87709593.76,0.8567,-0.3175,0,0
2022-12-02,sh.600812,6.25,6.37,6.23,6.34,11266752,71177061.64,0.6909,0.9554,0,0
2022-12-05,sh.600812,6.47,6.68,6.45,6.52,28227264,185382660.94,1.7309,2.8391,0,0
2022-12-06,sh.600812,6.52,6.72,6.42,6.47,21006734,137722496.9,1.2881,-0.7669,0,0
2022-12-07,sh.600812,6.46,6.94,6.44,6.89,58977392,398367102.46,3.6165,6.4915,0,0
2022-12-08,sh.600812,6.89,6.89,6.67,6.76,42775078,289332200.89,2.6229,-1.8868,0,0
2022-12-09,sh.600812,6.68,6.84,6.68,6.78,27601714,186910195.65,1.6925,0.2959,0,0
2022-12-12,sh.600812,6.87,7.46,6.87,7.46,77625317,564481961.84,4.7599,10.0295,1,0
2022-12-13,sh.600812,7.6,8.21,7.56,8.21,139649542,1101220004.23,8.5632,10.0536,1,0
2022-12-14,sh.600812,8.28,8.28,7.55,7.7,93678259,730527304.67,5.7443,-6.2119,0,0
2022-12-15,sh.600812,7.68,7.71,7.32,7.35,62083875,463689032.08,3.8069,-4.5455,0,0
2022-12-16,sh.600812,7.4,7.74,7.4,7.6,68953801,523376181.63,4.2282,3.4014,0,0
2022-12-19,sh.600812,7.81,8.08,7.37,7.61,67033876,517981680.55,4.1105,0.1316,0,0
2022-12-20,sh.600812,7.41,7.44,7.0,7.05,45409949,323575441.97,2.7845,-7.3587,0,0
2022-12-21,sh.600812,7.08,7.31,7.07,7.15,36398134,261900792.73,2.2319,1.4184,0,0
2022-12-22,sh.600812,7.11,7.19,6.8,6.83,35123501,244417628.8,2.1538,-4.4755,0,0
2022-12-23,sh.600812,6.8,6.96,6.72,6.79,24270933,165395579.51,1.4883,-0.5857,0,0
2022-12-26,sh.600812,6.78,6.81,6.56,6.67,27499484,182861072.93,1.6863,-1.7673,0,0
2022-12-27,sh.600812,6.65,6.65,6.33,6.44,28388545,182116698.96,1.7408,-3.4483,0,0
2022-12-28,sh.600812,6.43,6.49,6.34,6.39,23205560,149143309.85,1.423,-0.7764,0,0
2022-12-29,sh.600812,6.37,6.57,6.33,6.53,25689930,166564932.36,1.5753,2.1909,0,0
2022-12-30,sh.600812,6.5,6.53,6.37,6.4,20451806,131135710.93,1.2541,-1.9908,0,0
2023-01-03,sh.600812,6.48,6.72,6.47,6.63,33107906,219093736.71,2.0302,3.5938,0,0
2023-01-04,sh.600812,6.61,6.63,6.46,6.53,22864063,148894843.12,1.402,-1.5083,0,0
2023-01-05,sh.600812,6.52,6.52,6.41,6.49,14235530,92243125.7,0.8729,-0.6126,0,0
2023-01-06,sh.600812,6.51,6.51,6.41,6.43,13848043,89202307.78,0.8492,-0.9245,0,0
2023-01-09,sh.600812,6.43,6.47,6.37,6.39,12017300,77011237.0,0.7369,-0.6221,0,0
2023-01-10,sh.600812,6.39,6.4,6.31,6.32,11711913,74188554.72,0.7182,-1.0955,0,0
2023-01-11,sh.600812,6.33,6.35,6.27,6.28,11814643,74427776.33,0.7245,-0.6329,0,0
2023-01-12,sh.600812,6.28,6.3,6.18,6.21,10550821,65671279.18,0.647,-1.1146,0,0
2023-01-13,sh.600812,6.23,6.33,6.23,6.31,11418228,71788721.19,0.7002,1.6103,0,0
2023-01-16,sh.600812,6.33,6.39,6.3,6.36,12091139,76921837.65,0.7414,0.7924,0,0
2023-01-17,sh.600812,6.38,6.38,6.25,6.27,9213440,57908418.9,0.565,-1.4151,0,0
2023-01-18,sh.600812,6.28,6.3,6.25,6.26,6583600,41291988.0,0.4037,-0.1595,0,0
2023-01-19,sh.600812,6.25,6.3,6.22,6.3,7310000,45872480.0,0.4482,0.639,0,0
2023-01-20,sh.600812,6.3,6.37,6.3,6.37,7800538,49551225.68,0.4783,1.1111,0,0
2023-01-30,sh.600812,6.38,6.41,6.35,6.38,12219369,78005335.38,0.7493,0.157,0,0
2023-01-31,sh.600812,6.25,6.25,6.05,6.16,23257124,142450103.93,1.4261,-3.4483,0,0
2023-02-01,sh.600812,6.14,6.31,6.13,6.29,15343211,95576602.23,0.9408,2.1104,0,0
2023-02-02,sh.600812,6.28,6.35,6.24,6.32,11570388,73074037.3,0.7095,0.4769,0,0
2023-02-03,sh.600812,6.34,6.35,6.22,6.31,10526700,66149907.0,0.6455,-0.1582,0,0
2023-02-06,sh.600812,6.32,6.34,6.24,6.25,9090377,57141990.89,0.5574,-0.9509,0,0
2023-02-07,sh.600812,6.26,6.29,6.18,6.22,9987257,62134328.34,0.6124,-0.48,0,0
2023-02-08,sh.600812,6.21,6.24,6.18,6.2,7183085,44580973.67,0.4405,-0.3215,0,0
2023-02-09,sh.600812,6.17,6.24,6.16,6.23,8430160,52336790.56,0.5169,0.4839,0,0
2023-02-10,sh.600812,6.22,6.24,6.18,6.22,7324422,45474772.04,0.4491,-0.1605,0,0
2023-02-13,sh.600812,6.23,6.26,6.21,6.25,8223333,51335835.46,0.5043,0.4823,0,0
2023-02-14,sh.600812,6.26,6.28,6.23,6.27,8119278,50811882.34,0.4979,0.32,0,0
2023-02-15,sh.600812,6.28,6.33,6.26,6.29,10692955,67257440.21,0.6557,0.319,0,0
2023-02-16,sh.600812,6.32,6.38,6.15,6.22,22427940,141579432.34,1.3753,-1.1129,0,0
2023-02-17,sh.600812,6.23,6.39,6.18,6.39,23832371,150801077.47,1.4614,2.7331,0,0
2023-02-20,sh.600812,6.44,6.48,6.26,6.37,18244269,115443467.75,1.1187,-0.313,0,0
2023-02-21,sh.600812,6.38,6.42,6.33,6.38,14087612,89710089.6,0.8638,0.157,0,0
2023-02-22,sh.600812,6.39,6.42,6.34,6.37,10606400,67610376.0,0.6504,-0.1567,0,0
2023-02-23,sh.600812,6.39,6.39,6.28,6.32,9304958,58864627.96,0.5706,-0.7849,0,0
2023-02-24,sh.600812,6.31,6.31,6.25,6.26,6957079,43622748.54,0.4266,-0.9494,0,0
2023-02-27,sh.600812,6.29,6.33,6.21,6.22,7727717,48336596.3,0.4739,-0.639,0,0
2023-02-28,sh.600812,6.22,6.38,6.22,6.36,14365730,90730690.44,0.8809,2.2508,0,0
2023-03-01,sh.600812,6.39,6.4,6.31,6.35,7702873,48809378.71,0.4723,-0.1572,0,0
2023-03-02,sh.600812,6.35,6.36,6.3,6.32,8217300,51918950.0,0.5039,-0.4724,0,0
2023-03-03,sh.600812,6.32,6.35,6.29,6.32,6603857,41728950.24,0.4049,0.0,0,0
2023-03-06,sh.600812,6.33,6.38,6.32,6.34,7826035,49653233.5,0.4799,0.3165,0,0
2023-03-07,sh.600812,6.34,6.36,6.25,6.25,8854220,55796737.41,0.5429,-1.4196,0,0
2023-03-08,sh.600812,6.24,6.28,6.22,6.28,4720020,29517342.0,0.2894,0.48,0,0
2023-03-09,sh.600812,6.28,6.32,6.26,6.28,4978484,31278208.52,0.3053,0.0,0,0
2023-03-10,sh.600812,6.28,6.28,6.21,6.24,7006840,43687708.62,0.4297,-0.6369,0,0
2023-03-13,sh.600812,6.21,6.23,6.16,6.19,6804432,42104912.7,0.4172,-0.8013,0,0
2023-03-14,sh.600812,6.2,6.22,6.1,6.12,6512384,40064198.08,0.3993,-1.1309,0,0
2023-03-15,sh.600812,6.16,6.25,6.14,6.23,7652797,47566523.18,0.4693,1.7974,0,0
2023-03-16,sh.600812,6.23,6.24,6.16,6.18,5644543,34970951.07,0.3461,-0.8026,0,0
2023-03-17,sh.600812,6.22,6.23,6.15,6.18,6551900,40504758.0,0.4018,0.0,0,0
2023-03-20,sh.600812,6.17,6.18,6.11,6.13,7042018,43152373.98,0.4318,-0.8091,0,0
2023-03-21,sh.600812,6.13,6.18,6.12,6.15,5774827,35548966.5,0.3541,0.3263,0,0
2023-03-22,sh.600812,6.17,6.19,6.11,6.13,6011001,36895533.12,0.3686,-0.3252,0,0
2023-03-23,sh.600812,6.13,6.13,6.09,6.11,5958515,36377871.5,0.3654,-0.3263,0,0
2023-03-24,sh.600812,6.13,6.16,6.1,6.11,5215401,31887217.82,0.3198,0.0,0,0
2023-03-27,sh.600812,6.11,6.12,6.05,6.08,5526390,33567401.36,0.3389,-0.491,0,0
2023-03-28,sh.600812,6.08,6.11,6.06,6.09,5513844,33584628.13,0.3381,0.1645,0,0
2023-03-29,sh.600812,6.08,6.11,5.99,6.01,10532718,63498518.25,0.6459,-1.3136,0,0
2023-03-30,sh.600812,6.01,6.01,5.9,5.94,8645418,51297262.88,0.5301,-1.1647,0,0
2023-03-31,sh.600812,5.94,6.02,5.93,5.98,7335707,43898558.93,0.4498,0.6734,0,0
2023-04-03,sh.600812,5.96,6.02,5.95,5.98,4557758,27295744.84,0.2795,0.0,0,0
2023-04-04,sh.600812,5.98,6.03,5.97,6.01,5413968,32486368.2,0.332,0.5017,0,0
2023-04-06,sh.600812,6.01,6.04,5.99,6.02,4589969,27641832.08,0.2815,0.1664,0,0
2023-04-07,sh.600812,6.03,6.11,6.01,6.1,8179249,49731915.45,0.5015,1.3289,0,0
2023-04-10,sh.600812,6.13,6.15,6.07,6.09,6953828,42497546.12,0.4264,-0.1639,0,0
2023-04-11,sh.600812,6.1,6.11,6.02,6.05,5328148,32268100.38,0.3267,-0.6568,0,0
2023-04-12,sh.600812,6.07,6.1,6.03,6.08,4744393,28818501.46,0.2909,0.4959,0,0
2023-04-13,sh.600812,6.09,6.16,6.05,6.15,8811006,53991413.8,0.5403,1.1513,0,0
2023-04-14,sh.600812,6.15,6.23,6.15,6.19,9818924,60844776.21,0.6021,0.6504,0,0
2023-04-17,sh.600812,6.19,6.24,6.14,6.2,12920392,80155303.57,0.7923,0.1616,0,0
2023-04-18,sh.600812,6.24,6.24,6.16,6.17,5690681,35200733.71,0.3489,-0.4839,0,0
2023-04-19,sh.600812,6.17,6.2,6.1,6.14,5924296,36458304.66,0.3633,-0.4862,0,0
2023-04-20,sh.600812,6.14,6.14,6.06,6.07,5986905,36407966.75,0.3671,-1.1401,0,0
2023-04-21,sh.600812,6.07,6.12,6.01,6.03,7480253,45430276.62,0.4587,-0.659,0,0
2023-04-24,sh.600812,5.99,6.04,5.9,5.93,12242000,73044848.66,0.7507,-1.6584,0,0
2023-04-25,sh.600812,5.95,5.95,5.7,5.76,12182447,70367189.61,0.747,-2.8668,0,0
2023-04-26,sh.600812,5.75,5.9,5.71,5.88,7834080,45677347.57,0.4804,2.0833,0,0
2023-04-27,sh.600812,5.83,6.43,5.83,6.32,38255140,238822448.23,2.3458,7.483,0,0
2023-04-28,sh.600812,6.36,6.37,6.1,6.28,36796994,229391619.89,2.2564,-0.6329,0,0
2023-05-04,sh.600812,6.28,6.32,6.23,6.26,12976493,81325521.67,0.7957,-0.3185,0,0
2023-05-05,sh.600812,6.28,6.3,5.88,5.95,26076149,156446601.78,1.599,-4.9521,0,0
2023-05-08,sh.600812,5.92,6.07,5.91,5.94,15175900,90424716.0,0.9306,-0.1681,0,0
2023-05-09,sh.600812,5.95,6.01,5.89,5.9,14385900,85572215.0,0.8821,-0.6734,0,0
2023-05-10,sh.600812,5.93,5.94,5.82,5.84,9721200,56811758.0,0.5961,-1.0169,0,0
2023-05-11,sh.600812,5.85,5.87,5.79,5.8,8918366,51814775.74,0.5469,-0.6849,0,0
2023-05-12,sh.600812,5.79,5.87,5.75,5.84,9437760,54957206.0,0.5787,0.6897,0,0
2023-05-15,sh.600812,5.79,5.82,5.7,5.78,11015954,63292350.05,0.6755,-1.0274,0,0
2023-05-16,sh.600812,5.77,5.84,5.73,5.82,8207190,47442690.7,0.5033,0.692,0,0
2023-05-17,sh.600812,5.8,5.84,5.73,5.84,7264031,42087123.38,0.4454,0.3436,0,0
2023-05-18,sh.600812,5.82,6.15,5.82,6.01,34936732,211393613.09,2.1423,2.911,0,0
2023-05-19,sh.600812,5.96,6.25,5.9,6.16,23566266,143401781.54,1.4451,2.4958,0,0
2023-05-22,sh.600812,6.13,6.28,6.12,6.22,17039257,105969980.99,1.0448,0.974,0,0
2023-05-23,sh.600812,6.23,6.37,6.23,6.32,25385569,160400120.86,1.5566,1.6077,0,0
2023-05-24,sh.600812,6.32,6.32,6.2,6.25,16137292,101114714.91,0.9895,-1.1076,0,0
2023-05-25,sh.600812,6.24,6.26,6.07,6.15,11389954,69954656.8,0.6984,-1.6,0,0
2023-05-26,sh.600812,6.15,6.19,6.08,6.14,6114780,37467923.98,0.375,-0.1626,0,0
2023-05-29,sh.600812,6.18,6.19,6.03,6.08,7968567,48535224.43,0.4886,-0.9772,0,0
2023-05-30,sh.600812,6.09,6.1,5.95,6.02,7310053,43953305.01,0.4482,-0.9868,0,0
2023-05-31,sh.600812,6.02,6.09,6.0,6.01,6075926,36706273.64,0.3726,-0.1661,0,0
2023-06-01,sh.600812,6.01,6.07,5.97,6.02,6357899,38329201.97,0.3899,0.1664,0,0
2023-06-02,sh.600812,6.01,6.04,5.88,5.89,13925897,82386644.11,0.8539,-2.1595,0,0
2023-06-05,sh.600812,5.9,5.92,5.81,5.84,9612800,56123907.0,0.5895,-0.8489,0,0
2023-06-06,sh.600812,5.84,5.86,5.75,5.77,9849109,57051386.88,0.6039,-1.1986,0,0
2023-06-07,sh.600812,5.77,5.86,5.74,5.81,9655714,56141987.78,0.5921,0.6932,0,0
2023-06-08,sh.600812,5.81,5.83,5.73,5.79,8315701,48011097.57,0.5099,-0.3442,0,0
2023-06-09,sh.600812,5.8,5.87,5.76,5.86,12323863,71762937.58,0.7557,1.209,0,0
2023-06-12,sh.600812,5.85,5.85,5.6,5.67,25130905,142778624.32,1.541,-3.2423,0,0
2023-06-13,sh.600812,5.66,5.66,5.6,5.62,10243499,57557113.95,0.6281,-0.8818,0,0
2023-06-14,sh.600812,5.61,5.64,5.58,5.63,6111981,34320453.01,0.3748,0.1779,0,0
2023-06-15,sh.600812,5.63,5.64,5.59,5.64,5412281,30385394.02,0.3319,0.1776,0,0
2023-06-16,sh.600812,5.64,5.68,5.63,5.65,6243170,35292540.7,0.3828,0.1773,0,0
2023-06-19,sh.600812,5.63,5.64,5.58,5.59,7083170,39679531.7,0.4343,-1.0619,0,0
2023-06-20,sh.600812,5.61,5.61,5.53,5.53,7589723,42219591.24,0.4654,-1.0733,0,0
2023-06-21,sh.600812,5.53,5.55,5.5,5.52,5742014,31700658.69,0.3521,-0.1808,0,0
2023-06-26,sh.600812,5.5,5.55,5.47,5.5,5277876,29038726.22,0.3236,-0.3623,0,0
2023-06-27,sh.600812,5.51,5.56,5.51,5.55,4700359,26054736.27,0.2882,0.9091,0,0
2023-06-28,sh.600812,5.53,5.56,5.49,5.54,4598354,25384801.98,0.282,-0.1802,0,0
2023-06-29,sh.600812,5.51,5.56,5.51,5.55,3852769,21368951.84,0.2362,0.1805,0,0
2023-06-30,sh.600812,5.55,5.62,5.55,5.59,4743916,26544673.33,0.2909,0.7207,0,0
2023-07-03,sh.600812,5.59,5.63,5.59,5.62,4621802,25931391.2,0.2834,0.5367,0,0
2023-07-04,sh.600812,5.62,5.62,5.58,5.6,4276692,23914471.36,0.2622,-0.3559,0,0
2023-07-05,sh.600812,5.6,5.62,5.58,5.6,3416492,19138960.12,0.2095,0.0,0,0
2023-07-06,sh.600812,5.61,5.62,5.57,5.58,3419418,19094399.08,0.2097,-0.3571,0,0
2023-07-07,sh.600812,5.56,5.62,5.56,5.61,3726900,20866463.0,0.2285,0.5376,0,0
2023-07-10,sh.600812,5.6,5.63,5.59,5.62,2735884,15359866.4,0.1678,0.1783,0,0
2023-07-11,sh.600812,5.62,5.65,5.6,5.64,4652568,26174212.16,0.2853,0.3559,0,0
2023-07-12,sh.600812,5.64,5.64,5.6,5.61,3632200,20393456.98,0.2227,-0.5319,0,0
2023-07-13,sh.600812,5.61,5.64,5.6,5.62,3921550,22065320.0,0.2405,0.1783,0,0
2023-07-14,sh.600812,5.64,5.64,5.61,5.62,3046821,17125719.02,0.1868,0.0,0,0
2023-07-17,sh.600812,5.6,5.62,5.57,5.62,3878170,21675921.13,0.2378,0.0,0,0
2023-07-18,sh.600812,5.6,5.61,5.58,5.61,2537925,14204394.84,0.1556,-0.1779,0,0
2023-07-19,sh.600812,5.61,5.62,5.58,5.6,3045600,17037519.0,0.1868,-0.1783,0,0
2023-07-20,sh.600812,5.6,5.62,5.56,5.59,5341829,29905386.4,0.3276,-0.1786,0,0
2023-07-21,sh.600812,5.59,5.67,5.57,5.63,6731100,37912377.0,0.4127,0.7156,0,0
2023-07-24,sh.600812,5.65,5.68,5.63,5.66,5998701,33965314.66,0.3678,0.5329,0,0
2023-07-25,sh.600812,5.7,5.7,5.66,5.69,7381544,41989928.36,0.4526,0.53,0,0
2023-07-26,sh.600812,5.7,5.75,5.69,5.74,6153726,35259267.98,0.3773,0.8787,0,0
2023-07-27,sh.600812,5.74,5.75,5.69,5.7,4981030,28466006.17,0.3054,-0.6969,0,0
2023-07-28,sh.600812,5.68,5.78,5.68,5.77,6725025,38601683.99,0.4124,1.2281,0,0
2023-07-31,sh.600812,5.79,5.81,5.77,5.78,6242666,36105051.82,0.3828,0.1733,0,0
2023-08-01,sh.600812,5.78,5.8,5.75,5.77,5877764,33959736.6,0.3604,-0.173,0,0
2023-08-02,sh.600812,5.74,5.78,5.74,5.75,4619290,26599146.4,0.2833,-0.3466,0,0
2023-08-03,sh.600812,5.76,5.86,5.75,5.84,9465528,55178963.32,0.5804,1.5652,0,0
2023-08-04,sh.600812,5.86,5.87,5.8,5.81,6792934,39629920.56,0.4165,-0.5137,0,0
2023-08-07,sh.600812,5.81,5.81,5.71,5.75,6832671,39182244.19,0.419,-1.0327,0,0
2023-08-08,sh.600812,5.74,5.8,5.66,5.76,5546014,31806370.5,0.3401,0.1739,0,0
2023-08-09,sh.600812,5.75,5.85,5.73,5.83,13159501,76590464.8,0.8069,1.2153,0,0
2023-08-10,sh.600812,5.82,5.86,5.77,5.85,7420450,43228687.0,0.455,0.3431,0,0
2023-08-11,sh.600812,5.88,5.89,5.79,5.8,10020557,58557201.24,0.6145,-0.8547,0,0
2023-08-14,sh.600812,5.79,5.86,5.72,5.82,6165011,35647798.9,0.378,0.3448,0,0
2023-08-15,sh.600812,5.84,5.85,5.76,5.85,6317388,36769516.02,0.3874,0.5155,0,0
2023-08-16,sh.600812,5.83,5.9,5.8,5.8,6259925,36563915.0,0.3839,-0.8547,0,0
2023-08-17,sh.600812,5.8,5.88,5.76,5.85,7534910,43816358.78,0.462,0.8621,0,0
2023-08-18,sh.600812,5.83,5.84,5.68,5.68,7869648,45151678.19,0.4826,-2.906,0,0
2023-08-21,sh.600812,5.65,5.71,5.63,5.65,6737984,38234185.44,0.4132,-0.5282,0,0
2023-08-22,sh.600812,5.65,5.7,5.54,5.61,8478785,47442250.15,0.5199,-0.708,0,0
2023-08-23,sh.600812,5.62,5.62,5.5,5.51,7454001,41299212.53,0.4571,-1.7825,0,0
2023-08-24,sh.600812,5.5,5.53,5.43,5.46,7930810,43415055.95,0.4863,-0.9074,0,0
2023-08-25,sh.600812,5.46,5.51,5.37,5.41,8214380,44653645.0,0.5037,-0.9158,0,0
2023-08-28,sh.600812,5.65,5.65,5.41,5.43,8385982,46290961.43,0.5142,0.3697,0,0
2023-08-29,sh.600812,5.44,5.53,5.42,5.5,7267451,39990795.5,0.4456,1.2891,0,0
2023-08-30,sh.600812,5.53,5.55,5.43,5.47,7059260,38800151.46,0.4329,-0.5455,0,0
2023-08-31,sh.600812,5.52,5.52,5.42,5.48,6710583,36582897.69,0.4115,0.1828,0,0
2023-09-01,sh.600812,5.48,5.49,5.41,5.43,7642600,41540455.0,0.4686,-0.9124,0,0
2023-09-04,sh.600812,5.45,5.45,5.41,5.45,9108919,49512130.97,0.5586,0.3683,0,0
2023-09-05,sh.600812,5.45,5.48,5.43,5.43,8616902,46978708.9,0.5284,-0.367,0,0
2023-09-06,sh.600812,5.43,5.46,5.39,5.45,5339336,28983314.58,0.3274,0.3683,0,0
2023-09-07,sh.600812,5.43,5.45,5.28,5.29,14585666,78056763.14,0.8944,-2.9358,0,0
2023-09-08,sh.600812,5.23,5.29,5.23,5.26,5480015,28850278.9,0.336,-0.5671,0,0
2023-09-11,sh.600812,5.27,5.41,5.27,5.4,10060209,54124824.97,0.6169,2.6616,0,0
2023-09-12,sh.600812,5.41,5.52,5.39,5.49,10303461,56379685.92,0.6318,1.6667,0,0
2023-09-13,sh.600812,5.49,5.53,5.42,5.45,7977016,43635380.2,0.4891,-0.7286,0,0
2023-09-14,sh.600812,5.49,5.51,5.43,5.51,6428010,35218986.32,0.3942,1.1009,0,0
2023-09-15,sh.600812,5.5,5.6,5.46,5.6,11386684,63341686.72,0.6982,1.6334,0,0
2023-09-18,sh.600812,5.6,5.63,5.56,5.61,7172859,40157065.22,0.4398,0.1786,0,0
2023-09-19,sh.600812,5.62,5.68,5.6,5.68,9235331,52292546.15,0.5663,1.2478,0,0
2023-09-20,sh.600812,5.67,5.7,5.63,5.65,6456101,36550259.67,0.3959,-0.5282,0,0
2023-09-21,sh.600812,5.64,5.67,5.6,5.63,6404000,36055270.0,0.3927,-0.354,0,0
2023-09-22,sh.600812,5.65,5.65,5.54,5.63,8309600,46551805.0,0.5095,0.0,0,0
2023-09-25,sh.600812,5.65,5.7,5.62,5.69,7557200,42929637.61,0.4634,1.0657,0,0
2023-09-26,sh.600812,5.66,5.69,5.62,5.65,3945031,22299722.15,0.2419,-0.703,0,0
2023-09-27,sh.600812,5.64,5.72,5.64,5.7,5981897,34006318.93,0.3668,0.885,0,0
2023-09-28,sh.600812,5.68,5.72,5.66,5.66,4239700,24093852.0,0.26,-0.7018,0,0
2023-10-09,sh.600812,5.67,5.7,5.59,5.65,4345047,24520170.02,0.2664,-0.1767,0,0
2023-10-10,sh.600812,5.67,5.69,5.55,5.59,4717812,26451627.36,0.2893,-1.0619,0,0
2023-10-11,sh.600812,5.62,5.72,5.6,5.64,6031732,34186926.8,0.3699,0.8945,0,0
2023-10-12,sh.600812,5.71,5.8,5.7,5.76,7861101,45225021.44,0.482,2.1277,0,0
2023-10-13,sh.600812,5.76,5.84,5.71,5.82,10836002,62970860.63,0.6645,1.0417,0,0
2023-10-16,sh.600812,5.82,5.87,5.76,5.79,8701500,50498035.0,0.5336,-0.5155,0,0
2023-10-17,sh.600812,5.81,5.81,5.7,5.74,5802584,33290984.64,0.3558,-0.8636,0,0
2023-10-18,sh.600812,5.72,5.76,5.6,5.61,6025304,34059744.36,0.3695,-2.2648,0,0
2023-10-19,sh.600812,5.63,5.63,5.49,5.5,7199321,39831622.9,0.4415,-1.9608,0,0
2023-10-20,sh.600812,5.48,5.53,5.4,5.42,7380200,40119855.0,0.4525,-1.4545,0,0
2023-10-23,sh.600812,5.4,5.43,5.28,5.3,7528154,40262341.18,0.4616,-2.214,0,0
2023-10-24,sh.600812,5.32,5.38,5.23,5.38,8917900,47382373.05,0.5468,1.5094,0,0
2023-10-25,sh.600812,5.4,5.48,5.38,5.41,6228108,33782000.78,0.3819,0.5576,0,0
2023-10-26,sh.600812,5.39,5.54,5.39,5.52,8509252,46671454.99,0.5218,2.0333,0,0
2023-10-27,sh.600812,5.51,5.72,5.35,5.7,14660561,81536273.66,0.899,3.2609,0,0
2023-10-30,sh.600812,5.7,6.05,5.66,5.96,30178857,179844571.75,1.8506,4.5614,0,0
2023-10-31,sh.600812,5.95,6.2,5.91,6.1,26991649,164756091.46,1.6551,2.349,0,0
2023-11-01,sh.600812,6.11,6.11,5.95,6.03,18035300,108532797.0,1.1059,-1.1475,0,0
2023-11-02,sh.600812,6.0,6.15,5.98,6.02,10972822,66182219.88,0.6728,-0.1658,0,0
2023-11-03,sh.600812,6.03,6.08,5.96,5.96,10041299,60358397.03,0.6157,-0.9967,0,0
2023-11-06,sh.600812,6.0,6.06,5.93,5.95,13697698,82021945.94,0.8399,-0.1678,0,0
2023-11-07,sh.600812,5.96,5.98,5.91,5.92,9006999,53482848.09,0.5523,-0.5042,0,0
2023-11-08,sh.600812,5.93,6.0,5.9,5.95,10226528,60967553.23,0.6271,0.5068,0,0
2023-11-09,sh.600812,5.96,6.03,5.88,5.88,8787454,52077766.52,0.5388,-1.1765,0,0
2023-11-10,sh.600812,5.9,5.95,5.82,5.9,7228200,42631867.0,0.4432,0.3401,0,0
2023-11-13,sh.600812,5.9,5.96,5.88,5.91,7638531,45174135.9,0.4684,0.1695,0,0
2023-11-14,sh.600812,5.94,6.19,5.91,6.01,18310376,110933876.95,1.1228,1.692,0,0
2023-11-15,sh.600812,6.04,6.08,5.94,5.98,9535800,57054263.0,0.5847,-0.4992,0,0
2023-11-16,sh.600812,6.0,6.02,5.94,5.95,6560284,39198499.48,0.4023,-0.5017,0,0
2023-11-17,sh.600812,5.95,6.02,5.93,6.01,7453116,44634628.82,0.457,1.0084,0,0
2023-11-20,sh.600812,6.02,6.17,6.0,6.12,16297149,99023136.53,0.9993,1.8303,0,0
2023-11-21,sh.600812,6.11,6.35,6.07,6.24,23774675,148305258.47,1.4578,1.9608,0,0
2023-11-22,sh.600812,6.21,6.32,6.18,6.23,13953100,87489677.0,0.8556,-0.1603,0,0
2023-11-23,sh.600812,6.25,6.34,6.23,6.31,13751300,86581097.64,0.8432,1.2841,0,0
2023-11-24,sh.600812,6.32,6.43,6.3,6.39,18594948,118650036.19,1.1402,1.2678,0,0
2023-11-27,sh.600812,6.46,6.47,6.27,6.29,18288556,115630887.74,1.1214,-1.5649,0,0
2023-11-28,sh.600812,6.26,6.35,6.17,6.27,14784248,92565291.66,0.9066,-0.318,0,0
2023-11-29,sh.600812,6.35,6.46,6.26,6.4,24862866,158813962.7,1.5246,2.0734,0,0
2023-11-30,sh.600812,6.4,6.66,6.35,6.46,25657531,166516626.04,1.5733,0.9375,0,0
2023-12-01,sh.600812,6.47,6.49,6.3,6.34,20600963,131284667.07,1.2632,-1.8576,0,0
2023-12-04,sh.600812,6.35,6.4,6.24,6.35,15165800,96096800.0,0.93,0.1577,0,0
2023-12-05,sh.600812,6.35,6.41,6.3,6.32,11088368,70440320.32,0.6799,-0.4724,0,0
2023-12-06,sh.600812,6.3,6.37,6.27,6.3,10717630,67665527.0,0.6572,-0.3165,0,0
2023-12-07,sh.600812,6.29,6.33,6.22,6.25,9853332,61760779.36,0.6042,-0.7937,0,0
2023-12-08,sh.600812,6.25,6.28,6.14,6.17,13985068,86683238.56,0.8576,-1.28,0,0
2023-12-11,sh.600812,6.19,6.25,6.11,6.23,11129898,68986256.72,0.6825,0.9724,0,0
2023-12-12,sh.600812,6.25,6.32,6.21,6.29,9102878,57027857.46,0.5582,0.9631,0,0
2023-12-13,sh.600812,6.27,6.47,6.27,6.35,14009508,89431180.84,0.8591,0.9539,0,0
2023-12-14,sh.600812,6.36,6.36,6.23,6.24,8875517,55778928.8,0.5442,-1.7323,0,0
2023-12-15,sh.600812,6.23,6.28,6.06,6.08,16110601,98701982.13,0.9879,-2.5641,0,0
2023-12-18,sh.600812,6.1,6.17,6.02,6.06,12406752,75727979.26,0.7608,-0.3289,0,0
2023-12-19,sh.600812,6.09,6.09,5.99,6.02,9897848,59705989.08,0.6069,-0.6601,0,0
2023-12-20,sh.600812,6.0,6.08,5.96,5.96,10678202,64153766.06,0.6548,-0.9967,0,0
2023-12-21,sh.600812,5.94,5.96,5.84,5.91,8942603,52723961.73,0.5484,-0.8389,0,0
2023-12-22,sh.600812,5.91,5.91,5.82,5.84,7811364,45715199.5,0.479,-1.1844,0,0
2023-12-25,sh.600812,5.8,5.88,5.79,5.82,8503500,49487173.0,0.5214,-0.3425,0,0
2023-12-26,sh.600812,5.8,5.87,5.78,5.8,6550882,38082753.49,0.4017,-0.3436,0,0
2023-12-27,sh.600812,5.79,5.83,5.76,5.8,5941593,34416170.66,0.3643,0.0,0,0
2023-12-28,sh.600812,5.81,5.83,5.69,5.71,13915700,79849657.0,0.8533,-1.5517,0,0
2023-12-29,sh.600812,5.7,5.75,5.69,5.7,8191700,46845058.0,0.5023,-0.1751,0,0
2024-01-02,sh.600812,5.7,5.72,5.61,5.67,11003802,62427283.26,0.6747,-0.5263,0,0
2024-01-03,sh.600812,5.62,5.77,5.61,5.63,11867286,67321312.18,0.7277,-0.7055,0,0
2024-01-04,sh.600812,5.62,5.65,5.59,5.63,7430886,41766181.32,0.4557,0.0,0,0
2024-01-05,sh.600812,5.63,5.64,5.51,5.52,8927900,49691633.0,0.5475,-1.9538,0,0
2024-01-08,sh.600812,5.5,5.52,5.4,5.4,10262771,55889641.6,0.6293,-2.1739,0,0
2024-01-09,sh.600812,5.4,5.44,5.36,5.38,8010398,43220291.24,0.4912,-0.3704,0,0
2024-01-10,sh.600812,5.36,5.41,5.32,5.35,7437071,39907002.64,0.456,-0.5576,0,0
2024-01-11,sh.600812,5.35,5.38,5.32,5.35,9160901,49045902.34,0.5617,0.0,0,0
2024-01-12,sh.600812,5.35,5.35,5.22,5.23,15136400,79875995.0,0.9282,-2.243,0,0
2024-01-15,sh.600812,5.22,5.31,5.17,5.29,12705984,66745969.35,0.7791,1.1472,0,0
2024-01-16,sh.600812,5.26,5.29,5.16,5.21,12172095,63342048.93,0.7464,-1.5123,0,0
2024-01-17,sh.600812,5.22,5.27,5.07,5.08,10400701,53707166.19,0.6378,-2.4952,0,0
2024-01-18,sh.600812,5.04,5.04,4.81,4.97,17978331,88335807.71,1.1024,-2.1654,0,0
2024-01-19,sh.600812,4.97,5.0,4.91,4.92,10061211,49846926.56,0.6169,-1.006,0,0
2024-01-22,sh.600812,4.92,4.93,4.56,4.61,14415966,68235917.02,0.884,-6.3008,0,0
2024-01-23,sh.600812,4.57,4.65,4.48,4.62,17575497,80444275.05,1.0777,0.2169,0,0
2024-01-24,sh.600812,4.63,4.71,4.52,4.69,11754595,54469913.56,0.7208,1.5152,0,0
2024-01-25,sh.600812,4.74,4.96,4.7,4.96,14514182,70497828.58,0.89,5.7569,0,0
2024-01-26,sh.600812,4.93,5.05,4.89,4.94,12889400,64122183.0,0.7904,-0.4032,0,0
2024-01-29,sh.600812,4.99,5.03,4.86,4.88,13607095,67136489.64,0.8344,-1.2146,0,0
2024-01-30,sh.600812,4.96,4.96,4.74,4.77,12352041,59610130.69,0.7574,-2.2541,0,0
2024-01-31,sh.600812,4.74,4.75,4.48,4.5,17406164,79927197.2,1.0673,-5.6604,0,0
2024-02-01,sh.600812,4.46,4.58,4.4,4.43,13321111,59703546.33,0.8168,-1.5556,0,0
2024-02-02,sh.600812,4.43,4.57,4.1,4.26,21173500,91982539.0,1.2983,-3.8375,0,0
2024-02-05,sh.600812,4.25,4.25,3.84,3.98,26360996,105759143.02,1.6164,-6.5728,0,0
2024-02-06,sh.600812,3.88,4.3,3.83,4.2,29371527,119620080.93,1.801,5.5276,0,0
2024-02-07,sh.600812,4.21,4.53,4.16,4.48,35355678,156096325.45,2.168,6.6667,0,0
2024-02-08,sh.600812,4.54,4.76,4.35,4.68,35045499,160795825.65,2.149,4.4643,0,0
2024-02-19,sh.600812,4.68,4.75,4.58,4.63,21438157,99929440.47,1.3146,-1.0684,0,0
2024-02-20,sh.600812,4.65,4.75,4.59,4.75,15288936,71964727.28,0.9375,2.5918,0,0
2024-02-21,sh.600812,4.7,4.87,4.66,4.74,14488736,69146346.96,0.8884,-0.2105,0,0
2024-02-22,sh.600812,4.7,4.88,4.7,4.87,13366300,64518332.0,0.8196,2.7426,0,0
2024-02-23,sh.600812,4.89,4.89,4.78,4.87,10592100,51214666.0,0.6495,0.0,0,0
2024-02-26,sh.600812,4.88,4.95,4.83,4.89,12701966,62152432.4,0.7789,0.4107,0,0
2024-02-27,sh.600812,4.92,5.02,4.87,5.02,12919899,64079448.02,0.7922,2.6585,0,0
2024-02-28,sh.600812,5.02,5.14,4.87,4.87,18156136,91190798.84,1.1133,-2.988,0,0
2024-02-29,sh.600812,4.86,5.0,4.84,4.99,15428292,75990126.64,0.9461,2.4641,0,0
2024-03-01,sh.600812,5.0,5.03,4.91,4.96,9913300,49122407.0,0.6079,-0.6012,0,0
2024-03-04,sh.600812,4.94,5.0,4.89,4.94,14806639,72959959.27,0.9079,-0.4032,0,0
2024-03-05,sh.600812,4.95,4.95,4.8,4.83,14042310,68039375.8,0.8611,-2.2267,0,0
2024-03-06,sh.600812,4.84,4.86,4.73,4.81,9326900,44752177.0,0.5719,-0.4141,0,0
2024-03-07,sh.600812,4.78,4.84,4.73,4.73,9505332,45387411.65,0.5829,-1.6632,0,0
2024-03-08,sh.600812,4.72,4.77,4.66,4.7,8367700,39422354.0,0.5131,-0.6342,0,0
2024-03-11,sh.600812,4.71,4.78,4.69,4.78,9375599,44457714.46,0.5749,1.7021,0,0
2024-03-12,sh.600812,4.81,4.9,4.79,4.87,13477416,65334720.18,0.8264,1.8828,0,0
2024-03-13,sh.600812,4.87,4.88,4.8,4.84,9853521,47652222.78,0.6042,-0.616,0,0
2024-03-14,sh.600812,4.89,4.96,4.83,4.86,13047224,63981616.02,0.8,0.4132,0,0
2024-03-15,sh.600812,4.84,4.92,4.82,4.92,9452501,46260156.33,0.5796,1.2346,0,0
2024-03-18,sh.600812,4.95,5.0,4.91,5.0,11603651,57596847.34,0.7115,1.626,0,0
2024-03-19,sh.600812,5.01,5.02,4.96,4.96,7935861,39512037.15,0.4866,-0.8,0,0
2024-03-20,sh.600812,4.96,5.02,4.93,4.98,8463385,42081292.43,0.519,0.4032,0,0
2024-03-21,sh.600812,5.0,5.03,4.94,4.96,8108942,40433836.32,0.4972,-0.4016,0,0
2024-03-22,sh.600812,4.99,4.99,4.82,4.85,8897300,43370141.0,0.5456,-2.2177,0,0
2024-03-25,sh.600812,4.85,4.91,4.75,4.76,10237115,49459333.99,0.6277,-1.8557,0,0
2024-03-26,sh.600812,4.7,4.76,4.62,4.69,10114609,47479109.94,0.6202,-1.4706,0,0
2024-03-27,sh.600812,4.66,4.75,4.63,4.63,8786650,41259844.5,0.5388,-1.2793,0,0
2024-03-28,sh.600812,4.62,4.76,4.62,4.72,9840077,46328595.44,0.6034,1.9438,0,0
2024-03-29,sh.600812,4.68,4.76,4.66,4.75,8761700,41272719.0,0.5373,0.6356,0,0
2024-04-01,sh.600812,4.72,4.87,4.72,4.82,15496982,74896025.75,0.9503,1.4737,0,0
2024-04-02,sh.600812,4.82,4.86,4.75,4.78,9628620,46029014.96,0.5904,-0.8299,0,0
2024-04-03,sh.600812,4.78,4.85,4.77,4.79,8911428,42809975.98,0.5464,0.2092,0,0
2024-04-08,sh.600812,4.78,4.79,4.68,4.68,10741675,50799474.58,0.6587,-2.2965,0,0
2024-04-09,sh.600812,4.67,4.83,4.65,4.82,10708689,50790409.14,0.6241,2.9915,0,0
2024-04-10,sh.600812,4.82,4.82,4.73,4.77,8374000,39919441.81,0.4881,-1.0373,0,0
2024-04-11,sh.600812,4.75,4.78,4.71,4.73,8730586,41414269.12,0.5089,-0.8386,0,0
2024-04-12,sh.600812,4.72,4.74,4.64,4.65,7088833,33103377.78,0.4132,-1.6913,0,0
2024-04-15,sh.600812,4.7,4.71,4.5,4.54,13334470,61176904.88,0.7772,-2.3656,0,0
2024-04-16,sh.600812,4.54,4.64,4.36,4.36,13371995,59527690.32,0.7794,-3.9648,0,0
2024-04-17,sh.600812,4.41,4.58,4.41,4.58,12657767,57288638.52,0.7377,5.0459,0,0
2024-04-18,sh.600812,4.57,4.65,4.53,4.53,9486760,43432743.2,0.5529,-1.0917,0,0
2024-04-19,sh.600812,4.5,4.58,4.43,4.47,8348300,37482731.0,0.4866,-1.3245,0,0
2024-04-22,sh.600812,4.43,4.57,4.41,4.53,9055060,40907480.2,0.5278,1.3423,0,0
2024-04-23,sh.600812,4.53,4.63,4.48,4.57,7583500,34549576.0,0.442,0.883,0,0
2024-04-24,sh.600812,4.59,4.62,4.51,4.62,7446000,34004931.0,0.434,1.0941,0,0
2024-04-25,sh.600812,4.62,4.75,4.59,4.73,11367152,53455104.3,0.6625,2.381,0,0
2024-04-26,sh.600812,4.72,4.91,4.7,4.91,19706480,95266689.76,1.1486,3.8055,0,0
2024-04-29,sh.600812,4.97,5.15,4.9,5.14,24274770,122800756.7,1.4148,4.6843,0,0
2024-04-30,sh.600812,5.13,5.21,5.07,5.18,16505769,85230182.03,0.962,0.7782,0,0
2024-05-06,sh.600812,5.18,5.32,5.18,5.3,17868822,94020701.89,1.0415,2.3166,0,0
2024-05-07,sh.600812,5.33,5.34,5.2,5.27,13508679,71092113.96,0.7873,-0.566,0,0
2024-05-08,sh.600812,5.28,5.36,5.23,5.31,16736714,88768296.92,0.9755,0.759,0,0
2024-05-09,sh.600812,5.27,5.35,5.22,5.31,12584700,66698768.0,0.7335,0.0,0,0
2024-05-10,sh.600812,5.32,5.34,5.25,5.28,9546900,50458908.0,0.5564,-0.565,0,0
2024-05-13,sh.600812,5.27,5.32,5.2,5.22,9262283,48671604.24,0.5398,-1.1364,0,0
2024-05-14,sh.600812,5.2,5.3,5.2,5.24,9074277,47721682.66,0.5289,0.3831,0,0
2024-05-15,sh.600812,5.24,5.28,5.17,5.19,7450201,38771057.17,0.4342,-0.9542,0,0
2024-05-16,sh.600812,5.2,5.24,5.12,5.14,9333421,48275208.6,0.544,-0.9634,0,0
2024-05-17,sh.600812,5.16,5.21,5.12,5.2,8918668,46104450.84,0.5198,1.1673,0,0
2024-05-20,sh.600812,5.23,5.28,5.16,5.19,8623300,45006371.0,0.5026,-0.1923,0,0
2024-05-21,sh.600812,5.18,5.19,5.07,5.11,8481762,43360331.54,0.4944,-1.5414,0,0
2024-05-22,sh.600812,5.17,5.19,5.06,5.07,7944350,40478502.5,0.463,-0.7828,0,0
2024-05-23,sh.600812,5.05,5.08,4.93,4.97,8601600,42842540.0,0.5013,-1.9724,0,0
2024-05-24,sh.600812,4.98,5.02,4.94,4.96,5550401,27607187.99,0.3235,-0.2012,0,0
2024-05-27,sh.600812,4.92,4.97,4.86,4.96,8468118,41612824.02,0.4936,0.0,0,0
2024-05-28,sh.600812,5.01,5.01,4.85,4.86,7845800,38543069.0,0.4573,-2.0161,0,0
2024-05-29,sh.600812,4.84,4.89,4.8,4.81,6654800,32189301.0,0.3879,-1.0288,0,0
2024-05-30,sh.600812,4.84,4.85,4.77,4.79,6214402,29857645.56,0.3622,-0.4158,0,0
2024-05-31,sh.600812,4.81,4.86,4.78,4.79,6593800,31728813.0,0.3843,0.0,0,0
2024-06-03,sh.600812,4.82,4.82,4.63,4.65,11530072,54061091.8,0.672,-2.9228,0,0
2024-06-04,sh.600812,4.65,4.67,4.58,4.65,7184700,33268812.0,0.4188,0.0,0,0
2024-06-05,sh.600812,4.65,4.7,4.58,4.59,8033300,37259398.0,0.4682,-1.2903,0,0
2024-06-06,sh.600812,4.53,4.62,4.38,4.43,12964787,57892339.34,0.7556,-3.4858,0,0
2024-06-07,sh.600812,4.46,4.53,4.44,4.5,8295900,37233379.0,0.4835,1.5801,0,0
2024-06-11,sh.600812,4.5,4.57,4.43,4.54,8245711,37123040.92,0.4806,0.8889,0,0
2024-06-12,sh.600812,4.57,4.61,4.53,4.6,7822600,35812037.0,0.4559,1.3216,0,0
2024-06-13,sh.600812,4.61,4.62,4.33,4.36,16685905,73657929.75,0.9725,-5.2174,0,0
2024-06-14,sh.600812,4.34,4.41,4.32,4.38,10918800,47636239.0,0.6364,0.4587,0,0
2024-06-17,sh.600812,4.36,4.39,4.31,4.34,8979126,39009722.05,0.5233,-0.9132,0,0
2024-06-18,sh.600812,4.32,4.38,4.32,4.35,7847417,34107670.78,0.4574,0.2304,0,0
2024-06-19,sh.600812,4.36,4.39,4.31,4.31,8531070,37069005.7,0.4972,-0.9195,0,0
2024-06-20,sh.600812,4.31,4.36,4.2,4.21,8712369,37082733.81,0.5078,-2.3202,0,0
2024-06-21,sh.600812,4.17,4.32,4.16,4.27,6877752,29306811.88,0.4009,1.4252,0,0
2024-06-24,sh.600812,4.26,4.26,4.08,4.09,9960057,41211835.13,0.5805,-4.2155,0,0
2024-06-25,sh.600812,4.09,4.17,4.07,4.16,7752800,32032885.0,0.4519,1.7115,0,0
2024-06-26,sh.600812,4.13,4.28,4.11,4.28,8747500,36692602.0,0.5098,2.8846,0,0
2024-06-27,sh.600812,4.26,4.27,4.12,4.13,8423950,35178904.0,0.491,-3.5047,0,0
2024-06-28,sh.600812,4.1,4.2,4.09,4.12,8041643,33414769.73,0.4687,-0.2421,0,0
2024-07-01,sh.600812,4.1,4.22,4.08,4.21,9474070,39367450.03,0.5522,2.1845,0,0
2024-07-02,sh.600812,4.22,4.27,4.18,4.26,8187600,34786864.1,0.4772,1.1876,0,0
2024-07-03,sh.600812,4.26,4.36,4.24,4.31,10610131,45789796.61,0.6184,1.1737,0,0
2024-07-04,sh.600812,4.28,4.3,4.09,4.1,12478336,51770235.82,0.7273,-4.8724,0,0
2024-07-05,sh.600812,4.09,4.27,4.05,4.26,10911045,45620829.99,0.6359,3.9024,0,0
2024-07-08,sh.600812,4.26,4.26,4.12,4.14,8644665,35988647.28,0.5038,-2.8169,0,0
2024-07-09,sh.600812,4.13,4.17,4.03,4.14,10212553,41933037.42,0.5952,0.0,0,0
2024-07-10,sh.600812,4.16,4.2,4.08,4.14,6878015,28548480.78,0.4009,0.0,0,0
2024-07-11,sh.600812,4.34,4.55,4.32,4.55,23427216,103956927.4,1.3654,9.9034,1,0
2024-07-12,sh.600812,4.55,4.56,4.41,4.5,27421176,122619819.38,1.5982,-1.0989,0,0
2024-07-15,sh.600812,4.49,4.49,4.37,4.44,14972775,66237025.9,0.8727,-1.3333,0,0
2024-07-16,sh.600812,4.43,4.49,4.4,4.43,10283860,45637292.6,0.5994,-0.2252,0,0
2024-07-17,sh.600812,4.43,4.54,4.41,4.5,16539293,74083617.71,0.964,1.5801,0,0
2024-07-18,sh.600812,4.49,4.59,4.42,4.59,14540510,65829003.0,0.8475,2.2272,0,0
2024-07-19,sh.600812,4.59,4.62,4.5,4.55,10680679,48454239.91,0.6225,-0.8715,0,0
2024-07-22,sh.600812,4.54,4.57,4.48,4.56,11032900,49951094.0,0.643,0.2198,0,0
2024-07-23,sh.600812,4.54,4.56,4.44,4.46,11700921,52613054.29,0.682,-2.193,0,0
2024-07-24,sh.600812,4.45,4.49,4.37,4.39,9504169,42056334.71,0.5539,-1.5695,0,0
2024-07-25,sh.600812,4.37,4.47,4.35,4.41,7673700,33846269.0,0.4473,0.4556,0,0
2024-07-26,sh.600812,4.42,4.48,4.41,4.45,6384600,28358190.99,0.3721,0.907,0,0
2024-07-29,sh.600812,4.44,4.47,4.39,4.43,5964017,26459202.31,0.3476,-0.4494,0,0
2024-07-30,sh.600812,4.43,4.64,4.42,4.52,12206636,55320570.41,0.7115,2.0316,0,0
2024-07-31,sh.600812,4.51,4.75,4.49,4.73,16650882,77484584.82,0.9705,4.646,0,0
2024-08-01,sh.600812,4.76,4.89,4.75,4.8,14077412,67737530.96,0.8205,1.4799,0,0
2024-08-02,sh.600812,4.8,5.0,4.78,4.88,17805100,87241803.0,1.0378,1.6667,0,0
2024-08-05,sh.600812,4.85,4.97,4.8,4.82,15075637,73618053.34,0.8787,-1.2295,0,0
2024-08-06,sh.600812,4.86,4.99,4.85,4.99,15380359,76013758.63,0.8964,3.527,0,0
2024-08-07,sh.600812,5.05,5.05,4.83,4.92,12991841,63780391.31,0.7572,-1.4028,0,0
2024-08-08,sh.600812,4.92,5.11,4.91,5.08,24170666,122067658.03,1.4088,3.252,0,0
2024-08-09,sh.600812,5.06,5.06,4.89,4.9,20608872,101768823.94,1.2012,-3.5433,0,0
2024-08-12,sh.600812,4.91,5.03,4.9,4.97,15564220,77475330.8,0.9071,1.4286,0,0
2024-08-13,sh.600812,4.93,4.98,4.88,4.94,11688331,57559047.69,0.6812,-0.6036,0,0
2024-08-14,sh.600812,4.95,4.99,4.86,4.94,14941102,73501374.88,0.8708,0.0,0,0
2024-08-15,sh.600812,4.95,5.04,4.93,4.99,14512600,72313267.0,0.8459,1.0121,0,0
2024-08-16,sh.600812,4.98,5.03,4.92,4.99,10602200,52794976.0,0.6179,0.0,0,0
2024-08-19,sh.600812,5.03,5.03,4.96,4.99,9853800,49153187.0,0.5743,0.0,0,0
2024-08-20,sh.600812,4.98,4.99,4.88,4.91,9556000,46953621.0,0.557,-1.6032,0,0
2024-08-21,sh.600812,4.91,4.92,4.81,4.85,10105100,49093929.0,0.589,-1.222,0,0
2024-08-22,sh.600812,4.86,4.89,4.79,4.81,9002659,43647454.64,0.5247,-0.8247,0,0
2024-08-23,sh.600812,4.78,4.84,4.74,4.77,7448621,35583632.96,0.4341,-0.8316,0,0
2024-08-26,sh.600812,4.77,4.81,4.69,4.8,7753800,36941921.0,0.4519,0.6289,0,0
2024-08-27,sh.600812,4.79,4.9,4.76,4.79,7679601,36973380.79,0.4476,-0.2083,0,0
2024-08-28,sh.600812,4.8,4.85,4.74,4.77,4692541,22473252.64,0.2735,-0.4175,0,0
2024-08-29,sh.600812,4.76,4.88,4.73,4.84,7516600,36308864.0,0.4381,1.4675,0,0
2024-08-30,sh.600812,4.85,4.88,4.77,4.78,12397229,59877970.16,0.7226,-1.2397,0,0
2024-09-02,sh.600812,4.77,4.81,4.7,4.7,8599658,40777268.52,0.5012,-1.6736,0,0
2024-09-03,sh.600812,4.7,4.8,4.66,4.72,8068800,38259213.0,0.4703,0.4255,0,0
2024-09-04,sh.600812,4.72,4.75,4.64,4.66,7271861,34082826.87,0.4238,-1.2712,0,0
2024-09-05,sh.600812,4.66,4.76,4.66,4.75,6507502,30796385.47,0.3793,1.9313,0,0
2024-09-06,sh.600812,4.73,4.76,4.63,4.64,6183201,28882600.64,0.3604,-2.3158,0,0
2024-09-09,sh.600812,4.65,4.73,4.6,4.66,5921901,27593135.65,0.3452,0.431,0,0
2024-09-10,sh.600812,4.66,4.67,4.53,4.61,6691701,30686347.6,0.39,-1.073,0,0
2024-09-11,sh.600812,4.61,4.61,4.52,4.56,6505002,29697243.12,0.3791,-1.0846,0,0
2024-09-12,sh.600812,4.58,4.66,4.54,4.56,5368973,24621737.91,0.3129,0.0,0,0
2024-09-13,sh.600812,4.59,4.61,4.53,4.53,5646000,25745944.0,0.3291,-0.6579,0,0
2024-09-18,sh.600812,4.55,4.56,4.41,4.47,5035500,22464173.0,0.2935,-1.3245,0,0
2024-09-19,sh.600812,4.49,4.64,4.46,4.61,8874800,40644496.0,0.5173,3.132,0,0
2024-09-20,sh.600812,4.6,4.65,4.51,4.55,6304000,28777857.0,0.3674,-1.3015,0,0
2024-09-23,sh.600812,4.56,4.6,4.53,4.57,5046160,23043686.68,0.2941,0.4396,0,0
2024-09-24,sh.600812,4.62,4.76,4.57,4.74,9711423,45387883.74,0.566,3.7199,0,0
2024-09-25,sh.600812,4.75,4.94,4.75,4.82,11483814,55963635.66,0.6693,1.6878,0,0
2024-09-26,sh.600812,4.82,4.98,4.79,4.97,11785748,57609922.54,0.6869,3.112,0,0
2024-09-27,sh.600812,5.07,5.15,5.04,5.14,9197700,46896911.99,0.5361,3.4205,0,0
2024-09-30,sh.600812,5.32,5.65,5.31,5.65,34399199,189773236.61,2.0049,9.9222,1,0
2024-10-08,sh.600812,6.22,6.22,5.66,5.98,42120423,250181458.62,2.455,5.8407,0,0
2024-10-09,sh.600812,5.9,5.9,5.45,5.51,29713695,168169572.23,1.7318,-7.8595,0,0
2024-10-10,sh.600812,5.5,5.68,5.44,5.46,18171471,100887604.55,1.0591,-0.9074,0,0
2024-10-11,sh.600812,5.47,5.51,5.21,5.27,14535151,77455601.6,0.8472,-3.4799,0,0
2024-10-14,sh.600812,5.27,5.36,5.19,5.34,12581391,66480442.11,0.7333,1.3283,0,0
2024-10-15,sh.600812,5.37,5.38,5.26,5.26,12776796,67906932.18,0.7447,-1.4981,0,0
2024-10-16,sh.600812,5.22,5.33,5.18,5.28,9759467,51322375.24,0.5688,0.3802,0,0
2024-10-17,sh.600812,5.29,5.33,5.18,5.19,9866237,51725700.66,0.575,-1.7045,0,0
2024-10-18,sh.600812,5.2,5.43,5.14,5.32,18191222,95859894.02,1.0603,2.5048,0,0
2024-10-21,sh.600812,5.32,5.37,5.22,5.25,22328275,117665519.18,1.3014,-1.3158,0,0
2024-10-22,sh.600812,5.25,5.39,5.23,5.37,19409319,103359062.09,1.1313,2.2857,0,0
2024-10-23,sh.600812,5.34,5.45,5.34,5.38,15967138,86254600.54,0.9306,0.1862,0,0
2024-10-24,sh.600812,5.39,5.49,5.36,5.42,14304700,77496237.0,0.8337,0.7435,0,0
2024-10-25,sh.600812,5.42,5.55,5.37,5.55,16838293,92512925.06,0.9814,2.3985,0,0
2024-10-28,sh.600812,5.74,5.96,5.58,5.88,43589383,252183440.43,2.5406,5.9459,0,0
2024-10-29,sh.600812,5.88,5.88,5.56,5.59,36779253,208402386.48,2.1436,-4.932,0,0
2024-10-30,sh.600812,5.54,5.68,5.5,5.58,20285472,113100265.87,1.1823,-0.1789,0,0
2024-10-31,sh.600812,5.54,5.78,5.52,5.72,25928239,147807459.19,1.5112,2.509,0,0
2024-11-01,sh.600812,5.64,5.75,5.57,5.65,17674231,100088209.42,1.0301,-1.2238,0,0
2024-11-04,sh.600812,5.6,5.75,5.59,5.73,13998326,79584367.17,0.8159,1.4159,0,0
2024-11-05,sh.600812,5.72,5.8,5.65,5.79,22694340,130392523.95,1.3227,1.0471,0,0
2024-11-06,sh.600812,5.8,5.84,5.72,5.79,23786003,137606783.16,1.3863,0.0,0,0
2024-11-07,sh.600812,5.76,5.97,5.74,5.96,29205490,172935156.66,1.7022,2.9361,0,0
2024-11-08,sh.600812,6.03,6.07,5.85,5.89,21962828,130149864.84,1.2801,-1.1745,0,0
2024-11-11,sh.600812,5.89,5.92,5.77,5.88,18444025,107790004.35,1.075,-0.1698,0,0
2024-11-12,sh.600812,5.88,6.06,5.86,5.95,33379341,199321035.08,1.9455,1.1905,0,0
2024-11-13,sh.600812,5.92,5.95,5.73,5.8,19780218,114887518.9,1.1529,-2.521,0,0
2024-11-14,sh.600812,5.8,5.81,5.62,5.65,13643158,77708256.34,0.7952,-2.5862,0,0
2024-11-15,sh.600812,5.63,5.7,5.55,5.56,10965460,61781538.1,0.6391,-1.5929,0,0
2024-11-18,sh.600812,5.56,5.67,5.5,5.53,12331768,68982496.3,0.7187,-0.5396,0,0
2024-11-19,sh.600812,5.56,5.65,5.53,5.64,11083798,62166719.82,0.646,1.9892,0,0
2024-11-20,sh.600812,5.63,5.69,5.6,5.66,14600024,82380225.86,0.851,0.3546,0,0
2024-11-21,sh.600812,5.65,5.68,5.57,5.61,9977650,56013075.5,0.5815,-0.8834,0,0
2024-11-22,sh.600812,5.63,5.64,5.36,5.36,15910608,87378298.35,0.9273,-4.4563,0,0
2024-11-25,sh.600812,5.36,5.46,5.33,5.45,10709750,57907414.0,0.6242,1.6791,0,0
2024-11-26,sh.600812,5.45,5.58,5.45,5.52,10613300,58647277.0,0.6186,1.2844,0,0
2024-11-27,sh.600812,5.52,5.57,5.38,5.56,11404849,62460222.34,0.6647,0.7246,0,0
2024-11-28,sh.600812,5.55,5.62,5.53,5.59,10571252,59035954.99,0.6161,0.5396,0,0
2024-11-29,sh.600812,5.59,5.67,5.53,5.63,11585107,65110670.75,0.6752,0.7156,0,0
2024-12-02,sh.600812,5.63,5.85,5.62,5.8,17612038,101344330.98,1.0265,3.0195,0,0
2024-12-03,sh.600812,5.8,5.83,5.7,5.8,12655950,73016958.5,0.7376,0.0,0,0
2024-12-04,sh.600812,5.77,5.79,5.65,5.68,9935968,56832878.0,0.5791,-2.069,0,0
2024-12-05,sh.600812,5.68,5.68,5.61,5.68,8165907,46156000.62,0.4759,0.0,0,0
2024-12-06,sh.600812,5.67,5.81,5.63,5.8,15738485,90537969.9,0.9173,2.1127,0,0
2024-12-09,sh.600812,5.79,5.88,5.71,5.74,17655632,102509543.14,1.029,-1.0345,0,0
2024-12-10,sh.600812,5.91,5.94,5.74,5.76,15839882,91949697.82,0.9232,0.3484,0,0
2024-12-11,sh.600812,5.73,5.82,5.73,5.78,10372490,59965465.3,0.6046,0.3472,0,0
2024-12-12,sh.600812,5.78,5.83,5.73,5.83,12835066,74510543.19,0.7481,0.8651,0,0
2024-12-13,sh.600812,5.79,5.82,5.66,5.66,14489744,82781663.12,0.8445,-2.916,0,0
2024-12-16,sh.600812,5.7,5.75,5.65,5.68,10717605,61028719.4,0.6247,0.3534,0,0
2024-12-17,sh.600812,5.68,5.69,5.49,5.51,14927802,82833900.1,0.8701,-2.993,0,0
2024-12-18,sh.600812,5.55,5.57,5.51,5.52,8364200,46341141.0,0.4875,0.1815,0,0
2024-12-19,sh.600812,5.48,5.53,5.4,5.49,9681652,52825265.49,0.5643,-0.5435,0,0
2024-12-20,sh.600812,5.49,5.51,5.42,5.47,11575687,63134594.24,0.6747,-0.3643,0,0
2024-12-23,sh.600812,5.46,5.47,5.33,5.35,13277770,71555011.4,0.7739,-2.1938,0,0
2024-12-24,sh.600812,5.35,5.4,5.32,5.36,9833737,52672282.28,0.5732,0.1869,0,0
2024-12-25,sh.600812,5.4,5.42,5.24,5.29,11071341,58564670.66,0.6453,-1.306,0,0
2024-12-26,sh.600812,5.27,5.32,5.26,5.28,7883098,41688893.02,0.4595,-0.189,0,0
2024-12-27,sh.600812,5.29,5.37,5.23,5.34,10114687,53881445.28,0.5895,1.1364,0,0
2024-12-30,sh.600812,5.34,5.34,5.23,5.27,9243200,48725896.63,0.5387,-1.3109,0,0
2024-12-31,sh.600812,5.25,5.3,5.15,5.17,10289900,53651391.15,0.5997,-1.8975,0,0
2025-01-02,sh.600812,5.16,5.21,5.0,5.03,12577939,64344487.95,0.7331,-2.7079,0,0
2025-01-03,sh.600812,5.04,5.18,5.0,5.06,15158071,77239878.52,0.8835,0.5964,0,0
2025-01-06,sh.600812,5.07,5.57,5.07,5.57,30766248,166905352.35,1.7932,10.0791,1,0
2025-01-07,sh.600812,5.63,5.75,5.32,5.48,66601812,365759944.52,3.8818,-1.6158,0,0
2025-01-08,sh.600812,5.45,5.6,5.32,5.48,47000028,256800474.17,2.7394,0.0,0,0
2025-01-09,sh.600812,5.4,5.4,5.21,5.24,34805186,183358748.6,2.0286,-4.3796,0,0
2025-01-10,sh.600812,5.22,5.23,4.97,4.98,27588188,140134817.04,1.608,-4.9618,0,0
2025-01-13,sh.600812,4.9,4.93,4.76,4.83,20848602,100781641.76,1.2151,-3.012,0,0
2025-01-14,sh.600812,4.86,5.04,4.85,5.03,21461588,105873508.44,1.2509,4.1408,0,0
2025-01-15,sh.600812,5.02,5.28,4.9,5.23,35185455,178902811.57,2.0508,3.9761,0,0
2025-01-16,sh.600812,5.23,5.28,5.09,5.19,26636156,138037667.48,1.5525,-0.7648,0,0
2025-01-17,sh.600812,5.3,5.48,5.21,5.32,48114636,256155244.82,2.8043,2.5048,0,0
2025-01-20,sh.600812,5.55,5.67,5.38,5.43,55763754,306739852.1,3.2501,2.0677,0,0
2025-01-21,sh.600812,5.47,5.65,5.46,5.57,51315065,285136619.49,2.9909,2.5783,0,0
2025-01-22,sh.600812,5.51,5.51,5.35,5.37,28219401,152063291.28,1.6447,-3.5907,0,0
2025-01-23,sh.600812,5.47,5.53,5.38,5.39,34936272,190834211.9,2.0362,0.3724,0,0
2025-01-24,sh.600812,5.37,5.42,5.33,5.4,21656357,116368153.09,1.2622,0.1855,0,0
2025-01-27,sh.600812,5.51,5.65,5.45,5.54,34783300,193467131.87,2.0273,2.5926,0,0
2025-02-05,sh.600812,5.67,5.87,5.61,5.65,49258372,281845317.25,2.871,1.9856,0,0
2025-02-06,sh.600812,5.66,5.69,5.5,5.65,35838472,199916787.76,2.0888,0.0,0,0
2025-02-07,sh.600812,5.66,5.85,5.63,5.77,51920655,298367062.38,3.0262,2.1239,0,0
2025-02-10,sh.600812,5.92,6.35,5.89,6.35,65565655,407963160.0,3.8214,10.052,1,0
2025-02-11,sh.600812,6.35,6.37,6.11,6.18,84319063,523282061.78,4.9145,-2.6772,0,0
2025-02-12,sh.600812,6.14,6.31,6.07,6.22,57476781,357300382.45,3.35,0.6472,0,0
2025-02-13,sh.600812,6.22,6.59,6.2,6.45,75704486,485203469.07,4.4124,3.6977,0,0
2025-02-14,sh.600812,6.37,6.53,6.35,6.42,47626340,305741258.91,2.7759,-0.4651,0,0
2025-02-17,sh.600812,6.42,6.46,6.23,6.29,53085692,335198492.18,3.0941,-2.0249,0,0
2025-02-18,sh.600812,6.29,6.91,6.25,6.72,103299761,690068245.41,6.0207,6.8362,0,0
2025-02-19,sh.600812,6.53,6.79,6.53,6.74,63925022,428468584.76,3.7258,0.2976,0,0
2025-02-20,sh.600812,6.7,6.74,6.51,6.56,46510666,306203666.91,2.7108,-2.6706,0,0
2025-02-21,sh.600812,6.62,6.76,6.6,6.66,44992950,300255409.88,2.6224,1.5244,0,0
2025-02-24,sh.600812,6.68,6.71,6.48,6.54,37973103,248166040.89,2.2132,-1.8018,0,0
2025-02-25,sh.600812,6.5,6.51,6.32,6.4,36899301,235324982.36,2.1506,-2.1407,0,0
2025-02-26,sh.600812,6.4,6.45,6.36,6.43,24106184,154260134.47,1.405,0.4688,0,0
2025-02-27,sh.600812,6.43,6.46,6.28,6.4,24837808,158352112.67,1.4477,-0.4666,0,0
2025-02-28,sh.600812,6.36,6.43,6.23,6.25,21344725,134730633.45,1.2441,-2.3438,0,0
2025-03-03,sh.600812,6.25,6.4,6.24,6.26,21324995,134368210.52,1.2429,0.16,0,0
2025-03-04,sh.600812,6.28,6.3,6.21,6.26,13774272,86286795.72,0.8028,0.0,0,0
2025-03-05,sh.600812,6.25,6.26,6.17,6.22,20617898,127931569.62,1.2017,-0.639,0,0
2025-03-06,sh.600812,6.25,6.33,6.22,6.31,24401487,153104402.02,1.4222,1.4469,0,0
2025-03-07,sh.600812,6.31,6.38,6.19,6.23,23582739,148366020.78,1.3745,-1.2678,0,0
2025-03-10,sh.600812,6.25,6.36,6.21,6.25,14722100,92170882.0,0.8581,0.321,0,0
2025-03-11,sh.600812,6.18,6.23,6.15,6.22,13495270,83558985.69,0.7866,-0.48,0,0
2025-03-12,sh.600812,6.22,6.27,6.18,6.24,14630503,91096086.58,0.8527,0.3215,0,0
2025-03-13,sh.600812,6.2,6.4,6.18,6.27,32290339,202354914.46,1.882,0.4808,0,0
2025-03-14,sh.600812,6.26,6.44,6.24,6.38,29956470,190335104.08,1.746,1.7544,0,0
2025-03-17,sh.600812,6.55,6.55,6.36,6.38,23705121,152263539.09,1.3816,0.0,0,0
2025-03-18,sh.600812,6.39,6.42,6.35,6.38,15067395,96183362.74,0.8782,0.0,0,0
2025-03-19,sh.600812,6.38,6.46,6.35,6.42,15590937,99825192.17,0.9087,0.627,0,0
2025-03-20,sh.600812,6.42,6.42,6.31,6.38,12246577,78037261.01,0.7138,-0.6231,0,0
2025-03-21,sh.600812,6.4,6.44,6.28,6.3,17435727,110472448.8,1.0162,-1.2539,0,0
2025-03-24,sh.600812,6.37,6.37,6.21,6.32,18202700,114808554.0,1.0609,0.3175,0,0
2025-03-25,sh.600812,6.32,6.33,6.22,6.32,12886915,80891477.35,0.7511,0.0,0,0
2025-03-26,sh.600812,6.29,6.39,6.28,6.37,24367901,154589076.38,1.4203,0.7911,0,0
2025-03-27,sh.600812,6.38,6.62,6.3,6.58,46184546,299280474.0,2.6918,3.2967,0,0
2025-03-28,sh.600812,6.5,6.52,6.25,6.26,36366871,231619212.5,2.1196,-4.8632,0,0
2025-03-31,sh.600812,6.28,6.35,6.09,6.16,27375885,170139820.16,1.5956,-1.5974,0,0
2025-04-01,sh.600812,6.17,6.45,6.17,6.34,36457758,231907517.6,2.1249,2.9221,0,0
2025-04-02,sh.600812,6.34,6.36,6.23,6.25,18148200,113825375.0,1.0578,-1.4196,0,0
2025-04-03,sh.600812,6.2,6.5,6.19,6.29,30141300,190923672.0,1.7568,0.64,0,0
2025-04-07,sh.600812,6.09,6.12,5.66,5.66,32866900,191956750.58,1.9156,-10.0159,0,1
2025-04-08,sh.600812,5.51,5.78,5.48,5.75,31247766,177564632.78,1.8213,1.5901,0,0
2025-04-09,sh.600812,5.62,5.77,5.32,5.74,29853517,165900489.41,1.74,-0.1739,0,0
2025-04-10,sh.600812,5.74,5.9,5.74,5.81,25002158,145587740.65,1.4572,1.2195,0,0
2025-04-11,sh.600812,5.76,6.07,5.74,5.93,31148715,184520299.13,1.8155,2.0654,0,0
2025-04-14,sh.600812,5.98,6.15,5.92,6.1,27958744,169230747.4,1.6296,2.8668,0,0
2025-04-15,sh.600812,6.09,6.1,5.97,5.99,15560300,93495419.0,0.9069,-1.8033,0,0
2025-04-16,sh.600812,5.95,5.98,5.79,5.88,17339044,101724367.48,1.0106,-1.8364,0,0
2025-04-17,sh.600812,5.85,5.91,5.81,5.89,10886357,64065165.16,0.6345,0.1701,0,0
2025-04-18,sh.600812,5.85,5.94,5.8,5.89,10882467,63775034.23,0.6343,0.0,0,0
2025-04-21,sh.600812,5.9,6.03,5.84,6.01,15790641,94476566.55,0.9203,2.0374,0,0
2025-04-22,sh.600812,5.99,6.08,5.97,6.07,18992205,114636714.1,1.1069,0.9983,0,0
2025-04-23,sh.600812,6.08,6.13,5.97,6.0,16426806,98898710.95,0.9574,-1.1532,0,0
2025-04-24,sh.600812,6.29,6.38,6.01,6.04,52435860,322973845.82,3.0562,0.6667,0,0
2025-04-25,sh.600812,5.98,6.03,5.9,5.95,25802948,153837841.7,1.5039,-1.4901,0,0
2025-04-28,sh.600812,5.95,5.95,5.81,5.85,16248223,94916828.78,0.947,-1.6807,0,0
2025-04-29,sh.600812,5.84,6.22,5.82,6.07,35819459,217075609.36,2.0877,3.7607,0,0
2025-04-30,sh.600812,6.07,6.08,6.02,6.05,13469209,81536194.36,0.785,-0.3295,0,0
2025-05-06,sh.600812,6.08,6.09,6.03,6.09,17990941,109037461.46,1.0486,0.6612,0,0
2025-05-07,sh.600812,6.12,6.15,6.04,6.06,16134478,98094053.39,0.9404,-0.4926,0,0
2025-05-08,sh.600812,6.06,6.09,6.03,6.06,11469497,69543398.87,0.6685,0.0,0,0
2025-05-09,sh.600812,6.06,6.06,6.0,6.01,10219453,61609112.24,0.5956,-0.8251,0,0
2025-05-12,sh.600812,6.01,6.04,5.95,5.99,11095264,66334945.59,0.6467,-0.3328,0,0
2025-05-13,sh.600812,6.01,6.04,5.94,5.95,11624370,69459608.5,0.6775,-0.6678,0,0
2025-05-14,sh.600812,5.97,5.99,5.89,5.95,11249700,66730213.0,0.6557,0.0,0,0
2025-05-15,sh.600812,5.95,5.99,5.9,5.95,9941900,59193046.0,0.5795,0.0,0,0
2025-05-16,sh.600812,5.97,6.09,5.95,6.08,26646306,160953612.52,1.5531,2.1849,0,0
2025-05-19,sh.600812,6.09,6.11,5.95,6.03,18361300,110131233.9,1.0702,-0.8224,0,0
2025-05-20,sh.600812,6.01,6.19,6.0,6.08,17552280,106935186.6,1.023,0.8292,0,0
2025-05-21,sh.600812,6.08,6.14,6.07,6.09,17009003,103863567.34,0.9914,0.1645,0,0
2025-05-22,sh.600812,6.07,6.07,5.95,5.98,12985804,77822647.57,0.7569,-1.8062,0,0
2025-05-23,sh.600812,6.0,6.24,6.0,6.04,26702973,163510899.57,1.5564,1.0033,0,0
2025-05-26,sh.600812,6.01,6.05,5.86,5.9,22335960,132377567.29,1.3018,-2.3179,0,0
2025-05-27,sh.600812,5.89,6.07,5.86,5.97,16880133,100532133.25,0.9838,1.1864,0,0
2025-05-28,sh.600812,5.94,5.95,5.87,5.89,12297300,72534832.0,0.7167,-1.34,0,0
2025-05-29,sh.600812,5.88,6.04,5.86,6.03,21505626,128757306.19,1.2534,2.3769,0,0
2025-05-30,sh.600812,6.01,6.15,6.0,6.07,21651766,132012771.0,1.262,0.6633,0,0
2025-06-03,sh.600812,6.04,6.18,6.0,6.17,23615439,144759653.99,1.3764,1.6474,0,0
2025-06-04,sh.600812,6.18,6.19,6.11,6.17,15470567,95077765.71,0.9017,0.0,0,0
2025-06-05,sh.600812,6.17,6.19,6.04,6.07,16172101,98414904.07,0.9426,-1.6207,0,0
2025-06-06,sh.600812,6.07,6.14,6.05,6.08,9427000,57222305.0,0.5494,0.1647,0,0
2025-06-09,sh.600812,6.07,6.28,6.06,6.24,29478321,183301742.49,1.7181,2.6316,0,0
2025-06-10,sh.600812,6.29,6.55,6.17,6.26,37753259,238473789.82,2.2004,0.3205,0,0
2025-06-11,sh.600812,6.26,6.32,6.21,6.21,22522544,140904186.15,1.3127,-0.7987,0,0
2025-06-12,sh.600812,6.2,6.26,6.18,6.25,15268528,95023948.09,0.8899,0.6441,0,0
2025-06-13,sh.600812,6.26,6.27,6.09,6.12,18979321,116763445.74,1.1062,-2.08,0,0
2025-06-16,sh.600812,6.11,6.13,6.03,6.07,15657588,95035949.9,0.9126,-0.817,0,0
2025-06-17,sh.600812,6.11,6.65,6.09,6.35,52572733,332369804.19,3.0642,4.6129,0,0
2025-06-18,sh.600812,6.2,6.47,6.1,6.29,49047676,305813514.64,2.8587,-0.9449,0,0
2025-06-19,sh.600812,6.23,6.32,6.08,6.09,27186573,167403813.07,1.5845,-3.1797,0,0
2025-06-20,sh.600812,6.05,6.11,6.01,6.08,17693084,107024964.88,1.0312,-0.1642,0,0
2025-06-23,sh.600812,6.02,6.13,5.97,6.11,14794063,89693413.32,0.8623,0.4934,0,0
2025-06-24,sh.600812,6.12,6.19,6.09,6.18,16778670,103363469.29,0.9779,1.1457,0,0
2025-06-25,sh.600812,6.18,6.2,6.1,6.19,17368478,106817589.73,1.0123,0.1618,0,0
2025-06-26,sh.600812,6.17,6.19,6.11,6.15,12283601,75570629.15,0.7159,-0.6462,0,0
2025-06-27,sh.600812,6.14,6.19,6.14,6.15,11132300,68620303.0,0.6488,0.0,0,0
2025-06-30,sh.600812,6.16,6.19,6.12,6.18,13730201,84498995.16,0.8003,0.4878,0,0
2025-07-01,sh.600812,6.18,6.41,6.15,6.39,37206676,234129038.21,2.1686,3.3981,0,0
2025-07-02,sh.600812,6.39,6.51,6.31,6.39,26883625,171251861.85,1.5669,0.0,0,0
2025-07-03,sh.600812,6.41,6.5,6.36,6.47,22960765,148450219.57,1.3383,1.252,0,0
2025-07-04,sh.600812,6.46,6.52,6.42,6.45,18362510,118669980.88,1.0702,-0.3091,0,0
2025-07-07,sh.600812,6.44,6.52,6.37,6.39,16704490,107274099.07,0.9736,-0.9302,0,0
2025-07-08,sh.600812,6.4,6.49,6.36,6.41,14317857,91856391.82,0.8345,0.313,0,0
2025-07-09,sh.600812,6.4,6.47,6.35,6.41,14481768,92753295.84,0.8441,0.0,0,0
2025-07-10,sh.600812,6.41,6.49,6.37,6.45,12719253,82061349.5,0.7413,0.624,0,0
2025-07-11,sh.600812,6.5,7.0,6.5,6.87,75650009,510591303.0,4.4092,6.5116,0,0
2025-07-14,sh.600812,6.85,7.13,6.78,6.99,57305196,399215547.56,3.34,1.7467,0,0
2025-07-15,sh.600812,6.99,7.01,6.76,6.81,31170770,213173059.13,1.8168,-2.5751,0,0
2025-07-16,sh.600812,6.84,6.9,6.7,6.89,21615159,147395136.8,1.2598,1.1747,0,0
2025-07-17,sh.600812,6.89,7.04,6.84,6.93,24034656,166171604.48,1.4008,0.5806,0,0
2025-07-18,sh.600812,6.93,6.93,6.76,6.89,19719557,134582544.74,1.1493,-0.5772,0,0
2025-07-21,sh.600812,6.87,6.99,6.81,6.89,23542899,162332368.87,1.3722,0.0,0,0
2025-07-22,sh.600812,6.86,6.92,6.82,6.87,20576000,141258461.0,1.1993,-0.2903,0,0
2025-07-23,sh.600812,6.85,6.95,6.8,6.82,24373085,167333554.54,1.4206,-0.7278,0,0
2025-07-24,sh.600812,6.81,6.97,6.79,6.86,24148500,165324943.0,1.4075,0.5865,0,0
2025-07-25,sh.600812,6.85,7.03,6.8,6.83,23613585,162338035.57,1.3763,0.0,0,0
2025-07-28,sh.600812,6.82,6.99,6.82,6.89,19946401,137315240.9,1.1626,0.8785,0,0
2025-07-29,sh.600812,6.9,7.03,6.77,7.0,37969490,263019693.41,2.213,1.5965,0,0
2025-07-30,sh.600812,7.02,7.46,6.97,7.01,73548264,525904863.04,4.2867,0.1429,0,0
2025-07-31,sh.600812,7.0,7.07,6.84,6.88,45553452,316802737.75,2.655,-1.8545,0,0
2025-08-01,sh.600812,6.83,7.09,6.81,6.93,32835681,228666175.88,1.9138,0.7267,0,0
2025-08-04,sh.600812,6.89,6.96,6.66,6.89,30702860,208634641.14,1.7895,-0.5772,0,0
2025-08-05,sh.600812,6.89,6.97,6.8,6.83,20128182,138059438.24,1.1732,-0.8708,0,0
2025-08-06,sh.600812,6.83,6.88,6.68,6.71,29824940,200962253.58,1.7383,-1.757,0,0
2025-08-07,sh.600812,6.7,6.71,6.54,6.59,26687728,176471113.52,1.5555,-1.7884,0,0
2025-08-08,sh.600812,6.58,6.65,6.55,6.63,13498740,89182393.6,0.7868,0.607,0,0
2025-08-11,sh.600812,6.63,6.76,6.59,6.74,23691505,158430082.77,1.3808,1.6591,0,0
2025-08-12,sh.600812,6.74,6.89,6.64,6.88,39856552,270173898.38,2.323,2.0772,0,0
2025-08-13,sh.600812,6.82,7.12,6.74,6.9,60196094,415356080.81,3.5085,0.2907,0,0
2025-08-14,sh.600812,6.86,6.97,6.61,6.63,46088196,310443414.92,2.6862,-3.913,0,0
2025-08-15,sh.600812,6.61,6.7,6.59,6.63,33865809,224611770.55,1.9738,0.0,0,0
2025-08-18,sh.600812,6.64,6.69,6.58,6.6,39816403,263602197.34,2.3207,-0.4525,0,0
2025-08-19,sh.600812,6.63,6.78,6.55,6.61,54534345,364211922.38,3.1785,0.1515,0,0
2025-08-20,sh.600812,6.6,6.61,6.49,6.59,35728310,233569410.14,2.0824,-0.3026,0,0
2025-08-21,sh.600812,6.58,6.62,6.57,6.6,28638300,188875739.26,1.6692,0.1517,0,0
2025-08-22,sh.600812,6.6,6.61,6.47,6.55,36946238,240168493.24,2.1534,-0.7576,0,0
2025-08-25,sh.600812,6.55,6.63,6.51,6.55,43963106,288392790.06,2.5624,0.0,0,0
2025-08-26,sh.600812,6.56,6.6,6.52,6.57,28596392,187626883.98,1.6667,0.3053,0,0
2025-08-27,sh.600812,6.57,6.6,6.41,6.42,40763679,264913875.2,2.3759,-2.2831,0,0
2025-08-28,sh.600812,6.41,6.45,6.21,6.38,30792371,195097960.09,1.7947,-0.6231,0,0
2025-08-29,sh.600812,6.37,6.38,6.31,6.33,17811342,112960839.44,1.0381,-0.7837,0,0
2025-09-01,sh.600812,6.33,6.37,6.25,6.3,23458401,148046445.78,1.3673,-0.4739,0,0
2025-09-02,sh.600812,6.3,6.33,6.19,6.24,26632640,165882389.18,1.5523,-0.9524,0,0
2025-09-03,sh.600812,6.25,6.28,6.1,6.12,22028169,136160931.81,1.2839,-1.9231,0,0
2025-09-04,sh.600812,6.13,6.19,6.07,6.15,20247013,124347176.17,1.1801,0.4902,0,0
2025-09-05,sh.600812,6.15,6.19,6.08,6.18,14114387,86774312.11,0.8226,0.4878,0,0
2025-09-08,sh.600812,6.18,6.25,6.13,6.14,27833029,171655013.58,1.6222,-0.6472,0,0
2025-09-09,sh.600812,6.15,6.2,6.06,6.09,26464335,162037870.6,1.5425,-0.8143,0,0
2025-09-10,sh.600812,6.09,6.12,6.06,6.08,14734768,89597292.76,0.8588,-0.1642,0,0
2025-09-11,sh.600812,6.06,6.13,5.99,6.12,20629873,124897177.15,1.2024,0.6579,0,0
2025-09-12,sh.600812,6.11,6.14,5.99,6.03,44751981,270818133.21,2.6083,-1.4706,0,0
2025-09-15,sh.600812,6.02,6.05,5.99,6.0,19045739,114590590.54,1.1101,-0.4975,0,0
2025-09-16,sh.600812,6.01,6.02,5.95,6.0,16746800,100147059.0,0.9761,0.0,0,0
2025-09-17,sh.600812,6.0,6.04,5.96,6.01,17695407,106324792.74,1.0314,0.1667,0,0
2025-09-18,sh.600812,6.02,6.07,5.97,6.0,27996068,168662642.68,1.6317,-0.1664,0,0
2025-09-19,sh.600812,6.0,6.01,5.9,5.92,20666794,122715452.2,1.2045,-1.3333,0,0
2025-09-22,sh.600812,5.95,6.0,5.86,5.88,17344282,102645814.34,1.0109,-0.6757,0,0
2025-09-23,sh.600812,5.88,5.89,5.7,5.75,21907568,126116451.47,1.2769,-2.2109,0,0
2025-09-24,sh.600812,5.75,5.83,5.74,5.82,14238259,82519284.56,0.8299,1.2174,0,0
2025-09-25,sh.600812,5.83,5.86,5.79,5.83,13103317,76266068.95,0.7637,0.1718,0,0
2025-09-26,sh.600812,5.84,5.84,5.75,5.8,10258570,59473720.99,0.5979,-0.5146,0,0
2025-09-29,sh.600812,5.8,5.82,5.71,5.81,12465524,71792889.07,0.7265,0.1724,0,0
2025-09-30,sh.600812,5.8,5.85,5.79,5.85,12022975,70094342.94,0.7007,0.6885,0,0
2025-10-09,sh.600812,5.85,5.94,5.84,5.94,15840943,93467979.17,0.9233,1.5385,0,0
2025-10-10,sh.600812,5.95,6.02,5.92,6.01,23195663,138855191.64,1.3519,1.1785,0,0
2025-10-13,sh.600812,5.9,5.93,5.85,5.92,17859308,105240247.7,1.0409,-1.4975,0,0
2025-10-14,sh.600812,5.94,5.98,5.92,5.96,18092091,107737811.25,1.0545,0.6757,0,0
2025-10-15,sh.600812,5.93,6.03,5.93,6.01,16209573,97222125.26,0.9448,0.8389,0,0
2025-10-16,sh.600812,6.01,6.02,5.95,5.97,13158140,78613529.38,0.7669,-0.6656,0,0
2025-10-17,sh.600812,5.95,6.01,5.91,5.92,16531643,98603952.73,0.9635,-0.8375,0,0
2025-10-20,sh.600812,5.95,5.97,5.88,5.91,10987501,64972957.15,0.6404,-0.1689,0,0
2025-10-21,sh.600812,5.92,6.08,5.91,6.06,25987153,156495131.17,1.5146,2.5381,0,0
2025-10-22,sh.600812,6.05,6.17,6.03,6.15,28682994,175521842.12,1.6718,1.4851,0,0
2025-10-23,sh.600812,6.13,6.17,6.03,6.1,22239911,135339999.4,1.2962,-0.813,0,0
2025-10-24,sh.600812,6.12,6.12,6.04,6.08,18962829,115207085.93,1.1052,-0.3279,0,0
2025-10-27,sh.600812,6.08,6.08,6.01,6.05,20889084,126236273.71,1.2175,-0.4934,0,0
2025-10-28,sh.600812,6.03,6.07,6.0,6.01,14322515,86369868.15,0.8348,-0.6612,0,0
2025-10-29,sh.600812,6.0,6.03,5.96,6.03,12446997,74593613.76,0.7255,0.3328,0,0
2025-10-30,sh.600812,6.01,6.02,5.92,5.93,15831600,94377747.0,0.9227,-1.6584,0,0
2025-10-31,sh.600812,5.92,6.0,5.91,6.0,14150554,84500793.37,0.8248,1.1804,0,0
2025-11-03,sh.600812,6.0,6.2,5.96,6.18,44790414,273761576.3,2.6106,3.0,0,0
2025-11-04,sh.600812,6.16,6.18,6.1,6.14,18879884,115851961.92,1.1004,-0.6472,0,0
2025-11-05,sh.600812,6.1,6.18,6.08,6.14,13798380,84758549.2,0.8042,0.0,0,0
2025-11-06,sh.600812,6.15,6.17,6.1,6.16,13279377,81504681.7,0.774,0.3257,0,0
2025-11-07,sh.600812,6.15,6.18,6.13,6.17,11664601,71896478.17,0.6799,0.1623,0,0
2025-11-10,sh.600812,6.2,6.25,6.18,6.22,18624479,115922403.61,1.0855,0.8104,0,0
2025-11-11,sh.600812,6.23,6.26,6.18,6.26,20317953,126567216.0,1.1842,0.6431,0,0
2025-11-12,sh.600812,6.26,6.26,6.18,6.19,17183297,106820180.44,1.0015,-1.1182,0,0
2025-11-13,sh.600812,6.18,6.22,6.14,6.21,18134639,112103634.91,1.057,0.3231,0,0
2025-11-14,sh.600812,6.19,6.29,6.17,6.23,24609401,153903631.39,1.4343,0.3221,0,0
2025-11-17,sh.600812,6.25,6.27,6.12,6.15,19345000,119099832.42,1.1275,-1.2841,0,0
2025-11-18,sh.600812,6.15,6.19,6.04,6.07,18001874,109691707.92,1.0492,-1.3008,0,0
2025-11-19,sh.600812,6.07,6.1,5.94,5.96,18928924,113341400.28,1.1033,-1.8122,0,0
2025-11-20,sh.600812,5.96,5.99,5.91,5.93,13557869,80563290.36,0.7902,-0.5034,0,0
2025-11-21,sh.600812,5.89,5.94,5.7,5.71,23362423,135228984.32,1.3617,-3.7099,0,0
2025-11-24,sh.600812,5.74,5.78,5.71,5.76,11627400,66854058.0,0.6777,0.8757,0,0
2025-11-25,sh.600812,5.77,5.89,5.74,5.86,16123441,94101102.16,0.9397,1.7361,0,0
2025-11-26,sh.600812,5.87,6.03,5.85,5.87,18358345,108976977.33,1.07,0.1706,0,0
2025-11-27,sh.600812,5.88,5.88,5.78,5.82,11900815,69208904.15,0.6936,-0.8518,0,0
2025-11-28,sh.600812,5.82,5.83,5.76,5.8,9398013,54399577.11,0.5478,-0.3436,0,0
2025-12-01,sh.600812,5.81,5.87,5.79,5.86,10544275,61634694.96,0.6146,1.0345,0,0
2025-12-02,sh.600812,5.86,5.89,5.82,5.87,8619684,50482609.88,0.5024,0.1706,0,0
2025-12-03,sh.600812,5.86,5.92,5.83,5.88,13989771,82225783.17,0.8154,0.1704,0,0
2025-12-04,sh.600812,5.89,5.89,5.8,5.84,8891400,51948197.0,0.5182,-0.6803,0,0
2025-12-05,sh.600812,5.84,5.86,5.78,5.85,10019962,58307418.96,0.584,0.1712,0,0
2025-12-08,sh.600812,5.85,5.88,5.79,5.8,15221600,88516901.48,0.8872,-0.8547,0,0
2025-12-09,sh.600812,5.81,5.81,5.69,5.7,19763882,113079099.22,1.1519,-1.7241,0,0
2025-12-10,sh.600812,5.69,5.69,5.61,5.66,11838033,66826018.24,0.69,-0.7018,0,0
2025-12-11,sh.600812,5.68,5.68,5.58,5.59,9500328,53373143.52,0.5537,-1.2367,0,0
2025-12-12,sh.600812,5.59,5.62,5.56,5.59,7748945,43328372.1,0.4516,0.0,0,0
2025-12-15,sh.600812,5.58,5.61,5.56,5.59,7463133,41688776.84,0.435,0.0,0,0
2025-12-16,sh.600812,5.59,5.59,5.5,5.53,7994637,44217413.98,0.466,-1.0733,0,0
2025-12-17,sh.600812,5.54,5.56,5.47,5.54,8423627,46498070.68,0.491,0.1808,0,0
2025-12-18,sh.600812,5.54,5.65,5.52,5.64,13124667,73343435.87,0.765,1.8051,0,0
2025-12-19,sh.600812,5.63,5.7,5.6,5.65,14646380,82885927.67,0.8537,0.1773,0,0
2025-12-22,sh.600812,5.66,5.67,5.61,5.61,9204090,51820209.8,0.5365,-0.708,0,0
2025-12-23,sh.600812,5.6,5.79,5.59,5.66,16603340,94229587.01,0.9677,0.8913,0,0
2025-12-24,sh.600812,5.6,5.64,5.56,5.63,10310398,57782804.5,0.6009,-0.53,0,0
2025-12-25,sh.600812,5.61,5.65,5.59,5.63,6542307,36776767.21,0.3813,0.0,0,0
2025-12-26,sh.600812,5.61,5.65,5.6,5.62,7037601,39622258.83,0.4102,-0.1776,0,0
2025-12-29,sh.600812,5.62,5.62,5.56,5.56,8500100,47398708.0,0.4954,-1.0676,0,0
2025-12-30,sh.600812,5.56,5.56,5.52,5.53,7466387,41375233.79,0.4352,-0.5396,0,0
2025-12-31,sh.600812,5.53,5.55,5.51,5.53,6402450,35419572.5,0.3732,0.0,0,0
2026-01-05,sh.600812,5.53,5.6,5.52,5.58,8975027,50024700.1,0.5231,0.9042,0,0
2026-01-06,sh.600812,5.59,5.64,5.57,5.62,12164723,68294532.44,0.709,0.7168,0,0
2026-01-07,sh.600812,5.63,5.64,5.6,5.61,8666621,48693668.76,0.5051,-0.1779,0,0
2026-01-08,sh.600812,5.62,5.64,5.6,5.63,9523324,53612261.56,0.5551,0.3565,0,0
2026-01-09,sh.600812,5.63,5.67,5.62,5.67,13497489,76290874.64,0.7867,0.7105,0,0
2026-01-12,sh.600812,5.67,5.7,5.63,5.69,17772471,100563881.46,1.0359,0.3527,0,0
2026-01-13,sh.600812,5.7,5.8,5.66,5.73,24749571,142116588.25,1.4425,0.703,0,0
2026-01-14,sh.600812,5.74,5.76,5.62,5.66,25915702,147807437.5,1.5105,-1.2216,0,0
2026-01-15,sh.600812,5.66,5.67,5.62,5.63,10830471,61072879.15,0.6312,-0.53,0,0
2026-01-16,sh.600812,5.64,5.67,5.58,5.58,13107472,73451888.76,0.764,-0.8881,0,0
2026-01-19,sh.600812,5.57,5.64,5.56,5.62,9393756,52745532.11,0.5475,0.7168,0,0
2026-01-20,sh.600812,5.63,5.68,5.61,5.68,12516411,70709915.2,0.7295,1.0676,0,0
2026-01-21,sh.600812,5.68,5.68,5.62,5.63,14827147,83600300.22,0.8642,-0.8803,0,0
2026-01-22,sh.600812,5.64,5.66,5.6,5.62,16319740,91766125.12,0.9512,-0.1776,0,0
2026-01-23,sh.600812,5.62,5.66,5.6,5.65,30224424,170107076.17,1.7616,0.5338,0,0
2026-01-26,sh.600812,5.66,5.85,5.65,5.82,60113827,346132711.05,3.5037,3.0088,0,0
2026-01-27,sh.600812,5.84,5.85,5.65,5.74,39398100,225651229.29,2.2963,-1.3746,0,0
2026-01-28,sh.600812,5.72,5.75,5.66,5.72,24146332,137667696.6,1.4074,-0.3484,0,0
2026-01-29,sh.600812,5.71,5.74,5.67,5.71,22599942,128797332.3,1.3172,-0.1748,0,0
2026-01-30,sh.600812,5.7,5.75,5.63,5.67,22502641,127912740.86,1.3115,-0.7005,0,0
2026-02-02,sh.600812,5.64,5.66,5.51,5.54,24482334,136934448.57,1.4269,-2.2928,0,0
2026-02-03,sh.600812,5.55,5.59,5.52,5.58,12679144,70506686.37,0.739,0.722,0,0
2026-02-04,sh.600812,5.55,5.61,5.54,5.61,12986213,72353382.63,0.7569,0.5376,0,0
2026-02-05,sh.600812,5.61,5.62,5.56,5.58,9145185,51128063.0,0.533,-0.5348,0,0
2026-02-06,sh.600812,5.59,5.65,5.58,5.58,15582556,87490655.96,0.9082,0.0,0,0
2026-02-09,sh.600812,5.6,5.61,5.58,5.6,13283683,74306086.84,0.7742,0.3584,0,0
2026-02-10,sh.600812,5.6,5.63,5.58,5.6,10674446,59833211.64,0.6222,0.0,0,0
2026-02-11,sh.600812,5.59,5.65,5.59,5.62,12004407,67446652.99,0.6997,0.3571,0,0
2026-02-12,sh.600812,5.62,5.63,5.55,5.55,13319311,74126958.75,0.7763,-1.2456,0,0
2026-02-13,sh.600812,5.55,5.56,5.5,5.5,11785300,65104426.0,0.6869,-0.9009,0,0
2026-02-24,sh.600812,5.54,5.55,5.51,5.53,7405717,40966955.07,0.4316,0.5455,0,0
2026-02-25,sh.600812,5.53,5.61,5.52,5.58,14355342,80144889.12,0.8367,0.9042,0,0
2026-02-26,sh.600812,5.59,5.6,5.54,5.56,9538677,53048501.35,0.556,-0.3584,0,0
2026-02-27,sh.600812,5.55,5.58,5.54,5.58,9220862,51270410.73,0.5374,0.3597,0,0
2026-03-02,sh.600812,5.54,5.58,5.5,5.56,15970008,88477077.5,0.9308,-0.3584,0,0
2026-03-03,sh.600812,5.55,5.62,5.54,5.58,21640702,120818962.68,1.2613,0.3597,0,0
2026-03-04,sh.600812,5.57,5.57,5.45,5.45,20356330,111843653.73,1.1865,-2.3297,0,0
2026-03-05,sh.600812,5.48,5.5,5.44,5.45,13107918,71542490.28,0.764,0.0,0,0
2026-03-06,sh.600812,5.45,5.54,5.43,5.52,13044789,71655112.5,0.7603,1.2844,0,0
2026-03-09,sh.600812,5.61,6.07,5.6,6.01,161978185,968334734.97,9.4408,8.8768,0,0
2026-03-10,sh.600812,5.9,5.94,5.76,5.79,101782069,592371838.05,5.9323,-3.6606,0,0
2026-03-11,sh.600812,5.79,5.82,5.73,5.78,49118351,283133318.81,2.8628,-0.1727,0,0
2026-03-12,sh.600812,5.78,5.82,5.76,5.8,42197061,244575298.33,2.4594,0.346,0,0
2026-03-13,sh.600812,5.78,5.78,5.68,5.69,41162000,235492122.97,2.3991,-1.8966,0,0
2026-03-16,sh.600812,5.68,5.72,5.64,5.67,26741831,151836019.91,1.5586,-0.3515,0,0
2026-03-17,sh.600812,5.66,5.74,5.66,5.68,27919357,158978921.04,1.6273,0.1764,0,0
2026-03-18,sh.600812,5.69,5.7,5.56,5.61,28942557,162163012.77,1.6869,-1.2324,0,0
2026-03-19,sh.600812,5.58,5.63,5.53,5.55,20373568,113411534.04,1.1875,-1.0695,0,0
2026-03-20,sh.600812,5.56,5.57,5.43,5.43,25828069,141505771.45,1.5054,-2.1622,0,0
2026-03-23,sh.600812,5.36,5.36,5.01,5.1,35824334,184595658.37,2.088,-6.0773,0,0
2026-03-24,sh.600812,5.18,5.2,5.08,5.18,16706000,85876081.0,0.9737,1.5686,0,0
2026-03-25,sh.600812,5.18,5.24,5.16,5.23,14870767,77480894.97,0.8667,0.9653,0,0
2026-03-26,sh.600812,5.23,5.31,5.18,5.23,14746506,77166943.83,0.8595,0.0,0,0
2026-03-27,sh.600812,5.16,5.34,5.15,5.33,21632737,114195469.02,1.2608,1.912,0,0
2026-03-30,sh.600812,5.28,5.45,5.25,5.41,23889900,128732897.0,1.3924,1.5009,0,0
2026-03-31,sh.600812,5.42,5.48,5.38,5.44,21561586,117443294.98,1.2567,0.5545,0,0
2026-04-01,sh.600812,5.47,5.64,5.4,5.62,40380617,224152662.6,2.3536,3.3088,0,0
2026-04-02,sh.600812,5.63,5.73,5.59,5.7,46885839,266111951.65,2.7327,1.4235,0,0
2026-04-03,sh.600812,5.65,5.66,5.49,5.51,33692735,187221056.91,1.9638,-3.3333,0,0
2026-04-07,sh.600812,5.5,5.64,5.36,5.64,28310898,157138354.97,1.6501,2.3593,0,0
2026-04-08,sh.600812,5.67,5.8,5.58,5.71,45443648,258116528.91,2.6486,1.2411,0,0
2026-04-09,sh.600812,5.66,5.82,5.57,5.58,38999800,221637324.0,2.2731,-2.2767,0,0
2026-04-10,sh.600812,5.6,5.64,5.49,5.56,24334550,135365809.0,1.4183,-0.3584,0,0
2026-04-13,sh.600812,5.56,5.56,5.39,5.42,21287204,115772490.64,1.2407,-2.518,0,0
2026-04-14,sh.600812,5.48,5.54,5.38,5.53,21712800,118329208.0,1.2655,2.0295,0,0
2026-04-15,sh.600812,5.6,5.73,5.52,5.66,37403931,210802640.15,2.1801,2.3508,0,0
2026-04-16,sh.600812,5.65,5.66,5.54,5.58,24747800,138087220.0,1.4424,-1.4134,0,0
2026-04-17,sh.600812,5.56,5.56,5.45,5.49,19529452,107043873.44,1.1383,-1.6129,0,0
2026-04-20,sh.600812,5.49,5.5,5.41,5.45,15812091,86008065.95,0.9216,-0.7286,0,0
2026-04-21,sh.600812,5.45,5.48,5.38,5.39,14786200,79890903.0,0.8618,-1.1009,0,0
2026-04-22,sh.600812,5.39,5.4,5.36,5.39,9898475,53230140.45,0.5769,0.0,0,0
2026-04-23,sh.600812,5.38,5.39,5.29,5.32,16703400,88863772.0,0.9735,-1.2987,0,0
2026-04-24,sh.600812,5.3,5.33,5.25,5.32,10712992,56716266.76,0.6244,0.0,0,0
2026-04-27,sh.600812,5.25,5.26,5.18,5.22,13770356,71731596.81,0.8026,-1.8797,0,0
2026-04-28,sh.600812,5.22,5.27,5.21,5.25,9423286,49350006.64,0.5492,0.5747,0,0
2026-04-29,sh.600812,5.25,5.29,5.23,5.27,9004792,47411576.11,0.5248,0.381,0,0
2026-04-30,sh.600812,5.24,5.26,5.2,5.21,10234482,53415252.4,0.5965,-1.1385,0,0
2026-05-06,sh.600812,5.21,5.25,5.2,5.22,9764384,51066724.32,0.5691,0.1919,0,0
2026-05-07,sh.600812,5.23,5.24,5.21,5.21,9020791,47085620.11,0.5258,-0.1916,0,0
2026-05-08,sh.600812,5.21,5.26,5.2,5.25,10369371,54383337.75,0.6044,0.7678,0,0
2026-05-11,sh.600812,5.26,5.37,5.22,5.35,18156304,96224063.6,1.0582,1.9048,0,0
2026-05-12,sh.600812,5.33,5.34,5.23,5.24,15700906,82737085.06,0.9151,-2.0561,0,0
2026-05-13,sh.600812,5.24,5.26,5.19,5.21,14346863,74721309.98,0.8362,-0.5725,0,0
2026-05-14,sh.600812,5.21,5.21,5.09,5.1,17275500,88509044.0,1.0069,-2.1113,0,0
2026-05-15,sh.600812,5.11,5.11,5.01,5.05,16048124,81166361.82,0.9354,-0.9804,0,0
2026-05-18,sh.600812,5.01,5.04,4.92,4.97,15164128,75426998.04,0.8838,-1.5842,0,0
2026-05-19,sh.600812,4.99,5.02,4.9,4.96,12913033,63963841.81,0.7526,-0.2012,0,0
2026-05-20,sh.600812,4.96,4.96,4.81,4.82,14571028,70676226.22,0.8493,-2.8226,0,0
2026-05-21,sh.600812,4.82,4.89,4.75,4.77,15209411,73257126.25,0.8865,-1.0373,0,0
2026-05-22,sh.600812,4.77,4.79,4.63,4.67,17854372,83592439.04,1.0406,-2.0964,0,0
2026-05-25,sh.600812,4.68,4.71,4.56,4.62,17487555,80730267.93,1.0192,-1.0707,0,0
2026-05-26,sh.600812,4.61,4.63,4.51,4.56,16034049,73126476.03,0.9345,-1.2987,0,0
2026-05-27,sh.600812,4.56,4.57,4.41,4.45,18629597,83132285.53,1.0858,-2.4123,0,0
2026-05-28,sh.600812,4.46,4.55,4.46,4.48,20849201,93782700.48,1.2152,0.6742,0,0
2026-05-29,sh.600812,4.49,4.57,4.47,4.54,17841313,80596759.35,1.0399,1.3393,0,0
2026-06-01,sh.600812,4.54,4.64,4.51,4.63,15667601,71804663.57,0.9132,1.9824,0,0
2026-06-02,sh.600812,4.63,4.63,4.53,4.54,13055332,59676809.28,0.7609,-1.9438,0,0
2026-06-03,sh.600812,4.53,4.53,4.45,4.48,10946223,49037933.97,0.638,-1.3216,0,0
2026-06-04,sh.600812,4.49,4.51,4.35,4.37,15106614,66649067.2,0.8805,-2.4554,0,0
2026-06-05,sh.600812,4.36,4.47,4.36,4.43,12128143,53640752.35,0.7069,1.373,0,0
2026-06-08,sh.600812,4.36,4.47,4.3,4.35,12384401,54160267.33,0.7218,-1.8059,0,0
2026-06-09,sh.600812,4.36,4.39,4.3,4.34,9552110,41417837.1,0.5567,-0.2299,0,0
2026-06-10,sh.600812,4.33,4.39,4.3,4.39,11704400,50881814.0,0.6822,1.1521,0,0
2026-06-11,sh.600812,4.34,4.49,4.32,4.35,11911501,52157356.35,0.6943,-0.2294,0,0
2026-06-12,sh.600812,4.35,4.48,4.33,4.48,14514800,64227381.0,0.846,2.9885,0,0
2026-06-15,sh.600812,4.48,4.55,4.45,4.49,13249511,59546125.16,0.7722,0.2232,0,0
2026-06-16,sh.600812,4.5,4.5,4.4,4.43,9762000,43204980.0,0.569,-1.3363,0,0
2026-06-17,sh.600812,4.4,4.42,4.33,4.37,9296506,40537724.52,0.5418,-1.3544,0,0
2026-06-18,sh.600812,4.37,4.41,4.31,4.38,9442301,41252129.17,0.5503,0.2288,0,0
2026-06-22,sh.600812,4.34,4.36,4.2,4.34,15827774,67687761.2,0.9225,-0.9132,0,0
2026-06-23,sh.600812,4.32,4.53,4.32,4.45,21083865,94187329.04,1.2289,2.5346,0,0
2026-06-24,sh.600812,4.5,4.66,4.45,4.49,25063362,113749558.99,1.4608,0.8989,0,0
2026-06-25,sh.600812,4.47,4.47,4.28,4.36,18180868,78996076.36,1.0597,-2.8953,0,0
2026-06-26,sh.600812,4.35,4.38,4.2,4.2,14569600,62166296.0,0.8492,-3.6697,0,0
