date,code,open,high,low,close,volume,amount,turnover,pct_change,is_limit_up,is_limit_down
2019-07-01,sh.600717,6.55,6.58,6.46,6.53,9038934.0,58972375.0,0.44976,1.713398,0,0
2019-07-02,sh.600717,6.55,6.56,6.48,6.52,5848429.0,38092738.0,0.291007,-0.153143,0,0
2019-07-03,sh.600717,6.5,6.5,6.41,6.42,3839019.0,24706852.0,0.191022,-1.533741,0,0
2019-07-04,sh.600717,6.47,6.48,6.41,6.42,3344009.0,21536472.0,0.166392,0.0,0,0
2019-07-05,sh.600717,6.43,6.47,6.41,6.44,3788680.0,24403290.0,0.188518,0.311526,0,0
2019-07-08,sh.600717,6.44,6.44,6.24,6.26,6031053.0,37975645.0,0.300094,-2.795028,0,0
2019-07-09,sh.600717,6.26,6.28,6.21,6.23,2692428.0,16818072.0,0.13397,-0.479237,0,0
2019-07-10,sh.600717,6.24,6.27,6.12,6.15,3646028.0,22578273.0,0.181419,-1.284108,0,0
2019-07-11,sh.600717,6.18,6.26,6.16,6.18,3666780.0,22726273.0,0.182452,0.487801,0,0
2019-07-12,sh.600717,6.2,6.24,6.17,6.22,2004441.0,12452655.0,0.099737,0.647249,0,0
2019-07-15,sh.600717,6.23,6.3,6.14,6.28,3584787.0,22373487.0,0.178372,0.964637,0,0
2019-07-16,sh.600717,6.27,6.34,6.25,6.32,3115961.0,19641641.0,0.155044,0.636942,0,0
2019-07-17,sh.600717,6.33,6.36,6.29,6.32,2512015.0,15910324.0,0.124993,0.0,0,0
2019-07-18,sh.600717,6.32,6.32,6.22,6.26,3067025.0,19201577.0,0.152609,-0.949366,0,0
2019-07-19,sh.600717,6.26,6.37,6.26,6.27,2561300.0,16163413.0,0.127445,0.15974,0,0
2019-07-22,sh.600717,6.32,6.33,6.17,6.17,3746368.0,23283008.0,0.186412,-1.594895,0,0
2019-07-23,sh.600717,6.25,6.53,6.22,6.36,11484625.0,73440249.0,0.571453,3.079417,0,0
2019-07-24,sh.600717,6.35,6.41,6.35,6.37,5857524.0,37342337.0,0.291459,0.157229,0,0
2019-07-25,sh.600717,6.38,6.38,6.29,6.32,4625039.0,29272943.0,0.230133,-0.784925,0,0
2019-07-26,sh.600717,6.32,6.36,6.24,6.35,4495813.0,28352850.0,0.2237,0.4747,0,0
2019-07-29,sh.600717,6.37,6.37,6.32,6.35,2702648.0,17159911.0,0.134479,0.0,0,0
2019-07-30,sh.600717,6.35,6.4,6.34,6.35,2671435.0,17014972.0,0.1329,0.0,0,0
2019-07-31,sh.600717,6.34,6.35,6.28,6.31,3734032.0,23566415.0,0.1858,-0.6299,0,0
2019-08-01,sh.600717,6.31,6.34,6.24,6.28,2784906.0,17535625.0,0.1386,-0.4754,0,0
2019-08-02,sh.600717,6.18,6.24,6.15,6.21,4258034.0,26408272.0,0.2119,-1.1147,0,0
2019-08-05,sh.600717,6.16,6.21,6.06,6.08,4902964.0,30108014.0,0.244,-2.0934,0,0
2019-08-06,sh.600717,6.0,6.06,5.84,5.89,6890997.0,40901268.0,0.3429,-3.125,0,0
2019-08-07,sh.600717,5.93,5.96,5.84,5.89,3225828.0,19021704.0,0.1605,0.0,0,0
2019-08-08,sh.600717,5.91,5.94,5.88,5.9,3653620.0,21556201.0,0.1818,0.1698,0,0
2019-08-09,sh.600717,5.92,5.93,5.8,5.83,2590988.0,15199866.0,0.1289,-1.1864,0,0
2019-08-12,sh.600717,5.83,5.9,5.83,5.9,2322620.0,13645219.0,0.1156,1.2007,0,0
2019-08-13,sh.600717,5.89,5.95,5.86,5.92,4790638.0,28289817.0,0.2384,0.339,0,0
2019-08-14,sh.600717,5.98,6.02,5.94,5.97,3493613.0,20877121.0,0.1738,0.8446,0,0
2019-08-15,sh.600717,5.88,6.0,5.86,5.98,2642920.0,15673221.0,0.1315,0.1675,0,0
2019-08-16,sh.600717,6.0,6.01,5.95,5.97,2481885.0,14854130.0,0.1235,-0.1672,0,0
2019-08-19,sh.600717,6.02,6.14,5.99,6.11,4757411.0,28871697.0,0.2367,2.3451,0,0
2019-08-20,sh.600717,6.11,6.17,6.09,6.11,4037555.0,24772123.0,0.2009,0.0,0,0
2019-08-21,sh.600717,6.1,6.16,6.07,6.12,3715400.0,22755467.0,0.1849,0.1637,0,0
2019-08-22,sh.600717,6.15,6.2,6.09,6.13,3489865.0,21452957.0,0.1736,0.1634,0,0
2019-08-23,sh.600717,6.12,6.21,6.1,6.17,5863909.0,36167810.0,0.2918,0.6525,0,0
2019-08-26,sh.600717,6.06,6.12,6.01,6.09,4796184.0,29077280.0,0.2386,-1.2966,0,0
2019-08-27,sh.600717,6.11,6.25,6.1,6.21,6557104.0,40695703.0,0.3263,1.9704,0,0
2019-08-28,sh.600717,6.18,6.23,6.17,6.19,4000970.0,24813337.0,0.1991,-0.3221,0,0
2019-08-29,sh.600717,6.21,6.23,6.14,6.14,4150503.0,25586051.0,0.2065,-0.8078,0,0
2019-08-30,sh.600717,6.17,6.21,6.09,6.12,3198311.0,19642003.0,0.1591,-0.3257,0,0
2019-09-02,sh.600717,6.14,6.26,6.1,6.22,5379603.0,33384191.0,0.2677,1.634,0,0
2019-09-03,sh.600717,6.21,6.24,6.19,6.21,3340254.0,20772762.0,0.1662,-0.1608,0,0
2019-09-04,sh.600717,6.22,6.29,6.2,6.29,5468763.0,34144254.0,0.2721,1.2882,0,0
2019-09-05,sh.600717,6.31,6.42,6.31,6.31,9488759.0,60401634.0,0.4721,0.318,0,0
2019-09-06,sh.600717,6.32,6.53,6.32,6.37,8090907.0,51843912.0,0.4026,0.9509,0,0
2019-09-09,sh.600717,6.41,6.42,6.34,6.38,5591293.0,35646573.0,0.2782,0.157,0,0
2019-09-10,sh.600717,6.38,6.42,6.32,6.36,5048795.0,32078077.0,0.2512,-0.3135,0,0
2019-09-11,sh.600717,6.36,6.4,6.33,6.36,3839185.0,24412093.0,0.191,0.0,0,0
2019-09-12,sh.600717,6.36,6.41,6.36,6.4,4040692.0,25803297.0,0.2011,0.6289,0,0
2019-09-16,sh.600717,6.42,6.46,6.37,6.4,6947897.0,44534691.0,0.3457,0.0,0,0
2019-09-17,sh.600717,6.4,6.41,6.25,6.28,4863020.0,30686119.0,0.242,-1.875,0,0
2019-09-18,sh.600717,6.31,6.33,6.26,6.28,2769117.0,17430422.0,0.1378,0.0,0,0
2019-09-19,sh.600717,6.3,6.32,6.25,6.28,2457931.0,15446756.0,0.1223,0.0,0,0
2019-09-20,sh.600717,6.31,6.33,6.25,6.25,3541752.0,22281632.0,0.1762,-0.4777,0,0
2019-09-23,sh.600717,6.27,6.32,6.24,6.28,5509632.0,34572991.0,0.2741,0.48,0,0
2019-09-24,sh.600717,6.28,6.38,6.25,6.29,6375899.0,40320200.0,0.3173,0.1592,0,0
2019-09-25,sh.600717,6.28,6.28,6.21,6.22,4800529.0,29947925.0,0.2389,-1.1129,0,0
2019-09-26,sh.600717,6.22,6.29,6.2,6.22,4605581.0,28772495.0,0.2292,0.0,0,0
2019-09-27,sh.600717,6.21,6.26,6.18,6.19,3813319.0,23738419.0,0.1897,-0.4823,0,0
2019-09-30,sh.600717,6.23,6.23,6.15,6.16,3266549.0,20209628.0,0.1625,-0.4847,0,0
2019-10-08,sh.600717,6.17,6.22,6.15,6.2,2989423.0,18481940.0,0.1487,0.6494,0,0
2019-10-09,sh.600717,6.18,6.19,6.13,6.18,3159304.0,19462979.0,0.1572,-0.3226,0,0
2019-10-10,sh.600717,6.18,6.27,6.16,6.26,3883767.0,24224300.0,0.1932,1.2945,0,0
2019-10-11,sh.600717,6.29,6.37,6.27,6.32,4710210.0,29759491.0,0.2344,0.9585,0,0
2019-10-14,sh.600717,6.36,6.49,6.36,6.4,8871765.0,57068404.0,0.4414,1.2658,0,0
2019-10-15,sh.600717,6.39,6.43,6.34,6.41,4872600.0,31158613.0,0.2425,0.1562,0,0
2019-10-16,sh.600717,6.4,6.43,6.35,6.36,4226284.0,27033119.0,0.2103,-0.78,0,0
2019-10-17,sh.600717,6.4,6.46,6.34,6.35,5021320.0,32059992.0,0.2499,-0.1572,0,0
2019-10-18,sh.600717,6.35,6.36,6.25,6.26,4601298.0,28992057.0,0.229,-1.4173,0,0
2019-10-21,sh.600717,6.24,6.27,6.16,6.22,4365342.0,27114589.0,0.2172,-0.639,0,0
2019-10-22,sh.600717,6.2,6.27,6.18,6.25,2403881.0,14980531.0,0.1196,0.4823,0,0
2019-10-23,sh.600717,6.18,6.25,6.17,6.2,3237356.0,20083621.0,0.1611,-0.8,0,0
2019-10-24,sh.600717,6.18,6.24,6.16,6.2,3168716.0,19656499.0,0.1577,0.0,0,0
2019-10-25,sh.600717,6.22,6.28,6.19,6.28,3396952.0,21211640.0,0.169,1.2903,0,0
2019-10-28,sh.600717,6.26,6.34,6.25,6.27,4682160.0,29420448.0,0.233,-0.1592,0,0
2019-10-29,sh.600717,6.27,6.27,6.17,6.19,3703860.0,23007007.0,0.1843,-1.2759,0,0
2019-10-30,sh.600717,6.16,6.2,6.09,6.12,4502093.0,27624230.0,0.224,-1.1309,0,0
2019-10-31,sh.600717,6.14,6.19,6.13,6.16,3768956.0,23246565.0,0.1875,0.6536,0,0
2019-11-01,sh.600717,6.19,6.35,6.16,6.31,7584531.0,47749329.0,0.3774,2.4351,0,0
2019-11-04,sh.600717,6.33,6.39,6.3,6.36,5843809.0,37200617.0,0.2908,0.7924,0,0
2019-11-05,sh.600717,6.38,6.44,6.36,6.42,7443802.0,47696714.0,0.3704,0.9434,0,0
2019-11-06,sh.600717,6.47,6.47,6.34,6.37,5306741.0,33969181.0,0.2641,-0.7788,0,0
2019-11-07,sh.600717,6.37,6.42,6.32,6.38,4911615.0,31348783.0,0.2444,0.157,0,0
2019-11-08,sh.600717,6.46,6.46,6.33,6.36,4384717.0,28033577.0,0.2182,-0.3135,0,0
2019-11-11,sh.600717,6.36,6.36,6.22,6.22,4222041.0,26502837.0,0.2101,-2.2013,0,0
2019-11-12,sh.600717,6.2,6.26,6.06,6.12,6750913.0,41419148.0,0.3359,-1.6077,0,0
2019-11-13,sh.600717,6.12,6.14,6.05,6.07,5347952.0,32503064.0,0.2661,-0.817,0,0
2019-11-14,sh.600717,6.06,6.11,6.06,6.07,4807731.0,29222751.0,0.2392,0.0,0,0
2019-11-15,sh.600717,6.05,6.07,6.0,6.01,4860195.0,29281514.0,0.2418,-0.9885,0,0
2019-11-18,sh.600717,6.05,6.09,5.96,6.06,4145473.0,25004916.0,0.2063,0.8319,0,0
2019-11-19,sh.600717,6.05,6.12,6.04,6.1,2815204.0,17144549.0,0.1401,0.6601,0,0
2019-11-20,sh.600717,6.11,6.11,6.04,6.04,2536252.0,15383972.0,0.1262,-0.9836,0,0
2019-11-21,sh.600717,6.03,6.05,6.0,6.04,2395114.0,14424165.0,0.1192,0.0,0,0
2019-11-22,sh.600717,6.04,6.11,6.0,6.01,3729096.0,22538963.0,0.1856,-0.4967,0,0
2019-11-25,sh.600717,6.03,6.13,6.01,6.09,4085602.0,24889406.0,0.2033,1.3311,0,0
2019-11-26,sh.600717,6.1,6.14,6.07,6.08,3730445.0,22764267.0,0.1856,-0.1642,0,0
2019-11-27,sh.600717,6.07,6.18,6.07,6.17,5691440.0,35028657.0,0.2832,1.4803,0,0
2019-11-28,sh.600717,6.17,6.21,6.15,6.18,4680547.0,28958521.0,0.2329,0.1621,0,0
2019-11-29,sh.600717,6.19,6.22,6.16,6.22,3915700.0,24288353.0,0.1948,0.6472,0,0
2019-12-02,sh.600717,6.2,6.23,6.12,6.15,4286505.0,26386849.0,0.2133,-1.1254,0,0
2019-12-03,sh.600717,6.12,6.14,5.99,6.11,7186848.0,43462744.0,0.3576,-0.6504,0,0
2019-12-04,sh.600717,6.05,6.1,6.05,6.07,2942100.0,17855556.0,0.1464,-0.6547,0,0
2019-12-05,sh.600717,6.09,6.11,6.06,6.09,2962812.0,18033761.0,0.1474,0.3295,0,0
2019-12-06,sh.600717,6.09,6.16,6.09,6.14,3274902.0,20079352.0,0.163,0.821,0,0
2019-12-09,sh.600717,6.13,6.2,6.11,6.18,4567100.0,28131229.0,0.2273,0.6515,0,0
2019-12-10,sh.600717,6.17,6.19,6.12,6.16,2772329.0,17055030.0,0.1379,-0.3236,0,0
2019-12-11,sh.600717,6.16,6.16,6.1,6.13,3178365.0,19479837.0,0.1581,-0.487,0,0
2019-12-12,sh.600717,6.16,6.16,6.1,6.1,3945389.0,24146754.0,0.1963,-0.4894,0,0
2019-12-13,sh.600717,6.14,6.19,6.14,6.16,5643603.0,34830432.0,0.2808,0.9836,0,0
2019-12-16,sh.600717,6.19,6.22,6.15,6.22,5703516.0,35323328.0,0.2838,0.974,0,0
2019-12-17,sh.600717,6.22,6.31,6.2,6.28,7237627.0,45345728.0,0.3601,0.9646,0,0
2019-12-18,sh.600717,6.28,6.31,6.25,6.26,4930294.0,30955555.0,0.2453,-0.3185,0,0
2019-12-19,sh.600717,6.29,6.3,6.26,6.29,4244840.0,26664140.0,0.2112,0.4792,0,0
2019-12-20,sh.600717,6.29,6.32,6.21,6.21,5486654.0,34395626.0,0.273,-1.2719,0,0
2019-12-23,sh.600717,6.24,6.27,6.12,6.13,6138940.0,38008887.0,0.3055,-1.2882,0,0
2019-12-24,sh.600717,6.15,6.2,6.13,6.18,3565070.0,21957667.0,0.1774,0.8157,0,0
2019-12-25,sh.600717,6.18,6.2,6.14,6.17,3497530.0,21563943.0,0.174,-0.1618,0,0
2019-12-26,sh.600717,6.18,6.2,6.15,6.19,4048620.0,25020263.0,0.2015,0.3241,0,0
2019-12-27,sh.600717,6.19,6.25,6.19,6.21,4407325.0,27456725.0,0.2193,0.3231,0,0
2019-12-30,sh.600717,6.21,6.29,6.17,6.28,5524013.0,34487885.0,0.2749,1.1272,0,0
2019-12-31,sh.600717,6.27,6.3,6.24,6.28,3831500.0,24020675.0,0.1906,0.0,0,0
2020-01-02,sh.600717,6.36,6.44,6.33,6.35,11136358.0,70939030.0,0.5541,1.1146,0,0
2020-01-03,sh.600717,6.38,6.41,6.34,6.38,6868455.0,43784437.0,0.3418,0.4724,0,0
2020-01-06,sh.600717,6.35,6.4,6.31,6.34,9208146.0,58513112.0,0.4582,-0.627,0,0
2020-01-07,sh.600717,6.34,6.39,6.34,6.39,7018458.0,44723820.0,0.3492,0.7886,0,0
2020-01-08,sh.600717,6.36,6.36,6.25,6.27,8147200.0,51403663.0,0.4054,-1.8779,0,0
2020-01-09,sh.600717,6.29,6.36,6.29,6.34,4953880.0,31388133.0,0.2465,1.1164,0,0
2020-01-10,sh.600717,6.36,6.4,6.34,6.38,7691302.0,49015838.0,0.3827,0.6309,0,0
2020-01-13,sh.600717,6.38,6.46,6.36,6.46,8838480.0,56773844.0,0.4398,1.2539,0,0
2020-01-14,sh.600717,6.48,6.57,6.44,6.46,13309191.0,86728525.0,0.6622,0.0,0,0
2020-01-15,sh.600717,6.48,6.48,6.4,6.44,5409228.0,34806292.0,0.2692,-0.3096,0,0
2020-01-16,sh.600717,6.44,6.48,6.4,6.43,6747215.0,43418873.0,0.3357,-0.1553,0,0
2020-01-17,sh.600717,6.43,6.47,6.41,6.44,4889089.0,31499822.0,0.2433,0.1555,0,0
2020-01-20,sh.600717,6.44,6.46,6.4,6.42,5326904.0,34208980.0,0.2651,-0.3106,0,0
2020-01-21,sh.600717,6.42,6.42,6.26,6.29,7967836.0,50366258.0,0.3965,-2.0249,0,0
2020-01-22,sh.600717,6.27,6.33,6.21,6.3,6038772.0,37771958.0,0.3005,0.159,0,0
2020-01-23,sh.600717,6.25,6.26,6.15,6.18,9135220.0,56703461.0,0.4546,-1.9048,0,0
2020-02-03,sh.600717,5.56,5.59,5.56,5.56,11699600.0,65076649.0,0.5821,-10.0324,0,1
2020-02-04,sh.600717,5.3,5.62,5.3,5.49,13503864.0,74135986.0,0.6719,-1.259,0,0
2020-02-05,sh.600717,5.52,5.63,5.48,5.53,9392366.0,52114150.0,0.4673,0.7286,0,0
2020-02-06,sh.600717,5.53,5.58,5.44,5.56,14669871.0,80655576.0,0.7299,0.5425,0,0
2020-02-07,sh.600717,5.5,5.53,5.44,5.52,12064009.0,66075745.0,0.6003,-0.7194,0,0
2020-02-10,sh.600717,5.53,5.61,5.48,5.6,12020938.0,66688576.0,0.5981,1.4493,0,0
2020-02-11,sh.600717,5.6,5.68,5.56,5.65,10008610.0,56499829.0,0.498,0.8929,0,0
2020-02-12,sh.600717,5.64,5.65,5.58,5.65,8812047.0,49499933.0,0.4385,0.0,0,0
2020-02-13,sh.600717,5.53,5.59,5.49,5.56,11700806.0,64951901.0,0.5822,-1.5929,0,0
2020-02-14,sh.600717,5.51,5.56,5.5,5.56,8151988.0,45048059.0,0.4056,0.0,0,0
2020-02-17,sh.600717,5.56,5.73,5.54,5.7,13642165.0,77107200.0,0.6788,2.518,0,0
2020-02-18,sh.600717,5.72,5.73,5.65,5.69,10001447.0,56845730.0,0.4977,-0.1754,0,0
2020-02-19,sh.600717,5.7,5.71,5.67,5.68,7611475.0,43300198.0,0.3787,-0.1758,0,0
2020-02-20,sh.600717,5.69,5.8,5.68,5.78,11489837.0,65958088.0,0.5717,1.7606,0,0
2020-02-21,sh.600717,5.79,5.81,5.74,5.78,10339138.0,59707431.0,0.5145,0.0,0,0
2020-02-24,sh.600717,5.75,5.77,5.68,5.75,10835798.0,61996617.0,0.5392,-0.519,0,0
2020-02-25,sh.600717,5.67,5.69,5.6,5.68,10486945.0,59150309.0,0.5218,-1.2174,0,0
2020-02-26,sh.600717,5.62,5.75,5.6,5.71,12836217.0,73070490.0,0.6387,0.5282,0,0
2020-02-27,sh.600717,5.7,5.79,5.69,5.72,8900174.0,51144350.0,0.4429,0.1751,0,0
2020-02-28,sh.600717,5.66,5.66,5.54,5.55,13031959.0,72930150.0,0.6484,-2.972,0,0
2020-03-02,sh.600717,5.56,5.7,5.56,5.69,10005438.0,56655833.0,0.4979,2.5225,0,0
2020-03-03,sh.600717,5.73,6.07,5.7,5.94,34288454.0,202727733.0,1.7061,4.3937,0,0
2020-03-04,sh.600717,5.89,5.98,5.78,5.89,20696880.0,121364889.0,1.0298,-0.8418,0,0
2020-03-05,sh.600717,5.93,5.95,5.86,5.91,15639275.0,92317193.0,0.7782,0.3396,0,0
2020-03-06,sh.600717,5.86,5.9,5.83,5.86,8400069.0,49196398.0,0.418,-0.846,0,0
2020-03-09,sh.600717,5.81,5.82,5.7,5.72,11350792.0,65414612.0,0.5648,-2.3891,0,0
2020-03-10,sh.600717,5.65,5.84,5.63,5.81,11128513.0,64023440.0,0.5537,1.5734,0,0
2020-03-11,sh.600717,5.83,5.98,5.78,5.87,19331054.0,113994585.0,0.9619,1.0327,0,0
2020-03-12,sh.600717,5.79,5.79,5.7,5.72,10905740.0,62548482.0,0.5426,-2.5554,0,0
2020-03-13,sh.600717,5.55,5.7,5.44,5.67,12970212.0,72427130.0,0.6454,-0.8741,0,0
2020-03-16,sh.600717,5.72,5.74,5.49,5.52,9613681.0,53932031.0,0.4784,-2.6455,0,0
2020-03-17,sh.600717,5.51,5.6,5.4,5.48,9601587.0,52626793.0,0.4778,-0.7246,0,0
2020-03-18,sh.600717,5.52,5.65,5.46,5.48,10051280.0,55593532.0,0.5001,0.0,0,0
2020-03-19,sh.600717,5.47,5.51,5.38,5.45,6900783.0,37510634.0,0.3434,-0.5474,0,0
2020-03-20,sh.600717,5.48,5.52,5.43,5.47,5674933.0,31057119.0,0.2824,0.367,0,0
2020-03-23,sh.600717,5.45,5.45,5.3,5.35,6736796.0,36253944.0,0.3352,-2.1938,0,0
2020-03-24,sh.600717,5.35,5.44,5.35,5.41,5914635.0,31929647.0,0.2943,1.1215,0,0
2020-03-25,sh.600717,5.52,5.59,5.46,5.54,9742883.0,53732242.0,0.4848,2.403,0,0
2020-03-26,sh.600717,5.5,5.53,5.46,5.47,5034499.0,27660291.0,0.2505,-1.2635,0,0
2020-03-27,sh.600717,5.52,5.55,5.47,5.49,5282560.0,29097908.0,0.2629,0.3656,0,0
2020-03-30,sh.600717,5.48,5.48,5.42,5.45,6053471.0,32964914.0,0.3012,-0.7286,0,0
2020-03-31,sh.600717,5.49,5.55,5.44,5.47,5725591.0,31398406.0,0.2849,0.367,0,0
2020-04-01,sh.600717,5.45,5.49,5.36,5.37,5514760.0,29918271.0,0.2744,-1.8282,0,0
2020-04-02,sh.600717,5.35,5.43,5.35,5.42,3931735.0,21186928.0,0.1956,0.9311,0,0
2020-04-03,sh.600717,5.42,5.42,5.36,5.37,4077836.0,21925987.0,0.2029,-0.9225,0,0
2020-04-07,sh.600717,5.43,5.46,5.4,5.44,5466741.0,29682733.0,0.272,1.3035,0,0
2020-04-08,sh.600717,5.43,5.46,5.4,5.46,4418070.0,24012323.0,0.2198,0.3676,0,0
2020-04-09,sh.600717,5.48,5.53,5.46,5.5,5213179.0,28654596.0,0.2594,0.7326,0,0
2020-04-10,sh.600717,5.51,5.54,5.44,5.5,6703466.0,36785282.0,0.3336,0.0,0,0
2020-04-13,sh.600717,5.48,5.49,5.42,5.43,3198100.0,17389949.0,0.1591,-1.2727,0,0
2020-04-14,sh.600717,5.42,5.47,5.42,5.46,3157962.0,17205801.0,0.1571,0.5525,0,0
2020-04-15,sh.600717,5.47,5.47,5.41,5.45,3633227.0,19747500.0,0.1808,-0.1832,0,0
2020-04-16,sh.600717,5.43,5.44,5.39,5.42,3572521.0,19326319.0,0.1778,-0.5505,0,0
2020-04-17,sh.600717,5.42,5.44,5.4,5.4,4330370.0,23472397.0,0.2155,-0.369,0,0
2020-04-20,sh.600717,5.41,5.42,5.33,5.38,5122022.0,27537591.0,0.2549,-0.3704,0,0
2020-04-21,sh.600717,5.37,5.4,5.34,5.35,4143307.0,22213801.0,0.2062,-0.5576,0,0
2020-04-22,sh.600717,5.36,5.36,5.31,5.34,4768626.0,25424965.0,0.2373,-0.1869,0,0
2020-04-23,sh.600717,5.35,5.39,5.33,5.36,5920697.0,31761340.0,0.2946,0.3745,0,0
2020-04-24,sh.600717,5.34,5.36,5.31,5.33,3558080.0,18962528.0,0.177,-0.5597,0,0
2020-04-27,sh.600717,5.33,5.36,5.31,5.33,2608640.0,13934771.0,0.1298,0.0,0,0
2020-04-28,sh.600717,5.33,5.34,5.21,5.25,4806267.0,25276143.0,0.2392,-1.5009,0,0
2020-04-29,sh.600717,5.25,5.3,5.24,5.27,2562188.0,13523132.0,0.1275,0.381,0,0
2020-04-30,sh.600717,5.3,5.39,5.3,5.36,5013061.0,26847129.0,0.2494,1.7078,0,0
2020-05-06,sh.600717,5.3,5.42,5.3,5.41,6367980.0,34255707.0,0.3169,0.9328,0,0
2020-05-07,sh.600717,5.41,5.43,5.38,5.41,3938620.0,21306418.0,0.196,0.0,0,0
2020-05-08,sh.600717,5.43,5.45,5.4,5.43,3468358.0,18835160.0,0.1726,0.3697,0,0
2020-05-11,sh.600717,5.45,5.46,5.38,5.4,3273378.0,17734994.0,0.1629,-0.5525,0,0
2020-05-12,sh.600717,5.39,5.42,5.36,5.4,3564863.0,19224937.0,0.1774,0.0,0,0
2020-05-13,sh.600717,5.4,5.4,5.36,5.39,2204822.0,11851019.0,0.1097,-0.1852,0,0
2020-05-14,sh.600717,5.38,5.4,5.33,5.33,2650420.0,14190348.0,0.1319,-1.1132,0,0
2020-05-15,sh.600717,5.36,5.39,5.34,5.35,2906281.0,15598547.0,0.1446,0.3752,0,0
2020-05-18,sh.600717,5.36,5.4,5.33,5.38,3393270.0,18238296.0,0.1688,0.5608,0,0
2020-05-19,sh.600717,5.38,5.41,5.37,5.38,3111382.0,16757550.0,0.1548,0.0,0,0
2020-05-20,sh.600717,5.37,5.39,5.33,5.35,2861290.0,15318360.0,0.1424,-0.5576,0,0
2020-05-21,sh.600717,5.37,5.38,5.34,5.34,2218683.0,11890339.0,0.1104,-0.1869,0,0
2020-05-22,sh.600717,5.33,5.34,5.25,5.26,3820861.0,20201170.0,0.1901,-1.4981,0,0
2020-05-25,sh.600717,5.26,5.34,5.25,5.33,4860940.0,25834683.0,0.2419,1.3308,0,0
2020-05-26,sh.600717,5.36,5.36,5.31,5.34,3384924.0,18088103.0,0.1684,0.1876,0,0
2020-05-27,sh.600717,5.34,5.37,5.3,5.35,3805262.0,20286016.0,0.1893,0.1873,0,0
2020-05-28,sh.600717,5.36,5.39,5.33,5.39,3744716.0,20130621.0,0.1863,0.7477,0,0
2020-05-29,sh.600717,5.4,5.41,5.34,5.4,3637711.0,19580866.0,0.181,0.1855,0,0
2020-06-01,sh.600717,5.4,5.47,5.4,5.45,6715877.0,36532764.0,0.3342,0.9259,0,0
2020-06-02,sh.600717,5.45,5.56,5.45,5.52,8439347.0,46477996.0,0.4199,1.2844,0,0
2020-06-03,sh.600717,5.5,5.56,5.45,5.46,5400418.0,29723505.0,0.2687,-1.087,0,0
2020-06-04,sh.600717,5.46,5.48,5.43,5.46,3357980.0,18335689.0,0.1671,0.0,0,0
2020-06-05,sh.600717,5.48,5.49,5.44,5.46,2278981.0,12442085.0,0.1134,0.0,0,0
2020-06-08,sh.600717,5.46,5.51,5.44,5.46,4104947.0,22416070.0,0.2043,0.0,0,0
2020-06-09,sh.600717,5.44,5.5,5.43,5.47,3451429.0,18815787.0,0.1717,0.1831,0,0
2020-06-10,sh.600717,5.48,5.48,5.42,5.43,3005160.0,16345373.0,0.1495,-0.7313,0,0
2020-06-11,sh.600717,5.42,5.45,5.37,5.39,3729860.0,20170750.0,0.1856,-0.7366,0,0
2020-06-12,sh.600717,5.36,5.43,5.34,5.39,4358118.0,23462216.0,0.2169,0.0,0,0
2020-06-15,sh.600717,5.4,5.46,5.37,5.41,4770580.0,25864401.0,0.2374,0.3711,0,0
2020-06-16,sh.600717,5.44,5.49,5.44,5.47,4710160.0,25737227.0,0.2344,1.1091,0,0
2020-06-17,sh.600717,5.46,5.49,5.45,5.47,5339328.0,29197459.0,0.2657,0.0,0,0
2020-06-18,sh.600717,5.5,5.53,5.45,5.49,5877942.0,32268721.0,0.2925,0.3656,0,0
2020-06-19,sh.600717,4.5,4.59,4.5,4.53,7507092.0,34042830.0,0.3113,0.6667,0,0
2020-06-22,sh.600717,4.51,4.54,4.45,4.45,8340526.0,37359726.0,0.3458,-1.766,0,0
2020-06-23,sh.600717,4.46,4.48,4.41,4.42,4229571.0,18735843.0,0.1754,-0.6742,0,0
2020-06-24,sh.600717,4.43,4.46,4.42,4.44,3886719.0,17260397.0,0.1612,0.4525,0,0
2020-06-29,sh.600717,4.42,4.45,4.4,4.4,4534710.0,19994106.0,0.188,-0.9009,0,0
2020-06-30,sh.600717,4.42,4.45,4.41,4.42,4526708.0,20049411.0,0.1877,0.4545,0,0
2020-07-01,sh.600717,4.42,4.45,4.4,4.44,6366042.0,28179335.0,0.264,0.4525,0,0
2020-07-02,sh.600717,4.45,4.56,4.44,4.56,12157062.0,54853062.0,0.5041,2.7027,0,0
2020-07-03,sh.600717,4.57,4.64,4.54,4.62,14583946.0,67213038.0,0.6047,1.3158,0,0
2020-07-06,sh.600717,4.66,4.89,4.65,4.86,27823729.0,132745802.0,1.1537,5.1948,0,0
2020-07-07,sh.600717,4.9,4.95,4.8,4.81,22697604.0,110556532.0,0.9412,-1.0288,0,0
2020-07-08,sh.600717,4.8,4.91,4.79,4.88,25098637.0,122194580.0,1.0407,1.4553,0,0
2020-07-09,sh.600717,4.91,5.02,4.89,4.95,32722512.0,162124919.0,1.3568,1.4344,0,0
2020-07-10,sh.600717,4.94,5.03,4.89,4.94,38310774.0,190340296.0,1.5886,-0.202,0,0
2020-07-13,sh.600717,4.94,5.02,4.92,5.01,28207292.0,140490666.0,1.1696,1.417,0,0
2020-07-14,sh.600717,4.99,4.99,4.82,4.9,27872893.0,136850294.0,1.1558,-2.1956,0,0
2020-07-15,sh.600717,4.9,4.94,4.78,4.8,17911603.0,86842067.0,0.7427,-2.0408,0,0
2020-07-16,sh.600717,4.79,4.85,4.65,4.67,18495800.0,87891925.0,0.7669,-2.7083,0,0
2020-07-17,sh.600717,4.7,4.71,4.61,4.65,12257252.0,57039572.0,0.5082,-0.4283,0,0
2020-07-20,sh.600717,4.67,4.79,4.61,4.77,17543797.0,82928809.0,0.7275,2.5806,0,0
2020-07-21,sh.600717,4.77,4.8,4.71,4.73,10340325.0,49079067.07,0.4288,-0.8386,0,0
2020-07-22,sh.600717,4.73,4.78,4.67,4.73,9987939.0,47272176.53,0.4142,0.0,0,0
2020-07-23,sh.600717,4.7,4.74,4.61,4.71,13862998.0,64714835.53,0.5748,-0.4228,0,0
2020-07-24,sh.600717,4.69,4.71,4.56,4.58,15123904.0,70044819.0,0.6271,-2.7601,0,0
2020-07-27,sh.600717,4.6,4.62,4.54,4.58,8282742.0,37948325.01,0.3434,0.0,0,0
2020-07-28,sh.600717,4.6,4.62,4.57,4.6,6164659.0,28336182.42,0.2556,0.4367,0,0
2020-07-29,sh.600717,4.59,4.67,4.57,4.66,9718932.0,45021530.49,0.403,1.3043,0,0
2020-07-30,sh.600717,4.66,4.69,4.62,4.66,9643858.0,44927878.56,0.3999,0.0,0,0
2020-07-31,sh.600717,4.66,4.72,4.62,4.66,9912873.0,46287313.48,0.411,0.0,0,0
2020-08-03,sh.600717,4.71,4.91,4.7,4.86,27242056.0,130925008.73,1.1296,4.2918,0,0
2020-08-04,sh.600717,4.82,5.0,4.79,4.93,34127164.0,167098587.74,1.4151,1.4403,0,0
2020-08-05,sh.600717,4.91,4.98,4.83,4.89,25957858.0,127330381.54,1.0763,-0.8114,0,0
2020-08-06,sh.600717,4.92,4.95,4.84,4.88,14243135.0,69594531.62,0.5906,-0.2045,0,0
2020-08-07,sh.600717,4.88,4.88,4.75,4.8,13958221.0,67038054.75,0.5788,-1.6393,0,0
2020-08-10,sh.600717,4.8,4.86,4.8,4.83,10402861.0,50230559.47,0.4314,0.625,0,0
2020-08-11,sh.600717,4.83,4.87,4.77,4.79,10545785.0,50909890.83,0.4373,-0.8282,0,0
2020-08-12,sh.600717,4.77,4.78,4.68,4.76,11689907.0,55283531.56,0.4847,-0.6263,0,0
2020-08-13,sh.600717,4.76,4.83,4.75,4.78,8538140.0,40892265.2,0.354,0.4202,0,0
2020-08-14,sh.600717,4.8,4.83,4.76,4.82,7192824.0,34470843.2,0.2983,0.8368,0,0
2020-08-17,sh.600717,4.84,4.9,4.83,4.86,15117024.0,73484430.37,0.6268,0.8299,0,0
2020-08-18,sh.600717,4.88,4.89,4.83,4.84,9349121.0,45353952.2,0.3877,-0.4115,0,0
2020-08-19,sh.600717,4.83,4.88,4.81,4.84,11097863.0,53755466.24,0.4602,0.0,0,0
2020-08-20,sh.600717,4.84,4.84,4.78,4.79,8612372.0,41397151.57,0.3571,-1.0331,0,0
2020-08-21,sh.600717,4.79,4.83,4.79,4.81,4722728.0,22700373.16,0.1958,0.4175,0,0
2020-08-24,sh.600717,4.84,4.86,4.81,4.84,10275904.0,49753448.52,0.4261,0.6237,0,0
2020-08-25,sh.600717,4.86,4.95,4.85,4.91,22816400.0,112190533.15,0.9461,1.4463,0,0
2020-08-26,sh.600717,4.92,4.93,4.81,4.82,13829040.0,67114989.0,0.5734,-1.833,0,0
2020-08-27,sh.600717,4.83,4.84,4.78,4.79,9921235.0,47617071.04,0.4114,-0.6224,0,0
2020-08-28,sh.600717,4.8,4.89,4.76,4.87,15804099.0,76326194.67,0.6553,1.6701,0,0
2020-08-31,sh.600717,4.86,4.89,4.81,4.83,11300594.0,54827538.68,0.4686,-0.8214,0,0
2020-09-01,sh.600717,4.82,4.88,4.8,4.88,8937050.0,43281785.72,0.3706,1.0352,0,0
2020-09-02,sh.600717,4.88,4.89,4.81,4.84,9354916.0,45320802.8,0.3879,-0.8197,0,0
2020-09-03,sh.600717,4.85,4.86,4.81,4.82,7410144.0,35803572.56,0.3073,-0.4132,0,0
2020-09-04,sh.600717,4.77,4.8,4.74,4.77,8784444.0,41838380.35,0.3642,-1.0373,0,0
2020-09-07,sh.600717,4.76,4.81,4.73,4.73,7715407.0,36746212.68,0.3199,-0.8386,0,0
2020-09-08,sh.600717,4.75,4.8,4.72,4.79,7354504.0,35004963.48,0.305,1.2685,0,0
2020-09-09,sh.600717,4.75,4.85,4.73,4.83,13644818.0,65583319.1,0.5658,0.8351,0,0
2020-09-10,sh.600717,4.83,4.88,4.73,4.75,10968642.0,52626640.73,0.4548,-1.6563,0,0
2020-09-11,sh.600717,4.72,4.76,4.69,4.7,9660448.0,45552277.27,0.4006,-1.0526,0,0
2020-09-14,sh.600717,4.7,4.72,4.66,4.68,8833314.0,41408330.41,0.3663,-0.4255,0,0
2020-09-15,sh.600717,4.67,4.71,4.66,4.7,4794383.0,22438740.61,0.1988,0.4274,0,0
2020-09-16,sh.600717,4.69,4.72,4.67,4.69,4465700.0,20971471.61,0.1852,-0.2128,0,0
2020-09-17,sh.600717,4.68,4.73,4.67,4.71,4746449.0,22322824.72,0.1968,0.4264,0,0
2020-09-18,sh.600717,4.7,4.77,4.69,4.75,5611626.0,26570995.51,0.2327,0.8493,0,0
2020-09-21,sh.600717,4.76,4.77,4.72,4.76,5666466.0,26885170.59,0.235,0.2105,0,0
2020-09-22,sh.600717,4.72,4.75,4.69,4.7,4621872.0,21799770.64,0.1916,-1.2605,0,0
2020-09-23,sh.600717,4.72,4.72,4.67,4.67,5363140.0,25142298.17,0.2224,-0.6383,0,0
2020-09-24,sh.600717,4.67,4.67,4.59,4.6,7389064.0,34102452.4,0.3064,-1.4989,0,0
2020-09-25,sh.600717,4.59,4.63,4.59,4.6,3849204.0,17742421.2,0.1596,0.0,0,0
2020-09-28,sh.600717,4.6,4.63,4.56,4.58,4045785.0,18570542.55,0.1678,-0.4348,0,0
2020-09-29,sh.600717,4.58,4.63,4.58,4.59,3545373.0,16328640.32,0.147,0.2183,0,0
2020-09-30,sh.600717,4.63,4.63,4.51,4.55,3962326.0,18078842.81,0.1643,-0.8715,0,0
2020-10-09,sh.600717,4.58,4.65,4.58,4.62,4735596.0,21912329.36,0.1964,1.5385,0,0
2020-10-12,sh.600717,4.64,4.7,4.64,4.69,6890348.0,32216623.12,0.2857,1.5152,0,0
2020-10-13,sh.600717,4.69,4.69,4.65,4.66,4777032.0,22287175.82,0.1981,-0.6397,0,0
2020-10-14,sh.600717,4.66,4.68,4.64,4.67,4331462.0,20187273.47,0.1796,0.2146,0,0
2020-10-15,sh.600717,4.65,4.67,4.63,4.65,4034680.0,18775413.72,0.1673,-0.4283,0,0
2020-10-16,sh.600717,4.65,4.66,4.63,4.64,5125884.0,23805356.36,0.2125,-0.2151,0,0
2020-10-19,sh.600717,4.65,4.69,4.6,4.61,6304868.0,29269560.92,0.2614,-0.6466,0,0
2020-10-20,sh.600717,4.61,4.63,4.59,4.63,3386787.0,15619876.59,0.1404,0.4338,0,0
2020-10-21,sh.600717,4.62,4.63,4.58,4.6,3815535.0,17538028.24,0.1582,-0.6479,0,0
2020-10-22,sh.600717,4.6,4.61,4.58,4.6,3012417.0,13834754.22,0.1249,0.0,0,0
2020-10-23,sh.600717,4.6,4.64,4.59,4.6,4035442.0,18629902.26,0.1673,0.0,0,0
2020-10-26,sh.600717,4.6,4.61,4.55,4.58,4249345.0,19434954.97,0.1762,-0.4348,0,0
2020-10-27,sh.600717,4.57,4.58,4.55,4.57,2938396.0,13405084.2,0.1218,-0.2183,0,0
2020-10-28,sh.600717,4.57,4.59,4.54,4.58,3256432.0,14869342.76,0.135,0.2188,0,0
2020-10-29,sh.600717,4.56,4.63,4.55,4.6,3923801.0,17997382.67,0.1627,0.4367,0,0
2020-10-30,sh.600717,4.6,4.66,4.58,4.59,9570811.0,44227096.57,0.3969,-0.2174,0,0
2020-11-02,sh.600717,4.56,4.63,4.55,4.59,7413712.0,33990585.56,0.3074,0.0,0,0
2020-11-03,sh.600717,4.6,4.65,4.58,4.64,6101637.0,28211921.93,0.253,1.0893,0,0
2020-11-04,sh.600717,4.65,4.65,4.59,4.61,4479378.0,20667924.89,0.1857,-0.6466,0,0
2020-11-05,sh.600717,4.63,4.69,4.62,4.68,7509047.0,34903168.56,0.3114,1.5184,0,0
2020-11-06,sh.600717,4.68,4.77,4.64,4.71,12499780.0,58822280.07,0.5183,0.641,0,0
2020-11-09,sh.600717,4.72,4.85,4.72,4.83,23907452.0,114862359.07,0.9913,2.5478,0,0
2020-11-10,sh.600717,4.85,4.88,4.76,4.79,16811742.0,81068998.92,0.6971,-0.8282,0,0
2020-11-11,sh.600717,4.78,4.82,4.76,4.78,10454650.0,50091135.71,0.4335,-0.2088,0,0
2020-11-12,sh.600717,4.79,4.88,4.77,4.84,14052706.0,67897128.74,0.5827,1.2552,0,0
2020-11-13,sh.600717,4.83,4.83,4.73,4.76,11080892.0,52747677.24,0.4595,-1.6529,0,0
2020-11-16,sh.600717,4.88,4.97,4.84,4.85,22158860.0,108514376.47,0.9188,1.8908,0,0
2020-11-17,sh.600717,4.85,5.09,4.8,5.02,42085606.0,209243487.31,1.7451,3.5052,0,0
2020-11-18,sh.600717,4.99,5.0,4.9,4.94,26287647.0,129909609.48,1.09,-1.5936,0,0
2020-11-19,sh.600717,4.91,4.95,4.84,4.84,19960856.0,97243099.69,0.8277,-2.0243,0,0
2020-11-20,sh.600717,4.83,4.92,4.8,4.89,15926224.0,77557820.72,0.6604,1.0331,0,0
2020-11-23,sh.600717,4.87,4.95,4.86,4.9,18511943.0,90790269.11,0.7676,0.2045,0,0
2020-11-24,sh.600717,4.9,4.95,4.87,4.9,12703865.0,62371833.44,0.5268,0.0,0,0
2020-11-25,sh.600717,4.92,4.93,4.81,4.81,12319721.0,59959143.74,0.5108,-1.8367,0,0
2020-11-26,sh.600717,4.81,4.86,4.8,4.83,7409881.0,35774444.63,0.3073,0.4158,0,0
2020-11-27,sh.600717,4.84,4.86,4.79,4.84,6168493.0,29714744.12,0.2558,0.207,0,0
2020-11-30,sh.600717,4.84,4.9,4.83,4.84,10039272.0,48888597.81,0.4163,0.0,0,0
2020-12-01,sh.600717,4.83,4.88,4.82,4.87,8940471.0,43404929.78,0.3707,0.6198,0,0
2020-12-02,sh.600717,4.87,4.9,4.84,4.87,9557966.0,46587588.34,0.3963,0.0,0,0
2020-12-03,sh.600717,4.88,4.89,4.82,4.84,10305232.0,49991404.72,0.4273,-0.616,0,0
2020-12-04,sh.600717,4.84,4.84,4.8,4.83,6217261.0,29950826.93,0.2578,-0.2066,0,0
2020-12-07,sh.600717,4.84,4.84,4.77,4.77,6576256.0,31504950.74,0.2727,-1.2422,0,0
2020-12-08,sh.600717,4.79,4.8,4.76,4.76,3613716.0,17255942.08,0.1498,-0.2096,0,0
2020-12-09,sh.600717,4.76,4.79,4.7,4.71,6743033.0,31975607.67,0.2796,-1.0504,0,0
2020-12-10,sh.600717,4.71,4.72,4.67,4.69,4986125.0,23399005.25,0.2068,-0.4246,0,0
2020-12-11,sh.600717,4.69,4.7,4.59,4.6,8714565.0,40350653.5,0.3614,-1.919,0,0
2020-12-14,sh.600717,4.64,4.64,4.61,4.64,4520063.0,20916035.87,0.1874,0.8696,0,0
2020-12-15,sh.600717,4.63,4.67,4.62,4.66,3796677.0,17655293.09,0.1574,0.431,0,0
2020-12-16,sh.600717,4.65,4.73,4.65,4.69,4574029.0,21482117.05,0.1897,0.6438,0,0
2020-12-17,sh.600717,4.68,4.76,4.68,4.75,6918400.0,32751911.43,0.2869,1.2793,0,0
2020-12-18,sh.600717,4.76,4.76,4.71,4.73,5443252.0,25758819.37,0.2257,-0.4211,0,0
2020-12-21,sh.600717,4.73,4.75,4.67,4.72,6841813.0,32274901.07,0.2837,-0.2114,0,0
2020-12-22,sh.600717,4.71,4.71,4.61,4.64,7214802.0,33621248.59,0.2992,-1.6949,0,0
2020-12-23,sh.600717,4.62,4.68,4.61,4.67,5211781.0,24302723.49,0.2161,0.6466,0,0
2020-12-24,sh.600717,4.66,4.71,4.63,4.65,5488930.0,25647186.28,0.2276,-0.4283,0,0
2020-12-25,sh.600717,4.65,4.76,4.63,4.73,8083754.0,38065207.18,0.3352,1.7204,0,0
2020-12-28,sh.600717,4.71,4.72,4.66,4.68,7375222.0,34542373.58,0.3058,-1.0571,0,0
2020-12-29,sh.600717,4.68,4.85,4.67,4.79,16195699.0,77359252.6,0.6716,2.3504,0,0
2020-12-30,sh.600717,4.76,4.85,4.73,4.75,12073848.0,57821081.65,0.5006,-0.8351,0,0
2020-12-31,sh.600717,4.79,4.81,4.74,4.78,8356377.0,39857893.55,0.3465,0.6316,0,0
2021-01-04,sh.600717,4.79,4.83,4.76,4.81,12133618.0,58316648.26,0.5031,0.6276,0,0
2021-01-05,sh.600717,4.81,4.92,4.76,4.88,25956690.0,126317584.44,1.0763,1.4553,0,0
2021-01-06,sh.600717,4.88,4.88,4.77,4.79,16633044.0,80069571.44,0.6897,-1.8443,0,0
2021-01-07,sh.600717,4.78,4.84,4.64,4.69,15439109.0,73039731.73,0.6402,-2.0877,0,0
2021-01-08,sh.600717,4.68,4.72,4.61,4.69,8645513.0,40440825.39,0.3585,0.0,0,0
2021-01-11,sh.600717,4.67,4.69,4.6,4.62,10958889.0,50852303.78,0.4544,-1.4925,0,0
2021-01-12,sh.600717,4.6,4.66,4.6,4.63,6826785.0,31616462.0,0.2831,0.2165,0,0
2021-01-13,sh.600717,4.63,4.77,4.6,4.72,13729963.0,64255894.85,0.5693,1.9438,0,0
2021-01-14,sh.600717,4.71,4.86,4.68,4.8,18126284.0,86840565.59,0.7516,1.6949,0,0
2021-01-15,sh.600717,4.8,4.84,4.76,4.78,10011152.0,47998479.5,0.4151,-0.4167,0,0
2021-01-18,sh.600717,4.88,4.94,4.83,4.85,30337377.0,148278987.68,1.2579,1.4644,0,0
2021-01-19,sh.600717,4.81,4.85,4.76,4.8,15476636.0,74266283.8,0.6417,-1.0309,0,0
2021-01-20,sh.600717,4.79,4.84,4.78,4.79,7658207.0,36732959.39,0.3175,-0.2083,0,0
2021-01-21,sh.600717,4.81,4.87,4.78,4.83,10934840.0,52739207.88,0.4534,0.8351,0,0
2021-01-22,sh.600717,4.82,4.83,4.7,4.72,13557936.0,64167242.9,0.5622,-2.2774,0,0
2021-01-25,sh.600717,4.72,4.72,4.65,4.65,8395534.0,39266550.87,0.3481,-1.4831,0,0
2021-01-26,sh.600717,4.65,4.72,4.64,4.66,6117454.0,28552540.79,0.2537,0.2151,0,0
2021-01-27,sh.600717,4.66,4.74,4.66,4.67,6141269.0,28827651.55,0.2546,0.2146,0,0
2021-01-28,sh.600717,4.65,4.67,4.62,4.63,6022213.0,27952119.83,0.2497,-0.8565,0,0
2021-01-29,sh.600717,4.64,4.67,4.6,4.62,7032423.0,32583382.1,0.2916,-0.216,0,0
2021-02-01,sh.600717,4.62,4.63,4.6,4.61,5682289.0,26219587.61,0.2356,-0.2165,0,0
2021-02-02,sh.600717,4.61,4.67,4.6,4.61,6639489.0,30769103.49,0.2753,0.0,0,0
2021-02-03,sh.600717,4.61,4.63,4.48,4.5,12377288.0,55997034.64,0.5132,-2.3861,0,0
2021-02-04,sh.600717,4.5,4.51,4.42,4.46,7986334.0,35602224.2,0.3312,-0.8889,0,0
2021-02-05,sh.600717,4.45,4.51,4.45,4.5,4977290.0,22269396.44,0.2064,0.8969,0,0
2021-02-08,sh.600717,4.51,4.54,4.51,4.51,4827011.0,21832804.66,0.2002,0.2222,0,0
2021-02-09,sh.600717,4.5,4.54,4.49,4.53,4627120.0,20893885.11,0.1919,0.4435,0,0
2021-02-10,sh.600717,4.53,4.55,4.5,4.53,4618231.0,20898767.01,0.1915,0.0,0,0
2021-02-18,sh.600717,4.55,4.61,4.55,4.59,6131425.0,28129525.9,0.2542,1.3245,0,0
2021-02-19,sh.600717,4.57,4.69,4.56,4.68,7596642.0,35302999.39,0.315,1.9608,0,0
2021-02-22,sh.600717,4.69,4.78,4.68,4.71,12051243.0,57025844.43,0.4997,0.641,0,0
2021-02-23,sh.600717,4.71,4.74,4.67,4.69,7503637.0,35264222.44,0.3111,-0.4246,0,0
2021-02-24,sh.600717,4.72,4.74,4.66,4.69,6584830.0,30974076.74,0.273,0.0,0,0
2021-02-25,sh.600717,4.71,4.74,4.69,4.72,6871449.0,32418562.82,0.2849,0.6397,0,0
2021-02-26,sh.600717,4.69,4.73,4.64,4.65,8372035.0,39187624.44,0.3471,-1.4831,0,0
2021-03-01,sh.600717,4.67,4.71,4.65,4.71,6177965.0,28941078.42,0.2562,1.2903,0,0
2021-03-02,sh.600717,4.69,4.72,4.66,4.68,6315296.0,29621072.28,0.2619,-0.6369,0,0
2021-03-03,sh.600717,4.67,4.74,4.67,4.73,7382364.0,34765259.24,0.3061,1.0684,0,0
2021-03-04,sh.600717,4.71,4.76,4.7,4.74,8726154.0,41325819.39,0.3618,0.2114,0,0
2021-03-05,sh.600717,4.74,4.78,4.72,4.76,10695665.0,50822865.18,0.4435,0.4219,0,0
2021-03-08,sh.600717,4.75,4.83,4.75,4.75,10620656.0,50799629.64,0.4404,-0.2101,0,0
2021-03-09,sh.600717,4.75,4.85,4.71,4.76,18939602.0,90619041.46,0.7853,0.2105,0,0
2021-03-10,sh.600717,4.76,4.83,4.69,4.7,13893577.0,66101380.33,0.5761,-1.2605,0,0
2021-03-11,sh.600717,4.71,4.78,4.68,4.77,9914544.0,46904376.34,0.4111,1.4894,0,0
2021-03-12,sh.600717,4.78,4.85,4.75,4.84,15751632.0,75750255.4,0.6531,1.4675,0,0
2021-03-15,sh.600717,4.82,4.96,4.79,4.93,26039746.0,127771136.44,1.0797,1.8595,0,0
2021-03-16,sh.600717,4.94,4.96,4.89,4.92,11930894.0,58648406.7,0.4947,-0.2028,0,0
2021-03-17,sh.600717,4.94,4.97,4.88,4.89,10642953.0,52284099.09,0.4413,-0.6098,0,0
2021-03-18,sh.600717,4.93,4.93,4.84,4.89,12299624.0,59977809.09,0.51,0.0,0,0
2021-03-19,sh.600717,4.87,4.93,4.85,4.9,8939800.0,43779284.36,0.3707,0.2045,0,0
2021-03-22,sh.600717,4.89,4.97,4.89,4.96,12873397.0,63676673.44,0.5338,1.2245,0,0
2021-03-23,sh.600717,4.97,4.97,4.86,4.9,11054461.0,54176476.66,0.4584,-1.2097,0,0
2021-03-24,sh.600717,4.86,4.92,4.84,4.86,9891796.0,48219122.68,0.4102,-0.8163,0,0
2021-03-25,sh.600717,4.89,4.93,4.83,4.85,10939508.0,53346338.68,0.4536,-0.2058,0,0
2021-03-26,sh.600717,4.85,4.89,4.84,4.86,7114719.0,34654048.92,0.295,0.2062,0,0
2021-03-29,sh.600717,4.89,4.92,4.84,4.91,10282085.0,50296865.67,0.4263,1.0288,0,0
2021-03-30,sh.600717,4.89,4.9,4.8,4.82,9428979.0,45612838.46,0.391,-1.833,0,0
2021-03-31,sh.600717,4.83,5.01,4.81,4.98,27951784.0,138352969.4,1.159,3.3195,0,0
2021-04-01,sh.600717,4.95,5.02,4.93,4.99,16678523.0,82905288.03,0.6916,0.2008,0,0
2021-04-02,sh.600717,4.99,5.0,4.93,4.96,9247175.0,45840691.36,0.3834,-0.6012,0,0
2021-04-06,sh.600717,4.97,4.98,4.91,4.95,9032618.0,44666184.66,0.3745,-0.2016,0,0
2021-04-07,sh.600717,4.99,5.05,4.96,4.99,16340864.0,81684458.4,0.6776,0.8081,0,0
2021-04-08,sh.600717,4.98,4.99,4.92,4.93,10943385.0,54077029.62,0.4538,-1.2024,0,0
2021-04-09,sh.600717,4.93,4.98,4.91,4.95,8127394.0,40162544.92,0.337,0.4057,0,0
2021-04-12,sh.600717,4.95,5.0,4.92,5.0,11027516.0,54790994.44,0.4573,1.0101,0,0
2021-04-13,sh.600717,4.98,4.99,4.89,4.89,12535467.0,61791515.79,0.5198,-2.2,0,0
2021-04-14,sh.600717,4.89,4.93,4.88,4.89,6004242.0,29452779.54,0.249,0.0,0,0
2021-04-15,sh.600717,4.9,4.92,4.88,4.92,5880464.0,28812956.34,0.2438,0.6135,0,0
2021-04-16,sh.600717,4.92,4.95,4.89,4.95,6426102.0,31691976.39,0.2665,0.6098,0,0
2021-04-19,sh.600717,4.95,4.98,4.93,4.94,8574587.0,42444065.98,0.3555,-0.202,0,0
2021-04-20,sh.600717,4.95,4.95,4.86,4.88,11267425.0,55214327.59,0.4672,-1.2146,0,0
2021-04-21,sh.600717,4.88,4.89,4.82,4.82,7511255.0,36374825.63,0.3115,-1.2295,0,0
2021-04-22,sh.600717,4.84,4.85,4.8,4.8,7235773.0,34895146.25,0.3,-0.4149,0,0
2021-04-23,sh.600717,4.81,4.81,4.74,4.77,7629190.0,36415748.71,0.3163,-0.625,0,0
2021-04-26,sh.600717,4.76,4.81,4.74,4.75,6196312.0,29560616.27,0.2569,-0.4193,0,0
2021-04-27,sh.600717,4.77,4.8,4.73,4.75,5897147.0,28082714.67,0.2445,0.0,0,0
2021-04-28,sh.600717,4.74,4.78,4.72,4.77,6257333.0,29715848.84,0.2595,0.4211,0,0
2021-04-29,sh.600717,4.8,4.8,4.75,4.77,6694918.0,31949617.94,0.2776,0.0,0,0
2021-04-30,sh.600717,4.78,4.78,4.7,4.72,8355729.0,39536567.14,0.3465,-1.0482,0,0
2021-05-06,sh.600717,4.74,4.8,4.73,4.75,7637921.0,36380966.65,0.3167,0.6356,0,0
2021-05-07,sh.600717,4.75,4.81,4.75,4.79,7645379.0,36560251.64,0.317,0.8421,0,0
2021-05-10,sh.600717,4.79,4.81,4.76,4.8,7394724.0,35355062.24,0.3066,0.2088,0,0
2021-05-11,sh.600717,4.81,4.83,4.76,4.82,8346848.0,40100790.54,0.3461,0.4167,0,0
2021-05-12,sh.600717,4.82,4.86,4.78,4.85,9545962.0,46134514.88,0.3958,0.6224,0,0
2021-05-13,sh.600717,4.84,4.88,4.8,4.82,7536587.0,36377848.44,0.3125,-0.6186,0,0
2021-05-14,sh.600717,4.83,4.88,4.82,4.88,9315074.0,45213626.82,0.3863,1.2448,0,0
2021-05-17,sh.600717,4.89,4.91,4.81,4.81,11508359.0,55968234.59,0.4772,-1.4344,0,0
2021-05-18,sh.600717,4.82,4.85,4.79,4.82,7270229.0,35071784.94,0.3015,0.2079,0,0
2021-05-19,sh.600717,4.84,4.84,4.75,4.77,8394868.0,40102166.92,0.3481,-1.0373,0,0
2021-05-20,sh.600717,4.76,4.77,4.73,4.74,6902100.0,32747427.43,0.2862,-0.6289,0,0
2021-05-21,sh.600717,4.74,4.76,4.73,4.74,5792500.0,27452667.4,0.2402,0.0,0,0
2021-05-24,sh.600717,4.74,4.78,4.74,4.76,7708556.0,36628481.48,0.3196,0.4219,0,0
2021-05-25,sh.600717,4.75,4.78,4.73,4.77,8164725.0,38878777.34,0.3386,0.2101,0,0
2021-05-26,sh.600717,4.77,4.8,4.76,4.78,7566598.0,36169039.75,0.3137,0.2096,0,0
2021-05-27,sh.600717,4.78,4.79,4.76,4.78,5547907.0,26491918.31,0.23,0.0,0,0
2021-05-28,sh.600717,4.79,4.79,4.76,4.78,7073572.0,33743522.68,0.2933,0.0,0,0
2021-05-31,sh.600717,4.76,4.77,4.74,4.75,5907988.0,28068753.88,0.245,-0.6276,0,0
2021-06-01,sh.600717,4.75,4.76,4.73,4.75,7505270.0,35569412.56,0.3112,0.0,0,0
2021-06-02,sh.600717,4.75,4.78,4.73,4.76,6137121.0,29170752.56,0.2545,0.2105,0,0
2021-06-03,sh.600717,4.76,4.83,4.75,4.8,12540839.0,60144081.3,0.52,0.8403,0,0
2021-06-04,sh.600717,4.78,4.82,4.76,4.78,9083718.0,43432899.82,0.3767,-0.4167,0,0
2021-06-07,sh.600717,4.78,4.79,4.75,4.75,6772453.0,32273826.99,0.2808,-0.6276,0,0
2021-06-08,sh.600717,4.75,4.77,4.74,4.75,4797581.0,22794458.23,0.1989,0.0,0,0
2021-06-09,sh.600717,4.74,4.77,4.74,4.76,3768281.0,17919188.97,0.1563,0.2105,0,0
2021-06-10,sh.600717,4.76,4.78,4.75,4.75,5051406.0,24060321.56,0.2095,-0.2101,0,0
2021-06-11,sh.600717,4.76,4.78,4.75,4.77,4914310.0,23422154.17,0.2038,0.4211,0,0
2021-06-15,sh.600717,4.77,4.77,4.72,4.73,7468371.0,35378827.9,0.3097,-0.8386,0,0
2021-06-16,sh.600717,4.74,4.77,4.73,4.75,7153005.0,33974071.69,0.2966,0.4228,0,0
2021-06-17,sh.600717,4.75,4.82,4.74,4.79,10091288.0,48318393.52,0.4184,0.8421,0,0
2021-06-18,sh.600717,4.8,4.8,4.72,4.76,7834620.0,37255688.56,0.3249,-0.6263,0,0
2021-06-21,sh.600717,4.76,4.77,4.73,4.74,7127804.0,33836161.96,0.2956,-0.4202,0,0
2021-06-22,sh.600717,4.74,4.77,4.73,4.75,6720229.0,31929592.35,0.2787,0.211,0,0
2021-06-23,sh.600717,3.92,3.96,3.9,3.94,10920627.0,42963297.46,0.3774,1.2853,0,0
2021-06-24,sh.600717,3.93,3.94,3.9,3.91,10390478.0,40727293.62,0.359,-0.7614,0,0
2021-06-25,sh.600717,3.92,3.96,3.92,3.94,9183000.0,36156690.71,0.3173,0.7673,0,0
2021-06-28,sh.600717,3.99,4.02,3.93,3.94,11199023.0,44410852.25,0.387,0.0,0,0
2021-06-29,sh.600717,3.96,3.96,3.91,3.92,6758455.0,26524524.05,0.2335,-0.5076,0,0
2021-06-30,sh.600717,3.92,3.95,3.9,3.92,6411237.0,25150142.48,0.2215,0.0,0,0
2021-07-01,sh.600717,3.92,3.93,3.9,3.9,6098925.0,23863996.56,0.2107,-0.5102,0,0
2021-07-02,sh.600717,3.91,3.93,3.88,3.89,6155885.0,24013356.6,0.2127,-0.2564,0,0
2021-07-05,sh.600717,3.89,3.92,3.88,3.9,8902669.0,34672378.5,0.3076,0.2571,0,0
2021-07-06,sh.600717,3.9,3.93,3.89,3.91,6522756.0,25508391.29,0.2254,0.2564,0,0
2021-07-07,sh.600717,3.91,3.94,3.89,3.91,7049088.0,27631722.2,0.2436,0.0,0,0
2021-07-08,sh.600717,3.92,3.93,3.89,3.9,7150437.0,27885370.61,0.2471,-0.2558,0,0
2021-07-09,sh.600717,3.9,3.9,3.87,3.89,6229282.0,24180993.46,0.2152,-0.2564,0,0
2021-07-12,sh.600717,3.9,3.92,3.87,3.91,8613229.0,33614766.48,0.2976,0.5141,0,0
2021-07-13,sh.600717,3.9,3.91,3.88,3.9,5632081.0,21943789.83,0.1946,-0.2558,0,0
2021-07-14,sh.600717,3.89,3.91,3.88,3.89,5459964.0,21227414.87,0.1887,-0.2564,0,0
2021-07-15,sh.600717,3.89,3.89,3.86,3.88,5236246.0,20297213.48,0.1809,-0.2571,0,0
2021-07-16,sh.600717,3.88,3.89,3.86,3.87,5528860.0,21421729.73,0.191,-0.2577,0,0
2021-07-19,sh.600717,3.88,3.88,3.84,3.85,5674368.0,21832722.7,0.1961,-0.5168,0,0
2021-07-20,sh.600717,3.85,3.86,3.83,3.83,4450360.0,17080822.64,0.1538,-0.5195,0,0
2021-07-21,sh.600717,3.83,3.85,3.83,3.84,5088406.0,19519282.81,0.1758,0.2611,0,0
2021-07-22,sh.600717,3.84,3.86,3.83,3.86,7341235.0,28203761.77,0.2537,0.5208,0,0
2021-07-23,sh.600717,3.85,3.9,3.84,3.89,9488138.0,36713282.04,0.3279,0.7772,0,0
2021-07-26,sh.600717,3.88,3.89,3.78,3.8,10292931.0,39380959.66,0.3557,-2.3136,0,0
2021-07-27,sh.600717,3.81,3.83,3.76,3.77,7752622.0,29412781.57,0.2679,-0.7895,0,0
2021-07-28,sh.600717,3.77,3.81,3.74,3.75,8725235.0,32879013.5,0.3015,-0.5305,0,0
2021-07-29,sh.600717,3.78,3.79,3.75,3.76,5904423.0,22205380.23,0.204,0.2667,0,0
2021-07-30,sh.600717,3.76,3.77,3.71,3.74,5817418.0,21723000.77,0.201,-0.5319,0,0
2021-08-02,sh.600717,3.75,3.79,3.72,3.77,7954554.0,29902399.76,0.2749,0.8021,0,0
2021-08-03,sh.600717,3.76,3.8,3.74,3.79,7101650.0,26791325.87,0.2454,0.5305,0,0
2021-08-04,sh.600717,3.78,3.79,3.75,3.77,6228239.0,23449185.34,0.2152,-0.5277,0,0
2021-08-05,sh.600717,3.76,3.81,3.74,3.78,7730956.0,29165711.43,0.2671,0.2653,0,0
2021-08-06,sh.600717,3.77,3.78,3.75,3.76,3847854.0,14457814.95,0.133,-0.5291,0,0
2021-08-09,sh.600717,3.75,3.8,3.75,3.78,4596780.0,17368577.92,0.1588,0.5319,0,0
2021-08-10,sh.600717,3.78,3.79,3.77,3.79,6235820.0,23575906.46,0.2155,0.2646,0,0
2021-08-11,sh.600717,3.78,3.81,3.77,3.78,8684833.0,32877519.63,0.3001,-0.2639,0,0
2021-08-12,sh.600717,3.78,3.8,3.77,3.8,6206408.0,23522487.41,0.2145,0.5291,0,0
2021-08-13,sh.600717,3.8,3.82,3.78,3.8,6722387.0,25531602.28,0.2323,0.0,0,0
2021-08-16,sh.600717,3.79,3.82,3.79,3.8,5933794.0,22599622.19,0.205,0.0,0,0
2021-08-17,sh.600717,3.8,3.83,3.78,3.79,7150206.0,27221522.71,0.2471,-0.2632,0,0
2021-08-18,sh.600717,3.78,3.81,3.77,3.8,6006835.0,22768523.1,0.2076,0.2639,0,0
2021-08-19,sh.600717,3.8,3.81,3.78,3.79,6329419.0,24019851.85,0.2187,-0.2632,0,0
2021-08-20,sh.600717,3.79,3.8,3.76,3.78,6164011.0,23290762.24,0.213,-0.2639,0,0
2021-08-23,sh.600717,3.79,3.83,3.78,3.8,12893979.0,49044977.93,0.4455,0.5291,0,0
2021-08-24,sh.600717,3.8,3.83,3.79,3.81,8306848.0,31670861.32,0.287,0.2632,0,0
2021-08-25,sh.600717,3.81,3.9,3.8,3.89,16430144.0,63443086.17,0.5677,2.0997,0,0
2021-08-26,sh.600717,3.88,3.96,3.87,3.93,17377688.0,68217873.68,0.6005,1.0283,0,0
2021-08-27,sh.600717,3.93,3.97,3.92,3.95,16446489.0,64966563.19,0.5683,0.5089,0,0
2021-08-30,sh.600717,3.97,3.97,3.9,3.9,13045797.0,51186440.81,0.4508,-1.2658,0,0
2021-08-31,sh.600717,3.9,3.96,3.9,3.95,12576083.0,49450744.55,0.4346,1.2821,0,0
2021-09-01,sh.600717,3.97,4.03,3.96,4.01,19986322.0,79964877.53,0.6906,1.519,0,0
2021-09-02,sh.600717,4.02,4.11,4.01,4.1,24160261.0,98631145.74,0.8348,2.2444,0,0
2021-09-03,sh.600717,4.13,4.17,4.08,4.11,25019835.0,102984066.49,0.8645,0.2439,0,0
2021-09-06,sh.600717,4.16,4.16,4.1,4.12,18782966.0,77608846.84,0.649,0.2433,0,0
2021-09-07,sh.600717,4.1,4.21,4.09,4.19,25162991.0,105148075.05,0.8695,1.699,0,0
2021-09-08,sh.600717,4.19,4.3,4.18,4.3,29134099.0,124143921.46,1.0067,2.6253,0,0
2021-09-09,sh.600717,4.3,4.63,4.28,4.55,62077912.0,279793656.31,2.1451,5.814,0,0
2021-09-10,sh.600717,4.59,4.66,4.4,4.46,47140921.0,213162809.04,1.6289,-1.978,0,0
2021-09-13,sh.600717,4.43,4.6,4.41,4.56,28746376.0,130109005.35,0.9933,2.2422,0,0
2021-09-14,sh.600717,4.56,4.6,4.41,4.42,28945190.0,129442187.75,1.0002,-3.0702,0,0
2021-09-15,sh.600717,4.4,4.5,4.39,4.42,18152374.0,80743961.17,0.6272,0.0,0,0
2021-09-16,sh.600717,4.48,4.53,4.33,4.34,24199082.0,106991648.93,0.8362,-1.81,0,0
2021-09-17,sh.600717,4.39,4.42,4.23,4.36,23519339.0,101764260.63,0.8127,0.4608,0,0
2021-09-22,sh.600717,4.31,4.52,4.27,4.5,24514950.0,108373589.52,0.8471,3.211,0,0
2021-09-23,sh.600717,4.51,4.56,4.46,4.55,22455281.0,101465982.41,0.7759,1.1111,0,0
2021-09-24,sh.600717,4.55,4.59,4.46,4.5,23238502.0,104930388.35,0.803,-1.0989,0,0
2021-09-27,sh.600717,4.51,4.53,4.3,4.3,24688377.0,107838107.9,0.8531,-4.4444,0,0
2021-09-28,sh.600717,4.32,4.41,4.31,4.4,16162350.0,70551194.01,0.5585,2.3256,0,0
2021-09-29,sh.600717,4.35,4.43,4.24,4.25,18755737.0,80874852.74,0.6481,-3.4091,0,0
2021-09-30,sh.600717,4.21,4.36,4.2,4.25,20157543.0,86056660.92,0.6965,0.0,0,0
2021-10-08,sh.600717,4.3,4.48,4.28,4.31,22699518.0,98787204.55,0.7844,1.4118,0,0
2021-10-11,sh.600717,4.3,4.32,4.24,4.26,13625392.0,58076192.14,0.4708,-1.1601,0,0
2021-10-12,sh.600717,4.25,4.26,4.11,4.14,18104528.0,75544895.37,0.6256,-2.8169,0,0
2021-10-13,sh.600717,4.17,4.19,4.06,4.12,13676497.0,56136536.42,0.4726,-0.4831,0,0
2021-10-14,sh.600717,4.14,4.15,4.08,4.09,10189606.0,41718176.19,0.3521,-0.7282,0,0
2021-10-15,sh.600717,4.11,4.11,4.02,4.03,13531658.0,54814724.65,0.4676,-1.467,0,0
2021-10-18,sh.600717,4.06,4.2,4.05,4.17,19910416.0,82472135.09,0.688,3.4739,0,0
2021-10-19,sh.600717,4.2,4.21,4.14,4.18,9055012.0,37800347.01,0.3129,0.2398,0,0
2021-10-20,sh.600717,4.16,4.2,4.14,4.17,9224249.0,38498969.16,0.3187,-0.2392,0,0
2021-10-21,sh.600717,4.18,4.27,4.18,4.19,13315683.0,56281275.47,0.4601,0.4796,0,0
2021-10-22,sh.600717,4.18,4.22,4.13,4.14,8797483.0,36587184.84,0.304,-1.1933,0,0
2021-10-25,sh.600717,4.14,4.22,4.11,4.17,8813534.0,36833509.78,0.3045,0.7246,0,0
2021-10-26,sh.600717,4.19,4.24,4.15,4.24,12756409.0,53685756.64,0.4408,1.6787,0,0
2021-10-27,sh.600717,4.24,4.25,4.14,4.2,12893555.0,53855019.02,0.4455,-0.9434,0,0
2021-10-28,sh.600717,4.2,4.21,4.11,4.15,11814562.0,49007856.6,0.4082,-1.1905,0,0
2021-10-29,sh.600717,4.12,4.13,4.03,4.05,16294130.0,66260639.91,0.563,-2.4096,0,0
2021-11-01,sh.600717,4.05,4.05,3.95,4.0,15841584.0,63349086.74,0.5474,-1.2346,0,0
2021-11-02,sh.600717,3.99,4.0,3.86,3.92,19056520.0,74847508.23,0.6585,-2.0,0,0
2021-11-03,sh.600717,3.93,3.96,3.9,3.93,7351359.0,28925107.35,0.254,0.2551,0,0
2021-11-04,sh.600717,3.95,3.96,3.91,3.92,7355044.0,28865824.46,0.2541,-0.2545,0,0
2021-11-05,sh.600717,3.91,3.93,3.87,3.88,7414719.0,28832624.63,0.2562,-1.0204,0,0
2021-11-08,sh.600717,3.88,3.89,3.85,3.87,8447838.0,32701886.75,0.2919,-0.2577,0,0
2021-11-09,sh.600717,3.87,3.89,3.85,3.87,7338010.0,28363918.03,0.2536,0.0,0,0
2021-11-10,sh.600717,3.86,3.87,3.81,3.85,9128648.0,34983648.89,0.3154,-0.5168,0,0
2021-11-11,sh.600717,3.85,3.92,3.83,3.91,8070312.0,31410998.27,0.2789,1.5584,0,0
2021-11-12,sh.600717,3.92,3.92,3.88,3.9,6201957.0,24145712.46,0.2143,-0.2558,0,0
2021-11-15,sh.600717,3.9,3.91,3.87,3.9,6809347.0,26454709.15,0.2353,0.0,0,0
2021-11-16,sh.600717,3.9,3.91,3.88,3.9,8129882.0,31676120.02,0.2809,0.0,0,0
2021-11-17,sh.600717,3.91,3.91,3.86,3.88,6537881.0,25374869.66,0.2259,-0.5128,0,0
2021-11-18,sh.600717,3.89,3.9,3.86,3.88,6141192.0,23849390.23,0.2122,0.0,0,0
2021-11-19,sh.600717,3.89,3.93,3.86,3.92,7816652.0,30468359.6,0.2701,1.0309,0,0
2021-11-22,sh.600717,3.92,3.94,3.9,3.91,7606219.0,29755280.29,0.2628,-0.2551,0,0
2021-11-23,sh.600717,3.9,3.94,3.88,3.92,7543583.0,29544707.4,0.2607,0.2558,0,0
2021-11-24,sh.600717,3.91,3.94,3.9,3.93,4911398.0,19259617.49,0.1697,0.2551,0,0
2021-11-25,sh.600717,3.93,3.94,3.92,3.94,5606871.0,22028194.86,0.1937,0.2545,0,0
2021-11-26,sh.600717,3.93,3.94,3.9,3.9,5355907.0,20936650.51,0.1851,-1.0152,0,0
2021-11-29,sh.600717,3.86,3.89,3.83,3.87,7270983.0,28076191.39,0.2512,-0.7692,0,0
2021-11-30,sh.600717,3.86,3.9,3.86,3.88,5319828.0,20669851.03,0.1838,0.2584,0,0
2021-12-01,sh.600717,3.88,3.94,3.87,3.94,6603355.0,25863734.13,0.2282,1.5464,0,0
2021-12-02,sh.600717,3.93,4.0,3.93,3.98,10367411.0,41169305.57,0.3582,1.0152,0,0
2021-12-03,sh.600717,4.2,4.38,4.18,4.38,99297078.0,432386853.69,3.4311,10.0503,1,0
2021-12-06,sh.600717,4.38,4.45,4.3,4.34,62522718.0,273315095.56,2.1604,-0.9132,0,0
2021-12-07,sh.600717,4.31,4.35,4.19,4.24,37134342.0,157488305.33,1.2831,-2.3041,0,0
2021-12-08,sh.600717,4.23,4.26,4.19,4.23,17723918.0,74791107.84,0.6124,-0.2358,0,0
2021-12-09,sh.600717,4.26,4.28,4.2,4.22,14787982.0,62503807.77,0.511,-0.2364,0,0
2021-12-10,sh.600717,4.2,4.26,4.14,4.17,20364503.0,85245942.94,0.7037,-1.1848,0,0
2021-12-13,sh.600717,4.19,4.23,4.16,4.18,12380203.0,51812949.61,0.4278,0.2398,0,0
2021-12-14,sh.600717,4.17,4.17,4.1,4.13,16639964.0,68864485.76,0.575,-1.1962,0,0
2021-12-15,sh.600717,4.13,4.19,4.11,4.13,21061028.0,87117908.39,0.7277,0.0,0,0
2021-12-16,sh.600717,4.14,4.17,4.1,4.17,15439858.0,63839871.75,0.5335,0.9685,0,0
2021-12-17,sh.600717,4.16,4.19,4.14,4.16,10562522.0,43956323.53,0.365,-0.2398,0,0
2021-12-20,sh.600717,4.17,4.23,4.17,4.18,17043473.0,71413625.12,0.5889,0.4808,0,0
2021-12-21,sh.600717,4.17,4.27,4.16,4.25,21421081.0,90860108.67,0.7402,1.6746,0,0
2021-12-22,sh.600717,4.26,4.26,4.18,4.2,14256212.0,60088517.32,0.4926,-1.1765,0,0
2021-12-23,sh.600717,4.18,4.21,4.15,4.17,9406364.0,39315334.25,0.325,-0.7143,0,0
2021-12-24,sh.600717,4.17,4.18,4.11,4.13,12787891.0,52884037.2,0.4419,-0.9592,0,0
2021-12-27,sh.600717,4.12,4.2,4.12,4.17,9554393.0,39847874.55,0.3301,0.9685,0,0
2021-12-28,sh.600717,4.2,4.2,4.12,4.16,8180971.0,33932584.44,0.2827,-0.2398,0,0
2021-12-29,sh.600717,4.16,4.2,4.12,4.18,8991662.0,37522198.81,0.3107,0.4808,0,0
2021-12-30,sh.600717,4.18,4.2,4.15,4.16,8348362.0,34785775.08,0.2885,-0.4785,0,0
2021-12-31,sh.600717,4.17,4.2,4.16,4.19,8172262.0,34227135.24,0.2824,0.7212,0,0
2022-01-04,sh.600717,4.24,4.28,4.21,4.25,18265786.0,77658115.47,0.6312,1.432,0,0
2022-01-05,sh.600717,4.24,4.43,4.24,4.3,33542299.0,145394179.85,1.159,1.1765,0,0
2022-01-06,sh.600717,4.27,4.35,4.25,4.28,16157142.0,69521856.42,0.5583,-0.4651,0,0
2022-01-07,sh.600717,4.29,4.37,4.27,4.33,16205895.0,70194254.72,0.56,1.1682,0,0
2022-01-10,sh.600717,4.33,4.37,4.28,4.31,13690086.0,58997342.84,0.4731,-0.4619,0,0
2022-01-11,sh.600717,4.3,4.35,4.29,4.31,11882834.0,51347809.61,0.4106,0.0,0,0
2022-01-12,sh.600717,4.28,4.35,4.25,4.27,12581556.0,53940527.7,0.4347,-0.9281,0,0
2022-01-13,sh.600717,4.3,4.33,4.28,4.28,11720707.0,50473722.7,0.405,0.2342,0,0
2022-01-14,sh.600717,4.3,4.31,4.16,4.17,16740295.0,70554733.06,0.5784,-2.5701,0,0
2022-01-17,sh.600717,4.18,4.2,4.15,4.18,9547159.0,39926115.5,0.3299,0.2398,0,0
2022-01-18,sh.600717,4.18,4.23,4.16,4.21,9128567.0,38307782.34,0.3154,0.7177,0,0
2022-01-19,sh.600717,4.2,4.25,4.18,4.23,9783029.0,41319132.69,0.338,0.4751,0,0
2022-01-20,sh.600717,4.23,4.26,4.2,4.23,10043540.0,42460116.82,0.347,0.0,0,0
2022-01-21,sh.600717,4.22,4.23,4.17,4.2,10591354.0,44417898.83,0.366,-0.7092,0,0
2022-01-24,sh.600717,4.17,4.2,4.01,4.09,22552254.0,92832598.92,0.7793,-2.619,0,0
2022-01-25,sh.600717,4.09,4.11,4.01,4.01,13096671.0,53072473.0,0.4525,-1.956,0,0
2022-01-26,sh.600717,4.01,4.07,4.01,4.03,9042774.0,36512753.73,0.3125,0.4988,0,0
2022-01-27,sh.600717,4.04,4.09,4.01,4.04,12263510.0,49684910.89,0.4238,0.2481,0,0
2022-01-28,sh.600717,4.08,4.12,4.02,4.06,10744443.0,43582483.83,0.3713,0.495,0,0
2022-02-07,sh.600717,4.12,4.25,4.12,4.23,24368848.0,102500248.52,0.842,4.1872,0,0
2022-02-08,sh.600717,4.25,4.56,4.23,4.54,66547210.0,296893315.9,2.2995,7.3286,0,0
2022-02-09,sh.600717,4.53,4.56,4.45,4.47,29174485.0,130994963.44,1.0081,-1.5419,0,0
2022-02-10,sh.600717,4.48,4.53,4.46,4.49,17081591.0,76668046.6,0.5902,0.4474,0,0
2022-02-11,sh.600717,4.49,4.53,4.45,4.46,16937973.0,75928959.45,0.5853,-0.6682,0,0
2022-02-14,sh.600717,4.43,4.53,4.36,4.39,22889704.0,100854409.45,0.7909,-1.5695,0,0
2022-02-15,sh.600717,4.37,4.45,4.31,4.35,17060394.0,74215175.72,0.5895,-0.9112,0,0
2022-02-16,sh.600717,4.36,4.42,4.35,4.37,12773665.0,55896993.11,0.4414,0.4598,0,0
2022-02-17,sh.600717,4.39,4.39,4.32,4.33,11618508.0,50596555.12,0.4015,-0.9153,0,0
2022-02-18,sh.600717,4.31,4.43,4.29,4.43,14940685.0,65644959.47,0.5163,2.3095,0,0
2022-02-21,sh.600717,4.43,4.46,4.37,4.4,12055599.0,52897728.88,0.4166,-0.6772,0,0
2022-02-22,sh.600717,4.38,4.42,4.31,4.34,12438539.0,54124945.09,0.4298,-1.3636,0,0
2022-02-23,sh.600717,4.36,4.38,4.32,4.34,10965320.0,47582435.22,0.3789,0.0,0,0
2022-02-24,sh.600717,4.33,4.34,4.19,4.22,19433916.0,82749929.23,0.6715,-2.765,0,0
2022-02-25,sh.600717,4.29,4.4,4.25,4.34,23745226.0,102812801.66,0.8205,2.8436,0,0
2022-02-28,sh.600717,4.36,4.52,4.36,4.43,32179806.0,142577587.0,1.1119,2.0737,0,0
2022-03-01,sh.600717,4.41,4.55,4.4,4.48,26169098.0,117355273.0,0.9043,1.1287,0,0
2022-03-02,sh.600717,4.47,4.55,4.43,4.54,30860557.0,139337635.0,1.0664,1.3393,0,0
2022-03-03,sh.600717,4.58,4.77,4.54,4.76,68166966.0,319254240.0,2.3555,4.8458,0,0
2022-03-04,sh.600717,4.76,4.76,4.54,4.58,55761130.0,256082869.0,1.9268,-3.7815,0,0
2022-03-07,sh.600717,4.5,4.62,4.48,4.51,31023186.0,140769349.0,1.072,-1.5284,0,0
2022-03-08,sh.600717,4.51,4.52,4.32,4.32,28475402.0,125028910.0,0.9839,-4.2129,0,0
2022-03-09,sh.600717,4.25,4.38,4.07,4.2,34830347.0,146892437.0,1.2035,-2.7778,0,0
2022-03-10,sh.600717,4.28,4.31,4.19,4.2,26910440.0,113980710.0,0.9299,0.0,0,0
2022-03-11,sh.600717,4.15,4.28,4.08,4.26,26519604.0,110651211.0,0.9164,1.4286,0,0
2022-03-14,sh.600717,4.21,4.31,4.13,4.15,23126866.0,97417564.0,0.7991,-2.5822,0,0
2022-03-15,sh.600717,4.11,4.14,3.88,3.89,41266519.0,165683708.0,1.4259,-6.2651,0,0
2022-03-16,sh.600717,3.94,4.0,3.81,3.97,29324680.0,114837271.0,1.0133,2.0566,0,0
2022-03-17,sh.600717,4.0,4.02,3.93,3.95,23052057.0,91614380.0,0.7965,-0.5038,0,0
2022-03-18,sh.600717,3.93,4.06,3.92,4.04,22387027.0,89882306.71,0.7736,2.2785,0,0
2022-03-21,sh.600717,4.06,4.07,3.96,4.01,18097649.0,72514532.62,0.6254,-0.7426,0,0
2022-03-22,sh.600717,3.98,4.07,3.98,4.06,14419054.0,58201099.07,0.4982,1.2469,0,0
2022-03-23,sh.600717,4.06,4.08,4.01,4.05,12165984.0,49187782.73,0.4204,-0.2463,0,0
2022-03-24,sh.600717,4.05,4.09,4.02,4.03,13397794.0,54344230.64,0.463,-0.4938,0,0
2022-03-25,sh.600717,4.06,4.18,4.05,4.13,30160321.0,124467646.44,1.0422,2.4814,0,0
2022-03-28,sh.600717,4.1,4.21,4.08,4.19,21488621.0,89409702.94,0.7425,1.4528,0,0
2022-03-29,sh.600717,4.18,4.24,4.17,4.22,18798413.0,79158336.69,0.6496,0.716,0,0
2022-03-30,sh.600717,4.2,4.24,4.18,4.24,16802076.0,70843456.93,0.5806,0.4739,0,0
2022-03-31,sh.600717,4.21,4.31,4.21,4.28,18540759.0,79193401.81,0.6407,0.9434,0,0
2022-04-01,sh.600717,4.25,4.54,4.24,4.51,61995703.0,276909268.06,2.1422,5.3738,0,0
2022-04-06,sh.600717,4.5,4.6,4.44,4.59,45897210.0,208762712.93,1.5859,1.7738,0,0
2022-04-07,sh.600717,4.54,4.61,4.43,4.43,34029226.0,153133179.71,1.1759,-3.4858,0,0
2022-04-08,sh.600717,4.43,4.53,4.33,4.42,25341394.0,111938632.42,0.8757,-0.2257,0,0
2022-04-11,sh.600717,4.45,4.5,4.34,4.36,28242301.0,124609132.37,0.9759,-1.3575,0,0
2022-04-12,sh.600717,4.34,4.62,4.28,4.53,59428080.0,264391949.97,2.0535,3.8991,0,0
2022-04-13,sh.600717,4.5,4.75,4.44,4.61,81710295.0,378665111.39,2.8234,1.766,0,0
2022-04-14,sh.600717,4.54,4.66,4.48,4.63,57553339.0,264528919.66,1.9887,0.4338,0,0
2022-04-15,sh.600717,4.58,4.68,4.5,4.51,37742942.0,172155641.36,1.3042,-2.5918,0,0
2022-04-18,sh.600717,4.51,4.51,4.4,4.43,25408603.0,113091344.22,0.878,-1.7738,0,0
2022-04-19,sh.600717,4.46,4.58,4.39,4.53,25144942.0,112970598.35,0.8689,2.2573,0,0
2022-04-20,sh.600717,4.52,4.57,4.4,4.42,23583190.0,105241965.18,0.8149,-2.4283,0,0
2022-04-21,sh.600717,4.41,4.43,4.21,4.24,26361582.0,113689528.92,0.9109,-4.0724,0,0
2022-04-22,sh.600717,4.22,4.38,4.21,4.33,22159592.0,95509166.08,0.7657,2.1226,0,0
2022-04-25,sh.600717,4.31,4.32,4.06,4.09,32523760.0,136164409.89,1.1238,-5.5427,0,0
2022-04-26,sh.600717,4.09,4.16,3.97,3.99,29751300.0,120454213.81,1.028,-2.445,0,0
2022-04-27,sh.600717,3.95,4.09,3.92,4.08,28410511.0,113978871.9,0.9817,2.2556,0,0
2022-04-28,sh.600717,4.1,4.2,4.0,4.11,25850245.0,105845315.83,0.8932,0.7353,0,0
2022-04-29,sh.600717,4.0,4.06,3.91,4.03,60015001.0,239393187.63,2.0738,-1.9465,0,0
2022-05-05,sh.600717,4.01,4.03,3.94,4.01,41029583.0,163632687.8,1.4177,-0.4963,0,0
2022-05-06,sh.600717,3.93,3.94,3.83,3.9,37676752.0,146675292.12,1.3019,-2.7431,0,0
2022-05-09,sh.600717,3.88,3.95,3.86,3.94,18329793.0,71892483.24,0.6334,1.0256,0,0
2022-05-10,sh.600717,3.89,3.98,3.86,3.97,21997854.0,86339343.46,0.7601,0.7614,0,0
2022-05-11,sh.600717,3.98,4.03,3.93,3.95,27706499.0,110566143.07,0.9574,-0.5038,0,0
2022-05-12,sh.600717,3.93,3.99,3.92,3.95,16656967.0,65780034.98,0.5756,0.0,0,0
2022-05-13,sh.600717,3.98,4.07,3.95,4.07,29438652.0,118453969.35,1.0172,3.038,0,0
2022-05-16,sh.600717,4.11,4.14,4.02,4.09,26714720.0,108737708.62,0.9231,0.4914,0,0
2022-05-17,sh.600717,4.08,4.1,4.0,4.03,18333991.0,73824407.72,0.6335,-1.467,0,0
2022-05-18,sh.600717,4.03,4.04,3.99,4.01,13736408.0,55113624.34,0.4747,-0.4963,0,0
2022-05-19,sh.600717,3.97,4.03,3.94,4.02,14210836.0,56728874.56,0.491,0.2494,0,0
2022-05-20,sh.600717,4.02,4.09,4.01,4.07,18454752.0,74831715.51,0.6377,1.2438,0,0
2022-05-23,sh.600717,4.07,4.11,4.05,4.08,14412284.0,58880029.6,0.498,0.2457,0,0
2022-05-24,sh.600717,4.09,4.14,3.96,3.96,19638079.0,79393188.87,0.6786,-2.9412,0,0
2022-05-25,sh.600717,3.99,4.19,3.98,4.19,48904828.0,202248867.72,1.6899,5.8081,0,0
2022-05-26,sh.600717,4.18,4.2,4.11,4.19,27792328.0,115704341.03,0.9603,0.0,0,0
2022-05-27,sh.600717,4.19,4.21,4.14,4.16,21411691.0,89386861.1,0.7399,-0.716,0,0
2022-05-30,sh.600717,4.18,4.23,4.14,4.17,16916479.0,70655864.02,0.5845,0.2404,0,0
2022-05-31,sh.600717,4.17,4.22,4.15,4.22,18543252.0,77906013.32,0.6407,1.199,0,0
2022-06-01,sh.600717,4.2,4.35,4.19,4.24,25770576.0,109732514.34,0.8905,0.4739,0,0
2022-06-02,sh.600717,4.26,4.27,4.18,4.18,15530594.0,65208774.66,0.5366,-1.4151,0,0
2022-06-06,sh.600717,4.18,4.2,4.12,4.17,22065233.0,91643362.68,0.7624,-0.2392,0,0
2022-06-07,sh.600717,4.17,4.3,4.14,4.26,34738645.0,147093543.5,1.2004,2.1583,0,0
2022-06-08,sh.600717,4.26,4.27,4.14,4.21,22296858.0,93594148.24,0.7705,-1.1737,0,0
2022-06-09,sh.600717,4.2,4.22,4.14,4.16,14528101.0,60633852.85,0.502,-1.1876,0,0
2022-06-10,sh.600717,4.15,4.22,4.13,4.19,18190971.0,76229049.67,0.6286,0.7212,0,0
2022-06-13,sh.600717,4.16,4.24,4.08,4.12,22950367.0,95125404.01,0.793,-1.6706,0,0
2022-06-14,sh.600717,4.09,4.17,4.04,4.17,18761263.0,77224268.23,0.6483,1.2136,0,0
2022-06-15,sh.600717,4.16,4.25,4.16,4.18,28244644.0,118819894.61,0.976,0.2398,0,0
2022-06-16,sh.600717,4.18,4.2,4.11,4.12,19982015.0,82903025.4,0.6905,-1.4354,0,0
2022-06-17,sh.600717,4.11,4.15,4.06,4.13,15485533.0,63635721.25,0.5351,0.2427,0,0
2022-06-20,sh.600717,4.13,4.15,4.09,4.11,11114174.0,45748385.58,0.384,-0.4843,0,0
2022-06-21,sh.600717,4.12,4.14,4.08,4.12,11653753.0,47963467.4,0.4027,0.2433,0,0
2022-06-22,sh.600717,4.11,4.14,4.08,4.08,13438014.0,55176393.27,0.4643,-0.9709,0,0
2022-06-23,sh.600717,4.0,4.01,3.96,4.0,15250978.0,60847483.53,0.527,0.5025,0,0
2022-06-24,sh.600717,4.01,4.02,3.98,4.01,9656544.0,38571306.22,0.3337,0.25,0,0
2022-06-27,sh.600717,4.01,4.04,3.98,4.0,15405295.0,61817761.22,0.5323,-0.2494,0,0
2022-06-28,sh.600717,4.0,4.06,3.98,4.05,12524658.0,50427129.11,0.4328,1.25,0,0
2022-06-29,sh.600717,4.06,4.08,4.01,4.02,11762191.0,47476198.25,0.4064,-0.7407,0,0
2022-06-30,sh.600717,4.01,4.06,4.01,4.01,14798399.0,59567883.94,0.5113,-0.2488,0,0
2022-07-01,sh.600717,4.01,4.02,3.98,3.99,9649717.0,38557967.53,0.3334,-0.4988,0,0
2022-07-04,sh.600717,3.99,4.01,3.98,4.0,11847899.0,47304572.26,0.4094,0.2506,0,0
2022-07-05,sh.600717,4.01,4.1,4.0,4.05,22259003.0,90134310.05,0.7691,1.25,0,0
2022-07-06,sh.600717,4.03,4.04,3.97,3.98,17266914.0,68914540.15,0.5966,-1.7284,0,0
2022-07-07,sh.600717,3.98,4.03,3.98,3.99,9595094.0,38395159.06,0.3316,0.2513,0,0
2022-07-08,sh.600717,4.0,4.01,3.98,3.99,6874152.0,27461393.39,0.2375,0.0,0,0
2022-07-11,sh.600717,4.0,4.0,3.96,3.99,9579602.0,38070528.63,0.331,0.0,0,0
2022-07-12,sh.600717,3.98,4.03,3.97,3.99,12161288.0,48693994.43,0.4202,0.0,0,0
2022-07-13,sh.600717,3.99,4.05,3.99,4.03,12028867.0,48428465.24,0.4156,1.0025,0,0
2022-07-14,sh.600717,4.04,4.08,4.01,4.02,13249759.0,53383572.64,0.4578,-0.2481,0,0
2022-07-15,sh.600717,4.02,4.03,3.94,3.94,14396619.0,57210495.45,0.4975,-1.99,0,0
2022-07-18,sh.600717,3.94,4.02,3.93,4.01,16094246.0,64296172.03,0.5561,1.7766,0,0
2022-07-19,sh.600717,4.02,4.05,4.0,4.03,11951252.0,48081915.19,0.413,0.4988,0,0
2022-07-20,sh.600717,4.03,4.07,4.02,4.07,14463936.0,58587924.66,0.4998,0.9926,0,0
2022-07-21,sh.600717,4.07,4.09,4.04,4.06,14543081.0,59094787.85,0.5025,-0.2457,0,0
2022-07-22,sh.600717,4.08,4.12,4.04,4.08,15451240.0,62999803.52,0.5339,0.4926,0,0
2022-07-25,sh.600717,4.07,4.13,4.07,4.09,15599687.0,64027856.67,0.539,0.2451,0,0
2022-07-26,sh.600717,4.09,4.12,4.07,4.1,9348489.0,38180997.33,0.323,0.2445,0,0
2022-07-27,sh.600717,4.1,4.11,4.04,4.06,9354666.0,37986499.94,0.3232,-0.9756,0,0
2022-07-28,sh.600717,4.07,4.09,4.05,4.06,9133405.0,37167483.32,0.3156,0.0,0,0
2022-07-29,sh.600717,4.05,4.07,4.01,4.02,11093966.0,44745124.12,0.3833,-0.9852,0,0
2022-08-01,sh.600717,4.03,4.06,3.99,4.06,12166007.0,49054711.59,0.4204,0.995,0,0
2022-08-02,sh.600717,4.04,4.04,3.88,3.93,24586356.0,96834847.88,0.8496,-3.202,0,0
2022-08-03,sh.600717,3.92,3.96,3.86,3.87,17300997.0,67689352.18,0.5978,-1.5267,0,0
2022-08-04,sh.600717,3.89,3.9,3.84,3.89,9900448.0,38372792.0,0.3421,0.5168,0,0
2022-08-05,sh.600717,3.9,3.95,3.87,3.93,8798467.0,34400616.0,0.304,1.0283,0,0
2022-08-08,sh.600717,3.93,3.95,3.91,3.92,7445939.0,29238212.0,0.2573,-0.2545,0,0
2022-08-09,sh.600717,3.92,3.93,3.89,3.91,4882089.0,19065291.0,0.1687,-0.2551,0,0
2022-08-10,sh.600717,3.9,3.92,3.89,3.91,5111977.0,19966311.0,0.1766,0.0,0,0
2022-08-11,sh.600717,3.92,3.96,3.92,3.96,8039116.0,31689562.0,0.2778,1.2788,0,0
2022-08-12,sh.600717,3.96,3.98,3.94,3.97,7709923.0,30521733.0,0.2664,0.2525,0,0
2022-08-15,sh.600717,3.96,3.98,3.94,3.95,8024153.0,31723976.1,0.2773,-0.5038,0,0
2022-08-16,sh.600717,3.95,3.98,3.94,3.96,5579050.0,22116880.14,0.1928,0.2532,0,0
2022-08-17,sh.600717,3.97,3.98,3.95,3.98,6913601.0,27419374.83,0.2389,0.5051,0,0
2022-08-18,sh.600717,3.98,3.98,3.93,3.93,5551995.0,21886051.77,0.1918,-1.2563,0,0
2022-08-19,sh.600717,3.94,3.96,3.93,3.94,5860874.0,23150289.21,0.2025,0.2545,0,0
2022-08-22,sh.600717,3.94,3.98,3.92,3.97,5312970.0,21047949.52,0.1836,0.7614,0,0
2022-08-23,sh.600717,3.97,3.99,3.95,3.98,8749567.0,34728805.11,0.3023,0.2519,0,0
2022-08-24,sh.600717,3.97,4.0,3.92,3.93,10037454.0,39750678.58,0.3468,-1.2563,0,0
2022-08-25,sh.600717,3.94,4.05,3.93,4.05,23126311.0,92700713.57,0.7991,3.0534,0,0
2022-08-26,sh.600717,4.08,4.16,4.06,4.13,47090810.0,194118821.57,1.6272,1.9753,0,0
2022-08-29,sh.600717,4.05,4.17,4.01,4.16,28477443.0,117506733.01,0.984,0.7264,0,0
2022-08-30,sh.600717,4.16,4.23,4.13,4.22,26363867.0,110908218.35,0.911,1.4423,0,0
2022-08-31,sh.600717,4.21,4.21,4.12,4.15,19888604.0,82614581.1,0.6872,-1.6588,0,0
2022-09-01,sh.600717,4.16,4.2,4.12,4.13,16741912.0,69633371.54,0.5785,-0.4819,0,0
2022-09-02,sh.600717,4.12,4.17,4.1,4.12,12181978.0,50321528.32,0.4209,-0.2421,0,0
2022-09-05,sh.600717,4.15,4.23,4.13,4.22,23661236.0,99535473.4,0.8176,2.4272,0,0
2022-09-06,sh.600717,4.22,4.25,4.19,4.24,14832591.0,62666467.74,0.5125,0.4739,0,0
2022-09-07,sh.600717,4.22,4.24,4.16,4.19,12566022.0,52653346.06,0.4342,-1.1792,0,0
2022-09-08,sh.600717,4.19,4.23,4.15,4.21,11276529.0,47368486.59,0.3897,0.4773,0,0
2022-09-09,sh.600717,4.21,4.27,4.19,4.19,10285086.0,43403220.58,0.3554,-0.4751,0,0
2022-09-13,sh.600717,4.21,4.27,4.18,4.23,18465267.0,78158583.99,0.6381,0.9547,0,0
2022-09-14,sh.600717,4.18,4.26,4.16,4.18,13606616.0,57176275.46,0.4702,-1.182,0,0
2022-09-15,sh.600717,4.22,4.26,4.14,4.16,13752638.0,57557165.47,0.4752,-0.4785,0,0
2022-09-16,sh.600717,4.18,4.19,4.09,4.09,20156325.0,83347273.74,0.6965,-1.6827,0,0
2022-09-19,sh.600717,4.06,4.11,4.03,4.07,16279898.0,66301110.74,0.5625,-0.489,0,0
2022-09-20,sh.600717,4.1,4.14,4.06,4.1,10003672.0,40986751.98,0.3457,0.7371,0,0
2022-09-21,sh.600717,4.08,4.24,4.04,4.22,20199061.0,84236825.87,0.698,2.9268,0,0
2022-09-22,sh.600717,4.21,4.24,4.16,4.2,14531089.0,61106153.69,0.5021,-0.4739,0,0
2022-09-23,sh.600717,4.21,4.23,4.14,4.16,13587843.0,56775919.88,0.4695,-0.9524,0,0
2022-09-26,sh.600717,4.15,4.15,4.01,4.02,18344873.0,74821477.14,0.6339,-3.3654,0,0
2022-09-27,sh.600717,4.05,4.11,3.98,4.11,15464014.0,62776372.4,0.5343,2.2388,0,0
2022-09-28,sh.600717,4.12,4.15,4.07,4.07,11857675.0,48643212.03,0.4097,-0.9732,0,0
2022-09-29,sh.600717,4.08,4.11,4.0,4.03,11972299.0,48480628.1,0.4137,-0.9828,0,0
2022-09-30,sh.600717,4.05,4.07,4.0,4.0,11122581.0,44750825.85,0.3843,-0.7444,0,0
2022-10-10,sh.600717,3.99,4.1,3.99,4.02,14252365.0,57845631.54,0.4925,0.5,0,0
2022-10-11,sh.600717,4.1,4.12,4.01,4.09,14379836.0,58582961.78,0.4969,1.7413,0,0
2022-10-12,sh.600717,4.06,4.12,4.02,4.12,12265957.0,49954582.94,0.4238,0.7335,0,0
2022-10-13,sh.600717,4.14,4.14,4.04,4.07,13880056.0,56473064.17,0.4796,-1.2136,0,0
2022-10-14,sh.600717,4.09,4.13,4.08,4.09,13884537.0,57060707.99,0.4798,0.4914,0,0
2022-10-17,sh.600717,4.1,4.19,4.07,4.16,16480171.0,68238147.74,0.5695,1.7115,0,0
2022-10-18,sh.600717,4.15,4.2,4.12,4.13,12049306.0,50049274.87,0.4164,-0.7212,0,0
2022-10-19,sh.600717,4.15,4.24,4.13,4.18,19932879.0,83481120.67,0.6888,1.2107,0,0
2022-10-20,sh.600717,4.19,4.2,4.11,4.12,14784347.0,61117129.54,0.5109,-1.4354,0,0
2022-10-21,sh.600717,4.13,4.15,4.11,4.12,8992214.0,37137183.2,0.3107,0.0,0,0
2022-10-24,sh.600717,4.14,4.19,4.04,4.07,15296019.0,62672705.88,0.5285,-1.2136,0,0
2022-10-25,sh.600717,4.03,4.09,4.03,4.07,11081226.0,45024803.52,0.3829,0.0,0,0
2022-10-26,sh.600717,4.07,4.11,4.06,4.09,11359615.0,46363642.42,0.3925,0.4914,0,0
2022-10-27,sh.600717,4.08,4.14,4.06,4.12,10728037.0,44159306.94,0.3707,0.7335,0,0
2022-10-28,sh.600717,4.09,4.11,3.95,3.96,23712319.0,95108086.04,0.8194,-3.8835,0,0
2022-10-31,sh.600717,3.95,3.97,3.88,3.9,17884514.0,70071339.43,0.618,-1.5152,0,0
2022-11-01,sh.600717,3.91,3.97,3.89,3.97,13880868.0,54509869.71,0.4796,1.7949,0,0
2022-11-02,sh.600717,3.95,3.98,3.94,3.97,10452060.0,41453413.6,0.3612,0.0,0,0
2022-11-03,sh.600717,3.95,3.98,3.94,3.97,7638938.0,30308726.7,0.264,0.0,0,0
2022-11-04,sh.600717,3.98,4.04,3.97,4.02,10875308.0,43669895.45,0.3758,1.2594,0,0
2022-11-07,sh.600717,4.02,4.06,4.01,4.05,9952387.0,40237354.34,0.3439,0.7463,0,0
2022-11-08,sh.600717,4.04,4.06,4.01,4.04,8608295.0,34738823.38,0.2975,-0.2469,0,0
2022-11-09,sh.600717,4.04,4.06,4.03,4.04,6821750.0,27573121.77,0.2357,0.0,0,0
2022-11-10,sh.600717,4.03,4.08,4.0,4.08,11424817.0,46233148.58,0.3948,0.9901,0,0
2022-11-11,sh.600717,4.09,4.13,4.08,4.11,15013671.0,61678100.34,0.5188,0.7353,0,0
2022-11-14,sh.600717,4.1,4.16,4.1,4.14,13349707.0,55186943.71,0.4613,0.7299,0,0
2022-11-15,sh.600717,4.14,4.14,4.09,4.12,12262514.0,50432103.53,0.4237,-0.4831,0,0
2022-11-16,sh.600717,4.13,4.15,4.12,4.13,11892146.0,49146292.73,0.4109,0.2427,0,0
2022-11-17,sh.600717,4.12,4.15,4.09,4.14,9073713.0,37473724.87,0.3135,0.2421,0,0
2022-11-18,sh.600717,4.14,4.16,4.08,4.1,9839895.0,40432622.11,0.34,-0.9662,0,0
2022-11-21,sh.600717,4.1,4.1,4.04,4.04,10174695.0,41309886.78,0.3516,-1.4634,0,0
2022-11-22,sh.600717,4.06,4.16,4.04,4.15,19337641.0,79619958.88,0.6682,2.7228,0,0
2022-11-23,sh.600717,4.13,4.19,4.13,4.15,19127407.0,79669325.61,0.6609,0.0,0,0
2022-11-24,sh.600717,4.15,4.17,4.13,4.15,9621852.0,39919366.15,0.3325,0.0,0,0
2022-11-25,sh.600717,4.15,4.2,4.11,4.18,17125363.0,71561502.89,0.5918,0.7229,0,0
2022-11-28,sh.600717,4.17,4.19,4.1,4.19,21254653.0,88240508.0,0.7344,0.2392,0,0
2022-11-29,sh.600717,4.18,4.24,4.16,4.22,20425134.0,86031986.47,0.7058,0.716,0,0
2022-11-30,sh.600717,4.22,4.25,4.19,4.2,17234194.0,72635736.29,0.5955,-0.4739,0,0
2022-12-01,sh.600717,4.22,4.24,4.14,4.17,17046034.0,71485190.14,0.589,-0.7143,0,0
2022-12-02,sh.600717,4.18,4.19,4.14,4.15,13397311.0,55698837.08,0.4629,-0.4796,0,0
2022-12-05,sh.600717,4.17,4.32,4.17,4.28,38751968.0,165316860.35,1.339,3.1325,0,0
2022-12-06,sh.600717,4.29,4.29,4.23,4.25,17107408.0,72894755.17,0.5911,-0.7009,0,0
2022-12-07,sh.600717,4.25,4.34,4.23,4.29,21766750.0,93215781.08,0.7521,0.9412,0,0
2022-12-08,sh.600717,4.28,4.41,4.26,4.32,29240987.0,126571429.14,1.0104,0.6993,0,0
2022-12-09,sh.600717,4.33,4.34,4.23,4.25,36614268.0,156318893.06,1.2652,-1.6204,0,0
2022-12-12,sh.600717,4.25,4.26,4.16,4.17,24939660.0,104756408.04,0.8618,-1.8824,0,0
2022-12-13,sh.600717,4.21,4.29,4.19,4.26,22390122.0,95115784.63,0.7737,2.1583,0,0
2022-12-14,sh.600717,4.26,4.27,4.18,4.19,17263955.0,72742762.97,0.5965,-1.6432,0,0
2022-12-15,sh.600717,4.19,4.21,4.14,4.14,15112722.0,62941892.43,0.5222,-1.1933,0,0
2022-12-16,sh.600717,4.13,4.2,4.12,4.18,14383107.0,59923542.0,0.497,0.9662,0,0
2022-12-19,sh.600717,4.18,4.21,4.08,4.09,15925971.0,65657217.35,0.5503,-2.1531,0,0
2022-12-20,sh.600717,4.08,4.13,4.05,4.06,16221817.0,66163286.77,0.5605,-0.7335,0,0
2022-12-21,sh.600717,4.08,4.1,4.05,4.05,10868628.0,44178651.83,0.3756,-0.2463,0,0
2022-12-22,sh.600717,4.07,4.09,3.99,4.0,15329233.0,61760349.79,0.5297,-1.2346,0,0
2022-12-23,sh.600717,3.99,4.03,3.97,4.0,10640385.0,42555608.63,0.3677,0.0,0,0
2022-12-26,sh.600717,4.01,4.02,3.99,4.01,9374122.0,37582695.19,0.3239,0.25,0,0
2022-12-27,sh.600717,4.03,4.11,4.02,4.08,16029714.0,65328010.46,0.5539,1.7456,0,0
2022-12-28,sh.600717,4.06,4.09,4.04,4.05,8420086.0,34189709.71,0.2909,-0.7353,0,0
2022-12-29,sh.600717,4.04,4.05,4.0,4.0,11801616.0,47385056.59,0.4078,-1.2346,0,0
2022-12-30,sh.600717,4.03,4.1,4.01,4.1,14691307.0,59751913.51,0.5076,2.5,0,0
2023-01-03,sh.600717,4.08,4.1,4.06,4.1,15261553.0,62312964.31,0.5274,0.0,0,0
2023-01-04,sh.600717,4.08,4.13,4.07,4.12,12060670.0,49499935.24,0.4167,0.4878,0,0
2023-01-05,sh.600717,4.12,4.16,4.1,4.15,14640414.0,60480859.65,0.5059,0.7282,0,0
2023-01-06,sh.600717,4.14,4.14,4.08,4.1,11514541.0,47326117.55,0.3979,-1.2048,0,0
2023-01-09,sh.600717,4.11,4.12,4.07,4.08,10325092.0,42197854.36,0.3568,-0.4878,0,0
2023-01-10,sh.600717,4.09,4.09,4.05,4.06,8521828.0,34686754.68,0.2945,-0.4902,0,0
2023-01-11,sh.600717,4.06,4.08,4.04,4.05,8538896.0,34657754.93,0.2951,-0.2463,0,0
2023-01-12,sh.600717,4.06,4.07,4.01,4.04,10143786.0,40905080.24,0.3505,-0.2469,0,0
2023-01-13,sh.600717,4.04,4.06,4.03,4.06,7035663.0,28485055.93,0.2431,0.495,0,0
2023-01-16,sh.600717,4.07,4.12,4.06,4.09,14655971.0,59992111.39,0.5064,0.7389,0,0
2023-01-17,sh.600717,4.1,4.1,4.07,4.09,7756039.0,31693218.94,0.268,0.0,0,0
2023-01-18,sh.600717,4.1,4.12,4.08,4.11,8418570.0,34553187.98,0.2909,0.489,0,0
2023-01-19,sh.600717,4.1,4.14,4.09,4.13,9420590.0,38820331.66,0.3255,0.4866,0,0
2023-01-20,sh.600717,4.14,4.19,4.14,4.18,18167694.0,75790672.38,0.6278,1.2107,0,0
2023-01-30,sh.600717,4.2,4.23,4.16,4.17,17531223.0,73337087.46,0.6058,-0.2392,0,0
2023-01-31,sh.600717,4.17,4.19,4.16,4.18,11571347.0,48389508.94,0.3998,0.2398,0,0
2023-02-01,sh.600717,4.19,4.22,4.18,4.21,12950966.0,54352649.36,0.4475,0.7177,0,0
2023-02-02,sh.600717,4.22,4.23,4.17,4.18,11709197.0,49075078.0,0.4046,-0.7126,0,0
2023-02-03,sh.600717,4.18,4.18,4.14,4.17,12093444.0,50289436.35,0.4179,-0.2392,0,0
2023-02-06,sh.600717,4.15,4.23,4.15,4.18,14099040.0,59008293.51,0.4872,0.2398,0,0
2023-02-07,sh.600717,4.19,4.19,4.16,4.19,8105467.0,33852409.27,0.2801,0.2392,0,0
2023-02-08,sh.600717,4.19,4.2,4.15,4.16,10605877.0,44317618.46,0.3665,-0.716,0,0
2023-02-09,sh.600717,4.15,4.21,4.15,4.2,10403848.0,43522491.81,0.3595,0.9615,0,0
2023-02-10,sh.600717,4.2,4.21,4.18,4.19,9234286.0,38716257.59,0.3191,-0.2381,0,0
2023-02-13,sh.600717,4.2,4.24,4.18,4.23,18219941.0,76821258.33,0.6296,0.9547,0,0
2023-02-14,sh.600717,4.24,4.25,4.2,4.22,9989133.0,42157362.38,0.3452,-0.2364,0,0
2023-02-15,sh.600717,4.21,4.22,4.18,4.19,10463084.0,43908708.64,0.3615,-0.7109,0,0
2023-02-16,sh.600717,4.2,4.24,4.14,4.16,17890858.0,75070449.01,0.6182,-0.716,0,0
2023-02-17,sh.600717,4.15,4.2,4.15,4.17,12255238.0,51227997.44,0.4235,0.2404,0,0
2023-02-20,sh.600717,4.17,4.23,4.16,4.21,13366864.0,56114204.95,0.4619,0.9592,0,0
2023-02-21,sh.600717,4.21,4.25,4.2,4.24,12626136.0,53387176.98,0.4363,0.7126,0,0
2023-02-22,sh.600717,4.23,4.23,4.2,4.22,8626182.0,36371635.15,0.2981,-0.4717,0,0
2023-02-23,sh.600717,4.23,4.25,4.21,4.23,11330117.0,47914788.9,0.3915,0.237,0,0
2023-02-24,sh.600717,4.23,4.24,4.2,4.22,9349875.0,39471973.45,0.3231,-0.2364,0,0
2023-02-27,sh.600717,4.21,4.23,4.2,4.2,8789486.0,37039189.82,0.3037,-0.4739,0,0
2023-02-28,sh.600717,4.21,4.26,4.2,4.25,14888132.0,63038691.18,0.5144,1.1905,0,0
2023-03-01,sh.600717,4.26,4.27,4.24,4.26,13009608.0,55321280.67,0.4495,0.2353,0,0
2023-03-02,sh.600717,4.26,4.31,4.25,4.29,17155795.0,73574274.51,0.5928,0.7042,0,0
2023-03-03,sh.600717,4.29,4.33,4.28,4.32,16941993.0,72961182.77,0.5854,0.6993,0,0
2023-03-06,sh.600717,4.35,4.35,4.3,4.32,14353725.0,62030427.29,0.496,0.0,0,0
2023-03-07,sh.600717,4.32,4.34,4.26,4.26,18817177.0,80927362.89,0.6502,-1.3889,0,0
2023-03-08,sh.600717,4.26,4.32,4.26,4.31,16576464.0,71157609.27,0.5728,1.1737,0,0
2023-03-09,sh.600717,4.31,4.32,4.28,4.3,9671837.0,41554489.45,0.3342,-0.232,0,0
2023-03-10,sh.600717,4.28,4.3,4.25,4.26,11689400.0,49887579.04,0.4039,-0.9302,0,0
2023-03-13,sh.600717,4.24,4.29,4.21,4.28,12959914.0,55117931.16,0.4478,0.4695,0,0
2023-03-14,sh.600717,4.28,4.31,4.23,4.24,14466240.0,61758106.56,0.4999,-0.9346,0,0
2023-03-15,sh.600717,4.26,4.36,4.26,4.35,20723236.0,89511973.55,0.7161,2.5943,0,0
2023-03-16,sh.600717,4.3,4.38,4.27,4.31,15272919.0,66056514.08,0.5277,-0.9195,0,0
2023-03-17,sh.600717,4.32,4.37,4.31,4.35,17776448.0,77214861.83,0.6143,0.9281,0,0
2023-03-20,sh.600717,4.36,4.39,4.29,4.31,20435739.0,88709678.52,0.7061,-0.9195,0,0
2023-03-21,sh.600717,4.3,4.34,4.27,4.31,18981748.0,81690771.61,0.6559,0.0,0,0
2023-03-22,sh.600717,4.32,4.33,4.29,4.31,11322963.0,48808459.39,0.3913,0.0,0,0
2023-03-23,sh.600717,4.33,4.33,4.26,4.3,15555915.0,66760691.72,0.5375,-0.232,0,0
2023-03-24,sh.600717,4.31,4.33,4.22,4.22,24535146.0,104506294.72,0.8478,-1.8605,0,0
2023-03-27,sh.600717,4.21,4.22,4.05,4.08,44464811.0,182336102.93,1.5364,-3.3175,0,0
2023-03-28,sh.600717,4.07,4.1,4.04,4.07,22483308.0,91345270.65,0.7769,-0.2451,0,0
2023-03-29,sh.600717,4.06,4.07,4.03,4.04,17879136.0,72322240.88,0.6178,-0.7371,0,0
2023-03-30,sh.600717,4.04,4.06,4.01,4.05,15067584.0,60755329.59,0.5206,0.2475,0,0
2023-03-31,sh.600717,4.05,4.09,4.03,4.06,11378254.0,46269873.91,0.3932,0.2469,0,0
2023-04-03,sh.600717,4.07,4.11,4.06,4.09,13381605.0,54650485.16,0.4624,0.7389,0,0
2023-04-04,sh.600717,4.09,4.15,4.08,4.13,18218774.0,75107804.2,0.6295,0.978,0,0
2023-04-06,sh.600717,4.13,4.13,4.08,4.09,11465198.0,46992471.45,0.3962,-0.9685,0,0
2023-04-07,sh.600717,4.09,4.12,4.08,4.1,10022183.0,41034273.58,0.3463,0.2445,0,0
2023-04-10,sh.600717,4.1,4.1,4.07,4.08,10411555.0,42447417.85,0.3598,-0.4878,0,0
2023-04-11,sh.600717,4.08,4.09,4.06,4.09,7005596.0,28545304.93,0.2421,0.2451,0,0
2023-04-12,sh.600717,4.25,4.5,4.22,4.5,146823083.0,649950209.2,5.0734,10.0244,1,0
2023-04-13,sh.600717,4.5,4.72,4.48,4.52,126733767.0,580698885.45,4.3792,0.4444,0,0
2023-04-14,sh.600717,4.56,4.69,4.55,4.6,73197975.0,337833219.12,2.5293,1.7699,0,0
2023-04-17,sh.600717,4.61,4.67,4.53,4.58,41923135.0,191870223.74,1.4486,-0.4348,0,0
2023-04-18,sh.600717,4.57,4.73,4.53,4.69,65685267.0,306607382.62,2.2697,2.4017,0,0
2023-04-19,sh.600717,4.7,4.8,4.64,4.73,52630078.0,249281382.32,1.8186,0.8529,0,0
2023-04-20,sh.600717,4.69,4.73,4.65,4.72,30796148.0,144351313.31,1.0641,-0.2114,0,0
2023-04-21,sh.600717,4.71,4.89,4.7,4.72,47037674.0,224716399.03,1.6254,0.0,0,0
2023-04-24,sh.600717,4.68,4.74,4.62,4.7,40577553.0,190091387.44,1.4021,-0.4237,0,0
2023-04-25,sh.600717,4.71,4.8,4.61,4.7,40590138.0,190263788.22,1.4026,0.0,0,0
2023-04-26,sh.600717,4.66,4.74,4.59,4.7,37429215.0,174218006.5,1.2933,0.0,0,0
2023-04-27,sh.600717,4.73,4.78,4.67,4.73,35385178.0,166996111.15,1.2227,0.6383,0,0
2023-04-28,sh.600717,4.72,4.82,4.69,4.82,64438810.0,307821196.35,2.2266,1.9027,0,0
2023-05-04,sh.600717,4.84,5.12,4.75,5.07,124245663.0,616964390.54,4.2932,5.1867,0,0
2023-05-05,sh.600717,5.05,5.17,4.96,5.02,70099080.0,353511766.14,2.4222,-0.9862,0,0
2023-05-08,sh.600717,5.08,5.43,5.05,5.07,120516153.0,624806767.0,4.1643,0.996,0,0
2023-05-09,sh.600717,5.16,5.27,4.98,4.99,100093918.0,510086817.15,3.4587,-1.5779,0,0
2023-05-10,sh.600717,5.01,5.04,4.84,4.91,62676653.0,308225994.21,2.1657,-1.6032,0,0
2023-05-11,sh.600717,4.93,4.96,4.84,4.86,30722459.0,149985261.83,1.0616,-1.0183,0,0
2023-05-12,sh.600717,4.87,4.92,4.8,4.84,31403037.0,152501314.88,1.0851,-0.4115,0,0
2023-05-15,sh.600717,4.85,4.88,4.65,4.79,42991093.0,203384858.35,1.4855,-1.0331,0,0
2023-05-16,sh.600717,4.82,4.82,4.69,4.71,22992215.0,109232159.58,0.7945,-1.6701,0,0
2023-05-17,sh.600717,4.7,4.79,4.65,4.75,20820741.0,98536365.63,0.7194,0.8493,0,0
2023-05-18,sh.600717,4.77,4.8,4.7,4.71,18199341.0,86339383.23,0.6289,-0.8421,0,0
2023-05-19,sh.600717,4.72,4.74,4.6,4.65,19542849.0,90811841.54,0.6753,-1.2739,0,0
2023-05-22,sh.600717,4.7,4.72,4.6,4.62,15535195.0,72209692.95,0.5368,-0.6452,0,0
2023-05-23,sh.600717,4.62,4.65,4.53,4.53,21055373.0,96249430.33,0.7276,-1.9481,0,0
2023-05-24,sh.600717,4.52,4.53,4.44,4.47,21877209.0,98091008.75,0.756,-1.3245,0,0
2023-05-25,sh.600717,4.48,4.5,4.37,4.44,28706271.0,126848163.3,0.9919,-0.6711,0,0
2023-05-26,sh.600717,4.44,4.47,4.37,4.44,18960207.0,83887960.22,0.6552,0.0,0,0
2023-05-29,sh.600717,4.46,4.57,4.43,4.5,21710744.0,97870837.37,0.7502,1.3514,0,0
2023-05-30,sh.600717,4.51,4.56,4.44,4.54,19246103.0,86737460.11,0.665,0.8889,0,0
2023-05-31,sh.600717,4.52,4.54,4.49,4.52,11704433.0,52876950.65,0.4044,-0.4405,0,0
2023-06-01,sh.600717,4.5,4.63,4.5,4.58,18891813.0,86546597.88,0.6528,1.3274,0,0
2023-06-02,sh.600717,4.57,4.65,4.54,4.56,16440832.0,75502040.18,0.5681,-0.4367,0,0
2023-06-05,sh.600717,4.56,4.61,4.54,4.58,12568970.0,57605592.83,0.4343,0.4386,0,0
2023-06-06,sh.600717,4.57,4.59,4.51,4.53,13386553.0,60974728.51,0.4626,-1.0917,0,0
2023-06-07,sh.600717,4.56,4.64,4.51,4.62,17536325.0,80574764.12,0.606,1.9868,0,0
2023-06-08,sh.600717,4.62,4.69,4.58,4.64,13593323.0,62915933.6,0.4697,0.4329,0,0
2023-06-09,sh.600717,4.66,4.69,4.61,4.62,13506618.0,62654924.08,0.4667,-0.431,0,0
2023-06-12,sh.600717,4.6,4.61,4.53,4.54,15467174.0,70372662.94,0.5345,-1.7316,0,0
2023-06-13,sh.600717,4.55,4.57,4.48,4.5,10719156.0,48327955.5,0.3704,-0.8811,0,0
2023-06-14,sh.600717,4.51,4.54,4.49,4.49,9180348.0,41449680.48,0.3172,-0.2222,0,0
2023-06-15,sh.600717,4.48,4.51,4.45,4.46,13826203.0,61814550.5,0.4778,-0.6682,0,0
2023-06-16,sh.600717,4.48,4.56,4.46,4.51,18218476.0,82455334.79,0.6295,1.1211,0,0
2023-06-19,sh.600717,4.51,4.52,4.4,4.4,18378726.0,81617815.43,0.6351,-2.439,0,0
2023-06-20,sh.600717,4.32,4.36,4.24,4.25,17042881.0,73156180.49,0.5889,-1.6204,0,0
2023-06-21,sh.600717,4.25,4.32,4.22,4.26,12719501.0,54381848.64,0.4395,0.2353,0,0
2023-06-26,sh.600717,4.23,4.27,4.2,4.22,15492326.0,65548009.6,0.5353,-0.939,0,0
2023-06-27,sh.600717,4.22,4.37,4.22,4.35,16182219.0,69913539.74,0.5592,3.0806,0,0
2023-06-28,sh.600717,4.37,4.47,4.34,4.46,21278412.0,93859578.77,0.7353,2.5287,0,0
2023-06-29,sh.600717,4.48,4.48,4.4,4.42,12015015.0,53293188.35,0.4152,-0.8969,0,0
2023-06-30,sh.600717,4.44,4.45,4.39,4.43,12473323.0,55139878.2,0.431,0.2262,0,0
2023-07-03,sh.600717,4.42,4.49,4.42,4.45,15294202.0,68239703.28,0.5285,0.4515,0,0
2023-07-04,sh.600717,4.46,4.47,4.39,4.4,11161409.0,49319183.45,0.3857,-1.1236,0,0
2023-07-05,sh.600717,4.41,4.42,4.38,4.41,9305001.0,40987826.74,0.3215,0.2273,0,0
2023-07-06,sh.600717,4.4,4.41,4.36,4.36,8162766.0,35777575.92,0.2821,-1.1338,0,0
2023-07-07,sh.600717,4.34,4.49,4.34,4.47,15652484.0,69431687.67,0.5409,2.5229,0,0
2023-07-10,sh.600717,4.47,4.49,4.43,4.48,12377593.0,55290391.7,0.4277,0.2237,0,0
2023-07-11,sh.600717,4.48,4.54,4.47,4.51,12809959.0,57721726.74,0.4426,0.6696,0,0
2023-07-12,sh.600717,4.54,4.54,4.42,4.43,12154915.0,54310387.58,0.42,-1.7738,0,0
2023-07-13,sh.600717,4.45,4.52,4.44,4.51,12674059.0,57031709.32,0.4379,1.8059,0,0
2023-07-14,sh.600717,4.52,4.53,4.49,4.5,9781887.0,44149095.06,0.338,-0.2217,0,0
2023-07-17,sh.600717,4.49,4.5,4.44,4.49,8870123.0,39675033.82,0.3065,-0.2222,0,0
2023-07-18,sh.600717,4.49,4.53,4.47,4.51,11062615.0,49786944.14,0.3823,0.4454,0,0
2023-07-19,sh.600717,4.52,4.54,4.49,4.53,9786135.0,44217495.92,0.3382,0.4435,0,0
2023-07-20,sh.600717,4.55,4.58,4.49,4.5,11466973.0,52017868.97,0.3962,-0.6623,0,0
2023-07-21,sh.600717,4.5,4.53,4.47,4.5,7395253.0,33271395.1,0.2555,0.0,0,0
2023-07-24,sh.600717,4.51,4.55,4.5,4.53,9072771.0,41108410.71,0.3135,0.6667,0,0
2023-07-25,sh.600717,4.56,4.58,4.54,4.57,11870820.0,54223663.55,0.4102,0.883,0,0
2023-07-26,sh.600717,4.58,4.59,4.53,4.56,7763904.0,35324435.31,0.2683,-0.2188,0,0
2023-07-27,sh.600717,4.57,4.6,4.55,4.57,10974539.0,50246425.39,0.3792,0.2193,0,0
2023-07-28,sh.600717,4.58,4.69,4.57,4.69,19487234.0,90468228.1,0.6734,2.6258,0,0
2023-07-31,sh.600717,4.71,4.76,4.69,4.75,25281041.0,119513916.47,0.8736,1.2793,0,0
2023-08-01,sh.600717,4.75,4.75,4.69,4.73,16138325.0,76240855.16,0.5576,-0.4211,0,0
2023-08-02,sh.600717,4.72,4.74,4.68,4.7,13608269.0,64082095.91,0.4702,-0.6342,0,0
2023-08-03,sh.600717,4.69,4.78,4.68,4.73,13828809.0,65198801.45,0.4778,0.6383,0,0
2023-08-04,sh.600717,4.75,4.75,4.67,4.67,15056537.0,70818036.29,0.5203,-1.2685,0,0
2023-08-07,sh.600717,4.67,4.68,4.61,4.63,13718704.0,63711243.29,0.474,-0.8565,0,0
2023-08-08,sh.600717,4.65,4.66,4.6,4.64,10615504.0,49087607.76,0.3668,0.216,0,0
2023-08-09,sh.600717,4.62,4.64,4.59,4.59,8354904.0,38499475.16,0.2887,-1.0776,0,0
2023-08-10,sh.600717,4.59,4.68,4.59,4.67,11689744.0,54350239.28,0.4039,1.7429,0,0
2023-08-11,sh.600717,4.67,4.68,4.54,4.55,15399041.0,70607616.19,0.5321,-2.5696,0,0
2023-08-14,sh.600717,4.51,4.58,4.48,4.57,11307578.0,51244534.96,0.3907,0.4396,0,0
2023-08-15,sh.600717,4.59,4.6,4.52,4.59,9251462.0,42227476.12,0.3197,0.4376,0,0
2023-08-16,sh.600717,4.57,4.61,4.53,4.58,9018137.0,41273983.89,0.3116,-0.2179,0,0
2023-08-17,sh.600717,4.55,4.61,4.54,4.59,10054660.0,45941372.83,0.3474,0.2183,0,0
2023-08-18,sh.600717,4.58,4.69,4.58,4.62,17610624.0,81757793.67,0.6085,0.6536,0,0
2023-08-21,sh.600717,4.64,4.68,4.57,4.58,16175068.0,74720861.59,0.5589,-0.8658,0,0
2023-08-22,sh.600717,4.58,4.6,4.51,4.56,13657092.0,62097012.91,0.4719,-0.4367,0,0
2023-08-23,sh.600717,4.56,4.59,4.52,4.53,12029187.0,54703177.46,0.4157,-0.6579,0,0
2023-08-24,sh.600717,4.53,4.57,4.44,4.44,14139530.0,63441462.77,0.4886,-1.9868,0,0
2023-08-25,sh.600717,4.43,4.57,4.39,4.49,17607935.0,78991353.81,0.6084,1.1261,0,0
2023-08-28,sh.600717,4.72,4.74,4.51,4.53,21644871.0,99699238.02,0.7479,0.8909,0,0
2023-08-29,sh.600717,4.54,4.56,4.44,4.49,23937469.0,107542448.96,0.8271,-0.883,0,0
2023-08-30,sh.600717,4.49,4.5,4.36,4.41,30083710.0,133006805.43,1.0395,-1.7817,0,0
2023-08-31,sh.600717,4.4,4.45,4.39,4.42,16657807.0,73750568.06,0.5756,0.2268,0,0
2023-09-01,sh.600717,4.42,4.47,4.39,4.4,20124050.0,88835358.96,0.6954,-0.4525,0,0
2023-09-04,sh.600717,4.41,4.48,4.39,4.48,18561704.0,82651574.74,0.6414,1.8182,0,0
2023-09-05,sh.600717,4.48,4.48,4.41,4.43,11376876.0,50464732.02,0.3931,-1.1161,0,0
2023-09-06,sh.600717,4.41,4.42,4.37,4.39,11693917.0,51290554.66,0.4041,-0.9029,0,0
2023-09-07,sh.600717,4.37,4.4,4.32,4.35,11771282.0,51338543.0,0.4067,-0.9112,0,0
2023-09-08,sh.600717,4.33,4.35,4.29,4.31,13648921.0,58858486.53,0.4716,-0.9195,0,0
2023-09-11,sh.600717,4.32,4.38,4.31,4.37,15381673.0,66924618.84,0.5315,1.3921,0,0
2023-09-12,sh.600717,4.37,4.43,4.35,4.37,13532867.0,59393969.41,0.4676,0.0,0,0
2023-09-13,sh.600717,4.38,4.43,4.35,4.38,10359007.0,45435225.01,0.3579,0.2288,0,0
2023-09-14,sh.600717,4.38,4.45,4.36,4.44,14575651.0,64393318.13,0.5037,1.3699,0,0
2023-09-15,sh.600717,4.46,4.51,4.43,4.5,23629020.0,105934255.19,0.8165,1.3514,0,0
2023-09-18,sh.600717,4.46,4.47,4.37,4.4,18967497.0,83571556.91,0.6554,-2.2222,0,0
2023-09-19,sh.600717,4.4,4.49,4.39,4.46,21192928.0,94340597.2,0.7323,1.3636,0,0
2023-09-20,sh.600717,4.46,4.47,4.41,4.42,11622581.0,51549289.65,0.4016,-0.8969,0,0
2023-09-21,sh.600717,4.42,4.49,4.42,4.44,13397762.0,59652999.52,0.4629,0.4525,0,0
2023-09-22,sh.600717,4.42,4.46,4.39,4.44,15440659.0,68279815.11,0.5335,0.0,0,0
2023-09-25,sh.600717,4.44,4.48,4.42,4.47,15813614.0,70539215.71,0.5464,0.6757,0,0
2023-09-26,sh.600717,4.45,4.47,4.42,4.45,10769509.0,47883387.29,0.3721,-0.4474,0,0
2023-09-27,sh.600717,4.45,4.48,4.44,4.44,11926655.0,53149946.5,0.4121,-0.2247,0,0
2023-09-28,sh.600717,4.45,4.46,4.41,4.41,11064872.0,48913770.52,0.3823,-0.6757,0,0
2023-10-09,sh.600717,4.41,4.42,4.36,4.37,11800422.0,51650167.24,0.4078,-0.907,0,0
2023-10-10,sh.600717,4.38,4.39,4.27,4.29,20005727.0,86245108.7,0.6913,-1.8307,0,0
2023-10-11,sh.600717,4.28,4.3,4.26,4.27,12030759.0,51511867.34,0.4157,-0.4662,0,0
2023-10-12,sh.600717,4.27,4.34,4.26,4.33,11898692.0,51357432.77,0.4112,1.4052,0,0
2023-10-13,sh.600717,4.3,4.33,4.27,4.29,8693784.0,37337165.96,0.3004,-0.9238,0,0
2023-10-16,sh.600717,4.3,4.34,4.28,4.32,10958832.0,47194596.67,0.3787,0.6993,0,0
2023-10-17,sh.600717,4.31,4.35,4.29,4.3,10563382.0,45628944.34,0.365,-0.463,0,0
2023-10-18,sh.600717,4.3,4.31,4.21,4.22,11717316.0,49761207.0,0.4049,-1.8605,0,0
2023-10-19,sh.600717,4.21,4.21,4.16,4.16,11328942.0,47332961.94,0.3915,-1.4218,0,0
2023-10-20,sh.600717,4.19,4.22,4.16,4.17,10607951.0,44396590.26,0.3665,0.2404,0,0
2023-10-23,sh.600717,4.17,4.18,4.07,4.1,11819201.0,48730661.13,0.4084,-1.6787,0,0
2023-10-24,sh.600717,4.12,4.18,4.12,4.15,9822916.0,40717801.0,0.3394,1.2195,0,0
2023-10-25,sh.600717,4.17,4.24,4.17,4.2,11812135.0,49733054.8,0.4082,1.2048,0,0
2023-10-26,sh.600717,4.2,4.24,4.17,4.24,10477358.0,44036911.81,0.362,0.9524,0,0
2023-10-27,sh.600717,4.25,4.28,4.24,4.25,15134412.0,64562670.37,0.523,0.2358,0,0
2023-10-30,sh.600717,4.24,4.28,4.22,4.23,16735096.0,70988248.51,0.5783,-0.4706,0,0
2023-10-31,sh.600717,4.23,4.25,4.2,4.24,15365143.0,64875524.07,0.5309,0.2364,0,0
2023-11-01,sh.600717,4.26,4.26,4.22,4.24,10842572.0,45961615.57,0.3747,0.0,0,0
2023-11-02,sh.600717,4.25,4.27,4.23,4.25,10791085.0,45916260.95,0.3729,0.2358,0,0
2023-11-03,sh.600717,4.26,4.28,4.22,4.23,11085805.0,47161608.68,0.3831,-0.4706,0,0
2023-11-06,sh.600717,4.25,4.27,4.21,4.26,13941239.0,59147705.06,0.4817,0.7092,0,0
2023-11-07,sh.600717,4.26,4.27,4.23,4.24,10831957.0,45997938.69,0.3743,-0.4695,0,0
2023-11-08,sh.600717,4.24,4.27,4.21,4.22,11347518.0,48101948.09,0.3921,-0.4717,0,0
2023-11-09,sh.600717,4.21,4.24,4.2,4.22,9867482.0,41679474.7,0.341,0.0,0,0
2023-11-10,sh.600717,4.21,4.24,4.16,4.23,15312638.0,64216379.01,0.5291,0.237,0,0
2023-11-13,sh.600717,4.23,4.29,4.22,4.29,20516208.0,87459534.05,0.7089,1.4184,0,0
2023-11-14,sh.600717,4.28,4.3,4.25,4.26,13430570.0,57250870.34,0.4641,-0.6993,0,0
2023-11-15,sh.600717,4.28,4.3,4.25,4.27,10982262.0,46892756.28,0.3795,0.2347,0,0
2023-11-16,sh.600717,4.27,4.28,4.24,4.25,8736774.0,37209085.41,0.3019,-0.4684,0,0
2023-11-17,sh.600717,4.24,4.25,4.22,4.24,8912036.0,37773144.24,0.3079,-0.2353,0,0
2023-11-20,sh.600717,4.25,4.27,4.24,4.26,10287447.0,43737202.51,0.3555,0.4717,0,0
2023-11-21,sh.600717,4.26,4.29,4.25,4.25,14687593.0,62754025.91,0.5075,-0.2347,0,0
2023-11-22,sh.600717,4.25,4.28,4.24,4.25,8802766.0,37498152.91,0.3042,0.0,0,0
2023-11-23,sh.600717,4.25,4.27,4.22,4.27,9505800.0,40440143.0,0.3285,0.4706,0,0
2023-11-24,sh.600717,4.27,4.29,4.25,4.27,10513691.0,44918457.35,0.3633,0.0,0,0
2023-11-27,sh.600717,4.27,4.27,4.24,4.26,9269871.0,39438785.93,0.3203,-0.2342,0,0
2023-11-28,sh.600717,4.26,4.26,4.23,4.26,7917018.0,33632448.22,0.2736,0.0,0,0
2023-11-29,sh.600717,4.26,4.27,4.23,4.24,7995151.0,33977267.81,0.2763,-0.4695,0,0
2023-11-30,sh.600717,4.24,4.27,4.22,4.24,17169149.0,72968290.76,0.5933,0.0,0,0
2023-12-01,sh.600717,4.24,4.3,4.23,4.27,18887294.0,80722619.17,0.6526,0.7075,0,0
2023-12-04,sh.600717,4.29,4.33,4.28,4.32,16349085.0,70325132.94,0.5649,1.171,0,0
2023-12-05,sh.600717,4.32,4.32,4.24,4.25,13143043.0,56259837.01,0.4541,-1.6204,0,0
2023-12-06,sh.600717,4.24,4.25,4.18,4.22,15917919.0,67014624.95,0.55,-0.7059,0,0
2023-12-07,sh.600717,4.22,4.23,4.19,4.21,9481946.0,39913762.64,0.3276,-0.237,0,0
2023-12-08,sh.600717,4.21,4.24,4.17,4.17,12497922.0,52535846.5,0.4319,-0.9501,0,0
2023-12-11,sh.600717,4.17,4.22,4.12,4.21,15560775.0,64800308.89,0.5377,0.9592,0,0
2023-12-12,sh.600717,4.2,4.27,4.19,4.26,12688816.0,53674009.66,0.4385,1.1876,0,0
2023-12-13,sh.600717,4.26,4.3,4.24,4.26,16821759.0,71948163.93,0.5813,0.0,0,0
2023-12-14,sh.600717,4.27,4.3,4.23,4.27,10616156.0,45317072.15,0.3668,0.2347,0,0
2023-12-15,sh.600717,4.27,4.28,4.24,4.25,10167239.0,43321995.22,0.3513,-0.4684,0,0
2023-12-18,sh.600717,4.24,4.28,4.23,4.23,10569213.0,44971842.24,0.3652,-0.4706,0,0
2023-12-19,sh.600717,4.25,4.25,4.17,4.2,9396448.0,39507927.3,0.3247,-0.7092,0,0
2023-12-20,sh.600717,4.2,4.23,4.16,4.16,9359855.0,39254628.35,0.3234,-0.9524,0,0
2023-12-21,sh.600717,4.16,4.18,4.11,4.17,11643286.0,48231441.99,0.4023,0.2404,0,0
2023-12-22,sh.600717,4.16,4.21,4.14,4.18,11183532.0,46704237.96,0.3864,0.2398,0,0
2023-12-25,sh.600717,4.16,4.17,4.1,4.13,11577535.0,47682738.09,0.4001,-1.1962,0,0
2023-12-26,sh.600717,4.13,4.15,4.09,4.09,9745604.0,40135530.71,0.3368,-0.9685,0,0
2023-12-27,sh.600717,4.1,4.11,4.06,4.1,10541624.0,43068385.7,0.3643,0.2445,0,0
2023-12-28,sh.600717,4.1,4.14,4.07,4.13,12077139.0,49701015.62,0.4173,0.7317,0,0
2023-12-29,sh.600717,4.13,4.14,4.1,4.11,11598549.0,47775503.65,0.4008,-0.4843,0,0
2024-01-02,sh.600717,4.1,4.19,4.1,4.16,18296302.0,76032186.4,0.6322,1.2165,0,0
2024-01-03,sh.600717,4.15,4.21,4.14,4.19,13252636.0,55473595.0,0.4579,0.7212,0,0
2024-01-04,sh.600717,4.19,4.22,4.17,4.21,11559595.0,48525596.32,0.3994,0.4773,0,0
2024-01-05,sh.600717,4.22,4.24,4.18,4.2,11924428.0,50240101.57,0.412,-0.2375,0,0
2024-01-08,sh.600717,4.2,4.2,4.12,4.12,10464123.0,43492011.28,0.3616,-1.9048,0,0
2024-01-09,sh.600717,4.12,4.2,4.1,4.16,12763725.0,53014043.53,0.441,0.9709,0,0
2024-01-10,sh.600717,4.14,4.18,4.13,4.14,9930774.0,41211190.96,0.3432,-0.4808,0,0
2024-01-11,sh.600717,4.13,4.16,4.12,4.13,9978893.0,41303561.89,0.3448,-0.2415,0,0
2024-01-12,sh.600717,4.14,4.2,4.13,4.15,11392650.0,47539083.73,0.3937,0.4843,0,0
2024-01-15,sh.600717,4.14,4.2,4.13,4.17,9355169.0,39048826.79,0.3233,0.4819,0,0
2024-01-16,sh.600717,4.18,4.19,4.12,4.16,11695575.0,48575775.97,0.4041,-0.2398,0,0
2024-01-17,sh.600717,4.15,4.19,4.11,4.12,16163385.0,67226936.25,0.5585,-0.9615,0,0
2024-01-18,sh.600717,4.11,4.12,3.98,4.07,31059809.0,125111361.1,1.0732,-1.2136,0,0
2024-01-19,sh.600717,4.07,4.09,4.02,4.03,11533763.0,46729637.83,0.3985,-0.9828,0,0
2024-01-22,sh.600717,4.04,4.05,3.82,3.84,21828516.0,85988657.03,0.7543,-4.7146,0,0
2024-01-23,sh.600717,3.84,3.94,3.78,3.91,20513194.0,79001023.09,0.7088,1.8229,0,0
2024-01-24,sh.600717,3.91,4.05,3.88,4.05,22404751.0,89090265.04,0.7742,3.5806,0,0
2024-01-25,sh.600717,4.05,4.19,4.04,4.19,25575047.0,105832513.91,0.8837,3.4568,0,0
2024-01-26,sh.600717,4.17,4.27,4.17,4.25,26272021.0,111620441.06,0.9078,1.432,0,0
2024-01-29,sh.600717,4.25,4.31,4.23,4.23,23575858.0,100682500.95,0.8146,-0.4706,0,0
2024-01-30,sh.600717,4.23,4.29,4.16,4.17,19189675.0,81216621.19,0.6631,-1.4184,0,0
2024-01-31,sh.600717,4.16,4.21,4.1,4.1,21852062.0,90580377.95,0.7551,-1.6787,0,0
2024-02-01,sh.600717,4.1,4.16,4.05,4.07,24060565.0,98715967.99,0.8314,-0.7317,0,0
2024-02-02,sh.600717,4.08,4.15,3.93,4.04,21874821.0,88839409.84,0.7559,-0.7371,0,0
2024-02-05,sh.600717,4.0,4.03,3.8,3.91,32737883.0,128273675.95,1.1312,-3.2178,0,0
2024-02-06,sh.600717,3.9,4.09,3.84,4.02,30796078.0,121820852.4,1.0641,2.8133,0,0
2024-02-07,sh.600717,4.04,4.18,4.01,4.18,36477248.0,151057940.7,1.2604,3.9801,0,0
2024-02-08,sh.600717,4.18,4.26,4.13,4.17,34490049.0,144458295.02,1.1918,-0.2392,0,0
2024-02-19,sh.600717,4.19,4.26,4.17,4.21,29046903.0,122344707.27,1.0037,0.9592,0,0
2024-02-20,sh.600717,4.21,4.23,4.15,4.23,16313681.0,68544066.79,0.5637,0.4751,0,0
2024-02-21,sh.600717,4.21,4.29,4.18,4.23,23842919.0,101401061.6,0.8239,0.0,0,0
2024-02-22,sh.600717,4.24,4.26,4.2,4.25,14964538.0,63308675.27,0.5171,0.4728,0,0
2024-02-23,sh.600717,4.25,4.27,4.21,4.25,15350641.0,65002965.78,0.5304,0.0,0,0
2024-02-26,sh.600717,4.25,4.27,4.18,4.19,21359780.0,90094007.41,0.7381,-1.4118,0,0
2024-02-27,sh.600717,4.19,4.25,4.18,4.24,19729453.0,83158011.19,0.6817,1.1933,0,0
2024-02-28,sh.600717,4.24,4.29,4.2,4.2,31870608.0,135532217.82,1.1013,-0.9434,0,0
2024-02-29,sh.600717,4.19,4.27,4.18,4.27,23941696.0,101427733.56,0.8273,1.6667,0,0
2024-03-01,sh.600717,4.26,4.29,4.23,4.25,16781663.0,71373746.04,0.5799,-0.4684,0,0
2024-03-04,sh.600717,4.25,4.25,4.21,4.23,14942586.0,63155169.33,0.5163,-0.4706,0,0
2024-03-05,sh.600717,4.22,4.23,4.2,4.23,12536751.0,52865768.82,0.4332,0.0,0,0
2024-03-06,sh.600717,4.21,4.24,4.2,4.22,10781788.0,45554680.57,0.3726,-0.2364,0,0
2024-03-07,sh.600717,4.22,4.27,4.21,4.25,16905760.0,71803310.39,0.5842,0.7109,0,0
2024-03-08,sh.600717,4.26,4.31,4.23,4.31,19327873.0,82681388.66,0.6679,1.4118,0,0
2024-03-11,sh.600717,4.3,4.33,4.27,4.31,18015822.0,77311859.48,0.6225,0.0,0,0
2024-03-12,sh.600717,4.3,4.3,4.25,4.27,14194917.0,60609678.58,0.4905,-0.9281,0,0
2024-03-13,sh.600717,4.28,4.28,4.21,4.23,11031063.0,46711585.46,0.3812,-0.9368,0,0
2024-03-14,sh.600717,4.22,4.3,4.22,4.29,18036395.0,76975742.53,0.6232,1.4184,0,0
2024-03-15,sh.600717,4.28,4.33,4.26,4.32,19959747.0,85855714.34,0.6897,0.6993,0,0
2024-03-18,sh.600717,4.32,4.4,4.3,4.38,22943707.0,100024198.48,0.7928,1.3889,0,0
2024-03-19,sh.600717,4.39,4.4,4.33,4.34,14388557.0,62637143.02,0.4972,-0.9132,0,0
2024-03-20,sh.600717,4.34,4.37,4.33,4.35,10443510.0,45396625.55,0.3609,0.2304,0,0
2024-03-21,sh.600717,4.35,4.37,4.34,4.37,14371656.0,62566274.66,0.4966,0.4598,0,0
2024-03-22,sh.600717,4.37,4.38,4.3,4.33,15666724.0,67921707.78,0.5414,-0.9153,0,0
2024-03-25,sh.600717,4.32,4.33,4.23,4.23,23203976.0,99436739.23,0.8018,-2.3095,0,0
2024-03-26,sh.600717,4.23,4.29,4.22,4.28,16603961.0,70620612.79,0.5737,1.182,0,0
2024-03-27,sh.600717,4.28,4.32,4.25,4.25,17103936.0,73296459.95,0.591,-0.7009,0,0
2024-03-28,sh.600717,4.24,4.29,4.22,4.27,14159880.0,60279623.55,0.4893,0.4706,0,0
2024-03-29,sh.600717,4.26,4.32,4.24,4.32,18388561.0,78816070.4,0.6354,1.171,0,0
2024-04-01,sh.600717,4.32,4.37,4.32,4.37,16290627.0,70805827.88,0.5629,1.1574,0,0
2024-04-02,sh.600717,4.36,4.44,4.35,4.43,21903077.0,96558933.31,0.7568,1.373,0,0
2024-04-03,sh.600717,4.43,4.49,4.42,4.49,23782426.0,106073083.6,0.8218,1.3544,0,0
2024-04-08,sh.600717,4.49,4.52,4.44,4.45,24326571.0,109073163.26,0.8406,-0.8909,0,0
2024-04-09,sh.600717,4.44,4.49,4.44,4.45,16193834.0,72183537.87,0.5596,0.0,0,0
2024-04-10,sh.600717,4.45,4.49,4.42,4.46,19155454.0,85373912.51,0.6619,0.2247,0,0
2024-04-11,sh.600717,4.43,4.56,4.41,4.52,23207749.0,104623137.31,0.8019,1.3453,0,0
2024-04-12,sh.600717,4.52,4.56,4.49,4.5,17606073.0,79804267.25,0.6084,-0.4425,0,0
2024-04-15,sh.600717,4.5,4.6,4.43,4.55,24970377.0,113156238.69,0.8628,1.1111,0,0
2024-04-16,sh.600717,4.54,4.61,4.45,4.46,27826768.0,125740087.66,0.9615,-1.978,0,0
2024-04-17,sh.600717,4.46,4.6,4.45,4.6,30256334.0,137115931.6,1.0455,3.139,0,0
2024-04-18,sh.600717,4.59,4.65,4.5,4.54,33767437.0,154117396.69,1.1668,-1.3043,0,0
2024-04-19,sh.600717,4.54,4.65,4.52,4.57,25403964.0,116558527.3,0.8778,0.6608,0,0
2024-04-22,sh.600717,4.61,4.63,4.46,4.48,22043890.0,99725610.22,0.7617,-1.9694,0,0
2024-04-23,sh.600717,4.49,4.51,4.38,4.41,24288836.0,107673346.09,0.8393,-1.5625,0,0
2024-04-24,sh.600717,4.39,4.49,4.39,4.48,21825840.0,97127811.36,0.7542,1.5873,0,0
2024-04-25,sh.600717,4.49,4.51,4.42,4.45,22858490.0,101996582.44,0.7899,-0.6696,0,0
2024-04-26,sh.600717,4.47,4.48,4.37,4.46,25063554.0,110861403.8,0.8661,0.2247,0,0
2024-04-29,sh.600717,4.46,4.47,4.39,4.46,24622556.0,109223235.91,0.8508,0.0,0,0
2024-04-30,sh.600717,4.46,4.53,4.45,4.45,25591721.0,114587838.79,0.8843,-0.2242,0,0
2024-05-06,sh.600717,4.49,4.56,4.48,4.56,29440153.0,133373889.5,1.0173,2.4719,0,0
2024-05-07,sh.600717,4.53,4.56,4.51,4.53,19611427.0,88834556.51,0.6777,-0.6579,0,0
2024-05-08,sh.600717,4.53,4.57,4.5,4.51,18891863.0,85714136.15,0.6528,-0.4415,0,0
2024-05-09,sh.600717,4.5,4.63,4.5,4.61,29106354.0,133451519.02,1.0057,2.2173,0,0
2024-05-10,sh.600717,4.6,4.63,4.57,4.61,18381549.0,84638603.44,0.6352,0.0,0,0
2024-05-13,sh.600717,4.59,4.69,4.55,4.68,23793973.0,110235722.63,0.8222,1.5184,0,0
2024-05-14,sh.600717,4.66,4.69,4.63,4.64,16001211.0,74440255.25,0.5529,-0.8547,0,0
2024-05-15,sh.600717,4.64,4.65,4.55,4.56,15644457.0,71823977.8,0.5406,-1.7241,0,0
2024-05-16,sh.600717,4.57,4.62,4.54,4.55,16797063.0,76856349.82,0.5804,-0.2193,0,0
2024-05-17,sh.600717,4.56,4.6,4.52,4.58,16901781.0,77012093.73,0.584,0.6593,0,0
2024-05-20,sh.600717,4.59,4.64,4.57,4.64,20709747.0,95456188.17,0.7156,1.31,0,0
2024-05-21,sh.600717,4.62,4.65,4.57,4.59,15410175.0,71078912.79,0.5325,-1.0776,0,0
2024-05-22,sh.600717,4.59,4.61,4.54,4.55,20435791.0,93522422.22,0.7061,-0.8715,0,0
2024-05-23,sh.600717,4.55,4.55,4.43,4.45,20116351.0,90084600.0,0.6951,-2.1978,0,0
2024-05-24,sh.600717,4.45,4.52,4.44,4.45,15460747.0,69242712.71,0.5342,0.0,0,0
2024-05-27,sh.600717,4.47,4.54,4.46,4.54,18183804.0,82173258.12,0.6283,2.0225,0,0
2024-05-28,sh.600717,4.53,4.56,4.5,4.5,15190321.0,68800592.49,0.5249,-0.8811,0,0
2024-05-29,sh.600717,4.5,4.53,4.45,4.47,15268582.0,68476875.12,0.5276,-0.6667,0,0
2024-05-30,sh.600717,4.46,4.51,4.43,4.45,13011245.0,58057501.61,0.4496,-0.4474,0,0
2024-05-31,sh.600717,4.45,4.48,4.43,4.43,12355944.0,54936272.55,0.427,-0.4494,0,0
2024-06-03,sh.600717,4.41,4.43,4.33,4.38,22630498.0,99116704.51,0.782,-1.1287,0,0
2024-06-04,sh.600717,4.37,4.44,4.36,4.43,14960170.0,65866027.09,0.5169,1.1416,0,0
2024-06-05,sh.600717,4.42,4.45,4.37,4.37,12310840.0,54287009.53,0.4254,-1.3544,0,0
2024-06-06,sh.600717,4.38,4.4,4.28,4.32,21537688.0,93407079.89,0.7442,-1.1442,0,0
2024-06-07,sh.600717,4.34,4.45,4.33,4.44,22883601.0,100501699.54,0.7907,2.7778,0,0
2024-06-11,sh.600717,4.42,4.46,4.27,4.29,32089020.0,138879511.56,1.1088,-3.3784,0,0
2024-06-12,sh.600717,4.29,4.32,4.26,4.31,15360746.0,65885451.55,0.5308,0.4662,0,0
2024-06-13,sh.600717,4.3,4.31,4.22,4.24,16164732.0,68762238.78,0.5586,-1.6241,0,0
2024-06-14,sh.600717,4.23,4.3,4.23,4.28,14568558.0,62243743.43,0.5034,0.9434,0,0
2024-06-17,sh.600717,4.26,4.32,4.23,4.27,14862134.0,63637866.24,0.5135,-0.2336,0,0
2024-06-18,sh.600717,4.27,4.37,4.25,4.36,17833023.0,77134041.41,0.6162,2.1077,0,0
2024-06-19,sh.600717,4.36,4.38,4.32,4.33,11934444.0,51860584.46,0.4124,-0.6881,0,0
2024-06-20,sh.600717,4.25,4.26,4.18,4.21,13855940.0,58391033.46,0.4788,-0.4728,0,0
2024-06-21,sh.600717,4.23,4.27,4.19,4.23,13059178.0,55381768.85,0.4512,0.4751,0,0
2024-06-24,sh.600717,4.23,4.23,4.15,4.17,13368157.0,55973737.88,0.4619,-1.4184,0,0
2024-06-25,sh.600717,4.17,4.24,4.17,4.21,16106385.0,67859092.51,0.5565,0.9592,0,0
2024-06-26,sh.600717,4.21,4.25,4.17,4.25,15302437.0,64428625.86,0.5288,0.9501,0,0
2024-06-27,sh.600717,4.23,4.25,4.17,4.19,14712435.0,61770394.73,0.5084,-1.4118,0,0
2024-06-28,sh.600717,4.2,4.31,4.18,4.27,21817443.0,93056337.5,0.7539,1.9093,0,0
2024-07-01,sh.600717,4.27,4.33,4.24,4.32,16643985.0,71542542.17,0.5751,1.171,0,0
2024-07-02,sh.600717,4.32,4.38,4.3,4.37,18528378.0,80793759.1,0.6402,1.1574,0,0
2024-07-03,sh.600717,4.37,4.42,4.36,4.39,15891622.0,69773977.65,0.5491,0.4577,0,0
2024-07-04,sh.600717,4.37,4.42,4.34,4.36,16931048.0,74158007.18,0.585,-0.6834,0,0
2024-07-05,sh.600717,4.38,4.41,4.32,4.36,14070970.0,61295848.54,0.4862,0.0,0,0
2024-07-08,sh.600717,4.38,4.45,4.34,4.36,21428309.0,94027269.46,0.7404,0.0,0,0
2024-07-09,sh.600717,4.36,4.45,4.31,4.43,22370730.0,98472424.16,0.773,1.6055,0,0
2024-07-10,sh.600717,4.42,4.5,4.41,4.42,19374390.0,86150384.01,0.6695,-0.2257,0,0
2024-07-11,sh.600717,4.44,4.5,4.43,4.48,19912911.0,89001663.16,0.6881,1.3575,0,0
2024-07-12,sh.600717,4.47,4.51,4.45,4.47,16094441.0,72144019.07,0.5561,-0.2232,0,0
2024-07-15,sh.600717,4.48,4.5,4.44,4.48,13990942.0,62615157.98,0.4834,0.2237,0,0
2024-07-16,sh.600717,4.46,4.49,4.42,4.43,13335346.0,59374064.32,0.4608,-1.1161,0,0
2024-07-17,sh.600717,4.45,4.45,4.4,4.42,18158198.0,80267571.15,0.6274,-0.2257,0,0
2024-07-18,sh.600717,4.42,4.46,4.37,4.45,15300108.0,67591513.2,0.5287,0.6787,0,0
2024-07-19,sh.600717,4.45,4.45,4.4,4.44,13339682.0,59042219.3,0.4609,-0.2247,0,0
2024-07-22,sh.600717,4.43,4.44,4.4,4.42,15080571.0,66584444.39,0.5211,-0.4505,0,0
2024-07-23,sh.600717,4.42,4.49,4.41,4.42,24663978.0,109990649.38,0.8522,0.0,0,0
2024-07-24,sh.600717,4.41,4.5,4.38,4.45,21971024.0,97826033.59,0.7592,0.6787,0,0
2024-07-25,sh.600717,4.46,4.48,4.41,4.46,14702133.0,65370110.84,0.508,0.2247,0,0
2024-07-26,sh.600717,4.45,4.48,4.4,4.48,22490265.0,99839722.65,0.7771,0.4484,0,0
2024-07-29,sh.600717,4.51,4.55,4.47,4.53,25067874.0,113293389.57,0.8662,1.1161,0,0
2024-07-30,sh.600717,4.52,4.59,4.51,4.58,20988217.0,95653691.15,0.7252,1.1038,0,0
2024-07-31,sh.600717,4.61,4.73,4.59,4.68,41372662.0,193354768.71,1.4296,2.1834,0,0
2024-08-01,sh.600717,4.7,4.9,4.68,4.88,50630032.0,244160942.9,1.7495,4.2735,0,0
2024-08-02,sh.600717,4.88,4.88,4.77,4.8,32290577.0,155610364.99,1.1158,-1.6393,0,0
2024-08-05,sh.600717,4.78,4.8,4.63,4.65,38232560.0,180061190.43,1.3211,-3.125,0,0
2024-08-06,sh.600717,4.69,4.7,4.59,4.63,23522350.0,109039401.32,0.8128,-0.4301,0,0
2024-08-07,sh.600717,4.61,4.62,4.54,4.57,22128650.0,101154603.54,0.7646,-1.2959,0,0
2024-08-08,sh.600717,4.55,4.6,4.55,4.59,15949725.0,73079707.51,0.5511,0.4376,0,0
2024-08-09,sh.600717,4.6,4.61,4.55,4.56,12244314.0,56046532.01,0.4231,-0.6536,0,0
2024-08-12,sh.600717,4.55,4.56,4.49,4.52,23393589.0,105730248.45,0.8083,-0.8772,0,0
2024-08-13,sh.600717,4.53,4.61,4.51,4.6,18748646.0,85826244.95,0.6478,1.7699,0,0
2024-08-14,sh.600717,4.6,4.61,4.54,4.56,14187700.0,64884593.0,0.4902,-0.8696,0,0
2024-08-15,sh.600717,4.54,4.66,4.54,4.63,21392501.0,98708211.9,0.7392,1.5351,0,0
2024-08-16,sh.600717,4.63,4.65,4.56,4.58,17314342.0,79734060.33,0.5983,-1.0799,0,0
2024-08-19,sh.600717,4.59,4.63,4.58,4.61,15025006.0,69192399.41,0.5192,0.655,0,0
2024-08-20,sh.600717,4.61,4.62,4.51,4.54,16489222.0,75002298.13,0.5698,-1.5184,0,0
2024-08-21,sh.600717,4.53,4.56,4.47,4.5,14148589.0,63733214.05,0.4889,-0.8811,0,0
2024-08-22,sh.600717,4.49,4.59,4.49,4.57,18588235.0,84534744.88,0.6423,1.5556,0,0
2024-08-23,sh.600717,4.56,4.6,4.51,4.58,14425631.0,65738474.32,0.4985,0.2188,0,0
2024-08-26,sh.600717,4.55,4.57,4.39,4.44,27661378.0,122851093.86,0.9558,-3.0568,0,0
2024-08-27,sh.600717,4.44,4.5,4.42,4.48,17664154.0,79045239.43,0.6104,0.9009,0,0
2024-08-28,sh.600717,4.47,4.53,4.45,4.46,12336289.0,55368797.32,0.4263,-0.4464,0,0
2024-08-29,sh.600717,4.46,4.47,4.36,4.38,20652174.0,90852522.38,0.7136,-1.7937,0,0
2024-08-30,sh.600717,4.37,4.41,4.34,4.35,24144213.0,105741963.76,0.8343,-0.6849,0,0
2024-09-02,sh.600717,4.35,4.43,4.34,4.34,17981444.0,78723356.22,0.6213,-0.2299,0,0
2024-09-03,sh.600717,4.34,4.39,4.26,4.27,20389461.0,87910140.37,0.7045,-1.6129,0,0
2024-09-04,sh.600717,4.29,4.29,4.24,4.26,10857764.0,46248702.35,0.3752,-0.2342,0,0
2024-09-05,sh.600717,4.25,4.27,4.23,4.25,14044460.0,59672435.6,0.4853,-0.2347,0,0
2024-09-06,sh.600717,4.25,4.36,4.25,4.28,22364667.0,96544846.95,0.7728,0.7059,0,0
2024-09-09,sh.600717,4.25,4.28,4.19,4.22,15785522.0,66713414.65,0.5455,-1.4019,0,0
2024-09-10,sh.600717,4.22,4.24,4.12,4.18,16687415.0,69460374.5,0.5766,-0.9479,0,0
2024-09-11,sh.600717,4.15,4.16,4.08,4.11,18178624.0,74921111.4,0.6281,-1.6746,0,0
2024-09-12,sh.600717,4.11,4.17,4.1,4.15,13215828.0,54829519.01,0.4567,0.9732,0,0
2024-09-13,sh.600717,4.14,4.2,4.14,4.17,12163914.0,50813262.71,0.4203,0.4819,0,0
2024-09-18,sh.600717,4.17,4.19,4.12,4.19,10387160.0,43167637.97,0.3589,0.4796,0,0
2024-09-19,sh.600717,4.2,4.23,4.15,4.2,18790018.0,78781768.04,0.6493,0.2387,0,0
2024-09-20,sh.600717,4.2,4.22,4.15,4.19,14878662.0,62252299.06,0.5141,-0.2381,0,0
2024-09-23,sh.600717,4.18,4.23,4.17,4.22,14731299.0,62074695.07,0.509,0.716,0,0
2024-09-24,sh.600717,4.24,4.38,4.24,4.38,23053217.0,99647375.33,0.7966,3.7915,0,0
2024-09-25,sh.600717,4.41,4.54,4.41,4.46,29147550.0,130723179.12,1.0072,1.8265,0,0
2024-09-26,sh.600717,4.46,4.61,4.45,4.61,31268552.0,141613089.82,1.0805,3.3632,0,0
2024-09-27,sh.600717,4.66,4.68,4.56,4.65,24601676.0,113557236.05,0.8501,0.8677,0,0
2024-09-30,sh.600717,4.77,5.04,4.72,4.99,77936409.0,380613668.44,2.693,7.3118,0,0
2024-10-08,sh.600717,5.49,5.49,4.98,5.14,91939287.0,477107838.32,3.1769,3.006,0,0
2024-10-09,sh.600717,5.1,5.1,4.72,4.72,65907249.0,321884539.24,2.2774,-8.1712,0,0
2024-10-10,sh.600717,4.73,5.01,4.72,4.88,55929507.0,273413516.34,1.9326,3.3898,0,0
2024-10-11,sh.600717,4.89,4.92,4.77,4.81,31411790.0,152315911.85,1.0854,-1.4344,0,0
2024-10-14,sh.600717,4.86,4.91,4.79,4.85,29360428.0,142311180.22,1.0145,0.8316,0,0
2024-10-15,sh.600717,4.84,4.85,4.72,4.72,29183341.0,139711868.89,1.0084,-2.6804,0,0
2024-10-16,sh.600717,4.69,4.82,4.67,4.79,24506176.0,117030487.24,0.8468,1.4831,0,0
2024-10-17,sh.600717,4.8,4.84,4.69,4.69,23431918.0,111051045.11,0.8097,-2.0877,0,0
2024-10-18,sh.600717,4.67,4.82,4.63,4.75,37014651.0,174947318.37,1.279,1.2793,0,0
2024-10-21,sh.600717,4.75,4.77,4.68,4.7,34153847.0,160762276.24,1.1802,-1.0526,0,0
2024-10-22,sh.600717,4.69,4.76,4.68,4.74,26678169.0,125863061.01,0.9218,0.8511,0,0
2024-10-23,sh.600717,4.74,4.84,4.73,4.83,30945441.0,148535545.63,1.0693,1.8987,0,0
2024-10-24,sh.600717,4.8,4.81,4.75,4.79,19979140.0,95436906.86,0.6904,-0.8282,0,0
2024-10-25,sh.600717,4.77,4.8,4.75,4.77,30461751.0,145259377.92,1.0526,-0.4175,0,0
2024-10-28,sh.600717,4.78,4.89,4.75,4.89,33453294.0,161598944.79,1.156,2.5157,0,0
2024-10-29,sh.600717,4.9,4.92,4.75,4.77,28142876.0,135386270.21,0.9725,-2.454,0,0
2024-10-30,sh.600717,4.76,4.83,4.72,4.77,22527777.0,107325203.62,0.7784,0.0,0,0
2024-10-31,sh.600717,4.76,4.81,4.73,4.8,21764990.0,104080575.55,0.7521,0.6289,0,0
2024-11-01,sh.600717,4.8,4.83,4.75,4.78,28608538.0,137031320.39,0.9885,-0.4167,0,0
2024-11-04,sh.600717,4.77,4.79,4.73,4.79,19079607.0,90872043.34,0.6593,0.2092,0,0
2024-11-05,sh.600717,4.79,4.9,4.77,4.88,35394944.0,172057813.67,1.223,1.8789,0,0
2024-11-06,sh.600717,4.91,4.93,4.83,4.9,35725304.0,174257612.87,1.2345,0.4098,0,0
2024-11-07,sh.600717,4.86,5.02,4.84,5.02,39249828.0,194650353.66,1.3562,2.449,0,0
2024-11-08,sh.600717,5.07,5.1,4.92,4.96,44332723.0,220790227.28,1.5319,-1.1952,0,0
2024-11-11,sh.600717,4.95,4.99,4.88,4.95,31598605.0,155807509.72,1.0919,-0.2016,0,0
2024-11-12,sh.600717,4.95,5.0,4.89,4.93,38341539.0,189906454.94,1.3249,-0.404,0,0
2024-11-13,sh.600717,4.9,5.02,4.89,5.01,34158050.0,169768634.54,1.1803,1.6227,0,0
2024-11-14,sh.600717,5.01,5.02,4.9,4.92,28655601.0,142125736.89,0.9902,-1.7964,0,0
2024-11-15,sh.600717,4.95,5.09,4.92,5.03,55102175.0,277070945.87,1.904,2.2358,0,0
2024-11-18,sh.600717,5.14,5.4,5.1,5.15,94905614.0,496292592.18,3.2794,2.3857,0,0
2024-11-19,sh.600717,5.15,5.18,5.0,5.09,57727381.0,293289091.06,1.9947,-1.165,0,0
2024-11-20,sh.600717,5.06,5.18,5.04,5.15,51390337.0,262787222.08,1.7758,1.1788,0,0
2024-11-21,sh.600717,5.15,5.16,5.05,5.08,34379335.0,174877687.22,1.188,-1.3592,0,0
2024-11-22,sh.600717,5.06,5.12,4.88,4.89,43256023.0,216793044.63,1.4947,-3.7402,0,0
2024-11-25,sh.600717,4.89,4.97,4.86,4.91,29577871.0,145192004.27,1.022,0.409,0,0
2024-11-26,sh.600717,4.92,4.98,4.87,4.95,30226186.0,149269359.33,1.0444,0.8147,0,0
2024-11-27,sh.600717,4.94,4.97,4.82,4.96,26781070.0,131032106.81,0.9254,0.202,0,0
2024-11-28,sh.600717,4.95,5.01,4.91,4.96,22935882.0,114130541.14,0.7925,0.0,0,0
2024-11-29,sh.600717,4.95,5.04,4.94,5.03,27655332.0,138354428.19,0.9556,1.4113,0,0
2024-12-02,sh.600717,5.04,5.09,5.01,5.06,25949862.0,130896635.45,0.8967,0.5964,0,0
2024-12-03,sh.600717,5.08,5.08,5.02,5.06,21369149.0,107703349.53,0.7384,0.0,0,0
2024-12-04,sh.600717,5.04,5.05,4.98,5.0,26505786.0,132919786.43,0.9159,-1.1858,0,0
2024-12-05,sh.600717,5.01,5.03,4.98,5.01,22602671.0,113237581.94,0.781,0.2,0,0
2024-12-06,sh.600717,5.01,5.15,5.0,5.14,38191682.0,194119976.59,1.3197,2.5948,0,0
2024-12-09,sh.600717,5.13,5.18,5.1,5.12,24647442.0,126656332.83,0.8517,-0.3891,0,0
2024-12-10,sh.600717,5.21,5.25,5.05,5.08,36086605.0,185430942.4,1.2469,-0.7813,0,0
2024-12-11,sh.600717,5.06,5.14,5.05,5.1,17914344.0,91435831.69,0.619,0.3937,0,0
2024-12-12,sh.600717,5.11,5.14,5.07,5.13,18278373.0,93460423.55,0.6316,0.5882,0,0
2024-12-13,sh.600717,5.12,5.13,4.95,5.0,33238075.0,167479396.1,1.1485,-2.5341,0,0
2024-12-16,sh.600717,5.0,5.05,4.99,5.02,17597615.0,88413636.68,0.6081,0.4,0,0
2024-12-17,sh.600717,5.01,5.06,4.93,4.95,20939117.0,104258566.37,0.7235,-1.3944,0,0
2024-12-18,sh.600717,4.96,5.02,4.94,4.96,18136245.0,90442180.74,0.6267,0.202,0,0
2024-12-19,sh.600717,4.93,4.94,4.86,4.92,19354941.0,94789476.82,0.6688,-0.8065,0,0
2024-12-20,sh.600717,4.91,4.94,4.87,4.88,18948719.0,92716972.45,0.6548,-0.813,0,0
2024-12-23,sh.600717,4.88,4.94,4.86,4.87,19928033.0,97596213.69,0.6886,-0.2049,0,0
2024-12-24,sh.600717,4.87,4.94,4.87,4.93,16403970.0,80536245.01,0.5668,1.232,0,0
2024-12-25,sh.600717,4.93,4.95,4.89,4.94,15045387.0,74010571.23,0.5199,0.2028,0,0
2024-12-26,sh.600717,4.94,4.96,4.82,4.84,25558212.0,124543221.54,0.8831,-2.0243,0,0
2024-12-27,sh.600717,4.84,4.96,4.83,4.96,27689810.0,135944319.11,0.9568,2.4793,0,0
2024-12-30,sh.600717,4.94,4.98,4.93,4.95,12454867.0,61712168.76,0.4304,-0.2016,0,0
2024-12-31,sh.600717,4.94,4.98,4.87,4.87,21815013.0,107574228.66,0.7538,-1.6162,0,0
2025-01-02,sh.600717,4.87,4.93,4.67,4.7,30678695.0,147105025.83,1.0601,-3.4908,0,0
2025-01-03,sh.600717,4.71,4.79,4.66,4.68,25967753.0,122445104.47,0.8973,-0.4255,0,0
2025-01-06,sh.600717,4.68,4.74,4.63,4.69,19997129.0,93700295.44,0.691,0.2137,0,0
2025-01-07,sh.600717,4.7,4.71,4.61,4.66,18007877.0,83702512.6,0.6222,-0.6397,0,0
2025-01-08,sh.600717,4.65,4.69,4.57,4.65,19376506.0,89815841.03,0.6695,-0.2146,0,0
2025-01-09,sh.600717,4.63,4.64,4.53,4.54,21686976.0,99012258.63,0.7494,-2.3656,0,0
2025-01-10,sh.600717,4.55,4.57,4.49,4.49,15916298.0,71952761.0,0.55,-1.1013,0,0
2025-01-13,sh.600717,4.46,4.5,4.43,4.48,18616239.0,83209802.75,0.6433,-0.2227,0,0
2025-01-14,sh.600717,4.49,4.59,4.48,4.58,18846500.0,85906522.98,0.6512,2.2321,0,0
2025-01-15,sh.600717,4.57,4.65,4.55,4.61,17805570.0,81980597.65,0.6153,0.655,0,0
2025-01-16,sh.600717,4.61,4.67,4.6,4.62,17019709.0,78918825.34,0.5881,0.2169,0,0
2025-01-17,sh.600717,4.62,4.65,4.57,4.64,10273682.0,47493262.35,0.355,0.4329,0,0
2025-01-20,sh.600717,4.66,4.68,4.61,4.61,13559048.0,62985318.98,0.4685,-0.6466,0,0
2025-01-21,sh.600717,4.64,4.65,4.57,4.58,14040510.0,64553530.29,0.4852,-0.6508,0,0
2025-01-22,sh.600717,4.59,4.59,4.51,4.54,11723061.0,53213382.84,0.4051,-0.8734,0,0
2025-01-23,sh.600717,4.56,4.66,4.56,4.6,20171589.0,93205186.45,0.697,1.3216,0,0
2025-01-24,sh.600717,4.59,4.64,4.57,4.63,17861078.0,82304235.49,0.6172,0.6522,0,0
2025-01-27,sh.600717,4.63,4.78,4.63,4.76,27525806.0,130460103.87,0.9511,2.8078,0,0
2025-02-05,sh.600717,4.74,4.77,4.59,4.6,27238582.0,127021543.29,0.9412,-3.3613,0,0
2025-02-06,sh.600717,4.6,4.65,4.59,4.63,15408348.0,71165534.73,0.5324,0.6522,0,0
2025-02-07,sh.600717,4.63,4.71,4.61,4.68,21711416.0,101332255.38,0.7502,1.0799,0,0
2025-02-10,sh.600717,4.69,4.73,4.66,4.66,18613084.0,87165321.08,0.6432,-0.4274,0,0
2025-02-11,sh.600717,4.68,4.69,4.63,4.66,16380204.0,76249858.76,0.566,0.0,0,0
2025-02-12,sh.600717,4.66,4.68,4.6,4.65,17153251.0,79540399.62,0.5927,-0.2146,0,0
2025-02-13,sh.600717,4.65,4.66,4.63,4.64,15188698.0,70540935.14,0.5248,-0.2151,0,0
2025-02-14,sh.600717,4.64,4.65,4.59,4.63,16659264.0,76904295.76,0.5756,-0.2155,0,0
2025-02-17,sh.600717,4.63,4.65,4.59,4.64,20635517.0,95363342.63,0.713,0.216,0,0
2025-02-18,sh.600717,4.63,4.67,4.58,4.6,18062759.0,83631931.42,0.6241,-0.8621,0,0
2025-02-19,sh.600717,4.59,4.62,4.58,4.6,15564557.0,71539060.21,0.5378,0.0,0,0
2025-02-20,sh.600717,4.6,4.6,4.55,4.57,16649518.0,76180983.17,0.5753,-0.6522,0,0
2025-02-21,sh.600717,4.57,4.59,4.51,4.58,17650940.0,80328410.98,0.6099,0.2188,0,0
2025-02-24,sh.600717,4.56,4.65,4.54,4.59,19301340.0,88871462.28,0.6669,0.2183,0,0
2025-02-25,sh.600717,4.59,4.6,4.53,4.54,16772690.0,76358227.1,0.5796,-1.0893,0,0
2025-02-26,sh.600717,4.55,4.59,4.54,4.58,15231044.0,69619946.19,0.5263,0.8811,0,0
2025-02-27,sh.600717,4.57,4.61,4.56,4.6,14982246.0,68657095.74,0.5177,0.4367,0,0
2025-02-28,sh.600717,4.58,4.64,4.58,4.59,21139765.0,97476347.33,0.7305,-0.2174,0,0
2025-03-03,sh.600717,4.58,4.64,4.55,4.56,19063044.0,87368597.07,0.6587,-0.6536,0,0
2025-03-04,sh.600717,4.55,4.58,4.54,4.57,9981886.0,45569376.3,0.3449,0.2193,0,0
2025-03-05,sh.600717,4.57,4.58,4.53,4.56,13326647.0,60654938.85,0.4605,-0.2188,0,0
2025-03-06,sh.600717,4.56,4.59,4.54,4.59,15765528.0,71981285.96,0.5448,0.6579,0,0
2025-03-07,sh.600717,4.58,4.62,4.56,4.59,14466544.0,66462238.69,0.4999,0.0,0,0
2025-03-10,sh.600717,4.59,4.63,4.57,4.58,14935991.0,68605181.64,0.5161,-0.2179,0,0
2025-03-11,sh.600717,4.56,4.58,4.53,4.57,13709832.0,62442541.36,0.4737,-0.2183,0,0
2025-03-12,sh.600717,4.58,4.62,4.55,4.61,18570745.0,85314870.88,0.6417,0.8753,0,0
2025-03-13,sh.600717,4.61,4.62,4.56,4.6,12869618.0,59041827.32,0.4447,-0.2169,0,0
2025-03-14,sh.600717,4.6,4.68,4.6,4.68,23275735.0,108231340.4,0.8043,1.7391,0,0
2025-03-17,sh.600717,4.69,4.72,4.65,4.67,20594693.0,96379216.4,0.7116,-0.2137,0,0
2025-03-18,sh.600717,4.67,4.8,4.64,4.77,41055044.0,194527616.33,1.4186,2.1413,0,0
2025-03-19,sh.600717,4.77,4.77,4.71,4.73,21483347.0,101597239.7,0.7423,-0.8386,0,0
2025-03-20,sh.600717,4.72,4.76,4.72,4.75,16309522.0,77341072.13,0.5636,0.4228,0,0
2025-03-21,sh.600717,4.74,4.81,4.72,4.76,27997785.0,133770122.53,0.9674,0.2105,0,0
2025-03-24,sh.600717,4.8,4.82,4.7,4.75,27315243.0,129404614.1,0.9439,-0.2101,0,0
2025-03-25,sh.600717,4.76,4.8,4.73,4.78,21036461.0,100490404.14,0.7269,0.6316,0,0
2025-03-26,sh.600717,4.77,4.85,4.77,4.84,28349314.0,136572143.63,0.9796,1.2552,0,0
2025-03-27,sh.600717,4.83,4.85,4.78,4.79,20001688.0,96239764.3,0.6911,-1.0331,0,0
2025-03-28,sh.600717,4.78,4.8,4.72,4.74,15073396.0,71602808.22,0.5208,-1.0438,0,0
2025-03-31,sh.600717,4.74,4.8,4.69,4.72,18859626.0,89490765.17,0.6517,-0.4219,0,0
2025-04-01,sh.600717,4.73,4.77,4.71,4.76,12643065.0,60090644.8,0.4369,0.8475,0,0
2025-04-02,sh.600717,4.76,4.77,4.71,4.72,10702116.0,50649974.12,0.3698,-0.8403,0,0
2025-04-03,sh.600717,4.7,4.81,4.68,4.8,24659594.0,117787235.73,0.8521,1.6949,0,0
2025-04-07,sh.600717,4.68,4.68,4.32,4.32,42230966.0,188011680.66,1.4593,-10.0,0,1
2025-04-08,sh.600717,4.34,4.43,4.28,4.39,45602005.0,198719033.06,1.5757,1.6204,0,0
2025-04-09,sh.600717,4.34,4.64,4.25,4.6,62443649.0,276355809.62,2.1577,4.7836,0,0
2025-04-10,sh.600717,4.59,4.64,4.5,4.52,53017028.0,241906310.53,1.832,-1.7391,0,0
2025-04-11,sh.600717,4.5,4.58,4.45,4.48,40227946.0,181540482.88,1.39,-0.885,0,0
2025-04-14,sh.600717,4.49,4.52,4.46,4.49,28261312.0,126833050.12,0.9765,0.2232,0,0
2025-04-15,sh.600717,4.49,4.5,4.42,4.44,20978188.0,93209319.84,0.7249,-1.1136,0,0
2025-04-16,sh.600717,4.43,4.54,4.42,4.52,29774129.0,133780678.21,1.0288,1.8018,0,0
2025-04-17,sh.600717,4.49,4.52,4.45,4.5,19143456.0,86017182.29,0.6615,-0.4425,0,0
2025-04-18,sh.600717,4.51,4.51,4.43,4.45,14801707.0,66004038.86,0.5115,-1.1111,0,0
2025-04-21,sh.600717,4.46,4.47,4.43,4.45,11265971.0,50169590.32,0.3893,0.0,0,0
2025-04-22,sh.600717,4.47,4.55,4.47,4.54,28028155.0,126581107.83,0.9685,2.0225,0,0
2025-04-23,sh.600717,4.53,4.54,4.49,4.51,16829176.0,75891408.38,0.5815,-0.6608,0,0
2025-04-24,sh.600717,4.52,4.55,4.49,4.51,15175296.0,68524399.83,0.5244,0.0,0,0
2025-04-25,sh.600717,4.51,4.55,4.5,4.54,15461661.0,70050431.62,0.5343,0.6652,0,0
2025-04-28,sh.600717,4.54,4.57,4.49,4.55,18374903.0,83355059.97,0.6349,0.2203,0,0
2025-04-29,sh.600717,4.53,4.56,4.48,4.49,17442294.0,78683948.34,0.6027,-1.3187,0,0
2025-04-30,sh.600717,4.49,4.49,4.42,4.42,20213600.0,89787464.59,0.6985,-1.559,0,0
2025-05-06,sh.600717,4.46,4.47,4.43,4.46,14220562.0,63410566.23,0.4914,0.905,0,0
2025-05-07,sh.600717,4.49,4.52,4.47,4.48,14930433.0,67028890.6,0.5159,0.4484,0,0
2025-05-08,sh.600717,4.47,4.5,4.46,4.48,11658428.0,52222354.12,0.4028,0.0,0,0
2025-05-09,sh.600717,4.48,4.53,4.47,4.52,19039720.0,85654867.69,0.6579,0.8929,0,0
2025-05-12,sh.600717,4.53,4.59,4.52,4.57,20082938.0,91496050.15,0.694,1.1062,0,0
2025-05-13,sh.600717,4.6,4.66,4.56,4.65,35618938.0,164141571.58,1.2308,1.7505,0,0
2025-05-14,sh.600717,4.64,4.71,4.61,4.7,46972980.0,219478355.97,1.6231,1.0753,0,0
2025-05-15,sh.600717,4.71,4.88,4.68,4.68,64216129.0,307207138.48,2.2189,-0.4255,0,0
2025-05-16,sh.600717,4.66,4.74,4.61,4.62,39594738.0,184017348.53,1.3682,-1.2821,0,0
2025-05-19,sh.600717,4.62,4.94,4.61,4.94,92727595.0,449140697.79,3.2041,6.9264,0,0
2025-05-20,sh.600717,4.94,4.94,4.71,4.75,66785115.0,317552110.12,2.3077,-3.8462,0,0
2025-05-21,sh.600717,4.72,4.82,4.67,4.74,40199296.0,190775774.94,1.3891,-0.2105,0,0
2025-05-22,sh.600717,4.68,4.7,4.63,4.68,33415691.0,155585841.72,1.1547,-1.2658,0,0
2025-05-23,sh.600717,4.66,4.66,4.58,4.58,25438004.0,117538120.31,0.879,-2.1368,0,0
2025-05-26,sh.600717,4.58,4.61,4.56,4.58,15069909.0,69032907.48,0.5207,0.0,0,0
2025-05-27,sh.600717,4.58,4.59,4.55,4.57,15099459.0,68978626.49,0.5218,-0.2183,0,0
2025-05-28,sh.600717,4.56,4.58,4.55,4.55,12065905.0,55022107.11,0.4169,-0.4376,0,0
2025-05-29,sh.600717,4.56,4.61,4.55,4.59,14799062.0,67863977.29,0.5114,0.8791,0,0
2025-05-30,sh.600717,4.59,4.6,4.56,4.57,14834300.0,67905014.0,0.5126,-0.4357,0,0
2025-06-03,sh.600717,4.56,4.57,4.54,4.56,19718487.0,89735118.63,0.6814,-0.2188,0,0
2025-06-04,sh.600717,4.56,4.59,4.53,4.56,17754445.0,80779447.15,0.6135,0.0,0,0
2025-06-05,sh.600717,4.56,4.57,4.52,4.53,14611640.0,66256012.41,0.5049,-0.6579,0,0
2025-06-06,sh.600717,4.53,4.55,4.52,4.53,18041702.0,81765894.38,0.6234,0.0,0,0
2025-06-09,sh.600717,4.53,4.55,4.52,4.54,12319331.0,55912842.01,0.4257,0.2208,0,0
2025-06-10,sh.600717,4.55,4.62,4.54,4.61,36712970.0,168309159.99,1.2686,1.5419,0,0
2025-06-11,sh.600717,4.63,4.64,4.56,4.6,32247301.0,148312222.4,1.1143,-0.2169,0,0
2025-06-12,sh.600717,4.59,4.6,4.56,4.56,17103269.0,78168508.74,0.591,-0.8696,0,0
2025-06-13,sh.600717,4.57,4.61,4.56,4.57,18100429.0,82991998.83,0.6254,0.2193,0,0
2025-06-16,sh.600717,4.56,4.59,4.54,4.57,9676879.0,44188157.42,0.3344,0.0,0,0
2025-06-17,sh.600717,4.57,4.63,4.55,4.62,18884234.0,86798638.09,0.6525,1.0941,0,0
2025-06-18,sh.600717,4.62,4.66,4.59,4.6,19875065.0,91759691.18,0.6868,-0.4329,0,0
2025-06-19,sh.600717,4.5,4.51,4.44,4.46,16411053.0,73383449.01,0.5671,-0.8889,0,0
2025-06-20,sh.600717,4.47,4.52,4.46,4.5,14586119.0,65592705.66,0.504,0.8969,0,0
2025-06-23,sh.600717,4.55,4.61,4.52,4.6,29760164.0,135964191.71,1.0283,2.2222,0,0
2025-06-24,sh.600717,4.54,4.63,4.5,4.62,31980108.0,146065935.6,1.105,0.4348,0,0
2025-06-25,sh.600717,4.62,4.63,4.56,4.6,15538858.0,71331799.28,0.5369,-0.4329,0,0
2025-06-26,sh.600717,4.6,4.61,4.57,4.58,13252182.0,60808789.8,0.4579,-0.4348,0,0
2025-06-27,sh.600717,4.58,4.61,4.56,4.57,13600466.0,62319374.75,0.47,-0.2183,0,0
2025-06-30,sh.600717,4.57,4.58,4.54,4.56,13163529.0,60000917.24,0.4549,-0.2188,0,0
2025-07-01,sh.600717,4.56,4.6,4.55,4.59,13707008.0,62692263.45,0.4736,0.6579,0,0
2025-07-02,sh.600717,4.6,4.63,4.59,4.62,17605477.0,81179546.35,0.6083,0.6536,0,0
2025-07-03,sh.600717,4.62,4.63,4.59,4.6,11723702.0,54010390.16,0.4051,-0.4329,0,0
2025-07-04,sh.600717,4.6,4.66,4.59,4.64,20334329.0,94139685.88,0.7026,0.8696,0,0
2025-07-07,sh.600717,4.62,4.65,4.6,4.63,11227312.0,51956452.58,0.388,-0.2155,0,0
2025-07-08,sh.600717,4.63,4.65,4.61,4.64,14106139.0,65346666.02,0.4874,0.216,0,0
2025-07-09,sh.600717,4.65,4.68,4.63,4.66,15643771.0,72940185.23,0.5406,0.431,0,0
2025-07-10,sh.600717,4.65,4.71,4.65,4.71,15962123.0,74799937.71,0.5516,1.073,0,0
2025-07-11,sh.600717,4.71,4.74,4.68,4.71,20046214.0,94434250.04,0.6927,0.0,0,0
2025-07-14,sh.600717,4.7,4.74,4.68,4.69,15625747.0,73633606.4,0.5399,-0.4246,0,0
2025-07-15,sh.600717,4.7,4.71,4.63,4.66,16053273.0,74839986.11,0.5547,-0.6397,0,0
2025-07-16,sh.600717,4.66,4.68,4.64,4.66,11927519.0,55583709.26,0.4121,0.0,0,0
2025-07-17,sh.600717,4.66,4.67,4.63,4.65,9723044.0,45202306.54,0.336,-0.2146,0,0
2025-07-18,sh.600717,4.65,4.67,4.64,4.65,12279291.0,57094320.24,0.4243,0.0,0,0
2025-07-21,sh.600717,4.66,4.74,4.65,4.72,21918918.0,103247984.34,0.7574,1.5054,0,0
2025-07-22,sh.600717,4.73,4.78,4.69,4.78,25414141.0,120567183.65,0.8782,1.2712,0,0
2025-07-23,sh.600717,4.77,4.81,4.75,4.76,22207685.0,106123280.45,0.7674,-0.4184,0,0
2025-07-24,sh.600717,4.76,4.82,4.73,4.81,25896946.0,124152465.7,0.8948,1.0504,0,0
2025-07-25,sh.600717,4.82,4.83,4.75,4.76,20246554.0,96810865.33,0.6996,-1.0395,0,0
2025-07-28,sh.600717,4.76,4.77,4.71,4.73,15907451.0,75253790.51,0.5497,-0.6303,0,0
2025-07-29,sh.600717,4.72,4.74,4.68,4.72,14986349.0,70389737.11,0.5178,-0.2114,0,0
2025-07-30,sh.600717,4.72,4.77,4.71,4.73,19959780.0,94621711.53,0.6897,0.2119,0,0
2025-07-31,sh.600717,4.72,4.72,4.61,4.62,29762322.0,138289138.24,1.0284,-2.3256,0,0
2025-08-01,sh.600717,4.62,4.66,4.61,4.64,15201967.0,70637282.41,0.5253,0.4329,0,0
2025-08-04,sh.600717,4.64,4.65,4.61,4.64,12325545.0,57110752.72,0.4259,0.0,0,0
2025-08-05,sh.600717,4.64,4.68,4.64,4.66,13755282.0,64132239.79,0.4753,0.431,0,0
2025-08-06,sh.600717,4.67,4.69,4.64,4.68,12724410.0,59382982.03,0.4397,0.4292,0,0
2025-08-07,sh.600717,4.68,4.7,4.65,4.69,18681639.0,87451914.92,0.6455,0.2137,0,0
2025-08-08,sh.600717,4.69,4.75,4.69,4.74,18029980.0,85282492.16,0.623,1.0661,0,0
2025-08-11,sh.600717,4.77,4.97,4.76,4.92,60815070.0,296496827.56,2.1014,3.7975,0,0
2025-08-12,sh.600717,4.92,5.01,4.89,4.94,55594867.0,274248542.64,1.921,0.4065,0,0
2025-08-13,sh.600717,4.93,4.94,4.85,4.87,34873791.0,170127534.79,1.205,-1.417,0,0
2025-08-14,sh.600717,4.88,5.02,4.86,4.87,42082707.0,207357371.56,1.4541,0.0,0,0
2025-08-15,sh.600717,4.86,4.92,4.85,4.91,32219005.0,157571318.66,1.1133,0.8214,0,0
2025-08-18,sh.600717,4.9,4.95,4.88,4.88,35743834.0,175442337.37,1.2351,-0.611,0,0
2025-08-19,sh.600717,4.89,5.14,4.89,5.01,60021304.0,301246040.06,2.074,2.6639,0,0
2025-08-20,sh.600717,5.01,5.02,4.94,4.98,32023341.0,158887930.53,1.1065,-0.5988,0,0
2025-08-21,sh.600717,5.05,5.2,5.05,5.06,80092388.0,409558906.03,2.7675,1.6064,0,0
2025-08-22,sh.600717,5.06,5.34,5.02,5.25,103987720.0,538045456.16,3.5932,3.7549,0,0
2025-08-25,sh.600717,5.33,5.72,5.27,5.52,130080192.0,719854778.8,4.4948,5.1429,0,0
2025-08-26,sh.600717,5.55,5.57,5.44,5.46,60162861.0,329977739.23,2.0789,-1.087,0,0
2025-08-27,sh.600717,5.46,5.49,5.31,5.33,55962397.0,300800106.35,1.9337,-2.381,0,0
2025-08-28,sh.600717,5.32,5.39,5.12,5.24,65346513.0,342311618.3,2.258,-1.6886,0,0
2025-08-29,sh.600717,5.25,5.27,5.13,5.16,46359824.0,240369801.11,1.6019,-1.5267,0,0
2025-09-01,sh.600717,5.19,5.19,5.02,5.05,49171405.0,249988647.75,1.6991,-2.1318,0,0
2025-09-02,sh.600717,5.06,5.08,4.87,4.94,66263704.0,327542626.43,2.2897,-2.1782,0,0
2025-09-03,sh.600717,4.92,4.94,4.79,4.8,42330622.0,204919462.08,1.4627,-2.834,0,0
2025-09-04,sh.600717,4.8,4.83,4.71,4.76,51732251.0,245995938.78,1.7876,-0.8333,0,0
2025-09-05,sh.600717,4.76,4.79,4.73,4.78,36150991.0,172020244.51,1.2492,0.4202,0,0
2025-09-08,sh.600717,4.77,4.83,4.75,4.81,38208472.0,183298632.51,1.3203,0.6276,0,0
2025-09-09,sh.600717,4.81,4.82,4.76,4.78,31732866.0,151921248.22,1.0965,-0.6237,0,0
2025-09-10,sh.600717,4.78,4.78,4.74,4.76,22570829.0,107405684.22,0.7799,-0.4184,0,0
2025-09-11,sh.600717,4.75,4.81,4.72,4.81,25350254.0,120856559.81,0.876,1.0504,0,0
2025-09-12,sh.600717,4.83,4.87,4.8,4.8,32656689.0,157550308.19,1.1284,-0.2079,0,0
2025-09-15,sh.600717,4.81,4.84,4.75,4.76,23133584.0,110493047.91,0.7994,-0.8333,0,0
2025-09-16,sh.600717,4.76,4.82,4.75,4.81,25551997.0,122344466.84,0.8829,1.0504,0,0
2025-09-17,sh.600717,4.8,4.82,4.76,4.8,23618667.0,113217575.85,0.8161,-0.2079,0,0
2025-09-18,sh.600717,4.79,4.8,4.69,4.72,38608129.0,183595179.51,1.3341,-1.6667,0,0
2025-09-19,sh.600717,4.72,4.78,4.69,4.75,26804843.0,126890943.83,0.9262,0.6356,0,0
2025-09-22,sh.600717,4.74,4.75,4.67,4.7,23780594.0,111580936.63,0.8217,-1.0526,0,0
2025-09-23,sh.600717,4.69,4.74,4.64,4.69,33220083.0,155422098.89,1.1479,-0.2128,0,0
2025-09-24,sh.600717,4.67,4.71,4.65,4.69,22933720.0,107277017.14,0.7925,0.0,0,0
2025-09-25,sh.600717,4.68,4.69,4.62,4.63,23123892.0,107412280.46,0.799,-1.2793,0,0
2025-09-26,sh.600717,4.62,4.66,4.62,4.64,12737864.0,59118773.98,0.4401,0.216,0,0
2025-09-29,sh.600717,4.65,4.68,4.6,4.66,20950505.0,97109656.65,0.7239,0.431,0,0
2025-09-30,sh.600717,4.65,4.67,4.63,4.65,14339095.0,66634055.53,0.4955,-0.2146,0,0
2025-10-09,sh.600717,4.66,4.69,4.64,4.69,18642425.0,87096437.46,0.6442,0.8602,0,0
2025-10-10,sh.600717,4.68,4.79,4.68,4.77,34701140.0,164750996.37,1.1991,1.7058,0,0
2025-10-13,sh.600717,4.71,4.76,4.66,4.75,33186719.0,156006403.07,1.1467,-0.4193,0,0
2025-10-14,sh.600717,4.77,4.86,4.75,4.81,51155140.0,245627493.04,1.7676,1.2632,0,0
2025-10-15,sh.600717,4.82,4.83,4.74,4.77,29742902.0,141997930.28,1.0277,-0.8316,0,0
2025-10-16,sh.600717,4.76,4.8,4.74,4.78,27001044.0,128785280.81,0.933,0.2096,0,0
2025-10-17,sh.600717,4.77,4.8,4.72,4.73,25297083.0,120640301.3,0.8741,-1.046,0,0
2025-10-20,sh.600717,4.75,4.79,4.71,4.78,23738249.0,112863142.68,0.8203,1.0571,0,0
2025-10-21,sh.600717,4.78,4.84,4.75,4.82,24134250.0,115892435.02,0.8339,0.8368,0,0
2025-10-22,sh.600717,4.81,4.84,4.8,4.81,18136699.0,87399795.1,0.6267,-0.2075,0,0
2025-10-23,sh.600717,4.81,4.89,4.8,4.88,37801583.0,183326930.83,1.3062,1.4553,0,0
2025-10-24,sh.600717,4.87,4.9,4.8,4.8,28328639.0,136857627.72,0.9789,-1.6393,0,0
2025-10-27,sh.600717,4.81,4.85,4.8,4.82,25070006.0,120905287.3,0.8663,0.4167,0,0
2025-10-28,sh.600717,4.81,4.87,4.81,4.84,27204666.0,131758168.57,0.94,0.4149,0,0
2025-10-29,sh.600717,4.83,4.86,4.78,4.85,25338627.0,121990987.58,0.8756,0.2066,0,0
2025-10-30,sh.600717,4.83,4.88,4.83,4.86,27332375.0,132803531.93,0.9444,0.2062,0,0
2025-10-31,sh.600717,4.87,4.88,4.8,4.81,27153140.0,130955934.5,0.9383,-1.0288,0,0
2025-11-03,sh.600717,4.8,4.83,4.78,4.82,18471848.0,88873743.68,0.6383,0.2079,0,0
2025-11-04,sh.600717,4.82,4.86,4.8,4.82,20482609.0,99015165.43,0.7078,0.0,0,0
2025-11-05,sh.600717,4.8,4.87,4.78,4.85,25781353.0,124570909.23,0.8909,0.6224,0,0
2025-11-06,sh.600717,4.86,4.87,4.83,4.86,15498080.0,75160895.84,0.5355,0.2062,0,0
2025-11-07,sh.600717,4.86,4.89,4.85,4.87,18675311.0,90995049.5,0.6453,0.2058,0,0
2025-11-10,sh.600717,4.87,4.9,4.85,4.9,21868330.0,106764579.55,0.7556,0.616,0,0
2025-11-11,sh.600717,4.9,4.92,4.88,4.91,22121125.0,108504752.2,0.7644,0.2041,0,0
2025-11-12,sh.600717,4.92,4.93,4.86,4.89,20959722.0,102705672.46,0.7242,-0.4073,0,0
2025-11-13,sh.600717,4.9,4.91,4.86,4.89,20156884.0,98394840.78,0.6965,0.0,0,0
2025-11-14,sh.600717,4.89,4.95,4.88,4.91,25830636.0,127226384.08,0.8926,0.409,0,0
2025-11-17,sh.600717,4.91,4.92,4.85,4.86,23961260.0,116849238.95,0.828,-1.0183,0,0
2025-11-18,sh.600717,4.87,4.87,4.73,4.76,35334014.0,168553483.7,1.2209,-2.0576,0,0
2025-11-19,sh.600717,4.75,4.77,4.71,4.71,16595798.0,78529228.3,0.5735,-1.0504,0,0
2025-11-20,sh.600717,4.71,4.75,4.71,4.72,14791023.0,69943525.85,0.5111,0.2123,0,0
2025-11-21,sh.600717,4.69,4.72,4.57,4.57,29649858.0,137553143.74,1.0245,-3.178,0,0
2025-11-24,sh.600717,4.58,4.61,4.56,4.57,18961778.0,86832197.35,0.6552,0.0,0,0
2025-11-25,sh.600717,4.59,4.6,4.55,4.56,22065380.0,100924890.82,0.7625,-0.2188,0,0
2025-11-26,sh.600717,4.56,4.6,4.54,4.55,20624853.0,94291611.13,0.7127,-0.2193,0,0
2025-11-27,sh.600717,4.56,4.56,4.52,4.53,12413779.0,56371994.0,0.4289,-0.4396,0,0
2025-11-28,sh.600717,4.54,4.56,4.51,4.55,13117884.0,59485203.95,0.4533,0.4415,0,0
2025-12-01,sh.600717,4.54,4.57,4.52,4.57,18304497.0,83171290.04,0.6325,0.4396,0,0
2025-12-02,sh.600717,4.56,4.57,4.53,4.56,15650943.0,71236337.15,0.5408,-0.2188,0,0
2025-12-03,sh.600717,4.56,4.6,4.55,4.58,19007311.0,87020524.02,0.6568,0.4386,0,0
2025-12-04,sh.600717,4.59,4.6,4.55,4.57,13820133.0,63201065.11,0.4775,-0.2183,0,0
2025-12-05,sh.600717,4.57,4.6,4.54,4.59,15438168.0,70480782.0,0.5335,0.4376,0,0
2025-12-08,sh.600717,4.59,4.6,4.55,4.55,17185275.0,78436965.37,0.5938,-0.8715,0,0
2025-12-09,sh.600717,4.54,4.56,4.5,4.5,15331585.0,69340987.67,0.5298,-1.0989,0,0
2025-12-10,sh.600717,4.5,4.54,4.48,4.52,15073030.0,67967715.46,0.5208,0.4444,0,0
2025-12-11,sh.600717,4.52,4.53,4.46,4.47,16087816.0,72220091.88,0.5559,-1.1062,0,0
2025-12-12,sh.600717,4.48,4.48,4.44,4.45,19807766.0,88261477.65,0.6844,-0.4474,0,0
2025-12-15,sh.600717,4.44,4.49,4.42,4.46,14651928.0,65381579.92,0.5063,0.2247,0,0
2025-12-16,sh.600717,4.45,4.48,4.41,4.46,18121962.0,80503679.8,0.6262,0.0,0,0
2025-12-17,sh.600717,4.45,4.5,4.43,4.49,14974921.0,66857376.13,0.5174,0.6726,0,0
2025-12-18,sh.600717,4.48,4.51,4.47,4.5,13708045.0,61655546.4,0.4737,0.2227,0,0
2025-12-19,sh.600717,4.49,4.55,4.48,4.54,15738417.0,71255941.99,0.5438,0.8889,0,0
2025-12-22,sh.600717,4.54,4.57,4.53,4.54,12367841.0,56255612.59,0.4274,0.0,0,0
2025-12-23,sh.600717,4.55,4.56,4.5,4.51,11640940.0,52690222.22,0.4022,-0.6608,0,0
2025-12-24,sh.600717,4.51,4.53,4.5,4.52,12251133.0,55364037.63,0.4233,0.2217,0,0
2025-12-25,sh.600717,4.54,4.58,4.54,4.56,12435438.0,56705502.77,0.4297,0.885,0,0
2025-12-26,sh.600717,4.55,4.57,4.53,4.54,12524592.0,57011819.65,0.4328,-0.4386,0,0
2025-12-29,sh.600717,4.53,4.55,4.51,4.51,12798712.0,57912726.41,0.4422,-0.6608,0,0
2025-12-30,sh.600717,4.51,4.52,4.45,4.46,17608820.0,78801578.73,0.6085,-1.1086,0,0
2025-12-31,sh.600717,4.46,4.49,4.46,4.47,9962946.0,44579231.18,0.3443,0.2242,0,0
2026-01-05,sh.600717,4.47,4.49,4.46,4.49,13152415.0,58889220.67,0.4545,0.4474,0,0
2026-01-06,sh.600717,4.5,4.55,4.49,4.54,23843084.0,107743360.91,0.8239,1.1136,0,0
2026-01-07,sh.600717,4.54,4.56,4.51,4.53,19779940.0,89684077.25,0.6835,-0.2203,0,0
2026-01-08,sh.600717,4.53,4.55,4.51,4.55,14296086.0,64865565.07,0.494,0.4415,0,0
2026-01-09,sh.600717,4.56,4.6,4.55,4.59,19497128.0,89224008.87,0.6737,0.8791,0,0
2026-01-12,sh.600717,4.57,4.63,4.57,4.62,22820456.0,104908964.12,0.7885,0.6536,0,0
2026-01-13,sh.600717,4.62,4.67,4.6,4.64,30452175.0,141407509.41,1.0523,0.4329,0,0
2026-01-14,sh.600717,4.64,4.7,4.59,4.62,32192979.0,149872290.93,1.1124,-0.431,0,0
2026-01-15,sh.600717,4.63,4.63,4.6,4.62,13812472.0,63746462.85,0.4773,0.0,0,0
2026-01-16,sh.600717,4.62,4.63,4.58,4.6,14848440.0,68340858.45,0.5131,-0.4329,0,0
2026-01-19,sh.600717,4.58,4.63,4.57,4.61,13128214.0,60565839.2,0.4536,0.2174,0,0
2026-01-20,sh.600717,4.62,4.69,4.61,4.69,26742320.0,124501614.36,0.9241,1.7354,0,0
2026-01-21,sh.600717,4.68,4.68,4.64,4.67,17491038.0,81552466.52,0.6044,-0.4264,0,0
2026-01-22,sh.600717,4.66,4.76,4.66,4.76,29061460.0,137376599.43,1.0042,1.9272,0,0
2026-01-23,sh.600717,4.76,4.78,4.73,4.74,21857911.0,103886818.68,0.7553,-0.4202,0,0
2026-01-26,sh.600717,4.74,4.79,4.71,4.76,26040737.0,123881788.53,0.8998,0.4219,0,0
2026-01-27,sh.600717,4.75,4.78,4.69,4.75,24597759.0,116478643.1,0.85,-0.2101,0,0
2026-01-28,sh.600717,4.74,4.86,4.74,4.81,35940511.0,173193520.43,1.2419,1.2632,0,0
2026-01-29,sh.600717,4.8,4.85,4.77,4.83,23610921.0,113901335.84,0.8159,0.4158,0,0
2026-01-30,sh.600717,4.83,4.87,4.74,4.83,25381907.0,121898444.05,0.8771,0.0,0,0
2026-02-02,sh.600717,4.81,4.83,4.68,4.69,23350395.0,110947503.03,0.8069,-2.8986,0,0
2026-02-03,sh.600717,4.88,4.95,4.74,4.8,38229811.0,184462878.31,1.321,2.3454,0,0
2026-02-04,sh.600717,4.78,4.84,4.74,4.81,27756853.0,133461036.7,0.9591,0.2083,0,0
2026-02-05,sh.600717,4.83,4.85,4.79,4.81,20758540.0,100087435.9,0.7173,0.0,0,0
2026-02-06,sh.600717,4.8,4.85,4.76,4.77,22495631.0,108120795.61,0.7773,-0.8316,0,0
2026-02-09,sh.600717,4.79,4.8,4.76,4.78,15989124.0,76387263.86,0.5525,0.2096,0,0
2026-02-10,sh.600717,4.77,4.78,4.74,4.76,12628561.0,60060244.16,0.4364,-0.4184,0,0
2026-02-11,sh.600717,4.76,4.81,4.75,4.79,14757878.0,70655087.87,0.5099,0.6303,0,0
2026-02-12,sh.600717,4.78,4.8,4.73,4.76,15774406.0,75144965.97,0.5451,-0.6263,0,0
2026-02-13,sh.600717,4.76,4.76,4.65,4.66,18910268.0,88732567.7,0.6534,-2.1008,0,0
2026-02-24,sh.600717,4.67,4.76,4.67,4.73,18812198.0,89081960.44,0.65,1.5021,0,0
2026-02-25,sh.600717,4.74,4.83,4.73,4.76,20291062.0,97124538.9,0.7011,0.6342,0,0
2026-02-26,sh.600717,4.76,4.79,4.72,4.75,15425918.0,73277369.92,0.533,-0.2101,0,0
2026-02-27,sh.600717,4.75,4.82,4.74,4.81,20791276.0,99526744.52,0.7184,1.2632,0,0
2026-03-02,sh.600717,4.79,4.85,4.75,4.8,37801778.0,181546191.29,1.3062,-0.2079,0,0
2026-03-03,sh.600717,4.8,4.91,4.8,4.85,73739671.0,357921813.72,2.548,1.0417,0,0
2026-03-04,sh.600717,4.8,4.8,4.61,4.62,54785759.0,255445605.9,1.8931,-4.7423,0,0
2026-03-05,sh.600717,4.65,4.7,4.62,4.66,30436754.0,141681670.32,1.0517,0.8658,0,0
2026-03-06,sh.600717,4.64,4.76,4.62,4.75,25246597.0,118641088.77,0.8724,1.9313,0,0
2026-03-09,sh.600717,4.73,4.78,4.67,4.69,23643179.0,111238938.88,0.817,-1.2632,0,0
2026-03-10,sh.600717,4.68,4.74,4.68,4.73,18489372.0,87106200.72,0.6389,0.8529,0,0
2026-03-11,sh.600717,4.73,4.8,4.68,4.79,28207091.0,133845861.41,0.9747,1.2685,0,0
2026-03-12,sh.600717,4.79,4.87,4.76,4.85,32071606.0,155040653.18,1.1082,1.2526,0,0
2026-03-13,sh.600717,4.83,4.89,4.8,4.81,26085173.0,126469639.92,0.9014,-0.8247,0,0
2026-03-16,sh.600717,4.81,4.86,4.78,4.82,18147338.0,87447493.7,0.6271,0.2079,0,0
2026-03-17,sh.600717,4.82,4.86,4.79,4.79,18281258.0,88206464.91,0.6317,-0.6224,0,0
2026-03-18,sh.600717,4.79,4.82,4.72,4.75,21503029.0,102412456.05,0.743,-0.8351,0,0
2026-03-19,sh.600717,4.74,4.77,4.68,4.69,18264676.0,86188855.62,0.6311,-1.2632,0,0
2026-03-20,sh.600717,4.69,4.76,4.66,4.66,23323081.0,109661139.27,0.8059,-0.6397,0,0
2026-03-23,sh.600717,4.63,4.63,4.35,4.38,42213898.0,188624907.61,1.4587,-6.0086,0,0
2026-03-24,sh.600717,4.45,4.51,4.38,4.49,26921187.0,119755498.43,0.9302,2.5114,0,0
2026-03-25,sh.600717,4.53,4.75,4.5,4.74,50188404.0,234574684.45,1.7342,5.5679,0,0
2026-03-26,sh.600717,4.74,4.81,4.73,4.74,35245542.0,167916223.44,1.2179,0.0,0,0
2026-03-27,sh.600717,4.71,4.73,4.59,4.64,31869822.0,148291779.32,1.1012,-2.1097,0,0
2026-03-30,sh.600717,4.6,4.64,4.52,4.63,21864803.0,100230723.62,0.7555,-0.2155,0,0
2026-03-31,sh.600717,4.63,4.7,4.59,4.6,16988996.0,78964550.16,0.587,-0.6479,0,0
2026-04-01,sh.600717,4.64,4.67,4.59,4.6,18975692.0,87688997.95,0.6557,0.0,0,0
2026-04-02,sh.600717,4.6,4.68,4.57,4.63,27758334.0,128787502.12,0.9592,0.6522,0,0
2026-04-03,sh.600717,4.62,4.65,4.51,4.52,22421150.0,102169603.18,0.7747,-2.3758,0,0
2026-04-07,sh.600717,4.54,4.56,4.5,4.54,14854559.0,67276656.81,0.5133,0.4425,0,0
2026-04-08,sh.600717,4.58,4.62,4.57,4.62,19307488.0,88866048.86,0.6672,1.7621,0,0
2026-04-09,sh.600717,4.6,4.61,4.52,4.52,19190937.0,87433208.69,0.6631,-2.1645,0,0
2026-04-10,sh.600717,4.54,4.57,4.5,4.5,19618876.0,88820311.93,0.6779,-0.4425,0,0
2026-04-13,sh.600717,4.5,4.5,4.42,4.46,20942884.0,93212960.06,0.7237,-0.8889,0,0
2026-04-14,sh.600717,4.47,4.48,4.43,4.47,12984825.0,57787517.3,0.4487,0.2242,0,0
2026-04-15,sh.600717,4.48,4.5,4.45,4.5,16821108.0,75335677.39,0.5812,0.6711,0,0
2026-04-16,sh.600717,4.5,4.5,4.45,4.47,17026016.0,76134700.53,0.5883,-0.6667,0,0
2026-04-17,sh.600717,4.47,4.48,4.45,4.47,13989334.0,62432265.19,0.4834,0.0,0,0
2026-04-20,sh.600717,4.46,4.48,4.45,4.46,13228081.0,59032814.08,0.4571,-0.2237,0,0
2026-04-21,sh.600717,4.47,4.51,4.46,4.49,20967881.0,94142041.54,0.7245,0.6726,0,0
2026-04-22,sh.600717,4.5,4.51,4.47,4.5,13336544.0,59980993.13,0.4608,0.2227,0,0
2026-04-23,sh.600717,4.5,4.54,4.47,4.53,18093973.0,81731403.7,0.6252,0.6667,0,0
2026-04-24,sh.600717,4.52,4.55,4.48,4.51,16607665.0,74998513.79,0.5739,-0.4415,0,0
2026-04-27,sh.600717,4.51,4.54,4.47,4.47,16295659.0,73243907.48,0.5631,-0.8869,0,0
2026-04-28,sh.600717,4.47,4.54,4.46,4.53,16355090.0,73719415.27,0.5651,1.3423,0,0
2026-04-29,sh.600717,4.67,4.83,4.67,4.72,62370090.0,296325561.74,2.1552,4.1943,0,0
2026-04-30,sh.600717,4.75,4.78,4.69,4.74,42260847.0,200479703.5,1.4603,0.4237,0,0
2026-05-06,sh.600717,4.74,4.78,4.7,4.74,33543413.0,158687102.07,1.1591,0.0,0,0
2026-05-07,sh.600717,4.74,4.77,4.69,4.69,19621930.0,92600095.24,0.678,-1.0549,0,0
2026-05-08,sh.600717,4.68,4.72,4.66,4.68,19479549.0,91320923.1,0.6731,-0.2132,0,0
2026-05-11,sh.600717,4.69,4.69,4.59,4.61,27317792.0,126195985.45,0.9439,-1.4957,0,0
2026-05-12,sh.600717,4.62,4.65,4.56,4.57,27181037.0,125028331.33,0.9392,-0.8677,0,0
2026-05-13,sh.600717,4.56,4.6,4.55,4.59,23377308.0,106920120.17,0.8078,0.4376,0,0
2026-05-14,sh.600717,4.58,4.59,4.51,4.51,27481117.0,124880356.6,0.9496,-1.7429,0,0
2026-05-15,sh.600717,4.52,4.53,4.38,4.41,47002246.0,208400056.28,1.6241,-2.2173,0,0
2026-05-18,sh.600717,4.39,4.41,4.34,4.39,29105400.0,127143000.96,1.0057,-0.4535,0,0
2026-05-19,sh.600717,4.39,4.46,4.38,4.46,24819457.0,110043269.05,0.8576,1.5945,0,0
2026-05-20,sh.600717,4.45,4.45,4.38,4.4,18690301.0,82326944.46,0.6458,-1.3453,0,0
2026-05-21,sh.600717,4.4,4.48,4.36,4.37,24628247.0,108933345.38,0.851,-0.6818,0,0
2026-05-22,sh.600717,4.38,4.42,4.33,4.4,20068817.0,87962187.29,0.6935,0.6865,0,0
2026-05-25,sh.600717,4.41,4.45,4.39,4.43,17846167.0,78921105.7,0.6167,0.6818,0,0
2026-05-26,sh.600717,4.42,4.44,4.38,4.41,15948181.0,70325161.37,0.5511,-0.4515,0,0
2026-05-27,sh.600717,4.41,4.44,4.36,4.38,15357682.0,67454138.98,0.5307,-0.6803,0,0
2026-05-28,sh.600717,4.38,4.41,4.37,4.38,16022928.0,70351465.99,0.5537,0.0,0,0
2026-05-29,sh.600717,4.39,4.52,4.38,4.49,36948265.0,165142078.76,1.2767,2.5114,0,0
2026-06-01,sh.600717,4.49,4.56,4.43,4.55,30464263.0,137099570.31,1.0527,1.3363,0,0
2026-06-02,sh.600717,4.54,4.6,4.53,4.53,23412111.0,106800526.3,0.809,-0.4396,0,0
2026-06-03,sh.600717,4.53,4.54,4.42,4.47,24821749.0,111097703.95,0.8577,-1.3245,0,0
2026-06-04,sh.600717,4.47,4.51,4.38,4.41,20022360.0,88925354.92,0.6919,-1.3423,0,0
2026-06-05,sh.600717,4.41,4.49,4.4,4.43,18358920.0,81655676.56,0.6344,0.4535,0,0
2026-06-08,sh.600717,4.4,4.43,4.27,4.31,32288355.0,139938924.85,1.1157,-2.7088,0,0
2026-06-09,sh.600717,4.31,4.31,4.31,4.31,,,,,0,0
2026-06-10,sh.600717,4.31,4.31,4.31,4.31,,,,,0,0
2026-06-11,sh.600717,4.31,4.31,4.31,4.31,,,,,0,0
2026-06-12,sh.600717,4.31,4.31,4.31,4.31,,,,,0,0
2026-06-15,sh.600717,4.31,4.31,4.31,4.31,,,,,0,0
2026-06-16,sh.600717,4.31,4.31,4.31,4.31,,,,,0,0
2026-06-17,sh.600717,4.31,4.31,4.31,4.31,,,,,0,0
2026-06-18,sh.600717,4.21,4.21,4.21,4.21,,,,,0,0
2026-06-22,sh.600717,4.21,4.21,4.21,4.21,,,,,0,0
2026-06-23,sh.600717,4.3,4.58,4.21,4.37,94577688.0,417107583.36,3.2681,3.8005,0,0
2026-06-24,sh.600717,4.36,4.37,4.14,4.15,60733500.0,255591724.04,2.0986,-5.0343,0,0
2026-06-25,sh.600717,4.14,4.18,4.01,4.15,38808823.0,158414099.67,1.341,0.0,0,0
2026-06-26,sh.600717,4.11,4.12,3.99,4.0,31066872.0,125264326.56,1.0735,-3.6145,0,0
