date,code,open,high,low,close,volume,amount,turnover,pct_change,is_limit_up,is_limit_down
2019-07-01,sh.600572,6.56,6.68,6.47,6.63,63587456,417874266.0,2.389986,3.59375,0,0
2019-07-02,sh.600572,6.63,6.66,6.54,6.63,47153910,310581831.0,1.772318,0.0,0,0
2019-07-03,sh.600572,6.6,6.6,6.45,6.49,39478048,256712346.0,1.483815,-2.111619,0,0
2019-07-04,sh.600572,6.48,6.57,6.4,6.5,29224774,189211077.0,1.098437,0.154087,0,0
2019-07-05,sh.600572,6.46,6.52,6.43,6.49,21483075,139118468.0,0.807459,-0.15385,0,0
2019-07-08,sh.600572,6.45,6.45,6.12,6.13,46688751,290617435.0,1.754835,-5.54699,0,0
2019-07-09,sh.600572,6.11,6.23,6.01,6.19,35839622,218626942.0,1.347061,0.978792,0,0
2019-07-10,sh.600572,6.16,6.24,6.11,6.14,21581651,132981084.0,0.811164,-0.807758,0,0
2019-07-11,sh.600572,6.18,6.24,6.11,6.14,21685062,133871845.0,0.815051,0.0,0,0
2019-07-12,sh.600572,6.16,6.3,6.12,6.26,35085730,218178483.0,1.318726,1.954403,0,0
2019-07-15,sh.600572,6.21,6.37,6.13,6.29,37951169,236977771.0,1.426426,0.479229,0,0
2019-07-16,sh.600572,6.25,6.6,6.25,6.48,55937928,361762507.0,2.102472,3.020669,0,0
2019-07-17,sh.600572,6.46,6.65,6.4,6.55,54552357,354485975.0,2.050395,1.08025,0,0
2019-07-18,sh.600572,6.52,6.54,6.34,6.34,31482312,202757231.0,1.183288,-3.206107,0,0
2019-07-19,sh.600572,6.38,6.49,6.35,6.36,21155249,135651560.0,0.795137,0.315457,0,0
2019-07-22,sh.600572,6.37,6.47,6.12,6.39,41024769,258352188.0,1.541949,0.471694,0,0
2019-07-23,sh.600572,6.4,6.44,6.33,6.42,21048806,134682450.0,0.791136,0.469487,0,0
2019-07-24,sh.600572,6.43,6.51,6.39,6.41,27519454,177434346.0,1.034341,-0.155767,0,0
2019-07-25,sh.600572,6.44,6.46,6.36,6.44,22894198,146522003.0,0.860497,0.468022,0,0
2019-07-26,sh.600572,6.42,6.63,6.38,6.56,62994110,411609079.0,2.3677,1.8634,0,0
2019-07-29,sh.600572,6.55,6.6,6.46,6.49,29223009,190308328.0,1.098371,-1.067076,0,0
2019-07-30,sh.600572,6.48,6.54,6.43,6.45,30358349,197091980.0,1.141,-0.6163,0,0
2019-07-31,sh.600572,6.42,6.44,6.35,6.37,20479631,130769541.0,0.7697,-1.2403,0,0
2019-08-01,sh.600572,6.32,6.36,6.27,6.27,21435861,135179976.0,0.8057,-1.5699,0,0
2019-08-02,sh.600572,6.11,6.21,6.07,6.19,28006377,172441302.0,1.0526,-1.2759,0,0
2019-08-05,sh.600572,6.18,6.28,6.11,6.11,20829798,128887754.0,0.7829,-1.2924,0,0
2019-08-06,sh.600572,6.0,6.07,5.72,5.87,45671192,269029445.0,1.7166,-3.928,0,0
2019-08-07,sh.600572,5.89,5.95,5.82,5.82,22790424,133705583.0,0.8566,-0.8518,0,0
2019-08-08,sh.600572,5.87,5.91,5.82,5.89,18852626,110660255.0,0.7086,1.2027,0,0
2019-08-09,sh.600572,5.93,5.95,5.8,5.8,18216892,107006301.0,0.6847,-1.528,0,0
2019-08-12,sh.600572,5.82,5.9,5.8,5.9,14303286,83705424.0,0.5376,1.7241,0,0
2019-08-13,sh.600572,5.82,6.07,5.81,6.0,26971950,160270682.0,1.0138,1.6949,0,0
2019-08-14,sh.600572,6.03,6.15,6.0,6.03,29785685,180501065.0,1.1195,0.5,0,0
2019-08-15,sh.600572,5.87,6.37,5.85,6.34,61002569,376691211.0,2.2928,5.141,0,0
2019-08-16,sh.600572,6.27,6.38,6.23,6.25,47329391,297733495.0,1.7789,-1.4196,0,0
2019-08-19,sh.600572,6.3,6.4,6.23,6.37,45623047,288420382.0,1.7148,1.92,0,0
2019-08-20,sh.600572,6.38,6.41,6.31,6.33,31810181,201826003.0,1.1956,-0.6279,0,0
2019-08-21,sh.600572,6.29,6.34,6.19,6.29,36132767,226444574.0,1.3581,-0.6319,0,0
2019-08-22,sh.600572,6.34,6.36,6.25,6.31,34566307,217804746.0,1.2992,0.318,0,0
2019-08-23,sh.600572,6.32,6.63,6.22,6.53,89421291,576680727.0,3.361,3.4865,0,0
2019-08-26,sh.600572,6.35,6.77,6.31,6.56,90911681,598038360.0,3.417,0.4594,0,0
2019-08-27,sh.600572,6.58,6.77,6.52,6.66,84686502,563797234.0,3.183,1.5244,0,0
2019-08-28,sh.600572,6.65,6.65,6.4,6.4,58936214,381785295.0,2.2152,-3.9039,0,0
2019-08-29,sh.600572,6.43,6.45,6.3,6.38,39494062,251518648.0,1.4844,-0.3125,0,0
2019-08-30,sh.600572,6.38,6.42,6.16,6.19,39427598,247604384.0,1.4819,-2.9781,0,0
2019-09-02,sh.600572,6.2,6.37,6.15,6.37,34034032,214607723.0,1.2792,2.9079,0,0
2019-09-03,sh.600572,6.37,6.6,6.28,6.5,48597090,312127955.0,1.8266,2.0408,0,0
2019-09-04,sh.600572,6.4,6.57,6.39,6.52,47974800,312026971.0,1.8032,0.3077,0,0
2019-09-05,sh.600572,6.54,6.62,6.49,6.51,55609034,364420520.0,2.0901,-0.1534,0,0
2019-09-06,sh.600572,6.52,6.72,6.52,6.66,65926134,437741829.0,2.4779,2.3041,0,0
2019-09-09,sh.600572,6.69,6.8,6.62,6.7,53119890,355267625.0,1.9966,0.6006,0,0
2019-09-10,sh.600572,6.67,6.99,6.62,6.89,92506275,633297556.0,3.4769,2.8358,0,0
2019-09-11,sh.600572,6.88,7.06,6.77,6.78,70193969,485393711.0,2.6383,-1.5965,0,0
2019-09-12,sh.600572,6.89,6.99,6.8,6.87,51521940,355102299.0,1.9365,1.3274,0,0
2019-09-16,sh.600572,6.91,7.19,6.89,7.09,77707672,548135320.0,2.9207,3.2023,0,0
2019-09-17,sh.600572,7.03,7.14,6.78,6.83,62142849,432511791.0,2.3357,-3.6671,0,0
2019-09-18,sh.600572,6.83,6.98,6.8,6.83,36228384,248924585.0,1.3617,0.0,0,0
2019-09-19,sh.600572,6.84,6.91,6.7,6.91,41887506,286243931.0,1.5744,1.1713,0,0
2019-09-20,sh.600572,6.88,6.94,6.77,6.85,35943288,245879048.0,1.351,-0.8683,0,0
2019-09-23,sh.600572,6.79,6.79,6.6,6.66,31074002,207353353.0,1.1679,-2.7737,0,0
2019-09-24,sh.600572,6.66,6.74,6.63,6.63,27750391,185400977.0,1.043,-0.4504,0,0
2019-09-25,sh.600572,6.56,6.56,6.32,6.34,37962154,243032471.0,1.4268,-4.3741,0,0
2019-09-26,sh.600572,6.38,6.43,6.18,6.19,31282422,195713396.0,1.1758,-2.3659,0,0
2019-09-27,sh.600572,6.23,6.49,6.19,6.45,32570357,207064053.0,1.2242,4.2003,0,0
2019-09-30,sh.600572,6.5,6.55,6.33,6.33,21577941,138174653.0,0.811,-1.8605,0,0
2019-10-08,sh.600572,6.38,6.85,6.33,6.7,65888080,441507994.0,2.4765,5.8452,0,0
2019-10-09,sh.600572,6.67,6.67,6.52,6.62,40234884,265574869.0,1.5123,-1.194,0,0
2019-10-10,sh.600572,6.64,6.64,6.5,6.6,30896014,203240482.0,1.1613,-0.3021,0,0
2019-10-11,sh.600572,6.64,6.88,6.56,6.79,69207907,469301803.0,2.6012,2.8788,0,0
2019-10-14,sh.600572,6.84,6.91,6.77,6.8,45512025,310668662.0,1.7106,0.1473,0,0
2019-10-15,sh.600572,6.76,6.78,6.64,6.68,30986013,207759486.0,1.1646,-1.7647,0,0
2019-10-16,sh.600572,6.68,6.76,6.6,6.63,30036445,200210299.0,1.1289,-0.7485,0,0
2019-10-17,sh.600572,6.66,6.71,6.61,6.69,22545526,150297371.0,0.8474,0.905,0,0
2019-10-18,sh.600572,6.71,6.89,6.65,6.77,53938915,366649514.0,2.0273,1.1958,0,0
2019-10-21,sh.600572,6.8,6.96,6.74,6.87,46149741,315541353.0,1.7346,1.4771,0,0
2019-10-22,sh.600572,6.86,6.93,6.77,6.87,37008183,253421933.0,1.391,0.0,0,0
2019-10-23,sh.600572,6.86,7.38,6.83,7.13,103646207,740206528.0,3.8956,3.7846,0,0
2019-10-24,sh.600572,7.12,7.25,7.03,7.15,58959025,420727832.0,2.216,0.2805,0,0
2019-10-25,sh.600572,7.15,7.25,7.05,7.19,53835780,385363221.0,2.0235,0.5594,0,0
2019-10-28,sh.600572,7.18,7.18,6.9,6.99,71427054,501201606.0,2.6846,-2.7816,0,0
2019-10-29,sh.600572,6.9,7.13,6.84,6.84,56002096,389586519.0,2.1049,-2.1459,0,0
2019-10-30,sh.600572,6.8,6.84,6.5,6.53,56694188,375945213.0,2.1309,-4.5322,0,0
2019-10-31,sh.600572,6.57,7.18,6.57,7.03,150192267,1058275623.0,5.6451,7.657,0,0
2019-11-01,sh.600572,6.97,7.15,6.9,7.02,71412953,501757541.0,2.6841,-0.1423,0,0
2019-11-04,sh.600572,7.11,7.34,6.99,7.04,60876006,432370950.0,2.2881,0.2849,0,0
2019-11-05,sh.600572,7.1,7.26,7.04,7.26,77991916,559561751.0,2.9314,3.125,0,0
2019-11-06,sh.600572,7.27,7.66,7.17,7.52,130996619,976260069.0,4.9236,3.5813,0,0
2019-11-07,sh.600572,7.5,7.59,7.36,7.52,70282012,524934067.0,2.6416,0.0,0,0
2019-11-08,sh.600572,7.53,7.57,7.4,7.43,51688037,386299317.0,1.9427,-1.1968,0,0
2019-11-11,sh.600572,7.41,7.72,7.35,7.56,99652680,754536752.0,3.7455,1.7497,0,0
2019-11-12,sh.600572,7.56,8.3,7.1,7.17,199960934,1519153912.0,7.5157,-5.1587,0,0
2019-11-13,sh.600572,7.1,7.1,6.64,6.73,119986422,821028903.0,4.5098,-6.1367,0,0
2019-11-14,sh.600572,6.71,6.85,6.63,6.67,58029230,390407486.0,2.1811,-0.8915,0,0
2019-11-15,sh.600572,6.7,6.71,6.33,6.53,78766385,512816008.0,2.9605,-2.0989,0,0
2019-11-18,sh.600572,6.58,6.75,6.52,6.6,64249453,427616458.0,2.4149,1.072,0,0
2019-11-19,sh.600572,6.75,6.96,6.71,6.77,61317452,416879462.0,2.3047,2.5758,0,0
2019-11-20,sh.600572,6.78,6.91,6.71,6.76,47229818,320897489.0,1.7752,-0.1477,0,0
2019-11-21,sh.600572,6.65,6.79,6.56,6.69,51754050,344743589.0,1.9452,-1.0355,0,0
2019-11-22,sh.600572,6.7,6.73,6.47,6.47,47799102,314182544.0,1.7966,-3.2885,0,0
2019-11-25,sh.600572,6.48,6.51,6.34,6.37,29985986,191615207.0,1.127,-1.5456,0,0
2019-11-26,sh.600572,6.37,6.42,6.29,6.3,29884084,189998872.0,1.1232,-1.0989,0,0
2019-11-27,sh.600572,6.3,6.35,6.17,6.23,36054257,225629280.0,1.3551,-1.1111,0,0
2019-11-28,sh.600572,6.2,6.28,6.13,6.2,26421745,163777132.0,0.9931,-0.4815,0,0
2019-11-29,sh.600572,6.2,6.28,6.19,6.23,19703456,122787012.0,0.7406,0.4839,0,0
2019-12-02,sh.600572,6.26,6.28,6.19,6.22,18232735,113477406.0,0.6853,-0.1605,0,0
2019-12-03,sh.600572,6.12,6.2,6.11,6.2,17974183,110651302.0,0.6756,-0.3215,0,0
2019-12-04,sh.600572,6.17,6.27,6.14,6.2,18436556,114478129.0,0.693,0.0,0,0
2019-12-05,sh.600572,6.23,6.25,6.17,6.21,25864027,160585562.0,0.9721,0.1613,0,0
2019-12-06,sh.600572,6.21,6.23,6.18,6.22,19353935,120111923.0,0.7274,0.161,0,0
2019-12-09,sh.600572,6.21,6.23,6.11,6.14,33254926,204727931.0,1.2499,-1.2862,0,0
2019-12-10,sh.600572,6.12,6.16,6.1,6.14,26613914,163116766.0,1.0003,0.0,0,0
2019-12-11,sh.600572,6.14,6.14,6.05,6.05,30358600,184454571.0,1.1411,-1.4658,0,0
2019-12-12,sh.600572,6.04,6.13,6.03,6.07,27582238,167607861.0,1.0367,0.3306,0,0
2019-12-13,sh.600572,6.12,6.13,6.07,6.11,28307306,172534979.0,1.064,0.659,0,0
2019-12-16,sh.600572,6.14,6.25,6.1,6.25,42683690,264196043.0,1.6043,2.2913,0,0
2019-12-17,sh.600572,6.25,6.37,6.23,6.32,50167694,316637193.0,1.8856,1.12,0,0
2019-12-18,sh.600572,6.38,6.45,6.32,6.34,42417094,270342779.0,1.5943,0.3165,0,0
2019-12-19,sh.600572,6.33,6.56,6.26,6.49,71400139,458782297.0,2.6836,2.3659,0,0
2019-12-20,sh.600572,6.49,6.52,6.28,6.3,52168397,333543251.0,1.9608,-2.9276,0,0
2019-12-23,sh.600572,6.25,6.25,6.07,6.09,49688755,305187881.0,1.8676,-3.3333,0,0
2019-12-24,sh.600572,6.1,6.14,6.06,6.12,28862492,175901948.0,1.0848,0.4926,0,0
2019-12-25,sh.600572,6.07,6.12,6.05,6.09,21989126,133930990.0,0.8265,-0.4902,0,0
2019-12-26,sh.600572,6.09,6.11,6.02,6.07,47747595,288871362.0,1.7946,-0.3284,0,0
2019-12-27,sh.600572,6.07,6.1,6.04,6.08,29768471,180752090.0,1.1189,0.1647,0,0
2019-12-30,sh.600572,6.03,6.07,5.95,6.03,39069660,234680305.0,1.4685,-0.8224,0,0
2019-12-31,sh.600572,6.0,6.17,5.98,6.15,49760899,304161774.0,1.8703,1.99,0,0
2020-01-02,sh.600572,6.25,6.25,6.15,6.21,47020417,291384535.0,1.7673,0.9756,0,0
2020-01-03,sh.600572,6.2,6.2,6.13,6.16,33419937,205875406.0,1.2561,-0.8052,0,0
2020-01-06,sh.600572,6.11,6.18,6.05,6.12,38248673,233898510.0,1.4376,-0.6494,0,0
2020-01-07,sh.600572,6.14,6.2,6.12,6.2,38928679,239954929.0,1.4632,1.3072,0,0
2020-01-08,sh.600572,6.17,6.24,6.11,6.11,48155392,296543665.0,1.81,-1.4516,0,0
2020-01-09,sh.600572,6.15,6.21,6.14,6.19,35383427,218460984.0,1.3299,1.3093,0,0
2020-01-10,sh.600572,6.2,6.32,6.17,6.26,67824857,423957118.0,2.5493,1.1309,0,0
2020-01-13,sh.600572,6.26,6.27,6.16,6.25,38610371,239695667.0,1.4512,-0.1597,0,0
2020-01-14,sh.600572,6.25,6.3,6.22,6.26,40534186,253820197.0,1.5235,0.16,0,0
2020-01-15,sh.600572,6.25,6.33,6.23,6.24,44587009,280192227.0,1.6758,-0.3195,0,0
2020-01-16,sh.600572,6.26,6.28,6.12,6.13,40865638,251945641.0,1.536,-1.7628,0,0
2020-01-17,sh.600572,6.13,6.16,6.04,6.05,44366015,269648617.0,1.6675,-1.3051,0,0
2020-01-20,sh.600572,6.1,6.24,6.1,6.19,52238718,322269619.0,1.9634,2.314,0,0
2020-01-21,sh.600572,6.29,6.77,6.28,6.57,169831638,1109979905.0,6.3833,6.1389,0,0
2020-01-22,sh.600572,6.58,6.58,6.26,6.33,94872117,603414514.0,3.5658,-3.653,0,0
2020-01-23,sh.600572,6.03,6.15,5.9,6.07,116718133,700964905.0,4.3869,-4.1074,0,0
2020-02-03,sh.600572,6.0,6.0,5.46,5.7,98431236,568830726.0,3.6996,-6.0956,0,0
2020-02-04,sh.600572,5.68,5.95,5.56,5.89,82316964,476670616.0,3.094,3.3333,0,0
2020-02-05,sh.600572,6.48,6.48,6.48,6.48,23804962,154256154.0,0.8947,10.017,1,0
2020-02-06,sh.600572,7.0,7.12,6.71,6.99,293214480,2032686914.0,11.0207,7.8704,0,0
2020-02-07,sh.600572,6.9,7.25,6.6,6.64,218486126,1498507145.0,8.212,-5.0072,0,0
2020-02-10,sh.600572,6.73,6.73,6.31,6.38,122330061,786487420.0,4.5979,-3.9157,0,0
2020-02-11,sh.600572,6.35,6.43,6.16,6.42,84292802,529825567.0,3.1682,0.627,0,0
2020-02-12,sh.600572,6.33,6.46,6.3,6.36,58180638,370208632.0,2.1868,-0.9346,0,0
2020-02-13,sh.600572,6.38,6.38,6.19,6.28,71351567,447044975.0,2.6818,-1.2579,0,0
2020-02-14,sh.600572,6.3,6.39,6.23,6.26,46956225,294934166.0,1.7649,-0.3185,0,0
2020-02-17,sh.600572,6.27,6.34,6.21,6.32,58136967,365453409.0,2.1851,0.9585,0,0
2020-02-18,sh.600572,6.35,6.78,6.24,6.68,148016472,958938367.0,5.5633,5.6962,0,0
2020-02-19,sh.600572,6.46,6.55,6.36,6.36,88919249,572359839.0,3.3421,-4.7904,0,0
2020-02-20,sh.600572,6.35,6.42,6.25,6.32,63388627,400215163.0,2.3825,-0.6289,0,0
2020-02-21,sh.600572,6.31,6.43,6.27,6.32,68401298,432578237.0,2.5709,0.0,0,0
2020-02-24,sh.600572,6.33,6.42,6.3,6.33,62173932,394567391.0,2.3369,0.1582,0,0
2020-02-25,sh.600572,6.25,6.42,6.18,6.3,73483697,461610433.0,2.7619,-0.4739,0,0
2020-02-26,sh.600572,6.24,6.29,6.16,6.17,64455178,401040852.0,2.4226,-2.0635,0,0
2020-02-27,sh.600572,6.22,6.3,6.2,6.23,39875605,248873417.0,1.4988,0.9724,0,0
2020-02-28,sh.600572,6.12,6.2,5.93,5.95,59006828,356443648.0,2.2178,-4.4944,0,0
2020-03-02,sh.600572,5.99,6.09,5.96,6.07,43203291,260687847.0,1.6238,2.0168,0,0
2020-03-03,sh.600572,6.11,6.27,6.07,6.16,60121957,371056241.0,2.2597,1.4827,0,0
2020-03-04,sh.600572,6.09,6.12,6.01,6.08,48081125,291389133.0,1.8072,-1.2987,0,0
2020-03-05,sh.600572,6.13,6.17,6.04,6.13,49905178,304448553.0,1.8757,0.8224,0,0
2020-03-06,sh.600572,6.09,6.22,6.06,6.11,39386415,241338202.0,1.4804,-0.3263,0,0
2020-03-09,sh.600572,6.06,6.07,5.94,5.97,51441582,308686753.0,1.9335,-2.2913,0,0
2020-03-10,sh.600572,5.81,5.96,5.8,5.96,44986175,264590312.0,1.6908,-0.1675,0,0
2020-03-11,sh.600572,5.99,6.02,5.9,5.92,31708389,188543714.0,1.1918,-0.6711,0,0
2020-03-12,sh.600572,5.85,5.89,5.76,5.79,35128756,203793771.0,1.3203,-2.1959,0,0
2020-03-13,sh.600572,5.57,5.72,5.49,5.66,42044375,235189940.0,1.5803,-2.2453,0,0
2020-03-16,sh.600572,5.79,5.87,5.55,5.57,42959699,245929139.0,1.6147,-1.5901,0,0
2020-03-17,sh.600572,5.55,5.65,5.24,5.44,42547766,231100436.0,1.5992,-2.3339,0,0
2020-03-18,sh.600572,5.53,5.54,5.28,5.3,31013109,168097277.0,1.1657,-2.5735,0,0
2020-03-19,sh.600572,5.26,5.33,5.01,5.07,62669036,319955355.0,2.3555,-4.3396,0,0
2020-03-20,sh.600572,5.16,5.33,5.08,5.29,51558087,268180841.0,1.9379,4.3392,0,0
2020-03-23,sh.600572,5.19,5.57,5.13,5.36,59501123,321067220.0,2.2364,1.3233,0,0
2020-03-24,sh.600572,5.4,5.46,5.21,5.35,36683315,195112779.0,1.3788,-0.1866,0,0
2020-03-25,sh.600572,5.44,5.48,5.36,5.44,35352615,191649544.0,1.3288,1.6822,0,0
2020-03-26,sh.600572,5.4,5.55,5.37,5.42,36412055,199005756.0,1.3686,-0.3676,0,0
2020-03-27,sh.600572,5.47,5.49,5.36,5.36,24830220,134463503.0,0.9333,-1.107,0,0
2020-03-30,sh.600572,5.31,5.32,5.18,5.22,24085639,126035352.0,0.9053,-2.6119,0,0
2020-03-31,sh.600572,5.25,5.28,5.14,5.15,20765923,107851053.0,0.7805,-1.341,0,0
2020-04-01,sh.600572,5.14,5.21,5.12,5.14,21517728,111162041.0,0.8088,-0.1942,0,0
2020-04-02,sh.600572,5.09,5.47,5.06,5.44,65083181,346075142.0,2.4462,5.8366,0,0
2020-04-03,sh.600572,5.98,5.98,5.51,5.55,126480516,727857675.0,4.7539,2.0221,0,0
2020-04-07,sh.600572,5.55,5.65,5.4,5.56,69034925,382292053.0,2.5947,0.1802,0,0
2020-04-08,sh.600572,5.56,5.6,5.5,5.53,45525692,252724519.0,1.7111,-0.5396,0,0
2020-04-09,sh.600572,5.53,5.64,5.51,5.59,52092559,289683721.0,1.9579,1.085,0,0
2020-04-10,sh.600572,5.57,5.57,5.42,5.43,34983392,192383765.0,1.3149,-2.8623,0,0
2020-04-13,sh.600572,5.32,5.53,5.32,5.44,22244393,121052922.0,0.8361,0.1842,0,0
2020-04-14,sh.600572,5.45,5.52,5.39,5.51,27504431,150388214.0,1.0338,1.2868,0,0
2020-04-15,sh.600572,5.53,5.64,5.5,5.59,49085779,274233525.0,1.8449,1.4519,0,0
2020-04-16,sh.600572,5.57,5.7,5.54,5.63,54226242,305328406.0,2.0381,0.7156,0,0
2020-04-17,sh.600572,5.62,5.65,5.5,5.52,40125311,222596733.0,1.5081,-1.9538,0,0
2020-04-20,sh.600572,5.55,5.57,5.5,5.52,24454310,135214330.0,0.9191,0.0,0,0
2020-04-21,sh.600572,5.47,5.52,5.37,5.44,33759387,183925447.0,1.2689,-1.4493,0,0
2020-04-22,sh.600572,5.46,5.47,5.4,5.46,22880050,124444193.0,0.86,0.3676,0,0
2020-04-23,sh.600572,5.48,5.58,5.41,5.43,30491337,167496032.0,1.146,-0.5495,0,0
2020-04-24,sh.600572,5.43,5.43,5.24,5.25,32195727,170869688.0,1.2101,-3.3149,0,0
2020-04-27,sh.600572,5.25,5.27,5.16,5.18,20294044,105601443.0,0.7628,-1.3333,0,0
2020-04-28,sh.600572,5.21,5.22,5.01,5.09,25200977,128615107.0,0.9472,-1.7374,0,0
2020-04-29,sh.600572,5.09,5.16,5.04,5.06,25140688,127856001.0,0.9449,-0.5894,0,0
2020-04-30,sh.600572,5.07,5.17,5.06,5.16,27314425,139927030.0,1.0266,1.9763,0,0
2020-05-06,sh.600572,5.1,5.24,5.1,5.22,28672653,148932727.0,1.0777,1.1628,0,0
2020-05-07,sh.600572,5.24,5.34,5.21,5.32,37149962,196467508.0,1.3963,1.9157,0,0
2020-05-08,sh.600572,5.32,5.4,5.28,5.37,28667114,153426141.0,1.0775,0.9398,0,0
2020-05-11,sh.600572,5.38,5.41,5.3,5.3,20959555,111786418.0,0.7878,-1.3035,0,0
2020-05-12,sh.600572,5.33,5.44,5.27,5.32,25958411,139050856.0,0.9757,0.3774,0,0
2020-05-13,sh.600572,5.33,5.36,5.25,5.33,22063423,117215623.0,0.8293,0.188,0,0
2020-05-14,sh.600572,5.3,5.33,5.26,5.28,17940874,94787192.0,0.6743,-0.9381,0,0
2020-05-15,sh.600572,5.29,5.4,5.25,5.36,24210672,128591559.0,0.91,1.5152,0,0
2020-05-18,sh.600572,5.36,5.42,5.27,5.27,32279698,171946481.0,1.2133,-1.6791,0,0
2020-05-19,sh.600572,5.31,5.39,5.26,5.32,23532830,125056310.0,0.8845,0.9488,0,0
2020-05-20,sh.600572,5.32,5.32,5.17,5.26,37930167,198296077.0,1.4256,-1.1278,0,0
2020-05-21,sh.600572,5.22,5.28,5.17,5.17,17775679,92785046.0,0.6681,-1.711,0,0
2020-05-22,sh.600572,5.18,5.19,5.08,5.11,18722092,96098098.0,0.7037,-1.1605,0,0
2020-05-25,sh.600572,5.13,5.38,5.11,5.17,20106958,104475251.0,0.7557,1.1742,0,0
2020-05-26,sh.600572,5.17,5.31,5.15,5.29,28003889,146915450.0,1.0525,2.3211,0,0
2020-05-27,sh.600572,5.3,5.38,5.25,5.33,34111975,180855963.0,1.2821,0.7561,0,0
2020-05-28,sh.600572,5.31,5.31,5.21,5.23,20322402,106802618.0,0.7638,-1.8762,0,0
2020-05-29,sh.600572,5.2,5.31,5.18,5.3,23255150,122531985.0,0.8741,1.3384,0,0
2020-06-01,sh.600572,5.42,5.53,5.38,5.4,73562274,400069013.0,2.7649,1.8868,0,0
2020-06-02,sh.600572,5.36,5.43,5.33,5.41,42074036,226482573.0,1.5814,0.1852,0,0
2020-06-03,sh.600572,5.5,5.54,5.38,5.4,52101161,284674867.0,1.9583,-0.1848,0,0
2020-06-04,sh.600572,5.38,5.44,5.34,5.39,37130159,200212615.0,1.3956,-0.1852,0,0
2020-06-05,sh.600572,5.41,5.45,5.36,5.42,23342052,126203480.0,0.8773,0.5566,0,0
2020-06-08,sh.600572,5.44,5.48,5.38,5.4,30304342,164445010.0,1.139,-0.369,0,0
2020-06-09,sh.600572,5.4,5.44,5.37,5.4,23993119,129544128.0,0.9018,0.0,0,0
2020-06-10,sh.600572,5.4,5.48,5.35,5.44,44224143,239855361.0,1.6622,0.7407,0,0
2020-06-11,sh.600572,5.43,5.52,5.41,5.46,51875225,283438506.0,1.9498,0.3676,0,0
2020-06-12,sh.600572,5.37,5.6,5.36,5.58,73234864,404943466.0,2.7526,2.1978,0,0
2020-06-15,sh.600572,5.6,5.73,5.58,5.66,66643294,376524270.0,2.5048,1.4337,0,0
2020-06-16,sh.600572,5.67,5.7,5.58,5.65,42681462,240642453.0,1.6042,-0.1767,0,0
2020-06-17,sh.600572,5.68,5.88,5.63,5.8,98248263,566786327.0,3.6927,2.6549,0,0
2020-06-18,sh.600572,5.76,5.8,5.57,5.59,62241778,352586927.0,2.3394,-3.6207,0,0
2020-06-19,sh.600572,5.57,5.63,5.54,5.6,40110669,224311100.0,1.5076,0.1789,0,0
2020-06-22,sh.600572,5.61,5.67,5.51,5.53,41015024,228720843.0,1.5416,-1.25,0,0
2020-06-23,sh.600572,5.56,5.64,5.55,5.57,40628756,227333876.0,1.5271,0.7233,0,0
2020-06-24,sh.600572,5.63,5.64,5.54,5.57,29764376,165830863.0,1.1187,0.0,0,0
2020-06-29,sh.600572,5.66,5.66,5.49,5.5,41448765,230629705.0,1.5579,-1.2567,0,0
2020-06-30,sh.600572,5.54,5.55,5.48,5.5,34792419,191694253.0,1.3077,0.0,0,0
2020-07-01,sh.600572,5.5,5.54,5.45,5.48,38395007,210655868.0,1.4431,-0.3636,0,0
2020-07-02,sh.600572,5.5,5.56,5.47,5.54,47816640,263760637.0,1.7972,1.0949,0,0
2020-07-03,sh.600572,5.65,5.71,5.56,5.63,79000415,444641232.0,2.9693,1.6246,0,0
2020-07-06,sh.600572,5.62,5.79,5.6,5.74,111559639,637160440.0,4.1931,1.9538,0,0
2020-07-07,sh.600572,5.74,5.88,5.74,5.82,115731624,671787342.0,4.3499,1.3937,0,0
2020-07-08,sh.600572,5.8,5.86,5.74,5.83,82612931,478807568.0,3.1051,0.1718,0,0
2020-07-09,sh.600572,5.78,6.06,5.77,5.99,120149412,714586069.0,4.5159,2.7444,0,0
2020-07-10,sh.600572,5.96,6.04,5.85,5.89,85530988,508023805.0,3.2148,-1.6694,0,0
2020-07-13,sh.600572,5.85,6.04,5.82,6.02,90404591,539836090.0,3.3979,2.2071,0,0
2020-07-14,sh.600572,6.0,6.15,5.89,6.03,91132268,547061977.0,3.4253,0.1661,0,0
2020-07-15,sh.600572,6.03,6.35,5.95,6.16,143724761,880661761.0,5.402,2.1559,0,0
2020-07-16,sh.600572,6.15,6.15,5.76,5.77,115613031,687248203.0,4.3454,-6.3312,0,0
2020-07-17,sh.600572,5.76,5.81,5.6,5.69,58149282,332597342.0,2.1856,-1.3865,0,0
2020-07-20,sh.600572,5.74,5.76,5.61,5.76,58186196,331173162.0,2.187,1.2302,0,0
2020-07-21,sh.600572,5.84,5.91,5.76,5.81,57573076,335430791.29,2.1639,0.8681,0,0
2020-07-22,sh.600572,5.82,5.95,5.78,5.88,63511119,372681120.69,2.3871,1.2048,0,0
2020-07-23,sh.600572,5.88,5.93,5.73,5.91,65358680,382016724.98,2.4566,0.5102,0,0
2020-07-24,sh.600572,5.88,5.9,5.6,5.65,64377321,371307238.26,2.4197,-4.3993,0,0
2020-07-27,sh.600572,5.66,5.82,5.63,5.76,46362066,265305910.37,1.7426,1.9469,0,0
2020-07-28,sh.600572,5.78,5.82,5.68,5.72,32433766,186099124.01,1.219,-0.6944,0,0
2020-07-29,sh.600572,5.71,5.87,5.66,5.86,53298554,309062519.08,2.0033,2.4476,0,0
2020-07-30,sh.600572,5.84,6.05,5.84,5.92,89844079,535349096.02,3.3769,1.0239,0,0
2020-07-31,sh.600572,5.86,6.03,5.81,6.01,84597050,501832303.57,3.1796,1.5203,0,0
2020-08-03,sh.600572,6.01,6.1,5.97,6.06,84337723,510097521.26,3.1699,0.8319,0,0
2020-08-04,sh.600572,6.07,6.11,5.93,5.95,72323526,434206808.2,2.7183,-1.8152,0,0
2020-08-05,sh.600572,5.94,6.1,5.89,6.03,76343484,458891929.4,2.8694,1.3445,0,0
2020-08-06,sh.600572,6.04,6.12,5.87,5.93,70802698,421867830.79,2.6612,-1.6584,0,0
2020-08-07,sh.600572,5.93,5.96,5.72,5.78,55400300,321943265.81,2.0823,-2.5295,0,0
2020-08-10,sh.600572,5.77,5.85,5.73,5.82,38110165,220864204.9,1.4324,0.692,0,0
2020-08-11,sh.600572,5.8,5.86,5.71,5.72,39123873,226257098.67,1.4705,-1.7182,0,0
2020-08-12,sh.600572,5.71,5.73,5.56,5.64,46175460,260103518.03,1.7355,-1.3986,0,0
2020-08-13,sh.600572,5.67,5.71,5.63,5.67,26845880,152263556.56,1.009,0.5319,0,0
2020-08-14,sh.600572,5.64,5.72,5.61,5.72,25750251,146020708.23,0.9678,0.8818,0,0
2020-08-17,sh.600572,5.72,5.82,5.68,5.79,36561153,210918602.85,1.3742,1.2238,0,0
2020-08-18,sh.600572,5.8,5.83,5.75,5.81,37283633,215901600.68,1.4013,0.3454,0,0
2020-08-19,sh.600572,5.81,5.81,5.69,5.7,33251364,190809504.6,1.2498,-1.8933,0,0
2020-08-20,sh.600572,5.69,5.75,5.64,5.7,20283107,115783456.29,0.7624,0.0,0,0
2020-08-21,sh.600572,5.75,5.85,5.73,5.78,40660042,235487161.69,1.5282,1.4035,0,0
2020-08-24,sh.600572,5.84,5.84,5.72,5.78,30877454,178013951.19,1.1606,0.0,0,0
2020-08-25,sh.600572,5.78,5.79,5.7,5.73,25939506,148783791.44,0.975,-0.8651,0,0
2020-08-26,sh.600572,5.73,5.73,5.6,5.63,29908005,169169317.88,1.1241,-1.7452,0,0
2020-08-27,sh.600572,5.62,5.65,5.58,5.64,22012647,123693781.85,0.8274,0.1776,0,0
2020-08-28,sh.600572,5.64,5.72,5.6,5.7,27202958,153895610.18,1.0224,1.0638,0,0
2020-08-31,sh.600572,5.72,5.76,5.65,5.66,28166759,160756663.13,1.0587,-0.7018,0,0
2020-09-01,sh.600572,5.68,5.68,5.62,5.64,17775203,100231178.14,0.6681,-0.3534,0,0
2020-09-02,sh.600572,5.65,5.68,5.59,5.68,29028851,163692490.24,1.0911,0.7092,0,0
2020-09-03,sh.600572,5.68,5.86,5.65,5.77,58543992,337231548.58,2.2004,1.5845,0,0
2020-09-04,sh.600572,5.69,5.71,5.62,5.69,31693173,179431298.88,1.1912,-1.3865,0,0
2020-09-07,sh.600572,5.66,5.71,5.61,5.64,27713527,156860634.85,1.0416,-0.8787,0,0
2020-09-08,sh.600572,5.62,5.69,5.6,5.68,27015441,152533147.35,1.0154,0.7092,0,0
2020-09-09,sh.600572,5.63,5.66,5.56,5.58,34546557,193473439.79,1.2985,-1.7606,0,0
2020-09-10,sh.600572,5.59,5.63,5.39,5.39,34471132,189998654.13,1.2956,-3.405,0,0
2020-09-11,sh.600572,5.35,5.49,5.35,5.45,17117430,93148763.34,0.6434,1.1132,0,0
2020-09-14,sh.600572,5.5,5.5,5.41,5.45,16089245,87685190.85,0.6047,0.0,0,0
2020-09-15,sh.600572,5.45,5.45,5.39,5.41,14128691,76400943.79,0.531,-0.7339,0,0
2020-09-16,sh.600572,5.42,5.44,5.35,5.43,13478992,72805563.93,0.5066,0.3697,0,0
2020-09-17,sh.600572,5.42,5.44,5.37,5.43,14325649,77438163.95,0.5384,0.0,0,0
2020-09-18,sh.600572,5.41,5.48,5.4,5.48,15889200,86564781.82,0.5972,0.9208,0,0
2020-09-21,sh.600572,5.49,5.53,5.44,5.48,20434012,111863196.17,0.768,0.0,0,0
2020-09-22,sh.600572,5.45,5.51,5.41,5.42,15747681,85981504.75,0.5919,-1.0949,0,0
2020-09-23,sh.600572,5.45,5.47,5.41,5.42,12377534,67309357.97,0.4652,0.0,0,0
2020-09-24,sh.600572,5.41,5.42,5.31,5.32,17652016,94431828.97,0.6635,-1.845,0,0
2020-09-25,sh.600572,5.33,5.35,5.26,5.31,13226204,70147390.09,0.4971,-0.188,0,0
2020-09-28,sh.600572,5.31,5.34,5.23,5.24,12052023,63522579.46,0.453,-1.3183,0,0
2020-09-29,sh.600572,5.26,5.29,5.22,5.25,9810731,51632175.1,0.3687,0.1908,0,0
2020-09-30,sh.600572,5.25,5.28,5.18,5.21,13757684,71812253.06,0.5171,-0.7619,0,0
2020-10-09,sh.600572,5.28,5.34,5.25,5.31,16255804,86335788.0,0.611,1.9194,0,0
2020-10-12,sh.600572,5.36,5.5,5.35,5.45,27805385,151163724.65,1.0451,2.6365,0,0
2020-10-13,sh.600572,5.46,5.47,5.39,5.43,15708695,85140704.57,0.5904,-0.367,0,0
2020-10-14,sh.600572,5.41,5.48,5.38,5.4,16597496,89922497.48,0.6238,-0.5525,0,0
2020-10-15,sh.600572,5.38,5.39,5.29,5.31,18306135,97597537.82,0.6881,-1.6667,0,0
2020-10-16,sh.600572,5.3,5.34,5.27,5.33,12518456,66425426.52,0.4705,0.3766,0,0
2020-10-19,sh.600572,5.33,5.37,5.28,5.3,14358308,76442680.74,0.5397,-0.5629,0,0
2020-10-20,sh.600572,5.29,5.31,5.25,5.3,10244480,54068488.29,0.385,0.0,0,0
2020-10-21,sh.600572,5.29,5.34,5.25,5.28,10545947,55686827.74,0.3964,-0.3774,0,0
2020-10-22,sh.600572,5.25,5.27,5.21,5.24,10841297,56764991.07,0.4075,-0.7576,0,0
2020-10-23,sh.600572,5.25,5.28,5.2,5.21,11292489,59044467.06,0.4244,-0.5725,0,0
2020-10-26,sh.600572,5.22,5.24,5.18,5.23,9765923,50884131.57,0.3671,0.3839,0,0
2020-10-27,sh.600572,5.21,5.27,5.21,5.24,11091419,58136923.29,0.4169,0.1912,0,0
2020-10-28,sh.600572,5.23,5.26,5.09,5.17,19423990,100414606.16,0.7301,-1.3359,0,0
2020-10-29,sh.600572,5.11,5.19,5.1,5.15,12864658,66304125.32,0.4835,-0.3868,0,0
2020-10-30,sh.600572,5.16,5.17,5.0,5.01,25954460,131680542.92,0.9755,-2.7184,0,0
2020-11-02,sh.600572,5.01,5.03,4.9,4.91,23666352,117186855.3,0.8895,-1.996,0,0
2020-11-03,sh.600572,4.94,5.02,4.94,5.01,12363558,61729600.75,0.4647,2.0367,0,0
2020-11-04,sh.600572,5.01,5.02,4.94,4.98,12485523,62067884.77,0.4693,-0.5988,0,0
2020-11-05,sh.600572,5.01,5.23,5.0,5.16,28802487,147587572.82,1.0826,3.6145,0,0
2020-11-06,sh.600572,5.18,5.2,5.08,5.11,16094977,82378365.1,0.6049,-0.969,0,0
2020-11-09,sh.600572,5.19,5.33,5.19,5.21,31508169,165464212.81,1.1843,1.9569,0,0
2020-11-10,sh.600572,5.23,5.26,5.18,5.19,19152505,99785671.31,0.7199,-0.3839,0,0
2020-11-11,sh.600572,5.17,5.19,5.08,5.1,16995913,86926883.88,0.6388,-1.7341,0,0
2020-11-12,sh.600572,5.09,5.14,5.06,5.1,9865464,50248699.4,0.3708,0.0,0,0
2020-11-13,sh.600572,5.1,5.11,5.04,5.08,9252160,46851804.19,0.3477,-0.3922,0,0
2020-11-16,sh.600572,5.08,5.13,5.07,5.11,11722155,59766731.5,0.4406,0.5906,0,0
2020-11-17,sh.600572,5.1,5.1,5.06,5.08,12769031,64856091.42,0.4799,-0.5871,0,0
2020-11-18,sh.600572,5.08,5.12,5.07,5.1,10902081,55518491.24,0.4098,0.3937,0,0
2020-11-19,sh.600572,5.09,5.09,5.05,5.07,13753269,69743035.53,0.5169,-0.5882,0,0
2020-11-20,sh.600572,5.07,5.1,5.05,5.09,12488685,63346081.07,0.4694,0.3945,0,0
2020-11-23,sh.600572,5.08,5.13,5.06,5.12,18764047,95668594.95,0.7053,0.5894,0,0
2020-11-24,sh.600572,5.11,5.19,5.08,5.17,22191843,114026192.06,0.8341,0.9766,0,0
2020-11-25,sh.600572,5.18,5.19,5.11,5.11,13291661,68358160.99,0.4996,-1.1605,0,0
2020-11-26,sh.600572,5.11,5.11,5.07,5.09,11497763,58485994.35,0.4322,-0.3914,0,0
2020-11-27,sh.600572,5.09,5.13,5.05,5.12,12973359,66041061.1,0.4876,0.5894,0,0
2020-11-30,sh.600572,5.12,5.16,5.06,5.06,24690600,126101746.48,0.928,-1.1719,0,0
2020-12-01,sh.600572,5.09,5.14,5.07,5.1,17615044,90008104.02,0.6621,0.7905,0,0
2020-12-02,sh.600572,5.11,5.12,5.07,5.12,16172825,82442023.39,0.6079,0.3922,0,0
2020-12-03,sh.600572,5.11,5.23,5.08,5.16,32313777,166735312.18,1.2145,0.7813,0,0
2020-12-04,sh.600572,5.22,5.28,5.18,5.27,36497704,190951116.03,1.3718,2.1318,0,0
2020-12-07,sh.600572,5.3,5.3,5.16,5.19,24752161,129122878.79,0.9303,-1.518,0,0
2020-12-08,sh.600572,5.14,5.19,5.13,5.14,12142389,62562120.93,0.4564,-0.9634,0,0
2020-12-09,sh.600572,5.14,5.15,5.05,5.05,16892631,85985857.99,0.6349,-1.751,0,0
2020-12-10,sh.600572,5.04,5.08,5.02,5.04,16762402,84524476.97,0.63,-0.198,0,0
2020-12-11,sh.600572,5.03,5.07,4.98,5.07,22339486,111899269.59,0.8396,0.5952,0,0
2020-12-14,sh.600572,5.04,5.06,5.01,5.04,11065049,55691930.08,0.4159,-0.5917,0,0
2020-12-15,sh.600572,5.02,5.04,5.0,5.0,10979342,55067738.09,0.4127,-0.7937,0,0
2020-12-16,sh.600572,5.0,5.03,4.97,4.99,10491680,52433246.3,0.3943,-0.2,0,0
2020-12-17,sh.600572,5.0,5.04,4.96,5.02,15174798,75966206.54,0.5704,0.6012,0,0
2020-12-18,sh.600572,5.02,5.04,4.98,4.98,12560139,62776974.22,0.4721,-0.7968,0,0
2020-12-21,sh.600572,4.96,5.0,4.93,4.97,13057063,64854705.79,0.4908,-0.2008,0,0
2020-12-22,sh.600572,4.97,5.05,4.95,4.98,20504090,102482706.17,0.7707,0.2012,0,0
2020-12-23,sh.600572,4.98,4.99,4.92,4.92,17716926,87545791.36,0.6659,-1.2048,0,0
2020-12-24,sh.600572,4.93,4.94,4.81,4.82,21859322,106131571.69,0.8216,-2.0325,0,0
2020-12-25,sh.600572,4.83,4.87,4.81,4.81,18757902,90624791.14,0.705,-0.2075,0,0
2020-12-28,sh.600572,4.82,4.82,4.68,4.69,24442900,115406513.08,0.9187,-2.4948,0,0
2020-12-29,sh.600572,4.7,4.74,4.68,4.73,12290877,57929201.02,0.462,0.8529,0,0
2020-12-30,sh.600572,4.72,4.72,4.68,4.71,11175317,52563279.25,0.42,-0.4228,0,0
2020-12-31,sh.600572,4.72,4.73,4.7,4.71,19958858,94004570.76,0.7502,0.0,0,0
2021-01-04,sh.600572,4.71,4.72,4.64,4.67,21755379,101524018.66,0.8177,-0.8493,0,0
2021-01-05,sh.600572,4.65,4.66,4.58,4.61,27158424,125326333.2,1.0208,-1.2848,0,0
2021-01-06,sh.600572,4.61,4.78,4.59,4.73,31678406,148433370.0,1.1907,2.603,0,0
2021-01-07,sh.600572,4.7,4.72,4.56,4.6,23838162,110487437.43,0.896,-2.7484,0,0
2021-01-08,sh.600572,4.58,4.65,4.52,4.62,16165682,74227229.63,0.6076,0.4348,0,0
2021-01-11,sh.600572,4.59,4.61,4.47,4.48,23510242,106229812.41,0.8837,-3.0303,0,0
2021-01-12,sh.600572,4.45,4.51,4.45,4.48,14081029,62994307.94,0.5292,0.0,0,0
2021-01-13,sh.600572,4.48,4.49,4.32,4.35,25093747,109526728.59,0.9432,-2.9018,0,0
2021-01-14,sh.600572,4.34,4.43,4.32,4.4,18109725,79268718.02,0.6807,1.1494,0,0
2021-01-15,sh.600572,4.39,4.45,4.37,4.43,11875824,52499237.54,0.4464,0.6818,0,0
2021-01-18,sh.600572,4.5,4.63,4.42,4.43,47426255,213455164.02,1.7826,0.0,0,0
2021-01-19,sh.600572,4.44,4.5,4.4,4.45,21586743,96015083.43,0.8114,0.4515,0,0
2021-01-20,sh.600572,4.43,4.45,4.36,4.38,22005297,96629810.64,0.8271,-1.573,0,0
2021-01-21,sh.600572,4.38,4.42,4.37,4.38,36272391,158988384.17,1.3633,0.0,0,0
2021-01-22,sh.600572,4.38,4.52,4.32,4.51,42532672,187371900.42,1.5986,2.968,0,0
2021-01-25,sh.600572,4.53,4.54,4.4,4.4,35426012,158169415.14,1.3315,-2.439,0,0
2021-01-26,sh.600572,4.38,4.46,4.33,4.38,28102929,123619664.77,1.0563,-0.4545,0,0
2021-01-27,sh.600572,4.37,4.41,4.34,4.36,18189290,79450736.3,0.6837,-0.4566,0,0
2021-01-28,sh.600572,4.32,4.34,4.28,4.3,18938826,81528827.27,0.7118,-1.3761,0,0
2021-01-29,sh.600572,4.29,4.32,4.2,4.21,19198728,81616170.95,0.7216,-2.093,0,0
2021-02-01,sh.600572,4.21,4.22,4.1,4.13,19364005,80370197.65,0.7278,-1.9002,0,0
2021-02-02,sh.600572,4.12,4.15,4.01,4.12,17096243,69947208.51,0.6426,-0.2421,0,0
2021-02-03,sh.600572,4.09,4.12,4.03,4.03,15291925,62048609.39,0.5748,-2.1845,0,0
2021-02-04,sh.600572,4.05,4.1,4.01,4.03,16916325,68367135.0,0.6358,0.0,0,0
2021-02-05,sh.600572,4.03,4.08,4.02,4.03,11193595,45307245.47,0.4207,0.0,0,0
2021-02-08,sh.600572,4.03,4.12,4.02,4.03,30704125,124373826.6,1.154,0.0,0,0
2021-02-09,sh.600572,4.03,4.09,3.99,4.07,23634206,95345560.37,0.8883,0.9926,0,0
2021-02-10,sh.600572,4.12,4.3,4.11,4.23,35634568,150782946.32,1.3394,3.9312,0,0
2021-02-18,sh.600572,4.24,4.28,4.2,4.26,42378303,179467928.17,1.5928,0.7092,0,0
2021-02-19,sh.600572,4.24,4.36,4.22,4.35,29509885,127131566.15,1.1092,2.1127,0,0
2021-02-22,sh.600572,4.35,4.54,4.35,4.41,45182761,201151296.46,1.6982,1.3793,0,0
2021-02-23,sh.600572,4.43,4.48,4.36,4.43,23608328,104380004.36,0.8873,0.4535,0,0
2021-02-24,sh.600572,4.42,4.45,4.38,4.43,23117959,101993349.66,0.8689,0.0,0,0
2021-02-25,sh.600572,4.47,4.52,4.41,4.41,20209450,89761161.3,0.7596,-0.4515,0,0
2021-02-26,sh.600572,4.34,4.4,4.3,4.33,22562984,98135056.9,0.848,-1.8141,0,0
2021-03-01,sh.600572,4.34,4.4,4.32,4.34,26344977,114550588.37,0.9902,0.2309,0,0
2021-03-02,sh.600572,4.35,4.36,4.25,4.27,20493985,87868407.42,0.7703,-1.6129,0,0
2021-03-03,sh.600572,4.28,4.31,4.26,4.28,27997699,119725900.11,1.0523,0.2342,0,0
2021-03-04,sh.600572,4.27,4.28,4.24,4.26,21997830,93606632.14,0.8268,-0.4673,0,0
2021-03-05,sh.600572,4.25,4.3,4.24,4.3,17791094,76054482.42,0.6687,0.939,0,0
2021-03-08,sh.600572,4.3,4.34,4.25,4.27,21214047,91179464.24,0.7973,-0.6977,0,0
2021-03-09,sh.600572,4.27,4.28,4.15,4.2,22095739,93125281.5,0.8305,-1.6393,0,0
2021-03-10,sh.600572,4.23,4.24,4.13,4.13,16377494,68290402.73,0.6156,-1.6667,0,0
2021-03-11,sh.600572,4.13,4.17,4.11,4.17,14837646,61538334.63,0.5577,0.9685,0,0
2021-03-12,sh.600572,4.16,4.17,4.11,4.17,17826845,73766926.55,0.67,0.0,0,0
2021-03-15,sh.600572,4.15,4.17,4.11,4.13,15684235,64888566.2,0.5895,-0.9592,0,0
2021-03-16,sh.600572,4.15,4.2,4.13,4.2,16322547,68161437.76,0.6135,1.6949,0,0
2021-03-17,sh.600572,4.2,4.21,4.16,4.17,13924880,58220115.5,0.5234,-0.7143,0,0
2021-03-18,sh.600572,4.18,4.23,4.17,4.19,18274970,76631286.44,0.6869,0.4796,0,0
2021-03-19,sh.600572,4.17,4.31,4.15,4.28,34568982,147263014.67,1.2993,2.148,0,0
2021-03-22,sh.600572,4.28,4.32,4.23,4.29,22722562,97215881.88,0.854,0.2336,0,0
2021-03-23,sh.600572,4.28,4.29,4.21,4.23,18386341,78011950.47,0.6911,-1.3986,0,0
2021-03-24,sh.600572,4.23,4.25,4.21,4.23,12329211,52111236.75,0.4634,0.0,0,0
2021-03-25,sh.600572,4.24,4.28,4.22,4.25,12655034,53748127.24,0.4756,0.4728,0,0
2021-03-26,sh.600572,4.26,4.27,4.23,4.25,12210900,51935239.1,0.459,0.0,0,0
2021-03-29,sh.600572,4.22,4.22,4.17,4.2,17735937,74354557.38,0.6666,-1.1765,0,0
2021-03-30,sh.600572,4.17,4.2,4.16,4.18,10783688,44998015.46,0.4053,-0.4762,0,0
2021-03-31,sh.600572,4.19,4.19,4.16,4.19,10624900,44346153.14,0.3993,0.2392,0,0
2021-04-01,sh.600572,4.19,4.21,4.16,4.2,10578395,44214617.6,0.3976,0.2387,0,0
2021-04-02,sh.600572,4.18,4.19,4.17,4.18,9458079,39514468.73,0.3555,-0.4762,0,0
2021-04-06,sh.600572,4.19,4.2,4.17,4.18,9188705,38466846.4,0.3454,0.0,0,0
2021-04-07,sh.600572,4.19,4.19,4.16,4.19,11623480,48531062.3,0.4369,0.2392,0,0
2021-04-08,sh.600572,4.18,4.19,4.16,4.17,11450303,47782008.96,0.4304,-0.4773,0,0
2021-04-09,sh.600572,4.17,4.2,4.16,4.19,11783970,49182516.4,0.4429,0.4796,0,0
2021-04-12,sh.600572,4.18,4.19,4.15,4.17,13833764,57721037.94,0.52,-0.4773,0,0
2021-04-13,sh.600572,4.17,4.17,4.11,4.12,13771189,56992897.37,0.5176,-1.199,0,0
2021-04-14,sh.600572,4.13,4.16,4.11,4.14,10318144,42736039.57,0.3878,0.4854,0,0
2021-04-15,sh.600572,4.14,4.19,4.13,4.18,13672462,56971726.13,0.5139,0.9662,0,0
2021-04-16,sh.600572,4.17,4.28,4.17,4.28,26825320,113766012.72,1.0083,2.3923,0,0
2021-04-19,sh.600572,4.28,4.3,4.25,4.26,20209114,86239784.64,0.7596,-0.4673,0,0
2021-04-20,sh.600572,4.26,4.26,4.22,4.22,15421830,65357107.56,0.5796,-0.939,0,0
2021-04-21,sh.600572,4.23,4.35,4.23,4.3,43721449,187981845.93,1.6433,1.8957,0,0
2021-04-22,sh.600572,4.3,4.31,4.24,4.25,22269638,94946023.48,0.837,-1.1628,0,0
2021-04-23,sh.600572,4.24,4.27,4.21,4.27,14706307,62253373.24,0.5527,0.4706,0,0
2021-04-26,sh.600572,4.23,4.28,4.21,4.22,24634219,104458350.59,0.9259,-1.171,0,0
2021-04-27,sh.600572,4.21,4.21,4.13,4.16,20022320,83308697.2,0.7526,-1.4218,0,0
2021-04-28,sh.600572,4.17,4.24,4.14,4.22,21419233,89975534.12,0.8051,1.4423,0,0
2021-04-29,sh.600572,4.23,4.33,4.21,4.29,42811242,183671720.03,1.6091,1.6588,0,0
2021-04-30,sh.600572,4.27,4.44,4.25,4.39,46144844,201296907.12,1.7344,2.331,0,0
2021-05-06,sh.600572,4.36,4.39,4.27,4.31,30003741,129854939.84,1.1277,-1.8223,0,0
2021-05-07,sh.600572,4.3,4.3,4.23,4.25,20120620,85646663.62,0.7562,-1.3921,0,0
2021-05-10,sh.600572,4.25,4.28,4.21,4.25,15712750,66603180.45,0.5906,0.0,0,0
2021-05-11,sh.600572,4.23,4.34,4.22,4.32,23187876,99452247.92,0.8715,1.6471,0,0
2021-05-12,sh.600572,4.31,4.32,4.26,4.31,15661770,67226212.91,0.5887,-0.2315,0,0
2021-05-13,sh.600572,4.29,4.5,4.28,4.42,55867083,246889780.98,2.0998,2.5522,0,0
2021-05-14,sh.600572,4.42,4.51,4.38,4.43,42489224,188907180.36,1.597,0.2262,0,0
2021-05-17,sh.600572,4.42,4.54,4.4,4.47,40117154,179836260.73,1.5078,0.9029,0,0
2021-05-18,sh.600572,4.5,4.92,4.38,4.92,131380913,617707010.64,4.9381,10.0671,1,0
2021-05-19,sh.600572,5.08,5.08,4.72,4.75,149398020,727887561.78,5.6152,-3.4553,0,0
2021-05-20,sh.600572,4.63,4.92,4.62,4.71,84139140,402081764.82,3.1624,-0.8421,0,0
2021-05-21,sh.600572,4.64,4.7,4.56,4.6,54024174,249327621.95,2.0305,-2.3355,0,0
2021-05-24,sh.600572,4.58,4.7,4.57,4.66,42835357,199098763.07,1.61,1.3043,0,0
2021-05-25,sh.600572,4.63,4.76,4.62,4.67,36221370,170143130.21,1.3614,0.2146,0,0
2021-05-26,sh.600572,4.68,4.77,4.62,4.7,43506393,204605887.14,1.6352,0.6424,0,0
2021-05-27,sh.600572,4.67,4.71,4.59,4.62,40344498,186985147.27,1.5164,-1.7021,0,0
2021-05-28,sh.600572,4.62,4.65,4.51,4.55,34220113,155918110.68,1.2862,-1.5152,0,0
2021-05-31,sh.600572,4.54,4.62,4.51,4.59,23798078,108782847.75,0.8945,0.8791,0,0
2021-06-01,sh.600572,4.62,4.71,4.58,4.63,34485228,160654050.52,1.2962,0.8715,0,0
2021-06-02,sh.600572,4.68,4.7,4.55,4.57,26397867,121359239.77,0.9922,-1.2959,0,0
2021-06-03,sh.600572,4.56,4.61,4.53,4.54,16322475,74512959.62,0.6135,-0.6565,0,0
2021-06-04,sh.600572,4.52,4.57,4.48,4.49,18353655,82960991.34,0.6898,-1.1013,0,0
2021-06-07,sh.600572,4.49,4.51,4.43,4.47,19351989,86335022.49,0.7274,-0.4454,0,0
2021-06-08,sh.600572,4.46,4.51,4.44,4.48,14900937,66631851.77,0.5601,0.2237,0,0
2021-06-09,sh.600572,4.48,4.49,4.43,4.44,13939367,61965849.48,0.5239,-0.8929,0,0
2021-06-10,sh.600572,4.45,4.46,4.43,4.44,13870201,61686357.34,0.5213,0.0,0,0
2021-06-11,sh.600572,4.48,4.52,4.45,4.46,20001474,89655864.31,0.7518,0.4505,0,0
2021-06-15,sh.600572,4.45,4.46,4.36,4.36,18207333,79982238.57,0.6843,-2.2422,0,0
2021-06-16,sh.600572,4.38,4.38,4.3,4.32,16942086,73372295.7,0.6368,-0.9174,0,0
2021-06-17,sh.600572,4.33,4.35,4.26,4.28,13271988,57117411.81,0.4988,-0.9259,0,0
2021-06-18,sh.600572,4.29,4.3,4.23,4.3,16841140,71746794.98,0.633,0.4673,0,0
2021-06-21,sh.600572,4.3,4.34,4.26,4.29,15314093,65858497.17,0.5756,-0.2326,0,0
2021-06-22,sh.600572,4.28,4.35,4.25,4.34,20973289,90210143.59,0.7883,1.1655,0,0
2021-06-23,sh.600572,4.32,4.33,4.29,4.3,12297060,53000395.91,0.4622,-0.9217,0,0
2021-06-24,sh.600572,4.33,4.34,4.28,4.3,11327416,48760070.05,0.4258,0.0,0,0
2021-06-25,sh.600572,4.3,4.32,4.26,4.31,13362326,57312017.38,0.5022,0.2326,0,0
2021-06-28,sh.600572,4.3,4.36,4.27,4.34,17766796,76694807.15,0.6678,0.6961,0,0
2021-06-29,sh.600572,4.33,4.36,4.29,4.34,20269859,87810507.36,0.7619,0.0,0,0
2021-06-30,sh.600572,4.34,4.49,4.3,4.44,36837014,162485640.16,1.3845,2.3041,0,0
2021-07-01,sh.600572,4.42,4.79,4.4,4.56,86069567,397982559.64,3.235,2.7027,0,0
2021-07-02,sh.600572,4.65,4.67,4.46,4.5,38776115,176255986.19,1.4574,-1.3158,0,0
2021-07-05,sh.600572,4.45,4.49,4.4,4.43,25523926,113172328.82,0.9593,-1.5556,0,0
2021-07-06,sh.600572,4.44,4.47,4.31,4.35,29524385,129299565.5,1.1097,-1.8059,0,0
2021-07-07,sh.600572,4.32,4.39,4.31,4.35,17930215,78025614.1,0.6739,0.0,0,0
2021-07-08,sh.600572,4.34,4.35,4.29,4.3,18440194,79532520.24,0.6931,-1.1494,0,0
2021-07-09,sh.600572,4.29,4.33,4.27,4.3,13808600,59303405.0,0.519,0.0,0,0
2021-07-12,sh.600572,4.31,4.49,4.29,4.45,38469097,169445776.54,1.4459,3.4884,0,0
2021-07-13,sh.600572,4.46,4.56,4.44,4.54,30664817,138520023.37,1.1526,2.0225,0,0
2021-07-14,sh.600572,4.52,4.6,4.49,4.52,28564295,129763998.75,1.0736,-0.4405,0,0
2021-07-15,sh.600572,4.51,4.55,4.48,4.51,17804417,80398544.61,0.6692,-0.2212,0,0
2021-07-16,sh.600572,4.51,4.59,4.49,4.54,16859771,76440547.07,0.6337,0.6652,0,0
2021-07-19,sh.600572,4.54,4.65,4.48,4.61,27393415,125337509.11,1.0296,1.5419,0,0
2021-07-20,sh.600572,4.58,4.67,4.51,4.53,28880014,132240663.8,1.0855,-1.7354,0,0
2021-07-21,sh.600572,4.51,4.57,4.49,4.52,18756141,84801788.31,0.705,-0.2208,0,0
2021-07-22,sh.600572,4.5,4.51,4.45,4.45,17948672,80092627.4,0.6746,-1.5487,0,0
2021-07-23,sh.600572,4.47,4.48,4.41,4.43,14910282,66177816.06,0.5604,-0.4494,0,0
2021-07-26,sh.600572,4.43,4.43,4.31,4.34,23664802,102967785.5,0.8895,-2.0316,0,0
2021-07-27,sh.600572,4.34,4.38,4.31,4.32,17672711,76618600.38,0.6642,-0.4608,0,0
2021-07-28,sh.600572,4.32,4.35,4.25,4.29,19219685,82426236.87,0.7224,-0.6944,0,0
2021-07-29,sh.600572,4.29,4.34,4.29,4.32,12167703,52418853.81,0.4573,0.6993,0,0
2021-07-30,sh.600572,4.32,4.33,4.26,4.31,12373353,53062048.12,0.4651,-0.2315,0,0
2021-08-02,sh.600572,4.3,4.38,4.27,4.34,16966179,73327171.54,0.6377,0.6961,0,0
2021-08-03,sh.600572,4.33,4.43,4.31,4.4,19661820,86246853.6,0.739,1.3825,0,0
2021-08-04,sh.600572,4.42,4.42,4.35,4.37,12722796,55602896.56,0.4782,-0.6818,0,0
2021-08-05,sh.600572,4.37,4.41,4.31,4.31,16103240,70147492.95,0.6053,-1.373,0,0
2021-08-06,sh.600572,4.31,4.32,4.27,4.31,13745640,58947521.85,0.5166,0.0,0,0
2021-08-09,sh.600572,4.3,4.35,4.28,4.34,10747064,46527501.17,0.4039,0.6961,0,0
2021-08-10,sh.600572,4.35,4.35,4.31,4.35,10158917,43993919.31,0.3818,0.2304,0,0
2021-08-11,sh.600572,4.33,4.37,4.28,4.3,23495600,101401940.2,0.8831,-1.1494,0,0
2021-08-12,sh.600572,4.29,4.32,4.27,4.32,16090227,69012470.56,0.6048,0.4651,0,0
2021-08-13,sh.600572,4.32,4.32,4.28,4.29,16729820,71892420.8,0.6288,-0.6944,0,0
2021-08-16,sh.600572,4.29,4.31,4.25,4.29,15515122,66507013.14,0.5831,0.0,0,0
2021-08-17,sh.600572,4.28,4.29,4.17,4.19,27569410,116531707.07,1.0362,-2.331,0,0
2021-08-18,sh.600572,4.18,4.2,4.15,4.18,14410788,60199296.79,0.5416,-0.2387,0,0
2021-08-19,sh.600572,4.18,4.2,4.16,4.17,11814827,49296315.14,0.4441,-0.2392,0,0
2021-08-20,sh.600572,4.16,4.17,4.11,4.12,15635143,64550477.29,0.5877,-1.199,0,0
2021-08-23,sh.600572,4.12,4.16,4.11,4.16,10345252,42858934.2,0.3888,0.9709,0,0
2021-08-24,sh.600572,4.16,4.18,4.14,4.18,11444369,47640806.18,0.4301,0.4808,0,0
2021-08-25,sh.600572,4.17,4.2,4.15,4.19,11952991,49824463.96,0.4493,0.2392,0,0
2021-08-26,sh.600572,4.18,4.19,4.14,4.15,15405976,64118804.62,0.579,-0.9547,0,0
2021-08-27,sh.600572,4.14,4.15,4.12,4.13,11866368,49090411.09,0.446,-0.4819,0,0
2021-08-30,sh.600572,4.13,4.14,4.11,4.13,12220916,50423646.15,0.4593,0.0,0,0
2021-08-31,sh.600572,4.12,4.17,4.12,4.16,12364835,51165094.45,0.4647,0.7264,0,0
2021-09-01,sh.600572,4.16,4.22,4.15,4.21,17650399,73933557.54,0.6634,1.2019,0,0
2021-09-02,sh.600572,4.2,4.23,4.18,4.22,15241830,64004441.54,0.5729,0.2375,0,0
2021-09-03,sh.600572,4.22,4.28,4.21,4.24,16694902,71008507.25,0.6275,0.4739,0,0
2021-09-06,sh.600572,4.23,4.32,4.23,4.3,19332297,82836073.36,0.7266,1.4151,0,0
2021-09-07,sh.600572,4.31,4.32,4.25,4.29,17905136,76643943.69,0.673,-0.2326,0,0
2021-09-08,sh.600572,4.28,4.42,4.27,4.38,30635807,134042952.35,1.1515,2.0979,0,0
2021-09-09,sh.600572,4.39,4.45,4.35,4.39,23210116,102185479.17,0.8724,0.2283,0,0
2021-09-10,sh.600572,4.38,4.4,4.34,4.39,18983710,82995911.85,0.7135,0.0,0,0
2021-09-13,sh.600572,4.39,4.43,4.37,4.41,15839236,69798296.39,0.5953,0.4556,0,0
2021-09-14,sh.600572,4.45,4.53,4.36,4.37,29208663,129760463.22,1.0978,-0.907,0,0
2021-09-15,sh.600572,4.39,4.41,4.34,4.36,17660826,77105618.74,0.6638,-0.2288,0,0
2021-09-16,sh.600572,4.37,4.46,4.34,4.34,28171987,124128118.32,1.0589,-0.4587,0,0
2021-09-17,sh.600572,4.34,4.37,4.26,4.3,19328509,83086178.28,0.7265,-0.9217,0,0
2021-09-22,sh.600572,4.26,4.33,4.26,4.3,12001453,51566612.75,0.4511,0.0,0,0
2021-09-23,sh.600572,4.3,4.41,4.29,4.39,19775931,86521080.69,0.7433,2.093,0,0
2021-09-24,sh.600572,4.39,4.41,4.32,4.33,14259759,62088722.34,0.536,-1.3667,0,0
2021-09-27,sh.600572,4.34,4.43,4.33,4.36,30427892,133264349.35,1.1437,0.6928,0,0
2021-09-28,sh.600572,4.37,4.38,4.23,4.27,24889660,106158690.15,0.9355,-2.0642,0,0
2021-09-29,sh.600572,4.24,4.25,4.18,4.2,19765435,83045404.24,0.7429,-1.6393,0,0
2021-09-30,sh.600572,4.22,4.24,4.17,4.2,18332918,76773933.02,0.6891,0.0,0,0
2021-10-08,sh.600572,4.21,4.29,4.2,4.28,19063970,81072182.67,0.7165,1.9048,0,0
2021-10-11,sh.600572,4.29,4.32,4.27,4.29,14898978,63989309.72,0.56,0.2336,0,0
2021-10-12,sh.600572,4.29,4.29,4.22,4.26,14833972,63156467.41,0.5575,-0.6993,0,0
2021-10-13,sh.600572,4.26,4.26,4.21,4.24,9858131,41787708.16,0.3705,-0.4695,0,0
2021-10-14,sh.600572,4.25,4.26,4.2,4.2,9707400,40972515.0,0.3649,-0.9434,0,0
2021-10-15,sh.600572,4.2,4.22,4.16,4.2,11956935,50099058.5,0.4494,0.0,0,0
2021-10-18,sh.600572,4.2,4.21,4.16,4.17,12139315,50692907.05,0.4563,-0.7143,0,0
2021-10-19,sh.600572,4.18,4.2,4.16,4.19,8872515,37081134.7,0.3335,0.4796,0,0
2021-10-20,sh.600572,4.19,4.2,4.16,4.17,9335265,38989360.75,0.3509,-0.4773,0,0
2021-10-21,sh.600572,4.17,4.2,4.15,4.15,9758300,40671419.0,0.3668,-0.4796,0,0
2021-10-22,sh.600572,4.16,4.17,4.13,4.13,9439345,39060628.84,0.3548,-0.4819,0,0
2021-10-25,sh.600572,4.12,4.15,4.11,4.14,9172296,37834674.24,0.3447,0.2421,0,0
2021-10-26,sh.600572,4.13,4.15,4.11,4.12,8409461,34700878.82,0.3161,-0.4831,0,0
2021-10-27,sh.600572,4.12,4.13,4.03,4.04,14144720,57396823.4,0.5316,-1.9417,0,0
2021-10-28,sh.600572,4.02,4.1,4.01,4.07,12719113,51427962.3,0.4781,0.7426,0,0
2021-10-29,sh.600572,4.04,4.09,4.0,4.08,14490699,58743449.08,0.5446,0.2457,0,0
2021-11-01,sh.600572,4.08,4.08,4.04,4.07,8955895,36389121.7,0.3366,-0.2451,0,0
2021-11-02,sh.600572,4.06,4.07,4.01,4.03,10769282,43491213.51,0.4048,-0.9828,0,0
2021-11-03,sh.600572,4.03,4.05,4.02,4.05,7266850,29358395.0,0.2731,0.4963,0,0
2021-11-04,sh.600572,4.05,4.05,4.03,4.04,6718639,27158216.56,0.2525,-0.2469,0,0
2021-11-05,sh.600572,4.05,4.09,4.04,4.08,8360129,34031771.53,0.3142,0.9901,0,0
2021-11-08,sh.600572,4.07,4.08,4.03,4.07,7038211,28569417.01,0.2645,-0.2451,0,0
2021-11-09,sh.600572,4.06,4.09,4.06,4.08,7467077,30467402.08,0.2807,0.2457,0,0
2021-11-10,sh.600572,4.09,4.11,4.05,4.1,10688280,43655268.8,0.4017,0.4902,0,0
2021-11-11,sh.600572,4.1,4.16,4.09,4.14,12205551,50502131.5,0.4588,0.9756,0,0
2021-11-12,sh.600572,4.15,4.16,4.12,4.13,7862933,32463160.46,0.2955,-0.2415,0,0
2021-11-15,sh.600572,4.16,4.17,4.13,4.15,9465303,39245809.42,0.3558,0.4843,0,0
2021-11-16,sh.600572,4.15,4.17,4.13,4.14,9057143,37621738.05,0.3404,-0.241,0,0
2021-11-17,sh.600572,4.14,4.19,4.13,4.17,11898440,49589627.6,0.4642,0.7246,0,0
2021-11-18,sh.600572,4.18,4.18,4.12,4.12,10210977,42328568.04,0.3984,-1.199,0,0
2021-11-19,sh.600572,4.12,4.15,4.11,4.14,9224288,38071435.08,0.3599,0.4854,0,0
2021-11-22,sh.600572,4.14,4.16,4.12,4.13,8990800,37215463.0,0.3508,-0.2415,0,0
2021-11-23,sh.600572,4.12,4.15,4.11,4.14,9508660,39275408.75,0.371,0.2421,0,0
2021-11-24,sh.600572,4.15,4.17,4.13,4.16,10549679,43751975.78,0.4116,0.4831,0,0
2021-11-25,sh.600572,4.15,4.21,4.13,4.2,20030096,83611604.05,0.7814,0.9615,0,0
2021-11-26,sh.600572,4.18,4.2,4.13,4.13,13356735,55481149.88,0.5211,-1.6667,0,0
2021-11-29,sh.600572,4.13,4.19,4.12,4.17,16827700,70017921.4,0.6565,0.9685,0,0
2021-11-30,sh.600572,4.18,4.19,4.15,4.18,10122985,42146880.2,0.3949,0.2398,0,0
2021-12-01,sh.600572,4.25,4.37,4.24,4.3,42885074,184497153.41,1.673,2.8708,0,0
2021-12-02,sh.600572,4.34,4.38,4.28,4.35,40375741,175301539.66,1.5751,1.1628,0,0
2021-12-03,sh.600572,4.37,4.38,4.31,4.34,20775280,90282477.23,0.8105,-0.2299,0,0
2021-12-06,sh.600572,4.35,4.35,4.27,4.28,20489401,88209130.86,0.7993,-1.3825,0,0
2021-12-07,sh.600572,4.3,4.31,4.22,4.24,16830061,71543513.92,0.6566,-0.9346,0,0
2021-12-08,sh.600572,4.34,4.37,4.25,4.27,26686715,114320727.81,1.0411,0.7075,0,0
2021-12-09,sh.600572,4.26,4.43,4.25,4.41,50797036,222255216.97,1.9817,3.2787,0,0
2021-12-10,sh.600572,4.39,4.42,4.35,4.38,21808868,95607406.61,0.8508,-0.6803,0,0
2021-12-13,sh.600572,4.35,4.39,4.33,4.36,18313524,79860192.07,0.7145,-0.4566,0,0
2021-12-14,sh.600572,4.35,4.4,4.35,4.37,14421884,63089330.71,0.5626,0.2294,0,0
2021-12-15,sh.600572,4.38,4.39,4.34,4.35,13200625,57625411.8,0.515,-0.4577,0,0
2021-12-16,sh.600572,4.37,4.37,4.32,4.36,12724832,55367111.66,0.4964,0.2299,0,0
2021-12-17,sh.600572,4.35,4.35,4.3,4.33,14537946,62833304.76,0.5672,-0.6881,0,0
2021-12-20,sh.600572,4.35,4.41,4.35,4.4,29618553,129973515.71,1.1555,1.6166,0,0
2021-12-21,sh.600572,4.39,4.42,4.36,4.4,17783769,78008231.92,0.6938,0.0,0,0
2021-12-22,sh.600572,4.45,4.47,4.4,4.47,33807307,150194395.27,1.3189,1.5909,0,0
2021-12-23,sh.600572,4.47,4.5,4.41,4.43,23655264,105036186.86,0.9228,-0.8949,0,0
2021-12-24,sh.600572,4.45,4.87,4.43,4.77,150618945,706117904.11,5.876,7.6749,0,0
2021-12-27,sh.600572,4.7,5.0,4.65,4.9,131814602,641899617.62,5.1424,2.7254,0,0
2021-12-28,sh.600572,4.86,4.9,4.74,4.77,66001962,316785728.32,2.5749,-2.6531,0,0
2021-12-29,sh.600572,4.8,4.96,4.76,4.77,77637709,376227941.18,3.0288,0.0,0,0
2021-12-30,sh.600572,4.74,4.83,4.66,4.8,59699736,284072021.84,2.329,0.6289,0,0
2021-12-31,sh.600572,4.81,5.2,4.8,5.0,136290089,678912781.51,5.317,4.1667,0,0
2022-01-04,sh.600572,5.12,5.26,5.01,5.07,175820809,903155943.98,6.8592,1.4,0,0
2022-01-05,sh.600572,5.16,5.18,4.91,4.98,116994881,584931798.99,4.5642,-1.7751,0,0
2022-01-06,sh.600572,4.92,5.24,4.9,5.24,117752805,599422467.27,4.5938,5.2209,0,0
2022-01-07,sh.600572,5.25,5.32,5.08,5.18,118194827,611374952.7,4.611,-1.145,0,0
2022-01-10,sh.600572,5.16,5.2,4.99,5.17,69926017,356452547.94,2.728,-0.1931,0,0
2022-01-11,sh.600572,5.13,5.21,5.08,5.14,67930153,349407439.41,2.6501,-0.5803,0,0
2022-01-12,sh.600572,5.11,5.23,5.07,5.17,75882761,390773524.59,2.9604,0.5837,0,0
2022-01-13,sh.600572,5.14,5.15,4.97,5.08,80789387,407930759.9,3.1518,-1.7408,0,0
2022-01-14,sh.600572,5.07,5.18,4.95,5.13,129971537,662133392.42,5.0705,0.9843,0,0
2022-01-17,sh.600572,5.12,5.13,4.93,5.05,95715277,480949970.55,3.7341,-1.5595,0,0
2022-01-18,sh.600572,5.0,5.02,4.91,4.96,74350546,367942842.95,2.9006,-1.7822,0,0
2022-01-19,sh.600572,4.92,4.98,4.9,4.98,33910029,167522833.19,1.3229,0.4032,0,0
2022-01-20,sh.600572,4.96,5.02,4.92,4.97,35365650,175810168.9,1.3797,-0.2008,0,0
2022-01-21,sh.600572,4.93,4.97,4.71,4.82,56750751,272994020.63,2.214,-3.0181,0,0
2022-01-24,sh.600572,4.77,4.79,4.67,4.73,37820133,178430906.43,1.4754,-1.8672,0,0
2022-01-25,sh.600572,4.73,4.74,4.48,4.54,42605550,194435889.78,1.6621,-4.0169,0,0
2022-01-26,sh.600572,4.51,4.58,4.44,4.51,30478679,137175536.13,1.189,-0.6608,0,0
2022-01-27,sh.600572,4.51,4.53,4.38,4.42,29615582,131086015.5,1.1554,-1.9956,0,0
2022-01-28,sh.600572,4.43,4.46,4.38,4.43,22590656,100060106.77,0.8813,0.2262,0,0
2022-02-07,sh.600572,4.47,4.52,4.45,4.5,26589816,119461308.55,1.0373,1.5801,0,0
2022-02-08,sh.600572,4.5,4.57,4.47,4.54,29645553,133991482.6,1.1565,0.8889,0,0
2022-02-09,sh.600572,4.54,4.72,4.51,4.68,43613063,202487120.41,1.7014,3.0837,0,0
2022-02-10,sh.600572,4.66,4.94,4.64,4.81,69282346,335749998.59,2.7029,2.7778,0,0
2022-02-11,sh.600572,4.78,4.8,4.62,4.62,38462680,180364764.1,1.5005,-3.9501,0,0
2022-02-14,sh.600572,4.62,4.69,4.58,4.62,25255200,116980390.0,0.9853,0.0,0,0
2022-02-15,sh.600572,4.63,4.69,4.57,4.63,25133079,116382689.19,0.9805,0.2165,0,0
2022-02-16,sh.600572,4.63,4.65,4.59,4.63,19921325,92080543.01,0.7772,0.0,0,0
2022-02-17,sh.600572,4.62,4.63,4.5,4.56,27085596,123429909.58,1.0567,-1.5119,0,0
2022-02-18,sh.600572,4.51,4.59,4.51,4.56,18776384,85522692.83,0.7325,0.0,0,0
2022-02-21,sh.600572,4.54,4.65,4.53,4.63,24517094,112386368.47,0.9565,1.5351,0,0
2022-02-22,sh.600572,4.62,4.62,4.53,4.56,19478200,88753994.0,0.7599,-1.5119,0,0
2022-02-23,sh.600572,4.57,4.62,4.55,4.58,17202864,78934770.94,0.6711,0.4386,0,0
2022-02-24,sh.600572,4.58,4.66,4.45,4.5,35668772,162561389.1,1.3915,-1.7467,0,0
2022-02-25,sh.600572,4.52,4.6,4.52,4.57,17922887,81840234.12,0.6992,1.5556,0,0
2022-02-28,sh.600572,4.58,4.58,4.51,4.58,13877060,63065959.0,0.5414,0.2188,0,0
2022-03-01,sh.600572,4.56,4.6,4.54,4.57,17705432,80865882.0,0.6907,-0.2183,0,0
2022-03-02,sh.600572,4.57,4.7,4.54,4.67,31742150,147166947.0,1.2383,2.1882,0,0
2022-03-03,sh.600572,4.69,4.72,4.65,4.7,26542001,124446827.0,1.0355,0.6424,0,0
2022-03-04,sh.600572,4.7,4.77,4.65,4.67,33821399,159215608.0,1.3194,-0.6383,0,0
2022-03-07,sh.600572,4.68,4.72,4.57,4.59,29404103,136578113.0,1.1471,-1.7131,0,0
2022-03-08,sh.600572,4.58,4.6,4.42,4.43,35176424,157669351.0,1.3723,-3.4858,0,0
2022-03-09,sh.600572,4.45,4.46,4.16,4.37,48574932,209486081.0,1.895,-1.3544,0,0
2022-03-10,sh.600572,4.41,4.47,4.33,4.42,37879268,167241247.0,1.4778,1.1442,0,0
2022-03-11,sh.600572,4.35,4.54,4.34,4.52,39896144,177406993.0,1.5564,2.2624,0,0
2022-03-14,sh.600572,4.52,4.68,4.5,4.5,48922662,224673780.0,1.9086,-0.4425,0,0
2022-03-15,sh.600572,4.49,4.51,4.25,4.29,42424398,186357484.0,1.6551,-4.6667,0,0
2022-03-16,sh.600572,4.31,4.39,4.14,4.35,40972442,175155330.0,1.5984,1.3986,0,0
2022-03-17,sh.600572,4.35,4.62,4.35,4.5,53362197,240706082.0,2.0818,3.4483,0,0
2022-03-18,sh.600572,4.5,4.7,4.5,4.68,61988505,287236625.77,2.4183,4.0,0,0
2022-03-21,sh.600572,4.85,4.86,4.64,4.68,88029113,416294299.13,3.4342,0.0,0,0
2022-03-22,sh.600572,4.68,4.71,4.55,4.58,53708030,247317008.7,2.0953,-2.1368,0,0
2022-03-23,sh.600572,4.56,4.79,4.55,4.69,57349968,269514607.35,2.2374,2.4017,0,0
2022-03-24,sh.600572,4.62,4.77,4.61,4.73,56601522,266890614.45,2.2082,0.8529,0,0
2022-03-25,sh.600572,4.71,4.9,4.69,4.78,82484376,398612474.3,3.2179,1.0571,0,0
2022-03-28,sh.600572,4.8,4.9,4.7,4.74,64235243,307048360.52,2.506,-0.8368,0,0
2022-03-29,sh.600572,4.72,4.92,4.66,4.88,66925289,322482572.58,2.6109,2.9536,0,0
2022-03-30,sh.600572,4.87,4.92,4.8,4.9,58768228,286124966.38,2.2927,0.4098,0,0
2022-03-31,sh.600572,4.85,5.1,4.84,4.97,83106783,417517468.89,3.2422,1.4286,0,0
2022-04-01,sh.600572,4.89,4.98,4.82,4.86,51744030,251630635.02,2.0187,-2.2133,0,0
2022-04-06,sh.600572,4.93,5.04,4.9,4.93,49097372,243718078.18,1.9154,1.4403,0,0
2022-04-07,sh.600572,5.08,5.19,4.93,4.95,110372418,557642361.97,4.3059,0.4057,0,0
2022-04-08,sh.600572,4.95,4.96,4.74,4.76,64572516,309442856.9,2.5191,-3.8384,0,0
2022-04-11,sh.600572,4.76,4.81,4.6,4.61,52561576,247081923.97,2.0505,-3.1513,0,0
2022-04-12,sh.600572,4.65,4.91,4.62,4.88,79889350,383011082.55,3.1167,5.8568,0,0
2022-04-13,sh.600572,4.85,4.89,4.69,4.71,45241631,214952489.55,1.765,-3.4836,0,0
2022-04-14,sh.600572,4.71,4.85,4.71,4.74,36267498,172952139.48,1.4149,0.6369,0,0
2022-04-15,sh.600572,4.7,4.75,4.64,4.67,36473195,170921186.73,1.4229,-1.4768,0,0
2022-04-18,sh.600572,4.64,4.65,4.54,4.59,31498406,144634009.94,1.2288,-1.7131,0,0
2022-04-19,sh.600572,4.61,4.67,4.58,4.63,27778842,128675891.06,1.0837,0.8715,0,0
2022-04-20,sh.600572,4.63,5.07,4.61,4.89,105581161,515397965.91,4.119,5.6156,0,0
2022-04-21,sh.600572,4.87,4.88,4.56,4.59,71820252,338950391.08,2.8019,-6.135,0,0
2022-04-22,sh.600572,4.63,4.86,4.61,4.68,101493312,482085034.92,3.9595,1.9608,0,0
2022-04-25,sh.600572,4.61,4.8,4.53,4.53,100908271,472712972.2,3.9367,-3.2051,0,0
2022-04-26,sh.600572,4.48,4.49,4.2,4.27,102207434,446043398.07,3.9873,-5.7395,0,0
2022-04-27,sh.600572,4.2,4.29,4.06,4.28,80350628,334007006.73,3.1347,0.2342,0,0
2022-04-28,sh.600572,4.22,4.3,4.03,4.1,62440661,259013862.16,2.436,-4.2056,0,0
2022-04-29,sh.600572,4.14,4.48,4.14,4.42,97061805,424061257.84,3.7866,7.8049,0,0
2022-05-05,sh.600572,4.41,4.68,4.39,4.62,69663254,317834223.63,2.7177,4.5249,0,0
2022-05-06,sh.600572,4.53,4.61,4.48,4.54,46738038,212312833.41,1.8234,-1.7316,0,0
2022-05-09,sh.600572,4.53,4.63,4.5,4.62,42477782,194323929.63,1.6572,1.7621,0,0
2022-05-10,sh.600572,4.56,4.75,4.53,4.75,49405515,230888499.46,1.9274,2.8139,0,0
2022-05-11,sh.600572,4.74,4.81,4.66,4.68,51859123,245551416.57,2.0231,-1.4737,0,0
2022-05-12,sh.600572,4.63,4.88,4.63,4.86,60498304,290495011.9,2.3602,3.8462,0,0
2022-05-13,sh.600572,4.86,4.92,4.8,4.87,46082047,223650404.35,1.7978,0.2058,0,0
2022-05-16,sh.600572,5.08,5.15,4.84,4.9,97855742,486109426.98,3.8176,0.616,0,0
2022-05-17,sh.600572,4.87,4.89,4.71,4.8,53835818,257186882.54,2.1003,-2.0408,0,0
2022-05-18,sh.600572,4.79,4.85,4.73,4.76,31188060,149207489.85,1.2167,-0.8333,0,0
2022-05-19,sh.600572,4.66,4.73,4.63,4.69,37760632,176175488.46,1.4731,-1.4706,0,0
2022-05-20,sh.600572,4.68,4.77,4.64,4.71,39302243,184559750.51,1.5333,0.4264,0,0
2022-05-23,sh.600572,4.72,4.75,4.67,4.7,33282619,156781159.89,1.2984,-0.2123,0,0
2022-05-24,sh.600572,4.69,4.7,4.47,4.48,47864948,219364518.23,1.8673,-4.6809,0,0
2022-05-25,sh.600572,4.48,4.54,4.46,4.53,24682574,111232911.81,0.9629,1.1161,0,0
2022-05-26,sh.600572,4.62,4.62,4.48,4.54,29885943,135499171.28,1.1659,0.2208,0,0
2022-05-27,sh.600572,4.53,4.57,4.45,4.5,27498550,124221602.0,1.0728,-0.8811,0,0
2022-05-30,sh.600572,4.49,4.5,4.42,4.44,30065436,133916878.77,1.1729,-1.3333,0,0
2022-05-31,sh.600572,4.46,4.49,4.38,4.48,27218285,120818977.44,1.0618,0.9009,0,0
2022-06-01,sh.600572,4.47,4.49,4.39,4.44,33750437,149852395.65,1.3167,-0.8929,0,0
2022-06-02,sh.600572,4.42,4.44,4.35,4.38,28198985,123368908.39,1.1001,-1.3514,0,0
2022-06-06,sh.600572,4.38,4.44,4.36,4.42,32908100,144895437.35,1.2838,0.9132,0,0
2022-06-07,sh.600572,4.41,4.57,4.38,4.56,59909662,268757166.44,2.3372,3.1674,0,0
2022-06-08,sh.600572,4.53,4.54,4.44,4.48,48724043,218577843.43,1.9008,-1.7544,0,0
2022-06-09,sh.600572,4.5,4.51,4.36,4.4,29764416,131672496.54,1.1612,-1.7857,0,0
2022-06-10,sh.600572,4.37,4.44,4.36,4.42,29690302,130941239.43,1.1583,0.4545,0,0
2022-06-13,sh.600572,4.39,4.46,4.37,4.44,28498867,125979010.73,1.1118,0.4525,0,0
2022-06-14,sh.600572,4.4,4.45,4.28,4.44,40553901,176920588.97,1.5821,0.0,0,0
2022-06-15,sh.600572,4.44,4.5,4.43,4.46,40846840,182595291.07,1.5935,0.4505,0,0
2022-06-16,sh.600572,4.43,4.54,4.43,4.49,37592316,169154747.53,1.4666,0.6726,0,0
2022-06-17,sh.600572,4.48,4.49,4.39,4.47,27738270,123353260.81,1.0821,-0.4454,0,0
2022-06-20,sh.600572,4.48,4.55,4.47,4.54,34456459,155854447.34,1.3442,1.566,0,0
2022-06-21,sh.600572,4.55,4.58,4.47,4.5,25113652,113702594.6,0.9797,-0.8811,0,0
2022-06-22,sh.600572,4.51,4.61,4.49,4.53,38742647,176022673.27,1.5114,0.6667,0,0
2022-06-23,sh.600572,4.55,4.58,4.51,4.57,31327197,142447923.42,1.2221,0.883,0,0
2022-06-24,sh.600572,4.57,4.6,4.54,4.57,23315615,106557789.4,0.9096,0.0,0,0
2022-06-27,sh.600572,4.6,4.66,4.57,4.63,38044621,175807786.51,1.4842,1.3129,0,0
2022-06-28,sh.600572,4.61,4.63,4.54,4.63,32601230,149425849.39,1.2718,0.0,0,0
2022-06-29,sh.600572,4.49,4.5,4.41,4.42,35794476,159421392.76,1.3964,-1.1186,0,0
2022-06-30,sh.600572,4.42,4.47,4.4,4.43,27049982,120137775.29,1.0553,0.2262,0,0
2022-07-01,sh.600572,4.44,4.46,4.4,4.41,22361205,99160565.09,0.8724,-0.4515,0,0
2022-07-04,sh.600572,4.4,4.58,4.39,4.56,48467961,218749735.83,1.8908,3.4014,0,0
2022-07-05,sh.600572,4.57,4.57,4.46,4.5,27863763,125360303.32,1.087,-1.3158,0,0
2022-07-06,sh.600572,4.5,4.53,4.4,4.43,28239761,125435287.12,1.1017,-1.5556,0,0
2022-07-07,sh.600572,4.43,4.45,4.4,4.41,18862540,83301889.0,0.7359,-0.4515,0,0
2022-07-08,sh.600572,4.42,4.48,4.42,4.44,21201962,94169999.88,0.8271,0.6803,0,0
2022-07-11,sh.600572,4.44,4.51,4.43,4.48,27452179,122864011.62,1.071,0.9009,0,0
2022-07-12,sh.600572,4.48,4.48,4.39,4.39,26927856,118989867.04,1.0505,-2.0089,0,0
2022-07-13,sh.600572,4.39,4.4,4.34,4.36,23688759,103261791.92,0.9242,-0.6834,0,0
2022-07-14,sh.600572,4.38,4.39,4.34,4.36,22963215,100116195.75,0.8958,0.0,0,0
2022-07-15,sh.600572,4.34,4.34,4.25,4.26,26577536,114104457.0,1.0369,-2.2936,0,0
2022-07-18,sh.600572,4.25,4.32,4.24,4.31,17852064,76598925.48,0.6964,1.1737,0,0
2022-07-19,sh.600572,4.36,4.39,4.31,4.33,18501500,80366322.76,0.7218,0.464,0,0
2022-07-20,sh.600572,4.34,4.4,4.34,4.37,16014364,70000503.24,0.6248,0.9238,0,0
2022-07-21,sh.600572,4.36,4.37,4.33,4.33,14694909,63872022.14,0.5733,-0.9153,0,0
2022-07-22,sh.600572,4.34,4.37,4.27,4.3,17329591,74799273.56,0.6761,-0.6928,0,0
2022-07-25,sh.600572,4.31,4.35,4.28,4.33,18822921,81124526.82,0.7343,0.6977,0,0
2022-07-26,sh.600572,4.32,4.34,4.3,4.34,13824182,59738903.06,0.5393,0.2309,0,0
2022-07-27,sh.600572,4.32,4.34,4.3,4.33,13708041,59225712.04,0.5348,-0.2304,0,0
2022-07-28,sh.600572,4.34,4.34,4.31,4.33,16767480,72598138.6,0.6541,0.0,0,0
2022-07-29,sh.600572,4.33,4.33,4.27,4.28,17350790,74468646.2,0.6769,-1.1547,0,0
2022-08-01,sh.600572,4.28,4.29,4.22,4.26,19673977,83584409.48,0.7675,-0.4673,0,0
2022-08-02,sh.600572,4.23,4.23,4.08,4.11,37967516,156290511.55,1.4812,-3.5211,0,0
2022-08-03,sh.600572,4.11,4.17,4.1,4.11,20194070,83511488.87,0.7878,0.0,0,0
2022-08-04,sh.600572,4.13,4.15,4.09,4.13,14102350,58060453.0,0.5502,0.4866,0,0
2022-08-05,sh.600572,4.13,4.17,4.11,4.16,14515332,60082091.0,0.5663,0.7264,0,0
2022-08-08,sh.600572,4.15,4.21,4.14,4.18,16262236,68090161.0,0.6344,0.4808,0,0
2022-08-09,sh.600572,4.18,4.18,4.13,4.14,12039772,49916601.0,0.4697,-0.9569,0,0
2022-08-10,sh.600572,4.14,4.15,4.11,4.12,10998004,45355385.0,0.4291,-0.4831,0,0
2022-08-11,sh.600572,4.13,4.18,4.12,4.18,13488420,56087302.0,0.5262,1.4563,0,0
2022-08-12,sh.600572,4.18,4.21,4.16,4.2,13064439,54766536.0,0.5097,0.4785,0,0
2022-08-15,sh.600572,4.2,4.2,4.17,4.19,14138157,59190015.41,0.5516,-0.2381,0,0
2022-08-16,sh.600572,4.19,4.2,4.17,4.19,14661606,61394511.88,0.572,0.0,0,0
2022-08-17,sh.600572,4.2,4.22,4.17,4.21,12884322,53994487.68,0.5026,0.4773,0,0
2022-08-18,sh.600572,4.21,4.21,4.15,4.18,15068856,62839537.97,0.5879,-0.7126,0,0
2022-08-19,sh.600572,4.17,4.18,4.14,4.15,12569184,52267983.6,0.4904,-0.7177,0,0
2022-08-22,sh.600572,4.14,4.17,4.12,4.16,16148372,66961537.22,0.63,0.241,0,0
2022-08-23,sh.600572,4.14,4.17,4.13,4.15,10045933,41657734.37,0.3919,-0.2404,0,0
2022-08-24,sh.600572,4.16,4.17,4.1,4.11,18643124,76998894.51,0.7273,-0.9639,0,0
2022-08-25,sh.600572,4.12,4.13,4.07,4.1,18285819,74936886.86,0.7134,-0.2433,0,0
2022-08-26,sh.600572,4.1,4.15,4.09,4.1,11727174,48281027.79,0.4575,0.0,0,0
2022-08-29,sh.600572,4.07,4.12,4.05,4.11,11018905,45079195.52,0.4299,0.2439,0,0
2022-08-30,sh.600572,4.12,4.14,4.1,4.13,11676477,48135985.01,0.4555,0.4866,0,0
2022-08-31,sh.600572,4.12,4.13,4.08,4.11,13166942,54084733.86,0.5137,-0.4843,0,0
2022-09-01,sh.600572,4.09,4.14,4.09,4.11,12140167,49996032.71,0.4736,0.0,0,0
2022-09-02,sh.600572,4.11,4.14,4.1,4.13,12033125,49623891.0,0.4694,0.4866,0,0
2022-09-05,sh.600572,4.13,4.14,4.11,4.13,11563615,47701794.15,0.4511,0.0,0,0
2022-09-06,sh.600572,4.14,4.17,4.12,4.16,14096479,58458718.02,0.5499,0.7264,0,0
2022-09-07,sh.600572,4.16,4.16,4.12,4.13,11908795,49269709.85,0.4646,-0.7212,0,0
2022-09-08,sh.600572,4.13,4.15,4.12,4.13,9142500,37770623.5,0.3567,0.0,0,0
2022-09-09,sh.600572,4.12,4.15,4.12,4.15,11975197,49545959.92,0.4672,0.4843,0,0
2022-09-13,sh.600572,4.16,4.17,4.14,4.14,14368902,59724867.06,0.5606,-0.241,0,0
2022-09-14,sh.600572,4.11,4.12,4.08,4.11,14386080,59019719.85,0.5612,-0.7246,0,0
2022-09-15,sh.600572,4.13,4.15,4.06,4.08,18026665,74001624.45,0.7033,-0.7299,0,0
2022-09-16,sh.600572,4.1,4.12,4.01,4.02,24189284,98127863.08,0.9437,-1.4706,0,0
2022-09-19,sh.600572,4.0,4.02,3.97,3.98,15879112,63375155.56,0.6195,-0.995,0,0
2022-09-20,sh.600572,3.99,4.0,3.98,3.99,10407712,41528975.79,0.406,0.2513,0,0
2022-09-21,sh.600572,3.98,4.01,3.91,4.01,12470723,49359873.19,0.4865,0.5013,0,0
2022-09-22,sh.600572,3.99,3.99,3.95,3.95,9429855,37404265.8,0.3679,-1.4963,0,0
2022-09-23,sh.600572,3.94,3.95,3.88,3.92,12081555,47354439.33,0.4713,-0.7595,0,0
2022-09-26,sh.600572,3.92,3.92,3.83,3.85,16350884,63107796.73,0.6379,-1.7857,0,0
2022-09-27,sh.600572,3.83,3.92,3.83,3.91,11818355,45829018.44,0.4611,1.5584,0,0
2022-09-28,sh.600572,3.92,3.96,3.88,3.9,13577736,53195003.77,0.5297,-0.2558,0,0
2022-09-29,sh.600572,3.92,3.98,3.87,3.9,13709808,53942710.92,0.5349,0.0,0,0
2022-09-30,sh.600572,3.89,3.98,3.89,3.96,16602512,65607151.17,0.6477,1.5385,0,0
2022-10-10,sh.600572,3.95,4.01,3.92,3.95,15917670,63241936.6,0.621,-0.2525,0,0
2022-10-11,sh.600572,3.95,3.97,3.87,3.95,12103100,47345707.0,0.4722,0.0,0,0
2022-10-12,sh.600572,3.95,3.99,3.88,3.99,12727890,50120922.08,0.4965,1.0127,0,0
2022-10-13,sh.600572,3.96,4.03,3.95,4.01,16286760,65197961.9,0.6354,0.5013,0,0
2022-10-14,sh.600572,4.02,4.13,4.01,4.09,26757279,109418086.2,1.0439,1.995,0,0
2022-10-17,sh.600572,4.1,4.18,4.09,4.14,25860140,107139114.82,1.0089,1.2225,0,0
2022-10-18,sh.600572,4.15,4.23,4.11,4.21,38018162,159259674.16,1.4832,1.6908,0,0
2022-10-19,sh.600572,4.22,4.22,4.13,4.17,22999161,95741107.8,0.8972,-0.9501,0,0
2022-10-20,sh.600572,4.16,4.2,4.14,4.15,20677665,86213534.05,0.8067,-0.4796,0,0
2022-10-21,sh.600572,4.15,4.19,4.13,4.18,14346143,59669074.4,0.5597,0.7229,0,0
2022-10-24,sh.600572,4.18,4.2,4.02,4.07,23920126,98141331.42,0.9332,-2.6316,0,0
2022-10-25,sh.600572,4.06,4.09,3.97,4.02,16081523,64581425.0,0.6274,-1.2285,0,0
2022-10-26,sh.600572,4.02,4.16,4.0,4.12,27704473,114047109.86,1.0808,2.4876,0,0
2022-10-27,sh.600572,4.14,4.23,4.09,4.21,38832283,162157924.84,1.5149,2.1845,0,0
2022-10-28,sh.600572,4.19,4.21,4.11,4.15,31812564,132808321.59,1.2411,-1.4252,0,0
2022-10-31,sh.600572,4.12,4.23,4.08,4.19,27238127,113080075.78,1.0626,0.9639,0,0
2022-11-01,sh.600572,4.2,4.25,4.15,4.24,31458692,132189955.19,1.2273,1.1933,0,0
2022-11-02,sh.600572,4.21,4.48,4.19,4.41,90030370,394075924.19,3.5123,4.0094,0,0
2022-11-03,sh.600572,4.34,4.41,4.31,4.4,32419657,141203579.94,1.2648,-0.2268,0,0
2022-11-04,sh.600572,4.4,4.42,4.35,4.37,25517475,111791933.45,0.9955,-0.6818,0,0
2022-11-07,sh.600572,4.36,4.5,4.32,4.42,40268094,178079296.2,1.571,1.1442,0,0
2022-11-08,sh.600572,4.4,4.43,4.35,4.42,20091538,88207902.4,0.7838,0.0,0,0
2022-11-09,sh.600572,4.4,4.5,4.38,4.46,27344981,121959693.4,1.0668,0.905,0,0
2022-11-10,sh.600572,4.44,4.57,4.43,4.5,66772837,300217427.32,2.605,0.8969,0,0
2022-11-11,sh.600572,4.55,4.56,4.36,4.38,67413121,301537507.79,2.6299,-2.6667,0,0
2022-11-14,sh.600572,4.34,4.63,4.34,4.59,93291441,422184699.09,3.6395,4.7945,0,0
2022-11-15,sh.600572,4.57,4.62,4.48,4.57,53896752,244502187.24,2.1026,-0.4357,0,0
2022-11-16,sh.600572,4.56,4.58,4.49,4.54,44043028,199704756.89,1.7182,-0.6565,0,0
2022-11-17,sh.600572,4.51,4.65,4.51,4.62,52808483,243342985.69,2.0602,1.7621,0,0
2022-11-18,sh.600572,4.64,4.79,4.61,4.73,70116851,330875893.33,2.7354,2.381,0,0
2022-11-21,sh.600572,4.69,5.0,4.66,4.94,106727329,522960020.52,4.1637,4.4397,0,0
2022-11-22,sh.600572,4.96,5.05,4.65,4.73,110218605,536182230.48,4.2999,-4.251,0,0
2022-11-23,sh.600572,4.72,4.76,4.5,4.59,59083739,271461190.4,2.305,-2.9598,0,0
2022-11-24,sh.600572,4.58,4.67,4.53,4.64,40786691,188589454.3,1.5912,1.0893,0,0
2022-11-25,sh.600572,4.61,4.84,4.58,4.77,53822986,253710857.35,2.0998,2.8017,0,0
2022-11-28,sh.600572,4.74,4.93,4.71,4.85,63375794,305983727.29,2.4724,1.6771,0,0
2022-11-29,sh.600572,4.79,4.9,4.76,4.84,52985055,256304196.73,2.0671,-0.2062,0,0
2022-11-30,sh.600572,4.79,4.85,4.71,4.75,42120349,200875043.53,1.6432,-1.8595,0,0
2022-12-01,sh.600572,4.77,4.88,4.7,4.84,51414558,246889499.23,2.0058,1.8947,0,0
2022-12-02,sh.600572,4.82,4.87,4.77,4.79,28902756,138880183.92,1.1276,-1.0331,0,0
2022-12-05,sh.600572,4.86,4.93,4.78,4.8,43653617,211733013.64,1.703,0.2088,0,0
2022-12-06,sh.600572,4.8,4.93,4.68,4.71,49031667,234376463.59,1.9128,-1.875,0,0
2022-12-07,sh.600572,4.71,4.99,4.7,4.99,94735750,461852598.3,3.6959,5.9448,0,0
2022-12-08,sh.600572,4.95,4.96,4.78,4.84,74251503,359902303.2,2.8967,-3.006,0,0
2022-12-09,sh.600572,4.78,4.9,4.78,4.8,67106661,325996644.38,2.618,-0.8264,0,0
2022-12-12,sh.600572,4.94,5.15,4.93,5.09,123038313,617676237.71,4.8,6.0417,0,0
2022-12-13,sh.600572,5.14,5.19,4.94,5.09,90772444,458521163.99,3.5412,0.0,0,0
2022-12-14,sh.600572,5.04,5.06,4.81,4.84,79113712,386282308.51,3.0864,-4.9116,0,0
2022-12-15,sh.600572,4.81,4.88,4.75,4.77,42539911,204308948.2,1.6596,-1.4463,0,0
2022-12-16,sh.600572,4.77,4.88,4.75,4.84,36476868,176525513.41,1.423,1.4675,0,0
2022-12-19,sh.600572,4.99,5.01,4.7,4.77,71247401,345813840.68,2.7795,-1.4463,0,0
2022-12-20,sh.600572,4.7,4.79,4.61,4.67,38621798,180525053.88,1.5067,-2.0964,0,0
2022-12-21,sh.600572,4.7,4.92,4.68,4.8,44464630,213898595.23,1.7347,2.7837,0,0
2022-12-22,sh.600572,4.86,4.88,4.62,4.63,34657072,163177580.22,1.3521,-3.5417,0,0
2022-12-23,sh.600572,4.61,4.68,4.58,4.64,23420280,108437564.4,0.9137,0.216,0,0
2022-12-26,sh.600572,4.62,4.66,4.43,4.51,50305544,226518570.68,1.9625,-2.8017,0,0
2022-12-27,sh.600572,4.48,4.5,4.33,4.4,34030002,149333791.04,1.3276,-2.439,0,0
2022-12-28,sh.600572,4.41,4.46,4.36,4.43,23342565,103205964.95,0.9106,0.6818,0,0
2022-12-29,sh.600572,4.42,4.87,4.39,4.87,124770956,594171518.62,4.8676,9.9323,1,0
2022-12-30,sh.600572,4.87,4.87,4.71,4.73,91715888,437665638.16,3.578,-2.8747,0,0
2023-01-03,sh.600572,5.11,5.18,4.96,4.99,163056945,824269058.04,6.3612,5.4968,0,0
2023-01-04,sh.600572,4.98,5.0,4.79,4.81,102425773,495860184.09,3.9959,-3.6072,0,0
2023-01-05,sh.600572,4.81,4.82,4.72,4.72,57297674,272265213.95,2.2353,-1.8711,0,0
2023-01-06,sh.600572,4.73,4.74,4.59,4.61,45898656,212963505.74,1.7906,-2.3305,0,0
2023-01-09,sh.600572,4.62,4.65,4.59,4.62,30706789,141971163.65,1.1979,0.2169,0,0
2023-01-10,sh.600572,4.61,4.64,4.56,4.62,25230387,116143810.01,0.9843,0.0,0,0
2023-01-11,sh.600572,4.62,4.67,4.58,4.61,25019653,115570516.36,0.9761,-0.2165,0,0
2023-01-12,sh.600572,4.61,4.62,4.55,4.56,20592590,94318910.3,0.8034,-1.0846,0,0
2023-01-13,sh.600572,4.56,4.59,4.53,4.56,20660929,94060544.52,0.806,0.0,0,0
2023-01-16,sh.600572,4.6,5.02,4.6,4.98,180362863,891082990.36,7.0364,9.2105,0,0
2023-01-17,sh.600572,4.98,5.1,4.9,4.93,108386108,541489382.37,4.2284,-1.004,0,0
2023-01-18,sh.600572,5.0,5.04,4.93,5.0,48222552,240683054.66,1.8813,1.4199,0,0
2023-01-19,sh.600572,5.01,5.07,4.93,5.02,39867802,199817399.39,1.5553,0.4,0,0
2023-01-20,sh.600572,5.06,5.12,5.02,5.03,38473781,194474890.69,1.5009,0.1992,0,0
2023-01-30,sh.600572,5.05,5.05,4.91,4.93,41084940,204093783.6,1.6028,-1.9881,0,0
2023-01-31,sh.600572,4.93,4.93,4.84,4.85,31893669,155389486.84,1.2442,-1.6227,0,0
2023-02-01,sh.600572,4.87,4.89,4.83,4.89,27610886,134197262.24,1.0772,0.8247,0,0
2023-02-02,sh.600572,4.87,5.0,4.85,4.91,35433576,174579476.56,1.3823,0.409,0,0
2023-02-03,sh.600572,4.9,4.92,4.81,4.86,24622293,119596209.73,0.9606,-1.0183,0,0
2023-02-06,sh.600572,4.85,4.88,4.81,4.83,16978539,82150851.39,0.6624,-0.6173,0,0
2023-02-07,sh.600572,4.82,4.85,4.75,4.78,28220831,135054857.47,1.101,-1.0352,0,0
2023-02-08,sh.600572,4.78,4.82,4.76,4.78,20821400,99680220.0,0.8123,0.0,0,0
2023-02-09,sh.600572,4.75,4.85,4.75,4.79,25615800,122500087.0,0.9993,0.2092,0,0
2023-02-10,sh.600572,4.78,4.79,4.73,4.76,21486435,102183735.65,0.8382,-0.6263,0,0
2023-02-13,sh.600572,4.76,4.82,4.74,4.8,25448026,121798559.85,0.9928,0.8403,0,0
2023-02-14,sh.600572,4.8,4.84,4.79,4.84,22774336,109738288.6,0.8885,0.8333,0,0
2023-02-15,sh.600572,4.84,4.93,4.83,4.86,35530342,173038450.57,1.3861,0.4132,0,0
2023-02-16,sh.600572,4.87,5.16,4.87,5.05,121253907,612454773.09,4.7304,3.9095,0,0
2023-02-17,sh.600572,5.03,5.14,4.99,5.02,57349963,290443191.87,2.2374,-0.5941,0,0
2023-02-20,sh.600572,5.06,5.11,4.95,5.08,56213429,282310386.77,2.193,1.1952,0,0
2023-02-21,sh.600572,5.08,5.28,5.06,5.25,81058170,422956030.66,3.1623,3.3465,0,0
2023-02-22,sh.600572,5.23,5.3,5.2,5.24,40237757,211362250.13,1.5698,-0.1905,0,0
2023-02-23,sh.600572,5.24,5.36,5.17,5.21,46774839,245196936.79,1.8248,-0.5725,0,0
2023-02-24,sh.600572,5.22,5.24,5.16,5.17,29988409,155471817.88,1.1699,-0.7678,0,0
2023-02-27,sh.600572,5.16,5.21,5.09,5.12,29854816,153232264.7,1.1647,-0.9671,0,0
2023-02-28,sh.600572,5.16,5.27,5.12,5.24,42321730,220821179.65,1.6511,2.3438,0,0
2023-03-01,sh.600572,5.34,5.4,5.24,5.29,58051234,308310341.86,2.2647,0.9542,0,0
2023-03-02,sh.600572,5.29,5.3,5.19,5.21,31233197,163170633.65,1.2185,-1.5123,0,0
2023-03-03,sh.600572,5.21,5.26,5.18,5.22,22501352,117290446.02,0.8778,0.1919,0,0
2023-03-06,sh.600572,5.21,5.33,5.17,5.26,34477316,181209238.31,1.345,0.7663,0,0
2023-03-07,sh.600572,5.27,5.58,5.27,5.39,97205103,532868649.13,3.7922,2.4715,0,0
2023-03-08,sh.600572,5.38,5.44,5.28,5.33,42341397,226549063.08,1.6518,-1.1132,0,0
2023-03-09,sh.600572,5.34,5.41,5.32,5.37,29960429,160723806.96,1.1688,0.7505,0,0
2023-03-10,sh.600572,5.31,5.33,5.23,5.27,30199501,159339665.78,1.1782,-1.8622,0,0
2023-03-13,sh.600572,5.25,5.56,5.21,5.54,71166953,386710594.21,2.7764,5.1233,0,0
2023-03-14,sh.600572,5.51,5.62,5.37,5.46,55012045,300334253.17,2.1461,-1.444,0,0
2023-03-15,sh.600572,5.45,5.92,5.45,5.85,112690255,653814189.9,4.3963,7.1429,0,0
2023-03-16,sh.600572,5.88,6.15,5.78,6.0,129882003,779321031.98,5.067,2.5641,0,0
2023-03-17,sh.600572,6.0,6.1,5.9,5.95,62867809,375872575.99,2.4526,-0.8333,0,0
2023-03-20,sh.600572,5.95,5.96,5.78,5.86,53203396,311428430.27,2.0756,-1.5126,0,0
2023-03-21,sh.600572,5.86,5.91,5.78,5.82,36660466,214086556.74,1.4302,-0.6826,0,0
2023-03-22,sh.600572,5.84,6.08,5.82,5.85,54108405,320845671.08,2.1109,0.5155,0,0
2023-03-23,sh.600572,5.85,5.97,5.79,5.84,34491296,202528312.94,1.3456,-0.1709,0,0
2023-03-24,sh.600572,5.86,5.96,5.58,5.63,64549341,367618935.57,2.5182,-3.5959,0,0
2023-03-27,sh.600572,5.64,5.68,5.52,5.57,32790651,183129226.2,1.2792,-1.0657,0,0
2023-03-28,sh.600572,5.6,5.95,5.58,5.84,65226878,377720382.9,2.5446,4.8474,0,0
2023-03-29,sh.600572,5.81,5.97,5.75,5.84,42110706,246692562.24,1.6428,0.0,0,0
2023-03-30,sh.600572,5.85,5.85,5.68,5.76,25806944,148082997.44,1.0068,-1.3699,0,0
2023-03-31,sh.600572,5.77,6.02,5.77,5.95,54458741,323897545.64,2.1246,3.2986,0,0
2023-04-03,sh.600572,5.98,6.22,5.95,6.05,64449790,391426328.76,2.5143,1.6807,0,0
2023-04-04,sh.600572,6.05,6.58,6.01,6.57,118152365,757449216.67,4.6094,8.595,0,0
2023-04-06,sh.600572,6.57,6.83,6.5,6.63,116596804,776628287.67,4.5487,0.9132,0,0
2023-04-07,sh.600572,6.62,6.63,6.36,6.38,80201490,516183583.24,3.1288,-3.7707,0,0
2023-04-10,sh.600572,6.42,6.5,6.3,6.33,40637655,259124466.48,1.5854,-0.7837,0,0
2023-04-11,sh.600572,6.33,6.47,6.28,6.4,40984424,260846859.15,1.5989,1.1058,0,0
2023-04-12,sh.600572,6.39,6.64,6.33,6.38,62221955,402577665.89,2.4274,-0.3125,0,0
2023-04-13,sh.600572,6.36,6.53,6.27,6.5,52323779,337979841.81,2.0413,1.8809,0,0
2023-04-14,sh.600572,6.51,6.61,6.34,6.58,58225168,377878475.3,2.2715,1.2308,0,0
2023-04-17,sh.600572,6.56,6.85,6.54,6.8,65478130,442135408.52,2.5545,3.3435,0,0
2023-04-18,sh.600572,6.78,6.91,6.65,6.8,40024152,270635321.08,1.5614,0.0,0,0
2023-04-19,sh.600572,6.87,7.05,6.66,6.68,63885146,437729731.37,2.4923,-1.7647,0,0
2023-04-20,sh.600572,6.7,6.9,6.64,6.76,59252216,401213989.58,2.3116,1.1976,0,0
2023-04-21,sh.600572,6.88,6.9,6.64,6.7,45313376,306544998.85,1.7678,-0.8876,0,0
2023-04-24,sh.600572,6.76,6.85,6.6,6.69,44810809,300651660.82,1.7482,-0.1493,0,0
2023-04-25,sh.600572,6.72,6.75,6.45,6.62,52173897,343048333.84,2.0354,-1.0463,0,0
2023-04-26,sh.600572,6.65,6.67,6.49,6.59,46051039,302452337.13,1.7966,-0.4532,0,0
2023-04-27,sh.600572,6.63,7.01,6.54,6.95,88374140,604755147.73,3.4477,5.4628,0,0
2023-04-28,sh.600572,6.93,7.08,6.72,6.92,58591766,404462983.42,2.2858,-0.4317,0,0
2023-05-04,sh.600572,6.97,7.44,6.88,7.36,80770649,586899107.97,3.151,6.3584,0,0
2023-05-05,sh.600572,7.3,7.4,7.0,7.2,63986985,458890781.72,2.4963,-2.1739,0,0
2023-05-08,sh.600572,7.21,7.39,6.95,7.02,53683149,381660212.0,2.0943,-2.5,0,0
2023-05-09,sh.600572,7.05,7.09,6.88,6.91,32561839,226407092.93,1.2703,-1.567,0,0
2023-05-10,sh.600572,6.89,6.92,6.75,6.91,34135611,233921776.07,1.3317,0.0,0,0
2023-05-11,sh.600572,6.91,6.91,6.22,6.36,120726538,772536504.17,4.7098,-7.9595,0,0
2023-05-12,sh.600572,6.48,6.76,6.42,6.58,74613953,492557445.28,2.9109,3.4591,0,0
2023-05-15,sh.600572,6.52,6.62,6.33,6.55,37867500,244828244.82,1.4773,-0.4559,0,0
2023-05-16,sh.600572,6.55,6.59,6.3,6.35,56349871,359554077.33,2.1983,-3.0534,0,0
2023-05-17,sh.600572,6.35,6.35,6.12,6.32,52691836,327965626.62,2.0556,-0.4724,0,0
2023-05-18,sh.600572,6.3,6.64,6.28,6.44,43661434,282957230.12,1.7033,1.8987,0,0
2023-05-19,sh.600572,6.44,6.74,6.38,6.64,45831361,303931086.34,1.788,3.1056,0,0
2023-05-22,sh.600572,6.6,6.77,6.48,6.58,38550138,254020168.42,1.5039,-0.9036,0,0
2023-05-23,sh.600572,6.6,6.75,6.53,6.55,37273832,247743767.92,1.4541,-0.4559,0,0
2023-05-24,sh.600572,6.5,6.52,6.27,6.36,33081701,210700615.97,1.2906,-2.9008,0,0
2023-05-25,sh.600572,6.36,6.45,6.3,6.42,30640475,195603073.32,1.1954,0.9434,0,0
2023-05-26,sh.600572,6.37,6.95,6.34,6.81,85881905,580336082.03,3.3504,6.0748,0,0
2023-05-29,sh.600572,6.69,7.27,6.69,6.92,77541159,545393531.52,3.0251,1.6153,0,0
2023-05-30,sh.600572,6.9,6.99,6.75,6.92,44097811,303065955.0,1.7204,0.0,0,0
2023-05-31,sh.600572,6.92,7.06,6.88,6.95,39510126,275477622.88,1.5414,0.4335,0,0
2023-06-01,sh.600572,6.9,7.09,6.82,6.84,35966805,248295407.73,1.4031,-1.5827,0,0
2023-06-02,sh.600572,6.85,6.9,6.68,6.7,33475401,225777967.7,1.306,-2.0468,0,0
2023-06-05,sh.600572,6.71,7.01,6.7,6.97,55501361,382589057.48,2.1652,4.0299,0,0
2023-06-06,sh.600572,6.97,7.0,6.75,6.77,35262944,241454657.07,1.3757,-2.8694,0,0
2023-06-07,sh.600572,6.81,7.18,6.73,7.09,70539327,497489379.8,2.7519,4.7267,0,0
2023-06-08,sh.600572,7.04,7.09,6.81,6.95,46349671,322187093.2,1.8082,-1.9746,0,0
2023-06-09,sh.600572,6.81,6.93,6.68,6.77,35685845,241471950.25,1.3922,-0.4412,0,0
2023-06-12,sh.600572,6.7,6.76,6.58,6.7,35797963,238107663.03,1.3966,-1.034,0,0
2023-06-13,sh.600572,6.65,6.74,6.55,6.59,29826759,197171190.55,1.1636,-1.6418,0,0
2023-06-14,sh.600572,6.58,6.66,6.49,6.52,32863945,215318650.52,1.2821,-1.0622,0,0
2023-06-15,sh.600572,6.57,6.58,6.4,6.56,30908227,200849194.45,1.2058,0.6135,0,0
2023-06-16,sh.600572,6.57,6.75,6.51,6.57,35851090,236985572.59,1.3986,0.1524,0,0
2023-06-19,sh.600572,6.55,6.78,6.45,6.63,47022316,313068127.79,1.8344,0.9132,0,0
2023-06-20,sh.600572,6.6,7.0,6.56,6.59,56477265,381406747.21,2.2033,-0.6033,0,0
2023-06-21,sh.600572,6.58,6.67,6.45,6.49,31145782,203320784.25,1.2151,-1.5175,0,0
2023-06-26,sh.600572,6.5,6.5,6.21,6.24,50565862,319136731.89,1.9727,-3.8521,0,0
2023-06-27,sh.600572,6.27,6.45,6.27,6.37,51925668,329997830.92,2.0257,2.0833,0,0
2023-06-28,sh.600572,6.37,6.52,6.28,6.4,33510029,214087173.68,1.3073,0.471,0,0
2023-06-29,sh.600572,6.52,6.75,6.4,6.68,52805739,350048925.86,2.0601,4.375,0,0
2023-06-30,sh.600572,6.58,6.96,6.56,6.85,53928213,369364755.81,2.1039,2.5449,0,0
2023-07-03,sh.600572,6.84,6.87,6.44,6.65,61489410,406354734.43,2.3988,-2.9197,0,0
2023-07-04,sh.600572,6.61,6.66,6.4,6.44,46607794,301544195.58,1.8183,-3.1579,0,0
2023-07-05,sh.600572,6.57,6.6,5.88,5.93,151171472,919993458.72,5.8975,-7.9193,0,0
2023-07-06,sh.600572,5.93,5.94,5.65,5.69,97154474,555702032.65,3.7902,-4.0472,0,0
2023-07-07,sh.600572,5.7,5.74,5.61,5.7,46052259,261909379.53,1.7966,0.1757,0,0
2023-07-10,sh.600572,5.65,5.72,5.58,5.63,42811738,241392129.31,1.6702,-1.2281,0,0
2023-07-11,sh.600572,5.62,5.63,5.5,5.54,47615249,263928979.51,1.8576,-1.5986,0,0
2023-07-12,sh.600572,5.54,5.62,5.52,5.55,37485398,208627118.52,1.4624,0.1805,0,0
2023-07-13,sh.600572,5.56,5.59,5.5,5.55,35646400,197438239.0,1.3906,0.0,0,0
2023-07-14,sh.600572,5.56,5.63,5.53,5.6,39278151,219808493.63,1.5323,0.9009,0,0
2023-07-17,sh.600572,5.57,5.74,5.51,5.72,57631718,326454678.72,2.2483,2.1429,0,0
2023-07-18,sh.600572,5.71,5.73,5.65,5.67,33767940,191970567.0,1.3174,-0.8741,0,0
2023-07-19,sh.600572,5.67,5.72,5.62,5.67,25432042,144048635.9,0.9922,0.0,0,0
2023-07-20,sh.600572,5.64,5.69,5.6,5.6,26091150,147035193.5,1.0179,-1.2346,0,0
2023-07-21,sh.600572,5.59,5.63,5.54,5.59,27004910,150794235.0,1.0535,-0.1786,0,0
2023-07-24,sh.600572,5.58,5.69,5.55,5.63,31421390,177052296.0,1.2258,0.7156,0,0
2023-07-25,sh.600572,5.66,5.69,5.62,5.66,35141700,198456652.0,1.371,0.5329,0,0
2023-07-26,sh.600572,5.64,5.66,5.53,5.56,40640934,226852880.76,1.5855,-1.7668,0,0
2023-07-27,sh.600572,5.55,5.59,5.52,5.53,24299087,134942027.85,0.948,-0.5396,0,0
2023-07-28,sh.600572,5.51,5.59,5.51,5.54,33153855,183862066.15,1.2934,0.1808,0,0
2023-07-31,sh.600572,5.54,5.58,5.43,5.47,61063636,335862584.31,2.3822,-1.2635,0,0
2023-08-01,sh.600572,5.46,5.48,5.34,5.36,65124490,350171059.45,2.5407,-2.011,0,0
2023-08-02,sh.600572,5.37,5.38,5.31,5.37,32349533,172990565.81,1.262,0.1866,0,0
2023-08-03,sh.600572,5.35,5.45,5.33,5.4,38005048,205577067.96,1.4827,0.5587,0,0
2023-08-04,sh.600572,5.42,5.5,5.41,5.43,34040020,185543107.2,1.328,0.5556,0,0
2023-08-07,sh.600572,5.43,5.45,5.18,5.2,91449830,478644159.21,3.5677,-4.2357,0,0
2023-08-08,sh.600572,5.2,5.4,5.19,5.35,75043899,398619230.78,2.9276,2.8846,0,0
2023-08-09,sh.600572,5.35,5.39,5.28,5.32,38418424,204906245.51,1.4988,-0.5607,0,0
2023-08-10,sh.600572,5.33,5.37,5.3,5.33,25256232,134726609.56,0.9853,0.188,0,0
2023-08-11,sh.600572,5.35,5.4,5.28,5.28,30068818,160715935.12,1.1731,-0.9381,0,0
2023-08-14,sh.600572,5.26,5.39,5.23,5.38,37820162,201153565.5,1.4755,1.8939,0,0
2023-08-15,sh.600572,5.38,5.44,5.33,5.4,36070132,194466711.07,1.4072,0.3717,0,0
2023-08-16,sh.600572,5.4,5.45,5.35,5.36,31676075,171270718.3,1.2358,-0.7407,0,0
2023-08-17,sh.600572,5.34,5.38,5.31,5.37,25786281,137860481.06,1.006,0.1866,0,0
2023-08-18,sh.600572,5.36,5.37,5.11,5.11,80449234,417437172.01,3.1385,-4.8417,0,0
2023-08-21,sh.600572,5.11,5.23,5.08,5.13,43870177,226513835.13,1.7115,0.3914,0,0
2023-08-22,sh.600572,5.16,5.18,5.03,5.13,34398632,175173432.59,1.342,0.0,0,0
2023-08-23,sh.600572,5.13,5.15,5.05,5.06,24128707,123251534.11,0.9413,-1.3645,0,0
2023-08-24,sh.600572,5.06,5.1,5.0,5.06,27960421,141275817.97,1.0908,0.0,0,0
2023-08-25,sh.600572,5.05,5.1,4.99,5.02,24386819,123042496.85,0.9514,-0.7905,0,0
2023-08-28,sh.600572,5.22,5.27,5.01,5.04,55185039,283848647.12,2.1529,0.3984,0,0
2023-08-29,sh.600572,5.04,5.16,5.02,5.14,34322203,175426733.8,1.339,1.9841,0,0
2023-08-30,sh.600572,5.19,5.22,5.14,5.18,32477743,168303254.99,1.267,0.7782,0,0
2023-08-31,sh.600572,5.19,5.24,5.11,5.2,33341950,172775294.5,1.3007,0.3861,0,0
2023-09-01,sh.600572,5.2,5.22,5.16,5.19,17734829,92100856.22,0.6919,-0.1923,0,0
2023-09-04,sh.600572,5.19,5.21,5.17,5.21,28815731,149686144.47,1.1242,0.3854,0,0
2023-09-05,sh.600572,5.2,5.29,5.16,5.17,37745700,196870238.0,1.4725,-0.7678,0,0
2023-09-06,sh.600572,5.15,5.17,5.1,5.12,22257271,114222698.65,0.8683,-0.9671,0,0
2023-09-07,sh.600572,5.12,5.12,5.01,5.01,33888314,171187593.75,1.3221,-2.1484,0,0
2023-09-08,sh.600572,5.01,5.04,4.97,5.0,19851877,99373013.39,0.7745,-0.1996,0,0
2023-09-11,sh.600572,5.01,5.22,5.01,5.21,62896348,324434857.21,2.4537,4.2,0,0
2023-09-12,sh.600572,5.21,5.33,5.2,5.26,48089107,253985205.61,1.8761,0.9597,0,0
2023-09-13,sh.600572,5.27,5.28,5.12,5.18,35543134,184062845.33,1.3866,-1.5209,0,0
2023-09-14,sh.600572,5.16,5.21,5.12,5.18,25984726,134365028.59,1.0137,0.0,0,0
2023-09-15,sh.600572,5.18,5.3,5.17,5.28,44500554,234088659.61,1.7361,1.9305,0,0
2023-09-18,sh.600572,5.29,5.32,5.25,5.3,34926593,184759564.65,1.3626,0.3788,0,0
2023-09-19,sh.600572,5.29,5.33,5.25,5.27,26282637,138715257.54,1.0253,-0.566,0,0
2023-09-20,sh.600572,5.25,5.3,5.23,5.25,20031200,105408539.0,0.7815,-0.3795,0,0
2023-09-21,sh.600572,5.24,5.25,5.18,5.19,19122934,99665140.6,0.746,-1.1429,0,0
2023-09-22,sh.600572,5.18,5.24,5.12,5.22,25319902,130968401.0,0.9878,0.578,0,0
2023-09-25,sh.600572,5.21,5.32,5.19,5.28,34472040,182019013.4,1.3448,1.1494,0,0
2023-09-26,sh.600572,5.29,5.31,5.25,5.27,20031406,105676108.39,0.7815,-0.1894,0,0
2023-09-27,sh.600572,5.28,5.55,5.25,5.49,83317382,453166592.39,3.2504,4.1746,0,0
2023-09-28,sh.600572,5.5,5.75,5.46,5.65,93279085,525576576.02,3.639,2.9144,0,0
2023-10-09,sh.600572,5.65,5.67,5.42,5.5,66468246,365446631.52,2.5931,-2.6549,0,0
2023-10-10,sh.600572,5.49,5.51,5.28,5.31,58792425,315172759.5,2.2936,-3.4545,0,0
2023-10-11,sh.600572,5.33,5.47,5.31,5.38,49550540,267635204.49,1.9331,1.3183,0,0
2023-10-12,sh.600572,5.41,5.53,5.38,5.43,37318348,202975106.66,1.4559,0.9294,0,0
2023-10-13,sh.600572,5.38,5.48,5.34,5.38,54419345,293724249.77,2.123,-0.9208,0,0
2023-10-16,sh.600572,5.46,5.51,5.33,5.37,52214050,281487584.0,2.037,-0.1859,0,0
2023-10-17,sh.600572,5.37,5.39,5.19,5.26,56201415,294982378.15,2.1925,-2.0484,0,0
2023-10-18,sh.600572,5.26,5.26,5.1,5.11,39747607,204463097.97,1.5506,-2.8517,0,0
2023-10-19,sh.600572,5.07,5.08,4.9,4.91,58138532,289941005.46,2.2681,-3.9139,0,0
2023-10-20,sh.600572,4.91,4.94,4.84,4.85,36853554,179708148.5,1.4377,-1.222,0,0
2023-10-23,sh.600572,4.86,4.9,4.81,4.83,35767657,173443441.55,1.3954,-0.4124,0,0
2023-10-24,sh.600572,4.83,4.91,4.8,4.85,33749985,163500655.25,1.3167,0.4141,0,0
2023-10-25,sh.600572,4.87,4.9,4.84,4.85,44373751,215825255.77,1.7311,0.0,0,0
2023-10-26,sh.600572,4.81,4.92,4.79,4.91,46296858,225168130.35,1.8061,1.2371,0,0
2023-10-27,sh.600572,4.9,5.31,4.86,5.25,99650674,509930714.45,3.8876,6.9246,0,0
2023-10-30,sh.600572,5.16,5.32,5.15,5.25,80250944,422673598.79,3.1308,0.0,0,0
2023-10-31,sh.600572,5.23,5.32,5.21,5.24,46837679,246114766.24,1.8272,-0.1905,0,0
2023-11-01,sh.600572,5.24,5.28,5.18,5.23,36069560,188498692.05,1.4072,-0.1908,0,0
2023-11-02,sh.600572,5.23,5.26,5.14,5.16,31852016,164823479.77,1.2426,-1.3384,0,0
2023-11-03,sh.600572,5.17,5.22,5.15,5.15,29222200,151303841.5,1.14,-0.1938,0,0
2023-11-06,sh.600572,5.18,5.26,5.18,5.23,42979540,224553697.3,1.6767,1.5534,0,0
2023-11-07,sh.600572,5.23,5.25,5.16,5.16,38171800,198348112.0,1.4892,-1.3384,0,0
2023-11-08,sh.600572,5.16,5.3,5.14,5.23,47574710,249102468.6,1.856,1.3566,0,0
2023-11-09,sh.600572,5.22,5.29,5.16,5.18,37021930,192690907.42,1.4443,-0.956,0,0
2023-11-10,sh.600572,5.18,5.24,5.13,5.21,29577045,153601622.12,1.1539,0.5792,0,0
2023-11-13,sh.600572,5.21,5.24,5.16,5.22,24321150,126287695.5,0.9488,0.1919,0,0
2023-11-14,sh.600572,5.19,5.26,5.19,5.21,24930150,130110615.96,0.9726,-0.1916,0,0
2023-11-15,sh.600572,5.23,5.26,5.19,5.21,25451359,132606775.3,0.9929,0.0,0,0
2023-11-16,sh.600572,5.21,5.21,5.16,5.16,24398045,126296617.42,0.9518,-0.9597,0,0
2023-11-17,sh.600572,5.16,5.28,5.14,5.26,51393184,267909439.94,2.005,1.938,0,0
2023-11-20,sh.600572,5.26,5.4,5.24,5.36,63956035,342820275.97,2.4951,1.9011,0,0
2023-11-21,sh.600572,5.37,5.44,5.35,5.37,51322965,277316624.63,2.0022,0.1866,0,0
2023-11-22,sh.600572,5.36,5.39,5.3,5.34,32361805,173128647.25,1.2625,-0.5587,0,0
2023-11-23,sh.600572,5.34,5.42,5.32,5.39,36783083,197838230.71,1.435,0.9363,0,0
2023-11-24,sh.600572,5.39,5.47,5.37,5.43,64197046,348453104.54,2.5045,0.7421,0,0
2023-11-27,sh.600572,5.49,5.51,5.41,5.44,77417483,422410349.96,3.0202,0.1842,0,0
2023-11-28,sh.600572,5.46,5.52,5.32,5.47,55393400,300980166.0,2.161,0.5515,0,0
2023-11-29,sh.600572,5.47,5.51,5.43,5.45,33607078,183505802.76,1.3111,-0.3656,0,0
2023-11-30,sh.600572,5.44,5.49,5.39,5.47,35702865,194469531.43,1.3929,0.367,0,0
2023-12-01,sh.600572,5.47,5.59,5.46,5.49,53661734,295690715.16,2.0935,0.3656,0,0
2023-12-04,sh.600572,5.5,5.52,5.43,5.45,39336720,215198995.4,1.5346,-0.7286,0,0
2023-12-05,sh.600572,5.43,5.45,5.35,5.37,42431700,228466406.8,1.6554,-1.4679,0,0
2023-12-06,sh.600572,5.36,5.37,5.27,5.31,39077000,207359594.0,1.5245,-1.1173,0,0
2023-12-07,sh.600572,5.3,5.31,5.23,5.26,31511253,165890892.81,1.2293,-0.9416,0,0
2023-12-08,sh.600572,5.25,5.33,5.23,5.28,35148196,185643153.48,1.3712,0.3802,0,0
2023-12-11,sh.600572,5.27,5.35,5.22,5.32,35474656,187865827.82,1.3839,0.7576,0,0
2023-12-12,sh.600572,5.34,5.51,5.32,5.47,65078794,355199006.22,2.5389,2.8195,0,0
2023-12-13,sh.600572,5.45,5.56,5.44,5.51,61028626,337423811.7,2.3809,0.7313,0,0
2023-12-14,sh.600572,5.57,5.57,5.41,5.42,43802112,239919681.36,1.7088,-1.6334,0,0
2023-12-15,sh.600572,5.42,5.43,5.22,5.23,69338850,366420619.0,2.7051,-3.5055,0,0
2023-12-18,sh.600572,5.23,5.39,5.17,5.27,53675419,285156387.68,2.094,0.7648,0,0
2023-12-19,sh.600572,5.27,5.29,5.15,5.19,38504763,199866982.97,1.5022,-1.518,0,0
2023-12-20,sh.600572,5.19,5.22,5.07,5.1,43084765,221299700.55,1.6808,-1.7341,0,0
2023-12-21,sh.600572,5.07,5.13,4.97,5.1,37600077,189839385.89,1.4669,0.0,0,0
2023-12-22,sh.600572,5.12,5.12,5.0,5.02,32488900,164361390.0,1.2675,-1.5686,0,0
2023-12-25,sh.600572,5.01,5.05,4.95,5.01,28087511,139888917.5,1.0958,-0.1992,0,0
2023-12-26,sh.600572,5.01,5.01,4.94,4.95,22241169,110440359.07,0.8677,-1.1976,0,0
2023-12-27,sh.600572,4.95,5.01,4.92,4.99,30839076,153368118.4,1.2031,0.8081,0,0
2023-12-28,sh.600572,4.99,5.04,4.94,5.02,45006113,224879447.5,1.7558,0.6012,0,0
2023-12-29,sh.600572,4.99,5.07,4.98,5.05,38910056,195867874.24,1.518,0.5976,0,0
2024-01-02,sh.600572,5.06,5.27,5.05,5.16,58904915,304753096.48,2.298,2.1782,0,0
2024-01-03,sh.600572,5.14,5.29,5.13,5.21,39322163,204982353.98,1.534,0.969,0,0
2024-01-04,sh.600572,5.2,5.2,5.12,5.17,25661456,132165002.19,1.0011,-0.7678,0,0
2024-01-05,sh.600572,5.17,5.23,5.1,5.12,34295764,177025531.1,1.338,-0.9671,0,0
2024-01-08,sh.600572,5.1,5.13,4.98,4.98,31472618,158258249.54,1.2278,-2.7344,0,0
2024-01-09,sh.600572,4.99,5.05,4.95,5.01,29494711,147472237.95,1.1507,0.6024,0,0
2024-01-10,sh.600572,4.99,5.01,4.89,4.9,32499790,160255341.25,1.2679,-2.1956,0,0
2024-01-11,sh.600572,4.91,4.94,4.84,4.89,35073519,171403060.9,1.3683,-0.2041,0,0
2024-01-12,sh.600572,4.87,4.89,4.77,4.78,49353215,238273380.76,1.9254,-2.2495,0,0
2024-01-15,sh.600572,4.75,4.87,4.73,4.8,30655940,147564340.0,1.196,0.4184,0,0
2024-01-16,sh.600572,4.81,4.82,4.71,4.76,27786451,132098184.28,1.084,-0.8333,0,0
2024-01-17,sh.600572,4.76,4.82,4.64,4.65,33816054,159952474.93,1.3192,-2.3109,0,0
2024-01-18,sh.600572,4.62,4.64,4.45,4.6,47204443,213734271.34,1.8416,-1.0753,0,0
2024-01-19,sh.600572,4.58,4.63,4.54,4.56,26428016,121082520.35,1.031,-0.8696,0,0
2024-01-22,sh.600572,4.55,4.56,4.3,4.32,37441512,165636402.85,1.4607,-5.2632,0,0
2024-01-23,sh.600572,4.35,4.51,4.34,4.48,41520725,184612788.1,1.6198,3.7037,0,0
2024-01-24,sh.600572,4.48,4.52,4.27,4.45,57025279,250282260.64,2.2247,-0.6696,0,0
2024-01-25,sh.600572,4.45,4.64,4.4,4.62,50695678,229977514.08,1.9778,3.8202,0,0
2024-01-26,sh.600572,4.59,4.7,4.56,4.62,37787945,175137095.36,1.4742,0.0,0,0
2024-01-29,sh.600572,4.61,4.7,4.56,4.57,47740586,220659402.87,1.8625,-1.0823,0,0
2024-01-30,sh.600572,4.57,4.59,4.47,4.47,30612043,138907688.22,1.1942,-2.1882,0,0
2024-01-31,sh.600572,4.53,4.64,4.46,4.47,51213477,231809974.76,1.998,0.0,0,0
2024-02-01,sh.600572,4.44,4.66,4.39,4.53,56807762,258661417.72,2.2162,1.3423,0,0
2024-02-02,sh.600572,4.54,4.57,4.3,4.4,48159812,213556576.78,1.8788,-2.8698,0,0
2024-02-05,sh.600572,4.35,4.43,4.07,4.35,62037418,264103875.65,2.4202,-1.1364,0,0
2024-02-06,sh.600572,4.29,4.63,4.2,4.58,62189171,278194685.52,2.4261,5.2874,0,0
2024-02-07,sh.600572,4.58,4.82,4.55,4.77,74485386,352221734.15,2.9058,4.1485,0,0
2024-02-08,sh.600572,4.88,4.97,4.81,4.87,62344250,305319367.99,2.4322,2.0964,0,0
2024-02-19,sh.600572,4.89,4.91,4.77,4.82,53155678,257457808.99,2.0737,-1.0267,0,0
2024-02-20,sh.600572,4.81,4.9,4.76,4.88,40885008,198840294.29,1.595,1.2448,0,0
2024-02-21,sh.600572,4.85,4.95,4.81,4.86,47046787,230100848.94,1.8354,-0.4098,0,0
2024-02-22,sh.600572,4.84,4.88,4.82,4.88,40666616,197170682.57,1.5865,0.4115,0,0
2024-02-23,sh.600572,4.88,4.89,4.82,4.88,32277074,156758500.66,1.2592,0.0,0,0
2024-02-26,sh.600572,4.86,4.93,4.85,4.9,37139383,181562443.54,1.4489,0.4098,0,0
2024-02-27,sh.600572,4.87,4.95,4.86,4.95,32391943,158947257.81,1.2637,1.0204,0,0
2024-02-28,sh.600572,4.95,5.06,4.81,4.82,57635881,285541679.24,2.2485,-2.6263,0,0
2024-02-29,sh.600572,4.81,4.9,4.79,4.89,36826383,178674626.68,1.4367,1.4523,0,0
2024-03-01,sh.600572,4.88,4.91,4.84,4.89,30007351,146284221.13,1.1707,0.0,0,0
2024-03-04,sh.600572,4.89,4.97,4.87,4.94,38746520,190491320.74,1.5116,1.0225,0,0
2024-03-05,sh.600572,4.92,4.93,4.86,4.91,30812911,150988044.51,1.2021,-0.6073,0,0
2024-03-06,sh.600572,4.89,4.9,4.82,4.86,26891050,130658095.97,1.0491,-1.0183,0,0
2024-03-07,sh.600572,4.87,4.9,4.81,4.82,31541929,152966192.09,1.2305,-0.823,0,0
2024-03-08,sh.600572,4.83,4.85,4.78,4.83,25802197,124089153.09,1.0066,0.2075,0,0
2024-03-11,sh.600572,4.81,4.89,4.81,4.89,27668170,134318327.31,1.0794,1.2422,0,0
2024-03-12,sh.600572,4.9,5.04,4.9,4.98,45995532,229260268.52,1.7944,1.8405,0,0
2024-03-13,sh.600572,5.0,5.0,4.91,4.95,23768523,117519422.44,0.9273,-0.6024,0,0
2024-03-14,sh.600572,4.98,5.05,4.91,4.94,27047450,134480126.03,1.0552,-0.202,0,0
2024-03-15,sh.600572,4.91,4.97,4.91,4.97,25116003,124024884.76,0.9798,0.6073,0,0
2024-03-18,sh.600572,4.97,5.03,4.95,5.02,34162835,170712643.95,1.3328,1.006,0,0
2024-03-19,sh.600572,5.03,5.08,5.0,5.01,34052457,171414655.0,1.3285,-0.1992,0,0
2024-03-20,sh.600572,5.0,5.02,4.97,5.01,23213750,115906178.22,0.9056,0.0,0,0
2024-03-21,sh.600572,4.99,5.02,4.95,4.99,24774050,123478252.0,0.9665,-0.3992,0,0
2024-03-22,sh.600572,4.98,4.99,4.87,4.88,34042363,166981207.57,1.3281,-2.2044,0,0
2024-03-25,sh.600572,4.86,4.93,4.83,4.84,25872927,126253552.09,1.0094,-0.8197,0,0
2024-03-26,sh.600572,4.84,4.85,4.78,4.82,24463507,117686391.67,0.9544,-0.4132,0,0
2024-03-27,sh.600572,4.8,4.85,4.76,4.76,23168100,111499071.0,0.9038,-1.2448,0,0
2024-03-28,sh.600572,4.75,4.84,4.74,4.81,22339851,107219276.17,0.8715,1.0504,0,0
2024-03-29,sh.600572,4.82,4.83,4.78,4.83,18733195,90059231.7,0.7308,0.4158,0,0
2024-04-01,sh.600572,4.83,4.91,4.83,4.9,21471345,104504384.1,0.8376,1.4493,0,0
2024-04-02,sh.600572,4.9,4.91,4.86,4.88,16951455,82685722.9,0.6613,-0.4082,0,0
2024-04-03,sh.600572,4.87,4.92,4.87,4.9,20029940,97973724.16,0.7814,0.4098,0,0
2024-04-08,sh.600572,4.89,4.92,4.83,4.83,28002259,136562392.0,1.0924,-1.4286,0,0
2024-04-09,sh.600572,4.84,4.99,4.84,4.99,41227795,203030026.11,1.6084,3.3126,0,0
2024-04-10,sh.600572,4.99,5.01,4.89,4.91,32139803,158690295.67,1.2538,-1.6032,0,0
2024-04-11,sh.600572,4.86,4.98,4.86,4.91,29394650,143992188.26,1.1468,0.0,0,0
2024-04-12,sh.600572,4.91,5.0,4.88,4.94,27841652,137506907.86,1.0862,0.611,0,0
2024-04-15,sh.600572,4.94,4.97,4.85,4.95,31546705,155469614.35,1.2307,0.2024,0,0
2024-04-16,sh.600572,4.94,5.02,4.91,4.95,52566294,261316044.22,2.0507,0.0,0,0
2024-04-17,sh.600572,4.93,5.1,4.89,5.08,60394055,303947395.55,2.3561,2.6263,0,0
2024-04-18,sh.600572,5.06,5.16,5.0,5.02,52014695,264548282.25,2.0292,-1.1811,0,0
2024-04-19,sh.600572,5.0,5.06,4.93,5.04,35374615,177265884.07,1.38,0.3984,0,0
2024-04-22,sh.600572,4.99,5.01,4.84,4.9,56507811,277624813.23,2.2045,-2.7778,0,0
2024-04-23,sh.600572,4.88,4.97,4.87,4.93,26054148,128263536.18,1.0164,0.6122,0,0
2024-04-24,sh.600572,4.94,4.94,4.85,4.9,27719567,135333180.23,1.0814,-0.6085,0,0
2024-04-25,sh.600572,4.88,4.93,4.86,4.88,24986413,122168915.84,0.9748,-0.4082,0,0
2024-04-26,sh.600572,4.86,4.92,4.84,4.91,37351500,182678664.0,1.4572,0.6148,0,0
2024-04-29,sh.600572,4.88,4.95,4.86,4.92,41853319,205667779.37,1.6328,0.2037,0,0
2024-04-30,sh.600572,4.92,4.99,4.9,4.94,33576640,166053209.95,1.3099,0.4065,0,0
2024-05-06,sh.600572,4.98,5.08,4.96,5.07,58546408,295001634.0,2.284,2.6316,0,0
2024-05-07,sh.600572,5.06,5.09,5.03,5.07,33300299,168704794.89,1.2991,0.0,0,0
2024-05-08,sh.600572,5.05,5.12,5.03,5.08,41804489,212291763.63,1.6309,0.1972,0,0
2024-05-09,sh.600572,5.06,5.19,5.04,5.18,53117503,273674269.24,2.0722,1.9685,0,0
2024-05-10,sh.600572,5.18,5.19,5.13,5.13,32693125,168503888.0,1.2754,-0.9653,0,0
2024-05-13,sh.600572,5.09,5.25,5.08,5.18,44682919,231566936.73,1.7432,0.9747,0,0
2024-05-14,sh.600572,5.18,5.54,5.18,5.48,119433184,647909263.35,4.6594,5.7915,0,0
2024-05-15,sh.600572,5.45,5.48,5.37,5.39,51428829,279031580.73,2.0064,-1.6423,0,0
2024-05-16,sh.600572,5.37,5.45,5.32,5.33,36950511,198185271.47,1.4415,-1.1132,0,0
2024-05-17,sh.600572,5.33,5.37,5.23,5.29,36608475,193220669.59,1.4282,-0.7505,0,0
2024-05-20,sh.600572,5.29,5.35,5.27,5.32,29199524,155162602.73,1.1391,0.5671,0,0
2024-05-21,sh.600572,5.3,5.34,5.26,5.28,20713106,109633270.73,0.8081,-0.7519,0,0
2024-05-22,sh.600572,5.26,5.3,5.17,5.21,33364300,173627164.0,1.3016,-1.3258,0,0
2024-05-23,sh.600572,5.18,5.2,5.09,5.11,28431667,146172977.05,1.1092,-1.9194,0,0
2024-05-24,sh.600572,5.11,5.28,5.1,5.22,36433103,189990831.66,1.4213,2.1526,0,0
2024-05-27,sh.600572,5.28,5.31,5.18,5.29,28635700,150471798.0,1.1171,1.341,0,0
2024-05-28,sh.600572,5.29,5.29,5.2,5.22,16922750,88609029.5,0.6602,-1.3233,0,0
2024-05-29,sh.600572,5.22,5.25,5.14,5.23,27159687,141054973.96,1.0596,0.1916,0,0
2024-05-30,sh.600572,5.23,5.24,5.16,5.19,25056586,130315558.0,0.9775,-0.7648,0,0
2024-05-31,sh.600572,5.06,5.1,4.94,5.01,27696083,138453721.0,1.0805,0.4008,0,0
2024-06-03,sh.600572,4.99,5.28,4.98,5.21,72441581,375506247.28,2.8261,3.992,0,0
2024-06-04,sh.600572,5.22,5.39,5.19,5.38,62242271,331475358.51,2.4282,3.263,0,0
2024-06-05,sh.600572,5.36,5.44,5.29,5.3,44329986,237989456.86,1.7294,-1.487,0,0
2024-06-06,sh.600572,5.3,5.47,5.28,5.36,47623141,256277806.65,1.8579,1.1321,0,0
2024-06-07,sh.600572,5.37,5.54,5.37,5.43,44952193,245324798.99,1.7537,1.306,0,0
2024-06-11,sh.600572,5.41,5.49,5.38,5.43,36152876,196389964.52,1.4104,0.0,0,0
2024-06-12,sh.600572,5.39,5.47,5.31,5.37,34444653,185365829.14,1.3438,-1.105,0,0
2024-06-13,sh.600572,5.38,5.38,5.15,5.2,39700150,207851000.51,1.5488,-3.1657,0,0
2024-06-14,sh.600572,5.2,5.22,5.14,5.16,29105011,150377861.9,1.1355,-0.7692,0,0
2024-06-17,sh.600572,5.12,5.26,5.11,5.12,28025631,144427028.98,1.0933,-0.7752,0,0
2024-06-18,sh.600572,5.14,5.29,5.09,5.19,35290588,183822845.17,1.3768,1.3672,0,0
2024-06-19,sh.600572,5.21,5.23,5.08,5.09,27803619,142563010.96,1.0847,-1.9268,0,0
2024-06-20,sh.600572,5.1,5.14,4.86,4.88,55325577,273736238.3,2.1584,-4.1257,0,0
2024-06-21,sh.600572,4.88,5.01,4.83,4.86,30104110,147428948.05,1.1744,-0.4098,0,0
2024-06-24,sh.600572,4.86,4.86,4.65,4.66,39319428,185367380.98,1.5339,-4.1152,0,0
2024-06-25,sh.600572,4.67,4.69,4.59,4.62,26499752,122648328.78,1.0338,-0.8584,0,0
2024-06-26,sh.600572,4.61,4.63,4.51,4.61,43593701,199684813.6,1.7007,-0.2165,0,0
2024-06-27,sh.600572,4.62,4.62,4.44,4.45,48941700,219378262.99,1.9093,-3.4707,0,0
2024-06-28,sh.600572,4.46,4.51,4.44,4.47,34592420,154857930.2,1.3495,0.4494,0,0
2024-07-01,sh.600572,4.45,4.6,4.45,4.59,39907371,181174871.25,1.5569,2.6846,0,0
2024-07-02,sh.600572,4.57,4.61,4.51,4.53,29207474,132740060.48,1.1395,-1.3072,0,0
2024-07-03,sh.600572,4.52,4.54,4.46,4.47,18900900,84919833.0,0.7374,-1.3245,0,0
2024-07-04,sh.600572,4.48,4.49,4.34,4.39,30081303,132480216.08,1.1735,-1.7897,0,0
2024-07-05,sh.600572,4.36,4.5,4.35,4.49,29787977,131913397.96,1.1621,2.2779,0,0
2024-07-08,sh.600572,4.48,4.49,4.37,4.39,23489850,103584956.0,0.9164,-2.2272,0,0
2024-07-09,sh.600572,4.38,4.48,4.36,4.46,25410515,112376304.25,0.9913,1.5945,0,0
2024-07-10,sh.600572,4.45,4.52,4.41,4.43,19724800,87806441.0,0.7695,-0.6726,0,0
2024-07-11,sh.600572,4.5,4.54,4.46,4.52,25713108,115897383.4,1.0031,2.0316,0,0
2024-07-12,sh.600572,4.51,4.53,4.45,4.47,22411206,100410407.01,0.8743,-1.1062,0,0
2024-07-15,sh.600572,4.45,4.45,4.25,4.26,70063312,301736545.62,2.7333,-4.698,0,0
2024-07-16,sh.600572,4.26,4.27,4.13,4.15,66144543,275680989.61,2.5804,-2.5822,0,0
2024-07-17,sh.600572,4.14,4.22,4.1,4.2,34024524,141843066.56,1.3274,1.2048,0,0
2024-07-18,sh.600572,4.18,4.29,4.16,4.28,36009649,152726591.58,1.4048,1.9048,0,0
2024-07-19,sh.600572,4.27,4.3,4.23,4.25,23779833,101197026.25,0.9277,-0.7009,0,0
2024-07-22,sh.600572,4.25,4.31,4.21,4.28,21572117,92003755.85,0.8416,0.7059,0,0
2024-07-23,sh.600572,4.28,4.3,4.15,4.15,32215405,135648445.17,1.2568,-3.0374,0,0
2024-07-24,sh.600572,4.14,4.19,4.1,4.12,22232700,91902096.0,0.8673,-0.7229,0,0
2024-07-25,sh.600572,4.11,4.18,4.09,4.16,16209410,67192722.2,0.6324,0.9709,0,0
2024-07-26,sh.600572,4.18,4.21,4.15,4.18,19187875,80093945.75,0.7486,0.4808,0,0
2024-07-29,sh.600572,4.17,4.18,4.1,4.12,26071710,107455329.71,1.0171,-1.4354,0,0
2024-07-30,sh.600572,4.12,4.15,4.09,4.13,17995450,74178789.5,0.702,0.2427,0,0
2024-07-31,sh.600572,4.14,4.32,4.13,4.31,42554750,181150368.0,1.6602,4.3584,0,0
2024-08-01,sh.600572,4.31,4.38,4.28,4.32,27272576,118112845.32,1.064,0.232,0,0
2024-08-02,sh.600572,4.3,4.4,4.28,4.34,33158505,144758353.15,1.2936,0.463,0,0
2024-08-05,sh.600572,4.32,4.44,4.3,4.32,35309235,154413905.35,1.3775,-0.4608,0,0
2024-08-06,sh.600572,4.35,4.4,4.32,4.39,26694914,116773895.86,1.0414,1.6204,0,0
2024-08-07,sh.600572,4.39,4.41,4.36,4.38,21375153,93686671.14,0.8339,-0.2278,0,0
2024-08-08,sh.600572,4.36,4.48,4.36,4.45,25674084,114025676.97,1.0016,1.5982,0,0
2024-08-09,sh.600572,4.45,4.51,4.39,4.4,23252680,103182415.2,0.9071,-1.1236,0,0
2024-08-12,sh.600572,4.4,4.53,4.38,4.47,33889145,151632255.07,1.3221,1.5909,0,0
2024-08-13,sh.600572,4.45,4.47,4.43,4.47,22504917,100149321.82,0.878,0.0,0,0
2024-08-14,sh.600572,4.47,4.48,4.35,4.36,27928660,122513402.7,1.0896,-2.4609,0,0
2024-08-15,sh.600572,4.37,4.42,4.33,4.37,21581056,94394790.16,0.8419,0.2294,0,0
2024-08-16,sh.600572,4.38,4.39,4.31,4.37,20737499,90381642.67,0.809,0.0,0,0
2024-08-19,sh.600572,4.36,4.41,4.33,4.34,20554659,89639267.24,0.8019,-0.6865,0,0
2024-08-20,sh.600572,4.34,4.35,4.24,4.28,21062580,90266426.15,0.8217,-1.3825,0,0
2024-08-21,sh.600572,4.26,4.3,4.21,4.22,14459300,61258936.0,0.5641,-1.4019,0,0
2024-08-22,sh.600572,4.21,4.27,4.17,4.18,16076300,67618044.0,0.6272,-0.9479,0,0
2024-08-23,sh.600572,4.18,4.25,4.15,4.18,18220500,76305805.5,0.7108,0.0,0,0
2024-08-26,sh.600572,4.15,4.16,4.07,4.12,27040023,111164277.51,1.0549,-1.4354,0,0
2024-08-27,sh.600572,4.11,4.15,4.08,4.09,20923666,85915574.65,0.8163,-0.7282,0,0
2024-08-28,sh.600572,4.1,4.15,4.06,4.11,21242670,87306190.6,0.8287,0.489,0,0
2024-08-29,sh.600572,4.1,4.2,4.09,4.18,21824498,90983187.65,0.8514,1.7032,0,0
2024-08-30,sh.600572,4.18,4.28,4.14,4.21,26669560,112582692.97,1.0404,0.7177,0,0
2024-09-02,sh.600572,4.21,4.24,4.11,4.12,21310010,88781348.3,0.8314,-2.1378,0,0
2024-09-03,sh.600572,4.11,4.19,4.09,4.13,20691001,85614722.12,0.8072,0.2427,0,0
2024-09-04,sh.600572,4.13,4.18,4.1,4.14,16061250,66565584.0,0.6266,0.2421,0,0
2024-09-05,sh.600572,4.14,4.18,4.14,4.17,13540615,56316986.7,0.5283,0.7246,0,0
2024-09-06,sh.600572,4.2,4.2,4.1,4.11,17561000,72534802.0,0.6851,-1.4388,0,0
2024-09-09,sh.600572,4.11,4.14,4.07,4.09,15090850,61807734.0,0.5887,-0.4866,0,0
2024-09-10,sh.600572,4.1,4.11,3.96,4.04,32367762,129994236.09,1.2627,-1.2225,0,0
2024-09-11,sh.600572,4.01,4.04,3.98,4.01,14464021,57956998.44,0.5643,-0.7426,0,0
2024-09-12,sh.600572,4.01,4.06,4.0,4.01,14394702,57909124.53,0.5616,0.0,0,0
2024-09-13,sh.600572,4.01,4.03,3.98,3.98,14923502,59699618.04,0.5822,-0.7481,0,0
2024-09-18,sh.600572,3.99,3.99,3.91,3.97,15772797,62306146.12,0.6153,-0.2513,0,0
2024-09-19,sh.600572,3.99,4.09,3.96,4.05,21101792,85086743.86,0.8232,2.0151,0,0
2024-09-20,sh.600572,4.04,4.06,4.0,4.04,15216770,61319593.85,0.5936,-0.2469,0,0
2024-09-23,sh.600572,4.03,4.09,4.03,4.05,12368351,50205572.55,0.4825,0.2475,0,0
2024-09-24,sh.600572,4.05,4.2,4.05,4.2,37164101,153660472.27,1.4499,3.7037,0,0
2024-09-25,sh.600572,4.23,4.36,4.22,4.25,42268780,181469215.95,1.649,1.1905,0,0
2024-09-26,sh.600572,4.24,4.4,4.23,4.39,43765975,189028341.6,1.7074,3.2941,0,0
2024-09-27,sh.600572,4.46,4.59,4.45,4.57,40484622,182837443.37,1.5794,4.1002,0,0
2024-09-30,sh.600572,4.72,4.98,4.67,4.92,93751507,453623154.4,3.6575,7.6586,0,0
2024-10-08,sh.600572,5.39,5.41,4.96,5.11,114604656,593217853.86,4.471,3.8618,0,0
2024-10-09,sh.600572,5.01,5.03,4.67,4.7,82843269,402308809.34,3.2319,-8.0235,0,0
2024-10-10,sh.600572,4.71,4.88,4.68,4.73,57125054,272831192.18,2.2286,0.6383,0,0
2024-10-11,sh.600572,4.73,4.74,4.51,4.55,42501234,195969577.11,1.6581,-3.8055,0,0
2024-10-14,sh.600572,4.55,4.59,4.43,4.58,43955643,199112276.15,1.7148,0.6593,0,0
2024-10-15,sh.600572,4.57,4.61,4.49,4.49,34507330,157021581.3,1.3462,-1.9651,0,0
2024-10-16,sh.600572,4.46,4.54,4.44,4.49,31593041,141758177.77,1.2325,0.0,0,0
2024-10-17,sh.600572,4.5,4.54,4.45,4.46,35252091,158481754.56,1.3753,-0.6682,0,0
2024-10-18,sh.600572,4.49,4.65,4.45,4.58,61175751,278907002.6,2.3866,2.6906,0,0
2024-10-21,sh.600572,4.59,4.62,4.51,4.57,49258656,224835811.87,1.9217,-0.2183,0,0
2024-10-22,sh.600572,4.58,4.67,4.57,4.63,44110440,203773572.3,1.7208,1.3129,0,0
2024-10-23,sh.600572,4.62,4.67,4.59,4.66,42791425,198445074.55,1.6694,0.6479,0,0
2024-10-24,sh.600572,4.64,4.7,4.61,4.64,32275333,150214357.78,1.2591,-0.4292,0,0
2024-10-25,sh.600572,4.62,4.69,4.62,4.69,33086575,154317444.9,1.2908,1.0776,0,0
2024-10-28,sh.600572,4.7,4.82,4.66,4.82,45681960,218079168.47,1.7822,2.7719,0,0
2024-10-29,sh.600572,4.83,4.85,4.66,4.69,43263645,204706624.2,1.6878,-2.6971,0,0
2024-10-30,sh.600572,4.66,4.84,4.66,4.72,42122625,199564336.7,1.6433,0.6397,0,0
2024-10-31,sh.600572,4.73,4.8,4.68,4.75,39519950,187510648.95,1.5418,0.6356,0,0
2024-11-01,sh.600572,4.74,4.78,4.68,4.74,40938688,193971436.76,1.5971,-0.2105,0,0
2024-11-04,sh.600572,4.76,4.83,4.74,4.83,37265375,178561179.88,1.4538,1.8987,0,0
2024-11-05,sh.600572,4.83,4.87,4.78,4.86,49000584,236779202.04,1.9116,0.6211,0,0
2024-11-06,sh.600572,4.86,4.87,4.79,4.8,58985672,284384804.55,2.3012,-1.2346,0,0
2024-11-07,sh.600572,4.78,4.97,4.76,4.96,69599141,341590126.0,2.7152,3.3333,0,0
2024-11-08,sh.600572,4.98,5.04,4.87,4.9,56630608,279340524.56,2.2093,-1.2097,0,0
2024-11-11,sh.600572,4.92,4.93,4.82,4.9,40274786,196044225.36,1.5712,0.0,0,0
2024-11-12,sh.600572,4.89,5.03,4.89,4.94,70583233,350850609.47,2.7536,0.8163,0,0
2024-11-13,sh.600572,4.91,4.96,4.83,4.9,45288162,221030794.72,1.7668,-0.8097,0,0
2024-11-14,sh.600572,4.88,4.88,4.76,4.78,37824490,182086293.3,1.4756,-2.449,0,0
2024-11-15,sh.600572,4.76,4.8,4.68,4.69,35175100,167009364.0,1.3723,-1.8828,0,0
2024-11-18,sh.600572,4.71,4.76,4.66,4.68,36306000,170964903.0,1.4164,-0.2132,0,0
2024-11-19,sh.600572,4.68,4.73,4.64,4.73,28712595,134569103.45,1.1201,1.0684,0,0
2024-11-20,sh.600572,4.71,4.78,4.7,4.78,34319260,162757914.7,1.3389,1.0571,0,0
2024-11-21,sh.600572,4.77,4.8,4.72,4.77,24704093,117533805.1,0.9638,-0.2092,0,0
2024-11-22,sh.600572,4.77,4.79,4.58,4.59,38221169,178888173.85,1.4911,-3.7736,0,0
2024-11-25,sh.600572,4.6,4.66,4.56,4.61,27465959,126547797.49,1.0715,0.4357,0,0
2024-11-26,sh.600572,4.6,4.69,4.6,4.62,23056225,107226753.1,0.8995,0.2169,0,0
2024-11-27,sh.600572,4.65,4.7,4.56,4.7,30117023,139302195.04,1.1749,1.7316,0,0
2024-11-28,sh.600572,4.7,4.74,4.67,4.71,26569951,125327713.77,1.0366,0.2128,0,0
2024-11-29,sh.600572,4.72,4.77,4.68,4.75,30065217,142426277.61,1.1729,0.8493,0,0
2024-12-02,sh.600572,4.75,4.83,4.74,4.82,39277533,188417854.69,1.5323,1.4737,0,0
2024-12-03,sh.600572,4.8,4.83,4.76,4.82,33326182,159823239.5,1.3001,0.0,0,0
2024-12-04,sh.600572,4.81,4.82,4.72,4.74,32269852,153853801.76,1.2589,-1.6598,0,0
2024-12-05,sh.600572,4.74,4.75,4.7,4.74,23681774,111919702.1,0.9239,0.0,0,0
2024-12-06,sh.600572,4.75,4.84,4.74,4.84,50078673,240450252.74,1.9537,2.1097,0,0
2024-12-09,sh.600572,4.88,4.95,4.82,4.85,50391147,245407650.84,1.9659,0.2066,0,0
2024-12-10,sh.600572,4.95,4.98,4.81,4.83,47321353,230969905.19,1.8461,-0.4124,0,0
2024-12-11,sh.600572,4.81,4.88,4.8,4.87,36189612,176067554.94,1.4118,0.8282,0,0
2024-12-12,sh.600572,4.88,4.97,4.84,4.94,55116383,271374524.39,2.1502,1.4374,0,0
2024-12-13,sh.600572,4.91,4.94,4.79,4.81,51135387,247875081.96,1.9949,-2.6316,0,0
2024-12-16,sh.600572,4.8,4.87,4.79,4.84,35961476,174008783.1,1.4029,0.6237,0,0
2024-12-17,sh.600572,4.83,4.83,4.73,4.78,32503250,155418695.0,1.268,-1.2397,0,0
2024-12-18,sh.600572,4.77,4.82,4.75,4.77,25138350,120441754.65,0.9807,-0.2092,0,0
2024-12-19,sh.600572,4.73,4.78,4.66,4.78,28904025,136348871.45,1.1276,0.2096,0,0
2024-12-20,sh.600572,4.76,4.81,4.74,4.78,24967590,119049934.55,0.974,0.0,0,0
2024-12-23,sh.600572,4.77,4.78,4.67,4.68,35795640,168788059.33,1.3965,-2.0921,0,0
2024-12-24,sh.600572,4.67,4.74,4.67,4.73,19831417,93362016.77,0.7737,1.0684,0,0
2024-12-25,sh.600572,4.75,4.76,4.67,4.72,21434325,100787851.15,0.8362,-0.2114,0,0
2024-12-26,sh.600572,4.71,4.73,4.67,4.68,19405371,91081765.41,0.757,-0.8475,0,0
2024-12-27,sh.600572,4.69,4.78,4.66,4.76,30070480,142397770.62,1.1731,1.7094,0,0
2024-12-30,sh.600572,4.75,4.77,4.7,4.73,19230250,90982301.5,0.7502,-0.6303,0,0
2024-12-31,sh.600572,4.73,4.75,4.65,4.66,35399089,165984357.36,1.381,-1.4799,0,0
2025-01-02,sh.600572,4.66,4.69,4.52,4.55,30610200,141335172.86,1.1882,-2.3605,0,0
2025-01-03,sh.600572,4.55,4.63,4.49,4.51,30428714,138916153.98,1.1811,-0.8791,0,0
2025-01-06,sh.600572,4.52,4.67,4.52,4.63,41556936,191367865.99,1.6131,2.6608,0,0
2025-01-07,sh.600572,4.64,4.64,4.49,4.56,37894300,172070221.75,1.4709,-1.5119,0,0
2025-01-08,sh.600572,4.55,4.58,4.45,4.5,31206510,140900915.0,1.2113,-1.3158,0,0
2025-01-09,sh.600572,4.5,4.5,4.43,4.44,24107477,107285053.1,0.9358,-1.3333,0,0
2025-01-10,sh.600572,4.45,4.45,4.35,4.36,23075600,101459201.0,0.8957,-1.8018,0,0
2025-01-13,sh.600572,4.34,4.36,4.3,4.33,18800726,81362905.8,0.7298,-0.6881,0,0
2025-01-14,sh.600572,4.33,4.43,4.33,4.43,28440376,124560517.58,1.104,2.3095,0,0
2025-01-15,sh.600572,4.4,4.42,4.36,4.38,19800700,86705263.0,0.7686,-1.1287,0,0
2025-01-16,sh.600572,4.39,4.45,4.36,4.38,24015505,105683548.0,0.9322,0.0,0,0
2025-01-17,sh.600572,4.38,4.45,4.35,4.42,23380497,103098497.74,0.9075,0.9132,0,0
2025-01-20,sh.600572,4.44,4.49,4.42,4.43,19450200,86550358.0,0.755,0.2262,0,0
2025-01-21,sh.600572,4.45,4.47,4.39,4.41,13349350,58927093.5,0.5182,-0.4515,0,0
2025-01-22,sh.600572,4.4,4.43,4.37,4.41,14799842,65063773.3,0.5745,0.0,0,0
2025-01-23,sh.600572,4.43,4.48,4.42,4.42,19581035,87136038.1,0.7601,0.2268,0,0
2025-01-24,sh.600572,4.42,4.49,4.39,4.49,24665497,109809566.38,0.9574,1.5837,0,0
2025-01-27,sh.600572,4.49,4.6,4.49,4.54,23577558,107425937.46,0.9152,1.1136,0,0
2025-02-05,sh.600572,4.56,4.58,4.48,4.51,18709147,84709614.38,0.7262,-0.6608,0,0
2025-02-06,sh.600572,4.5,4.52,4.47,4.51,21949138,98560113.43,0.852,0.0,0,0
2025-02-07,sh.600572,4.51,4.56,4.48,4.54,27562015,124884287.42,1.0699,0.6652,0,0
2025-02-10,sh.600572,4.54,4.58,4.54,4.56,23966958,109266886.79,0.9303,0.4405,0,0
2025-02-11,sh.600572,4.55,4.56,4.49,4.54,19880620,89797558.4,0.7717,-0.4386,0,0
2025-02-12,sh.600572,4.52,4.54,4.48,4.52,19044165,85886454.05,0.7392,-0.4405,0,0
2025-02-13,sh.600572,4.51,4.54,4.49,4.5,19349981,87302260.35,0.7511,-0.4425,0,0
2025-02-14,sh.600572,4.5,4.55,4.49,4.55,26181504,118691511.5,1.0163,1.1111,0,0
2025-02-17,sh.600572,4.55,4.6,4.53,4.57,32848030,150194317.46,1.275,0.4396,0,0
2025-02-18,sh.600572,4.56,4.57,4.44,4.48,33523663,150798722.42,1.3013,-1.9694,0,0
2025-02-19,sh.600572,4.47,4.47,4.42,4.44,28278425,125471324.5,1.0977,-0.8929,0,0
2025-02-20,sh.600572,4.43,4.48,4.42,4.45,23731930,105557487.2,0.9212,0.2252,0,0
2025-02-21,sh.600572,4.45,4.47,4.4,4.44,26510173,117306862.89,1.029,-0.2247,0,0
2025-02-24,sh.600572,4.43,4.46,4.41,4.44,24973720,110909228.69,0.9694,0.0,0,0
2025-02-25,sh.600572,4.43,4.43,4.38,4.39,26185430,115156676.28,1.0164,-1.1261,0,0
2025-02-26,sh.600572,4.39,4.44,4.38,4.43,20639760,91043471.8,0.8012,0.9112,0,0
2025-02-27,sh.600572,4.43,4.46,4.4,4.45,28114175,124607990.55,1.0913,0.4515,0,0
2025-02-28,sh.600572,4.44,4.46,4.38,4.4,26812577,118371944.53,1.0408,-1.1236,0,0
2025-03-03,sh.600572,4.4,4.45,4.38,4.39,24762597,109310862.8,0.9612,-0.2273,0,0
2025-03-04,sh.600572,4.39,4.41,4.37,4.4,14144237,62130218.47,0.549,0.2278,0,0
2025-03-05,sh.600572,4.4,4.4,4.36,4.38,18220128,79686667.66,0.7072,-0.4545,0,0
2025-03-06,sh.600572,4.39,4.4,4.37,4.4,22360593,98122863.17,0.868,0.4566,0,0
2025-03-07,sh.600572,4.39,4.4,4.36,4.37,20974412,91861771.56,0.8142,-0.6818,0,0
2025-03-10,sh.600572,4.38,4.42,4.37,4.4,22391360,98368976.63,0.8692,0.6865,0,0
2025-03-11,sh.600572,4.38,4.42,4.36,4.42,19944042,87588943.34,0.7742,0.4545,0,0
2025-03-12,sh.600572,4.42,4.44,4.4,4.41,16503085,72874235.97,0.6406,-0.2262,0,0
2025-03-13,sh.600572,4.41,4.42,4.38,4.41,16844222,74087378.77,0.6538,0.0,0,0
2025-03-14,sh.600572,4.4,4.48,4.39,4.47,34868918,154853019.26,1.3535,1.3605,0,0
2025-03-17,sh.600572,4.48,4.51,4.47,4.47,26705281,119812007.74,1.0366,0.0,0,0
2025-03-18,sh.600572,4.48,4.5,4.45,4.47,18084135,80825317.1,0.702,0.0,0,0
2025-03-19,sh.600572,4.47,4.48,4.45,4.46,14203711,63416606.06,0.5513,-0.2237,0,0
2025-03-20,sh.600572,4.46,4.49,4.45,4.47,19377032,86633484.04,0.7521,0.2242,0,0
2025-03-21,sh.600572,4.55,4.59,4.46,4.49,46278651,209213018.49,1.7964,0.4474,0,0
2025-03-24,sh.600572,4.47,4.55,4.47,4.55,40074905,180864311.7,1.5556,1.3363,0,0
2025-03-25,sh.600572,4.55,4.59,4.51,4.57,30041112,137068526.98,1.1661,0.4396,0,0
2025-03-26,sh.600572,4.56,4.59,4.54,4.57,22189738,101417860.66,0.8613,0.0,0,0
2025-03-27,sh.600572,4.56,4.57,4.52,4.55,21771452,99010364.9,0.8451,-0.4376,0,0
2025-03-28,sh.600572,4.56,4.63,4.55,4.58,33754634,155004620.46,1.3102,0.6593,0,0
2025-03-31,sh.600572,4.56,4.6,4.45,4.48,31687100,143285960.0,1.23,-2.1834,0,0
2025-04-01,sh.600572,4.48,4.64,4.47,4.6,41721176,191494635.36,1.6186,2.6786,0,0
2025-04-02,sh.600572,4.63,4.64,4.57,4.59,19804600,91046903.78,0.7683,-0.2174,0,0
2025-04-03,sh.600572,4.56,4.63,4.55,4.6,21032686,96650437.56,0.816,0.2179,0,0
2025-04-07,sh.600572,4.52,4.53,4.16,4.21,61445891,266775759.28,2.3838,-8.4783,0,0
2025-04-08,sh.600572,4.22,4.4,4.22,4.37,45534767,197322112.78,1.7665,3.8005,0,0
2025-04-09,sh.600572,4.31,4.4,4.19,4.37,39553035,169698120.16,1.5344,0.0,0,0
2025-04-10,sh.600572,4.4,4.43,4.36,4.38,30494647,134093918.38,1.183,0.2288,0,0
2025-04-11,sh.600572,4.36,4.41,4.35,4.37,20741056,90778674.64,0.8046,-0.2283,0,0
2025-04-14,sh.600572,4.4,4.43,4.37,4.41,23650389,104259630.19,0.9175,0.9153,0,0
2025-04-15,sh.600572,4.4,4.44,4.38,4.41,15283730,67302099.9,0.5929,0.0,0,0
2025-04-16,sh.600572,4.4,4.41,4.35,4.39,16229376,71103664.4,0.6296,-0.4535,0,0
2025-04-17,sh.600572,4.37,4.4,4.36,4.38,12301069,53973565.53,0.4772,-0.2278,0,0
2025-04-18,sh.600572,4.39,4.42,4.35,4.37,15536827,68023022.56,0.6027,-0.2283,0,0
2025-04-21,sh.600572,4.38,4.41,4.37,4.39,16249975,71427931.25,0.6304,0.4577,0,0
2025-04-22,sh.600572,4.38,4.46,4.37,4.45,24127381,106704062.0,0.936,1.3667,0,0
2025-04-23,sh.600572,4.44,4.47,4.4,4.4,20174995,89255965.1,0.7827,-1.1236,0,0
2025-04-24,sh.600572,4.42,4.46,4.39,4.45,18564261,82407236.42,0.7202,1.1364,0,0
2025-04-25,sh.600572,4.5,4.55,4.48,4.51,23041375,103799407.69,0.8938,1.3483,0,0
2025-04-28,sh.600572,4.51,4.58,4.49,4.56,25879417,117586311.82,1.0039,1.1086,0,0
2025-04-29,sh.600572,4.5,4.52,4.42,4.45,28674200,127954179.44,1.1124,-2.4123,0,0
2025-04-30,sh.600572,4.46,4.47,4.38,4.39,29935692,132194013.96,1.1613,-1.3483,0,0
2025-05-06,sh.600572,4.39,4.41,4.38,4.41,23666092,104092251.62,0.9181,0.4556,0,0
2025-05-07,sh.600572,4.42,4.45,4.4,4.42,28823715,127350787.45,1.1182,0.2268,0,0
2025-05-08,sh.600572,4.42,4.42,4.39,4.4,23419804,103184215.6,0.9085,-0.4525,0,0
2025-05-09,sh.600572,4.4,4.42,4.39,4.4,20926100,92084603.0,0.8118,0.0,0,0
2025-05-12,sh.600572,4.4,4.41,4.37,4.41,19681070,86398157.75,0.7635,0.2273,0,0
2025-05-13,sh.600572,4.41,4.43,4.39,4.4,24334900,107265852.2,0.944,-0.2268,0,0
2025-05-14,sh.600572,4.4,4.42,4.37,4.4,23566483,103499336.6,0.9142,0.0,0,0
2025-05-15,sh.600572,4.41,4.44,4.4,4.41,31610999,139817234.69,1.2263,0.2273,0,0
2025-05-16,sh.600572,4.41,4.45,4.4,4.45,32747855,145068755.0,1.2704,0.907,0,0
2025-05-19,sh.600572,4.44,4.46,4.41,4.43,18310786,80990868.33,0.7103,-0.4494,0,0
2025-05-20,sh.600572,4.43,4.5,4.43,4.45,23473956,104633464.31,0.9106,0.4515,0,0
2025-05-21,sh.600572,4.45,4.49,4.44,4.46,20944386,93589730.58,0.8125,0.2247,0,0
2025-05-22,sh.600572,4.45,4.46,4.4,4.42,20661350,91440116.0,0.8015,-0.8969,0,0
2025-05-23,sh.600572,4.42,4.51,4.41,4.45,37282959,166759810.79,1.4463,0.6787,0,0
2025-05-26,sh.600572,4.46,4.47,4.39,4.41,31694956,140025918.49,1.2294,-0.8989,0,0
2025-05-27,sh.600572,4.41,4.47,4.39,4.47,29865877,132666197.55,1.1585,1.3605,0,0
2025-05-28,sh.600572,4.46,4.47,4.42,4.44,16232247,72090229.87,0.6296,-0.6711,0,0
2025-05-29,sh.600572,4.44,4.49,4.43,4.49,25671672,114719264.54,0.9958,1.1261,0,0
2025-05-30,sh.600572,4.47,4.56,4.47,4.55,38865445,176116897.85,1.5076,1.3363,0,0
2025-06-03,sh.600572,4.52,4.61,4.52,4.6,39643859,181265861.37,1.5378,1.0989,0,0
2025-06-04,sh.600572,4.61,4.63,4.56,4.59,26410622,121027716.54,1.0245,-0.2174,0,0
2025-06-05,sh.600572,4.58,4.61,4.48,4.5,31565351,142803481.0,1.2244,-1.9608,0,0
2025-06-06,sh.600572,4.51,4.53,4.48,4.51,20590201,92723234.75,0.7987,0.2222,0,0
2025-06-09,sh.600572,4.51,4.61,4.51,4.59,36808757,168583648.59,1.4278,1.7738,0,0
2025-06-10,sh.600572,4.58,4.68,4.58,4.65,49029223,227299724.85,1.9018,1.3072,0,0
2025-06-11,sh.600572,4.68,4.72,4.64,4.66,36113438,168839382.49,1.4008,0.2151,0,0
2025-06-12,sh.600572,4.66,4.67,4.61,4.65,30846303,143144920.45,1.1965,-0.2146,0,0
2025-06-13,sh.600572,4.66,4.68,4.57,4.6,32919250,151946893.0,1.2769,-1.0753,0,0
2025-06-16,sh.600572,4.58,4.61,4.53,4.54,26749795,121926614.3,1.0376,-1.3043,0,0
2025-06-17,sh.600572,4.56,4.61,4.52,4.54,26808891,122148166.69,1.0399,0.0,0,0
2025-06-18,sh.600572,4.53,4.54,4.45,4.46,33153950,148375415.24,1.286,-1.7621,0,0
2025-06-19,sh.600572,4.48,4.5,4.42,4.44,26170650,116570490.5,1.0151,-0.4484,0,0
2025-06-20,sh.600572,4.44,4.45,4.42,4.44,16764800,74397031.0,0.6503,0.0,0,0
2025-06-23,sh.600572,4.43,4.46,4.4,4.45,21668087,95991446.34,0.8405,0.2252,0,0
2025-06-24,sh.600572,4.46,4.49,4.45,4.49,25713800,114957762.0,0.9974,0.8989,0,0
2025-06-25,sh.600572,4.36,4.39,4.33,4.39,27168257,118227175.52,1.0538,1.1521,0,0
2025-06-26,sh.600572,4.38,4.39,4.36,4.38,21682975,94914319.79,0.8411,-0.2278,0,0
2025-06-27,sh.600572,4.39,4.43,4.38,4.38,19600981,86339240.49,0.7603,0.0,0,0
2025-06-30,sh.600572,4.39,4.4,4.36,4.38,18601656,81437381.53,0.7215,0.0,0,0
2025-07-01,sh.600572,4.38,4.45,4.36,4.44,25593862,113097535.66,0.9927,1.3699,0,0
2025-07-02,sh.600572,4.44,4.45,4.41,4.44,18353869,81295019.52,0.7119,0.0,0,0
2025-07-03,sh.600572,4.44,4.48,4.42,4.46,26781186,119460476.03,1.0388,0.4505,0,0
2025-07-04,sh.600572,4.46,4.49,4.45,4.47,23861315,106740577.9,0.9255,0.2242,0,0
2025-07-07,sh.600572,4.48,4.49,4.44,4.45,17696665,78832179.6,0.6864,-0.4474,0,0
2025-07-08,sh.600572,4.44,4.49,4.43,4.46,23519019,104903528.81,0.9121,0.2247,0,0
2025-07-09,sh.600572,4.46,4.48,4.44,4.46,20095625,89736946.86,0.7991,0.0,0,0
2025-07-10,sh.600572,4.46,4.52,4.45,4.51,24901868,112024807.75,0.9902,1.1211,0,0
2025-07-11,sh.600572,4.51,4.55,4.5,4.53,28928807,131100818.1,1.1503,0.4435,0,0
2025-07-14,sh.600572,4.53,4.56,4.52,4.54,20482931,93013485.74,0.8145,0.2208,0,0
2025-07-15,sh.600572,4.54,4.55,4.47,4.5,24930920,112190755.3,0.9913,-0.8811,0,0
2025-07-16,sh.600572,4.5,4.57,4.49,4.57,29386621,133597098.84,1.1685,1.5556,0,0
2025-07-17,sh.600572,4.57,4.59,4.54,4.56,21540900,98343493.0,0.8565,-0.2188,0,0
2025-07-18,sh.600572,4.57,4.59,4.51,4.57,25283273,114744104.61,1.0054,0.2193,0,0
2025-07-21,sh.600572,4.56,4.61,4.55,4.59,32680032,149774343.74,1.2995,0.4376,0,0
2025-07-22,sh.600572,4.58,4.61,4.56,4.6,24331105,111630097.0,0.9675,0.2179,0,0
2025-07-23,sh.600572,4.6,4.62,4.57,4.59,30353325,139549149.03,1.207,-0.2174,0,0
2025-07-24,sh.600572,4.6,4.64,4.59,4.63,31404248,144995736.81,1.2488,0.8715,0,0
2025-07-25,sh.600572,4.64,4.68,4.59,4.6,31597650,146438854.0,1.2564,-0.6479,0,0
2025-07-28,sh.600572,4.6,4.67,4.59,4.59,29678351,136952756.43,1.1801,-0.2174,0,0
2025-07-29,sh.600572,4.61,4.66,4.58,4.65,41417174,191786990.47,1.6469,1.3072,0,0
2025-07-30,sh.600572,4.65,4.77,4.62,4.7,61525069,289163559.49,2.4465,1.0753,0,0
2025-07-31,sh.600572,4.68,4.72,4.64,4.65,36698510,171241322.2,1.4593,-1.0638,0,0
2025-08-01,sh.600572,4.65,4.76,4.64,4.69,37618773,177129572.27,1.4959,0.8602,0,0
2025-08-04,sh.600572,4.68,4.74,4.6,4.69,44264335,205907762.5,1.7601,0.0,0,0
2025-08-05,sh.600572,4.69,4.72,4.65,4.69,30385895,142387428.0,1.2083,0.0,0,0
2025-08-06,sh.600572,4.7,4.71,4.6,4.62,43076400,199448634.0,1.7129,-1.4925,0,0
2025-08-07,sh.600572,4.62,4.64,4.56,4.57,30223704,138631468.84,1.2018,-1.0823,0,0
2025-08-08,sh.600572,4.58,4.6,4.54,4.59,24794786,113484410.24,0.9859,0.4376,0,0
2025-08-11,sh.600572,4.6,4.62,4.57,4.62,24251081,111526448.7,0.9635,0.6536,0,0
2025-08-12,sh.600572,4.64,4.9,4.63,4.71,96594030,461674539.86,3.8377,1.9481,0,0
2025-08-13,sh.600572,4.69,4.71,4.62,4.67,62248415,290161022.4,2.4731,-0.8493,0,0
2025-08-14,sh.600572,4.67,4.7,4.6,4.6,41646036,193721157.18,1.6546,-1.4989,0,0
2025-08-15,sh.600572,4.6,4.65,4.58,4.64,31444969,145201251.69,1.249,0.8696,0,0
2025-08-18,sh.600572,4.59,4.65,4.58,4.61,56124970,259114477.13,2.2294,-0.6466,0,0
2025-08-19,sh.600572,4.61,4.69,4.61,4.63,48079189,223814600.99,1.9098,0.4338,0,0
2025-08-20,sh.600572,4.64,4.69,4.61,4.68,38011005,176589350.2,1.5099,1.0799,0,0
2025-08-21,sh.600572,4.66,4.71,4.65,4.68,36914755,172466550.8,1.4663,0.0,0,0
2025-08-22,sh.600572,4.68,4.68,4.6,4.65,48111391,222774536.47,1.9111,-0.641,0,0
2025-08-25,sh.600572,4.66,4.69,4.63,4.67,47285114,220695728.41,1.8782,0.4301,0,0
2025-08-26,sh.600572,4.66,4.69,4.65,4.67,34452679,160932307.25,1.3685,0.0,0,0
2025-08-27,sh.600572,4.66,4.68,4.55,4.55,59355397,273383185.25,2.3577,-2.5696,0,0
2025-08-28,sh.600572,4.56,4.58,4.44,4.51,57504119,259290927.84,2.2842,-0.8791,0,0
2025-08-29,sh.600572,4.51,4.56,4.5,4.53,37174954,168520318.71,1.4766,0.4435,0,0
2025-09-01,sh.600572,4.52,4.55,4.5,4.52,29091345,131682881.35,1.1556,-0.2208,0,0
2025-09-02,sh.600572,4.52,4.54,4.47,4.51,29654685,133549969.1,1.1779,-0.2212,0,0
2025-09-03,sh.600572,4.51,4.53,4.45,4.46,27927174,125172204.77,1.1093,-1.1086,0,0
2025-09-04,sh.600572,4.46,4.5,4.42,4.47,38467395,171746192.9,1.528,0.2242,0,0
2025-09-05,sh.600572,4.46,4.49,4.44,4.48,26304028,117303308.16,1.0448,0.2237,0,0
2025-09-08,sh.600572,4.47,4.52,4.47,4.51,29010759,130380178.91,1.1524,0.6696,0,0
2025-09-09,sh.600572,4.51,4.53,4.48,4.51,25823011,116302384.99,1.0257,0.0,0,0
2025-09-10,sh.600572,4.51,4.52,4.49,4.5,16974776,76450990.76,0.6743,-0.2217,0,0
2025-09-11,sh.600572,4.5,4.55,4.47,4.54,33183782,149558549.64,1.3181,0.8889,0,0
2025-09-12,sh.600572,4.53,4.55,4.5,4.51,24608636,111271355.09,0.9775,-0.6608,0,0
2025-09-15,sh.600572,4.52,4.52,4.48,4.49,20803458,93548429.42,0.8263,-0.4435,0,0
2025-09-16,sh.600572,4.5,4.52,4.48,4.51,22030525,99074148.3,0.8751,0.4454,0,0
2025-09-17,sh.600572,4.51,4.53,4.48,4.51,23421104,105549281.58,0.9303,0.0,0,0
2025-09-18,sh.600572,4.51,4.52,4.45,4.47,36889830,165593215.0,1.4653,-0.8869,0,0
2025-09-19,sh.600572,4.47,4.47,4.41,4.44,31198303,138310955.09,1.2392,-0.6711,0,0
2025-09-22,sh.600572,4.44,4.46,4.38,4.39,22852152,100630018.68,0.9077,-1.1261,0,0
2025-09-23,sh.600572,4.39,4.39,4.31,4.36,25604595,111267746.43,1.0171,-0.6834,0,0
2025-09-24,sh.600572,4.36,4.4,4.35,4.4,16012383,70110787.79,0.636,0.9174,0,0
2025-09-25,sh.600572,4.39,4.4,4.35,4.36,17685193,77227259.02,0.7025,-0.9091,0,0
2025-09-26,sh.600572,4.36,4.37,4.31,4.35,19908614,86408728.6,0.7908,-0.2294,0,0
2025-09-29,sh.600572,4.34,4.37,4.32,4.37,22104300,95946237.87,0.878,0.4598,0,0
2025-09-30,sh.600572,4.36,4.37,4.34,4.35,14748621,64168781.5,0.5858,-0.4577,0,0
2025-10-09,sh.600572,4.35,4.4,4.34,4.39,19964985,87267602.2,0.7928,0.9195,0,0
2025-10-10,sh.600572,4.39,4.44,4.37,4.42,25333225,111879057.36,1.006,0.6834,0,0
2025-10-13,sh.600572,4.36,4.4,4.35,4.4,26317750,115139873.0,1.0451,-0.4525,0,0
2025-10-14,sh.600572,4.41,4.44,4.4,4.42,27318232,120691283.93,1.0848,0.4545,0,0
2025-10-15,sh.600572,4.42,4.46,4.4,4.45,21880418,97240501.02,0.8689,0.6787,0,0
2025-10-16,sh.600572,4.45,4.49,4.44,4.48,29358540,131092383.65,1.1659,0.6742,0,0
2025-10-17,sh.600572,4.48,4.5,4.44,4.46,26934483,120422661.53,1.0696,-0.4464,0,0
2025-10-20,sh.600572,4.48,4.48,4.42,4.45,17898658,79577341.15,0.7108,-0.2242,0,0
2025-10-21,sh.600572,4.45,4.48,4.44,4.46,20626551,92067452.06,0.8191,0.2247,0,0
2025-10-22,sh.600572,4.46,4.52,4.46,4.51,27777020,124946182.4,1.1031,1.1211,0,0
2025-10-23,sh.600572,4.49,4.51,4.47,4.51,16438225,73794629.94,0.6528,0.0,0,0
2025-10-24,sh.600572,4.51,4.52,4.46,4.47,18304059,82004650.63,0.7269,-0.8869,0,0
2025-10-27,sh.600572,4.48,4.48,4.43,4.45,23181585,103210838.25,0.9206,-0.4474,0,0
2025-10-28,sh.600572,4.45,4.48,4.44,4.45,19889049,88676095.55,0.7898,0.0,0,0
2025-10-29,sh.600572,4.53,4.63,4.53,4.56,73239516,334373193.48,2.9084,2.4719,0,0
2025-10-30,sh.600572,4.55,4.6,4.52,4.56,50019461,228653741.16,1.9863,0.0,0,0
2025-10-31,sh.600572,4.56,4.7,4.56,4.68,82319170,381440638.75,3.269,2.6316,0,0
2025-11-03,sh.600572,4.7,4.76,4.67,4.74,60855864,287177493.86,2.4167,1.2821,0,0
2025-11-04,sh.600572,4.73,4.75,4.7,4.72,41272398,195046604.76,1.639,-0.4219,0,0
2025-11-05,sh.600572,4.69,4.79,4.68,4.77,50057091,237608552.7,1.9878,1.0593,0,0
2025-11-06,sh.600572,4.78,4.81,4.74,4.76,37434850,178663840.0,1.4866,-0.2096,0,0
2025-11-07,sh.600572,4.75,4.78,4.73,4.76,33019507,157181721.52,1.3105,0.0,0,0
2025-11-10,sh.600572,4.76,4.8,4.75,4.78,27008095,129189093.65,1.0719,0.4202,0,0
2025-11-11,sh.600572,4.78,4.82,4.75,4.8,35448465,169957634.9,1.4069,0.4184,0,0
2025-11-12,sh.600572,4.8,4.85,4.8,4.81,32940981,159000184.52,1.3073,0.2083,0,0
2025-11-13,sh.600572,4.83,4.83,4.76,4.81,31794919,152320586.13,1.2618,0.0,0,0
2025-11-14,sh.600572,4.8,4.87,4.79,4.83,34725684,168264697.14,1.3781,0.4158,0,0
2025-11-17,sh.600572,4.83,4.83,4.71,4.73,35028375,166120152.0,1.3901,-2.0704,0,0
2025-11-18,sh.600572,4.72,4.75,4.67,4.7,32926990,154739429.4,1.3067,-0.6342,0,0
2025-11-19,sh.600572,4.71,4.71,4.63,4.64,26989826,125675821.66,1.0711,-1.2766,0,0
2025-11-20,sh.600572,4.65,4.68,4.63,4.64,20872217,97068824.22,0.8283,0.0,0,0
2025-11-21,sh.600572,4.65,4.71,4.55,4.56,44943425,207351626.45,1.7836,-1.7241,0,0
2025-11-24,sh.600572,4.59,4.64,4.57,4.58,34154194,157181326.21,1.3554,0.4386,0,0
2025-11-25,sh.600572,4.6,4.68,4.58,4.64,33987720,157842937.4,1.3488,1.31,0,0
2025-11-26,sh.600572,4.65,4.74,4.64,4.68,29797935,139915625.45,1.1825,0.8621,0,0
2025-11-27,sh.600572,4.68,4.69,4.62,4.65,21817105,101435249.82,0.8658,-0.641,0,0
2025-11-28,sh.600572,4.67,4.67,4.59,4.62,24089038,111256866.94,0.956,-0.6452,0,0
2025-12-01,sh.600572,4.63,4.67,4.62,4.66,29515858,137219772.61,1.1713,0.8658,0,0
2025-12-02,sh.600572,4.66,4.7,4.63,4.69,26474367,123652672.91,1.0506,0.6438,0,0
2025-12-03,sh.600572,4.69,4.75,4.67,4.74,33255367,156918049.57,1.3197,1.0661,0,0
2025-12-04,sh.600572,4.72,4.76,4.69,4.73,31392593,148302380.82,1.2458,-0.211,0,0
2025-12-05,sh.600572,4.74,4.74,4.67,4.72,24915973,117050269.98,0.9888,-0.2114,0,0
2025-12-08,sh.600572,4.72,4.74,4.64,4.65,33463310,156239260.2,1.328,-1.4831,0,0
2025-12-09,sh.600572,4.66,4.66,4.6,4.62,22210014,102677112.96,0.8814,-0.6452,0,0
2025-12-10,sh.600572,4.61,4.65,4.58,4.63,21218296,97792704.51,0.842,0.2165,0,0
2025-12-11,sh.600572,4.63,4.67,4.61,4.62,25200278,116818724.86,1.0001,-0.216,0,0
2025-12-12,sh.600572,4.6,4.67,4.59,4.6,28806743,133150307.3,1.1432,-0.4329,0,0
2025-12-15,sh.600572,4.58,4.67,4.57,4.63,24623278,114106801.8,0.9772,0.6522,0,0
2025-12-16,sh.600572,4.65,4.65,4.55,4.57,24687203,113130987.44,0.9797,-1.2959,0,0
2025-12-17,sh.600572,4.56,4.61,4.53,4.59,22576152,103239094.23,0.8959,0.4376,0,0
2025-12-18,sh.600572,4.59,4.67,4.57,4.66,23143405,107347743.51,0.9184,1.5251,0,0
2025-12-19,sh.600572,4.66,4.69,4.63,4.66,23437500,109266146.0,0.9301,0.0,0,0
2025-12-22,sh.600572,4.67,4.67,4.59,4.59,29860600,138109151.3,1.185,-1.5021,0,0
2025-12-23,sh.600572,4.59,4.61,4.52,4.55,30638267,139617241.63,1.2123,-0.8715,0,0
2025-12-24,sh.600572,4.53,4.56,4.51,4.54,21304325,96550269.85,0.8429,-0.2198,0,0
2025-12-25,sh.600572,4.54,4.55,4.51,4.53,18077750,81998119.5,0.7153,-0.2203,0,0
2025-12-26,sh.600572,4.54,4.54,4.5,4.51,24026250,108556903.5,0.9506,-0.4415,0,0
2025-12-29,sh.600572,4.5,4.51,4.44,4.45,38514799,171615899.06,1.5239,-1.3304,0,0
2025-12-30,sh.600572,4.45,4.47,4.41,4.45,22607579,100519216.46,0.8945,0.0,0,0
2025-12-31,sh.600572,4.44,4.48,4.44,4.46,20752211,92462118.95,0.8211,0.2247,0,0
2026-01-05,sh.600572,4.45,4.49,4.43,4.49,32301446,144337849.5,1.2778,0.6726,0,0
2026-01-06,sh.600572,4.48,4.51,4.48,4.5,35756605,160802089.15,1.4145,0.2227,0,0
2026-01-07,sh.600572,4.51,4.52,4.48,4.49,34067546,153108901.62,1.3477,-0.2222,0,0
2026-01-08,sh.600572,4.48,4.51,4.48,4.5,22884166,102910322.88,0.9053,0.2227,0,0
2026-01-09,sh.600572,4.5,4.52,4.48,4.52,31143981,140267404.9,1.232,0.4444,0,0
2026-01-12,sh.600572,4.5,4.53,4.49,4.53,33395064,150704042.99,1.3211,0.2212,0,0
2026-01-13,sh.600572,4.53,4.59,4.52,4.54,55763236,253776939.46,2.206,0.2208,0,0
2026-01-14,sh.600572,4.53,4.57,4.49,4.51,53476165,242576161.73,2.1155,-0.6608,0,0
2026-01-15,sh.600572,4.5,4.52,4.48,4.52,26749328,120403835.9,1.0582,0.2217,0,0
2026-01-16,sh.600572,4.53,4.54,4.47,4.5,28932030,130152130.71,1.1445,-0.4425,0,0
2026-01-19,sh.600572,4.5,4.54,4.49,4.52,29643187,133952929.16,1.1725,0.4444,0,0
2026-01-20,sh.600572,4.52,4.58,4.51,4.58,40835379,185832465.9,1.6151,1.3274,0,0
2026-01-21,sh.600572,4.58,4.58,4.54,4.55,30834301,140496560.02,1.2196,-0.655,0,0
2026-01-22,sh.600572,4.56,4.59,4.54,4.57,29183964,133389816.22,1.1543,0.4396,0,0
2026-01-23,sh.600572,4.58,4.64,4.57,4.6,39829763,183467324.36,1.5754,0.6565,0,0
2026-01-26,sh.600572,4.6,4.71,4.58,4.69,77968477,362436601.31,3.0839,1.9565,0,0
2026-01-27,sh.600572,4.68,4.68,4.55,4.61,48787833,224403873.1,1.9297,-1.7058,0,0
2026-01-28,sh.600572,4.6,4.6,4.54,4.58,38850220,177689176.8,1.5366,-0.6508,0,0
2026-01-29,sh.600572,4.56,4.58,4.54,4.57,36755234,167549709.04,1.4538,-0.2183,0,0
2026-01-30,sh.600572,4.55,4.59,4.47,4.51,45019975,203876884.01,1.78,-1.3129,0,0
2026-02-02,sh.600572,4.52,4.58,4.46,4.48,50153559,227428377.88,1.983,-0.6652,0,0
2026-02-03,sh.600572,4.48,4.52,4.44,4.48,39376754,176217814.18,1.5569,0.0,0,0
2026-02-04,sh.600572,4.47,4.51,4.45,4.5,40618589,182227860.91,1.606,0.4464,0,0
2026-02-05,sh.600572,4.5,4.56,4.49,4.54,44753774,202722456.71,1.7695,0.8889,0,0
2026-02-06,sh.600572,4.62,4.69,4.54,4.54,87222755,402978088.1,3.4486,0.0,0,0
2026-02-09,sh.600572,4.53,4.58,4.51,4.54,55256010,250478133.1,2.1846,0.0,0,0
2026-02-10,sh.600572,4.53,4.56,4.5,4.52,39733220,180061425.65,1.5709,-0.4405,0,0
2026-02-11,sh.600572,4.53,4.55,4.51,4.53,28110018,127361973.56,1.1113,0.2212,0,0
2026-02-12,sh.600572,4.53,4.53,4.47,4.47,41876920,187707651.4,1.6556,-1.3245,0,0
2026-02-13,sh.600572,4.48,4.49,4.42,4.43,32499900,144794620.0,1.2849,-0.8949,0,0
2026-02-24,sh.600572,4.45,4.47,4.44,4.46,25913484,115518978.24,1.0245,0.6772,0,0
2026-02-25,sh.600572,4.46,4.51,4.45,4.47,36239750,162617872.25,1.4328,0.2242,0,0
2026-02-26,sh.600572,4.47,4.5,4.46,4.48,34618274,154932181.76,1.3687,0.2237,0,0
2026-02-27,sh.600572,4.47,4.49,4.46,4.48,30435178,136257648.79,1.2033,0.0,0,0
2026-03-02,sh.600572,4.45,4.47,4.41,4.45,51397863,228328078.16,2.0317,-0.6696,0,0
2026-03-03,sh.600572,4.45,4.48,4.41,4.42,58965160,261769885.25,2.3309,-0.6742,0,0
2026-03-04,sh.600572,4.4,4.42,4.3,4.31,64916655,282329740.35,2.5661,-2.4887,0,0
2026-03-05,sh.600572,4.35,4.35,4.31,4.32,40982025,177188022.5,1.62,0.232,0,0
2026-03-06,sh.600572,4.31,4.37,4.29,4.36,46835361,202987927.54,1.8514,0.9259,0,0
2026-03-09,sh.600572,4.33,4.38,4.32,4.35,43427361,189130628.81,1.7166,-0.2294,0,0
2026-03-10,sh.600572,4.37,4.38,4.35,4.37,32535330,142143010.85,1.2861,0.4598,0,0
2026-03-11,sh.600572,4.38,4.42,4.35,4.41,29503251,129381189.18,1.1662,0.9153,0,0
2026-03-12,sh.600572,4.4,4.46,4.4,4.45,41300126,183183356.94,1.6325,0.907,0,0
2026-03-13,sh.600572,4.43,4.46,4.42,4.44,41199977,183127018.51,1.6285,-0.2247,0,0
2026-03-16,sh.600572,4.43,4.47,4.42,4.44,36894397,164085760.93,1.4583,0.0,0,0
2026-03-17,sh.600572,4.45,4.48,4.43,4.44,33533830,149492242.08,1.3255,0.0,0,0
2026-03-18,sh.600572,4.44,4.45,4.39,4.42,31428550,138760996.5,1.2423,-0.4505,0,0
2026-03-19,sh.600572,4.41,4.45,4.37,4.39,35900200,158287794.0,1.419,-0.6787,0,0
2026-03-20,sh.600572,4.39,4.42,4.32,4.32,29877675,130451365.4,1.181,-1.5945,0,0
2026-03-23,sh.600572,4.28,4.28,4.04,4.06,69483012,288056042.9,2.7464,-6.0185,0,0
2026-03-24,sh.600572,4.12,4.21,4.09,4.2,41059086,170503084.14,1.6229,3.4483,0,0
2026-03-25,sh.600572,4.19,4.26,4.19,4.24,30979024,131126290.4,1.2245,0.9524,0,0
2026-03-26,sh.600572,4.24,4.32,4.23,4.28,32432450,138991464.5,1.2819,0.9434,0,0
2026-03-27,sh.600572,4.26,4.35,4.23,4.34,38609369,166206668.99,1.5261,1.4019,0,0
2026-03-30,sh.600572,4.29,4.43,4.27,4.42,45166020,197672798.19,1.7853,1.8433,0,0
2026-03-31,sh.600572,4.42,4.47,4.39,4.4,46901147,208088260.4,1.8538,-0.4525,0,0
2026-04-01,sh.600572,4.43,4.47,4.39,4.46,44630660,198162120.7,1.764,1.3636,0,0
2026-04-02,sh.600572,4.46,4.52,4.45,4.5,51318447,230517821.86,2.0283,0.8969,0,0
2026-04-03,sh.600572,4.5,4.5,4.38,4.4,40905490,181051769.5,1.6167,-2.2222,0,0
2026-04-07,sh.600572,4.39,4.44,4.3,4.41,35706990,156466415.5,1.4113,0.2273,0,0
2026-04-08,sh.600572,4.43,4.48,4.4,4.44,45846853,203035866.2,1.812,0.6803,0,0
2026-04-09,sh.600572,4.39,4.51,4.39,4.41,45032558,200133142.82,1.7798,-0.6757,0,0
2026-04-10,sh.600572,4.42,4.45,4.38,4.42,30291082,133838853.76,1.1972,0.2268,0,0
2026-04-13,sh.600572,4.4,4.4,4.33,4.35,34089515,148538830.4,1.3473,-1.5837,0,0
2026-04-14,sh.600572,4.37,4.37,4.31,4.36,23194484,100511828.52,0.9167,0.2299,0,0
2026-04-15,sh.600572,4.37,4.8,4.35,4.8,207486572,966306006.83,8.2006,10.0917,1,0
2026-04-16,sh.600572,5.08,5.17,4.79,4.94,381724625,1884905098.29,15.087,2.9167,0,0
2026-04-17,sh.600572,4.78,4.81,4.62,4.68,211958906,993180683.15,8.3773,-5.2632,0,0
2026-04-20,sh.600572,4.64,4.72,4.57,4.7,150016147,693619504.86,5.9291,0.4274,0,0
2026-04-21,sh.600572,4.68,4.72,4.58,4.6,102810836,475284732.1,4.0634,-2.1277,0,0
2026-04-22,sh.600572,4.58,4.61,4.52,4.6,88772846,404413030.45,3.5086,0.0,0,0
2026-04-23,sh.600572,4.57,4.57,4.49,4.51,89147042,402990015.78,3.5232,-1.9565,0,0
2026-04-24,sh.600572,4.5,4.53,4.45,4.53,67102739,301337762.03,2.652,0.4435,0,0
2026-04-27,sh.600572,4.5,4.51,4.42,4.43,71967733,320201947.61,2.8443,-2.2075,0,0
2026-04-28,sh.600572,4.41,4.49,4.41,4.44,49698385,221435959.55,1.9642,0.2257,0,0
2026-04-29,sh.600572,4.42,4.48,4.41,4.47,50630330,225601287.58,2.001,0.6757,0,0
2026-04-30,sh.600572,4.45,4.51,4.43,4.48,50244537,224624140.39,1.9858,0.2237,0,0
2026-05-06,sh.600572,4.47,4.49,4.43,4.45,62490094,277991782.25,2.4697,-0.6696,0,0
2026-05-07,sh.600572,4.45,4.46,4.38,4.39,61038740,269278553.79,2.4124,-1.3483,0,0
2026-05-08,sh.600572,4.39,4.44,4.39,4.41,52496475,231476797.62,2.0748,0.4556,0,0
2026-05-11,sh.600572,4.41,4.46,4.37,4.46,75178493,331608105.91,2.9712,1.1338,0,0
2026-05-12,sh.600572,4.44,4.45,4.38,4.4,51059075,224932799.25,2.0179,-1.3453,0,0
2026-05-13,sh.600572,4.41,4.41,4.38,4.41,39528313,173655287.04,1.5622,0.2273,0,0
2026-05-14,sh.600572,4.41,4.41,4.32,4.33,50525708,220152717.56,1.9969,-1.8141,0,0
2026-05-15,sh.600572,4.31,4.33,4.29,4.31,34464211,148586395.71,1.3621,-0.4619,0,0
2026-05-18,sh.600572,4.3,4.31,4.25,4.26,30086991,128375667.07,1.1891,-1.1601,0,0
2026-05-19,sh.600572,4.25,4.29,4.24,4.28,22441744,95894404.53,0.8869,0.4695,0,0
2026-05-20,sh.600572,4.28,4.28,4.2,4.21,29716057,125553679.23,1.1744,-1.6355,0,0
2026-05-21,sh.600572,4.22,4.24,4.16,4.17,30075451,126599820.68,1.1886,-0.9501,0,0
2026-05-22,sh.600572,4.17,4.19,4.15,4.17,27398191,114191236.37,1.0828,0.0,0,0
2026-05-25,sh.600572,4.16,4.28,4.13,4.26,41858163,175517373.03,1.6543,2.1583,0,0
2026-05-26,sh.600572,4.24,4.27,4.19,4.22,30299033,128106242.18,1.1975,-0.939,0,0
2026-05-27,sh.600572,4.22,4.23,4.15,4.19,27685828,115898692.78,1.0942,-0.7109,0,0
2026-05-28,sh.600572,4.19,4.2,4.12,4.16,24323939,101332228.65,0.9613,-0.716,0,0
2026-05-29,sh.600572,4.15,4.24,4.14,4.23,36364545,152878647.73,1.4372,1.6827,0,0
2026-06-01,sh.600572,4.24,4.27,4.2,4.26,32260897,136547272.41,1.275,0.7092,0,0
2026-06-02,sh.600572,4.26,4.29,4.22,4.23,27897896,118441524.36,1.1026,-0.7042,0,0
2026-06-03,sh.600572,4.23,4.24,4.15,4.17,30738595,128516920.1,1.2148,-1.4184,0,0
2026-06-04,sh.600572,4.16,4.2,4.14,4.15,22828775,94957015.5,0.9022,-0.4796,0,0
2026-06-05,sh.600572,4.16,4.2,4.15,4.16,26099034,108778433.1,1.0315,0.241,0,0
2026-06-08,sh.600572,4.14,4.17,4.08,4.11,29922550,123252046.3,1.1826,-1.2019,0,0
2026-06-09,sh.600572,4.12,4.12,4.06,4.11,19749611,80907012.95,0.7805,0.0,0,0
2026-06-10,sh.600572,4.1,4.13,4.07,4.13,27124003,111089402.83,1.072,0.4866,0,0
2026-06-11,sh.600572,4.11,4.13,4.06,4.07,30127771,122895084.26,1.1907,-1.4528,0,0
2026-06-12,sh.600572,4.07,4.14,4.06,4.13,33684208,138125860.66,1.3313,1.4742,0,0
2026-06-15,sh.600572,4.13,4.18,4.13,4.15,29557989,122748694.58,1.1682,0.4843,0,0
2026-06-16,sh.600572,4.15,4.15,4.1,4.12,23328697,96016443.83,0.922,-0.7229,0,0
2026-06-17,sh.600572,4.13,4.14,4.1,4.11,20980471,86271343.37,0.8287,-0.2427,0,0
2026-06-18,sh.600572,4.11,4.16,4.09,4.12,23038741,95051021.1,0.91,0.2433,0,0
2026-06-22,sh.600572,4.1,4.14,4.02,4.13,37278918,152152814.24,1.4725,0.2427,0,0
2026-06-23,sh.600572,4.12,4.23,4.11,4.19,48559424,203696261.22,1.918,1.4528,0,0
2026-06-24,sh.600572,4.08,4.1,3.99,4.01,46428700,187424561.0,1.8339,-0.7426,0,0
2026-06-25,sh.600572,3.99,4.0,3.89,3.96,33044897,130244703.47,1.3052,-1.2469,0,0
2026-06-26,sh.600572,3.95,3.98,3.88,3.88,29456650,115579768.5,1.1635,-2.0202,0,0
