date,code,open,high,low,close,volume,amount,turnover,pct_change,is_limit_up,is_limit_down
2020-01-06,sh.688181,58.0,65.0,57.0,61.29,14082091,847385393.0,69.432,39.3588,1,0
2020-01-07,sh.688181,58.0,60.7,57.25,60.26,8009637,472458960.0,39.4916,-1.6805,0,0
2020-01-08,sh.688181,59.05,64.33,58.66,62.0,8820390,548135165.0,43.4891,2.8875,0,0
2020-01-09,sh.688181,61.6,63.33,59.0,60.95,6735733,410186631.0,33.2106,-1.6935,0,0
2020-01-10,sh.688181,60.6,61.18,59.52,59.57,3920615,235742330.0,19.3307,-2.2642,0,0
2020-01-13,sh.688181,59.3,60.62,59.01,60.6,3675004,220649190.0,18.1197,1.7291,0,0
2020-01-14,sh.688181,60.91,61.4,59.66,60.3,3817265,230363316.0,18.8211,-0.495,0,0
2020-01-15,sh.688181,60.52,60.8,58.21,58.5,3824051,225727506.0,18.8545,-2.9851,0,0
2020-01-16,sh.688181,59.13,63.38,58.42,61.7,6918453,421360438.0,34.1115,5.4701,0,0
2020-01-17,sh.688181,62.0,66.51,61.6,64.88,7692572,495358922.0,37.9283,5.154,0,0
2020-01-20,sh.688181,65.4,65.5,62.1,63.7,5529184,354807366.0,27.2617,-1.8187,0,0
2020-01-21,sh.688181,64.0,66.39,63.1,64.0,4471790,289059760.0,22.0482,0.471,0,0
2020-01-22,sh.688181,62.35,63.99,59.0,63.27,4131031,256110952.0,20.3681,-1.1406,0,0
2020-01-23,sh.688181,62.0,63.59,59.0,60.0,3548051,217199604.0,17.4937,-5.1683,0,0
2020-02-03,sh.688181,48.88,51.0,48.0,48.0,2342261,113309841.0,11.5486,-20.0,0,1
2020-02-04,sh.688181,48.08,53.31,48.08,52.8,3919969,200610056.0,19.3275,10.0,1,0
2020-02-05,sh.688181,53.27,57.51,52.0,54.2,3640425,199709002.0,17.9492,2.6515,0,0
2020-02-06,sh.688181,53.28,56.87,53.28,56.35,3056269,170126002.0,15.069,3.9668,0,0
2020-02-07,sh.688181,56.3,60.33,55.11,60.07,3844433,222997651.0,18.955,6.6016,0,0
2020-02-10,sh.688181,59.1,62.0,58.34,59.11,3313971,198602700.0,16.3396,-1.5981,0,0
2020-02-11,sh.688181,59.27,60.5,56.6,56.95,2915625,169611583.0,14.3755,-3.6542,0,0
2020-02-12,sh.688181,56.7,60.8,56.62,60.22,3241799,190549462.0,15.9837,5.7419,0,0
2020-02-13,sh.688181,59.7,62.95,59.3,60.7,3942873,241971582.0,19.4404,0.7971,0,0
2020-02-14,sh.688181,60.32,63.22,59.61,61.25,3192420,195720086.0,15.7403,0.9061,0,0
2020-02-17,sh.688181,61.09,62.85,61.0,62.32,3312785,205369336.0,16.3337,1.7469,0,0
2020-02-18,sh.688181,62.96,65.0,61.6,63.8,3491946,221117708.0,17.2171,2.3748,0,0
2020-02-19,sh.688181,63.01,63.3,60.68,60.79,3180889,196623064.0,15.6834,-4.7179,0,0
2020-02-20,sh.688181,61.29,64.2,57.86,63.85,5198619,320923693.0,25.6319,5.0337,0,0
2020-02-21,sh.688181,64.2,65.15,61.48,61.58,4098951,258724739.0,20.2099,-3.5552,0,0
2020-02-24,sh.688181,60.11,61.45,59.0,60.43,3106012,186876600.0,15.3142,-1.8675,0,0
2020-02-25,sh.688181,58.6,60.58,57.9,59.68,2570841,152914416.0,12.6756,-1.2411,0,0
2020-02-26,sh.688181,58.89,59.99,55.28,55.88,2557335,147360173.0,12.609,-6.3673,0,0
2020-02-27,sh.688181,56.7,56.97,54.6,54.74,1944152,108210710.0,9.5857,-2.0401,0,0
2020-02-28,sh.688181,51.99,52.99,51.02,51.41,2109285,109649321.0,10.3999,-6.0833,0,0
2020-03-02,sh.688181,51.5,54.15,51.5,53.89,1567178,83342684.0,7.727,4.824,0,0
2020-03-03,sh.688181,54.63,56.28,53.77,54.24,1690162,93125301.0,8.3334,0.6495,0,0
2020-03-04,sh.688181,53.12,54.8,52.68,54.57,1368904,73743503.0,6.7494,0.6084,0,0
2020-03-05,sh.688181,55.38,55.56,54.3,54.74,1358753,74488462.0,6.6994,0.3115,0,0
2020-03-06,sh.688181,54.43,55.12,53.76,54.52,1097154,59695452.0,5.4095,-0.4019,0,0
2020-03-09,sh.688181,53.01,54.98,51.32,51.52,1196895,62879782.0,5.9013,-5.5026,0,0
2020-03-10,sh.688181,51.02,53.25,50.03,53.25,1391718,72328595.0,6.8619,3.3579,0,0
2020-03-11,sh.688181,53.31,53.72,51.9,52.05,1098186,58113756.0,5.4146,-2.2535,0,0
2020-03-12,sh.688181,50.42,51.96,50.42,51.02,703080,35937650.0,3.4665,-1.9789,0,0
2020-03-13,sh.688181,48.9,50.98,48.01,50.42,1125549,55753098.0,5.5495,-1.176,0,0
2020-03-16,sh.688181,50.74,51.38,48.24,48.5,1015194,50545619.0,5.0054,-3.808,0,0
2020-03-17,sh.688181,48.3,49.87,47.5,49.23,1116031,54444138.0,5.5026,1.5052,0,0
2020-03-18,sh.688181,49.77,50.86,48.0,48.04,1054595,52492324.0,5.1997,-2.4172,0,0
2020-03-19,sh.688181,47.98,49.63,47.4,49.39,1090263,52863520.0,5.3756,2.8102,0,0
2020-03-20,sh.688181,49.48,50.22,49.02,49.4,832753,41237348.0,4.1059,0.0203,0,0
2020-03-23,sh.688181,48.0,48.7,45.02,45.38,1254697,59032809.0,6.1863,-8.1377,0,0
2020-03-24,sh.688181,46.3,46.9,44.3,46.17,804574,36815813.0,3.967,1.7408,0,0
2020-03-25,sh.688181,47.22,47.78,47.0,47.09,809898,38342345.0,3.9932,1.9926,0,0
2020-03-26,sh.688181,46.88,46.99,45.54,45.69,658818,30407779.0,3.2483,-2.973,0,0
2020-03-27,sh.688181,46.4,46.67,45.2,45.32,508861,23317866.0,2.5089,-0.8098,0,0
2020-03-30,sh.688181,45.01,45.01,43.15,43.46,822942,35940947.0,4.0575,-4.1042,0,0
2020-03-31,sh.688181,44.22,44.55,43.48,43.82,509778,22459109.0,2.5135,0.8283,0,0
2020-04-01,sh.688181,43.11,44.88,43.11,44.02,461574,20471384.0,2.2758,0.4564,0,0
2020-04-02,sh.688181,44.0,45.5,43.58,45.5,691703,30973835.0,3.4105,3.3621,0,0
2020-04-03,sh.688181,45.4,45.4,44.38,44.75,525865,23569648.0,2.5928,-1.6484,0,0
2020-04-07,sh.688181,45.65,46.0,45.43,45.67,672131,30685317.0,3.314,2.0559,0,0
2020-04-08,sh.688181,45.55,46.01,45.41,45.68,495943,22688658.0,2.4453,0.0219,0,0
2020-04-09,sh.688181,45.98,46.0,45.25,45.32,459744,20921902.0,2.2668,-0.7881,0,0
2020-04-10,sh.688181,45.23,47.0,43.93,46.21,1351430,61545391.0,6.6632,1.9638,0,0
2020-04-13,sh.688181,45.98,45.98,44.7,44.94,393910,17780995.0,1.9422,-2.7483,0,0
2020-04-14,sh.688181,45.08,45.78,45.07,45.69,407210,18503510.0,2.0078,1.6689,0,0
2020-04-15,sh.688181,45.7,46.2,45.31,45.52,488554,22373489.0,2.4088,-0.3721,0,0
2020-04-16,sh.688181,45.21,45.47,44.6,45.15,384147,17285997.0,1.894,-0.8128,0,0
2020-04-17,sh.688181,45.29,45.92,44.83,45.14,544911,24761228.0,2.6867,-0.0222,0,0
2020-04-20,sh.688181,45.09,45.45,44.87,45.25,369666,16680165.0,1.8226,0.2437,0,0
2020-04-21,sh.688181,45.25,45.25,44.13,44.45,366809,16339207.0,1.8086,-1.768,0,0
2020-04-22,sh.688181,44.08,45.21,43.99,45.15,424213,19020645.0,2.0916,1.5748,0,0
2020-04-23,sh.688181,45.25,46.19,45.14,45.75,774758,35517208.0,3.82,1.3289,0,0
2020-04-24,sh.688181,45.8,47.29,45.53,46.5,1181379,55037219.0,5.8248,1.6393,0,0
2020-04-27,sh.688181,46.78,48.99,46.52,47.23,1646334,79232618.0,8.1173,1.5699,0,0
2020-04-28,sh.688181,47.7,47.7,43.1,45.19,1529441,69020464.0,7.5409,-4.3193,0,0
2020-04-29,sh.688181,45.6,47.66,45.36,47.27,1645046,76504474.0,8.1109,4.6028,0,0
2020-04-30,sh.688181,47.37,50.96,47.37,49.96,2162160,106809516.0,10.6606,5.6907,0,0
2020-05-06,sh.688181,49.01,54.54,49.01,54.3,2678884,140320843.0,13.2083,8.687,0,0
2020-05-07,sh.688181,54.0,54.0,52.02,53.27,2003369,105909619.0,9.8776,-1.8969,0,0
2020-05-08,sh.688181,53.33,54.88,52.9,53.11,1480348,79587232.0,7.2989,-0.3004,0,0
2020-05-11,sh.688181,53.3,53.8,51.45,52.11,1297632,68425123.0,6.398,-1.8829,0,0
2020-05-12,sh.688181,52.21,52.49,50.6,52.18,1134482,58524198.0,5.5936,0.1343,0,0
2020-05-13,sh.688181,51.49,52.5,51.0,52.29,1076939,56139070.0,5.3099,0.2108,0,0
2020-05-14,sh.688181,52.28,56.13,51.8,55.2,3152785,172547712.0,15.5449,5.5651,0,0
2020-05-15,sh.688181,55.11,56.29,54.3,55.1,1885739,104436911.0,9.2977,-0.1812,0,0
2020-05-18,sh.688181,55.58,55.58,52.5,52.87,1531942,82301707.0,7.5533,-4.0472,0,0
2020-05-19,sh.688181,53.8,54.3,52.86,54.29,1047864,56229253.0,5.1665,2.6858,0,0
2020-05-20,sh.688181,54.34,57.5,54.01,54.81,1858853,103996913.0,9.1651,0.9578,0,0
2020-05-21,sh.688181,55.5,55.75,52.68,53.57,1336671,72238358.0,6.5905,-2.2624,0,0
2020-05-22,sh.688181,53.09,54.15,51.29,52.07,1048034,54870474.0,5.1673,-2.8001,0,0
2020-05-25,sh.688181,52.68,52.68,49.88,50.78,895129,45632381.0,4.4134,-2.4774,0,0
2020-05-26,sh.688181,51.05,53.55,51.05,53.29,966615,50508211.0,4.7659,4.9429,0,0
2020-05-27,sh.688181,53.38,53.49,51.67,52.17,784618,41193127.0,3.8686,-2.1017,0,0
2020-05-28,sh.688181,52.0,52.68,50.11,51.44,855823,43859876.0,4.2196,-1.3993,0,0
2020-05-29,sh.688181,51.5,54.34,51.24,53.8,1188878,63499282.0,5.8618,4.5879,0,0
2020-06-01,sh.688181,53.66,56.59,53.66,55.95,1720907,95764457.0,8.485,3.9963,0,0
2020-06-02,sh.688181,55.52,59.68,55.38,58.36,2636942,151957325.0,13.0015,4.3074,0,0
2020-06-03,sh.688181,58.4,58.98,56.8,57.14,1654308,95307082.0,8.1566,-2.0905,0,0
2020-06-04,sh.688181,57.48,59.01,57.11,58.3,1627137,94661747.0,8.0226,2.0301,0,0
2020-06-05,sh.688181,58.11,61.36,57.62,60.0,2324343,139515669.0,11.4602,2.916,0,0
2020-06-08,sh.688181,61.67,72.0,61.67,67.91,6204767,424451358.0,30.5927,13.1833,1,0
2020-06-09,sh.688181,65.0,65.7,62.06,63.28,3866434,245798179.0,19.0635,-6.8179,0,0
2020-06-10,sh.688181,63.26,67.95,60.21,66.39,3846907,244493808.0,18.9672,4.9147,0,0
2020-06-11,sh.688181,64.51,66.49,62.12,63.2,2477403,160100854.0,12.2149,-4.2859,0,0
2020-06-12,sh.688181,63.0,63.0,60.78,61.02,2088165,128981708.0,10.2957,-3.4494,0,0
2020-06-15,sh.688181,59.21,61.19,57.8,57.83,2214772,130934898.0,10.92,-5.2278,0,0
2020-06-16,sh.688181,59.07,60.95,58.59,59.94,1879136,112431823.0,9.2651,3.6486,0,0
2020-06-17,sh.688181,60.5,60.5,58.43,59.68,1507266,89165670.0,7.4316,-0.4338,0,0
2020-06-18,sh.688181,59.5,63.29,59.08,61.52,2176674,134129556.0,10.7321,3.0831,0,0
2020-06-19,sh.688181,61.48,62.31,60.01,61.44,1500246,91855762.0,7.397,-0.13,0,0
2020-06-22,sh.688181,60.85,62.88,60.85,62.0,1659834,102858118.0,8.1838,0.9115,0,0
2020-06-23,sh.688181,62.6,63.68,61.73,62.99,1626439,101794446.0,8.0192,1.5968,0,0
2020-06-24,sh.688181,62.88,62.9,60.75,61.6,1570768,96652542.0,7.7447,-2.2067,0,0
2020-06-29,sh.688181,60.8,62.45,60.2,60.68,1237366,75648732.0,6.1009,-1.4935,0,0
2020-06-30,sh.688181,61.14,62.71,60.8,62.22,1444668,89214654.0,7.123,2.5379,0,0
2020-07-01,sh.688181,62.5,63.0,59.5,60.54,1930527,118458036.0,9.5185,-2.7001,0,0
2020-07-02,sh.688181,60.8,61.61,59.85,61.36,1489965,90421901.0,7.3463,1.3545,0,0
2020-07-03,sh.688181,61.5,61.5,59.7,60.55,1270782,76746874.0,6.2656,-1.3201,0,0
2020-07-06,sh.688181,60.49,64.97,60.0,64.77,2944005,186084097.0,13.8507,6.9694,0,0
2020-07-07,sh.688181,65.8,69.33,65.1,65.1,3401374,229697324.0,16.0025,0.5095,0,0
2020-07-08,sh.688181,64.9,67.67,64.71,66.27,2372542,157671163.0,11.1621,1.7972,0,0
2020-07-09,sh.688181,66.73,69.68,65.5,69.34,2935438,198491446.0,13.8104,4.6326,0,0
2020-07-10,sh.688181,69.3,76.98,68.0,72.31,3998024,292807481.0,18.8095,4.2832,0,0
2020-07-13,sh.688181,74.7,84.68,74.7,83.0,4742836,375345581.0,22.3136,14.7836,1,0
2020-07-14,sh.688181,84.42,94.37,79.48,90.6,4688810,394047177.0,22.0595,9.1566,0,0
2020-07-15,sh.688181,88.8,88.89,79.9,79.9,3866915,322821270.0,18.1927,-11.8102,0,1
2020-07-16,sh.688181,78.5,79.01,70.0,71.77,3048538,228303154.0,14.3425,-10.1752,0,1
2020-07-17,sh.688181,72.3,75.77,71.12,74.26,2218574,162969694.0,10.4377,3.4694,0,0
2020-07-20,sh.688181,75.82,77.3,73.14,76.93,1794812,136115158.0,8.4441,3.5955,0,0
2020-07-21,sh.688181,76.02,82.6,76.0,79.5,2379843,190370077.0,11.1965,3.3407,0,0
2020-07-22,sh.688181,78.98,81.93,77.68,78.22,2123897,167954039.0,9.9923,-1.6101,0,0
2020-07-23,sh.688181,78.89,80.9,71.11,75.8,2235216,170348359.73,10.516,-3.0938,0,0
2020-07-24,sh.688181,73.1,74.73,67.8,68.24,2606199,184587713.0,12.2614,-9.9736,0,1
2020-07-27,sh.688181,68.11,72.14,67.29,71.3,1610261,112127219.0,7.5758,4.4842,0,0
2020-07-28,sh.688181,71.87,72.51,69.41,69.82,1136763,80473733.0,5.3481,-2.0757,0,0
2020-07-29,sh.688181,70.1,73.6,69.0,73.45,1685952,120437686.0,7.9319,5.1991,0,0
2020-07-30,sh.688181,73.25,73.77,71.92,72.33,1298980,94500457.31,6.1113,-1.5248,0,0
2020-07-31,sh.688181,71.69,76.69,71.54,76.65,2018009,150578260.0,9.4941,5.9726,0,0
2020-08-03,sh.688181,77.47,80.7,77.46,78.98,2013295,159416099.0,9.472,3.0398,0,0
2020-08-04,sh.688181,78.66,80.2,75.61,76.5,1491743,116263774.0,7.0182,-3.14,0,0
2020-08-05,sh.688181,75.4,79.7,75.4,78.67,1556916,120933269.28,7.3248,2.8366,0,0
2020-08-06,sh.688181,78.5,84.01,77.66,82.6,2360526,192881199.52,11.1056,4.9956,0,0
2020-08-07,sh.688181,82.0,82.0,76.65,78.35,1925035,151752192.0,9.0567,-5.1453,0,0
2020-08-10,sh.688181,77.67,78.58,75.3,78.3,1237394,94929074.0,5.8216,-0.0638,0,0
2020-08-11,sh.688181,78.08,78.5,74.16,74.4,1104676,84097065.0,5.1972,-4.9808,0,0
2020-08-12,sh.688181,74.41,74.98,69.55,71.84,1301167,93171734.0,6.1216,-3.4409,0,0
2020-08-13,sh.688181,72.68,78.48,71.12,78.3,1904684,145220146.0,8.961,8.9922,0,0
2020-08-14,sh.688181,77.88,83.0,76.61,82.0,2064611,165540880.0,9.7134,4.7254,0,0
2020-08-17,sh.688181,83.3,85.0,80.02,83.7,2066996,170376247.0,9.7246,2.0732,0,0
2020-08-18,sh.688181,80.45,82.95,76.03,77.25,3359916,260851964.02,15.8074,-7.7061,0,0
2020-08-19,sh.688181,77.6,79.9,75.41,75.6,1763140,136590848.0,8.295,-2.1359,0,0
2020-08-20,sh.688181,75.0,77.28,74.25,75.3,1044830,79116231.32,4.9156,-0.3968,0,0
2020-08-21,sh.688181,75.6,77.27,75.0,75.8,985041,75022274.35,4.6343,0.664,0,0
2020-08-24,sh.688181,75.8,78.35,75.48,76.28,1229903,94714941.45,5.7863,0.6332,0,0
2020-08-25,sh.688181,76.25,76.68,73.0,73.35,1411100,105042372.0,6.6388,-3.8411,0,0
2020-08-26,sh.688181,74.0,74.07,67.62,67.83,2180372,152569532.0,10.258,-7.5256,0,0
2020-08-27,sh.688181,67.82,69.44,66.68,68.87,1151436,78542744.32,5.4172,1.5332,0,0
2020-08-28,sh.688181,68.87,70.35,67.5,70.1,909199,62831254.0,4.2775,1.786,0,0
2020-08-31,sh.688181,71.2,72.6,70.1,70.99,915058,65617116.0,4.3051,1.2696,0,0
2020-09-01,sh.688181,71.9,71.99,69.2,70.4,557102,39095435.0,2.621,-0.8311,0,0
2020-09-02,sh.688181,70.51,71.79,69.6,70.95,519307,36640477.0,2.4432,0.7812,0,0
2020-09-03,sh.688181,71.0,71.34,68.86,69.3,632174,44111659.55,2.9742,-2.3256,0,0
2020-09-04,sh.688181,68.03,69.66,67.97,69.06,531032,36585713.82,2.4983,-0.3463,0,0
2020-09-07,sh.688181,69.49,70.89,67.81,68.94,657999,45695277.0,3.0957,-0.1738,0,0
2020-09-08,sh.688181,69.59,70.38,67.89,68.33,793247,54877530.0,3.732,-0.8848,0,0
2020-09-09,sh.688181,67.88,68.35,64.3,64.73,1017345,66791627.0,4.7863,-5.2685,0,0
2020-09-10,sh.688181,65.6,66.14,62.05,62.23,928960,59603052.0,4.3705,-3.8622,0,0
2020-09-11,sh.688181,62.92,66.8,61.95,66.09,795821,51253414.0,3.7441,6.2028,0,0
2020-09-14,sh.688181,66.99,68.25,66.56,67.02,659298,44453919.93,3.1018,1.4072,0,0
2020-09-15,sh.688181,66.91,68.15,65.6,67.08,508146,34087654.0,2.3907,0.0895,0,0
2020-09-16,sh.688181,66.68,67.55,65.88,66.74,397292,26482674.0,1.8691,-0.5069,0,0
2020-09-17,sh.688181,66.8,69.75,65.55,68.26,943931,64411216.0,4.4409,2.2775,0,0
2020-09-18,sh.688181,68.5,70.4,68.0,70.05,809009,56151874.0,3.8061,2.6223,0,0
2020-09-21,sh.688181,69.88,70.85,68.38,69.25,475184,32923550.59,2.2356,-1.142,0,0
2020-09-22,sh.688181,68.28,69.58,67.8,68.29,360075,24798585.71,1.694,-1.3863,0,0
2020-09-23,sh.688181,69.65,71.35,68.87,69.41,1002960,70423572.0,4.7186,1.6401,0,0
2020-09-24,sh.688181,69.21,71.48,69.0,69.43,749663,52310899.0,3.5269,0.0288,0,0
2020-09-25,sh.688181,69.62,70.16,65.61,66.2,805030,54124137.58,3.7874,-4.6522,0,0
2020-09-28,sh.688181,65.51,67.48,64.7,65.26,384147,25333701.0,1.8073,-1.4199,0,0
2020-09-29,sh.688181,66.76,67.15,65.5,66.7,476115,31699251.92,2.24,2.2066,0,0
2020-09-30,sh.688181,66.98,67.85,65.66,66.2,597497,39880630.0,2.811,-0.7496,0,0
2020-10-09,sh.688181,67.33,69.48,66.8,68.47,873345,59762189.7,4.1088,3.429,0,0
2020-10-12,sh.688181,69.88,70.27,68.1,70.11,985945,68735959.0,4.6386,2.3952,0,0
2020-10-13,sh.688181,70.27,70.66,69.23,70.25,653760,45755743.0,3.0757,0.1997,0,0
2020-10-14,sh.688181,70.2,70.83,68.78,69.02,632975,43956557.04,2.978,-1.7509,0,0
2020-10-15,sh.688181,69.03,69.38,66.71,67.1,585500,40096237.54,2.7546,-2.7818,0,0
2020-10-16,sh.688181,67.11,67.88,65.72,65.8,541791,36016064.57,2.549,-1.9374,0,0
2020-10-19,sh.688181,65.8,66.16,64.75,64.87,555438,36226478.0,2.6132,-1.4134,0,0
2020-10-20,sh.688181,64.61,65.95,63.71,65.95,499083,32298401.0,2.348,1.6649,0,0
2020-10-21,sh.688181,66.15,66.33,64.2,64.9,385043,25063455.0,1.8115,-1.5921,0,0
2020-10-22,sh.688181,64.9,64.93,63.88,64.39,291731,18774539.76,1.3725,-0.7858,0,0
2020-10-23,sh.688181,64.3,64.77,62.42,62.65,379752,24096738.74,1.7866,-2.7023,0,0
2020-10-26,sh.688181,62.84,62.84,60.97,62.59,318164,19747450.0,1.4969,-0.0958,0,0
2020-10-27,sh.688181,62.0,63.66,61.47,63.51,394340,24822618.38,1.8553,1.4699,0,0
2020-10-28,sh.688181,63.98,65.97,63.59,65.06,692739,44824734.1,3.2591,2.4406,0,0
2020-10-29,sh.688181,64.2,65.87,64.01,64.7,527329,34268950.0,2.4809,-0.5533,0,0
2020-10-30,sh.688181,64.36,66.23,63.59,63.61,655158,42639158.0,3.0823,-1.6847,0,0
2020-11-02,sh.688181,64.47,64.98,62.25,63.0,556780,35450304.47,2.6195,-0.959,0,0
2020-11-03,sh.688181,63.02,65.07,62.68,64.92,477920,30733547.83,2.2485,3.0476,0,0
2020-11-04,sh.688181,64.65,65.65,64.0,64.56,344542,22235719.15,1.621,-0.5545,0,0
2020-11-05,sh.688181,66.47,66.47,64.43,65.55,446176,29035792.36,2.0991,1.5335,0,0
2020-11-06,sh.688181,65.55,65.93,62.89,63.59,692209,44431961.13,3.2566,-2.9901,0,0
2020-11-09,sh.688181,63.6,68.09,63.6,67.08,1320109,87709898.66,6.2107,5.4883,0,0
2020-11-10,sh.688181,67.09,67.5,65.76,65.76,898159,59583376.62,4.2256,-1.9678,0,0
2020-11-11,sh.688181,65.77,66.4,63.72,63.86,633212,40988639.62,2.9791,-2.8893,0,0
2020-11-12,sh.688181,63.86,64.65,63.38,63.99,290795,18582266.27,1.3681,0.2036,0,0
2020-11-13,sh.688181,63.99,64.36,62.91,63.92,368960,23416327.72,1.7358,-0.1094,0,0
2020-11-16,sh.688181,63.88,64.63,63.8,64.25,260043,16666105.04,1.2234,0.5163,0,0
2020-11-17,sh.688181,64.3,64.3,62.4,63.2,389110,24526453.28,1.8306,-1.6342,0,0
2020-11-18,sh.688181,63.0,64.0,63.0,63.37,248638,15749185.68,1.1698,0.269,0,0
2020-11-19,sh.688181,63.0,64.0,62.73,63.4,273295,17371544.36,1.2858,0.0473,0,0
2020-11-20,sh.688181,63.3,63.59,62.5,62.83,398719,25043674.31,1.8759,-0.8991,0,0
2020-11-23,sh.688181,62.82,63.64,62.55,63.02,362279,22840109.97,1.7044,0.3024,0,0
2020-11-24,sh.688181,62.78,63.58,62.78,63.07,260652,16474504.98,1.2263,0.0793,0,0
2020-11-25,sh.688181,63.57,63.57,61.21,61.41,538317,33516678.71,2.5326,-2.632,0,0
2020-11-26,sh.688181,61.7,61.9,59.2,59.2,630215,37824410.9,2.965,-3.5988,0,0
2020-11-27,sh.688181,59.38,59.38,57.2,58.3,622628,36222716.38,2.9293,-1.5203,0,0
2020-11-30,sh.688181,58.11,59.93,58.03,59.56,470295,27844779.2,2.2126,2.1612,0,0
2020-12-01,sh.688181,59.68,59.89,59.29,59.63,331259,19764529.79,1.5585,0.1175,0,0
2020-12-02,sh.688181,59.85,65.33,59.85,65.22,1899408,120345965.58,8.9361,9.3745,0,0
2020-12-03,sh.688181,65.57,66.2,63.5,63.7,1232426,79389662.98,5.7982,-2.3306,0,0
2020-12-04,sh.688181,63.75,64.35,62.28,62.91,595258,37625439.99,2.8005,-1.2402,0,0
2020-12-07,sh.688181,63.47,64.45,62.69,63.0,478239,30310769.08,2.25,0.1431,0,0
2020-12-08,sh.688181,62.95,63.29,61.93,61.98,437753,27392025.02,2.0595,-1.619,0,0
2020-12-09,sh.688181,62.4,62.4,58.88,59.08,931795,56025298.35,4.3838,-4.6789,0,0
2020-12-10,sh.688181,59.2,59.78,58.11,58.56,472899,27835756.54,2.2248,-0.8802,0,0
2020-12-11,sh.688181,58.86,59.14,56.89,57.44,504559,29038928.53,2.3738,-1.9126,0,0
2020-12-14,sh.688181,57.43,57.44,56.12,56.94,523307,29635864.34,2.462,-0.8705,0,0
2020-12-15,sh.688181,57.01,57.2,55.96,56.38,404033,22809765.54,1.9009,-0.9835,0,0
2020-12-16,sh.688181,56.73,56.73,54.28,54.5,659903,36335574.88,3.1046,-3.3345,0,0
2020-12-17,sh.688181,54.51,56.25,53.78,55.95,666672,36748306.76,3.1365,2.6606,0,0
2020-12-18,sh.688181,56.2,57.2,54.11,54.78,607494,33690522.25,2.8581,-2.0912,0,0
2020-12-21,sh.688181,54.78,56.76,54.47,55.83,772610,43164450.64,3.6349,1.9168,0,0
2020-12-22,sh.688181,55.55,56.01,54.58,54.83,546380,30172301.32,2.5706,-1.7912,0,0
2020-12-23,sh.688181,55.88,56.02,54.58,55.51,517431,28533380.81,2.4344,1.2402,0,0
2020-12-24,sh.688181,55.54,55.61,51.81,51.89,883529,46968778.36,4.1567,-6.5213,0,0
2020-12-25,sh.688181,52.4,53.87,51.41,52.6,563905,29650634.83,2.653,1.3683,0,0
2020-12-28,sh.688181,53.59,53.59,50.83,51.49,400082,20666560.94,1.8823,-2.1103,0,0
2020-12-29,sh.688181,50.99,52.5,50.77,51.28,458302,23633118.26,2.1562,-0.4078,0,0
2020-12-30,sh.688181,51.29,53.33,50.61,52.0,561071,29273258.05,2.6397,1.4041,0,0
2020-12-31,sh.688181,52.48,53.89,51.96,53.67,675294,35858908.48,3.1771,3.2115,0,0
2021-01-04,sh.688181,53.65,55.94,53.23,54.7,1045563,57340028.01,4.9191,1.9191,0,0
2021-01-05,sh.688181,55.0,55.64,53.5,54.69,965675,52823012.64,4.5432,-0.0183,0,0
2021-01-06,sh.688181,55.0,57.8,54.5,55.25,1995614,112009363.16,2.6838,1.024,0,0
2021-01-07,sh.688181,55.0,55.46,51.0,51.77,1241721,65648870.36,1.6699,-6.2986,0,0
2021-01-08,sh.688181,52.58,53.48,51.5,51.98,799409,41966346.48,1.0751,0.4056,0,0
2021-01-11,sh.688181,52.4,54.2,51.16,52.27,856831,45040645.0,1.1523,0.5579,0,0
2021-01-12,sh.688181,52.5,56.0,52.18,54.12,1260494,68167773.55,1.6952,3.5393,0,0
2021-01-13,sh.688181,55.0,55.0,53.12,53.9,851743,46002377.66,1.1455,-0.4065,0,0
2021-01-14,sh.688181,54.08,57.38,52.0,55.64,2302518,126802613.94,3.0966,3.2282,0,0
2021-01-15,sh.688181,55.65,57.64,55.02,56.81,1597467,90128948.69,2.1484,2.1028,0,0
2021-01-18,sh.688181,56.95,57.36,55.89,56.77,1192272,67389308.57,1.6034,-0.0704,0,0
2021-01-19,sh.688181,56.3,56.89,54.75,55.1,1200593,66999966.93,1.6146,-2.9417,0,0
2021-01-20,sh.688181,55.13,57.2,54.78,56.93,1081255,60805014.13,1.4541,3.3212,0,0
2021-01-21,sh.688181,57.5,57.5,55.9,56.6,753985,42702681.89,1.014,-0.5797,0,0
2021-01-22,sh.688181,56.6,57.47,55.9,56.23,671778,37961769.03,0.9035,-0.6537,0,0
2021-01-25,sh.688181,55.66,55.75,51.9,52.94,1410296,74845773.24,1.8967,-5.851,0,0
2021-01-26,sh.688181,52.94,53.67,52.0,52.07,585252,30846170.65,0.7871,-1.6434,0,0
2021-01-27,sh.688181,53.28,54.5,52.1,52.64,880053,46874707.46,1.1836,1.0947,0,0
2021-01-28,sh.688181,52.3,53.8,51.53,51.88,695928,36559109.87,0.9359,-1.4438,0,0
2021-01-29,sh.688181,52.66,52.66,48.0,48.96,1194010,59495971.36,1.6058,-5.6284,0,0
2021-02-01,sh.688181,48.58,50.29,48.58,49.45,754734,37370934.25,1.015,1.0008,0,0
2021-02-02,sh.688181,49.9,50.57,49.21,50.06,576201,28805204.98,0.7749,1.2336,0,0
2021-02-03,sh.688181,50.0,50.5,49.0,49.17,894496,44398236.26,1.203,-1.7779,0,0
2021-02-04,sh.688181,48.98,49.27,47.19,48.16,704065,33823330.75,0.9469,-2.0541,0,0
2021-02-05,sh.688181,48.47,48.68,46.7,46.8,437177,20866852.17,0.5879,-2.8239,0,0
2021-02-08,sh.688181,46.8,49.31,46.2,49.0,732617,35238540.74,0.9853,4.7009,0,0
2021-02-09,sh.688181,49.0,50.89,48.68,50.46,620126,31069931.43,0.834,2.9796,0,0
2021-02-10,sh.688181,50.48,50.58,49.57,49.89,540994,27010585.97,0.7276,-1.1296,0,0
2021-02-18,sh.688181,50.48,51.94,50.14,50.7,728412,37257840.5,0.9796,1.6236,0,0
2021-02-19,sh.688181,50.71,52.17,50.4,51.96,711041,36636756.48,0.9563,2.4852,0,0
2021-02-22,sh.688181,52.3,53.32,51.72,51.79,1024261,53976814.17,1.3775,-0.3272,0,0
2021-02-23,sh.688181,52.27,52.27,50.41,51.0,437943,22388006.6,0.589,-1.5254,0,0
2021-02-24,sh.688181,51.84,53.48,51.39,52.18,1148674,60580314.99,1.5448,2.3137,0,0
2021-02-25,sh.688181,52.34,52.66,50.58,50.71,684319,35017794.58,0.9203,-2.8172,0,0
2021-02-26,sh.688181,50.15,50.99,49.92,50.1,484023,24392066.73,0.6509,-1.2029,0,0
2021-03-01,sh.688181,50.76,54.15,50.72,53.66,1551046,82812613.83,2.0859,7.1058,0,0
2021-03-02,sh.688181,54.58,54.95,52.56,52.71,1115416,59543080.08,1.5001,-1.7704,0,0
2021-03-03,sh.688181,52.6,53.88,52.18,53.51,880532,46812839.97,1.1842,1.5177,0,0
2021-03-04,sh.688181,53.7,56.44,53.3,54.76,1646183,91067443.9,2.2139,2.336,0,0
2021-03-05,sh.688181,54.76,55.73,54.19,55.07,846261,46552857.33,1.1381,0.5661,0,0
2021-03-08,sh.688181,55.3,56.8,54.28,54.45,1197271,66692548.99,1.6102,-1.1258,0,0
2021-03-09,sh.688181,54.3,54.98,51.51,51.69,1096627,57752989.16,1.4748,-5.0689,0,0
2021-03-10,sh.688181,52.46,52.7,50.51,50.8,706090,36123016.28,0.9496,-1.7218,0,0
2021-03-11,sh.688181,50.8,52.1,49.83,52.02,851654,43581029.96,1.1454,2.4016,0,0
2021-03-12,sh.688181,51.8,52.15,50.73,50.99,557647,28497791.61,0.75,-1.98,0,0
2021-03-15,sh.688181,51.4,52.5,50.54,51.3,468266,24141158.91,0.6298,0.608,0,0
2021-03-16,sh.688181,52.01,52.01,50.56,51.27,455203,23305127.04,0.6122,-0.0585,0,0
2021-03-17,sh.688181,50.95,52.45,50.3,52.19,646512,33395863.79,0.8695,1.7944,0,0
2021-03-18,sh.688181,52.36,52.64,51.63,51.77,420877,21874177.89,0.566,-0.8048,0,0
2021-03-19,sh.688181,51.33,54.2,51.01,52.98,970301,51495154.69,1.3049,2.3373,0,0
2021-03-22,sh.688181,53.27,55.69,53.27,54.8,1161609,63415549.97,1.5622,3.4353,0,0
2021-03-23,sh.688181,55.0,56.55,54.8,55.51,1268837,70880342.02,1.7064,1.2956,0,0
2021-03-24,sh.688181,55.3,56.4,54.5,54.8,1001701,55523721.54,1.3472,-1.279,0,0
2021-03-25,sh.688181,54.21,56.26,54.2,54.46,1010673,55806043.98,1.3592,-0.6204,0,0
2021-03-26,sh.688181,54.08,55.59,54.08,54.99,627717,34573532.28,0.8442,0.9732,0,0
2021-03-29,sh.688181,55.78,55.78,54.05,54.73,678327,37007263.47,0.9123,-0.4728,0,0
2021-03-30,sh.688181,54.53,55.46,53.21,53.47,678292,36728050.67,0.9122,-2.3022,0,0
2021-03-31,sh.688181,53.95,54.34,52.4,53.26,426542,22603801.99,0.5736,-0.3927,0,0
2021-04-01,sh.688181,53.35,54.2,53.04,54.0,684594,36804201.02,0.9207,1.3894,0,0
2021-04-02,sh.688181,53.82,55.3,53.82,55.15,785669,43176366.76,1.0566,2.1296,0,0
2021-04-06,sh.688181,55.5,55.5,53.33,53.58,957424,52104766.6,1.2876,-2.8468,0,0
2021-04-07,sh.688181,53.32,54.2,52.81,54.11,500863,26766395.37,0.6736,0.9892,0,0
2021-04-08,sh.688181,54.0,54.09,52.92,53.09,594369,31726690.71,0.7993,-1.885,0,0
2021-04-09,sh.688181,53.08,53.1,51.65,51.86,551831,28839782.11,0.7421,-2.3168,0,0
2021-04-12,sh.688181,52.67,52.68,50.82,51.02,483141,24866380.01,0.6498,-1.6197,0,0
2021-04-13,sh.688181,51.0,51.61,50.5,50.85,416164,21263520.75,0.5597,-0.3332,0,0
2021-04-14,sh.688181,50.28,51.57,50.28,51.5,322708,16489378.98,0.434,1.2783,0,0
2021-04-15,sh.688181,51.5,51.57,50.52,51.46,336478,17148498.46,0.4525,-0.0777,0,0
2021-04-16,sh.688181,51.8,52.16,51.22,52.15,523674,27026799.41,0.7043,1.3408,0,0
2021-04-19,sh.688181,52.25,54.59,51.8,54.3,948523,50626751.69,1.2756,4.1227,0,0
2021-04-20,sh.688181,54.0,54.9,53.65,54.03,777470,42327863.48,1.0456,-0.4972,0,0
2021-04-21,sh.688181,53.13,53.14,51.16,51.73,911727,47456246.18,1.2262,-4.2569,0,0
2021-04-22,sh.688181,51.6,52.95,51.6,52.21,575599,30106568.85,0.7741,0.9279,0,0
2021-04-23,sh.688181,52.29,54.18,51.98,53.54,960636,51334022.78,1.2919,2.5474,0,0
2021-04-26,sh.688181,53.54,57.28,53.02,56.12,2619393,146415524.0,3.5227,4.8188,0,0
2021-04-27,sh.688181,56.0,56.98,53.87,54.81,1360874,74701820.06,1.8302,-2.3343,0,0
2021-04-28,sh.688181,53.88,54.79,50.5,51.75,2031937,105659363.52,2.7327,-5.5829,0,0
2021-04-29,sh.688181,51.15,53.25,51.15,51.85,880958,45988463.85,1.1848,0.1932,0,0
2021-04-30,sh.688181,51.85,52.02,50.59,51.2,980953,50184424.65,1.3193,-1.2536,0,0
2021-05-06,sh.688181,50.2,51.8,50.2,50.55,593300,30059202.97,0.7979,-1.2695,0,0
2021-05-07,sh.688181,50.55,50.55,48.11,48.24,1195834,58831774.38,1.6082,-4.5697,0,0
2021-05-10,sh.688181,48.3,48.9,47.9,48.74,492375,23830022.6,0.6622,1.0365,0,0
2021-05-11,sh.688181,48.64,48.68,47.0,48.5,406634,19563697.14,0.5469,-0.4924,0,0
2021-05-12,sh.688181,48.51,49.28,48.08,49.15,343734,16747987.44,0.4623,1.3402,0,0
2021-05-13,sh.688181,49.0,49.68,48.76,48.96,264933,13045540.04,0.3563,-0.3866,0,0
2021-05-14,sh.688181,48.98,49.6,48.9,49.41,305841,15071123.76,0.4113,0.9191,0,0
2021-05-17,sh.688181,49.24,49.8,49.06,49.2,311670,15369774.78,0.4192,-0.425,0,0
2021-05-18,sh.688181,49.2,49.2,48.03,48.32,537701,25978178.53,0.7231,-1.7886,0,0
2021-05-19,sh.688181,48.31,48.31,47.8,47.98,339442,16309119.05,0.4565,-0.7036,0,0
2021-05-20,sh.688181,48.17,48.22,47.59,47.88,322166,15414074.42,0.4333,-0.2084,0,0
2021-05-21,sh.688181,47.9,48.62,47.9,48.35,322283,15561108.23,0.4334,0.9816,0,0
2021-05-24,sh.688181,48.7,49.48,47.9,49.34,382041,18569902.84,0.5138,2.0476,0,0
2021-05-25,sh.688181,48.82,49.91,48.8,49.78,450640,22334842.89,0.6061,0.8918,0,0
2021-05-26,sh.688181,49.78,50.88,49.58,50.32,551469,27797976.89,0.7417,1.0848,0,0
2021-05-27,sh.688181,50.26,52.6,50.26,51.56,1168977,60493071.35,1.5721,2.4642,0,0
2021-05-28,sh.688181,50.82,51.27,49.73,49.89,679475,34224107.56,0.9138,-2.2148,0,0
2021-05-31,sh.688181,49.7,52.25,49.7,52.0,872944,44758777.93,1.174,4.2293,0,0
2021-06-01,sh.688181,51.65,53.78,51.65,53.37,1277128,67828521.35,1.7176,2.6346,0,0
2021-06-02,sh.688181,53.4,55.09,52.12,52.38,1620429,86609732.86,2.1793,-1.855,0,0
2021-06-03,sh.688181,52.67,53.65,52.03,52.15,895866,47267030.64,1.2048,-0.4391,0,0
2021-06-04,sh.688181,52.01,53.36,51.82,52.85,804186,42463108.82,1.0815,1.3423,0,0
2021-06-07,sh.688181,53.22,54.77,52.98,53.3,1204497,64869953.52,1.6199,0.8515,0,0
2021-06-08,sh.688181,53.5,53.88,52.0,52.45,736026,38770776.11,0.9899,-1.5947,0,0
2021-06-09,sh.688181,52.5,53.43,51.08,52.13,517926,27016359.1,0.6965,-0.6101,0,0
2021-06-10,sh.688181,52.14,53.87,51.72,53.8,887803,47065447.05,1.194,3.2035,0,0
2021-06-11,sh.688181,53.43,53.9,51.98,52.75,700055,36933383.68,0.9415,-1.9517,0,0
2021-06-15,sh.688181,52.87,52.99,51.01,52.51,682395,35791617.31,0.9177,-0.455,0,0
2021-06-16,sh.688181,52.47,53.88,51.54,51.69,1028106,54318998.52,1.3827,-1.5616,0,0
2021-06-17,sh.688181,51.38,53.7,51.18,53.46,1803223,95127882.21,2.4251,3.4243,0,0
2021-06-18,sh.688181,53.33,54.6,52.15,54.28,2554058,137885694.46,3.4349,1.5339,0,0
2021-06-21,sh.688181,53.9,54.5,53.53,54.32,1570678,84745646.87,2.1124,0.0737,0,0
2021-06-22,sh.688181,54.4,54.73,53.35,54.14,1677721,90527373.47,2.2563,-0.3314,0,0
2021-06-23,sh.688181,54.12,55.5,53.55,55.03,3142581,172505585.43,4.2264,1.6439,0,0
2021-06-24,sh.688181,55.01,55.02,52.5,52.91,2228154,118470173.12,2.9966,-3.8524,0,0
2021-06-25,sh.688181,52.91,53.39,51.2,52.41,1521752,79397382.1,2.0466,-0.945,0,0
2021-06-28,sh.688181,52.25,53.68,51.86,53.0,1208109,63962545.53,1.6247,1.1257,0,0
2021-06-29,sh.688181,52.3,53.18,51.6,51.7,1327626,69139851.71,1.7855,-2.4528,0,0
2021-06-30,sh.688181,51.81,54.36,51.81,53.17,1992896,106024888.41,2.6802,2.8433,0,0
2021-07-01,sh.688181,53.23,53.58,51.61,51.66,1530212,80313385.34,2.0579,-2.8399,0,0
2021-07-02,sh.688181,51.58,52.59,51.26,51.95,1131816,58848819.65,1.5221,0.5614,0,0
2021-07-05,sh.688181,51.65,53.49,51.65,53.4,1339123,70764323.77,1.8009,2.7911,0,0
2021-07-06,sh.688181,53.2,53.8,51.86,52.75,1377850,72483538.76,1.853,-1.2172,0,0
2021-07-07,sh.688181,52.23,53.29,52.23,53.12,1175311,62192008.24,1.5806,0.7014,0,0
2021-07-08,sh.688181,52.9,55.2,52.9,54.75,3202981,174122186.5,4.3076,3.0685,0,0
2021-07-09,sh.688181,54.39,54.63,53.0,54.29,2256944,121726409.29,3.0353,-0.8402,0,0
2021-07-12,sh.688181,55.48,58.07,54.31,57.17,3610132,203735443.31,4.8551,5.3048,0,0
2021-07-13,sh.688181,57.7,57.7,55.69,56.38,2304826,129853344.54,3.0997,-1.3818,0,0
2021-07-14,sh.688181,56.99,58.03,56.09,56.5,2238512,127490729.87,3.0105,0.2128,0,0
2021-07-15,sh.688181,56.95,56.95,54.0,55.06,2057219,112992964.88,2.7667,-2.5487,0,0
2021-07-16,sh.688181,54.79,57.14,54.74,55.53,1974291,110572108.49,2.6552,0.8536,0,0
2021-07-19,sh.688181,55.53,55.75,53.68,54.45,1546152,84191740.4,2.0794,-1.9449,0,0
2021-07-20,sh.688181,53.89,54.34,52.56,53.8,1477031,78843652.34,1.9864,-1.1938,0,0
2021-07-21,sh.688181,53.8,56.48,53.8,55.01,1952650,107949656.47,2.6261,2.2491,0,0
2021-07-22,sh.688181,55.1,60.5,54.38,59.99,5033175,294459902.35,6.7689,9.0529,0,0
2021-07-23,sh.688181,59.5,60.2,57.32,57.41,3217865,187544152.69,4.3276,-4.3007,0,0
2021-07-26,sh.688181,57.87,61.2,57.87,59.61,3431528,204059710.84,4.6149,3.8321,0,0
2021-07-27,sh.688181,60.07,62.98,58.45,59.04,4141963,251704853.07,5.5704,-0.9562,0,0
2021-07-28,sh.688181,57.88,58.39,54.71,56.8,2634290,149788171.14,3.5428,-3.794,0,0
2021-07-29,sh.688181,57.88,60.43,57.18,59.75,2462028,146172832.77,3.3111,5.1937,0,0
2021-07-30,sh.688181,56.91,59.48,56.89,57.86,3508147,203483923.13,4.718,-3.1632,0,0
2021-08-02,sh.688181,57.98,61.0,57.88,60.15,2847955,169521550.39,3.8301,3.9578,0,0
2021-08-03,sh.688181,60.3,60.3,56.73,57.2,2815202,163393923.3,3.7861,-4.9044,0,0
2021-08-04,sh.688181,57.0,58.91,56.81,58.67,1924197,111952932.79,2.5878,2.5699,0,0
2021-08-05,sh.688181,58.15,58.19,56.3,56.53,2096291,119311205.5,2.8192,-3.6475,0,0
2021-08-06,sh.688181,56.41,57.62,55.65,57.6,1355909,77070751.11,1.8235,1.8928,0,0
2021-08-09,sh.688181,57.1,57.4,55.6,57.25,1184935,66904981.62,1.5936,-0.6076,0,0
2021-08-10,sh.688181,56.83,57.99,56.71,57.28,1249140,71725990.0,1.6799,0.0524,0,0
2021-08-11,sh.688181,57.28,57.95,55.65,56.09,1615296,90777364.71,2.1724,-2.0775,0,0
2021-08-12,sh.688181,56.08,57.24,55.81,57.23,1391265,79076055.73,1.8711,2.0324,0,0
2021-08-13,sh.688181,57.03,57.19,55.17,55.91,1595478,89215062.36,2.1457,-2.3065,0,0
2021-08-16,sh.688181,55.67,56.23,54.8,56.23,1317158,73185912.09,1.7714,0.5723,0,0
2021-08-17,sh.688181,56.0,56.0,52.91,53.27,1970862,106884772.25,2.5657,-5.2641,0,0
2021-08-18,sh.688181,53.99,54.29,52.73,52.93,1369352,73015581.0,1.7827,-0.6383,0,0
2021-08-19,sh.688181,53.0,53.7,52.63,52.85,912849,48512642.51,1.1884,-0.1511,0,0
2021-08-20,sh.688181,52.96,53.18,51.68,52.11,897318,46861307.39,1.1681,-1.4002,0,0
2021-08-23,sh.688181,52.15,53.54,52.15,53.32,1082538,57505919.95,1.4093,2.322,0,0
2021-08-24,sh.688181,53.15,53.65,52.6,52.7,1300493,68926573.56,1.693,-1.1628,0,0
2021-08-25,sh.688181,52.96,53.5,51.69,52.07,1403345,73190552.52,1.8269,-1.1954,0,0
2021-08-26,sh.688181,52.11,52.35,50.12,50.25,1765458,89679030.92,2.2983,-3.4953,0,0
2021-08-27,sh.688181,50.25,50.55,49.69,50.49,777244,38980601.5,1.0118,0.4776,0,0
2021-08-30,sh.688181,50.95,51.34,50.0,50.3,889519,45103858.65,1.158,-0.3763,0,0
2021-08-31,sh.688181,50.2,50.75,49.02,49.48,974015,48314116.51,1.268,-1.6302,0,0
2021-09-01,sh.688181,49.5,49.58,48.48,49.58,1099689,53942547.0,1.4316,0.2021,0,0
2021-09-02,sh.688181,49.25,49.73,49.03,49.57,627634,30983660.75,0.8171,-0.0202,0,0
2021-09-03,sh.688181,49.59,50.73,49.59,50.3,803563,40373778.46,1.0461,1.4727,0,0
2021-09-06,sh.688181,50.33,50.69,49.66,50.51,830168,41661721.65,1.0807,0.4175,0,0
2021-09-07,sh.688181,50.51,50.6,50.14,50.48,701273,35322492.65,0.9129,-0.0594,0,0
2021-09-08,sh.688181,50.5,50.95,50.29,50.88,884733,44859146.79,1.1518,0.7924,0,0
2021-09-09,sh.688181,50.54,50.87,49.71,49.95,972003,48732832.98,1.2654,-1.8278,0,0
2021-09-10,sh.688181,50.19,50.68,49.5,50.3,1043075,52251992.49,1.3579,0.7007,0,0
2021-09-13,sh.688181,50.33,51.05,50.2,50.55,1289899,65322400.78,1.6792,0.497,0,0
2021-09-14,sh.688181,50.3,50.99,49.83,49.9,952122,48044954.59,1.2395,-1.2859,0,0
2021-09-15,sh.688181,49.91,50.09,49.18,49.45,705297,34997945.32,0.9182,-0.9018,0,0
2021-09-16,sh.688181,49.5,49.76,48.6,48.6,741542,36451380.14,0.9654,-1.7189,0,0
2021-09-17,sh.688181,48.6,49.0,48.31,48.63,563679,27407545.23,0.7338,0.0617,0,0
2021-09-22,sh.688181,48.18,48.99,48.05,48.45,525012,25516961.0,0.6835,-0.3701,0,0
2021-09-23,sh.688181,48.48,49.28,48.48,48.58,616784,30108437.6,0.8029,0.2683,0,0
2021-09-24,sh.688181,48.61,48.84,48.18,48.43,537161,26023950.9,0.6993,-0.3088,0,0
2021-09-27,sh.688181,48.4,48.79,47.55,47.65,675924,32548010.25,0.8799,-1.6106,0,0
2021-09-28,sh.688181,47.64,47.65,46.85,47.23,723968,34066300.14,0.9425,-0.8814,0,0
2021-09-29,sh.688181,46.86,46.95,45.95,45.95,584077,27088631.81,0.7604,-2.7101,0,0
2021-09-30,sh.688181,46.25,46.74,45.97,46.41,382898,17816542.29,0.4985,1.0011,0,0
2021-10-08,sh.688181,46.9,47.47,46.53,47.04,535867,25222435.22,0.6976,1.3575,0,0
2021-10-11,sh.688181,47.41,47.41,46.75,46.93,389913,18309610.48,0.5076,-0.2338,0,0
2021-10-12,sh.688181,46.8,46.98,46.09,46.45,461874,21442532.19,0.6013,-1.0228,0,0
2021-10-13,sh.688181,46.21,47.14,46.21,47.09,347698,16305659.83,0.4526,1.3778,0,0
2021-10-14,sh.688181,46.81,47.59,46.75,47.37,416878,19731065.32,0.5427,0.5946,0,0
2021-10-15,sh.688181,47.77,47.95,47.03,47.25,486683,23135468.13,0.6336,-0.2533,0,0
2021-10-18,sh.688181,47.25,47.46,46.46,46.8,413265,19367692.31,0.538,-0.9524,0,0
2021-10-19,sh.688181,46.3,46.3,43.6,44.59,1560004,69261801.8,2.0308,-4.7222,0,0
2021-10-20,sh.688181,44.7,44.7,44.36,44.4,426129,18962382.68,0.5547,-0.4261,0,0
2021-10-21,sh.688181,44.51,44.57,44.2,44.26,387156,17164290.88,0.504,-0.3153,0,0
2021-10-22,sh.688181,44.26,44.88,43.93,44.04,584312,25949168.1,0.7607,-0.4971,0,0
2021-10-25,sh.688181,43.9,44.08,41.99,42.51,1621055,69141148.4,2.1103,-3.4741,0,0
2021-10-26,sh.688181,42.52,44.65,42.49,44.36,1321802,57716744.95,1.7208,4.3519,0,0
2021-10-27,sh.688181,44.39,44.39,42.87,43.49,655124,28431747.8,0.8529,-1.9612,0,0
2021-10-28,sh.688181,44.77,45.52,44.21,44.21,1159353,52016219.54,1.5093,1.6556,0,0
2021-10-29,sh.688181,44.25,45.77,44.02,45.5,1023059,46358496.16,1.3318,2.9179,0,0
2021-11-01,sh.688181,45.5,46.99,45.13,46.76,1006783,46732450.58,1.3107,2.7692,0,0
2021-11-02,sh.688181,46.65,47.58,45.38,46.33,1230955,57406700.31,1.6025,-0.9196,0,0
2021-11-03,sh.688181,46.33,47.12,45.91,46.56,520463,24253148.4,0.6776,0.4964,0,0
2021-11-04,sh.688181,46.35,47.65,46.35,47.5,816902,38720891.5,1.0635,2.0189,0,0
2021-11-05,sh.688181,47.29,47.86,47.14,47.18,643444,30518573.32,0.8377,-0.6737,0,0
2021-11-08,sh.688181,47.47,47.95,47.1,47.3,738658,35142948.16,0.9616,0.2543,0,0
2021-11-09,sh.688181,47.3,48.2,47.08,48.2,932111,44568628.42,1.2134,1.9027,0,0
2021-11-10,sh.688181,47.81,48.75,47.81,48.56,819104,39682088.98,1.0663,0.7469,0,0
2021-11-11,sh.688181,48.75,48.93,48.23,48.75,900004,43766647.75,1.1716,0.3913,0,0
2021-11-12,sh.688181,48.8,49.07,48.35,48.99,656444,32053886.17,0.8546,0.4923,0,0
2021-11-15,sh.688181,48.99,50.6,48.99,49.76,1456502,72881243.76,1.8961,1.5717,0,0
2021-11-16,sh.688181,50.15,50.25,48.33,48.34,1049000,51572772.45,1.3656,-2.8537,0,0
2021-11-17,sh.688181,48.33,49.67,48.2,49.6,782534,38441052.26,1.0187,2.6065,0,0
2021-11-18,sh.688181,49.12,51.16,49.0,49.0,1469590,73746738.82,1.9131,-1.2097,0,0
2021-11-19,sh.688181,49.0,50.22,48.85,49.5,813492,40302435.85,1.059,1.0204,0,0
2021-11-22,sh.688181,49.5,51.67,49.28,51.11,1637032,83276547.72,2.1311,3.2525,0,0
2021-11-23,sh.688181,51.12,51.22,50.05,50.22,1182529,59600425.95,1.5394,-1.7413,0,0
2021-11-24,sh.688181,50.0,50.49,49.79,50.1,808490,40496125.4,1.0525,-0.2389,0,0
2021-11-25,sh.688181,50.3,50.58,49.8,50.15,953688,47809249.2,1.2415,0.0998,0,0
2021-11-26,sh.688181,50.05,50.45,48.85,49.02,1078448,53079468.53,1.4039,-2.2532,0,0
2021-11-29,sh.688181,48.51,49.37,48.5,49.27,656379,32207241.61,0.8545,0.51,0,0
2021-11-30,sh.688181,49.45,50.7,49.2,50.13,974438,48787198.71,1.2685,1.7455,0,0
2021-12-01,sh.688181,49.94,50.43,49.77,50.13,937440,46900106.99,1.2204,0.0,0,0
2021-12-02,sh.688181,50.07,50.13,49.01,49.17,807024,39880607.05,1.0506,-1.915,0,0
2021-12-03,sh.688181,49.2,49.98,49.05,49.74,699937,34740963.91,0.9112,1.1592,0,0
2021-12-06,sh.688181,49.78,50.0,47.98,48.0,945565,45929366.36,1.231,-3.4982,0,0
2021-12-07,sh.688181,48.65,48.8,46.5,46.72,914388,43167323.05,1.1904,-2.6667,0,0
2021-12-08,sh.688181,46.76,47.6,46.76,47.46,530655,25111948.74,0.6908,1.5839,0,0
2021-12-09,sh.688181,47.45,48.2,47.0,47.85,682873,32637068.24,0.889,0.8217,0,0
2021-12-10,sh.688181,47.87,48.26,47.14,48.23,658978,31463196.64,0.8579,0.7941,0,0
2021-12-13,sh.688181,48.0,48.39,47.75,48.1,576572,27690833.13,0.7506,-0.2695,0,0
2021-12-14,sh.688181,48.1,48.97,47.78,48.13,772551,37330940.91,1.0057,0.0624,0,0
2021-12-15,sh.688181,48.0,48.89,47.82,48.13,638909,30976582.0,0.8317,0.0,0,0
2021-12-16,sh.688181,48.49,48.96,48.16,48.53,546132,26491140.06,0.711,0.8311,0,0
2021-12-17,sh.688181,48.4,48.41,47.15,47.25,654593,31125118.73,0.8522,-2.6375,0,0
2021-12-20,sh.688181,47.06,47.4,46.03,46.06,723793,33635866.42,0.9423,-2.5185,0,0
2021-12-21,sh.688181,46.42,46.7,46.08,46.67,496825,23101893.75,0.6468,1.3244,0,0
2021-12-22,sh.688181,46.99,47.03,46.69,46.75,469525,21999281.6,0.6112,0.1714,0,0
2021-12-23,sh.688181,47.05,47.05,46.0,46.0,575538,26664682.25,0.7492,-1.6043,0,0
2021-12-24,sh.688181,46.4,46.4,44.8,45.1,777650,35153641.59,1.0124,-1.9565,0,0
2021-12-27,sh.688181,45.01,45.96,44.86,45.5,610648,27735123.29,0.795,0.8869,0,0
2021-12-28,sh.688181,45.6,46.43,45.3,46.21,500559,23058454.84,0.6516,1.5604,0,0
2021-12-29,sh.688181,46.19,46.36,45.6,45.89,487593,22349080.29,0.6348,-0.6925,0,0
2021-12-30,sh.688181,45.94,47.1,45.62,47.0,593252,27767480.97,0.7723,2.4188,0,0
2021-12-31,sh.688181,47.0,47.7,46.85,47.4,511733,24229224.14,0.6662,0.8511,0,0
2022-01-04,sh.688181,47.41,47.82,46.91,47.8,915217,43331962.6,1.1915,0.8439,0,0
2022-01-05,sh.688181,47.82,48.13,47.06,47.33,674712,31969273.84,0.8784,-0.9833,0,0
2022-01-06,sh.688181,47.33,47.88,47.12,47.65,476705,22654244.94,0.6329,0.6761,0,0
2022-01-07,sh.688181,47.65,48.16,47.18,47.53,806122,38398459.57,1.0702,-0.2518,0,0
2022-01-10,sh.688181,47.89,48.75,47.26,48.49,1181401,57098037.82,1.538,2.0198,0,0
2022-01-11,sh.688181,48.45,48.97,47.74,47.78,742369,35829263.6,0.9664,-1.4642,0,0
2022-01-12,sh.688181,48.13,48.75,47.78,48.34,711277,34427321.39,0.9259,1.172,0,0
2022-01-13,sh.688181,48.36,48.75,47.84,48.0,758352,36547232.81,0.9872,-0.7034,0,0
2022-01-14,sh.688181,47.98,48.69,47.77,47.97,651539,31464781.42,0.8482,-0.0625,0,0
2022-01-17,sh.688181,48.03,48.88,47.5,48.75,1017999,49445366.72,1.3252,1.626,0,0
2022-01-18,sh.688181,48.75,49.19,48.16,48.41,780647,38034961.35,1.0163,-0.6974,0,0
2022-01-19,sh.688181,48.48,48.5,47.62,47.94,566661,27207746.97,0.7377,-0.9709,0,0
2022-01-20,sh.688181,47.81,48.32,45.5,45.98,1258724,58630450.05,1.6386,-4.0884,0,0
2022-01-21,sh.688181,45.7,46.48,44.9,45.24,760734,34548662.46,0.9903,-1.6094,0,0
2022-01-24,sh.688181,45.39,45.62,44.91,45.23,431400,19559586.03,0.5616,-0.0221,0,0
2022-01-25,sh.688181,45.56,45.56,43.52,43.56,698314,30903443.05,0.9091,-3.6922,0,0
2022-01-26,sh.688181,43.65,45.09,43.65,44.83,651519,28911601.31,0.8482,2.9155,0,0
2022-01-27,sh.688181,44.98,45.08,43.5,43.77,897022,39551371.62,1.1678,-2.3645,0,0
2022-01-28,sh.688181,44.17,44.4,43.25,43.88,687981,30174684.4,0.8956,0.2513,0,0
2022-02-07,sh.688181,44.5,44.53,43.88,43.92,784526,34623298.18,1.0213,0.0912,0,0
2022-02-08,sh.688181,43.8,44.5,43.45,44.42,785857,34598871.72,1.023,1.1384,0,0
2022-02-09,sh.688181,44.39,44.88,44.05,44.78,728132,32378038.93,0.9479,0.8104,0,0
2022-02-10,sh.688181,44.67,45.08,44.4,44.86,651140,29115565.76,0.8477,0.1787,0,0
2022-02-11,sh.688181,44.62,45.39,43.8,44.0,771056,34038539.33,1.0038,-1.9171,0,0
2022-02-14,sh.688181,43.83,44.09,43.04,43.21,579476,25209157.43,0.7544,-1.7955,0,0
2022-02-15,sh.688181,43.27,43.69,43.12,43.5,630642,27431750.56,0.821,0.6711,0,0
2022-02-16,sh.688181,43.59,44.3,43.59,44.2,561033,24747551.36,0.7304,1.6092,0,0
2022-02-17,sh.688181,44.19,44.53,43.74,44.15,631134,27939746.46,0.8216,-0.1131,0,0
2022-02-18,sh.688181,44.01,44.38,43.82,44.29,440728,19476463.19,0.5737,0.3171,0,0
2022-02-21,sh.688181,44.65,45.4,44.09,45.29,625024,28116690.86,0.8137,2.2578,0,0
2022-02-22,sh.688181,45.09,45.45,44.35,44.9,639960,28766747.67,0.8331,-0.8611,0,0
2022-02-23,sh.688181,44.99,45.86,44.99,45.67,807138,36752716.85,1.0507,1.7149,0,0
2022-02-24,sh.688181,45.67,45.79,43.91,44.37,1038651,46552606.51,1.3521,-2.8465,0,0
2022-02-25,sh.688181,44.88,45.48,44.3,44.5,1227086,54942969.58,1.5974,0.293,0,0
2022-02-28,sh.688181,44.36,44.38,43.08,43.95,1026048,44831165.0,1.3357,-1.236,0,0
2022-03-01,sh.688181,44.63,45.77,44.41,44.63,1121339,50447199.0,1.4598,1.5472,0,0
2022-03-02,sh.688181,44.68,44.7,44.09,44.38,629797,27936742.0,0.8199,-0.5602,0,0
2022-03-03,sh.688181,44.6,44.65,43.9,44.0,666380,29474074.0,0.8675,-0.8562,0,0
2022-03-04,sh.688181,44.08,44.41,43.74,43.95,624591,27514195.0,0.8131,-0.1136,0,0
2022-03-07,sh.688181,43.67,43.98,43.11,43.45,766104,33247282.0,0.9973,-1.1377,0,0
2022-03-08,sh.688181,43.4,43.95,42.61,42.78,712559,30727254.0,0.9276,-1.542,0,0
2022-03-09,sh.688181,42.96,43.3,41.04,41.94,770801,32569229.0,1.0034,-1.9635,0,0
2022-03-10,sh.688181,42.7,43.33,42.45,42.85,635209,27282742.0,0.8269,2.1698,0,0
2022-03-11,sh.688181,42.12,43.18,41.8,42.89,464936,19761100.0,0.6053,0.0933,0,0
2022-03-14,sh.688181,42.35,42.99,42.0,42.01,396807,16852564.0,0.5166,-2.0518,0,0
2022-03-15,sh.688181,41.97,41.97,39.78,39.9,808436,33033097.0,1.0524,-5.0226,0,0
2022-03-16,sh.688181,40.73,41.26,39.22,41.0,610680,24649862.0,0.795,2.7569,0,0
2022-03-17,sh.688181,41.69,42.21,41.13,41.43,640006,26768832.0,0.8332,1.0488,0,0
2022-03-18,sh.688181,41.26,41.8,41.21,41.57,333488,13840024.36,0.4341,0.3379,0,0
2022-03-21,sh.688181,41.57,41.77,40.87,41.57,498134,20618245.09,0.6485,0.0,0,0
2022-03-22,sh.688181,41.12,41.53,40.98,41.11,374727,15431323.87,0.4878,-1.1066,0,0
2022-03-23,sh.688181,41.59,41.59,41.0,41.13,333549,13736732.26,0.4342,0.0486,0,0
2022-03-24,sh.688181,41.13,41.27,40.15,40.3,463100,18719966.59,0.6029,-2.018,0,0
2022-03-25,sh.688181,40.34,40.5,39.82,39.82,467900,18772792.97,0.6091,-1.1911,0,0
2022-03-28,sh.688181,40.16,41.07,39.48,40.84,615471,25000294.54,0.8012,2.5615,0,0
2022-03-29,sh.688181,40.54,40.79,39.81,39.92,439350,17655674.0,0.572,-2.2527,0,0
2022-03-30,sh.688181,40.0,40.52,39.95,40.43,334366,13452209.99,0.4353,1.2776,0,0
2022-03-31,sh.688181,40.18,41.26,40.1,40.85,442319,18090065.64,0.5758,1.0388,0,0
2022-04-01,sh.688181,40.4,41.35,40.4,41.08,389425,15960540.49,0.507,0.563,0,0
2022-04-06,sh.688181,41.0,42.38,40.86,41.99,805909,33584929.37,1.0491,2.2152,0,0
2022-04-07,sh.688181,41.92,42.49,41.25,41.28,535913,22470389.24,0.6977,-1.6909,0,0
2022-04-08,sh.688181,41.8,41.8,40.68,41.42,341079,14074715.44,0.444,0.3391,0,0
2022-04-11,sh.688181,41.69,41.69,39.87,40.1,405639,16495915.42,0.5281,-3.1869,0,0
2022-04-12,sh.688181,40.36,41.62,40.03,41.43,338886,13816106.89,0.4412,3.3167,0,0
2022-04-13,sh.688181,41.41,41.57,40.86,41.07,173176,7139721.8,0.2254,-0.8689,0,0
2022-04-14,sh.688181,41.11,41.74,40.9,41.02,313054,12877680.29,0.4075,-0.1217,0,0
2022-04-15,sh.688181,40.9,40.9,39.82,40.08,351160,14094322.47,0.4571,-2.2916,0,0
2022-04-18,sh.688181,39.97,40.67,39.52,40.33,239476,9652373.41,0.3118,0.6238,0,0
2022-04-19,sh.688181,40.2,40.6,40.05,40.38,181926,7321408.69,0.2368,0.124,0,0
2022-04-20,sh.688181,40.14,41.8,40.12,41.35,481813,19775217.4,0.6272,2.4022,0,0
2022-04-21,sh.688181,40.0,40.15,38.08,38.36,967664,37961121.92,1.2597,-7.231,0,0
2022-04-22,sh.688181,38.01,38.54,37.21,37.35,447515,16904140.34,0.5826,-2.633,0,0
2022-04-25,sh.688181,36.93,36.93,33.31,33.54,815515,28559217.34,1.0616,-10.2008,0,1
2022-04-26,sh.688181,33.54,34.28,31.49,31.6,523474,17115279.21,0.6815,-5.7841,0,0
2022-04-27,sh.688181,31.01,32.63,30.34,32.52,797640,25123388.67,1.0384,2.9114,0,0
2022-04-28,sh.688181,33.85,37.2,33.82,35.6,1617986,58104437.94,2.1063,9.4711,0,0
2022-04-29,sh.688181,36.0,36.79,35.73,36.64,733930,26569387.2,0.9554,2.9213,0,0
2022-05-05,sh.688181,36.66,38.1,36.42,37.58,712841,26732126.06,0.928,2.5655,0,0
2022-05-06,sh.688181,36.81,37.93,36.3,37.58,558884,20925949.71,0.7276,0.0,0,0
2022-05-09,sh.688181,37.48,37.98,36.2,36.47,770027,28396837.94,1.0024,-2.9537,0,0
2022-05-10,sh.688181,36.89,37.18,35.88,36.8,535679,19690787.66,0.6974,0.9049,0,0
2022-05-11,sh.688181,37.0,38.62,36.86,37.77,937770,35661098.06,1.2208,2.6359,0,0
2022-05-12,sh.688181,37.03,38.32,37.03,37.84,420007,15870951.77,0.5468,0.1853,0,0
2022-05-13,sh.688181,38.0,38.07,37.37,37.47,309654,11654439.74,0.4031,-0.9778,0,0
2022-05-16,sh.688181,38.0,38.29,36.68,36.97,392784,14621747.23,0.5113,-1.3344,0,0
2022-05-17,sh.688181,37.39,37.39,36.36,37.1,258547,9535337.45,0.3366,0.3516,0,0
2022-05-18,sh.688181,37.2,37.56,36.89,36.89,289167,10747080.66,0.3764,-0.566,0,0
2022-05-19,sh.688181,36.69,37.38,36.52,37.28,337290,12494321.15,0.4391,1.0572,0,0
2022-05-20,sh.688181,37.43,38.27,37.36,38.18,629146,23879564.38,0.819,2.4142,0,0
2022-05-23,sh.688181,38.25,38.98,37.7,38.2,444879,16965295.53,0.5791,0.0524,0,0
2022-05-24,sh.688181,38.45,38.45,36.7,36.75,399360,15011114.48,0.5199,-3.7958,0,0
2022-05-25,sh.688181,36.75,37.43,36.55,36.93,296371,10910776.08,0.3858,0.4898,0,0
2022-05-26,sh.688181,36.5,37.4,35.66,36.29,457830,16601649.77,0.596,-1.733,0,0
2022-05-27,sh.688181,36.3,36.67,35.51,35.71,323373,11675115.3,0.421,-1.5982,0,0
2022-05-30,sh.688181,36.0,37.1,35.57,36.75,437412,15953938.47,0.5694,2.9123,0,0
2022-05-31,sh.688181,37.22,39.2,36.35,38.63,1125388,42971801.4,1.465,5.1156,0,0
2022-06-01,sh.688181,38.83,39.94,38.33,39.49,1047848,41364275.39,1.3641,2.2262,0,0
2022-06-02,sh.688181,39.48,41.71,39.07,41.39,1588362,64588230.09,2.0677,4.8113,0,0
2022-06-06,sh.688181,41.26,43.45,41.12,42.62,2260819,96356578.8,2.9432,2.9717,0,0
2022-06-07,sh.688181,42.28,43.08,41.98,42.43,1151680,48860686.74,1.4993,-0.4458,0,0
2022-06-08,sh.688181,42.1,43.66,41.73,43.04,1522468,65232173.45,1.982,1.4377,0,0
2022-06-09,sh.688181,43.1,43.55,41.59,41.81,1086126,45856620.61,1.4139,-2.8578,0,0
2022-06-10,sh.688181,41.81,43.14,41.6,43.0,1062679,45476680.2,1.3834,2.8462,0,0
2022-06-13,sh.688181,42.65,42.95,41.45,41.8,1042934,43674754.18,1.3577,-2.7907,0,0
2022-06-14,sh.688181,41.46,41.51,40.22,41.38,640283,26190983.0,0.8335,-1.0048,0,0
2022-06-15,sh.688181,41.55,42.16,41.11,41.43,776527,32298879.54,1.0109,0.1208,0,0
2022-06-16,sh.688181,41.21,42.39,41.2,41.77,715389,30039912.19,0.9313,0.8207,0,0
2022-06-17,sh.688181,41.77,42.06,41.01,41.7,479055,19951431.87,0.6236,-0.1676,0,0
2022-06-20,sh.688181,41.47,42.29,41.47,41.67,419734,17538049.54,0.5464,-0.0719,0,0
2022-06-21,sh.688181,42.0,42.65,40.89,41.25,636833,26515792.45,0.829,-1.0079,0,0
2022-06-22,sh.688181,41.9,41.95,40.35,40.42,528952,21624887.87,0.6886,-2.0121,0,0
2022-06-23,sh.688181,40.78,41.54,40.32,41.44,466788,19162255.55,0.6077,2.5235,0,0
2022-06-24,sh.688181,41.27,44.32,41.27,43.5,1443848,62504363.84,1.8796,4.971,0,0
2022-06-27,sh.688181,43.8,43.95,42.55,42.85,766569,32980852.19,0.9979,-1.4943,0,0
2022-06-28,sh.688181,43.07,43.7,42.3,43.53,722831,31166879.71,0.941,1.5869,0,0
2022-06-29,sh.688181,43.6,43.79,42.49,42.6,720222,31048379.67,0.9376,-2.1365,0,0
2022-06-30,sh.688181,43.8,44.5,42.77,43.3,1220535,53281094.92,1.5889,1.6432,0,0
2022-07-01,sh.688181,43.66,43.66,42.4,42.43,902856,38620522.47,1.1753,-2.0092,0,0
2022-07-04,sh.688181,42.05,44.33,41.88,43.15,1029486,44554383.7,1.3402,1.6969,0,0
2022-07-05,sh.688181,43.01,43.38,41.22,41.84,931483,39225591.08,1.2126,-3.0359,0,0
2022-07-06,sh.688181,41.54,42.45,41.2,41.69,602792,25243779.97,0.7847,-0.3585,0,0
2022-07-07,sh.688181,41.48,42.3,41.35,41.64,488936,20368977.84,0.6365,-0.1199,0,0
2022-07-08,sh.688181,41.43,43.28,41.3,42.13,594978,25280902.83,0.7745,1.1768,0,0
2022-07-11,sh.688181,42.11,42.43,41.2,41.77,535009,22239212.03,0.6965,-0.8545,0,0
2022-07-12,sh.688181,41.77,42.14,40.78,40.81,570146,23569006.92,0.7422,-2.2983,0,0
2022-07-13,sh.688181,41.05,41.18,40.4,40.62,493917,20087193.41,0.643,-0.4656,0,0
2022-07-14,sh.688181,40.5,41.52,40.34,41.33,596648,24465586.71,0.7767,1.7479,0,0
2022-07-15,sh.688181,41.0,41.75,40.38,40.6,639971,26324060.83,0.8331,-1.7663,0,0
2022-07-18,sh.688181,40.23,41.38,40.23,40.97,577814,23621528.57,0.7522,0.9113,0,0
2022-07-19,sh.688181,41.3,41.75,40.41,40.93,668040,27417054.24,0.8697,-0.0976,0,0
2022-07-20,sh.688181,41.29,41.8,41.02,41.52,546326,22684413.6,0.7112,1.4415,0,0
2022-07-21,sh.688181,41.6,42.68,41.6,41.9,657029,27704857.39,0.8553,0.9152,0,0
2022-07-22,sh.688181,42.03,42.5,40.55,40.84,598935,24724316.41,0.7797,-2.5298,0,0
2022-07-25,sh.688181,40.55,42.07,40.55,40.88,743216,30685987.21,0.9675,0.0979,0,0
2022-07-26,sh.688181,40.81,41.25,39.88,40.85,582194,23494188.92,0.7579,-0.0734,0,0
2022-07-27,sh.688181,40.68,41.92,40.24,41.86,728133,30158308.92,0.9479,2.4725,0,0
2022-07-28,sh.688181,41.83,43.23,41.83,42.68,1080662,46218150.25,1.4068,1.9589,0,0
2022-07-29,sh.688181,43.11,43.18,42.0,42.23,794308,33653151.43,1.034,-1.0544,0,0
2022-08-01,sh.688181,42.01,43.38,41.11,43.25,908302,38807230.07,1.1824,2.4153,0,0
2022-08-02,sh.688181,43.0,43.0,40.82,41.24,1140874,47427340.76,1.4852,-4.6474,0,0
2022-08-03,sh.688181,40.9,43.32,40.9,41.72,1631954,69025372.71,2.1245,1.1639,0,0
2022-08-04,sh.688181,42.14,44.01,42.14,43.97,2206816,95486602.0,2.8729,5.3931,0,0
2022-08-05,sh.688181,43.88,46.2,43.53,45.72,3017218,135993250.0,3.9279,3.98,0,0
2022-08-08,sh.688181,46.0,46.0,44.36,45.49,1861394,84173542.0,2.4232,-0.5031,0,0
2022-08-09,sh.688181,45.42,46.45,44.71,46.43,1925472,87761617.0,2.5066,2.0664,0,0
2022-08-10,sh.688181,45.99,47.94,45.71,46.85,2556610,120263264.0,3.3282,0.9046,0,0
2022-08-11,sh.688181,47.19,48.88,47.0,48.08,2257469,108372118.0,2.9388,2.6254,0,0
2022-08-12,sh.688181,47.75,48.24,46.04,46.12,1932270,91047990.0,2.5155,-4.0765,0,0
2022-08-15,sh.688181,46.14,47.23,45.4,46.85,1898630,88061051.92,2.4717,1.5828,0,0
2022-08-16,sh.688181,46.96,47.2,46.21,46.58,1229874,57437532.94,1.6011,-0.5763,0,0
2022-08-17,sh.688181,46.58,46.91,46.05,46.36,863995,40148895.95,1.1248,-0.4723,0,0
2022-08-18,sh.688181,46.79,50.46,46.51,49.89,3434502,168283431.77,4.4711,7.6143,0,0
2022-08-19,sh.688181,50.9,51.44,48.22,48.25,2847223,141056806.17,3.7066,-3.2872,0,0
2022-08-22,sh.688181,47.91,48.7,46.45,46.77,1820932,85952333.61,2.3705,-3.0674,0,0
2022-08-23,sh.688181,47.07,48.08,46.3,47.25,1568764,74192807.14,2.0422,1.0263,0,0
2022-08-24,sh.688181,47.34,47.45,44.2,44.22,2032164,91963497.88,2.6455,-6.4127,0,0
2022-08-25,sh.688181,44.69,44.79,43.23,43.96,853031,37386827.15,1.1105,-0.588,0,0
2022-08-26,sh.688181,44.33,44.63,43.18,43.23,860304,37731356.71,1.12,-1.6606,0,0
2022-08-29,sh.688181,42.33,44.18,42.0,44.01,738072,32112677.4,0.9608,1.8043,0,0
2022-08-30,sh.688181,44.0,44.33,43.2,43.5,596922,26065236.99,0.7771,-1.1588,0,0
2022-08-31,sh.688181,43.38,43.49,42.12,42.16,793773,33831486.54,1.0333,-3.0805,0,0
2022-09-01,sh.688181,42.16,42.7,41.41,41.57,670894,28087752.17,0.8734,-1.3994,0,0
2022-09-02,sh.688181,41.69,42.81,41.43,42.45,626707,26556549.57,0.8159,2.1169,0,0
2022-09-05,sh.688181,42.65,42.65,41.72,42.19,457902,19283068.95,0.5961,-0.6125,0,0
2022-09-06,sh.688181,42.19,42.86,41.78,42.78,539864,22932057.69,0.7028,1.3984,0,0
2022-09-07,sh.688181,42.81,44.4,42.42,44.02,942318,41307745.04,1.2267,2.8986,0,0
2022-09-08,sh.688181,43.93,44.2,43.0,43.01,554247,24115237.72,0.7215,-2.2944,0,0
2022-09-09,sh.688181,43.03,43.2,42.37,42.76,495656,21184303.47,0.6453,-0.5813,0,0
2022-09-13,sh.688181,42.76,43.78,42.76,43.12,501395,21735553.25,0.6527,0.8419,0,0
2022-09-14,sh.688181,42.75,43.76,42.2,43.22,419269,18088062.31,0.5458,0.2319,0,0
2022-09-15,sh.688181,43.25,43.49,41.84,42.29,563827,23927657.25,0.734,-2.1518,0,0
2022-09-16,sh.688181,42.02,42.61,41.13,41.33,506099,21257723.77,0.6588,-2.27,0,0
2022-09-19,sh.688181,41.16,41.52,39.37,39.43,863899,34623389.36,1.1246,-4.5971,0,0
2022-09-20,sh.688181,39.43,39.98,39.25,39.4,499691,19764303.58,0.6505,-0.0761,0,0
2022-09-21,sh.688181,39.45,39.51,38.16,39.09,471400,18298830.39,0.6137,-0.7868,0,0
2022-09-22,sh.688181,39.4,40.19,39.14,39.59,492598,19538087.2,0.6413,1.2791,0,0
2022-09-23,sh.688181,39.26,39.8,37.75,38.12,661770,25397802.63,0.8615,-3.7131,0,0
2022-09-26,sh.688181,37.83,38.5,37.58,37.69,375004,14296547.31,0.4882,-1.128,0,0
2022-09-27,sh.688181,37.77,39.37,37.77,39.29,584895,22697706.89,0.7614,4.2452,0,0
2022-09-28,sh.688181,39.3,39.4,38.0,38.08,441493,17028500.86,0.5747,-3.0797,0,0
2022-09-29,sh.688181,38.69,38.94,38.02,38.16,400135,15422088.18,0.5209,0.2101,0,0
2022-09-30,sh.688181,38.2,38.28,37.03,37.03,431696,16248553.98,0.562,-2.9612,0,0
2022-10-10,sh.688181,37.11,37.2,35.9,36.02,418972,15292980.77,0.5454,-2.7275,0,0
2022-10-11,sh.688181,36.52,36.8,35.83,36.73,383684,13973192.77,0.4995,1.9711,0,0
2022-10-12,sh.688181,36.48,37.98,36.04,37.98,369704,13605133.56,0.4813,3.4032,0,0
2022-10-13,sh.688181,37.66,38.61,37.57,38.26,327403,12522379.54,0.4262,0.7372,0,0
2022-10-14,sh.688181,38.38,39.11,38.38,38.92,433826,16861217.68,0.5648,1.725,0,0
2022-10-17,sh.688181,38.82,39.92,38.57,39.76,497425,19676619.88,0.6476,2.1583,0,0
2022-10-18,sh.688181,40.15,40.22,39.26,39.75,332916,13225896.04,0.4334,-0.0252,0,0
2022-10-19,sh.688181,39.21,39.88,39.13,39.15,366389,14464521.61,0.477,-1.5094,0,0
2022-10-20,sh.688181,39.15,40.57,38.81,40.17,687162,27435347.83,0.8946,2.6054,0,0
2022-10-21,sh.688181,40.21,41.52,39.91,41.08,696564,28377498.39,0.9068,2.2654,0,0
2022-10-24,sh.688181,41.03,42.2,40.77,41.08,581935,24162457.59,0.7576,0.0,0,0
2022-10-25,sh.688181,41.56,41.56,40.21,40.7,362118,14775602.49,0.4714,-0.925,0,0
2022-10-26,sh.688181,39.59,40.91,39.05,40.66,1061476,42529576.95,1.3818,-0.0983,0,0
2022-10-27,sh.688181,40.3,40.65,39.68,39.8,691985,27746403.47,0.9008,-2.1151,0,0
2022-10-28,sh.688181,39.93,40.39,38.09,38.13,811970,31679095.39,1.057,-4.196,0,0
2022-10-31,sh.688181,38.12,40.38,38.12,39.76,842422,33410077.02,1.0967,4.2748,0,0
2022-11-01,sh.688181,39.76,40.32,39.38,40.1,823818,32836645.41,1.0725,0.8551,0,0
2022-11-02,sh.688181,40.1,41.3,40.01,40.45,776749,31596592.92,1.0112,0.8728,0,0
2022-11-03,sh.688181,40.37,41.27,40.26,41.16,884865,36125110.73,1.1519,1.7553,0,0
2022-11-04,sh.688181,41.16,41.4,40.68,41.26,960933,39395957.11,1.251,0.243,0,0
2022-11-07,sh.688181,41.24,41.63,40.51,40.8,986716,40381229.12,1.2845,-1.1149,0,0
2022-11-08,sh.688181,40.56,40.78,39.98,40.2,750190,30126569.67,0.9766,-1.4706,0,0
2022-11-09,sh.688181,40.08,40.36,39.81,39.94,553805,22148474.77,0.721,-0.6468,0,0
2022-11-10,sh.688181,40.03,40.03,39.41,39.49,732662,29007643.53,0.9538,-1.1267,0,0
2022-11-11,sh.688181,40.49,40.49,39.66,39.8,1129566,45180828.71,1.4705,0.785,0,0
2022-11-14,sh.688181,39.7,39.87,39.2,39.37,730542,28858995.17,0.951,-1.0804,0,0
2022-11-15,sh.688181,39.37,41.01,39.03,40.77,1398416,56339286.56,1.8205,3.556,0,0
2022-11-16,sh.688181,40.95,41.13,40.1,40.35,866668,35203060.18,1.1282,-1.0302,0,0
2022-11-17,sh.688181,40.18,41.71,39.96,41.65,1415033,57978948.81,1.8421,3.2218,0,0
2022-11-18,sh.688181,41.55,42.69,40.9,41.06,1142450,47885600.17,1.4873,-1.4166,0,0
2022-11-21,sh.688181,40.9,41.62,40.47,41.53,728447,29913745.78,0.9483,1.1447,0,0
2022-11-22,sh.688181,41.59,41.66,40.3,40.58,648034,26576256.04,0.8436,-2.2875,0,0
2022-11-23,sh.688181,40.58,40.68,39.45,39.94,550903,22029938.19,0.7172,-1.5771,0,0
2022-11-24,sh.688181,40.32,40.55,39.72,39.92,456273,18214038.77,0.594,-0.0501,0,0
2022-11-25,sh.688181,39.97,40.12,39.04,39.23,589471,23256374.55,0.7674,-1.7285,0,0
2022-11-28,sh.688181,38.93,38.93,37.65,37.98,1033303,39471917.33,1.3452,-3.1863,0,0
2022-11-29,sh.688181,38.22,38.7,38.0,38.44,582038,22362450.95,0.7577,1.2112,0,0
2022-11-30,sh.688181,38.46,38.73,38.25,38.53,380899,14661557.23,0.4959,0.2341,0,0
2022-12-01,sh.688181,38.8,39.28,38.8,38.99,458802,17915308.86,0.5973,1.1939,0,0
2022-12-02,sh.688181,39.1,39.29,38.64,38.86,488253,19011022.95,0.6356,-0.3334,0,0
2022-12-05,sh.688181,39.06,39.47,38.75,39.3,482834,18879649.52,0.6286,1.1323,0,0
2022-12-06,sh.688181,39.3,39.75,39.04,39.4,440862,17415530.37,0.5739,0.2545,0,0
2022-12-07,sh.688181,39.41,39.88,38.96,39.79,583415,23060425.56,0.7595,0.9898,0,0
2022-12-08,sh.688181,39.79,39.83,39.12,39.73,402037,15891557.43,0.5234,-0.1508,0,0
2022-12-09,sh.688181,39.54,39.95,39.33,39.45,315460,12491111.14,0.4107,-0.7048,0,0
2022-12-12,sh.688181,39.45,39.85,38.82,39.38,449669,17658950.32,0.5854,-0.1774,0,0
2022-12-13,sh.688181,39.37,39.53,38.61,38.68,374505,14562785.57,0.4875,-1.7776,0,0
2022-12-14,sh.688181,38.97,39.67,38.97,39.53,711334,28072562.09,0.926,2.1975,0,0
2022-12-15,sh.688181,39.33,40.5,39.07,40.05,614077,24590772.15,0.7994,1.3155,0,0
2022-12-16,sh.688181,39.78,40.0,39.08,39.1,403213,15845935.01,0.5249,-2.372,0,0
2022-12-19,sh.688181,39.08,39.28,37.82,37.95,360601,13819441.88,0.4694,-2.9412,0,0
2022-12-20,sh.688181,38.3,38.45,37.71,37.91,204086,7763307.71,0.2657,-0.1054,0,0
2022-12-21,sh.688181,38.22,38.22,37.2,37.2,311018,11665630.89,0.4049,-1.8729,0,0
2022-12-22,sh.688181,37.73,37.73,36.43,36.55,260550,9631059.46,0.3392,-1.7473,0,0
2022-12-23,sh.688181,36.27,36.96,36.27,36.87,187958,6896565.93,0.2447,0.8755,0,0
2022-12-26,sh.688181,36.87,37.33,36.45,37.22,216078,8023910.11,0.2813,0.9493,0,0
2022-12-27,sh.688181,37.22,37.78,36.5,37.41,425257,15831835.41,0.5536,0.5105,0,0
2022-12-28,sh.688181,37.05,37.05,36.52,36.67,315125,11576445.81,0.4102,-1.9781,0,0
2022-12-29,sh.688181,36.6,36.86,36.4,36.45,179945,6578487.75,0.2343,-0.5999,0,0
2022-12-30,sh.688181,36.62,36.8,36.41,36.6,224499,8221617.41,0.2923,0.4115,0,0
2023-01-03,sh.688181,36.42,37.48,36.42,37.39,278702,10315373.13,0.3628,2.1585,0,0
2023-01-04,sh.688181,37.49,37.95,37.31,37.88,319974,12073307.28,0.4165,1.3105,0,0
2023-01-05,sh.688181,37.87,38.13,37.53,38.08,356059,13493666.91,0.4635,0.528,0,0
2023-01-06,sh.688181,37.91,38.87,37.91,38.65,645035,24905792.52,0.6686,1.4968,0,0
2023-01-09,sh.688181,38.95,39.18,38.21,38.54,363139,14029000.93,0.3764,-0.2846,0,0
2023-01-10,sh.688181,38.53,39.03,38.35,38.64,360087,13911759.29,0.3733,0.2595,0,0
2023-01-11,sh.688181,38.79,38.93,37.9,38.0,362192,13892609.39,0.3754,-1.6563,0,0
2023-01-12,sh.688181,37.99,38.68,37.83,38.41,339284,12993984.05,0.3517,1.0789,0,0
2023-01-13,sh.688181,38.4,38.64,38.13,38.41,234006,8978090.44,0.2426,0.0,0,0
2023-01-16,sh.688181,38.29,39.29,38.29,39.07,518821,20253749.29,0.5378,1.7183,0,0
2023-01-17,sh.688181,39.2,39.79,38.91,39.23,492107,19372063.68,0.5101,0.4095,0,0
2023-01-18,sh.688181,39.23,39.55,39.02,39.19,323666,12702523.75,0.3355,-0.102,0,0
2023-01-19,sh.688181,38.97,39.98,38.82,39.94,509885,20220906.28,0.5285,1.9138,0,0
2023-01-20,sh.688181,39.94,40.34,39.71,40.04,397101,15890385.93,0.4116,0.2504,0,0
2023-01-30,sh.688181,40.51,40.69,40.13,40.3,572838,23136740.64,0.5938,0.6494,0,0
2023-01-31,sh.688181,40.42,40.56,39.9,40.31,424988,17107401.39,0.4405,0.0248,0,0
2023-02-01,sh.688181,40.32,40.85,40.32,40.84,470387,19147388.87,0.4876,1.3148,0,0
2023-02-02,sh.688181,40.95,41.48,40.7,41.24,597102,24568140.8,0.6189,0.9794,0,0
2023-02-03,sh.688181,41.2,41.47,40.5,41.25,584085,23969714.21,0.6054,0.0242,0,0
2023-02-06,sh.688181,41.0,41.63,40.7,41.2,386870,15940604.82,0.401,-0.1212,0,0
2023-02-07,sh.688181,41.2,42.12,41.02,42.0,614249,25621671.99,0.6367,1.9417,0,0
2023-02-08,sh.688181,42.2,42.2,41.3,41.42,567673,23584512.62,0.5884,-1.381,0,0
2023-02-09,sh.688181,41.22,42.49,41.22,42.43,699596,29441287.6,0.7252,2.4384,0,0
2023-02-10,sh.688181,42.14,42.63,41.62,41.86,663627,27962366.67,0.6879,-1.3434,0,0
2023-02-13,sh.688181,41.95,42.19,41.59,41.64,658917,27521508.9,0.683,-0.5256,0,0
2023-02-14,sh.688181,41.99,42.2,41.56,41.8,422970,17702946.82,0.4384,0.3842,0,0
2023-02-15,sh.688181,42.02,42.63,41.86,42.6,692281,29385162.67,0.7176,1.9139,0,0
2023-02-16,sh.688181,42.3,42.77,40.71,41.16,875336,36639856.71,0.9073,-3.3803,0,0
2023-02-17,sh.688181,41.02,41.49,40.42,40.5,606030,24758125.43,0.6282,-1.6035,0,0
2023-02-20,sh.688181,40.55,40.97,40.28,40.82,470212,19092461.38,0.4874,0.7901,0,0
2023-02-21,sh.688181,40.36,41.18,40.36,40.81,365593,14962935.16,0.379,-0.0245,0,0
2023-02-22,sh.688181,40.83,41.41,40.56,40.8,630551,25758493.74,0.6536,-0.0245,0,0
2023-02-23,sh.688181,40.85,41.11,40.46,40.73,440221,17947011.09,0.4563,-0.1716,0,0
2023-02-24,sh.688181,41.15,42.2,41.0,41.32,844222,35094477.07,0.8751,1.4486,0,0
2023-02-27,sh.688181,41.54,41.54,40.17,40.29,802607,32621681.71,0.8319,-2.4927,0,0
2023-02-28,sh.688181,40.56,41.15,40.32,40.79,532889,21700858.4,0.5524,1.241,0,0
2023-03-01,sh.688181,40.79,41.48,40.59,41.23,704849,29010553.41,0.7306,1.0787,0,0
2023-03-02,sh.688181,41.25,41.58,40.65,40.66,621003,25479438.19,0.6437,-1.3825,0,0
2023-03-03,sh.688181,40.95,41.25,40.56,41.0,606987,24887160.0,0.6292,0.8362,0,0
2023-03-06,sh.688181,41.0,41.68,40.71,41.52,643735,26579479.68,0.6673,1.2683,0,0
2023-03-07,sh.688181,41.87,41.87,40.12,40.18,714375,29120219.73,0.7405,-3.2274,0,0
2023-03-08,sh.688181,40.18,42.44,40.01,42.39,1227052,50879800.06,1.2719,5.5002,0,0
2023-03-09,sh.688181,43.45,45.33,43.09,43.91,5418644,240023644.83,5.6167,3.5858,0,0
2023-03-10,sh.688181,43.55,43.62,42.0,42.17,3283677,140049297.36,3.4037,-3.9627,0,0
2023-03-13,sh.688181,42.3,43.76,41.8,43.61,2844608,122829232.3,2.9486,3.4147,0,0
2023-03-14,sh.688181,43.51,43.6,42.41,43.34,2134886,91973462.11,2.2129,-0.6191,0,0
2023-03-15,sh.688181,43.0,44.33,42.59,42.62,2054025,88867396.54,2.1291,-1.6613,0,0
2023-03-16,sh.688181,42.23,42.89,41.15,41.49,1635545,68847852.6,1.6953,-2.6513,0,0
2023-03-17,sh.688181,41.79,42.95,41.61,42.59,1753137,74402195.3,1.8172,2.6512,0,0
2023-03-20,sh.688181,42.59,43.55,42.42,43.1,1845515,79556484.28,1.913,1.1975,0,0
2023-03-21,sh.688181,43.34,44.12,42.8,43.17,2079472,90110885.15,2.1555,0.1624,0,0
2023-03-22,sh.688181,43.19,44.38,42.75,43.88,2122582,92232709.24,2.2002,1.6447,0,0
2023-03-23,sh.688181,43.95,45.28,43.59,45.12,2822982,125862529.39,2.9262,2.8259,0,0
2023-03-24,sh.688181,44.92,44.99,43.96,44.26,2216762,98265471.58,2.2978,-1.906,0,0
2023-03-27,sh.688181,44.46,45.46,43.77,44.55,2071595,92517097.81,2.1473,0.6552,0,0
2023-03-28,sh.688181,44.62,44.65,42.98,43.0,1547310,67287134.98,1.6039,-3.4792,0,0
2023-03-29,sh.688181,43.01,44.1,42.81,43.58,1541113,67295587.52,1.5975,1.3488,0,0
2023-03-30,sh.688181,43.46,44.44,42.95,44.02,1447596,63224974.96,1.5005,1.0096,0,0
2023-03-31,sh.688181,43.99,44.17,43.25,43.7,1011362,44116012.79,1.0483,-0.7269,0,0
2023-04-03,sh.688181,43.95,44.83,43.71,44.81,1724017,76688115.25,1.787,2.54,0,0
2023-04-04,sh.688181,44.81,45.3,43.8,44.38,2644896,118078989.07,2.7416,-0.9596,0,0
2023-04-06,sh.688181,43.88,46.3,43.88,45.67,2781878,126368128.83,2.8836,2.9067,0,0
2023-04-07,sh.688181,45.82,46.05,45.01,45.52,1569938,71307850.32,1.6273,-0.3284,0,0
2023-04-10,sh.688181,45.27,46.78,44.85,45.13,1990049,91276484.51,2.0628,-0.8568,0,0
2023-04-11,sh.688181,44.91,45.86,44.58,44.89,1395645,63071921.35,1.4467,-0.5318,0,0
2023-04-12,sh.688181,45.01,46.3,44.7,46.27,1507404,68805208.1,1.5625,3.0742,0,0
2023-04-13,sh.688181,46.38,46.64,45.2,45.23,1843112,84352132.0,1.9105,-2.2477,0,0
2023-04-14,sh.688181,45.61,46.38,44.38,46.19,1830930,83479134.44,1.8979,2.1225,0,0
2023-04-17,sh.688181,45.95,46.36,44.7,44.94,1671339,75661076.74,1.7324,-2.7062,0,0
2023-04-18,sh.688181,44.9,44.94,43.4,43.67,1596645,70138947.15,1.655,-2.826,0,0
2023-04-19,sh.688181,43.97,44.74,43.58,43.95,1084265,47897599.85,1.1239,0.6412,0,0
2023-04-20,sh.688181,43.72,44.54,43.65,44.21,926764,40931782.44,0.9606,0.5916,0,0
2023-04-21,sh.688181,44.46,44.46,41.49,41.9,2618892,111153768.59,2.7146,-5.2251,0,0
2023-04-24,sh.688181,41.9,42.19,40.82,40.93,1003151,41225348.31,1.0398,-2.315,0,0
2023-04-25,sh.688181,41.17,41.17,38.75,38.85,1325219,52561608.15,1.3737,-5.0818,0,0
2023-04-26,sh.688181,38.73,39.4,38.0,38.55,1223252,47323931.03,1.268,-0.7722,0,0
2023-04-27,sh.688181,36.36,36.45,35.0,35.77,2393769,85991410.04,2.4813,-7.2114,0,0
2023-04-28,sh.688181,35.61,36.6,35.55,36.37,1445119,52413765.53,1.498,1.6774,0,0
2023-05-04,sh.688181,36.01,36.39,34.9,34.93,1703854,60289751.76,1.7661,-3.9593,0,0
2023-05-05,sh.688181,34.91,35.11,34.11,34.47,911262,31533326.2,0.9446,-1.3169,0,0
2023-05-08,sh.688181,34.43,35.08,34.33,34.58,804693,27961056.0,0.8341,0.3191,0,0
2023-05-09,sh.688181,34.58,34.89,34.0,34.26,736955,25381910.36,0.7639,-0.9254,0,0
2023-05-10,sh.688181,34.27,34.27,33.33,33.75,1639458,55170860.62,1.6994,-1.4886,0,0
2023-05-11,sh.688181,33.88,34.31,33.76,33.88,598107,20302534.79,0.62,0.3852,0,0
2023-05-12,sh.688181,33.88,34.22,33.5,33.52,573773,19403304.06,0.5947,-1.0626,0,0
2023-05-15,sh.688181,33.41,34.12,33.14,34.07,594617,20010038.73,0.6164,1.6408,0,0
2023-05-16,sh.688181,34.15,34.2,33.65,33.81,599794,20316268.6,0.6217,-0.7631,0,0
2023-05-17,sh.688181,33.82,34.75,33.56,34.75,936844,32221179.95,0.9711,2.7802,0,0
2023-05-18,sh.688181,34.68,35.11,34.68,35.0,724267,25280012.2,0.7507,0.7194,0,0
2023-05-19,sh.688181,35.06,35.53,34.81,35.43,886025,31224658.52,0.9184,1.2286,0,0
2023-05-22,sh.688181,35.43,35.51,34.92,35.11,645788,22664829.81,0.6694,-0.9032,0,0
2023-05-23,sh.688181,35.05,35.2,34.68,34.7,504381,17618458.69,0.5228,-1.1678,0,0
2023-05-24,sh.688181,34.64,36.2,34.63,35.52,1104910,39213059.43,1.1453,2.3631,0,0
2023-05-25,sh.688181,35.45,35.79,34.97,35.68,886252,31286293.89,0.9187,0.4505,0,0
2023-05-26,sh.688181,35.68,35.88,35.21,35.63,495922,17665650.08,0.5141,-0.1401,0,0
2023-05-29,sh.688181,35.89,36.09,35.61,35.72,637406,22836714.24,0.6607,0.2526,0,0
2023-05-30,sh.688181,35.72,35.88,35.11,35.76,542873,19275253.53,0.5627,0.112,0,0
2023-05-31,sh.688181,35.8,36.06,35.54,35.8,435901,15609531.13,0.4518,0.1119,0,0
2023-06-01,sh.688181,35.61,36.14,35.45,35.86,541561,19420206.99,0.5614,0.1676,0,0
2023-06-02,sh.688181,36.1,36.42,35.7,36.19,595790,21542432.35,0.6176,0.9202,0,0
2023-06-05,sh.688181,36.5,36.65,36.17,36.29,536759,19556897.87,0.5564,0.2763,0,0
2023-06-06,sh.688181,36.85,38.86,35.96,37.51,3256983,122103182.84,3.3761,3.3618,0,0
2023-06-07,sh.688181,36.84,37.88,36.05,37.53,2014549,74735925.8,2.0882,0.0533,0,0
2023-06-08,sh.688181,37.4,37.65,36.02,36.38,1424391,52239374.04,1.4765,-3.0642,0,0
2023-06-09,sh.688181,25.87,25.87,25.25,25.56,1214021,30929760.75,0.9027,-1.1983,0,0
2023-06-12,sh.688181,25.34,25.56,25.3,25.35,1140168,28944789.14,0.8478,-0.8216,0,0
2023-06-13,sh.688181,25.3,26.69,25.11,26.1,1702445,44004330.18,1.2659,2.9586,0,0
2023-06-14,sh.688181,26.0,26.38,25.7,26.19,1193256,31099945.86,0.8873,0.3448,0,0
2023-06-15,sh.688181,26.15,26.67,26.12,26.27,1100250,29005454.64,0.8181,0.3055,0,0
2023-06-16,sh.688181,26.29,26.33,25.8,26.08,1088915,28360822.17,0.8097,-0.7233,0,0
2023-06-19,sh.688181,26.16,26.97,26.13,26.67,1275022,33955452.83,0.9481,2.2623,0,0
2023-06-20,sh.688181,26.68,26.84,26.23,26.39,879077,23200706.99,0.6537,-1.0499,0,0
2023-06-21,sh.688181,26.25,26.59,25.75,25.79,958392,24872109.3,0.7127,-2.2736,0,0
2023-06-26,sh.688181,25.78,25.79,25.02,25.05,980106,24794029.49,0.7288,-2.8693,0,0
2023-06-27,sh.688181,25.22,25.67,25.02,25.63,584716,14908382.88,0.4348,2.3154,0,0
2023-06-28,sh.688181,25.53,26.66,24.3,26.24,1819370,46896043.31,1.3529,2.38,0,0
2023-06-29,sh.688181,26.02,28.94,26.01,28.19,5823647,162008033.28,4.3304,7.4314,0,0
2023-06-30,sh.688181,27.66,28.8,27.28,28.19,4151171,116543453.53,3.0868,0.0,0,0
2023-07-03,sh.688181,28.3,28.97,27.51,27.64,2284643,64131562.59,1.6989,-1.951,0,0
2023-07-04,sh.688181,27.51,28.28,27.51,27.97,1834498,51117551.97,1.3641,1.1939,0,0
2023-07-05,sh.688181,28.02,28.02,27.15,27.15,1826029,50173432.17,1.3578,-2.9317,0,0
2023-07-06,sh.688181,27.15,27.65,26.98,27.37,800012,21906001.58,0.5949,0.8103,0,0
2023-07-07,sh.688181,27.33,27.36,26.55,27.15,1441094,38821684.9,1.0716,-0.8038,0,0
2023-07-10,sh.688181,27.14,27.15,26.72,26.77,1053951,28348376.59,0.7837,-1.3996,0,0
2023-07-11,sh.688181,26.78,27.1,26.68,26.89,820733,22066971.99,0.6103,0.4483,0,0
2023-07-12,sh.688181,26.96,27.17,26.39,26.39,1112586,29683770.12,0.8273,-1.8594,0,0
2023-07-13,sh.688181,26.45,27.16,26.45,26.86,922671,24842839.8,0.6861,1.781,0,0
2023-07-14,sh.688181,26.81,28.1,26.81,27.95,2169679,60100719.78,1.6134,4.0581,0,0
2023-07-17,sh.688181,27.74,29.4,27.71,28.29,2660250,76242919.73,1.9782,1.2165,0,0
2023-07-18,sh.688181,28.28,28.38,27.5,27.6,1272424,35499772.26,0.9462,-2.439,0,0
2023-07-19,sh.688181,27.71,28.0,27.28,27.46,731282,20104656.18,0.5438,-0.5072,0,0
2023-07-20,sh.688181,27.56,27.65,26.7,26.79,855668,23194391.0,0.6363,-2.4399,0,0
2023-07-21,sh.688181,26.94,27.14,26.61,26.8,495432,13313178.37,0.3684,0.0373,0,0
2023-07-24,sh.688181,26.86,26.98,26.18,26.25,763163,20245494.74,0.5675,-2.0522,0,0
2023-07-25,sh.688181,26.64,26.76,26.26,26.69,1032534,27352809.68,0.7678,1.6762,0,0
2023-07-26,sh.688181,26.49,26.75,26.38,26.48,513796,13618739.92,0.3821,-0.7868,0,0
2023-07-27,sh.688181,26.65,26.69,25.96,26.1,826898,21676487.77,0.6149,-1.435,0,0
2023-07-28,sh.688181,25.9,26.2,25.72,26.11,681659,17706307.17,0.5069,0.0383,0,0
2023-07-31,sh.688181,26.11,26.53,26.1,26.43,699619,18435375.46,0.5202,1.2256,0,0
2023-08-01,sh.688181,26.2,26.47,26.17,26.3,287606,7568251.88,0.2139,-0.4919,0,0
2023-08-02,sh.688181,26.18,26.47,26.14,26.27,267110,7018469.61,0.1986,-0.1141,0,0
2023-08-03,sh.688181,26.31,26.33,25.77,25.84,768710,19961163.64,0.5716,-1.6368,0,0
2023-08-04,sh.688181,25.85,26.41,25.85,26.1,574975,15061120.06,0.4275,1.0062,0,0
2023-08-07,sh.688181,26.1,26.14,25.43,25.5,624252,16022862.92,0.4642,-2.2989,0,0
2023-08-08,sh.688181,25.74,26.04,25.63,25.86,593728,15358048.56,0.4415,1.4118,0,0
2023-08-09,sh.688181,25.89,26.25,25.69,25.84,551091,14354708.48,0.4098,-0.0773,0,0
2023-08-10,sh.688181,26.31,27.8,26.27,26.95,2570016,69888887.56,1.9111,4.2957,0,0
2023-08-11,sh.688181,27.08,27.08,26.3,26.66,1134099,30162426.38,0.8433,-1.0761,0,0
2023-08-14,sh.688181,26.31,27.26,26.19,27.14,1240296,33205541.75,0.9223,1.8005,0,0
2023-08-15,sh.688181,27.18,27.43,26.82,27.16,984459,26738202.61,0.732,0.0737,0,0
2023-08-16,sh.688181,27.16,27.16,26.65,26.86,818299,21977208.11,0.6085,-1.1046,0,0
2023-08-17,sh.688181,26.9,27.3,26.48,27.16,697768,18783560.13,0.5189,1.1169,0,0
2023-08-18,sh.688181,27.13,27.4,26.77,26.77,767868,20812775.27,0.571,-1.4359,0,0
2023-08-21,sh.688181,26.72,26.77,25.83,25.84,824325,21717691.1,0.613,-3.474,0,0
2023-08-22,sh.688181,25.88,26.39,25.26,25.98,819351,21007820.03,0.6093,0.5418,0,0
2023-08-23,sh.688181,26.36,26.36,25.34,25.35,365667,9356306.01,0.2719,-2.4249,0,0
2023-08-24,sh.688181,25.78,25.78,24.92,25.26,528707,13324861.69,0.3931,-0.355,0,0
2023-08-25,sh.688181,25.08,25.08,24.3,24.54,656454,16218603.27,0.4881,-2.8504,0,0
2023-08-28,sh.688181,26.0,26.12,24.61,24.64,737588,18660336.92,0.5485,0.4075,0,0
2023-08-29,sh.688181,24.56,26.28,24.56,26.17,1264313,32610193.78,0.9401,6.2094,0,0
2023-08-30,sh.688181,26.26,27.58,26.26,27.48,2860013,77853097.5,2.1267,5.0057,0,0
2023-08-31,sh.688181,27.55,28.45,27.21,28.12,2870095,80413534.86,2.1342,2.329,0,0
2023-09-01,sh.688181,28.11,28.24,27.49,27.63,1142792,31678083.43,0.8498,-1.7425,0,0
2023-09-04,sh.688181,27.82,27.83,27.2,27.54,916211,25132350.26,0.6813,-0.3257,0,0
2023-09-05,sh.688181,27.58,28.08,27.41,27.61,1072357,29794512.12,0.7974,0.2542,0,0
2023-09-06,sh.688181,27.68,29.12,27.61,28.93,3149463,90129915.33,2.3419,4.7809,0,0
2023-09-07,sh.688181,28.99,29.38,28.06,28.19,3859605,110698358.34,2.87,-2.5579,0,0
2023-09-08,sh.688181,28.18,28.94,28.13,28.47,2432046,69585826.09,1.8085,0.9933,0,0
2023-09-11,sh.688181,29.08,29.39,28.32,28.76,2844602,82093547.23,2.1152,1.0186,0,0
2023-09-12,sh.688181,28.76,28.76,27.9,28.22,1837250,51726333.25,1.3662,-1.8776,0,0
2023-09-13,sh.688181,28.02,28.53,27.59,27.89,1673757,46766349.4,1.2446,-1.1694,0,0
2023-09-14,sh.688181,27.69,27.85,26.99,27.29,1310835,35782404.37,0.9747,-2.1513,0,0
2023-09-15,sh.688181,27.4,27.63,26.9,27.14,1136459,30850488.01,0.8451,-0.5497,0,0
2023-09-18,sh.688181,27.14,27.27,26.74,26.77,1143564,30829698.96,0.8504,-1.3633,0,0
2023-09-19,sh.688181,26.64,27.06,26.09,26.16,1497381,39340600.41,1.1134,-2.2787,0,0
2023-09-20,sh.688181,26.0,26.46,25.74,25.83,1107635,28831492.56,0.8236,-1.2615,0,0
2023-09-21,sh.688181,25.78,26.08,25.66,25.76,973901,25147759.43,0.7242,-0.271,0,0
2023-09-22,sh.688181,25.8,26.53,25.68,26.49,1180116,30920998.88,0.8775,2.8339,0,0
2023-09-25,sh.688181,26.7,27.17,26.4,26.68,1158706,31002928.44,0.8616,0.7173,0,0
2023-09-26,sh.688181,26.68,26.89,26.42,26.54,1044363,27768529.62,0.7766,-0.5247,0,0
2023-09-27,sh.688181,26.46,26.72,26.23,26.42,845458,22397124.55,0.6287,-0.4521,0,0
2023-09-28,sh.688181,26.6,27.65,26.42,27.61,1570491,42644001.55,1.1678,4.5042,0,0
2023-10-09,sh.688181,27.59,27.59,26.96,27.1,1057365,28819009.34,0.7863,-1.8472,0,0
2023-10-10,sh.688181,27.33,27.57,27.11,27.2,747517,20438899.32,0.5559,0.369,0,0
2023-10-11,sh.688181,27.2,27.83,27.12,27.45,1078393,29705625.19,0.8019,0.9191,0,0
2023-10-12,sh.688181,27.82,27.82,27.25,27.52,826899,22711123.57,0.6149,0.255,0,0
2023-10-13,sh.688181,27.53,28.11,27.3,27.95,1326750,36936343.74,0.9866,1.5625,0,0
2023-10-16,sh.688181,28.0,28.0,27.01,27.21,1379397,37615130.63,1.0257,-2.6476,0,0
2023-10-17,sh.688181,27.32,27.37,26.82,27.0,700680,18923541.45,0.521,-0.7718,0,0
2023-10-18,sh.688181,26.94,27.11,26.51,26.63,641570,17171400.98,0.4771,-1.3704,0,0
2023-10-19,sh.688181,26.51,27.53,26.5,26.69,1256599,34012965.38,0.9344,0.2253,0,0
2023-10-20,sh.688181,26.85,26.93,25.66,25.68,912818,23782773.78,0.6788,-3.7842,0,0
2023-10-23,sh.688181,25.41,25.68,24.8,25.04,969682,24352704.21,0.7211,-2.4922,0,0
2023-10-24,sh.688181,25.19,25.8,24.61,25.5,1294513,32860538.85,0.9626,1.8371,0,0
2023-10-25,sh.688181,25.58,25.95,25.47,25.8,968377,24897152.55,0.7201,1.1765,0,0
2023-10-26,sh.688181,25.68,25.93,25.14,25.9,776737,19840134.39,0.5776,0.3876,0,0
2023-10-27,sh.688181,25.73,26.77,25.49,26.64,1415791,36872345.59,1.0528,2.8571,0,0
2023-10-30,sh.688181,26.48,28.36,26.48,28.24,2319895,64634567.47,1.7251,6.006,0,0
2023-10-31,sh.688181,28.26,28.47,27.91,28.2,1401296,39460964.6,1.042,-0.1416,0,0
2023-11-01,sh.688181,28.19,28.49,27.85,27.91,1076793,30230356.43,0.8007,-1.0284,0,0
2023-11-02,sh.688181,28.07,28.18,27.4,27.45,1289800,35846594.2,0.9591,-1.6482,0,0
2023-11-03,sh.688181,27.51,28.28,27.51,28.2,1164764,32702333.76,0.8661,2.7322,0,0
2023-11-06,sh.688181,28.28,28.56,28.04,28.55,1281481,36397063.46,0.9529,1.2411,0,0
2023-11-07,sh.688181,28.59,29.09,28.33,29.0,1721803,49663439.03,1.2803,1.5762,0,0
2023-11-08,sh.688181,28.99,29.28,28.63,29.02,1695865,49029833.04,1.261,0.069,0,0
2023-11-09,sh.688181,29.03,29.26,28.64,28.75,973114,28162137.07,0.7236,-0.9304,0,0
2023-11-10,sh.688181,28.71,29.18,28.51,28.83,1203961,34830809.31,0.8953,0.2783,0,0
2023-11-13,sh.688181,29.16,29.37,28.83,29.24,1430796,41763840.14,1.0639,1.4221,0,0
2023-11-14,sh.688181,29.37,29.49,29.0,29.24,1166419,34129888.65,0.8673,0.0,0,0
2023-11-15,sh.688181,29.35,29.47,29.06,29.11,803211,23487162.88,0.5973,-0.4446,0,0
2023-11-16,sh.688181,29.05,29.45,28.85,28.87,1064833,31036500.05,0.7918,-0.8245,0,0
2023-11-17,sh.688181,29.02,29.2,28.76,29.09,954893,27672147.89,0.7101,0.762,0,0
2023-11-20,sh.688181,29.1,29.63,28.79,29.44,1549343,45324935.89,1.1521,1.2032,0,0
2023-11-21,sh.688181,29.28,29.49,28.71,28.71,1043651,30314626.5,0.7761,-2.4796,0,0
2023-11-22,sh.688181,28.74,28.98,28.42,28.48,1153268,33107006.44,0.8576,-0.8011,0,0
2023-11-23,sh.688181,28.49,28.93,28.45,28.66,792620,22710305.64,0.5894,0.632,0,0
2023-11-24,sh.688181,28.67,28.79,28.37,28.43,970791,27695612.32,0.7219,-0.8025,0,0
2023-11-27,sh.688181,28.36,28.96,28.31,28.8,1239497,35506675.46,0.9217,1.3014,0,0
2023-11-28,sh.688181,28.8,29.34,28.54,28.89,1242686,36015620.03,0.9241,0.3125,0,0
2023-11-29,sh.688181,28.92,29.27,28.74,28.91,999439,28974066.55,0.7432,0.0692,0,0
2023-11-30,sh.688181,28.8,29.05,28.0,28.41,1138271,32235463.01,0.8464,-1.7295,0,0
2023-12-01,sh.688181,28.34,28.55,27.83,28.45,874822,24708013.72,0.6505,0.1408,0,0
2023-12-04,sh.688181,28.45,28.48,28.01,28.07,727863,20516440.77,0.5412,-1.3357,0,0
2023-12-05,sh.688181,28.07,28.07,27.54,27.54,804203,22357233.92,0.598,-1.8881,0,0
2023-12-06,sh.688181,27.54,27.86,27.34,27.4,756280,20877562.2,0.5624,-0.5084,0,0
2023-12-07,sh.688181,27.69,28.04,27.46,27.73,812169,22537124.15,0.6039,1.2044,0,0
2023-12-08,sh.688181,27.7,28.17,27.42,27.46,1113297,30846740.96,0.8278,-0.9737,0,0
2023-12-11,sh.688181,27.48,27.68,26.9,27.6,1593478,43640638.3,1.1849,0.5098,0,0
2023-12-12,sh.688181,27.81,27.93,27.27,27.36,1020023,28123003.49,0.7585,-0.8696,0,0
2023-12-13,sh.688181,27.34,27.58,27.02,27.02,776243,21116910.06,0.5772,-1.2427,0,0
2023-12-14,sh.688181,27.19,27.35,26.88,26.95,821630,22265700.87,0.611,-0.2591,0,0
2023-12-15,sh.688181,27.03,27.28,26.88,26.91,882837,23885955.77,0.6565,-0.1484,0,0
2023-12-18,sh.688181,27.0,27.13,26.51,26.61,989032,26490955.82,0.7354,-1.1148,0,0
2023-12-19,sh.688181,26.61,26.93,26.35,26.78,968832,25824008.16,0.7204,0.6389,0,0
2023-12-20,sh.688181,26.63,26.97,26.4,26.48,764970,20394637.61,0.5688,-1.1202,0,0
2023-12-21,sh.688181,26.38,26.91,25.98,26.63,872774,23053846.47,0.649,0.5665,0,0
2023-12-22,sh.688181,26.74,26.83,26.0,26.08,873865,23008170.49,0.6498,-2.0653,0,0
2023-12-25,sh.688181,25.91,26.44,25.75,25.86,844257,21917096.63,0.6278,-0.8436,0,0
2023-12-26,sh.688181,26.02,26.15,25.1,25.31,1411683,35851295.58,1.0497,-2.1268,0,0
2023-12-27,sh.688181,25.56,25.85,25.07,25.57,1148589,29369346.38,0.8541,1.0273,0,0
2023-12-28,sh.688181,25.71,26.44,25.38,26.1,1431860,37262416.5,1.0647,2.0727,0,0
2023-12-29,sh.688181,25.96,27.08,25.96,27.0,1271276,34026000.2,0.9453,3.4483,0,0
2024-01-02,sh.688181,27.11,28.28,27.05,27.83,2757129,76718286.0,2.0502,3.0741,0,0
2024-01-03,sh.688181,27.7,28.01,27.11,27.3,1462927,40100067.67,1.0878,-1.9044,0,0
2024-01-04,sh.688181,27.43,27.43,26.79,27.03,1123008,30310266.5,0.8351,-0.989,0,0
2024-01-05,sh.688181,26.96,27.16,26.19,26.3,1186769,31557026.24,0.8825,-2.7007,0,0
2024-01-08,sh.688181,26.55,26.55,25.28,25.33,1546622,39611288.79,1.1501,-3.6882,0,0
2024-01-09,sh.688181,25.1,25.54,24.89,25.04,1678556,42309019.2,1.2482,-1.1449,0,0
2024-01-10,sh.688181,25.22,25.4,24.5,24.89,1587413,39595337.57,1.1804,-0.599,0,0
2024-01-11,sh.688181,24.88,25.31,24.7,25.04,1502511,37599090.66,1.1173,0.6027,0,0
2024-01-12,sh.688181,25.06,25.12,24.54,24.55,1212715,30097941.63,0.9018,-1.9569,0,0
2024-01-15,sh.688181,24.31,24.71,24.0,24.36,1424430,34636385.27,1.0592,-0.7739,0,0
2024-01-16,sh.688181,24.31,24.74,24.16,24.5,1431184,34946849.51,1.0642,0.5747,0,0
2024-01-17,sh.688181,24.5,24.5,23.6,23.63,1409750,33770870.28,1.0483,-3.551,0,0
2024-01-18,sh.688181,23.34,23.69,22.5,23.35,1658339,38137687.15,1.2331,-1.1849,0,0
2024-01-19,sh.688181,23.3,23.59,22.98,23.0,1031278,23961207.73,0.7669,-1.4989,0,0
2024-01-22,sh.688181,22.96,23.22,21.33,21.52,1749613,38906266.15,1.301,-6.4348,0,0
2024-01-23,sh.688181,21.4,21.51,20.87,21.34,1707000,36215244.36,1.2693,-0.8364,0,0
2024-01-24,sh.688181,21.38,21.49,20.38,21.34,1669355,35014833.36,1.2413,0.0,0,0
2024-01-25,sh.688181,21.36,22.42,21.04,22.37,1437466,31491535.78,1.0689,4.8266,0,0
2024-01-26,sh.688181,22.39,22.69,22.18,22.29,1216331,27244454.01,0.9045,-0.3576,0,0
2024-01-29,sh.688181,22.4,22.59,21.28,21.38,1280343,27783610.74,0.9521,-4.0825,0,0
2024-01-30,sh.688181,21.46,21.46,20.39,20.39,1212456,25321125.09,0.9016,-4.6305,0,0
2024-01-31,sh.688181,20.36,20.76,18.98,19.25,2025411,39896533.29,1.5061,-5.591,0,0
2024-02-01,sh.688181,19.29,19.38,18.38,18.75,1699468,32038711.41,1.2637,-2.5974,0,0
2024-02-02,sh.688181,18.49,19.17,16.71,17.36,2662253,47286365.23,1.9796,-7.4133,0,0
2024-02-05,sh.688181,16.91,17.2,14.98,15.21,3330054,52352083.68,2.4762,-12.3848,0,1
2024-02-06,sh.688181,14.89,16.28,14.05,15.91,3232651,48638000.77,2.4038,4.6022,0,0
2024-02-07,sh.688181,15.84,16.1,14.98,15.4,3014548,47028535.62,2.2416,-3.2055,0,0
2024-02-08,sh.688181,15.5,17.91,15.33,17.77,3140213,52177665.08,2.3351,15.3896,1,0
2024-02-19,sh.688181,17.97,18.77,17.97,18.37,2562102,47023476.36,1.9052,3.3765,0,0
2024-02-20,sh.688181,18.29,18.72,17.84,18.53,1175640,21534297.78,0.8742,0.871,0,0
2024-02-21,sh.688181,18.33,19.3,18.14,18.68,1226655,23145238.09,0.9121,0.8095,0,0
2024-02-22,sh.688181,18.69,19.35,18.69,19.2,1608232,30720105.71,1.1959,2.7837,0,0
2024-02-23,sh.688181,19.21,19.76,19.13,19.69,1231695,23961275.72,0.9159,2.5521,0,0
2024-02-26,sh.688181,19.43,20.14,19.22,19.76,2821638,55285437.19,2.0982,0.3555,0,0
2024-02-27,sh.688181,19.59,20.28,19.3,20.26,1877633,37293038.02,1.3962,2.5304,0,0
2024-02-28,sh.688181,20.3,20.58,18.07,18.07,3840685,74502810.57,2.8559,-10.8095,0,1
2024-02-29,sh.688181,18.15,19.18,18.11,19.11,2571522,48413595.18,1.9122,5.7554,0,0
2024-03-01,sh.688181,19.11,19.58,19.01,19.54,2179128,42056090.18,1.6204,2.2501,0,0
2024-03-04,sh.688181,19.72,19.72,18.91,19.37,1711334,33022728.59,1.2725,-0.87,0,0
2024-03-05,sh.688181,19.24,19.36,18.83,18.9,1248422,23778756.53,0.9283,-2.4264,0,0
2024-03-06,sh.688181,18.9,19.48,18.6,19.14,1242808,23723209.2,0.9241,1.2698,0,0
2024-03-07,sh.688181,19.32,19.49,18.73,18.84,1015016,19387334.29,0.7548,-1.5674,0,0
2024-03-08,sh.688181,18.8,19.15,18.7,19.06,902977,17102468.94,0.6715,1.1677,0,0
2024-03-11,sh.688181,19.12,19.33,18.87,19.33,1359099,25999207.86,1.0106,1.4166,0,0
2024-03-12,sh.688181,19.33,19.79,19.25,19.72,1705878,33338860.24,1.2685,2.0176,0,0
2024-03-13,sh.688181,19.77,20.35,19.68,20.12,1814267,36355648.05,1.3491,2.0284,0,0
2024-03-14,sh.688181,20.21,20.21,19.37,19.67,1347719,26641843.13,1.0022,-2.2366,0,0
2024-03-15,sh.688181,19.52,19.86,19.27,19.8,1135834,22185332.04,0.8446,0.6609,0,0
2024-03-18,sh.688181,19.88,20.57,19.88,20.57,1822117,36944055.52,1.3549,3.8889,0,0
2024-03-19,sh.688181,20.58,20.74,20.34,20.52,1251959,25713815.63,0.931,-0.2431,0,0
2024-03-20,sh.688181,20.58,20.76,20.33,20.66,1140681,23421418.19,0.8482,0.6823,0,0
2024-03-21,sh.688181,20.66,20.84,20.09,20.37,1190184,24327610.43,0.885,-1.4037,0,0
2024-03-22,sh.688181,20.39,20.52,19.88,20.04,1180607,23816122.71,0.8779,-1.62,0,0
2024-03-25,sh.688181,19.9,20.18,19.08,19.13,1608688,31538180.6,1.1962,-4.5409,0,0
2024-03-26,sh.688181,19.03,19.35,18.35,18.7,1975622,37212479.24,1.4691,-2.2478,0,0
2024-03-27,sh.688181,18.83,18.83,18.02,18.02,1091650,20082575.92,0.8117,-3.6364,0,0
2024-03-28,sh.688181,18.14,18.95,18.02,18.69,1296735,24118529.53,0.9642,3.7181,0,0
2024-03-29,sh.688181,18.69,18.95,18.47,18.91,1173217,21942957.83,0.8724,1.1771,0,0
2024-04-01,sh.688181,19.19,20.5,19.13,19.99,2955106,58910343.21,2.1974,5.7113,0,0
2024-04-02,sh.688181,19.96,19.96,19.23,19.69,2134788,41857369.54,1.5874,-1.5008,0,0
2024-04-03,sh.688181,19.6,20.09,19.4,19.84,3206801,63426253.88,2.3846,0.7618,0,0
2024-04-08,sh.688181,19.57,19.74,18.35,18.37,2331427,43802747.53,1.7336,-7.4093,0,0
2024-04-09,sh.688181,18.53,18.81,18.4,18.63,1600634,29800565.94,1.1902,1.4154,0,0
2024-04-10,sh.688181,18.65,18.65,17.8,18.0,1703339,30934930.28,1.2666,-3.3816,0,0
2024-04-11,sh.688181,17.93,18.32,17.79,17.86,1277864,23088982.96,0.9502,-0.7778,0,0
2024-04-12,sh.688181,17.82,18.36,17.82,17.85,1142705,20636298.54,0.8497,-0.056,0,0
2024-04-15,sh.688181,17.85,18.13,16.83,17.06,1848755,32216108.41,1.3747,-4.4258,0,0
2024-04-16,sh.688181,16.8,17.13,15.97,15.97,2294424,37492219.83,1.7061,-6.3892,0,0
2024-04-17,sh.688181,16.2,16.9,16.09,16.82,1650670,27506101.2,1.2274,5.3225,0,0
2024-04-18,sh.688181,16.83,17.67,16.66,17.25,1586690,27310593.1,1.1799,2.5565,0,0
2024-04-19,sh.688181,17.08,17.1,16.66,16.81,1223088,20583014.58,0.9095,-2.5507,0,0
2024-04-22,sh.688181,16.52,16.95,16.22,16.7,940918,15658799.11,0.6997,-0.6544,0,0
2024-04-23,sh.688181,16.94,17.03,16.72,16.89,1335322,22531119.39,0.9929,1.1377,0,0
2024-04-24,sh.688181,16.98,17.35,16.89,17.22,1114749,19119974.78,0.8289,1.9538,0,0
2024-04-25,sh.688181,17.2,17.54,17.0,17.14,1325976,22919261.88,0.986,-0.4646,0,0
2024-04-26,sh.688181,17.11,17.87,17.02,17.79,1637728,28692230.58,1.2178,3.7923,0,0
2024-04-29,sh.688181,17.7,18.55,17.6,18.53,1767136,32356347.85,1.314,4.1596,0,0
2024-04-30,sh.688181,18.4,18.61,18.26,18.55,1855204,34250401.54,1.3795,0.1079,0,0
2024-05-06,sh.688181,18.75,19.28,18.75,19.16,2221870,42238009.68,1.6522,3.2884,0,0
2024-05-07,sh.688181,19.16,19.3,19.02,19.11,1158972,22161686.21,0.8618,-0.261,0,0
2024-05-08,sh.688181,19.11,19.23,18.74,18.82,1189324,22557643.3,0.8844,-1.5175,0,0
2024-05-09,sh.688181,18.77,19.24,18.67,19.11,1140484,21788987.69,0.8481,1.5409,0,0
2024-05-10,sh.688181,19.2,19.2,18.76,18.9,1307365,24722941.39,0.9722,-1.0989,0,0
2024-05-13,sh.688181,18.84,18.84,18.07,18.17,1608779,29547109.71,1.1963,-3.8624,0,0
2024-05-14,sh.688181,18.13,18.45,18.12,18.27,852751,15623936.66,0.6341,0.5504,0,0
2024-05-15,sh.688181,18.26,18.38,17.94,17.99,1098274,19903551.99,0.8167,-1.5326,0,0
2024-05-16,sh.688181,18.05,18.61,18.03,18.25,1328842,24386816.3,0.9881,1.4452,0,0
2024-05-17,sh.688181,18.3,18.8,18.09,18.76,1427773,26392537.61,1.0617,2.7945,0,0
2024-05-20,sh.688181,18.85,19.04,18.65,18.74,1141260,21487758.97,0.8486,-0.1066,0,0
2024-05-21,sh.688181,18.75,19.01,18.56,18.8,1065356,20032702.7,0.7922,0.3202,0,0
2024-05-22,sh.688181,18.7,19.09,18.7,19.07,1267586,23980703.46,0.9426,1.4362,0,0
2024-05-23,sh.688181,19.02,19.07,18.6,18.66,1279924,24062327.58,0.9517,-2.15,0,0
2024-05-24,sh.688181,18.66,18.83,18.17,18.23,998949,18478386.97,0.7428,-2.3044,0,0
2024-05-27,sh.688181,18.25,18.5,17.65,18.48,1775284,31900577.33,1.3201,1.3714,0,0
2024-05-28,sh.688181,18.28,18.95,18.25,18.47,1835491,34235435.87,1.3649,-0.0541,0,0
2024-05-29,sh.688181,18.3,18.85,18.3,18.47,1371183,25563608.98,1.0196,0.0,0,0
2024-05-30,sh.688181,18.46,18.94,18.2,18.88,1963191,36796911.24,1.4598,2.2198,0,0
2024-05-31,sh.688181,18.87,19.3,18.8,19.12,1934753,37036910.44,1.4387,1.2712,0,0
2024-06-03,sh.688181,19.06,19.27,18.33,18.53,2356535,44296622.73,1.7523,-3.0858,0,0
2024-06-04,sh.688181,18.49,18.5,17.36,17.72,2806027,49728778.01,2.0866,-4.3713,0,0
2024-06-05,sh.688181,17.8,17.8,17.36,17.4,1542063,27046600.13,1.1467,-1.8059,0,0
2024-06-06,sh.688181,17.21,17.88,16.37,16.53,2967347,50033609.44,2.2065,-5.0,0,0
2024-06-07,sh.688181,16.62,17.23,16.55,16.89,2085763,35246782.65,1.551,2.1779,0,0
2024-06-11,sh.688181,17.05,18.96,16.66,18.77,4804580,86734359.71,3.5727,11.1308,1,0
2024-06-12,sh.688181,18.9,18.97,18.42,18.74,3644685,67948686.47,2.7102,-0.1598,0,0
2024-06-13,sh.688181,18.73,19.79,18.73,19.29,5763292,111457221.62,4.2856,2.9349,0,0
2024-06-14,sh.688181,19.45,19.55,19.01,19.1,3897120,74910382.51,2.8979,-0.985,0,0
2024-06-17,sh.688181,19.1,19.4,18.68,19.22,3057113,58362828.66,2.2733,0.6283,0,0
2024-06-18,sh.688181,19.28,19.39,19.04,19.16,2280894,43801891.46,1.6961,-0.3122,0,0
2024-06-19,sh.688181,19.16,19.36,18.7,19.17,2686737,51304107.96,1.9978,0.0522,0,0
2024-06-20,sh.688181,19.17,20.12,19.17,19.28,5077178,99529752.69,3.7754,0.5738,0,0
2024-06-21,sh.688181,19.28,19.63,18.83,19.63,3918204,75583951.24,2.9136,1.8154,0,0
2024-06-24,sh.688181,19.42,20.25,18.56,18.69,5083970,98405526.24,3.7804,-4.7886,0,0
2024-06-25,sh.688181,18.84,18.84,17.8,18.13,3524494,64414261.92,2.6208,-2.9963,0,0
2024-06-26,sh.688181,18.32,19.2,17.91,19.11,3257372,60806943.61,2.4222,5.4054,0,0
2024-06-27,sh.688181,19.1,19.34,18.43,18.46,2343392,44238211.07,1.7425,-3.4014,0,0
2024-06-28,sh.688181,18.55,19.39,18.33,18.95,2876498,54648535.66,2.139,2.6544,0,0
2024-07-01,sh.688181,18.95,19.07,17.86,18.25,3662701,66753589.67,2.7236,-3.6939,0,0
2024-07-02,sh.688181,18.18,18.22,17.63,17.81,1824659,32712201.78,1.3568,-2.411,0,0
2024-07-03,sh.688181,17.81,17.96,17.45,17.67,1761735,31177127.39,1.31,-0.7861,0,0
2024-07-04,sh.688181,17.87,17.87,16.74,16.84,2406234,41336889.18,1.7893,-4.6972,0,0
2024-07-05,sh.688181,16.76,17.22,16.38,17.1,1660447,28014285.53,1.2347,2.0286,0,0
2024-07-08,sh.688181,17.12,17.26,16.56,16.64,1376343,23182403.0,1.0234,-2.6901,0,0
2024-07-09,sh.688181,16.55,17.59,16.4,17.57,2253481,38617573.64,1.6757,5.5889,0,0
2024-07-10,sh.688181,17.55,17.86,17.32,17.44,1511474,26552943.19,1.1239,-0.7399,0,0
2024-07-11,sh.688181,17.69,18.09,17.55,18.05,1565611,27985680.5,1.1642,3.4977,0,0
2024-07-12,sh.688181,17.89,18.02,17.79,17.85,1429558,25574321.32,1.063,-1.108,0,0
2024-07-15,sh.688181,17.73,17.97,17.26,17.33,1350506,23560793.98,1.0042,-2.9132,0,0
2024-07-16,sh.688181,17.31,17.69,17.06,17.6,1513154,26286819.94,1.1252,1.558,0,0
2024-07-17,sh.688181,17.59,17.6,17.1,17.13,1028423,17758767.39,0.7647,-2.6705,0,0
2024-07-18,sh.688181,17.05,17.12,16.25,16.82,2102341,34888255.3,1.5633,-1.8097,0,0
2024-07-19,sh.688181,16.65,17.51,16.61,17.32,1944474,33507768.37,1.4459,2.9727,0,0
2024-07-22,sh.688181,17.28,17.88,17.22,17.42,1674158,29376337.72,1.2449,0.5774,0,0
2024-07-23,sh.688181,17.5,17.54,16.7,16.7,1657952,28283465.11,1.2328,-4.1332,0,0
2024-07-24,sh.688181,16.7,16.83,16.16,16.16,1688147,27740957.37,1.2553,-3.2335,0,0
2024-07-25,sh.688181,16.05,16.38,15.85,16.16,1140116,18343836.2,0.8478,0.0,0,0
2024-07-26,sh.688181,16.08,16.75,16.08,16.61,1267888,20894897.03,0.9428,2.7847,0,0
2024-07-29,sh.688181,16.52,16.95,16.47,16.54,955377,15854136.44,0.7104,-0.4214,0,0
2024-07-30,sh.688181,16.58,16.79,16.37,16.69,766504,12718154.57,0.57,0.9069,0,0
2024-07-31,sh.688181,16.59,17.52,16.55,17.5,1745982,30018211.32,1.2983,4.8532,0,0
2024-08-01,sh.688181,17.37,17.73,17.37,17.59,1247695,21974916.13,0.9278,0.5143,0,0
2024-08-02,sh.688181,17.5,17.72,17.09,17.15,1268131,22117325.81,0.943,-2.5014,0,0
2024-08-05,sh.688181,16.97,17.12,16.36,16.38,1516069,25403823.68,1.1273,-4.4898,0,0
2024-08-06,sh.688181,16.65,16.87,16.39,16.59,927247,15325766.07,0.6895,1.2821,0,0
2024-08-07,sh.688181,16.61,16.85,16.53,16.64,940023,15700218.62,0.699,0.3014,0,0
2024-08-08,sh.688181,16.66,16.77,16.23,16.62,912449,15068859.08,0.6785,-0.1202,0,0
2024-08-09,sh.688181,16.78,16.87,16.56,16.56,957789,16002019.76,0.7122,-0.361,0,0
2024-08-12,sh.688181,16.5,16.67,16.27,16.36,750469,12330511.91,0.558,-1.2077,0,0
2024-08-13,sh.688181,16.5,16.77,16.26,16.77,926499,15303467.55,0.6889,2.5061,0,0
2024-08-14,sh.688181,16.7,16.78,16.58,16.66,744422,12407691.53,0.5535,-0.6559,0,0
2024-08-15,sh.688181,16.53,17.06,16.53,16.78,977548,16453531.77,0.7269,0.7203,0,0
2024-08-16,sh.688181,16.9,17.24,16.77,17.02,1204001,20512658.11,0.8953,1.4303,0,0
2024-08-19,sh.688181,16.99,17.15,16.7,16.79,1716857,28994202.71,1.2766,-1.3514,0,0
2024-08-20,sh.688181,16.75,16.96,16.4,16.46,1209666,20136107.42,0.8995,-1.9655,0,0
2024-08-21,sh.688181,16.44,16.67,16.28,16.39,924137,15238476.18,0.6872,-0.4253,0,0
2024-08-22,sh.688181,16.49,16.54,16.06,16.08,868891,14116052.78,0.6461,-1.8914,0,0
2024-08-23,sh.688181,16.02,16.17,15.76,15.87,1017455,16175971.02,0.7566,-1.306,0,0
2024-08-26,sh.688181,15.87,16.33,15.87,16.22,1063272,17174187.24,0.7906,2.2054,0,0
2024-08-27,sh.688181,16.15,16.27,15.68,15.82,771699,12321718.01,0.5738,-2.4661,0,0
2024-08-28,sh.688181,15.82,16.14,15.7,16.0,811448,12935918.89,0.6034,1.1378,0,0
2024-08-29,sh.688181,15.95,16.44,15.79,16.34,1016309,16437751.47,0.7557,2.125,0,0
2024-08-30,sh.688181,16.31,16.96,16.31,16.68,1372365,23025041.45,1.0205,2.0808,0,0
2024-09-02,sh.688181,16.68,16.81,16.3,16.3,1263887,20874230.76,0.9398,-2.2782,0,0
2024-09-03,sh.688181,16.55,16.67,16.31,16.46,897313,14809395.32,0.6672,0.9816,0,0
2024-09-04,sh.688181,16.47,17.36,16.14,16.69,2540143,42516273.47,1.8888,1.3973,0,0
2024-09-05,sh.688181,16.68,16.82,16.41,16.7,2156122,35850111.43,1.6033,0.0599,0,0
2024-09-06,sh.688181,16.69,16.69,15.9,15.94,1768003,28616767.91,1.3147,-4.5509,0,0
2024-09-09,sh.688181,16.05,16.15,15.82,15.88,1080912,17266111.68,0.8038,-0.3764,0,0
2024-09-10,sh.688181,15.89,16.23,15.66,16.14,1155657,18363569.82,0.8593,1.6373,0,0
2024-09-11,sh.688181,16.0,16.17,15.84,15.94,697294,11150290.06,0.5185,-1.2392,0,0
2024-09-12,sh.688181,15.96,16.18,15.79,15.79,814782,13021850.06,0.6059,-0.941,0,0
2024-09-13,sh.688181,15.95,15.95,15.28,15.3,1137989,17634535.3,0.8462,-3.1032,0,0
2024-09-18,sh.688181,15.4,15.58,15.18,15.42,1143712,17573292.9,0.8505,0.7843,0,0
2024-09-19,sh.688181,15.46,15.81,15.32,15.7,1166142,18227614.17,0.8671,1.8158,0,0
2024-09-20,sh.688181,15.68,15.75,15.51,15.58,598587,9336036.06,0.4451,-0.7643,0,0
2024-09-23,sh.688181,15.58,15.74,15.17,15.64,684597,10679516.19,0.5091,0.3851,0,0
2024-09-24,sh.688181,15.72,16.34,15.53,16.27,1465364,23451818.03,1.0896,4.0281,0,0
2024-09-25,sh.688181,16.28,16.65,16.23,16.33,1534232,25252113.03,1.1408,0.3688,0,0
2024-09-26,sh.688181,16.29,16.75,16.22,16.74,1464664,24151293.27,1.0891,2.5107,0,0
2024-09-27,sh.688181,16.92,17.52,16.9,17.52,1555219,26790137.84,1.1565,4.6595,0,0
2024-09-30,sh.688181,18.5,20.22,17.95,19.77,6664552,126878342.95,4.9557,12.8425,1,0
2024-10-08,sh.688181,23.34,23.37,20.71,22.55,9102292,201938869.39,6.7684,14.0617,1,0
2024-10-09,sh.688181,22.01,22.01,19.88,20.01,5994570,126257949.1,4.4575,-11.2639,0,1
2024-10-10,sh.688181,20.4,20.88,20.06,20.1,3531010,72120891.8,2.6256,0.4498,0,0
2024-10-11,sh.688181,20.28,20.28,18.7,18.88,3540907,68232145.72,2.633,-6.0697,0,0
2024-10-14,sh.688181,19.09,19.36,18.45,19.36,3029660,57641672.36,2.2528,2.5424,0,0
2024-10-15,sh.688181,19.28,19.76,19.0,19.0,2693713,52130498.62,2.003,-1.8595,0,0
2024-10-16,sh.688181,18.87,19.36,18.75,19.0,2099927,40095432.81,1.5615,0.0,0,0
2024-10-17,sh.688181,19.05,19.53,19.01,19.11,2423716,46743477.06,1.8023,0.5789,0,0
2024-10-18,sh.688181,19.14,20.55,19.09,20.26,4123259,81990778.89,3.066,6.0178,0,0
2024-10-21,sh.688181,20.39,21.79,20.39,21.23,5692226,120501899.58,4.2327,4.7878,0,0
2024-10-22,sh.688181,21.21,21.68,20.8,21.57,3782291,80484215.21,2.8125,1.6015,0,0
2024-10-23,sh.688181,21.8,23.36,21.8,22.66,8341761,190657853.87,6.2029,5.0533,0,0
2024-10-24,sh.688181,22.78,23.34,21.83,22.16,8143221,182804475.02,6.0553,-2.2065,0,0
2024-10-25,sh.688181,22.33,23.44,22.01,22.99,5835375,133627668.59,4.3392,3.7455,0,0
2024-10-28,sh.688181,22.5,22.52,21.51,21.97,5768136,126823537.52,4.2892,-4.4367,0,0
2024-10-29,sh.688181,22.12,22.25,21.31,21.34,4407322,96028376.82,3.2773,-2.8675,0,0
2024-10-30,sh.688181,21.3,22.89,21.14,21.94,4418522,97241294.0,3.2856,2.8116,0,0
2024-10-31,sh.688181,22.07,23.69,21.88,23.49,6964312,161116923.92,5.1786,7.0647,0,0
2024-11-01,sh.688181,23.9,24.25,22.18,22.2,5428689,124287976.72,4.0368,-5.4917,0,0
2024-11-04,sh.688181,22.0,23.66,21.99,23.09,3827075,87928870.57,2.8458,4.009,0,0
2024-11-05,sh.688181,22.99,24.16,22.88,24.05,4468066,105833868.27,3.3224,4.1576,0,0
2024-11-06,sh.688181,24.27,25.06,24.02,24.69,5825430,143178914.86,4.3318,2.6611,0,0
2024-11-07,sh.688181,24.69,25.68,24.42,25.46,4861871,121142777.65,3.6153,3.1187,0,0
2024-11-08,sh.688181,25.46,26.66,25.43,26.58,5667225,147724586.81,4.2141,4.3991,0,0
2024-11-11,sh.688181,28.0,31.42,27.5,29.51,14390565,431549218.54,10.7008,11.0233,1,0
2024-11-12,sh.688181,30.0,30.0,27.07,27.42,8090298,225848454.76,6.0159,-7.0823,0,0
2024-11-13,sh.688181,28.01,29.28,27.5,29.14,7118628,202955716.94,5.2934,6.2728,0,0
2024-11-14,sh.688181,28.98,30.63,27.1,27.66,9606282,275676435.91,7.1432,-5.0789,0,0
2024-11-15,sh.688181,26.7,28.51,26.7,27.52,5373863,149183058.07,3.996,-0.5061,0,0
2024-11-18,sh.688181,27.84,28.48,26.6,26.97,4565643,125197614.54,3.395,-1.9985,0,0
2024-11-19,sh.688181,27.26,29.8,27.26,28.81,5849578,167636777.55,4.3497,6.8224,0,0
2024-11-20,sh.688181,28.82,30.0,28.21,29.8,4752941,139536225.18,3.5343,3.4363,0,0
2024-11-21,sh.688181,29.9,30.25,28.82,29.3,3580515,104991798.63,2.6625,-1.6779,0,0
2024-11-22,sh.688181,29.56,29.56,28.25,28.33,3650871,105223765.44,2.7148,-3.3106,0,0
2024-11-25,sh.688181,28.05,28.6,27.37,27.88,2510515,69899139.49,1.8668,-1.5884,0,0
2024-11-26,sh.688181,28.31,28.38,26.99,27.0,2237616,61700007.59,1.6639,-3.1564,0,0
2024-11-27,sh.688181,26.9,32.4,26.61,32.4,15223293,473368711.5,11.32,20.0,1,0
2024-11-28,sh.688181,32.09,32.38,30.27,30.9,10581557,328476498.54,7.8684,-4.6296,0,0
2024-11-29,sh.688181,30.5,35.88,30.03,33.43,14559857,483094948.52,10.8267,8.1877,0,0
2024-12-02,sh.688181,33.98,35.0,33.45,34.8,11574029,396059782.68,8.6064,4.0981,0,0
2024-12-03,sh.688181,35.03,36.45,33.54,33.9,7807054,268277860.97,5.8053,-2.5862,0,0
2024-12-04,sh.688181,33.66,34.66,32.0,32.4,7626075,253168227.77,5.6707,-4.4248,0,0
2024-12-05,sh.688181,32.21,32.88,32.0,32.7,3915375,127652827.68,2.9115,0.9259,0,0
2024-12-06,sh.688181,32.8,33.11,31.79,32.34,4847582,156582350.97,3.6046,-1.1009,0,0
2024-12-09,sh.688181,32.01,34.88,31.5,34.48,8790808,296717264.23,6.5368,6.6172,0,0
2024-12-10,sh.688181,36.51,36.61,32.69,32.95,7910791,272739975.22,5.8824,-4.4374,0,0
2024-12-11,sh.688181,33.08,34.0,32.63,33.59,3655131,121624024.93,2.7179,1.9423,0,0
2024-12-12,sh.688181,33.75,34.88,33.4,33.4,6503722,222832524.49,4.8361,-0.5656,0,0
2024-12-13,sh.688181,33.0,35.41,32.9,35.01,9568705,331838859.26,7.1153,4.8204,0,0
2024-12-16,sh.688181,35.08,35.09,32.86,33.7,5332849,179126780.92,3.9655,-3.7418,0,0
2024-12-17,sh.688181,33.85,34.35,31.97,31.98,4359788,142160579.6,3.2419,-5.1039,0,0
2024-12-18,sh.688181,32.2,32.8,31.82,32.28,3060663,99061184.44,2.2759,0.9381,0,0
2024-12-19,sh.688181,32.0,33.88,30.4,32.49,7420616,236936581.61,5.5179,0.6506,0,0
2024-12-20,sh.688181,32.33,35.46,31.6,33.99,7846716,269415143.45,5.8348,4.6168,0,0
2024-12-23,sh.688181,34.47,34.8,31.5,31.57,5538269,179845336.46,4.1182,-7.1197,0,0
2024-12-24,sh.688181,32.58,32.63,30.5,31.12,3056241,95796014.03,2.2726,-1.4254,0,0
2024-12-25,sh.688181,30.8,31.67,29.71,31.21,4676681,143348877.86,3.4776,0.2892,0,0
2024-12-26,sh.688181,31.08,33.84,30.98,32.99,6851388,224568195.5,5.0947,5.7033,0,0
2024-12-27,sh.688181,33.33,33.4,32.12,32.5,5337037,174293647.07,3.9686,-1.4853,0,0
2024-12-30,sh.688181,32.25,33.94,31.48,33.4,5932916,195361395.54,4.4117,2.7692,0,0
2024-12-31,sh.688181,33.4,34.16,32.65,32.9,4149807,137474498.98,3.0858,-1.497,0,0
2025-01-02,sh.688181,32.9,33.49,31.44,31.58,4171740,134324704.07,3.1021,-4.0122,0,0
2025-01-03,sh.688181,31.6,31.97,29.96,30.2,2771500,85184981.94,2.0609,-4.3699,0,0
2025-01-06,sh.688181,30.19,30.23,27.9,29.21,4415922,128128269.67,3.2837,-3.2781,0,0
2025-01-07,sh.688181,29.33,30.43,29.33,29.93,2822288,84251253.28,2.0986,2.4649,0,0
2025-01-08,sh.688181,29.95,30.22,28.86,29.78,1672513,49453644.09,1.2437,-0.5012,0,0
2025-01-09,sh.688181,29.38,30.2,29.38,30.03,1675541,50300904.79,1.2459,0.8395,0,0
2025-01-10,sh.688181,29.9,31.3,29.53,29.56,2092367,63721034.75,1.5559,-1.5651,0,0
2025-01-13,sh.688181,29.0,30.04,28.5,30.0,2008831,59127967.42,1.4938,1.4885,0,0
2025-01-14,sh.688181,30.23,31.82,30.05,31.76,4617006,144427904.02,3.4332,5.8667,0,0
2025-01-15,sh.688181,31.76,31.95,31.02,31.3,1826124,57238627.23,1.3579,-1.4484,0,0
2025-01-16,sh.688181,31.42,31.79,30.44,30.53,2604733,80748360.29,1.9369,-2.4601,0,0
2025-01-17,sh.688181,30.62,30.86,29.0,29.47,3586868,106838076.37,2.6672,-3.472,0,0
2025-01-20,sh.688181,29.66,31.41,29.52,30.8,4923916,150617095.97,3.6614,4.5131,0,0
2025-01-21,sh.688181,31.2,31.9,30.3,31.33,3022913,93778763.55,2.2478,1.7208,0,0
2025-01-22,sh.688181,31.6,31.6,30.1,30.27,2141179,65058921.8,1.5922,-3.3833,0,0
2025-01-23,sh.688181,30.3,31.86,30.13,30.95,4192249,130353479.05,3.1173,2.2464,0,0
2025-01-24,sh.688181,30.93,31.5,30.65,31.31,3044094,94869338.76,2.2636,1.1632,0,0
2025-01-27,sh.688181,31.4,31.45,30.03,30.04,2190548,66802522.48,1.6289,-4.0562,0,0
2025-02-05,sh.688181,30.85,30.9,29.38,29.7,2328903,69274483.75,1.7318,-1.1318,0,0
2025-02-06,sh.688181,29.91,30.5,29.5,30.3,2545294,76881692.47,1.8927,2.0202,0,0
2025-02-07,sh.688181,30.48,32.0,30.05,31.33,4114732,128110507.59,3.0597,3.3993,0,0
2025-02-10,sh.688181,31.51,32.19,30.99,31.7,4484572,141591798.46,3.3347,1.181,0,0
2025-02-11,sh.688181,31.55,31.7,30.7,30.93,3236982,100196375.71,2.407,-2.429,0,0
2025-02-12,sh.688181,30.58,31.15,30.41,31.13,2441738,75285443.21,1.8157,0.6466,0,0
2025-02-13,sh.688181,31.45,31.45,30.43,30.43,2393415,73426560.05,1.7797,-2.2486,0,0
2025-02-14,sh.688181,30.37,30.65,29.7,30.4,1814578,54876247.88,1.3493,-0.0986,0,0
2025-02-17,sh.688181,30.5,31.6,30.06,30.46,4508511,139053428.1,3.3525,0.1974,0,0
2025-02-18,sh.688181,30.7,30.7,29.45,29.5,3330648,99226170.84,2.4767,-3.1517,0,0
2025-02-19,sh.688181,29.66,30.08,29.48,29.85,1695975,50649194.14,1.2611,1.1864,0,0
2025-02-20,sh.688181,29.85,30.59,29.55,30.3,3065752,92525149.72,2.2797,1.5075,0,0
2025-02-21,sh.688181,30.78,32.2,30.03,32.07,7525344,236257518.34,5.5958,5.8416,0,0
2025-02-24,sh.688181,32.28,34.52,32.28,34.14,9896875,333184601.27,7.3593,6.4546,0,0
2025-02-25,sh.688181,33.74,34.98,33.2,33.9,5544679,188267876.48,4.123,-0.703,0,0
2025-02-26,sh.688181,33.9,34.89,32.8,34.01,5203750,175770139.37,3.8695,0.3245,0,0
2025-02-27,sh.688181,33.98,33.99,32.33,32.94,4033059,133330020.91,2.999,-3.1461,0,0
2025-02-28,sh.688181,32.8,32.82,30.32,30.41,6332657,196145037.33,4.7089,-7.6806,0,0
2025-03-03,sh.688181,30.41,31.38,30.05,30.49,3593707,110241918.08,2.6723,0.2631,0,0
2025-03-04,sh.688181,30.09,30.68,30.0,30.58,2596408,78710952.87,1.9307,0.2952,0,0
2025-03-05,sh.688181,30.76,31.68,30.22,31.31,2719626,83948609.2,2.0223,2.3872,0,0
2025-03-06,sh.688181,30.98,32.29,30.98,31.15,3952032,125470594.15,2.9387,-0.511,0,0
2025-03-07,sh.688181,31.07,31.49,30.07,30.37,4550222,138842787.25,3.3835,-2.504,0,0
2025-03-10,sh.688181,30.37,30.95,29.91,30.89,2353936,71623870.79,1.7504,1.7122,0,0
2025-03-11,sh.688181,30.3,31.28,30.11,30.98,2856777,88153546.13,2.1243,0.2914,0,0
2025-03-12,sh.688181,31.4,31.94,30.57,31.2,3913114,122265721.16,2.9098,0.7101,0,0
2025-03-13,sh.688181,30.98,30.98,29.7,29.88,4318752,130171831.43,3.2114,-4.2308,0,0
2025-03-14,sh.688181,29.8,30.19,29.3,30.0,2669366,79690455.54,1.9849,0.4016,0,0
2025-03-17,sh.688181,30.3,31.05,29.78,30.71,3175513,96693428.04,2.3613,2.3667,0,0
2025-03-18,sh.688181,31.0,31.5,30.35,30.43,2062939,63473795.12,1.534,-0.9118,0,0
2025-03-19,sh.688181,30.3,30.43,29.21,29.63,3361546,99547033.51,2.4996,-2.629,0,0
2025-03-20,sh.688181,29.65,30.59,29.65,29.84,2521889,76144588.66,1.8753,0.7087,0,0
2025-03-21,sh.688181,29.7,30.14,29.3,29.34,1969576,58236307.42,1.4646,-1.6756,0,0
2025-03-24,sh.688181,29.21,29.65,27.98,28.1,2582450,73612322.13,1.9203,-4.2263,0,0
2025-03-25,sh.688181,28.3,28.3,27.3,27.67,1807793,50080465.07,1.3443,-1.5302,0,0
2025-03-26,sh.688181,27.5,28.25,27.5,27.88,1144723,32019791.49,0.8512,0.7589,0,0
2025-03-27,sh.688181,27.64,28.9,27.2,28.48,2341526,66164028.4,1.7412,2.1521,0,0
2025-03-28,sh.688181,28.32,29.33,28.12,28.37,1579484,45277373.98,1.1745,-0.3862,0,0
2025-03-31,sh.688181,28.23,28.36,27.65,28.02,1915524,53472082.84,1.4244,-1.2337,0,0
2025-04-01,sh.688181,28.03,28.7,28.03,28.26,1374939,39038129.5,1.0224,0.8565,0,0
2025-04-02,sh.688181,28.32,28.65,28.05,28.23,985395,27891025.98,0.7327,-0.1062,0,0
2025-04-03,sh.688181,28.23,30.22,28.0,28.45,2740451,79737996.76,2.0378,0.7793,0,0
2025-04-07,sh.688181,27.05,27.05,22.76,22.76,4231360,102751008.14,3.1464,-20.0,0,1
2025-04-08,sh.688181,23.02,23.96,22.62,23.05,3236121,74814550.39,2.4064,1.2742,0,0
2025-04-09,sh.688181,22.78,23.6,20.61,23.38,3844740,85963568.89,2.8589,1.4317,0,0
2025-04-10,sh.688181,24.01,25.25,24.01,24.88,3379524,83943181.82,2.513,6.4157,0,0
2025-04-11,sh.688181,24.35,25.44,24.35,25.12,2142913,53695983.21,1.5935,0.9646,0,0
2025-04-14,sh.688181,25.8,25.95,25.3,25.44,2112621,53979503.38,1.5709,1.2739,0,0
2025-04-15,sh.688181,25.47,25.68,24.81,25.2,1514801,38043637.95,1.1264,-0.9434,0,0
2025-04-16,sh.688181,25.2,25.32,24.1,24.48,1577143,38808247.1,1.1728,-2.8571,0,0
2025-04-17,sh.688181,24.48,25.02,24.36,24.72,1161933,28788965.8,0.864,0.9804,0,0
2025-04-18,sh.688181,24.69,25.24,24.45,24.93,1546895,38352935.87,1.1503,0.8495,0,0
2025-04-21,sh.688181,25.2,28.3,25.1,27.77,6005471,163938348.72,4.4656,11.3919,1,0
2025-04-22,sh.688181,27.76,28.29,27.18,27.69,2508022,69558068.04,1.865,-0.2881,0,0
2025-04-23,sh.688181,27.69,28.17,27.19,27.78,2102356,58173256.49,1.5633,0.325,0,0
2025-04-24,sh.688181,27.68,27.8,26.98,27.33,1984613,54230546.6,1.4758,-1.6199,0,0
2025-04-25,sh.688181,27.48,28.0,26.87,27.49,1822703,49949966.62,1.3554,0.5854,0,0
2025-04-28,sh.688181,27.51,28.57,27.0,27.78,2829338,79069077.49,2.1039,1.0549,0,0
2025-04-29,sh.688181,27.71,28.98,27.71,28.34,2556351,72608503.9,1.9009,2.0158,0,0
2025-04-30,sh.688181,28.34,29.0,28.25,28.76,2017235,57945202.96,1.5,1.482,0,0
2025-05-06,sh.688181,28.88,29.68,28.4,29.44,3094625,90430938.2,2.3012,2.3644,0,0
2025-05-07,sh.688181,29.76,30.47,29.33,29.8,3318310,99152625.34,2.4675,1.2228,0,0
2025-05-08,sh.688181,29.71,30.08,29.41,29.99,1871730,55956461.67,1.3918,0.6376,0,0
2025-05-09,sh.688181,29.9,30.43,29.0,29.94,2990230,88683562.14,2.2235,-0.1667,0,0
2025-05-12,sh.688181,29.81,30.06,28.91,29.4,3465317,102021999.88,2.5768,-1.8036,0,0
2025-05-13,sh.688181,29.75,29.87,29.25,29.49,2282859,67323888.66,1.6975,0.3061,0,0
2025-05-14,sh.688181,29.63,29.66,28.92,29.1,1984647,57945322.77,1.4758,-1.3225,0,0
2025-05-15,sh.688181,29.23,29.46,28.58,28.74,2068136,60090158.12,1.5379,-1.2371,0,0
2025-05-16,sh.688181,28.72,29.41,28.55,28.94,1309317,38040743.75,0.9736,0.6959,0,0
2025-05-19,sh.688181,29.14,30.56,29.05,30.35,5076555,152086486.89,3.7749,4.8721,0,0
2025-05-20,sh.688181,30.32,31.38,29.88,30.95,5203671,160246163.69,3.8694,1.9769,0,0
2025-05-21,sh.688181,30.96,31.55,30.41,30.69,3343414,103612637.37,2.4862,-0.8401,0,0
2025-05-22,sh.688181,30.69,30.86,29.74,29.8,2351648,71169079.18,1.7487,-2.9,0,0
2025-05-23,sh.688181,29.86,30.38,29.0,29.12,4364459,129016283.06,3.2454,-2.2819,0,0
2025-05-26,sh.688181,28.92,29.55,28.91,29.35,2168060,63442609.73,1.6122,0.7898,0,0
2025-05-27,sh.688181,28.92,29.88,28.92,29.35,2546175,74820731.08,1.8933,0.0,0,0
2025-05-28,sh.688181,29.38,30.11,29.08,29.21,1877088,55414876.63,1.3958,-0.477,0,0
2025-05-29,sh.688181,29.3,31.49,29.1,30.84,7151186,219887405.54,5.3176,5.5803,0,0
2025-05-30,sh.688181,30.52,30.6,29.76,30.01,4237072,127722032.03,3.1507,-2.6913,0,0
2025-06-03,sh.688181,29.9,30.23,29.55,29.64,3015481,90081182.13,2.2423,-1.2329,0,0
2025-06-04,sh.688181,29.51,30.4,29.51,29.66,2255472,67484326.45,1.6772,0.0675,0,0
2025-06-05,sh.688181,29.59,30.1,29.45,29.73,2338012,69255870.73,1.7385,0.236,0,0
2025-06-06,sh.688181,29.75,29.98,29.41,29.53,1330013,39333768.56,0.989,-0.6727,0,0
2025-06-09,sh.688181,29.56,30.06,29.48,29.61,1420126,42087645.29,1.056,0.2709,0,0
2025-06-10,sh.688181,29.5,29.69,28.62,29.12,2147922,62739362.23,1.5972,-1.6548,0,0
2025-06-11,sh.688181,29.16,29.52,29.02,29.17,1107584,32462274.3,0.8236,0.1717,0,0
2025-06-12,sh.688181,29.14,29.32,28.45,28.58,2780303,79834131.23,2.0674,-2.0226,0,0
2025-06-13,sh.688181,28.56,28.56,27.27,28.1,3584388,99488322.65,2.6653,-1.6795,0,0
2025-06-16,sh.688181,28.1,28.35,27.7,28.22,1631029,45832588.49,1.2128,0.427,0,0
2025-06-17,sh.688181,28.45,28.45,27.94,28.23,1036583,29205383.6,0.7708,0.0354,0,0
2025-06-18,sh.688181,28.23,29.05,27.9,28.83,2385480,68084303.43,1.7738,2.1254,0,0
2025-06-19,sh.688181,28.77,30.0,28.7,29.28,3381017,99872226.21,2.5141,1.5609,0,0
2025-06-20,sh.688181,29.29,30.22,28.8,28.9,4114764,121484061.29,3.0597,-1.2978,0,0
2025-06-23,sh.688181,28.65,29.76,28.65,29.43,2698313,79523494.48,2.0065,1.8339,0,0
2025-06-24,sh.688181,29.63,30.06,29.4,29.74,2288211,67905711.15,1.7015,1.0533,0,0
2025-06-25,sh.688181,29.74,30.22,29.53,29.99,3272968,98090064.25,2.4338,0.8406,0,0
2025-06-26,sh.688181,30.07,30.16,29.44,29.46,2327212,69306850.54,1.7305,-1.7673,0,0
2025-06-27,sh.688181,29.58,30.5,29.37,29.88,2989630,89525715.1,2.2231,1.4257,0,0
2025-06-30,sh.688181,30.0,31.38,30.0,31.12,4829958,148715436.87,3.5915,4.1499,0,0
2025-07-01,sh.688181,31.5,32.02,31.0,31.11,4514751,141573329.48,3.3572,-0.0321,0,0
2025-07-02,sh.688181,30.96,31.0,30.15,30.46,3557553,108278745.45,2.6454,-2.0894,0,0
2025-07-03,sh.688181,30.19,30.68,30.15,30.54,2002414,60932078.61,1.489,0.2626,0,0
2025-07-04,sh.688181,30.42,30.45,29.76,29.94,2153192,64676847.47,1.6011,-1.9646,0,0
2025-07-07,sh.688181,30.06,30.23,29.61,29.74,2486979,74281975.87,1.8493,-0.668,0,0
2025-07-08,sh.688181,29.8,30.43,29.66,30.3,2767070,83560050.32,2.0576,1.883,0,0
2025-07-09,sh.688181,30.33,30.78,30.15,30.33,2342271,71306073.38,1.7417,0.099,0,0
2025-07-10,sh.688181,30.29,30.75,30.06,30.3,2190116,66472471.4,1.6286,-0.0989,0,0
2025-07-11,sh.688181,30.35,30.57,30.08,30.42,1803025,54778178.32,1.3407,0.396,0,0
2025-07-14,sh.688181,30.55,31.11,30.39,30.51,3547480,108952239.95,2.6379,0.2959,0,0
2025-07-15,sh.688181,30.67,30.9,30.2,30.68,2416471,73753075.47,1.7969,0.5572,0,0
2025-07-16,sh.688181,30.97,31.38,30.6,31.05,2935389,91089648.94,2.1827,1.206,0,0
2025-07-17,sh.688181,30.99,32.64,30.83,32.16,6775387,216046348.28,5.0382,3.5749,0,0
2025-07-18,sh.688181,32.3,32.98,31.89,31.97,4099224,132380929.08,3.0482,-0.5908,0,0
2025-07-21,sh.688181,32.2,33.5,31.93,33.27,6506069,212470374.16,4.8379,4.0663,0,0
2025-07-22,sh.688181,32.99,33.32,31.26,31.45,8577313,275609473.68,6.3781,-5.4704,0,0
2025-07-23,sh.688181,31.34,31.85,31.19,31.45,3127450,98566230.89,2.3256,0.0,0,0
2025-07-24,sh.688181,31.3,31.65,31.3,31.4,2737932,86145535.76,2.0359,-0.159,0,0
2025-07-25,sh.688181,31.41,32.11,31.26,32.07,3250309,103132017.08,2.4169,2.1338,0,0
2025-07-28,sh.688181,32.07,32.08,31.41,31.75,3137040,99453257.3,2.3327,-0.9978,0,0
2025-07-29,sh.688181,31.98,32.2,31.69,32.02,2964375,94782939.43,2.2043,0.8504,0,0
2025-07-30,sh.688181,31.94,31.94,30.8,31.03,4678103,146466527.48,3.4786,-3.0918,0,0
2025-07-31,sh.688181,31.05,31.68,30.7,30.97,3477150,108652622.82,2.5856,-0.1934,0,0
2025-08-01,sh.688181,31.0,31.88,30.75,31.36,3132990,98158757.0,2.3297,1.2593,0,0
2025-08-04,sh.688181,31.21,31.67,30.8,31.58,2614751,81915452.92,1.9443,0.7015,0,0
2025-08-05,sh.688181,31.76,31.84,31.49,31.78,2425572,76851044.53,1.8036,0.6333,0,0
2025-08-06,sh.688181,31.85,32.16,31.5,32.11,3432295,109737066.42,2.5522,1.0384,0,0
2025-08-07,sh.688181,32.04,32.3,31.23,31.52,3911622,123910639.45,2.9087,-1.8374,0,0
2025-08-08,sh.688181,31.55,32.19,30.88,32.15,5810891,182969312.19,4.321,1.9987,0,0
2025-08-11,sh.688181,32.38,34.17,32.29,33.1,9640664,321145504.86,7.1688,2.9549,0,0
2025-08-12,sh.688181,33.1,33.96,32.67,33.32,7201391,240141900.88,5.3549,0.6647,0,0
2025-08-13,sh.688181,33.66,36.44,33.0,35.9,16317713,573061902.2,12.1338,7.7431,0,0
2025-08-14,sh.688181,36.6,36.7,34.8,34.85,11158836,396596288.25,8.2977,-2.9248,0,0
2025-08-15,sh.688181,34.83,37.71,34.68,37.11,14092645,509653005.6,10.4792,6.4849,0,0
2025-08-18,sh.688181,36.37,38.75,35.38,38.63,19913496,745075796.64,14.8076,4.0959,0,0
2025-08-19,sh.688181,38.44,38.44,37.0,38.1,10658196,402564930.61,7.9254,-1.372,0,0
2025-08-20,sh.688181,37.9,40.15,36.7,39.67,14298635,553639344.96,10.6324,4.1207,0,0
2025-08-21,sh.688181,41.0,43.0,39.55,39.8,14280647,585122071.67,10.619,0.3277,0,0
2025-08-22,sh.688181,40.18,40.96,39.51,40.32,10755455,433365402.31,7.9977,1.3065,0,0
2025-08-25,sh.688181,40.01,46.8,40.01,43.58,19184089,835376050.93,14.2652,8.0853,0,0
2025-08-26,sh.688181,42.58,45.24,41.73,43.15,13715475,599370029.96,10.1988,-0.9867,0,0
2025-08-27,sh.688181,42.71,43.93,41.92,41.92,13174732,565200837.76,9.7967,-2.8505,0,0
2025-08-28,sh.688181,41.75,42.87,40.6,42.63,12306282,513407753.83,9.1509,1.6937,0,0
2025-08-29,sh.688181,43.0,43.23,40.5,40.75,10402297,431490603.54,7.7351,-4.41,0,0
2025-09-01,sh.688181,41.48,42.56,40.61,41.28,7966115,330818372.05,5.9236,1.3006,0,0
2025-09-02,sh.688181,40.95,41.28,38.68,39.55,10091763,397456633.99,7.5042,-4.1909,0,0
2025-09-03,sh.688181,39.6,40.15,38.23,38.6,7149141,278683577.36,5.3161,-2.402,0,0
2025-09-04,sh.688181,38.89,38.94,35.53,36.6,10798443,402070194.33,8.0297,-5.1813,0,0
2025-09-05,sh.688181,36.68,37.52,36.42,37.35,4842811,179647645.59,3.6011,2.0492,0,0
2025-09-08,sh.688181,37.3,38.32,36.85,37.73,5924977,221683373.45,4.4058,1.0174,0,0
2025-09-09,sh.688181,37.5,37.65,36.41,36.53,4706539,173845326.53,3.4998,-3.1805,0,0
2025-09-10,sh.688181,36.4,37.29,36.4,36.8,3720451,137274044.39,2.7665,0.7391,0,0
2025-09-11,sh.688181,36.75,37.95,36.6,37.45,5140415,192091263.58,3.8224,1.7663,0,0
2025-09-12,sh.688181,37.48,38.25,37.11,37.52,5889087,222390897.85,4.3791,0.1869,0,0
2025-09-15,sh.688181,37.67,38.77,37.4,37.8,5118777,194826732.57,3.8063,0.7463,0,0
2025-09-16,sh.688181,37.7,38.26,37.21,38.18,4920565,186075160.07,3.6589,1.0053,0,0
2025-09-17,sh.688181,38.17,40.1,37.9,39.16,6980896,273406840.89,5.191,2.5668,0,0
2025-09-18,sh.688181,38.9,41.17,38.89,39.54,9990217,400287557.63,7.4287,0.9704,0,0
2025-09-19,sh.688181,39.77,40.47,39.2,40.17,6642737,265206191.09,4.9395,1.5933,0,0
2025-09-22,sh.688181,40.01,40.05,39.0,39.31,5199809,204783100.12,3.8666,-2.1409,0,0
2025-09-23,sh.688181,39.03,39.4,36.5,37.44,7102690,265721500.31,5.2815,-4.7571,0,0
2025-09-24,sh.688181,37.0,39.73,36.96,38.97,7504935,290074058.19,5.5806,4.0865,0,0
2025-09-25,sh.688181,38.96,39.49,38.55,38.84,4289889,166994657.37,3.1899,-0.3336,0,0
2025-09-26,sh.688181,38.41,38.78,37.1,37.28,4252170,160751490.95,3.1619,-4.0165,0,0
2025-09-29,sh.688181,37.45,38.4,37.17,38.0,3580983,135703066.52,2.6628,1.9313,0,0
2025-09-30,sh.688181,37.83,39.25,37.83,38.4,3853715,149163684.28,2.8656,1.0526,0,0
2025-10-09,sh.688181,38.45,39.49,38.28,38.55,5598383,217923833.6,4.1629,0.3906,0,0
2025-10-10,sh.688181,38.41,38.41,36.43,36.55,6006121,221900310.65,4.4661,-5.1881,0,0
2025-10-13,sh.688181,35.0,40.99,34.8,40.03,11154384,430060720.59,8.2944,9.5212,0,0
2025-10-14,sh.688181,39.5,39.64,36.86,37.04,9363268,359376979.83,6.9625,-7.4694,0,0
2025-10-15,sh.688181,36.85,37.26,35.88,36.6,4133716,150427271.02,3.0738,-1.1879,0,0
2025-10-16,sh.688181,36.2,36.44,35.7,35.79,3378417,121473378.31,2.5122,-2.2131,0,0
2025-10-17,sh.688181,36.21,36.42,34.2,34.35,3924243,137253048.76,2.9181,-4.0235,0,0
2025-10-20,sh.688181,35.0,35.19,34.07,34.4,2027340,70353733.36,1.5075,0.1456,0,0
2025-10-21,sh.688181,34.28,35.16,34.2,35.1,1969731,68764155.66,1.4647,2.0349,0,0
2025-10-22,sh.688181,34.86,35.09,34.33,34.38,2364360,81751652.54,1.7581,-2.0513,0,0
2025-10-23,sh.688181,34.6,34.8,33.37,34.08,2217073,74993077.07,1.6486,-0.8726,0,0
2025-10-24,sh.688181,34.48,35.08,34.31,35.02,2654825,92558291.35,1.9741,2.7582,0,0
2025-10-27,sh.688181,37.1,38.15,36.17,36.24,5756948,212588875.1,4.2808,3.4837,0,0
2025-10-28,sh.688181,36.0,36.62,35.72,36.15,3088543,111769968.88,2.2966,-0.2483,0,0
2025-10-29,sh.688181,35.68,36.2,34.63,35.48,4025122,142040192.34,2.9931,-1.8534,0,0
2025-10-30,sh.688181,35.42,35.71,34.78,34.88,3539835,124385625.12,2.6322,-1.6911,0,0
2025-10-31,sh.688181,34.88,36.2,34.88,35.67,3876235,138732829.25,2.8824,2.2649,0,0
2025-11-03,sh.688181,35.42,35.6,34.6,34.94,2366102,82555457.89,1.7594,-2.0465,0,0
2025-11-04,sh.688181,34.94,34.94,33.72,33.92,3283469,111905693.89,2.4416,-2.9193,0,0
2025-11-05,sh.688181,33.48,34.64,33.2,33.49,3945345,132204650.22,2.9337,-1.2677,0,0
2025-11-06,sh.688181,33.41,34.02,33.22,33.63,3022996,101570106.11,2.2479,0.418,0,0
2025-11-07,sh.688181,33.55,34.24,32.9,33.64,3625144,121288569.96,2.6956,0.0297,0,0
2025-11-10,sh.688181,33.66,34.19,33.18,33.33,2972020,99632304.64,2.21,-0.9215,0,0
2025-11-11,sh.688181,33.59,34.28,33.5,33.67,2847255,96065984.7,2.1172,1.0201,0,0
2025-11-12,sh.688181,33.4,33.58,32.66,33.04,2444584,80776948.03,1.8178,-1.8711,0,0
2025-11-13,sh.688181,32.85,33.35,32.85,33.0,2100967,69519324.06,1.5623,-0.1211,0,0
2025-11-14,sh.688181,32.81,33.05,32.4,32.48,2118846,69300366.5,1.5756,-1.5758,0,0
2025-11-17,sh.688181,32.93,34.45,32.93,33.14,3147261,104929834.46,2.3403,2.032,0,0
2025-11-18,sh.688181,33.6,35.1,33.23,33.58,6261767,213394294.49,4.6562,1.3277,0,0
2025-11-19,sh.688181,33.0,34.85,33.0,34.3,6944251,237123906.99,5.1637,2.1441,0,0
2025-11-20,sh.688181,34.5,34.68,33.51,33.9,4312984,146976530.18,3.2071,-1.1662,0,0
2025-11-21,sh.688181,33.3,34.4,33.3,33.44,4645774,156942990.84,3.4546,-1.3569,0,0
2025-11-24,sh.688181,34.45,34.48,33.4,34.2,4136264,140757548.68,3.0757,2.2727,0,0
2025-11-25,sh.688181,34.21,34.74,33.58,33.77,5320807,181742627.26,3.9565,-1.2573,0,0
2025-11-26,sh.688181,33.47,33.93,32.57,32.78,4027655,133392390.68,2.9949,-2.9316,0,0
2025-11-27,sh.688181,32.77,33.45,32.53,33.06,3233801,107098589.55,2.4046,0.8542,0,0
2025-11-28,sh.688181,33.15,33.32,32.7,33.2,2059404,68102474.5,1.5314,0.4235,0,0
2025-12-01,sh.688181,33.13,34.64,33.02,34.5,5720219,194368845.64,4.2535,3.9157,0,0
2025-12-02,sh.688181,33.98,35.17,33.98,34.28,4688752,161788702.02,3.4865,-0.6377,0,0
2025-12-03,sh.688181,34.0,34.17,33.01,33.57,3993918,133771913.97,2.9699,-2.0712,0,0
2025-12-04,sh.688181,33.41,33.41,32.48,32.5,3203826,104705444.82,2.3824,-3.1874,0,0
2025-12-05,sh.688181,32.68,33.17,31.88,33.1,2568641,83839786.06,1.91,1.8462,0,0
2025-12-08,sh.688181,33.31,34.1,33.02,33.73,3974145,134269654.66,2.9552,1.9033,0,0
2025-12-09,sh.688181,33.88,33.98,33.22,33.24,2577028,86274462.75,1.9163,-1.4527,0,0
2025-12-10,sh.688181,33.04,34.02,33.04,33.8,3031492,102121719.95,2.2542,1.6847,0,0
2025-12-11,sh.688181,34.17,34.4,33.33,33.78,3995421,135662031.88,2.971,-0.0592,0,0
2025-12-12,sh.688181,33.78,34.68,33.75,34.26,4396595,150729375.24,3.2693,1.421,0,0
2025-12-15,sh.688181,33.83,35.35,33.8,34.57,5903334,205388844.64,4.3897,0.9048,0,0
2025-12-16,sh.688181,34.14,34.19,32.89,33.7,5435934,182037291.63,4.0421,-2.5166,0,0
2025-12-17,sh.688181,33.7,33.71,32.27,33.13,3615246,118632848.7,2.6883,-1.6914,0,0
2025-12-18,sh.688181,33.12,34.34,32.83,33.26,4095313,138264032.56,3.0453,0.3924,0,0
2025-12-19,sh.688181,33.2,33.6,32.66,32.68,3367521,111573185.81,2.5041,-1.7438,0,0
2025-12-22,sh.688181,32.84,33.94,32.5,33.6,4786697,160348250.36,3.5594,2.8152,0,0
2025-12-23,sh.688181,33.35,34.49,33.33,34.02,4701578,160207269.3,3.4961,1.25,0,0
2025-12-24,sh.688181,34.33,34.47,33.81,34.28,3486934,119071776.13,2.5929,0.7643,0,0
2025-12-25,sh.688181,34.27,34.3,33.77,34.11,3004741,102287646.58,2.2343,-0.4959,0,0
2025-12-26,sh.688181,34.38,34.38,33.23,33.32,4170752,140183245.78,3.1014,-2.316,0,0
2025-12-29,sh.688181,33.21,33.3,32.65,32.77,3111482,102209359.86,2.3137,-1.6507,0,0
2025-12-30,sh.688181,32.6,32.88,32.0,32.22,3628109,117774005.43,2.6978,-1.6784,0,0
2025-12-31,sh.688181,32.24,32.66,32.06,32.32,2626013,84919765.35,1.9527,0.3104,0,0
2026-01-05,sh.688181,32.64,33.3,32.38,33.18,3625596,119624056.82,2.696,2.6609,0,0
2026-01-06,sh.688181,33.2,34.54,33.0,34.23,8363224,285714587.49,6.2189,3.1646,0,0
2026-01-07,sh.688181,35.27,37.35,35.0,36.85,15010377,541177421.16,11.1617,7.6541,0,0
2026-01-08,sh.688181,36.85,37.62,35.88,36.48,8590455,313160183.18,6.3878,-1.0041,0,0
2026-01-09,sh.688181,36.02,36.75,35.8,36.08,6072616,219525295.51,4.5156,-1.0965,0,0
2026-01-12,sh.688181,36.09,36.58,35.95,36.58,6515344,236725066.84,4.8448,1.3858,0,0
2026-01-13,sh.688181,36.59,36.8,35.36,35.5,5891708,212223241.85,4.3811,-2.9524,0,0
2026-01-14,sh.688181,35.4,36.66,35.15,35.66,6915788,248082487.26,5.1426,0.4507,0,0
2026-01-15,sh.688181,35.32,37.43,35.21,36.95,9659482,353446040.78,7.1828,3.6175,0,0
2026-01-16,sh.688181,37.2,38.25,37.01,37.8,9177269,344818396.62,6.8242,2.3004,0,0
2026-01-19,sh.688181,37.6,38.76,37.51,38.1,7717442,294696441.63,5.7387,0.7937,0,0
2026-01-20,sh.688181,37.76,38.2,36.93,37.3,5417603,203245976.89,4.0285,-2.0997,0,0
2026-01-21,sh.688181,37.16,37.42,36.51,37.2,4618841,170809459.35,3.4346,-0.2681,0,0
2026-01-22,sh.688181,37.28,37.5,36.0,36.23,5669622,206235775.22,4.2159,-2.6075,0,0
2026-01-23,sh.688181,36.14,37.0,36.02,36.87,3992522,146189298.07,2.9688,1.7665,0,0
2026-01-26,sh.688181,37.0,37.15,35.43,35.6,5023216,180271506.78,3.7352,-3.4445,0,0
2026-01-27,sh.688181,35.6,35.96,34.21,35.75,4227498,148367997.79,3.1436,0.4213,0,0
2026-01-28,sh.688181,35.75,36.36,35.18,35.74,3387111,121012974.16,2.5186,-0.028,0,0
2026-01-29,sh.688181,35.53,35.85,33.98,34.06,5107440,177761926.66,3.7979,-4.7006,0,0
2026-01-30,sh.688181,34.12,34.34,32.7,33.77,3909512,130760715.44,2.9071,-0.8514,0,0
2026-02-02,sh.688181,33.61,33.72,32.6,32.67,3083215,102119067.37,2.2927,-3.2573,0,0
2026-02-03,sh.688181,33.33,33.84,32.88,33.8,2671181,89052365.17,1.9863,3.4588,0,0
2026-02-04,sh.688181,33.53,34.49,33.21,34.4,3867797,131018907.02,2.8761,1.7751,0,0
2026-02-05,sh.688181,34.4,35.01,33.43,33.68,3263320,110674662.13,2.4266,-2.093,0,0
2026-02-06,sh.688181,33.65,34.8,33.17,34.25,3321166,113511588.34,2.4696,1.6924,0,0
2026-02-09,sh.688181,34.85,35.3,34.6,35.1,3894920,136517506.33,2.8962,2.4818,0,0
2026-02-10,sh.688181,35.1,35.32,34.7,34.7,2985031,104297333.35,2.2197,-1.1396,0,0
2026-02-11,sh.688181,34.7,34.99,34.3,34.3,2227218,77026880.84,1.6562,-1.1527,0,0
2026-02-12,sh.688181,34.35,34.96,34.18,34.96,2478421,86047985.88,1.8429,1.9242,0,0
2026-02-13,sh.688181,34.1,35.99,34.1,35.17,3880225,137233019.53,2.8853,0.6007,0,0
2026-02-24,sh.688181,35.66,35.67,34.9,35.33,3068181,108380226.04,2.2815,0.4549,0,0
2026-02-25,sh.688181,35.3,36.71,34.78,36.0,5671605,202366194.93,4.2174,1.8964,0,0
2026-02-26,sh.688181,36.0,36.25,35.58,36.15,3464984,124588087.76,2.5765,0.4167,0,0
2026-02-27,sh.688181,35.93,36.68,35.42,36.35,3030569,109180517.67,2.2535,0.5533,0,0
2026-03-02,sh.688181,35.68,36.84,35.61,35.71,4132859,148683212.61,3.0732,-1.7607,0,0
2026-03-03,sh.688181,35.74,36.16,33.66,33.67,5038515,175433570.99,3.7466,-5.7127,0,0
2026-03-04,sh.688181,33.65,34.72,33.45,33.87,3261153,111030957.62,2.425,0.594,0,0
2026-03-05,sh.688181,34.73,36.04,34.13,35.76,5395889,191954169.13,4.0124,5.5802,0,0
2026-03-06,sh.688181,35.36,35.57,34.61,34.65,4289779,149743359.53,3.1899,-3.104,0,0
2026-03-09,sh.688181,34.13,34.13,32.6,33.45,5630598,186759044.79,4.1869,-3.4632,0,0
2026-03-10,sh.688181,33.98,35.42,33.87,35.31,6107659,212282422.63,4.5416,5.5605,0,0
2026-03-11,sh.688181,35.43,35.99,34.51,34.96,4094142,144785640.44,3.0444,-0.9912,0,0
2026-03-12,sh.688181,34.97,35.6,34.26,34.69,3074037,106955730.81,2.2858,-0.7723,0,0
2026-03-13,sh.688181,34.27,34.99,33.9,33.95,2977460,102354079.79,2.214,-2.1332,0,0
2026-03-16,sh.688181,34.27,34.6,33.43,34.55,2817134,95975908.95,2.0948,1.7673,0,0
2026-03-17,sh.688181,34.8,34.8,33.18,33.2,3405199,115132740.93,2.5321,-3.9074,0,0
2026-03-18,sh.688181,33.29,34.35,33.13,34.3,3119031,105101421.86,2.3193,3.3133,0,0
2026-03-19,sh.688181,34.0,34.38,33.37,33.57,2532825,85573974.68,1.8834,-2.1283,0,0
2026-03-20,sh.688181,33.7,34.0,32.55,32.58,3257563,108190453.19,2.4223,-2.9491,0,0
2026-03-23,sh.688181,31.63,31.95,29.17,29.51,7094131,215790531.78,5.2752,-9.423,0,0
2026-03-24,sh.688181,30.0,30.88,29.92,30.83,3748905,113836889.31,2.7877,4.4731,0,0
2026-03-25,sh.688181,31.15,31.79,31.1,31.36,2947351,92712874.5,2.1916,1.7191,0,0
2026-03-26,sh.688181,31.77,31.77,30.28,30.81,2073851,64058183.72,1.5421,-1.7538,0,0
2026-03-27,sh.688181,30.48,31.62,30.15,31.48,2232060,69735088.71,1.6598,2.1746,0,0
2026-03-30,sh.688181,30.9,31.68,30.73,31.65,1863259,58339502.4,1.3855,0.54,0,0
2026-03-31,sh.688181,31.3,31.6,30.22,30.3,2970588,91458083.96,2.2089,-4.2654,0,0
2026-04-01,sh.688181,31.65,31.68,30.64,31.04,2064658,64027056.17,1.5353,2.4422,0,0
2026-04-02,sh.688181,30.77,31.02,30.0,30.21,2432142,74055767.04,1.8085,-2.674,0,0
2026-04-03,sh.688181,30.26,30.75,30.12,30.19,2025344,61498687.43,1.506,-0.0662,0,0
2026-04-07,sh.688181,30.19,31.38,30.19,30.93,2855600,88760146.7,2.1234,2.4511,0,0
2026-04-08,sh.688181,31.6,33.13,31.38,32.92,4241663,138271409.01,3.1541,6.4339,0,0
2026-04-09,sh.688181,32.9,33.5,32.52,33.06,3416979,113197578.55,2.5409,0.4253,0,0
2026-04-10,sh.688181,33.45,33.72,33.1,33.28,2410418,80667143.19,1.7924,0.6655,0,0
2026-04-13,sh.688181,33.15,33.43,32.76,32.86,2732239,90318103.67,2.0317,-1.262,0,0
2026-04-14,sh.688181,33.29,33.5,32.7,32.98,2778388,91956988.74,2.066,0.3652,0,0
2026-04-15,sh.688181,33.18,33.39,32.62,32.72,2290149,75747875.64,1.7029,-0.7884,0,0
2026-04-16,sh.688181,32.72,33.68,32.52,33.62,2690812,89530828.14,2.0009,2.7506,0,0
2026-04-17,sh.688181,33.27,33.72,32.77,33.28,4051517,134449045.21,3.0127,-1.0113,0,0
2026-04-20,sh.688181,33.6,33.7,32.67,33.31,5035856,167402908.47,3.7446,0.0901,0,0
2026-04-21,sh.688181,33.35,33.54,32.89,33.47,3456858,114795214.08,2.5705,0.4803,0,0
2026-04-22,sh.688181,33.52,34.63,33.45,34.63,5184251,177991837.2,3.855,3.4658,0,0
2026-04-23,sh.688181,36.87,39.28,36.55,37.12,16088109,605674305.66,11.9631,7.1903,0,0
2026-04-24,sh.688181,36.2,37.8,35.41,36.1,10630803,386984054.14,7.905,-2.7478,0,0
2026-04-27,sh.688181,36.1,36.93,35.65,36.17,8113302,294764427.83,6.033,0.1939,0,0
2026-04-28,sh.688181,35.9,36.63,35.63,35.78,6039528,218011779.52,4.491,-1.0782,0,0
2026-04-29,sh.688181,35.28,36.07,35.14,35.64,4923097,175464974.57,3.6608,-0.3913,0,0
2026-04-30,sh.688181,35.58,35.84,34.96,35.57,5303599,187407082.66,3.9437,-0.1964,0,0
2026-05-06,sh.688181,35.86,36.58,35.86,36.18,6781589,245403415.39,5.0428,1.7149,0,0
2026-05-07,sh.688181,36.58,36.6,36.0,36.38,4604720,167178257.69,3.4241,0.5528,0,0
2026-05-08,sh.688181,36.1,36.28,35.66,36.1,4228204,152175790.44,3.1441,-0.7697,0,0
2026-05-11,sh.688181,36.84,37.49,36.2,37.12,6994882,257847987.87,5.2014,2.8255,0,0
2026-05-12,sh.688181,37.03,37.48,36.63,37.1,5443315,201717637.91,4.0476,-0.0539,0,0
2026-05-13,sh.688181,37.46,38.93,37.16,38.8,9539769,367316718.91,7.0937,4.5822,0,0
2026-05-14,sh.688181,38.6,39.45,37.86,37.86,7448385,286232498.23,5.5386,-2.4227,0,0
2026-05-15,sh.688181,38.3,40.66,37.93,40.35,14341317,565983967.68,10.6642,6.5769,0,0
2026-05-18,sh.688181,39.95,39.99,38.5,39.41,11885384,466644561.03,8.8379,-2.3296,0,0
2026-05-19,sh.688181,39.01,40.11,38.38,39.72,8871187,348498535.24,6.5966,0.7866,0,0
2026-05-20,sh.688181,39.28,40.44,39.01,40.07,8125539,322153602.92,6.0421,0.8812,0,0
2026-05-21,sh.688181,42.95,44.98,39.35,39.39,17424004,724578324.35,12.9564,-1.697,0,0
2026-05-22,sh.688181,40.04,41.57,38.83,40.9,13396216,537780460.78,9.9614,3.8335,0,0
2026-05-25,sh.688181,41.6,43.89,41.06,42.9,15094090,647186091.8,11.2239,4.89,0,0
2026-05-26,sh.688181,43.0,44.4,41.0,44.06,14834649,634706711.24,11.031,2.704,0,0
2026-05-27,sh.688181,48.0,48.0,43.75,44.9,15939238,726461292.04,11.8524,1.9065,0,0
2026-05-28,sh.688181,44.77,48.65,44.56,48.65,17267349,816247792.91,12.8399,8.3519,0,0
2026-05-29,sh.688181,49.0,49.3,41.65,42.0,21769902,981504613.45,16.188,-13.6691,0,1
2026-06-01,sh.688181,41.44,43.44,40.42,40.5,12230302,511498260.24,9.0944,-3.5714,0,0
2026-06-02,sh.688181,41.0,41.52,39.29,40.13,10903622,441320906.49,8.1079,-0.9136,0,0
2026-06-03,sh.688181,39.74,40.49,38.1,38.9,11241967,443573927.47,8.3595,-3.065,0,0
2026-06-04,sh.688181,38.05,40.42,38.02,39.7,9176018,363823146.02,6.8233,2.0566,0,0
2026-06-05,sh.688181,38.91,41.49,37.19,40.2,10796994,427428905.27,8.0286,1.7206,0,0
2026-06-08,sh.688181,38.28,40.6,37.8,38.13,7646034,297793574.4,5.6856,-5.1493,0,0
2026-06-09,sh.688181,38.89,40.88,38.09,40.7,9366709,373869043.67,6.9651,6.7401,0,0
2026-06-10,sh.688181,39.89,44.3,39.71,43.97,14457098,615431215.7,10.7502,8.0344,0,0
2026-06-11,sh.688181,43.2,44.8,42.22,44.07,11258872,489950068.23,8.3721,0.2274,0,0
2026-06-12,sh.688181,44.99,45.6,41.74,42.05,12908669,562781663.11,9.5988,-4.5836,0,0
2026-06-15,sh.688181,42.71,44.05,42.0,43.75,8229841,357255287.16,6.1197,4.0428,0,0
2026-06-16,sh.688181,43.8,46.52,43.21,45.6,11109263,500800141.69,8.2608,4.2286,0,0
2026-06-17,sh.688181,44.1,46.81,43.98,45.73,10228045,468897065.82,7.6055,0.2851,0,0
2026-06-18,sh.688181,45.95,46.27,44.8,45.55,8547578,386891716.58,6.3559,-0.3936,0,0
2026-06-22,sh.688181,45.57,49.4,45.57,48.5,13706595,656694238.21,10.1922,6.4764,0,0
2026-06-23,sh.688181,49.5,57.46,48.01,53.93,22646245,1211586304.0,16.8397,11.1959,1,0
2026-06-24,sh.688181,54.0,54.98,51.27,53.6,16714539,883297850.07,12.4289,-0.6119,0,0
2026-06-25,sh.688181,54.0,54.45,50.6,51.5,14328455,740777731.69,10.6546,-3.9179,0,0
2026-06-26,sh.688181,50.3,54.2,49.83,51.78,13888335,730091430.54,10.3273,0.5437,0,0
