date,code,open,high,low,close,volume,amount,turnover,pct_change,is_limit_up,is_limit_down
2019-07-01,sh.600660,23.2,23.32,22.8,23.05,28906740,664885894.0,1.443182,1.40783,0,0
2019-07-02,sh.600660,22.91,23.72,22.9,23.63,31235470,732799547.0,1.559445,2.516269,0,0
2019-07-03,sh.600660,23.65,23.68,23.3,23.38,16951117,398679895.0,0.846292,-1.057977,0,0
2019-07-04,sh.600660,23.52,23.58,23.01,23.15,13595521,315605207.0,0.678763,-0.983745,0,0
2019-07-05,sh.600660,23.23,23.6,23.17,23.47,11852203,277514137.0,0.591727,1.382288,0,0
2019-07-08,sh.600660,23.35,23.35,22.7,23.0,10394331,239168601.0,0.518942,-2.002554,0,0
2019-07-09,sh.600660,23.0,23.16,22.72,22.9,8566527,196713984.0,0.427688,-0.434784,0,0
2019-07-10,sh.600660,23.03,23.07,22.65,22.77,6639119,151441616.0,0.331461,-0.567682,0,0
2019-07-11,sh.600660,22.84,22.92,22.64,22.85,7415017,168892776.0,0.370198,0.351339,0,0
2019-07-12,sh.600660,22.84,23.0,22.7,22.85,6217240,142178221.0,0.310399,0.0,0,0
2019-07-15,sh.600660,22.7,22.89,22.15,22.72,10001388,226062414.0,0.499324,-0.568932,0,0
2019-07-16,sh.600660,22.66,22.7,22.31,22.39,10076715,226144915.0,0.503085,-1.452464,0,0
2019-07-17,sh.600660,22.46,22.51,22.27,22.41,5880258,131765298.0,0.293575,0.089328,0,0
2019-07-18,sh.600660,22.3,22.3,22.1,22.1,6176377,136925789.0,0.308358,-1.383309,0,0
2019-07-19,sh.600660,22.15,22.34,22.1,22.25,5268727,117175601.0,0.263044,0.678731,0,0
2019-07-22,sh.600660,22.25,22.25,21.88,22.08,7635154,168789342.0,0.381189,-0.764045,0,0
2019-07-23,sh.600660,22.08,22.54,22.03,22.52,10108716,225425916.0,0.504682,1.992756,0,0
2019-07-24,sh.600660,22.59,22.82,22.52,22.65,7479014,169730069.0,0.373393,0.577261,0,0
2019-07-25,sh.600660,22.65,22.75,22.46,22.74,6835109,154530226.0,0.341246,0.397352,0,0
2019-07-26,sh.600660,22.6,22.79,22.43,22.63,7852652,177697969.0,0.392,-0.4837,0,0
2019-07-29,sh.600660,22.54,22.77,22.51,22.59,7638861,172773099.0,0.381374,-0.176752,0,0
2019-07-30,sh.600660,22.59,22.92,22.5,22.78,10935223,249175247.0,0.5459,0.8411,0,0
2019-07-31,sh.600660,22.68,22.78,22.51,22.53,6939161,157020599.0,0.3464,-1.0975,0,0
2019-08-01,sh.600660,22.5,22.5,22.2,22.26,8371491,186647786.0,0.418,-1.1984,0,0
2019-08-02,sh.600660,21.9,22.16,21.8,22.0,10064490,220755251.0,0.5025,-1.168,0,0
2019-08-05,sh.600660,21.98,21.98,21.48,21.48,9545446,207064537.0,0.4766,-2.3636,0,0
2019-08-06,sh.600660,21.15,21.16,20.63,20.99,17158446,358221184.0,0.8566,-2.2812,0,0
2019-08-07,sh.600660,21.1,21.2,20.82,20.98,6312271,132601520.0,0.3151,-0.0476,0,0
2019-08-08,sh.600660,20.95,21.42,20.9,21.27,6829270,144713338.0,0.341,1.3823,0,0
2019-08-09,sh.600660,21.3,21.41,20.9,20.96,6911868,145894286.0,0.3451,-1.4575,0,0
2019-08-12,sh.600660,20.95,21.29,20.88,21.28,4737501,99801009.0,0.2365,1.5267,0,0
2019-08-13,sh.600660,21.07,21.1,20.92,21.01,5228783,109826559.0,0.261,-1.2688,0,0
2019-08-14,sh.600660,21.25,21.33,20.92,21.1,9723376,205090544.0,0.4854,0.4284,0,0
2019-08-15,sh.600660,20.85,21.11,20.73,21.07,7298173,153091125.0,0.3644,-0.1422,0,0
2019-08-16,sh.600660,21.12,21.19,21.01,21.13,5435746,114845294.0,0.2714,0.2848,0,0
2019-08-19,sh.600660,21.2,21.59,21.2,21.56,9504680,203579837.0,0.4745,2.035,0,0
2019-08-20,sh.600660,21.5,21.71,21.45,21.56,7312408,157822531.0,0.3651,0.0,0,0
2019-08-21,sh.600660,21.6,21.65,21.31,21.35,6937217,148307639.0,0.3463,-0.974,0,0
2019-08-22,sh.600660,21.3,21.86,21.3,21.85,9844911,213223271.0,0.4915,2.3419,0,0
2019-08-23,sh.600660,21.8,21.84,21.43,21.63,9826810,212645000.0,0.4906,-1.0069,0,0
2019-08-26,sh.600660,21.35,22.03,21.18,21.93,17021493,371005187.0,0.8498,1.387,0,0
2019-08-27,sh.600660,22.12,23.49,22.12,22.9,34775974,795444630.0,1.7362,4.4232,0,0
2019-08-28,sh.600660,22.99,23.28,22.65,22.72,12212012,278934206.0,0.6097,-0.786,0,0
2019-08-29,sh.600660,22.1,22.6,22.02,22.13,23664655,526781140.0,1.1815,-2.5968,0,0
2019-08-30,sh.600660,22.33,22.38,21.87,21.93,13834206,306234652.0,0.6907,-0.9037,0,0
2019-09-02,sh.600660,22.06,22.32,21.9,22.02,11841985,261091728.0,0.5912,0.4104,0,0
2019-09-03,sh.600660,22.07,22.13,21.8,21.9,10305751,225906026.0,0.5145,-0.545,0,0
2019-09-04,sh.600660,21.81,22.16,21.65,22.16,13009977,285282423.0,0.6495,1.1872,0,0
2019-09-05,sh.600660,22.16,22.58,22.16,22.25,13850967,309977198.0,0.6915,0.4061,0,0
2019-09-06,sh.600660,22.36,23.02,22.35,22.97,22118330,504636422.0,1.1043,3.236,0,0
2019-09-09,sh.600660,23.02,23.22,22.82,23.0,13829323,318238702.0,0.6904,0.1306,0,0
2019-09-10,sh.600660,22.84,22.94,22.63,22.84,8559109,194880231.0,0.4273,-0.6957,0,0
2019-09-11,sh.600660,22.9,23.0,22.46,22.51,8697823,197256246.0,0.4342,-1.4448,0,0
2019-09-12,sh.600660,22.6,23.12,22.6,23.11,14399515,330773797.0,0.7189,2.6655,0,0
2019-09-16,sh.600660,23.44,23.44,22.91,23.0,8630923,199187034.0,0.4309,-0.476,0,0
2019-09-17,sh.600660,23.0,23.05,22.4,22.49,8314227,188051125.0,0.4151,-2.2174,0,0
2019-09-18,sh.600660,22.51,22.63,22.36,22.54,9191854,206704748.0,0.4589,0.2223,0,0
2019-09-19,sh.600660,22.65,22.68,22.4,22.5,7972473,179457563.0,0.398,-0.1775,0,0
2019-09-20,sh.600660,22.63,22.63,22.3,22.35,8392839,187922863.0,0.419,-0.6667,0,0
2019-09-23,sh.600660,22.35,22.35,21.87,21.98,9751740,214447988.0,0.4869,-1.6555,0,0
2019-09-24,sh.600660,21.99,22.15,21.81,21.91,7175807,157558388.0,0.3583,-0.3185,0,0
2019-09-25,sh.600660,21.84,21.89,21.61,21.73,5863248,127470603.0,0.2927,-0.8215,0,0
2019-09-26,sh.600660,21.8,21.88,21.62,21.69,5761197,125063747.0,0.2876,-0.1841,0,0
2019-09-27,sh.600660,21.7,21.78,21.56,21.68,5742362,124236219.0,0.2867,-0.0461,0,0
2019-09-30,sh.600660,21.68,21.7,21.47,21.48,8739550,188178249.0,0.4363,-0.9225,0,0
2019-10-08,sh.600660,21.56,21.69,21.5,21.62,6971274,150351976.0,0.348,0.6518,0,0
2019-10-09,sh.600660,21.56,21.56,21.19,21.38,8136914,173500627.0,0.4062,-1.1101,0,0
2019-10-10,sh.600660,21.42,21.55,21.31,21.49,5892839,126294466.0,0.2942,0.5145,0,0
2019-10-11,sh.600660,21.49,21.9,21.4,21.85,10667038,231472339.0,0.5326,1.6752,0,0
2019-10-14,sh.600660,21.99,22.2,21.8,22.04,10574534,232432687.0,0.5279,0.8696,0,0
2019-10-15,sh.600660,22.04,22.04,21.59,21.79,7734032,168219762.0,0.3861,-1.1343,0,0
2019-10-16,sh.600660,21.79,21.87,21.65,21.7,5355792,116397322.0,0.2674,-0.413,0,0
2019-10-17,sh.600660,21.74,21.77,21.45,21.55,6123521,131952546.0,0.3057,-0.6913,0,0
2019-10-18,sh.600660,21.56,21.72,21.41,21.54,5827352,125716976.0,0.2909,-0.0464,0,0
2019-10-21,sh.600660,21.5,21.56,21.25,21.55,8051739,171946516.0,0.402,0.0464,0,0
2019-10-22,sh.600660,21.56,21.85,21.42,21.78,5758255,124668188.0,0.2875,1.0673,0,0
2019-10-23,sh.600660,21.78,21.88,21.52,21.55,5575382,120988158.0,0.2784,-1.056,0,0
2019-10-24,sh.600660,21.5,21.85,21.48,21.7,6608703,143110676.0,0.3299,0.6961,0,0
2019-10-25,sh.600660,21.7,21.88,21.7,21.81,5548078,120910727.0,0.277,0.5069,0,0
2019-10-28,sh.600660,21.78,21.93,21.73,21.89,6846544,149473949.0,0.3418,0.3668,0,0
2019-10-29,sh.600660,21.95,21.95,21.78,21.89,8168756,178476235.0,0.4078,0.0,0,0
2019-10-30,sh.600660,21.88,21.88,21.49,21.54,5875145,126972053.0,0.2933,-1.5989,0,0
2019-10-31,sh.600660,21.4,21.42,21.2,21.25,11419603,243328256.0,0.5701,-1.3463,0,0
2019-11-01,sh.600660,21.38,21.72,21.2,21.55,10599773,227618389.0,0.5292,1.4118,0,0
2019-11-04,sh.600660,21.63,22.28,21.6,22.21,20008805,441655301.0,0.9989,3.0626,0,0
2019-11-05,sh.600660,22.25,22.49,22.01,22.45,15814870,352734274.0,0.7896,1.0806,0,0
2019-11-06,sh.600660,22.56,22.58,22.04,22.11,9306109,206876436.0,0.4646,-1.5145,0,0
2019-11-07,sh.600660,22.28,22.48,22.12,22.39,8584023,191868208.0,0.4286,1.2664,0,0
2019-11-08,sh.600660,22.57,22.87,22.41,22.72,16761393,379813867.0,0.8368,1.4739,0,0
2019-11-11,sh.600660,22.71,22.71,22.24,22.5,8464029,189783649.0,0.4226,-0.9683,0,0
2019-11-12,sh.600660,22.43,22.59,22.17,22.26,6958951,155301373.0,0.3474,-1.0667,0,0
2019-11-13,sh.600660,22.44,22.53,22.12,22.44,6831741,152785173.0,0.3411,0.8086,0,0
2019-11-14,sh.600660,22.43,22.53,22.23,22.28,4449295,99333400.0,0.2221,-0.713,0,0
2019-11-15,sh.600660,22.28,22.44,22.06,22.12,5645831,125328467.0,0.2819,-0.7181,0,0
2019-11-18,sh.600660,22.05,22.12,21.56,21.78,10381296,226051756.0,0.5183,-1.5371,0,0
2019-11-19,sh.600660,21.85,21.95,21.77,21.9,5815140,127183804.0,0.2903,0.551,0,0
2019-11-20,sh.600660,21.9,22.07,21.8,21.81,6119197,134025365.0,0.3055,-0.411,0,0
2019-11-21,sh.600660,21.75,21.85,21.57,21.77,5360515,116247684.0,0.2676,-0.1834,0,0
2019-11-22,sh.600660,21.77,21.97,21.6,21.73,6071803,132300879.0,0.3031,-0.1837,0,0
2019-11-25,sh.600660,21.73,22.46,21.66,22.29,12525376,278072120.0,0.6253,2.5771,0,0
2019-11-26,sh.600660,22.35,22.56,22.19,22.38,8420459,188098095.0,0.4204,0.4038,0,0
2019-11-27,sh.600660,22.39,22.45,22.02,22.07,6864862,151957234.0,0.3427,-1.3852,0,0
2019-11-28,sh.600660,22.07,22.3,22.0,22.3,6406949,142029943.0,0.3199,1.0421,0,0
2019-11-29,sh.600660,22.28,22.32,21.97,22.23,5540917,122774395.0,0.2766,-0.3139,0,0
2019-12-02,sh.600660,22.19,22.34,22.06,22.13,5934239,131690526.0,0.2963,-0.4498,0,0
2019-12-03,sh.600660,21.99,22.02,21.71,21.87,10406917,226623176.0,0.5196,-1.1749,0,0
2019-12-04,sh.600660,21.79,21.86,21.72,21.85,3558376,77563228.0,0.1777,-0.0915,0,0
2019-12-05,sh.600660,21.9,22.08,21.86,21.95,4710389,103409884.0,0.2352,0.4577,0,0
2019-12-06,sh.600660,22.09,22.18,21.96,22.08,5818510,128458494.0,0.2905,0.5923,0,0
2019-12-09,sh.600660,22.06,22.38,22.0,22.24,6937691,154099529.0,0.3464,0.7246,0,0
2019-12-10,sh.600660,22.23,22.33,22.13,22.28,4685170,104306608.0,0.2339,0.1799,0,0
2019-12-11,sh.600660,22.4,22.83,22.21,22.64,14395731,324855785.0,0.7187,1.6158,0,0
2019-12-12,sh.600660,22.77,22.8,22.49,22.5,6247039,140979335.0,0.3119,-0.6184,0,0
2019-12-13,sh.600660,22.8,23.08,22.61,22.93,14265917,326424524.0,0.7122,1.9111,0,0
2019-12-16,sh.600660,23.0,23.41,23.0,23.17,14256332,330357105.0,0.7118,1.0467,0,0
2019-12-17,sh.600660,23.17,23.25,22.97,23.17,9988194,230865097.0,0.4987,0.0,0,0
2019-12-18,sh.600660,23.15,23.23,22.79,22.98,10381065,238265152.0,0.5183,-0.82,0,0
2019-12-19,sh.600660,22.98,23.08,22.74,22.9,7741368,177126098.0,0.3865,-0.3481,0,0
2019-12-20,sh.600660,22.95,23.15,22.81,23.08,9114550,209535817.0,0.455,0.786,0,0
2019-12-23,sh.600660,23.08,23.33,22.91,23.02,10384783,239948318.0,0.5185,-0.26,0,0
2019-12-24,sh.600660,23.01,23.29,22.88,23.05,9959441,229504685.0,0.4972,0.1303,0,0
2019-12-25,sh.600660,23.1,23.25,22.67,22.83,9570905,219530516.0,0.4778,-0.9544,0,0
2019-12-26,sh.600660,22.81,22.96,22.65,22.83,6809915,155180697.0,0.34,0.0,0,0
2019-12-27,sh.600660,22.82,23.05,22.69,22.74,10125225,231496045.0,0.5055,-0.3942,0,0
2019-12-30,sh.600660,22.75,23.32,22.5,23.29,21148282,484892470.0,1.0558,2.4187,0,0
2019-12-31,sh.600660,23.13,24.26,23.03,23.99,24928654,589727066.0,1.2446,3.0056,0,0
2020-01-02,sh.600660,24.0,24.71,23.99,24.56,20166814,492991381.0,1.0068,2.376,0,0
2020-01-03,sh.600660,24.58,24.68,24.34,24.52,14029674,343939381.0,0.7004,-0.1629,0,0
2020-01-06,sh.600660,24.41,25.43,24.21,24.87,22516664,563799414.0,1.1242,1.4274,0,0
2020-01-07,sh.600660,25.06,25.25,24.81,24.91,12812018,319893725.0,0.6396,0.1608,0,0
2020-01-08,sh.600660,24.93,25.46,24.72,25.01,16529001,414499902.0,0.8252,0.4014,0,0
2020-01-09,sh.600660,25.26,25.48,24.85,25.09,12505319,313396642.0,0.6243,0.3199,0,0
2020-01-10,sh.600660,25.2,25.29,24.97,25.07,8847176,222065662.0,0.4417,-0.0797,0,0
2020-01-13,sh.600660,24.98,25.24,24.76,25.24,13387918,335526387.0,0.6684,0.6781,0,0
2020-01-14,sh.600660,25.35,26.25,25.35,26.19,23785606,618321591.0,1.1875,3.7639,0,0
2020-01-15,sh.600660,26.01,26.11,25.53,25.79,15572480,401215389.0,0.7775,-1.5273,0,0
2020-01-16,sh.600660,25.9,26.08,25.68,25.82,10679762,276053408.0,0.5332,0.1163,0,0
2020-01-17,sh.600660,25.82,25.95,25.08,25.64,17331259,440546221.0,0.8653,-0.6971,0,0
2020-01-20,sh.600660,25.45,25.53,24.88,25.02,16916831,423759034.0,0.8446,-2.4181,0,0
2020-01-21,sh.600660,25.15,25.15,24.56,24.75,13468638,333375337.0,0.6724,-1.0791,0,0
2020-01-22,sh.600660,24.74,25.15,24.25,25.0,12745342,317457454.0,0.6363,1.0101,0,0
2020-01-23,sh.600660,25.05,25.09,24.0,24.59,18759408,461963216.0,0.9366,-1.64,0,0
2020-02-03,sh.600660,22.13,23.48,22.13,22.68,25900307,587319999.0,1.2931,-7.7674,0,0
2020-02-04,sh.600660,22.79,24.38,22.79,23.86,17252468,408530165.0,0.8613,5.2028,0,0
2020-02-05,sh.600660,23.95,24.36,23.66,23.9,14684801,352967222.0,0.7331,0.1676,0,0
2020-02-06,sh.600660,23.7,24.3,23.33,23.95,20703776,493596000.0,1.0336,0.2092,0,0
2020-02-07,sh.600660,23.95,23.95,23.41,23.83,12739406,300876587.0,0.636,-0.501,0,0
2020-02-10,sh.600660,23.75,24.15,23.5,24.13,13586718,324926889.0,0.6783,1.2589,0,0
2020-02-11,sh.600660,24.29,24.73,24.01,24.47,13711622,335346908.0,0.6846,1.409,0,0
2020-02-12,sh.600660,24.51,24.71,24.2,24.51,13310572,324939292.0,0.6645,0.1635,0,0
2020-02-13,sh.600660,24.6,24.65,24.07,24.13,9600198,233776223.0,0.4793,-1.5504,0,0
2020-02-14,sh.600660,24.01,24.5,23.96,24.39,8303766,202168728.0,0.4146,1.0775,0,0
2020-02-17,sh.600660,24.5,25.42,24.5,25.28,15129998,379528541.0,0.7554,3.649,0,0
2020-02-18,sh.600660,25.28,25.4,24.79,24.91,11828698,295130672.0,0.5906,-1.4636,0,0
2020-02-19,sh.600660,24.99,25.05,24.6,24.64,9727410,240941382.0,0.4856,-1.0839,0,0
2020-02-20,sh.600660,24.7,25.15,24.6,25.09,15172027,378781643.0,0.7575,1.8263,0,0
2020-02-21,sh.600660,25.15,25.38,24.66,25.01,18712358,466955034.0,0.9342,-0.3189,0,0
2020-02-24,sh.600660,24.97,25.22,24.77,25.16,19788063,494330919.0,0.9879,0.5998,0,0
2020-02-25,sh.600660,24.8,25.1,24.5,24.97,13874155,344636365.0,0.6927,-0.7552,0,0
2020-02-26,sh.600660,24.71,24.98,24.5,24.5,12954442,320262192.0,0.6468,-1.8823,0,0
2020-02-27,sh.600660,24.59,24.81,24.2,24.3,12417061,303547565.0,0.6199,-0.8163,0,0
2020-02-28,sh.600660,23.8,23.8,23.02,23.17,20469539,477055349.0,1.022,-4.6502,0,0
2020-03-02,sh.600660,23.0,23.78,23.0,23.69,14226045,334330185.0,0.7102,2.2443,0,0
2020-03-03,sh.600660,23.85,24.11,23.29,23.48,16972395,401907405.0,0.8474,-0.8865,0,0
2020-03-04,sh.600660,23.33,23.6,23.31,23.53,13059516,305932716.0,0.652,0.213,0,0
2020-03-05,sh.600660,23.8,23.93,23.34,23.93,23004316,543810536.0,1.1485,1.7,0,0
2020-03-06,sh.600660,23.63,23.74,23.43,23.56,14206640,334867741.0,0.7093,-1.5462,0,0
2020-03-09,sh.600660,23.2,23.21,22.85,22.99,18535648,426918821.0,0.9254,-2.4194,0,0
2020-03-10,sh.600660,22.52,23.32,21.0,23.27,23964804,543694498.0,1.1965,1.2179,0,0
2020-03-11,sh.600660,23.1,23.29,22.93,22.96,16244843,375695374.0,0.811,-1.3322,0,0
2020-03-12,sh.600660,22.8,22.9,22.28,22.41,15830953,356176379.0,0.7904,-2.3955,0,0
2020-03-13,sh.600660,21.0,21.91,21.0,21.8,26939972,579857981.0,1.345,-2.722,0,0
2020-03-16,sh.600660,21.8,21.85,20.9,21.07,33196634,703605089.0,1.6574,-3.3486,0,0
2020-03-17,sh.600660,21.0,21.28,19.87,20.24,29740841,604586262.0,1.4848,-3.9392,0,0
2020-03-18,sh.600660,20.47,20.68,20.03,20.03,14816417,301652496.0,0.7397,-1.0375,0,0
2020-03-19,sh.600660,19.93,20.0,18.78,19.31,28209315,542805694.0,1.4084,-3.5946,0,0
2020-03-20,sh.600660,19.42,19.55,19.08,19.33,21720022,418337812.0,1.0844,0.1036,0,0
2020-03-23,sh.600660,18.85,18.85,17.86,17.93,35848999,648838017.0,1.7898,-7.2426,0,0
2020-03-24,sh.600660,18.19,19.0,17.94,18.75,25277202,462678465.0,1.262,4.5733,0,0
2020-03-25,sh.600660,19.18,20.55,19.13,20.51,36877115,735619415.0,1.8411,9.3867,0,0
2020-03-26,sh.600660,20.39,20.39,19.65,19.72,20868495,413462835.0,1.0419,-3.8518,0,0
2020-03-27,sh.600660,19.8,20.1,19.42,19.55,17717548,348551825.0,0.8846,-0.8621,0,0
2020-03-30,sh.600660,19.08,19.14,18.56,18.91,15119209,284551123.0,0.7548,-3.2737,0,0
2020-03-31,sh.600660,19.1,19.28,18.87,19.18,12109205,231408485.0,0.6046,1.4278,0,0
2020-04-01,sh.600660,19.0,19.36,18.8,18.86,12811424,244202439.0,0.6396,-1.6684,0,0
2020-04-02,sh.600660,18.86,18.88,18.49,18.86,14404213,269019800.0,0.7191,0.0,0,0
2020-04-03,sh.600660,18.9,18.97,18.65,18.76,14362263,270129218.0,0.717,-0.5302,0,0
2020-04-07,sh.600660,19.0,19.15,18.78,19.02,22605972,428082091.0,1.1286,1.3859,0,0
2020-04-08,sh.600660,18.8,18.96,18.58,18.85,14068060,264548037.0,0.7024,-0.8938,0,0
2020-04-09,sh.600660,18.91,18.98,18.8,18.87,9680057,182692175.0,0.4833,0.1061,0,0
2020-04-10,sh.600660,18.98,19.08,18.8,18.85,11831117,223645495.0,0.5907,-0.106,0,0
2020-04-13,sh.600660,18.86,18.95,18.68,18.77,7779761,146106892.0,0.3884,-0.4244,0,0
2020-04-14,sh.600660,18.8,18.9,18.65,18.88,10669595,200769680.0,0.5327,0.586,0,0
2020-04-15,sh.600660,18.91,19.09,18.84,18.96,12835574,243231198.0,0.6408,0.4237,0,0
2020-04-16,sh.600660,18.85,18.86,18.7,18.76,10698206,200725346.0,0.5341,-1.0548,0,0
2020-04-17,sh.600660,18.86,19.49,18.78,19.23,25671442,492681286.0,1.2817,2.5053,0,0
2020-04-20,sh.600660,19.27,19.35,18.94,19.24,12112064,231917021.0,0.6047,0.052,0,0
2020-04-21,sh.600660,19.19,19.2,18.8,18.92,13050597,247017674.0,0.6516,-1.6632,0,0
2020-04-22,sh.600660,18.92,18.92,18.71,18.81,8657795,162753081.0,0.4322,-0.5814,0,0
2020-04-23,sh.600660,18.87,19.08,18.83,18.93,8856953,167900118.0,0.4422,0.638,0,0
2020-04-24,sh.600660,18.94,19.02,18.72,18.8,8805927,165709906.0,0.4396,-0.6867,0,0
2020-04-27,sh.600660,18.8,18.94,18.69,18.83,6030212,113662786.0,0.3011,0.1596,0,0
2020-04-28,sh.600660,18.95,19.0,18.38,18.86,10636597,200010421.0,0.531,0.1593,0,0
2020-04-29,sh.600660,18.9,19.19,18.85,19.13,9997066,190665274.0,0.4991,1.4316,0,0
2020-04-30,sh.600660,19.23,19.9,19.23,19.79,17633692,347204167.0,0.8804,3.4501,0,0
2020-05-06,sh.600660,19.48,19.88,19.32,19.78,14187274,278951113.0,0.7083,-0.0505,0,0
2020-05-07,sh.600660,19.77,20.75,19.58,20.62,23458283,475658518.0,1.1712,4.2467,0,0
2020-05-08,sh.600660,20.86,21.06,20.45,20.66,20498343,425699509.0,1.0234,0.194,0,0
2020-05-11,sh.600660,20.68,21.1,20.67,20.95,15047267,315134646.0,0.7512,1.4037,0,0
2020-05-12,sh.600660,20.95,21.0,20.34,20.75,10441613,215040664.0,0.5213,-0.9547,0,0
2020-05-13,sh.600660,20.7,20.7,20.36,20.48,7067931,144740630.0,0.3529,-1.3012,0,0
2020-05-14,sh.600660,20.4,20.47,20.08,20.12,8551906,173123693.0,0.427,-1.7578,0,0
2020-05-15,sh.600660,20.23,20.35,19.87,19.92,8389993,167946935.0,0.4189,-0.994,0,0
2020-05-18,sh.600660,19.89,20.19,19.62,19.99,6992865,139442675.0,0.3491,0.3514,0,0
2020-05-19,sh.600660,20.19,20.67,20.19,20.5,9016349,184196018.0,0.4501,2.5513,0,0
2020-05-20,sh.600660,20.51,20.51,20.19,20.22,6223010,126272739.0,0.3107,-1.3659,0,0
2020-05-21,sh.600660,20.36,20.39,19.93,19.99,5721193,115089658.0,0.2856,-1.1375,0,0
2020-05-22,sh.600660,19.97,19.97,19.51,19.68,6164804,121805585.0,0.3078,-1.5508,0,0
2020-05-25,sh.600660,19.68,19.85,19.46,19.58,6800682,133404015.0,0.3395,-0.5081,0,0
2020-05-26,sh.600660,19.79,19.84,19.63,19.78,5291945,104391035.0,0.2642,1.0215,0,0
2020-05-27,sh.600660,20.0,20.2,19.8,19.99,7691668,153711787.0,0.384,1.0617,0,0
2020-05-28,sh.600660,19.95,19.99,19.49,19.6,8697912,171169073.0,0.4342,-1.951,0,0
2020-05-29,sh.600660,19.45,19.69,19.45,19.64,6993309,136750525.0,0.3491,0.2041,0,0
2020-06-01,sh.600660,19.52,20.21,19.52,20.17,12870998,257122698.0,0.6426,2.6986,0,0
2020-06-02,sh.600660,20.18,20.32,19.98,20.09,9819769,197058091.0,0.4903,-0.3966,0,0
2020-06-03,sh.600660,20.29,20.98,20.28,20.77,25920691,537828367.0,1.2941,3.3848,0,0
2020-06-04,sh.600660,20.85,21.0,20.63,20.89,14122959,294499897.0,0.7051,0.5778,0,0
2020-06-05,sh.600660,20.9,21.44,20.71,21.37,16845091,356968996.0,0.841,2.2978,0,0
2020-06-08,sh.600660,21.54,21.98,21.38,21.71,18967053,412161052.0,0.9469,1.591,0,0
2020-06-09,sh.600660,21.68,22.13,21.44,22.04,14851704,325213250.0,0.7415,1.52,0,0
2020-06-10,sh.600660,22.03,22.03,21.2,21.32,18862155,403940477.0,0.9417,-3.2668,0,0
2020-06-11,sh.600660,21.4,21.49,21.03,21.1,10511829,223257066.0,0.5248,-1.0319,0,0
2020-06-12,sh.600660,20.62,21.63,20.51,21.53,12874160,272185527.0,0.6427,2.0379,0,0
2020-06-15,sh.600660,21.35,21.4,20.91,20.95,9893408,208827183.0,0.4939,-2.6939,0,0
2020-06-16,sh.600660,21.2,21.27,20.83,21.0,9670863,203112328.0,0.4828,0.2387,0,0
2020-06-17,sh.600660,21.0,21.08,20.64,20.92,10706260,222629051.0,0.5345,-0.381,0,0
2020-06-18,sh.600660,20.83,21.2,20.75,21.12,9744436,204138157.0,0.4865,0.956,0,0
2020-06-19,sh.600660,21.0,21.63,20.96,21.45,18171711,386923907.0,0.9072,1.5625,0,0
2020-06-22,sh.600660,21.35,21.43,20.97,21.03,17262928,364910543.0,0.8619,-1.958,0,0
2020-06-23,sh.600660,21.05,21.21,20.71,21.04,9893182,207810769.0,0.4939,0.0476,0,0
2020-06-24,sh.600660,21.1,21.33,21.08,21.24,9882265,209802571.0,0.4934,0.9506,0,0
2020-06-29,sh.600660,21.2,21.2,20.43,20.84,21316418,440891594.0,1.0642,-1.8832,0,0
2020-06-30,sh.600660,20.84,20.93,20.78,20.87,8262065,172186072.0,0.4125,0.144,0,0
2020-07-01,sh.600660,20.88,20.98,20.71,20.97,10086944,210227261.0,0.5036,0.4791,0,0
2020-07-02,sh.600660,20.94,21.6,20.79,21.56,20555865,439905338.0,1.0263,2.8135,0,0
2020-07-03,sh.600660,21.7,22.03,21.59,22.01,21182528,463208536.0,1.0575,2.0872,0,0
2020-07-06,sh.600660,22.09,23.2,21.96,23.0,40565266,917615967.0,2.0252,4.498,0,0
2020-07-07,sh.600660,23.18,23.46,22.58,22.6,37636380,863440786.0,1.879,-1.7391,0,0
2020-07-08,sh.600660,22.5,23.0,22.33,22.83,20667631,467176180.0,1.0318,1.0177,0,0
2020-07-09,sh.600660,22.8,22.8,22.29,22.4,40945304,921908802.0,2.0442,-1.8835,0,0
2020-07-10,sh.600660,22.4,22.4,21.87,21.9,37182489,820518632.0,1.8564,-2.2321,0,0
2020-07-13,sh.600660,21.9,23.36,21.85,23.05,53278818,1211699376.0,2.66,5.2511,0,0
2020-07-14,sh.600660,23.05,24.13,22.75,24.1,60417386,1437357316.0,3.0164,4.5553,0,0
2020-07-15,sh.600660,24.26,24.41,23.36,23.47,42477060,1011698132.0,2.1207,-2.6141,0,0
2020-07-16,sh.600660,23.67,23.87,22.36,22.52,32444706,748550198.0,1.6198,-4.0477,0,0
2020-07-17,sh.600660,22.54,24.2,22.54,24.02,57556810,1367000664.0,2.8735,6.6607,0,0
2020-07-20,sh.600660,24.5,26.06,24.02,25.89,63556348,1611643758.0,3.1731,7.7852,0,0
2020-07-21,sh.600660,25.69,27.28,25.6,26.13,50403953,1329708295.6,2.5164,0.927,0,0
2020-07-22,sh.600660,26.2,26.5,25.71,26.0,35886613,936983046.22,1.7917,-0.4975,0,0
2020-07-23,sh.600660,24.88,24.88,24.0,24.58,34034353,831366119.63,1.6992,-2.6535,0,0
2020-07-24,sh.600660,24.5,24.5,23.03,23.32,34059031,807187050.57,1.7004,-5.1261,0,0
2020-07-27,sh.600660,23.41,24.2,23.3,24.2,33576425,803430427.1,1.6763,3.7736,0,0
2020-07-28,sh.600660,24.3,25.02,24.11,24.26,21552692,530068220.79,1.076,0.2479,0,0
2020-07-29,sh.600660,24.38,24.95,24.03,24.91,22735626,557784190.48,1.1351,2.6793,0,0
2020-07-30,sh.600660,24.91,25.19,24.33,24.4,18175937,447941431.22,0.9074,-2.0474,0,0
2020-07-31,sh.600660,24.45,24.84,23.85,24.4,21592918,524948281.72,1.078,0.0,0,0
2020-08-03,sh.600660,24.57,26.84,24.57,26.81,52598339,1370102972.02,2.626,9.877,1,0
2020-08-04,sh.600660,26.82,27.45,26.57,26.93,37938518,1025958881.58,1.8941,0.4476,0,0
2020-08-05,sh.600660,26.93,27.21,26.16,27.19,32509207,868236954.55,1.623,0.9655,0,0
2020-08-06,sh.600660,27.25,29.0,27.25,28.0,43085553,1216294736.05,2.1511,2.979,0,0
2020-08-07,sh.600660,27.56,29.88,27.25,28.82,45167216,1304309272.83,2.255,2.9286,0,0
2020-08-10,sh.600660,28.82,29.2,27.67,29.19,31317415,888433192.48,1.5635,1.2838,0,0
2020-08-11,sh.600660,29.14,30.2,29.13,29.31,33647867,1001027753.4,1.6799,0.4111,0,0
2020-08-12,sh.600660,29.0,29.34,27.56,28.0,35796260,1005487035.04,1.7871,-4.4695,0,0
2020-08-13,sh.600660,28.06,28.77,27.72,28.08,19987095,563051141.28,0.9979,0.2857,0,0
2020-08-14,sh.600660,27.94,28.64,27.6,28.54,22186942,628399582.73,1.1077,1.6382,0,0
2020-08-17,sh.600660,28.83,30.35,28.4,30.17,29678588,881140381.19,1.4817,5.7113,0,0
2020-08-18,sh.600660,30.17,30.37,29.4,29.9,15193711,451854137.44,0.7586,-0.8949,0,0
2020-08-19,sh.600660,29.9,29.9,28.55,28.56,29445343,850494935.91,1.4701,-4.4816,0,0
2020-08-20,sh.600660,28.28,29.0,27.86,28.51,15965890,455532002.37,0.7971,-0.1751,0,0
2020-08-21,sh.600660,28.42,29.1,28.0,28.44,18511316,527605855.23,0.9242,-0.2455,0,0
2020-08-24,sh.600660,27.6,28.72,27.07,28.42,28761383,807653585.23,1.4359,-0.0703,0,0
2020-08-25,sh.600660,28.46,29.35,28.4,28.8,18485846,534864713.89,0.9229,1.3371,0,0
2020-08-26,sh.600660,28.85,28.89,27.6,27.96,21001285,590205656.88,1.0485,-2.9167,0,0
2020-08-27,sh.600660,28.08,28.35,27.4,28.22,17564343,491261114.23,0.8769,0.9299,0,0
2020-08-28,sh.600660,28.32,28.98,27.87,28.62,17481735,494412543.43,0.8728,1.4174,0,0
2020-08-31,sh.600660,28.64,29.83,28.64,28.98,28821046,844062301.46,1.4389,1.2579,0,0
2020-09-01,sh.600660,29.0,30.77,28.99,30.24,34772563,1036729588.66,1.736,4.3478,0,0
2020-09-02,sh.600660,30.24,31.81,29.7,31.45,31799043,979070076.68,1.5876,4.0013,0,0
2020-09-03,sh.600660,31.44,31.44,30.12,31.31,27515091,846222576.59,1.3737,-0.4452,0,0
2020-09-04,sh.600660,30.2,31.31,29.86,30.79,19564841,602174904.73,0.9768,-1.6608,0,0
2020-09-07,sh.600660,30.88,31.65,30.38,30.69,23768218,736064648.01,1.1866,-0.3248,0,0
2020-09-08,sh.600660,30.68,30.93,29.84,30.71,17240768,525632610.96,0.8608,0.0652,0,0
2020-09-09,sh.600660,30.3,30.47,29.15,29.18,25665495,764988311.45,1.2814,-4.9821,0,0
2020-09-10,sh.600660,29.42,31.09,29.42,30.14,31439567,953971991.5,1.5696,3.2899,0,0
2020-09-11,sh.600660,30.14,31.32,29.79,31.17,21810168,670472927.82,1.0889,3.4174,0,0
2020-09-14,sh.600660,31.15,32.0,30.55,31.87,21845326,685835634.37,1.0906,2.2457,0,0
2020-09-15,sh.600660,31.6,32.43,30.87,31.99,19791740,628445135.71,0.9881,0.3765,0,0
2020-09-16,sh.600660,31.88,34.1,31.84,33.29,29876288,989361820.99,1.4916,4.0638,0,0
2020-09-17,sh.600660,33.1,36.18,32.8,35.8,42630879,1494228370.86,2.1284,7.5398,0,0
2020-09-18,sh.600660,35.26,35.65,33.68,34.93,34018416,1179282635.55,1.6984,-2.4302,0,0
2020-09-21,sh.600660,34.84,35.11,34.0,34.26,24259082,837202850.38,1.2111,-1.9181,0,0
2020-09-22,sh.600660,34.0,34.57,33.4,33.67,22873380,776277635.25,1.142,-1.7221,0,0
2020-09-23,sh.600660,33.67,34.28,33.5,34.04,18172014,616379999.22,0.9072,1.0989,0,0
2020-09-24,sh.600660,33.53,33.81,32.68,32.89,21732452,721036208.51,1.085,-3.3784,0,0
2020-09-25,sh.600660,33.18,33.27,32.08,32.36,18651030,605306479.21,0.9312,-1.6114,0,0
2020-09-28,sh.600660,32.88,32.98,31.83,32.21,16136592,520269826.54,0.8056,-0.4635,0,0
2020-09-29,sh.600660,32.5,32.56,31.55,31.72,19572813,624580074.33,0.9772,-1.5213,0,0
2020-09-30,sh.600660,31.88,33.05,31.63,32.39,27192142,886102717.68,1.3576,2.1122,0,0
2020-10-09,sh.600660,33.65,34.0,32.34,32.69,28129010,927275534.38,1.4044,0.9262,0,0
2020-10-12,sh.600660,32.8,33.49,32.06,33.35,33222510,1087180167.82,1.6586,2.019,0,0
2020-10-13,sh.600660,33.34,33.35,32.26,32.56,33515092,1090641135.04,1.6733,-2.3688,0,0
2020-10-14,sh.600660,32.5,32.86,32.01,32.51,24912479,809794094.7,1.2438,-0.1536,0,0
2020-10-15,sh.600660,32.6,32.84,31.74,31.82,26950351,865588257.46,1.3455,-2.1224,0,0
2020-10-16,sh.600660,31.59,31.6,30.0,30.14,49171976,1497154145.6,2.4549,-5.2797,0,0
2020-10-19,sh.600660,30.32,30.43,29.68,29.76,27728257,830483219.54,1.3843,-1.2608,0,0
2020-10-20,sh.600660,29.76,31.24,29.65,31.02,30074815,913831359.19,1.5015,4.2339,0,0
2020-10-21,sh.600660,31.02,31.4,30.5,31.2,20209227,629086488.05,1.009,0.5803,0,0
2020-10-22,sh.600660,31.44,31.44,30.43,30.66,15168207,466382663.1,0.7573,-1.7308,0,0
2020-10-23,sh.600660,30.87,32.35,30.7,31.6,28642047,907503219.39,1.43,3.0659,0,0
2020-10-26,sh.600660,31.11,32.83,30.36,32.6,31669315,1021891588.62,1.5811,3.1646,0,0
2020-10-27,sh.600660,32.5,32.53,31.03,31.84,30054610,954066813.93,1.5005,-2.3313,0,0
2020-10-28,sh.600660,31.65,34.02,31.35,33.57,50967054,1693133677.45,2.5446,5.4334,0,0
2020-10-29,sh.600660,32.88,36.23,32.61,34.77,41933961,1428885880.67,2.0936,3.5746,0,0
2020-10-30,sh.600660,35.65,38.25,35.65,37.48,72540259,2711190404.19,3.6216,7.7941,0,0
2020-11-02,sh.600660,38.0,39.5,37.01,38.7,39067425,1502145198.89,1.9505,3.2551,0,0
2020-11-03,sh.600660,38.78,38.98,37.23,37.76,32377001,1227220689.74,1.6164,-2.4289,0,0
2020-11-04,sh.600660,38.18,41.54,37.76,40.87,46896992,1866999339.52,2.3414,8.2362,0,0
2020-11-05,sh.600660,41.17,44.33,40.58,43.06,53028777,2255978343.46,2.6475,5.3585,0,0
2020-11-06,sh.600660,43.07,43.85,41.33,43.35,37673273,1604365872.42,1.8809,0.6735,0,0
2020-11-09,sh.600660,42.6,42.96,41.07,42.0,44761499,1869063329.62,2.2347,-3.1142,0,0
2020-11-10,sh.600660,41.5,42.26,40.4,41.42,30716551,1269733216.34,1.5335,-1.381,0,0
2020-11-11,sh.600660,41.42,42.1,40.68,40.78,22674901,936749902.76,1.1321,-1.5451,0,0
2020-11-12,sh.600660,40.97,42.59,40.81,41.55,23512766,980445008.22,1.1739,1.8882,0,0
2020-11-13,sh.600660,41.85,42.54,40.68,41.24,17556590,723484626.67,0.8765,-0.7461,0,0
2020-11-16,sh.600660,41.78,42.95,40.62,40.98,28142387,1161245170.18,1.405,-0.6305,0,0
2020-11-17,sh.600660,41.42,42.0,40.69,41.32,24859591,1027737473.22,1.2411,0.8297,0,0
2020-11-18,sh.600660,40.79,41.56,40.01,41.0,23291297,948424747.29,1.1628,-0.7744,0,0
2020-11-19,sh.600660,41.17,41.29,39.65,40.25,26330575,1057293898.56,1.3146,-1.8293,0,0
2020-11-20,sh.600660,40.47,41.21,40.0,40.93,20722386,844564813.25,1.0346,1.6894,0,0
2020-11-23,sh.600660,41.34,42.5,41.26,41.88,33890005,1423966068.42,1.692,2.321,0,0
2020-11-24,sh.600660,42.21,42.65,40.6,41.02,22907430,945888723.32,1.1437,-2.0535,0,0
2020-11-25,sh.600660,41.02,41.85,40.32,40.63,16993130,696919250.29,0.8484,-0.9508,0,0
2020-11-26,sh.600660,40.0,40.62,38.48,40.17,29807067,1173352338.24,1.4881,-1.1322,0,0
2020-11-27,sh.600660,40.0,40.14,39.38,39.92,15367864,610064322.35,0.7672,-0.6224,0,0
2020-11-30,sh.600660,40.1,40.45,38.65,40.1,24557537,966472576.2,1.226,0.4509,0,0
2020-12-01,sh.600660,39.65,39.89,39.28,39.84,15695635,622483708.24,0.7836,-0.6484,0,0
2020-12-02,sh.600660,39.84,39.84,38.98,39.2,14496873,568547334.22,0.7238,-1.6064,0,0
2020-12-03,sh.600660,39.19,39.6,38.88,39.2,13100641,514327884.05,0.6541,0.0,0,0
2020-12-04,sh.600660,39.4,39.96,38.7,39.07,18401617,720945432.47,0.9187,-0.3316,0,0
2020-12-07,sh.600660,39.3,39.42,38.59,38.74,16572411,643877929.83,0.8274,-0.8446,0,0
2020-12-08,sh.600660,38.76,39.3,38.51,38.74,13712029,532485173.18,0.6846,0.0,0,0
2020-12-09,sh.600660,39.12,39.13,37.59,37.76,17953981,684692432.24,0.8964,-2.5297,0,0
2020-12-10,sh.600660,37.96,38.88,37.08,38.42,16497059,629522513.83,0.8236,1.7479,0,0
2020-12-11,sh.600660,38.56,38.57,36.58,38.0,26343382,981482370.74,1.3152,-1.0932,0,0
2020-12-14,sh.600660,37.3,37.96,36.99,37.8,17716073,665929468.93,0.8845,-0.5263,0,0
2020-12-15,sh.600660,37.95,40.6,37.7,39.87,40363310,1585682540.75,2.0152,5.4762,0,0
2020-12-16,sh.600660,39.97,40.44,39.25,39.76,29981538,1194232198.75,1.4968,-0.2759,0,0
2020-12-17,sh.600660,39.26,39.47,38.01,39.13,29941666,1163101976.45,1.4949,-1.5845,0,0
2020-12-18,sh.600660,38.64,40.35,38.51,40.2,26501400,1052725460.12,1.3231,2.7345,0,0
2020-12-21,sh.600660,40.2,42.6,39.81,42.6,44049326,1832373874.86,2.1992,5.9701,0,0
2020-12-22,sh.600660,42.34,42.69,41.34,42.0,23230452,977053073.77,1.1598,-1.4085,0,0
2020-12-23,sh.600660,41.96,45.0,41.61,44.3,33383728,1464464681.87,1.6667,5.4762,0,0
2020-12-24,sh.600660,44.32,48.48,43.6,46.51,37809653,1736779810.4,1.8877,4.9887,0,0
2020-12-25,sh.600660,46.51,48.4,45.6,46.51,27579403,1296151851.65,1.3769,0.0,0,0
2020-12-28,sh.600660,46.51,48.26,46.07,47.1,23561077,1112071516.68,1.1763,1.2685,0,0
2020-12-29,sh.600660,47.1,49.03,45.58,45.93,31385214,1482360467.57,1.5669,-2.4841,0,0
2020-12-30,sh.600660,46.55,48.47,46.04,47.9,25550741,1217119670.31,1.2756,4.2891,0,0
2020-12-31,sh.600660,47.6,48.6,46.99,48.05,21094688,1012055473.42,1.0532,0.3132,0,0
2021-01-04,sh.600660,50.8,52.5,50.08,50.95,31504832,1614806195.05,1.5729,6.0354,0,0
2021-01-05,sh.600660,52.0,52.0,50.05,51.0,30016826,1527886068.31,1.4986,0.0981,0,0
2021-01-06,sh.600660,50.99,52.25,50.0,50.9,23038675,1172876315.92,1.1502,-0.1961,0,0
2021-01-07,sh.600660,50.22,51.53,50.22,50.95,25360907,1291825107.94,1.2662,0.0982,0,0
2021-01-08,sh.600660,51.31,53.0,50.72,51.48,21887824,1132491741.21,1.0928,1.0402,0,0
2021-01-11,sh.600660,52.78,56.63,52.77,56.63,50576396,2828960866.17,2.525,10.0039,1,0
2021-01-12,sh.600660,56.01,56.6,53.25,56.22,39454396,2184960832.06,1.9698,-0.724,0,0
2021-01-13,sh.600660,56.7,59.07,55.16,56.61,39625660,2275809057.18,1.9783,0.6937,0,0
2021-01-14,sh.600660,56.5,56.5,52.59,54.43,33765234,1827985160.15,1.6857,-3.8509,0,0
2021-01-15,sh.600660,55.0,55.03,50.1,52.72,37751172,1970223264.12,1.8847,-3.1416,0,0
2021-01-18,sh.600660,53.09,55.2,52.87,54.49,29200813,1585907350.06,1.4579,3.3574,0,0
2021-01-19,sh.600660,54.48,56.16,53.27,53.54,21452989,1171292486.51,1.0711,-1.7434,0,0
2021-01-20,sh.600660,54.22,56.76,53.8,56.12,26679992,1489598116.61,1.332,4.8188,0,0
2021-01-21,sh.600660,56.13,60.31,55.8,60.25,41669266,2457191174.37,2.0804,7.3592,0,0
2021-01-22,sh.600660,60.25,63.33,59.2,62.56,38059709,2356226305.65,1.9001,3.834,0,0
2021-01-25,sh.600660,62.55,65.81,60.41,63.78,41553102,2634920288.33,2.0746,1.9501,0,0
2021-01-26,sh.600660,63.6,63.6,59.4,59.5,35655761,2164517266.69,1.7801,-6.7106,0,0
2021-01-27,sh.600660,60.3,62.62,58.98,62.61,35214810,2165092820.71,1.7581,5.2269,0,0
2021-01-28,sh.600660,61.0,61.95,58.8,59.2,31812704,1909814738.94,1.5883,-5.4464,0,0
2021-01-29,sh.600660,60.38,60.63,57.3,59.0,25937498,1529177625.02,1.2949,-0.3378,0,0
2021-02-01,sh.600660,58.05,59.55,57.18,59.01,23049761,1353199033.91,1.1508,0.0169,0,0
2021-02-02,sh.600660,59.01,62.1,59.01,61.65,32525326,1985380313.22,1.6238,4.4738,0,0
2021-02-03,sh.600660,61.6,61.8,60.0,60.51,19836504,1207835722.49,0.9903,-1.8491,0,0
2021-02-04,sh.600660,60.0,60.0,57.5,58.99,25594498,1503443783.23,1.2778,-2.512,0,0
2021-02-05,sh.600660,59.01,59.39,56.0,57.45,28623663,1643453564.9,1.429,-2.6106,0,0
2021-02-08,sh.600660,58.01,58.97,56.25,58.0,22537544,1302309449.0,1.1252,0.9574,0,0
2021-02-09,sh.600660,58.4,61.0,57.6,60.0,28095171,1673953053.81,1.4027,3.4483,0,0
2021-02-10,sh.600660,60.5,60.73,58.0,59.98,28997979,1727084598.05,1.4477,-0.0333,0,0
2021-02-18,sh.600660,61.58,62.0,58.1,58.31,28246235,1674771591.36,1.4102,-2.7843,0,0
2021-02-19,sh.600660,58.42,58.42,54.5,55.99,38189586,2126290675.08,1.9066,-3.9787,0,0
2021-02-22,sh.600660,57.5,57.57,52.13,52.21,45057595,2427352898.38,2.2495,-6.7512,0,0
2021-02-23,sh.600660,51.0,52.85,49.93,51.88,36732031,1895815176.67,1.8339,-0.6321,0,0
2021-02-24,sh.600660,51.88,52.31,48.64,49.13,36979083,1851696143.1,1.8462,-5.3007,0,0
2021-02-25,sh.600660,49.98,50.93,49.14,50.06,30740499,1536161005.52,1.5347,1.8929,0,0
2021-02-26,sh.600660,48.59,48.84,47.07,47.35,36265777,1728719310.87,1.8106,-5.4135,0,0
2021-03-01,sh.600660,47.8,49.57,47.38,49.57,34927052,1701140708.31,1.7437,4.6885,0,0
2021-03-02,sh.600660,50.05,50.79,49.25,50.18,30438148,1523443323.76,1.5196,1.2306,0,0
2021-03-03,sh.600660,50.1,52.75,49.69,52.1,38161378,1981756106.61,1.9052,3.8262,0,0
2021-03-04,sh.600660,51.78,51.8,48.8,49.3,32312783,1615527614.89,1.6132,-5.3743,0,0
2021-03-05,sh.600660,47.87,49.49,46.26,49.09,24902768,1202710057.29,1.2433,-0.426,0,0
2021-03-08,sh.600660,49.0,49.98,45.54,45.83,36773265,1737017973.66,1.8359,-6.6409,0,0
2021-03-09,sh.600660,45.25,46.48,43.6,44.68,30023678,1352811713.66,1.4989,-2.5093,0,0
2021-03-10,sh.600660,46.2,47.58,45.8,47.08,32429506,1513781155.48,1.6191,5.3715,0,0
2021-03-11,sh.600660,47.45,49.44,46.82,49.04,22832621,1109130279.94,1.1399,4.1631,0,0
2021-03-12,sh.600660,49.42,49.82,47.77,48.74,16110193,786330823.81,0.8043,-0.6117,0,0
2021-03-15,sh.600660,48.72,48.72,46.1,46.85,17791662,837542990.27,0.8883,-3.8777,0,0
2021-03-16,sh.600660,47.57,47.9,46.52,47.2,11845438,558538361.83,0.5914,0.7471,0,0
2021-03-17,sh.600660,46.46,48.2,45.85,47.26,14760281,697143440.0,0.7369,0.1271,0,0
2021-03-18,sh.600660,47.56,48.3,47.28,47.88,13278012,634643357.33,0.6629,1.3119,0,0
2021-03-19,sh.600660,46.5,46.99,45.81,46.0,15527297,719544738.45,0.7752,-3.9265,0,0
2021-03-22,sh.600660,46.22,46.71,45.64,46.25,12352439,570966849.18,0.6167,0.5435,0,0
2021-03-23,sh.600660,46.25,46.26,44.1,44.58,23938140,1071807956.62,1.1951,-3.6108,0,0
2021-03-24,sh.600660,44.58,44.99,40.82,41.7,48271240,2030678980.88,2.41,-6.4603,0,0
2021-03-25,sh.600660,41.39,41.59,40.47,41.24,21779236,892486621.17,1.0873,-1.1031,0,0
2021-03-26,sh.600660,41.9,43.35,41.7,42.98,22154053,944965542.72,1.1061,4.2192,0,0
2021-03-29,sh.600660,43.58,43.75,42.02,42.64,23125174,987083806.45,1.1545,-0.7911,0,0
2021-03-30,sh.600660,42.5,46.9,42.31,46.9,36542339,1660326020.4,1.8244,9.9906,1,0
2021-03-31,sh.600660,47.5,47.6,45.0,46.08,30200628,1391849681.23,1.5078,-1.7484,0,0
2021-04-01,sh.600660,46.1,47.39,46.1,47.14,16562420,779403476.43,0.8269,2.3003,0,0
2021-04-02,sh.600660,47.19,48.5,46.41,48.11,17780563,851096974.93,0.8877,2.0577,0,0
2021-04-06,sh.600660,48.12,48.69,46.9,47.86,19133083,911792754.65,0.9552,-0.5196,0,0
2021-04-07,sh.600660,48.44,48.48,45.82,46.2,23439752,1089110246.51,1.1702,-3.4684,0,0
2021-04-08,sh.600660,46.0,46.5,45.21,46.32,19621823,901329784.95,0.9796,0.2597,0,0
2021-04-09,sh.600660,46.47,46.49,43.82,44.36,30370627,1345417416.88,1.5163,-4.2314,0,0
2021-04-12,sh.600660,44.6,44.69,42.76,43.17,20026547,867066380.73,0.9998,-2.6826,0,0
2021-04-13,sh.600660,43.47,43.89,42.91,43.25,13280609,576663306.85,0.663,0.1853,0,0
2021-04-14,sh.600660,43.46,44.44,43.36,44.24,14681240,646703329.4,0.733,2.289,0,0
2021-04-15,sh.600660,43.99,44.9,43.55,44.3,12363656,545500421.56,0.6173,0.1356,0,0
2021-04-16,sh.600660,45.19,45.7,43.56,45.07,24942799,1116335069.67,1.2453,1.7381,0,0
2021-04-19,sh.600660,45.05,49.58,44.28,49.58,46914984,2272821328.64,2.3423,10.0067,1,0
2021-04-20,sh.600660,48.51,49.97,48.2,49.16,33461444,1649298225.01,1.6706,-0.8471,0,0
2021-04-21,sh.600660,49.46,49.5,47.69,48.3,19843811,963865451.13,0.9907,-1.7494,0,0
2021-04-22,sh.600660,48.98,48.99,47.63,48.73,17174681,831294292.82,0.8575,0.8903,0,0
2021-04-23,sh.600660,48.6,49.55,47.88,48.66,21278929,1040879628.62,1.0624,-0.1436,0,0
2021-04-26,sh.600660,48.7,52.0,48.7,50.56,35167016,1785520071.38,1.7557,3.9046,0,0
2021-04-27,sh.600660,50.85,51.5,49.86,50.82,19611980,995680323.87,0.9791,0.5142,0,0
2021-04-28,sh.600660,50.8,51.35,49.42,51.1,17443075,885962558.3,0.8709,0.551,0,0
2021-04-29,sh.600660,51.08,51.49,50.3,51.21,16518855,839313913.58,0.8247,0.2153,0,0
2021-04-30,sh.600660,51.25,53.0,50.41,51.33,18187022,936724251.38,0.908,0.2343,0,0
2021-05-06,sh.600660,51.0,51.05,48.77,49.4,22358479,1108189280.75,1.1163,-3.76,0,0
2021-05-07,sh.600660,49.3,50.0,48.4,48.49,15667754,767400439.06,0.7822,-1.8421,0,0
2021-05-10,sh.600660,48.49,49.13,47.38,48.97,14686148,711949549.39,0.7332,0.9899,0,0
2021-05-11,sh.600660,48.46,48.47,45.5,47.65,22883333,1072244869.54,1.1425,-2.6955,0,0
2021-05-12,sh.600660,47.43,49.28,47.2,48.79,15736602,762903344.94,0.7857,2.3924,0,0
2021-05-13,sh.600660,48.43,48.68,47.31,47.44,11591919,554178220.91,0.5787,-2.767,0,0
2021-05-14,sh.600660,47.97,49.17,47.38,48.96,15378228,743496853.72,0.7678,3.204,0,0
2021-05-17,sh.600660,48.97,51.28,48.96,50.9,21051297,1069030590.47,1.051,3.9624,0,0
2021-05-18,sh.600660,50.91,51.0,49.61,50.6,13216421,663564973.13,0.6598,-0.5894,0,0
2021-05-19,sh.600660,50.17,51.5,49.46,51.26,17596071,893445937.62,0.8785,1.3043,0,0
2021-05-20,sh.600660,50.91,51.7,50.18,50.25,15508763,785811720.99,0.7743,-1.9703,0,0
2021-05-21,sh.600660,50.71,51.26,49.41,49.78,13594737,679240453.47,0.6787,-0.9353,0,0
2021-05-24,sh.600660,49.78,50.04,48.78,49.9,13863219,684376561.49,0.6921,0.2411,0,0
2021-05-25,sh.600660,50.08,51.18,49.8,50.9,22280956,1125676473.37,1.1124,2.004,0,0
2021-05-26,sh.600660,51.01,52.58,50.0,50.45,24408725,1251909750.64,1.2186,-0.8841,0,0
2021-05-27,sh.600660,50.63,51.18,49.5,50.91,20055960,1017349099.83,1.0013,0.9118,0,0
2021-05-28,sh.600660,51.12,52.16,50.59,51.5,23740623,1221089564.05,1.1853,1.1589,0,0
2021-05-31,sh.600660,51.64,52.38,49.94,52.29,21409697,1099246275.98,1.0689,1.534,0,0
2021-06-01,sh.600660,51.6,52.1,50.46,51.1,20614292,1054301943.92,1.0292,-2.2758,0,0
2021-06-02,sh.600660,51.28,52.35,50.13,50.23,22107030,1130174625.48,1.1037,-1.7025,0,0
2021-06-03,sh.600660,50.4,52.3,49.6,50.63,27600385,1409319662.42,1.378,0.7963,0,0
2021-06-04,sh.600660,50.43,54.5,49.83,53.88,38919022,2060211780.53,1.943,6.4191,0,0
2021-06-07,sh.600660,53.88,54.87,52.41,53.2,22539913,1202150155.4,1.1253,-1.2621,0,0
2021-06-08,sh.600660,53.0,54.73,52.5,53.73,25989054,1394519235.63,1.2975,0.9962,0,0
2021-06-09,sh.600660,53.01,56.3,53.0,56.15,32929602,1825570179.96,1.644,4.504,0,0
2021-06-10,sh.600660,55.3,56.85,55.28,56.21,27040182,1520010973.55,1.35,0.1069,0,0
2021-06-11,sh.600660,56.5,58.86,55.8,57.99,27494738,1579377240.68,1.3727,3.1667,0,0
2021-06-15,sh.600660,58.0,59.92,56.89,57.66,22516478,1310568619.18,1.1241,-0.5691,0,0
2021-06-16,sh.600660,57.6,57.6,53.88,54.24,30159552,1661136763.96,1.5057,-5.9313,0,0
2021-06-17,sh.600660,54.24,55.71,54.22,54.91,17013089,936430367.36,0.8494,1.2353,0,0
2021-06-18,sh.600660,55.63,56.43,54.6,55.99,19498975,1085675821.45,0.9735,1.9669,0,0
2021-06-21,sh.600660,55.94,59.13,54.6,58.92,30100340,1746464307.41,1.5028,5.2331,0,0
2021-06-22,sh.600660,59.39,59.51,57.2,58.79,21829523,1273678672.53,1.0898,-0.2206,0,0
2021-06-23,sh.600660,58.39,60.54,58.0,59.96,22203749,1331226926.22,1.1085,1.9901,0,0
2021-06-24,sh.600660,59.97,60.2,57.7,58.28,20978068,1228586974.2,1.0473,-2.8019,0,0
2021-06-25,sh.600660,58.6,58.6,56.5,57.32,24620271,1411425686.03,1.2292,-1.6472,0,0
2021-06-28,sh.600660,57.33,58.31,56.7,57.62,25847202,1487423928.37,1.2904,0.5234,0,0
2021-06-29,sh.600660,57.62,57.62,55.8,56.7,20976565,1181981605.68,1.0473,-1.5967,0,0
2021-06-30,sh.600660,56.7,56.91,55.5,55.85,17018063,952698557.66,0.8496,-1.4991,0,0
2021-07-01,sh.600660,55.17,55.72,54.06,54.25,15800150,863815280.21,0.7888,-1.5426,0,0
2021-07-02,sh.600660,54.5,54.83,53.66,54.4,16296342,886991944.39,0.8136,0.2765,0,0
2021-07-05,sh.600660,54.4,54.41,52.54,53.0,23302416,1236844606.91,1.1634,-2.5735,0,0
2021-07-06,sh.600660,52.79,53.6,52.0,52.64,18271133,963617391.87,0.9122,-0.6792,0,0
2021-07-07,sh.600660,52.64,55.24,51.86,54.94,22950591,1247374637.06,1.1458,4.3693,0,0
2021-07-08,sh.600660,54.6,55.14,53.36,53.64,18232646,981799676.87,0.9103,-2.3662,0,0
2021-07-09,sh.600660,53.09,54.0,49.67,53.95,30812025,1601031770.03,1.5383,0.5779,0,0
2021-07-12,sh.600660,53.88,55.0,52.7,54.5,24775351,1347601740.8,1.2369,1.0195,0,0
2021-07-13,sh.600660,55.1,55.42,53.71,53.95,18830677,1023472991.15,0.9401,-1.0092,0,0
2021-07-14,sh.600660,54.19,54.19,51.0,51.06,39624357,2045220398.2,1.9783,-5.3568,0,0
2021-07-15,sh.600660,51.31,51.69,49.88,51.02,22900882,1161811095.98,1.1433,-0.0783,0,0
2021-07-16,sh.600660,51.29,52.52,50.03,51.7,20622772,1065559994.61,1.0296,1.3328,0,0
2021-07-19,sh.600660,52.11,52.32,51.09,51.5,12747947,657161907.29,0.6364,-0.3868,0,0
2021-07-20,sh.600660,51.5,51.86,50.67,51.2,11895201,608563161.16,0.5939,-0.5825,0,0
2021-07-21,sh.600660,51.33,52.19,50.95,51.64,22578840,1161547992.89,1.1273,0.8594,0,0
2021-07-22,sh.600660,51.99,52.0,50.2,50.71,24907088,1264799292.23,1.2435,-1.8009,0,0
2021-07-23,sh.600660,51.13,51.15,48.58,49.18,33333385,1651947824.25,1.6642,-3.0172,0,0
2021-07-26,sh.600660,49.19,49.2,46.0,48.01,23568538,1128391701.63,1.1767,-2.379,0,0
2021-07-27,sh.600660,48.1,48.54,46.0,46.12,24636773,1161837295.83,1.23,-3.9367,0,0
2021-07-28,sh.600660,44.7,47.95,44.7,47.46,31643901,1467837468.66,1.5798,2.9055,0,0
2021-07-29,sh.600660,47.8,50.25,47.8,49.97,32824693,1617106529.12,1.6388,5.2887,0,0
2021-07-30,sh.600660,49.9,49.9,48.18,48.3,15236576,740664479.77,0.7607,-3.342,0,0
2021-08-02,sh.600660,48.18,51.0,48.1,50.73,30563386,1524539747.15,1.5259,5.0311,0,0
2021-08-03,sh.600660,50.73,52.0,49.57,51.75,28007136,1425303352.89,1.3983,2.0106,0,0
2021-08-04,sh.600660,51.8,54.45,51.8,53.8,28814763,1545699143.01,1.4386,3.9614,0,0
2021-08-05,sh.600660,53.58,54.78,52.57,53.99,22006178,1185950370.71,1.0987,0.3532,0,0
2021-08-06,sh.600660,55.71,56.66,53.44,53.52,37071198,2034597780.73,1.8508,-0.8705,0,0
2021-08-09,sh.600660,53.46,55.58,52.83,54.4,30867432,1692936129.57,1.5411,1.6442,0,0
2021-08-10,sh.600660,54.5,54.9,52.14,52.72,25010533,1318874361.37,1.2487,-3.0882,0,0
2021-08-11,sh.600660,52.42,52.7,50.5,51.09,25094113,1284771841.05,1.2528,-3.0918,0,0
2021-08-12,sh.600660,51.29,52.14,50.05,51.92,22933161,1172602908.61,1.1449,1.6246,0,0
2021-08-13,sh.600660,51.48,52.42,50.76,50.89,15036911,772008972.09,0.7507,-1.9838,0,0
2021-08-16,sh.600660,50.7,51.26,49.9,51.0,13707382,693230512.88,0.6843,0.2162,0,0
2021-08-17,sh.600660,50.4,51.28,48.58,48.92,20892269,1036191822.7,1.0431,-4.0784,0,0
2021-08-18,sh.600660,49.3,49.48,47.0,47.66,25579653,1218940360.23,1.2771,-2.5756,0,0
2021-08-19,sh.600660,47.35,48.8,47.0,48.39,18794697,906357811.15,0.9383,1.5317,0,0
2021-08-20,sh.600660,47.99,48.23,46.48,47.16,19455587,915921590.86,0.9713,-2.5418,0,0
2021-08-23,sh.600660,47.2,47.92,46.6,47.9,24404345,1156846226.08,1.2184,1.5691,0,0
2021-08-24,sh.600660,47.91,48.88,47.71,48.43,23583629,1140618356.08,1.1774,1.1065,0,0
2021-08-25,sh.600660,48.44,48.5,47.17,47.66,20136983,958249482.08,1.0053,-1.5899,0,0
2021-08-26,sh.600660,47.66,47.66,46.8,46.84,13703850,644737107.64,0.6842,-1.7205,0,0
2021-08-27,sh.600660,46.7,47.41,46.15,46.71,16811518,784819379.15,0.8393,-0.2775,0,0
2021-08-30,sh.600660,46.98,48.38,46.24,48.33,25128592,1200431152.8,1.2546,3.4682,0,0
2021-08-31,sh.600660,48.85,48.85,47.01,47.9,19287375,920770900.73,0.9629,-0.8897,0,0
2021-09-01,sh.600660,47.79,48.4,46.61,48.12,20970687,998427566.06,1.047,0.4593,0,0
2021-09-02,sh.600660,47.92,48.0,46.4,47.15,26103531,1228576405.89,1.3032,-2.0158,0,0
2021-09-03,sh.600660,46.52,46.8,45.9,46.19,16762402,775642521.91,0.8369,-2.0361,0,0
2021-09-06,sh.600660,46.2,46.92,45.48,46.54,17948528,833391928.55,0.8961,0.7577,0,0
2021-09-07,sh.600660,46.59,47.46,46.25,47.31,21392394,1002705120.08,1.068,1.6545,0,0
2021-09-08,sh.600660,47.18,47.33,46.49,46.64,18290016,854790798.23,0.9131,-1.4162,0,0
2021-09-09,sh.600660,46.64,46.81,45.8,46.29,17331182,800297974.64,0.8653,-0.7504,0,0
2021-09-10,sh.600660,46.26,46.8,45.9,46.13,21623023,998609614.96,1.0795,-0.3456,0,0
2021-09-13,sh.600660,46.1,46.1,44.49,45.13,33579450,1512661619.12,1.6765,-2.1678,0,0
2021-09-14,sh.600660,45.08,47.98,44.7,46.9,42320142,1966443178.73,2.1129,3.922,0,0
2021-09-15,sh.600660,46.99,46.99,45.51,46.19,18777698,862533823.61,0.9375,-1.5139,0,0
2021-09-16,sh.600660,46.18,46.18,44.77,44.77,19882584,896644474.07,0.9926,-3.0743,0,0
2021-09-17,sh.600660,44.77,45.19,43.72,44.58,24722472,1096861873.87,1.2343,-0.4244,0,0
2021-09-22,sh.600660,43.92,44.0,42.93,43.51,18322163,794759273.28,0.9147,-2.4002,0,0
2021-09-23,sh.600660,43.63,45.0,43.63,44.19,22616912,1004178710.87,1.1292,1.5629,0,0
2021-09-24,sh.600660,44.2,45.52,43.8,45.02,30213168,1361080146.46,1.5084,1.8783,0,0
2021-09-27,sh.600660,44.87,45.42,44.5,45.03,15543930,700162546.13,0.776,0.0222,0,0
2021-09-28,sh.600660,44.85,44.95,43.75,43.88,14702734,648440937.96,0.734,-2.5539,0,0
2021-09-29,sh.600660,43.51,43.52,41.78,41.83,26875259,1134795149.0,1.3418,-4.6718,0,0
2021-09-30,sh.600660,41.83,42.38,41.3,42.25,15454502,650020166.8,0.7716,1.0041,0,0
2021-10-08,sh.600660,41.84,43.95,41.8,43.1,21817987,940085187.49,1.0893,2.0118,0,0
2021-10-11,sh.600660,43.1,46.0,42.88,45.85,38466023,1745051266.42,1.9204,6.3805,0,0
2021-10-12,sh.600660,45.86,47.57,45.2,46.28,32334309,1508174581.08,1.6143,0.9378,0,0
2021-10-13,sh.600660,46.28,48.05,45.68,47.44,27093922,1286522855.18,1.3527,2.5065,0,0
2021-10-14,sh.600660,47.2,49.63,47.17,49.3,36184439,1769248194.8,1.8065,3.9207,0,0
2021-10-15,sh.600660,49.22,49.8,48.14,49.27,25943649,1272790309.62,1.2952,-0.0609,0,0
2021-10-18,sh.600660,49.13,49.48,48.36,49.12,21646479,1059478538.49,1.0807,-0.3044,0,0
2021-10-19,sh.600660,49.08,49.75,48.49,49.3,18515905,908862495.49,0.9244,0.3664,0,0
2021-10-20,sh.600660,49.3,50.5,48.89,49.36,18928238,937135111.88,0.945,0.1217,0,0
2021-10-21,sh.600660,49.34,50.05,48.98,49.4,15192263,752993408.99,0.7585,0.081,0,0
2021-10-22,sh.600660,49.4,50.08,48.78,49.55,15451695,765187435.62,0.7714,0.3036,0,0
2021-10-25,sh.600660,49.55,51.1,48.69,50.2,26299388,1318574180.85,1.313,1.3118,0,0
2021-10-26,sh.600660,50.58,52.73,50.1,51.75,40122923,2069861908.37,2.0032,3.0876,0,0
2021-10-27,sh.600660,51.54,51.65,50.2,50.6,14698529,745558128.23,0.7338,-2.2222,0,0
2021-10-28,sh.600660,49.97,50.9,49.41,50.0,13952738,698783709.08,0.6966,-1.1858,0,0
2021-10-29,sh.600660,49.1,50.0,48.0,49.4,21222261,1043561659.44,1.0595,-1.2,0,0
2021-11-01,sh.600660,49.04,49.46,47.2,48.35,27604650,1332552810.61,1.3782,-2.1255,0,0
2021-11-02,sh.600660,48.01,51.0,47.6,50.5,35498782,1780458254.66,1.7723,4.4467,0,0
2021-11-03,sh.600660,50.02,51.2,48.73,49.4,21632790,1077231361.48,1.08,-2.1782,0,0
2021-11-04,sh.600660,49.51,51.5,49.03,50.8,22669636,1147300125.81,1.1318,2.834,0,0
2021-11-05,sh.600660,51.5,51.77,50.3,51.0,17575880,897770927.4,0.8775,0.3937,0,0
2021-11-08,sh.600660,50.99,51.33,49.08,49.26,22555442,1124098596.16,1.1261,-3.4118,0,0
2021-11-09,sh.600660,49.45,49.45,46.37,47.17,36135744,1719691239.93,1.8041,-4.2428,0,0
2021-11-10,sh.600660,46.88,47.75,45.75,46.37,25797864,1197827109.77,1.288,-1.696,0,0
2021-11-11,sh.600660,46.37,48.39,45.96,47.07,22347900,1052148718.78,1.1157,1.5096,0,0
2021-11-12,sh.600660,47.32,47.54,46.5,47.31,13422947,632705497.48,0.6701,0.5099,0,0
2021-11-15,sh.600660,47.59,50.18,47.48,47.82,28617224,1389418908.56,1.4287,1.078,0,0
2021-11-16,sh.600660,47.83,48.19,46.82,47.7,17586750,835000422.74,0.878,-0.2509,0,0
2021-11-17,sh.600660,47.7,48.01,46.65,47.88,13966364,660818904.27,0.6973,0.3774,0,0
2021-11-18,sh.600660,47.7,47.7,46.31,46.41,17073400,798922515.36,0.8524,-3.0702,0,0
2021-11-19,sh.600660,46.4,46.86,46.06,46.6,9916185,460936293.23,0.4951,0.4094,0,0
2021-11-22,sh.600660,46.81,49.11,46.66,48.55,25698334,1237009719.94,1.283,4.1845,0,0
2021-11-23,sh.600660,48.55,48.8,47.78,48.28,14969887,723789932.69,0.7474,-0.5561,0,0
2021-11-24,sh.600660,48.27,48.49,47.07,47.29,11852025,562412980.74,0.5917,-2.0505,0,0
2021-11-25,sh.600660,47.15,47.26,46.4,46.8,11460095,535018404.06,0.5722,-1.0362,0,0
2021-11-26,sh.600660,46.8,46.8,45.83,46.15,17440708,802900500.98,0.8707,-1.3889,0,0
2021-11-29,sh.600660,45.74,46.4,45.25,45.85,14015409,640198989.4,0.6997,-0.6501,0,0
2021-11-30,sh.600660,45.61,46.44,45.35,45.99,18126487,834055709.26,0.905,0.3053,0,0
2021-12-01,sh.600660,46.0,46.4,45.18,45.33,13179346,597521549.32,0.658,-1.4351,0,0
2021-12-02,sh.600660,45.13,46.07,45.1,45.52,12664136,578304337.33,0.6323,0.4191,0,0
2021-12-03,sh.600660,45.52,45.75,45.0,45.3,13275922,599227830.27,0.6628,-0.4833,0,0
2021-12-06,sh.600660,45.15,46.25,45.0,45.64,14277714,653005440.67,0.7128,0.7506,0,0
2021-12-07,sh.600660,45.75,46.05,44.62,45.1,18961241,853703419.29,0.9466,-1.1832,0,0
2021-12-08,sh.600660,45.45,45.45,44.44,45.03,20855019,932597814.7,1.0412,-0.1552,0,0
2021-12-09,sh.600660,45.04,47.35,45.02,46.86,36451691,1694216657.01,1.8199,4.064,0,0
2021-12-10,sh.600660,46.67,46.68,45.39,46.2,29653424,1358782020.86,1.4805,-1.4085,0,0
2021-12-13,sh.600660,45.97,46.8,45.88,46.27,22968070,1065542847.21,1.1467,0.1515,0,0
2021-12-14,sh.600660,46.0,46.2,45.39,45.54,18876118,861429989.9,0.9424,-1.5777,0,0
2021-12-15,sh.600660,45.3,46.35,45.29,45.65,16271349,747351290.16,0.8124,0.2415,0,0
2021-12-16,sh.600660,45.49,46.15,44.78,46.11,23802978,1077502396.19,1.1884,1.0077,0,0
2021-12-17,sh.600660,45.9,45.98,44.94,45.14,18751463,849668058.34,0.9362,-2.1037,0,0
2021-12-20,sh.600660,45.33,45.33,44.51,44.52,11448576,511959179.59,0.5716,-1.3735,0,0
2021-12-21,sh.600660,44.5,44.98,44.45,44.78,8763677,391815956.06,0.4375,0.584,0,0
2021-12-22,sh.600660,44.9,45.98,44.9,45.61,22506880,1026401857.18,1.1237,1.8535,0,0
2021-12-23,sh.600660,45.61,47.88,45.45,47.53,45251285,2129473789.57,2.2592,4.2096,0,0
2021-12-24,sh.600660,48.0,49.88,47.56,49.07,37394430,1830449397.05,1.8669,3.2401,0,0
2021-12-27,sh.600660,49.04,49.8,48.04,48.71,16783873,817109446.81,0.8379,-0.7336,0,0
2021-12-28,sh.600660,48.34,48.82,47.89,48.07,15933146,768379476.69,0.7955,-1.3139,0,0
2021-12-29,sh.600660,47.95,48.15,47.08,47.77,13708063,653703632.26,0.6844,-0.6241,0,0
2021-12-30,sh.600660,47.77,48.38,47.14,47.5,12788508,609196352.71,0.6385,-0.5652,0,0
2021-12-31,sh.600660,47.55,47.75,46.85,47.14,15136403,712817928.59,0.7557,-0.7579,0,0
2022-01-04,sh.600660,47.47,48.33,46.7,46.9,16658863,787375410.36,0.8317,-0.5091,0,0
2022-01-05,sh.600660,46.9,47.35,46.6,47.1,17273735,810806900.87,0.8624,0.4264,0,0
2022-01-06,sh.600660,46.6,47.0,45.5,46.04,21910052,1009589137.23,1.0939,-2.2505,0,0
2022-01-07,sh.600660,46.1,47.33,46.07,46.97,16029631,750619947.15,0.8003,2.02,0,0
2022-01-10,sh.600660,46.67,48.43,45.83,48.3,18052686,859362548.83,0.9013,2.8316,0,0
2022-01-11,sh.600660,48.15,48.28,46.73,47.1,13110089,619972018.77,0.6545,-2.4845,0,0
2022-01-12,sh.600660,47.08,47.31,46.62,47.15,10443075,490559669.62,0.5214,0.1062,0,0
2022-01-13,sh.600660,47.13,47.48,46.34,46.66,8939339,417729529.16,0.4463,-1.0392,0,0
2022-01-14,sh.600660,46.5,48.4,46.3,48.03,27108183,1296402565.46,1.3534,2.9361,0,0
2022-01-17,sh.600660,48.02,49.6,48.02,48.75,20954615,1025738982.0,1.0462,1.4991,0,0
2022-01-18,sh.600660,48.8,49.6,48.5,49.18,17411580,855084627.4,0.8693,0.8821,0,0
2022-01-19,sh.600660,48.57,48.9,47.5,47.87,11445904,550329456.35,0.5714,-2.6637,0,0
2022-01-20,sh.600660,47.7,49.6,47.39,49.15,17766392,868007274.75,0.887,2.6739,0,0
2022-01-21,sh.600660,48.89,49.01,48.07,48.61,11026651,535293354.18,0.5505,-1.0987,0,0
2022-01-24,sh.600660,48.61,49.45,48.25,49.04,11540249,566057272.15,0.5762,0.8846,0,0
2022-01-25,sh.600660,48.6,49.58,48.3,48.61,15794609,777167227.4,0.7886,-0.8768,0,0
2022-01-26,sh.600660,48.61,50.3,48.35,50.1,28096947,1395724242.4,1.4028,3.0652,0,0
2022-01-27,sh.600660,50.0,50.37,48.01,49.2,21444535,1057449023.04,1.0706,-1.7964,0,0
2022-01-28,sh.600660,48.76,49.1,46.5,47.58,16683627,793730377.68,0.8329,-3.2927,0,0
2022-02-07,sh.600660,47.65,48.78,47.65,48.27,6570403,317142252.05,0.328,1.4502,0,0
2022-02-08,sh.600660,48.0,48.14,46.65,47.48,10620494,500757071.46,0.5302,-1.6366,0,0
2022-02-09,sh.600660,47.1,48.68,47.05,48.48,13607008,650643773.14,0.6793,2.1061,0,0
2022-02-10,sh.600660,48.48,48.48,47.3,48.38,11226181,537352317.58,0.5605,-0.2063,0,0
2022-02-11,sh.600660,47.54,47.85,46.6,46.79,14231778,670432286.19,0.7105,-3.2865,0,0
2022-02-14,sh.600660,46.68,46.8,45.82,46.06,9799952,452262956.9,0.4893,-1.5602,0,0
2022-02-15,sh.600660,46.06,46.31,45.54,46.12,9349979,428543765.56,0.4668,0.1303,0,0
2022-02-16,sh.600660,46.3,46.89,46.3,46.72,8026075,374331112.86,0.4007,1.301,0,0
2022-02-17,sh.600660,46.51,46.95,46.09,46.94,7372826,344168372.38,0.3681,0.4709,0,0
2022-02-18,sh.600660,46.5,46.67,46.22,46.54,4456863,206891102.1,0.2225,-0.8522,0,0
2022-02-21,sh.600660,46.55,46.58,46.1,46.35,5459072,252193488.4,0.2725,-0.4083,0,0
2022-02-22,sh.600660,45.88,46.15,45.25,45.3,10580173,480910200.79,0.5282,-2.2654,0,0
2022-02-23,sh.600660,45.3,46.0,45.3,46.0,9210188,421494241.65,0.4598,1.5453,0,0
2022-02-24,sh.600660,45.78,45.78,44.0,44.44,19852358,886931125.2,0.9911,-3.3913,0,0
2022-02-25,sh.600660,44.49,45.08,44.49,44.85,10813695,484908994.45,0.5399,0.9226,0,0
2022-02-28,sh.600660,44.86,44.88,43.78,44.0,14701087,646819968.0,0.734,-1.8952,0,0
2022-03-01,sh.600660,44.09,44.51,43.92,44.4,11489259,508688048.0,0.5736,0.9091,0,0
2022-03-02,sh.600660,44.11,44.4,43.81,43.9,10212799,449027456.0,0.5099,-1.1261,0,0
2022-03-03,sh.600660,44.1,44.19,41.34,42.02,31927582,1351057536.0,1.594,-4.2825,0,0
2022-03-04,sh.600660,41.6,41.65,40.55,40.86,18539214,758892480.0,0.9256,-2.7606,0,0
2022-03-07,sh.600660,40.86,40.86,38.2,38.67,23837148,928950032.0,1.1901,-5.3598,0,0
2022-03-08,sh.600660,38.55,38.66,36.4,36.71,26617576,991622016.0,1.3289,-5.0685,0,0
2022-03-09,sh.600660,36.6,37.6,34.0,37.45,28896603,1042488832.0,1.4427,2.0158,0,0
2022-03-10,sh.600660,38.45,39.0,37.68,38.29,26727517,1023263392.0,1.3344,2.243,0,0
2022-03-11,sh.600660,37.78,37.89,36.76,37.47,15919358,593259024.0,0.7948,-2.1416,0,0
2022-03-14,sh.600660,36.9,37.2,36.3,36.3,13062491,479971184.0,0.6522,-3.1225,0,0
2022-03-15,sh.600660,36.0,36.75,34.66,34.69,17902654,637250928.0,0.8938,-4.4353,0,0
2022-03-16,sh.600660,35.2,36.19,34.0,36.14,22031044,776810720.0,1.0999,4.1799,0,0
2022-03-17,sh.600660,37.0,38.14,36.41,37.93,28008149,1047191536.0,1.3983,4.953,0,0
2022-03-18,sh.600660,37.6,37.6,35.34,35.71,52997276,1894676395.98,2.6459,-5.8529,0,0
2022-03-21,sh.600660,35.65,35.96,34.9,35.31,28001849,990369933.96,1.398,-1.1201,0,0
2022-03-22,sh.600660,35.16,35.82,34.98,35.51,17806665,630450035.62,0.889,0.5664,0,0
2022-03-23,sh.600660,35.58,36.2,35.3,35.51,15798891,561025407.89,0.7888,0.0,0,0
2022-03-24,sh.600660,35.4,35.4,34.94,35.1,14609780,512537660.71,0.7294,-1.1546,0,0
2022-03-25,sh.600660,35.11,35.6,34.82,34.9,17478586,614012837.82,0.8726,-0.5698,0,0
2022-03-28,sh.600660,34.54,35.45,34.2,35.15,15875372,554222669.55,0.7926,0.7163,0,0
2022-03-29,sh.600660,35.25,35.39,35.01,35.12,10208551,358968699.88,0.5097,-0.0853,0,0
2022-03-30,sh.600660,35.2,36.17,35.2,36.15,24678830,883829045.59,1.2321,2.9328,0,0
2022-03-31,sh.600660,36.14,36.42,35.45,35.58,16507508,591799870.69,0.8241,-1.5768,0,0
2022-04-01,sh.600660,35.21,35.79,35.1,35.32,15630326,552698657.55,0.7804,-0.7307,0,0
2022-04-06,sh.600660,35.32,35.32,34.44,34.58,18788648,651263441.6,0.938,-2.0951,0,0
2022-04-07,sh.600660,34.55,34.59,32.95,33.0,29948747,1004847129.94,1.4952,-4.5691,0,0
2022-04-08,sh.600660,33.0,33.03,31.46,32.45,33974515,1092628793.79,1.6962,-1.6667,0,0
2022-04-11,sh.600660,32.0,32.01,30.3,30.4,30467241,940272774.72,1.5211,-6.3174,0,0
2022-04-12,sh.600660,30.27,31.23,30.23,31.18,19459678,598580314.45,0.9715,2.5658,0,0
2022-04-13,sh.600660,31.13,31.15,30.71,30.82,11494731,356022832.53,0.5739,-1.1546,0,0
2022-04-14,sh.600660,31.05,32.08,31.0,31.89,20704313,656839078.23,1.0337,3.4718,0,0
2022-04-15,sh.600660,32.1,35.08,32.1,35.08,53615170,1839350697.4,2.6768,10.0031,1,0
2022-04-18,sh.600660,35.9,36.0,33.69,35.66,40800743,1438043933.07,2.037,1.6534,0,0
2022-04-19,sh.600660,35.6,35.64,34.51,34.85,25378227,887798952.45,1.267,-2.2715,0,0
2022-04-20,sh.600660,34.57,35.38,34.57,34.79,19541418,684026268.4,0.9756,-0.1722,0,0
2022-04-21,sh.600660,34.63,34.97,33.97,34.2,18320397,631318289.39,0.9147,-1.6959,0,0
2022-04-22,sh.600660,33.98,34.27,33.3,33.86,15921210,537852569.33,0.7949,-0.9942,0,0
2022-04-25,sh.600660,33.39,34.08,32.28,32.35,20514027,677927608.57,1.0242,-4.4595,0,0
2022-04-26,sh.600660,32.35,34.05,31.9,32.88,23586836,779744586.75,1.1776,1.6383,0,0
2022-04-27,sh.600660,32.38,34.55,32.25,34.45,26871767,902811805.79,1.3416,4.7749,0,0
2022-04-28,sh.600660,34.0,34.68,33.86,34.19,17592819,602293794.87,0.8783,-0.7547,0,0
2022-04-29,sh.600660,34.51,35.8,33.91,35.55,28416793,994497660.21,1.4187,3.9778,0,0
2022-05-05,sh.600660,35.59,36.45,35.5,35.95,22039126,796149527.32,1.1003,1.1252,0,0
2022-05-06,sh.600660,35.08,36.36,34.73,36.01,15459114,550385398.54,0.7718,0.1669,0,0
2022-05-09,sh.600660,35.8,35.86,34.68,35.02,13932911,489301433.31,0.6956,-2.7492,0,0
2022-05-10,sh.600660,34.49,35.76,34.0,35.37,17862190,627067566.67,0.8918,0.9994,0,0
2022-05-11,sh.600660,35.54,37.75,35.42,36.77,34743744,1284935206.78,1.7346,3.9582,0,0
2022-05-12,sh.600660,37.01,37.49,36.6,36.92,14771630,546269751.84,0.7375,0.4079,0,0
2022-05-13,sh.600660,36.92,37.75,36.78,37.65,15638605,585728759.64,0.7808,1.9772,0,0
2022-05-16,sh.600660,37.95,38.1,37.33,37.6,14208984,535789836.61,0.7094,-0.1328,0,0
2022-05-17,sh.600660,37.63,38.44,37.4,38.25,15292535,582403088.79,0.7635,1.7287,0,0
2022-05-18,sh.600660,38.27,38.46,37.8,38.0,11175908,425389496.79,0.558,-0.6536,0,0
2022-05-19,sh.600660,36.88,36.88,35.77,36.5,15020373,544292006.23,0.7499,-1.3514,0,0
2022-05-20,sh.600660,36.67,37.49,36.53,36.88,13354214,493103133.9,0.6667,1.0411,0,0
2022-05-23,sh.600660,36.98,37.09,35.93,36.86,18241510,666241280.43,0.9107,-0.0542,0,0
2022-05-24,sh.600660,39.7,40.55,38.65,38.68,63057847,2510652884.55,3.1482,4.9376,0,0
2022-05-25,sh.600660,37.5,39.24,37.44,39.0,25889244,996044854.98,1.2925,0.8273,0,0
2022-05-26,sh.600660,39.0,39.24,38.4,38.7,10879884,422550336.24,0.5432,-0.7692,0,0
2022-05-27,sh.600660,38.78,39.16,37.81,37.99,13183051,505161260.62,0.6582,-1.8346,0,0
2022-05-30,sh.600660,38.4,39.98,38.16,39.89,24584335,969861797.99,1.2274,5.0013,0,0
2022-05-31,sh.600660,39.88,40.4,39.5,40.14,18326904,734205728.45,0.915,0.6267,0,0
2022-06-01,sh.600660,40.94,41.66,40.51,41.15,23098592,952332504.22,1.1532,2.5162,0,0
2022-06-02,sh.600660,41.1,41.99,40.66,41.84,15414861,638215474.45,0.7696,1.6768,0,0
2022-06-06,sh.600660,41.84,43.52,41.52,42.99,23484639,1006120817.24,1.1725,2.7486,0,0
2022-06-07,sh.600660,43.0,43.22,41.16,41.45,20249865,844582098.68,1.011,-3.5822,0,0
2022-06-08,sh.600660,41.35,41.92,40.74,41.86,18322107,756104757.75,0.9147,0.9891,0,0
2022-06-09,sh.600660,41.86,41.86,40.03,40.38,23900723,968435066.97,1.1933,-3.5356,0,0
2022-06-10,sh.600660,40.35,42.5,39.83,42.4,34511997,1434286312.74,1.723,5.0025,0,0
2022-06-13,sh.600660,42.2,43.4,42.02,43.12,19642615,845552270.97,0.9807,1.6981,0,0
2022-06-14,sh.600660,43.05,43.55,41.55,43.38,18643638,794754910.39,0.9308,0.603,0,0
2022-06-15,sh.600660,43.05,44.0,42.9,42.99,14715166,638947383.24,0.7347,-0.899,0,0
2022-06-16,sh.600660,43.1,43.39,42.38,42.55,15089404,643467996.56,0.7533,-1.0235,0,0
2022-06-17,sh.600660,42.03,42.85,41.9,42.45,13873237,588512285.86,0.6926,-0.235,0,0
2022-06-20,sh.600660,42.5,42.99,42.31,42.76,12024886,512723672.58,0.6003,0.7303,0,0
2022-06-21,sh.600660,42.76,43.0,41.66,42.15,13815966,582288289.72,0.6898,-1.4266,0,0
2022-06-22,sh.600660,42.35,42.49,41.76,41.81,12234617,515198485.78,0.6108,-0.8066,0,0
2022-06-23,sh.600660,41.97,44.1,41.97,43.91,29110821,1265998948.96,1.4534,5.0227,0,0
2022-06-24,sh.600660,43.82,44.43,43.46,44.09,15026736,660950892.73,0.7502,0.4099,0,0
2022-06-27,sh.600660,44.16,44.32,42.62,43.28,19863878,858507408.11,0.9917,-1.8372,0,0
2022-06-28,sh.600660,43.48,43.53,42.65,43.4,12610593,544553262.02,0.6296,0.2773,0,0
2022-06-29,sh.600660,43.51,43.51,41.24,41.46,23942356,1005345946.26,1.1953,-4.47,0,0
2022-06-30,sh.600660,41.58,42.31,41.48,41.81,13332672,557336971.76,0.6656,0.8442,0,0
2022-07-01,sh.600660,41.87,41.99,40.38,40.84,20832924,850845362.1,1.0401,-2.32,0,0
2022-07-04,sh.600660,40.94,42.18,40.25,41.8,18388156,761923322.01,0.918,2.3506,0,0
2022-07-05,sh.600660,41.8,41.98,40.33,41.1,20659111,845068232.43,1.0314,-1.6746,0,0
2022-07-06,sh.600660,41.1,41.92,40.76,41.45,13454253,556526482.2,0.6717,0.8516,0,0
2022-07-07,sh.600660,41.45,43.7,41.25,43.03,23834227,1022605365.53,1.1899,3.8118,0,0
2022-07-08,sh.600660,43.01,43.68,42.12,42.15,12443977,530717394.46,0.6213,-2.0451,0,0
2022-07-11,sh.600660,42.15,42.15,40.58,41.3,12720106,521790165.74,0.6351,-2.0166,0,0
2022-07-12,sh.600660,42.0,43.2,40.81,41.48,19162412,807241597.48,0.9567,0.4358,0,0
2022-07-13,sh.600660,41.37,41.59,40.4,40.9,13349348,545481198.93,0.6665,-1.3983,0,0
2022-07-14,sh.600660,40.9,42.8,40.85,41.5,16048521,671302492.45,0.8012,1.467,0,0
2022-07-15,sh.600660,41.65,42.9,41.5,41.81,15635344,663016650.6,0.7806,0.747,0,0
2022-07-18,sh.600660,41.8,42.3,40.91,41.85,12659859,525874017.08,0.632,0.0957,0,0
2022-07-19,sh.600660,41.87,43.1,40.91,42.43,17411437,737948055.69,0.8693,1.3859,0,0
2022-07-20,sh.600660,42.45,42.45,41.52,41.8,9132645,381791016.33,0.456,-1.4848,0,0
2022-07-21,sh.600660,41.5,42.83,41.4,41.71,11346713,477859612.68,0.5665,-0.2153,0,0
2022-07-22,sh.600660,41.7,42.72,41.7,42.1,12259251,516619077.05,0.612,0.935,0,0
2022-07-25,sh.600660,42.09,42.09,40.75,40.98,17123499,703034342.11,0.8549,-2.6603,0,0
2022-07-26,sh.600660,40.9,41.4,40.65,41.29,6859694,281693135.41,0.3425,0.7565,0,0
2022-07-27,sh.600660,41.1,42.18,40.95,41.77,10761581,449362043.83,0.5373,1.1625,0,0
2022-07-28,sh.600660,41.8,42.05,41.33,41.8,9242268,385845972.27,0.4614,0.0718,0,0
2022-07-29,sh.600660,41.51,41.99,40.82,41.02,12481622,514310626.45,0.6232,-1.866,0,0
2022-08-01,sh.600660,41.02,41.44,40.21,41.14,13438082,548135821.98,0.6709,0.2925,0,0
2022-08-02,sh.600660,40.32,40.5,39.51,40.05,15279477,612030282.81,0.7628,-2.6495,0,0
2022-08-03,sh.600660,40.05,40.91,39.07,39.37,15189501,610175829.93,0.7583,-1.6979,0,0
2022-08-04,sh.600660,39.49,39.65,38.31,38.93,13539447,526008188.0,0.676,-1.1176,0,0
2022-08-05,sh.600660,39.07,39.47,38.53,39.18,11736788,457710320.0,0.586,0.6422,0,0
2022-08-08,sh.600660,39.18,39.56,38.83,39.04,9333738,364659426.0,0.466,-0.3573,0,0
2022-08-09,sh.600660,39.06,39.34,38.51,38.6,12115077,469358088.0,0.6049,-1.127,0,0
2022-08-10,sh.600660,38.5,38.66,37.36,37.68,19080620,720743462.0,0.9526,-2.3834,0,0
2022-08-11,sh.600660,37.7,39.4,37.54,39.16,20826939,801896490.0,1.0398,3.9278,0,0
2022-08-12,sh.600660,38.99,39.29,38.75,39.04,8070760,315156591.0,0.4029,-0.3064,0,0
2022-08-15,sh.600660,39.04,39.59,38.83,39.13,11960360,469395289.87,0.5971,0.2305,0,0
2022-08-16,sh.600660,39.37,39.55,39.01,39.1,7849426,307769529.59,0.3919,-0.0767,0,0
2022-08-17,sh.600660,39.11,39.39,38.82,39.27,11118436,434900612.47,0.5551,0.4348,0,0
2022-08-18,sh.600660,39.07,39.55,39.05,39.32,7147580,281380734.07,0.3568,0.1273,0,0
2022-08-19,sh.600660,39.33,39.88,38.91,38.99,12018323,472103610.45,0.6,-0.8393,0,0
2022-08-22,sh.600660,38.6,40.2,38.5,39.74,12145316,481295209.09,0.6064,1.9236,0,0
2022-08-23,sh.600660,39.52,39.97,39.0,39.12,9942290,390415043.56,0.4964,-1.5601,0,0
2022-08-24,sh.600660,39.05,39.35,38.18,38.32,9252474,356862767.66,0.4619,-2.045,0,0
2022-08-25,sh.600660,38.36,38.64,38.01,38.56,6504120,249565120.29,0.3247,0.6263,0,0
2022-08-26,sh.600660,38.61,38.94,37.9,38.12,14701463,562579844.4,0.734,-1.1411,0,0
2022-08-29,sh.600660,37.99,38.65,37.68,38.48,11872769,453677032.03,0.5928,0.9444,0,0
2022-08-30,sh.600660,38.61,39.4,38.29,38.7,10687957,415667850.16,0.5336,0.5717,0,0
2022-08-31,sh.600660,39.53,40.12,38.7,39.06,28384814,1116340183.85,1.4171,0.9302,0,0
2022-09-01,sh.600660,38.81,39.51,38.51,39.45,17189044,673359941.04,0.8582,0.9985,0,0
2022-09-02,sh.600660,39.37,40.1,39.12,39.78,14350112,570196463.65,0.7164,0.8365,0,0
2022-09-05,sh.600660,39.78,39.79,38.58,38.97,16721647,651236659.93,0.8348,-2.0362,0,0
2022-09-06,sh.600660,39.08,40.38,38.94,40.3,28067230,1122666716.89,1.4013,3.4129,0,0
2022-09-07,sh.600660,40.2,40.7,39.74,40.54,11364057,458897733.02,0.5674,0.5955,0,0
2022-09-08,sh.600660,40.55,41.58,40.3,41.24,14463250,597156433.13,0.7221,1.7267,0,0
2022-09-09,sh.600660,41.5,41.5,40.7,40.89,10533885,431826941.66,0.5259,-0.8487,0,0
2022-09-13,sh.600660,41.0,41.42,40.93,41.28,9272092,382189215.84,0.4629,0.9538,0,0
2022-09-14,sh.600660,40.9,41.19,40.0,40.07,12464910,503799881.76,0.6223,-2.9312,0,0
2022-09-15,sh.600660,40.16,40.35,39.2,39.49,8986902,356649566.45,0.4487,-1.4475,0,0
2022-09-16,sh.600660,39.3,39.55,38.8,38.88,7883326,308644544.32,0.3936,-1.5447,0,0
2022-09-19,sh.600660,38.89,39.5,38.61,39.02,8916960,347099470.98,0.4452,0.3601,0,0
2022-09-20,sh.600660,39.03,39.72,38.95,39.41,9023012,355686489.29,0.4505,0.9995,0,0
2022-09-21,sh.600660,39.17,39.3,38.53,38.7,8873391,344436573.89,0.443,-1.8016,0,0
2022-09-22,sh.600660,38.5,38.57,37.23,37.69,13251501,499421080.93,0.6616,-2.6098,0,0
2022-09-23,sh.600660,37.69,37.95,36.8,37.56,11757021,439781689.95,0.587,-0.3449,0,0
2022-09-26,sh.600660,37.2,37.98,37.16,37.55,8374951,315728817.34,0.4181,-0.0266,0,0
2022-09-27,sh.600660,37.48,37.6,36.4,37.47,12962005,480665905.37,0.6471,-0.213,0,0
2022-09-28,sh.600660,37.42,37.44,36.63,36.73,8109468,300016598.93,0.4049,-1.9749,0,0
2022-09-29,sh.600660,37.0,37.05,36.15,36.55,8823288,322697265.08,0.4405,-0.4901,0,0
2022-09-30,sh.600660,36.51,36.7,35.76,35.81,8892393,321810039.84,0.444,-2.0246,0,0
2022-10-10,sh.600660,35.8,35.9,35.17,35.24,9622132,341492133.8,0.4804,-1.5917,0,0
2022-10-11,sh.600660,35.23,35.45,34.78,34.88,8372305,293115204.74,0.418,-1.0216,0,0
2022-10-12,sh.600660,34.9,35.9,34.37,35.89,9267882,325821906.27,0.4627,2.8956,0,0
2022-10-13,sh.600660,35.71,36.37,35.57,35.76,8451858,303462512.58,0.422,-0.3622,0,0
2022-10-14,sh.600660,35.81,37.95,35.81,37.33,15922349,591897621.92,0.7949,4.3904,0,0
2022-10-17,sh.600660,37.16,37.39,36.75,37.32,8484112,314773963.39,0.4236,-0.0268,0,0
2022-10-18,sh.600660,37.53,37.82,36.83,36.85,10459598,387581497.45,0.5222,-1.2594,0,0
2022-10-19,sh.600660,36.85,37.3,36.56,36.61,6351983,234160733.43,0.3171,-0.6513,0,0
2022-10-20,sh.600660,36.2,36.47,35.73,36.1,9050728,326006752.97,0.4519,-1.3931,0,0
2022-10-21,sh.600660,36.06,36.61,35.31,35.5,15292398,547186579.04,0.7635,-1.662,0,0
2022-10-24,sh.600660,35.66,35.94,34.37,34.57,16511812,575997482.59,0.8244,-2.6197,0,0
2022-10-25,sh.600660,34.54,35.22,33.65,34.52,13350379,458133649.12,0.6665,-0.1446,0,0
2022-10-26,sh.600660,34.53,35.24,34.48,34.78,14207910,493905837.32,0.7093,0.7532,0,0
2022-10-27,sh.600660,35.05,35.35,34.54,34.57,10841497,377930619.85,0.5413,-0.6038,0,0
2022-10-28,sh.600660,34.34,34.64,33.2,33.31,11831769,399731119.28,0.5907,-3.6448,0,0
2022-10-31,sh.600660,33.29,33.79,33.1,33.43,11305655,378190196.63,0.5644,0.3603,0,0
2022-11-01,sh.600660,33.58,35.77,33.58,35.74,21030882,731586181.83,1.05,6.91,0,0
2022-11-02,sh.600660,35.74,37.0,35.16,36.52,21803302,794416645.98,1.0885,2.1824,0,0
2022-11-03,sh.600660,36.2,36.76,36.11,36.7,12294169,449369652.11,0.6138,0.4929,0,0
2022-11-04,sh.600660,36.6,38.3,36.6,38.07,16971256,642517005.51,0.8473,3.733,0,0
2022-11-07,sh.600660,37.98,38.3,37.53,38.14,12887711,489995113.94,0.6434,0.1839,0,0
2022-11-08,sh.600660,38.13,38.13,37.51,38.1,10704996,405038153.52,0.5345,-0.1049,0,0
2022-11-09,sh.600660,37.95,37.98,37.3,37.31,9491444,355898412.41,0.4739,-2.0735,0,0
2022-11-10,sh.600660,37.29,37.52,36.62,37.09,8945266,330418994.43,0.4466,-0.5897,0,0
2022-11-11,sh.600660,37.81,37.98,37.07,37.3,12555952,469772902.12,0.6269,0.5662,0,0
2022-11-14,sh.600660,37.3,37.86,37.09,37.39,11506442,430455409.68,0.5745,0.2413,0,0
2022-11-15,sh.600660,37.42,37.98,36.88,37.81,10193231,383294782.66,0.5089,1.1233,0,0
2022-11-16,sh.600660,37.81,38.1,37.15,37.26,9529171,358216520.56,0.4757,-1.4546,0,0
2022-11-17,sh.600660,37.3,37.3,36.62,36.9,6231350,229473619.1,0.3111,-0.9662,0,0
2022-11-18,sh.600660,37.05,37.23,36.65,36.68,6952738,256360952.82,0.3471,-0.5962,0,0
2022-11-21,sh.600660,36.57,36.57,35.8,36.1,11281732,405760183.49,0.5632,-1.5812,0,0
2022-11-22,sh.600660,36.14,36.3,35.9,36.23,9489249,342684267.25,0.4738,0.3601,0,0
2022-11-23,sh.600660,36.14,36.49,36.03,36.34,5969490,216700752.47,0.298,0.3036,0,0
2022-11-24,sh.600660,36.1,36.67,35.8,35.87,6009539,216415175.89,0.3,-1.2933,0,0
2022-11-25,sh.600660,36.0,36.21,35.67,35.81,4769669,171321400.14,0.2381,-0.1673,0,0
2022-11-28,sh.600660,35.1,35.55,34.83,35.5,7629748,268541091.57,0.3809,-0.8657,0,0
2022-11-29,sh.600660,35.49,36.2,35.45,36.2,7796420,280324580.18,0.3892,1.9718,0,0
2022-11-30,sh.600660,36.37,37.39,36.2,37.13,16739268,617346784.02,0.8357,2.5691,0,0
2022-12-01,sh.600660,37.53,37.79,37.17,37.45,10317067,386160619.38,0.5151,0.8618,0,0
2022-12-02,sh.600660,37.45,37.45,36.69,36.8,7194811,265888674.02,0.3592,-1.7356,0,0
2022-12-05,sh.600660,37.17,37.4,36.94,37.2,7444133,276511406.15,0.3717,1.087,0,0
2022-12-06,sh.600660,37.19,37.45,36.81,37.14,7482155,277296920.3,0.3735,-0.1613,0,0
2022-12-07,sh.600660,37.01,37.66,36.88,37.43,9615923,360007019.65,0.4801,0.7808,0,0
2022-12-08,sh.600660,37.19,37.5,37.0,37.27,8284560,308607355.57,0.4136,-0.4275,0,0
2022-12-09,sh.600660,37.36,37.81,37.19,37.79,10724358,401862871.29,0.5354,1.3952,0,0
2022-12-12,sh.600660,37.8,37.8,36.4,36.45,14052332,518172006.72,0.7016,-3.5459,0,0
2022-12-13,sh.600660,36.45,36.5,36.01,36.23,8270954,299507180.42,0.4129,-0.6036,0,0
2022-12-14,sh.600660,36.01,36.25,35.8,36.13,9675107,348447308.76,0.483,-0.276,0,0
2022-12-15,sh.600660,36.11,36.94,36.0,36.92,10201479,373349557.85,0.5093,2.1865,0,0
2022-12-16,sh.600660,36.8,36.89,36.37,36.64,7831501,286309802.5,0.391,-0.7584,0,0
2022-12-19,sh.600660,36.8,37.1,36.0,36.13,7977734,290308382.35,0.3983,-1.3919,0,0
2022-12-20,sh.600660,36.12,36.12,35.5,35.56,8891139,317499237.94,0.4439,-1.5776,0,0
2022-12-21,sh.600660,35.72,35.83,35.35,35.68,6226998,221824642.44,0.3109,0.3375,0,0
2022-12-22,sh.600660,35.61,35.9,35.21,35.49,7126386,252923860.84,0.3558,-0.5325,0,0
2022-12-23,sh.600660,35.18,35.36,34.93,35.08,5634436,197745680.08,0.2813,-1.1553,0,0
2022-12-26,sh.600660,35.03,35.31,34.86,35.28,8035585,281788393.32,0.4012,0.5701,0,0
2022-12-27,sh.600660,35.3,35.75,35.17,35.52,6341075,225048693.87,0.3166,0.6803,0,0
2022-12-28,sh.600660,35.43,35.45,34.89,35.03,6418647,224774542.69,0.3205,-1.3795,0,0
2022-12-29,sh.600660,34.89,35.24,34.77,35.02,5922553,207287822.08,0.2957,-0.0285,0,0
2022-12-30,sh.600660,35.08,35.43,35.01,35.07,7623438,268114619.34,0.3806,0.1428,0,0
2023-01-03,sh.600660,35.08,35.67,34.8,35.5,9944690,350453911.82,0.4965,1.2261,0,0
2023-01-04,sh.600660,35.43,35.52,34.86,35.06,10160920,356551831.06,0.5073,-1.2394,0,0
2023-01-05,sh.600660,35.12,35.64,35.12,35.48,10652065,377160646.32,0.5318,1.1979,0,0
2023-01-06,sh.600660,35.6,36.35,35.33,36.0,11291734,406694147.2,0.5637,1.4656,0,0
2023-01-09,sh.600660,36.17,36.45,35.63,35.7,12007922,431762338.27,0.5995,-0.8333,0,0
2023-01-10,sh.600660,35.7,36.46,35.52,36.32,12370868,445714153.5,0.6176,1.7367,0,0
2023-01-11,sh.600660,36.36,36.49,36.05,36.18,7030498,255099195.26,0.351,-0.3855,0,0
2023-01-12,sh.600660,36.23,36.68,36.03,36.6,11948808,435906426.71,0.5965,1.1609,0,0
2023-01-13,sh.600660,36.74,36.83,35.98,35.98,16458443,597870500.03,0.8217,-1.694,0,0
2023-01-16,sh.600660,36.2,37.5,36.16,37.35,21737762,803435060.86,1.0853,3.8077,0,0
2023-01-17,sh.600660,37.4,37.45,36.55,36.81,11153338,411081896.62,0.5568,-1.4458,0,0
2023-01-18,sh.600660,37.04,37.08,36.47,36.91,10167073,374388020.89,0.5076,0.2717,0,0
2023-01-19,sh.600660,37.11,37.36,36.99,37.32,9217871,343181144.32,0.4602,1.1108,0,0
2023-01-20,sh.600660,37.33,37.45,36.81,37.15,13630836,505323720.06,0.6805,-0.4555,0,0
2023-01-30,sh.600660,38.11,39.36,37.52,38.93,33554984,1298426908.87,1.6752,4.7914,0,0
2023-01-31,sh.600660,38.85,39.54,38.74,39.04,20572439,804862025.87,1.0271,0.2826,0,0
2023-02-01,sh.600660,39.32,39.4,38.79,39.1,11120380,433849111.0,0.5552,0.1537,0,0
2023-02-02,sh.600660,39.3,39.55,38.95,39.3,11469966,450773213.34,0.5726,0.5115,0,0
2023-02-03,sh.600660,39.3,39.6,38.97,39.45,13459327,528299871.51,0.672,0.3817,0,0
2023-02-06,sh.600660,39.25,39.33,38.44,38.59,10046845,389107109.03,0.5016,-2.18,0,0
2023-02-07,sh.600660,38.5,39.1,38.34,38.69,8102379,312601152.06,0.4045,0.2591,0,0
2023-02-08,sh.600660,38.51,38.9,38.42,38.56,4001762,154597805.96,0.1998,-0.336,0,0
2023-02-09,sh.600660,38.48,38.9,38.29,38.66,8081976,312160558.94,0.4035,0.2593,0,0
2023-02-10,sh.600660,38.68,38.77,38.15,38.24,7329048,280744071.22,0.3659,-1.0864,0,0
2023-02-13,sh.600660,38.25,38.33,37.88,38.14,10904171,414499130.58,0.5444,-0.2615,0,0
2023-02-14,sh.600660,38.14,38.23,37.61,37.89,10279411,388933580.01,0.5132,-0.6555,0,0
2023-02-15,sh.600660,37.9,38.0,37.5,37.61,8930918,336028546.63,0.4459,-0.739,0,0
2023-02-16,sh.600660,37.74,38.32,37.35,37.63,12380550,469732338.69,0.6181,0.0532,0,0
2023-02-17,sh.600660,37.71,37.95,37.5,37.54,9291968,350617468.64,0.4639,-0.2392,0,0
2023-02-20,sh.600660,37.43,37.73,37.02,37.65,11875724,443664948.22,0.5929,0.293,0,0
2023-02-21,sh.600660,37.71,38.16,37.62,37.99,8339827,315940686.38,0.4164,0.9031,0,0
2023-02-22,sh.600660,37.83,37.9,37.52,37.52,7212786,271566846.35,0.3601,-1.2372,0,0
2023-02-23,sh.600660,37.41,37.68,37.21,37.56,7508048,281501026.61,0.3748,0.1066,0,0
2023-02-24,sh.600660,37.55,37.56,36.83,37.03,8942196,331325025.04,0.4464,-1.4111,0,0
2023-02-27,sh.600660,36.98,37.1,36.76,37.09,5545544,204882895.69,0.2769,0.162,0,0
2023-02-28,sh.600660,37.14,37.19,36.76,37.07,7532671,278555628.4,0.3761,-0.0539,0,0
2023-03-01,sh.600660,37.07,37.48,37.0,37.42,8152011,304416390.96,0.407,0.9442,0,0
2023-03-02,sh.600660,37.4,37.47,37.2,37.35,6148656,229480362.56,0.307,-0.1871,0,0
2023-03-03,sh.600660,37.45,37.46,37.2,37.31,6082626,226897658.55,0.3037,-0.1071,0,0
2023-03-06,sh.600660,37.42,37.44,36.8,36.91,11627694,429764395.85,0.5805,-1.0721,0,0
2023-03-07,sh.600660,36.91,36.93,36.07,36.16,12826606,467851669.45,0.6404,-2.032,0,0
2023-03-08,sh.600660,36.19,36.57,36.0,36.37,7979362,289629821.35,0.3984,0.5808,0,0
2023-03-09,sh.600660,36.29,36.36,36.0,36.08,6823610,246567720.6,0.3407,-0.7974,0,0
2023-03-10,sh.600660,35.89,35.89,34.94,35.0,17086770,601197989.01,0.8531,-2.9933,0,0
2023-03-13,sh.600660,35.0,35.2,34.35,34.97,12840133,445921983.6,0.641,-0.0857,0,0
2023-03-14,sh.600660,34.96,35.2,34.57,35.01,8756479,305517808.7,0.4372,0.1144,0,0
2023-03-15,sh.600660,35.2,35.3,34.75,34.79,10442805,364792915.23,0.5214,-0.6284,0,0
2023-03-16,sh.600660,34.57,34.83,34.0,34.12,13301494,457289229.19,0.6641,-1.9258,0,0
2023-03-17,sh.600660,34.47,34.5,33.8,34.04,19927157,678109014.14,0.9949,-0.2345,0,0
2023-03-20,sh.600660,34.02,34.68,33.87,34.31,18279712,627951782.45,0.9126,0.7932,0,0
2023-03-21,sh.600660,34.52,34.66,34.25,34.65,12729576,438944054.5,0.6355,0.991,0,0
2023-03-22,sh.600660,34.75,34.8,34.4,34.58,11673086,403389000.76,0.5828,-0.202,0,0
2023-03-23,sh.600660,34.62,34.63,34.24,34.49,8603386,295826321.53,0.4295,-0.2603,0,0
2023-03-24,sh.600660,34.52,34.53,34.3,34.39,6666353,229093387.74,0.3328,-0.2899,0,0
2023-03-27,sh.600660,34.46,34.66,34.31,34.51,9535035,328698003.58,0.476,0.3489,0,0
2023-03-28,sh.600660,34.58,34.66,34.44,34.56,6874988,237404065.98,0.3432,0.1449,0,0
2023-03-29,sh.600660,34.63,34.88,34.0,34.47,11714850,404447222.97,0.5849,-0.2604,0,0
2023-03-30,sh.600660,34.45,34.51,34.05,34.51,9377729,321484991.79,0.4682,0.116,0,0
2023-03-31,sh.600660,34.55,34.88,34.52,34.76,9251181,321242144.49,0.4619,0.7244,0,0
2023-04-03,sh.600660,34.78,34.95,34.55,34.86,14093329,489879626.25,0.7036,0.2877,0,0
2023-04-04,sh.600660,34.87,34.93,33.85,33.92,27087678,925201953.44,1.3524,-2.6965,0,0
2023-04-06,sh.600660,33.93,34.23,33.92,34.17,6716042,229016034.22,0.3353,0.737,0,0
2023-04-07,sh.600660,34.17,34.32,34.0,34.28,6411548,219633233.09,0.3201,0.3219,0,0
2023-04-10,sh.600660,34.32,34.37,34.1,34.18,6118670,209233438.58,0.3055,-0.2917,0,0
2023-04-11,sh.600660,34.19,34.21,33.59,33.79,14333052,483718354.81,0.7156,-1.141,0,0
2023-04-12,sh.600660,33.8,33.8,33.35,33.48,13420311,449881073.72,0.67,-0.9174,0,0
2023-04-13,sh.600660,33.49,33.52,33.16,33.32,10197296,339358738.95,0.5091,-0.4779,0,0
2023-04-14,sh.600660,33.33,33.71,33.23,33.4,11864213,396880826.57,0.5923,0.2401,0,0
2023-04-17,sh.600660,33.51,34.25,33.5,34.22,17381959,590506099.89,0.8678,2.4551,0,0
2023-04-18,sh.600660,34.22,34.68,34.15,34.29,15098088,519766747.18,0.7538,0.2046,0,0
2023-04-19,sh.600660,34.28,34.29,33.8,33.98,8148131,276588594.93,0.4068,-0.9041,0,0
2023-04-20,sh.600660,34.06,34.06,33.72,33.83,6995492,236434461.0,0.3493,-0.4414,0,0
2023-04-21,sh.600660,33.93,34.16,33.6,33.65,10017869,339637167.62,0.5001,-0.5321,0,0
2023-04-24,sh.600660,33.64,33.89,33.3,33.48,9969233,334591131.74,0.4977,-0.5052,0,0
2023-04-25,sh.600660,33.5,33.66,32.9,33.08,10606908,351343651.03,0.5296,-1.1947,0,0
2023-04-26,sh.600660,33.06,33.62,33.0,33.54,8149473,272418117.87,0.4069,1.3906,0,0
2023-04-27,sh.600660,33.8,34.12,33.55,34.04,8853535,300058453.49,0.442,1.4908,0,0
2023-04-28,sh.600660,34.08,34.34,33.85,33.95,8409442,286561936.58,0.4198,-0.2644,0,0
2023-05-04,sh.600660,33.85,33.94,33.59,33.71,6952344,234348890.52,0.3471,-0.7069,0,0
2023-05-05,sh.600660,33.62,33.7,33.15,33.22,7773127,258633472.81,0.3881,-1.4536,0,0
2023-05-08,sh.600660,33.22,33.5,33.2,33.42,5290925,176489170.0,0.2642,0.602,0,0
2023-05-09,sh.600660,33.54,33.54,33.13,33.16,7583182,252334364.34,0.3786,-0.778,0,0
2023-05-10,sh.600660,33.1,33.96,33.01,33.76,10757373,361501656.31,0.5371,1.8094,0,0
2023-05-11,sh.600660,33.9,34.19,33.62,34.19,9133321,310466633.39,0.456,1.2737,0,0
2023-05-12,sh.600660,34.08,34.18,33.71,33.86,5049184,171177770.39,0.2521,-0.9652,0,0
2023-05-15,sh.600660,33.85,34.65,33.83,34.61,11606356,398398101.81,0.5795,2.215,0,0
2023-05-16,sh.600660,34.78,34.78,34.42,34.54,8025459,277346532.26,0.4007,-0.2023,0,0
2023-05-17,sh.600660,34.6,34.86,34.4,34.58,8972606,310512388.01,0.448,0.1158,0,0
2023-05-18,sh.600660,33.5,33.5,33.08,33.13,7300997,242319763.68,0.3645,-0.6001,0,0
2023-05-19,sh.600660,33.13,33.46,32.95,33.26,5205082,172884139.47,0.2599,0.3924,0,0
2023-05-22,sh.600660,33.26,33.48,33.07,33.4,5780286,192714263.82,0.2886,0.4209,0,0
2023-05-23,sh.600660,33.5,33.69,33.31,33.35,6650804,222959307.12,0.332,-0.1497,0,0
2023-05-24,sh.600660,33.31,33.5,33.1,33.14,4778624,158949991.16,0.2386,-0.6297,0,0
2023-05-25,sh.600660,33.19,33.2,32.35,33.03,8244609,270627253.46,0.4116,-0.3319,0,0
2023-05-26,sh.600660,33.02,33.3,32.58,33.19,6926622,228914851.71,0.3458,0.4844,0,0
2023-05-29,sh.600660,33.27,33.33,32.72,32.9,6055947,199077199.87,0.3023,-0.8738,0,0
2023-05-30,sh.600660,32.78,33.2,32.62,32.81,4813191,158268651.96,0.2403,-0.2736,0,0
2023-05-31,sh.600660,32.8,32.81,32.27,32.44,5814733,188505036.3,0.2903,-1.1277,0,0
2023-06-01,sh.600660,32.44,32.54,32.2,32.28,4533014,146572373.71,0.2263,-0.4932,0,0
2023-06-02,sh.600660,32.4,33.43,32.16,33.23,9802992,322246927.71,0.4894,2.943,0,0
2023-06-05,sh.600660,33.4,33.41,32.95,33.23,5005313,166040771.53,0.2499,0.0,0,0
2023-06-06,sh.600660,33.18,33.27,32.7,32.81,6088973,200619416.72,0.304,-1.2639,0,0
2023-06-07,sh.600660,32.87,33.07,32.45,32.89,6755791,221560139.56,0.3373,0.2438,0,0
2023-06-08,sh.600660,32.97,33.05,32.73,32.83,3280692,107820145.75,0.1638,-0.1824,0,0
2023-06-09,sh.600660,32.95,33.15,32.82,32.99,5482480,180958809.36,0.2737,0.4874,0,0
2023-06-12,sh.600660,33.1,33.75,32.99,33.55,13593594,454831898.2,0.6787,1.6975,0,0
2023-06-13,sh.600660,33.5,33.65,33.38,33.6,5318693,178317527.2,0.2655,0.149,0,0
2023-06-14,sh.600660,33.65,33.83,33.5,33.57,5263365,177123179.45,0.2628,-0.0893,0,0
2023-06-15,sh.600660,33.54,34.5,33.52,34.36,16867069,577332631.69,0.8421,2.3533,0,0
2023-06-16,sh.600660,34.6,34.64,34.16,34.28,7944098,272590201.19,0.3966,-0.2328,0,0
2023-06-19,sh.600660,34.27,34.79,34.15,34.41,10294559,354343526.93,0.514,0.3792,0,0
2023-06-20,sh.600660,34.3,34.58,34.22,34.49,6915384,238311807.35,0.3453,0.2325,0,0
2023-06-21,sh.600660,34.49,34.67,34.31,34.38,8194955,282837326.36,0.4091,-0.3189,0,0
2023-06-26,sh.600660,33.96,34.78,33.85,34.52,13826975,477622435.72,0.6903,0.4072,0,0
2023-06-27,sh.600660,34.31,34.73,34.16,34.51,8406067,289644267.87,0.4197,-0.029,0,0
2023-06-28,sh.600660,34.5,35.45,34.43,34.91,11785061,413098509.81,0.5884,1.1591,0,0
2023-06-29,sh.600660,34.91,35.38,34.81,35.15,10405036,365869715.81,0.5195,0.6875,0,0
2023-06-30,sh.600660,35.08,35.93,35.01,35.85,18994413,677116366.44,0.9483,1.9915,0,0
2023-07-03,sh.600660,35.86,36.41,35.66,35.66,12156152,437347609.45,0.6069,-0.53,0,0
2023-07-04,sh.600660,35.66,36.22,35.44,36.06,10808356,389449840.12,0.5396,1.1217,0,0
2023-07-05,sh.600660,36.09,36.21,35.67,35.75,6472931,232065121.59,0.3232,-0.8597,0,0
2023-07-06,sh.600660,35.57,35.95,35.35,35.72,10006187,357151174.81,0.4996,-0.0839,0,0
2023-07-07,sh.600660,35.7,36.01,35.4,35.8,6802152,243238224.9,0.3396,0.224,0,0
2023-07-10,sh.600660,35.77,36.18,35.55,35.67,6978164,249699723.08,0.3484,-0.3631,0,0
2023-07-11,sh.600660,35.89,36.17,35.64,36.01,9092642,327155775.99,0.454,0.9532,0,0
2023-07-12,sh.600660,36.01,36.7,35.98,36.55,19280713,705188085.98,0.9626,1.4996,0,0
2023-07-13,sh.600660,36.38,36.8,36.16,36.66,12855628,468510008.34,0.6418,0.301,0,0
2023-07-14,sh.600660,36.66,36.66,36.0,36.2,13932646,504240554.06,0.6956,-1.2548,0,0
2023-07-17,sh.600660,36.18,36.18,35.34,35.75,10600060,377161006.06,0.5292,-1.2431,0,0
2023-07-18,sh.600660,35.74,36.56,35.5,36.21,9906849,357970087.19,0.4946,1.2867,0,0
2023-07-19,sh.600660,36.2,36.37,35.86,36.28,5767912,208661378.96,0.288,0.1933,0,0
2023-07-20,sh.600660,36.2,36.5,36.13,36.21,6728644,244635198.72,0.3359,-0.1929,0,0
2023-07-21,sh.600660,36.21,36.38,36.0,36.1,4533211,163825620.28,0.2263,-0.3038,0,0
2023-07-24,sh.600660,36.0,36.66,35.85,36.39,7642272,278081079.83,0.3815,0.8033,0,0
2023-07-25,sh.600660,36.76,37.2,36.56,37.06,12238323,452417631.24,0.611,1.8412,0,0
2023-07-26,sh.600660,37.18,37.25,36.92,37.02,5637871,209127252.04,0.2815,-0.1079,0,0
2023-07-27,sh.600660,37.18,37.6,36.93,36.95,6405995,238351186.95,0.3198,-0.1891,0,0
2023-07-28,sh.600660,36.91,37.45,36.59,37.4,8149791,303320433.35,0.4069,1.2179,0,0
2023-07-31,sh.600660,37.39,38.2,37.39,37.88,11477421,435771711.0,0.573,1.2834,0,0
2023-08-01,sh.600660,37.89,38.0,37.2,37.59,8871369,333190181.65,0.4429,-0.7656,0,0
2023-08-02,sh.600660,37.59,37.86,37.4,37.71,4376691,164730693.42,0.2185,0.3192,0,0
2023-08-03,sh.600660,37.59,37.8,37.32,37.59,6636497,248905266.29,0.3313,-0.3182,0,0
2023-08-04,sh.600660,37.77,38.46,37.7,38.15,13831804,528187330.53,0.6906,1.4898,0,0
2023-08-07,sh.600660,38.26,38.28,37.38,37.66,11600017,436883474.56,0.5791,-1.2844,0,0
2023-08-08,sh.600660,37.65,37.88,37.36,37.56,8847039,332261909.06,0.4417,-0.2655,0,0
2023-08-09,sh.600660,37.4,37.6,37.2,37.58,5181888,193933880.69,0.2587,0.0532,0,0
2023-08-10,sh.600660,37.6,37.88,37.33,37.58,6185270,232507471.72,0.3088,0.0,0,0
2023-08-11,sh.600660,37.69,37.76,37.12,37.21,7586279,283286123.13,0.3787,-0.9846,0,0
2023-08-14,sh.600660,37.0,37.06,36.3,36.86,11818395,433085174.59,0.59,-0.9406,0,0
2023-08-15,sh.600660,37.0,37.32,36.43,36.63,11280675,414258784.97,0.5632,-0.624,0,0
2023-08-16,sh.600660,36.71,36.89,36.51,36.69,5546860,203638203.95,0.2769,0.1638,0,0
2023-08-17,sh.600660,36.33,37.62,36.13,37.42,8226556,305786748.43,0.4107,1.9896,0,0
2023-08-18,sh.600660,37.92,38.19,37.63,37.63,17288053,656002723.22,0.8631,0.5612,0,0
2023-08-21,sh.600660,37.76,38.15,37.52,37.73,10717371,405865022.44,0.5351,0.2657,0,0
2023-08-22,sh.600660,37.73,38.07,37.56,37.92,11938103,452032604.56,0.596,0.5036,0,0
2023-08-23,sh.600660,38.13,38.23,37.69,37.73,8981285,341103104.91,0.4484,-0.5011,0,0
2023-08-24,sh.600660,37.78,38.5,37.74,38.1,13006257,496658617.44,0.6493,0.9807,0,0
2023-08-25,sh.600660,37.83,38.09,37.67,37.96,6900337,261686308.54,0.3445,-0.3675,0,0
2023-08-28,sh.600660,38.88,39.21,37.44,37.63,15994323,606992486.06,0.7985,-0.8693,0,0
2023-08-29,sh.600660,37.63,37.96,37.33,37.45,10750754,403860253.33,0.5367,-0.4783,0,0
2023-08-30,sh.600660,37.58,38.09,37.43,37.86,7125991,269312991.42,0.3558,1.0948,0,0
2023-08-31,sh.600660,37.83,38.24,37.65,38.0,7156477,272114251.94,0.3573,0.3698,0,0
2023-09-01,sh.600660,38.02,38.19,37.85,38.13,4771664,181671677.21,0.2382,0.3421,0,0
2023-09-04,sh.600660,38.19,38.77,38.09,38.68,11380089,439375221.52,0.5682,1.4424,0,0
2023-09-05,sh.600660,38.68,38.8,38.33,38.38,5813048,224105112.23,0.2902,-0.7756,0,0
2023-09-06,sh.600660,38.38,38.89,38.38,38.88,9136628,353530682.34,0.4562,1.3028,0,0
2023-09-07,sh.600660,38.73,38.8,38.4,38.6,6370700,245994134.87,0.3181,-0.7202,0,0
2023-09-08,sh.600660,38.61,38.66,37.92,37.95,6259161,238557575.21,0.3125,-1.6839,0,0
2023-09-11,sh.600660,37.95,38.58,37.95,38.39,8568992,328331174.3,0.4278,1.1594,0,0
2023-09-12,sh.600660,38.56,38.9,38.39,38.76,8468318,327627737.73,0.4228,0.9638,0,0
2023-09-13,sh.600660,38.76,38.9,38.24,38.41,8292249,318846857.19,0.414,-0.903,0,0
2023-09-14,sh.600660,38.26,38.45,37.87,38.07,9605260,366580200.36,0.4795,-0.8852,0,0
2023-09-15,sh.600660,38.07,38.1,37.55,37.75,8253147,311365732.36,0.412,-0.8406,0,0
2023-09-18,sh.600660,37.88,38.66,37.71,38.5,8846988,339813671.07,0.4417,1.9868,0,0
2023-09-19,sh.600660,38.5,38.55,37.9,38.43,6356401,243490027.43,0.3173,-0.1818,0,0
2023-09-20,sh.600660,38.54,38.76,38.2,38.27,6053265,232441571.96,0.3022,-0.4163,0,0
2023-09-21,sh.600660,38.32,38.42,37.9,38.0,4900215,186348440.82,0.2446,-0.7055,0,0
2023-09-22,sh.600660,38.03,38.48,38.03,38.41,4655273,178409853.93,0.2324,1.0789,0,0
2023-09-25,sh.600660,38.65,38.75,38.36,38.56,10023465,386620318.93,0.5004,0.3905,0,0
2023-09-26,sh.600660,38.31,38.64,37.73,37.86,8348856,317549106.22,0.4168,-1.8154,0,0
2023-09-27,sh.600660,37.78,38.13,37.46,37.47,7259829,274393362.92,0.3625,-1.0301,0,0
2023-09-28,sh.600660,37.46,37.55,36.77,36.92,11949296,442047856.11,0.5966,-1.4678,0,0
2023-10-09,sh.600660,36.88,38.48,36.85,38.31,14828425,562005992.69,0.7403,3.7649,0,0
2023-10-10,sh.600660,38.23,38.3,37.65,38.0,7900147,300253263.43,0.3944,-0.8092,0,0
2023-10-11,sh.600660,38.37,38.69,37.95,38.08,5944172,226957010.5,0.2968,0.2105,0,0
2023-10-12,sh.600660,38.08,38.78,37.95,38.65,8629872,332474143.12,0.4309,1.4968,0,0
2023-10-13,sh.600660,38.54,39.15,38.38,38.83,12758033,495886843.13,0.637,0.4657,0,0
2023-10-16,sh.600660,39.0,39.16,38.7,38.95,9078495,352992872.41,0.4532,0.309,0,0
2023-10-17,sh.600660,38.75,39.85,38.26,38.53,13772478,534665437.45,0.6876,-1.0783,0,0
2023-10-18,sh.600660,38.76,39.16,38.53,38.95,12415313,482396198.57,0.6198,1.0901,0,0
2023-10-19,sh.600660,38.9,38.9,37.86,37.9,7925378,301780849.85,0.3957,-2.6958,0,0
2023-10-20,sh.600660,37.73,37.82,36.8,37.07,8202121,304428735.48,0.4095,-2.19,0,0
2023-10-23,sh.600660,36.88,37.1,36.15,36.48,6151106,224844626.94,0.3071,-1.5916,0,0
2023-10-24,sh.600660,36.48,36.82,36.32,36.6,9757241,356893658.0,0.4871,0.3289,0,0
2023-10-25,sh.600660,36.64,36.98,36.2,36.9,8872179,325286489.86,0.4429,0.8197,0,0
2023-10-26,sh.600660,36.65,37.6,36.58,37.53,7746493,288167453.82,0.3867,1.7073,0,0
2023-10-27,sh.600660,37.52,38.88,37.2,38.52,11314302,434989077.16,0.5649,2.6379,0,0
2023-10-30,sh.600660,38.5,38.5,37.5,37.63,10024880,379425827.21,0.5005,-2.3105,0,0
2023-10-31,sh.600660,37.68,37.69,37.06,37.2,7449889,277855472.78,0.3719,-1.1427,0,0
2023-11-01,sh.600660,37.32,37.37,36.98,37.0,5966763,221206018.89,0.2979,-0.5376,0,0
2023-11-02,sh.600660,36.96,37.44,36.96,37.09,4522706,168193149.23,0.2258,0.2432,0,0
2023-11-03,sh.600660,37.1,37.63,37.1,37.38,4989001,186761324.62,0.2491,0.7819,0,0
2023-11-06,sh.600660,37.38,37.63,37.01,37.1,10564043,392452079.38,0.5274,-0.7491,0,0
2023-11-07,sh.600660,37.1,37.21,36.9,37.03,5751703,213219797.79,0.2872,-0.1887,0,0
2023-11-08,sh.600660,37.04,37.16,36.71,36.94,6277333,231288428.8,0.3134,-0.243,0,0
2023-11-09,sh.600660,36.8,37.1,36.5,36.94,4954551,182336515.34,0.2474,0.0,0,0
2023-11-10,sh.600660,36.8,36.85,36.29,36.41,6661268,242519023.84,0.3326,-1.4348,0,0
2023-11-13,sh.600660,36.5,36.58,35.92,36.19,6339011,229249892.52,0.3165,-0.6042,0,0
2023-11-14,sh.600660,36.15,36.57,36.1,36.43,4322144,157202780.98,0.2158,0.6632,0,0
2023-11-15,sh.600660,36.58,36.82,36.3,36.44,10100077,368916479.73,0.5043,0.0274,0,0
2023-11-16,sh.600660,36.58,36.93,36.41,36.8,8843136,324888987.4,0.4415,0.9879,0,0
2023-11-17,sh.600660,36.86,37.2,36.75,37.2,7009874,259761842.62,0.35,1.087,0,0
2023-11-20,sh.600660,37.01,37.35,36.66,37.26,7922887,293889397.78,0.3956,0.1613,0,0
2023-11-21,sh.600660,37.24,37.75,37.2,37.42,9232597,346592722.48,0.4609,0.4294,0,0
2023-11-22,sh.600660,37.35,37.68,37.3,37.37,6951189,260764437.18,0.347,-0.1336,0,0
2023-11-23,sh.600660,37.3,37.9,37.27,37.89,9425505,355995461.21,0.4706,1.3915,0,0
2023-11-24,sh.600660,37.88,37.88,37.4,37.55,6422166,241409850.48,0.3206,-0.8973,0,0
2023-11-27,sh.600660,37.58,37.66,36.95,37.15,8239454,306349835.45,0.4114,-1.0652,0,0
2023-11-28,sh.600660,37.15,37.61,36.95,37.6,8178072,306403169.06,0.4083,1.2113,0,0
2023-11-29,sh.600660,37.65,37.86,37.36,37.8,9342810,352098229.34,0.4664,0.5319,0,0
2023-11-30,sh.600660,37.8,37.9,37.52,37.66,7844862,296066496.11,0.3917,-0.3704,0,0
2023-12-01,sh.600660,37.61,37.65,37.18,37.44,6546948,244822828.55,0.3269,-0.5842,0,0
2023-12-04,sh.600660,37.5,37.79,37.35,37.41,5555034,208503232.44,0.2773,-0.0801,0,0
2023-12-05,sh.600660,37.41,37.42,36.95,37.0,5548742,206031260.79,0.277,-1.096,0,0
2023-12-06,sh.600660,36.9,37.17,36.72,36.98,6009370,221922470.55,0.3,-0.0541,0,0
2023-12-07,sh.600660,37.02,37.15,36.59,36.64,7124382,261531259.06,0.3557,-0.9194,0,0
2023-12-08,sh.600660,36.63,36.81,36.32,36.45,8167044,298478843.72,0.4077,-0.5186,0,0
2023-12-11,sh.600660,36.33,37.09,35.9,37.04,6895468,252601753.73,0.3443,1.6187,0,0
2023-12-12,sh.600660,37.07,37.64,36.7,37.54,6329826,235607264.38,0.316,1.3499,0,0
2023-12-13,sh.600660,37.73,38.07,37.42,37.93,12710134,480271641.99,0.6346,1.0389,0,0
2023-12-14,sh.600660,37.93,38.15,37.73,37.74,5177504,196189098.01,0.2585,-0.5009,0,0
2023-12-15,sh.600660,37.74,37.85,36.76,36.76,10062076,373700530.15,0.5024,-2.5967,0,0
2023-12-18,sh.600660,37.04,37.18,36.52,36.72,7353304,270972979.48,0.3671,-0.1088,0,0
2023-12-19,sh.600660,36.77,36.95,36.51,36.93,4716472,173565033.63,0.2355,0.5719,0,0
2023-12-20,sh.600660,36.9,37.1,36.76,36.76,4997848,184493705.8,0.2495,-0.4603,0,0
2023-12-21,sh.600660,36.65,37.58,36.58,37.49,8921418,332154248.43,0.4454,1.9859,0,0
2023-12-22,sh.600660,37.49,37.65,37.32,37.5,4657838,174526038.92,0.2325,0.0267,0,0
2023-12-25,sh.600660,37.5,37.5,36.62,37.0,6483499,239373063.36,0.3237,-1.3333,0,0
2023-12-26,sh.600660,36.93,37.14,36.7,36.94,3960002,146324779.8,0.1977,-0.1622,0,0
2023-12-27,sh.600660,36.99,37.55,36.87,37.35,5819827,217266080.58,0.2906,1.1099,0,0
2023-12-28,sh.600660,37.35,37.59,36.4,36.9,11722502,432898608.2,0.5853,-1.2048,0,0
2023-12-29,sh.600660,36.75,37.45,36.74,37.39,10070129,373324877.3,0.5028,1.3279,0,0
2024-01-02,sh.600660,37.46,38.39,37.31,37.68,9507729,360433440.25,0.4747,0.7756,0,0
2024-01-03,sh.600660,37.6,38.18,37.45,38.01,10243336,388598498.18,0.5114,0.8758,0,0
2024-01-04,sh.600660,37.9,38.34,37.81,38.1,9265749,352345165.97,0.4626,0.2368,0,0
2024-01-05,sh.600660,38.21,38.85,38.06,38.31,12288698,473399682.9,0.6135,0.5512,0,0
2024-01-08,sh.600660,38.38,38.84,38.15,38.64,14444837,556231834.3,0.7212,0.8614,0,0
2024-01-09,sh.600660,38.62,38.64,37.83,38.15,11546072,439652799.62,0.5764,-1.2681,0,0
2024-01-10,sh.600660,38.1,39.0,38.0,38.88,14429078,559090158.5,0.7204,1.9135,0,0
2024-01-11,sh.600660,38.7,39.07,38.5,38.96,11018012,427852886.74,0.5501,0.2058,0,0
2024-01-12,sh.600660,39.02,39.46,38.8,39.0,10890349,425479705.18,0.5437,0.1027,0,0
2024-01-15,sh.600660,39.0,39.0,38.58,38.63,10516476,407068806.52,0.525,-0.9487,0,0
2024-01-16,sh.600660,38.62,39.38,38.51,39.33,12065343,471593058.56,0.6024,1.8121,0,0
2024-01-17,sh.600660,39.26,39.64,38.84,38.84,10638891,418500525.73,0.5312,-1.2459,0,0
2024-01-18,sh.600660,38.9,39.5,38.41,39.5,15997020,622540863.88,0.7987,1.6993,0,0
2024-01-19,sh.600660,39.4,39.68,38.78,39.01,9304245,363942495.0,0.4645,-1.2405,0,0
2024-01-22,sh.600660,38.98,39.09,38.14,38.4,12493527,482995728.5,0.6237,-1.5637,0,0
2024-01-23,sh.600660,38.4,38.4,37.45,37.52,12694114,479567451.98,0.6338,-2.2917,0,0
2024-01-24,sh.600660,37.5,38.18,37.17,37.42,12392409,465574597.15,0.6187,-0.2665,0,0
2024-01-25,sh.600660,37.46,37.81,37.1,37.48,15858148,594684189.19,0.7917,0.1603,0,0
2024-01-26,sh.600660,37.6,38.48,37.57,38.3,16019974,609010276.51,0.7998,2.1878,0,0
2024-01-29,sh.600660,38.31,39.15,38.3,38.73,12354700,477676138.0,0.6168,1.1227,0,0
2024-01-30,sh.600660,38.55,39.1,38.31,38.4,11900451,461726294.73,0.5941,-0.8521,0,0
2024-01-31,sh.600660,38.39,39.05,38.05,38.11,16851580,649264490.52,0.8413,-0.7552,0,0
2024-02-01,sh.600660,37.99,39.3,37.96,38.96,15987582,621880322.74,0.7982,2.2304,0,0
2024-02-02,sh.600660,38.96,39.4,38.3,39.15,13750974,537091765.19,0.6865,0.4877,0,0
2024-02-05,sh.600660,39.19,40.87,38.96,40.67,23803517,949567464.47,1.1884,3.8825,0,0
2024-02-06,sh.600660,40.66,41.54,40.19,40.66,16289864,663496547.04,0.8133,-0.0246,0,0
2024-02-07,sh.600660,40.76,41.36,40.32,41.3,14921173,612463785.32,0.7449,1.574,0,0
2024-02-08,sh.600660,41.36,41.75,40.41,41.17,14857386,606971745.27,0.7418,-0.3148,0,0
2024-02-19,sh.600660,41.17,41.29,40.35,40.98,12880582,525206628.8,0.6431,-0.4615,0,0
2024-02-20,sh.600660,40.73,41.5,40.62,41.09,9885849,405822414.91,0.4936,0.2684,0,0
2024-02-21,sh.600660,41.0,42.0,40.72,41.72,13274871,550968503.99,0.6628,1.5332,0,0
2024-02-22,sh.600660,41.5,41.98,41.29,41.68,7117519,296777706.4,0.3553,-0.0959,0,0
2024-02-23,sh.600660,41.5,42.3,41.5,41.79,7804606,326997005.55,0.3896,0.2639,0,0
2024-02-26,sh.600660,41.99,42.5,41.6,41.74,11242787,472814956.77,0.5613,-0.1196,0,0
2024-02-27,sh.600660,41.72,42.2,41.62,41.87,8834743,370182510.78,0.4411,0.3115,0,0
2024-02-28,sh.600660,41.7,42.43,41.44,42.03,12547101,526544214.6,0.6264,0.3821,0,0
2024-02-29,sh.600660,41.9,43.43,41.89,43.29,15051054,645577268.79,0.7514,2.9979,0,0
2024-03-01,sh.600660,43.5,43.54,43.04,43.38,8085827,350557266.83,0.4037,0.2079,0,0
2024-03-04,sh.600660,43.36,44.0,43.21,43.97,8802402,384618170.22,0.4395,1.3601,0,0
2024-03-05,sh.600660,44.0,46.48,43.56,46.13,20090100,910449352.24,1.003,4.9124,0,0
2024-03-06,sh.600660,46.1,46.11,45.21,45.32,13787124,628072151.17,0.6883,-1.7559,0,0
2024-03-07,sh.600660,45.3,45.41,44.42,44.7,13283032,594574635.85,0.6632,-1.368,0,0
2024-03-08,sh.600660,44.65,44.95,44.46,44.72,9047240,403978693.57,0.4517,0.0447,0,0
2024-03-11,sh.600660,44.75,45.29,44.58,45.26,10547877,474591827.86,0.5266,1.2075,0,0
2024-03-12,sh.600660,45.2,45.25,44.31,44.48,10605210,473379556.08,0.5295,-1.7234,0,0
2024-03-13,sh.600660,44.27,44.47,43.69,43.9,12254551,538720016.44,0.6118,-1.304,0,0
2024-03-14,sh.600660,43.61,44.15,43.61,43.88,6277324,275451021.19,0.3134,-0.0456,0,0
2024-03-15,sh.600660,43.88,44.18,43.65,43.65,9082485,398539151.34,0.4534,-0.5242,0,0
2024-03-18,sh.600660,43.95,44.12,42.6,43.18,23536418,1014917250.78,1.1751,-1.0767,0,0
2024-03-19,sh.600660,43.09,43.09,42.32,42.35,20018379,853391680.86,0.9994,-1.9222,0,0
2024-03-20,sh.600660,42.62,42.87,42.4,42.58,10463483,445681016.62,0.5224,0.5431,0,0
2024-03-21,sh.600660,42.5,42.64,41.41,41.72,18717522,782876758.66,0.9345,-2.0197,0,0
2024-03-22,sh.600660,41.8,42.62,41.76,42.41,16167011,684789240.01,0.8071,1.6539,0,0
2024-03-25,sh.600660,42.6,43.5,42.18,42.29,19057820,815160453.62,0.9515,-0.283,0,0
2024-03-26,sh.600660,42.29,43.16,42.27,42.98,16652173,715386547.73,0.8314,1.6316,0,0
2024-03-27,sh.600660,43.0,43.42,42.73,42.8,14424109,621047902.49,0.7201,-0.4188,0,0
2024-03-28,sh.600660,42.5,43.35,42.01,42.95,15794098,676878563.4,0.7885,0.3505,0,0
2024-03-29,sh.600660,42.81,43.26,42.68,43.26,6967032,299960952.05,0.3478,0.7218,0,0
2024-04-01,sh.600660,43.22,44.88,43.21,44.8,14064937,623774833.4,0.7022,3.5599,0,0
2024-04-02,sh.600660,44.58,44.62,43.7,44.04,16765201,737666473.98,0.837,-1.6964,0,0
2024-04-03,sh.600660,43.96,44.4,43.75,44.14,10810091,476848251.61,0.5397,0.2271,0,0
2024-04-08,sh.600660,44.16,45.48,44.16,44.9,14082910,633465967.54,0.7031,1.7218,0,0
2024-04-09,sh.600660,44.9,44.9,43.92,44.15,9970599,441227598.89,0.4978,-1.6704,0,0
2024-04-10,sh.600660,44.08,44.75,43.98,44.38,7775691,345347445.09,0.3882,0.521,0,0
2024-04-11,sh.600660,44.3,44.97,43.8,44.86,9836420,438115616.06,0.4911,1.0816,0,0
2024-04-12,sh.600660,44.98,45.32,44.7,44.75,9603312,432376108.58,0.4794,-0.2452,0,0
2024-04-15,sh.600660,44.83,45.6,44.61,45.42,11592384,524448132.85,0.5788,1.4972,0,0
2024-04-16,sh.600660,45.42,45.95,45.06,45.53,11912574,543308345.42,0.5947,0.2422,0,0
2024-04-17,sh.600660,45.51,45.53,44.64,45.31,12269692,551671733.63,0.6126,-0.4832,0,0
2024-04-18,sh.600660,45.02,46.88,44.95,46.34,20294258,939740244.75,1.0132,2.2732,0,0
2024-04-19,sh.600660,46.16,46.52,45.9,46.0,10428372,481767068.76,0.5206,-0.7337,0,0
2024-04-22,sh.600660,46.12,46.59,45.61,45.75,8372535,385148033.05,0.418,-0.5435,0,0
2024-04-23,sh.600660,45.72,45.82,44.9,45.07,8961911,404906365.07,0.4474,-1.4863,0,0
2024-04-24,sh.600660,45.27,45.39,44.85,45.28,9185562,413613156.56,0.4586,0.4659,0,0
2024-04-25,sh.600660,45.21,45.44,44.7,44.75,7968523,358817847.56,0.3978,-1.1705,0,0
2024-04-26,sh.600660,46.7,49.23,46.6,49.23,37615954,1834971195.77,1.878,10.0112,1,0
2024-04-29,sh.600660,50.16,50.16,48.68,48.8,24216302,1190053904.53,1.209,-0.8735,0,0
2024-04-30,sh.600660,48.64,50.31,48.34,49.83,29963404,1481003759.48,1.4959,2.1107,0,0
2024-05-06,sh.600660,49.9,50.88,49.08,50.54,27083214,1354019576.38,1.3521,1.4248,0,0
2024-05-07,sh.600660,50.49,51.05,49.98,50.98,11613910,589075428.01,0.5798,0.8706,0,0
2024-05-08,sh.600660,50.68,50.87,49.47,49.91,12542879,626114500.5,0.6262,-2.0989,0,0
2024-05-09,sh.600660,50.0,50.2,49.49,50.03,9414770,469897200.67,0.47,0.2404,0,0
2024-05-10,sh.600660,50.35,51.0,50.05,50.75,12089511,613043951.49,0.6036,1.4391,0,0
2024-05-13,sh.600660,50.38,52.18,50.02,51.72,16461192,850683277.52,0.8218,1.9113,0,0
2024-05-14,sh.600660,51.66,51.95,50.92,51.12,12231533,627995985.76,0.6107,-1.1601,0,0
2024-05-15,sh.600660,50.73,51.28,50.51,50.55,8123796,412797373.7,0.4056,-1.115,0,0
2024-05-16,sh.600660,50.55,50.78,49.88,50.29,8950162,449158426.02,0.4468,-0.5143,0,0
2024-05-17,sh.600660,49.2,49.2,47.23,47.84,18650907,891774739.08,0.9312,-2.3474,0,0
2024-05-20,sh.600660,47.84,48.79,47.24,47.71,23198200,1110076319.74,1.1582,-0.2717,0,0
2024-05-21,sh.600660,47.5,47.89,46.96,47.27,12133973,573340557.66,0.6058,-0.9222,0,0
2024-05-22,sh.600660,47.27,47.45,46.29,46.6,15656137,729711134.73,0.7816,-1.4174,0,0
2024-05-23,sh.600660,46.59,46.9,46.06,46.33,12122269,562390959.58,0.6052,-0.5794,0,0
2024-05-24,sh.600660,46.3,46.48,45.74,45.74,9389208,432066156.39,0.4688,-1.2735,0,0
2024-05-27,sh.600660,45.98,47.64,45.76,47.48,22430100,1054698957.84,1.1198,3.8041,0,0
2024-05-28,sh.600660,47.32,47.91,47.18,47.35,11687392,555733755.37,0.5835,-0.2738,0,0
2024-05-29,sh.600660,47.35,47.68,46.75,46.9,8427797,395679838.34,0.4208,-0.9504,0,0
2024-05-30,sh.600660,46.81,47.51,46.5,46.83,13174499,618832335.21,0.6577,-0.1493,0,0
2024-05-31,sh.600660,46.93,47.26,46.2,46.24,10563158,491878777.88,0.5274,-1.2599,0,0
2024-06-03,sh.600660,46.12,46.49,45.71,46.19,9250936,426707650.53,0.4619,-0.1081,0,0
2024-06-04,sh.600660,46.3,46.45,45.86,46.2,11128623,513509034.56,0.5556,0.0216,0,0
2024-06-05,sh.600660,46.23,47.3,46.13,46.9,14461725,677645340.74,0.722,1.5152,0,0
2024-06-06,sh.600660,46.9,48.64,46.62,47.7,18312602,876404571.23,0.9143,1.7058,0,0
2024-06-07,sh.600660,47.89,47.96,46.92,47.45,13504602,639689323.21,0.6742,-0.5241,0,0
2024-06-11,sh.600660,47.23,48.0,47.13,47.77,10725515,512484136.02,0.5355,0.6744,0,0
2024-06-12,sh.600660,47.75,47.77,46.47,46.96,10625273,498160927.37,0.5305,-1.6956,0,0
2024-06-13,sh.600660,46.77,47.5,46.74,46.94,8559244,402687279.03,0.4273,-0.0426,0,0
2024-06-14,sh.600660,46.9,46.9,45.85,46.7,11127637,517049027.7,0.5556,-0.5113,0,0
2024-06-17,sh.600660,46.65,46.85,45.88,46.22,10025004,463939194.04,0.5005,-1.0278,0,0
2024-06-18,sh.600660,46.17,46.43,45.8,46.42,7365006,340065354.02,0.3677,0.4327,0,0
2024-06-19,sh.600660,46.4,46.53,45.3,45.55,11249176,513686439.97,0.5616,-1.8742,0,0
2024-06-20,sh.600660,45.46,45.97,45.16,45.38,9364138,426962619.54,0.4675,-0.3732,0,0
2024-06-21,sh.600660,45.2,45.41,44.6,45.17,10046983,452185341.96,0.5016,-0.4628,0,0
2024-06-24,sh.600660,45.17,45.85,45.11,45.45,9138913,416834167.89,0.4563,0.6199,0,0
2024-06-25,sh.600660,45.38,46.45,45.1,46.13,13336269,613386784.59,0.6658,1.4961,0,0
2024-06-26,sh.600660,46.13,47.75,45.91,47.54,16914779,793102904.67,0.8445,3.0566,0,0
2024-06-27,sh.600660,47.64,48.0,47.19,47.45,12550780,596903381.05,0.6266,-0.1893,0,0
2024-06-28,sh.600660,47.67,48.0,47.42,47.9,13091154,625825439.31,0.6536,0.9484,0,0
2024-07-01,sh.600660,47.88,48.12,47.19,47.74,7309010,348306857.52,0.3649,-0.334,0,0
2024-07-02,sh.600660,47.73,48.1,46.98,47.04,9998992,473605263.01,0.4992,-1.4663,0,0
2024-07-03,sh.600660,47.02,47.32,45.7,46.17,11310633,522442495.38,0.5647,-1.8495,0,0
2024-07-04,sh.600660,46.16,47.45,46.1,47.1,9510973,448232408.05,0.4748,2.0143,0,0
2024-07-05,sh.600660,47.42,47.8,46.91,47.74,10429589,493834926.59,0.5207,1.3588,0,0
2024-07-08,sh.600660,47.36,47.98,46.38,47.29,14327532,678757614.04,0.7153,-0.9426,0,0
2024-07-09,sh.600660,46.8,48.85,46.71,48.73,12974277,624935723.0,0.6477,3.045,0,0
2024-07-10,sh.600660,48.83,49.5,48.6,49.23,10762177,528577162.79,0.5373,1.0261,0,0
2024-07-11,sh.600660,49.61,49.73,48.82,49.17,10023283,492983736.25,0.5004,-0.1219,0,0
2024-07-12,sh.600660,49.08,49.08,48.0,48.51,9298301,449536102.65,0.4642,-1.3423,0,0
2024-07-15,sh.600660,48.6,49.39,48.11,49.26,10136065,497256347.74,0.506,1.5461,0,0
2024-07-16,sh.600660,49.2,49.25,48.51,48.92,9818955,479854246.67,0.4902,-0.6902,0,0
2024-07-17,sh.600660,48.6,48.84,47.91,48.45,8444773,408445482.22,0.4216,-0.9608,0,0
2024-07-18,sh.600660,47.99,49.17,47.96,49.04,8519438,415456617.86,0.4253,1.2178,0,0
2024-07-19,sh.600660,48.8,48.9,48.02,48.6,11400149,553117249.91,0.5692,-0.8972,0,0
2024-07-22,sh.600660,48.6,49.56,48.35,49.2,10617495,522087365.07,0.5301,1.2346,0,0
2024-07-23,sh.600660,49.23,49.35,47.81,47.81,8833289,427692557.02,0.441,-2.8252,0,0
2024-07-24,sh.600660,47.86,48.51,47.57,47.71,8658103,414696422.46,0.4323,-0.2092,0,0
2024-07-25,sh.600660,47.69,47.99,47.15,47.6,9622684,457653309.4,0.4804,-0.2306,0,0
2024-07-26,sh.600660,47.6,47.77,46.85,47.26,9890033,467426051.04,0.4938,-0.7143,0,0
2024-07-29,sh.600660,45.31,46.25,43.7,44.46,36624591,1632159474.33,1.8285,-5.9247,0,0
2024-07-30,sh.600660,45.5,46.29,44.7,45.43,28367248,1289655659.11,1.4162,2.1817,0,0
2024-07-31,sh.600660,45.19,45.4,44.12,45.01,23617830,1059545137.19,1.1791,-0.9245,0,0
2024-08-01,sh.600660,44.9,44.92,43.1,43.15,27220806,1188548324.83,1.359,-4.1324,0,0
2024-08-02,sh.600660,42.75,43.65,42.32,43.35,20419352,880450622.56,1.0194,0.4635,0,0
2024-08-05,sh.600660,43.04,43.66,42.22,42.72,16364465,703185013.82,0.817,-1.4533,0,0
2024-08-06,sh.600660,42.65,43.14,42.4,42.87,12431563,531110569.98,0.6207,0.3511,0,0
2024-08-07,sh.600660,42.97,45.36,42.7,44.97,26124222,1160446592.05,1.3043,4.8985,0,0
2024-08-08,sh.600660,44.95,45.84,44.65,45.14,16224143,735773678.79,0.81,0.378,0,0
2024-08-09,sh.600660,45.4,45.8,45.19,45.46,10157404,462509957.7,0.5071,0.7089,0,0
2024-08-12,sh.600660,45.87,45.87,45.05,45.23,8551267,387373792.17,0.4269,-0.5059,0,0
2024-08-13,sh.600660,45.05,45.49,44.53,45.02,7876714,353608951.5,0.3932,-0.4643,0,0
2024-08-14,sh.600660,45.02,45.46,44.38,45.3,8518915,384126836.74,0.4253,0.6219,0,0
2024-08-15,sh.600660,45.2,45.85,44.86,45.76,10202836,464642616.63,0.5094,1.0155,0,0
2024-08-16,sh.600660,45.78,46.62,45.5,46.32,10057076,465898998.07,0.5021,1.2238,0,0
2024-08-19,sh.600660,46.2,46.62,45.18,45.31,11426945,522559307.49,0.5705,-2.1805,0,0
2024-08-20,sh.600660,45.35,45.99,45.01,45.62,8864961,404136470.34,0.4426,0.6842,0,0
2024-08-21,sh.600660,45.49,46.35,45.2,45.91,10466447,481325384.66,0.5225,0.6357,0,0
2024-08-22,sh.600660,45.94,46.66,45.69,46.55,8163169,379017541.27,0.4075,1.394,0,0
2024-08-23,sh.600660,46.31,47.5,46.3,47.28,9499044,448270624.42,0.4742,1.5682,0,0
2024-08-26,sh.600660,47.21,47.48,46.19,46.96,8409515,393006528.05,0.4198,-0.6768,0,0
2024-08-27,sh.600660,46.72,47.33,46.23,47.09,8025047,376744242.33,0.4007,0.2768,0,0
2024-08-28,sh.600660,46.85,47.59,46.78,47.42,7256904,343086398.67,0.3623,0.7008,0,0
2024-08-29,sh.600660,47.34,48.58,47.34,48.25,10805231,520962643.05,0.5395,1.7503,0,0
2024-08-30,sh.600660,48.0,48.25,47.23,47.89,10612826,509346037.41,0.5299,-0.7461,0,0
2024-09-02,sh.600660,47.85,48.34,47.13,47.52,11227218,535173911.01,0.5605,-0.7726,0,0
2024-09-03,sh.600660,47.5,48.05,47.3,47.75,10370481,494680478.21,0.5178,0.484,0,0
2024-09-04,sh.600660,47.82,48.59,47.51,48.11,9726402,468971294.96,0.4856,0.7539,0,0
2024-09-05,sh.600660,48.47,48.55,47.58,48.18,7533907,362010104.12,0.3761,0.1455,0,0
2024-09-06,sh.600660,48.1,49.2,48.1,48.53,7796153,380407190.53,0.3892,0.7264,0,0
2024-09-09,sh.600660,48.57,49.12,48.12,48.4,9248743,448561039.4,0.4617,-0.2679,0,0
2024-09-10,sh.600660,48.5,48.85,47.7,48.24,8757957,421552140.33,0.4372,-0.3306,0,0
2024-09-11,sh.600660,48.29,49.48,47.79,48.89,10049285,491171042.38,0.5017,1.3474,0,0
2024-09-12,sh.600660,48.73,49.23,48.0,48.26,7488076,362536202.78,0.3738,-1.2886,0,0
2024-09-13,sh.600660,48.23,49.92,48.0,49.6,12442261,614748825.42,0.6212,2.7766,0,0
2024-09-18,sh.600660,49.9,51.96,49.9,51.75,14212242,730223247.13,0.7096,4.3347,0,0
2024-09-19,sh.600660,50.76,53.0,50.61,52.2,16058519,834083667.39,0.8017,0.8696,0,0
2024-09-20,sh.600660,52.03,52.55,51.81,52.2,10477065,546306058.26,0.5231,0.0,0,0
2024-09-23,sh.600660,52.39,52.61,51.71,52.3,9318683,485214195.48,0.4652,0.1916,0,0
2024-09-24,sh.600660,52.56,52.6,50.7,51.22,20939988,1073944580.12,1.0454,-2.065,0,0
2024-09-25,sh.600660,51.41,53.48,51.22,52.3,18931286,994492663.76,0.9452,2.1086,0,0
2024-09-26,sh.600660,51.99,52.83,51.1,52.74,18137803,942780211.43,0.9055,0.8413,0,0
2024-09-27,sh.600660,52.94,54.57,52.91,54.25,10907916,590328837.88,0.5446,2.8631,0,0
2024-09-30,sh.600660,54.8,58.33,54.8,58.2,33475742,1905615308.48,1.6713,7.2811,0,0
2024-10-08,sh.600660,64.0,64.02,56.08,58.27,55892020,3323622858.39,2.7904,0.1203,0,0
2024-10-09,sh.600660,57.85,58.9,55.3,56.6,38584364,2208077544.07,1.9263,-2.866,0,0
2024-10-10,sh.600660,56.5,59.26,56.34,58.36,29693178,1727620269.93,1.4824,3.1095,0,0
2024-10-11,sh.600660,58.3,59.19,57.5,57.84,17705776,1030569937.81,0.884,-0.891,0,0
2024-10-14,sh.600660,57.85,58.96,57.06,58.25,16193423,942943754.35,0.8085,0.7089,0,0
2024-10-15,sh.600660,57.86,58.41,57.06,57.06,11557963,667688789.13,0.577,-2.0429,0,0
2024-10-16,sh.600660,56.91,57.23,55.5,55.71,13682259,769076489.27,0.6831,-2.3659,0,0
2024-10-17,sh.600660,56.03,57.5,56.03,56.86,12808412,730141571.94,0.6395,2.0643,0,0
2024-10-18,sh.600660,56.86,59.38,56.1,58.6,21956651,1271660526.08,1.0962,3.0601,0,0
2024-10-21,sh.600660,58.6,59.1,57.91,58.69,15124272,885373431.6,0.7551,0.1536,0,0
2024-10-22,sh.600660,58.65,61.61,58.18,60.88,20161689,1224117642.59,1.0066,3.7315,0,0
2024-10-23,sh.600660,60.88,62.5,60.44,61.77,16120045,994879395.51,0.8048,1.4619,0,0
2024-10-24,sh.600660,61.78,62.26,60.53,60.68,11428927,699591302.31,0.5706,-1.7646,0,0
2024-10-25,sh.600660,61.0,61.21,59.7,60.39,9674712,583312488.98,0.483,-0.4779,0,0
2024-10-28,sh.600660,60.39,60.39,58.05,58.34,22443365,1315108480.28,1.1205,-3.3946,0,0
2024-10-29,sh.600660,58.64,59.71,57.77,58.99,14698236,867451692.17,0.7338,1.1142,0,0
2024-10-30,sh.600660,58.9,59.52,57.91,58.65,12230907,714815325.92,0.6106,-0.5764,0,0
2024-10-31,sh.600660,58.78,58.78,56.86,57.01,15528678,888223387.68,0.7753,-2.7962,0,0
2024-11-01,sh.600660,57.17,57.67,56.4,56.96,12863324,734056644.27,0.6422,-0.0877,0,0
2024-11-04,sh.600660,57.01,57.78,56.88,57.6,13324250,764460284.03,0.6652,1.1236,0,0
2024-11-05,sh.600660,57.77,58.29,56.9,58.15,14139075,818893974.63,0.7059,0.9549,0,0
2024-11-06,sh.600660,58.15,58.15,56.88,57.55,16178065,930525207.56,0.8077,-1.0318,0,0
2024-11-07,sh.600660,57.48,58.35,56.89,57.87,18032194,1036121734.3,0.9003,0.556,0,0
2024-11-08,sh.600660,58.0,58.2,57.07,57.25,18003779,1035549370.23,0.8988,-1.0714,0,0
2024-11-11,sh.600660,57.25,58.1,56.85,57.28,14404306,826048903.57,0.7191,0.0524,0,0
2024-11-12,sh.600660,57.4,59.12,57.0,57.28,19790089,1144846989.14,0.988,0.0,0,0
2024-11-13,sh.600660,57.1,57.95,56.9,57.59,11769469,677837126.09,0.5876,0.5412,0,0
2024-11-14,sh.600660,57.48,58.12,57.02,57.25,10368618,597019867.76,0.5177,-0.5904,0,0
2024-11-15,sh.600660,57.1,58.3,56.66,57.38,13998918,805371032.64,0.6989,0.2271,0,0
2024-11-18,sh.600660,57.39,57.6,56.55,56.7,12411053,707848059.03,0.6196,-1.1851,0,0
2024-11-19,sh.600660,56.72,57.49,56.6,57.36,9760763,558475358.02,0.4873,1.164,0,0
2024-11-20,sh.600660,57.6,57.6,56.7,57.13,8522151,485835958.46,0.4255,-0.401,0,0
2024-11-21,sh.600660,57.13,57.3,56.72,57.07,7248760,413193872.62,0.3619,-0.105,0,0
2024-11-22,sh.600660,57.06,57.19,56.01,56.01,10435281,589795696.7,0.521,-1.8574,0,0
2024-11-25,sh.600660,56.01,56.32,54.59,54.8,14780166,818354999.12,0.7379,-2.1603,0,0
2024-11-26,sh.600660,54.83,56.45,54.63,55.6,10883096,607413030.38,0.5433,1.4599,0,0
2024-11-27,sh.600660,55.6,56.94,55.35,56.83,11336422,641155433.92,0.566,2.2122,0,0
2024-11-28,sh.600660,56.94,57.17,56.37,56.61,7854267,445753383.9,0.3921,-0.3871,0,0
2024-11-29,sh.600660,56.72,56.93,55.88,56.0,9864662,555034377.87,0.4925,-1.0775,0,0
2024-12-02,sh.600660,56.28,56.96,55.78,56.66,12208382,688582659.99,0.6095,1.1786,0,0
2024-12-03,sh.600660,56.64,57.47,56.51,57.2,9427263,538315065.05,0.4707,0.9531,0,0
2024-12-04,sh.600660,56.88,57.63,56.5,57.28,8519567,487648809.32,0.4253,0.1399,0,0
2024-12-05,sh.600660,57.04,57.5,55.91,56.05,9938351,559545878.71,0.4962,-2.1473,0,0
2024-12-06,sh.600660,56.08,56.3,55.8,56.08,8149261,456678429.3,0.4069,0.0535,0,0
2024-12-09,sh.600660,56.0,56.96,55.54,56.34,9669909,545055463.82,0.4828,0.4636,0,0
2024-12-10,sh.600660,57.5,57.5,56.5,56.6,12115752,689547270.79,0.6049,0.4615,0,0
2024-12-11,sh.600660,56.6,57.62,56.5,57.35,11187898,641136243.27,0.5586,1.3251,0,0
2024-12-12,sh.600660,57.45,58.71,57.45,58.28,13339048,775659389.85,0.666,1.6216,0,0
2024-12-13,sh.600660,58.1,58.38,57.7,57.84,10996005,637459444.33,0.549,-0.755,0,0
2024-12-16,sh.600660,57.67,58.56,57.25,57.33,9829577,568586373.87,0.4907,-0.8817,0,0
2024-12-17,sh.600660,57.33,59.28,57.04,58.8,15977175,935130391.85,0.7977,2.5641,0,0
2024-12-18,sh.600660,58.82,59.3,58.58,58.96,8339574,491121440.59,0.4164,0.2721,0,0
2024-12-19,sh.600660,58.56,61.0,58.5,60.55,15463548,929680344.72,0.772,2.6967,0,0
2024-12-20,sh.600660,60.01,60.54,58.6,59.51,14683523,871345538.89,0.7331,-1.7176,0,0
2024-12-23,sh.600660,59.5,60.47,59.25,59.81,14421157,863757871.04,0.72,0.5041,0,0
2024-12-24,sh.600660,59.69,60.4,59.46,60.18,11388111,683406125.93,0.5686,0.6186,0,0
2024-12-25,sh.600660,59.78,61.96,59.78,61.49,12018353,738003901.0,0.6,2.1768,0,0
2024-12-26,sh.600660,61.51,61.59,60.61,61.07,6984178,425896721.47,0.3487,-0.683,0,0
2024-12-27,sh.600660,60.8,61.73,60.38,61.64,10346613,632987870.35,0.5166,0.9334,0,0
2024-12-30,sh.600660,61.6,62.75,61.18,62.14,8761472,543634782.33,0.4374,0.8112,0,0
2024-12-31,sh.600660,62.2,63.19,61.85,62.4,10604299,664667169.29,0.5294,0.4184,0,0
2025-01-02,sh.600660,62.41,62.6,59.99,60.45,14227311,868388402.47,0.7103,-3.125,0,0
2025-01-03,sh.600660,60.5,60.87,59.08,59.38,11820432,706671700.0,0.5901,-1.7701,0,0
2025-01-06,sh.600660,59.03,59.81,58.91,59.51,8597400,510308700.33,0.4292,0.2189,0,0
2025-01-07,sh.600660,59.51,60.27,59.15,59.98,8297984,496545459.16,0.4143,0.7898,0,0
2025-01-08,sh.600660,59.98,61.48,59.32,61.27,10891015,659774919.26,0.5437,2.1507,0,0
2025-01-09,sh.600660,61.5,61.62,60.54,61.08,6513851,397952064.2,0.3252,-0.3101,0,0
2025-01-10,sh.600660,60.9,61.3,60.0,60.0,7273220,440569188.96,0.3631,-1.7682,0,0
2025-01-13,sh.600660,60.14,61.3,59.45,59.7,10300500,618653833.82,0.5143,-0.5,0,0
2025-01-14,sh.600660,59.7,61.54,59.36,61.24,10381578,630391572.16,0.5183,2.5796,0,0
2025-01-15,sh.600660,61.0,61.35,60.41,60.56,7560144,459381385.41,0.3774,-1.1104,0,0
2025-01-16,sh.600660,60.77,61.58,60.01,60.8,7340845,446772131.78,0.3665,0.3963,0,0
2025-01-17,sh.600660,60.37,61.44,59.97,60.19,8188626,494885594.41,0.4088,-1.0033,0,0
2025-01-20,sh.600660,60.52,60.75,59.25,59.5,9572349,572120324.69,0.4779,-1.1464,0,0
2025-01-21,sh.600660,59.49,59.92,59.05,59.55,8654427,515736027.64,0.4321,0.084,0,0
2025-01-22,sh.600660,59.56,60.06,58.2,58.91,8344031,491825941.04,0.4166,-1.0747,0,0
2025-01-23,sh.600660,58.94,59.33,58.2,58.42,10096893,592093249.54,0.5041,-0.8318,0,0
2025-01-24,sh.600660,58.26,59.98,58.2,59.39,10941015,648870422.15,0.5462,1.6604,0,0
2025-01-27,sh.600660,59.34,60.24,59.22,59.59,10292610,614882510.35,0.5139,0.3368,0,0
2025-02-05,sh.600660,59.75,60.1,58.82,59.35,8086191,481917862.84,0.4037,-0.4028,0,0
2025-02-06,sh.600660,59.0,59.54,58.35,58.6,12257180,718789305.32,0.6119,-1.2637,0,0
2025-02-07,sh.600660,58.62,58.63,56.55,58.51,16501485,956198129.3,0.8238,-0.1536,0,0
2025-02-10,sh.600660,58.52,59.12,58.08,58.35,12159707,711096840.78,0.6071,-0.2735,0,0
2025-02-11,sh.600660,58.36,58.48,57.01,57.2,13604866,784018049.91,0.6792,-1.9709,0,0
2025-02-12,sh.600660,57.2,57.56,56.66,57.43,11839308,676610914.44,0.5911,0.4021,0,0
2025-02-13,sh.600660,57.1,57.3,56.72,56.9,15015163,855888344.08,0.7496,-0.9229,0,0
2025-02-14,sh.600660,56.8,57.34,56.6,57.34,14919214,851775062.96,0.7448,0.7733,0,0
2025-02-17,sh.600660,57.3,57.33,56.7,56.85,11005039,626020857.5,0.5494,-0.8546,0,0
2025-02-18,sh.600660,56.71,57.98,56.7,57.42,13079554,752560757.62,0.653,1.0026,0,0
2025-02-19,sh.600660,57.47,57.79,56.89,57.23,10995653,629151079.74,0.549,-0.3309,0,0
2025-02-20,sh.600660,57.0,57.66,56.72,57.34,9135989,522148582.64,0.4561,0.1922,0,0
2025-02-21,sh.600660,57.47,58.21,56.9,57.77,14107482,814798908.76,0.7043,0.7499,0,0
2025-02-24,sh.600660,57.58,57.58,56.68,56.81,14610091,832504459.23,0.7294,-1.6618,0,0
2025-02-25,sh.600660,56.81,57.22,55.9,55.93,14091058,794963263.21,0.7035,-1.549,0,0
2025-02-26,sh.600660,55.93,57.01,55.83,56.88,13167935,746035870.81,0.6574,1.6986,0,0
2025-02-27,sh.600660,56.88,57.1,56.06,56.54,12757451,720397540.29,0.6369,-0.5977,0,0
2025-02-28,sh.600660,56.75,57.34,56.0,56.26,11955615,676078502.52,0.5969,-0.4952,0,0
2025-03-03,sh.600660,56.26,56.8,55.95,55.96,9439431,531190368.32,0.4713,-0.5332,0,0
2025-03-04,sh.600660,55.85,56.13,55.7,55.73,10587480,592222448.47,0.5286,-0.411,0,0
2025-03-05,sh.600660,55.79,56.38,55.47,56.0,10062887,562581936.84,0.5024,0.4845,0,0
2025-03-06,sh.600660,55.93,56.26,55.61,55.79,12520688,699542664.52,0.6251,-0.375,0,0
2025-03-07,sh.600660,55.62,56.22,55.0,56.0,14148909,787950409.85,0.7064,0.3764,0,0
2025-03-10,sh.600660,56.1,56.62,55.88,56.61,12456850,701931462.94,0.6219,1.0893,0,0
2025-03-11,sh.600660,56.08,57.58,55.85,56.97,15810843,898970976.04,0.7894,0.6359,0,0
2025-03-12,sh.600660,56.97,59.3,56.8,58.99,22318920,1303604820.36,1.1143,3.5457,0,0
2025-03-13,sh.600660,58.99,59.53,58.43,58.91,10104104,595332174.2,0.5045,-0.1356,0,0
2025-03-14,sh.600660,58.91,61.49,58.81,61.38,21854443,1326856397.48,1.0911,4.1928,0,0
2025-03-17,sh.600660,61.5,61.5,60.85,61.1,10586787,646926335.25,0.5286,-0.4562,0,0
2025-03-18,sh.600660,61.17,61.41,59.71,60.45,11899072,717820125.06,0.5941,-1.0638,0,0
2025-03-19,sh.600660,60.0,60.0,56.76,57.51,38187656,2196761304.16,1.9065,-4.8635,0,0
2025-03-20,sh.600660,57.45,57.69,56.8,56.94,20526758,1171637427.85,1.0248,-0.9911,0,0
2025-03-21,sh.600660,57.0,57.5,56.5,56.7,16903751,962169751.37,0.8439,-0.4215,0,0
2025-03-24,sh.600660,57.0,58.78,56.7,57.78,22273178,1289066232.77,1.112,1.9048,0,0
2025-03-25,sh.600660,58.11,58.15,57.5,57.83,9759461,564408600.63,0.4872,0.0865,0,0
2025-03-26,sh.600660,57.83,57.94,57.3,57.58,7985363,459404409.68,0.3987,-0.4323,0,0
2025-03-27,sh.600660,57.6,58.8,57.34,58.23,12975227,756600152.08,0.6478,1.1289,0,0
2025-03-28,sh.600660,58.5,58.64,58.09,58.24,8394312,489476072.66,0.4191,0.0172,0,0
2025-03-31,sh.600660,58.24,59.49,58.09,58.57,13164420,776483549.57,0.6572,0.5666,0,0
2025-04-01,sh.600660,58.58,58.87,57.67,57.9,12976871,754685324.82,0.6479,-1.1439,0,0
2025-04-02,sh.600660,57.67,57.89,56.51,57.35,13183901,753306794.28,0.6582,-0.9499,0,0
2025-04-03,sh.600660,56.8,57.34,56.22,56.9,11134282,633683119.84,0.5559,-0.7847,0,0
2025-04-07,sh.600660,53.99,54.75,51.7,53.68,31574083,1674781654.41,1.5764,-5.6591,0,0
2025-04-08,sh.600660,54.0,54.13,52.38,53.68,24380550,1294693501.76,1.2172,0.0,0,0
2025-04-09,sh.600660,52.52,53.53,51.88,53.53,21830395,1151414919.07,1.0899,-0.2794,0,0
2025-04-10,sh.600660,56.2,56.28,53.37,54.6,19392335,1052092014.49,0.9682,1.9989,0,0
2025-04-11,sh.600660,54.5,55.18,53.72,55.03,11417704,622804099.35,0.57,0.7875,0,0
2025-04-14,sh.600660,55.5,55.5,54.01,54.12,14321593,781936262.68,0.715,-1.6536,0,0
2025-04-15,sh.600660,54.11,54.78,53.8,54.6,10017343,543776719.6,0.5001,0.8869,0,0
2025-04-16,sh.600660,54.8,54.88,53.4,54.88,12725521,689338563.97,0.6353,0.5128,0,0
2025-04-17,sh.600660,54.55,54.97,53.77,54.34,14497334,785936644.95,0.7238,-0.984,0,0
2025-04-18,sh.600660,54.6,55.75,53.53,54.11,17382072,946520221.85,0.8678,-0.4233,0,0
2025-04-21,sh.600660,53.99,55.65,53.99,55.39,14785615,812077686.75,0.7382,2.3656,0,0
2025-04-22,sh.600660,55.2,56.15,54.63,55.94,14476640,804973595.6,0.7228,0.993,0,0
2025-04-23,sh.600660,56.18,57.18,55.75,56.87,13183350,747087168.61,0.6582,1.6625,0,0
2025-04-24,sh.600660,56.72,57.35,56.66,56.98,7179764,409459165.57,0.3585,0.1934,0,0
2025-04-25,sh.600660,57.11,57.24,56.83,57.02,5827182,332058021.79,0.2909,0.0702,0,0
2025-04-28,sh.600660,57.02,57.5,56.66,56.98,5977955,341734144.71,0.2985,-0.0702,0,0
2025-04-29,sh.600660,57.22,58.3,56.96,58.13,10084447,584306849.35,0.5035,2.0183,0,0
2025-04-30,sh.600660,58.27,58.78,57.96,58.12,9039682,527793445.81,0.4513,-0.0172,0,0
2025-05-06,sh.600660,57.79,58.25,57.1,58.0,10365606,599921322.27,0.5175,-0.2065,0,0
2025-05-07,sh.600660,58.2,58.47,57.33,57.56,12185239,704069376.29,0.6084,-0.7586,0,0
2025-05-08,sh.600660,57.33,58.28,57.13,58.24,8158893,472113411.4,0.4073,1.1814,0,0
2025-05-09,sh.600660,56.8,56.8,56.01,56.12,7671977,431508028.36,0.383,-0.567,0,0
2025-05-12,sh.600660,56.29,57.25,56.29,56.88,8141606,463554284.32,0.4065,1.3542,0,0
2025-05-13,sh.600660,56.99,57.19,56.35,56.4,8387913,474990258.84,0.4188,-0.8439,0,0
2025-05-14,sh.600660,56.41,56.56,55.55,56.24,8459895,473253206.04,0.4224,-0.2837,0,0
2025-05-15,sh.600660,56.05,56.99,55.98,56.67,9001613,509410983.77,0.4494,0.7646,0,0
2025-05-16,sh.600660,56.41,57.08,56.16,57.06,6955305,395177490.47,0.3472,0.6882,0,0
2025-05-19,sh.600660,56.7,57.14,56.25,56.83,6638733,377135841.76,0.3314,-0.4031,0,0
2025-05-20,sh.600660,56.98,57.67,56.7,57.43,7118376,407462153.39,0.3554,1.0558,0,0
2025-05-21,sh.600660,57.48,57.98,57.03,57.17,9658974,553753181.75,0.4822,-0.4527,0,0
2025-05-22,sh.600660,57.0,59.0,56.9,59.0,15865773,926477759.4,0.7921,3.201,0,0
2025-05-23,sh.600660,58.8,60.88,58.6,60.3,16779013,1011215652.57,0.8377,2.2034,0,0
2025-05-26,sh.600660,60.19,60.65,59.41,59.79,9860344,591043030.22,0.4923,-0.8458,0,0
2025-05-27,sh.600660,59.83,60.11,58.59,58.6,10392331,613237013.01,0.5188,-1.9903,0,0
2025-05-28,sh.600660,58.85,59.31,58.61,58.65,6432472,378444877.98,0.3211,0.0853,0,0
2025-05-29,sh.600660,59.0,59.24,58.35,58.35,7422599,435715506.06,0.3706,-0.5115,0,0
2025-05-30,sh.600660,58.37,58.68,57.97,57.97,7185181,419311062.71,0.3587,-0.6512,0,0
2025-06-03,sh.600660,57.97,58.37,57.39,58.07,8740721,506362478.73,0.4364,0.1725,0,0
2025-06-04,sh.600660,58.15,58.47,56.89,57.0,11193145,642103800.23,0.5588,-1.8426,0,0
2025-06-05,sh.600660,57.06,58.13,56.95,57.94,10509373,607471231.4,0.5247,1.6491,0,0
2025-06-06,sh.600660,57.94,58.11,57.7,57.88,5271986,305356990.07,0.2632,-0.1036,0,0
2025-06-09,sh.600660,57.88,57.97,57.48,57.55,5763105,332139205.62,0.2877,-0.5701,0,0
2025-06-10,sh.600660,57.55,57.85,57.02,57.28,6100776,350126703.53,0.3046,-0.4692,0,0
2025-06-11,sh.600660,57.46,59.16,57.46,58.41,11774450,689224615.93,0.5878,1.9728,0,0
2025-06-12,sh.600660,58.18,58.4,57.83,57.98,5242952,304498121.01,0.2618,-0.7362,0,0
2025-06-13,sh.600660,57.82,58.22,57.52,57.7,6104157,353054742.62,0.3048,-0.4829,0,0
2025-06-16,sh.600660,57.97,58.11,57.45,57.95,5743751,331948447.03,0.2868,0.4333,0,0
2025-06-17,sh.600660,57.82,58.1,57.11,57.2,5793919,332761471.51,0.2893,-1.2942,0,0
2025-06-18,sh.600660,57.21,57.63,57.01,57.47,4971053,284859042.72,0.2482,0.472,0,0
2025-06-19,sh.600660,57.48,57.52,56.75,56.85,7659000,437087941.68,0.3824,-1.0788,0,0
2025-06-20,sh.600660,57.04,57.95,56.85,57.65,8418505,485037217.97,0.4203,1.4072,0,0
2025-06-23,sh.600660,57.53,57.6,56.4,56.79,9042738,513373659.61,0.4515,-1.4918,0,0
2025-06-24,sh.600660,56.9,57.88,56.88,57.47,9102580,523705850.59,0.4545,1.1974,0,0
2025-06-25,sh.600660,57.41,58.15,57.31,57.99,7337651,423713115.11,0.3663,0.9048,0,0
2025-06-26,sh.600660,57.97,58.15,56.97,56.98,9198086,527667385.86,0.4592,-1.7417,0,0
2025-06-27,sh.600660,57.15,57.7,56.94,57.36,8184903,469378857.55,0.4086,0.6669,0,0
2025-06-30,sh.600660,57.46,57.47,56.6,57.01,9970855,568240837.01,0.4978,-0.6102,0,0
2025-07-01,sh.600660,56.9,57.2,56.46,56.87,7341764,417194290.55,0.3665,-0.2456,0,0
2025-07-02,sh.600660,56.7,57.5,56.7,57.13,5683740,324508414.64,0.2838,0.4572,0,0
2025-07-03,sh.600660,57.09,57.7,56.91,57.21,7216149,414310552.74,0.3603,0.14,0,0
2025-07-04,sh.600660,57.24,58.77,57.03,58.13,14418775,838397914.23,0.7199,1.6081,0,0
2025-07-07,sh.600660,58.1,59.0,57.95,58.13,8751430,511408875.89,0.4369,0.0,0,0
2025-07-08,sh.600660,58.13,58.22,57.51,57.64,7130296,411650607.79,0.356,-0.8429,0,0
2025-07-09,sh.600660,57.79,57.85,56.8,56.8,12008281,685504216.17,0.5995,-1.4573,0,0
2025-07-10,sh.600660,56.79,56.93,56.41,56.41,13503139,764539046.78,0.6742,-0.6866,0,0
2025-07-11,sh.600660,56.51,57.49,56.5,56.77,15594510,891218953.25,0.7786,0.6382,0,0
2025-07-14,sh.600660,57.0,57.06,56.7,56.71,10016515,569188473.95,0.5001,-0.1057,0,0
2025-07-15,sh.600660,56.74,57.19,56.55,56.77,7086197,402716159.24,0.3538,0.1058,0,0
2025-07-16,sh.600660,56.78,57.18,56.65,56.76,6354253,361138686.01,0.3172,-0.0176,0,0
2025-07-17,sh.600660,56.76,58.22,56.7,57.58,17077749,984141663.41,0.8526,1.4447,0,0
2025-07-18,sh.600660,57.77,58.06,57.36,58.0,11540314,665767968.84,0.5762,0.7294,0,0
2025-07-21,sh.600660,57.91,58.01,57.39,57.57,10371806,596839347.07,0.5178,-0.7414,0,0
2025-07-22,sh.600660,57.5,57.7,57.18,57.35,10830337,620827836.17,0.5407,-0.3821,0,0
2025-07-23,sh.600660,57.4,57.77,57.2,57.37,12030016,690895150.65,0.6006,0.0349,0,0
2025-07-24,sh.600660,57.38,57.42,57.1,57.38,10560582,604691983.99,0.5272,0.0174,0,0
2025-07-25,sh.600660,57.48,57.95,56.75,56.79,14787329,844799067.5,0.7383,-1.0282,0,0
2025-07-28,sh.600660,56.7,56.93,55.4,55.57,24228832,1357727551.04,1.2096,-2.1483,0,0
2025-07-29,sh.600660,55.62,55.66,55.02,55.03,16861077,931498364.06,0.8418,-0.9717,0,0
2025-07-30,sh.600660,55.13,56.15,55.02,55.55,12842996,714467493.55,0.6412,0.9449,0,0
2025-07-31,sh.600660,55.3,55.47,54.55,54.66,13276500,727586967.77,0.6628,-1.6022,0,0
2025-08-01,sh.600660,54.75,55.01,54.18,54.91,11641247,635864660.73,0.5812,0.4574,0,0
2025-08-04,sh.600660,54.66,54.87,54.45,54.75,7535615,411372065.15,0.3762,-0.2914,0,0
2025-08-05,sh.600660,54.76,55.95,54.76,55.79,15925828,885950165.96,0.7951,1.8995,0,0
2025-08-06,sh.600660,55.86,56.43,55.5,55.56,9201478,512557298.73,0.4594,-0.4123,0,0
2025-08-07,sh.600660,55.48,55.72,55.29,55.52,6602844,366401124.59,0.3296,-0.072,0,0
2025-08-08,sh.600660,55.54,55.69,55.27,55.5,6536758,362810922.66,0.3264,-0.036,0,0
2025-08-11,sh.600660,55.5,55.69,55.3,55.46,8043790,446058829.64,0.4016,-0.0721,0,0
2025-08-12,sh.600660,55.45,55.85,55.32,55.51,9457379,525587414.92,0.4722,0.0902,0,0
2025-08-13,sh.600660,55.65,56.3,55.36,55.89,13147607,735303700.37,0.6564,0.6846,0,0
2025-08-14,sh.600660,55.95,56.26,55.22,55.58,16066020,894123868.23,0.8021,-0.5547,0,0
2025-08-15,sh.600660,55.57,56.12,55.05,55.6,13231601,737329839.84,0.6606,0.036,0,0
2025-08-18,sh.600660,55.97,57.92,55.95,56.68,31481803,1794230419.68,1.5717,1.9424,0,0
2025-08-19,sh.600660,56.9,57.45,55.65,55.77,27378212,1535854833.16,1.3669,-1.6055,0,0
2025-08-20,sh.600660,58.1,61.35,58.1,61.35,57058711,3449240800.67,2.8487,10.0054,1,0
2025-08-21,sh.600660,62.61,65.18,62.0,64.7,75375508,4820465114.56,3.7632,5.4605,0,0
2025-08-22,sh.600660,64.0,64.6,62.88,63.17,30890392,1960054905.43,1.5422,-2.3648,0,0
2025-08-25,sh.600660,63.35,63.49,62.03,62.83,28170381,1759903983.15,1.4064,-0.5382,0,0
2025-08-26,sh.600660,62.64,64.3,62.33,63.55,26849848,1707387978.69,1.3405,1.1459,0,0
2025-08-27,sh.600660,63.61,65.65,63.57,64.22,28028952,1816954142.85,1.3994,1.0543,0,0
2025-08-28,sh.600660,64.18,64.59,63.21,64.47,16172930,1035123103.92,0.8074,0.3893,0,0
2025-08-29,sh.600660,64.87,66.07,64.5,65.66,17379363,1139482197.31,0.8677,1.8458,0,0
2025-09-01,sh.600660,65.64,66.48,65.18,65.81,17305124,1141413118.32,0.864,0.2284,0,0
2025-09-02,sh.600660,65.81,67.13,65.53,66.46,17214753,1144725850.83,0.8595,0.9877,0,0
2025-09-03,sh.600660,66.87,68.87,66.48,68.73,28689827,1952109284.51,1.4324,3.4156,0,0
2025-09-04,sh.600660,68.55,68.68,66.45,67.34,27000504,1823581942.72,1.348,-2.0224,0,0
2025-09-05,sh.600660,67.35,69.25,67.03,68.44,17789116,1211821069.09,0.8881,1.6335,0,0
2025-09-08,sh.600660,67.94,70.12,67.88,69.26,18501313,1281291828.54,0.9237,1.1981,0,0
2025-09-09,sh.600660,69.47,71.85,69.26,70.25,20621493,1457786246.66,1.0295,1.4294,0,0
2025-09-10,sh.600660,70.21,70.73,69.07,69.71,17132669,1195826764.81,0.8554,-0.7687,0,0
2025-09-11,sh.600660,70.01,72.08,69.71,71.99,16849906,1205430199.67,0.8412,3.2707,0,0
2025-09-12,sh.600660,71.62,72.47,70.68,71.05,13786741,980374347.57,0.6883,-1.3057,0,0
2025-09-15,sh.600660,71.02,71.78,70.56,71.35,11338906,808316366.56,0.5661,0.4222,0,0
2025-09-16,sh.600660,71.6,72.66,71.46,72.35,12099315,872903354.78,0.6041,1.4015,0,0
2025-09-17,sh.600660,72.35,74.48,72.27,74.2,13063504,961927866.58,0.6522,2.557,0,0
2025-09-18,sh.600660,74.56,74.58,72.02,73.06,17559141,1284847786.18,0.8766,-1.5364,0,0
2025-09-19,sh.600660,72.33,72.72,71.41,72.35,15345487,1105949085.37,0.7661,-0.9718,0,0
2025-09-22,sh.600660,72.49,72.96,71.0,71.99,17122778,1230586295.46,0.8549,-0.4976,0,0
2025-09-23,sh.600660,71.99,72.63,71.02,72.09,11170930,802190629.58,0.5577,0.1389,0,0
2025-09-24,sh.600660,71.55,73.69,71.41,73.24,11491918,839534971.67,0.5737,1.5952,0,0
2025-09-25,sh.600660,73.1,73.65,72.01,72.51,13094763,950190151.66,0.6538,-0.9967,0,0
2025-09-26,sh.600660,72.34,72.84,71.61,72.12,8741931,631927419.61,0.4364,-0.5379,0,0
2025-09-29,sh.600660,71.8,73.08,71.3,72.8,14811432,1070618192.4,0.7395,0.9429,0,0
2025-09-30,sh.600660,73.09,73.45,71.5,73.41,12786419,927223760.91,0.6384,0.8379,0,0
2025-10-09,sh.600660,72.32,72.5,70.34,71.88,18516870,1324147865.58,0.9245,-2.0842,0,0
2025-10-10,sh.600660,71.0,72.1,70.17,70.27,13483997,956309316.8,0.6732,-2.2398,0,0
2025-10-13,sh.600660,68.55,69.99,68.08,69.55,11905800,826486538.76,0.5944,0.2595,0,0
2025-10-14,sh.600660,70.05,70.25,66.28,66.64,23370972,1581007744.23,1.1668,-4.184,0,0
2025-10-15,sh.600660,67.83,68.09,65.38,66.57,19003007,1258802016.79,0.9487,-0.105,0,0
2025-10-16,sh.600660,66.83,67.35,66.56,66.88,15342942,1026217217.54,0.766,0.4657,0,0
2025-10-17,sh.600660,64.87,65.06,63.3,63.48,28330700,1819619740.51,1.4144,-5.0837,0,0
2025-10-20,sh.600660,64.59,65.82,63.66,65.57,24357454,1579139170.19,1.2161,3.2924,0,0
2025-10-21,sh.600660,66.0,66.55,65.07,65.8,15647209,1027839684.85,0.7812,0.3508,0,0
2025-10-22,sh.600660,65.3,65.64,64.34,64.77,11493762,744438743.18,0.5738,-1.5653,0,0
2025-10-23,sh.600660,64.76,67.09,64.48,66.88,17137113,1133230405.13,0.8556,3.2577,0,0
2025-10-24,sh.600660,67.0,67.66,66.9,67.23,11820774,794648209.04,0.5902,0.5233,0,0
2025-10-27,sh.600660,67.24,69.06,66.8,68.38,15457584,1053356350.76,0.7717,1.7105,0,0
2025-10-28,sh.600660,68.08,68.21,66.75,67.53,16212620,1092551782.15,0.8094,-1.2431,0,0
2025-10-29,sh.600660,67.24,67.65,66.87,67.36,7991943,536501538.13,0.399,-0.2517,0,0
2025-10-30,sh.600660,67.45,68.5,67.25,67.45,12382681,840615484.42,0.6182,0.1336,0,0
2025-10-31,sh.600660,67.48,68.41,67.17,67.5,10898599,738865610.73,0.5441,0.0741,0,0
2025-11-03,sh.600660,67.6,67.75,66.17,66.26,9052414,601318302.3,0.4519,-1.837,0,0
2025-11-04,sh.600660,66.16,67.3,66.01,66.67,8963524,597357490.62,0.4475,0.6188,0,0
2025-11-05,sh.600660,66.3,67.39,65.82,67.18,6917937,463355227.49,0.3454,0.765,0,0
2025-11-06,sh.600660,67.21,67.69,66.85,67.51,7014019,472942181.22,0.3502,0.4912,0,0
2025-11-07,sh.600660,67.86,68.73,67.4,68.03,9357387,637655607.46,0.4672,0.7703,0,0
2025-11-10,sh.600660,67.94,67.97,66.87,67.2,8117802,546226284.49,0.4053,-1.22,0,0
2025-11-11,sh.600660,67.3,67.36,66.6,67.08,6478408,433685195.0,0.3234,-0.1786,0,0
2025-11-12,sh.600660,67.18,67.2,66.44,66.44,7834655,523073138.5,0.3911,-0.9541,0,0
2025-11-13,sh.600660,66.44,66.78,65.61,66.64,8204682,542703007.9,0.4096,0.301,0,0
2025-11-14,sh.600660,66.2,66.51,65.7,65.8,6998928,462060465.35,0.3494,-1.2605,0,0
2025-11-17,sh.600660,65.8,66.3,65.14,65.8,6466389,425979039.1,0.3228,0.0,0,0
2025-11-18,sh.600660,65.8,65.9,65.02,65.14,5403811,353451167.09,0.2698,-1.003,0,0
2025-11-19,sh.600660,65.14,65.6,64.9,65.3,5594736,365155642.5,0.2793,0.2456,0,0
2025-11-20,sh.600660,65.5,65.73,64.8,64.81,7199055,469419892.81,0.3594,-0.7504,0,0
2025-11-21,sh.600660,64.54,64.95,63.99,64.03,8577092,552711599.14,0.4282,-1.2035,0,0
2025-11-24,sh.600660,64.27,64.4,63.51,63.66,8236488,526874415.2,0.4112,-0.5779,0,0
2025-11-25,sh.600660,63.97,65.0,63.88,64.45,7019341,453732840.33,0.3504,1.241,0,0
2025-11-26,sh.600660,64.5,64.98,64.2,64.8,5665648,366734792.7,0.2829,0.5431,0,0
2025-11-27,sh.600660,64.6,65.27,64.37,64.55,5708247,370152550.45,0.285,-0.3858,0,0
2025-11-28,sh.600660,64.8,66.11,64.5,65.88,10802301,706915159.75,0.5393,2.0604,0,0
2025-12-01,sh.600660,65.51,65.73,64.03,64.84,15869042,1022273803.56,0.7923,-1.5786,0,0
2025-12-02,sh.600660,64.87,65.25,63.97,64.4,10114805,650732371.37,0.505,-0.6786,0,0
2025-12-03,sh.600660,64.55,65.21,64.03,64.63,10028906,649474844.51,0.5007,0.3571,0,0
2025-12-04,sh.600660,64.63,64.85,63.53,63.82,9307266,595095733.55,0.4647,-1.2533,0,0
2025-12-05,sh.600660,63.69,64.21,63.28,63.93,9913398,631765806.5,0.4949,0.1724,0,0
2025-12-08,sh.600660,64.11,64.38,63.28,63.45,8996800,572170680.31,0.4492,-0.7508,0,0
2025-12-09,sh.600660,63.45,63.46,62.0,62.12,15108640,944237223.63,0.7543,-2.0961,0,0
2025-12-10,sh.600660,62.12,62.38,61.55,61.8,10906595,674754238.07,0.5445,-0.5151,0,0
2025-12-11,sh.600660,61.81,62.49,61.5,61.5,9916618,614256275.98,0.4951,-0.4854,0,0
2025-12-12,sh.600660,61.49,61.95,61.04,61.95,13501540,831299237.28,0.6741,0.7317,0,0
2025-12-15,sh.600660,61.95,62.52,61.71,62.09,9553993,594366170.05,0.477,0.226,0,0
2025-12-16,sh.600660,62.26,62.31,61.3,61.36,8309571,512737838.27,0.4149,-1.1757,0,0
2025-12-17,sh.600660,61.36,62.35,61.08,62.08,9973283,616732751.07,0.4979,1.1734,0,0
2025-12-18,sh.600660,62.09,62.44,61.85,62.3,6326960,393408531.97,0.3159,0.3544,0,0
2025-12-19,sh.600660,62.14,62.88,62.07,62.07,8455995,528651111.91,0.4222,-0.3692,0,0
2025-12-22,sh.600660,60.9,63.47,60.85,62.82,17680484,1107972717.12,0.8827,1.2083,0,0
2025-12-23,sh.600660,62.83,63.25,61.71,62.68,11735455,731248651.67,0.5859,-0.2229,0,0
2025-12-24,sh.600660,62.78,63.68,62.51,63.08,9578597,603355991.03,0.4782,0.6382,0,0
2025-12-25,sh.600660,63.06,63.99,62.78,63.52,6256270,397452708.8,0.3123,0.6975,0,0
2025-12-26,sh.600660,63.76,63.83,63.21,63.71,6357572,403742253.62,0.3174,0.2991,0,0
2025-12-29,sh.600660,63.65,64.31,63.05,63.18,9425057,599864203.17,0.4706,-0.8319,0,0
2025-12-30,sh.600660,63.03,64.75,63.0,64.5,11280202,724419243.63,0.5632,2.0893,0,0
2025-12-31,sh.600660,64.44,65.01,64.11,64.77,8391073,542294949.37,0.4189,0.4186,0,0
2026-01-05,sh.600660,64.79,64.82,63.7,64.5,14359937,922827296.42,0.7169,-0.4169,0,0
2026-01-06,sh.600660,64.4,64.68,63.69,64.38,14287950,916936382.92,0.7133,-0.186,0,0
2026-01-07,sh.600660,64.38,64.98,63.73,64.53,11614017,747682586.16,0.5798,0.233,0,0
2026-01-08,sh.600660,64.36,64.36,63.11,63.15,16280492,1031430986.95,0.8128,-2.1385,0,0
2026-01-09,sh.600660,63.51,63.99,63.12,63.53,9814482,623824096.26,0.49,0.6017,0,0
2026-01-12,sh.600660,63.54,63.73,62.15,62.25,17082791,1066443037.19,0.8529,-2.0148,0,0
2026-01-13,sh.600660,62.25,62.48,61.09,61.22,22209031,1370047383.96,1.1088,-1.6546,0,0
2026-01-14,sh.600660,61.22,61.64,60.31,60.55,17684773,1078614599.72,0.8829,-1.0944,0,0
2026-01-15,sh.600660,60.51,61.56,60.36,61.33,14947385,913705726.31,0.7463,1.2882,0,0
2026-01-16,sh.600660,61.14,61.93,61.12,61.2,14391504,884961956.65,0.7185,-0.212,0,0
2026-01-19,sh.600660,61.16,61.51,60.89,61.12,10657489,651476774.55,0.5321,-0.1307,0,0
2026-01-20,sh.600660,61.16,61.88,61.01,61.64,12623473,776432323.72,0.6302,0.8508,0,0
2026-01-21,sh.600660,61.8,61.82,60.7,60.73,13871365,847361085.01,0.6925,-1.4763,0,0
2026-01-22,sh.600660,60.98,61.9,60.86,61.13,16912554,1038063395.87,0.8444,0.6587,0,0
2026-01-23,sh.600660,61.25,62.02,61.13,61.29,23010228,1416347814.02,1.1488,0.2617,0,0
2026-01-26,sh.600660,61.34,61.72,60.35,60.48,23719135,1441241624.72,1.1842,-1.3216,0,0
2026-01-27,sh.600660,61.16,63.43,60.69,62.35,40255916,2518688089.18,2.0098,3.0919,0,0
2026-01-28,sh.600660,62.5,62.75,61.61,62.11,22648053,1408475061.92,1.1307,-0.3849,0,0
2026-01-29,sh.600660,62.15,62.53,61.37,62.14,18227497,1127354597.91,0.91,0.0483,0,0
2026-01-30,sh.600660,61.81,62.82,61.68,61.74,13945414,866781761.28,0.6962,-0.6437,0,0
2026-02-02,sh.600660,61.76,62.05,60.12,60.16,19441892,1181844749.94,0.9706,-2.5591,0,0
2026-02-03,sh.600660,60.35,61.05,59.83,60.5,13127492,791642909.04,0.6554,0.5652,0,0
2026-02-04,sh.600660,60.5,62.86,60.38,62.64,27516759,1703169579.36,1.3738,3.5372,0,0
2026-02-05,sh.600660,62.67,63.37,62.36,62.65,14726872,924392343.58,0.7352,0.016,0,0
2026-02-06,sh.600660,62.7,62.98,60.54,60.6,24350939,1483635872.7,1.2157,-3.2721,0,0
2026-02-09,sh.600660,61.05,61.14,60.11,60.14,21918030,1323476001.59,1.0943,-0.7591,0,0
2026-02-10,sh.600660,60.16,60.72,60.1,60.48,17255833,1043355196.8,0.8615,0.5653,0,0
2026-02-11,sh.600660,60.48,60.79,60.15,60.49,9414167,568345232.49,0.47,0.0165,0,0
2026-02-12,sh.600660,60.25,60.39,58.98,59.42,27929831,1661693814.89,1.3944,-1.7689,0,0
2026-02-13,sh.600660,59.12,60.01,59.01,59.38,15689005,935490235.6,0.7833,-0.0673,0,0
2026-02-24,sh.600660,60.9,61.61,59.72,61.49,26907065,1640793860.77,1.3433,3.5534,0,0
2026-02-25,sh.600660,61.24,62.34,61.19,61.82,14780107,913555597.27,0.7379,0.5367,0,0
2026-02-26,sh.600660,61.83,62.26,61.19,61.53,10975235,676166577.2,0.5479,-0.4691,0,0
2026-02-27,sh.600660,61.21,61.45,60.4,60.4,14246861,864997534.67,0.7113,-1.8365,0,0
2026-03-02,sh.600660,60.35,61.18,60.05,60.47,13899577,842629380.42,0.6939,0.1159,0,0
2026-03-03,sh.600660,60.47,61.22,59.8,59.84,15712717,950595058.95,0.7845,-1.0418,0,0
2026-03-04,sh.600660,59.5,59.71,58.51,58.78,14705089,867123936.58,0.7342,-1.7714,0,0
2026-03-05,sh.600660,59.32,59.82,59.13,59.37,9735085,579075044.57,0.486,1.0037,0,0
2026-03-06,sh.600660,59.32,59.37,58.81,59.02,10144191,598023673.02,0.5065,-0.5895,0,0
2026-03-09,sh.600660,58.32,58.38,56.86,57.85,15859263,912810099.14,0.7918,-1.9824,0,0
2026-03-10,sh.600660,58.14,59.19,58.12,59.0,10844286,637959296.91,0.5414,1.9879,0,0
2026-03-11,sh.600660,59.13,59.9,58.7,59.73,12844265,764211347.72,0.6413,1.2373,0,0
2026-03-12,sh.600660,59.7,60.1,59.3,59.9,11156286,666095954.85,0.557,0.2846,0,0
2026-03-13,sh.600660,59.01,60.3,59.01,59.51,10243486,611523826.32,0.5114,-0.6511,0,0
2026-03-16,sh.600660,59.1,59.51,57.97,58.95,14809632,868530517.1,0.7394,-0.941,0,0
2026-03-17,sh.600660,59.18,60.49,59.0,59.13,18017059,1074201760.28,0.8995,0.3053,0,0
2026-03-18,sh.600660,58.54,59.0,56.75,57.75,40149093,2301085628.11,2.0045,-2.3338,0,0
2026-03-19,sh.600660,57.18,57.21,56.4,56.47,19782337,1122773787.41,0.9876,-2.2165,0,0
2026-03-20,sh.600660,56.47,57.67,56.47,56.96,19080739,1090127898.24,0.9526,0.8677,0,0
2026-03-23,sh.600660,56.2,56.41,54.75,55.17,21329569,1182088330.72,1.0649,-3.1426,0,0
2026-03-24,sh.600660,56.09,56.14,55.01,55.7,15498834,859793154.24,0.7738,0.9607,0,0
2026-03-25,sh.600660,55.93,57.0,55.93,56.55,13728028,777563936.55,0.6854,1.526,0,0
2026-03-26,sh.600660,56.65,57.29,56.36,56.65,10952946,622202232.51,0.5468,0.1768,0,0
2026-03-27,sh.600660,56.17,57.8,56.02,57.69,15216713,871482664.01,0.7597,1.8358,0,0
2026-03-30,sh.600660,56.69,57.57,56.62,57.2,9560430,546755536.94,0.4773,-0.8494,0,0
2026-03-31,sh.600660,57.01,58.08,57.0,57.0,10498992,604313303.18,0.5242,-0.3497,0,0
2026-04-01,sh.600660,57.9,58.18,57.55,57.97,12855426,744644691.0,0.6418,1.7018,0,0
2026-04-02,sh.600660,57.61,58.5,57.51,58.34,10209614,593646229.29,0.5097,0.6383,0,0
2026-04-03,sh.600660,58.38,58.48,57.57,58.09,7921376,458728735.8,0.3955,-0.4285,0,0
2026-04-07,sh.600660,58.1,58.35,56.76,57.31,9074151,519308781.38,0.453,-1.3427,0,0
2026-04-08,sh.600660,58.1,58.2,57.49,58.05,10839802,627411284.39,0.5412,1.2912,0,0
2026-04-09,sh.600660,57.86,58.7,57.5,57.68,8388034,486122616.11,0.4188,-0.6374,0,0
2026-04-10,sh.600660,57.68,57.86,57.28,57.41,9702068,558258670.1,0.4844,-0.4681,0,0
2026-04-13,sh.600660,57.2,58.15,56.88,57.36,9165954,527391122.44,0.4576,-0.0871,0,0
2026-04-14,sh.600660,57.7,58.78,57.45,58.57,13372303,777741065.18,0.6676,2.1095,0,0
2026-04-15,sh.600660,58.88,59.2,58.57,59.03,10852643,639058733.67,0.5418,0.7854,0,0
2026-04-16,sh.600660,58.97,59.68,58.81,59.15,10107560,598879054.76,0.5046,0.2033,0,0
2026-04-17,sh.600660,59.05,59.06,58.5,58.79,8382812,492155777.92,0.4185,-0.6086,0,0
2026-04-20,sh.600660,58.99,60.97,58.8,60.16,18458819,1113613251.22,0.9216,2.3303,0,0
2026-04-21,sh.600660,60.16,61.1,60.0,60.2,12617113,763846137.12,0.6299,0.0665,0,0
2026-04-22,sh.600660,58.51,60.5,58.21,60.39,23037616,1374695960.96,1.1502,0.3156,0,0
2026-04-23,sh.600660,60.59,60.74,59.65,59.94,11551212,693389011.57,0.5767,-0.7452,0,0
2026-04-24,sh.600660,59.75,59.75,58.58,59.03,12613011,742991974.1,0.6297,-1.5182,0,0
2026-04-27,sh.600660,58.92,61.08,58.64,59.45,16432271,989049109.37,0.8204,0.7115,0,0
2026-04-28,sh.600660,59.46,59.83,59.1,59.42,9294297,552183010.55,0.464,-0.0505,0,0
2026-04-29,sh.600660,59.23,59.66,58.95,59.4,11028984,653436263.79,0.5506,-0.0337,0,0
2026-04-30,sh.600660,59.4,59.49,58.8,58.87,9965645,588540302.44,0.4975,-0.8923,0,0
2026-05-06,sh.600660,60.22,61.0,59.21,59.31,35471793,2136395905.32,1.7709,0.7474,0,0
2026-05-07,sh.600660,59.87,59.88,58.5,59.42,23233727,1374587167.77,1.16,0.1855,0,0
2026-05-08,sh.600660,59.41,60.8,59.13,59.99,17737313,1062469213.19,0.8855,0.9593,0,0
2026-05-11,sh.600660,59.98,60.01,59.25,59.4,14878478,886155043.35,0.7428,-0.9835,0,0
2026-05-12,sh.600660,59.41,59.63,59.11,59.45,12322204,731747841.29,0.6152,0.0842,0,0
2026-05-13,sh.600660,58.01,58.22,56.89,57.14,17903120,1024976507.39,0.8938,-1.9056,0,0
2026-05-14,sh.600660,57.16,57.48,56.64,56.71,11412467,650311944.86,0.5698,-0.7525,0,0
2026-05-15,sh.600660,57.41,57.45,55.91,56.0,15741620,887337195.06,0.7859,-1.252,0,0
2026-05-18,sh.600660,56.01,56.12,54.08,55.41,18359859,1007331077.18,0.9166,-1.0536,0,0
2026-05-19,sh.600660,55.41,55.7,54.68,55.08,9865661,543202659.16,0.4925,-0.5956,0,0
2026-05-20,sh.600660,55.18,55.2,54.04,54.29,11755641,639051993.91,0.5869,-1.4343,0,0
2026-05-21,sh.600660,54.31,55.32,54.29,54.34,13222577,723202116.17,0.6601,0.0921,0,0
2026-05-22,sh.600660,54.6,55.45,53.8,55.27,17342797,948717519.34,0.8658,1.7114,0,0
2026-05-25,sh.600660,55.27,55.27,53.63,53.83,15068018,814502533.17,0.7523,-2.6054,0,0
2026-05-26,sh.600660,53.83,54.21,53.11,53.49,14088499,755016411.12,0.7034,-0.6316,0,0
2026-05-27,sh.600660,53.3,53.38,52.22,52.75,15385439,808981602.52,0.7681,-1.3834,0,0
2026-05-28,sh.600660,52.75,52.75,51.75,51.99,10449365,544201018.51,0.5217,-1.4408,0,0
2026-05-29,sh.600660,52.09,53.29,51.41,52.66,16511831,869033060.77,0.8244,1.2887,0,0
2026-06-01,sh.600660,52.66,53.08,52.06,52.48,11324967,593692952.95,0.5654,-0.3418,0,0
2026-06-02,sh.600660,52.5,54.35,52.35,54.24,20359587,1091739782.45,1.0165,3.3537,0,0
2026-06-03,sh.600660,54.14,54.14,53.25,53.88,10013575,538600662.38,0.4999,-0.6637,0,0
2026-06-04,sh.600660,53.58,54.08,53.18,53.5,10003114,535531322.94,0.4994,-0.7053,0,0
2026-06-05,sh.600660,53.42,53.97,53.2,53.6,8396022,449442977.03,0.4192,0.1869,0,0
2026-06-08,sh.600660,53.25,53.37,52.52,53.15,9471994,501258373.76,0.4729,-0.8396,0,0
2026-06-09,sh.600660,53.14,53.98,52.76,53.41,9073193,485774761.1,0.453,0.4892,0,0
2026-06-10,sh.600660,53.2,53.41,52.46,53.05,8084854,428158266.45,0.4036,-0.674,0,0
2026-06-11,sh.600660,53.1,53.13,51.88,52.41,9076137,475429319.77,0.4531,-1.2064,0,0
2026-06-12,sh.600660,52.5,52.95,51.95,52.35,10257783,538030242.19,0.5121,-0.1145,0,0
2026-06-15,sh.600660,52.6,52.88,51.88,52.41,10329233,540217019.13,0.5157,0.1146,0,0
2026-06-16,sh.600660,52.22,52.29,50.35,50.65,16384345,838411259.66,0.818,-3.3581,0,0
2026-06-17,sh.600660,50.25,50.95,49.64,50.69,10746135,540402595.41,0.5365,0.079,0,0
2026-06-18,sh.600660,50.48,50.83,49.83,49.95,9775140,490921159.84,0.488,-1.4599,0,0
2026-06-22,sh.600660,49.64,50.49,48.5,50.05,13929237,691515022.22,0.6954,0.2002,0,0
2026-06-23,sh.600660,50.06,50.45,49.03,49.25,11779930,584544339.76,0.5881,-1.5984,0,0
2026-06-24,sh.600660,49.14,49.55,48.11,48.13,12809564,622136780.26,0.6395,-2.2741,0,0
2026-06-25,sh.600660,48.12,48.4,47.53,48.01,17836859,854019209.52,0.8905,-0.2493,0,0
2026-06-26,sh.600660,48.07,50.66,47.8,50.43,30328195,1507685114.81,1.5141,5.0406,0,0
