date,code,open,high,low,close,volume,amount,turnover,pct_change,is_limit_up,is_limit_down
2019-07-01,sh.603602,21.53,21.75,21.53,21.61,4633964,100297823.0,4.987131,2.855785,0,0
2019-07-02,sh.603602,21.78,21.78,21.38,21.58,3606398,77824384.0,3.881252,-0.138828,0,0
2019-07-03,sh.603602,21.15,21.15,20.5,20.73,4065835,84278826.0,4.375704,-3.938834,0,0
2019-07-04,sh.603602,20.77,20.83,20.38,20.51,2479252,51041690.0,2.668203,-1.061261,0,0
2019-07-05,sh.603602,20.51,20.61,20.33,20.56,1924024,39408394.0,2.070659,0.24378,0,0
2019-07-08,sh.603602,20.5,20.5,19.5,19.55,3343548,66146613.0,3.598369,-4.912453,0,0
2019-07-09,sh.603602,19.57,19.88,19.55,19.64,1620328,31869663.0,1.743818,0.460359,0,0
2019-07-10,sh.603602,19.75,19.8,18.91,19.36,2055056,39994895.0,2.211678,-1.425656,0,0
2019-07-11,sh.603602,19.43,19.63,19.03,19.2,1762143,34110181.0,1.896441,-0.826446,0,0
2019-07-12,sh.603602,19.17,19.21,18.65,18.7,2922936,54931408.0,3.145701,-2.604167,0,0
2019-07-15,sh.603602,18.59,19.5,18.41,19.37,3618311,69221181.0,3.894073,3.582888,0,0
2019-07-16,sh.603602,19.38,19.8,19.22,19.55,2484184,48547028.0,2.673511,0.929264,0,0
2019-07-17,sh.603602,19.35,19.7,19.16,19.26,2525876,48904331.0,2.71838,-1.483371,0,0
2019-07-18,sh.603602,19.01,19.14,18.72,18.8,2072712,39127571.0,2.230679,-2.388375,0,0
2019-07-19,sh.603602,18.81,19.15,18.79,18.8,1596840,30226815.0,1.71854,0.0,0,0
2019-07-22,sh.603602,18.82,18.98,18.01,18.08,1985008,36229910.0,2.136291,-3.829784,0,0
2019-07-23,sh.603602,18.11,18.45,18.04,18.32,1974196,36066205.0,2.124655,1.327432,0,0
2019-07-24,sh.603602,18.42,18.81,18.36,18.63,2658356,49593305.0,2.860957,1.692137,0,0
2019-07-25,sh.603602,18.73,18.93,18.56,18.67,2012020,37620682.0,2.165362,0.214712,0,0
2019-07-26,sh.603602,18.77,18.82,18.6,18.65,1880812,35190307.0,2.0242,-0.1071,0,0
2019-07-29,sh.603602,18.8,19.26,18.45,19.25,3440781,65121051.0,3.703013,3.21716,0,0
2019-07-30,sh.603602,19.22,19.22,18.92,19.12,2972468,56718590.0,3.199,-0.6753,0,0
2019-07-31,sh.603602,19.14,20.3,19.06,19.87,6218101,123306916.0,6.692,3.9226,0,0
2019-08-01,sh.603602,19.53,19.84,19.39,19.65,3295448,64594155.0,3.5466,-1.1072,0,0
2019-08-02,sh.603602,19.17,19.17,18.58,19.06,3517673,66629702.0,3.7858,-3.0025,0,0
2019-08-05,sh.603602,18.96,19.53,18.86,19.09,2964492,57119753.0,3.1904,0.1574,0,0
2019-08-06,sh.603602,18.57,18.57,17.42,18.15,3698938,66904919.0,3.9808,-4.924,0,0
2019-08-07,sh.603602,18.34,18.78,18.17,18.52,3431021,63675436.0,3.6925,2.0386,0,0
2019-08-08,sh.603602,18.6,19.18,18.5,18.8,2751312,51811559.0,2.961,1.5119,0,0
2019-08-09,sh.603602,19.05,19.5,18.36,18.55,4166350,79240913.0,4.4839,-1.3298,0,0
2019-08-12,sh.603602,18.49,18.8,18.01,18.76,3129004,57494270.0,3.3675,1.1321,0,0
2019-08-13,sh.603602,18.6,20.64,18.35,20.64,4305443,87415844.0,4.6336,10.0213,1,0
2019-08-14,sh.603602,21.99,22.39,20.66,20.69,17123978,368254650.0,18.429,0.2423,0,0
2019-08-15,sh.603602,19.32,20.59,19.32,20.36,8934099,177935151.0,9.615,-1.595,0,0
2019-08-16,sh.603602,20.09,21.29,20.09,20.63,8514826,176485569.0,9.1638,1.3261,0,0
2019-08-19,sh.603602,20.77,21.51,20.67,21.48,10437440,222656671.0,11.2329,4.1202,0,0
2019-08-20,sh.603602,21.6,21.76,21.13,21.25,7474102,159481240.0,8.0437,-1.0708,0,0
2019-08-21,sh.603602,21.13,21.29,20.72,21.09,4626084,97322033.0,4.9787,-0.7529,0,0
2019-08-22,sh.603602,21.78,22.38,21.1,21.25,10195819,220192609.0,10.9729,0.7587,0,0
2019-08-23,sh.603602,20.93,21.6,20.83,20.88,5868650,124087853.0,6.3159,-1.7412,0,0
2019-08-26,sh.603602,20.11,20.8,20.11,20.47,4137756,84686764.0,4.4531,-1.9636,0,0
2019-08-27,sh.603602,20.69,21.06,20.51,20.71,4943464,102983965.0,5.3202,1.1724,0,0
2019-08-28,sh.603602,20.98,21.65,20.52,21.25,6646026,140277595.0,7.1525,2.6074,0,0
2019-08-29,sh.603602,21.33,21.33,20.69,20.7,4422471,92469336.0,4.7595,-2.5882,0,0
2019-08-30,sh.603602,20.93,20.93,19.81,20.08,4341944,88322656.0,4.6729,-2.9952,0,0
2019-09-02,sh.603602,20.47,20.61,20.13,20.57,3686365,75368711.0,3.9673,2.4402,0,0
2019-09-03,sh.603602,20.8,21.25,20.53,21.25,7367261,154903736.0,7.9287,3.3058,0,0
2019-09-04,sh.603602,21.1,21.49,20.93,21.32,6631549,140887802.0,7.137,0.3294,0,0
2019-09-05,sh.603602,21.49,22.13,21.22,21.56,9859975,213746234.0,10.6114,1.1257,0,0
2019-09-06,sh.603602,21.75,22.78,21.56,22.38,13639771,304186222.0,14.6793,3.8033,0,0
2019-09-09,sh.603602,22.6,24.5,22.31,23.77,16628772,386494961.0,17.8961,6.2109,0,0
2019-09-10,sh.603602,23.7,23.7,22.9,23.04,11967604,277298451.0,12.8797,-3.0711,0,0
2019-09-11,sh.603602,23.16,23.53,22.81,22.9,7574790,174823155.0,8.1521,-0.6076,0,0
2019-09-12,sh.603602,22.92,23.38,22.75,23.26,7042662,162917524.0,7.5794,1.5721,0,0
2019-09-16,sh.603602,23.26,23.38,22.96,23.06,6530547,151297295.0,7.0283,-0.8598,0,0
2019-09-17,sh.603602,23.0,23.0,22.0,22.36,6434423,144533108.0,6.9248,-3.0356,0,0
2019-09-18,sh.603602,22.58,22.8,22.26,22.7,5408711,122111299.0,5.8209,1.5206,0,0
2019-09-19,sh.603602,22.72,23.18,22.41,23.11,6442201,146990982.0,6.9332,1.8062,0,0
2019-09-20,sh.603602,22.96,23.06,22.4,22.45,5574133,126401371.0,5.999,-2.8559,0,0
2019-09-23,sh.603602,22.33,24.7,21.83,24.7,13784819,321925258.0,14.8354,10.0223,1,0
2019-09-24,sh.603602,26.87,27.17,26.13,27.17,36839964,993075581.0,39.6476,10.0,1,0
2019-09-25,sh.603602,25.98,29.89,25.6,29.89,38351746,1080887584.0,41.2746,10.011,1,0
2019-09-26,sh.603602,29.05,31.35,26.9,26.9,33421181,957916629.0,35.9683,-10.0033,0,1
2019-09-27,sh.603602,24.21,25.93,24.21,24.24,29346024,725691291.0,31.5826,-9.8885,0,1
2019-09-30,sh.603602,23.78,24.2,22.53,22.71,16564060,385338050.0,17.8265,-6.3119,0,0
2019-10-08,sh.603602,22.84,23.1,21.91,22.14,11648309,262284302.0,12.5361,-2.5099,0,0
2019-10-09,sh.603602,22.21,22.66,21.78,22.63,8285861,184897959.0,8.9173,2.2132,0,0
2019-10-10,sh.603602,22.63,22.96,22.33,22.87,10357748,235549810.0,11.1471,1.0605,0,0
2019-10-11,sh.603602,22.98,22.99,22.05,22.35,8846753,198636883.0,9.521,-2.2737,0,0
2019-10-14,sh.603602,22.58,22.95,22.52,22.85,8976031,204347758.0,9.6601,2.2371,0,0
2019-10-15,sh.603602,22.63,22.7,22.11,22.42,6739401,150839862.0,7.253,-1.8818,0,0
2019-10-16,sh.603602,22.65,22.65,21.83,21.93,5895919,130992220.0,6.3453,-2.1855,0,0
2019-10-17,sh.603602,22.0,22.3,21.6,21.77,4789002,105120537.0,5.154,-0.7296,0,0
2019-10-18,sh.603602,21.9,22.35,21.6,22.07,5938408,130512551.0,6.391,1.378,0,0
2019-10-21,sh.603602,22.04,22.04,21.03,21.3,4950832,105273323.0,5.3281,-3.4889,0,0
2019-10-22,sh.603602,21.45,21.7,21.33,21.63,3684270,79298745.0,3.9651,1.5493,0,0
2019-10-23,sh.603602,21.78,21.78,21.16,21.19,4047694,86854920.0,4.3562,-2.0342,0,0
2019-10-24,sh.603602,21.13,21.49,20.58,21.2,4377252,92472940.0,4.7109,0.0472,0,0
2019-10-25,sh.603602,21.38,21.38,20.85,21.29,3392525,71757104.0,3.6511,0.4245,0,0
2019-10-28,sh.603602,21.31,22.19,21.25,21.91,6793571,147563727.0,7.3113,2.9122,0,0
2019-10-29,sh.603602,21.92,22.5,21.63,21.63,6632004,146085886.0,7.1374,-1.278,0,0
2019-10-30,sh.603602,21.21,21.58,20.82,20.93,5077602,107645857.0,5.4646,-3.2362,0,0
2019-10-31,sh.603602,21.2,22.63,21.15,21.96,12905471,286040325.0,13.889,4.9212,0,0
2019-11-01,sh.603602,21.46,23.95,21.2,22.96,16716245,374991298.0,17.9902,4.5537,0,0
2019-11-04,sh.603602,22.7,23.4,22.7,22.99,10434696,240461229.0,11.23,0.1307,0,0
2019-11-05,sh.603602,23.31,23.32,22.61,22.74,6952655,158714104.0,7.4825,-1.0874,0,0
2019-11-06,sh.603602,22.65,23.12,22.56,22.64,6073138,138660666.0,6.536,-0.4398,0,0
2019-11-07,sh.603602,22.48,22.92,22.2,22.85,5082598,115346580.0,5.47,0.9276,0,0
2019-11-08,sh.603602,23.38,23.38,22.6,22.65,7104814,163224072.0,7.6463,-0.8753,0,0
2019-11-11,sh.603602,22.4,22.4,21.12,21.21,6597263,142834265.0,7.1001,-6.3576,0,0
2019-11-12,sh.603602,21.42,21.57,20.64,21.14,4319992,90958817.0,4.6492,-0.33,0,0
2019-11-13,sh.603602,21.0,21.19,20.7,20.78,3181961,66368963.0,3.4245,-1.7029,0,0
2019-11-14,sh.603602,20.75,21.45,20.75,21.26,4749854,100978016.0,5.1119,2.3099,0,0
2019-11-15,sh.603602,21.27,21.88,20.91,21.41,5700992,122178642.0,6.1355,0.7055,0,0
2019-11-18,sh.603602,21.45,21.71,21.26,21.64,3755430,80795015.0,4.0416,1.0743,0,0
2019-11-19,sh.603602,21.55,22.2,21.51,22.09,6234992,136815990.0,6.7102,2.0795,0,0
2019-11-20,sh.603602,22.32,22.32,21.3,21.54,5686199,124037288.0,6.1196,-2.4898,0,0
2019-11-21,sh.603602,21.21,23.5,21.03,22.97,12873731,291516833.0,13.8549,6.6388,0,0
2019-11-22,sh.603602,22.58,23.17,22.28,22.77,10874042,246997980.0,11.7028,-0.8707,0,0
2019-11-25,sh.603602,22.76,22.76,21.8,22.06,6652708,147603172.0,7.1597,-3.1181,0,0
2019-11-26,sh.603602,22.06,23.7,22.06,23.39,14488909,332964112.0,15.5931,6.029,0,0
2019-11-27,sh.603602,23.16,23.68,23.0,23.29,10818789,252048766.0,11.6433,-0.4275,0,0
2019-11-28,sh.603602,23.15,23.3,22.59,23.06,7575007,173713860.0,8.1523,-0.9876,0,0
2019-11-29,sh.603602,22.9,23.95,22.65,23.61,12785485,299689498.0,13.7599,2.3851,0,0
2019-12-02,sh.603602,23.65,24.9,23.44,24.43,16154569,390909597.0,17.3858,3.4731,0,0
2019-12-03,sh.603602,24.03,24.48,23.72,24.34,10724837,258326510.0,11.5422,-0.3684,0,0
2019-12-04,sh.603602,24.05,24.25,23.4,23.86,9645782,229873706.0,10.3809,-1.9721,0,0
2019-12-05,sh.603602,23.99,24.25,23.59,24.09,9334832,224175553.0,10.0463,0.964,0,0
2019-12-06,sh.603602,23.91,24.07,23.49,23.77,8100973,192677365.0,8.7184,-1.3284,0,0
2019-12-09,sh.603602,23.9,24.54,23.68,23.88,9812851,236718696.0,10.5607,0.4628,0,0
2019-12-10,sh.603602,23.46,23.49,22.87,23.27,9602224,223055725.0,10.334,-2.5544,0,0
2019-12-11,sh.603602,23.3,23.66,23.06,23.54,8231733,192286644.0,8.8591,1.1603,0,0
2019-12-12,sh.603602,23.45,24.48,23.23,24.25,13315725,320593701.0,14.3306,3.0161,0,0
2019-12-13,sh.603602,24.39,25.08,24.1,24.97,16087714,396735844.0,17.3138,2.9691,0,0
2019-12-16,sh.603602,24.99,25.35,24.72,25.05,14444600,361420240.0,15.5455,0.3204,0,0
2019-12-17,sh.603602,25.06,25.75,24.89,24.9,14392065,363247056.0,15.4889,-0.5988,0,0
2019-12-18,sh.603602,24.9,25.12,24.55,24.66,11335814,281230995.0,12.1997,-0.9639,0,0
2019-12-19,sh.603602,24.67,25.53,24.46,25.53,11708337,293709267.0,12.6007,3.528,0,0
2019-12-20,sh.603602,25.5,25.5,24.1,24.1,8712446,217836479.0,9.3764,-5.6013,0,0
2019-12-23,sh.603602,24.28,26.18,24.11,24.81,13147162,331852187.0,14.1491,2.9461,0,0
2019-12-24,sh.603602,25.1,25.64,24.83,25.57,12166201,308461864.0,13.0934,3.0633,0,0
2019-12-25,sh.603602,25.38,25.93,25.21,25.6,11002593,281383986.0,11.8411,0.1173,0,0
2019-12-26,sh.603602,26.6,26.79,25.38,25.43,15674993,407980825.0,16.8696,-0.6641,0,0
2019-12-27,sh.603602,25.52,26.42,24.71,24.76,12454794,319523382.0,13.404,-2.6347,0,0
2019-12-30,sh.603602,24.15,24.18,22.28,23.57,10031259,235214156.0,10.7958,-4.8061,0,0
2019-12-31,sh.603602,23.6,23.97,23.29,23.65,5230157,123891572.0,5.6288,0.3394,0,0
2020-01-02,sh.603602,23.83,24.33,23.75,24.18,7336897,175823994.0,7.8961,2.241,0,0
2020-01-03,sh.603602,24.3,24.52,23.85,23.98,6535379,157947308.0,7.0335,-0.8271,0,0
2020-01-06,sh.603602,23.84,24.33,23.47,24.13,7594776,181638282.0,8.1736,0.6255,0,0
2020-01-07,sh.603602,23.85,23.97,23.5,23.94,8448748,200323338.0,9.0927,-0.7874,0,0
2020-01-08,sh.603602,23.69,23.86,23.01,23.08,6753309,158301426.0,7.268,-3.5923,0,0
2020-01-09,sh.603602,23.31,23.95,23.25,23.82,6775220,160425871.0,7.2916,3.2062,0,0
2020-01-10,sh.603602,23.88,24.1,23.47,23.89,5934907,141253523.0,6.3872,0.2939,0,0
2020-01-13,sh.603602,23.98,24.3,23.75,24.26,6868290,165896366.0,7.3917,1.5488,0,0
2020-01-14,sh.603602,24.24,24.38,23.91,23.96,5225604,125809684.0,5.6239,-1.2366,0,0
2020-01-15,sh.603602,23.98,24.05,23.4,23.69,4392971,103783082.0,4.7278,-1.1269,0,0
2020-01-16,sh.603602,23.74,23.87,23.06,23.11,6567067,153115075.0,7.0676,-2.4483,0,0
2020-01-17,sh.603602,23.2,23.36,22.68,22.8,5219113,119856647.0,5.6169,-1.3414,0,0
2020-01-20,sh.603602,22.86,23.16,22.57,23.15,4412461,101029447.0,4.7487,1.5351,0,0
2020-01-21,sh.603602,23.0,23.32,22.85,22.88,3283402,75562548.0,3.5336,-1.1663,0,0
2020-01-22,sh.603602,22.83,23.3,22.5,23.03,4346030,99755304.0,4.6773,0.6556,0,0
2020-01-23,sh.603602,22.88,23.23,21.92,22.28,5122197,115888584.0,5.5126,-3.2566,0,0
2020-02-03,sh.603602,20.05,20.05,20.05,20.05,401400,8048070.0,0.432,-10.009,0,1
2020-02-04,sh.603602,18.05,19.58,18.05,18.92,7020602,132109291.0,7.5557,-5.6359,0,0
2020-02-05,sh.603602,19.01,19.81,19.01,19.44,5326911,103781220.0,5.7329,2.7484,0,0
2020-02-06,sh.603602,19.5,19.86,19.2,19.78,4867250,95626147.0,5.2382,1.749,0,0
2020-02-07,sh.603602,19.78,20.25,19.62,20.19,5313799,106314262.0,5.7188,2.0728,0,0
2020-02-10,sh.603602,19.92,20.73,19.92,20.47,4356574,89045996.0,4.6886,1.3868,0,0
2020-02-11,sh.603602,22.0,22.52,22.0,22.52,4475744,100525940.0,4.8169,10.0147,1,0
2020-02-12,sh.603602,22.89,23.85,22.52,23.3,20792216,485714484.0,22.3768,3.4636,0,0
2020-02-13,sh.603602,22.84,22.9,21.89,22.23,12990284,290245682.0,13.9803,-4.5923,0,0
2020-02-14,sh.603602,22.06,22.5,21.71,21.83,7565175,167188847.0,8.1417,-1.7994,0,0
2020-02-17,sh.603602,21.99,22.66,21.86,22.56,8469040,189163116.0,9.1145,3.344,0,0
2020-02-18,sh.603602,22.46,23.29,22.33,23.2,10947450,249565370.0,11.7818,2.8369,0,0
2020-02-19,sh.603602,23.2,23.39,22.61,22.68,8503831,194671330.0,9.1519,-2.2414,0,0
2020-02-20,sh.603602,22.77,23.1,22.38,22.99,8366819,191225038.0,9.0045,1.3668,0,0
2020-02-21,sh.603602,23.12,23.85,23.05,23.54,12747090,299309381.0,13.7186,2.3923,0,0
2020-02-24,sh.603602,24.01,25.38,23.85,24.79,17426637,429371918.0,18.7548,5.3101,0,0
2020-02-25,sh.603602,24.09,25.99,23.28,25.73,21372624,531722992.0,23.0015,3.7918,0,0
2020-02-26,sh.603602,24.83,25.19,23.41,23.65,13561310,332013633.0,14.5949,-8.0839,0,0
2020-02-27,sh.603602,24.06,24.4,23.36,23.86,8217492,196641320.0,8.8438,0.888,0,0
2020-02-28,sh.603602,22.94,23.34,21.67,21.72,9610164,216302155.0,10.3426,-8.969,0,0
2020-03-02,sh.603602,22.1,23.89,21.79,23.89,10486657,243119591.0,11.2859,9.9908,1,0
2020-03-03,sh.603602,24.8,24.93,23.73,24.06,13552618,330947943.0,14.5855,0.7116,0,0
2020-03-04,sh.603602,23.99,24.88,23.78,24.56,12002917,293424253.0,12.9177,2.0781,0,0
2020-03-05,sh.603602,25.8,26.27,24.71,24.77,16421989,413822127.0,17.6736,0.8551,0,0
2020-03-06,sh.603602,24.1,25.76,24.01,25.44,17202910,435225673.0,18.514,2.7049,0,0
2020-03-09,sh.603602,25.42,27.98,25.1,27.05,23737795,646911106.0,25.5469,6.3286,0,0
2020-03-10,sh.603602,27.39,29.1,25.51,29.06,38323956,1064852235.0,41.2447,7.4307,0,0
2020-03-11,sh.603602,28.18,29.08,26.7,26.98,28549043,800563452.0,30.7248,-7.1576,0,0
2020-03-12,sh.603602,25.0,26.27,25.0,25.63,15686593,402638257.0,16.8821,-5.0037,0,0
2020-03-13,sh.603602,24.13,26.42,24.1,25.73,15058856,377697816.0,16.2065,0.3902,0,0
2020-03-16,sh.603602,26.0,26.02,23.16,23.16,14174647,348283052.0,15.2549,-9.9883,0,1
2020-03-17,sh.603602,23.4,24.09,21.31,22.86,9837285,224402920.0,10.587,-1.2953,0,0
2020-03-18,sh.603602,23.15,23.44,21.82,21.9,9270916,211355586.0,9.9775,-4.1995,0,0
2020-03-19,sh.603602,21.95,23.2,21.8,22.88,9157153,205223901.0,9.855,4.4749,0,0
2020-03-20,sh.603602,23.42,23.59,22.66,23.12,6954873,160429601.0,7.4849,1.049,0,0
2020-03-23,sh.603602,22.45,24.5,22.01,23.97,15172144,360639830.0,16.3285,3.6765,0,0
2020-03-24,sh.603602,24.58,25.2,23.56,24.99,15690194,385632581.0,16.886,4.2553,0,0
2020-03-25,sh.603602,25.43,25.44,24.66,25.19,13410297,336667881.0,14.4323,0.8003,0,0
2020-03-26,sh.603602,24.8,25.1,24.33,24.62,8610436,212585340.0,9.2667,-2.2628,0,0
2020-03-27,sh.603602,24.95,25.1,23.9,23.9,8589066,212187243.0,9.2437,-2.9245,0,0
2020-03-30,sh.603602,24.0,25.41,22.6,25.2,14212573,342692036.0,15.2958,5.4393,0,0
2020-03-31,sh.603602,25.25,25.57,24.3,24.4,12401219,309982928.0,13.3464,-3.1746,0,0
2020-04-01,sh.603602,24.39,26.35,24.3,25.88,18495936,475671124.0,19.9056,6.0656,0,0
2020-04-02,sh.603602,25.54,26.59,25.4,26.45,18357645,478369835.0,19.7567,2.2025,0,0
2020-04-03,sh.603602,26.07,26.14,25.06,25.29,12587312,322015163.0,13.5466,-4.3856,0,0
2020-04-07,sh.603602,25.7,25.99,25.43,25.75,11385461,293036737.0,12.2532,1.8189,0,0
2020-04-08,sh.603602,24.97,24.98,24.23,24.23,14051147,345719496.0,15.122,-5.9029,0,0
2020-04-09,sh.603602,24.45,24.66,23.84,23.92,9370953,226835641.0,10.0851,-1.2794,0,0
2020-04-10,sh.603602,23.92,23.92,22.82,23.1,7878996,183604841.0,8.4795,-3.4281,0,0
2020-04-13,sh.603602,22.9,23.58,22.6,23.35,5912254,136776912.0,6.3628,1.0823,0,0
2020-04-14,sh.603602,23.5,23.77,23.25,23.73,4764244,112156217.0,5.1273,1.6274,0,0
2020-04-15,sh.603602,24.09,24.19,23.31,23.39,5530185,130806920.0,5.9517,-1.4328,0,0
2020-04-16,sh.603602,23.21,23.66,22.91,23.62,4697733,109733957.0,5.0558,0.9833,0,0
2020-04-17,sh.603602,23.39,23.86,23.2,23.22,6637861,156132701.0,7.1438,-1.6935,0,0
2020-04-20,sh.603602,23.25,23.39,22.98,23.15,3742265,86395511.0,4.0275,-0.3015,0,0
2020-04-21,sh.603602,23.2,23.68,23.0,23.51,4923805,115254732.0,5.2991,1.5551,0,0
2020-04-22,sh.603602,23.45,24.49,23.3,24.46,9286238,223430742.0,9.994,4.0408,0,0
2020-04-23,sh.603602,24.5,24.56,23.82,23.9,5798441,139517555.0,6.2404,-2.2894,0,0
2020-04-24,sh.603602,24.2,24.9,23.75,23.94,8429316,205266180.0,9.0717,0.1674,0,0
2020-04-27,sh.603602,23.9,25.16,23.8,24.88,10899446,268143907.0,11.7301,3.9265,0,0
2020-04-28,sh.603602,24.6,24.7,22.39,23.5,8976726,212922335.0,9.6609,-5.5466,0,0
2020-04-29,sh.603602,23.3,23.64,22.66,22.84,5762577,132852403.0,6.2018,-2.8085,0,0
2020-04-30,sh.603602,22.7,23.45,22.57,23.22,4827680,112077277.0,5.1956,1.6637,0,0
2020-05-06,sh.603602,23.05,23.74,22.88,23.7,4314001,101094282.0,4.6428,2.0672,0,0
2020-05-07,sh.603602,24.47,24.76,23.71,23.8,7087404,171921435.0,7.6276,0.4219,0,0
2020-05-08,sh.603602,24.18,24.55,23.98,24.24,6317416,153420197.0,6.7989,1.8487,0,0
2020-05-11,sh.603602,24.25,24.55,23.96,24.1,4522027,109663005.0,4.8667,-0.5776,0,0
2020-05-12,sh.603602,24.07,24.19,23.34,23.77,4447015,105564486.0,4.7859,-1.3693,0,0
2020-05-13,sh.603602,23.51,23.98,23.3,23.87,3440417,81454592.0,3.7026,0.4207,0,0
2020-05-14,sh.603602,23.95,24.23,23.54,23.61,3850702,92155453.0,4.1442,-1.0892,0,0
2020-05-15,sh.603602,23.95,23.97,23.33,23.39,3954832,93356173.0,4.2562,-0.9318,0,0
2020-05-18,sh.603602,23.31,23.48,22.68,22.72,5115343,117073892.0,5.5052,-2.8645,0,0
2020-05-19,sh.603602,22.9,23.05,22.68,22.84,3498672,79828318.0,3.7653,0.5282,0,0
2020-05-20,sh.603602,22.83,22.83,22.31,22.33,4022588,90234349.0,4.3292,-2.2329,0,0
2020-05-21,sh.603602,22.48,22.5,21.5,21.76,4744283,104142657.0,5.1059,-2.5526,0,0
2020-05-22,sh.603602,21.69,22.06,21.49,21.9,3119909,68049111.0,3.3577,0.6434,0,0
2020-05-25,sh.603602,21.92,22.13,21.74,21.8,1894737,41455217.0,2.0391,-0.4566,0,0
2020-05-26,sh.603602,22.0,22.37,21.8,22.29,2987685,66281259.0,3.2154,2.2477,0,0
2020-05-27,sh.603602,22.25,22.26,21.8,21.85,2601857,57162609.0,2.8002,-1.974,0,0
2020-05-28,sh.603602,22.0,22.24,21.35,21.6,3094390,67269412.0,3.3302,-1.1442,0,0
2020-05-29,sh.603602,21.42,21.63,20.94,20.96,3822844,81141637.0,4.1142,-2.963,0,0
2020-06-01,sh.603602,21.1,22.05,21.07,21.92,4595100,99536068.0,4.9453,4.5802,0,0
2020-06-02,sh.603602,21.86,22.28,21.86,21.95,2718796,59870708.0,2.926,0.1369,0,0
2020-06-03,sh.603602,21.94,22.25,21.55,21.85,4488221,98069635.0,4.8303,-0.4556,0,0
2020-06-04,sh.603602,21.76,21.97,21.6,21.61,2439833,53004732.0,2.6258,-1.0984,0,0
2020-06-05,sh.603602,21.73,22.0,21.63,21.84,2435713,53158491.0,2.6213,1.0643,0,0
2020-06-08,sh.603602,17.3,17.3,16.72,16.77,2989640,50759255.0,2.475,0.0,0,0
2020-06-09,sh.603602,16.44,16.63,16.36,16.46,3175497,52271110.0,2.6289,-1.8485,0,0
2020-06-10,sh.603602,16.38,16.56,16.38,16.43,2157150,35501747.0,1.7858,-0.1823,0,0
2020-06-11,sh.603602,16.48,16.55,16.3,16.33,2388130,39228488.0,1.977,-0.6086,0,0
2020-06-12,sh.603602,15.95,16.25,15.86,16.08,3248824,52229572.0,2.6896,-1.5309,0,0
2020-06-15,sh.603602,15.9,16.19,15.82,15.85,3178451,50651826.0,2.6313,-1.4303,0,0
2020-06-16,sh.603602,16.0,16.27,16.0,16.25,3635102,58845135.0,3.0093,2.5237,0,0
2020-06-17,sh.603602,16.24,16.4,16.0,16.11,3334366,53854969.0,2.7604,-0.8615,0,0
2020-06-18,sh.603602,16.11,17.6,16.0,16.75,8914482,149161251.0,7.3799,3.9727,0,0
2020-06-19,sh.603602,16.7,16.73,16.35,16.54,4680505,77477489.0,3.8748,-1.2537,0,0
2020-06-22,sh.603602,16.51,16.85,16.42,16.72,3970337,66069293.0,3.2869,1.0883,0,0
2020-06-23,sh.603602,16.6,16.77,16.38,16.39,3402507,56198219.0,2.8168,-1.9737,0,0
2020-06-24,sh.603602,16.46,16.55,16.26,16.3,2005814,32811246.0,1.6605,-0.5491,0,0
2020-06-29,sh.603602,16.25,16.45,16.03,16.11,2264634,36620568.0,1.8748,-1.1656,0,0
2020-06-30,sh.603602,16.3,16.46,16.12,16.32,2930070,47832419.0,2.4257,1.3035,0,0
2020-07-01,sh.603602,16.37,16.44,16.11,16.28,3053622,49642270.0,2.528,-0.2451,0,0
2020-07-02,sh.603602,16.26,16.46,16.16,16.45,4426270,72371120.0,3.6643,1.0442,0,0
2020-07-03,sh.603602,16.44,16.65,16.37,16.6,5234768,86586438.0,4.3336,0.9119,0,0
2020-07-06,sh.603602,16.9,17.3,16.73,17.16,8806570,150163711.0,7.2906,3.3735,0,0
2020-07-07,sh.603602,17.45,17.7,17.09,17.46,11312044,197091366.0,9.3647,1.7482,0,0
2020-07-08,sh.603602,17.39,17.58,17.1,17.54,10829247,188103299.0,8.9651,0.4582,0,0
2020-07-09,sh.603602,17.48,18.0,17.43,17.88,12957314,230060734.0,10.7268,1.9384,0,0
2020-07-10,sh.603602,17.88,17.93,17.33,17.39,9586221,169030991.0,7.936,-2.7405,0,0
2020-07-13,sh.603602,17.45,17.95,17.4,17.95,10160230,180231640.0,8.4112,3.2202,0,0
2020-07-14,sh.603602,17.99,18.1,17.38,17.65,9339994,165899717.0,7.7322,-1.6713,0,0
2020-07-15,sh.603602,17.74,17.81,16.9,16.92,8136480,140157332.0,6.7358,-4.136,0,0
2020-07-16,sh.603602,16.9,17.06,15.91,16.08,7623300,126176287.0,6.311,-4.9645,0,0
2020-07-17,sh.603602,16.16,16.17,15.5,15.71,6587879,103751663.0,5.4538,-2.301,0,0
2020-07-20,sh.603602,15.79,16.05,15.6,16.05,4502674,71492200.0,3.7276,2.1642,0,0
2020-07-21,sh.603602,16.12,16.26,15.91,16.2,4224710,68032525.26,3.4975,0.9346,0,0
2020-07-22,sh.603602,16.16,16.26,16.04,16.1,4545375,73474332.65,3.7629,-0.6173,0,0
2020-07-23,sh.603602,16.02,16.02,15.55,15.76,4554959,71807752.47,3.7709,-2.1118,0,0
2020-07-24,sh.603602,15.74,15.97,15.18,15.18,4235092,65995836.98,3.506,-3.6802,0,0
2020-07-27,sh.603602,15.07,15.35,14.96,15.26,2229227,33846002.91,1.8455,0.527,0,0
2020-07-28,sh.603602,15.35,15.56,15.31,15.4,1943252,29970466.72,1.6087,0.9174,0,0
2020-07-29,sh.603602,15.36,15.79,15.23,15.74,3361857,52109894.92,2.7831,2.2078,0,0
2020-07-30,sh.603602,15.66,15.88,15.45,15.49,3112805,48686943.34,2.577,-1.5883,0,0
2020-07-31,sh.603602,15.51,15.76,15.46,15.63,2572583,40126550.89,2.1297,0.9038,0,0
2020-08-03,sh.603602,15.68,15.95,15.68,15.91,4433442,70194996.12,3.6703,1.7914,0,0
2020-08-04,sh.603602,15.87,15.88,15.34,15.41,5921463,92184210.26,4.9021,-3.1427,0,0
2020-08-05,sh.603602,15.49,15.83,15.28,15.83,5249254,82017811.63,4.3456,2.7255,0,0
2020-08-06,sh.603602,15.7,15.94,15.58,15.73,4549050,71694955.51,3.766,-0.6317,0,0
2020-08-07,sh.603602,15.67,15.72,15.31,15.33,3620873,55911207.28,2.9976,-2.5429,0,0
2020-08-10,sh.603602,15.32,15.65,15.18,15.52,2966927,45955572.58,1.4555,1.2394,0,0
2020-08-11,sh.603602,15.57,15.76,15.21,15.25,3703730,57397315.56,1.817,-1.7397,0,0
2020-08-12,sh.603602,15.28,15.35,15.01,15.34,2972820,45037325.42,1.4584,0.5902,0,0
2020-08-13,sh.603602,15.35,15.63,15.3,15.55,3320332,51569011.05,1.6289,1.369,0,0
2020-08-14,sh.603602,15.5,15.7,15.5,15.67,2821601,44070024.24,1.3842,0.7717,0,0
2020-08-17,sh.603602,15.69,15.86,15.55,15.83,5035501,79320518.77,2.4703,1.0211,0,0
2020-08-18,sh.603602,15.8,15.8,15.62,15.74,3451055,54210931.13,1.693,-0.5685,0,0
2020-08-19,sh.603602,15.75,15.77,15.34,15.39,3569772,55161191.84,1.7513,-2.2236,0,0
2020-08-20,sh.603602,15.22,15.42,15.1,15.38,2985940,45545031.16,1.4648,-0.065,0,0
2020-08-21,sh.603602,15.3,15.49,15.24,15.27,2439681,37481724.92,1.1969,-0.7152,0,0
2020-08-24,sh.603602,15.3,15.38,14.96,15.12,2398390,36244821.47,1.1766,-0.9823,0,0
2020-08-25,sh.603602,15.12,15.26,15.05,15.15,2458512,37205904.32,1.2061,0.1984,0,0
2020-08-26,sh.603602,15.09,15.14,14.9,14.97,3280394,49196824.18,1.6093,-1.1881,0,0
2020-08-27,sh.603602,15.0,15.11,14.83,15.08,1690366,25402185.31,0.8293,0.7348,0,0
2020-08-28,sh.603602,14.9,15.0,14.51,14.81,4936728,72722449.34,2.4219,-1.7905,0,0
2020-08-31,sh.603602,14.85,14.88,14.68,14.71,2729891,40307003.54,1.3392,-0.6752,0,0
2020-09-01,sh.603602,14.63,14.64,14.2,14.29,4566087,65528152.65,2.24,-2.8552,0,0
2020-09-02,sh.603602,14.35,14.62,14.31,14.58,3446659,49928992.71,1.6909,2.0294,0,0
2020-09-03,sh.603602,14.48,14.62,14.37,14.42,2271831,32826840.08,1.1145,-1.0974,0,0
2020-09-04,sh.603602,14.18,14.59,14.05,14.54,1828446,26207662.75,0.897,0.8322,0,0
2020-09-07,sh.603602,14.6,15.07,14.51,14.77,4117039,60953560.61,2.0197,1.5818,0,0
2020-09-08,sh.603602,14.91,14.92,14.67,14.78,1722445,25443135.9,0.845,0.0677,0,0
2020-09-09,sh.603602,14.71,14.71,14.25,14.25,2531739,36598005.79,1.242,-3.5859,0,0
2020-09-10,sh.603602,14.4,14.42,13.6,13.66,3894538,54332215.16,1.9106,-4.1404,0,0
2020-09-11,sh.603602,13.7,13.71,13.39,13.4,3517176,47477653.71,1.7255,-1.9034,0,0
2020-09-14,sh.603602,13.45,13.49,13.3,13.38,2826860,37836354.75,1.3868,-0.1493,0,0
2020-09-15,sh.603602,13.4,13.43,12.96,13.16,3757005,49260423.3,1.8431,-1.6442,0,0
2020-09-16,sh.603602,13.15,13.31,12.8,12.86,3405612,44267103.0,1.6707,-2.2796,0,0
2020-09-17,sh.603602,12.81,13.57,12.56,13.4,5390490,70664624.45,2.6445,4.1991,0,0
2020-09-18,sh.603602,13.3,13.42,13.08,13.23,2966169,39214443.89,1.4551,-1.2687,0,0
2020-09-21,sh.603602,13.2,13.3,13.05,13.09,1794687,23616222.96,0.8804,-1.0582,0,0
2020-09-22,sh.603602,13.04,13.04,12.71,12.78,2035455,26243279.96,0.9986,-2.3682,0,0
2020-09-23,sh.603602,12.78,13.04,12.78,13.0,1587309,20538297.6,0.7787,1.7214,0,0
2020-09-24,sh.603602,12.95,12.95,12.66,12.73,1651075,21107887.15,0.81,-2.0769,0,0
2020-09-25,sh.603602,12.73,12.94,12.66,12.69,1366248,17441012.48,0.6703,-0.3142,0,0
2020-09-28,sh.603602,12.75,12.79,12.26,12.26,1974982,24594296.92,0.9689,-3.3885,0,0
2020-09-29,sh.603602,12.34,12.92,12.24,12.64,3289556,41577872.49,1.6138,3.0995,0,0
2020-09-30,sh.603602,12.58,12.66,12.31,12.35,1922909,23958739.94,0.9433,-2.2943,0,0
2020-10-09,sh.603602,12.53,13.08,12.49,12.93,2943617,37897952.88,1.4441,4.6964,0,0
2020-10-12,sh.603602,13.0,13.3,13.0,13.3,2488470,32847270.71,1.2208,2.8616,0,0
2020-10-13,sh.603602,13.3,13.37,13.14,13.2,1705957,22573993.23,0.8369,-0.7519,0,0
2020-10-14,sh.603602,13.21,13.3,12.88,12.99,1731265,22542798.15,0.8493,-1.5909,0,0
2020-10-15,sh.603602,12.98,13.09,12.79,12.83,1332178,17178481.82,0.6535,-1.2317,0,0
2020-10-16,sh.603602,12.88,12.91,12.72,12.87,854292,10959328.32,0.4191,0.3118,0,0
2020-10-19,sh.603602,12.9,13.17,12.88,12.97,1509131,19649070.54,0.7404,0.777,0,0
2020-10-20,sh.603602,12.9,13.1,12.8,13.08,1164876,15120597.04,0.5715,0.8481,0,0
2020-10-21,sh.603602,13.12,13.2,12.76,12.82,1493152,19224154.44,0.7325,-1.9878,0,0
2020-10-22,sh.603602,12.79,12.95,12.57,12.85,1071410,13736326.64,0.5256,0.234,0,0
2020-10-23,sh.603602,12.81,12.94,12.6,12.64,1082224,13763509.58,0.5309,-1.6342,0,0
2020-10-26,sh.603602,12.64,12.74,12.43,12.64,897548,11325059.77,0.4403,0.0,0,0
2020-10-27,sh.603602,12.57,12.69,12.35,12.44,1257202,15719666.46,0.6168,-1.5823,0,0
2020-10-28,sh.603602,12.4,12.58,12.25,12.43,1213820,15007489.45,0.5955,-0.0804,0,0
2020-10-29,sh.603602,12.21,12.38,12.1,12.2,2284851,27924531.69,1.1209,-1.8504,0,0
2020-10-30,sh.603602,12.21,12.33,11.25,11.33,5174817,60423601.39,2.5387,-7.1311,0,0
2020-11-02,sh.603602,11.33,11.33,10.83,11.03,3044295,33618504.38,1.4935,-2.6478,0,0
2020-11-03,sh.603602,11.03,11.78,10.99,11.63,3974798,45855081.33,1.95,5.4397,0,0
2020-11-04,sh.603602,11.65,11.86,11.43,11.49,2171790,25172272.94,1.0654,-1.2038,0,0
2020-11-05,sh.603602,11.65,12.15,11.59,12.08,3710329,44157624.96,1.8202,5.1349,0,0
2020-11-06,sh.603602,12.14,12.32,12.0,12.1,3093473,37533220.03,1.5176,0.1656,0,0
2020-11-09,sh.603602,12.19,12.7,12.19,12.56,3403897,42557912.94,1.6699,3.8017,0,0
2020-11-10,sh.603602,12.5,12.64,12.25,12.29,2289656,28426973.19,1.1233,-2.1497,0,0
2020-11-11,sh.603602,12.39,12.4,11.91,11.94,2047414,24686372.99,1.0044,-2.8478,0,0
2020-11-12,sh.603602,12.09,12.21,11.83,11.86,1512426,18139292.5,0.742,-0.67,0,0
2020-11-13,sh.603602,11.82,11.9,11.62,11.76,1639909,19238172.61,0.8045,-0.8432,0,0
2020-11-16,sh.603602,11.77,11.91,11.7,11.76,1660424,19559769.5,0.8146,0.0,0,0
2020-11-17,sh.603602,11.78,11.81,11.47,11.57,1867622,21588318.62,0.9162,-1.6156,0,0
2020-11-18,sh.603602,11.58,11.91,11.51,11.57,1926475,22498138.73,0.9451,0.0,0,0
2020-11-19,sh.603602,11.56,11.7,11.4,11.65,1530542,17751314.5,0.7509,0.6914,0,0
2020-11-20,sh.603602,11.66,11.73,11.54,11.68,1687559,19619713.46,0.8279,0.2575,0,0
2020-11-23,sh.603602,11.68,11.7,11.5,11.55,1781714,20648760.58,0.8741,-1.113,0,0
2020-11-24,sh.603602,11.59,11.7,11.5,11.56,1596055,18491478.95,0.783,0.0866,0,0
2020-11-25,sh.603602,11.64,12.72,11.46,12.72,7795444,97230769.68,3.8243,10.0346,1,0
2020-11-26,sh.603602,12.89,13.44,12.72,12.97,19015510,250172689.22,9.3286,1.9654,0,0
2020-11-27,sh.603602,12.88,12.96,12.37,12.95,10558462,132893453.71,5.1798,-0.1542,0,0
2020-11-30,sh.603602,12.8,14.25,12.66,13.81,20954573,284250081.18,10.2799,6.6409,0,0
2020-12-01,sh.603602,13.4,13.8,13.4,13.65,14025544,190255025.18,6.8807,-1.1586,0,0
2020-12-02,sh.603602,13.5,14.25,13.11,13.78,14246913,194153841.44,6.9893,0.9524,0,0
2020-12-03,sh.603602,13.5,13.53,13.15,13.16,8743624,116466168.81,4.2895,-4.4993,0,0
2020-12-04,sh.603602,13.08,13.77,13.03,13.33,9674575,130701469.04,4.7462,1.2918,0,0
2020-12-07,sh.603602,13.22,13.72,13.11,13.34,6315667,84512307.08,3.0983,0.075,0,0
2020-12-08,sh.603602,13.19,13.26,12.89,13.06,5275745,68931155.58,2.5882,-2.099,0,0
2020-12-09,sh.603602,13.06,13.19,12.53,12.64,5014534,64002345.67,2.46,-3.2159,0,0
2020-12-10,sh.603602,12.65,13.7,12.58,13.45,11753979,156936417.51,5.7663,6.4082,0,0
2020-12-11,sh.603602,13.26,13.72,12.91,13.59,11319964,150734405.82,5.5534,1.0409,0,0
2020-12-14,sh.603602,13.5,13.83,13.32,13.68,8756469,119177888.65,4.2958,0.6623,0,0
2020-12-15,sh.603602,13.65,13.92,13.4,13.51,6882141,93833000.11,3.3762,-1.2427,0,0
2020-12-16,sh.603602,13.4,13.5,12.97,13.07,5430634,71193435.29,2.6642,-3.2568,0,0
2020-12-17,sh.603602,13.0,13.16,12.0,12.54,7714463,96058593.27,3.7846,-4.0551,0,0
2020-12-18,sh.603602,12.35,12.55,12.1,12.11,4475397,54829930.68,2.1955,-3.429,0,0
2020-12-21,sh.603602,11.9,12.28,11.7,12.15,3505603,42194990.55,1.7198,0.3303,0,0
2020-12-22,sh.603602,12.12,12.38,11.89,11.93,3651879,44191550.61,1.7915,-1.8107,0,0
2020-12-23,sh.603602,11.96,12.08,11.8,11.93,3180589,37840340.58,1.5603,0.0,0,0
2020-12-24,sh.603602,12.18,12.18,11.68,11.93,4168052,49640959.9,2.0448,0.0,0,0
2020-12-25,sh.603602,12.0,12.02,11.33,11.33,3981578,46629732.45,1.9533,-5.0293,0,0
2020-12-28,sh.603602,11.1,11.12,10.7,10.94,4975861,54334809.04,2.4411,-3.4422,0,0
2020-12-29,sh.603602,10.8,12.03,10.78,12.03,8284437,97719465.91,4.0642,9.9634,1,0
2020-12-30,sh.603602,12.0,12.19,11.75,12.15,7764638,93134125.1,3.8092,0.9975,0,0
2020-12-31,sh.603602,12.03,12.93,11.92,12.26,7658792,94086578.29,3.7573,0.9053,0,0
2021-01-04,sh.603602,12.08,12.55,11.93,12.39,5898112,72343078.95,2.8934,1.0604,0,0
2021-01-05,sh.603602,12.37,12.66,12.04,12.53,6198957,77173164.32,3.041,1.1299,0,0
2021-01-06,sh.603602,12.47,12.5,12.0,12.08,4478046,54364174.12,2.1968,-3.5914,0,0
2021-01-07,sh.603602,12.01,12.1,11.36,11.49,5490477,63845545.34,2.6935,-4.8841,0,0
2021-01-08,sh.603602,11.4,12.16,11.21,11.84,5064792,60411190.45,2.4846,3.0461,0,0
2021-01-11,sh.603602,11.7,12.28,11.55,11.68,4153761,49259867.87,2.0377,-1.3514,0,0
2021-01-12,sh.603602,11.55,12.0,11.35,11.67,2984524,34717545.04,1.4641,-0.0856,0,0
2021-01-13,sh.603602,11.64,11.98,11.12,11.46,4349937,49964474.67,2.1339,-1.7995,0,0
2021-01-14,sh.603602,11.3,11.79,11.18,11.47,3030323,34721760.22,1.4866,0.0873,0,0
2021-01-15,sh.603602,11.4,11.73,11.28,11.51,3018919,34714518.18,1.481,0.3487,0,0
2021-01-18,sh.603602,11.43,12.0,11.43,11.83,3464241,40664962.99,1.6995,2.7802,0,0
2021-01-19,sh.603602,11.78,11.94,11.69,11.77,2831178,33351606.64,1.3889,-0.5072,0,0
2021-01-20,sh.603602,11.8,12.04,11.67,11.99,3021434,35801527.91,1.4822,1.8692,0,0
2021-01-21,sh.603602,11.93,11.97,11.7,11.72,2547004,30093899.87,1.2495,-2.2519,0,0
2021-01-22,sh.603602,11.72,11.72,11.17,11.23,2988823,33917522.92,1.4662,-4.1809,0,0
2021-01-25,sh.603602,11.17,11.3,10.88,10.91,2652284,29361089.24,1.3011,-2.8495,0,0
2021-01-26,sh.603602,10.91,11.3,10.76,11.01,1560014,17282160.76,0.7653,0.9166,0,0
2021-01-27,sh.603602,10.94,11.16,10.92,10.97,1243200,13718308.94,0.6099,-0.3633,0,0
2021-01-28,sh.603602,10.9,11.17,10.72,10.72,1828711,19902193.17,0.8971,-2.2789,0,0
2021-01-29,sh.603602,10.7,10.91,10.1,10.17,3556143,36747516.52,1.7445,-5.1306,0,0
2021-02-01,sh.603602,10.11,10.34,9.85,10.05,2251082,22592458.51,1.1043,-1.1799,0,0
2021-02-02,sh.603602,10.05,10.3,9.92,10.14,1749910,17725287.56,0.8585,0.8955,0,0
2021-02-03,sh.603602,10.16,10.35,9.9,9.92,2043963,20601931.36,1.0027,-2.1696,0,0
2021-02-04,sh.603602,9.9,10.1,9.61,10.01,2211614,21649520.17,1.085,0.9073,0,0
2021-02-05,sh.603602,10.15,10.28,9.92,9.93,1263899,12774113.2,0.62,-0.7992,0,0
2021-02-08,sh.603602,10.07,10.11,9.83,9.99,1376989,13700426.94,0.6755,0.6042,0,0
2021-02-09,sh.603602,10.03,10.17,9.89,10.15,1893939,19039440.0,0.9291,1.6016,0,0
2021-02-10,sh.603602,10.15,10.45,10.09,10.29,1487591,15263168.58,0.7298,1.3793,0,0
2021-02-18,sh.603602,10.29,10.78,10.29,10.71,2387153,25237686.51,1.1711,4.0816,0,0
2021-02-19,sh.603602,10.8,10.95,10.61,10.92,2298428,24865354.5,1.1275,1.9608,0,0
2021-02-22,sh.603602,10.92,11.48,10.92,10.96,4089745,45634261.94,2.0063,0.3663,0,0
2021-02-23,sh.603602,10.6,11.09,10.6,10.99,2442370,26702782.96,1.1982,0.2737,0,0
2021-02-24,sh.603602,10.97,11.15,10.85,10.88,2906347,31993066.69,1.4258,-1.0009,0,0
2021-02-25,sh.603602,11.03,11.25,10.74,10.81,2609224,28495979.94,1.28,-0.6434,0,0
2021-02-26,sh.603602,10.6,11.45,10.6,11.15,5132917,57037072.15,2.5181,3.1452,0,0
2021-03-01,sh.603602,11.08,11.18,10.95,11.08,3607073,39784004.5,1.7695,-0.6278,0,0
2021-03-02,sh.603602,11.05,11.13,10.71,10.76,2486244,26878694.4,1.2197,-2.8881,0,0
2021-03-03,sh.603602,10.7,10.88,10.62,10.76,1676669,18025140.48,0.8225,0.0,0,0
2021-03-04,sh.603602,10.66,10.85,10.58,10.73,2143872,22944734.7,1.0517,-0.2788,0,0
2021-03-05,sh.603602,10.71,10.95,10.71,10.88,1714670,18627468.28,0.8412,1.3979,0,0
2021-03-08,sh.603602,10.91,11.06,10.76,10.78,1730356,18906373.54,0.8489,-0.9191,0,0
2021-03-09,sh.603602,10.7,10.91,10.31,10.6,2144878,22770405.49,1.0522,-1.6698,0,0
2021-03-10,sh.603602,10.73,11.66,10.45,11.09,8312398,93499712.35,4.0778,4.6226,0,0
2021-03-11,sh.603602,10.98,11.11,10.75,11.02,5300919,57689378.88,2.6005,-0.6312,0,0
2021-03-12,sh.603602,10.95,11.8,10.82,11.58,8252355,93486332.93,4.0484,5.0817,0,0
2021-03-15,sh.603602,11.46,11.58,11.2,11.4,3278405,37239389.25,1.6083,-1.5544,0,0
2021-03-16,sh.603602,11.41,12.54,11.32,12.2,16376257,200024012.43,8.0337,7.0175,0,0
2021-03-17,sh.603602,11.91,12.16,11.55,11.58,12836133,151157915.83,6.297,-5.082,0,0
2021-03-18,sh.603602,11.56,11.58,11.23,11.41,5773074,65504707.3,2.8321,-1.468,0,0
2021-03-19,sh.603602,11.28,11.76,11.22,11.24,4296336,49205543.71,2.1077,-1.4899,0,0
2021-03-22,sh.603602,11.13,11.34,11.13,11.26,3225750,36229770.63,1.5825,0.1779,0,0
2021-03-23,sh.603602,11.26,11.61,11.2,11.38,3933399,44651899.91,1.9296,1.0657,0,0
2021-03-24,sh.603602,11.25,11.37,11.12,11.16,2789086,31257275.05,1.3682,-1.9332,0,0
2021-03-25,sh.603602,11.11,11.3,11.01,11.14,2337871,26028501.11,1.1469,-0.1792,0,0
2021-03-26,sh.603602,11.17,11.43,11.06,11.23,3504784,39439620.88,1.7193,0.8079,0,0
2021-03-29,sh.603602,11.23,11.77,11.23,11.54,5518601,63472240.96,2.7073,2.7605,0,0
2021-03-30,sh.603602,11.55,12.09,11.35,11.84,7531098,88517925.57,3.6945,2.5997,0,0
2021-03-31,sh.603602,11.71,12.13,11.62,12.04,4784594,57018770.78,2.3472,1.6892,0,0
2021-04-01,sh.603602,11.92,12.13,11.52,11.63,5275079,62104034.38,2.5878,-3.4053,0,0
2021-04-02,sh.603602,11.51,11.85,11.5,11.7,3490049,40706508.3,1.7121,0.6019,0,0
2021-04-06,sh.603602,11.56,12.0,11.54,11.6,4356802,51226661.43,2.1373,-0.8547,0,0
2021-04-07,sh.603602,11.5,11.7,11.35,11.65,2669227,30820670.68,1.3094,0.431,0,0
2021-04-08,sh.603602,11.6,11.7,11.24,11.24,3010410,34441779.36,1.4768,-3.5193,0,0
2021-04-09,sh.603602,11.26,11.37,11.1,11.21,1780349,19929658.53,0.8734,-0.2669,0,0
2021-04-12,sh.603602,11.22,11.4,10.99,11.08,2421738,27118248.04,1.188,-1.1597,0,0
2021-04-13,sh.603602,10.9,11.08,10.54,10.56,3855270,41393402.84,1.8912,-4.6931,0,0
2021-04-14,sh.603602,10.53,10.89,10.51,10.86,2590770,27765864.6,1.2709,2.8409,0,0
2021-04-15,sh.603602,10.86,10.86,10.68,10.76,1228600,13244718.8,0.6027,-0.9208,0,0
2021-04-16,sh.603602,10.82,11.03,10.64,11.03,1429200,15644030.56,0.7011,2.5093,0,0
2021-04-19,sh.603602,11.13,11.13,10.95,11.04,1761966,19456849.48,0.8644,0.0907,0,0
2021-04-20,sh.603602,11.05,11.12,10.91,10.96,1400935,15435149.9,0.6872,-0.7246,0,0
2021-04-21,sh.603602,11.0,11.0,10.75,10.76,1524644,16511407.16,0.7479,-1.8248,0,0
2021-04-22,sh.603602,10.81,11.09,10.75,10.89,1823620,19916705.76,0.8946,1.2082,0,0
2021-04-23,sh.603602,10.84,10.85,10.6,10.72,1673076,17891672.84,0.8207,-1.5611,0,0
2021-04-26,sh.603602,10.66,11.0,10.59,10.78,1947609,20994578.77,0.9554,0.5597,0,0
2021-04-27,sh.603602,10.71,10.75,10.5,10.64,1756490,18653167.81,0.8617,-1.2987,0,0
2021-04-28,sh.603602,10.69,10.72,10.36,10.43,2121661,22264804.85,1.0408,-1.9737,0,0
2021-04-29,sh.603602,10.42,10.42,10.18,10.2,2260044,23172062.51,1.1087,-2.2052,0,0
2021-04-30,sh.603602,10.28,10.28,10.0,10.07,1417011,14310566.33,0.6951,-1.2745,0,0
2021-05-06,sh.603602,10.11,10.33,10.07,10.1,1239959,12603259.36,0.6083,0.2979,0,0
2021-05-07,sh.603602,10.09,10.18,10.01,10.12,1012025,10237930.98,0.4965,0.198,0,0
2021-05-10,sh.603602,10.13,10.18,9.79,10.0,1620770,16288711.25,0.7951,-1.1858,0,0
2021-05-11,sh.603602,10.1,10.24,9.82,10.21,1392845,14142171.03,0.6833,2.1,0,0
2021-05-12,sh.603602,10.15,10.35,10.15,10.26,1415569,14540932.78,0.6944,0.4897,0,0
2021-05-13,sh.603602,10.28,10.47,10.28,10.31,1222374,12656347.78,0.5996,0.4873,0,0
2021-05-14,sh.603602,10.3,10.44,10.21,10.37,1092455,11292840.5,0.5359,0.582,0,0
2021-05-17,sh.603602,10.39,10.48,10.01,10.22,1517973,15572576.88,0.7447,-1.4465,0,0
2021-05-18,sh.603602,10.22,10.48,10.1,10.34,1536329,15847405.59,0.7537,1.1742,0,0
2021-05-19,sh.603602,10.27,10.28,10.1,10.1,1248710,12672906.69,0.6126,-2.0369,0,0
2021-05-20,sh.603602,10.1,10.18,10.0,10.02,1166194,11728672.94,0.5721,-0.7921,0,0
2021-05-21,sh.603602,10.0,10.31,9.97,10.13,1271138,12934844.18,0.6236,1.0978,0,0
2021-05-24,sh.603602,10.13,10.34,10.09,10.31,1370676,14056256.21,0.6724,1.7769,0,0
2021-05-25,sh.603602,10.31,10.34,10.25,10.33,954390,9829324.1,0.4682,0.194,0,0
2021-05-26,sh.603602,10.34,10.4,10.23,10.27,1325687,13665846.61,0.6503,-0.5808,0,0
2021-05-27,sh.603602,10.33,10.65,10.26,10.39,2313687,24138634.67,1.135,1.1685,0,0
2021-05-28,sh.603602,10.4,10.48,10.22,10.36,3008682,31053078.11,1.4759,-0.2887,0,0
2021-05-31,sh.603602,10.31,10.39,10.28,10.37,1382670,14290913.53,0.6783,0.0965,0,0
2021-06-01,sh.603602,10.35,10.48,10.31,10.42,1698742,17685477.87,0.8333,0.4822,0,0
2021-06-02,sh.603602,10.42,10.56,10.38,10.54,2725548,28521396.89,1.337,1.1516,0,0
2021-06-03,sh.603602,10.5,10.85,10.45,10.58,3428638,36542679.79,1.682,0.3795,0,0
2021-06-04,sh.603602,10.63,10.78,10.46,10.63,2664837,28328612.57,1.3073,0.4726,0,0
2021-06-07,sh.603602,10.65,10.91,10.64,10.89,3128109,33727788.23,1.5345,2.4459,0,0
2021-06-08,sh.603602,10.89,10.98,10.67,10.91,2723970,29518289.99,1.3363,0.1837,0,0
2021-06-09,sh.603602,10.88,10.98,10.73,10.77,2033492,22033991.62,0.9976,-1.2832,0,0
2021-06-10,sh.603602,10.69,11.12,10.63,11.05,3867275,42318418.01,1.8971,2.5998,0,0
2021-06-11,sh.603602,11.3,11.36,10.81,10.87,3235724,35801550.16,1.5873,-1.629,0,0
2021-06-15,sh.603602,10.78,11.0,10.73,10.76,2009563,21777282.89,0.9858,-1.012,0,0
2021-06-16,sh.603602,10.78,11.06,10.7,10.74,3159167,34360533.19,1.5498,-0.1859,0,0
2021-06-17,sh.603602,10.72,10.89,10.59,10.89,2689103,28930727.02,1.3192,1.3966,0,0
2021-06-18,sh.603602,10.86,11.11,10.71,11.02,2980471,32696725.95,1.4621,1.1938,0,0
2021-06-21,sh.603602,10.96,11.15,10.85,10.99,2553045,28161432.39,1.2524,-0.2722,0,0
2021-06-22,sh.603602,11.05,11.08,10.89,10.98,2153907,23631808.51,1.0566,-0.091,0,0
2021-06-23,sh.603602,10.94,11.15,10.82,10.96,2519412,27636946.47,1.2359,-0.1821,0,0
2021-06-24,sh.603602,11.0,11.03,10.75,10.79,2259541,24505803.27,1.1084,-1.5511,0,0
2021-06-25,sh.603602,10.79,10.84,10.65,10.7,2227996,23904000.83,1.093,-0.8341,0,0
2021-06-28,sh.603602,10.7,10.85,10.51,10.79,2319009,24691363.23,1.1376,0.8411,0,0
2021-06-29,sh.603602,10.78,10.78,10.41,10.41,1728424,18265139.63,0.8479,-3.5218,0,0
2021-06-30,sh.603602,10.4,10.51,10.3,10.45,1323478,13761085.74,0.6492,0.3842,0,0
2021-07-01,sh.603602,10.45,10.51,10.17,10.17,1455049,15040156.5,0.7138,-2.6794,0,0
2021-07-02,sh.603602,10.18,10.3,10.09,10.17,949951,9649983.48,0.466,0.0,0,0
2021-07-05,sh.603602,10.17,10.33,10.17,10.32,1260840,12945853.2,0.6185,1.4749,0,0
2021-07-06,sh.603602,10.32,10.38,10.25,10.31,1015396,10467557.36,0.4981,-0.0969,0,0
2021-07-07,sh.603602,10.3,10.37,10.22,10.3,1314186,13516879.94,0.6447,-0.097,0,0
2021-07-08,sh.603602,10.31,10.38,10.18,10.24,1408134,14442274.4,0.6908,-0.5825,0,0
2021-07-09,sh.603602,10.24,10.32,10.2,10.26,1121915,11535930.0,0.5504,0.1953,0,0
2021-07-12,sh.603602,10.34,10.82,10.29,10.71,4366991,46400555.94,2.1423,4.386,0,0
2021-07-13,sh.603602,10.66,10.79,10.58,10.78,2313903,24743499.37,1.1351,0.6536,0,0
2021-07-14,sh.603602,10.78,10.88,10.62,10.67,1604777,17158749.78,0.7872,-1.0204,0,0
2021-07-15,sh.603602,10.77,10.81,10.3,10.31,2343371,24424376.25,1.1496,-3.3739,0,0
2021-07-16,sh.603602,10.3,10.39,10.26,10.26,1371331,14159261.4,0.6727,-0.485,0,0
2021-07-19,sh.603602,10.26,10.5,10.15,10.48,2038386,21085187.22,1.0,2.1442,0,0
2021-07-20,sh.603602,10.4,10.49,10.3,10.47,1437574,14952618.04,0.7052,-0.0954,0,0
2021-07-21,sh.603602,10.42,10.61,10.4,10.48,1513714,15884460.4,0.7426,0.0955,0,0
2021-07-22,sh.603602,10.52,10.52,10.33,10.4,1319442,13727615.12,0.6473,-0.7634,0,0
2021-07-23,sh.603602,10.37,10.4,10.22,10.24,1444300,14842550.36,0.7085,-1.5385,0,0
2021-07-26,sh.603602,10.24,10.3,9.91,10.1,1961878,19798906.72,0.9624,-1.3672,0,0
2021-07-27,sh.603602,10.08,10.36,10.06,10.17,1624957,16621677.06,0.7971,0.6931,0,0
2021-07-28,sh.603602,10.17,10.4,9.75,10.31,3128332,31773461.16,1.5346,1.3766,0,0
2021-07-29,sh.603602,10.34,10.66,10.34,10.59,3865107,40757703.73,1.8961,2.7158,0,0
2021-07-30,sh.603602,10.45,11.07,10.45,10.85,5313163,57518709.96,2.6064,2.4551,0,0
2021-08-02,sh.603602,10.88,11.11,10.71,11.02,5489670,60113942.48,2.693,1.5668,0,0
2021-08-03,sh.603602,10.93,11.3,10.91,11.14,5510245,61588935.09,2.7031,1.0889,0,0
2021-08-04,sh.603602,11.18,11.3,11.07,11.26,4279535,47849192.01,2.0994,1.0772,0,0
2021-08-05,sh.603602,11.16,11.23,11.02,11.1,3240811,36046735.77,1.5898,-1.421,0,0
2021-08-06,sh.603602,11.02,11.29,11.02,11.18,3147614,35091005.88,1.5441,0.7207,0,0
2021-08-09,sh.603602,11.08,11.27,11.05,11.08,2055410,22875472.12,1.0083,-0.8945,0,0
2021-08-10,sh.603602,11.08,11.21,11.0,11.08,2300526,25575965.31,1.1285,0.0,0,0
2021-08-11,sh.603602,11.1,11.19,10.9,11.03,3551428,39123016.35,1.7422,-0.4513,0,0
2021-08-12,sh.603602,11.11,11.3,11.03,11.24,3659307,40937439.68,1.7951,1.9039,0,0
2021-08-13,sh.603602,11.17,11.19,10.84,10.92,2872289,31487007.27,1.409,-2.847,0,0
2021-08-16,sh.603602,10.88,11.05,10.82,10.92,1974605,21604359.67,0.9687,0.0,0,0
2021-08-17,sh.603602,10.91,10.98,10.57,10.57,2389353,25627793.43,1.1721,-3.2051,0,0
2021-08-18,sh.603602,10.57,10.63,10.4,10.52,1975190,20778586.56,0.9689,-0.473,0,0
2021-08-19,sh.603602,10.57,11.01,10.53,10.78,3041983,32753705.57,1.4923,2.4715,0,0
2021-08-20,sh.603602,10.61,10.73,10.45,10.5,2079692,21913692.28,1.0202,-2.5974,0,0
2021-08-23,sh.603602,10.6,10.94,10.52,10.93,3075076,33162703.22,1.5085,4.0952,0,0
2021-08-24,sh.603602,10.9,11.19,10.9,11.15,3364402,37337443.72,1.6504,2.0128,0,0
2021-08-25,sh.603602,11.15,11.22,11.09,11.18,2461868,27494662.87,1.2077,0.2691,0,0
2021-08-26,sh.603602,11.18,11.18,10.87,10.95,2452774,27011176.98,1.2032,-2.0572,0,0
2021-08-27,sh.603602,10.89,10.98,10.56,10.63,2412848,25816334.14,1.1836,-2.9224,0,0
2021-08-30,sh.603602,10.98,10.98,10.26,10.36,3470483,36478037.41,1.7025,-2.54,0,0
2021-08-31,sh.603602,10.31,10.51,10.13,10.23,2574380,26340553.24,1.2629,-1.2548,0,0
2021-09-01,sh.603602,10.23,10.52,10.17,10.38,3313625,34249807.23,1.6255,1.4663,0,0
2021-09-02,sh.603602,10.32,10.37,10.24,10.3,1727630,17783740.6,0.8475,-0.7707,0,0
2021-09-03,sh.603602,10.25,10.45,10.25,10.36,1982123,20548347.58,0.9724,0.5825,0,0
2021-09-06,sh.603602,10.4,10.5,10.28,10.41,1748536,18152115.08,0.8578,0.4826,0,0
2021-09-07,sh.603602,10.4,10.45,10.34,10.44,1771133,18419922.09,0.8688,0.2882,0,0
2021-09-08,sh.603602,10.44,10.57,10.37,10.57,2573850,26932955.42,1.2626,1.2452,0,0
2021-09-09,sh.603602,10.56,10.56,10.38,10.41,2226891,23250537.98,1.0924,-1.5137,0,0
2021-09-10,sh.603602,10.4,10.43,10.31,10.33,1589192,16454860.28,0.7796,-0.7685,0,0
2021-09-13,sh.603602,10.33,10.54,10.21,10.48,2305958,23973894.43,1.1312,1.4521,0,0
2021-09-14,sh.603602,10.48,10.51,10.2,10.2,2737563,28280663.88,1.3429,-2.6718,0,0
2021-09-15,sh.603602,10.16,10.25,10.11,10.18,1738458,17678101.24,0.8528,-0.1961,0,0
2021-09-16,sh.603602,10.24,10.24,10.0,10.03,2442627,24695231.7,1.1983,-1.4735,0,0
2021-09-17,sh.603602,10.03,10.08,9.87,9.99,1941233,19326897.53,0.9523,-0.3988,0,0
2021-09-22,sh.603602,10.0,10.1,9.93,9.99,1410128,14124164.63,0.6918,0.0,0,0
2021-09-23,sh.603602,10.02,10.12,9.96,10.05,1885078,18933146.13,0.9247,0.6006,0,0
2021-09-24,sh.603602,10.05,10.1,9.87,9.92,1670101,16673854.65,0.8193,-1.2935,0,0
2021-09-27,sh.603602,9.99,10.06,9.62,9.82,3254075,32036245.14,1.5963,-1.0081,0,0
2021-09-28,sh.603602,9.79,9.79,9.68,9.72,1165028,11331981.16,0.5715,-1.0183,0,0
2021-09-29,sh.603602,9.6,9.68,9.39,9.39,1893766,18116085.56,0.929,-3.3951,0,0
2021-09-30,sh.603602,9.43,9.6,9.43,9.55,898175,8561739.71,0.4406,1.7039,0,0
2021-10-08,sh.603602,9.7,9.8,9.6,9.77,1410741,13725206.89,0.6921,2.3037,0,0
2021-10-11,sh.603602,9.77,9.91,9.67,9.8,1514478,14817740.0,0.7429,0.3071,0,0
2021-10-12,sh.603602,9.77,9.85,9.64,9.74,1213595,11815046.4,0.5953,-0.6122,0,0
2021-10-13,sh.603602,9.74,9.98,9.73,9.89,2038038,20127626.42,0.9998,1.54,0,0
2021-10-14,sh.603602,9.83,9.88,9.76,9.78,1326526,13031913.13,0.6507,-1.1122,0,0
2021-10-15,sh.603602,9.83,9.86,9.7,9.7,1138309,11122571.32,0.5584,-0.818,0,0
2021-10-18,sh.603602,9.71,9.75,9.63,9.68,1006999,9742158.23,0.494,-0.2062,0,0
2021-10-19,sh.603602,9.75,9.75,9.61,9.64,1114202,10771685.76,0.5466,-0.4132,0,0
2021-10-20,sh.603602,9.62,9.71,9.54,9.55,1079678,10376202.32,0.5296,-0.9336,0,0
2021-10-21,sh.603602,9.5,9.5,9.24,9.27,2536948,23668952.88,1.2445,-2.9319,0,0
2021-10-22,sh.603602,9.34,9.39,9.26,9.28,1166590,10856588.48,0.5723,0.1079,0,0
2021-10-25,sh.603602,9.3,9.32,9.0,9.08,1993872,18110994.6,0.9781,-2.1552,0,0
2021-10-26,sh.603602,9.08,9.18,9.04,9.12,1135641,10354438.59,0.5571,0.4405,0,0
2021-10-27,sh.603602,9.02,9.11,8.61,8.67,2839974,24917047.47,1.3932,-4.9342,0,0
2021-10-28,sh.603602,8.76,8.82,8.49,8.73,2077062,18027093.45,1.0189,0.692,0,0
2021-10-29,sh.603602,8.83,8.97,8.71,8.91,1791429,15865660.83,0.8788,2.0619,0,0
2021-11-01,sh.603602,8.91,8.94,8.72,8.94,2854750,25159117.7,1.4004,0.3367,0,0
2021-11-02,sh.603602,8.89,8.94,8.6,8.79,1983195,17396470.72,0.9729,-1.6779,0,0
2021-11-03,sh.603602,8.76,8.83,8.69,8.79,1115216,9770525.57,0.5471,0.0,0,0
2021-11-04,sh.603602,8.79,8.91,8.75,8.91,1173528,10416432.62,0.5757,1.3652,0,0
2021-11-05,sh.603602,8.9,9.06,8.85,8.97,1271407,11446935.09,0.6237,0.6734,0,0
2021-11-08,sh.603602,8.94,9.06,8.88,9.0,1052662,9435839.72,0.5164,0.3344,0,0
2021-11-09,sh.603602,9.06,9.08,8.96,9.06,969090,8767149.72,0.4754,0.6667,0,0
2021-11-10,sh.603602,9.11,9.12,8.97,9.1,1279845,11565198.9,0.6278,0.4415,0,0
2021-11-11,sh.603602,9.12,9.3,9.1,9.24,1913826,17640550.73,0.9388,1.5385,0,0
2021-11-12,sh.603602,9.19,9.34,9.14,9.33,1292835,11983147.15,0.6342,0.974,0,0
2021-11-15,sh.603602,9.32,9.51,9.26,9.48,2037702,19182097.14,0.9996,1.6077,0,0
2021-11-16,sh.603602,9.49,9.52,9.32,9.36,2153272,20258425.54,1.0563,-1.2658,0,0
2021-11-17,sh.603602,9.33,9.49,9.32,9.46,1478957,13965887.54,0.7255,1.0684,0,0
2021-11-18,sh.603602,9.49,9.49,9.32,9.32,1374581,12884745.81,0.6743,-1.4799,0,0
2021-11-19,sh.603602,9.33,10.25,9.33,10.25,9935305,98723624.69,4.8739,9.9785,1,0
2021-11-22,sh.603602,10.54,10.55,10.13,10.27,10355723,107045821.58,5.0801,0.1951,0,0
2021-11-23,sh.603602,10.3,10.6,10.22,10.43,6229412,65034082.74,3.0559,1.5579,0,0
2021-11-24,sh.603602,10.39,10.76,10.3,10.66,5963414,63116845.11,2.9254,2.2052,0,0
2021-11-25,sh.603602,10.66,10.68,10.45,10.5,3753357,39497626.26,1.8412,-1.5009,0,0
2021-11-26,sh.603602,10.53,10.59,10.26,10.43,3791305,39324755.11,1.8599,-0.6667,0,0
2021-11-29,sh.603602,10.33,10.39,10.2,10.29,2695856,27683911.19,1.3225,-1.3423,0,0
2021-11-30,sh.603602,10.3,10.5,10.2,10.39,3013236,31247160.3,1.4782,0.9718,0,0
2021-12-01,sh.603602,10.27,10.68,10.25,10.65,4540527,47917084.72,2.2274,2.5024,0,0
2021-12-02,sh.603602,10.67,10.8,10.47,10.48,2837070,29979543.42,1.3918,-1.5962,0,0
2021-12-03,sh.603602,10.46,10.7,10.35,10.54,2690631,28366480.08,1.3199,0.5725,0,0
2021-12-06,sh.603602,10.54,10.59,10.29,10.37,2711619,28220929.3,1.3302,-1.6129,0,0
2021-12-07,sh.603602,10.43,10.53,10.2,10.3,2780113,28628143.18,1.3638,-0.675,0,0
2021-12-08,sh.603602,10.36,10.37,10.13,10.2,3301506,33650328.22,1.6196,-0.9709,0,0
2021-12-09,sh.603602,10.24,10.36,10.18,10.25,1928073,19760712.68,0.9458,0.4902,0,0
2021-12-10,sh.603602,10.16,10.24,10.1,10.2,1576070,16032020.34,0.7732,-0.4878,0,0
2021-12-13,sh.603602,10.23,10.23,9.93,9.95,3235846,32454838.98,1.5874,-2.451,0,0
2021-12-14,sh.603602,9.97,10.39,9.97,10.28,4445394,45583606.3,2.1807,3.3166,0,0
2021-12-15,sh.603602,10.3,10.3,10.08,10.17,2275230,23194966.33,1.1161,-1.07,0,0
2021-12-16,sh.603602,10.15,10.25,10.13,10.17,1650500,16818847.0,0.8097,0.0,0,0
2021-12-17,sh.603602,10.21,10.24,10.12,10.14,1744688,17744966.6,0.8559,-0.295,0,0
2021-12-20,sh.603602,10.22,10.24,10.08,10.1,2020900,20568511.34,0.9914,-0.3945,0,0
2021-12-21,sh.603602,10.05,10.24,10.0,10.23,1767696,18014926.61,0.8672,1.2871,0,0
2021-12-22,sh.603602,10.25,10.36,10.16,10.2,1939535,19872182.89,0.9515,-0.2933,0,0
2021-12-23,sh.603602,10.38,10.38,10.03,10.06,2615726,26422374.34,1.2832,-1.3725,0,0
2021-12-24,sh.603602,10.05,10.11,9.82,9.82,2403238,23823646.36,1.1789,-2.3857,0,0
2021-12-27,sh.603602,9.93,9.98,9.77,9.91,1053239,10405458.05,0.5167,0.9165,0,0
2021-12-28,sh.603602,9.95,10.1,9.88,9.99,1310495,13143672.85,0.6429,0.8073,0,0
2021-12-29,sh.603602,10.01,10.19,9.86,10.09,1904262,19097209.58,0.9342,1.001,0,0
2021-12-30,sh.603602,10.17,10.21,10.04,10.1,1421502,14410540.84,0.6973,0.0991,0,0
2021-12-31,sh.603602,10.16,10.33,10.05,10.28,2324647,23786671.58,1.1404,1.7822,0,0
2022-01-04,sh.603602,10.27,10.54,10.26,10.5,3680302,38438654.24,1.8054,2.1401,0,0
2022-01-05,sh.603602,10.47,10.61,10.29,10.37,2366232,24620392.14,1.1608,-1.2381,0,0
2022-01-06,sh.603602,10.37,10.48,10.3,10.38,1791430,18630264.4,0.8788,0.0964,0,0
2022-01-07,sh.603602,10.39,10.54,10.23,10.25,2443995,25287044.92,1.1989,-1.2524,0,0
2022-01-10,sh.603602,10.26,10.54,10.16,10.48,3183002,33096694.18,1.5615,2.2439,0,0
2022-01-11,sh.603602,10.57,11.53,10.51,11.53,13729887,154942451.0,6.7353,10.0191,1,0
2022-01-12,sh.603602,11.8,12.12,11.31,11.95,23859652,278340841.14,11.7046,3.6427,0,0
2022-01-13,sh.603602,11.78,11.95,11.55,11.88,12871491,151512281.29,6.3142,-0.5858,0,0
2022-01-14,sh.603602,11.68,12.88,11.56,11.9,20186183,245607448.14,9.9025,0.1684,0,0
2022-01-17,sh.603602,11.98,12.58,11.57,12.39,18845740,228589343.79,9.245,4.1176,0,0
2022-01-18,sh.603602,12.17,12.32,11.77,11.97,12494562,150034408.85,6.1293,-3.3898,0,0
2022-01-19,sh.603602,11.97,12.57,11.95,12.55,14182983,175117685.98,6.9576,4.8454,0,0
2022-01-20,sh.603602,12.29,12.85,12.14,12.38,11468224,142818037.16,5.6258,-1.3546,0,0
2022-01-21,sh.603602,12.16,12.68,11.94,12.39,9293067,113938479.49,4.5588,0.0808,0,0
2022-01-24,sh.603602,12.38,12.48,11.96,12.12,7306934,89042994.4,3.5845,-2.1792,0,0
2022-01-25,sh.603602,12.17,12.2,11.45,11.52,10058306,117552127.47,4.9342,-4.9505,0,0
2022-01-26,sh.603602,11.62,12.67,11.62,12.2,18191922,224459064.6,8.9242,5.9028,0,0
2022-01-27,sh.603602,12.1,12.15,11.59,11.62,12622091,149264785.43,6.1919,-4.7541,0,0
2022-01-28,sh.603602,11.73,12.41,11.54,11.88,9257391,110835856.48,4.5413,2.2375,0,0
2022-02-07,sh.603602,12.1,12.28,11.61,11.95,7326328,87382967.27,3.594,0.5892,0,0
2022-02-08,sh.603602,11.89,12.66,11.68,12.6,16203046,200467608.25,7.9486,5.4393,0,0
2022-02-09,sh.603602,12.42,13.35,12.33,13.22,21964871,283002561.39,10.7751,4.9206,0,0
2022-02-10,sh.603602,12.96,13.12,12.75,13.0,11012297,141998597.64,5.4022,-1.6641,0,0
2022-02-11,sh.603602,12.85,12.98,12.47,12.72,9514434,121463714.13,4.6674,-2.1538,0,0
2022-02-14,sh.603602,12.5,12.95,12.45,12.84,7319985,92717308.19,3.5909,0.9434,0,0
2022-02-15,sh.603602,12.82,12.82,12.32,12.48,6575314,82800804.99,3.2256,-2.8037,0,0
2022-02-16,sh.603602,12.49,12.8,12.37,12.62,5046113,63366560.19,2.4754,1.1218,0,0
2022-02-17,sh.603602,12.62,13.19,12.38,12.97,9660506,124955637.0,4.7391,2.7734,0,0
2022-02-18,sh.603602,13.0,13.0,12.55,12.63,7561680,95848428.33,3.7095,-2.6214,0,0
2022-02-21,sh.603602,12.63,12.88,12.5,12.8,6416261,81805475.06,3.1476,1.346,0,0
2022-02-22,sh.603602,12.6,13.08,12.53,12.63,6866596,87729322.74,3.3685,-1.3281,0,0
2022-02-23,sh.603602,12.61,12.78,12.45,12.58,5264764,66216841.62,2.5827,-0.3959,0,0
2022-02-24,sh.603602,12.5,12.67,11.88,12.13,10559051,129417259.51,5.1798,-3.5771,0,0
2022-02-25,sh.603602,12.24,12.85,12.0,12.0,7752511,96049731.16,3.8031,-1.0717,0,0
2022-02-28,sh.603602,12.17,12.24,11.72,12.19,4840759,58077127.0,2.3747,1.5833,0,0
2022-03-01,sh.603602,12.19,12.61,12.09,12.58,5842794,72312308.0,2.8662,3.1993,0,0
2022-03-02,sh.603602,12.53,12.95,12.41,12.9,7605148,97117824.0,3.7308,2.5437,0,0
2022-03-03,sh.603602,12.96,13.2,12.85,13.1,7935501,103520061.0,3.8928,1.5504,0,0
2022-03-04,sh.603602,13.15,13.65,13.06,13.2,10000899,133233892.0,4.906,0.7634,0,0
2022-03-07,sh.603602,13.24,13.4,13.0,13.05,7599082,100270947.0,3.7278,-1.1364,0,0
2022-03-08,sh.603602,13.21,13.42,12.85,13.25,10816352,143325036.0,5.3061,1.5326,0,0
2022-03-09,sh.603602,13.26,14.21,13.26,14.17,21163267,292543952.0,10.3818,6.9434,0,0
2022-03-10,sh.603602,14.41,14.58,13.91,14.23,15350849,218651770.0,7.5305,0.4234,0,0
2022-03-11,sh.603602,14.1,14.9,14.04,14.8,12898778,185514894.0,6.3276,4.0056,0,0
2022-03-14,sh.603602,14.7,15.03,14.42,14.8,10982490,161857953.0,5.3876,0.0,0,0
2022-03-15,sh.603602,14.65,14.86,13.32,13.32,19734982,271612032.0,9.6812,-10.0,0,1
2022-03-16,sh.603602,11.99,12.75,11.99,11.99,21986488,264245785.0,10.7857,-9.985,0,1
2022-03-17,sh.603602,11.99,11.99,11.3,11.39,19820138,229577439.0,9.723,-5.0042,0,0
2022-03-18,sh.603602,11.3,11.46,10.92,11.39,13387182,150104209.18,6.5672,0.0,0,0
2022-03-21,sh.603602,11.3,11.66,11.25,11.58,10684676,122873845.17,5.2415,1.6681,0,0
2022-03-22,sh.603602,11.47,11.69,11.4,11.48,6631847,76616133.59,3.2533,-0.8636,0,0
2022-03-23,sh.603602,11.48,11.69,11.2,11.69,10031414,115436827.09,4.921,1.8293,0,0
2022-03-24,sh.603602,11.55,11.65,11.21,11.23,7448875,85075856.01,3.6541,-3.935,0,0
2022-03-25,sh.603602,11.2,11.33,11.12,11.22,4311837,48535795.7,2.1152,-0.089,0,0
2022-03-28,sh.603602,11.16,12.34,11.07,12.34,17870067,213801930.23,8.7663,9.9822,1,0
2022-03-29,sh.603602,12.75,13.2,12.36,12.85,25624942,327660819.5,12.5706,4.1329,0,0
2022-03-30,sh.603602,12.9,14.14,12.9,13.9,23674812,324571131.12,11.6139,8.1712,0,0
2022-03-31,sh.603602,13.97,14.24,13.63,14.0,20646821,288228289.39,10.1285,0.7194,0,0
2022-04-01,sh.603602,13.92,14.0,13.2,13.32,20912423,282151744.0,10.2588,-4.8571,0,0
2022-04-06,sh.603602,13.58,13.67,13.02,13.06,11457719,152140139.31,5.6207,-1.952,0,0
2022-04-07,sh.603602,13.19,13.19,12.8,13.06,7496387,97616098.49,3.6774,0.0,0,0
2022-04-08,sh.603602,12.94,12.99,11.75,11.75,12197779,149576824.39,5.9837,-10.0306,0,1
2022-04-11,sh.603602,11.87,12.27,11.44,11.71,8619499,100831192.73,4.2284,-0.3404,0,0
2022-04-12,sh.603602,11.71,11.93,11.61,11.81,4898330,57807669.24,2.4029,0.854,0,0
2022-04-13,sh.603602,11.8,11.84,11.23,11.25,5071220,58104330.94,2.4877,-4.7417,0,0
2022-04-14,sh.603602,11.37,11.4,11.02,11.2,4830835,54180660.17,2.3698,-0.4444,0,0
2022-04-15,sh.603602,11.16,11.24,10.63,11.02,7135491,77825752.75,3.5004,-1.6071,0,0
2022-04-18,sh.603602,11.13,12.12,11.11,12.12,5433478,63952675.18,2.6654,9.9819,1,0
2022-04-19,sh.603602,12.1,12.7,12.1,12.47,11058460,136419332.1,5.4248,2.8878,0,0
2022-04-20,sh.603602,12.58,12.87,12.12,12.2,8123214,101019630.3,3.9849,-2.1652,0,0
2022-04-21,sh.603602,12.2,12.22,11.29,11.34,6706266,78300214.71,3.2898,-7.0492,0,0
2022-04-22,sh.603602,11.49,11.49,10.87,11.05,5634339,62412026.84,2.764,-2.5573,0,0
2022-04-25,sh.603602,11.13,11.13,10.06,10.1,7108185,74951451.5,3.487,-8.5973,0,0
2022-04-26,sh.603602,10.25,10.5,9.24,9.32,7512645,73431321.9,3.6854,-7.7228,0,0
2022-04-27,sh.603602,9.31,9.69,8.39,9.63,9172349,83575234.75,4.4996,3.3262,0,0
2022-04-28,sh.603602,9.5,9.57,9.05,9.19,4716158,43704898.51,2.3136,-4.5691,0,0
2022-04-29,sh.603602,8.99,9.51,8.99,9.21,4778728,44419868.62,2.3443,0.2176,0,0
2022-05-05,sh.603602,9.2,9.6,9.02,9.33,4858104,45358341.85,2.3832,1.3029,0,0
2022-05-06,sh.603602,9.11,9.46,9.06,9.16,3670912,33875905.62,1.8008,-1.8221,0,0
2022-05-09,sh.603602,9.14,9.48,9.14,9.35,3869520,36139597.46,1.8982,2.0742,0,0
2022-05-10,sh.603602,9.29,9.44,9.15,9.44,4288985,39862192.09,2.104,0.9626,0,0
2022-05-11,sh.603602,9.45,9.85,9.34,9.34,5503474,53001148.68,2.6998,-1.0593,0,0
2022-05-12,sh.603602,9.29,9.56,9.26,9.51,3184010,29965540.8,1.5619,1.8201,0,0
2022-05-13,sh.603602,9.54,9.58,9.27,9.4,2580564,24242811.66,1.2659,-1.1567,0,0
2022-05-16,sh.603602,9.47,9.5,9.2,9.24,3526390,32844555.4,1.7299,-1.7021,0,0
2022-05-17,sh.603602,9.24,9.35,9.04,9.15,2800160,25579799.8,1.3736,-0.974,0,0
2022-05-18,sh.603602,9.15,9.53,9.15,9.27,3776807,35359317.14,1.8527,1.3115,0,0
2022-05-19,sh.603602,9.17,9.4,9.04,9.37,2891934,26704864.1,1.4187,1.0787,0,0
2022-05-20,sh.603602,9.41,9.48,9.25,9.31,3564744,33234502.6,1.7487,-0.6403,0,0
2022-05-23,sh.603602,9.38,10.24,9.35,10.24,18485648,187068538.89,9.0683,9.9893,1,0
2022-05-24,sh.603602,10.07,10.16,9.55,9.71,16777392,164883644.01,8.2303,-5.1758,0,0
2022-05-25,sh.603602,9.64,9.72,8.74,9.71,11737579,110690121.61,5.758,0.0,0,0
2022-05-26,sh.603602,9.74,10.08,9.43,9.67,10040481,97530162.83,4.9255,-0.4119,0,0
2022-05-27,sh.603602,9.59,9.76,9.51,9.57,6810285,65598075.99,3.3408,-1.0341,0,0
2022-05-30,sh.603602,9.58,9.71,9.42,9.5,5433462,51804740.43,2.6654,-0.7315,0,0
2022-05-31,sh.603602,9.55,9.95,9.51,9.83,9418594,92103188.63,4.6204,3.4737,0,0
2022-06-01,sh.603602,9.85,10.23,9.82,9.93,9881392,99164220.0,4.8474,1.0173,0,0
2022-06-02,sh.603602,10.01,10.13,9.74,10.11,5347865,53198102.18,2.6234,1.8127,0,0
2022-06-06,sh.603602,10.16,10.34,9.98,10.1,6488320,65496868.71,3.1829,-0.0989,0,0
2022-06-07,sh.603602,10.1,10.28,9.9,9.99,4610135,46139528.95,2.2615,-1.0891,0,0
2022-06-08,sh.603602,9.98,10.1,9.76,10.08,4497442,44788342.88,2.2063,0.9009,0,0
2022-06-09,sh.603602,10.05,10.05,9.75,9.89,3418708,33745217.98,1.6771,-1.8849,0,0
2022-06-10,sh.603602,9.75,9.93,9.73,9.89,3377442,33263985.81,1.6568,0.0,0,0
2022-06-13,sh.603602,9.82,9.9,9.73,9.83,2942790,28840609.85,1.4436,-0.6067,0,0
2022-06-14,sh.603602,9.8,9.83,9.5,9.83,3706623,35874834.51,1.8183,0.0,0,0
2022-06-15,sh.603602,9.82,10.05,9.82,9.83,5348725,53103824.24,2.6239,0.0,0,0
2022-06-16,sh.603602,9.79,10.18,9.79,10.17,5631429,56708064.97,2.7626,3.4588,0,0
2022-06-17,sh.603602,10.1,10.1,9.78,9.96,4711953,46819922.27,2.3115,-2.0649,0,0
2022-06-20,sh.603602,9.94,10.03,9.84,9.93,3341477,33226945.04,1.6392,-0.3012,0,0
2022-06-21,sh.603602,9.91,10.06,9.8,9.93,4012400,39853269.63,1.9683,0.0,0,0
2022-06-22,sh.603602,10.0,10.07,9.6,9.6,4626090,45319686.08,2.2694,-3.3233,0,0
2022-06-23,sh.603602,9.56,9.83,9.53,9.81,3357227,32550785.07,1.6469,2.1875,0,0
2022-06-24,sh.603602,9.88,9.95,9.7,9.92,4061303,40091983.97,1.9923,1.1213,0,0
2022-06-27,sh.603602,9.96,9.97,9.8,9.9,3641268,36031590.26,1.7863,-0.2016,0,0
2022-06-28,sh.603602,9.9,10.25,9.85,10.14,6450269,65205684.84,3.1642,2.4242,0,0
2022-06-29,sh.603602,10.17,10.32,9.95,10.02,7096330,71849437.1,3.4812,-1.1834,0,0
2022-06-30,sh.603602,10.03,10.17,9.95,9.99,4485020,44915013.18,2.2002,-0.2994,0,0
2022-07-01,sh.603602,9.96,10.08,9.85,9.86,4542231,45233964.18,2.2282,-1.3013,0,0
2022-07-04,sh.603602,9.84,9.88,9.68,9.82,3872914,37849570.79,1.8999,-0.4057,0,0
2022-07-05,sh.603602,9.75,9.85,9.38,9.57,5037840,48281066.19,2.4714,-2.5458,0,0
2022-07-06,sh.603602,9.53,9.56,9.3,9.33,3788310,35648599.7,1.8584,-2.5078,0,0
2022-07-07,sh.603602,9.37,9.54,9.33,9.36,3311095,31110363.21,1.6243,0.3215,0,0
2022-07-08,sh.603602,9.4,9.76,9.4,9.52,4111608,39367796.56,2.017,2.0364,0,0
2022-07-11,sh.603602,9.48,9.53,9.3,9.37,2601903,24410151.51,1.2764,-1.5756,0,0
2022-07-12,sh.603602,9.32,9.42,9.15,9.18,2583226,23841703.54,1.2672,-2.0277,0,0
2022-07-13,sh.603602,9.19,9.49,9.12,9.47,3465151,32538785.47,1.6999,3.159,0,0
2022-07-14,sh.603602,9.42,9.47,9.33,9.34,2231521,20967623.43,1.0947,-1.3728,0,0
2022-07-15,sh.603602,9.32,9.42,9.02,9.02,4380106,39809434.54,2.1487,-3.4261,0,0
2022-07-18,sh.603602,9.0,9.5,8.98,9.43,4739398,44440404.78,2.325,4.5455,0,0
2022-07-19,sh.603602,9.49,9.69,9.4,9.62,3804434,36425099.34,1.8663,2.0148,0,0
2022-07-20,sh.603602,9.7,9.7,9.55,9.68,2791053,26896527.51,1.3692,0.6237,0,0
2022-07-21,sh.603602,9.69,9.86,9.59,9.6,2776694,26898688.34,1.3621,-0.8264,0,0
2022-07-22,sh.603602,9.68,9.74,9.46,9.58,2231578,21443342.42,1.0947,-0.2083,0,0
2022-07-25,sh.603602,9.72,9.75,9.46,9.53,2382122,22773772.04,1.1686,-0.5219,0,0
2022-07-26,sh.603602,9.57,9.66,9.4,9.63,2191370,20920680.81,1.075,1.0493,0,0
2022-07-27,sh.603602,9.63,9.83,9.56,9.77,3173111,30930942.07,1.5566,1.4538,0,0
2022-07-28,sh.603602,9.84,10.02,9.74,9.86,3861138,38131586.16,1.8941,0.9212,0,0
2022-07-29,sh.603602,9.94,9.97,9.73,9.75,2402712,23607144.12,1.1787,-1.1156,0,0
2022-08-01,sh.603602,9.88,10.73,9.72,10.73,11918061,125682040.61,5.8465,10.0513,1,0
2022-08-02,sh.603602,10.84,10.95,10.22,10.3,23469754,246132599.97,11.5133,-4.0075,0,0
2022-08-03,sh.603602,10.37,10.88,10.33,10.48,17259496,182966930.97,8.4668,1.7476,0,0
2022-08-04,sh.603602,10.5,10.77,10.34,10.72,10807367,114765163.0,5.3017,2.2901,0,0
2022-08-05,sh.603602,10.63,10.74,10.4,10.71,9901011,104638045.0,4.857,-0.0933,0,0
2022-08-08,sh.603602,10.71,10.71,10.4,10.61,7068072,74485881.0,3.4673,-0.9337,0,0
2022-08-09,sh.603602,10.7,11.05,10.61,10.83,14252160,153849953.0,6.9915,2.0735,0,0
2022-08-10,sh.603602,10.8,11.08,10.63,10.9,10063224,109626978.0,4.9366,0.6464,0,0
2022-08-11,sh.603602,10.9,11.04,10.76,10.92,7688613,83999958.0,3.7717,0.1835,0,0
2022-08-12,sh.603602,10.93,11.04,10.82,10.85,5551334,60441479.0,2.7233,-0.641,0,0
2022-08-15,sh.603602,10.86,10.9,10.6,10.67,5562827,59407517.88,2.7289,-1.659,0,0
2022-08-16,sh.603602,10.67,10.8,10.48,10.56,5359937,56790464.97,2.6294,-1.0309,0,0
2022-08-17,sh.603602,10.64,10.66,10.31,10.5,4087350,42742306.26,2.0051,-0.5682,0,0
2022-08-18,sh.603602,10.54,10.72,10.34,10.66,4525676,47837767.11,2.2201,1.5238,0,0
2022-08-19,sh.603602,10.57,11.68,10.53,11.01,15366683,171182407.28,7.5383,3.2833,0,0
2022-08-22,sh.603602,11.01,11.08,10.68,10.71,7609731,82247185.02,3.733,-2.7248,0,0
2022-08-23,sh.603602,10.97,11.78,10.92,11.44,21064566,241713109.37,10.3334,6.8161,0,0
2022-08-24,sh.603602,11.22,11.56,10.84,11.14,14308529,160184079.0,7.0192,-2.6224,0,0
2022-08-25,sh.603602,10.98,11.13,10.5,10.61,9387216,100722871.25,4.605,-4.7576,0,0
2022-08-26,sh.603602,10.7,11.11,10.55,10.61,7691776,83129945.5,3.7733,0.0,0,0
2022-08-29,sh.603602,10.08,10.8,10.06,10.7,8373794,87672995.03,4.1078,0.8483,0,0
2022-08-30,sh.603602,10.74,11.24,10.64,10.85,8958797,98189987.26,4.3948,1.4019,0,0
2022-08-31,sh.603602,10.99,11.27,10.49,10.6,7702734,83331588.67,3.7786,-2.3041,0,0
2022-09-01,sh.603602,10.52,11.1,10.52,10.86,7609776,82560400.54,3.733,2.4528,0,0
2022-09-02,sh.603602,10.93,11.95,10.81,11.95,17198908,199045591.23,8.4371,10.0368,1,0
2022-09-05,sh.603602,12.51,12.8,11.72,11.88,29469046,358026018.14,14.4563,-0.5858,0,0
2022-09-06,sh.603602,11.82,12.48,11.53,12.11,22434383,270840798.87,11.0054,1.936,0,0
2022-09-07,sh.603602,11.94,12.05,11.55,11.7,14222638,167242153.67,6.9771,-3.3856,0,0
2022-09-08,sh.603602,11.51,11.8,11.26,11.34,9197027,104704469.3,4.5117,-3.0769,0,0
2022-09-09,sh.603602,11.3,11.38,10.98,11.1,7421530,82303961.22,3.6407,-2.1164,0,0
2022-09-13,sh.603602,11.11,11.21,10.85,10.97,7045775,77440430.18,3.4564,-1.1712,0,0
2022-09-14,sh.603602,10.73,10.88,10.5,10.63,6310185,67087467.9,3.0955,-3.0994,0,0
2022-09-15,sh.603602,10.64,10.8,10.22,10.33,5548697,57857769.6,2.722,-2.8222,0,0
2022-09-16,sh.603602,10.33,10.46,10.15,10.15,4551898,47022592.68,2.233,-1.7425,0,0
2022-09-19,sh.603602,10.14,10.23,9.94,10.05,3925753,39496002.36,1.9258,-0.9852,0,0
2022-09-20,sh.603602,10.02,10.21,10.02,10.09,3657722,36990199.38,1.7943,0.398,0,0
2022-09-21,sh.603602,10.1,10.18,9.7,10.17,3991442,39854596.95,1.958,0.7929,0,0
2022-09-22,sh.603602,10.05,10.27,10.02,10.1,3592114,36522720.9,1.7621,-0.6883,0,0
2022-09-23,sh.603602,10.18,10.18,9.69,9.77,5253935,51868430.85,2.5774,-3.2673,0,0
2022-09-26,sh.603602,9.77,9.77,9.53,9.6,4322197,41578324.62,2.1203,-1.74,0,0
2022-09-27,sh.603602,9.7,9.82,9.6,9.81,2556118,24854911.76,1.2539,2.1875,0,0
2022-09-28,sh.603602,9.82,9.85,9.47,9.48,3327800,32066742.0,1.6325,-3.3639,0,0
2022-09-29,sh.603602,9.59,9.69,9.39,9.52,3057319,29167457.89,1.4998,0.4219,0,0
2022-09-30,sh.603602,9.46,9.56,9.28,9.28,2279106,21411647.42,1.118,-2.521,0,0
2022-10-10,sh.603602,9.35,9.38,9.05,9.08,3189694,29357809.83,1.5647,-2.1552,0,0
2022-10-11,sh.603602,8.85,9.29,8.85,9.25,2807358,25753640.55,1.3772,1.8722,0,0
2022-10-12,sh.603602,9.2,9.86,9.13,9.83,6227744,59756926.08,3.0551,6.2703,0,0
2022-10-13,sh.603602,9.85,10.81,9.7,10.81,10956360,114072800.28,5.3747,9.9695,1,0
2022-10-14,sh.603602,10.68,11.36,10.58,11.28,13639654,150592891.46,6.6911,4.3478,0,0
2022-10-17,sh.603602,11.17,11.67,11.02,11.51,8562889,97045561.05,4.2006,2.039,0,0
2022-10-18,sh.603602,11.56,11.68,11.36,11.48,8375026,96576287.78,4.1084,-0.2606,0,0
2022-10-19,sh.603602,11.61,11.64,11.25,11.49,4828757,55691735.85,2.3688,0.0871,0,0
2022-10-20,sh.603602,11.48,11.59,11.13,11.13,5321791,60320458.7,2.6107,-3.1332,0,0
2022-10-21,sh.603602,11.27,11.38,11.12,11.2,3124936,35086796.29,1.533,0.6289,0,0
2022-10-24,sh.603602,11.16,11.44,10.84,10.87,4222293,47016851.63,2.0713,-2.9464,0,0
2022-10-25,sh.603602,10.92,11.04,10.65,10.78,3505236,37825325.74,1.7195,-0.828,0,0
2022-10-26,sh.603602,10.85,11.25,10.75,11.21,3615657,40184448.46,1.7737,3.9889,0,0
2022-10-27,sh.603602,11.38,11.4,11.06,11.15,3564530,39921500.46,1.7486,-0.5352,0,0
2022-10-28,sh.603602,11.05,11.21,10.75,10.83,3492453,38138545.63,1.7133,-2.87,0,0
2022-10-31,sh.603602,10.8,11.22,10.8,11.0,3453111,38176472.94,1.694,1.5697,0,0
2022-11-01,sh.603602,11.04,11.1,10.84,10.99,3919326,42955685.67,1.9227,-0.0909,0,0
2022-11-02,sh.603602,10.98,11.2,10.92,11.17,5421689,60033715.49,2.6597,1.6379,0,0
2022-11-03,sh.603602,11.13,11.13,10.83,10.99,4305243,47173912.2,2.112,-1.6115,0,0
2022-11-04,sh.603602,10.99,11.16,10.98,11.11,3910502,43362684.9,1.9183,1.0919,0,0
2022-11-07,sh.603602,11.1,11.49,11.05,11.27,5225497,58686883.33,2.5634,1.4401,0,0
2022-11-08,sh.603602,11.2,11.41,11.08,11.39,4873264,54938009.93,2.3906,1.0648,0,0
2022-11-09,sh.603602,11.36,11.36,11.06,11.12,3095930,34685209.14,1.5187,-2.3705,0,0
2022-11-10,sh.603602,11.14,11.22,10.95,11.05,3056337,33886762.14,1.4993,-0.6295,0,0
2022-11-11,sh.603602,11.2,11.41,11.11,11.18,6044601,68107047.74,2.9652,1.1765,0,0
2022-11-14,sh.603602,11.24,11.58,11.14,11.43,5185318,59024547.33,2.5437,2.2361,0,0
2022-11-15,sh.603602,11.35,11.52,11.25,11.52,4135908,47232039.74,2.0289,0.7874,0,0
2022-11-16,sh.603602,11.5,11.8,11.42,11.78,9538873,110838949.13,4.6794,2.2569,0,0
2022-11-17,sh.603602,11.69,11.85,11.54,11.65,4790361,55839742.91,2.35,-1.1036,0,0
2022-11-18,sh.603602,11.65,11.69,11.4,11.41,4968771,57463205.44,2.4375,-2.0601,0,0
2022-11-21,sh.603602,11.46,11.61,11.31,11.41,3431220,39280924.68,1.6832,0.0,0,0
2022-11-22,sh.603602,11.36,11.68,11.23,11.31,7497202,85623710.52,3.6778,-0.8764,0,0
2022-11-23,sh.603602,11.3,11.47,10.99,11.13,5470538,60998757.36,2.6836,-1.5915,0,0
2022-11-24,sh.603602,11.19,11.28,10.67,10.75,6800034,73943813.73,3.3358,-3.4142,0,0
2022-11-25,sh.603602,10.7,10.87,10.68,10.76,3177017,34249011.27,1.5585,0.093,0,0
2022-11-28,sh.603602,10.7,10.76,10.5,10.73,3852968,40903598.56,1.8901,-0.2788,0,0
2022-11-29,sh.603602,10.8,10.92,10.65,10.82,2776584,30065965.92,1.3621,0.8388,0,0
2022-11-30,sh.603602,10.82,11.02,10.71,10.95,3505537,38175952.85,1.7197,1.2015,0,0
2022-12-01,sh.603602,10.95,12.05,10.95,12.05,12392711,146595911.71,6.0794,10.0457,1,0
2022-12-02,sh.603602,12.22,12.42,11.74,11.86,23438955,281596494.32,11.4982,-1.5768,0,0
2022-12-05,sh.603602,12.0,12.1,11.71,11.96,10178396,121566724.66,4.9931,0.8432,0,0
2022-12-06,sh.603602,12.0,12.01,11.67,11.68,6492589,76511629.92,3.185,-2.3411,0,0
2022-12-07,sh.603602,11.61,11.75,11.5,11.71,4579850,53232217.74,2.2467,0.2568,0,0
2022-12-08,sh.603602,11.71,12.2,11.59,11.64,6857855,80852413.45,3.3642,-0.5978,0,0
2022-12-09,sh.603602,11.7,11.83,11.48,11.81,5824264,67971629.55,2.8571,1.4605,0,0
2022-12-12,sh.603602,11.83,11.95,11.6,11.95,7525252,88947277.8,3.6916,1.1854,0,0
2022-12-13,sh.603602,11.94,11.94,11.66,11.79,4032238,47423010.28,1.9781,-1.3389,0,0
2022-12-14,sh.603602,11.77,12.05,11.71,11.9,4548452,53966502.6,2.2313,0.933,0,0
2022-12-15,sh.603602,11.8,11.98,11.7,11.8,3979584,47212631.88,1.9522,-0.8403,0,0
2022-12-16,sh.603602,11.77,11.93,11.6,11.64,3856998,45253444.58,1.8921,-1.3559,0,0
2022-12-19,sh.603602,11.67,11.9,11.49,11.72,3880118,45327792.0,1.9034,0.6873,0,0
2022-12-20,sh.603602,11.6,11.93,11.4,11.69,4103712,47922632.82,2.0131,-0.256,0,0
2022-12-21,sh.603602,11.7,11.84,11.54,11.76,3433520,40188588.0,1.6843,0.5988,0,0
2022-12-22,sh.603602,11.77,11.95,11.46,11.61,6174649,72290403.11,3.029,-1.2755,0,0
2022-12-23,sh.603602,11.5,11.97,11.48,11.89,5578842,65926461.44,2.7368,2.4117,0,0
2022-12-26,sh.603602,11.83,11.84,11.58,11.73,5080698,59311607.68,2.4924,-1.3457,0,0
2022-12-27,sh.603602,11.73,11.99,11.55,11.72,4274328,50090874.52,2.0968,-0.0853,0,0
2022-12-28,sh.603602,11.84,11.85,10.76,11.42,5226653,59854062.41,2.564,-2.5597,0,0
2022-12-29,sh.603602,11.5,11.63,11.31,11.31,3383172,38751118.88,1.6596,-0.9632,0,0
2022-12-30,sh.603602,11.28,11.5,11.25,11.42,2439697,27825470.81,1.1968,0.9726,0,0
2023-01-03,sh.603602,11.42,12.01,11.32,11.96,7188272,84953672.84,3.5263,4.7285,0,0
2023-01-04,sh.603602,12.0,12.34,11.82,12.24,6560912,79297281.78,3.2185,2.3411,0,0
2023-01-05,sh.603602,12.26,12.51,12.03,12.26,5984675,73118221.86,2.9358,0.1634,0,0
2023-01-06,sh.603602,12.24,12.35,12.08,12.13,5271792,64337598.44,2.5861,-1.0604,0,0
2023-01-09,sh.603602,12.06,12.17,11.81,12.08,6113274,73454680.96,2.9989,-0.4122,0,0
2023-01-10,sh.603602,12.1,12.22,11.98,12.04,2787708,33744574.32,1.3675,-0.3311,0,0
2023-01-11,sh.603602,12.01,12.29,12.0,12.08,3189163,38748928.32,1.5645,0.3322,0,0
2023-01-12,sh.603602,12.08,12.77,12.02,12.67,7888014,98904680.04,3.8695,4.8841,0,0
2023-01-13,sh.603602,12.52,12.56,12.31,12.34,5093630,63112196.7,2.4987,-2.6046,0,0
2023-01-16,sh.603602,12.36,12.4,12.22,12.3,4504126,55458709.36,2.2095,-0.3241,0,0
2023-01-17,sh.603602,12.34,12.34,12.04,12.14,2891426,35214573.38,1.4184,-1.3008,0,0
2023-01-18,sh.603602,12.1,12.24,12.08,12.16,2279835,27760860.56,1.1184,0.1647,0,0
2023-01-19,sh.603602,12.12,12.32,12.08,12.18,2140314,26066245.7,1.0499,0.1645,0,0
2023-01-20,sh.603602,12.19,12.5,12.1,12.35,2805672,34656836.32,1.3763,1.3957,0,0
2023-01-30,sh.603602,12.37,12.6,12.37,12.52,3597770,44990605.38,1.7649,1.3765,0,0
2023-01-31,sh.603602,12.58,12.91,12.45,12.88,5550586,70611707.69,2.7229,2.8754,0,0
2023-02-01,sh.603602,12.92,13.34,12.71,13.21,5512372,72237995.04,2.7041,2.5621,0,0
2023-02-02,sh.603602,13.16,13.6,13.13,13.42,5221022,69703445.76,2.5612,1.5897,0,0
2023-02-03,sh.603602,13.46,14.1,13.25,13.85,7902110,109474829.43,3.8764,3.2042,0,0
2023-02-06,sh.603602,13.85,14.8,13.77,14.71,12342272,177084910.95,6.0546,6.2094,0,0
2023-02-07,sh.603602,14.6,14.66,14.16,14.43,9250656,132698560.09,4.538,-1.9035,0,0
2023-02-08,sh.603602,14.34,15.25,14.31,14.62,11308515,166987344.03,5.5475,1.3167,0,0
2023-02-09,sh.603602,14.54,14.66,13.95,14.02,10271064,145447610.61,5.0386,-4.104,0,0
2023-02-10,sh.603602,14.09,14.64,14.03,14.2,8106524,115647731.34,3.9767,1.2839,0,0
2023-02-13,sh.603602,14.37,14.37,14.08,14.18,5546291,78528236.12,2.7208,-0.1408,0,0
2023-02-14,sh.603602,14.22,14.65,14.17,14.26,3503439,50239236.77,1.7186,0.5642,0,0
2023-02-15,sh.603602,14.31,14.73,14.11,14.55,5891497,85533396.85,2.8901,2.0337,0,0
2023-02-16,sh.603602,14.5,14.9,14.16,14.37,6769903,98755928.54,3.321,-1.2371,0,0
2023-02-17,sh.603602,14.37,14.5,14.08,14.19,4094829,58257680.1,2.0088,-1.2526,0,0
2023-02-20,sh.603602,14.28,14.54,14.2,14.4,3753106,53892157.08,1.8411,1.4799,0,0
2023-02-21,sh.603602,14.48,14.48,14.1,14.23,4700190,66961882.7,2.3057,-1.1806,0,0
2023-02-22,sh.603602,14.25,14.66,14.16,14.6,4717220,68084854.68,2.3141,2.6001,0,0
2023-02-23,sh.603602,14.58,14.6,14.19,14.37,4472430,64218849.78,2.194,-1.5753,0,0
2023-02-24,sh.603602,14.37,14.44,14.2,14.35,2253866,32258984.6,1.1057,-0.1392,0,0
2023-02-27,sh.603602,14.3,14.3,13.94,13.96,3994395,56094136.77,1.9595,-2.7178,0,0
2023-02-28,sh.603602,14.15,14.39,13.95,14.06,3403380,48121071.12,1.6696,0.7163,0,0
2023-03-01,sh.603602,14.06,14.56,14.05,14.37,4838149,69445181.12,2.3734,2.2048,0,0
2023-03-02,sh.603602,14.37,14.51,14.25,14.37,3409590,49010521.8,1.6726,0.0,0,0
2023-03-03,sh.603602,14.35,14.39,14.12,14.14,3478288,49495664.5,1.7063,-1.6006,0,0
2023-03-06,sh.603602,13.9,14.08,13.7,13.84,5721064,79487746.41,2.8065,-2.1216,0,0
2023-03-07,sh.603602,13.96,14.08,13.16,13.24,5841570,78625079.88,2.8656,-4.3353,0,0
2023-03-08,sh.603602,13.19,13.6,13.19,13.6,3055871,41120906.85,1.4991,2.719,0,0
2023-03-09,sh.603602,13.7,13.72,13.33,13.52,3028250,40891749.0,1.4855,-0.5882,0,0
2023-03-10,sh.603602,13.52,13.58,13.36,13.41,2672262,35990492.92,1.3109,-0.8136,0,0
2023-03-13,sh.603602,13.37,13.78,13.37,13.7,4093205,55858565.35,2.008,2.1626,0,0
2023-03-14,sh.603602,13.68,13.68,13.26,13.32,2682980,36036419.1,1.3162,-2.7737,0,0
2023-03-15,sh.603602,13.42,13.75,13.34,13.49,2463752,33445627.08,1.2086,1.2763,0,0
2023-03-16,sh.603602,13.35,13.39,13.07,13.07,2656712,35114188.28,1.3033,-3.1134,0,0
2023-03-17,sh.603602,13.16,13.52,13.11,13.46,3236960,43300098.04,1.5879,2.9839,0,0
2023-03-20,sh.603602,13.4,13.67,13.35,13.39,2736690,36981442.6,1.3425,-0.5201,0,0
2023-03-21,sh.603602,13.39,13.54,13.29,13.48,1848690,24832228.7,0.9069,0.6721,0,0
2023-03-22,sh.603602,13.58,13.82,13.47,13.75,3094501,42360330.17,1.518,2.003,0,0
2023-03-23,sh.603602,13.75,13.9,13.65,13.81,2846522,39293801.04,1.3964,0.4364,0,0
2023-03-24,sh.603602,13.76,13.83,13.57,13.67,2440869,33364462.32,1.1974,-1.0138,0,0
2023-03-27,sh.603602,13.67,14.0,13.67,13.91,4650352,64599420.98,2.2813,1.7557,0,0
2023-03-28,sh.603602,13.95,13.98,13.7,13.81,2804790,38815358.66,1.3759,-0.7189,0,0
2023-03-29,sh.603602,13.87,14.02,13.72,13.88,2740409,37986335.54,1.3443,0.5069,0,0
2023-03-30,sh.603602,13.83,13.83,13.4,13.47,4490627,60841327.91,2.2029,-2.9539,0,0
2023-03-31,sh.603602,13.55,13.77,13.43,13.74,2507057,34147102.34,1.2299,2.0045,0,0
2023-04-03,sh.603602,13.87,13.9,13.58,13.87,3516137,48593904.79,1.7249,0.9461,0,0
2023-04-04,sh.603602,13.86,14.1,13.8,13.92,3474295,48475068.51,1.7043,0.3605,0,0
2023-04-06,sh.603602,13.8,14.08,13.7,13.9,2959733,41168822.34,1.4519,-0.1437,0,0
2023-04-07,sh.603602,14.0,14.0,13.64,13.75,2209950,30377904.5,1.0841,-1.0791,0,0
2023-04-10,sh.603602,13.77,13.9,13.55,13.59,3869443,52905294.03,1.8982,-1.1636,0,0
2023-04-11,sh.603602,13.62,13.73,13.44,13.63,2206480,29950701.6,1.0824,0.2943,0,0
2023-04-12,sh.603602,13.63,13.77,13.55,13.68,2687180,36768711.76,1.3182,0.3668,0,0
2023-04-13,sh.603602,13.72,13.72,13.45,13.5,2977985,40465139.61,1.4609,-1.3158,0,0
2023-04-14,sh.603602,13.41,13.68,13.25,13.48,2654343,35747641.09,1.3021,-0.1481,0,0
2023-04-17,sh.603602,13.65,13.68,12.95,13.05,5674048,74546725.94,2.7835,-3.1899,0,0
2023-04-18,sh.603602,13.43,13.43,12.89,13.08,3391460,44295601.49,1.6637,0.2299,0,0
2023-04-19,sh.603602,13.07,13.27,13.0,13.01,2691472,35347358.68,1.3203,-0.5352,0,0
2023-04-20,sh.603602,13.01,13.06,12.78,12.89,1831572,23590551.36,0.8985,-0.9224,0,0
2023-04-21,sh.603602,12.85,13.12,11.95,12.08,5726204,70313943.42,2.809,-6.2839,0,0
2023-04-24,sh.603602,12.1,12.82,12.08,12.41,4130449,51364780.99,2.0262,2.7318,0,0
2023-04-25,sh.603602,12.41,12.47,12.02,12.15,2594700,31700526.8,1.2729,-2.0951,0,0
2023-04-26,sh.603602,12.16,12.3,11.98,12.11,2211326,26804489.6,1.0848,-0.3292,0,0
2023-04-27,sh.603602,12.15,12.2,11.95,12.04,2035732,24594668.33,0.9986,-0.578,0,0
2023-04-28,sh.603602,12.08,12.49,12.06,12.42,2642224,32617687.74,1.2962,3.1561,0,0
2023-05-04,sh.603602,12.42,12.5,12.0,12.32,2572625,31475085.17,1.262,-0.8052,0,0
2023-05-05,sh.603602,12.4,12.4,12.04,12.13,2178662,26440398.54,1.0688,-1.5422,0,0
2023-05-08,sh.603602,12.2,12.38,12.09,12.23,1905867,23224839.0,0.9349,0.8244,0,0
2023-05-09,sh.603602,12.1,12.45,12.04,12.05,2350844,28549950.2,1.1532,-1.4718,0,0
2023-05-10,sh.603602,12.05,12.11,11.9,12.04,1757100,21067677.8,0.862,-0.083,0,0
2023-05-11,sh.603602,12.13,12.19,11.98,12.04,1710460,20671020.9,0.8391,0.0,0,0
2023-05-12,sh.603602,12.16,12.16,11.92,12.04,1713173,20606115.88,0.8404,0.0,0,0
2023-05-15,sh.603602,12.12,12.12,11.64,11.84,3283704,38799385.92,1.6108,-1.6611,0,0
2023-05-16,sh.603602,11.89,11.89,11.6,11.7,1455385,17053240.8,0.714,-1.1824,0,0
2023-05-17,sh.603602,11.69,11.9,11.62,11.88,1674592,19816176.64,0.8215,1.5385,0,0
2023-05-18,sh.603602,11.95,12.1,11.91,12.03,2221272,26678149.44,1.0897,1.2626,0,0
2023-05-19,sh.603602,12.06,12.23,11.9,12.15,2658513,32210508.15,1.3042,0.9975,0,0
2023-05-22,sh.603602,12.18,12.3,12.05,12.24,2102934,25578587.84,1.0316,0.7407,0,0
2023-05-23,sh.603602,12.24,12.33,12.08,12.13,1410392,17144760.34,0.6919,-0.8987,0,0
2023-05-24,sh.603602,12.16,12.33,12.06,12.27,1867644,22817676.02,0.9162,1.1542,0,0
2023-05-25,sh.603602,12.25,12.39,12.03,12.23,3098416,37706790.8,1.52,-0.326,0,0
2023-05-26,sh.603602,12.24,12.5,12.08,12.46,2107423,25956383.12,1.0338,1.8806,0,0
2023-05-29,sh.603602,12.42,12.6,12.34,12.48,2417119,30108141.5,1.1857,0.1605,0,0
2023-05-30,sh.603602,12.45,12.58,12.4,12.54,1647976,20587488.24,0.8084,0.4808,0,0
2023-05-31,sh.603602,12.52,12.84,12.49,12.7,2292810,29080106.41,1.1248,1.2759,0,0
2023-06-01,sh.603602,12.6,12.88,12.6,12.81,2005842,25648472.43,0.984,0.8661,0,0
2023-06-02,sh.603602,12.81,12.93,12.68,12.69,1798629,22937468.89,0.8823,-0.9368,0,0
2023-06-05,sh.603602,12.66,13.1,12.51,12.86,3389298,43693162.05,1.6626,1.3396,0,0
2023-06-06,sh.603602,12.87,12.98,12.61,12.61,2083308,26681755.12,1.022,-1.944,0,0
2023-06-07,sh.603602,12.62,12.94,12.55,12.85,1748604,22442263.01,0.8578,1.9033,0,0
2023-06-08,sh.603602,12.85,12.98,12.7,12.72,1371448,17548288.44,0.6728,-1.0117,0,0
2023-06-09,sh.603602,12.79,12.83,12.58,12.78,1408838,17900058.84,0.6911,0.4717,0,0
2023-06-12,sh.603602,12.83,12.9,12.66,12.73,1419200,18095849.0,0.6962,-0.3912,0,0
2023-06-13,sh.603602,12.84,12.9,12.63,12.86,1505686,19319177.36,0.7386,1.0212,0,0
2023-06-14,sh.603602,12.88,12.92,12.71,12.81,1478154,18922980.0,0.7251,-0.3888,0,0
2023-06-15,sh.603602,12.85,12.92,12.7,12.73,1600960,20469572.56,0.7854,-0.6245,0,0
2023-06-16,sh.603602,12.77,12.78,12.52,12.72,2060475,26151485.41,1.0108,-0.0786,0,0
2023-06-19,sh.603602,12.71,12.82,12.62,12.67,1529463,19402126.55,0.7503,-0.3931,0,0
2023-06-20,sh.603602,12.74,12.74,12.32,12.37,2490438,30875229.76,1.2217,-2.3678,0,0
2023-06-21,sh.603602,12.34,12.38,12.14,12.14,2062366,25236254.73,1.0117,-1.461,0,0
2023-06-26,sh.603602,12.12,12.26,12.0,12.01,2328557,28186870.76,1.1423,-1.0708,0,0
2023-06-27,sh.603602,12.03,12.29,11.96,12.26,2140200,25988027.76,1.0499,2.0816,0,0
2023-06-28,sh.603602,12.32,12.34,11.89,12.17,2630878,31747335.96,1.2906,-0.7341,0,0
2023-06-29,sh.603602,11.94,12.52,11.94,12.52,2907478,35912313.32,1.4263,2.8759,0,0
2023-06-30,sh.603602,12.37,12.51,12.17,12.29,3895003,47859879.29,1.9107,-1.8371,0,0
2023-07-03,sh.603602,12.21,12.32,12.02,12.27,3112713,37984999.11,1.527,-0.1627,0,0
2023-07-04,sh.603602,12.26,12.45,12.12,12.42,2718086,33461679.32,1.3334,1.2225,0,0
2023-07-05,sh.603602,12.43,12.43,12.31,12.33,1235064,15263083.32,0.6059,-0.7246,0,0
2023-07-06,sh.603602,12.33,12.53,12.28,12.44,1863329,23195471.33,0.9141,0.8921,0,0
2023-07-07,sh.603602,12.39,12.49,12.19,12.26,1433923,17661809.18,0.7034,-1.4469,0,0
2023-07-10,sh.603602,12.33,12.39,12.24,12.32,1480659,18231775.48,0.7263,0.4894,0,0
2023-07-11,sh.603602,12.3,12.39,12.12,12.36,1303390,16051156.6,0.6394,0.3247,0,0
2023-07-12,sh.603602,12.36,12.44,12.06,12.11,1968172,24003028.76,0.9655,-2.0227,0,0
2023-07-13,sh.603602,12.12,12.24,12.02,12.17,1967900,23884121.0,0.9654,0.4955,0,0
2023-07-14,sh.603602,12.17,12.35,12.15,12.23,1488525,18210951.49,0.7302,0.493,0,0
2023-07-17,sh.603602,12.23,12.28,12.11,12.26,1325194,16164493.18,0.6501,0.2453,0,0
2023-07-18,sh.603602,12.29,12.31,12.13,12.19,1473812,17985442.22,0.723,-0.571,0,0
2023-07-19,sh.603602,12.19,12.27,12.08,12.11,1436770,17454965.99,0.7048,-0.6563,0,0
2023-07-20,sh.603602,12.12,12.18,11.85,11.87,2296666,27592851.42,1.1266,-1.9818,0,0
2023-07-21,sh.603602,11.89,12.12,11.88,11.92,1457840,17445141.9,0.7152,0.4212,0,0
2023-07-24,sh.603602,11.92,12.06,11.79,11.97,1454400,17393378.0,0.7135,0.4195,0,0
2023-07-25,sh.603602,12.12,12.18,12.05,12.07,1211888,14652873.48,0.5945,0.8354,0,0
2023-07-26,sh.603602,12.13,12.13,11.89,11.92,1507320,18030531.45,0.7394,-1.2428,0,0
2023-07-27,sh.603602,11.98,12.04,11.91,12.0,1430586,17155104.14,0.7018,0.6711,0,0
2023-07-28,sh.603602,12.01,12.31,11.93,12.13,2168717,26305797.49,1.0639,1.0833,0,0
2023-07-31,sh.603602,12.13,12.22,12.08,12.13,1925286,23336405.23,0.9445,0.0,0,0
2023-08-01,sh.603602,12.02,12.11,11.98,12.05,1225740,14761444.76,0.6013,-0.6595,0,0
2023-08-02,sh.603602,12.08,12.08,11.94,12.05,1268704,15250772.4,0.6224,0.0,0,0
2023-08-03,sh.603602,12.05,12.05,11.9,12.01,1718366,20595618.66,0.843,-0.332,0,0
2023-08-04,sh.603602,12.01,12.22,12.0,12.15,2280634,27737033.84,1.1188,1.1657,0,0
2023-08-07,sh.603602,12.17,12.31,12.13,12.17,2367660,28898611.6,1.1615,0.1646,0,0
2023-08-08,sh.603602,12.22,12.44,12.15,12.27,2822200,34773810.32,1.3845,0.8217,0,0
2023-08-09,sh.603602,12.22,12.46,12.21,12.24,2169526,26740985.84,1.0643,-0.2445,0,0
2023-08-10,sh.603602,12.25,12.31,12.15,12.16,2018400,24633898.04,0.9901,-0.6536,0,0
2023-08-11,sh.603602,12.2,12.35,12.11,12.14,2682701,32621961.78,1.316,-0.1645,0,0
2023-08-14,sh.603602,12.1,12.26,12.04,12.12,2848363,34498579.96,1.3973,-0.1647,0,0
2023-08-15,sh.603602,12.1,12.2,12.03,12.05,2007650,24273510.5,0.9849,-0.5776,0,0
2023-08-16,sh.603602,12.01,12.07,11.92,11.97,1843760,22117325.4,0.9045,-0.6639,0,0
2023-08-17,sh.603602,11.84,12.16,11.71,12.12,2495630,29889689.52,1.2243,1.2531,0,0
2023-08-18,sh.603602,12.12,12.25,12.05,12.1,2850712,34680392.5,1.3984,-0.165,0,0
2023-08-21,sh.603602,12.11,12.32,12.05,12.13,2065795,25225562.12,1.0134,0.2479,0,0
2023-08-22,sh.603602,12.22,12.3,12.09,12.3,2974537,36283042.14,1.4592,1.4015,0,0
2023-08-23,sh.603602,12.27,12.27,12.06,12.06,2053300,24963714.7,1.0073,-1.9512,0,0
2023-08-24,sh.603602,12.09,12.25,12.01,12.06,1611327,19484573.82,0.7905,0.0,0,0
2023-08-25,sh.603602,12.28,12.28,11.9,11.96,3585215,43063952.2,1.7588,-0.8292,0,0
2023-08-28,sh.603602,12.35,12.42,11.8,11.93,4102695,49347935.96,2.0126,-0.2508,0,0
2023-08-29,sh.603602,11.93,12.2,11.85,12.17,3615374,43773523.25,1.7736,2.0117,0,0
2023-08-30,sh.603602,12.16,12.66,12.15,12.54,4994886,62141037.29,2.4503,3.0403,0,0
2023-08-31,sh.603602,12.42,12.64,12.37,12.57,3098411,38663616.13,1.52,0.2392,0,0
2023-09-01,sh.603602,12.5,12.67,12.38,12.67,2442352,30714549.27,1.1981,0.7955,0,0
2023-09-04,sh.603602,12.69,12.77,12.54,12.76,2972484,37646378.86,1.4582,0.7103,0,0
2023-09-05,sh.603602,12.76,12.98,12.65,12.95,3152928,40671080.22,1.5467,1.489,0,0
2023-09-06,sh.603602,12.95,13.07,12.83,13.02,2766686,35909921.68,1.3572,0.5405,0,0
2023-09-07,sh.603602,13.01,13.19,12.96,13.0,2916165,38101186.81,1.4305,-0.1536,0,0
2023-09-08,sh.603602,12.96,13.38,12.92,13.35,3810972,50281915.59,1.8695,2.6923,0,0
2023-09-11,sh.603602,13.4,14.18,13.4,13.7,6392895,87956556.59,3.1361,2.6217,0,0
2023-09-12,sh.603602,13.68,13.73,13.48,13.69,3845461,52256145.92,1.8864,-0.073,0,0
2023-09-13,sh.603602,13.64,13.97,13.61,13.83,4443376,61181173.87,2.1797,1.0226,0,0
2023-09-14,sh.603602,13.86,14.01,13.68,13.83,4090589,56602257.55,2.0067,0.0,0,0
2023-09-15,sh.603602,13.88,13.88,13.33,13.55,5848668,79125533.39,2.8691,-2.0246,0,0
2023-09-18,sh.603602,13.52,13.58,13.4,13.55,2694362,36334335.24,1.3217,0.0,0,0
2023-09-19,sh.603602,13.55,13.58,13.4,13.52,2247785,30365297.94,1.1027,-0.2214,0,0
2023-09-20,sh.603602,13.42,13.56,13.29,13.32,2068996,27714022.68,1.015,-1.4793,0,0
2023-09-21,sh.603602,13.35,13.49,13.3,13.36,2718870,36382890.26,1.3338,0.3003,0,0
2023-09-22,sh.603602,13.52,13.52,13.31,13.41,2119171,28331329.28,1.0396,0.3743,0,0
2023-09-25,sh.603602,13.32,13.55,13.31,13.4,2696468,36234668.56,1.3228,-0.0746,0,0
2023-09-26,sh.603602,13.36,13.62,13.34,13.46,2802725,37878761.25,1.3749,0.4478,0,0
2023-09-27,sh.603602,13.48,13.6,13.32,13.49,2131778,28709638.87,1.0458,0.2229,0,0
2023-09-28,sh.603602,13.5,13.78,13.42,13.74,2605533,35645802.29,1.2782,1.8532,0,0
2023-10-09,sh.603602,13.73,13.95,13.73,13.9,3271000,45325255.1,1.6046,1.1645,0,0
2023-10-10,sh.603602,13.89,14.12,13.85,14.09,2643843,37076514.45,1.297,1.3669,0,0
2023-10-11,sh.603602,14.14,14.15,13.92,13.99,1809692,25344155.68,0.8878,-0.7097,0,0
2023-10-12,sh.603602,13.97,14.13,13.91,13.94,2553716,35819857.32,1.2527,-0.3574,0,0
2023-10-13,sh.603602,13.94,14.09,13.88,14.01,1539961,21571903.31,0.7554,0.5022,0,0
2023-10-16,sh.603602,13.97,14.15,13.91,14.1,1898730,26651912.04,0.9314,0.6424,0,0
2023-10-17,sh.603602,14.02,14.63,14.02,14.5,5309432,76508507.28,2.6046,2.8369,0,0
2023-10-18,sh.603602,14.5,14.5,14.18,14.3,3658625,52162018.85,1.7948,-1.3793,0,0
2023-10-19,sh.603602,14.27,14.38,14.03,14.14,3134590,44582380.2,1.5377,-1.1189,0,0
2023-10-20,sh.603602,14.11,14.25,13.96,14.0,2751811,38742967.7,1.3499,-0.9901,0,0
2023-10-23,sh.603602,14.0,14.18,13.75,13.82,2813733,39143518.19,1.3803,-1.2857,0,0
2023-10-24,sh.603602,13.85,14.52,13.84,14.32,3467228,49335195.9,1.7009,3.6179,0,0
2023-10-25,sh.603602,14.32,14.73,14.23,14.68,4325784,62964293.49,2.122,2.514,0,0
2023-10-26,sh.603602,14.6,14.96,14.55,14.84,4702577,69594063.62,2.3069,1.0899,0,0
2023-10-27,sh.603602,14.81,15.02,14.71,14.96,3686023,54901918.0,1.8082,0.8086,0,0
2023-10-30,sh.603602,15.04,15.47,14.95,15.42,5183184,79001154.9,2.5427,3.0749,0,0
2023-10-31,sh.603602,15.38,15.74,15.16,15.59,5433644,84113715.0,2.6655,1.1025,0,0
2023-11-01,sh.603602,15.59,15.99,15.37,15.67,5388146,84761579.08,2.6432,0.5131,0,0
2023-11-02,sh.603602,15.62,15.62,15.2,15.23,4654004,71623593.18,2.2831,-2.8079,0,0
2023-11-03,sh.603602,15.2,15.54,15.2,15.33,3559945,54833680.39,1.7464,0.6566,0,0
2023-11-06,sh.603602,15.38,16.06,15.38,16.0,6183224,98259929.63,3.0332,4.3705,0,0
2023-11-07,sh.603602,16.01,16.17,15.84,16.0,4265794,68127670.32,2.0926,0.0,0,0
2023-11-08,sh.603602,15.94,16.09,15.88,16.07,3669498,58621527.76,1.8001,0.4375,0,0
2023-11-09,sh.603602,16.1,16.37,15.91,15.98,3666560,59094135.86,1.7987,-0.56,0,0
2023-11-10,sh.603602,15.97,16.03,15.7,15.74,3656020,57928992.76,1.7935,-1.5019,0,0
2023-11-13,sh.603602,15.77,16.25,15.77,16.23,3869763,62104814.67,1.8983,3.1131,0,0
2023-11-14,sh.603602,16.23,16.35,16.06,16.3,2901040,46949593.32,1.4231,0.4313,0,0
2023-11-15,sh.603602,16.45,16.51,16.26,16.41,5257519,86150977.0,2.5791,0.6748,0,0
2023-11-16,sh.603602,16.31,16.5,16.17,16.24,3687042,60103812.69,1.8087,-1.036,0,0
2023-11-17,sh.603602,16.26,16.38,16.11,16.37,2932695,47764753.39,1.4387,0.8005,0,0
2023-11-20,sh.603602,16.37,16.51,16.25,16.32,3631229,59406224.62,1.7813,-0.3054,0,0
2023-11-21,sh.603602,16.33,16.43,16.02,16.06,3665229,59161958.46,1.798,-1.5931,0,0
2023-11-22,sh.603602,16.07,16.2,16.0,16.04,2326806,37464530.08,1.1414,-0.1245,0,0
2023-11-23,sh.603602,16.04,16.17,15.91,16.17,1917286,30851541.62,0.9405,0.8105,0,0
2023-11-24,sh.603602,16.1,16.29,16.06,16.12,1905118,30763683.9,0.9346,-0.3092,0,0
2023-11-27,sh.603602,16.11,16.25,15.95,16.13,2107198,33942417.15,1.0337,0.062,0,0
2023-11-28,sh.603602,16.28,16.29,16.06,16.16,1728525,27926359.02,0.8479,0.186,0,0
2023-11-29,sh.603602,16.18,16.66,16.18,16.34,3826622,62801832.99,1.8772,1.1139,0,0
2023-11-30,sh.603602,16.42,16.48,16.1,16.16,2014028,32627310.09,0.988,-1.1016,0,0
2023-12-01,sh.603602,16.13,16.29,15.99,16.04,2835910,45705531.64,1.3912,-0.7426,0,0
2023-12-04,sh.603602,16.07,16.2,15.65,15.85,5266563,83573082.12,2.5836,-1.1845,0,0
2023-12-05,sh.603602,15.89,16.05,15.65,15.66,3287905,51960742.14,1.6129,-1.1987,0,0
2023-12-06,sh.603602,15.79,15.79,15.48,15.67,2960198,46219858.33,1.4522,0.0639,0,0
2023-12-07,sh.603602,15.61,15.87,15.6,15.73,2254104,35443045.76,1.1058,0.3829,0,0
2023-12-08,sh.603602,15.68,15.86,15.61,15.64,1902140,29836417.3,0.9331,-0.5722,0,0
2023-12-11,sh.603602,15.6,15.81,15.5,15.77,3288560,51553795.2,1.6132,0.8312,0,0
2023-12-12,sh.603602,15.73,15.86,15.69,15.82,1655875,26131573.73,0.8123,0.3171,0,0
2023-12-13,sh.603602,15.86,15.96,15.64,15.66,1485452,23453662.38,0.7287,-1.0114,0,0
2023-12-14,sh.603602,15.77,15.82,15.54,15.6,1480998,23255062.16,0.7265,-0.3831,0,0
2023-12-15,sh.603602,15.69,15.75,15.4,15.42,1859675,28826504.88,0.9123,-1.1538,0,0
2023-12-18,sh.603602,15.58,15.58,15.16,15.24,2108169,32353209.3,1.0342,-1.1673,0,0
2023-12-19,sh.603602,15.18,15.38,14.99,15.23,3017251,45714703.68,1.4666,-0.0656,0,0
2023-12-20,sh.603602,15.18,15.44,15.01,15.05,1973852,29993208.78,0.9594,-1.1819,0,0
2023-12-21,sh.603602,14.56,15.15,14.56,15.04,3386366,50339658.54,1.646,-0.0664,0,0
2023-12-22,sh.603602,15.06,15.19,14.56,14.57,3501179,51738144.27,1.7018,-3.125,0,0
2023-12-25,sh.603602,14.55,14.7,14.22,14.36,3810760,54785596.64,1.8523,-1.4413,0,0
2023-12-26,sh.603602,14.35,14.58,14.05,14.15,3096600,43944147.0,1.5051,-1.4624,0,0
2023-12-27,sh.603602,14.14,14.33,14.1,14.33,2436516,34640296.84,1.1843,1.2721,0,0
2023-12-28,sh.603602,14.24,14.45,14.14,14.34,3303435,47189905.65,1.6057,0.0698,0,0
2023-12-29,sh.603602,14.44,14.93,14.25,14.74,2959326,43402614.64,1.4384,2.7894,0,0
2024-01-02,sh.603602,14.81,15.11,14.76,14.8,3453253,51576571.66,1.6785,0.4071,0,0
2024-01-03,sh.603602,14.71,14.8,14.54,14.7,2082852,30585792.9,1.0124,-0.6757,0,0
2024-01-04,sh.603602,14.73,14.77,14.55,14.71,1827510,26754816.2,0.8883,0.068,0,0
2024-01-05,sh.603602,14.78,14.88,14.38,14.49,2081344,30469388.92,1.0117,-1.4956,0,0
2024-01-08,sh.603602,14.49,14.54,14.23,14.24,1949972,28085189.1,0.9478,-1.7253,0,0
2024-01-09,sh.603602,14.21,14.48,14.21,14.36,2176778,31258439.06,1.058,0.8427,0,0
2024-01-10,sh.603602,14.37,14.37,14.0,14.15,2018510,28627068.2,0.9811,-1.4624,0,0
2024-01-11,sh.603602,14.28,14.43,14.03,14.43,1639030,23443353.3,0.7967,1.9788,0,0
2024-01-12,sh.603602,14.36,14.54,14.2,14.23,1670882,24041195.68,0.8121,-1.386,0,0
2024-01-15,sh.603602,14.39,14.39,14.0,14.08,2734070,38522706.9,1.3289,-1.0541,0,0
2024-01-16,sh.603602,13.98,14.24,13.7,14.0,2490311,34609480.14,1.2104,-0.5682,0,0
2024-01-17,sh.603602,14.07,14.07,13.6,13.6,2039801,28230583.26,0.9915,-2.8571,0,0
2024-01-18,sh.603602,13.55,13.75,13.25,13.47,4574959,61445736.95,2.2237,-0.9559,0,0
2024-01-19,sh.603602,13.6,13.68,13.32,13.35,2495408,33494106.59,1.2129,-0.8909,0,0
2024-01-22,sh.603602,13.33,13.36,12.33,12.47,3721039,48021794.43,1.8086,-6.5918,0,0
2024-01-23,sh.603602,12.45,12.45,12.09,12.21,4986350,61014427.0,2.4237,-2.085,0,0
2024-01-24,sh.603602,12.39,12.5,11.9,12.17,5550710,67251457.41,2.698,-0.3276,0,0
2024-01-25,sh.603602,12.15,12.5,12.1,12.44,6392843,79285607.7,3.1073,2.2186,0,0
2024-01-26,sh.603602,12.46,12.9,12.44,12.74,5533350,70616569.85,2.6895,2.4116,0,0
2024-01-29,sh.603602,12.79,12.83,11.99,12.24,4832950,60118900.92,2.3491,-3.9246,0,0
2024-01-30,sh.603602,12.17,12.23,11.54,11.59,5289889,62811737.19,2.5712,-5.3105,0,0
2024-01-31,sh.603602,11.72,11.77,11.01,11.09,4622439,52245466.26,2.2468,-4.3141,0,0
2024-02-01,sh.603602,11.09,11.44,10.85,11.14,5335700,59152494.34,2.5935,0.4509,0,0
2024-02-02,sh.603602,11.22,11.41,10.17,10.57,5625249,60835650.98,2.7342,-5.1167,0,0
2024-02-05,sh.603602,10.4,10.49,9.51,9.51,5853109,56708377.97,2.845,-10.0284,0,1
2024-02-06,sh.603602,9.2,10.46,8.63,10.19,9483382,88813302.87,4.6095,7.1504,0,0
2024-02-07,sh.603602,10.15,10.19,9.62,9.79,8233626,81061217.78,4.002,-3.9254,0,0
2024-02-08,sh.603602,9.98,10.75,9.61,10.7,7124244,72565855.29,3.4628,9.2952,0,0
2024-02-19,sh.603602,10.91,11.77,10.91,11.77,7333619,83668658.55,3.5646,10.0,1,0
2024-02-20,sh.603602,11.87,12.39,11.51,12.39,6482437,77516928.1,3.1508,5.2676,0,0
2024-02-21,sh.603602,12.25,12.86,12.13,12.5,7302352,91003868.11,3.5494,0.8878,0,0
2024-02-22,sh.603602,12.37,12.87,12.37,12.87,4439509,56520236.77,2.1579,2.96,0,0
2024-02-23,sh.603602,12.87,13.39,12.72,13.38,5784392,75817075.84,2.8115,3.9627,0,0
2024-02-26,sh.603602,13.3,13.8,13.05,13.36,6730282,89900493.1,3.2713,-0.1495,0,0
2024-02-27,sh.603602,13.32,13.62,13.18,13.59,3331926,44730069.02,1.6195,1.7216,0,0
2024-02-28,sh.603602,13.46,13.83,12.81,12.91,6690758,88976583.64,3.2521,-5.0037,0,0
2024-02-29,sh.603602,12.81,13.3,12.78,13.2,4500990,58827136.02,2.1877,2.2463,0,0
2024-03-01,sh.603602,13.16,13.43,13.0,13.43,4365358,57792543.46,2.1218,1.7424,0,0
2024-03-04,sh.603602,13.49,13.68,13.22,13.5,3566200,47946808.41,1.7334,0.5212,0,0
2024-03-05,sh.603602,13.31,13.45,13.13,13.34,2464020,32714475.4,1.1977,-1.1852,0,0
2024-03-06,sh.603602,13.24,13.33,13.07,13.26,2314384,30613419.81,1.1249,-0.5997,0,0
2024-03-07,sh.603602,13.32,13.47,13.0,13.13,2776157,36763469.75,1.3494,-0.9804,0,0
2024-03-08,sh.603602,13.2,13.31,13.08,13.3,1983858,26262265.73,0.9643,1.2947,0,0
2024-03-11,sh.603602,13.25,14.05,13.11,14.05,6850417,93966804.35,3.3297,5.6391,0,0
2024-03-12,sh.603602,14.01,14.15,13.8,14.02,3061065,42839421.25,1.4879,-0.2135,0,0
2024-03-13,sh.603602,14.09,14.49,14.07,14.33,5422082,77630204.12,2.6354,2.2111,0,0
2024-03-14,sh.603602,14.26,14.27,13.72,13.99,3880499,54166685.64,1.8861,-2.3726,0,0
2024-03-15,sh.603602,13.96,14.06,13.81,14.0,2897080,40363459.68,1.4081,0.0715,0,0
2024-03-18,sh.603602,14.18,14.4,14.0,14.3,2958569,42038194.61,1.438,2.1429,0,0
2024-03-19,sh.603602,14.31,14.5,14.23,14.39,2561915,36872166.35,1.2452,0.6294,0,0
2024-03-20,sh.603602,14.38,14.6,14.34,14.56,3040900,44113114.1,1.4781,1.1814,0,0
2024-03-21,sh.603602,14.56,14.68,14.4,14.57,2220630,32281952.48,1.0794,0.0687,0,0
2024-03-22,sh.603602,14.49,14.55,14.05,14.11,4081970,57929283.78,1.9841,-3.1572,0,0
2024-03-25,sh.603602,14.1,14.22,13.7,13.7,3682174,51405337.36,1.7897,-2.9057,0,0
2024-03-26,sh.603602,13.66,13.88,13.36,13.57,4913340,66890013.0,2.3882,-0.9489,0,0
2024-03-27,sh.603602,13.53,13.65,13.28,13.3,2719950,36436940.5,1.3221,-1.9897,0,0
2024-03-28,sh.603602,13.59,13.84,13.1,13.64,3446243,46733039.07,1.6751,2.5564,0,0
2024-03-29,sh.603602,13.9,14.45,13.8,14.25,6724291,95332033.05,3.2684,4.4721,0,0
2024-04-01,sh.603602,14.45,14.85,14.25,14.37,9132779,131895318.63,4.4391,0.8421,0,0
2024-04-02,sh.603602,14.37,14.4,13.89,14.08,4758493,66973180.28,2.3129,-2.0181,0,0
2024-04-03,sh.603602,14.02,14.04,13.56,13.81,3268139,45086851.35,1.5885,-1.9176,0,0
2024-04-08,sh.603602,13.76,13.8,13.38,13.38,2631108,35772517.04,1.2789,-3.1137,0,0
2024-04-09,sh.603602,13.39,13.59,13.23,13.54,2211300,29680600.0,1.0748,1.1958,0,0
2024-04-10,sh.603602,13.55,13.56,12.98,13.04,2816994,37164099.02,1.3692,-3.6928,0,0
2024-04-11,sh.603602,13.04,13.25,12.69,12.79,2597026,33830340.37,1.2623,-1.9172,0,0
2024-04-12,sh.603602,12.82,13.23,12.82,12.94,2591583,33900510.04,1.2597,1.1728,0,0
2024-04-15,sh.603602,12.84,13.01,12.02,12.2,5148954,64009657.82,2.5027,-5.7187,0,0
2024-04-16,sh.603602,11.81,12.15,11.03,11.04,4940667,56075479.61,2.4015,-9.5082,0,0
2024-04-17,sh.603602,11.23,12.14,11.2,12.14,3079944,36513323.61,1.497,9.9638,1,0
2024-04-18,sh.603602,12.43,12.59,11.98,12.26,4463979,54891822.21,2.1698,0.9885,0,0
2024-04-19,sh.603602,12.23,12.3,11.46,11.61,5544559,65080272.97,2.695,-5.3018,0,0
2024-04-22,sh.603602,11.6,11.62,10.89,11.05,8254497,92106069.5,4.0122,-4.8234,0,0
2024-04-23,sh.603602,11.14,11.6,11.14,11.4,6350006,72020646.5,3.0865,3.1674,0,0
2024-04-24,sh.603602,11.31,11.93,11.31,11.93,4412824,51978192.68,2.1449,4.6491,0,0
2024-04-25,sh.603602,11.86,11.96,11.66,11.81,3357513,39608689.42,1.6319,-1.0059,0,0
2024-04-26,sh.603602,11.87,12.38,11.76,12.34,5140977,62787313.12,2.4988,4.4877,0,0
2024-04-29,sh.603602,12.43,12.47,11.99,12.33,6544632,80282336.36,3.1811,-0.081,0,0
2024-04-30,sh.603602,12.4,12.58,12.13,12.36,3901005,48134550.01,1.8961,0.2433,0,0
2024-05-06,sh.603602,12.4,12.55,12.1,12.17,3397290,41380664.6,1.6513,-1.5372,0,0
2024-05-07,sh.603602,12.22,12.27,12.06,12.15,2225305,27069979.25,1.0816,-0.1643,0,0
2024-05-08,sh.603602,12.19,12.2,11.82,11.85,2586260,30957062.2,1.2571,-2.4691,0,0
2024-05-09,sh.603602,11.96,11.98,11.78,11.78,2380782,28254611.28,1.1572,-0.5907,0,0
2024-05-10,sh.603602,11.83,11.88,11.56,11.63,2972282,34677805.5,1.4447,-1.2733,0,0
2024-05-13,sh.603602,11.68,11.68,11.21,11.26,2989370,33854834.6,1.453,-3.1814,0,0
2024-05-14,sh.603602,11.3,12.39,11.3,12.01,12089782,145761248.7,5.8763,6.6607,0,0
2024-05-15,sh.603602,11.75,12.68,11.68,12.26,12136619,149001822.37,5.8991,2.0816,0,0
2024-05-16,sh.603602,12.24,12.43,11.96,12.16,7613017,92704422.88,3.7004,-0.8157,0,0
2024-05-17,sh.603602,12.03,12.39,12.03,12.24,5195709,63117684.79,2.5254,0.6579,0,0
2024-05-20,sh.603602,12.16,12.2,11.87,12.02,4859477,58352208.95,2.362,-1.7974,0,0
2024-05-21,sh.603602,11.94,12.05,11.81,11.91,3194215,37970400.2,1.5526,-0.9151,0,0
2024-05-22,sh.603602,11.97,12.86,11.86,12.75,12505948,156395105.59,6.0786,7.0529,0,0
2024-05-23,sh.603602,12.88,13.11,12.67,12.98,12838297,165843914.92,6.2402,1.8039,0,0
2024-05-24,sh.603602,12.65,12.76,12.25,12.4,9176460,114876132.45,4.4603,-4.4684,0,0
2024-05-27,sh.603602,12.5,12.73,12.11,12.35,4889538,60406105.17,2.3766,-0.4032,0,0
2024-05-28,sh.603602,12.36,12.53,12.13,12.43,4734911,58291754.05,2.3014,0.6478,0,0
2024-05-29,sh.603602,12.42,12.71,12.22,12.24,3834060,47803383.3,1.8636,-1.5286,0,0
2024-05-30,sh.603602,12.28,12.55,12.2,12.27,3141636,38761144.5,1.527,0.2451,0,0
2024-05-31,sh.603602,12.26,12.68,12.21,12.59,4699116,58881684.06,2.284,2.608,0,0
2024-06-03,sh.603602,12.52,12.97,12.46,12.89,8480687,108465796.93,4.1221,2.3828,0,0
2024-06-04,sh.603602,12.7,12.7,11.61,12.0,9208340,111230080.4,4.4758,-6.9046,0,0
2024-06-05,sh.603602,11.84,11.94,11.41,11.85,5149666,60579281.72,2.503,-1.25,0,0
2024-06-06,sh.603602,11.78,11.98,11.22,11.25,4339856,50073284.36,2.1094,-5.0633,0,0
2024-06-07,sh.603602,11.5,11.62,11.35,11.45,2406053,27630302.48,1.1695,1.7778,0,0
2024-06-11,sh.603602,11.46,12.46,11.19,12.15,6055596,72776039.35,2.9434,6.1135,0,0
2024-06-12,sh.603602,12.2,12.4,12.02,12.04,4126451,50496092.54,2.0057,-0.9053,0,0
2024-06-13,sh.603602,12.04,12.65,12.0,12.57,6005550,74508215.08,2.919,4.402,0,0
2024-06-14,sh.603602,12.61,12.77,12.37,12.65,3431945,43177548.22,1.6681,0.6364,0,0
2024-06-17,sh.603602,12.62,12.85,12.53,12.75,2673784,34087489.39,1.2996,0.7905,0,0
2024-06-18,sh.603602,12.74,13.55,12.67,13.16,7026821,91726357.9,3.4154,3.2157,0,0
2024-06-19,sh.603602,13.2,13.43,13.05,13.2,6241700,82593290.92,3.0338,0.304,0,0
2024-06-20,sh.603602,13.11,13.2,12.68,12.71,5388230,69281381.1,2.619,-3.7121,0,0
2024-06-21,sh.603602,12.53,12.82,12.4,12.79,2804215,35483705.65,1.363,0.6294,0,0
2024-06-24,sh.603602,12.6,12.78,12.41,12.47,3582834,45075114.23,1.7415,-2.502,0,0
2024-06-25,sh.603602,12.48,12.77,12.42,12.58,3788600,47645080.0,1.8415,0.8821,0,0
2024-06-26,sh.603602,12.5,12.77,12.41,12.7,3829592,48268152.36,1.8614,0.9539,0,0
2024-06-27,sh.603602,12.8,12.85,12.43,12.44,3641250,45927170.0,1.7699,-2.0472,0,0
2024-06-28,sh.603602,12.3,12.66,12.12,12.47,3023055,37846228.55,1.4694,0.2412,0,0
2024-07-01,sh.603602,12.47,12.68,12.04,12.19,3352490,41124176.2,1.6295,-2.2454,0,0
2024-07-02,sh.603602,12.1,12.28,12.06,12.23,2073676,25211683.24,1.0079,0.8244,0,0
2024-07-03,sh.603602,12.12,12.25,11.83,11.89,2329530,27856333.72,1.1323,-2.78,0,0
2024-07-04,sh.603602,11.89,12.08,11.57,11.58,2436107,28665429.05,1.1841,-2.6072,0,0
2024-07-05,sh.603602,11.48,12.1,11.41,11.97,2171863,25519675.09,1.0557,3.3679,0,0
2024-07-08,sh.603602,11.96,12.07,11.57,11.66,2234400,26271546.0,1.086,-2.5898,0,0
2024-07-09,sh.603602,11.66,12.43,11.57,12.39,4569422,55458776.27,2.221,6.2607,0,0
2024-07-10,sh.603602,12.33,13.08,12.33,12.8,6978222,89484698.86,3.3918,3.3091,0,0
2024-07-11,sh.603602,12.99,13.06,12.69,12.83,4681598,60203135.0,2.2755,0.2344,0,0
2024-07-12,sh.603602,12.8,12.86,12.66,12.72,2685300,34219168.24,1.3052,-0.8574,0,0
2024-07-15,sh.603602,12.61,12.95,12.41,12.82,3285036,41758905.56,1.5967,0.7862,0,0
2024-07-16,sh.603602,12.82,12.92,12.59,12.87,2349394,30088478.92,1.1419,0.39,0,0
2024-07-17,sh.603602,12.81,12.9,12.75,12.85,2242170,28752403.4,1.0898,-0.1554,0,0
2024-07-18,sh.603602,12.81,12.95,12.33,12.86,3544933,44561569.55,1.723,0.0778,0,0
2024-07-19,sh.603602,12.79,12.86,12.62,12.79,2359400,30026097.52,1.1468,-0.5443,0,0
2024-07-22,sh.603602,12.92,13.05,11.8,11.9,8647230,104977159.3,4.2031,-6.9586,0,0
2024-07-23,sh.603602,11.89,12.05,11.77,11.84,3600620,42700698.89,1.7501,-0.5042,0,0
2024-07-24,sh.603602,11.7,12.05,11.7,11.85,2529929,30116549.39,1.2297,0.0845,0,0
2024-07-25,sh.603602,11.72,12.37,11.56,12.04,2696157,32172601.57,1.3105,1.6034,0,0
2024-07-26,sh.603602,11.9,12.06,11.87,12.04,2853280,34138432.4,1.3869,0.0,0,0
2024-07-29,sh.603602,11.96,13.24,11.87,13.24,16289301,211048390.62,7.9175,9.9668,1,0
2024-07-30,sh.603602,13.45,14.1,12.84,13.52,22570025,305055430.18,10.9703,2.1148,0,0
2024-07-31,sh.603602,13.52,13.85,13.29,13.61,18014020,243252469.38,8.7559,0.6657,0,0
2024-08-01,sh.603602,14.12,14.12,13.39,13.58,13575476,185436331.63,6.5985,-0.2204,0,0
2024-08-02,sh.603602,13.25,13.97,13.25,13.77,16303105,222817115.54,7.9243,1.3991,0,0
2024-08-05,sh.603602,13.62,13.95,13.13,13.16,13665135,185808992.17,6.642,-4.4299,0,0
2024-08-06,sh.603602,13.42,13.58,13.01,13.45,7836271,104046963.42,3.8089,2.2036,0,0
2024-08-07,sh.603602,13.34,14.58,13.31,14.23,19487802,272206793.53,9.4722,5.7993,0,0
2024-08-08,sh.603602,14.1,14.96,13.71,13.77,15241883,216723610.13,7.4084,-3.2326,0,0
2024-08-09,sh.603602,13.66,14.09,13.08,13.12,12384107,165967002.65,6.0194,-4.7204,0,0
2024-08-12,sh.603602,12.96,13.29,12.54,13.15,6894888,89669410.89,3.3513,0.2287,0,0
2024-08-13,sh.603602,13.19,13.19,12.9,13.16,4643207,60502453.48,2.2569,0.076,0,0
2024-08-14,sh.603602,13.1,13.46,13.04,13.23,4784142,63463074.34,2.3254,0.5319,0,0
2024-08-15,sh.603602,13.1,13.68,13.02,13.39,6374999,85380516.41,3.0986,1.2094,0,0
2024-08-16,sh.603602,13.33,13.5,13.06,13.31,5449959,72345508.73,2.649,-0.5975,0,0
2024-08-19,sh.603602,13.24,13.4,12.92,12.98,4976310,65407764.7,2.4188,-2.4793,0,0
2024-08-20,sh.603602,12.95,12.97,12.6,12.73,4238700,53927373.24,2.0603,-1.926,0,0
2024-08-21,sh.603602,12.73,12.89,12.51,12.83,2444796,31198059.16,1.1883,0.7855,0,0
2024-08-22,sh.603602,12.72,12.95,12.53,12.58,2969000,37589790.3,1.4431,-1.9486,0,0
2024-08-23,sh.603602,12.56,12.56,12.04,12.3,4264960,52516840.0,2.073,-2.2258,0,0
2024-08-26,sh.603602,12.28,12.44,12.05,12.31,2341820,28762373.6,1.1383,0.0813,0,0
2024-08-27,sh.603602,12.31,12.4,12.16,12.37,2216400,27272074.0,1.0773,0.4874,0,0
2024-08-28,sh.603602,12.3,12.47,12.22,12.23,2055400,25308171.0,0.999,-1.1318,0,0
2024-08-29,sh.603602,12.23,12.43,11.95,12.38,2378960,29192476.2,1.1563,1.2265,0,0
2024-08-30,sh.603602,12.38,12.96,12.37,12.7,4764200,60376601.0,2.3157,2.5848,0,0
2024-09-02,sh.603602,12.54,12.67,12.26,12.26,3793000,47133858.0,1.8436,-3.4646,0,0
2024-09-03,sh.603602,12.3,12.47,12.24,12.45,1951827,24176125.04,0.9487,1.5498,0,0
2024-09-04,sh.603602,12.31,12.36,12.03,12.26,2493450,30417811.6,1.212,-1.5261,0,0
2024-09-05,sh.603602,12.11,12.39,12.11,12.31,1725090,21193881.8,0.8385,0.4078,0,0
2024-09-06,sh.603602,12.34,12.38,12.09,12.19,2289300,27890900.0,1.1127,-0.9748,0,0
2024-09-09,sh.603602,12.23,12.32,12.01,12.24,2301490,28022223.4,1.1187,0.4102,0,0
2024-09-10,sh.603602,12.28,12.71,12.2,12.65,4116074,51310894.39,2.0007,3.3497,0,0
2024-09-11,sh.603602,12.63,12.65,12.2,12.24,3135300,38657836.0,1.5239,-3.2411,0,0
2024-09-12,sh.603602,12.27,12.43,12.12,12.19,1939200,23812751.0,0.9426,-0.4085,0,0
2024-09-13,sh.603602,12.23,12.25,12.0,12.08,1882845,22812986.93,0.9152,-0.9024,0,0
2024-09-18,sh.603602,12.07,12.2,11.57,11.61,3003546,35508443.76,1.4599,-3.8907,0,0
2024-09-19,sh.603602,11.8,11.83,11.5,11.74,1875656,21962711.74,0.9117,1.1197,0,0
2024-09-20,sh.603602,11.75,11.98,11.68,11.76,1994900,23592686.0,0.9696,0.1704,0,0
2024-09-23,sh.603602,11.7,12.07,11.7,11.96,2117370,25291565.1,1.0292,1.7007,0,0
2024-09-24,sh.603602,11.98,12.13,11.67,12.11,2985300,35664863.0,1.451,1.2542,0,0
2024-09-25,sh.603602,12.22,12.5,12.17,12.22,3473677,42828858.65,1.6884,0.9083,0,0
2024-09-26,sh.603602,12.22,12.45,12.18,12.45,3367696,41419259.98,1.6369,1.8822,0,0
2024-09-27,sh.603602,12.55,12.9,12.5,12.9,3158337,40082653.37,1.5351,3.6145,0,0
2024-09-30,sh.603602,13.5,14.05,13.06,13.84,11470134,155605273.53,5.5751,7.2868,0,0
2024-10-08,sh.603602,15.22,15.22,13.81,14.57,14649363,211502098.36,7.1204,5.2746,0,0
2024-10-09,sh.603602,14.0,14.2,13.11,13.11,8767713,120075329.41,4.2616,-10.0206,0,1
2024-10-10,sh.603602,13.29,13.54,13.02,13.13,6062728,80534809.33,2.9468,0.1526,0,0
2024-10-11,sh.603602,13.27,13.35,12.56,12.76,4924409,63739414.92,2.3935,-2.818,0,0
2024-10-14,sh.603602,12.85,13.14,12.83,13.01,5355387,69509194.11,2.603,1.9592,0,0
2024-10-15,sh.603602,13.06,13.69,12.9,13.23,6845793,91238355.59,3.3274,1.691,0,0
2024-10-16,sh.603602,13.03,13.25,12.86,13.0,4582945,59746041.85,2.2276,-1.7385,0,0
2024-10-17,sh.603602,14.3,14.3,13.55,14.3,19253627,270639657.54,9.3583,10.0,1,0
2024-10-18,sh.603602,15.4,15.73,15.1,15.73,13037750,202993602.76,6.3371,10.0,1,0
2024-10-21,sh.603602,17.3,17.3,17.3,17.3,3415895,59094983.5,1.6603,9.9809,1,0
2024-10-22,sh.603602,19.03,19.03,19.03,19.03,4504331,85717418.93,2.1893,10.0,1,0
2024-10-23,sh.603602,19.97,19.97,17.45,17.51,67488916,1248991341.89,32.8033,-7.9874,0,0
2024-10-24,sh.603602,16.8,17.16,15.9,16.23,36855032,604282054.03,17.9135,-7.3101,0,0
2024-10-25,sh.603602,16.0,17.81,16.0,17.32,37589094,640487423.77,18.2703,6.716,0,0
2024-10-28,sh.603602,17.28,18.36,17.04,17.92,36749404,652685876.24,17.8622,3.4642,0,0
2024-10-29,sh.603602,17.6,17.77,16.9,16.96,25601169,443322415.75,12.4436,-5.3571,0,0
2024-10-30,sh.603602,16.52,18.07,16.27,17.95,28775732,497948940.2,13.9866,5.8373,0,0
2024-10-31,sh.603602,17.85,19.75,17.69,18.81,40160340,745709615.76,19.5201,4.7911,0,0
2024-11-01,sh.603602,18.19,18.37,16.93,16.93,23526258,412170982.02,11.435,-9.9947,0,1
2024-11-04,sh.603602,16.5,17.53,16.44,17.29,13866910,236808008.67,6.6454,2.1264,0,0
2024-11-05,sh.603602,17.61,17.87,17.4,17.61,16019681,282572502.54,7.677,1.8508,0,0
2024-11-06,sh.603602,18.98,19.37,18.81,19.37,33823516,651916100.06,16.209,9.9943,1,0
2024-11-07,sh.603602,19.19,21.31,18.31,20.09,50517131,998568921.26,24.209,3.7171,0,0
2024-11-08,sh.603602,19.3,20.55,19.2,19.52,31413687,622833162.51,15.0542,-2.8372,0,0
2024-11-11,sh.603602,19.41,20.2,18.78,19.85,24109128,469631878.88,11.5537,1.6906,0,0
2024-11-12,sh.603602,19.68,19.85,18.76,18.99,18120935,348509773.4,8.684,-4.3325,0,0
2024-11-13,sh.603602,18.8,19.06,18.09,18.44,13306769,245265685.11,6.3769,-2.8963,0,0
2024-11-14,sh.603602,18.43,18.83,17.8,17.82,11979695,218833170.55,5.741,-3.3623,0,0
2024-11-15,sh.603602,17.77,17.89,16.85,17.05,15481560,268051998.23,7.4191,-4.321,0,0
2024-11-18,sh.603602,17.06,17.16,15.82,16.39,12867938,208999594.29,6.1666,-3.871,0,0
2024-11-19,sh.603602,16.65,16.83,16.11,16.68,10066744,166089706.42,4.8242,1.7694,0,0
2024-11-20,sh.603602,16.61,17.14,16.5,17.04,12028222,202808702.61,5.7642,2.1583,0,0
2024-11-21,sh.603602,16.65,16.85,16.5,16.72,10000670,166884149.98,4.7926,-1.8779,0,0
2024-11-22,sh.603602,16.64,16.69,15.77,15.82,15393280,248196557.43,7.3768,-5.3828,0,0
2024-11-25,sh.603602,15.67,15.82,15.17,15.57,10884034,167686454.29,5.2159,-1.5803,0,0
2024-11-26,sh.603602,15.58,16.04,15.35,15.38,8885643,139395235.55,4.1231,-1.2203,0,0
2024-11-27,sh.603602,15.49,16.92,15.49,16.71,22574300,369782682.4,10.4749,8.6476,0,0
2024-11-28,sh.603602,16.38,16.52,16.13,16.13,17040235,277552632.38,7.907,-3.471,0,0
2024-11-29,sh.603602,16.13,16.41,15.81,16.23,12062249,194569166.01,5.5971,0.62,0,0
2024-12-02,sh.603602,16.15,16.7,16.15,16.64,12471631,205996786.79,5.6104,2.5262,0,0
2024-12-03,sh.603602,16.65,16.87,16.45,16.81,10869280,181384674.95,4.788,1.0216,0,0
2024-12-04,sh.603602,16.79,16.79,16.18,16.3,8588837,141398572.16,3.7835,-3.0339,0,0
2024-12-05,sh.603602,16.25,16.77,16.11,16.64,7474943,123468892.41,3.2928,2.0859,0,0
2024-12-06,sh.603602,16.65,16.76,16.28,16.53,7634112,125793806.15,3.3587,-0.6611,0,0
2024-12-09,sh.603602,16.53,16.65,16.12,16.29,7082892,115891261.03,3.1162,-1.4519,0,0
2024-12-10,sh.603602,16.63,16.75,16.4,16.5,9811681,162677408.02,4.3167,1.2891,0,0
2024-12-11,sh.603602,16.49,17.08,16.38,17.07,13739784,231540799.48,6.0449,3.4545,0,0
2024-12-12,sh.603602,17.18,17.4,16.9,17.36,14294650,245697688.76,6.2891,1.6989,0,0
2024-12-13,sh.603602,17.28,18.31,17.17,17.75,25283713,454225138.41,11.1238,2.2465,0,0
2024-12-16,sh.603602,17.7,18.33,17.4,17.63,17951056,320578809.37,7.8977,-0.6761,0,0
2024-12-17,sh.603602,17.57,17.57,16.26,16.27,14342438,241265599.83,6.3101,-7.7141,0,0
2024-12-18,sh.603602,16.34,16.84,15.81,16.47,8771262,143630192.22,3.859,1.2293,0,0
2024-12-19,sh.603602,16.3,16.79,16.24,16.68,10537211,174422602.64,4.6359,1.275,0,0
2024-12-20,sh.603602,16.5,17.14,16.39,16.89,9915980,166615082.07,4.3626,1.259,0,0
2024-12-23,sh.603602,16.99,17.5,16.0,16.1,11922310,198703220.11,5.2453,-4.6773,0,0
2024-12-24,sh.603602,16.19,16.45,15.6,15.93,9402218,149762702.34,4.1013,-1.0559,0,0
2024-12-25,sh.603602,15.8,16.77,15.1,16.1,14294565,226497871.48,6.2354,1.0672,0,0
2024-12-26,sh.603602,15.99,16.58,15.92,16.31,10095920,165339512.66,4.4039,1.3043,0,0
2024-12-27,sh.603602,16.3,17.55,16.3,16.94,23311746,399291186.22,10.1688,3.8627,0,0
2024-12-30,sh.603602,16.92,17.28,16.41,16.8,14617575,246854150.69,6.3763,-0.8264,0,0
2024-12-31,sh.603602,16.82,17.15,16.0,16.0,10315801,170441505.96,4.4998,-4.7619,0,0
2025-01-02,sh.603602,15.82,16.25,15.23,15.41,8961996,140556375.89,3.9093,-3.6875,0,0
2025-01-03,sh.603602,15.49,15.6,14.71,14.75,8981191,134852026.9,3.9177,-4.2829,0,0
2025-01-06,sh.603602,14.83,15.07,14.2,14.36,7114125,103496787.65,3.1032,-2.6441,0,0
2025-01-07,sh.603602,14.22,14.58,14.09,14.57,7675285,109812538.4,3.348,1.4624,0,0
2025-01-08,sh.603602,14.5,14.54,13.84,14.35,7601188,107985890.85,3.3157,-1.51,0,0
2025-01-09,sh.603602,14.18,14.52,14.17,14.36,5838161,83964278.2,2.5467,0.0697,0,0
2025-01-10,sh.603602,14.24,14.7,13.91,13.95,7705810,110829617.84,3.3613,-2.8552,0,0
2025-01-13,sh.603602,13.79,14.16,13.4,13.95,4506463,62038805.53,1.9658,0.0,0,0
2025-01-14,sh.603602,13.95,15.12,13.95,15.01,9920232,145693371.28,4.3273,7.5986,0,0
2025-01-15,sh.603602,15.01,15.97,14.95,15.57,13709856,211659264.3,5.9804,3.7308,0,0
2025-01-16,sh.603602,15.81,16.29,15.67,15.92,12648367,202007784.82,5.5173,2.2479,0,0
2025-01-17,sh.603602,15.92,16.1,15.39,15.43,9579561,149194108.18,4.1787,-3.0779,0,0
2025-01-20,sh.603602,15.7,15.76,15.27,15.35,6254557,96495585.95,2.7283,-0.5185,0,0
2025-01-21,sh.603602,15.4,15.47,15.02,15.41,5566319,84925419.28,2.4281,0.3909,0,0
2025-01-22,sh.603602,15.47,15.55,15.05,15.17,4658393,71113362.3,2.032,-1.5574,0,0
2025-01-23,sh.603602,15.29,15.68,15.25,15.29,7067180,109085851.6,3.0828,0.791,0,0
2025-01-24,sh.603602,15.18,15.58,15.15,15.41,6337391,97793112.17,2.7644,0.7848,0,0
2025-01-27,sh.603602,15.56,15.8,15.28,15.3,7211418,112021976.99,3.1457,-0.7138,0,0
2025-02-05,sh.603602,15.45,15.86,15.11,15.76,6631103,103002333.17,2.8925,3.0065,0,0
2025-02-06,sh.603602,15.77,17.28,15.62,16.88,18161849,299907976.77,7.9223,7.1066,0,0
2025-02-07,sh.603602,16.82,18.08,16.74,17.48,26188292,462157058.7,11.4235,3.5545,0,0
2025-02-10,sh.603602,17.69,18.17,17.6,17.92,20766599,371377946.97,9.0586,2.5172,0,0
2025-02-11,sh.603602,17.92,18.88,17.41,18.47,21253577,386003723.77,9.271,3.0692,0,0
2025-02-12,sh.603602,18.55,19.78,18.52,19.1,23011691,438049434.91,10.0379,3.4109,0,0
2025-02-13,sh.603602,19.7,20.15,18.58,18.75,24585696,470500822.01,10.7245,-1.8325,0,0
2025-02-14,sh.603602,18.75,19.47,18.26,19.08,20854262,392427298.49,9.0968,1.76,0,0
2025-02-17,sh.603602,19.07,19.07,18.08,18.32,15320879,283266040.0,6.6831,-3.9832,0,0
2025-02-18,sh.603602,18.16,18.5,17.52,17.69,9379968,169108529.8,4.0916,-3.4389,0,0
2025-02-19,sh.603602,17.68,18.2,17.58,17.92,7585878,136334729.88,3.309,1.3002,0,0
2025-02-20,sh.603602,17.8,18.61,17.78,18.31,11012594,201260970.2,4.8038,2.1763,0,0
2025-02-21,sh.603602,18.39,19.03,18.15,18.91,14112518,263461723.67,6.156,3.2769,0,0
2025-02-24,sh.603602,18.98,19.68,18.4,19.3,21076743,406251178.82,9.1938,2.0624,0,0
2025-02-25,sh.603602,18.92,19.48,18.8,18.89,11524694,219644616.06,5.0272,-2.1244,0,0
2025-02-26,sh.603602,18.89,19.25,18.6,19.0,11155126,209859057.01,4.866,0.5823,0,0
2025-02-27,sh.603602,19.11,19.2,18.12,18.52,8796182,163528158.24,3.837,-2.5263,0,0
2025-02-28,sh.603602,18.51,18.52,16.91,17.03,11568902,202474363.97,5.0465,-8.0454,0,0
2025-03-03,sh.603602,17.2,18.73,16.71,18.73,14886606,269149894.71,6.4937,9.9824,1,0
2025-03-04,sh.603602,18.73,19.03,18.12,18.78,18646457,347919314.65,8.1337,0.267,0,0
2025-03-05,sh.603602,18.68,20.66,18.68,20.66,32076894,632912567.5,13.9922,10.0106,1,0
2025-03-06,sh.603602,20.46,20.91,20.02,20.1,34814316,706818682.54,15.1863,-2.7106,0,0
2025-03-07,sh.603602,19.99,21.62,19.69,21.05,31921938,658523501.9,13.9246,4.7264,0,0
2025-03-10,sh.603602,20.86,21.42,19.9,20.12,23894262,489696784.73,10.4229,-4.4181,0,0
2025-03-11,sh.603602,19.62,19.9,18.76,19.24,21869591,418142447.28,9.5397,-4.3738,0,0
2025-03-12,sh.603602,19.25,20.34,19.09,19.96,23072066,455456494.02,10.0642,3.7422,0,0
2025-03-13,sh.603602,19.79,19.81,18.7,18.87,13860987,263401944.7,6.0463,-5.4609,0,0
2025-03-14,sh.603602,18.69,18.72,17.93,18.58,13460042,247846144.4,5.8714,-1.5368,0,0
2025-03-17,sh.603602,18.56,19.3,18.25,19.05,15435665,290022448.3,6.7332,2.5296,0,0
2025-03-18,sh.603602,19.15,19.66,18.94,19.15,15614572,300013291.58,6.8112,0.5249,0,0
2025-03-19,sh.603602,19.08,19.09,18.32,18.46,11358586,210974999.53,4.9547,-3.6031,0,0
2025-03-20,sh.603602,18.46,18.7,18.06,18.2,8304106,152342617.74,3.6223,-1.4085,0,0
2025-03-21,sh.603602,18.05,18.1,17.31,17.47,9976908,175528173.85,4.352,-4.011,0,0
2025-03-24,sh.603602,17.48,17.63,16.5,17.0,10772656,182934360.01,4.6991,-2.6903,0,0
2025-03-25,sh.603602,17.02,17.34,16.72,16.84,7481544,127074214.76,3.2635,-0.9412,0,0
2025-03-26,sh.603602,16.77,17.3,16.75,17.14,6428000,109906670.89,2.8039,1.7815,0,0
2025-03-27,sh.603602,17.14,17.23,16.79,17.07,4608282,78500286.74,2.0102,-0.4084,0,0
2025-03-28,sh.603602,17.2,17.23,16.36,16.42,6794884,113609520.92,2.964,-3.8079,0,0
2025-03-31,sh.603602,16.59,17.08,16.34,16.63,7480400,124159853.16,3.263,1.2789,0,0
2025-04-01,sh.603602,16.66,16.82,16.44,16.55,5148905,85633188.5,2.246,-0.4811,0,0
2025-04-02,sh.603602,16.3,16.56,16.1,16.22,8061760,131641814.4,3.5166,-1.994,0,0
2025-04-03,sh.603602,16.08,16.47,16.02,16.28,5544100,90076003.0,2.4184,0.3699,0,0
2025-04-07,sh.603602,15.63,15.63,14.65,14.65,8936998,133853503.39,3.8984,-10.0123,0,1
2025-04-08,sh.603602,14.62,14.81,13.9,14.35,9182055,130818634.45,4.0053,-2.0478,0,0
2025-04-09,sh.603602,13.85,14.9,13.15,14.68,9331960,131526446.72,4.0707,2.2997,0,0
2025-04-10,sh.603602,14.73,15.19,14.73,14.8,10671284,159612827.48,4.6549,0.8174,0,0
2025-04-11,sh.603602,14.6,15.23,14.52,15.0,5936983,88766098.06,2.5898,1.3514,0,0
2025-04-14,sh.603602,15.21,15.49,15.18,15.25,5302362,81258709.78,2.3129,1.6667,0,0
2025-04-15,sh.603602,15.27,15.36,14.97,15.09,3607400,54512563.0,1.5736,-1.0492,0,0
2025-04-16,sh.603602,15.02,15.1,14.46,14.77,4319099,63774905.17,1.884,-2.1206,0,0
2025-04-17,sh.603602,14.6,15.09,14.6,14.77,3209431,47798596.56,1.4,0.0,0,0
2025-04-18,sh.603602,14.77,15.08,14.62,14.91,4322891,64352791.28,1.8857,0.9479,0,0
2025-04-21,sh.603602,15.1,15.25,14.74,15.24,4978800,74995602.4,2.1718,2.2133,0,0
2025-04-22,sh.603602,15.2,15.35,15.02,15.18,3912590,59236393.7,1.7067,-0.3937,0,0
2025-04-23,sh.603602,15.26,15.58,15.2,15.44,5757117,88492171.51,2.5113,1.7128,0,0
2025-04-24,sh.603602,15.3,15.47,15.01,15.07,5238100,79652244.0,2.2849,-2.3964,0,0
2025-04-25,sh.603602,15.07,15.45,15.03,15.24,4864634,74280366.17,2.122,1.1281,0,0
2025-04-28,sh.603602,15.22,15.39,15.03,15.03,4327145,65575510.85,1.8875,-1.378,0,0
2025-04-29,sh.603602,15.0,15.37,14.76,15.1,3874282,58719475.85,1.69,0.4657,0,0
2025-04-30,sh.603602,15.11,15.63,15.06,15.52,6316658,97666108.11,2.7554,2.7815,0,0
2025-05-06,sh.603602,15.59,15.85,15.56,15.81,8168397,128790980.55,3.5631,1.8686,0,0
2025-05-07,sh.603602,15.97,16.83,15.81,16.41,18909729,309102516.51,8.2486,3.7951,0,0
2025-05-08,sh.603602,16.23,16.37,16.0,16.36,8903322,144737218.09,3.8837,-0.3047,0,0
2025-05-09,sh.603602,16.36,16.38,15.62,15.66,10406367,164775507.12,4.5393,-4.2787,0,0
2025-05-12,sh.603602,15.82,16.14,15.73,16.09,6932826,110981304.82,3.0242,2.7458,0,0
2025-05-13,sh.603602,16.37,16.38,15.83,15.92,6128440,98419209.84,2.6733,-1.0566,0,0
2025-05-14,sh.603602,15.88,16.09,15.71,15.8,4765684,75539500.84,2.0788,-0.7538,0,0
2025-05-15,sh.603602,15.72,15.74,15.23,15.3,6173544,95184104.32,2.693,-3.1646,0,0
2025-05-16,sh.603602,15.29,15.49,15.23,15.42,3432000,52894777.0,1.4971,0.7843,0,0
2025-05-19,sh.603602,15.42,15.49,15.2,15.39,3630460,55760147.4,1.5836,-0.1946,0,0
2025-05-20,sh.603602,15.46,15.57,15.17,15.56,4933801,75902535.04,2.1522,1.1046,0,0
2025-05-21,sh.603602,15.55,15.55,15.14,15.24,4337126,66255104.24,1.8919,-2.0566,0,0
2025-05-22,sh.603602,15.23,15.41,14.92,14.93,4703800,71216155.0,2.0518,-2.0341,0,0
2025-05-23,sh.603602,14.94,15.05,14.58,14.63,4734789,70083366.35,2.0654,-2.0094,0,0
2025-05-26,sh.603602,14.63,14.87,14.63,14.84,3846276,56819376.0,1.6778,1.4354,0,0
2025-05-27,sh.603602,14.77,14.84,14.58,14.74,2971600,43659327.0,1.2962,-0.6739,0,0
2025-05-28,sh.603602,14.74,14.84,14.3,14.58,3007700,44004768.0,1.312,-1.0855,0,0
2025-05-29,sh.603602,14.66,15.08,14.58,15.08,6042651,90014832.34,2.6348,3.4294,0,0
2025-05-30,sh.603602,15.1,15.86,14.8,15.51,15225575,234772028.78,6.6389,2.8515,0,0
2025-06-03,sh.603602,15.52,15.65,15.2,15.27,11922482,183170070.1,5.1986,-1.5474,0,0
2025-06-04,sh.603602,15.15,15.39,15.15,15.23,5581149,85233271.22,2.4336,-0.262,0,0
2025-06-05,sh.603602,15.23,15.35,15.02,15.3,6692623,101613058.99,2.9182,0.4596,0,0
2025-06-06,sh.603602,15.29,15.36,15.14,15.23,4370064,66560597.89,1.9055,-0.4575,0,0
2025-06-09,sh.603602,15.23,15.4,15.23,15.32,4753758,72919128.56,2.0728,0.5909,0,0
2025-06-10,sh.603602,15.33,15.36,14.86,15.07,5815140,87723209.0,2.5356,-1.6319,0,0
2025-06-11,sh.603602,15.07,15.15,14.95,15.07,4571982,68788933.64,1.9936,0.0,0,0
2025-06-12,sh.603602,15.07,15.19,14.94,15.1,3463502,52354337.42,1.5102,0.1991,0,0
2025-06-13,sh.603602,14.96,15.07,14.7,14.71,3995200,59311490.0,1.7421,-2.5828,0,0
2025-06-16,sh.603602,14.65,15.1,14.6,14.81,3863239,57422116.74,1.6845,0.6798,0,0
2025-06-17,sh.603602,14.82,14.89,14.65,14.74,2836442,41804391.1,1.2368,-0.4727,0,0
2025-06-18,sh.603602,14.68,14.74,14.55,14.68,2548555,37317244.85,1.1113,-0.4071,0,0
2025-06-19,sh.603602,14.73,14.8,14.4,14.47,3472609,50778484.79,1.5142,-1.4305,0,0
2025-06-20,sh.603602,14.47,14.6,14.25,14.33,3263588,46904126.56,1.423,-0.9675,0,0
2025-06-23,sh.603602,14.12,14.54,14.1,14.52,2704140,38831443.0,1.1791,1.3259,0,0
2025-06-24,sh.603602,14.58,14.88,14.45,14.85,4456260,65907984.67,1.9431,2.2727,0,0
2025-06-25,sh.603602,14.86,14.95,14.73,14.92,3962653,58866387.98,1.7279,0.8108,0,0
2025-06-26,sh.603602,14.92,15.07,14.82,14.87,4137201,61904382.01,1.804,-0.3351,0,0
2025-06-27,sh.603602,14.87,15.02,14.84,14.97,3409220,51022422.98,1.4865,0.6725,0,0
2025-06-30,sh.603602,15.0,15.27,15.0,15.25,4860143,73700804.16,2.1192,1.8704,0,0
2025-07-01,sh.603602,15.25,15.32,15.0,15.15,3806740,57684469.8,1.6599,-0.6557,0,0
2025-07-02,sh.603602,15.25,15.27,14.95,15.07,3913574,58952522.52,1.7065,-0.5281,0,0
2025-07-03,sh.603602,15.12,15.24,15.05,15.16,3466091,52522130.07,1.5113,0.5972,0,0
2025-07-04,sh.603602,15.18,15.18,14.8,14.89,3801810,56954478.52,1.6577,-1.781,0,0
2025-07-07,sh.603602,14.89,14.97,14.82,14.93,2848425,42421867.75,1.242,0.2686,0,0
2025-07-08,sh.603602,14.93,15.42,14.86,15.23,5818060,88266832.42,2.5369,2.0094,0,0
2025-07-09,sh.603602,15.23,15.28,15.12,15.17,3058883,46495996.04,1.3338,-0.394,0,0
2025-07-10,sh.603602,15.17,15.24,15.09,15.21,3445791,52309313.84,1.5025,0.2637,0,0
2025-07-11,sh.603602,15.21,15.24,15.04,15.17,3072600,46575291.0,1.3398,-0.263,0,0
2025-07-14,sh.603602,15.17,15.34,15.12,15.27,3396490,51813857.24,1.481,0.6592,0,0
2025-07-15,sh.603602,15.22,15.32,15.04,15.3,4040719,61316207.92,1.7619,0.1965,0,0
2025-07-16,sh.603602,15.24,15.5,15.24,15.37,5329216,82029631.44,2.3237,0.4575,0,0
2025-07-17,sh.603602,15.3,15.57,15.18,15.49,6694731,103509596.57,2.9192,0.7807,0,0
2025-07-18,sh.603602,15.6,15.68,15.37,15.42,4032146,62282720.44,1.7582,-0.4519,0,0
2025-07-21,sh.603602,15.42,15.53,15.33,15.52,4468200,69003390.68,1.9483,0.6485,0,0
2025-07-22,sh.603602,15.59,16.28,15.49,15.74,13126387,207324434.3,5.7236,1.4175,0,0
2025-07-23,sh.603602,15.65,15.7,15.36,15.38,7577109,117466646.81,3.3039,-2.2872,0,0
2025-07-24,sh.603602,15.42,15.63,15.4,15.57,4999489,77566374.83,2.18,1.2354,0,0
2025-07-25,sh.603602,15.6,15.6,15.43,15.49,3754252,58194566.46,1.637,-0.5138,0,0
2025-07-28,sh.603602,15.52,15.65,15.42,15.59,5195984,80846414.94,2.2656,0.6456,0,0
2025-07-29,sh.603602,15.6,15.62,15.35,15.51,5414348,83640870.92,2.3609,-0.5131,0,0
2025-07-30,sh.603602,15.48,15.54,15.24,15.33,4804433,73793532.54,2.0949,-1.1605,0,0
2025-07-31,sh.603602,15.31,15.56,15.25,15.3,5174709,79633662.45,2.2564,-0.1957,0,0
2025-08-01,sh.603602,15.3,15.38,15.14,15.25,5120359,78003983.62,2.2327,-0.3268,0,0
2025-08-04,sh.603602,15.15,15.75,15.11,15.71,12186162,188533323.29,5.3136,3.0164,0,0
2025-08-05,sh.603602,15.86,15.91,15.58,15.69,6663081,104452787.53,2.9054,-0.1273,0,0
2025-08-06,sh.603602,15.61,15.75,15.61,15.71,5339360,83840167.3,2.3282,0.1275,0,0
2025-08-07,sh.603602,15.71,16.19,15.71,15.97,14113202,225692415.57,6.1539,1.655,0,0
2025-08-08,sh.603602,16.1,16.2,15.81,15.85,10162610,162210712.36,4.4313,-0.7514,0,0
2025-08-11,sh.603602,15.65,15.98,15.63,15.88,7919007,125572035.12,3.453,0.1893,0,0
2025-08-12,sh.603602,15.98,15.98,15.67,15.72,6051145,95300243.08,2.6385,-1.0076,0,0
2025-08-13,sh.603602,15.72,15.78,15.6,15.7,6529774,102428159.44,2.8472,-0.1272,0,0
2025-08-14,sh.603602,15.73,15.77,15.33,15.38,6734507,104379986.31,2.9365,-2.0382,0,0
2025-08-15,sh.603602,15.43,15.55,15.38,15.55,6159711,95454689.9,2.6859,1.1053,0,0
2025-08-18,sh.603602,15.67,16.05,15.63,15.92,11015655,175457857.82,4.8032,2.3794,0,0
2025-08-19,sh.603602,16.0,16.05,15.79,16.03,7020122,112024601.09,3.061,0.691,0,0
2025-08-20,sh.603602,15.97,16.22,15.82,16.2,7466844,120053668.44,3.2558,1.0605,0,0
2025-08-21,sh.603602,16.24,16.24,15.95,16.0,7707966,123995249.6,3.361,-1.2346,0,0
2025-08-22,sh.603602,16.01,16.08,15.85,16.04,6883326,109858049.63,3.0014,0.25,0,0
2025-08-25,sh.603602,16.17,16.17,15.9,16.07,9530953,152769362.1,4.1558,0.187,0,0
2025-08-26,sh.603602,16.04,16.29,15.9,16.22,9981904,161319592.82,4.3525,0.9334,0,0
2025-08-27,sh.603602,16.28,16.39,15.81,15.88,10575948,171020197.93,4.6115,-2.0962,0,0
2025-08-28,sh.603602,15.93,16.24,15.43,16.14,10874999,172709232.09,4.7419,1.6373,0,0
2025-08-29,sh.603602,16.3,16.95,15.77,16.42,23744644,387683906.57,10.3535,1.7348,0,0
2025-09-01,sh.603602,16.45,16.85,16.28,16.84,21041292,348760270.67,9.1748,2.5579,0,0
2025-09-02,sh.603602,16.82,17.35,16.5,17.25,28066472,477800649.46,12.238,2.4347,0,0
2025-09-03,sh.603602,17.25,17.26,16.32,16.49,16985736,284259844.67,7.4064,-4.4058,0,0
2025-09-04,sh.603602,16.15,16.15,15.07,15.39,15722614,246110764.54,6.8556,-6.6707,0,0
2025-09-05,sh.603602,15.39,15.79,15.15,15.55,10181704,157219838.71,4.4396,1.0396,0,0
2025-09-08,sh.603602,15.49,15.56,15.29,15.45,8147111,125602051.34,3.5524,-0.6431,0,0
2025-09-09,sh.603602,15.47,15.74,15.18,15.45,8794015,135507222.63,3.8345,0.0,0,0
2025-09-10,sh.603602,15.46,15.75,15.31,15.7,8399169,130958355.7,3.6623,1.6181,0,0
2025-09-11,sh.603602,15.6,15.77,15.42,15.74,7865052,123214026.92,3.4295,0.2548,0,0
2025-09-12,sh.603602,15.71,15.74,15.46,15.47,7412482,115548075.96,3.2321,-1.7154,0,0
2025-09-15,sh.603602,15.4,15.41,15.16,15.23,5789341,88364538.53,2.5244,-1.5514,0,0
2025-09-16,sh.603602,15.2,15.38,15.13,15.36,5927119,90433497.5,2.5844,0.8536,0,0
2025-09-17,sh.603602,15.4,15.41,15.18,15.22,5904513,90077369.77,2.5746,-0.9115,0,0
2025-09-18,sh.603602,15.18,15.26,14.79,14.89,8760144,131968447.43,3.8197,-2.1682,0,0
2025-09-19,sh.603602,15.05,15.05,14.6,14.71,5701920,84132386.15,2.4862,-1.2089,0,0
2025-09-22,sh.603602,14.7,14.82,14.52,14.66,4660433,68260850.01,2.0321,-0.3399,0,0
2025-09-23,sh.603602,14.6,14.84,14.32,14.78,5977445,87202897.94,2.6064,0.8186,0,0
2025-09-24,sh.603602,14.68,15.22,14.52,15.18,7400453,110656598.51,3.2269,2.7064,0,0
2025-09-25,sh.603602,15.16,15.3,15.02,15.05,5118246,77476009.98,2.2317,-0.8564,0,0
2025-09-26,sh.603602,15.0,15.14,14.69,14.7,4398850,65506514.24,1.9181,-2.3256,0,0
2025-09-29,sh.603602,14.7,15.1,14.43,14.99,6186861,92217190.63,2.6977,1.9728,0,0
2025-09-30,sh.603602,15.1,15.1,14.8,14.8,4278595,63871387.52,1.8656,-1.2675,0,0
2025-10-09,sh.603602,14.8,14.88,14.64,14.74,4126423,60787423.01,1.7993,-0.4054,0,0
2025-10-10,sh.603602,14.8,15.89,14.75,15.4,17226804,267632398.56,7.5115,4.4776,0,0
2025-10-13,sh.603602,14.87,15.08,14.76,15.07,6995900,104730027.0,3.0505,-2.1429,0,0
2025-10-14,sh.603602,15.18,15.58,14.78,14.94,10076121,153773710.19,4.3936,-0.8626,0,0
2025-10-15,sh.603602,14.92,15.29,14.82,15.11,5937390,89586774.09,2.5889,1.1379,0,0
2025-10-16,sh.603602,15.12,15.12,14.6,14.65,8221319,121429177.53,3.5848,-3.0443,0,0
2025-10-17,sh.603602,14.66,14.67,14.22,14.24,5605635,80961454.79,2.4443,-2.7986,0,0
2025-10-20,sh.603602,14.42,14.45,14.24,14.37,3699842,53063756.8,1.6133,0.9129,0,0
2025-10-21,sh.603602,14.31,14.52,14.15,14.49,4228892,60637767.87,1.844,0.8351,0,0
2025-10-22,sh.603602,14.41,14.53,14.35,14.52,3158255,45610074.94,1.3771,0.207,0,0
2025-10-23,sh.603602,14.45,14.65,14.31,14.56,2814771,40770615.94,1.2273,0.2755,0,0
2025-10-24,sh.603602,14.52,14.83,14.49,14.71,4648136,68226125.68,2.0268,1.0302,0,0
2025-10-27,sh.603602,14.94,15.25,14.8,14.88,7550920,112967696.65,3.2925,1.1557,0,0
2025-10-28,sh.603602,14.8,14.93,14.74,14.77,3447857,51104985.11,1.5034,-0.7392,0,0
2025-10-29,sh.603602,15.05,15.55,14.85,14.91,8712106,131630678.62,3.7988,0.9479,0,0
2025-10-30,sh.603602,14.92,15.4,14.82,14.98,8685198,131158036.42,3.7871,0.4695,0,0
2025-10-31,sh.603602,14.99,15.15,14.86,15.02,5338522,80175347.66,2.3278,0.267,0,0
2025-11-03,sh.603602,14.96,15.13,14.93,15.12,4475035,67275978.5,1.9513,0.6658,0,0
2025-11-04,sh.603602,15.11,15.11,14.88,14.97,3653022,54800505.76,1.5929,-0.9921,0,0
2025-11-05,sh.603602,14.81,15.24,14.76,15.03,5159478,77711093.24,2.2497,0.4008,0,0
2025-11-06,sh.603602,15.0,15.07,14.93,14.99,3727305,55908531.21,1.6252,-0.2661,0,0
2025-11-07,sh.603602,14.88,15.0,14.86,14.94,3786978,56484366.82,1.6513,-0.3336,0,0
2025-11-10,sh.603602,14.97,15.2,14.97,15.14,5054204,76418311.4,2.2038,1.3387,0,0
2025-11-11,sh.603602,15.15,15.15,14.98,15.02,3817857,57392149.99,1.6647,-0.6614,0,0
2025-11-12,sh.603602,14.97,15.04,14.81,15.02,4244228,63280310.95,1.8506,0.0,0,0
2025-11-13,sh.603602,15.01,15.01,14.86,14.95,3913171,58421163.12,1.7063,-0.466,0,0
2025-11-14,sh.603602,14.94,15.07,14.84,14.92,3598799,53905635.05,1.5692,-0.2007,0,0
2025-11-17,sh.603602,14.89,15.09,14.86,15.05,3790118,56887157.7,1.6526,0.8713,0,0
2025-11-18,sh.603602,15.04,15.09,14.86,14.96,3520479,52577394.31,1.5351,-0.598,0,0
2025-11-19,sh.603602,14.96,14.96,14.48,14.5,5356450,78492255.89,2.3356,-3.0749,0,0
2025-11-20,sh.603602,14.6,14.94,14.6,14.8,5298767,78277493.26,2.3105,2.069,0,0
2025-11-21,sh.603602,14.75,14.87,14.35,14.51,5893669,85838985.04,2.5699,-1.9595,0,0
2025-11-24,sh.603602,14.58,14.92,14.45,14.88,4807430,70750377.85,2.0962,2.55,0,0
2025-11-25,sh.603602,14.92,15.07,14.84,15.0,4745600,71243660.0,2.0693,0.8065,0,0
2025-11-26,sh.603602,14.95,15.04,14.67,14.7,4193600,62280483.0,1.8286,-2.0,0,0
2025-11-27,sh.603602,14.63,15.02,14.63,14.85,4081350,60780837.5,1.7796,1.0204,0,0
2025-11-28,sh.603602,14.95,15.06,14.88,15.03,4122202,61865259.06,1.7974,1.2121,0,0
2025-12-01,sh.603602,15.11,15.2,15.01,15.15,5450324,82347230.48,2.3589,0.7984,0,0
2025-12-02,sh.603602,15.14,15.14,14.97,15.03,3469933,52197912.57,1.5018,-0.7921,0,0
2025-12-03,sh.603602,14.99,15.1,14.73,14.82,3942084,58574317.28,1.7061,-1.3972,0,0
2025-12-04,sh.603602,14.75,14.86,14.46,14.48,4175087,60921650.72,1.8069,-2.2942,0,0
2025-12-05,sh.603602,14.43,14.65,14.35,14.61,3938610,57060790.3,1.7046,0.8978,0,0
2025-12-08,sh.603602,14.74,15.0,14.69,14.91,4919884,73377013.75,2.1293,2.0534,0,0
2025-12-09,sh.603602,14.91,15.12,14.85,14.9,3801957,56932816.19,1.6455,-0.0671,0,0
2025-12-10,sh.603602,14.86,14.96,14.72,14.89,3221130,47740313.0,1.3941,-0.0671,0,0
2025-12-11,sh.603602,14.9,14.9,14.52,14.54,3433460,50501035.6,1.486,-2.3506,0,0
2025-12-12,sh.603602,14.63,14.78,14.42,14.47,4516484,65988910.34,1.9547,-0.4814,0,0
2025-12-15,sh.603602,14.46,14.76,14.24,14.41,3819369,55296310.53,1.653,-0.4147,0,0
2025-12-16,sh.603602,14.41,14.49,14.18,14.19,3342579,47676032.88,1.4466,-1.5267,0,0
2025-12-17,sh.603602,14.1,14.25,13.8,14.11,4042630,56505084.8,1.7496,-0.5638,0,0
2025-12-18,sh.603602,14.02,14.37,14.01,14.26,3728390,53158247.37,1.6136,1.0631,0,0
2025-12-19,sh.603602,14.28,14.43,14.21,14.24,3874370,55366356.06,1.6768,-0.1403,0,0
2025-12-22,sh.603602,14.27,14.47,14.21,14.3,3364706,48306516.0,1.4562,0.4213,0,0
2025-12-23,sh.603602,14.31,14.38,14.17,14.19,3162829,45089606.0,1.3688,-0.7692,0,0
2025-12-24,sh.603602,14.18,14.35,14.07,14.33,2297677,32843976.81,0.9944,0.9866,0,0
2025-12-25,sh.603602,14.34,14.58,14.25,14.51,2829332,40933555.76,1.2245,1.2561,0,0
2025-12-26,sh.603602,14.46,14.56,14.31,14.38,3584485,51723878.8,1.5513,-0.8959,0,0
2025-12-29,sh.603602,14.48,14.48,14.32,14.38,3324900,47806669.18,1.439,0.0,0,0
2025-12-30,sh.603602,14.26,14.49,14.18,14.27,4189766,59982905.16,1.8133,-0.765,0,0
2025-12-31,sh.603602,14.27,14.71,14.24,14.56,6857937,99736318.36,2.9681,2.0322,0,0
2026-01-05,sh.603602,14.58,14.75,14.51,14.72,5123463,75180139.25,2.2174,1.0989,0,0
2026-01-06,sh.603602,14.72,14.8,14.65,14.72,4125946,60684761.05,1.7857,0.0,0,0
2026-01-07,sh.603602,14.73,14.75,14.56,14.63,3669520,53772529.26,1.5881,-0.6114,0,0
2026-01-08,sh.603602,14.58,14.85,14.58,14.82,4247023,62754671.94,1.8381,1.2987,0,0
2026-01-09,sh.603602,14.87,14.99,14.76,14.97,5529528,82238324.3,2.3931,1.0121,0,0
2026-01-12,sh.603602,15.1,16.47,15.08,16.47,38921466,626245927.15,16.8449,10.02,1,0
2026-01-13,sh.603602,16.4,16.78,15.71,16.54,36400663,590964105.04,15.7539,0.425,0,0
2026-01-14,sh.603602,16.84,17.75,16.67,17.33,50077043,863990200.85,21.673,4.7763,0,0
2026-01-15,sh.603602,17.16,17.16,16.29,16.39,27193587,450781939.29,11.7692,-5.4241,0,0
2026-01-16,sh.603602,16.18,16.65,15.63,15.79,19552513,311269827.05,8.4622,-3.6608,0,0
2026-01-19,sh.603602,15.7,15.87,15.39,15.66,12544888,196356634.24,5.4293,-0.8233,0,0
2026-01-20,sh.603602,15.74,15.93,15.51,15.85,11947124,188159218.21,5.1706,1.2133,0,0
2026-01-21,sh.603602,15.86,16.34,15.86,16.28,17615652,284722706.65,7.6239,2.7129,0,0
2026-01-22,sh.603602,16.12,16.2,15.9,16.2,11305978,181329037.16,4.8931,-0.4914,0,0
2026-01-23,sh.603602,16.13,16.23,16.04,16.16,10655642,171870269.84,4.6117,-0.2469,0,0
2026-01-26,sh.603602,16.16,16.16,15.51,15.67,10821045,169901707.34,4.6833,-3.0322,0,0
2026-01-27,sh.603602,15.68,15.92,15.4,15.91,8995106,141245558.42,3.893,1.5316,0,0
2026-01-28,sh.603602,15.91,15.91,15.35,15.39,8770660,136723013.25,3.7959,-3.2684,0,0
2026-01-29,sh.603602,15.23,15.65,15.02,15.24,9432253,144651967.88,4.0822,-0.9747,0,0
2026-01-30,sh.603602,15.27,15.5,15.1,15.4,7721516,118473569.28,3.3418,1.0499,0,0
2026-02-02,sh.603602,14.32,14.47,13.86,13.86,14707463,206168493.62,6.3653,-10.0,0,1
2026-02-03,sh.603602,13.71,14.04,13.5,13.98,13384834,184444295.61,5.7929,0.8658,0,0
2026-02-04,sh.603602,14.18,14.24,13.95,14.07,7191616,101199406.65,3.1125,0.6438,0,0
2026-02-05,sh.603602,14.02,15.36,13.94,14.51,14581057,213626986.64,6.3106,3.1272,0,0
2026-02-06,sh.603602,14.3,14.7,14.16,14.52,9092191,131721996.97,3.935,0.0689,0,0
2026-02-09,sh.603602,14.79,15.76,14.64,15.45,16123008,245490859.6,6.9779,6.405,0,0
2026-02-10,sh.603602,15.3,15.63,15.3,15.45,10008314,154992060.11,4.3315,0.0,0,0
2026-02-11,sh.603602,15.82,16.66,15.45,15.45,15477333,246404243.33,6.6985,0.0,0,0
2026-02-12,sh.603602,15.89,15.89,15.09,15.48,11471970,176935281.56,4.965,0.1942,0,0
2026-02-13,sh.603602,15.4,15.99,15.35,15.5,9089905,143002430.32,3.934,0.1292,0,0
2026-02-24,sh.603602,15.61,15.69,15.13,15.21,7529422,115050399.65,3.2587,-1.871,0,0
2026-02-25,sh.603602,15.21,15.25,14.89,14.9,7655541,115106009.3,3.3133,-2.0381,0,0
2026-02-26,sh.603602,14.96,15.04,14.8,14.98,6630862,99034856.52,2.8698,0.5369,0,0
2026-02-27,sh.603602,14.95,15.07,14.85,14.97,4839730,72341139.2,2.0946,-0.0668,0,0
2026-03-02,sh.603602,14.71,14.95,14.38,14.43,7238285,105317366.31,3.1327,-3.6072,0,0
2026-03-03,sh.603602,14.59,14.62,13.7,13.72,8043253,113541210.06,3.4811,-4.9203,0,0
2026-03-04,sh.603602,13.48,13.97,13.46,13.72,6396497,87650281.68,2.7684,0.0,0,0
2026-03-05,sh.603602,13.88,14.13,13.81,13.92,4867835,67938933.07,2.1068,1.4577,0,0
2026-03-06,sh.603602,13.85,14.12,13.83,14.12,4162730,58434758.7,1.8016,1.4368,0,0
2026-03-09,sh.603602,13.9,14.22,13.71,14.15,5048132,70365787.36,2.1848,0.2125,0,0
2026-03-10,sh.603602,14.25,14.55,14.23,14.33,3798193,54460214.19,1.6438,1.2721,0,0
2026-03-11,sh.603602,14.38,14.46,14.04,14.07,4492516,63843849.4,1.9443,-1.8144,0,0
2026-03-12,sh.603602,14.0,14.25,13.88,14.05,3301534,46451374.92,1.4289,-0.1421,0,0
2026-03-13,sh.603602,14.01,14.05,13.7,13.74,3800410,52735653.4,1.6448,-2.2064,0,0
2026-03-16,sh.603602,13.67,13.92,13.67,13.92,3238923,44726375.63,1.4018,1.31,0,0
2026-03-17,sh.603602,13.92,13.99,13.6,13.62,3647704,50186858.84,1.5787,-2.1552,0,0
2026-03-18,sh.603602,13.62,14.0,13.56,13.99,4449375,61401150.9,1.9257,2.7166,0,0
2026-03-19,sh.603602,13.82,13.95,13.65,13.77,3481614,47977947.46,1.5068,-1.5726,0,0
2026-03-20,sh.603602,13.79,13.88,13.21,13.23,4943836,66525593.88,2.1397,-3.9216,0,0
2026-03-23,sh.603602,12.88,13.09,12.28,12.44,7032404,89062368.56,3.0436,-5.9713,0,0
2026-03-24,sh.603602,12.65,12.87,12.44,12.84,5018602,63460799.3,2.172,3.2154,0,0
2026-03-25,sh.603602,12.91,13.26,12.91,13.25,3905493,51404658.27,1.6903,3.1931,0,0
2026-03-26,sh.603602,13.26,13.29,12.87,12.95,2689052,35100909.64,1.1638,-2.2642,0,0
2026-03-27,sh.603602,12.71,13.15,12.7,13.08,2097300,27289727.0,0.9077,1.0039,0,0
2026-03-30,sh.603602,12.91,13.21,12.86,13.18,2647906,34661000.66,1.146,0.7645,0,0
2026-03-31,sh.603602,13.12,13.33,12.95,12.97,2736752,36003721.92,1.1844,-1.5933,0,0
2026-04-01,sh.603602,13.2,13.3,12.91,13.08,3340100,43624119.0,1.4456,0.8481,0,0
2026-04-02,sh.603602,13.05,13.12,12.81,12.87,2873000,37162538.0,1.2434,-1.6055,0,0
2026-04-03,sh.603602,12.95,12.98,12.46,12.5,2497930,31468928.81,1.0811,-2.8749,0,0
2026-04-07,sh.603602,12.5,13.24,12.46,12.85,5184049,66960964.33,2.2436,2.8,0,0
2026-04-08,sh.603602,13.2,13.39,12.88,13.37,4412960,58507513.1,1.9099,4.0467,0,0
2026-04-09,sh.603602,13.26,13.48,13.03,13.11,3184500,41951299.0,1.3782,-1.9447,0,0
2026-04-10,sh.603602,13.3,13.32,13.1,13.17,3016416,39856666.4,1.3055,0.4577,0,0
2026-04-13,sh.603602,13.14,13.25,13.03,13.19,2243852,29507130.64,0.9711,0.1519,0,0
2026-04-14,sh.603602,13.22,13.51,13.1,13.19,2424358,32010717.34,1.0492,0.0,0,0
2026-04-15,sh.603602,13.21,13.27,13.0,13.02,2634000,34560136.0,1.14,-1.2889,0,0
2026-04-16,sh.603602,13.07,13.44,13.01,13.39,4615630,61312494.0,1.9976,2.8418,0,0
2026-04-17,sh.603602,13.35,13.45,13.2,13.32,2665248,35425415.84,1.1535,-0.5228,0,0
2026-04-20,sh.603602,13.39,13.4,13.28,13.37,2164888,28905817.74,0.9369,0.3754,0,0
2026-04-21,sh.603602,13.44,13.45,13.13,13.26,2390710,31588722.8,1.0347,-0.8227,0,0
2026-04-22,sh.603602,13.28,13.55,13.26,13.44,4355766,58348137.7,1.8851,1.3575,0,0
2026-04-23,sh.603602,13.41,13.48,12.98,13.03,4397704,57930306.84,1.9033,-3.0506,0,0
2026-04-24,sh.603602,12.88,13.06,12.63,12.96,3211528,41205481.44,1.3899,-0.5372,0,0
2026-04-27,sh.603602,12.88,13.2,12.72,13.2,3473939,45243158.11,1.5035,1.8519,0,0
2026-04-28,sh.603602,12.84,12.87,12.3,12.59,9066097,113863357.43,3.9237,-4.6212,0,0
2026-04-29,sh.603602,12.41,13.09,12.41,12.95,7360536,94967727.46,3.1856,2.8594,0,0
2026-04-30,sh.603602,13.2,13.37,13.13,13.18,5775880,76446611.64,2.4998,1.7761,0,0
2026-05-06,sh.603602,13.25,13.42,13.23,13.37,6277751,83727069.92,2.717,1.4416,0,0
2026-05-07,sh.603602,13.35,13.59,13.3,13.55,5355769,72113515.25,2.3179,1.3463,0,0
2026-05-08,sh.603602,13.5,13.65,13.44,13.61,4025008,54647309.92,1.742,0.4428,0,0
2026-05-11,sh.603602,13.7,13.7,13.46,13.67,5102510,69333802.75,2.2083,0.4409,0,0
2026-05-12,sh.603602,13.65,13.78,13.43,13.68,6112894,83168843.58,2.6456,0.0732,0,0
2026-05-13,sh.603602,13.65,14.41,13.49,14.28,10605995,149287257.69,4.5902,4.386,0,0
2026-05-14,sh.603602,14.28,14.35,13.67,13.67,7605890,105989333.91,3.2918,-4.2717,0,0
2026-05-15,sh.603602,13.66,14.08,13.62,13.73,5447720,75358080.69,2.3577,0.4389,0,0
2026-05-18,sh.603602,13.99,13.99,13.57,13.84,5412053,74145945.52,2.3423,0.8012,0,0
2026-05-19,sh.603602,13.78,14.38,13.76,14.1,6779899,95330509.75,2.9343,1.8786,0,0
2026-05-20,sh.603602,13.85,14.11,13.69,13.9,5813653,80665071.32,2.5161,-1.4184,0,0
2026-05-21,sh.603602,13.95,14.33,13.57,13.58,13753353,193613067.36,5.9524,-2.3022,0,0
2026-05-22,sh.603602,13.54,13.99,13.47,13.89,5220047,71619449.17,2.2592,2.2828,0,0
2026-05-25,sh.603602,13.95,14.0,13.62,13.81,4614755,63703035.65,1.9972,-0.576,0,0
2026-05-26,sh.603602,13.59,13.96,13.56,13.89,5095345,70270422.11,2.2052,0.5793,0,0
2026-05-27,sh.603602,13.75,13.92,13.32,13.52,5448877,73939705.33,2.3582,-2.6638,0,0
2026-05-28,sh.603602,13.51,13.82,13.15,13.67,6760011,91010726.62,2.9257,1.1095,0,0
2026-05-29,sh.603602,13.75,13.98,12.78,12.93,6720046,88659517.77,2.9084,-5.4133,0,0
2026-06-01,sh.603602,12.87,13.82,12.82,13.39,5861134,78579396.4,2.5367,3.5576,0,0
2026-06-02,sh.603602,13.35,13.78,12.92,13.56,6156139,82519310.79,2.6643,1.2696,0,0
2026-06-03,sh.603602,13.31,13.91,13.28,13.53,7385452,100550006.12,3.1964,-0.2212,0,0
2026-06-04,sh.603602,13.47,13.53,13.12,13.32,4398135,58487623.51,1.9035,-1.5521,0,0
2026-06-05,sh.603602,13.31,13.46,12.94,13.24,5189699,68618380.91,2.2461,-0.6006,0,0
2026-06-08,sh.603602,12.97,13.31,12.7,13.0,5149487,66842450.52,2.2287,-1.8127,0,0
2026-06-09,sh.603602,13.19,13.89,12.83,13.54,7950447,106991232.76,3.4409,4.1538,0,0
2026-06-10,sh.603602,13.41,13.8,13.18,13.3,5953822,80026808.06,2.5768,-1.7725,0,0
2026-06-11,sh.603602,13.15,13.39,12.52,12.74,7570111,96565583.47,3.2763,-4.2105,0,0
2026-06-12,sh.603602,12.88,13.24,12.59,12.72,6267500,80917578.0,2.7125,-0.157,0,0
2026-06-15,sh.603602,12.88,13.04,12.61,12.7,5221468,66720597.8,2.2598,-0.1572,0,0
2026-06-16,sh.603602,12.66,12.97,12.33,12.88,5172993,65797643.8,2.2388,1.4173,0,0
2026-06-17,sh.603602,12.8,12.97,12.69,12.89,3782813,48510109.06,1.6372,0.0776,0,0
2026-06-18,sh.603602,12.8,13.62,12.76,13.22,9047520,120361793.96,3.9157,2.5601,0,0
2026-06-22,sh.603602,13.21,13.3,12.47,12.92,8549650,109899175.7,3.7002,-2.2693,0,0
2026-06-23,sh.603602,12.92,13.07,12.58,12.62,4321085,55290907.15,1.8701,-2.322,0,0
2026-06-24,sh.603602,12.59,12.63,12.09,12.31,6753382,83110746.98,2.9228,-2.4564,0,0
2026-06-25,sh.603602,12.3,12.3,11.2,11.5,9274798,107899468.47,4.0141,-6.58,0,0
2026-06-26,sh.603602,11.41,11.68,11.21,11.38,5324430,60886425.7,2.3044,-1.0435,0,0
