date,code,open,high,low,close,volume,amount,turnover,pct_change,is_limit_up,is_limit_down
2019-07-01,sh.600882,11.37,11.75,11.37,11.6,2104795.0,24450092.0,0.518415,2.292771,0,0
2019-07-02,sh.600882,11.62,12.1,11.6,11.73,5088697.0,60412531.0,1.253355,1.120682,0,0
2019-07-03,sh.600882,11.74,11.87,11.55,11.6,2243759.0,26255292.0,0.552642,-1.108262,0,0
2019-07-04,sh.600882,11.58,11.77,11.3,11.35,2547914.0,29195200.0,0.627556,-2.155172,0,0
2019-07-05,sh.600882,11.54,11.56,11.23,11.38,2402446.0,27386029.0,0.591727,0.264315,0,0
2019-07-08,sh.600882,11.4,12.0,11.22,11.24,6757119.0,78720641.0,1.66429,-1.230232,0,0
2019-07-09,sh.600882,11.26,11.66,11.02,11.32,3224561.0,36604225.0,0.794215,0.711743,0,0
2019-07-10,sh.600882,11.32,11.39,11.11,11.14,1936441.0,21673662.0,0.476949,-1.5901,0,0
2019-07-11,sh.600882,11.12,11.28,10.85,10.94,2572210.0,28348579.0,0.63354,-1.795339,0,0
2019-07-12,sh.600882,10.95,11.09,10.95,11.02,984700.0,10853345.0,0.242533,0.73127,0,0
2019-07-15,sh.600882,11.1,11.1,10.81,10.95,1892017.0,20666161.0,0.466007,-0.635215,0,0
2019-07-16,sh.600882,11.02,11.12,10.8,10.98,1130701.0,12429793.0,0.278494,0.27397,0,0
2019-07-17,sh.600882,11.0,11.03,10.81,10.99,834503.0,9125023.0,0.20554,0.091077,0,0
2019-07-18,sh.600882,11.1,11.43,10.67,10.72,2845676.0,31264829.0,0.700895,-2.456774,0,0
2019-07-19,sh.600882,10.63,10.95,10.6,10.89,1680259.0,18203034.0,0.413851,1.585822,0,0
2019-07-22,sh.600882,10.77,10.88,10.68,10.75,1218867.0,13131805.0,0.300209,-1.285586,0,0
2019-07-23,sh.600882,10.82,10.83,10.31,10.52,2068327.0,21715505.0,0.509433,-2.139531,0,0
2019-07-24,sh.600882,10.61,11.18,10.53,11.13,3093997.0,33848443.0,0.762057,5.798475,0,0
2019-07-25,sh.600882,11.06,11.18,10.9,11.06,1721760.0,18941729.0,0.424073,-0.628928,0,0
2019-07-26,sh.600882,11.18,12.17,11.1,12.17,6148527.0,71544685.0,1.5144,10.0362,1,0
2019-07-29,sh.600882,12.18,12.82,12.18,12.46,7769467.0,97026156.0,1.913633,2.382908,0,0
2019-07-30,sh.600882,12.56,12.56,12.02,12.23,4659215.0,56773145.0,1.1476,-1.8459,0,0
2019-07-31,sh.600882,12.18,12.18,11.8,11.85,3360157.0,40018385.0,0.8276,-3.1071,0,0
2019-08-01,sh.600882,11.89,12.5,11.76,12.24,4876322.0,59510410.0,1.201,3.2911,0,0
2019-08-02,sh.600882,12.02,12.45,11.75,12.33,4249611.0,51331824.0,1.0467,0.7353,0,0
2019-08-05,sh.600882,12.33,12.34,11.81,11.81,3535300.0,42319983.0,0.8708,-4.2174,0,0
2019-08-06,sh.600882,11.64,12.2,11.32,12.13,5187858.0,61041746.0,1.2778,2.7096,0,0
2019-08-07,sh.600882,12.11,12.19,11.91,11.94,2535094.0,30493556.0,0.6244,-1.5664,0,0
2019-08-08,sh.600882,12.09,12.13,11.83,12.04,1586729.0,19024065.0,0.3908,0.8375,0,0
2019-08-09,sh.600882,12.05,12.11,11.87,11.92,1904711.0,22829970.0,0.4691,-0.9967,0,0
2019-08-12,sh.600882,11.92,12.79,11.92,12.61,4599913.0,57085586.0,1.133,5.7886,0,0
2019-08-13,sh.600882,12.6,12.6,12.25,12.4,2436960.0,30132622.0,0.6002,-1.6653,0,0
2019-08-14,sh.600882,12.47,12.74,12.38,12.53,2921547.0,36606878.0,0.7196,1.0484,0,0
2019-08-15,sh.600882,12.44,13.78,12.4,13.78,11401179.0,152142541.0,2.8081,9.9761,1,0
2019-08-16,sh.600882,13.8,14.24,13.5,14.03,9186619.0,127302830.0,2.2627,1.8142,0,0
2019-08-19,sh.600882,13.98,14.23,13.79,14.1,6117912.0,85424750.0,1.5069,0.4989,0,0
2019-08-20,sh.600882,14.0,15.0,13.78,14.44,6396746.0,91258885.0,1.5755,2.4113,0,0
2019-08-21,sh.600882,14.36,14.36,14.03,14.15,3228378.0,45748781.0,0.7952,-2.0083,0,0
2019-08-22,sh.600882,14.06,14.2,13.8,14.1,2667463.0,37247372.0,0.657,-0.3534,0,0
2019-08-23,sh.600882,14.15,14.28,13.88,13.9,3149901.0,44354172.0,0.7758,-1.4184,0,0
2019-08-26,sh.600882,13.6,14.58,13.5,14.18,5562267.0,78119019.0,1.37,2.0144,0,0
2019-08-27,sh.600882,14.1,14.99,14.01,14.64,5530456.0,79969799.0,1.3622,3.244,0,0
2019-08-28,sh.600882,14.63,14.9,14.3,14.75,3865959.0,56334633.0,0.9522,0.7514,0,0
2019-08-29,sh.600882,14.75,14.86,14.4,14.5,3697013.0,53812864.0,0.9106,-1.6949,0,0
2019-08-30,sh.600882,14.39,15.0,14.33,14.56,4406077.0,64739796.0,1.0852,0.4138,0,0
2019-09-02,sh.600882,14.54,14.95,14.54,14.87,3312040.0,48866202.0,0.8158,2.1291,0,0
2019-09-03,sh.600882,14.87,15.72,14.62,15.58,6049571.0,92735976.0,1.49,4.7747,0,0
2019-09-04,sh.600882,15.8,15.8,15.16,15.28,3273573.0,50272774.0,0.8063,-1.9255,0,0
2019-09-05,sh.600882,15.36,15.46,15.0,15.45,3559257.0,54252079.0,0.8767,1.1126,0,0
2019-09-06,sh.600882,15.35,15.5,15.01,15.15,2616767.0,39705476.0,0.6445,-1.9417,0,0
2019-09-09,sh.600882,15.26,15.41,15.09,15.3,1852300.0,28265953.0,0.4562,0.9901,0,0
2019-09-10,sh.600882,15.38,15.85,14.62,15.78,5557140.0,84836630.0,1.3687,3.1373,0,0
2019-09-11,sh.600882,15.68,15.75,15.27,15.27,3085000.0,47652036.0,0.7598,-3.2319,0,0
2019-09-12,sh.600882,15.34,15.45,15.0,15.3,2141751.0,32788015.0,0.5275,0.1965,0,0
2019-09-16,sh.600882,14.5,15.18,14.13,14.5,8950609.0,130026066.0,2.2046,-5.2288,0,0
2019-09-17,sh.600882,14.49,14.59,13.8,13.86,5075913.0,71764866.0,1.2502,-4.4138,0,0
2019-09-18,sh.600882,13.97,15.2,13.97,14.5,10697236.0,156538507.0,2.6347,4.6176,0,0
2019-09-19,sh.600882,14.88,14.88,14.06,14.2,6478479.0,92250404.0,1.5957,-2.069,0,0
2019-09-20,sh.600882,14.3,14.44,14.0,14.0,3935910.0,55905553.0,0.9694,-1.4084,0,0
2019-09-23,sh.600882,14.12,14.39,14.0,14.17,3414221.0,48349170.0,0.8409,1.2143,0,0
2019-09-24,sh.600882,13.89,14.3,13.85,14.27,2132110.0,30212311.0,0.5251,0.7057,0,0
2019-09-25,sh.600882,14.19,14.59,14.1,14.43,3588261.0,51598221.0,0.8838,1.1212,0,0
2019-09-26,sh.600882,14.4,15.63,14.4,15.27,7691858.0,117529183.0,1.8945,5.8212,0,0
2019-09-27,sh.600882,15.26,15.73,14.96,15.3,3261464.0,49563420.0,0.8033,0.1965,0,0
2019-09-30,sh.600882,15.26,15.55,15.1,15.46,3827590.0,59103543.0,0.9427,1.0458,0,0
2019-10-08,sh.600882,15.42,15.77,15.22,15.32,2798364.0,43307160.0,0.6892,-0.9056,0,0
2019-10-09,sh.600882,15.18,15.44,15.0,15.35,3159865.0,48341257.0,0.7783,0.1958,0,0
2019-10-10,sh.600882,15.53,15.57,14.95,15.13,4845538.0,73266962.0,1.1935,-1.4332,0,0
2019-10-11,sh.600882,15.13,15.75,15.12,15.18,3610967.0,55501768.0,0.8894,0.3305,0,0
2019-10-14,sh.600882,15.19,15.3,14.93,15.04,3563994.0,53717033.0,0.8778,-0.9223,0,0
2019-10-15,sh.600882,15.13,15.13,14.63,15.04,3697805.0,55005993.0,0.9108,0.0,0,0
2019-10-16,sh.600882,14.99,14.99,14.45,14.77,4302713.0,63161327.0,1.0598,-1.7952,0,0
2019-10-17,sh.600882,14.7,14.96,14.6,14.88,2005898.0,29751649.0,0.4941,0.7448,0,0
2019-10-18,sh.600882,14.79,15.08,14.58,14.65,2666451.0,39359256.0,0.6568,-1.5457,0,0
2019-10-21,sh.600882,14.83,14.83,13.82,14.14,4260028.0,60009273.0,1.0493,-3.4812,0,0
2019-10-22,sh.600882,14.08,14.82,14.05,14.65,4640033.0,67512722.0,1.1428,3.6068,0,0
2019-10-23,sh.600882,14.65,14.78,14.38,14.54,2351499.0,34148974.0,0.5792,-0.7509,0,0
2019-10-24,sh.600882,14.6,14.6,14.1,14.27,1896169.0,26948795.0,0.467,-1.8569,0,0
2019-10-25,sh.600882,14.27,14.27,13.93,14.12,2215700.0,31202787.0,0.5457,-1.0512,0,0
2019-10-28,sh.600882,14.12,14.35,14.0,14.15,2517687.0,35592714.0,0.6201,0.2125,0,0
2019-10-29,sh.600882,14.1,14.41,14.07,14.16,2662936.0,37808699.0,0.6559,0.0707,0,0
2019-10-30,sh.600882,14.33,14.35,13.41,13.73,3816828.0,52495941.0,0.9401,-3.0367,0,0
2019-10-31,sh.600882,13.89,13.98,13.53,13.57,1934380.0,26557688.0,0.4764,-1.1653,0,0
2019-11-01,sh.600882,13.69,13.7,12.63,13.04,7288250.0,94783169.0,1.7951,-3.9057,0,0
2019-11-04,sh.600882,13.07,13.99,13.01,13.6,7473558.0,101555029.0,1.8408,4.2945,0,0
2019-11-05,sh.600882,13.36,13.77,13.17,13.37,4004886.0,53747241.0,0.9864,-1.6912,0,0
2019-11-06,sh.600882,13.17,13.85,13.17,13.61,2819493.0,38424971.0,0.6944,1.7951,0,0
2019-11-07,sh.600882,13.68,13.74,13.35,13.61,2152756.0,29281271.0,0.5302,0.0,0,0
2019-11-08,sh.600882,13.61,14.25,13.56,13.99,3550780.0,49597915.0,0.8746,2.7921,0,0
2019-11-11,sh.600882,13.87,13.96,13.5,13.6,2766014.0,37928652.0,0.6813,-2.7877,0,0
2019-11-12,sh.600882,13.86,13.86,13.43,13.51,1394052.0,18882368.0,0.3434,-0.6618,0,0
2019-11-13,sh.600882,13.6,13.94,13.45,13.45,2590785.0,35321393.0,0.6381,-0.4441,0,0
2019-11-14,sh.600882,13.4,13.88,13.39,13.76,2906704.0,39878411.0,0.7159,2.3048,0,0
2019-11-15,sh.600882,13.72,14.03,13.72,13.77,1771100.0,24525973.0,0.4362,0.0727,0,0
2019-11-18,sh.600882,13.8,14.18,13.48,14.05,2193968.0,30494450.0,0.5404,2.0334,0,0
2019-11-19,sh.600882,14.13,14.18,13.8,13.92,2722560.0,37983241.0,0.6706,-0.9253,0,0
2019-11-20,sh.600882,13.94,14.07,13.75,13.83,1562889.0,21718561.0,0.3849,-0.6466,0,0
2019-11-21,sh.600882,13.73,13.93,13.62,13.87,1186586.0,16384149.0,0.2923,0.2892,0,0
2019-11-22,sh.600882,13.9,14.03,13.76,13.86,1835542.0,25561742.0,0.4521,-0.0721,0,0
2019-11-25,sh.600882,13.82,13.88,13.61,13.84,1348129.0,18494522.0,0.332,-0.1443,0,0
2019-11-26,sh.600882,13.8,13.93,13.61,13.89,900904.0,12463455.0,0.2219,0.3613,0,0
2019-11-27,sh.600882,13.76,13.85,13.3,13.3,2153012.0,29157560.0,0.5303,-4.2477,0,0
2019-11-28,sh.600882,13.3,13.62,13.01,13.54,2251148.0,30148445.0,0.5545,1.8045,0,0
2019-11-29,sh.600882,13.43,13.5,12.98,13.26,1598200.0,21029397.0,0.3936,-2.0679,0,0
2019-12-02,sh.600882,13.18,13.27,13.07,13.23,1058800.0,13950113.0,0.2608,-0.2262,0,0
2019-12-03,sh.600882,13.2,13.2,13.0,13.02,1141857.0,14915797.0,0.2812,-1.5873,0,0
2019-12-04,sh.600882,13.01,13.01,12.67,12.92,1966401.0,25168810.0,0.4843,-0.7681,0,0
2019-12-05,sh.600882,12.85,13.12,12.84,13.09,1081492.0,14045448.0,0.2664,1.3158,0,0
2019-12-06,sh.600882,13.3,13.62,12.9,13.6,2514552.0,33425048.0,0.6193,3.8961,0,0
2019-12-09,sh.600882,13.59,13.8,13.44,13.56,1717586.0,23363898.0,0.423,-0.2941,0,0
2019-12-10,sh.600882,13.41,13.7,13.37,13.59,1764173.0,23874741.0,0.4345,0.2212,0,0
2019-12-11,sh.600882,13.5,13.64,13.27,13.5,1494609.0,20128229.0,0.3681,-0.6623,0,0
2019-12-12,sh.600882,13.5,13.53,13.34,13.4,988554.0,13260509.0,0.2435,-0.7407,0,0
2019-12-13,sh.600882,13.35,14.1,13.35,13.86,4756581.0,66125037.0,1.1716,3.4328,0,0
2019-12-16,sh.600882,13.85,14.23,13.8,13.85,2894050.0,40399819.0,0.7128,-0.0721,0,0
2019-12-17,sh.600882,13.99,13.99,13.62,13.68,2368999.0,32576296.0,0.5835,-1.2274,0,0
2019-12-18,sh.600882,13.64,13.9,13.4,13.52,2060610.0,27894300.0,0.5075,-1.1696,0,0
2019-12-19,sh.600882,13.58,13.61,13.39,13.55,1100148.0,14838920.0,0.271,0.2219,0,0
2019-12-20,sh.600882,13.55,13.55,13.11,13.3,1875808.0,24909265.0,0.462,-1.845,0,0
2019-12-23,sh.600882,13.1,13.28,12.1,13.14,3505560.0,45089888.0,0.8634,-1.203,0,0
2019-12-24,sh.600882,13.08,13.29,12.81,12.83,3368508.0,43692146.0,0.8297,-2.3592,0,0
2019-12-25,sh.600882,12.87,12.96,12.66,12.88,2757957.0,35361639.0,0.6793,0.3897,0,0
2019-12-26,sh.600882,12.86,13.21,12.71,13.21,3706472.0,48085584.0,0.9129,2.5621,0,0
2019-12-27,sh.600882,13.22,14.53,13.17,14.25,8535430.0,120774837.0,2.1023,7.8728,0,0
2019-12-30,sh.600882,14.33,14.52,14.0,14.4,3643685.0,52270566.0,0.8974,1.0526,0,0
2019-12-31,sh.600882,14.36,14.82,14.2,14.58,3570311.0,51855051.0,0.8794,1.25,0,0
2020-01-02,sh.600882,14.6,14.9,14.41,14.58,4084700.0,59988498.0,1.0061,0.0,0,0
2020-01-03,sh.600882,14.75,15.0,14.6,14.9,5490120.0,81308670.0,1.3522,2.1948,0,0
2020-01-06,sh.600882,14.91,14.98,13.83,14.76,7227213.0,105111101.0,1.7801,-0.9396,0,0
2020-01-07,sh.600882,15.99,16.24,15.78,16.24,5571136.0,89523549.0,1.3722,10.0271,1,0
2020-01-08,sh.600882,17.0,17.7,15.99,16.3,18576605.0,313952549.0,4.5755,0.3695,0,0
2020-01-09,sh.600882,16.68,17.9,16.32,17.25,12227583.0,210189795.0,3.0117,5.8282,0,0
2020-01-10,sh.600882,17.5,18.0,16.82,17.58,7488170.0,131250377.0,1.8443,1.913,0,0
2020-01-13,sh.600882,17.87,17.99,17.08,17.61,5975271.0,104796733.0,1.4717,0.1707,0,0
2020-01-14,sh.600882,17.3,17.96,17.3,17.92,5332557.0,94581768.0,1.3134,1.7604,0,0
2020-01-15,sh.600882,17.74,18.17,17.55,18.05,5018595.0,89690081.0,1.2361,0.7254,0,0
2020-01-16,sh.600882,17.65,19.85,17.65,19.45,8000861.0,151782689.0,1.9706,7.7562,0,0
2020-01-17,sh.600882,19.2,20.39,18.48,19.2,10244297.0,195775565.0,2.5232,-1.2853,0,0
2020-01-20,sh.600882,18.9,19.48,18.66,19.2,6557745.0,125337400.0,1.6152,0.0,0,0
2020-01-21,sh.600882,19.15,19.48,18.74,18.91,3358016.0,63761348.0,0.8271,-1.5104,0,0
2020-01-22,sh.600882,18.75,19.25,18.18,18.9,3556373.0,67110749.0,0.8759,-0.0529,0,0
2020-01-23,sh.600882,18.93,19.28,17.88,18.4,5544813.0,102312437.0,1.3657,-2.6455,0,0
2020-02-03,sh.600882,16.56,17.1,16.56,16.56,4850017.0,80712613.0,1.193,-10.0,0,1
2020-02-04,sh.600882,16.25,17.99,16.25,17.83,4779031.0,82980553.0,1.1755,7.6691,0,0
2020-02-05,sh.600882,18.15,18.7,17.35,17.62,5193854.0,92924858.0,1.2776,-1.1778,0,0
2020-02-06,sh.600882,17.6,17.99,17.06,17.78,4524597.0,79038016.0,1.1129,0.9081,0,0
2020-02-07,sh.600882,17.65,17.78,17.06,17.26,3647774.0,63002046.0,0.8973,-2.9246,0,0
2020-02-10,sh.600882,17.08,17.49,16.95,17.11,2595531.0,44413801.0,0.6384,-0.8691,0,0
2020-02-11,sh.600882,17.16,17.58,16.94,17.51,4020210.0,69451996.0,0.9889,2.3378,0,0
2020-02-12,sh.600882,17.45,18.54,17.34,17.88,4610898.0,82173477.0,1.1342,2.1131,0,0
2020-02-13,sh.600882,17.98,17.99,17.0,17.21,3775904.0,65174302.0,0.9288,-3.7472,0,0
2020-02-14,sh.600882,17.03,17.38,16.84,17.16,2603513.0,44392261.0,0.6404,-0.2905,0,0
2020-02-17,sh.600882,17.18,17.28,16.7,17.12,3230744.0,54749595.0,0.7947,-0.2331,0,0
2020-02-18,sh.600882,16.99,17.88,16.98,17.83,4980136.0,86684069.0,1.225,4.1472,0,0
2020-02-19,sh.600882,17.7,18.97,17.6,18.76,5874599.0,108758082.0,1.445,5.2159,0,0
2020-02-20,sh.600882,18.7,18.94,18.38,18.8,3661199.0,68332001.0,0.9006,0.2132,0,0
2020-02-21,sh.600882,18.85,19.26,18.52,18.73,3481769.0,65524320.0,0.8564,-0.3723,0,0
2020-02-24,sh.600882,18.72,18.73,17.73,17.76,5984240.0,107426173.0,1.472,-5.1789,0,0
2020-02-25,sh.600882,17.4,17.88,17.15,17.7,2636847.0,46112153.0,0.6486,-0.3378,0,0
2020-02-26,sh.600882,17.48,17.66,16.92,17.08,4454333.0,76349947.0,1.0957,-3.5028,0,0
2020-02-27,sh.600882,17.17,17.4,16.92,17.03,4101248.0,70221354.0,1.0088,-0.2927,0,0
2020-02-28,sh.600882,16.84,16.84,16.09,16.35,5201036.0,85279942.0,1.2793,-3.993,0,0
2020-03-02,sh.600882,16.5,17.0,16.43,16.76,3321171.0,55444195.0,0.8169,2.5076,0,0
2020-03-03,sh.600882,17.11,17.45,16.69,16.88,2694051.0,46081180.0,0.6627,0.716,0,0
2020-03-04,sh.600882,17.02,17.45,16.64,17.3,3878694.0,66835397.0,0.9541,2.4882,0,0
2020-03-05,sh.600882,17.4,19.03,17.33,19.02,12488101.0,234237327.0,3.0718,9.9422,1,0
2020-03-06,sh.600882,18.8,19.62,18.65,19.1,9826960.0,188647803.0,2.4172,0.4206,0,0
2020-03-09,sh.600882,18.74,19.63,18.7,19.0,6783390.0,130023234.0,1.6685,-0.5236,0,0
2020-03-10,sh.600882,18.56,20.9,18.28,20.16,13103607.0,262036210.0,3.2232,6.1053,0,0
2020-03-11,sh.600882,20.01,20.67,19.51,19.7,6744269.0,134695335.0,1.6589,-2.2817,0,0
2020-03-12,sh.600882,19.1,19.8,19.05,19.48,2713000.0,52699973.0,0.6673,-1.1168,0,0
2020-03-13,sh.600882,18.86,19.49,18.23,19.16,7043445.0,133738497.0,1.7325,-1.6427,0,0
2020-03-16,sh.600882,19.2,20.16,18.81,19.27,6948713.0,136087627.0,1.7092,0.5741,0,0
2020-03-17,sh.600882,19.4,19.8,18.1,19.28,4896929.0,91562061.0,1.2045,0.0519,0,0
2020-03-18,sh.600882,19.48,20.41,18.66,18.87,4475235.0,87951025.0,1.1008,-2.1266,0,0
2020-03-19,sh.600882,19.1,19.2,18.4,19.02,3964533.0,74824250.0,0.9752,0.7949,0,0
2020-03-20,sh.600882,19.22,19.79,19.0,19.49,3057900.0,58990116.0,0.7522,2.4711,0,0
2020-03-23,sh.600882,19.5,20.1,18.83,19.26,6124801.0,119390092.0,1.5066,-1.1801,0,0
2020-03-24,sh.600882,19.59,21.11,19.33,21.11,9774475.0,198742836.0,2.4043,9.6054,0,0
2020-03-25,sh.600882,21.91,22.69,21.31,22.37,14833874.0,326644440.0,3.6488,5.9687,0,0
2020-03-26,sh.600882,21.5,23.48,21.18,22.52,10987707.0,246833358.0,2.7027,0.6705,0,0
2020-03-27,sh.600882,22.57,23.0,21.8,22.6,7310295.0,164855544.0,1.7982,0.3552,0,0
2020-03-30,sh.600882,22.52,23.1,22.01,22.3,6245171.0,140424291.0,1.5362,-1.3274,0,0
2020-03-31,sh.600882,22.11,22.98,21.58,22.92,6330517.0,140981276.0,1.5572,2.7803,0,0
2020-04-01,sh.600882,22.9,23.4,22.15,22.5,6432702.0,145703941.0,1.5823,-1.8325,0,0
2020-04-02,sh.600882,22.2,22.99,22.18,22.52,3925927.0,88251120.0,0.9657,0.0889,0,0
2020-04-03,sh.600882,22.41,22.64,21.51,21.78,5926052.0,130166466.0,1.4577,-3.286,0,0
2020-04-07,sh.600882,21.82,22.44,21.3,22.42,10470013.0,229743440.0,2.5754,2.9385,0,0
2020-04-08,sh.600882,22.2,22.5,21.6,22.02,5291484.0,116462488.0,1.3016,-1.7841,0,0
2020-04-09,sh.600882,21.85,22.96,21.71,22.92,7834510.0,175977747.0,1.9271,4.0872,0,0
2020-04-10,sh.600882,22.66,23.59,22.47,23.59,7716006.0,178663835.0,1.8979,2.9232,0,0
2020-04-13,sh.600882,23.6,24.89,23.22,24.5,6231230.0,149869591.0,1.5327,3.8576,0,0
2020-04-14,sh.600882,24.4,25.0,24.02,24.6,4240345.0,104171474.0,1.043,0.4082,0,0
2020-04-15,sh.600882,24.39,25.29,24.0,25.0,3316230.0,81738936.0,0.8157,1.626,0,0
2020-04-16,sh.600882,24.5,25.33,24.5,25.32,3148726.0,78833963.0,0.7745,1.28,0,0
2020-04-17,sh.600882,25.4,25.47,23.6,24.89,5687347.0,139657615.0,1.3989,-1.6983,0,0
2020-04-20,sh.600882,24.74,24.83,24.1,24.6,2819413.0,69018796.0,0.6935,-1.1651,0,0
2020-04-21,sh.600882,24.54,24.98,24.22,24.65,2012600.0,49501381.0,0.4951,0.2032,0,0
2020-04-22,sh.600882,24.43,27.12,24.35,27.12,5024144.0,130497653.0,1.2358,10.0203,1,0
2020-04-23,sh.600882,27.0,27.6,26.1,26.37,4516946.0,121499901.0,1.1111,-2.7655,0,0
2020-04-24,sh.600882,26.63,26.63,25.05,25.25,4174607.0,107423706.0,1.0269,-4.2473,0,0
2020-04-27,sh.600882,25.14,25.47,24.37,24.98,3828924.0,95120569.0,0.9418,-1.0693,0,0
2020-04-28,sh.600882,25.18,26.1,24.01,25.67,3772486.0,95003387.0,0.9279,2.7622,0,0
2020-04-29,sh.600882,25.65,28.11,25.5,26.89,5711723.0,154321967.0,1.4049,4.7526,0,0
2020-04-30,sh.600882,27.1,27.17,25.58,26.86,4790393.0,125979114.0,1.1783,-0.1116,0,0
2020-05-06,sh.600882,27.0,29.0,26.25,28.36,5582018.0,155574326.0,1.373,5.5845,0,0
2020-05-07,sh.600882,28.11,29.85,28.11,28.62,4422548.0,128333974.0,1.0878,0.9168,0,0
2020-05-08,sh.600882,29.15,29.2,28.0,29.07,3540259.0,101345109.0,0.8708,1.5723,0,0
2020-05-11,sh.600882,28.8,29.43,28.55,29.18,2963342.0,86214646.0,0.7289,0.3784,0,0
2020-05-12,sh.600882,29.23,30.4,29.09,29.86,6780657.0,203164984.0,1.6679,2.3304,0,0
2020-05-13,sh.600882,30.08,32.28,29.5,32.2,14390390.0,451028583.0,3.5397,7.8366,0,0
2020-05-14,sh.600882,32.0,34.3,31.5,33.05,9558361.0,315294462.0,2.3511,2.6397,0,0
2020-05-15,sh.600882,33.05,34.29,32.31,33.9,7040775.0,236178951.0,1.7319,2.5719,0,0
2020-05-18,sh.600882,33.0,37.28,33.0,36.9,9188051.0,331279922.0,2.26,8.8496,0,0
2020-05-19,sh.600882,36.9,38.8,34.83,36.04,13693415.0,497334911.0,3.3682,-2.3306,0,0
2020-05-20,sh.600882,36.03,36.3,32.5,33.86,13556013.0,463740292.0,3.3344,-6.0488,0,0
2020-05-21,sh.600882,33.55,34.66,31.03,33.6,21070262.0,680351138.0,5.1828,-0.7679,0,0
2020-05-22,sh.600882,32.8,34.5,32.52,32.76,8521997.0,285469451.0,2.0962,-2.5,0,0
2020-05-25,sh.600882,32.27,34.88,32.18,34.41,9600798.0,327218854.0,2.3616,5.0366,0,0
2020-05-26,sh.600882,34.31,37.69,34.0,37.5,8404313.0,297473616.0,2.0673,8.9799,0,0
2020-05-27,sh.600882,37.4,39.1,35.37,36.33,9045365.0,338946830.0,2.2249,-3.12,0,0
2020-05-28,sh.600882,36.0,37.82,35.87,37.1,8601122.0,319291955.0,2.1157,2.1195,0,0
2020-05-29,sh.600882,37.46,39.18,37.35,38.95,13601245.0,527116959.0,3.3456,4.9865,0,0
2020-06-01,sh.600882,38.9,40.8,38.9,40.26,8863589.0,355625600.0,2.1683,3.3633,0,0
2020-06-02,sh.600882,39.8,40.9,36.95,37.9,13643093.0,520562875.0,3.3375,-5.8619,0,0
2020-06-03,sh.600882,37.3,37.89,35.96,37.46,9613398.0,352221716.0,2.3517,-1.161,0,0
2020-06-04,sh.600882,37.47,38.28,36.31,36.83,4982751.0,184897482.0,1.2189,-1.6818,0,0
2020-06-05,sh.600882,36.13,37.84,35.24,37.0,5930930.0,216009099.0,1.4509,0.4616,0,0
2020-06-08,sh.600882,37.0,37.0,34.5,34.67,7933729.0,279938064.0,1.9408,-6.2973,0,0
2020-06-09,sh.600882,34.65,35.98,33.7,35.42,6581270.0,231688133.0,1.61,2.1633,0,0
2020-06-10,sh.600882,34.51,36.14,34.51,35.85,4861060.0,172873734.0,1.1892,1.214,0,0
2020-06-11,sh.600882,35.5,36.48,34.95,36.11,4364947.0,156046602.0,1.0678,0.7253,0,0
2020-06-12,sh.600882,35.46,37.79,35.01,36.44,6283285.0,230197551.0,1.5371,0.9139,0,0
2020-06-15,sh.600882,36.4,37.26,35.75,36.83,5058033.0,184763466.0,1.2373,1.0703,0,0
2020-06-16,sh.600882,36.9,38.71,36.71,38.62,5716345.0,217089725.0,1.3984,4.8602,0,0
2020-06-17,sh.600882,38.85,39.0,37.55,38.96,4157851.0,159616072.0,1.0171,0.8804,0,0
2020-06-18,sh.600882,39.2,39.23,37.9,37.95,3224187.0,123228324.0,0.7887,-2.5924,0,0
2020-06-19,sh.600882,38.05,39.0,37.7,37.92,3100765.0,119134367.0,0.7585,-0.0791,0,0
2020-06-22,sh.600882,38.2,38.9,36.88,37.7,3711537.0,140247436.0,0.908,-0.5802,0,0
2020-06-23,sh.600882,37.74,38.47,37.05,38.01,4145938.0,156759129.0,1.0142,0.8223,0,0
2020-06-24,sh.600882,37.93,39.25,35.9,36.87,7410708.0,275962991.0,1.8129,-2.9992,0,0
2020-06-29,sh.600882,36.79,36.9,35.76,36.23,5615064.0,203568860.0,1.3736,-1.7358,0,0
2020-06-30,sh.600882,36.4,36.85,36.0,36.29,5381181.0,195733297.0,1.3164,0.1656,0,0
2020-07-01,sh.600882,36.27,37.71,35.05,35.43,7564490.0,273790080.0,1.8505,-2.3698,0,0
2020-07-02,sh.600882,35.7,36.25,34.82,35.5,6169414.0,218917121.0,1.5092,0.1976,0,0
2020-07-03,sh.600882,35.0,35.8,34.67,35.25,4528148.0,159285697.0,1.1077,-0.7042,0,0
2020-07-06,sh.600882,35.15,35.51,34.0,34.84,8337529.0,288180800.0,2.0396,-1.1631,0,0
2020-07-07,sh.600882,34.83,36.81,34.62,36.01,6649732.0,238370548.0,1.6267,3.3582,0,0
2020-07-08,sh.600882,36.01,38.78,35.98,38.69,9671304.0,367122171.0,2.3659,7.4424,0,0
2020-07-09,sh.600882,38.63,38.63,36.06,37.14,12350580.0,455596682.0,3.0213,-4.0062,0,0
2020-07-10,sh.600882,36.84,37.75,36.6,37.1,7276612.0,271060198.0,1.7801,-0.1077,0,0
2020-07-13,sh.600882,36.81,37.7,36.77,37.67,10105897.0,375686650.0,2.4722,1.5364,0,0
2020-07-14,sh.600882,37.6,38.2,36.11,36.91,7085425.0,262484339.0,1.7333,-2.0175,0,0
2020-07-15,sh.600882,37.37,39.25,37.1,37.7,12118141.0,463244828.0,2.9645,2.1403,0,0
2020-07-16,sh.600882,37.1,38.78,34.92,35.54,10327327.0,382443758.0,2.5264,-5.7294,0,0
2020-07-17,sh.600882,34.6,38.0,34.53,37.8,9317976.0,337898713.0,2.2795,6.359,0,0
2020-07-20,sh.600882,38.56,38.88,37.42,38.39,8911233.0,339494548.0,2.18,1.5608,0,0
2020-07-21,sh.600882,38.69,42.23,37.5,42.23,17519638.0,709185752.05,4.2858,10.0026,1,0
2020-07-22,sh.600882,42.24,43.0,40.45,40.95,13577750.0,563115588.24,3.3215,-3.031,0,0
2020-07-23,sh.600882,40.42,40.42,38.4,39.91,11677133.0,460535713.19,2.8566,-2.5397,0,0
2020-07-24,sh.600882,39.8,39.91,37.47,37.66,7321919.0,281640583.39,1.7912,-5.6377,0,0
2020-07-27,sh.600882,37.91,40.0,37.5,39.31,6617107.0,257583476.16,1.6187,4.3813,0,0
2020-07-28,sh.600882,39.31,43.24,38.76,43.1,11330890.0,475032536.0,2.7719,9.6413,0,0
2020-07-29,sh.600882,42.52,44.56,41.8,44.01,8330292.0,362040925.36,2.0378,2.1114,0,0
2020-07-30,sh.600882,43.9,45.06,43.13,43.73,5329560.0,235137807.35,1.3038,-0.6362,0,0
2020-07-31,sh.600882,43.5,43.98,41.41,42.41,6757504.0,288300076.41,1.6531,-3.0185,0,0
2020-08-03,sh.600882,42.5,46.65,42.16,46.65,10283003.0,466138528.87,2.5155,9.9976,1,0
2020-08-04,sh.600882,46.86,49.7,46.49,46.99,10438459.0,501197865.05,2.5536,0.7288,0,0
2020-08-05,sh.600882,47.47,49.0,46.68,47.2,6099468.0,290066986.91,1.4921,0.4469,0,0
2020-08-06,sh.600882,47.96,48.0,45.88,46.51,5142148.0,239017356.82,1.2579,-1.4619,0,0
2020-08-07,sh.600882,46.5,47.5,44.89,46.19,4828943.0,221790217.57,1.1813,-0.688,0,0
2020-08-10,sh.600882,45.52,46.99,44.1,44.71,9019762.0,410990800.22,2.2065,-3.2042,0,0
2020-08-11,sh.600882,45.0,45.3,42.68,42.94,5750965.0,254011172.03,1.4069,-3.9588,0,0
2020-08-12,sh.600882,43.0,43.3,40.28,42.38,6966126.0,288865134.55,1.7041,-1.3041,0,0
2020-08-13,sh.600882,42.01,42.31,41.31,41.73,3470590.0,145380708.1,0.849,-1.5337,0,0
2020-08-14,sh.600882,42.11,43.5,41.43,42.41,4003361.0,169475144.19,0.9793,1.6295,0,0
2020-08-17,sh.600882,43.0,43.58,41.8,42.76,4320300.0,184115606.38,1.0569,0.8253,0,0
2020-08-18,sh.600882,42.93,44.28,42.77,43.93,5416040.0,236392464.48,1.3249,2.7362,0,0
2020-08-19,sh.600882,45.0,45.8,43.49,43.79,6980208.0,312546243.14,1.7076,-0.3187,0,0
2020-08-20,sh.600882,43.35,44.08,41.01,41.78,5104978.0,215401432.92,1.2488,-4.5901,0,0
2020-08-21,sh.600882,41.8,45.0,41.5,44.1,10247010.0,449310289.01,2.5067,5.5529,0,0
2020-08-24,sh.600882,44.0,44.05,39.69,39.69,8378400.0,338135498.06,2.0496,-10.0,0,1
2020-08-25,sh.600882,38.7,41.88,37.6,40.8,25137094.0,982571862.67,6.1493,2.7967,0,0
2020-08-26,sh.600882,39.81,39.81,37.86,38.85,10657749.0,412062058.76,2.6072,-4.7794,0,0
2020-08-27,sh.600882,38.67,39.43,37.37,38.84,6009274.0,231674455.07,1.4701,-0.0257,0,0
2020-08-28,sh.600882,38.48,41.39,38.48,41.28,7308049.0,293549942.11,1.7878,6.2822,0,0
2020-08-31,sh.600882,40.91,45.01,40.85,43.9,11216971.0,490559670.94,2.744,6.3469,0,0
2020-09-01,sh.600882,42.85,44.49,42.85,43.08,4869031.0,210990211.43,1.1911,-1.8679,0,0
2020-09-02,sh.600882,43.47,43.58,40.91,41.01,6097565.0,256368190.25,1.4917,-4.805,0,0
2020-09-03,sh.600882,41.04,41.99,40.26,41.0,5388463.0,221018961.71,1.3182,-0.0244,0,0
2020-09-04,sh.600882,39.78,40.5,39.13,40.26,4283948.0,170812646.74,1.048,-1.8049,0,0
2020-09-07,sh.600882,40.25,40.5,38.55,38.83,3831566.0,150459091.26,0.9373,-3.5519,0,0
2020-09-08,sh.600882,38.63,39.2,37.8,38.5,2966187.0,113365600.23,0.7256,-0.8499,0,0
2020-09-09,sh.600882,38.01,38.6,36.5,36.71,4409762.0,164704372.92,1.0788,-4.6494,0,0
2020-09-10,sh.600882,37.15,37.56,36.01,36.19,3119802.0,114907048.43,0.7632,-1.4165,0,0
2020-09-11,sh.600882,36.18,38.74,35.5,38.46,5382036.0,202751420.5,1.3166,6.2725,0,0
2020-09-14,sh.600882,38.55,40.88,38.55,40.16,6936873.0,277184132.34,1.697,4.4202,0,0
2020-09-15,sh.600882,40.28,41.14,39.86,40.53,3391081.0,137633108.67,0.8296,0.9213,0,0
2020-09-16,sh.600882,39.92,41.3,39.92,40.66,4007025.0,162551879.94,0.9802,0.3208,0,0
2020-09-17,sh.600882,40.45,40.45,39.0,39.89,3139930.0,124829369.0,0.7681,-1.8938,0,0
2020-09-18,sh.600882,40.1,41.28,39.76,40.54,3686668.0,149841820.26,0.9019,1.6295,0,0
2020-09-21,sh.600882,40.48,40.49,39.23,39.84,2671908.0,106117473.04,0.6536,-1.7267,0,0
2020-09-22,sh.600882,39.98,41.1,38.65,39.29,3681685.0,145917577.69,0.9007,-1.3805,0,0
2020-09-23,sh.600882,39.42,39.97,38.86,39.9,1895464.0,74624305.52,0.4637,1.5526,0,0
2020-09-24,sh.600882,39.9,40.82,38.98,39.0,3098120.0,123546695.74,0.7579,-2.2556,0,0
2020-09-25,sh.600882,39.19,39.69,38.3,39.18,2151122.0,83778940.57,0.5262,0.4615,0,0
2020-09-28,sh.600882,39.0,39.53,38.31,38.73,1471597.0,57188849.14,0.36,-1.1485,0,0
2020-09-29,sh.600882,38.47,40.2,38.47,39.74,2142913.0,84680908.7,0.5242,2.6078,0,0
2020-09-30,sh.600882,39.75,42.25,39.54,41.57,4781574.0,198061654.2,1.1697,4.6049,0,0
2020-10-09,sh.600882,42.33,42.33,40.62,40.9,4704501.0,194032278.1,1.1509,-1.6117,0,0
2020-10-12,sh.600882,41.0,41.56,40.2,41.52,5203330.0,212043188.7,1.2729,1.5159,0,0
2020-10-13,sh.600882,41.52,42.1,40.32,40.7,5911450.0,241273303.13,1.4461,-1.975,0,0
2020-10-14,sh.600882,40.75,40.75,39.24,39.25,4083675.0,162307412.65,0.999,-3.5627,0,0
2020-10-15,sh.600882,39.5,39.5,38.61,38.85,2741425.0,106637086.29,0.6706,-1.0191,0,0
2020-10-16,sh.600882,39.49,39.5,38.11,38.65,2859092.0,110082060.68,0.6994,-0.5148,0,0
2020-10-19,sh.600882,39.0,39.25,37.02,37.38,4449623.0,168752105.21,1.0885,-3.2859,0,0
2020-10-20,sh.600882,37.68,37.68,36.88,37.62,2315807.0,86402402.55,0.5665,0.6421,0,0
2020-10-21,sh.600882,37.68,37.77,36.67,37.07,3172100.0,117532082.45,0.776,-1.462,0,0
2020-10-22,sh.600882,37.07,37.07,35.0,36.38,6267872.0,224842255.04,1.5333,-1.8613,0,0
2020-10-23,sh.600882,36.8,36.8,34.7,35.0,4413930.0,156309578.64,1.0798,-3.7933,0,0
2020-10-26,sh.600882,34.98,35.17,33.09,34.53,5794178.0,198797861.7,1.4174,-1.3429,0,0
2020-10-27,sh.600882,33.65,36.87,33.6,36.36,6676419.0,240152030.25,1.6333,5.2997,0,0
2020-10-28,sh.600882,36.64,37.72,36.07,37.5,4721132.0,175407755.28,1.1549,3.1353,0,0
2020-10-29,sh.600882,36.3,37.3,35.5,35.78,6868250.0,247822481.18,1.6802,-4.5867,0,0
2020-10-30,sh.600882,35.5,35.8,33.78,34.89,4033531.0,140367831.03,0.9867,-2.4874,0,0
2020-11-02,sh.600882,34.15,35.3,33.29,33.62,7346418.0,249564071.92,1.7972,-3.64,0,0
2020-11-03,sh.600882,33.95,35.13,33.34,35.13,6180244.0,212305719.52,1.5119,4.4914,0,0
2020-11-04,sh.600882,34.91,35.4,33.8,34.23,3957901.0,135984881.85,0.9682,-2.5619,0,0
2020-11-05,sh.600882,34.56,34.9,34.28,34.74,3605500.0,124907547.0,0.882,1.4899,0,0
2020-11-06,sh.600882,34.61,34.98,33.9,34.1,2844101.0,97622649.94,0.6958,-1.8423,0,0
2020-11-09,sh.600882,34.1,34.5,32.8,33.34,7818658.0,260488921.82,1.9127,-2.2287,0,0
2020-11-10,sh.600882,33.3,33.85,32.19,32.38,6207000.0,204161853.63,1.5184,-2.8794,0,0
2020-11-11,sh.600882,32.39,33.0,31.89,32.06,6872041.0,221820789.74,1.6811,-0.9883,0,0
2020-11-12,sh.600882,32.1,32.91,31.63,32.85,5226700.0,169880809.0,1.2786,2.4641,0,0
2020-11-13,sh.600882,32.98,33.03,31.73,31.91,4918485.0,158685680.5,1.2032,-2.8615,0,0
2020-11-16,sh.600882,31.91,34.88,31.59,34.47,10847757.0,367396375.86,2.6537,8.0226,0,0
2020-11-17,sh.600882,34.38,35.0,33.85,34.08,5501108.0,189505314.36,1.3457,-1.1314,0,0
2020-11-18,sh.600882,37.42,37.49,36.57,37.49,7835545.0,292700193.23,1.9168,10.0059,1,0
2020-11-19,sh.600882,38.58,40.81,37.8,39.4,22191270.0,869636182.34,5.4287,5.0947,0,0
2020-11-20,sh.600882,39.88,40.2,39.0,40.08,10133940.0,403577101.28,2.4791,1.7259,0,0
2020-11-23,sh.600882,39.95,40.85,38.73,40.34,9554287.0,380152792.91,2.3373,0.6487,0,0
2020-11-24,sh.600882,40.34,41.29,39.51,40.36,6764372.0,272529995.92,1.6548,0.0496,0,0
2020-11-25,sh.600882,40.88,41.16,39.93,40.03,7109660.0,287494136.45,1.7392,-0.8176,0,0
2020-11-26,sh.600882,40.11,40.8,39.1,39.85,4410600.0,175138209.0,1.079,-0.4497,0,0
2020-11-27,sh.600882,39.65,39.98,38.74,39.06,4630474.0,181464027.64,1.1328,-1.9824,0,0
2020-11-30,sh.600882,38.95,38.95,36.84,37.33,9680553.0,361935249.68,2.3682,-4.4291,0,0
2020-12-01,sh.600882,37.39,38.58,36.87,38.28,4887265.0,185011472.17,1.1956,2.5449,0,0
2020-12-02,sh.600882,38.31,38.95,37.9,38.35,3324852.0,127420612.11,0.8134,0.1829,0,0
2020-12-03,sh.600882,38.24,38.78,37.9,38.38,3127980.0,119722801.8,0.7652,0.0782,0,0
2020-12-04,sh.600882,38.9,39.26,37.67,39.17,5536062.0,214411665.0,1.3543,2.0584,0,0
2020-12-07,sh.600882,39.17,39.17,39.17,39.17,0.0,0.0,,0.0,0,0
2020-12-08,sh.600882,39.17,39.17,39.17,39.17,0.0,0.0,,0.0,0,0
2020-12-09,sh.600882,39.17,39.17,39.17,39.17,0.0,0.0,,0.0,0,0
2020-12-10,sh.600882,39.17,39.17,39.17,39.17,0.0,0.0,,0.0,0,0
2020-12-11,sh.600882,39.17,39.17,39.17,39.17,0.0,0.0,,0.0,0,0
2020-12-14,sh.600882,43.09,43.09,43.09,43.09,748090.0,32235198.1,0.183,10.0077,1,0
2020-12-15,sh.600882,47.36,47.4,45.5,46.78,33593261.0,1575933669.99,8.2179,8.5635,0,0
2020-12-16,sh.600882,45.82,49.76,45.56,48.7,18964300.0,900511328.04,4.6392,4.1043,0,0
2020-12-17,sh.600882,47.0,47.92,44.7,45.93,18063226.0,831478514.43,4.4188,-5.6879,0,0
2020-12-18,sh.600882,46.37,48.2,46.1,46.5,10104381.0,477579380.42,2.4718,1.241,0,0
2020-12-21,sh.600882,46.3,48.27,45.44,47.98,9253591.0,439514369.34,2.2637,3.1828,0,0
2020-12-22,sh.600882,47.88,49.38,47.5,47.68,6139749.0,296363673.35,1.502,-0.6253,0,0
2020-12-23,sh.600882,47.0,47.72,46.11,47.6,4904890.0,230739368.55,1.1999,-0.1678,0,0
2020-12-24,sh.600882,47.6,48.57,46.96,47.99,4731027.0,227108226.75,1.1574,0.8193,0,0
2020-12-25,sh.600882,47.7,48.56,46.56,48.04,5844195.0,278403031.03,1.4297,0.1042,0,0
2020-12-28,sh.600882,48.15,49.15,47.59,48.2,5973601.0,287740064.09,1.4613,0.3331,0,0
2020-12-29,sh.600882,48.4,52.4,48.32,51.7,11455751.0,580106941.51,2.8024,7.2614,0,0
2020-12-30,sh.600882,51.81,56.0,51.81,55.0,12315024.0,669423021.18,3.0126,6.383,0,0
2020-12-31,sh.600882,54.0,57.34,53.56,57.1,8859479.0,493017820.98,2.1673,3.8182,0,0
2021-01-04,sh.600882,56.7,58.0,54.88,57.0,7051158.0,396699145.86,1.7249,-0.1751,0,0
2021-01-05,sh.600882,56.25,60.58,56.25,58.89,7117466.0,415463781.42,1.7412,3.3158,0,0
2021-01-06,sh.600882,58.5,59.76,57.38,59.18,5753126.0,337166368.38,1.4074,0.4924,0,0
2021-01-07,sh.600882,58.9,60.9,58.2,60.4,4974823.0,297279211.26,1.217,2.0615,0,0
2021-01-08,sh.600882,60.35,65.5,59.0,61.38,8281822.0,518653526.03,2.026,1.6225,0,0
2021-01-11,sh.600882,61.2,62.99,57.5,57.89,11380274.0,687571130.6,2.784,-5.6859,0,0
2021-01-12,sh.600882,56.99,60.12,55.15,59.25,9149647.0,535860974.08,2.2383,2.3493,0,0
2021-01-13,sh.600882,59.84,60.45,57.74,58.97,5763567.0,341279320.49,1.4099,-0.4726,0,0
2021-01-14,sh.600882,58.83,58.83,55.7,55.8,6666956.0,376906419.55,1.6309,-5.3756,0,0
2021-01-15,sh.600882,55.58,57.39,52.88,56.97,8937482.0,487469783.05,2.1864,2.0968,0,0
2021-01-18,sh.600882,56.89,57.88,54.58,56.94,5490174.0,311376004.93,1.3431,-0.0527,0,0
2021-01-19,sh.600882,56.85,57.58,55.2,55.64,4261100.0,239137313.89,1.0424,-2.2831,0,0
2021-01-20,sh.600882,55.78,61.15,55.37,60.29,7117080.0,420213789.49,1.7411,8.3573,0,0
2021-01-21,sh.600882,61.35,64.22,60.31,60.92,7383612.0,456600819.25,1.8063,1.0449,0,0
2021-01-22,sh.600882,60.8,61.46,58.35,59.12,5432860.0,324891307.73,1.329,-2.9547,0,0
2021-01-25,sh.600882,59.01,61.7,58.3,61.7,6276579.0,378410784.31,1.5354,4.364,0,0
2021-01-26,sh.600882,60.8,61.55,58.2,59.61,6185260.0,370413688.99,1.5131,-3.3874,0,0
2021-01-27,sh.600882,59.99,61.2,56.0,60.5,7201945.0,428967785.36,1.7618,1.493,0,0
2021-01-28,sh.600882,60.64,61.5,58.38,58.5,4556588.0,273187710.49,1.1147,-3.3058,0,0
2021-01-29,sh.600882,59.28,62.5,59.28,62.25,11066908.0,677293177.46,2.7073,6.4103,0,0
2021-02-01,sh.600882,64.19,68.14,63.2,64.42,10730151.0,699214406.73,2.6215,3.4859,0,0
2021-02-02,sh.600882,65.84,66.79,63.8,66.6,8158327.0,535486323.09,1.9932,3.384,0,0
2021-02-03,sh.600882,66.61,69.55,65.22,67.67,7665913.0,517741344.56,1.8729,1.6066,0,0
2021-02-04,sh.600882,67.0,68.0,64.52,67.21,5656033.0,373938040.71,1.3818,-0.6798,0,0
2021-02-05,sh.600882,67.3,69.2,66.26,67.95,6296819.0,428117515.04,1.5384,1.101,0,0
2021-02-08,sh.600882,67.8,68.6,64.18,66.22,4481264.0,296414419.19,1.0948,-2.546,0,0
2021-02-09,sh.600882,66.24,68.86,65.18,67.53,5932124.0,398193336.62,1.4493,1.9783,0,0
2021-02-10,sh.600882,67.44,69.5,65.58,69.06,4721366.0,321613644.06,1.1535,2.2657,0,0
2021-02-18,sh.600882,69.51,70.0,63.79,64.14,7043351.0,464671190.18,1.7208,-7.1242,0,0
2021-02-19,sh.600882,64.51,67.79,62.01,66.59,7125632.0,462733669.68,1.7409,3.8198,0,0
2021-02-22,sh.600882,65.99,66.37,59.93,62.9,9291098.0,581451740.82,2.2699,-5.5414,0,0
2021-02-23,sh.600882,62.0,62.88,60.0,60.51,6604320.0,403821463.27,1.6135,-3.7997,0,0
2021-02-24,sh.600882,60.14,60.86,56.5,56.93,8805969.0,508149236.54,2.1514,-5.9164,0,0
2021-02-25,sh.600882,57.5,58.66,56.5,56.93,4938692.0,281967886.86,1.2066,0.0,0,0
2021-02-26,sh.600882,54.65,56.66,54.39,55.69,7516583.0,416101478.67,1.8364,-2.1781,0,0
2021-03-01,sh.600882,56.1,56.44,54.43,55.38,6401522.0,352922396.46,1.564,-0.5567,0,0
2021-03-02,sh.600882,56.0,56.5,51.89,53.4,7193219.0,384763736.22,1.7574,-3.5753,0,0
2021-03-03,sh.600882,52.88,53.66,51.9,52.86,5731217.0,302050673.09,1.4002,-1.0112,0,0
2021-03-04,sh.600882,52.86,54.5,51.24,51.71,11010919.0,583680413.09,2.6901,-2.1756,0,0
2021-03-05,sh.600882,55.03,55.36,52.02,53.33,9680282.0,517986033.61,2.365,3.1329,0,0
2021-03-08,sh.600882,52.61,52.61,49.6,49.78,10207838.0,516295665.08,2.4939,-6.6567,0,0
2021-03-09,sh.600882,49.5,52.13,47.63,50.04,7882816.0,395113391.96,1.9259,0.5223,0,0
2021-03-10,sh.600882,54.13,54.13,50.8,51.92,4323895.0,223984934.37,1.0564,3.757,0,0
2021-03-11,sh.600882,51.5,54.6,51.01,54.43,5669980.0,302634452.91,1.3853,4.8344,0,0
2021-03-12,sh.600882,54.2,56.0,53.51,54.43,5638345.0,306566013.94,1.3775,0.0,0,0
2021-03-15,sh.600882,53.98,54.91,53.0,53.77,3005204.0,161320282.94,0.7342,-1.2126,0,0
2021-03-16,sh.600882,53.5,55.89,52.96,55.4,3306938.0,179463435.36,0.8079,3.0314,0,0
2021-03-17,sh.600882,55.95,56.38,54.4,55.87,3043302.0,169149454.74,0.7435,0.8484,0,0
2021-03-18,sh.600882,55.48,56.44,54.75,55.64,1880500.0,104611212.7,0.4594,-0.4117,0,0
2021-03-19,sh.600882,54.48,55.42,53.52,53.53,2790184.0,151403908.78,0.6817,-3.7922,0,0
2021-03-22,sh.600882,53.61,54.18,52.8,53.9,4449015.0,237131301.64,1.087,0.6912,0,0
2021-03-23,sh.600882,53.91,55.36,53.5,53.88,2865039.0,155346758.57,0.7,-0.0371,0,0
2021-03-24,sh.600882,53.12,54.55,52.3,53.75,3145633.0,167515325.43,0.7685,-0.2413,0,0
2021-03-25,sh.600882,53.09,55.0,52.0,54.29,4127279.0,221715706.65,1.0084,1.0047,0,0
2021-03-26,sh.600882,54.96,57.65,54.96,57.1,5947412.0,336553881.55,1.453,5.1759,0,0
2021-03-29,sh.600882,57.42,58.5,56.5,56.85,3591652.0,206580416.63,0.8775,-0.4378,0,0
2021-03-30,sh.600882,56.99,58.08,56.2,57.88,2906006.0,167225663.76,0.71,1.8118,0,0
2021-03-31,sh.600882,57.45,57.77,56.81,56.89,1647700.0,93975181.0,0.4026,-1.7104,0,0
2021-04-01,sh.600882,56.5,62.58,56.3,62.58,5512231.0,332659083.73,1.3467,10.0018,1,0
2021-04-02,sh.600882,62.59,64.24,61.63,62.6,4363639.0,272609374.63,1.0661,0.032,0,0
2021-04-06,sh.600882,63.5,64.88,61.89,64.53,3240499.0,206081845.14,0.7917,3.0831,0,0
2021-04-07,sh.600882,63.81,64.5,62.6,63.88,2432449.0,154735494.35,0.5943,-1.0073,0,0
2021-04-08,sh.600882,63.04,66.88,63.01,63.38,3843438.0,249278099.2,0.939,-0.7827,0,0
2021-04-09,sh.600882,63.23,64.94,62.5,63.8,2845722.0,181207741.53,0.6953,0.6627,0,0
2021-04-12,sh.600882,63.5,63.58,61.41,61.63,2445509.0,152150147.8,0.5975,-3.4013,0,0
2021-04-13,sh.600882,61.63,64.29,61.41,62.48,3619159.0,227484847.4,0.8842,1.3792,0,0
2021-04-14,sh.600882,63.5,67.3,61.0,63.07,5653602.0,363532825.83,1.3813,0.9443,0,0
2021-04-15,sh.600882,63.5,63.99,61.33,61.73,3237491.0,200298275.89,0.791,-2.1246,0,0
2021-04-16,sh.600882,61.78,62.38,59.95,60.29,3284529.0,199286118.66,0.8025,-2.3327,0,0
2021-04-19,sh.600882,60.58,65.29,60.54,64.73,6103386.0,388433505.37,1.4911,7.3644,0,0
2021-04-20,sh.600882,66.0,71.2,65.0,71.2,11971776.0,828557970.19,2.9249,9.9954,1,0
2021-04-21,sh.600882,70.47,75.56,70.0,74.98,8768272.0,637313620.76,2.1422,5.309,0,0
2021-04-22,sh.600882,75.0,75.0,71.15,73.87,4921601.0,359415566.39,1.2024,-1.4804,0,0
2021-04-23,sh.600882,73.0,74.1,72.33,72.58,3407011.0,249075754.79,0.8324,-1.7463,0,0
2021-04-26,sh.600882,72.6,75.5,72.01,72.56,4419114.0,325052193.16,1.0797,-0.0276,0,0
2021-04-27,sh.600882,72.19,73.0,71.5,72.0,2812374.0,202681971.3,0.6871,-0.7718,0,0
2021-04-28,sh.600882,71.7,76.01,71.46,75.45,6290353.0,467539869.82,1.5368,4.7917,0,0
2021-04-29,sh.600882,74.0,76.53,71.45,72.75,7969611.0,587420322.27,1.9471,-3.5785,0,0
2021-04-30,sh.600882,73.28,79.2,73.14,78.68,8642327.0,671095185.28,2.1114,8.1512,0,0
2021-05-06,sh.600882,79.74,80.0,75.51,79.88,5331222.0,419808682.21,1.3025,1.5252,0,0
2021-05-07,sh.600882,80.0,80.0,74.75,74.8,4907459.0,376694566.31,1.199,-6.3595,0,0
2021-05-10,sh.600882,74.7,76.78,70.78,72.09,6646558.0,487926759.12,1.6238,-3.623,0,0
2021-05-11,sh.600882,72.5,76.1,72.0,75.2,5111750.0,380283084.55,1.2489,4.3141,0,0
2021-05-12,sh.600882,74.67,76.8,73.8,76.05,4191747.0,315327478.52,1.0241,1.1303,0,0
2021-05-13,sh.600882,74.93,75.77,74.12,75.05,2624364.0,196362366.96,0.6412,-1.3149,0,0
2021-05-14,sh.600882,75.05,77.89,74.3,76.95,3752874.0,284708853.65,0.9169,2.5316,0,0
2021-05-17,sh.600882,76.95,79.12,76.05,77.72,5315866.0,413342331.51,1.2987,1.0006,0,0
2021-05-18,sh.600882,77.96,78.7,76.65,78.14,3229641.0,250617859.84,0.789,0.5404,0,0
2021-05-19,sh.600882,78.15,78.5,75.6,77.16,3488798.0,268100793.94,0.8524,-1.2542,0,0
2021-05-20,sh.600882,76.59,77.5,76.0,76.5,2559451.0,196493945.08,0.6253,-0.8554,0,0
2021-05-21,sh.600882,76.68,80.0,75.65,78.98,4282254.0,333895993.28,1.0462,3.2418,0,0
2021-05-24,sh.600882,78.7,79.49,76.86,78.88,2387800.0,186763570.26,0.5834,-0.1266,0,0
2021-05-25,sh.600882,78.7,84.5,78.22,84.18,4012536.0,333225604.39,0.9803,6.7191,0,0
2021-05-26,sh.600882,77.92,78.2,75.76,75.76,7554977.0,574602046.21,1.8458,-10.0024,0,1
2021-05-27,sh.600882,71.95,75.49,69.0,73.99,14205168.0,1028026680.01,3.4705,-2.3363,0,0
2021-05-28,sh.600882,73.51,73.58,66.59,66.99,19979867.0,1375494081.46,4.8814,-9.4607,0,0
2021-05-31,sh.600882,67.0,70.2,67.0,69.5,11662020.0,800452842.08,2.8492,3.7468,0,0
2021-06-01,sh.600882,69.83,71.65,69.02,69.13,5508282.0,384017306.5,1.3458,-0.5324,0,0
2021-06-02,sh.600882,68.68,68.68,64.98,65.38,8191339.0,542269015.86,2.0013,-5.4246,0,0
2021-06-03,sh.600882,65.0,66.1,64.5,64.84,4188600.0,272793731.94,1.0233,-0.8259,0,0
2021-06-04,sh.600882,64.0,69.75,63.05,69.34,10710712.0,710797137.19,2.6168,6.9402,0,0
2021-06-07,sh.600882,69.31,69.93,67.3,67.99,5326661.0,363783579.75,1.3014,-1.9469,0,0
2021-06-08,sh.600882,68.49,71.98,67.49,70.35,8084070.0,564227627.16,1.9751,3.4711,0,0
2021-06-09,sh.600882,69.9,70.43,67.76,68.38,4037267.0,278550538.47,0.9864,-2.8003,0,0
2021-06-10,sh.600882,68.38,68.59,65.68,68.01,5417349.0,364001696.48,1.3235,-0.5411,0,0
2021-06-11,sh.600882,67.92,72.5,67.92,72.43,8599596.0,611300997.49,2.101,6.499,0,0
2021-06-15,sh.600882,71.5,75.28,71.12,74.23,5716014.0,420737794.23,1.3965,2.4852,0,0
2021-06-16,sh.600882,74.23,75.5,72.18,73.58,4579815.0,337501386.04,1.1189,-0.8757,0,0
2021-06-17,sh.600882,73.81,75.48,71.18,71.7,4536052.0,330922468.37,1.1082,-2.555,0,0
2021-06-18,sh.600882,73.58,73.58,68.85,70.1,5874086.0,413936981.23,1.4351,-2.2315,0,0
2021-06-21,sh.600882,70.01,70.9,63.95,67.79,10787744.0,723789511.77,2.6356,-3.2953,0,0
2021-06-22,sh.600882,67.77,68.19,66.38,67.42,4991400.0,335172427.0,1.2195,-0.5458,0,0
2021-06-23,sh.600882,67.0,67.99,66.2,66.72,5179227.0,347112902.6,1.2654,-1.0383,0,0
2021-06-24,sh.600882,66.76,67.18,64.6,65.98,4688298.0,307906888.57,1.1454,-1.1091,0,0
2021-06-25,sh.600882,66.29,66.9,64.8,66.2,5287380.0,347277585.98,1.2918,0.3334,0,0
2021-06-28,sh.600882,67.0,72.82,67.0,72.48,9935073.0,708566799.38,2.4273,9.4864,0,0
2021-06-29,sh.600882,72.88,72.88,69.5,71.85,7698659.0,549323660.96,1.8809,-0.8692,0,0
2021-06-30,sh.600882,72.8,72.96,68.91,69.8,5303980.0,372199843.16,1.2958,-2.8532,0,0
2021-07-01,sh.600882,67.58,70.6,67.58,69.11,3659448.0,252729724.97,0.8941,-0.9885,0,0
2021-07-02,sh.600882,68.98,68.98,64.62,66.0,5467200.0,361483586.5,1.3357,-4.5001,0,0
2021-07-05,sh.600882,64.52,68.85,64.52,67.13,3971494.0,266661291.28,0.9703,1.7121,0,0
2021-07-06,sh.600882,66.66,68.0,62.5,63.78,9407908.0,603538059.55,2.2985,-4.9903,0,0
2021-07-07,sh.600882,62.99,63.66,58.44,59.0,15700858.0,947676988.27,3.8359,-7.4945,0,0
2021-07-08,sh.600882,61.16,63.18,57.37,58.49,18822754.0,1130054627.7,4.5987,-0.8644,0,0
2021-07-09,sh.600882,58.09,58.29,54.0,56.03,12690008.0,706875931.28,3.1003,-4.2058,0,0
2021-07-12,sh.600882,56.1,56.9,54.68,55.66,9835923.0,548303248.04,2.4031,-0.6604,0,0
2021-07-13,sh.600882,55.68,57.08,55.06,57.06,7033987.0,393004232.64,1.7185,2.5153,0,0
2021-07-14,sh.600882,57.5,57.98,54.85,56.35,8919510.0,498117684.43,2.1792,-1.2443,0,0
2021-07-15,sh.600882,55.52,56.28,53.88,55.0,8756887.0,479752088.77,2.1394,-2.3957,0,0
2021-07-16,sh.600882,54.45,54.45,52.41,52.42,6545596.0,348277550.3,1.5992,-4.6909,0,0
2021-07-19,sh.600882,52.19,54.18,51.43,53.3,7932550.0,418846683.52,1.938,1.6787,0,0
2021-07-20,sh.600882,52.2,53.17,51.73,51.8,5431480.0,283629813.96,1.327,-2.8143,0,0
2021-07-21,sh.600882,52.17,55.7,51.91,55.0,12056438.0,654676868.71,2.9456,6.1776,0,0
2021-07-22,sh.600882,54.2,55.5,52.8,53.12,8532470.0,455094062.72,2.0846,-3.4182,0,0
2021-07-23,sh.600882,52.79,52.79,48.82,50.09,10344069.0,521467575.0,2.5272,-5.7041,0,0
2021-07-26,sh.600882,49.51,50.85,48.57,49.9,6057200.0,300140956.34,1.4799,-0.3793,0,0
2021-07-27,sh.600882,49.9,50.44,46.47,47.0,11420843.0,544857894.8,2.7903,-5.8116,0,0
2021-07-28,sh.600882,46.9,46.99,44.98,45.4,7229759.0,330340317.37,1.7663,-3.4043,0,0
2021-07-29,sh.600882,46.0,47.6,45.68,46.16,8653780.0,402819516.48,2.1142,1.674,0,0
2021-07-30,sh.600882,46.0,46.0,43.63,44.93,9425561.0,418211206.43,2.3028,-2.6646,0,0
2021-08-02,sh.600882,44.3,49.42,44.09,49.42,12117462.0,577607486.98,2.9605,9.9933,1,0
2021-08-03,sh.600882,49.17,50.7,47.64,50.37,11262671.0,556404749.8,2.7516,1.9223,0,0
2021-08-04,sh.600882,51.3,52.98,50.06,51.47,9594154.0,492748918.3,2.344,2.1838,0,0
2021-08-05,sh.600882,51.44,56.61,50.6,56.47,13283714.0,729325038.72,3.2454,9.7144,0,0
2021-08-06,sh.600882,55.05,58.28,54.61,56.5,10576723.0,597214654.5,2.584,0.0531,0,0
2021-08-09,sh.600882,56.44,61.39,55.26,58.9,10406787.0,614289495.48,2.5425,4.2478,0,0
2021-08-10,sh.600882,58.12,61.5,57.01,60.68,9912202.0,592629897.02,2.4217,3.0221,0,0
2021-08-11,sh.600882,60.7,64.7,60.7,62.31,14373617.0,908491687.24,3.5117,2.6862,0,0
2021-08-12,sh.600882,63.75,64.0,59.28,59.86,12303551.0,748224093.97,3.0059,-3.932,0,0
2021-08-13,sh.600882,58.75,61.46,57.67,59.57,9393884.0,559794529.59,2.2951,-0.4845,0,0
2021-08-16,sh.600882,58.99,62.28,58.8,61.69,8814602.0,538429843.08,2.1535,3.5588,0,0
2021-08-17,sh.600882,62.0,62.0,58.31,59.03,6363435.0,381287158.03,1.5547,-4.3119,0,0
2021-08-18,sh.600882,58.85,60.49,57.85,58.6,5545369.0,325579601.46,1.3548,-0.7284,0,0
2021-08-19,sh.600882,58.6,59.65,57.82,58.97,3355400.0,196728485.0,0.8198,0.6314,0,0
2021-08-20,sh.600882,58.14,58.5,55.38,57.96,7426733.0,424262288.46,1.8145,-1.7127,0,0
2021-08-23,sh.600882,58.78,58.91,56.82,57.06,5843000.0,336088707.0,1.4275,-1.5528,0,0
2021-08-24,sh.600882,57.92,59.3,55.91,57.5,7409097.0,424579724.14,1.8101,0.7711,0,0
2021-08-25,sh.600882,57.5,61.58,57.3,61.23,9110997.0,549081993.32,2.2259,6.487,0,0
2021-08-26,sh.600882,60.44,61.6,59.28,59.73,6221309.0,373289256.82,1.52,-2.4498,0,0
2021-08-27,sh.600882,59.26,61.33,58.85,60.12,4854775.0,291832386.24,1.1861,0.6529,0,0
2021-08-30,sh.600882,59.67,64.39,59.1,63.77,8480390.0,532265154.44,2.0719,6.0712,0,0
2021-08-31,sh.600882,63.0,63.7,57.39,57.39,12440642.0,743115108.17,3.0394,-10.0047,0,1
2021-09-01,sh.600882,56.11,59.29,51.65,57.5,12171136.0,668427523.49,2.9736,0.1917,0,0
2021-09-02,sh.600882,56.15,58.45,55.6,56.99,5887400.0,334870846.36,1.4384,-0.887,0,0
2021-09-03,sh.600882,56.62,59.68,55.81,56.63,4742822.0,272936704.84,1.1587,-0.6317,0,0
2021-09-06,sh.600882,55.84,57.38,55.51,56.59,3906200.0,220163986.78,0.9543,-0.0706,0,0
2021-09-07,sh.600882,56.07,56.83,54.32,55.55,4729052.0,262314169.64,1.1554,-1.8378,0,0
2021-09-08,sh.600882,55.5,55.5,53.08,53.1,6294745.0,340032724.73,1.5379,-4.4104,0,0
2021-09-09,sh.600882,53.35,54.87,51.9,52.5,4219900.0,224238546.63,1.031,-1.1299,0,0
2021-09-10,sh.600882,52.59,53.33,51.35,52.51,5555767.0,289109442.78,1.3574,0.019,0,0
2021-09-13,sh.600882,52.48,53.2,51.46,51.84,3547029.0,184261376.83,0.8666,-1.2759,0,0
2021-09-14,sh.600882,51.79,52.7,50.37,50.72,5009290.0,255730576.5,1.2238,-2.1605,0,0
2021-09-15,sh.600882,50.4,53.4,50.1,52.86,5627636.0,292036009.1,1.3749,4.2192,0,0
2021-09-16,sh.600882,53.0,53.0,50.8,51.5,4382476.0,227761056.26,1.0707,-2.5728,0,0
2021-09-17,sh.600882,51.51,51.94,49.0,51.35,7702174.0,387909428.4,1.8818,-0.2913,0,0
2021-09-22,sh.600882,50.49,52.52,49.88,51.7,3837400.0,197251849.0,0.9375,0.6816,0,0
2021-09-23,sh.600882,52.2,55.0,51.25,53.98,6030908.0,323012922.86,1.4734,4.4101,0,0
2021-09-24,sh.600882,54.0,59.38,54.0,57.9,15376569.0,893353981.1,3.7567,7.2619,0,0
2021-09-27,sh.600882,58.86,61.37,58.28,59.87,12104905.0,718951989.42,2.9574,3.4024,0,0
2021-09-28,sh.600882,58.32,61.0,57.88,58.31,5584572.0,329055433.56,1.3644,-2.6056,0,0
2021-09-29,sh.600882,58.0,58.0,55.0,56.0,6149891.0,345530262.51,1.5025,-3.9616,0,0
2021-09-30,sh.600882,55.8,56.87,54.02,55.47,5728944.0,317344690.95,1.3997,-0.9464,0,0
2021-10-08,sh.600882,55.58,57.24,55.08,55.85,5670200.0,317656901.28,1.3853,0.6851,0,0
2021-10-11,sh.600882,55.79,57.36,53.5,53.7,6371593.0,352605571.81,1.5567,-3.8496,0,0
2021-10-12,sh.600882,53.52,54.3,51.0,52.0,5084911.0,266795495.99,1.2423,-3.1657,0,0
2021-10-13,sh.600882,52.42,57.2,51.91,57.2,12696612.0,707853081.93,3.102,10.0,1,0
2021-10-14,sh.600882,57.8,57.98,54.43,54.88,11893541.0,666188095.78,2.9058,-4.0559,0,0
2021-10-15,sh.600882,54.95,55.93,53.4,53.53,9052979.0,491905308.74,2.2118,-2.4599,0,0
2021-10-18,sh.600882,53.44,53.45,49.52,50.8,11925657.0,606332187.39,2.9136,-5.0999,0,0
2021-10-19,sh.600882,50.94,50.94,48.6,48.7,11084721.0,546110081.99,2.7082,-4.1339,0,0
2021-10-20,sh.600882,49.0,49.62,48.56,49.39,8905033.0,437250175.72,2.1756,1.4168,0,0
2021-10-21,sh.600882,49.28,49.89,48.7,49.4,5376060.0,265047553.6,1.3134,0.0202,0,0
2021-10-22,sh.600882,49.89,51.48,48.9,50.55,8080991.0,406133235.29,1.9743,2.3279,0,0
2021-10-25,sh.600882,50.7,51.3,49.59,50.5,6490290.0,325664244.3,1.5857,-0.0989,0,0
2021-10-26,sh.600882,50.09,50.89,49.56,49.85,5867940.0,293965378.12,1.4336,-1.2871,0,0
2021-10-27,sh.600882,49.0,50.1,48.1,48.71,5970305.0,291454310.8,1.4586,-2.2869,0,0
2021-10-28,sh.600882,48.18,48.66,46.72,47.0,8401302.0,398140931.07,2.0526,-3.5106,0,0
2021-10-29,sh.600882,47.49,50.09,47.21,49.89,9930409.0,490563186.08,2.4261,6.1489,0,0
2021-11-01,sh.600882,49.89,50.39,46.79,47.77,14767686.0,715880698.18,3.608,-4.2493,0,0
2021-11-02,sh.600882,47.68,51.97,47.41,50.98,15579817.0,781676191.21,3.8064,6.7197,0,0
2021-11-03,sh.600882,51.88,54.29,50.38,53.32,13184429.0,695918305.13,3.2211,4.59,0,0
2021-11-04,sh.600882,53.29,56.92,52.38,56.29,14384181.0,796127498.22,3.5143,5.5701,0,0
2021-11-05,sh.600882,56.49,57.28,54.4,54.93,10368758.0,573181530.04,2.5332,-2.4161,0,0
2021-11-08,sh.600882,54.5,55.47,53.08,53.56,7520751.0,405730860.94,1.8374,-2.4941,0,0
2021-11-09,sh.600882,53.48,54.0,52.88,53.68,6118678.0,326226676.58,1.4949,0.224,0,0
2021-11-10,sh.600882,53.68,54.18,52.68,53.85,6626579.0,354186416.25,1.619,0.3167,0,0
2021-11-11,sh.600882,53.87,54.84,52.88,54.63,6294802.0,339249433.65,1.5379,1.4485,0,0
2021-11-12,sh.600882,54.63,55.45,52.69,52.9,6947566.0,370747264.4,1.6974,-3.1668,0,0
2021-11-15,sh.600882,52.9,56.35,52.28,55.3,10034036.0,549984627.73,2.4515,4.5369,0,0
2021-11-16,sh.600882,55.4,56.71,54.55,56.05,8686538.0,483781254.63,2.1222,1.3562,0,0
2021-11-17,sh.600882,56.05,56.37,53.75,56.0,8045940.0,443235613.42,1.9657,-0.0892,0,0
2021-11-18,sh.600882,57.0,57.0,54.9,55.5,5803176.0,321910897.39,1.4178,-0.8929,0,0
2021-11-19,sh.600882,55.62,56.48,54.69,54.99,4555100.0,251589698.0,1.1129,-0.9189,0,0
2021-11-22,sh.600882,54.8,55.45,54.33,54.8,4315971.0,236727604.5,1.0545,-0.3455,0,0
2021-11-23,sh.600882,54.87,57.3,53.91,56.15,7826668.0,433445670.73,1.9122,2.4635,0,0
2021-11-24,sh.600882,55.9,59.22,55.69,59.07,12740049.0,746563571.31,3.1126,5.2004,0,0
2021-11-25,sh.600882,58.77,59.25,57.37,57.64,5948312.0,345807619.54,1.4533,-2.4209,0,0
2021-11-26,sh.600882,57.5,59.9,56.42,59.05,7255319.0,422358195.61,1.7726,2.4462,0,0
2021-11-29,sh.600882,58.03,59.74,58.02,59.18,5171477.0,305510765.19,1.2635,0.2202,0,0
2021-11-30,sh.600882,59.64,59.64,57.68,58.47,3250615.0,190129018.92,0.7942,-1.1997,0,0
2021-12-01,sh.600882,59.6,62.96,59.6,61.96,12702893.0,784661722.03,3.1035,5.9689,0,0
2021-12-02,sh.600882,62.9,63.16,60.8,60.9,5361402.0,329339905.91,1.3099,-1.7108,0,0
2021-12-03,sh.600882,60.99,62.0,60.43,61.7,4140318.0,253368500.39,1.0115,1.3136,0,0
2021-12-06,sh.600882,62.33,62.33,59.4,59.7,4890712.0,294757089.56,1.1949,-3.2415,0,0
2021-12-07,sh.600882,59.7,62.25,59.31,61.0,5380428.0,327231210.68,1.3145,2.1776,0,0
2021-12-08,sh.600882,60.55,64.0,60.55,63.13,7371682.0,461291898.35,1.801,3.4918,0,0
2021-12-09,sh.600882,63.0,64.15,62.06,62.89,6181251.0,391164247.37,1.5102,-0.3802,0,0
2021-12-10,sh.600882,62.9,64.0,62.0,62.46,4230681.0,265810391.02,1.0336,-0.6837,0,0
2021-12-13,sh.600882,62.46,63.1,61.59,61.59,4039759.0,250696051.41,0.987,-1.3929,0,0
2021-12-14,sh.600882,61.59,62.2,60.43,60.72,3869874.0,235813800.58,0.9455,-1.4126,0,0
2021-12-15,sh.600882,60.6,61.2,59.17,59.37,5016099.0,300499568.4,1.2255,-2.2233,0,0
2021-12-16,sh.600882,59.38,60.8,59.0,60.6,4115344.0,246484714.43,1.0054,2.0718,0,0
2021-12-17,sh.600882,60.6,60.71,59.28,60.0,3651905.0,217787563.1,0.8922,-0.9901,0,0
2021-12-20,sh.600882,59.5,60.28,57.69,57.9,4859802.0,284840724.82,1.1873,-3.5,0,0
2021-12-21,sh.600882,58.0,59.44,57.64,58.47,4075674.0,238460240.05,0.9957,0.9845,0,0
2021-12-22,sh.600882,58.82,59.23,57.19,57.29,3472500.0,201194358.0,0.8484,-2.0181,0,0
2021-12-23,sh.600882,57.29,57.8,56.75,57.16,2815673.0,161425636.68,0.6879,-0.2269,0,0
2021-12-24,sh.600882,57.82,58.58,56.68,58.05,3421524.0,197550086.21,0.8359,1.557,0,0
2021-12-27,sh.600882,57.98,58.88,56.54,57.27,3147903.0,181431617.84,0.7691,-1.3437,0,0
2021-12-28,sh.600882,57.27,57.8,55.69,57.4,3500607.0,198613544.76,0.8552,0.227,0,0
2021-12-29,sh.600882,57.44,58.02,55.18,55.85,4694988.0,263421363.8,1.1471,-2.7003,0,0
2021-12-30,sh.600882,55.85,57.21,55.12,57.2,4204004.0,236182818.16,1.0271,2.4172,0,0
2021-12-31,sh.600882,57.01,57.13,54.78,56.0,4705756.0,262234933.7,1.1497,-2.0979,0,0
2022-01-04,sh.600882,55.75,58.74,55.31,57.88,6911675.0,396836859.14,1.6886,3.3571,0,0
2022-01-05,sh.600882,57.99,58.83,56.48,56.59,4360259.0,251096246.76,1.0653,-2.2287,0,0
2022-01-06,sh.600882,56.59,58.23,56.12,57.7,3802038.0,218391110.87,0.9289,1.9615,0,0
2022-01-07,sh.600882,57.5,57.7,53.57,55.0,5952924.0,329812932.4,1.4544,-4.6794,0,0
2022-01-10,sh.600882,55.15,55.5,52.19,53.79,6885861.0,367800521.51,1.6823,-2.2,0,0
2022-01-11,sh.600882,53.06,54.1,51.11,51.18,3777206.0,197758701.92,0.9228,-4.8522,0,0
2022-01-12,sh.600882,51.4,54.58,51.39,54.47,6016135.0,321528404.65,1.4698,6.4283,0,0
2022-01-13,sh.600882,54.34,55.0,53.28,53.5,3507600.0,189208328.0,0.857,-1.7808,0,0
2022-01-14,sh.600882,53.26,53.85,52.13,52.38,2225171.0,117303376.31,0.5436,-2.0935,0,0
2022-01-17,sh.600882,52.66,53.26,51.61,53.09,2225455.0,116407537.17,0.5437,1.3555,0,0
2022-01-18,sh.600882,53.65,53.65,52.3,53.05,2382089.0,125937293.24,0.582,-0.0753,0,0
2022-01-19,sh.600882,52.32,53.63,52.1,53.17,2751636.0,146090593.42,0.6723,0.2262,0,0
2022-01-20,sh.600882,53.49,53.49,51.51,52.32,2506259.0,131182048.36,0.6123,-1.5986,0,0
2022-01-21,sh.600882,52.0,52.73,51.37,52.4,1531801.0,80031547.47,0.3742,0.1529,0,0
2022-01-24,sh.600882,52.0,52.85,49.02,50.0,5073118.0,254980335.81,1.2394,-4.5802,0,0
2022-01-25,sh.600882,49.78,50.02,46.75,47.5,7969029.0,380431668.38,1.9469,-5.0,0,0
2022-01-26,sh.600882,47.47,47.79,42.75,45.68,19289140.0,845929243.23,4.7126,-3.8316,0,0
2022-01-27,sh.600882,43.86,43.86,41.11,41.12,20347937.0,844464066.59,4.9713,-9.9825,0,1
2022-01-28,sh.600882,41.28,42.53,40.63,41.45,11031088.0,460402794.25,2.6951,0.8025,0,0
2022-02-07,sh.600882,41.99,42.37,39.69,40.75,7381825.0,298663013.39,1.8035,-1.6888,0,0
2022-02-08,sh.600882,40.25,41.61,39.82,41.25,6644258.0,272558045.08,1.6233,1.227,0,0
2022-02-09,sh.600882,41.33,42.1,39.95,40.47,6201040.0,252146853.62,1.515,-1.8909,0,0
2022-02-10,sh.600882,40.46,40.46,38.81,39.72,5941245.0,235157321.44,1.4515,-1.8532,0,0
2022-02-11,sh.600882,39.3,39.3,37.02,37.3,12979606.0,490123450.01,3.1711,-6.0926,0,0
2022-02-14,sh.600882,37.24,37.54,36.31,36.75,5892300.0,217643717.42,1.4396,-1.4745,0,0
2022-02-15,sh.600882,37.1,38.26,36.68,38.24,6511200.0,244470922.0,1.5908,4.0544,0,0
2022-02-16,sh.600882,38.38,39.35,37.92,39.02,5834781.0,226173343.23,1.4255,2.0397,0,0
2022-02-17,sh.600882,38.94,39.46,38.71,38.94,4286700.0,167411445.0,1.0473,-0.205,0,0
2022-02-18,sh.600882,38.65,39.1,38.32,39.02,3140721.0,122107431.81,0.7673,0.2054,0,0
2022-02-21,sh.600882,39.01,41.25,38.8,40.83,7720761.0,312319953.47,1.8863,4.6386,0,0
2022-02-22,sh.600882,40.78,40.78,39.0,39.34,6102488.0,241514862.07,1.4909,-3.6493,0,0
2022-02-23,sh.600882,39.34,40.68,39.13,40.36,5208886.0,209274362.3,1.2726,2.5928,0,0
2022-02-24,sh.600882,40.04,40.37,38.2,38.92,5842956.0,229739581.4,1.4275,-3.5679,0,0
2022-02-25,sh.600882,39.12,40.17,39.03,39.26,3483046.0,137785995.63,0.851,0.8736,0,0
2022-02-28,sh.600882,39.25,39.66,38.69,39.38,3459384.0,135462216.0,0.8452,0.3057,0,0
2022-03-01,sh.600882,39.6,41.0,39.41,40.49,5072925.0,204951098.0,1.2394,2.8187,0,0
2022-03-02,sh.600882,40.14,40.55,39.85,40.4,2684701.0,108050521.0,0.6559,-0.2223,0,0
2022-03-03,sh.600882,40.79,40.86,38.8,38.95,4686325.0,184357560.0,1.1449,-3.5891,0,0
2022-03-04,sh.600882,38.78,39.5,38.0,38.77,3938025.0,152826313.0,0.9621,-0.4621,0,0
2022-03-07,sh.600882,38.6,38.6,36.61,36.88,5284326.0,195806861.0,1.291,-4.8749,0,0
2022-03-08,sh.600882,37.19,37.19,34.5,34.5,6576060.0,232264290.0,1.6066,-6.4534,0,0
2022-03-09,sh.600882,34.36,35.18,32.72,33.97,5194685.0,176708837.0,1.2691,-1.5362,0,0
2022-03-10,sh.600882,34.9,35.3,34.42,34.65,4072528.0,141909995.0,0.995,2.0018,0,0
2022-03-11,sh.600882,34.05,34.74,33.15,34.66,5722899.0,194477318.0,1.3982,0.0289,0,0
2022-03-14,sh.600882,34.63,34.75,33.08,33.08,4442535.0,150203875.0,1.0854,-4.5586,0,0
2022-03-15,sh.600882,33.18,33.4,31.33,31.33,5432543.0,176574277.0,1.3272,-5.2902,0,0
2022-03-16,sh.600882,31.87,32.79,30.51,32.48,6383496.0,203113830.0,1.5596,3.6706,0,0
2022-03-17,sh.600882,33.2,35.73,32.5,35.73,8236745.0,287867584.0,2.0124,10.0062,1,0
2022-03-18,sh.600882,35.89,36.96,34.91,35.48,9142041.0,326124468.04,2.2335,-0.6997,0,0
2022-03-21,sh.600882,35.59,36.6,35.41,35.78,4641484.0,166930221.74,1.134,0.8455,0,0
2022-03-22,sh.600882,35.54,36.16,35.32,36.04,3600385.0,129001511.74,0.8796,0.7267,0,0
2022-03-23,sh.600882,36.05,37.44,36.05,36.63,5020188.0,184923598.16,1.2265,1.6371,0,0
2022-03-24,sh.600882,36.3,37.1,35.63,36.53,3999071.0,145981560.06,0.977,-0.273,0,0
2022-03-25,sh.600882,36.8,36.88,35.83,35.86,4010620.0,145155845.99,0.9799,-1.8341,0,0
2022-03-28,sh.600882,35.5,35.84,34.5,35.4,6993307.0,246792800.74,1.7086,-1.2828,0,0
2022-03-29,sh.600882,35.88,35.98,34.06,34.46,4419115.0,153585621.51,1.0797,-2.6554,0,0
2022-03-30,sh.600882,34.79,36.16,34.51,35.8,4891351.0,173384574.35,1.195,3.8886,0,0
2022-03-31,sh.600882,35.6,35.8,34.21,34.32,4329275.0,150721442.18,1.0577,-4.1341,0,0
2022-04-01,sh.600882,34.08,35.8,33.67,34.93,4403921.0,153698268.2,1.0759,1.7774,0,0
2022-04-06,sh.600882,34.92,35.52,34.12,34.56,3738828.0,129746176.19,0.9134,-1.0593,0,0
2022-04-07,sh.600882,34.34,34.87,33.22,33.51,3993593.0,134850975.78,0.9757,-3.0382,0,0
2022-04-08,sh.600882,33.54,33.83,32.71,32.82,3169018.0,104879808.41,0.7742,-2.0591,0,0
2022-04-11,sh.600882,32.39,33.19,31.84,32.22,4777488.0,154751934.97,1.1672,-1.8282,0,0
2022-04-12,sh.600882,31.92,32.9,31.11,32.9,4725080.0,151068368.98,1.1544,2.1105,0,0
2022-04-13,sh.600882,32.75,32.75,31.7,31.89,4129389.0,132127184.88,1.0089,-3.0699,0,0
2022-04-14,sh.600882,31.94,33.7,31.72,33.63,6430053.0,212153271.93,1.571,5.4563,0,0
2022-04-15,sh.600882,33.3,34.59,32.43,34.0,6698611.0,225329585.88,1.6366,1.1002,0,0
2022-04-18,sh.600882,33.63,34.98,33.3,34.22,5476732.0,188436043.72,1.338,0.6471,0,0
2022-04-19,sh.600882,34.8,36.49,34.35,34.7,8490415.0,298621123.12,2.0743,1.4027,0,0
2022-04-20,sh.600882,34.09,36.77,33.85,35.66,9570281.0,340050725.9,2.3382,2.7666,0,0
2022-04-21,sh.600882,35.66,36.0,34.0,34.17,7026014.0,245330947.59,1.7166,-4.1784,0,0
2022-04-22,sh.600882,33.78,33.93,32.52,33.01,5628617.0,185651896.49,1.3752,-3.3948,0,0
2022-04-25,sh.600882,32.25,32.27,29.71,29.71,7848034.0,240869037.26,1.9174,-9.997,0,1
2022-04-26,sh.600882,30.01,31.37,28.45,30.27,8616934.0,259634578.92,2.1052,1.8849,0,0
2022-04-27,sh.600882,29.55,30.85,28.0,30.39,8927174.0,263656579.31,2.181,0.3964,0,0
2022-04-28,sh.600882,30.17,30.56,29.16,30.06,4979704.0,148788860.79,1.2166,-1.0859,0,0
2022-04-29,sh.600882,29.6,31.14,29.6,30.88,4867827.0,148955336.79,1.1893,2.7279,0,0
2022-05-05,sh.600882,30.73,32.0,30.73,31.7,5475401.0,172730095.1,1.3377,2.6554,0,0
2022-05-06,sh.600882,30.12,31.5,30.12,30.96,3554578.0,110420249.0,0.8684,-2.3344,0,0
2022-05-09,sh.600882,30.88,32.08,30.6,31.99,4500082.0,142460900.6,1.0994,3.3269,0,0
2022-05-10,sh.600882,31.39,33.03,31.11,32.54,4615154.0,149788202.71,1.1275,1.7193,0,0
2022-05-11,sh.600882,32.54,33.44,32.41,32.63,4856333.0,159911610.0,1.1865,0.2766,0,0
2022-05-12,sh.600882,32.49,33.84,31.99,33.77,5568277.0,185035064.05,1.3604,3.4937,0,0
2022-05-13,sh.600882,33.6,33.97,33.0,33.08,4047501.0,134805645.83,0.9889,-2.0432,0,0
2022-05-16,sh.600882,33.13,33.88,33.12,33.59,4032859.0,135214218.21,0.9853,1.5417,0,0
2022-05-17,sh.600882,33.8,33.8,33.13,33.6,2558092.0,85755917.9,0.6223,0.0298,0,0
2022-05-18,sh.600882,33.6,34.86,33.43,34.14,5226513.0,178931839.83,1.2714,1.6071,0,0
2022-05-19,sh.600882,33.75,33.75,32.7,33.03,5011760.0,166249360.32,1.2192,-3.2513,0,0
2022-05-20,sh.600882,32.85,34.77,32.82,34.66,7207288.0,247147118.91,1.7533,4.9349,0,0
2022-05-23,sh.600882,34.64,34.64,33.95,34.1,3619020.0,123553895.93,0.8804,-1.6157,0,0
2022-05-24,sh.600882,34.1,34.17,33.0,33.0,3938124.0,131478851.85,0.958,-3.2258,0,0
2022-05-25,sh.600882,32.8,33.47,32.7,33.03,2524087.0,83480160.9,0.614,0.0909,0,0
2022-05-26,sh.600882,33.03,34.24,32.62,33.42,4615442.0,154420791.96,1.1228,1.1807,0,0
2022-05-27,sh.600882,33.61,33.78,32.5,33.15,5260276.0,174331722.74,1.2796,-0.8079,0,0
2022-05-30,sh.600882,33.07,34.0,32.75,33.62,5216942.0,175053797.25,1.2691,1.4178,0,0
2022-05-31,sh.600882,33.92,36.2,33.1,35.8,11349228.0,400072375.39,2.7608,6.4842,0,0
2022-06-01,sh.600882,35.71,36.7,35.09,35.33,9703293.0,347863693.63,2.3605,-1.3128,0,0
2022-06-02,sh.600882,35.25,36.07,34.85,35.82,5308188.0,188553944.52,1.2913,1.3869,0,0
2022-06-06,sh.600882,35.86,38.15,35.59,37.84,8593636.0,319585659.51,2.0905,5.6393,0,0
2022-06-07,sh.600882,37.91,38.69,37.3,37.7,5748250.0,217975226.04,1.3983,-0.37,0,0
2022-06-08,sh.600882,37.7,38.61,37.17,37.84,5817822.0,219978515.94,1.4153,0.3714,0,0
2022-06-09,sh.600882,37.84,38.97,36.98,37.0,6575174.0,248924278.66,1.5995,-2.2199,0,0
2022-06-10,sh.600882,36.89,38.0,36.41,37.79,4441918.0,167118014.8,1.0806,2.1351,0,0
2022-06-13,sh.600882,37.35,38.75,37.21,37.52,6722559.0,254372809.39,1.6354,-0.7145,0,0
2022-06-14,sh.600882,37.85,37.88,36.6,37.68,4186079.0,156090426.14,1.0183,0.4264,0,0
2022-06-15,sh.600882,37.53,39.3,37.15,39.3,8928884.0,343885022.98,2.1721,4.2994,0,0
2022-06-16,sh.600882,39.0,39.6,38.25,38.41,5926326.0,229113877.56,1.4417,-2.2646,0,0
2022-06-17,sh.600882,38.7,39.0,37.86,38.74,5214731.0,200618758.68,1.2686,0.8592,0,0
2022-06-20,sh.600882,38.84,40.15,38.84,39.89,5372333.0,212930954.78,1.3069,2.9685,0,0
2022-06-21,sh.600882,39.5,41.98,39.4,41.76,8919973.0,366958493.69,2.1699,4.6879,0,0
2022-06-22,sh.600882,41.35,41.88,40.0,40.38,6003145.0,245614610.89,1.4603,-3.3046,0,0
2022-06-23,sh.600882,40.4,41.14,39.64,40.63,5639480.0,227403077.62,1.3719,0.6191,0,0
2022-06-24,sh.600882,40.63,43.0,40.07,42.92,7927473.0,334696243.69,1.9285,5.6362,0,0
2022-06-27,sh.600882,42.93,46.8,42.9,44.97,10246654.0,457867020.48,2.4926,4.7763,0,0
2022-06-28,sh.600882,44.97,45.3,44.0,45.1,4120129.0,183262946.82,1.0023,0.2891,0,0
2022-06-29,sh.600882,44.98,46.89,44.4,45.48,7485129.0,344119592.56,1.8209,0.8426,0,0
2022-06-30,sh.600882,45.3,47.0,45.11,46.8,6469228.0,299107282.6,1.5737,2.9024,0,0
2022-07-01,sh.600882,46.8,46.8,46.8,46.8,,,,,0,0
2022-07-04,sh.600882,46.8,46.8,46.8,46.8,,,,,0,0
2022-07-05,sh.600882,46.8,46.8,46.8,46.8,,,,,0,0
2022-07-06,sh.600882,46.8,46.8,46.8,46.8,,,,,0,0
2022-07-07,sh.600882,46.8,46.8,46.8,46.8,,,,,0,0
2022-07-08,sh.600882,46.8,46.8,46.8,46.8,,,,,0,0
2022-07-11,sh.600882,46.8,46.8,46.8,46.8,,,,,0,0
2022-07-12,sh.600882,46.8,46.8,46.8,46.8,,,,,0,0
2022-07-13,sh.600882,46.8,46.8,46.8,46.8,,,,,0,0
2022-07-14,sh.600882,46.8,46.8,46.8,46.8,,,,,0,0
2022-07-15,sh.600882,43.0,46.48,42.12,42.12,13277758.0,568039652.19,3.23,-10.0,0,1
2022-07-18,sh.600882,40.86,41.48,38.19,39.25,12350669.0,481311912.38,3.0045,-6.8139,0,0
2022-07-19,sh.600882,39.0,40.64,38.81,40.13,8009323.0,318063468.62,1.9484,2.242,0,0
2022-07-20,sh.600882,40.0,40.66,39.35,40.5,5713319.0,229361014.58,1.3898,0.922,0,0
2022-07-21,sh.600882,40.71,42.66,40.1,41.45,6248081.0,260174103.11,1.5199,2.3457,0,0
2022-07-22,sh.600882,41.5,41.88,40.1,40.43,4144989.0,168667201.21,1.0083,-2.4608,0,0
2022-07-25,sh.600882,40.34,41.43,40.04,41.07,4038554.0,165824362.65,0.9824,1.583,0,0
2022-07-26,sh.600882,41.26,41.7,40.33,40.6,3165880.0,129393121.13,0.7701,-1.1444,0,0
2022-07-27,sh.600882,40.08,40.4,39.2,39.57,4983244.0,197596974.69,1.2122,-2.5369,0,0
2022-07-28,sh.600882,39.6,40.09,39.14,39.58,3332810.0,132130595.48,0.8107,0.0253,0,0
2022-07-29,sh.600882,39.2,39.49,37.24,37.7,7993037.0,303587330.76,1.9444,-4.7499,0,0
2022-08-01,sh.600882,38.0,38.2,36.87,37.32,5298379.0,196745834.52,1.2889,-1.008,0,0
2022-08-02,sh.600882,37.3,37.3,36.0,36.9,4821243.0,176922145.42,1.1728,-1.1254,0,0
2022-08-03,sh.600882,36.6,38.15,36.6,37.1,3812388.0,142843355.96,0.9274,0.542,0,0
2022-08-04,sh.600882,37.33,37.79,36.78,37.4,3835616.0,142907584.0,0.9331,0.8086,0,0
2022-08-05,sh.600882,37.69,38.12,37.25,38.1,2858886.0,107878948.0,0.6955,1.8717,0,0
2022-08-08,sh.600882,37.97,37.99,36.44,36.82,5590887.0,206620308.0,1.3601,-3.3596,0,0
2022-08-09,sh.600882,36.77,36.77,35.73,36.08,4554156.0,164145402.0,1.1079,-2.0098,0,0
2022-08-10,sh.600882,36.11,36.34,35.6,35.79,2828830.0,101447741.0,0.6881,-0.8038,0,0
2022-08-11,sh.600882,35.79,36.94,35.79,36.58,4896514.0,178105162.0,1.1911,2.2073,0,0
2022-08-12,sh.600882,36.65,36.92,36.2,36.68,2875973.0,105212767.0,0.6996,0.2734,0,0
2022-08-15,sh.600882,36.43,36.6,34.94,34.97,6779801.0,239948966.3,1.6493,-4.6619,0,0
2022-08-16,sh.600882,35.0,35.71,34.71,35.35,4779988.0,168483659.68,1.1628,1.0866,0,0
2022-08-17,sh.600882,35.26,36.24,35.17,35.98,3838300.0,137408315.52,0.9337,1.7822,0,0
2022-08-18,sh.600882,35.0,35.0,33.4,33.79,11628275.0,393218040.07,2.841,-6.0867,0,0
2022-08-19,sh.600882,33.66,33.69,33.15,33.5,5602888.0,186852695.07,1.3689,-0.8582,0,0
2022-08-22,sh.600882,33.12,33.62,32.92,33.52,3685751.0,123091222.15,0.9005,0.0597,0,0
2022-08-23,sh.600882,33.36,33.52,32.13,32.98,6673294.0,217163221.38,1.6304,-1.611,0,0
2022-08-24,sh.600882,32.65,32.65,31.5,31.57,5532634.0,176835281.64,1.3517,-4.2753,0,0
2022-08-25,sh.600882,31.65,32.2,31.3,31.82,4266492.0,135347954.86,1.0424,0.7919,0,0
2022-08-26,sh.600882,31.82,32.69,31.72,31.81,3631734.0,116799588.65,0.8873,-0.0314,0,0
2022-08-29,sh.600882,31.3,32.0,31.0,31.23,4274395.0,134029687.57,1.0443,-1.8233,0,0
2022-08-30,sh.600882,31.2,31.73,31.05,31.65,3074714.0,96678651.26,0.7512,1.3449,0,0
2022-08-31,sh.600882,31.48,32.85,31.4,32.2,7551135.0,244522363.86,1.8448,1.7378,0,0
2022-09-01,sh.600882,32.3,32.97,31.8,32.12,5285342.0,171555540.08,1.2913,-0.2484,0,0
2022-09-02,sh.600882,32.13,32.26,30.9,31.1,5104802.0,159831850.34,1.2472,-3.1756,0,0
2022-09-05,sh.600882,30.8,31.27,30.2,30.52,4376657.0,133250898.46,1.0693,-1.865,0,0
2022-09-06,sh.600882,30.52,30.94,30.36,30.9,2587735.0,79323659.4,0.6322,1.2451,0,0
2022-09-07,sh.600882,30.76,31.19,30.35,30.7,2531142.0,77758841.1,0.6184,-0.6472,0,0
2022-09-08,sh.600882,30.71,31.0,30.51,30.8,2293020.0,70505582.07,0.5602,0.3257,0,0
2022-09-09,sh.600882,30.79,31.45,30.5,31.41,3973186.0,124120799.78,0.9707,1.9805,0,0
2022-09-13,sh.600882,31.68,31.72,31.22,31.4,3555496.0,111936602.98,0.8687,-0.0318,0,0
2022-09-14,sh.600882,30.62,31.24,30.6,30.96,2628368.0,81194841.09,0.6421,-1.4013,0,0
2022-09-15,sh.600882,31.18,31.7,30.48,30.79,5185286.0,161598728.39,1.2668,-0.5491,0,0
2022-09-16,sh.600882,30.65,31.15,29.67,29.98,4146508.0,125066991.7,1.0131,-2.6307,0,0
2022-09-19,sh.600882,29.76,29.97,29.12,29.38,3029874.0,89322891.7,0.7402,-2.0013,0,0
2022-09-20,sh.600882,29.58,29.94,29.19,29.65,3220501.0,95019380.93,0.7868,0.919,0,0
2022-09-21,sh.600882,29.52,29.64,28.72,29.48,3479916.0,101609082.08,0.8502,-0.5734,0,0
2022-09-22,sh.600882,29.22,29.44,28.83,28.85,3017074.0,87787211.84,0.7371,-2.137,0,0
2022-09-23,sh.600882,28.7,29.0,27.43,28.25,5650987.0,158691437.5,1.3806,-2.0797,0,0
2022-09-26,sh.600882,27.8,28.79,27.62,28.29,4064620.0,115061151.44,0.993,0.1416,0,0
2022-09-27,sh.600882,28.33,31.12,28.3,31.0,9628264.0,290656570.25,2.3523,9.5794,0,0
2022-09-28,sh.600882,30.76,31.38,30.41,30.46,6514456.0,201518235.11,1.5916,-1.7419,0,0
2022-09-29,sh.600882,30.72,31.7,30.03,30.19,5712500.0,176607055.04,1.3956,-0.8864,0,0
2022-09-30,sh.600882,30.22,30.85,29.66,29.68,3222715.0,96741440.68,0.7874,-1.6893,0,0
2022-10-10,sh.600882,30.78,32.0,30.3,31.1,8246205.0,255906400.65,2.0147,4.7844,0,0
2022-10-11,sh.600882,31.15,31.37,29.1,29.93,8015235.0,240154276.18,1.9582,-3.7621,0,0
2022-10-12,sh.600882,29.68,31.78,29.55,31.6,9445493.0,290637672.22,2.3077,5.5797,0,0
2022-10-13,sh.600882,31.29,32.5,31.1,31.48,7929460.0,251893173.1,1.9373,-0.3797,0,0
2022-10-14,sh.600882,31.45,33.18,31.2,32.82,12638076.0,410369186.84,3.0877,4.2567,0,0
2022-10-17,sh.600882,32.5,33.29,32.15,33.16,9289361.0,305203245.73,2.2695,1.036,0,0
2022-10-18,sh.600882,33.29,33.41,32.57,32.72,5413849.0,178064216.23,1.3227,-1.3269,0,0
2022-10-19,sh.600882,32.35,32.53,30.71,30.92,11177425.0,348348582.11,2.7308,-5.5012,0,0
2022-10-20,sh.600882,30.74,30.99,30.3,30.38,8243293.0,251689363.03,2.014,-1.7464,0,0
2022-10-21,sh.600882,30.37,30.37,29.29,30.08,7116539.0,212301495.5,1.7387,-0.9875,0,0
2022-10-24,sh.600882,30.02,30.3,29.02,29.22,5735188.0,169472674.12,1.4012,-2.859,0,0
2022-10-25,sh.600882,29.12,29.5,28.92,29.18,4439669.0,129723977.48,1.0847,-0.1369,0,0
2022-10-26,sh.600882,29.03,30.1,29.03,29.55,6708438.0,199404491.32,1.639,1.268,0,0
2022-10-27,sh.600882,29.45,29.73,29.16,29.17,4252107.0,124836027.1,1.0388,-1.286,0,0
2022-10-28,sh.600882,29.09,29.18,27.83,27.96,8365891.0,239415981.82,2.0439,-4.1481,0,0
2022-10-31,sh.600882,27.3,28.57,26.81,27.84,8191731.0,225111327.29,2.0014,-0.4292,0,0
2022-11-01,sh.600882,27.86,28.93,27.86,28.9,7150377.0,203101286.03,1.7469,3.8075,0,0
2022-11-02,sh.600882,28.76,29.69,28.7,29.33,6857500.0,200754234.8,1.6754,1.4879,0,0
2022-11-03,sh.600882,29.1,29.44,28.92,29.33,3698900.0,107958883.0,0.9037,0.0,0,0
2022-11-04,sh.600882,29.28,30.96,29.18,30.62,11549944.0,349755532.21,2.8218,4.3982,0,0
2022-11-07,sh.600882,30.52,30.58,29.97,30.23,5905833.0,178959852.58,1.4429,-1.2737,0,0
2022-11-08,sh.600882,30.27,30.44,29.72,29.94,4989241.0,149496298.89,1.2189,-0.9593,0,0
2022-11-09,sh.600882,29.85,30.14,29.61,29.64,2672796.0,79592288.38,0.653,-1.002,0,0
2022-11-10,sh.600882,29.51,29.92,29.47,29.71,3665016.0,108974328.66,0.8954,0.2362,0,0
2022-11-11,sh.600882,30.17,30.39,29.74,29.88,5232137.0,157153485.35,1.2783,0.5722,0,0
2022-11-14,sh.600882,29.88,30.36,29.68,29.85,4399541.0,131842512.98,1.0749,-0.1004,0,0
2022-11-15,sh.600882,29.88,30.94,29.77,30.82,8861053.0,271002545.84,2.1649,3.2496,0,0
2022-11-16,sh.600882,30.92,33.75,30.7,33.11,14741292.0,480218175.47,3.586,7.4302,0,0
2022-11-17,sh.600882,33.11,33.11,33.11,33.11,,,,,0,0
2022-11-18,sh.600882,34.0,34.0,31.21,31.86,11338240.0,364845760.79,2.7582,-3.7753,0,0
2022-11-21,sh.600882,31.31,31.7,30.02,31.18,7254986.0,223022021.57,1.7649,-2.1343,0,0
2022-11-22,sh.600882,31.21,31.45,29.91,30.14,6122812.0,186672006.94,1.4895,-3.3355,0,0
2022-11-23,sh.600882,30.14,30.14,28.86,29.05,5074364.0,148475385.95,1.2344,-3.6165,0,0
2022-11-24,sh.600882,28.49,29.3,27.97,28.0,9726127.0,276383474.42,2.366,-3.6145,0,0
2022-11-25,sh.600882,28.1,28.11,26.67,26.92,13903667.0,377822951.46,3.3822,-3.8571,0,0
2022-11-28,sh.600882,26.4,26.5,25.73,26.5,8771140.0,228965188.31,2.1337,-1.5602,0,0
2022-11-29,sh.600882,26.51,27.94,26.51,27.66,11618066.0,316927206.94,2.8262,4.3774,0,0
2022-11-30,sh.600882,27.49,28.25,27.15,27.31,8210897.0,226321893.37,1.9974,-1.2654,0,0
2022-12-01,sh.600882,28.0,30.04,28.0,30.04,12176376.0,358675136.63,2.9621,9.9963,1,0
2022-12-02,sh.600882,30.33,31.29,30.2,31.09,23026892.0,711313518.77,5.6016,3.4953,0,0
2022-12-05,sh.600882,31.31,32.57,31.15,32.28,15828492.0,507418782.6,3.8505,3.8276,0,0
2022-12-06,sh.600882,32.0,33.39,31.85,32.3,15739129.0,511660965.41,3.8287,0.062,0,0
2022-12-07,sh.600882,32.35,32.96,31.64,32.42,9565752.0,309297772.71,2.327,0.3715,0,0
2022-12-08,sh.600882,32.3,32.75,31.76,32.2,8898114.0,285878039.13,2.1646,-0.6786,0,0
2022-12-09,sh.600882,32.5,33.26,31.96,33.05,10424001.0,341118605.02,2.5358,2.6398,0,0
2022-12-12,sh.600882,32.55,32.95,31.69,31.77,8320255.0,266948747.66,2.024,-3.8729,0,0
2022-12-13,sh.600882,31.8,33.32,31.56,32.73,9914123.0,324228459.78,2.4117,3.0217,0,0
2022-12-14,sh.600882,32.63,35.23,32.3,34.82,18134307.0,620692137.26,4.4114,6.3856,0,0
2022-12-15,sh.600882,35.1,35.18,33.88,33.99,10083906.0,347254671.88,2.453,-2.3837,0,0
2022-12-16,sh.600882,33.72,34.77,33.6,34.35,7673113.0,262176712.98,1.8666,1.0591,0,0
2022-12-19,sh.600882,34.05,34.55,32.75,32.93,9053386.0,301542291.15,2.2024,-4.1339,0,0
2022-12-20,sh.600882,32.96,33.1,31.45,31.48,7114834.0,227057131.39,1.7308,-4.4033,0,0
2022-12-21,sh.600882,31.53,32.45,31.45,31.76,7628844.0,244019744.32,1.8558,0.8895,0,0
2022-12-22,sh.600882,32.05,33.51,31.96,32.61,8517875.0,279479821.77,2.0721,2.6763,0,0
2022-12-23,sh.600882,32.5,33.21,31.5,32.49,7542382.0,244843279.17,1.8348,-0.368,0,0
2022-12-26,sh.600882,32.52,32.98,31.35,31.67,9516549.0,305121513.54,2.315,-2.5239,0,0
2022-12-27,sh.600882,32.11,32.77,31.38,32.54,8257985.0,266406929.59,2.0089,2.7471,0,0
2022-12-28,sh.600882,32.17,32.98,31.72,32.33,9766331.0,316063287.03,2.3758,-0.6454,0,0
2022-12-29,sh.600882,32.09,32.09,31.1,31.31,8101533.0,254659317.1,1.9708,-3.155,0,0
2022-12-30,sh.600882,31.31,32.17,30.6,31.84,8631740.0,270818918.22,2.0998,1.6927,0,0
2023-01-03,sh.600882,31.59,31.8,30.93,31.18,6317776.0,197044987.02,1.5369,-2.0729,0,0
2023-01-04,sh.600882,31.0,31.98,30.76,31.25,5596892.0,175908415.09,1.3615,0.2245,0,0
2023-01-05,sh.600882,31.28,33.4,31.06,33.09,14276451.0,462787796.33,3.4729,5.888,0,0
2023-01-06,sh.600882,33.0,33.18,32.32,32.87,8073310.0,264295706.34,1.9639,-0.6649,0,0
2023-01-09,sh.600882,32.87,34.19,32.2,33.92,11856774.0,397690660.66,2.3155,3.1944,0,0
2023-01-10,sh.600882,33.92,34.17,33.33,33.51,6050761.0,203814011.15,1.1817,-1.2087,0,0
2023-01-11,sh.600882,33.55,33.8,32.83,32.95,4981368.0,166042085.22,0.9728,-1.6711,0,0
2023-01-12,sh.600882,32.96,33.2,32.25,32.66,3792695.0,123934343.93,0.7407,-0.8801,0,0
2023-01-13,sh.600882,32.66,34.56,32.62,33.96,9485603.0,320390739.44,1.8525,3.9804,0,0
2023-01-16,sh.600882,34.01,36.2,34.01,35.18,12098550.0,429237239.77,2.3628,3.5925,0,0
2023-01-17,sh.600882,35.5,35.5,34.34,34.43,5588500.0,194099434.0,1.0914,-2.1319,0,0
2023-01-18,sh.600882,34.63,34.75,33.97,34.05,4081765.0,139665925.36,0.7971,-1.1037,0,0
2023-01-19,sh.600882,34.0,34.52,33.59,34.39,4419092.0,151111532.86,0.863,0.9985,0,0
2023-01-20,sh.600882,34.17,34.44,33.47,33.74,5732800.0,193885830.5,1.1196,-1.8901,0,0
2023-01-30,sh.600882,33.74,34.47,33.42,33.9,5768514.0,196080965.24,1.1265,0.4742,0,0
2023-01-31,sh.600882,33.9,34.55,33.56,33.56,5020759.0,170494544.92,0.9805,-1.0029,0,0
2023-02-01,sh.600882,33.4,33.99,32.66,33.98,7012877.0,233482373.78,1.3696,1.2515,0,0
2023-02-02,sh.600882,33.95,34.76,33.51,34.63,7458131.0,256479490.38,1.4565,1.9129,0,0
2023-02-03,sh.600882,34.5,34.63,33.57,34.23,5205871.0,177463609.33,1.0167,-1.1551,0,0
2023-02-06,sh.600882,33.79,33.79,32.17,32.38,9308836.0,306471951.4,1.8179,-5.4046,0,0
2023-02-07,sh.600882,32.39,33.2,32.38,32.85,4455539.0,146521494.54,0.8701,1.4515,0,0
2023-02-08,sh.600882,33.0,33.05,32.42,32.56,3059638.0,100031713.79,0.5975,-0.8828,0,0
2023-02-09,sh.600882,32.54,33.25,32.31,33.1,3798012.0,125428846.46,0.7417,1.6585,0,0
2023-02-10,sh.600882,33.02,33.45,32.9,33.25,3914519.0,130043973.38,0.7645,0.4532,0,0
2023-02-13,sh.600882,33.13,36.58,33.09,36.58,20255265.0,721087315.36,3.9557,10.015,1,0
2023-02-14,sh.600882,37.5,38.5,37.0,38.23,25201447.0,953024976.43,4.9216,4.5107,0,0
2023-02-15,sh.600882,38.26,38.3,37.27,37.38,13105047.0,493144300.31,2.5593,-2.2234,0,0
2023-02-16,sh.600882,37.53,37.74,36.23,36.65,13144295.0,485663371.38,2.567,-1.9529,0,0
2023-02-17,sh.600882,36.64,37.29,36.22,36.33,9706230.0,357038471.33,1.8955,-0.8731,0,0
2023-02-20,sh.600882,36.4,36.96,35.65,36.95,9712226.0,354209374.68,1.8967,1.7066,0,0
2023-02-21,sh.600882,37.04,37.05,36.26,36.73,8875588.0,324630523.8,1.7333,-0.5954,0,0
2023-02-22,sh.600882,36.58,37.48,36.4,36.94,8277110.0,306563429.91,1.6165,0.5717,0,0
2023-02-23,sh.600882,36.94,37.4,35.89,36.23,7554588.0,275893452.06,1.4754,-1.922,0,0
2023-02-24,sh.600882,36.04,36.36,35.73,36.09,3986942.0,143659860.51,0.7786,-0.3864,0,0
2023-02-27,sh.600882,35.55,35.98,34.18,34.7,10788859.0,374873016.35,2.107,-3.8515,0,0
2023-02-28,sh.600882,34.99,35.08,34.3,34.86,4845102.0,167887378.4,0.9462,0.4611,0,0
2023-03-01,sh.600882,34.76,35.46,34.36,35.39,5806977.0,203290624.81,1.1341,1.5204,0,0
2023-03-02,sh.600882,35.4,35.89,35.03,35.79,6880484.0,244352971.32,1.3437,1.1303,0,0
2023-03-03,sh.600882,35.85,36.39,34.85,35.32,5582767.0,197852669.96,1.0903,-1.3132,0,0
2023-03-06,sh.600882,35.33,35.36,34.24,34.45,6751631.0,233261448.21,1.3185,-2.4632,0,0
2023-03-07,sh.600882,34.47,34.55,33.54,33.65,5750800.0,195563174.39,1.1231,-2.3222,0,0
2023-03-08,sh.600882,33.28,33.55,32.61,33.27,5866526.0,193970245.54,1.1457,-1.1293,0,0
2023-03-09,sh.600882,33.2,33.49,32.6,33.47,4726510.0,156269920.66,0.923,0.6011,0,0
2023-03-10,sh.600882,33.17,33.9,32.98,33.3,4024691.0,134695463.69,0.786,-0.5079,0,0
2023-03-13,sh.600882,33.2,33.76,32.83,33.31,3819398.0,126802489.02,0.7459,0.03,0,0
2023-03-14,sh.600882,33.44,33.74,32.26,32.26,5891461.0,193771935.55,1.1506,-3.1522,0,0
2023-03-15,sh.600882,32.23,32.48,30.7,30.74,10237419.0,322297867.7,1.9993,-4.7117,0,0
2023-03-16,sh.600882,30.7,31.6,30.69,30.96,5887606.0,183434995.89,1.1498,0.7157,0,0
2023-03-17,sh.600882,31.25,31.48,30.3,30.41,7309000.0,224352375.67,1.4274,-1.7765,0,0
2023-03-20,sh.600882,30.41,30.78,29.98,30.12,6113428.0,184823885.35,1.1939,-0.9536,0,0
2023-03-21,sh.600882,30.19,30.5,29.44,29.66,11322522.0,339120835.48,2.2112,-1.5272,0,0
2023-03-22,sh.600882,29.7,30.16,29.23,29.99,8536353.0,253944924.15,1.6671,1.1126,0,0
2023-03-23,sh.600882,29.51,30.27,29.33,29.8,7643217.0,227585609.09,1.4927,-0.6335,0,0
2023-03-24,sh.600882,29.67,29.95,29.45,29.6,5842416.0,173317252.53,1.141,-0.6711,0,0
2023-03-27,sh.600882,29.5,29.6,28.74,29.03,7364110.0,213663676.11,1.4382,-1.9257,0,0
2023-03-28,sh.600882,29.17,29.76,28.85,29.25,7147300.0,209088514.85,1.3958,0.7578,0,0
2023-03-29,sh.600882,29.25,29.39,28.59,28.76,5646760.0,162665706.12,1.1028,-1.6752,0,0
2023-03-30,sh.600882,28.75,29.28,28.68,29.25,4931985.0,143081053.21,0.9632,1.7038,0,0
2023-03-31,sh.600882,29.34,29.59,29.11,29.2,5380330.0,158038388.93,1.0507,-0.1709,0,0
2023-04-03,sh.600882,29.21,29.8,29.2,29.57,6338334.0,187279284.98,1.2378,1.2671,0,0
2023-04-04,sh.600882,29.63,29.85,28.79,29.11,7308608.0,214105826.11,1.4273,-1.5556,0,0
2023-04-06,sh.600882,29.11,29.36,28.71,29.16,4305207.0,124697697.02,0.8408,0.1718,0,0
2023-04-07,sh.600882,29.17,30.06,28.88,29.66,7069195.0,209726021.0,1.3806,1.7147,0,0
2023-04-10,sh.600882,29.6,29.6,28.91,29.14,5504662.0,160553601.15,1.075,-1.7532,0,0
2023-04-11,sh.600882,29.15,29.28,27.76,28.29,9913487.0,280927076.3,1.936,-2.917,0,0
2023-04-12,sh.600882,28.5,28.59,27.76,27.91,6090611.0,170760298.45,1.1894,-1.3432,0,0
2023-04-13,sh.600882,27.8,28.09,27.58,28.06,4942054.0,137753516.64,0.9651,0.5374,0,0
2023-04-14,sh.600882,28.09,28.3,27.6,27.69,5426205.0,151373526.26,1.0597,-1.3186,0,0
2023-04-17,sh.600882,27.55,28.07,27.5,27.89,3734307.0,103962063.45,0.7293,0.7223,0,0
2023-04-18,sh.600882,27.86,28.5,27.51,28.2,6108514.0,171729636.96,1.1929,1.1115,0,0
2023-04-19,sh.600882,28.28,28.28,27.4,27.56,5861951.0,161845351.9,1.1448,-2.2695,0,0
2023-04-20,sh.600882,27.48,27.53,26.88,27.0,5288145.0,143320305.23,1.0327,-2.0319,0,0
2023-04-21,sh.600882,27.0,27.29,26.75,26.78,4423485.0,119162012.9,0.8639,-0.8148,0,0
2023-04-24,sh.600882,26.77,26.77,26.1,26.24,4937911.0,129773455.91,0.9643,-2.0164,0,0
2023-04-25,sh.600882,26.1,26.53,25.6,26.08,5174824.0,134359408.42,1.0106,-0.6098,0,0
2023-04-26,sh.600882,25.08,25.34,23.47,25.24,13548496.0,329819909.23,2.6459,-3.2209,0,0
2023-04-27,sh.600882,25.0,26.5,24.92,26.11,7822478.0,201960049.56,1.5277,3.4469,0,0
2023-04-28,sh.600882,26.13,26.6,25.95,26.22,3975459.0,104332433.22,0.7764,0.4213,0,0
2023-05-04,sh.600882,26.0,26.71,25.97,26.21,3309070.0,86852092.94,0.6462,-0.0381,0,0
2023-05-05,sh.600882,26.54,26.57,25.98,26.23,3313500.0,86805920.69,0.6471,0.0763,0,0
2023-05-08,sh.600882,26.32,26.5,26.07,26.12,3052549.0,79984671.0,0.5961,-0.4194,0,0
2023-05-09,sh.600882,26.12,26.18,25.44,25.47,4156947.0,107088510.35,0.8118,-2.4885,0,0
2023-05-10,sh.600882,25.44,25.75,25.2,25.31,3405075.0,86625433.51,0.665,-0.6282,0,0
2023-05-11,sh.600882,25.49,25.52,25.11,25.24,2689710.0,67929492.34,0.5253,-0.2766,0,0
2023-05-12,sh.600882,25.24,25.38,24.59,24.59,3874936.0,96427773.8,0.7567,-2.5753,0,0
2023-05-15,sh.600882,24.45,24.81,24.14,24.81,3691764.0,90192314.94,0.721,0.8947,0,0
2023-05-16,sh.600882,24.8,24.81,23.81,23.97,5824324.0,140250906.49,1.1374,-3.3857,0,0
2023-05-17,sh.600882,23.88,24.41,23.78,24.03,3424045.0,82525080.53,0.6687,0.2503,0,0
2023-05-18,sh.600882,24.04,24.24,23.34,23.57,5029741.0,118990382.9,0.9823,-1.9143,0,0
2023-05-19,sh.600882,23.57,24.03,23.16,23.96,4446629.0,105389395.58,0.8684,1.6546,0,0
2023-05-22,sh.600882,23.91,24.62,23.62,24.53,5246156.0,127634206.76,1.0245,2.379,0,0
2023-05-23,sh.600882,24.51,24.65,24.2,24.2,3281168.0,80000478.7,0.6408,-1.3453,0,0
2023-05-24,sh.600882,24.17,24.35,23.86,24.12,2661319.0,64134717.1,0.5197,-0.3306,0,0
2023-05-25,sh.600882,24.02,24.02,23.58,23.74,3177311.0,75513441.08,0.6205,-1.5755,0,0
2023-05-26,sh.600882,23.79,23.82,23.29,23.69,2594428.0,61121155.91,0.5067,-0.2106,0,0
2023-05-29,sh.600882,23.75,23.88,22.95,23.09,3911959.0,90834674.36,0.764,-2.5327,0,0
2023-05-30,sh.600882,23.08,23.08,22.41,22.84,4374003.0,99255195.77,0.8542,-1.0827,0,0
2023-05-31,sh.600882,22.8,23.0,22.12,22.32,4627531.0,103685158.98,0.9037,-2.2767,0,0
2023-06-01,sh.600882,22.49,23.39,22.3,22.93,5657644.0,129523407.74,1.1049,2.733,0,0
2023-06-02,sh.600882,22.91,23.55,22.63,23.34,5153945.0,119398902.12,1.0065,1.7881,0,0
2023-06-05,sh.600882,23.32,23.38,22.95,23.03,2946683.0,68024038.91,0.5755,-1.3282,0,0
2023-06-06,sh.600882,22.98,23.09,22.39,22.41,3683201.0,83485186.12,0.7193,-2.6921,0,0
2023-06-07,sh.600882,22.48,22.73,21.9,21.97,4249700.0,94140807.0,0.8299,-1.9634,0,0
2023-06-08,sh.600882,22.02,22.2,21.6,21.65,4095373.0,89258013.77,0.7998,-1.4565,0,0
2023-06-09,sh.600882,21.54,21.94,21.42,21.76,4712341.0,101906690.09,0.9203,0.5081,0,0
2023-06-12,sh.600882,21.67,23.05,21.57,22.72,6481140.0,145111961.46,1.2657,4.4118,0,0
2023-06-13,sh.600882,22.69,22.97,22.5,22.71,3516202.0,79888896.02,0.6867,-0.044,0,0
2023-06-14,sh.600882,22.71,23.45,22.55,23.22,5907824.0,136921109.1,1.1538,2.2457,0,0
2023-06-15,sh.600882,23.23,23.54,23.09,23.47,4225722.0,98630592.75,0.8252,1.0767,0,0
2023-06-16,sh.600882,23.4,23.59,23.15,23.36,3918765.0,91380239.41,0.7653,-0.4687,0,0
2023-06-19,sh.600882,23.36,23.82,22.95,23.02,3998096.0,92936805.6,0.7808,-1.4555,0,0
2023-06-20,sh.600882,23.04,23.2,22.85,22.95,2803416.0,64429689.89,0.5475,-0.3041,0,0
2023-06-21,sh.600882,22.8,22.99,22.4,22.42,3126599.0,70653655.6,0.6106,-2.3094,0,0
2023-06-26,sh.600882,22.37,22.37,21.85,21.91,3248732.0,71536933.84,0.6345,-2.2748,0,0
2023-06-27,sh.600882,21.9,22.56,21.77,22.51,3224404.0,72037184.69,0.6297,2.7385,0,0
2023-06-28,sh.600882,22.4,22.59,22.06,22.27,2678309.0,59701849.49,0.5231,-1.0662,0,0
2023-06-29,sh.600882,22.2,22.22,21.91,21.93,2540820.0,55905852.96,0.4962,-1.5267,0,0
2023-06-30,sh.600882,22.11,22.55,21.9,22.28,3124337.0,69730000.84,0.6102,1.596,0,0
2023-07-03,sh.600882,22.18,22.84,22.18,22.7,4119003.0,93349106.07,0.8044,1.8851,0,0
2023-07-04,sh.600882,22.52,22.81,22.3,22.74,3716860.0,83820488.19,0.7259,0.1762,0,0
2023-07-05,sh.600882,22.73,22.76,22.35,22.48,3001140.0,67529556.5,0.5861,-1.1434,0,0
2023-07-06,sh.600882,22.33,22.59,22.11,22.18,2794500.0,62346136.0,0.5457,-1.3345,0,0
2023-07-07,sh.600882,22.21,22.27,21.93,21.95,2066879.0,45523133.84,0.4036,-1.037,0,0
2023-07-10,sh.600882,21.95,22.43,21.93,22.14,4168300.0,92250914.91,0.814,0.8656,0,0
2023-07-11,sh.600882,22.23,22.5,21.49,21.98,7584253.0,165886208.32,1.4811,-0.7227,0,0
2023-07-12,sh.600882,21.99,22.03,21.45,21.47,4678400.0,101328992.0,0.9137,-2.3203,0,0
2023-07-13,sh.600882,21.48,22.42,21.44,22.21,7661559.0,168910895.58,1.4962,3.4467,0,0
2023-07-14,sh.600882,22.2,22.2,21.46,21.52,7482308.0,162421253.04,1.4612,-3.1067,0,0
2023-07-17,sh.600882,20.61,20.8,19.83,20.46,9457281.0,191396295.09,1.8469,-4.9257,0,0
2023-07-18,sh.600882,20.67,20.68,20.15,20.3,3931617.0,79849279.55,0.7678,-0.782,0,0
2023-07-19,sh.600882,20.31,20.52,20.13,20.27,3065200.0,62210714.0,0.5986,-0.1478,0,0
2023-07-20,sh.600882,20.26,20.55,20.16,20.2,3564428.0,72471921.97,0.6961,-0.3453,0,0
2023-07-21,sh.600882,20.17,21.45,20.06,21.19,10890082.0,228880008.73,2.1267,4.901,0,0
2023-07-24,sh.600882,21.05,21.08,20.65,20.7,4512118.0,93980881.92,0.8812,-2.3124,0,0
2023-07-25,sh.600882,21.09,21.8,21.0,21.61,8516992.0,182991029.36,1.6633,4.3961,0,0
2023-07-26,sh.600882,21.59,21.8,21.3,21.75,5958205.0,128478400.97,1.1636,0.6478,0,0
2023-07-27,sh.600882,21.75,22.0,21.55,21.71,4737828.0,103105555.58,0.9253,-0.1839,0,0
2023-07-28,sh.600882,21.6,22.3,21.52,22.24,6836581.0,150168747.72,1.3351,2.4413,0,0
2023-07-31,sh.600882,22.44,22.96,22.44,22.7,7859163.0,178556915.4,1.5348,2.0683,0,0
2023-08-01,sh.600882,22.68,22.95,22.36,22.5,4971600.0,112434503.0,0.9709,-0.8811,0,0
2023-08-02,sh.600882,22.39,22.63,22.29,22.38,3046568.0,68310738.42,0.595,-0.5333,0,0
2023-08-03,sh.600882,22.34,22.95,22.23,22.84,5498861.0,124829355.07,1.0739,2.0554,0,0
2023-08-04,sh.600882,22.84,23.0,22.31,22.37,5863455.0,132191845.27,1.1451,-2.0578,0,0
2023-08-07,sh.600882,22.29,22.42,22.06,22.21,3200970.0,71043674.64,0.6251,-0.7152,0,0
2023-08-08,sh.600882,22.11,22.4,21.84,22.38,3925501.0,86954823.89,0.7666,0.7654,0,0
2023-08-09,sh.600882,22.2,22.73,22.11,22.36,3521251.0,79044727.71,0.6877,-0.0894,0,0
2023-08-10,sh.600882,22.37,22.4,21.91,22.27,2981735.0,66015338.7,0.5823,-0.4025,0,0
2023-08-11,sh.600882,22.32,22.38,21.81,21.83,3409500.0,75053020.09,0.6658,-1.9758,0,0
2023-08-14,sh.600882,21.65,21.73,21.23,21.52,3632826.0,77946772.1,0.7095,-1.4201,0,0
2023-08-15,sh.600882,21.62,21.62,20.86,21.09,3752677.0,78984465.53,0.7329,-1.9981,0,0
2023-08-16,sh.600882,21.03,21.32,20.82,20.88,2353677.0,49503126.13,0.4597,-0.9957,0,0
2023-08-17,sh.600882,20.78,21.29,20.51,21.25,3517577.0,73814732.97,0.687,1.772,0,0
2023-08-18,sh.600882,21.2,21.42,20.57,20.59,3741698.0,77887814.8,0.7307,-3.1059,0,0
2023-08-21,sh.600882,20.58,21.39,20.5,20.9,6585800.0,138243595.96,1.2862,1.5056,0,0
2023-08-22,sh.600882,20.92,21.12,19.91,20.31,6817600.0,137970669.85,1.3314,-2.823,0,0
2023-08-23,sh.600882,20.3,20.3,19.64,19.68,3184083.0,63511686.16,0.6218,-3.1019,0,0
2023-08-24,sh.600882,19.69,20.0,19.48,19.7,3268735.0,64537086.31,0.6384,0.1016,0,0
2023-08-25,sh.600882,19.51,19.69,18.81,18.9,4931900.0,94176021.81,0.9632,-4.0609,0,0
2023-08-28,sh.600882,19.87,19.98,18.48,18.55,5649118.0,108106042.26,1.1032,-1.8519,0,0
2023-08-29,sh.600882,18.37,18.87,18.05,18.87,5900014.0,110332138.36,1.1522,1.7251,0,0
2023-08-30,sh.600882,18.85,19.18,18.72,18.76,3509769.0,66392531.36,0.6854,-0.5829,0,0
2023-08-31,sh.600882,18.7,18.74,18.33,18.38,3657596.0,67603478.21,0.7143,-2.0256,0,0
2023-09-01,sh.600882,18.48,19.28,18.47,19.2,8480100.0,161159746.71,1.6561,4.4614,0,0
2023-09-04,sh.600882,19.45,19.91,19.34,19.72,8800634.0,172469206.77,1.7187,2.7083,0,0
2023-09-05,sh.600882,19.65,19.68,19.28,19.47,5439672.0,105664134.76,1.0623,-1.2677,0,0
2023-09-06,sh.600882,19.39,19.5,19.16,19.46,3590552.0,69397943.72,0.7012,-0.0514,0,0
2023-09-07,sh.600882,19.28,19.4,18.95,18.97,3687900.0,70434616.0,0.7202,-2.518,0,0
2023-09-08,sh.600882,19.0,19.27,18.83,19.1,3243831.0,61817316.05,0.6335,0.6853,0,0
2023-09-11,sh.600882,19.02,19.37,18.89,19.22,2911551.0,55813735.78,0.5686,0.6283,0,0
2023-09-12,sh.600882,19.16,19.45,19.05,19.28,2910951.0,56177268.75,0.5685,0.3122,0,0
2023-09-13,sh.600882,19.2,19.34,18.97,19.08,3016426.0,57574151.48,0.5891,-1.0373,0,0
2023-09-14,sh.600882,19.1,19.14,18.67,18.75,2782272.0,52334053.0,0.5434,-1.7296,0,0
2023-09-15,sh.600882,18.8,18.94,18.56,18.85,2619800.0,49181458.39,0.5116,0.5333,0,0
2023-09-18,sh.600882,18.7,19.24,18.58,19.12,3388200.0,64521964.0,0.6617,1.4324,0,0
2023-09-19,sh.600882,19.08,19.08,18.38,18.46,5262600.0,97907500.0,1.0277,-3.4519,0,0
2023-09-20,sh.600882,18.38,18.43,17.93,17.95,6414333.0,115983522.89,1.2527,-2.7627,0,0
2023-09-21,sh.600882,17.91,18.0,17.56,17.57,4561778.0,80799308.92,0.8909,-2.117,0,0
2023-09-22,sh.600882,17.53,17.85,17.45,17.84,4593997.0,81298603.59,0.8972,1.5367,0,0
2023-09-25,sh.600882,17.82,17.82,17.21,17.25,6323635.0,110057023.7,1.235,-3.3072,0,0
2023-09-26,sh.600882,17.3,17.41,17.09,17.11,4545453.0,78237616.48,0.8877,-0.8116,0,0
2023-09-27,sh.600882,17.08,17.82,17.01,17.63,6730424.0,118184915.83,1.3144,3.0392,0,0
2023-09-28,sh.600882,17.63,17.8,17.38,17.41,4069719.0,71269283.06,0.7948,-1.2479,0,0
2023-10-09,sh.600882,17.41,17.45,16.99,17.09,4963600.0,85240991.0,0.9694,-1.838,0,0
2023-10-10,sh.600882,17.15,17.33,16.98,17.05,3497700.0,59777677.0,0.6831,-0.2341,0,0
2023-10-11,sh.600882,17.09,17.52,17.05,17.31,4648948.0,80603324.56,0.9079,1.5249,0,0
2023-10-12,sh.600882,17.4,17.73,17.28,17.7,5141031.0,90170893.74,1.004,2.253,0,0
2023-10-13,sh.600882,17.54,17.57,17.28,17.51,4452587.0,77596439.95,0.8696,-1.0734,0,0
2023-10-16,sh.600882,17.54,17.54,16.99,17.06,3954020.0,67772022.4,0.7722,-2.57,0,0
2023-10-17,sh.600882,17.09,17.25,16.95,17.11,3001920.0,51268544.8,0.5863,0.2931,0,0
2023-10-18,sh.600882,17.11,17.14,16.73,16.76,3041200.0,51259500.0,0.5939,-2.0456,0,0
2023-10-19,sh.600882,16.75,17.04,16.67,16.74,3621714.0,60862376.6,0.7073,-0.1193,0,0
2023-10-20,sh.600882,16.7,16.94,16.65,16.7,2969500.0,49828003.0,0.5799,-0.2389,0,0
2023-10-23,sh.600882,16.58,16.67,16.07,16.18,4709659.0,76735693.85,0.9198,-3.1138,0,0
2023-10-24,sh.600882,16.19,16.55,16.17,16.52,4809340.0,79008330.06,0.9392,2.1014,0,0
2023-10-25,sh.600882,16.68,17.01,16.63,16.81,3839660.0,64757552.4,0.7499,1.7554,0,0
2023-10-26,sh.600882,16.7,16.8,16.31,16.5,3415219.0,56332363.07,0.667,-1.8441,0,0
2023-10-27,sh.600882,16.5,17.24,16.34,17.17,6029559.0,102212521.87,1.1775,4.0606,0,0
2023-10-30,sh.600882,16.85,17.3,16.85,17.17,5534569.0,94737057.46,1.0809,0.0,0,0
2023-10-31,sh.600882,17.15,17.37,17.09,17.23,3809420.0,65516752.14,0.7439,0.3494,0,0
2023-11-01,sh.600882,17.42,17.51,16.94,17.27,4899801.0,84413265.72,0.9569,0.2322,0,0
2023-11-02,sh.600882,17.18,17.29,17.0,17.06,3481353.0,59558552.77,0.6799,-1.216,0,0
2023-11-03,sh.600882,17.07,17.91,17.06,17.76,7537554.0,132521902.36,1.472,4.1032,0,0
2023-11-06,sh.600882,17.7,17.89,17.55,17.76,5668300.0,100412955.0,1.107,0.0,0,0
2023-11-07,sh.600882,17.76,17.76,17.38,17.56,4404200.0,77113687.0,0.8601,-1.1261,0,0
2023-11-08,sh.600882,17.51,17.76,17.41,17.58,3264301.0,57302577.58,0.6375,0.1139,0,0
2023-11-09,sh.600882,17.61,17.66,17.45,17.46,2766980.0,48496544.8,0.5404,-0.6826,0,0
2023-11-10,sh.600882,17.33,17.5,17.17,17.31,2610004.0,45113225.08,0.5097,-0.8591,0,0
2023-11-13,sh.600882,17.31,17.57,17.31,17.45,2861799.0,49959165.57,0.5589,0.8088,0,0
2023-11-14,sh.600882,17.49,17.9,17.43,17.62,4310338.0,76276315.7,0.8418,0.9742,0,0
2023-11-15,sh.600882,17.75,18.09,17.71,17.76,4479100.0,80023902.92,0.8747,0.7946,0,0
2023-11-16,sh.600882,17.72,17.84,17.49,17.52,2214200.0,38919525.0,0.4324,-1.3514,0,0
2023-11-17,sh.600882,17.47,17.56,17.34,17.5,1940941.0,33866194.22,0.3791,-0.1142,0,0
2023-11-20,sh.600882,17.5,17.83,17.37,17.82,3192702.0,56348964.84,0.6235,1.8286,0,0
2023-11-21,sh.600882,17.83,18.4,17.83,18.16,6203580.0,112548233.52,1.2115,1.908,0,0
2023-11-22,sh.600882,18.13,18.13,17.5,17.55,6139080.0,109169513.0,1.1989,-3.359,0,0
2023-11-23,sh.600882,17.6,17.71,17.36,17.63,4007600.0,70101041.0,0.7827,0.4558,0,0
2023-11-24,sh.600882,17.6,17.62,17.39,17.53,2460180.0,43041428.6,0.4805,-0.5672,0,0
2023-11-27,sh.600882,17.4,17.51,17.17,17.31,2836999.0,49033032.66,0.554,-1.255,0,0
2023-11-28,sh.600882,17.32,17.62,17.13,17.52,2298730.0,40091969.0,0.4489,1.2132,0,0
2023-11-29,sh.600882,17.45,17.52,17.14,17.15,2779047.0,47871754.34,0.5427,-2.1119,0,0
2023-11-30,sh.600882,17.1,17.44,17.0,17.32,2933530.0,50587499.5,0.5729,0.9913,0,0
2023-12-01,sh.600882,17.32,17.5,17.02,17.18,3143729.0,54210641.77,0.6139,-0.8083,0,0
2023-12-04,sh.600882,17.15,17.18,16.76,16.86,3640266.0,61524730.01,0.7109,-1.8626,0,0
2023-12-05,sh.600882,16.8,17.6,16.8,17.16,7184775.0,124088005.77,1.4031,1.7794,0,0
2023-12-06,sh.600882,17.07,17.38,16.89,17.18,5341502.0,91539311.82,1.0432,0.1166,0,0
2023-12-07,sh.600882,17.18,17.25,16.53,17.0,4879931.0,81983783.71,0.953,-1.0477,0,0
2023-12-08,sh.600882,16.99,17.06,16.66,16.66,3089194.0,51925205.8,0.6033,-2.0,0,0
2023-12-11,sh.600882,16.66,16.67,16.25,16.65,4232554.0,69677225.22,0.8266,-0.06,0,0
2023-12-12,sh.600882,16.65,16.74,16.52,16.7,1846133.0,30790407.45,0.3605,0.3003,0,0
2023-12-13,sh.600882,16.64,16.7,15.95,15.97,6036297.0,97601740.27,1.1788,-4.3713,0,0
2023-12-14,sh.600882,16.0,16.18,15.7,15.7,3482152.0,55360440.06,0.68,-1.6907,0,0
2023-12-15,sh.600882,15.75,16.18,15.72,15.85,4299655.0,68592029.88,0.8397,0.9554,0,0
2023-12-18,sh.600882,15.77,15.9,15.43,15.51,3953524.0,61593837.47,0.7721,-2.1451,0,0
2023-12-19,sh.600882,15.46,15.57,15.25,15.36,2809900.0,43195806.0,0.5488,-0.9671,0,0
2023-12-20,sh.600882,15.4,15.44,15.01,15.02,3574457.0,54327606.85,0.6981,-2.2135,0,0
2023-12-21,sh.600882,15.04,15.33,14.9,15.18,4120484.0,62330714.78,0.8047,1.0652,0,0
2023-12-22,sh.600882,15.23,15.29,14.98,15.11,3747058.0,56664050.9,0.7318,-0.4611,0,0
2023-12-25,sh.600882,15.11,15.17,14.96,15.12,2312916.0,34809649.56,0.4517,0.0662,0,0
2023-12-26,sh.600882,15.1,15.2,14.8,14.81,2386622.0,35578431.58,0.4661,-2.0503,0,0
2023-12-27,sh.600882,14.81,15.09,14.73,15.08,2762371.0,41218087.97,0.5395,1.8231,0,0
2023-12-28,sh.600882,14.96,15.96,14.96,15.82,5694888.0,88636594.89,1.1122,4.9072,0,0
2023-12-29,sh.600882,15.74,16.24,15.68,16.07,5622959.0,90323128.56,1.0981,1.5803,0,0
2024-01-02,sh.600882,16.07,16.16,15.82,15.84,2768800.0,44060585.0,0.5407,-1.4312,0,0
2024-01-03,sh.600882,15.76,15.93,15.61,15.78,2119497.0,33362502.78,0.4139,-0.3788,0,0
2024-01-04,sh.600882,15.8,15.87,15.44,15.55,3255628.0,50702667.68,0.6358,-1.4575,0,0
2024-01-05,sh.600882,15.5,15.75,15.21,15.27,2694116.0,41655755.7,0.5261,-1.8006,0,0
2024-01-08,sh.600882,15.23,15.26,14.7,14.71,3613900.0,53957657.0,0.7058,-3.6673,0,0
2024-01-09,sh.600882,14.78,14.99,14.56,14.83,3010857.0,44476085.89,0.588,0.8158,0,0
2024-01-10,sh.600882,14.78,15.26,14.51,15.15,4094340.0,61474102.39,0.7996,2.1578,0,0
2024-01-11,sh.600882,15.13,15.61,15.06,15.44,3833364.0,58865817.47,0.7486,1.9142,0,0
2024-01-12,sh.600882,15.39,15.73,15.3,15.41,3810501.0,59341648.49,0.7442,-0.1943,0,0
2024-01-15,sh.600882,15.46,15.47,15.1,15.23,2941201.0,44938952.29,0.5744,-1.1681,0,0
2024-01-16,sh.600882,15.17,16.75,15.13,16.75,16522145.0,267158908.88,3.2266,9.9803,1,0
2024-01-17,sh.600882,17.2,17.2,16.07,16.08,19320046.0,319048295.73,3.7731,-4.0,0,0
2024-01-18,sh.600882,16.0,16.3,15.72,16.16,12231955.0,194940182.43,2.3888,0.4975,0,0
2024-01-19,sh.600882,16.08,16.5,15.88,15.96,11990818.0,193908517.31,2.3417,-1.2376,0,0
2024-01-22,sh.600882,15.9,15.9,14.37,14.4,13391481.0,200726504.28,2.6152,-9.7744,0,0
2024-01-23,sh.600882,14.18,14.62,13.71,14.54,8753738.0,124718641.41,1.7095,0.9722,0,0
2024-01-24,sh.600882,14.66,15.5,14.66,15.22,9946664.0,149977013.94,1.9425,4.6768,0,0
2024-01-25,sh.600882,15.22,15.83,15.0,15.68,8318532.0,128193366.9,1.6245,3.0223,0,0
2024-01-26,sh.600882,15.47,15.81,15.35,15.46,4803000.0,74807245.99,0.938,-1.4031,0,0
2024-01-29,sh.600882,15.33,15.66,15.01,15.01,3891782.0,59353753.51,0.76,-2.9107,0,0
2024-01-30,sh.600882,14.8,14.88,14.21,14.25,4669000.0,67939203.0,0.9118,-5.0633,0,0
2024-01-31,sh.600882,14.23,14.8,14.16,14.16,6182477.0,89065781.05,1.2074,-0.6316,0,0
2024-02-01,sh.600882,14.0,14.11,13.3,13.45,6875247.0,93548687.77,1.3427,-5.0141,0,0
2024-02-02,sh.600882,13.44,13.99,12.37,12.88,7912327.0,104353956.14,1.5452,-4.2379,0,0
2024-02-05,sh.600882,12.73,12.8,11.59,11.69,8786186.0,105027210.08,1.7159,-9.2391,0,0
2024-02-06,sh.600882,11.62,12.6,11.0,12.43,8594662.0,101768362.12,1.6785,6.3302,0,0
2024-02-07,sh.600882,12.41,13.0,12.3,12.83,8035781.0,102520379.32,1.5693,3.218,0,0
2024-02-08,sh.600882,12.83,13.5,12.8,13.27,7961844.0,105539590.03,1.5549,3.4295,0,0
2024-02-19,sh.600882,13.35,13.65,13.16,13.31,6114993.0,81947042.96,1.1942,0.3014,0,0
2024-02-20,sh.600882,13.25,13.43,13.14,13.35,3810453.0,50685960.88,0.7442,0.3005,0,0
2024-02-21,sh.600882,13.29,14.15,13.18,13.72,6003225.0,82478536.54,1.1724,2.7715,0,0
2024-02-22,sh.600882,13.74,13.8,13.47,13.77,4964550.0,67861259.5,0.9695,0.3644,0,0
2024-02-23,sh.600882,13.82,13.92,13.61,13.88,4952389.0,68163447.31,0.9672,0.7988,0,0
2024-02-26,sh.600882,13.88,14.3,13.77,13.99,5591597.0,78337800.0,1.092,0.7925,0,0
2024-02-27,sh.600882,13.91,14.37,13.87,14.36,4118205.0,58277365.48,0.8043,2.6447,0,0
2024-02-28,sh.600882,14.4,14.87,13.63,13.67,7939100.0,113213427.0,1.5504,-4.805,0,0
2024-02-29,sh.600882,13.63,14.03,13.57,14.01,4563300.0,63206359.0,0.8912,2.4872,0,0
2024-03-01,sh.600882,14.15,14.16,13.82,13.94,4168200.0,58040970.0,0.814,-0.4996,0,0
2024-03-04,sh.600882,13.94,14.0,13.56,13.7,5019614.0,68795484.24,0.9803,-1.7217,0,0
2024-03-05,sh.600882,13.7,13.7,13.15,13.3,7287957.0,97507782.25,1.4233,-2.9197,0,0
2024-03-06,sh.600882,13.22,13.41,12.91,13.17,6749800.0,88493082.0,1.3182,-0.9774,0,0
2024-03-07,sh.600882,13.2,13.28,12.84,12.84,4948944.0,64663989.16,0.9665,-2.5057,0,0
2024-03-08,sh.600882,12.83,12.95,12.57,12.71,4849751.0,61693073.16,0.9471,-1.0125,0,0
2024-03-11,sh.600882,12.75,13.39,12.73,13.39,7514793.0,98456175.86,1.4676,5.3501,0,0
2024-03-12,sh.600882,13.4,14.18,13.34,14.16,11204245.0,154741028.75,2.1881,5.7506,0,0
2024-03-13,sh.600882,14.12,14.12,13.87,14.02,6178961.0,86306614.1,1.2067,-0.9887,0,0
2024-03-14,sh.600882,13.97,14.18,13.65,13.81,4855324.0,67478837.89,0.9482,-1.4979,0,0
2024-03-15,sh.600882,13.7,14.0,13.7,14.0,3727950.0,51651711.81,0.728,1.3758,0,0
2024-03-18,sh.600882,14.0,14.1,13.81,14.09,4786542.0,66774238.0,0.9348,0.6429,0,0
2024-03-19,sh.600882,14.06,14.5,13.96,14.13,6516374.0,92755698.18,1.2726,0.2839,0,0
2024-03-20,sh.600882,14.1,14.25,14.02,14.25,3706242.0,52370834.64,0.7238,0.8493,0,0
2024-03-21,sh.600882,14.27,14.38,14.08,14.22,3811232.0,54232248.96,0.7443,-0.2105,0,0
2024-03-22,sh.600882,14.2,14.26,13.74,13.79,5209956.0,72474037.0,1.0175,-3.0239,0,0
2024-03-25,sh.600882,13.72,13.72,13.25,13.25,4538530.0,61198831.8,0.8863,-3.9159,0,0
2024-03-26,sh.600882,13.25,13.77,13.25,13.74,7408737.0,100440620.59,1.4469,3.6981,0,0
2024-03-27,sh.600882,13.92,14.25,13.54,13.63,8533786.0,118769211.91,1.6666,-0.8006,0,0
2024-03-28,sh.600882,13.43,13.58,13.18,13.35,6944617.0,92851357.73,1.3562,-2.0543,0,0
2024-03-29,sh.600882,13.29,13.39,13.02,13.36,4383410.0,57987984.25,0.856,0.0749,0,0
2024-04-01,sh.600882,13.48,13.9,13.44,13.86,5531072.0,75988356.82,1.0802,3.7425,0,0
2024-04-02,sh.600882,13.8,13.97,13.55,13.83,4155279.0,57219217.23,0.8115,-0.2165,0,0
2024-04-03,sh.600882,13.79,13.97,13.66,13.93,3861100.0,53441151.0,0.754,0.7231,0,0
2024-04-08,sh.600882,13.93,13.94,13.45,13.52,4627005.0,63029097.91,0.9036,-2.9433,0,0
2024-04-09,sh.600882,13.52,13.97,13.38,13.96,4524408.0,62176032.88,0.8836,3.2544,0,0
2024-04-10,sh.600882,13.99,13.99,13.42,13.55,3943642.0,53841823.68,0.7702,-2.937,0,0
2024-04-11,sh.600882,13.52,13.58,13.27,13.3,3574498.0,47875676.61,0.6981,-1.845,0,0
2024-04-12,sh.600882,13.16,13.31,12.83,12.86,4074228.0,52937878.8,0.7957,-3.3083,0,0
2024-04-15,sh.600882,12.65,12.99,12.21,12.41,5858677.0,73475239.07,1.1442,-3.4992,0,0
2024-04-16,sh.600882,12.31,12.37,11.79,11.79,5610026.0,67163894.06,1.0956,-4.996,0,0
2024-04-17,sh.600882,11.88,12.25,11.88,12.21,4641683.0,56261479.75,0.9065,3.5623,0,0
2024-04-18,sh.600882,12.13,12.5,11.94,12.29,4459839.0,54792046.91,0.871,0.6552,0,0
2024-04-19,sh.600882,12.15,12.3,11.85,11.95,4199839.0,50398766.62,0.8202,-2.7665,0,0
2024-04-22,sh.600882,12.01,12.29,11.83,12.18,4336700.0,52656709.0,0.8469,1.9247,0,0
2024-04-23,sh.600882,12.19,12.6,12.15,12.47,4367270.0,54145961.33,0.8529,2.381,0,0
2024-04-24,sh.600882,12.45,12.57,12.26,12.53,2970259.0,36863352.91,0.5801,0.4812,0,0
2024-04-25,sh.600882,12.36,12.66,12.36,12.39,2747502.0,34322050.31,0.5366,-1.1173,0,0
2024-04-26,sh.600882,12.31,12.67,12.25,12.66,3807200.0,47581268.0,0.7435,2.1792,0,0
2024-04-29,sh.600882,13.05,13.93,13.02,13.93,6313736.0,86332225.04,1.233,10.0316,1,0
2024-04-30,sh.600882,13.91,14.04,13.67,13.75,9620502.0,132618144.44,1.8788,-1.2922,0,0
2024-05-06,sh.600882,13.89,14.53,13.89,14.38,9590800.0,137126934.01,1.873,4.5818,0,0
2024-05-07,sh.600882,14.44,14.53,14.25,14.49,6758513.0,97509388.07,1.3199,0.765,0,0
2024-05-08,sh.600882,14.5,14.63,14.28,14.3,4287383.0,61786931.44,0.8373,-1.3112,0,0
2024-05-09,sh.600882,14.31,14.63,14.28,14.45,4520901.0,65514952.46,0.8829,1.049,0,0
2024-05-10,sh.600882,14.55,14.83,14.34,14.39,4893599.0,70939161.61,0.9557,-0.4152,0,0
2024-05-13,sh.600882,14.3,14.44,13.99,14.31,4966000.0,70626415.0,0.9698,-0.5559,0,0
2024-05-14,sh.600882,14.4,15.05,14.32,14.98,8660981.0,128273713.33,1.6914,4.682,0,0
2024-05-15,sh.600882,15.0,15.18,14.73,14.92,7045241.0,105113366.54,1.3759,-0.4005,0,0
2024-05-16,sh.600882,15.0,15.32,14.76,15.21,8343300.0,126240456.0,1.6294,1.9437,0,0
2024-05-17,sh.600882,15.25,15.55,14.9,15.3,7229885.0,109521915.54,1.4119,0.5917,0,0
2024-05-20,sh.600882,15.29,15.65,15.2,15.42,6453900.0,99531671.11,1.2604,0.7843,0,0
2024-05-21,sh.600882,15.32,15.5,15.18,15.26,5115871.0,78405278.62,0.9991,-1.0376,0,0
2024-05-22,sh.600882,15.2,15.3,15.07,15.24,3965800.0,60240935.0,0.7745,-0.1311,0,0
2024-05-23,sh.600882,15.25,15.32,14.78,14.83,4722302.0,70757262.81,0.9222,-2.6903,0,0
2024-05-24,sh.600882,14.83,15.02,14.72,14.79,3589401.0,53380200.84,0.701,-0.2697,0,0
2024-05-27,sh.600882,14.77,14.87,14.52,14.82,3532529.0,51760818.43,0.6899,0.2028,0,0
2024-05-28,sh.600882,14.7,14.99,14.44,14.47,3704254.0,54171468.28,0.7234,-2.3617,0,0
2024-05-29,sh.600882,14.54,14.74,14.44,14.51,2666300.0,38865650.14,0.5207,0.2764,0,0
2024-05-30,sh.600882,14.4,14.6,14.32,14.5,3156801.0,45650625.37,0.6165,-0.0689,0,0
2024-05-31,sh.600882,14.69,14.69,14.39,14.41,2847514.0,41242943.58,0.5561,-0.6207,0,0
2024-06-03,sh.600882,14.39,14.5,14.08,14.26,3054637.0,43554824.62,0.5965,-1.0409,0,0
2024-06-04,sh.600882,14.27,14.31,14.05,14.3,2584716.0,36671873.2,0.5048,0.2805,0,0
2024-06-05,sh.600882,14.22,14.42,14.06,14.06,2904440.0,41250721.2,0.5672,-1.6783,0,0
2024-06-06,sh.600882,14.0,14.16,13.16,13.37,7914200.0,106837948.0,1.5456,-4.9075,0,0
2024-06-07,sh.600882,13.43,13.64,13.34,13.5,3930123.0,53010165.21,0.7675,0.9723,0,0
2024-06-11,sh.600882,13.44,13.6,13.26,13.57,3380411.0,45429500.57,0.6602,0.5185,0,0
2024-06-12,sh.600882,13.5,13.92,13.49,13.76,3275300.0,45082309.0,0.6396,1.4001,0,0
2024-06-13,sh.600882,14.31,14.47,13.24,13.31,9341567.0,126063288.38,1.8243,-3.2703,0,0
2024-06-14,sh.600882,13.43,13.77,13.16,13.65,6131800.0,82461085.0,1.1975,2.5545,0,0
2024-06-17,sh.600882,13.46,13.81,13.3,13.47,5246269.0,70913868.5,1.0246,-1.3187,0,0
2024-06-18,sh.600882,13.52,13.66,13.47,13.54,3573900.0,48486446.0,0.698,0.5197,0,0
2024-06-19,sh.600882,13.6,13.79,13.54,13.64,4363501.0,59652967.63,0.8522,0.7386,0,0
2024-06-20,sh.600882,13.6,13.64,13.15,13.16,3720400.0,49625189.0,0.7266,-3.5191,0,0
2024-06-21,sh.600882,13.16,13.29,13.07,13.14,2387253.0,31426128.9,0.4662,-0.152,0,0
2024-06-24,sh.600882,13.14,13.14,12.73,12.78,3376066.0,43454859.7,0.6593,-2.7397,0,0
2024-06-25,sh.600882,12.8,13.08,12.62,12.71,2992218.0,38277317.04,0.5844,-0.5477,0,0
2024-06-26,sh.600882,12.75,13.11,12.61,13.1,3225400.0,41482096.0,0.6299,3.0685,0,0
2024-06-27,sh.600882,13.05,13.13,12.49,12.54,4492900.0,57118299.0,0.8774,-4.2748,0,0
2024-06-28,sh.600882,12.54,12.74,12.45,12.47,3836600.0,48431870.0,0.7493,-0.5582,0,0
2024-07-01,sh.600882,12.5,12.67,12.29,12.62,3198400.0,39957086.54,0.6246,1.2029,0,0
2024-07-02,sh.600882,12.65,12.78,12.55,12.62,2884100.0,36537867.0,0.5632,0.0,0,0
2024-07-03,sh.600882,12.62,12.91,12.5,12.81,2986100.0,38096840.0,0.5832,1.5055,0,0
2024-07-04,sh.600882,12.75,12.99,12.3,12.39,3845200.0,48086997.0,0.7509,-3.2787,0,0
2024-07-05,sh.600882,12.32,12.45,12.14,12.39,3240300.0,39897246.0,0.6328,0.0,0,0
2024-07-08,sh.600882,12.33,12.37,11.9,11.96,3200900.0,38564900.0,0.6251,-3.4705,0,0
2024-07-09,sh.600882,11.95,12.43,11.84,12.35,4799800.0,58159323.0,0.9374,3.2609,0,0
2024-07-10,sh.600882,12.6,13.03,12.36,12.85,6946046.0,88849970.71,1.3565,4.0486,0,0
2024-07-11,sh.600882,12.98,13.42,12.97,13.24,6155641.0,81437741.65,1.2021,3.035,0,0
2024-07-12,sh.600882,13.27,13.56,13.21,13.46,5549700.0,74533299.0,1.0838,1.6616,0,0
2024-07-15,sh.600882,13.5,13.57,13.3,13.32,3178084.0,42591272.63,0.6207,-1.0401,0,0
2024-07-16,sh.600882,13.34,13.53,13.17,13.5,3373900.0,45250030.0,0.6589,1.3514,0,0
2024-07-17,sh.600882,13.5,13.82,13.4,13.78,4441382.0,60845752.96,0.8674,2.0741,0,0
2024-07-18,sh.600882,13.69,13.85,13.59,13.72,3419100.0,46790921.0,0.6677,-0.4354,0,0
2024-07-19,sh.600882,13.79,13.85,13.57,13.83,3499325.0,48114504.54,0.6834,0.8017,0,0
2024-07-22,sh.600882,13.72,13.79,13.48,13.56,3372100.0,45777945.0,0.6585,-1.9523,0,0
2024-07-23,sh.600882,13.5,13.6,13.08,13.1,3382600.0,45099546.18,0.6606,-3.3923,0,0
2024-07-24,sh.600882,13.11,13.13,12.81,12.86,2969200.0,38423421.0,0.5799,-1.8321,0,0
2024-07-25,sh.600882,12.86,13.17,12.78,12.95,2674500.0,34743111.0,0.5223,0.6998,0,0
2024-07-26,sh.600882,12.96,13.27,12.86,12.91,3230680.0,42045423.32,0.6309,-0.3089,0,0
2024-07-29,sh.600882,12.85,12.92,12.74,12.77,2500535.0,32059504.2,0.4883,-1.0844,0,0
2024-07-30,sh.600882,12.7,12.96,12.64,12.85,2053700.0,26329119.0,0.4011,0.6265,0,0
2024-07-31,sh.600882,12.85,13.6,12.85,13.55,4677300.0,62310195.0,0.9134,5.4475,0,0
2024-08-01,sh.600882,13.55,13.75,13.47,13.57,3591100.0,48812589.0,0.7013,0.1476,0,0
2024-08-02,sh.600882,13.48,13.85,13.45,13.59,4333900.0,59338713.0,0.8464,0.1474,0,0
2024-08-05,sh.600882,13.5,14.05,13.4,13.62,6537800.0,90430795.0,1.2768,0.2208,0,0
2024-08-06,sh.600882,13.74,14.24,13.74,14.13,6846100.0,96269235.0,1.337,3.7445,0,0
2024-08-07,sh.600882,14.07,14.09,13.76,13.93,5307500.0,73748465.0,1.0365,-1.4154,0,0
2024-08-08,sh.600882,13.89,14.26,13.84,14.18,4453745.0,62697728.65,0.8698,1.7947,0,0
2024-08-09,sh.600882,14.2,14.33,14.02,14.05,3732000.0,52758148.0,0.7288,-0.9168,0,0
2024-08-12,sh.600882,13.99,14.23,13.89,14.08,3227001.0,45380592.06,0.6302,0.2135,0,0
2024-08-13,sh.600882,14.08,14.13,13.78,14.07,2382301.0,33230716.0,0.4652,-0.071,0,0
2024-08-14,sh.600882,14.04,14.04,13.7,13.82,2225803.0,30729014.31,0.4347,-1.7768,0,0
2024-08-15,sh.600882,13.8,14.09,13.69,13.77,2820703.0,39136407.0,0.5509,-0.3618,0,0
2024-08-16,sh.600882,13.65,13.8,13.49,13.51,2345500.0,31901928.0,0.4581,-1.8882,0,0
2024-08-19,sh.600882,13.37,13.59,13.35,13.48,2187700.0,29536416.0,0.4272,-0.2221,0,0
2024-08-20,sh.600882,13.45,13.54,13.13,13.19,2255400.0,29923117.0,0.4405,-2.1513,0,0
2024-08-21,sh.600882,13.13,13.26,13.04,13.08,2028700.0,26649124.0,0.3962,-0.834,0,0
2024-08-22,sh.600882,13.52,13.7,12.77,12.88,6817501.0,88871710.88,1.3314,-1.5291,0,0
2024-08-23,sh.600882,12.85,12.93,12.53,12.59,4591200.0,58270487.0,0.8966,-2.2516,0,0
2024-08-26,sh.600882,12.0,12.32,11.8,12.02,9902980.0,119230561.38,1.934,-4.5274,0,0
2024-08-27,sh.600882,12.02,12.03,11.65,11.91,5730285.0,67773698.17,1.1191,-0.9151,0,0
2024-08-28,sh.600882,11.88,12.11,11.73,11.87,4102500.0,48954770.58,0.8012,-0.3359,0,0
2024-08-29,sh.600882,11.79,12.31,11.79,12.25,5097423.0,61475629.13,0.9955,3.2013,0,0
2024-08-30,sh.600882,12.25,12.85,12.12,12.53,5245655.0,65811920.81,1.0244,2.2857,0,0
2024-09-02,sh.600882,12.56,12.56,12.01,12.01,5199253.0,63482640.62,1.0154,-4.15,0,0
2024-09-03,sh.600882,12.02,12.4,11.95,12.36,4091844.0,50202242.64,0.7991,2.9142,0,0
2024-09-04,sh.600882,12.3,12.51,12.25,12.45,3207520.0,39802788.78,0.6264,0.7282,0,0
2024-09-05,sh.600882,12.39,12.62,12.37,12.47,3088155.0,38646968.75,0.6031,0.1606,0,0
2024-09-06,sh.600882,12.4,12.52,12.22,12.22,2479894.0,30634816.86,0.4843,-2.0048,0,0
2024-09-09,sh.600882,12.19,12.3,12.09,12.17,2188855.0,26670137.17,0.4275,-0.4092,0,0
2024-09-10,sh.600882,12.2,12.29,11.95,12.2,2158300.0,26133517.0,0.4215,0.2465,0,0
2024-09-11,sh.600882,12.07,12.35,12.03,12.27,2103814.0,25727201.94,0.4109,0.5738,0,0
2024-09-12,sh.600882,12.29,12.45,12.04,12.05,2267100.0,27638622.0,0.4427,-1.793,0,0
2024-09-13,sh.600882,12.09,12.15,11.9,11.9,1919100.0,22981818.0,0.3748,-1.2448,0,0
2024-09-18,sh.600882,11.87,11.9,11.63,11.78,2338465.0,27406336.4,0.4567,-1.0084,0,0
2024-09-19,sh.600882,11.85,12.49,11.85,12.38,4284000.0,52474825.0,0.8366,5.0934,0,0
2024-09-20,sh.600882,12.3,12.52,12.18,12.44,3266081.0,40363489.97,0.6378,0.4847,0,0
2024-09-23,sh.600882,12.46,12.93,12.33,12.67,4705772.0,59572277.67,0.919,1.8489,0,0
2024-09-24,sh.600882,12.77,13.26,12.7,13.24,6325892.0,82404337.53,1.2354,4.4988,0,0
2024-09-25,sh.600882,13.31,13.52,13.16,13.19,5928940.0,79046593.8,1.1579,-0.3776,0,0
2024-09-26,sh.600882,13.18,14.3,13.15,14.29,8754811.0,120987436.59,1.7097,8.3397,0,0
2024-09-27,sh.600882,15.18,15.3,14.75,15.18,9690722.0,145877628.04,1.8925,6.2281,0,0
2024-09-30,sh.600882,16.27,16.7,15.93,16.7,18134341.0,299188467.52,3.5415,10.0132,1,0
2024-10-08,sh.600882,18.37,18.37,16.82,17.7,21241892.0,377710619.21,4.1484,5.988,0,0
2024-10-09,sh.600882,17.0,17.0,15.94,16.08,14293283.0,236021915.68,2.7914,-9.1525,0,0
2024-10-10,sh.600882,16.07,16.66,15.8,16.25,8796057.0,143796889.75,1.7178,1.0572,0,0
2024-10-11,sh.600882,16.21,16.5,15.4,15.69,8086722.0,128088298.72,1.5793,-3.4462,0,0
2024-10-14,sh.600882,15.64,15.96,15.17,15.9,7000746.0,109370855.88,1.3672,1.3384,0,0
2024-10-15,sh.600882,15.83,15.87,15.33,15.34,5855821.0,91393623.36,1.1436,-3.522,0,0
2024-10-16,sh.600882,15.2,15.49,15.02,15.31,4675500.0,71402082.67,0.9131,-0.1956,0,0
2024-10-17,sh.600882,15.31,15.59,15.0,15.0,4796500.0,73159788.6,0.9367,-2.0248,0,0
2024-10-18,sh.600882,14.87,15.78,14.87,15.55,7841378.0,119934350.24,1.5314,3.6667,0,0
2024-10-21,sh.600882,15.55,16.27,15.49,16.0,9970752.0,158804684.76,1.9472,2.8939,0,0
2024-10-22,sh.600882,16.0,16.13,15.81,16.05,5284000.0,84451108.94,1.0319,0.3125,0,0
2024-10-23,sh.600882,16.06,16.15,15.88,15.96,4679535.0,74824959.9,0.9139,-0.5607,0,0
2024-10-24,sh.600882,15.8,16.0,15.76,15.81,3252409.0,51556986.19,0.6352,-0.9398,0,0
2024-10-25,sh.600882,15.79,16.19,15.79,16.04,4681920.0,74956834.6,0.9143,1.4548,0,0
2024-10-28,sh.600882,16.1,16.43,16.02,16.39,5507060.0,89731262.19,1.0755,2.182,0,0
2024-10-29,sh.600882,16.8,17.4,16.08,16.18,12167644.0,203177328.96,2.3762,-1.2813,0,0
2024-10-30,sh.600882,16.06,16.36,15.91,16.15,6765291.0,109325248.28,1.3212,-0.1854,0,0
2024-10-31,sh.600882,16.01,16.58,15.88,16.22,7075406.0,115261598.07,1.3818,0.4334,0,0
2024-11-01,sh.600882,16.26,16.44,15.99,16.16,6131401.0,99434046.54,1.1974,-0.3699,0,0
2024-11-04,sh.600882,16.13,16.6,15.94,16.59,8432372.0,137101082.82,1.6468,2.6609,0,0
2024-11-05,sh.600882,16.58,17.11,16.35,16.97,9059402.0,153038450.72,1.7692,2.2905,0,0
2024-11-06,sh.600882,16.86,17.07,16.71,16.9,6849473.0,115952192.51,1.3376,-0.4125,0,0
2024-11-07,sh.600882,16.92,18.38,16.92,18.26,19514769.0,348456122.06,3.8111,8.0473,0,0
2024-11-08,sh.600882,18.61,19.0,17.98,18.77,22575958.0,419573697.31,4.4089,2.793,0,0
2024-11-11,sh.600882,18.33,19.29,18.2,18.61,18308671.0,341605045.5,3.5755,-0.8524,0,0
2024-11-12,sh.600882,18.7,19.08,18.52,18.77,10901700.0,204960618.0,2.129,0.8598,0,0
2024-11-13,sh.600882,18.8,19.15,18.22,19.08,11598000.0,216802540.1,2.265,1.6516,0,0
2024-11-14,sh.600882,19.0,19.18,18.27,18.3,9202202.0,172157214.97,1.7971,-4.0881,0,0
2024-11-15,sh.600882,18.35,18.6,18.1,18.12,7373804.0,134880375.48,1.44,-0.9836,0,0
2024-11-18,sh.600882,18.68,18.7,17.72,17.85,8916478.0,162217808.32,1.7413,-1.4901,0,0
2024-11-19,sh.600882,17.85,18.17,17.64,18.14,5861256.0,104958039.35,1.1447,1.6246,0,0
2024-11-20,sh.600882,18.14,18.21,17.83,18.14,4839896.0,87254922.27,0.9452,0.0,0,0
2024-11-21,sh.600882,18.13,18.22,17.88,18.06,3639097.0,65613382.08,0.7107,-0.441,0,0
2024-11-22,sh.600882,17.98,18.05,17.49,17.54,6308900.0,112166519.94,1.2321,-2.8793,0,0
2024-11-25,sh.600882,17.54,17.74,17.34,17.7,4700157.0,82597752.55,0.9179,0.9122,0,0
2024-11-26,sh.600882,17.67,18.1,17.64,17.76,4235038.0,75509663.97,0.8271,0.339,0,0
2024-11-27,sh.600882,17.76,18.28,17.55,18.28,7468539.0,134271667.96,1.4585,2.9279,0,0
2024-11-28,sh.600882,18.28,18.55,18.1,18.34,5058001.0,92878963.37,0.9878,0.3282,0,0
2024-11-29,sh.600882,18.38,18.9,18.38,18.68,7485900.0,139699072.53,1.4619,1.8539,0,0
2024-12-02,sh.600882,18.75,19.15,18.68,18.81,7496601.0,141791999.79,1.464,0.6959,0,0
2024-12-03,sh.600882,18.9,19.52,18.56,19.28,10873650.0,206272621.42,2.1235,2.4987,0,0
2024-12-04,sh.600882,19.15,19.5,18.53,18.6,11172443.0,213593216.86,2.1819,-3.527,0,0
2024-12-05,sh.600882,18.53,19.17,18.0,19.05,11728618.0,218352983.38,2.2905,2.4194,0,0
2024-12-06,sh.600882,19.02,19.48,18.6,18.7,7632900.0,144553713.0,1.4906,-1.8373,0,0
2024-12-09,sh.600882,18.69,18.79,18.33,18.5,5955300.0,110308079.0,1.163,-1.0695,0,0
2024-12-10,sh.600882,19.15,19.6,18.52,18.6,10291939.0,196196847.62,2.0099,0.5405,0,0
2024-12-11,sh.600882,18.82,20.2,18.64,20.03,21404030.0,419298667.1,4.18,7.6882,0,0
2024-12-12,sh.600882,20.11,21.28,19.85,21.08,26351455.0,539599640.33,5.1462,5.2421,0,0
2024-12-13,sh.600882,21.01,21.67,20.25,21.18,21346991.0,447876259.32,4.1689,0.4744,0,0
2024-12-16,sh.600882,21.18,21.39,20.5,20.68,14553760.0,304253557.6,2.8422,-2.3607,0,0
2024-12-17,sh.600882,20.65,20.65,19.68,19.85,10786401.0,215124269.16,2.1065,-4.0135,0,0
2024-12-18,sh.600882,19.89,20.14,19.34,20.0,8772218.0,173325278.18,1.7131,0.7557,0,0
2024-12-19,sh.600882,19.81,19.95,18.82,18.92,9926200.0,190473391.0,1.9385,-5.4,0,0
2024-12-20,sh.600882,18.92,20.81,18.92,20.81,12176190.0,247700797.09,2.3779,9.9894,1,0
2024-12-23,sh.600882,21.24,21.24,19.4,19.5,21429380.0,426996243.06,4.185,-6.2951,0,0
2024-12-24,sh.600882,19.5,19.99,19.33,19.91,10954101.0,216062691.74,2.1392,2.1026,0,0
2024-12-25,sh.600882,19.83,19.83,18.52,19.0,13039615.0,247464984.64,2.5465,-4.5706,0,0
2024-12-26,sh.600882,19.0,19.35,18.62,18.67,8509878.0,160880118.95,1.6619,-1.7368,0,0
2024-12-27,sh.600882,18.68,18.98,18.42,18.55,6617800.0,123480905.0,1.2924,-0.6427,0,0
2024-12-30,sh.600882,18.58,18.65,18.09,18.3,5798958.0,105979567.84,1.1325,-1.3477,0,0
2024-12-31,sh.600882,18.35,18.5,17.9,17.9,5784213.0,105039595.74,1.1296,-2.1858,0,0
2025-01-02,sh.600882,18.04,18.87,17.92,18.35,10962900.0,202385739.96,2.141,2.514,0,0
2025-01-03,sh.600882,18.46,18.86,17.35,17.46,9802349.0,177358821.97,1.9143,-4.8501,0,0
2025-01-06,sh.600882,17.5,17.66,16.62,17.25,8583300.0,147556550.0,1.6763,-1.2027,0,0
2025-01-07,sh.600882,17.28,17.98,17.19,17.91,6512989.0,114715984.54,1.2719,3.8261,0,0
2025-01-08,sh.600882,17.93,18.56,17.66,18.32,7820392.0,141752846.46,1.5273,2.2892,0,0
2025-01-09,sh.600882,18.18,18.95,18.06,18.79,8898852.0,165679403.81,1.7379,2.5655,0,0
2025-01-10,sh.600882,18.85,18.98,17.75,17.76,7959798.0,144642765.24,1.5545,-5.4816,0,0
2025-01-13,sh.600882,17.62,18.18,17.42,17.93,4716418.0,84458105.76,0.9211,0.9572,0,0
2025-01-14,sh.600882,18.0,18.44,17.87,18.29,5867352.0,106994226.34,1.1458,2.0078,0,0
2025-01-15,sh.600882,18.27,18.59,17.95,17.99,6540000.0,119768722.0,1.2772,-1.6402,0,0
2025-01-16,sh.600882,18.04,18.65,17.69,17.81,6308671.0,114080918.18,1.232,-1.0006,0,0
2025-01-17,sh.600882,17.76,18.08,17.51,17.92,4404600.0,78580913.58,0.8602,0.6176,0,0
2025-01-20,sh.600882,18.06,18.25,17.85,17.94,6138116.0,110268618.99,1.1987,0.1116,0,0
2025-01-21,sh.600882,18.01,18.48,17.76,18.42,6714598.0,121826004.21,1.3113,2.6756,0,0
2025-01-22,sh.600882,18.3,18.35,17.72,17.88,5147900.0,92271430.0,1.0053,-2.9316,0,0
2025-01-23,sh.600882,18.05,18.26,17.75,17.76,4611899.0,83179563.21,0.9007,-0.6711,0,0
2025-01-24,sh.600882,17.92,18.09,17.76,17.91,4623600.0,82903486.45,0.903,0.8446,0,0
2025-01-27,sh.600882,17.91,18.74,17.75,18.19,8061100.0,147069810.74,1.5743,1.5634,0,0
2025-02-05,sh.600882,18.14,18.4,17.72,17.91,5565300.0,100350790.15,1.0869,-1.5393,0,0
2025-02-06,sh.600882,17.83,17.89,16.84,17.62,7750001.0,134837562.6,1.5135,-1.6192,0,0
2025-02-07,sh.600882,17.65,18.18,17.55,17.8,6197337.0,110927432.78,1.2103,1.0216,0,0
2025-02-10,sh.600882,17.92,18.14,17.48,17.87,7447638.0,132199989.84,1.4545,0.3933,0,0
2025-02-11,sh.600882,17.89,17.98,17.46,17.69,4707464.0,83049645.84,0.9193,-1.0073,0,0
2025-02-12,sh.600882,17.61,18.1,17.44,18.08,6146699.0,109408264.39,1.2004,2.2046,0,0
2025-02-13,sh.600882,18.08,18.09,17.75,17.99,4920358.0,88193346.3,0.9609,-0.4978,0,0
2025-02-14,sh.600882,17.9,18.08,17.63,17.76,4593501.0,81648985.79,0.8971,-1.2785,0,0
2025-02-17,sh.600882,17.7,18.26,17.7,17.73,7214446.0,129129864.71,1.4089,-0.1689,0,0
2025-02-18,sh.600882,17.74,17.75,17.13,17.24,5787616.0,100612711.61,1.1303,-2.7637,0,0
2025-02-19,sh.600882,17.22,17.74,17.11,17.62,5791995.0,101237794.82,1.1311,2.2042,0,0
2025-02-20,sh.600882,17.51,17.77,17.42,17.7,5360003.0,94254042.89,1.0468,0.454,0,0
2025-02-21,sh.600882,17.6,17.78,17.45,17.73,5932071.0,104595329.96,1.1585,0.1695,0,0
2025-02-24,sh.600882,17.73,18.05,17.6,17.81,4768600.0,85024038.0,0.9313,0.4512,0,0
2025-02-25,sh.600882,17.81,18.4,17.71,18.22,10736595.0,195111638.18,2.0968,2.3021,0,0
2025-02-26,sh.600882,18.2,19.22,18.03,18.99,12642516.0,237308368.2,2.469,4.2261,0,0
2025-02-27,sh.600882,19.02,19.94,19.02,19.59,14688666.0,287300922.15,2.8686,3.1596,0,0
2025-02-28,sh.600882,19.58,19.7,19.02,19.24,9775300.0,189096898.0,1.909,-1.7866,0,0
2025-03-03,sh.600882,19.22,19.89,19.18,19.57,10053492.0,197061960.48,1.9634,1.7152,0,0
2025-03-04,sh.600882,19.43,20.5,19.3,19.7,16536074.0,329842104.33,3.2294,0.6643,0,0
2025-03-05,sh.600882,19.73,19.99,19.5,19.87,7684281.0,152005900.97,1.5007,0.8629,0,0
2025-03-06,sh.600882,20.12,20.33,19.67,19.76,7724040.0,153449155.8,1.5084,-0.5536,0,0
2025-03-07,sh.600882,19.9,20.27,19.73,20.11,10238705.0,205636680.73,1.9995,1.7713,0,0
2025-03-10,sh.600882,19.97,20.1,19.69,19.89,7074900.0,140716576.76,1.3817,-1.094,0,0
2025-03-11,sh.600882,19.89,19.94,19.58,19.72,4649525.0,91832187.7,0.908,-0.8547,0,0
2025-03-12,sh.600882,19.72,19.76,19.13,19.35,6615600.0,128211016.03,1.292,-1.8763,0,0
2025-03-13,sh.600882,19.25,19.34,18.81,19.15,5680128.0,107960957.72,1.1093,-1.0336,0,0
2025-03-14,sh.600882,19.3,20.55,19.3,20.42,19841586.0,397132604.4,3.8749,6.6319,0,0
2025-03-17,sh.600882,20.61,21.16,20.13,20.16,18915346.0,388035909.56,3.694,-1.2733,0,0
2025-03-18,sh.600882,20.06,20.5,19.84,19.99,9483400.0,190419111.0,1.852,-0.8433,0,0
2025-03-19,sh.600882,19.95,19.98,19.51,19.64,5868300.0,115576873.84,1.146,-1.7509,0,0
2025-03-20,sh.600882,19.64,19.8,19.24,19.32,7335988.0,142450874.82,1.4327,-1.6293,0,0
2025-03-21,sh.600882,19.22,19.44,18.95,19.12,6768517.0,129739688.9,1.3218,-1.0352,0,0
2025-03-24,sh.600882,19.37,21.03,19.14,21.03,25483716.0,532734394.47,4.9768,9.9895,1,0
2025-03-25,sh.600882,21.03,21.76,20.7,21.04,32041934.0,679531222.15,6.2575,0.0476,0,0
2025-03-26,sh.600882,21.08,22.0,20.76,21.65,22596872.0,488147168.01,4.413,2.8992,0,0
2025-03-27,sh.600882,21.61,23.82,21.4,23.82,28263653.0,641069482.61,5.5197,10.0231,1,0
2025-03-28,sh.600882,23.37,26.2,22.96,24.6,36448378.0,886854150.68,7.1181,3.2746,0,0
2025-03-31,sh.600882,24.56,24.56,22.94,23.56,23162390.0,543577596.98,4.5234,-4.2276,0,0
2025-04-01,sh.600882,23.47,23.9,23.2,23.75,16527883.0,388341729.65,3.2278,0.8065,0,0
2025-04-02,sh.600882,23.4,24.16,23.08,23.54,13151600.0,310754970.97,2.5684,-0.8842,0,0
2025-04-03,sh.600882,23.18,24.65,23.0,24.45,19110342.0,460833470.34,3.7321,3.8658,0,0
2025-04-07,sh.600882,22.9,25.4,22.55,23.58,26957029.0,646141163.42,5.2645,-3.5583,0,0
2025-04-08,sh.600882,24.0,25.94,23.47,25.94,31600838.0,786818835.7,6.1714,10.0085,1,0
2025-04-09,sh.600882,25.69,28.09,24.97,26.71,32878256.0,859587115.49,6.4209,2.9684,0,0
2025-04-10,sh.600882,25.98,27.95,25.55,26.24,30944754.0,835268652.85,6.0433,-1.7596,0,0
2025-04-11,sh.600882,25.91,25.91,24.98,25.8,22494965.0,571764105.33,4.3931,-1.6768,0,0
2025-04-14,sh.600882,25.29,28.2,25.28,27.99,27221149.0,725630448.37,5.3161,8.4884,0,0
2025-04-15,sh.600882,27.45,29.5,27.1,28.59,28026783.0,795726653.25,5.4734,2.1436,0,0
2025-04-16,sh.600882,28.03,28.79,27.5,28.39,16220278.0,456506895.9,3.1677,-0.6995,0,0
2025-04-17,sh.600882,28.11,28.73,27.5,27.56,17236332.0,482992543.53,3.3661,-2.9236,0,0
2025-04-18,sh.600882,27.2,27.5,26.02,26.44,18085549.0,480205800.97,3.532,-4.0639,0,0
2025-04-21,sh.600882,26.78,27.49,26.39,27.47,13906883.0,375932307.56,2.7159,3.8956,0,0
2025-04-22,sh.600882,27.47,27.47,25.68,26.46,19054675.0,503444916.74,3.7212,-3.6767,0,0
2025-04-23,sh.600882,26.4,26.7,26.0,26.09,13455137.0,352758548.32,2.6277,-1.3983,0,0
2025-04-24,sh.600882,26.0,26.55,25.98,26.17,10742468.0,282165754.68,2.0979,0.3066,0,0
2025-04-25,sh.600882,26.0,26.77,25.44,26.64,14798900.0,387236174.34,2.8901,1.7959,0,0
2025-04-28,sh.600882,26.4,27.09,25.7,25.7,11502044.0,302083076.43,2.2463,-3.5285,0,0
2025-04-29,sh.600882,25.5,26.76,25.5,26.5,10237100.0,269523665.03,1.9992,3.1128,0,0
2025-04-30,sh.600882,26.49,26.8,25.97,26.05,7139566.0,188236189.86,1.3943,-1.6981,0,0
2025-05-06,sh.600882,25.85,26.35,25.33,26.35,11484670.0,297639228.47,2.2429,1.1516,0,0
2025-05-07,sh.600882,26.42,26.87,25.46,25.65,10181582.0,265456294.38,1.9884,-2.6565,0,0
2025-05-08,sh.600882,25.5,25.92,25.1,25.42,9902350.0,252597685.06,1.9339,-0.8967,0,0
2025-05-09,sh.600882,25.39,25.68,25.15,25.55,8099747.0,206132869.54,1.5818,0.5114,0,0
2025-05-12,sh.600882,25.56,25.9,25.3,25.6,5641293.0,144212758.94,1.1017,0.1957,0,0
2025-05-13,sh.600882,25.7,25.94,25.05,25.7,8540123.0,217907816.7,1.6678,0.3906,0,0
2025-05-14,sh.600882,25.3,26.61,25.3,26.08,14487003.0,378447286.28,2.8292,1.4786,0,0
2025-05-15,sh.600882,26.0,27.44,25.96,26.97,19554151.0,525983502.49,3.8188,3.4126,0,0
2025-05-16,sh.600882,27.0,27.55,26.4,27.18,15857999.0,428528937.2,3.0969,0.7786,0,0
2025-05-19,sh.600882,26.9,27.25,26.2,27.18,11390119.0,306252668.33,2.2244,0.0,0,0
2025-05-20,sh.600882,26.92,27.78,26.92,27.18,13852352.0,379327955.36,2.7053,0.0,0,0
2025-05-21,sh.600882,27.18,28.41,27.02,27.25,11829616.0,326766962.12,2.3102,0.2575,0,0
2025-05-22,sh.600882,27.0,28.2,26.71,26.71,16005846.0,441155885.44,3.1258,-1.9817,0,0
2025-05-23,sh.600882,26.71,27.0,26.36,26.51,10761218.0,286872713.42,2.1016,-0.7488,0,0
2025-05-26,sh.600882,26.51,29.0,26.39,28.56,19711185.0,555196032.77,3.8494,7.7329,0,0
2025-05-27,sh.600882,28.55,29.1,28.33,28.84,11039501.0,315915681.84,2.1559,0.9804,0,0
2025-05-28,sh.600882,28.8,29.07,28.3,28.67,10221100.0,292787757.0,1.9961,-0.5895,0,0
2025-05-29,sh.600882,28.85,29.3,28.31,28.84,13015935.0,374037629.28,2.5419,0.593,0,0
2025-05-30,sh.600882,28.72,29.3,28.31,28.88,14722600.0,424654472.0,2.8752,0.1387,0,0
2025-06-03,sh.600882,28.88,31.77,28.88,31.65,26424530.0,820355842.21,5.1605,9.5914,0,0
2025-06-04,sh.600882,31.02,32.8,31.0,32.48,20727683.0,664652266.49,4.048,2.6224,0,0
2025-06-05,sh.600882,32.5,32.9,32.1,32.39,11259836.0,365496320.62,2.199,-0.2771,0,0
2025-06-06,sh.600882,32.32,32.55,30.93,31.8,11069557.0,350656863.51,2.1618,-1.8215,0,0
2025-06-09,sh.600882,31.93,32.59,31.5,32.18,9760704.0,313801642.2,1.9062,1.195,0,0
2025-06-10,sh.600882,32.0,32.84,31.6,32.59,11230290.0,362054182.58,2.1932,1.2741,0,0
2025-06-11,sh.600882,32.6,32.81,32.15,32.69,7441141.0,241985428.77,1.4532,0.3068,0,0
2025-06-12,sh.600882,32.74,33.46,32.0,32.46,8507958.0,275653162.94,1.6615,-0.7036,0,0
2025-06-13,sh.600882,32.14,32.2,30.71,31.2,12735845.0,397975717.08,2.4872,-3.8817,0,0
2025-06-16,sh.600882,31.2,31.23,30.56,30.69,8330662.0,256413996.88,1.6269,-1.6346,0,0
2025-06-17,sh.600882,30.69,30.8,29.93,30.16,8299842.0,251563550.44,1.6209,-1.7269,0,0
2025-06-18,sh.600882,30.01,30.13,29.6,29.66,5119600.0,152345357.0,0.9998,-1.6578,0,0
2025-06-19,sh.600882,29.66,29.96,28.84,29.22,8825800.0,258943840.0,1.7236,-1.4835,0,0
2025-06-20,sh.600882,29.23,29.53,29.08,29.37,5123300.0,150225569.86,1.0005,0.5133,0,0
2025-06-23,sh.600882,28.83,29.89,28.83,29.47,6377900.0,188132426.47,1.2456,0.3405,0,0
2025-06-24,sh.600882,29.88,30.33,29.48,29.98,7482853.0,223740033.65,1.4613,1.7306,0,0
2025-06-25,sh.600882,30.31,30.66,29.67,29.99,7114800.0,213835537.0,1.3895,0.0334,0,0
2025-06-26,sh.600882,29.94,30.03,29.41,29.82,4552220.0,135567895.19,0.889,-0.5669,0,0
2025-06-27,sh.600882,29.88,29.98,29.51,29.74,4270122.0,127193150.6,0.8339,-0.2683,0,0
2025-06-30,sh.600882,29.64,30.62,29.41,30.53,7341036.0,221734206.0,1.4336,2.6564,0,0
2025-07-01,sh.600882,30.37,31.67,30.37,31.44,7584400.0,236923136.58,1.4812,2.9807,0,0
2025-07-02,sh.600882,31.4,31.63,30.4,30.8,7201918.0,222615895.1,1.4065,-2.0356,0,0
2025-07-03,sh.600882,30.7,30.75,29.69,30.04,6337849.0,190678740.05,1.2377,-2.4675,0,0
2025-07-04,sh.600882,30.04,30.1,29.47,29.8,4651379.0,138567712.76,0.9084,-0.7989,0,0
2025-07-07,sh.600882,29.8,29.98,29.45,29.75,3330200.0,99185688.0,0.6504,-0.1678,0,0
2025-07-08,sh.600882,29.7,30.25,29.6,29.78,6172443.0,184569801.81,1.2054,0.1008,0,0
2025-07-09,sh.600882,29.68,29.98,29.45,29.69,4416800.0,131435073.96,0.8626,-0.3022,0,0
2025-07-10,sh.600882,29.61,29.66,28.01,28.3,11457749.0,330156662.74,2.2376,-4.6817,0,0
2025-07-11,sh.600882,28.18,28.88,28.15,28.34,7983460.0,226756543.98,1.5591,0.1413,0,0
2025-07-14,sh.600882,29.18,29.18,28.09,28.18,7799400.0,221516687.76,1.5232,-0.5646,0,0
2025-07-15,sh.600882,28.1,28.23,27.35,28.0,10520979.0,292701505.31,2.0547,-0.6388,0,0
2025-07-16,sh.600882,27.9,28.49,27.8,28.04,5000896.0,140945783.81,0.9766,0.1429,0,0
2025-07-17,sh.600882,28.22,28.62,28.09,28.4,6495100.0,184674357.0,1.2684,1.2839,0,0
2025-07-18,sh.600882,28.36,29.07,28.2,28.84,6045772.0,173030426.96,1.1807,1.5493,0,0
2025-07-21,sh.600882,28.85,28.92,28.38,28.63,4548300.0,130236722.52,0.8882,-0.7282,0,0
2025-07-22,sh.600882,28.62,28.97,28.34,28.57,3922879.0,112381463.71,0.7661,-0.2096,0,0
2025-07-23,sh.600882,28.44,28.93,28.2,28.34,3870202.0,110426756.31,0.7558,-0.805,0,0
2025-07-24,sh.600882,28.34,28.6,27.56,27.9,7732679.0,215929141.46,1.5101,-1.5526,0,0
2025-07-25,sh.600882,27.9,28.12,27.78,28.02,3616990.0,101214801.7,0.7064,0.4301,0,0
2025-07-28,sh.600882,28.3,28.3,27.58,27.74,5760800.0,160077462.1,1.125,-0.9993,0,0
2025-07-29,sh.600882,29.0,29.5,27.47,27.53,17479994.0,492487569.4,3.4137,-0.757,0,0
2025-07-30,sh.600882,27.0,27.6,26.48,27.33,10423362.0,282653079.95,2.0356,-0.7265,0,0
2025-07-31,sh.600882,27.1,27.29,26.55,26.62,6347944.0,170134604.78,1.2397,-2.5979,0,0
2025-08-01,sh.600882,26.58,26.69,26.38,26.55,4075474.0,108114630.23,0.7959,-0.263,0,0
2025-08-04,sh.600882,26.31,26.98,26.15,26.86,3843377.0,102874236.96,0.7506,1.1676,0,0
2025-08-05,sh.600882,26.99,27.1,26.78,26.87,3575499.0,96356209.0,0.6983,0.0372,0,0
2025-08-06,sh.600882,26.87,27.75,26.74,27.36,6193700.0,168377502.0,1.2096,1.8236,0,0
2025-08-07,sh.600882,27.33,27.78,27.12,27.37,5172904.0,142147103.57,1.0102,0.0365,0,0
2025-08-08,sh.600882,27.49,27.49,27.13,27.2,2923900.0,79592754.0,0.571,-0.6211,0,0
2025-08-11,sh.600882,27.21,27.4,26.8,27.24,3528400.0,96241568.0,0.6891,0.1471,0,0
2025-08-12,sh.600882,27.07,27.27,26.85,26.87,3568902.0,96304375.72,0.697,-1.3583,0,0
2025-08-13,sh.600882,26.87,27.11,26.7,27.07,4096401.0,110324917.97,0.8,0.7443,0,0
2025-08-14,sh.600882,27.1,27.13,26.7,26.79,3213500.0,86586935.0,0.6276,-1.0344,0,0
2025-08-15,sh.600882,26.7,27.19,26.5,27.08,3309002.0,89252194.94,0.6462,1.0825,0,0
2025-08-18,sh.600882,26.99,27.33,26.99,27.19,4394855.0,119366308.0,0.8583,0.4062,0,0
2025-08-19,sh.600882,27.33,27.73,27.18,27.6,7030026.0,193166440.83,1.3729,1.5079,0,0
2025-08-20,sh.600882,27.9,28.43,27.4,28.2,11442187.0,320019176.06,2.2346,2.1739,0,0
2025-08-21,sh.600882,28.06,28.28,27.76,27.91,6744463.0,189013529.33,1.3171,-1.0284,0,0
2025-08-22,sh.600882,27.99,28.13,27.07,27.18,11539365.0,315338334.6,2.2535,-2.6155,0,0
2025-08-25,sh.600882,27.17,27.91,27.01,27.62,8846106.0,243683093.26,1.7276,1.6188,0,0
2025-08-26,sh.600882,27.58,27.95,27.3,27.65,8564704.0,236744452.92,1.6726,0.1086,0,0
2025-08-27,sh.600882,27.59,27.75,27.21,27.21,8502624.0,233819011.03,1.6605,-1.5913,0,0
2025-08-28,sh.600882,26.17,26.86,25.72,26.3,13457213.0,352073628.37,2.6281,-3.3444,0,0
2025-08-29,sh.600882,26.3,27.81,26.28,27.71,13401695.0,365876422.64,2.6172,5.3612,0,0
2025-09-01,sh.600882,27.7,27.99,27.16,27.65,7837772.0,216312285.64,1.5307,-0.2165,0,0
2025-09-02,sh.600882,27.5,28.26,27.46,27.76,10417299.0,289702279.42,2.0344,0.3978,0,0
2025-09-03,sh.600882,27.95,28.11,26.88,26.96,7300181.0,199789002.81,1.4257,-2.8818,0,0
2025-09-04,sh.600882,26.87,27.6,26.49,27.46,7368931.0,200373648.3,1.4391,1.8546,0,0
2025-09-05,sh.600882,27.41,27.45,25.25,26.34,16931099.0,439163644.53,3.3065,-4.0787,0,0
2025-09-08,sh.600882,26.03,27.05,25.88,26.37,10123747.0,268364098.14,1.9771,0.1139,0,0
2025-09-09,sh.600882,26.25,26.49,25.9,26.0,5383800.0,141028311.75,1.0514,-1.4031,0,0
2025-09-10,sh.600882,25.96,26.17,25.7,26.06,4813501.0,124574562.2,0.94,0.2308,0,0
2025-09-11,sh.600882,26.06,26.15,25.5,25.81,6332779.0,162793774.99,1.2367,-0.9593,0,0
2025-09-12,sh.600882,25.76,25.93,25.15,25.18,7455653.0,189453819.54,1.456,-2.4409,0,0
2025-09-15,sh.600882,25.18,25.28,24.82,24.83,6309526.0,157668706.11,1.2322,-1.39,0,0
2025-09-16,sh.600882,24.85,25.14,24.62,24.98,5007381.0,124504790.19,0.9779,0.6041,0,0
2025-09-17,sh.600882,24.96,25.14,24.8,24.89,4309851.0,107435866.86,0.8417,-0.3603,0,0
2025-09-18,sh.600882,24.9,24.99,24.35,24.57,5625670.0,139028453.75,1.0986,-1.2857,0,0
2025-09-19,sh.600882,24.43,24.66,24.04,24.16,6669438.0,161520243.78,1.3025,-1.6687,0,0
2025-09-22,sh.600882,24.21,24.22,23.75,23.88,4649709.0,111227464.24,0.9081,-1.1589,0,0
2025-09-23,sh.600882,23.88,23.95,23.35,23.75,5151551.0,121567822.3,1.01,-0.5444,0,0
2025-09-24,sh.600882,23.6,24.98,23.5,24.25,9264140.0,225983056.97,1.8163,2.1053,0,0
2025-09-25,sh.600882,24.22,24.81,24.0,24.53,5807200.0,142614258.43,1.1385,1.1546,0,0
2025-09-26,sh.600882,24.51,24.67,24.18,24.48,4411779.0,107858241.78,0.865,-0.2038,0,0
2025-09-29,sh.600882,24.48,24.48,23.66,24.06,7629257.0,182493719.02,1.4958,-1.7157,0,0
2025-09-30,sh.600882,23.95,24.54,23.78,24.38,5575482.0,134978058.33,1.0931,1.33,0,0
2025-10-09,sh.600882,24.25,24.39,23.81,24.32,5652701.0,136183796.78,1.1083,-0.2461,0,0
2025-10-10,sh.600882,24.08,24.9,24.04,24.52,6586644.0,162398273.99,1.2914,0.8224,0,0
2025-10-13,sh.600882,24.5,25.05,24.16,24.91,8176400.0,202921645.0,1.603,1.5905,0,0
2025-10-14,sh.600882,24.99,26.85,24.8,26.04,18530458.0,478349198.95,3.633,4.5363,0,0
2025-10-15,sh.600882,25.97,27.5,25.59,27.01,18159105.0,485895565.03,3.5602,3.725,0,0
2025-10-16,sh.600882,26.88,27.42,26.49,26.62,8916522.0,238458683.53,1.7482,-1.4439,0,0
2025-10-17,sh.600882,26.5,27.2,26.3,26.61,7918704.0,211123322.45,1.5525,-0.0376,0,0
2025-10-20,sh.600882,26.53,26.58,26.04,26.18,8296876.0,218550394.05,1.6267,-1.6159,0,0
2025-10-21,sh.600882,25.9,26.4,25.72,26.2,8009990.0,208049388.44,1.5704,0.0764,0,0
2025-10-22,sh.600882,26.07,26.96,25.79,25.93,7108020.0,187027774.8,1.3936,-1.0305,0,0
2025-10-23,sh.600882,25.8,26.45,25.71,26.07,4980802.0,129549829.26,0.9765,0.5399,0,0
2025-10-24,sh.600882,25.99,26.02,24.8,25.25,9618441.0,243452811.84,1.8858,-3.1454,0,0
2025-10-27,sh.600882,25.25,25.5,24.87,25.07,5881540.0,148129776.36,1.1531,-0.7129,0,0
2025-10-28,sh.600882,25.16,25.16,24.6,25.03,4969234.0,123614482.99,0.9743,-0.1596,0,0
2025-10-29,sh.600882,24.91,25.08,24.7,25.04,2957398.0,73692252.12,0.5798,0.04,0,0
2025-10-30,sh.600882,25.0,25.3,24.87,25.11,5015743.0,125850780.04,0.9834,0.2796,0,0
2025-10-31,sh.600882,25.18,25.66,24.91,25.6,9061431.0,229953146.32,1.7766,1.9514,0,0
2025-11-03,sh.600882,25.58,25.58,24.65,24.85,6791470.0,169711315.43,1.3315,-2.9297,0,0
2025-11-04,sh.600882,24.85,24.85,24.16,24.31,4683718.0,114117301.53,0.9183,-2.173,0,0
2025-11-05,sh.600882,24.06,25.25,24.06,24.97,6013212.0,149356141.64,1.1789,2.7149,0,0
2025-11-06,sh.600882,24.9,25.11,24.34,24.74,5227183.0,129246161.07,1.0248,-0.9211,0,0
2025-11-07,sh.600882,24.77,25.38,24.73,24.75,4967232.0,124232275.07,0.9739,0.0404,0,0
2025-11-10,sh.600882,24.73,27.0,24.72,26.76,15208005.0,398726333.0,2.9816,8.1212,0,0
2025-11-11,sh.600882,26.66,26.89,26.1,26.74,8327205.0,221276291.63,1.6326,-0.0747,0,0
2025-11-12,sh.600882,26.73,27.25,26.4,26.59,7015803.0,187216615.82,1.3755,-0.561,0,0
2025-11-13,sh.600882,26.6,26.73,26.11,26.63,6269073.0,165463902.33,1.2291,0.1504,0,0
2025-11-14,sh.600882,26.58,27.17,26.2,26.2,5323800.0,141692703.54,1.0438,-1.6147,0,0
2025-11-17,sh.600882,26.2,26.68,25.95,26.22,3736359.0,97724792.0,0.7325,0.0763,0,0
2025-11-18,sh.600882,26.21,26.33,25.6,26.14,4129201.0,107067114.87,0.8096,-0.3051,0,0
2025-11-19,sh.600882,26.14,27.11,26.01,26.48,7252518.0,192919483.38,1.4219,1.3007,0,0
2025-11-20,sh.600882,26.3,26.4,25.3,25.97,6194100.0,160235707.12,1.2144,-1.926,0,0
2025-11-21,sh.600882,25.99,26.37,25.54,25.55,4717178.0,122088411.68,0.9248,-1.6173,0,0
2025-11-24,sh.600882,25.53,26.26,25.53,25.69,4496100.0,116292556.72,0.8815,0.5479,0,0
2025-11-25,sh.600882,25.6,26.14,25.4,26.03,3881901.0,100641378.98,0.7611,1.3235,0,0
2025-11-26,sh.600882,26.02,26.26,25.54,25.76,3536600.0,91278071.0,0.6934,-1.0373,0,0
2025-11-27,sh.600882,25.76,26.7,25.62,26.27,6753599.0,177719166.52,1.3241,1.9798,0,0
2025-11-28,sh.600882,26.4,27.34,26.26,27.34,10118496.0,272761456.38,1.9838,4.0731,0,0
2025-12-01,sh.600882,27.36,27.89,27.12,27.81,9678055.0,266806913.69,1.8975,1.7191,0,0
2025-12-02,sh.600882,27.6,28.18,27.19,27.24,5866745.0,161534952.32,1.1502,-2.0496,0,0
2025-12-03,sh.600882,27.29,27.46,26.66,26.92,4999640.0,134573526.03,0.9802,-1.1747,0,0
2025-12-04,sh.600882,26.7,26.88,26.12,26.3,5218200.0,137508237.0,1.0231,-2.3031,0,0
2025-12-05,sh.600882,26.29,26.37,25.44,26.26,7905960.0,204392622.96,1.55,-0.1521,0,0
2025-12-08,sh.600882,26.24,26.24,25.85,25.91,4225959.0,109833299.33,0.8285,-1.3328,0,0
2025-12-09,sh.600882,25.92,26.85,25.78,26.58,6832221.0,179823237.32,1.3395,2.5859,0,0
2025-12-10,sh.600882,26.54,26.74,26.01,26.01,4594739.0,120686876.79,0.9008,-2.1445,0,0
2025-12-11,sh.600882,26.0,26.49,25.75,25.99,4071693.0,106222041.07,0.7983,-0.0769,0,0
2025-12-12,sh.600882,25.99,26.94,25.75,26.48,6026673.0,159895048.83,1.1816,1.8853,0,0
2025-12-15,sh.600882,26.52,27.65,26.52,27.6,10799850.0,293976642.05,2.1174,4.2296,0,0
2025-12-16,sh.600882,27.5,27.85,26.84,26.91,8196817.0,223001905.63,1.607,-2.5,0,0
2025-12-17,sh.600882,26.9,28.59,26.55,28.07,14417289.0,403181729.84,2.8266,4.3107,0,0
2025-12-18,sh.600882,27.8,28.11,27.67,27.69,7748768.0,215728392.4,1.5192,-1.3538,0,0
2025-12-19,sh.600882,27.7,28.6,27.48,28.52,10737296.0,302881507.58,2.1051,2.9975,0,0
2025-12-22,sh.600882,28.3,28.85,28.08,28.53,8181272.0,232615190.29,1.604,0.0351,0,0
2025-12-23,sh.600882,29.74,29.91,28.01,28.22,14714448.0,421408093.45,2.8849,-1.0866,0,0
2025-12-24,sh.600882,27.9,28.08,27.25,27.42,10256767.0,283012630.07,2.0109,-2.8349,0,0
2025-12-25,sh.600882,27.3,27.55,27.14,27.38,6234415.0,170314005.75,1.2223,-0.1459,0,0
2025-12-26,sh.600882,27.24,27.5,26.82,26.93,7793360.0,211060843.98,1.5279,-1.6435,0,0
2025-12-29,sh.600882,26.0,26.01,24.24,24.43,20358181.0,503561526.03,3.9914,-9.2833,0,0
2025-12-30,sh.600882,24.49,25.65,24.39,25.62,11753898.0,294762624.54,2.3044,4.8711,0,0
2025-12-31,sh.600882,25.6,25.6,24.72,25.14,7969932.0,200216086.14,1.5626,-1.8735,0,0
2026-01-05,sh.600882,25.1,25.1,24.73,24.88,5845968.0,145394526.66,1.1461,-1.0342,0,0
2026-01-06,sh.600882,24.83,25.05,24.7,25.01,5331897.0,132673401.08,1.0454,0.5225,0,0
2026-01-07,sh.600882,25.01,25.01,24.58,24.62,6230452.0,154087464.04,1.2215,-1.5594,0,0
2026-01-08,sh.600882,24.55,24.97,24.48,24.86,4855500.0,120139836.24,0.952,0.9748,0,0
2026-01-09,sh.600882,24.77,25.03,24.74,24.87,5274376.0,131063687.96,1.0341,0.0402,0,0
2026-01-12,sh.600882,24.88,25.38,24.75,25.33,7975412.0,200237976.32,1.5636,1.8496,0,0
2026-01-13,sh.600882,25.45,25.54,24.86,24.99,6730145.0,169093331.03,1.3195,-1.3423,0,0
2026-01-14,sh.600882,24.85,25.23,24.69,24.83,5622719.0,140411569.47,1.1024,-0.6403,0,0
2026-01-15,sh.600882,24.7,24.92,24.55,24.64,3925120.0,96914477.96,0.7696,-0.7652,0,0
2026-01-16,sh.600882,24.8,24.8,24.48,24.66,3938115.0,96875336.0,0.7721,0.0812,0,0
2026-01-19,sh.600882,24.6,24.95,24.48,24.78,4302476.0,106466744.38,0.8435,0.4866,0,0
2026-01-20,sh.600882,24.75,24.95,24.62,24.83,3889343.0,96316607.69,0.7625,0.2018,0,0
2026-01-21,sh.600882,24.73,24.79,24.52,24.65,4126826.0,101553712.2,0.8091,-0.7249,0,0
2026-01-22,sh.600882,24.52,24.72,24.52,24.57,2876964.0,70753547.56,0.5641,-0.3245,0,0
2026-01-23,sh.600882,24.58,24.72,23.3,23.75,15318261.0,368044460.64,3.0033,-3.3374,0,0
2026-01-26,sh.600882,23.55,23.79,22.7,23.33,12780795.0,296261030.59,2.5058,-1.7684,0,0
2026-01-27,sh.600882,23.24,23.48,22.62,22.78,8783495.0,200917497.44,1.7221,-2.3575,0,0
2026-01-28,sh.600882,22.78,22.8,22.45,22.67,5995500.0,135569587.0,1.1755,-0.4829,0,0
2026-01-29,sh.600882,22.61,23.22,22.25,23.13,7456682.0,170365708.8,1.4619,2.0291,0,0
2026-01-30,sh.600882,23.13,23.13,22.66,22.83,4860948.0,110912864.56,0.953,-1.297,0,0
2026-02-02,sh.600882,22.76,23.0,22.5,22.63,5490439.0,124979573.12,1.0764,-0.876,0,0
2026-02-03,sh.600882,22.56,22.88,22.33,22.84,5425342.0,122853165.62,1.0637,0.928,0,0
2026-02-04,sh.600882,22.83,23.05,22.57,22.77,4923042.0,111868129.78,0.9652,-0.3065,0,0
2026-02-05,sh.600882,22.75,23.45,22.62,23.17,8007909.0,185864868.29,1.57,1.7567,0,0
2026-02-06,sh.600882,23.19,23.42,22.86,23.04,4622600.0,106584033.0,0.9063,-0.5611,0,0
2026-02-09,sh.600882,23.04,23.18,22.9,23.06,4211314.0,96809010.02,0.8257,0.0868,0,0
2026-02-10,sh.600882,23.0,23.05,22.74,22.98,3726096.0,85312789.09,0.7305,-0.3469,0,0
2026-02-11,sh.600882,23.06,23.7,22.9,22.91,4800377.0,110889320.87,0.9412,-0.3046,0,0
2026-02-12,sh.600882,22.81,22.98,22.44,22.48,5289622.0,119361151.2,1.0371,-1.8769,0,0
2026-02-13,sh.600882,22.85,22.86,22.24,22.24,5085081.0,114145915.04,0.997,-1.0676,0,0
2026-02-24,sh.600882,22.24,22.4,21.91,21.97,3827160.0,84333776.19,0.7503,-1.214,0,0
2026-02-25,sh.600882,21.93,22.32,21.93,22.2,3567715.0,79204573.83,0.6995,1.0469,0,0
2026-02-26,sh.600882,22.21,22.37,21.93,21.95,3719467.0,81832997.83,0.7292,-1.1261,0,0
2026-02-27,sh.600882,21.89,22.39,21.89,22.27,4355449.0,96886992.88,0.8539,1.4579,0,0
2026-03-02,sh.600882,22.1,22.1,21.33,21.35,7059326.0,152530014.88,1.384,-4.1311,0,0
2026-03-03,sh.600882,21.35,21.62,20.98,21.06,6028501.0,127783700.99,1.1819,-1.3583,0,0
2026-03-04,sh.600882,20.92,21.12,20.6,20.81,4538130.0,94716393.77,0.8897,-1.1871,0,0
2026-03-05,sh.600882,20.89,21.06,20.48,20.56,5379100.0,111523786.4,1.0546,-1.2013,0,0
2026-03-06,sh.600882,20.54,21.32,20.54,21.24,5564142.0,116977916.64,1.0909,3.3074,0,0
2026-03-09,sh.600882,21.4,21.4,20.68,20.84,4805685.0,100630404.7,0.9422,-1.8832,0,0
2026-03-10,sh.600882,20.88,21.13,20.88,21.0,2843305.0,59671428.81,0.5575,0.7678,0,0
2026-03-11,sh.600882,21.01,21.06,20.71,20.9,2648845.0,55241433.35,0.5193,-0.4762,0,0
2026-03-12,sh.600882,20.85,20.9,20.57,20.71,3161332.0,65370536.53,0.6198,-0.9091,0,0
2026-03-13,sh.600882,20.57,20.99,20.56,20.72,3469997.0,72329480.52,0.6803,0.0483,0,0
2026-03-16,sh.600882,20.76,21.06,20.76,21.0,3288896.0,68798603.16,0.6448,1.3514,0,0
2026-03-17,sh.600882,21.0,21.22,20.76,20.82,3994401.0,83929339.15,0.7831,-0.8571,0,0
2026-03-18,sh.600882,20.76,20.88,20.2,20.36,5158800.0,105308721.0,1.0114,-2.2094,0,0
2026-03-19,sh.600882,20.25,20.4,20.02,20.13,4286946.0,86387309.36,0.8405,-1.1297,0,0
2026-03-20,sh.600882,20.09,20.29,19.7,19.72,4526140.0,90381841.06,0.8874,-2.0368,0,0
2026-03-23,sh.600882,19.55,19.55,18.76,18.84,5517884.0,105323729.54,1.0818,-4.4625,0,0
2026-03-24,sh.600882,19.17,19.29,18.75,18.89,6244016.0,118250861.12,1.2242,0.2654,0,0
2026-03-25,sh.600882,19.2,19.36,18.66,18.79,9605042.0,181525743.9,1.8831,-0.5294,0,0
2026-03-26,sh.600882,18.8,19.43,18.7,18.93,9134988.0,174252153.91,1.791,0.7451,0,0
2026-03-27,sh.600882,18.8,19.19,18.7,19.08,8003104.0,152412942.3,1.5691,0.7924,0,0
2026-03-30,sh.600882,19.07,19.07,18.38,18.53,7158050.0,132930479.74,1.4034,-2.8826,0,0
2026-03-31,sh.600882,18.55,18.89,18.3,18.35,5713899.0,105845840.27,1.1203,-0.9714,0,0
2026-04-01,sh.600882,18.43,18.65,18.36,18.6,4548450.0,84354482.05,0.8918,1.3624,0,0
2026-04-02,sh.600882,18.51,18.58,17.86,17.96,6998600.0,126994299.0,1.3721,-3.4409,0,0
2026-04-03,sh.600882,18.13,18.15,17.55,17.55,4628500.0,82087312.32,0.9075,-2.2829,0,0
2026-04-07,sh.600882,17.96,19.31,17.86,18.44,18980635.0,351057328.79,3.7213,5.0712,0,0
2026-04-08,sh.600882,18.51,19.24,18.5,19.16,16659509.0,316044950.62,3.2662,3.9046,0,0
2026-04-09,sh.600882,18.94,19.31,18.71,18.71,7457017.0,141121292.41,1.462,-2.3486,0,0
2026-04-10,sh.600882,18.88,19.65,18.82,19.12,10955696.0,211256112.32,2.1479,2.1913,0,0
2026-04-13,sh.600882,19.29,19.8,19.01,19.64,8867351.0,172849964.86,1.7385,2.7197,0,0
2026-04-14,sh.600882,19.64,19.77,19.12,19.23,7882900.0,152141152.0,1.5455,-2.0876,0,0
2026-04-15,sh.600882,19.18,19.36,19.07,19.23,4960800.0,95250888.89,0.9726,0.0,0,0
2026-04-16,sh.600882,19.22,19.27,18.91,19.08,5397800.0,102924730.0,1.0583,-0.78,0,0
2026-04-17,sh.600882,19.07,19.29,18.76,19.25,5909800.0,112715914.0,1.1587,0.891,0,0
2026-04-20,sh.600882,19.16,20.47,19.1,20.35,16495594.0,329781329.38,3.2341,5.7143,0,0
2026-04-21,sh.600882,20.51,20.81,20.2,20.74,10995817.0,226108023.9,2.1558,1.9165,0,0
2026-04-22,sh.600882,20.64,20.93,20.49,20.6,8802437.0,181626737.97,1.7258,-0.675,0,0
2026-04-23,sh.600882,20.59,20.79,20.15,20.72,8276500.0,169923592.2,1.6227,0.5825,0,0
2026-04-24,sh.600882,20.72,20.72,20.12,20.16,6357801.0,129567324.52,1.2465,-2.7027,0,0
2026-04-27,sh.600882,20.16,20.51,20.1,20.38,5715470.0,115751019.2,1.1206,1.0913,0,0
2026-04-28,sh.600882,20.2,20.38,19.69,20.22,9192513.0,184031912.36,1.8023,-0.7851,0,0
2026-04-29,sh.600882,20.11,20.79,20.11,20.36,7935951.0,162847033.51,1.5559,0.6924,0,0
2026-04-30,sh.600882,20.33,20.83,20.24,20.68,5840385.0,120277511.91,1.1451,1.5717,0,0
2026-05-06,sh.600882,20.7,21.09,20.18,20.38,9291500.0,190353610.0,1.8217,-1.4507,0,0
2026-05-07,sh.600882,20.38,20.46,20.12,20.16,4725474.0,95413209.22,0.9265,-1.0795,0,0
2026-05-08,sh.600882,20.11,21.0,19.96,20.54,10030694.0,205184369.65,1.9666,1.8849,0,0
2026-05-11,sh.600882,20.54,20.54,19.75,19.9,10269905.0,205177605.67,2.0135,-3.1159,0,0
2026-05-12,sh.600882,19.8,19.81,19.4,19.64,6387578.0,124761177.92,1.2523,-1.3065,0,0
2026-05-13,sh.600882,19.64,19.64,18.95,18.98,9709489.0,185878969.92,1.9036,-3.3605,0,0
2026-05-14,sh.600882,19.0,19.72,18.98,19.46,9476660.0,183346073.4,1.858,2.529,0,0
2026-05-15,sh.600882,19.3,19.3,18.93,19.18,6700638.0,127928660.78,1.3137,-1.4388,0,0
2026-05-18,sh.600882,19.3,20.18,19.04,19.75,8557053.0,168447020.93,1.6777,2.9718,0,0
2026-05-19,sh.600882,19.67,19.96,19.32,19.33,5610230.0,109878175.39,1.0999,-2.1266,0,0
2026-05-20,sh.600882,19.38,19.51,19.11,19.21,4288638.0,82714120.19,0.8408,-0.6208,0,0
2026-05-21,sh.600882,19.2,19.63,18.96,19.0,5360702.0,103475580.34,1.051,-1.0932,0,0
2026-05-22,sh.600882,19.1,19.13,18.08,18.25,9738030.0,179109481.2,1.9092,-3.9474,0,0
2026-05-25,sh.600882,18.26,18.7,18.09,18.5,5991210.0,110094393.9,1.1746,1.3699,0,0
2026-05-26,sh.600882,18.51,18.65,17.8,18.13,6480600.0,117796576.0,1.2706,-2.0,0,0
2026-05-27,sh.600882,18.13,18.18,17.32,17.92,10878900.0,192544259.06,2.1329,-1.1583,0,0
2026-05-28,sh.600882,17.85,18.63,17.74,18.51,8785986.0,160310805.84,1.7226,3.2924,0,0
2026-05-29,sh.600882,18.65,19.63,18.29,19.18,12040398.0,230179755.26,2.3606,3.6197,0,0
2026-06-01,sh.600882,18.9,20.56,18.81,20.0,19673078.0,393623002.36,3.8571,4.2753,0,0
2026-06-02,sh.600882,20.0,20.15,19.3,19.39,11296700.0,221631522.92,2.2148,-3.05,0,0
2026-06-03,sh.600882,19.25,19.25,18.42,19.03,10085751.0,189391923.11,1.9774,-1.8566,0,0
2026-06-04,sh.600882,18.83,19.19,17.95,18.16,8888400.0,163314469.0,1.7426,-4.5717,0,0
2026-06-05,sh.600882,18.16,18.57,17.86,18.06,8271983.0,149550396.72,1.6218,-0.5507,0,0
2026-06-08,sh.600882,17.72,18.27,17.44,17.7,6852900.0,121953233.0,1.3436,-1.9934,0,0
2026-06-09,sh.600882,17.7,18.39,17.41,18.08,9565165.0,171467974.02,1.8753,2.1469,0,0
2026-06-10,sh.600882,17.95,19.23,17.93,18.95,11605400.0,216674885.0,2.2753,4.8119,0,0
2026-06-11,sh.600882,18.8,19.35,18.73,18.92,7232153.0,137528998.29,1.4179,-0.1583,0,0
2026-06-12,sh.600882,18.79,19.71,18.5,19.51,9462071.0,182308732.96,1.8551,3.1184,0,0
2026-06-15,sh.600882,19.45,19.64,18.86,19.0,7398831.0,141756912.99,1.4506,-2.614,0,0
2026-06-16,sh.600882,18.86,18.97,18.41,18.55,6117959.0,113619922.4,1.1995,-2.3684,0,0
2026-06-17,sh.600882,18.38,18.54,18.2,18.34,3554557.0,65135128.04,0.6969,-1.1321,0,0
2026-06-18,sh.600882,18.14,18.27,17.34,17.49,9950200.0,175417767.0,1.9508,-4.6347,0,0
2026-06-22,sh.600882,17.48,19.24,17.4,18.73,17461966.0,323194824.02,3.4236,7.0898,0,0
2026-06-23,sh.600882,18.49,18.96,17.71,17.78,12167901.0,221531760.19,2.3856,-5.0721,0,0
2026-06-24,sh.600882,17.9,18.35,17.11,17.11,10860296.0,190149631.02,2.1292,-3.7683,0,0
2026-06-25,sh.600882,17.03,17.44,16.51,16.88,8575130.0,144508885.48,1.6812,-1.3442,0,0
2026-06-26,sh.600882,16.9,17.0,16.05,16.22,8216100.0,133815392.4,1.6108,-3.91,0,0
