date,code,open,high,low,close,volume,amount,turnover,pct_change,is_limit_up,is_limit_down
2020-06-02,sh.688360,68.0,73.98,66.66,73.8,14489839,1023543658.0,74.404,193.7898,1,0
2020-06-03,sh.688360,77.0,78.77,71.0,72.1,11579889,864603716.0,59.4617,-2.3035,0,0
2020-06-04,sh.688360,71.96,74.66,68.01,73.43,9094298,641456260.0,46.6984,1.8447,0,0
2020-06-05,sh.688360,72.0,76.98,70.0,71.67,8881422,655096914.0,45.6053,-2.3968,0,0
2020-06-08,sh.688360,70.0,71.67,66.88,67.37,6963923,478448683.0,35.7591,-5.9997,0,0
2020-06-09,sh.688360,67.45,68.56,63.31,64.55,5064874,327910445.0,26.0077,-4.1858,0,0
2020-06-10,sh.688360,64.01,64.9,60.81,60.95,4570371,285442625.0,23.4685,-5.5771,0,0
2020-06-11,sh.688360,60.72,63.19,60.7,62.55,3886360,240239625.0,19.9561,2.6251,0,0
2020-06-12,sh.688360,60.91,62.52,60.35,61.13,2746743,169022688.0,14.1043,-2.2702,0,0
2020-06-15,sh.688360,61.3,62.16,57.67,57.86,4024915,240907522.0,20.6676,-5.3493,0,0
2020-06-16,sh.688360,58.0,59.36,57.56,58.9,2867380,167794424.0,14.7237,1.7974,0,0
2020-06-17,sh.688360,58.78,62.33,57.85,61.55,4799683,287091982.0,24.6459,4.4991,0,0
2020-06-18,sh.688360,60.3,62.39,60.08,60.34,2626444,160072137.0,13.4866,-1.9659,0,0
2020-06-19,sh.688360,60.05,60.48,58.47,58.82,2364770,139827052.0,12.1429,-2.5191,0,0
2020-06-22,sh.688360,58.88,59.8,58.61,58.86,2165940,128021251.0,11.1219,0.068,0,0
2020-06-23,sh.688360,58.99,58.99,57.76,58.05,1859508,108055020.0,9.5484,-1.3761,0,0
2020-06-24,sh.688360,58.39,60.95,57.68,59.35,2679343,160073849.0,13.7582,2.2394,0,0
2020-06-29,sh.688360,58.86,59.98,58.41,58.83,1617732,95435396.0,8.3069,-0.8762,0,0
2020-06-30,sh.688360,58.8,59.74,58.8,59.57,1698155,100756930.0,8.7199,1.2579,0,0
2020-07-01,sh.688360,59.57,60.29,58.5,59.23,2036312,120983000.0,10.4563,-0.5708,0,0
2020-07-02,sh.688360,59.59,59.72,58.63,59.3,1639037,96993116.0,8.4163,0.1182,0,0
2020-07-03,sh.688360,59.5,60.76,59.02,60.38,2579056,154621326.0,13.2432,1.8213,0,0
2020-07-06,sh.688360,60.48,62.84,59.65,61.62,3706375,226431880.0,19.0319,2.0537,0,0
2020-07-07,sh.688360,61.79,63.2,61.12,62.31,4346399,270670124.0,22.3184,1.1198,0,0
2020-07-08,sh.688360,62.28,62.9,61.16,61.73,2944329,181557532.0,15.1189,-0.9308,0,0
2020-07-09,sh.688360,61.73,63.8,61.32,63.75,4312906,270295044.0,22.1464,3.2723,0,0
2020-07-10,sh.688360,63.22,63.79,61.35,61.4,3079508,192634079.0,15.813,-3.6863,0,0
2020-07-13,sh.688360,61.8,62.66,61.68,62.5,2394167,149202707.0,12.2938,1.7915,0,0
2020-07-14,sh.688360,62.5,62.98,60.31,61.3,2830394,174178181.0,14.5338,-1.92,0,0
2020-07-15,sh.688360,61.47,61.7,58.18,58.34,2535851,151623920.0,13.0214,-4.8287,0,0
2020-07-16,sh.688360,58.5,58.5,52.4,52.63,2750755,152411776.0,14.1249,-9.7875,0,0
2020-07-17,sh.688360,52.98,53.57,51.01,51.37,1799096,93176214.0,9.2382,-2.3941,0,0
2020-07-20,sh.688360,51.65,52.6,49.37,51.88,1658281,83930966.0,8.5151,0.9928,0,0
2020-07-21,sh.688360,52.03,53.17,51.37,52.38,1177350,61649724.0,6.0456,0.9638,0,0
2020-07-22,sh.688360,52.46,52.57,51.59,51.88,950413,49537437.0,4.8803,-0.9546,0,0
2020-07-23,sh.688360,51.02,52.29,49.53,51.08,1332729,67309320.65,6.8434,-1.542,0,0
2020-07-24,sh.688360,51.18,51.79,47.8,48.07,1662563,82669612.0,8.5371,-5.8927,0,0
2020-07-27,sh.688360,48.07,48.68,46.55,46.96,867338,41191062.0,4.4537,-2.3091,0,0
2020-07-28,sh.688360,47.55,47.98,47.01,47.45,671082,31815717.0,3.4459,1.0434,0,0
2020-07-29,sh.688360,47.45,49.23,47.13,49.23,1107118,53631536.0,5.685,3.7513,0,0
2020-07-30,sh.688360,49.23,50.05,49.02,49.32,912306,45170390.32,4.6846,0.1828,0,0
2020-07-31,sh.688360,48.5,50.46,48.5,49.58,983910,48957436.0,5.0523,0.5272,0,0
2020-08-03,sh.688360,49.88,51.6,49.64,51.21,1181950,60122339.0,6.0692,3.2876,0,0
2020-08-04,sh.688360,51.65,51.66,50.0,50.7,872587,44152247.0,4.4807,-0.9959,0,0
2020-08-05,sh.688360,50.59,50.7,49.5,50.26,777109,38925264.82,3.9904,-0.8679,0,0
2020-08-06,sh.688360,50.0,51.47,49.0,50.8,1141201,57190009.74,5.86,1.0744,0,0
2020-08-07,sh.688360,50.76,50.9,48.15,48.94,884436,43667034.0,4.5415,-3.6614,0,0
2020-08-10,sh.688360,48.89,49.48,48.17,48.95,550229,26925123.0,2.8254,0.0204,0,0
2020-08-11,sh.688360,49.4,49.4,47.71,48.07,614279,29860496.0,3.1543,-1.7978,0,0
2020-08-12,sh.688360,48.0,48.0,46.35,48.0,870970,41032624.0,4.4724,-0.1456,0,0
2020-08-13,sh.688360,48.48,51.4,48.19,50.28,1783684,89393835.0,9.1591,4.75,0,0
2020-08-14,sh.688360,50.9,50.9,49.0,49.75,850438,42107359.0,4.3669,-1.0541,0,0
2020-08-17,sh.688360,49.99,50.7,49.3,50.0,753022,37717531.0,3.8667,0.5025,0,0
2020-08-18,sh.688360,50.0,50.88,49.8,50.51,640250,32254662.11,3.2876,1.02,0,0
2020-08-19,sh.688360,50.58,50.58,48.21,48.22,833634,41055942.0,4.2806,-4.5338,0,0
2020-08-20,sh.688360,48.0,48.22,46.75,46.92,686428,32519866.38,3.5247,-2.696,0,0
2020-08-21,sh.688360,47.29,48.2,46.9,47.52,485231,22961483.21,2.4916,1.2788,0,0
2020-08-24,sh.688360,47.79,48.5,46.56,47.91,556144,26500843.14,2.8558,0.8207,0,0
2020-08-25,sh.688360,48.16,48.78,47.8,48.26,478221,23160447.0,2.4556,0.7305,0,0
2020-08-26,sh.688360,48.0,49.0,46.91,47.05,563257,26956514.0,2.8923,-2.5073,0,0
2020-08-27,sh.688360,47.2,47.58,46.5,47.18,493770,23249438.96,2.5355,0.2763,0,0
2020-08-28,sh.688360,47.33,47.6,46.97,47.31,340503,16109827.0,1.7485,0.2755,0,0
2020-08-31,sh.688360,47.68,48.16,47.28,47.31,430894,20627266.0,2.2126,0.0,0,0
2020-09-01,sh.688360,47.4,47.77,47.01,47.42,284123,13483548.0,1.4589,0.2325,0,0
2020-09-02,sh.688360,47.96,47.96,47.0,47.02,563921,26643966.0,2.8957,-0.8435,0,0
2020-09-03,sh.688360,47.12,47.5,46.31,46.84,608812,28499912.46,3.1262,-0.3828,0,0
2020-09-04,sh.688360,46.06,46.6,45.71,46.2,463109,21381890.26,2.378,-1.3664,0,0
2020-09-07,sh.688360,46.2,46.87,44.88,45.0,623217,28491068.0,3.2002,-2.5974,0,0
2020-09-08,sh.688360,45.11,45.39,44.12,44.85,446289,19973151.0,2.2917,-0.3333,0,0
2020-09-09,sh.688360,44.2,44.73,43.0,43.08,728900,31833634.0,3.7428,-3.9465,0,0
2020-09-10,sh.688360,43.99,44.06,40.51,41.8,626804,26611277.0,3.2186,-2.9712,0,0
2020-09-11,sh.688360,41.2,42.86,41.2,42.66,573290,24111146.0,2.9438,2.0574,0,0
2020-09-14,sh.688360,42.66,43.87,42.52,43.16,398710,17237824.06,2.0473,1.1721,0,0
2020-09-15,sh.688360,43.5,43.81,42.75,43.28,263548,11431894.0,1.3533,0.278,0,0
2020-09-16,sh.688360,43.8,43.8,42.43,42.93,271883,11698096.0,1.3961,-0.8087,0,0
2020-09-17,sh.688360,42.99,46.2,42.91,45.1,1165010,52283913.0,5.9822,5.0547,0,0
2020-09-18,sh.688360,44.8,45.6,44.51,44.86,500094,22481976.0,2.5679,-0.5321,0,0
2020-09-21,sh.688360,45.37,45.5,44.25,44.65,366111,16375248.19,1.8799,-0.4681,0,0
2020-09-22,sh.688360,44.0,44.69,43.55,43.6,325523,14358930.31,1.6715,-2.3516,0,0
2020-09-23,sh.688360,44.0,44.85,43.87,44.24,301906,13390628.0,1.5503,1.4679,0,0
2020-09-24,sh.688360,43.37,44.29,42.97,43.3,400965,17402509.0,2.0589,-2.1248,0,0
2020-09-25,sh.688360,43.9,43.9,42.33,42.59,228406,9774603.86,1.1728,-1.6397,0,0
2020-09-28,sh.688360,43.3,43.59,41.05,41.25,321288,13390580.0,1.6498,-3.1463,0,0
2020-09-29,sh.688360,41.56,42.27,40.72,41.66,198592,8296987.21,1.0198,0.9939,0,0
2020-09-30,sh.688360,41.65,42.16,41.35,41.42,186853,7800720.0,0.9595,-0.5761,0,0
2020-10-09,sh.688360,42.1,42.8,42.05,42.4,194862,8271244.21,1.0006,2.366,0,0
2020-10-12,sh.688360,42.5,43.98,42.48,43.81,380478,16603589.58,1.9537,3.3255,0,0
2020-10-13,sh.688360,44.87,44.87,43.71,44.22,511423,22586833.0,2.6261,0.9359,0,0
2020-10-14,sh.688360,44.5,44.5,43.21,43.72,215963,9417406.54,1.109,-1.1307,0,0
2020-10-15,sh.688360,43.72,44.0,43.0,43.08,221026,9602743.18,1.1349,-1.4639,0,0
2020-10-16,sh.688360,43.1,43.98,43.01,43.35,304935,13304028.85,1.5658,0.6267,0,0
2020-10-19,sh.688360,43.69,44.35,43.36,43.63,304245,13342860.0,1.5623,0.6459,0,0
2020-10-20,sh.688360,43.63,43.8,43.22,43.7,180187,7831856.0,0.9252,0.1604,0,0
2020-10-21,sh.688360,43.83,44.18,43.35,43.9,290415,12691350.0,1.4913,0.4577,0,0
2020-10-22,sh.688360,43.9,44.9,43.1,44.69,529928,23480366.13,2.7211,1.7995,0,0
2020-10-23,sh.688360,44.4,44.67,42.43,42.65,560685,24409898.62,2.8791,-4.5648,0,0
2020-10-26,sh.688360,42.56,43.16,41.51,41.6,457281,19241422.0,2.3481,-2.4619,0,0
2020-10-27,sh.688360,41.59,41.92,41.21,41.47,306411,12727679.93,1.5734,-0.3125,0,0
2020-10-28,sh.688360,41.9,42.37,41.29,41.29,335824,14003795.41,1.7244,-0.434,0,0
2020-10-29,sh.688360,41.02,42.3,40.71,41.69,399889,16637693.0,2.0534,0.9688,0,0
2020-10-30,sh.688360,41.75,41.88,40.02,40.03,422166,17328918.0,2.1678,-3.9818,0,0
2020-11-02,sh.688360,40.12,40.87,39.07,39.13,473924,18832642.1,2.4336,-2.2483,0,0
2020-11-03,sh.688360,39.0,40.39,39.0,40.07,368958,14749184.49,1.8946,2.4022,0,0
2020-11-04,sh.688360,40.49,40.77,39.6,39.75,215673,8614903.34,1.1075,-0.7986,0,0
2020-11-05,sh.688360,40.9,40.9,39.77,40.24,338081,13565034.15,1.736,1.2327,0,0
2020-11-06,sh.688360,40.24,40.24,39.43,39.98,278833,11078056.42,1.4318,-0.6461,0,0
2020-11-09,sh.688360,40.3,41.36,40.2,41.08,498412,20376342.09,2.5593,2.7514,0,0
2020-11-10,sh.688360,41.26,41.66,40.88,41.2,352609,14512622.69,1.8106,0.2921,0,0
2020-11-11,sh.688360,41.2,41.2,40.32,40.75,240618,9774107.65,1.2356,-1.0922,0,0
2020-11-12,sh.688360,40.82,40.87,40.4,40.4,179530,7299328.82,0.9219,-0.8589,0,0
2020-11-13,sh.688360,40.4,40.6,40.05,40.5,163842,6605948.99,0.8413,0.2475,0,0
2020-11-16,sh.688360,40.95,40.95,40.32,40.59,148375,6010494.79,0.7619,0.2222,0,0
2020-11-17,sh.688360,40.6,40.65,39.51,39.88,247529,9868583.29,1.271,-1.7492,0,0
2020-11-18,sh.688360,40.05,40.1,39.63,39.83,196585,7839596.9,1.0094,-0.1254,0,0
2020-11-19,sh.688360,39.72,41.28,39.71,40.57,362362,14737240.93,1.8607,1.8579,0,0
2020-11-20,sh.688360,40.79,40.79,39.88,39.91,289348,11592222.21,1.4858,-1.6268,0,0
2020-11-23,sh.688360,40.0,40.09,39.7,39.72,247765,9874391.38,1.2723,-0.4761,0,0
2020-11-24,sh.688360,39.98,39.98,39.62,39.81,128764,5128476.63,0.6612,0.2266,0,0
2020-11-25,sh.688360,39.86,39.89,38.8,38.82,413799,16191485.52,2.1248,-2.4868,0,0
2020-11-26,sh.688360,38.9,39.17,38.62,38.63,202391,7850745.73,1.0393,-0.4894,0,0
2020-11-27,sh.688360,38.85,38.85,38.0,38.27,243370,9303048.83,1.2497,-0.9319,0,0
2020-11-30,sh.688360,38.44,38.58,38.11,38.2,189390,7259588.13,0.9725,-0.1829,0,0
2020-12-01,sh.688360,38.21,38.5,38.1,38.29,207106,7941094.85,1.0635,0.2356,0,0
2020-12-02,sh.688360,38.0,38.8,37.3,38.75,696905,26578016.24,3.4249,1.2014,0,0
2020-12-03,sh.688360,38.5,39.11,38.32,38.4,277732,10727092.89,1.3649,-0.9032,0,0
2020-12-04,sh.688360,38.4,38.69,38.1,38.15,256744,9810212.98,1.2618,-0.651,0,0
2020-12-07,sh.688360,38.15,38.29,37.31,37.52,406427,15321702.72,1.9974,-1.6514,0,0
2020-12-08,sh.688360,37.37,37.68,37.01,37.03,309905,11572712.71,1.523,-1.306,0,0
2020-12-09,sh.688360,37.02,37.38,35.8,36.19,495390,18023482.49,2.4346,-2.2684,0,0
2020-12-10,sh.688360,36.19,36.19,35.71,36.13,274365,9850974.2,1.3484,-0.1658,0,0
2020-12-11,sh.688360,36.14,36.28,34.78,34.99,430363,15212331.26,2.115,-3.1553,0,0
2020-12-14,sh.688360,35.11,35.11,34.0,34.48,336802,11638192.42,1.6552,-1.4576,0,0
2020-12-15,sh.688360,34.49,34.78,33.95,34.15,247428,8455869.94,1.216,-0.9571,0,0
2020-12-16,sh.688360,34.16,34.21,32.62,32.62,522512,17373664.9,2.5679,-4.4802,0,0
2020-12-17,sh.688360,32.65,34.48,32.2,33.5,484986,16147238.32,2.3834,2.6977,0,0
2020-12-18,sh.688360,33.8,33.8,32.6,32.87,340231,11260710.12,1.672,-1.8806,0,0
2020-12-21,sh.688360,32.4,33.49,32.1,33.31,234980,7801981.97,1.1548,1.3386,0,0
2020-12-22,sh.688360,33.31,34.0,32.71,32.84,255293,8508924.2,1.2546,-1.411,0,0
2020-12-23,sh.688360,32.5,32.99,32.5,32.89,217144,7097236.03,1.0671,0.1523,0,0
2020-12-24,sh.688360,32.86,32.86,30.91,31.13,538883,16957382.89,2.6483,-5.3512,0,0
2020-12-25,sh.688360,30.7,31.47,30.7,31.0,275052,8550434.69,1.3517,-0.4176,0,0
2020-12-28,sh.688360,31.28,32.49,30.6,30.96,278013,8706942.47,1.3663,-0.129,0,0
2020-12-29,sh.688360,31.2,31.4,30.71,31.13,213192,6646645.58,1.0477,0.5491,0,0
2020-12-30,sh.688360,31.64,31.64,31.19,31.26,190682,5988484.53,0.9371,0.4176,0,0
2020-12-31,sh.688360,31.51,31.78,31.34,31.46,172401,5437555.68,0.8473,0.6398,0,0
2021-01-04,sh.688360,31.23,32.36,31.23,32.04,286092,9133388.03,1.406,1.8436,0,0
2021-01-05,sh.688360,32.19,32.25,31.63,31.88,300036,9553291.93,1.4745,-0.4994,0,0
2021-01-06,sh.688360,31.52,32.2,30.72,30.9,495587,15387762.58,2.4355,-3.074,0,0
2021-01-07,sh.688360,31.0,31.04,28.57,28.98,677127,19846067.77,3.3277,-6.2136,0,0
2021-01-08,sh.688360,28.45,29.2,28.0,28.56,426128,12196649.14,2.0942,-1.4493,0,0
2021-01-11,sh.688360,28.52,29.33,28.29,28.76,402879,11583349.34,1.9799,0.7003,0,0
2021-01-12,sh.688360,28.01,29.17,28.01,28.68,276721,7930680.08,1.3599,-0.2782,0,0
2021-01-13,sh.688360,28.4,28.66,27.29,27.35,492941,13586108.52,2.4225,-4.6374,0,0
2021-01-14,sh.688360,27.5,28.95,27.13,28.43,642372,18252411.84,3.1569,3.9488,0,0
2021-01-15,sh.688360,28.87,29.69,28.3,29.37,640689,18766678.07,3.1486,3.3064,0,0
2021-01-18,sh.688360,29.0,29.96,28.97,29.17,354638,10384379.77,1.7428,-0.681,0,0
2021-01-19,sh.688360,29.0,30.66,28.99,30.28,726774,21840587.15,3.5717,3.8053,0,0
2021-01-20,sh.688360,30.03,30.8,29.35,29.83,489618,14515222.23,2.4062,-1.4861,0,0
2021-01-21,sh.688360,29.01,29.99,29.0,29.23,281332,8302764.62,1.3826,-2.0114,0,0
2021-01-22,sh.688360,29.09,29.54,28.53,28.61,298387,8596733.95,1.4664,-2.1211,0,0
2021-01-25,sh.688360,28.9,28.95,28.09,28.16,389251,11076829.82,1.913,-1.5729,0,0
2021-01-26,sh.688360,27.52,29.23,27.52,28.55,352088,10155375.21,1.7303,1.3849,0,0
2021-01-27,sh.688360,29.62,29.62,28.58,28.86,189605,5466481.64,0.9318,1.0858,0,0
2021-01-28,sh.688360,28.86,29.27,28.02,28.69,191014,5504972.16,0.9387,-0.5891,0,0
2021-01-29,sh.688360,28.68,28.88,27.5,27.8,356740,9976981.57,1.7532,-3.1021,0,0
2021-02-01,sh.688360,27.79,28.72,27.79,28.33,273807,7776233.45,1.3456,1.9065,0,0
2021-02-02,sh.688360,28.5,29.05,27.91,28.85,374419,10748300.11,1.8401,1.8355,0,0
2021-02-03,sh.688360,29.3,29.39,27.35,27.49,409764,11481241.09,2.0138,-4.714,0,0
2021-02-04,sh.688360,27.03,27.39,26.03,26.51,447843,11920202.52,2.2009,-3.5649,0,0
2021-02-05,sh.688360,26.6,27.34,25.83,26.27,300922,7945932.53,1.4789,-0.9053,0,0
2021-02-08,sh.688360,26.11,26.38,25.72,26.27,246360,6422980.04,1.2107,0.0,0,0
2021-02-09,sh.688360,26.38,26.93,26.21,26.35,263480,6958442.43,1.2949,0.3045,0,0
2021-02-10,sh.688360,26.41,26.76,26.15,26.26,382965,10083981.81,1.8821,-0.3416,0,0
2021-02-18,sh.688360,26.85,27.33,26.6,27.15,367279,9927588.62,1.805,3.3892,0,0
2021-02-19,sh.688360,27.11,29.18,27.11,28.86,717632,20407061.32,3.5268,6.2983,0,0
2021-02-22,sh.688360,29.0,29.99,28.54,29.99,698756,20675200.0,3.434,3.9155,0,0
2021-02-23,sh.688360,29.6,30.85,29.41,30.25,731699,22096212.51,3.5959,0.867,0,0
2021-02-24,sh.688360,30.0,30.87,29.55,29.75,431313,13076785.37,2.1197,-1.6529,0,0
2021-02-25,sh.688360,30.29,31.27,29.88,30.47,890291,27365334.67,4.3753,2.4202,0,0
2021-02-26,sh.688360,30.0,31.0,29.52,30.1,405364,12330898.28,1.9921,-1.2143,0,0
2021-03-01,sh.688360,29.65,30.87,29.65,30.47,382300,11634948.73,1.8788,1.2292,0,0
2021-03-02,sh.688360,30.8,30.95,30.36,30.44,267833,8202563.14,1.3162,-0.0985,0,0
2021-03-03,sh.688360,30.56,31.5,30.05,31.29,514785,15887630.76,2.5299,2.7924,0,0
2021-03-04,sh.688360,31.01,31.93,31.01,31.59,450227,14228737.97,2.2126,0.9588,0,0
2021-03-05,sh.688360,31.58,32.18,31.2,31.84,346658,11069369.7,1.7036,0.7914,0,0
2021-03-08,sh.688360,31.71,33.57,31.71,32.36,856659,28051235.11,4.21,1.6332,0,0
2021-03-09,sh.688360,32.68,32.68,31.03,31.8,738225,23431483.55,3.628,-1.7305,0,0
2021-03-10,sh.688360,32.03,32.18,30.12,30.28,448267,13881080.2,2.203,-4.7799,0,0
2021-03-11,sh.688360,30.36,30.8,30.16,30.66,263414,8065900.37,1.2945,1.255,0,0
2021-03-12,sh.688360,30.37,30.97,30.16,30.49,263041,7978793.55,1.2927,-0.5545,0,0
2021-03-15,sh.688360,30.52,31.05,30.11,30.85,257169,7848386.67,1.2638,1.1807,0,0
2021-03-16,sh.688360,31.48,31.56,30.55,30.6,348057,10748847.81,1.7105,-0.8104,0,0
2021-03-17,sh.688360,30.88,31.8,30.53,31.55,419440,13174088.43,2.0613,3.1046,0,0
2021-03-18,sh.688360,31.55,31.92,30.73,30.81,229170,7130244.77,1.1262,-2.3455,0,0
2021-03-19,sh.688360,30.71,30.85,30.15,30.28,251484,7647623.4,1.2359,-1.7202,0,0
2021-03-22,sh.688360,30.2,30.66,29.91,30.25,233329,7049525.44,1.1467,-0.0991,0,0
2021-03-23,sh.688360,30.7,30.88,29.5,29.6,237162,7113723.6,1.1655,-2.1488,0,0
2021-03-24,sh.688360,29.58,29.95,28.9,29.02,292323,8546763.61,1.4366,-1.9595,0,0
2021-03-25,sh.688360,28.88,29.93,28.43,28.57,221582,6423871.59,1.089,-1.5507,0,0
2021-03-26,sh.688360,28.65,28.87,28.01,28.7,168970,4831546.61,0.8304,0.455,0,0
2021-03-29,sh.688360,28.94,28.94,28.13,28.27,231754,6585084.27,1.1389,-1.4983,0,0
2021-03-30,sh.688360,28.0,28.32,27.2,27.37,340758,9402588.18,1.6746,-3.1836,0,0
2021-03-31,sh.688360,27.5,27.95,27.3,27.55,171683,4726820.56,0.8437,0.6577,0,0
2021-04-01,sh.688360,27.5,27.93,27.21,27.81,210619,5814857.21,1.0351,0.9437,0,0
2021-04-02,sh.688360,27.55,28.45,27.55,28.39,239630,6751648.43,1.1776,2.0856,0,0
2021-04-06,sh.688360,28.15,28.63,28.15,28.45,141534,4028134.64,0.6956,0.2113,0,0
2021-04-07,sh.688360,28.6,28.7,27.96,28.19,378500,10661210.52,1.8601,-0.9139,0,0
2021-04-08,sh.688360,28.05,28.08,27.75,27.75,263701,7360473.37,1.2959,-1.5608,0,0
2021-04-09,sh.688360,27.61,27.96,27.61,27.81,119972,3332597.84,0.5896,0.2162,0,0
2021-04-12,sh.688360,28.07,28.27,27.43,27.69,236563,6551696.09,1.1626,-0.4315,0,0
2021-04-13,sh.688360,27.4,27.55,26.75,26.81,456098,12289534.97,2.2415,-3.178,0,0
2021-04-14,sh.688360,26.75,27.31,26.75,27.03,376135,10185176.57,1.8485,0.8206,0,0
2021-04-15,sh.688360,27.0,27.27,26.5,26.63,251874,6707801.04,1.2378,-1.4798,0,0
2021-04-16,sh.688360,26.66,27.46,26.66,27.35,214143,5821522.09,1.0524,2.7037,0,0
2021-04-19,sh.688360,27.46,28.49,27.36,28.29,520855,14680357.37,2.5597,3.4369,0,0
2021-04-20,sh.688360,28.5,28.5,28.03,28.03,348116,9831695.7,1.7108,-0.9191,0,0
2021-04-21,sh.688360,28.3,28.3,27.68,27.73,192729,5366338.38,0.9472,-1.0703,0,0
2021-04-22,sh.688360,28.07,28.38,27.9,27.93,192095,5388746.56,0.944,0.7212,0,0
2021-04-23,sh.688360,27.71,28.0,27.53,27.6,150727,4177523.6,0.7407,-1.1815,0,0
2021-04-26,sh.688360,27.67,28.43,27.55,27.74,216956,6077100.98,1.0662,0.5072,0,0
2021-04-27,sh.688360,27.87,27.87,27.04,27.6,234543,6423777.6,1.1526,-0.5047,0,0
2021-04-28,sh.688360,27.26,27.77,27.25,27.48,158830,4370529.12,0.7806,-0.4348,0,0
2021-04-29,sh.688360,27.4,27.41,26.8,26.96,212591,5749369.71,1.0448,-0.6266,0,0
2021-04-30,sh.688360,26.9,26.9,26.09,26.36,236363,6232949.2,1.1616,-2.2255,0,0
2021-05-06,sh.688360,26.1,26.28,25.57,25.68,379406,9759184.72,1.8646,-2.5797,0,0
2021-05-07,sh.688360,25.68,26.07,25.52,25.71,156877,4039834.72,0.771,0.1168,0,0
2021-05-10,sh.688360,26.06,26.07,25.11,25.12,265797,6787125.08,1.3062,-2.2948,0,0
2021-05-11,sh.688360,25.13,25.56,25.13,25.56,138680,3506559.24,0.6815,1.7516,0,0
2021-05-12,sh.688360,25.6,25.8,25.27,25.69,150102,3842108.8,0.7377,0.5086,0,0
2021-05-13,sh.688360,25.66,25.95,25.48,25.76,131578,3397904.82,0.6466,0.2725,0,0
2021-05-14,sh.688360,25.48,26.43,25.48,26.34,259390,6792583.66,1.2748,2.2516,0,0
2021-05-17,sh.688360,26.61,26.61,25.82,26.04,172704,4513995.64,0.8487,-1.139,0,0
2021-05-18,sh.688360,25.8,26.19,25.8,26.1,174453,4535633.54,0.8573,0.2304,0,0
2021-05-19,sh.688360,26.01,26.14,25.64,25.64,191081,4946703.1,0.9391,-1.7625,0,0
2021-05-20,sh.688360,25.88,25.88,25.54,25.63,111291,2852609.71,0.5469,-0.039,0,0
2021-05-21,sh.688360,25.5,25.9,25.39,25.39,104481,2674308.1,0.5135,-0.9364,0,0
2021-05-24,sh.688360,25.25,25.84,25.25,25.39,188853,4813066.63,0.9281,0.0,0,0
2021-05-25,sh.688360,25.35,26.0,25.35,25.73,178253,4580550.58,0.876,1.3391,0,0
2021-05-26,sh.688360,25.81,26.48,25.63,26.31,314313,8207228.08,1.5447,2.2542,0,0
2021-05-27,sh.688360,26.5,26.95,26.37,26.66,441556,11772780.11,2.17,1.3303,0,0
2021-05-28,sh.688360,26.7,26.87,26.26,26.46,261661,6938817.62,1.2859,-0.7502,0,0
2021-05-31,sh.688360,26.55,26.87,26.18,26.54,443406,11750010.92,2.1791,0.3023,0,0
2021-06-01,sh.688360,26.6,27.41,26.6,27.2,907180,24547201.22,4.4583,2.4868,0,0
2021-06-02,sh.688360,27.2,29.35,26.92,28.21,2043440,57245818.55,4.9684,3.7132,0,0
2021-06-03,sh.688360,27.89,28.2,27.44,27.56,952637,26508400.09,2.3162,-2.3041,0,0
2021-06-04,sh.688360,27.5,27.79,27.02,27.52,505927,13896159.3,1.2301,-0.1451,0,0
2021-06-07,sh.688360,27.48,27.63,27.01,27.21,523561,14241141.19,1.273,-1.1265,0,0
2021-06-08,sh.688360,27.21,27.41,26.9,26.96,450178,12182254.78,1.0946,-0.9188,0,0
2021-06-09,sh.688360,26.96,27.25,26.63,26.99,578285,15572266.07,1.406,0.1113,0,0
2021-06-10,sh.688360,26.99,27.17,26.72,26.98,600336,16214360.04,1.4597,-0.0371,0,0
2021-06-11,sh.688360,27.2,27.2,26.57,26.61,707505,19052936.63,1.7202,-1.3714,0,0
2021-06-15,sh.688360,26.61,27.1,26.36,26.71,507465,13618296.37,1.2338,0.3758,0,0
2021-06-16,sh.688360,26.99,26.99,26.5,26.51,372779,9923543.71,0.9064,-0.7488,0,0
2021-06-17,sh.688360,26.43,27.21,26.36,27.14,545093,14629406.07,1.3253,2.3765,0,0
2021-06-18,sh.688360,27.24,27.45,26.81,26.86,638602,17248290.04,1.5527,-1.0317,0,0
2021-06-21,sh.688360,26.5,27.14,25.61,26.99,876399,23108735.84,2.1309,0.484,0,0
2021-06-22,sh.688360,26.97,27.14,26.71,26.83,524579,14111072.71,1.2755,-0.5928,0,0
2021-06-23,sh.688360,26.98,26.98,26.26,26.58,597836,15825361.57,1.4536,-0.9318,0,0
2021-06-24,sh.688360,26.66,26.66,25.78,25.82,754566,19586862.98,1.8346,-2.8593,0,0
2021-06-25,sh.688360,25.82,25.99,25.68,25.79,357099,9219732.42,0.8682,-0.1162,0,0
2021-06-28,sh.688360,26.28,26.28,25.84,25.99,411815,10742132.31,1.0013,0.7755,0,0
2021-06-29,sh.688360,25.85,26.21,25.81,25.87,317358,8237784.17,0.7716,-0.4617,0,0
2021-06-30,sh.688360,25.8,26.32,25.75,26.18,578700,15104794.03,1.407,1.1983,0,0
2021-07-01,sh.688360,26.24,26.59,26.24,26.31,592374,15673916.63,1.4403,0.4966,0,0
2021-07-02,sh.688360,26.3,26.39,25.65,25.78,627965,16296031.75,1.5268,-2.0144,0,0
2021-07-05,sh.688360,25.85,26.02,25.68,26.02,372384,9625590.76,0.9054,0.931,0,0
2021-07-06,sh.688360,26.08,26.08,25.69,25.85,326218,8428394.61,0.7932,-0.6533,0,0
2021-07-07,sh.688360,25.85,26.05,25.65,26.03,557969,14423841.95,1.3566,0.6963,0,0
2021-07-08,sh.688360,26.28,26.28,25.8,25.94,427454,11077799.9,1.0393,-0.3458,0,0
2021-07-09,sh.688360,25.9,25.94,25.47,25.81,590834,15148395.62,1.4366,-0.5012,0,0
2021-07-12,sh.688360,25.65,26.0,25.56,25.85,631203,16271948.86,1.5347,0.155,0,0
2021-07-13,sh.688360,25.94,26.06,25.8,25.89,414296,10727680.32,1.0073,0.1547,0,0
2021-07-14,sh.688360,25.97,25.97,25.44,25.56,551285,14123213.72,1.3404,-1.2746,0,0
2021-07-15,sh.688360,25.5,25.6,25.13,25.29,415806,10527040.65,1.011,-1.0563,0,0
2021-07-16,sh.688360,25.15,25.5,24.62,25.0,466130,11731925.84,1.1333,-1.1467,0,0
2021-07-19,sh.688360,24.8,24.84,24.38,24.55,469297,11550035.05,1.141,-1.8,0,0
2021-07-20,sh.688360,24.63,24.94,24.55,24.82,317250,7856543.79,0.7714,1.0998,0,0
2021-07-21,sh.688360,24.99,25.22,24.97,25.12,292976,7359434.51,0.7123,1.2087,0,0
2021-07-22,sh.688360,24.96,26.26,24.95,25.94,794569,20311210.92,1.9319,3.2643,0,0
2021-07-23,sh.688360,25.9,25.94,25.08,25.26,686822,17460747.53,1.6699,-2.6214,0,0
2021-07-26,sh.688360,25.05,25.79,25.05,25.6,435523,11090434.51,1.0589,1.346,0,0
2021-07-27,sh.688360,25.58,26.12,25.27,25.58,676897,17446406.94,1.6458,-0.0781,0,0
2021-07-28,sh.688360,25.35,25.57,24.8,25.06,406023,10206053.71,0.9872,-2.0328,0,0
2021-07-29,sh.688360,25.05,25.63,25.05,25.5,330770,8434324.35,0.8042,1.7558,0,0
2021-07-30,sh.688360,25.51,25.93,25.24,25.86,630237,16188262.74,1.5324,1.4118,0,0
2021-08-02,sh.688360,26.04,26.44,25.66,26.38,729486,19083980.5,1.7737,2.0108,0,0
2021-08-03,sh.688360,26.47,26.92,26.15,26.27,928258,24641033.36,2.257,-0.417,0,0
2021-08-04,sh.688360,26.08,26.58,26.08,26.54,640476,16919154.07,1.5572,1.0278,0,0
2021-08-05,sh.688360,26.53,26.53,26.0,26.12,449187,11758485.46,1.0922,-1.5825,0,0
2021-08-06,sh.688360,26.12,26.5,25.89,26.2,325081,8530591.86,0.7904,0.3063,0,0
2021-08-09,sh.688360,26.05,26.92,26.03,26.66,885143,23604017.88,2.1521,1.7557,0,0
2021-08-10,sh.688360,26.73,26.99,26.39,26.89,1066016,28420322.27,2.5919,0.8627,0,0
2021-08-11,sh.688360,26.85,26.93,26.26,26.47,837621,22195177.98,2.0366,-1.5619,0,0
2021-08-12,sh.688360,26.51,26.69,26.1,26.19,751705,19791927.87,1.8277,-1.0578,0,0
2021-08-13,sh.688360,26.1,26.34,25.89,26.0,481805,12560851.39,1.1715,-0.7255,0,0
2021-08-16,sh.688360,26.05,26.46,25.93,26.35,498030,13081242.19,1.2109,1.3462,0,0
2021-08-17,sh.688360,26.35,26.86,25.61,25.74,868568,22792759.43,2.1118,-2.315,0,0
2021-08-18,sh.688360,25.59,25.99,25.59,25.79,468640,12074589.37,1.1394,0.1943,0,0
2021-08-19,sh.688360,25.75,25.75,25.0,25.09,790479,19948386.74,1.9043,-2.7142,0,0
2021-08-20,sh.688360,26.5,29.92,26.5,28.75,6017170,168496994.65,14.4958,14.5875,1,0
2021-08-23,sh.688360,30.12,34.5,30.12,33.97,11055628,360426852.43,26.6339,18.1565,1,0
2021-08-24,sh.688360,34.5,34.5,31.01,31.71,8539875,276733635.99,20.5732,-6.6529,0,0
2021-08-25,sh.688360,31.71,32.55,30.72,31.13,4913535,154554364.0,11.8371,-1.8291,0,0
2021-08-26,sh.688360,30.92,31.22,29.53,29.68,5114454,153785674.18,12.3211,-4.6579,0,0
2021-08-27,sh.688360,29.83,30.88,29.66,30.04,4253026,128241981.1,10.2459,1.2129,0,0
2021-08-30,sh.688360,30.0,31.18,29.55,30.7,3760316,113670680.97,9.0589,2.1971,0,0
2021-08-31,sh.688360,30.76,31.88,29.81,30.3,3880761,119351559.53,9.3491,-1.3029,0,0
2021-09-01,sh.688360,30.36,30.36,28.33,28.8,4031112,116864535.32,9.7113,-4.9505,0,0
2021-09-02,sh.688360,28.85,29.45,28.64,29.18,1800018,52525825.28,4.3364,1.3194,0,0
2021-09-03,sh.688360,29.2,30.95,29.18,30.5,3004863,90567687.55,7.2389,4.5236,0,0
2021-09-06,sh.688360,30.83,36.6,30.82,36.6,7187258,246039156.92,17.3147,20.0,1,0
2021-09-07,sh.688360,37.86,37.99,34.65,35.31,6678270,239247174.89,16.0885,-3.5246,0,0
2021-09-08,sh.688360,36.18,36.23,34.72,35.36,2825834,100097592.1,6.8077,0.1416,0,0
2021-09-09,sh.688360,35.3,37.66,35.08,35.6,4008062,146364700.64,9.6557,0.6787,0,0
2021-09-10,sh.688360,35.21,36.33,34.6,35.57,3123491,110131984.68,7.5247,-0.0843,0,0
2021-09-13,sh.688360,35.8,35.88,34.17,34.51,2024004,70155603.71,4.876,-2.98,0,0
2021-09-14,sh.688360,34.64,35.16,33.68,34.06,1553986,53346205.04,3.7437,-1.304,0,0
2021-09-15,sh.688360,34.39,35.47,34.19,35.23,2249080,78605515.3,5.4182,3.4351,0,0
2021-09-16,sh.688360,35.76,35.8,33.47,33.65,2512282,87000306.9,6.0523,-4.4848,0,0
2021-09-17,sh.688360,34.03,35.33,33.08,34.59,2367329,81557433.68,5.7031,2.7935,0,0
2021-09-22,sh.688360,34.15,34.62,33.0,33.63,1783474,59872339.85,4.2965,-2.7754,0,0
2021-09-23,sh.688360,33.6,36.15,33.51,35.53,2486968,87327128.04,5.9913,5.6497,0,0
2021-09-24,sh.688360,35.35,35.53,33.75,33.93,1833793,62854439.52,4.4177,-4.5032,0,0
2021-09-27,sh.688360,33.91,34.49,29.8,30.04,2859721,89482231.4,6.8893,-11.4648,0,1
2021-09-28,sh.688360,30.42,30.61,29.55,29.98,1318982,39452454.15,3.1775,-0.1997,0,0
2021-09-29,sh.688360,29.83,31.01,29.33,29.93,1555781,47300930.94,3.748,-0.1668,0,0
2021-09-30,sh.688360,30.46,30.9,30.01,30.75,907059,27685707.96,2.1852,2.7397,0,0
2021-10-08,sh.688360,31.35,31.61,30.37,30.7,809282,25000618.81,1.9496,-0.1626,0,0
2021-10-11,sh.688360,30.7,31.09,29.68,29.88,804715,24158841.7,1.9386,-2.671,0,0
2021-10-12,sh.688360,30.05,30.1,28.8,29.02,834101,24359742.15,2.0094,-2.8782,0,0
2021-10-13,sh.688360,29.2,29.39,28.44,29.13,693133,19966601.91,1.6698,0.379,0,0
2021-10-14,sh.688360,29.01,30.68,29.01,30.6,1217871,36557031.81,2.9339,5.0463,0,0
2021-10-15,sh.688360,31.04,33.78,29.49,29.49,1583951,49008997.49,3.8159,-3.6275,0,0
2021-10-18,sh.688360,29.65,31.45,29.25,30.66,1169277,35769127.26,2.8169,3.9674,0,0
2021-10-19,sh.688360,30.54,30.96,30.21,30.75,777433,23806654.19,1.8729,0.2935,0,0
2021-10-20,sh.688360,30.95,31.83,30.63,31.03,816952,25635410.84,1.9681,0.9106,0,0
2021-10-21,sh.688360,30.9,31.66,30.68,31.11,720475,22424677.6,1.7357,0.2578,0,0
2021-10-22,sh.688360,31.35,31.77,30.48,31.42,915434,28601571.17,2.2054,0.9965,0,0
2021-10-25,sh.688360,30.8,33.03,30.8,31.83,1447041,46576506.27,3.486,1.3049,0,0
2021-10-26,sh.688360,32.0,32.3,30.89,30.92,999741,31417249.21,2.4085,-2.8589,0,0
2021-10-27,sh.688360,31.13,31.21,29.5,29.7,1066569,32041931.48,2.5694,-3.9457,0,0
2021-10-28,sh.688360,29.7,29.94,29.18,29.66,720292,21333743.86,1.7352,-0.1347,0,0
2021-10-29,sh.688360,29.88,30.28,28.8,29.49,893585,26191856.22,2.1527,-0.5732,0,0
2021-11-01,sh.688360,30.03,31.44,29.6,30.55,1210144,36813247.3,2.9153,3.5944,0,0
2021-11-02,sh.688360,30.97,31.02,28.84,29.23,1090560,32397124.26,2.6272,-4.3208,0,0
2021-11-03,sh.688360,29.23,29.98,29.02,29.9,699894,20668838.87,1.6861,2.2922,0,0
2021-11-04,sh.688360,29.78,31.08,29.74,30.7,1117917,34169451.25,2.6931,2.6756,0,0
2021-11-05,sh.688360,31.2,31.69,30.71,31.07,1386835,43285059.07,3.341,1.2052,0,0
2021-11-08,sh.688360,31.09,31.21,30.11,30.13,1114160,33812897.37,2.6841,-3.0254,0,0
2021-11-09,sh.688360,30.05,30.22,29.1,29.68,1837294,54328912.99,4.4262,-1.4935,0,0
2021-11-10,sh.688360,29.62,30.14,29.29,29.92,1198188,35581012.08,2.8865,0.8086,0,0
2021-11-11,sh.688360,29.78,30.97,29.6,30.97,1724182,52577406.64,4.1537,3.5094,0,0
2021-11-12,sh.688360,31.05,32.35,30.53,32.2,2100985,66312466.67,5.0614,3.9716,0,0
2021-11-15,sh.688360,32.23,33.17,32.03,32.45,2005211,65385662.54,4.8307,0.7764,0,0
2021-11-16,sh.688360,32.58,32.73,31.7,31.88,1196169,38270810.53,2.8817,-1.7565,0,0
2021-11-17,sh.688360,31.59,33.98,31.59,33.55,2292424,75678549.07,5.5226,5.2384,0,0
2021-11-18,sh.688360,33.43,33.52,32.65,32.8,1345877,44384664.37,3.2423,-2.2355,0,0
2021-11-19,sh.688360,32.8,34.66,32.8,34.22,2120702,72215632.2,5.1089,4.3293,0,0
2021-11-22,sh.688360,34.39,34.53,33.66,34.3,1452013,49526786.98,3.498,0.2338,0,0
2021-11-23,sh.688360,34.3,34.81,33.04,33.07,1921023,64203250.38,4.6279,-3.586,0,0
2021-11-24,sh.688360,33.3,33.7,32.73,33.09,1497404,49618722.94,3.6074,0.0605,0,0
2021-11-25,sh.688360,33.25,33.92,32.96,33.18,1190529,39652492.1,2.8681,0.272,0,0
2021-11-26,sh.688360,33.01,33.02,32.18,32.56,1424482,46461376.77,3.4317,-1.8686,0,0
2021-11-29,sh.688360,32.02,32.9,31.82,32.1,1197934,38738766.67,2.8859,-1.4128,0,0
2021-11-30,sh.688360,32.18,33.08,32.13,32.55,1001790,32685974.74,2.4134,1.4019,0,0
2021-12-01,sh.688360,32.79,33.45,32.12,33.34,1392702,46000897.18,3.3551,2.427,0,0
2021-12-02,sh.688360,33.5,33.75,31.48,31.63,1755438,56604891.33,4.229,-5.129,0,0
2021-12-03,sh.688360,31.63,32.1,31.2,31.56,949146,29990107.6,2.2866,-0.2213,0,0
2021-12-06,sh.688360,32.05,32.35,30.82,30.95,1280875,40446989.44,3.0857,-1.9328,0,0
2021-12-07,sh.688360,31.36,32.23,30.64,30.69,1318038,41161846.23,3.1753,-0.8401,0,0
2021-12-08,sh.688360,30.94,31.62,30.71,31.16,957869,29922277.22,2.3076,1.5314,0,0
2021-12-09,sh.688360,31.16,31.87,31.11,31.5,744226,23492132.07,1.7929,1.0911,0,0
2021-12-10,sh.688360,31.67,32.18,31.22,31.96,659228,21026557.57,1.5881,1.4603,0,0
2021-12-13,sh.688360,32.1,32.35,31.61,31.7,975773,31184799.34,2.3507,-0.8135,0,0
2021-12-14,sh.688360,31.89,31.96,31.4,31.53,690493,21838502.27,1.6635,-0.5363,0,0
2021-12-15,sh.688360,31.55,31.89,31.15,31.21,718776,22645349.97,1.7316,-1.0149,0,0
2021-12-16,sh.688360,31.35,32.12,31.35,31.87,905574,28833203.07,2.1816,2.1147,0,0
2021-12-17,sh.688360,31.71,32.64,31.7,32.33,1426687,46019597.03,3.437,1.4434,0,0
2021-12-20,sh.688360,32.34,33.2,31.87,32.32,1526295,49765658.33,3.677,-0.0309,0,0
2021-12-21,sh.688360,32.57,33.33,32.01,32.95,1128884,37128616.62,2.7196,1.9493,0,0
2021-12-22,sh.688360,33.02,33.9,32.64,33.65,1714844,57412105.32,4.1312,2.1244,0,0
2021-12-23,sh.688360,33.48,33.84,32.35,32.45,1734963,57028559.92,4.1797,-3.5661,0,0
2021-12-24,sh.688360,32.64,32.96,31.61,31.71,1141614,36628495.59,2.7502,-2.2804,0,0
2021-12-27,sh.688360,31.5,31.77,31.29,31.5,577062,18195637.04,1.3902,-0.6623,0,0
2021-12-28,sh.688360,31.5,33.35,31.48,33.01,2016519,65943152.16,4.858,4.7937,0,0
2021-12-29,sh.688360,33.15,33.15,32.31,32.72,1243802,40553073.62,2.9964,-0.8785,0,0
2021-12-30,sh.688360,32.62,33.34,32.61,33.0,1045453,34558479.66,2.5186,0.8557,0,0
2021-12-31,sh.688360,33.01,33.29,32.46,32.6,1158976,38081923.23,2.7921,-1.2121,0,0
2022-01-04,sh.688360,32.58,33.76,32.53,33.5,1586522,52879416.7,3.8221,2.7607,0,0
2022-01-05,sh.688360,33.6,33.8,32.59,32.85,1210739,40046650.68,2.9168,-1.9403,0,0
2022-01-06,sh.688360,32.92,34.75,32.5,34.19,2567133,87686134.03,6.1844,4.0791,0,0
2022-01-07,sh.688360,34.2,34.56,33.42,33.49,1272123,43095358.18,3.0646,-2.0474,0,0
2022-01-10,sh.688360,33.49,34.45,33.36,34.3,1408327,48081238.95,3.3928,2.4186,0,0
2022-01-11,sh.688360,34.4,35.02,33.83,34.25,1272093,43646582.69,3.0646,-0.1458,0,0
2022-01-12,sh.688360,34.2,34.84,33.6,33.85,1349102,45763403.61,3.2501,-1.1679,0,0
2022-01-13,sh.688360,33.85,34.25,33.37,33.42,1195070,40366582.75,2.879,-1.2703,0,0
2022-01-14,sh.688360,33.25,34.08,32.81,33.06,1282817,42772964.33,3.0904,-1.0772,0,0
2022-01-17,sh.688360,33.08,34.11,32.66,33.9,1128530,37964458.45,2.7187,2.5408,0,0
2022-01-18,sh.688360,33.9,34.45,32.37,32.42,1444009,47746576.69,3.4787,-4.3658,0,0
2022-01-19,sh.688360,32.42,33.88,32.39,33.34,1116200,37130432.97,2.689,2.8378,0,0
2022-01-20,sh.688360,33.58,33.59,30.72,31.1,2213032,70069557.86,5.3314,-6.7187,0,0
2022-01-21,sh.688360,30.85,31.35,29.82,29.99,1648928,49905039.84,3.9724,-3.5691,0,0
2022-01-24,sh.688360,29.99,30.5,29.78,29.96,897003,26960414.06,2.1609,-0.1,0,0
2022-01-25,sh.688360,30.01,30.02,28.0,28.01,1880791,54010870.79,4.531,-6.5087,0,0
2022-01-26,sh.688360,28.2,28.7,27.61,27.95,1040164,29138404.8,2.5058,-0.2142,0,0
2022-01-27,sh.688360,27.95,27.95,27.17,27.19,675034,18528576.05,1.6262,-2.7191,0,0
2022-01-28,sh.688360,27.34,27.85,27.2,27.5,704353,19434384.75,1.6968,1.1401,0,0
2022-02-07,sh.688360,27.88,28.68,27.88,28.02,795337,22450528.49,1.916,1.8909,0,0
2022-02-08,sh.688360,27.88,28.43,27.71,28.16,574901,16145287.92,1.385,0.4996,0,0
2022-02-09,sh.688360,27.95,28.33,27.89,28.23,638549,17965907.28,1.5383,0.2486,0,0
2022-02-10,sh.688360,28.23,28.36,27.26,27.44,939042,25958862.06,2.2622,-2.7984,0,0
2022-02-11,sh.688360,27.44,27.44,26.48,26.58,1006843,26941043.48,2.4256,-3.1341,0,0
2022-02-14,sh.688360,26.47,26.85,26.09,26.42,818340,21610499.2,1.9714,-0.602,0,0
2022-02-15,sh.688360,26.48,26.88,26.42,26.83,648911,17319473.44,1.5633,1.5519,0,0
2022-02-16,sh.688360,26.82,27.54,26.7,27.38,658789,17929281.45,1.5871,2.0499,0,0
2022-02-17,sh.688360,27.38,27.65,26.89,27.14,731082,19921176.96,1.7612,-0.8766,0,0
2022-02-18,sh.688360,26.98,27.17,26.63,27.13,498955,13405066.96,1.202,-0.0368,0,0
2022-02-21,sh.688360,27.14,27.57,26.85,27.43,686286,18724969.4,1.6533,1.1058,0,0
2022-02-22,sh.688360,27.3,27.49,26.6,27.05,943478,25545537.25,2.2729,-1.3853,0,0
2022-02-23,sh.688360,27.05,27.76,27.04,27.59,865320,23804323.55,2.0846,1.9963,0,0
2022-02-24,sh.688360,27.5,28.04,26.5,26.95,938971,25675846.97,2.2621,-2.3197,0,0
2022-02-25,sh.688360,27.16,27.67,27.0,27.14,652003,17802256.96,1.5707,0.705,0,0
2022-02-28,sh.688360,27.15,27.34,26.59,26.83,791439,21192841.0,1.9066,-1.1422,0,0
2022-03-01,sh.688360,26.75,27.17,26.7,26.96,517679,13925417.0,1.2471,0.4845,0,0
2022-03-02,sh.688360,26.74,27.0,26.73,26.81,393750,10569135.0,0.9486,-0.5564,0,0
2022-03-03,sh.688360,26.83,26.99,26.69,26.69,578837,15508621.0,1.3945,-0.4476,0,0
2022-03-04,sh.688360,26.53,26.69,26.13,26.27,615686,16251587.0,1.4832,-1.5736,0,0
2022-03-07,sh.688360,26.02,26.15,25.5,25.5,794542,20402818.0,1.9141,-2.9311,0,0
2022-03-08,sh.688360,25.46,25.97,24.24,24.76,1064961,26533667.0,2.5656,-2.902,0,0
2022-03-09,sh.688360,24.74,25.19,23.41,24.18,1100791,26740571.0,2.6519,-2.3425,0,0
2022-03-10,sh.688360,24.59,25.3,24.59,24.7,785762,19637231.0,1.893,2.1505,0,0
2022-03-11,sh.688360,24.5,25.47,24.03,25.18,844364,20833581.0,2.0341,1.9433,0,0
2022-03-14,sh.688360,24.96,25.01,24.46,24.5,711569,17573119.0,1.7142,-2.7006,0,0
2022-03-15,sh.688360,24.52,24.52,23.0,23.06,815294,19328347.0,1.9641,-5.8776,0,0
2022-03-16,sh.688360,23.54,23.8,22.77,23.73,719198,16782389.0,1.7326,2.9055,0,0
2022-03-17,sh.688360,23.98,24.37,23.86,23.88,720051,17382013.0,1.7347,0.6321,0,0
2022-03-18,sh.688360,24.09,24.2,23.76,24.13,385464,9283020.55,0.9286,1.0469,0,0
2022-03-21,sh.688360,24.18,24.96,24.12,24.66,725779,17920637.68,1.7485,2.1964,0,0
2022-03-22,sh.688360,24.68,24.9,24.46,24.65,606474,14948158.24,1.461,-0.0406,0,0
2022-03-23,sh.688360,24.66,24.78,24.4,24.52,436202,10731703.7,1.0508,-0.5274,0,0
2022-03-24,sh.688360,24.46,24.51,23.71,23.9,537820,12893635.14,1.2957,-2.5285,0,0
2022-03-25,sh.688360,24.0,24.53,23.91,23.91,495503,12016211.44,1.1937,0.0418,0,0
2022-03-28,sh.688360,23.78,24.12,23.31,23.77,437012,10408399.51,1.0528,-0.5855,0,0
2022-03-29,sh.688360,24.0,24.0,23.03,23.06,740569,17261251.72,1.7841,-2.987,0,0
2022-03-30,sh.688360,23.19,23.63,23.07,23.5,495026,11575587.49,1.1926,1.9081,0,0
2022-03-31,sh.688360,25.4,27.57,25.18,26.43,4453062,117862256.65,10.7278,12.4681,1,0
2022-04-01,sh.688360,26.3,26.75,25.47,26.12,2382953,62164940.77,5.7407,-1.1729,0,0
2022-04-06,sh.688360,26.32,30.22,26.2,28.74,5868632,168916110.46,14.138,10.0306,1,0
2022-04-07,sh.688360,29.0,29.37,28.3,29.05,2795500,81006346.99,6.7346,1.0786,0,0
2022-04-08,sh.688360,28.82,29.0,27.68,28.15,2367136,66881515.2,5.7026,-3.0981,0,0
2022-04-11,sh.688360,28.9,30.2,28.08,28.51,2927578,84992345.51,7.0528,1.2789,0,0
2022-04-12,sh.688360,27.8,28.47,27.02,27.76,2335004,64492763.66,5.6252,-2.6307,0,0
2022-04-13,sh.688360,27.69,28.78,26.88,27.66,2388881,66872600.65,5.755,-0.3602,0,0
2022-04-14,sh.688360,27.93,27.99,27.11,27.18,1625768,44557280.55,3.9166,-1.7354,0,0
2022-04-15,sh.688360,27.15,27.86,26.75,27.25,1703045,46728107.28,4.1028,0.2575,0,0
2022-04-18,sh.688360,27.21,28.11,26.45,27.93,1745326,47974331.56,4.1976,2.4954,0,0
2022-04-19,sh.688360,27.71,28.29,27.1,27.38,1295986,35665402.86,3.1169,-1.9692,0,0
2022-04-20,sh.688360,27.97,27.97,26.85,27.22,1341658,36716405.89,3.2268,-0.5844,0,0
2022-04-21,sh.688360,27.39,28.96,26.58,26.72,2305173,63828339.36,5.5441,-1.8369,0,0
2022-04-22,sh.688360,26.36,27.5,25.84,26.04,1556095,41435355.92,3.7425,-2.5449,0,0
2022-04-25,sh.688360,25.98,25.98,23.2,23.2,1985561,48123343.8,4.7754,-10.9063,0,1
2022-04-26,sh.688360,23.23,24.41,23.15,23.43,1837656,43663052.62,4.4197,0.9914,0,0
2022-04-27,sh.688360,23.2,23.8,21.51,23.66,2141183,48111762.94,5.1497,0.9816,0,0
2022-04-28,sh.688360,23.45,24.96,23.0,24.48,1809411,44035152.85,4.3518,3.4658,0,0
2022-04-29,sh.688360,24.54,25.85,24.42,25.56,1991200,50478688.67,4.789,4.4118,0,0
2022-05-05,sh.688360,26.18,26.18,24.8,25.21,1331514,33647470.02,3.2024,-1.3693,0,0
2022-05-06,sh.688360,24.6,25.82,24.2,25.4,1100708,27912546.9,2.6473,0.7537,0,0
2022-05-09,sh.688360,25.4,26.11,25.36,25.57,705587,18101595.65,1.697,0.6693,0,0
2022-05-10,sh.688360,25.31,25.98,24.97,25.9,838105,21576829.79,2.0157,1.2906,0,0
2022-05-11,sh.688360,25.8,26.75,25.65,25.79,925743,24369653.55,2.2265,-0.4247,0,0
2022-05-12,sh.688360,25.5,25.77,24.84,25.38,1074734,27200547.86,2.5848,-1.5898,0,0
2022-05-13,sh.688360,25.15,26.3,25.15,25.64,1096767,28353986.87,2.6378,1.0244,0,0
2022-05-16,sh.688360,25.67,26.44,25.25,25.52,1051981,27214819.02,2.5301,-0.468,0,0
2022-05-17,sh.688360,25.74,25.75,24.52,24.95,890082,22123849.77,2.1407,-2.2335,0,0
2022-05-18,sh.688360,25.17,25.86,24.8,24.94,787702,19969670.51,1.8945,-0.0401,0,0
2022-05-19,sh.688360,24.9,24.95,24.5,24.74,791430,19548472.27,1.9035,-0.8019,0,0
2022-05-20,sh.688360,24.97,25.42,24.7,25.15,820624,20536772.14,1.9737,1.6572,0,0
2022-05-23,sh.688360,25.0,25.68,25.0,25.68,895768,22678593.58,2.1544,2.1074,0,0
2022-05-24,sh.688360,25.5,25.87,24.0,24.06,1045528,25888858.39,2.5146,-6.3084,0,0
2022-05-25,sh.688360,23.79,25.08,23.54,24.56,1306614,31908731.73,3.1425,3.2367,0,0
2022-05-26,sh.688360,24.46,24.56,23.74,24.19,665873,16062991.41,1.6015,-1.5065,0,0
2022-05-27,sh.688360,24.49,24.49,23.7,23.8,561371,13513618.99,1.3501,-1.6122,0,0
2022-05-30,sh.688360,23.77,24.61,23.6,24.22,642133,15468290.35,1.5444,1.7647,0,0
2022-05-31,sh.688360,24.02,24.73,23.82,24.7,1328524,32250263.66,3.1952,1.9818,0,0
2022-06-01,sh.688360,24.7,26.03,24.57,25.61,1415804,36073885.41,3.4051,3.6842,0,0
2022-06-02,sh.688360,25.59,27.26,25.34,26.88,2022233,53580904.09,4.7921,4.959,0,0
2022-06-06,sh.688360,27.28,28.47,27.17,27.95,2610021,72814656.71,6.1849,3.9807,0,0
2022-06-07,sh.688360,27.94,28.1,27.02,27.32,1330380,36626887.24,3.1526,-2.254,0,0
2022-06-08,sh.688360,27.75,28.16,26.68,27.54,1703749,46716713.96,4.0374,0.8053,0,0
2022-06-09,sh.688360,27.4,27.6,26.45,26.59,936928,25185744.67,2.2202,-3.4495,0,0
2022-06-10,sh.688360,26.69,26.95,26.2,26.62,1013253,27054988.46,2.4011,0.1128,0,0
2022-06-13,sh.688360,26.62,27.09,26.39,26.71,1042578,27864726.42,2.4706,0.3381,0,0
2022-06-14,sh.688360,26.52,26.75,25.59,26.19,1045569,27174012.3,2.4777,-1.9468,0,0
2022-06-15,sh.688360,26.31,26.74,25.9,26.02,1016733,26753814.48,2.4093,-0.6491,0,0
2022-06-16,sh.688360,26.27,26.87,25.85,26.54,1032949,27401229.46,2.4478,1.9985,0,0
2022-06-17,sh.688360,26.39,27.17,26.05,26.77,1015358,27095534.56,2.4061,0.8666,0,0
2022-06-20,sh.688360,26.94,27.2,26.62,26.8,906999,24391804.38,2.1493,0.1121,0,0
2022-06-21,sh.688360,26.7,27.28,26.3,26.68,926493,24859527.94,2.1955,-0.4478,0,0
2022-06-22,sh.688360,26.7,27.06,26.2,26.2,863614,22991238.46,2.0465,-1.7991,0,0
2022-06-23,sh.688360,26.04,26.68,25.98,26.6,785137,20760395.56,1.8605,1.5267,0,0
2022-06-24,sh.688360,26.7,27.23,26.59,26.94,918053,24705974.11,2.1755,1.2782,0,0
2022-06-27,sh.688360,27.1,27.41,26.69,26.94,859839,23128019.15,2.0376,0.0,0,0
2022-06-28,sh.688360,26.88,27.78,26.65,27.62,1202235,32925174.72,2.8489,2.5241,0,0
2022-06-29,sh.688360,27.74,27.79,26.56,26.59,1080692,29274611.61,2.5609,-3.7292,0,0
2022-06-30,sh.688360,26.39,27.08,26.39,26.62,895330,23913440.54,2.1217,0.1128,0,0
2022-07-01,sh.688360,26.62,27.42,26.21,27.07,1232052,33109960.53,2.9196,1.6905,0,0
2022-07-04,sh.688360,27.05,27.16,26.32,27.07,1105727,29592829.16,2.6202,0.0,0,0
2022-07-05,sh.688360,27.07,27.29,26.1,26.5,1154344,30672336.54,2.7354,-2.1057,0,0
2022-07-06,sh.688360,26.24,27.19,26.22,26.72,953156,25475334.47,2.2587,0.8302,0,0
2022-07-07,sh.688360,26.35,26.81,26.35,26.48,675922,17957836.02,1.6017,-0.8982,0,0
2022-07-08,sh.688360,26.47,27.45,26.47,27.29,1618484,44032745.99,3.8353,3.0589,0,0
2022-07-11,sh.688360,27.29,27.77,26.65,27.54,1483048,40694642.59,3.5144,0.9161,0,0
2022-07-12,sh.688360,27.59,27.65,26.66,26.68,1108473,29952476.67,2.6267,-3.1227,0,0
2022-07-13,sh.688360,26.93,26.99,26.4,26.63,716427,19124206.45,1.6977,-0.1874,0,0
2022-07-14,sh.688360,26.54,27.79,26.54,27.66,1550101,42396586.56,3.6733,3.8678,0,0
2022-07-15,sh.688360,27.52,28.0,27.12,27.48,1440047,39807838.97,3.4125,-0.6508,0,0
2022-07-18,sh.688360,27.81,27.88,27.36,27.88,909975,25164446.27,2.1564,1.4556,0,0
2022-07-19,sh.688360,28.16,28.3,27.75,28.2,997213,27972805.93,2.3631,1.1478,0,0
2022-07-20,sh.688360,28.31,29.09,27.9,28.91,1523617,43433604.93,3.6105,2.5177,0,0
2022-07-21,sh.688360,28.87,29.85,28.5,29.4,1846880,54314452.92,4.3765,1.6949,0,0
2022-07-22,sh.688360,29.27,29.58,28.12,28.63,1634098,46972431.84,3.8723,-2.619,0,0
2022-07-25,sh.688360,28.69,29.57,28.32,28.92,1316208,38244256.2,3.119,1.0129,0,0
2022-07-26,sh.688360,29.11,29.2,27.8,28.7,955452,27137113.36,2.2641,-0.7607,0,0
2022-07-27,sh.688360,28.5,29.54,28.5,29.44,1030504,30193067.52,2.442,2.5784,0,0
2022-07-28,sh.688360,29.7,29.79,29.33,29.55,1066956,31571998.58,2.5284,0.3736,0,0
2022-07-29,sh.688360,29.81,29.81,28.96,29.78,1342478,39500047.65,3.1813,0.7783,0,0
2022-08-01,sh.688360,29.78,30.51,29.21,30.03,1340011,40075920.28,3.1754,0.8395,0,0
2022-08-02,sh.688360,29.76,29.76,27.85,28.59,1836202,52577880.89,4.3512,-4.7952,0,0
2022-08-03,sh.688360,28.49,29.49,28.28,28.5,1609716,46701182.33,3.8145,-0.3148,0,0
2022-08-04,sh.688360,28.89,28.89,27.96,28.59,1047543,29786831.0,2.4824,0.3158,0,0
2022-08-05,sh.688360,28.7,29.1,28.31,29.0,1046795,30151776.0,2.4806,1.4341,0,0
2022-08-08,sh.688360,28.88,29.7,28.4,29.59,909783,26618909.0,2.1559,2.0345,0,0
2022-08-09,sh.688360,29.41,29.81,29.21,29.74,860280,25417823.0,2.0386,0.5069,0,0
2022-08-10,sh.688360,29.52,30.58,29.23,30.43,1792783,53799726.0,4.2483,2.3201,0,0
2022-08-11,sh.688360,30.39,30.97,30.0,30.17,1339528,40717078.0,3.1743,-0.8544,0,0
2022-08-12,sh.688360,30.16,30.93,29.7,29.85,1197523,36216155.0,2.8378,-1.0607,0,0
2022-08-15,sh.688360,29.92,30.2,29.5,30.05,861176,25804289.96,2.0407,0.67,0,0
2022-08-16,sh.688360,29.94,30.86,29.79,30.84,1406710,43127173.0,3.3335,2.629,0,0
2022-08-17,sh.688360,31.14,31.38,30.34,30.72,1051406,32170771.19,2.4915,-0.3891,0,0
2022-08-18,sh.688360,30.7,31.45,30.48,31.3,1041486,32431272.99,2.468,1.888,0,0
2022-08-19,sh.688360,31.18,31.7,30.08,30.2,1511165,46318656.45,3.581,-3.5144,0,0
2022-08-22,sh.688360,29.5,29.65,27.8,28.35,3717893,105390578.44,8.8103,-6.1258,0,0
2022-08-23,sh.688360,28.65,28.98,28.2,28.43,1727911,49366447.81,4.0946,0.2822,0,0
2022-08-24,sh.688360,28.7,28.7,27.06,27.19,1837299,50865216.44,4.3538,-4.3616,0,0
2022-08-25,sh.688360,27.21,27.45,26.41,26.75,1356044,36225446.54,3.2134,-1.6182,0,0
2022-08-26,sh.688360,26.75,27.09,26.26,26.35,942946,25135490.57,2.2345,-1.4953,0,0
2022-08-29,sh.688360,26.31,26.77,25.72,26.65,720219,19053817.43,1.7067,1.1385,0,0
2022-08-30,sh.688360,26.68,26.85,26.14,26.38,567892,15012383.67,1.3457,-1.0131,0,0
2022-08-31,sh.688360,26.39,26.4,25.7,25.86,912875,23711074.72,2.1632,-1.9712,0,0
2022-09-01,sh.688360,25.73,26.1,25.39,25.48,835109,21402878.71,1.9789,-1.4695,0,0
2022-09-02,sh.688360,25.6,25.99,25.38,25.83,686612,17691453.56,1.6271,1.3736,0,0
2022-09-05,sh.688360,25.85,26.05,25.65,25.85,555581,14343770.83,1.3166,0.0774,0,0
2022-09-06,sh.688360,25.93,26.09,25.73,26.09,649599,16846674.02,1.5393,0.9284,0,0
2022-09-07,sh.688360,26.02,26.37,25.85,25.98,833270,21768709.66,1.9746,-0.4216,0,0
2022-09-08,sh.688360,25.93,25.98,25.3,25.33,844862,21587372.88,2.0021,-2.5019,0,0
2022-09-09,sh.688360,25.48,25.49,24.84,25.08,797729,19948785.96,1.8904,-0.987,0,0
2022-09-13,sh.688360,25.08,25.33,24.87,24.97,731443,18305483.53,1.7333,-0.4386,0,0
2022-09-14,sh.688360,24.76,24.87,24.24,24.73,721835,17713445.79,1.7105,-0.9612,0,0
2022-09-15,sh.688360,24.83,24.87,23.66,24.05,931301,22501728.61,2.2069,-2.7497,0,0
2022-09-16,sh.688360,23.8,24.26,23.47,23.47,462512,11068351.51,1.096,-2.4116,0,0
2022-09-19,sh.688360,23.53,23.97,23.25,23.32,608882,14339946.69,1.4429,-0.6391,0,0
2022-09-20,sh.688360,23.53,23.88,23.37,23.84,386997,9190071.37,0.9171,2.2298,0,0
2022-09-21,sh.688360,23.88,24.35,23.73,24.16,651947,15653964.16,1.5449,1.3423,0,0
2022-09-22,sh.688360,24.13,24.36,23.9,23.96,400593,9666454.12,0.9493,-0.8278,0,0
2022-09-23,sh.688360,23.9,24.15,23.31,23.43,557463,13182125.85,1.321,-2.212,0,0
2022-09-26,sh.688360,23.32,23.58,23.01,23.04,324760,7555750.7,0.7696,-1.6645,0,0
2022-09-27,sh.688360,23.26,23.6,23.07,23.56,387724,9080458.8,0.9188,2.2569,0,0
2022-09-28,sh.688360,23.56,23.73,23.13,23.15,403047,9403889.59,0.9551,-1.7402,0,0
2022-09-29,sh.688360,23.33,23.44,22.99,23.1,290427,6748820.76,0.6882,-0.216,0,0
2022-09-30,sh.688360,23.11,23.26,22.32,22.41,626716,14202376.85,1.4851,-2.987,0,0
2022-10-10,sh.688360,22.5,22.53,22.0,22.07,304666,6764549.14,0.722,-1.5172,0,0
2022-10-11,sh.688360,22.2,22.35,21.93,22.27,258114,5726057.74,0.6116,0.9062,0,0
2022-10-12,sh.688360,22.03,23.13,22.02,23.05,422698,9588540.77,1.0017,3.5025,0,0
2022-10-13,sh.688360,23.06,23.35,22.95,23.32,464435,10773391.3,1.1006,1.1714,0,0
2022-10-14,sh.688360,23.4,23.86,23.4,23.75,565767,13415063.11,1.3407,1.8439,0,0
2022-10-17,sh.688360,23.25,24.7,23.25,24.6,928676,22441106.61,2.2007,3.5789,0,0
2022-10-18,sh.688360,24.61,24.83,24.24,24.55,714305,17561641.5,1.6927,-0.2033,0,0
2022-10-19,sh.688360,24.73,24.73,24.3,24.5,467277,11447911.22,1.1073,-0.2037,0,0
2022-10-20,sh.688360,24.62,24.67,24.08,24.51,675656,16522446.56,1.6011,0.0408,0,0
2022-10-21,sh.688360,24.55,25.2,24.27,25.17,762611,18920521.34,1.8072,2.6928,0,0
2022-10-24,sh.688360,25.08,25.41,24.4,24.46,761675,18986659.23,1.8049,-2.8208,0,0
2022-10-25,sh.688360,24.59,25.52,24.21,25.16,872313,21710802.34,2.0671,2.8618,0,0
2022-10-26,sh.688360,25.33,25.8,24.9,25.79,959491,24488475.69,2.2737,2.504,0,0
2022-10-27,sh.688360,25.73,25.96,25.45,25.77,577326,14855500.03,1.3681,-0.0775,0,0
2022-10-28,sh.688360,25.53,25.73,24.43,24.5,872898,21697824.93,2.0685,-4.9282,0,0
2022-10-31,sh.688360,24.7,25.34,24.4,24.99,662184,16557779.63,1.5692,2.0,0,0
2022-11-01,sh.688360,25.21,25.46,24.93,25.42,543898,13729691.51,1.2889,1.7207,0,0
2022-11-02,sh.688360,25.4,25.73,25.26,25.42,619063,15754055.41,1.467,0.0,0,0
2022-11-03,sh.688360,25.31,25.81,25.09,25.79,720090,18356388.55,1.7064,1.4555,0,0
2022-11-04,sh.688360,25.88,26.02,25.57,25.92,781081,20178756.67,1.8509,0.5041,0,0
2022-11-07,sh.688360,26.0,26.09,25.74,25.86,678498,17564237.34,1.6078,-0.2315,0,0
2022-11-08,sh.688360,25.82,25.99,25.28,25.42,848055,21579423.69,2.0096,-1.7015,0,0
2022-11-09,sh.688360,25.42,25.61,25.17,25.45,345989,8809837.81,0.8199,0.118,0,0
2022-11-10,sh.688360,25.45,29.26,25.34,28.66,6039729,168205531.72,14.3123,12.613,1,0
2022-11-11,sh.688360,29.0,29.05,27.11,27.2,4618930,129719355.94,10.9454,-5.0942,0,0
2022-11-14,sh.688360,26.99,26.99,26.11,26.7,2671009,70728103.42,6.3295,-1.8382,0,0
2022-11-15,sh.688360,26.6,26.98,26.5,26.76,1959139,52455470.42,4.6426,0.2247,0,0
2022-11-16,sh.688360,26.9,27.88,26.77,27.56,2350388,64387144.96,5.5697,2.9895,0,0
2022-11-17,sh.688360,27.4,27.4,26.6,27.05,1347604,36158224.6,3.1934,-1.8505,0,0
2022-11-18,sh.688360,27.01,27.25,26.24,26.45,1467430,39214656.41,3.4774,-2.2181,0,0
2022-11-21,sh.688360,26.3,26.65,25.93,26.35,893527,23413776.84,2.1174,-0.3781,0,0
2022-11-22,sh.688360,26.35,26.75,26.19,26.47,857618,22626003.49,2.0323,0.4554,0,0
2022-11-23,sh.688360,26.49,26.49,25.56,25.64,804980,20794245.94,1.9076,-3.1356,0,0
2022-11-24,sh.688360,25.74,26.0,25.56,25.93,571257,14719795.58,1.3537,1.131,0,0
2022-11-25,sh.688360,25.66,25.7,25.15,25.16,717870,18224194.52,1.7011,-2.9695,0,0
2022-11-28,sh.688360,24.8,24.97,24.48,24.68,534583,13171863.72,1.2668,-1.9078,0,0
2022-11-29,sh.688360,24.68,25.27,24.63,25.18,503298,12598800.16,1.1927,2.0259,0,0
2022-11-30,sh.688360,25.31,25.61,25.01,25.39,465444,11792184.09,1.103,0.834,0,0
2022-12-01,sh.688360,25.61,25.79,25.41,25.54,359036,9200346.39,0.8508,0.5908,0,0
2022-12-02,sh.688360,25.54,25.81,25.4,25.71,457118,11747175.74,1.0832,0.6656,0,0
2022-12-05,sh.688360,25.85,26.2,25.66,25.94,534251,13811564.6,1.266,0.8946,0,0
2022-12-06,sh.688360,25.67,26.01,25.67,25.72,466892,12038552.09,1.1064,-0.8481,0,0
2022-12-07,sh.688360,25.83,25.93,25.7,25.79,314635,8119084.74,0.7456,0.2722,0,0
2022-12-08,sh.688360,25.72,26.06,25.72,25.75,542027,14009729.9,1.2844,-0.1551,0,0
2022-12-09,sh.688360,25.99,25.99,25.65,25.76,612594,15796091.73,1.4517,0.0388,0,0
2022-12-12,sh.688360,25.76,26.12,25.37,25.98,601986,15482371.58,1.4265,0.854,0,0
2022-12-13,sh.688360,25.85,26.3,25.85,26.19,684196,17928929.45,1.6213,0.8083,0,0
2022-12-14,sh.688360,26.31,26.76,25.9,26.51,1025430,27037999.82,2.43,1.2218,0,0
2022-12-15,sh.688360,26.4,27.49,26.29,26.98,1290281,34851354.74,3.0576,1.7729,0,0
2022-12-16,sh.688360,26.88,27.24,26.1,26.13,798284,21131083.46,1.8917,-3.1505,0,0
2022-12-19,sh.688360,26.33,26.35,25.52,25.74,594770,15332840.15,1.4094,-1.4925,0,0
2022-12-20,sh.688360,25.55,26.0,25.55,25.76,348823,8991601.06,0.8266,0.0777,0,0
2022-12-21,sh.688360,25.67,25.98,25.28,25.34,333387,8506051.85,0.79,-1.6304,0,0
2022-12-22,sh.688360,25.45,25.5,24.84,24.95,366349,9245707.95,0.8681,-1.5391,0,0
2022-12-23,sh.688360,24.71,25.19,24.71,24.98,259962,6460001.14,0.616,0.1202,0,0
2022-12-26,sh.688360,24.72,25.42,24.72,25.42,320473,8058898.65,0.7594,1.7614,0,0
2022-12-27,sh.688360,25.55,25.55,25.2,25.46,269869,6843671.78,0.6395,0.1574,0,0
2022-12-28,sh.688360,25.46,25.46,24.71,24.77,377469,9446740.06,0.8945,-2.7101,0,0
2022-12-29,sh.688360,24.7,24.96,24.65,24.68,275651,6829157.74,0.6532,-0.3633,0,0
2022-12-30,sh.688360,24.68,24.88,24.41,24.59,405272,9950217.78,0.9604,-0.3647,0,0
2023-01-03,sh.688360,24.59,25.32,24.49,25.28,427893,10695136.2,1.014,2.806,0,0
2023-01-04,sh.688360,25.17,25.45,25.13,25.38,327788,8277919.82,0.7768,0.3956,0,0
2023-01-05,sh.688360,25.38,25.53,25.25,25.46,348532,8859900.21,0.8259,0.3152,0,0
2023-01-06,sh.688360,25.6,25.66,25.35,25.51,281885,7192083.65,0.668,0.1964,0,0
2023-01-09,sh.688360,25.51,25.94,25.41,25.54,319661,8207388.97,0.7575,0.1176,0,0
2023-01-10,sh.688360,25.67,26.6,25.51,26.15,648193,16887708.59,1.536,2.3884,0,0
2023-01-11,sh.688360,26.21,26.21,25.7,25.85,320852,8303090.64,0.7603,-1.1472,0,0
2023-01-12,sh.688360,25.62,25.94,25.58,25.85,131256,3388235.44,0.311,0.0,0,0
2023-01-13,sh.688360,25.92,26.22,25.7,26.17,287297,7479023.75,0.6808,1.2379,0,0
2023-01-16,sh.688360,26.22,26.7,26.05,26.47,594614,15739064.33,1.4091,1.1464,0,0
2023-01-17,sh.688360,26.61,26.68,26.2,26.45,382099,10100719.17,0.9055,-0.0756,0,0
2023-01-18,sh.688360,26.51,26.67,26.4,26.44,174910,4635071.61,0.4145,-0.0378,0,0
2023-01-19,sh.688360,26.71,27.0,26.37,26.86,457458,12237769.52,1.084,1.5885,0,0
2023-01-20,sh.688360,26.98,28.0,26.7,27.39,1161393,31897309.37,2.7521,1.9732,0,0
2023-01-30,sh.688360,27.64,28.1,27.46,27.46,810615,22443841.66,1.9209,0.2556,0,0
2023-01-31,sh.688360,27.41,27.81,27.4,27.62,516315,14260304.65,1.2235,0.5827,0,0
2023-02-01,sh.688360,27.69,27.94,27.62,27.91,572101,15904755.01,1.3557,1.05,0,0
2023-02-02,sh.688360,27.91,28.01,27.63,27.74,796492,22143470.92,1.8874,-0.6091,0,0
2023-02-03,sh.688360,27.69,27.89,27.27,27.75,833473,22982674.6,1.9751,0.036,0,0
2023-02-06,sh.688360,27.75,27.75,27.75,27.75,0,0.0,0.0,0.0,0,0
2023-02-07,sh.688360,27.75,27.75,27.75,27.75,0,0.0,0.0,0.0,0,0
2023-02-08,sh.688360,27.75,27.75,27.75,27.75,0,0.0,0.0,0.0,0,0
2023-02-09,sh.688360,27.75,27.75,27.75,27.75,0,0.0,0.0,0.0,0,0
2023-02-10,sh.688360,27.75,27.75,27.75,27.75,0,0.0,0.0,0.0,0,0
2023-02-13,sh.688360,27.75,27.75,27.75,27.75,0,0.0,0.0,0.0,0,0
2023-02-14,sh.688360,27.75,27.75,27.75,27.75,0,0.0,0.0,0.0,0,0
2023-02-15,sh.688360,27.75,27.75,27.75,27.75,0,0.0,0.0,0.0,0,0
2023-02-16,sh.688360,27.75,27.75,27.75,27.75,0,0.0,0.0,0.0,0,0
2023-02-17,sh.688360,27.75,27.75,27.75,27.75,0,0.0,0.0,0.0,0,0
2023-02-20,sh.688360,29.8,31.38,28.65,29.1,5211485,155415277.74,12.3496,4.8649,0,0
2023-02-21,sh.688360,29.1,29.26,28.1,28.54,2957329,84423869.82,7.008,-1.9244,0,0
2023-02-22,sh.688360,28.26,28.61,27.95,28.15,1269245,35825465.91,3.0077,-1.3665,0,0
2023-02-23,sh.688360,28.27,28.29,27.57,27.9,1128798,31433740.5,2.6749,-0.8881,0,0
2023-02-24,sh.688360,27.88,27.91,27.21,27.33,1070809,29391176.14,2.5375,-2.043,0,0
2023-02-27,sh.688360,27.22,27.55,27.02,27.05,859981,23472951.74,2.0379,-1.0245,0,0
2023-02-28,sh.688360,27.01,27.36,26.91,27.19,476301,12922809.45,1.1287,0.5176,0,0
2023-03-01,sh.688360,27.2,27.49,27.11,27.45,717201,19573293.12,1.6995,0.9562,0,0
2023-03-02,sh.688360,27.54,27.6,27.23,27.34,695479,19079262.73,1.6481,-0.4007,0,0
2023-03-03,sh.688360,27.3,27.58,27.14,27.5,689067,18873265.31,1.6329,0.5852,0,0
2023-03-06,sh.688360,27.55,29.0,27.53,28.3,1878888,53397361.14,4.4524,2.9091,0,0
2023-03-07,sh.688360,28.51,28.52,27.15,27.27,1064472,29539263.56,2.5225,-3.6396,0,0
2023-03-08,sh.688360,27.28,27.64,27.15,27.64,452857,12415004.21,1.0731,1.3568,0,0
2023-03-09,sh.688360,27.58,28.22,27.4,28.19,803863,22411193.53,1.9049,1.9899,0,0
2023-03-10,sh.688360,27.91,28.05,27.58,27.65,653857,18150470.71,1.5494,-1.9156,0,0
2023-03-13,sh.688360,27.54,27.71,27.22,27.45,588120,16147914.47,1.3937,-0.7233,0,0
2023-03-14,sh.688360,27.32,28.29,26.64,28.01,1535659,42263894.3,3.639,2.0401,0,0
2023-03-15,sh.688360,27.96,28.4,27.71,27.82,734195,20528994.4,1.7398,-0.6783,0,0
2023-03-16,sh.688360,27.61,27.82,27.0,27.16,551253,15068203.71,1.3063,-2.3724,0,0
2023-03-17,sh.688360,27.4,27.41,27.01,27.15,533618,14524237.53,1.2645,-0.0368,0,0
2023-03-20,sh.688360,27.17,29.05,26.74,28.45,2684001,75747299.16,6.3602,4.7882,0,0
2023-03-21,sh.688360,28.4,28.49,27.76,28.43,1269006,35804382.34,3.0072,-0.0703,0,0
2023-03-22,sh.688360,28.5,29.1,28.43,28.9,1598167,46071636.0,3.7872,1.6532,0,0
2023-03-23,sh.688360,28.75,29.08,28.61,28.83,781983,22463741.79,1.8531,-0.2422,0,0
2023-03-24,sh.688360,28.91,29.21,28.73,29.05,1137451,32998931.45,2.6954,0.7631,0,0
2023-03-27,sh.688360,29.1,29.34,28.8,28.89,964395,28026532.76,2.2853,-0.5508,0,0
2023-03-28,sh.688360,28.9,28.99,28.5,28.58,774959,22253439.46,1.8364,-1.073,0,0
2023-03-29,sh.688360,28.65,28.89,28.42,28.53,498628,14287278.79,1.1816,-0.1749,0,0
2023-03-30,sh.688360,28.75,28.75,28.18,28.2,474931,13488931.21,1.1254,-1.1567,0,0
2023-03-31,sh.688360,28.4,28.59,28.13,28.48,506450,14393625.85,1.2001,0.9929,0,0
2023-04-03,sh.688360,28.56,28.69,28.21,28.32,811116,23007912.46,1.9221,-0.5618,0,0
2023-04-04,sh.688360,28.35,28.4,27.41,27.63,1081374,30076305.22,2.5625,-2.4364,0,0
2023-04-06,sh.688360,27.55,28.14,27.3,28.04,825512,22912562.55,1.9562,1.4839,0,0
2023-04-07,sh.688360,28.23,28.23,27.71,27.86,696128,19415316.12,1.6496,-0.6419,0,0
2023-04-10,sh.688360,27.85,28.79,27.85,28.26,1218262,34522747.71,2.8869,1.4358,0,0
2023-04-11,sh.688360,28.22,28.22,27.56,27.75,657704,18286377.72,1.5586,-1.8047,0,0
2023-04-12,sh.688360,27.77,28.17,27.6,28.17,541812,15117610.23,1.2839,1.5135,0,0
2023-04-13,sh.688360,28.12,28.12,27.66,27.71,570404,15877574.09,1.3517,-1.6329,0,0
2023-04-14,sh.688360,27.84,28.49,27.46,28.33,668250,18694208.06,1.5835,2.2375,0,0
2023-04-17,sh.688360,28.49,29.05,28.24,28.36,753676,21523289.95,1.786,0.1059,0,0
2023-04-18,sh.688360,28.52,28.61,27.93,28.38,454337,12780157.64,1.0766,0.0705,0,0
2023-04-19,sh.688360,28.65,29.63,28.65,29.12,2563438,74894271.44,6.0746,2.6075,0,0
2023-04-20,sh.688360,29.2,29.3,28.35,28.47,1437230,41258438.71,3.4058,-2.2321,0,0
2023-04-21,sh.688360,28.31,28.35,26.65,26.65,1840047,50251747.98,4.3603,-6.3927,0,0
2023-04-24,sh.688360,26.58,26.64,26.02,26.21,789108,20692566.44,1.8699,-1.651,0,0
2023-04-25,sh.688360,26.16,26.17,25.39,25.67,675229,17371646.38,1.6001,-2.0603,0,0
2023-04-26,sh.688360,25.55,26.19,25.41,26.13,389251,10123255.15,0.9224,1.792,0,0
2023-04-27,sh.688360,26.0,26.6,25.95,26.24,404364,10661704.21,0.9582,0.421,0,0
2023-04-28,sh.688360,26.28,26.81,26.24,26.73,504997,13421778.73,1.1967,1.8674,0,0
2023-05-04,sh.688360,26.81,27.46,26.74,27.03,688365,18686972.99,1.6312,1.1223,0,0
2023-05-05,sh.688360,26.99,27.3,26.51,26.8,422849,11291764.21,1.002,-0.8509,0,0
2023-05-08,sh.688360,26.81,27.33,26.78,27.18,486004,13173611.0,1.1517,1.4179,0,0
2023-05-09,sh.688360,27.36,27.37,26.7,26.73,446246,11968615.46,1.0575,-1.6556,0,0
2023-05-10,sh.688360,26.77,27.11,26.68,26.98,205193,5526108.38,0.4862,0.9353,0,0
2023-05-11,sh.688360,26.98,27.24,26.9,27.0,397737,10746500.3,0.9425,0.0741,0,0
2023-05-12,sh.688360,27.16,27.16,26.52,26.58,332454,8901482.23,0.7878,-1.5556,0,0
2023-05-15,sh.688360,26.58,26.9,26.54,26.87,361721,9662105.21,0.8572,1.091,0,0
2023-05-16,sh.688360,26.87,27.11,26.74,26.89,390927,10524961.55,0.9264,0.0744,0,0
2023-05-17,sh.688360,26.86,27.38,26.81,27.32,604045,16437149.37,1.4314,1.5991,0,0
2023-05-18,sh.688360,27.39,28.65,27.35,28.54,1798037,50725970.1,4.2608,4.4656,0,0
2023-05-19,sh.688360,28.82,29.35,28.32,29.15,1854343,53738438.88,4.3942,2.1374,0,0
2023-05-22,sh.688360,29.23,29.9,29.15,29.34,2158940,63395570.58,5.116,0.6518,0,0
2023-05-23,sh.688360,29.2,29.79,29.03,29.05,1125340,32908595.49,2.6667,-0.9884,0,0
2023-05-24,sh.688360,29.06,29.6,28.78,28.87,1426047,41556698.6,3.3793,-0.6196,0,0
2023-05-25,sh.688360,20.49,20.49,19.91,20.2,1666990,33557648.21,2.8216,-1.0289,0,0
2023-05-26,sh.688360,20.2,20.34,19.67,20.23,1579350,31702439.52,2.6733,0.1485,0,0
2023-05-29,sh.688360,20.41,20.41,19.71,19.75,1051666,20955974.13,1.7801,-2.3727,0,0
2023-05-30,sh.688360,19.79,19.79,19.35,19.55,883140,17265625.86,1.4948,-1.0127,0,0
2023-05-31,sh.688360,19.7,19.8,19.27,19.38,846979,16426652.52,1.4336,-0.8696,0,0
2023-06-01,sh.688360,19.38,19.7,19.03,19.5,1463174,28374983.33,2.4766,0.6192,0,0
2023-06-02,sh.688360,19.5,20.47,19.3,19.99,2519136,50364777.23,2.1002,2.5128,0,0
2023-06-05,sh.688360,19.89,20.18,19.78,20.08,1285952,25760213.26,1.0721,0.4502,0,0
2023-06-06,sh.688360,20.02,20.06,19.42,19.48,1027719,20272476.07,0.8568,-2.988,0,0
2023-06-07,sh.688360,19.44,19.72,19.3,19.53,932963,18222936.28,0.7778,0.2567,0,0
2023-06-08,sh.688360,19.48,19.78,19.06,19.08,997084,19170975.08,0.8313,-2.3041,0,0
2023-06-09,sh.688360,19.2,19.38,18.93,19.19,827714,15846545.94,0.6901,0.5765,0,0
2023-06-12,sh.688360,19.17,20.8,19.12,20.43,2863061,57671126.72,2.3869,6.4617,0,0
2023-06-13,sh.688360,20.4,20.74,20.21,20.57,1515886,31026962.34,1.2638,0.6853,0,0
2023-06-14,sh.688360,20.53,20.85,20.2,20.75,1294139,26635115.44,1.0789,0.8751,0,0
2023-06-15,sh.688360,20.76,21.19,20.55,20.84,1709249,35732453.4,1.425,0.4337,0,0
2023-06-16,sh.688360,21.01,21.55,20.86,21.43,2221098,47253996.06,1.8517,2.8311,0,0
2023-06-19,sh.688360,21.56,22.51,21.2,21.9,2966466,65235571.43,2.4731,2.1932,0,0
2023-06-20,sh.688360,21.89,22.37,21.71,21.94,1970268,43278359.11,1.6426,0.1826,0,0
2023-06-21,sh.688360,22.06,22.33,21.69,21.69,2320701,51042409.27,1.9348,-1.1395,0,0
2023-06-26,sh.688360,21.74,21.97,21.15,21.27,1901088,40813457.08,1.5849,-1.9364,0,0
2023-06-27,sh.688360,21.01,21.68,21.01,21.55,1161734,24912508.31,0.9685,1.3164,0,0
2023-06-28,sh.688360,21.48,21.6,20.93,21.5,1403365,29849988.84,1.17,-0.232,0,0
2023-06-29,sh.688360,21.55,22.6,21.5,22.3,2245778,49838475.83,1.8723,3.7209,0,0
2023-06-30,sh.688360,22.1,22.43,22.02,22.19,1232772,27316132.64,1.0278,-0.4933,0,0
2023-07-03,sh.688360,21.97,22.27,21.35,21.43,1826543,39439907.01,1.5228,-3.425,0,0
2023-07-04,sh.688360,21.43,21.97,21.43,21.75,1488525,32370442.42,1.241,1.4932,0,0
2023-07-05,sh.688360,21.8,21.8,21.16,21.22,1015874,21695483.06,0.8469,-2.4368,0,0
2023-07-06,sh.688360,21.22,21.48,21.05,21.17,822443,17479219.61,0.6857,-0.2356,0,0
2023-07-07,sh.688360,21.33,21.44,20.87,21.02,1058379,22408698.94,0.8824,-0.7085,0,0
2023-07-10,sh.688360,21.24,21.29,20.66,20.82,1062674,22153791.86,0.886,-0.9515,0,0
2023-07-11,sh.688360,20.93,21.31,20.7,21.17,950597,20021122.43,0.7925,1.6811,0,0
2023-07-12,sh.688360,21.18,21.65,21.01,21.04,1102604,23512958.91,0.9192,-0.6141,0,0
2023-07-13,sh.688360,21.3,21.33,20.79,21.22,1058102,22258528.29,0.8821,0.8555,0,0
2023-07-14,sh.688360,21.16,21.67,21.16,21.55,1030171,22141779.53,0.8589,1.5551,0,0
2023-07-17,sh.688360,21.33,21.43,20.98,21.25,1005548,21282428.2,0.8383,-1.3921,0,0
2023-07-18,sh.688360,21.2,21.57,21.03,21.27,720989,15390314.41,0.6011,0.0941,0,0
2023-07-19,sh.688360,21.3,21.5,20.98,21.09,744391,15714646.34,0.6206,-0.8463,0,0
2023-07-20,sh.688360,21.07,21.23,20.8,20.9,901415,18911575.66,0.7515,-0.9009,0,0
2023-07-21,sh.688360,21.05,21.06,20.66,20.68,736323,15290843.93,0.6139,-1.0526,0,0
2023-07-24,sh.688360,20.78,20.81,20.41,20.62,589081,12178560.08,0.4911,-0.2901,0,0
2023-07-25,sh.688360,20.86,21.13,20.65,21.06,725460,15200958.76,0.6048,2.1339,0,0
2023-07-26,sh.688360,21.05,21.15,20.71,20.79,642374,13376388.87,0.5355,-1.2821,0,0
2023-07-27,sh.688360,20.71,20.93,20.42,20.45,826111,17041797.92,0.6887,-1.6354,0,0
2023-07-28,sh.688360,20.56,20.56,20.11,20.4,955020,19405956.33,0.7962,-0.2445,0,0
2023-07-31,sh.688360,20.53,20.65,20.35,20.45,751953,15408689.21,0.6269,0.2451,0,0
2023-08-01,sh.688360,20.5,20.57,20.04,20.17,867339,17534456.83,0.7231,-1.3692,0,0
2023-08-02,sh.688360,20.17,20.38,20.02,20.1,574113,11557255.14,0.4786,-0.3471,0,0
2023-08-03,sh.688360,20.02,20.12,19.59,19.73,1518425,29990336.58,1.2659,-1.8408,0,0
2023-08-04,sh.688360,19.81,19.91,19.59,19.63,920356,18121280.9,0.7673,-0.5068,0,0
2023-08-07,sh.688360,19.5,19.89,19.5,19.65,956020,18819581.41,0.797,0.1019,0,0
2023-08-08,sh.688360,19.86,19.86,19.58,19.69,647965,12761065.81,0.5402,0.2036,0,0
2023-08-09,sh.688360,19.64,19.65,19.41,19.49,523602,10205855.25,0.4365,-1.0157,0,0
2023-08-10,sh.688360,19.54,19.75,19.43,19.59,444327,8686587.25,0.3704,0.5131,0,0
2023-08-11,sh.688360,19.7,19.84,19.42,19.42,769350,15083796.3,0.6414,-0.8678,0,0
2023-08-14,sh.688360,19.45,19.45,19.05,19.34,737459,14180127.21,0.6148,-0.4119,0,0
2023-08-15,sh.688360,19.34,19.61,19.05,19.12,660846,12719550.86,0.5509,-1.1375,0,0
2023-08-16,sh.688360,19.18,19.33,18.86,18.91,695704,13257896.87,0.58,-1.0983,0,0
2023-08-17,sh.688360,18.92,19.7,18.74,19.68,1171930,22679434.31,0.977,4.0719,0,0
2023-08-18,sh.688360,19.7,20.06,19.42,19.61,1204588,23901199.93,1.0043,-0.3557,0,0
2023-08-21,sh.688360,19.44,19.98,19.44,19.57,912907,18023762.58,0.7611,-0.204,0,0
2023-08-22,sh.688360,19.64,19.93,19.18,19.66,1064668,20804644.13,0.8876,0.4599,0,0
2023-08-23,sh.688360,19.65,19.65,19.14,19.28,732921,14183462.47,0.611,-1.9329,0,0
2023-08-24,sh.688360,19.22,19.46,18.89,19.06,672698,12841174.33,0.5608,-1.1411,0,0
2023-08-25,sh.688360,18.95,19.19,18.38,18.49,903973,16862620.83,0.7536,-2.9906,0,0
2023-08-28,sh.688360,19.72,19.73,18.5,18.55,1104572,21101694.38,0.9209,0.3245,0,0
2023-08-29,sh.688360,18.62,20.85,18.57,20.63,3369120,67604139.02,2.8088,11.2129,1,0
2023-08-30,sh.688360,20.8,21.61,20.68,21.24,3152794,67060432.78,2.6285,2.9569,0,0
2023-08-31,sh.688360,21.33,21.6,21.03,21.19,1454077,30864438.13,1.2123,-0.2354,0,0
2023-09-01,sh.688360,21.13,21.3,20.5,20.67,1238279,25679632.59,1.0324,-2.454,0,0
2023-09-04,sh.688360,20.91,21.0,20.35,20.62,1123325,23092618.14,0.9365,-0.2419,0,0
2023-09-05,sh.688360,20.56,21.2,20.48,20.55,895435,18594632.99,0.7465,-0.3395,0,0
2023-09-06,sh.688360,20.78,20.85,20.43,20.78,890081,18414963.38,0.7421,1.1192,0,0
2023-09-07,sh.688360,20.8,20.8,20.29,20.33,665592,13647055.07,0.5549,-2.1655,0,0
2023-09-08,sh.688360,20.53,20.79,20.32,20.53,845032,17378261.03,0.7045,0.9838,0,0
2023-09-11,sh.688360,20.65,20.8,20.38,20.68,667420,13783898.49,0.5564,0.7306,0,0
2023-09-12,sh.688360,20.98,20.98,20.33,20.34,590651,12087914.54,0.4924,-1.6441,0,0
2023-09-13,sh.688360,20.34,20.37,19.72,20.07,925401,18526309.5,0.7715,-1.3274,0,0
2023-09-14,sh.688360,20.15,20.15,19.76,19.97,793205,15806798.58,0.6613,-0.4983,0,0
2023-09-15,sh.688360,19.82,20.18,19.74,19.89,566347,11264336.22,0.4722,-0.4006,0,0
2023-09-18,sh.688360,19.82,20.34,19.64,20.16,548730,11028066.18,0.4575,1.3575,0,0
2023-09-19,sh.688360,20.34,20.34,19.8,19.83,479870,9565036.68,0.4001,-1.6369,0,0
2023-09-20,sh.688360,19.75,20.02,19.6,19.6,386006,7633149.96,0.3218,-1.1599,0,0
2023-09-21,sh.688360,19.8,19.8,19.36,19.47,918719,17951044.67,0.7659,-0.6633,0,0
2023-09-22,sh.688360,19.47,20.42,19.41,20.33,1159959,23052521.88,0.9671,4.4171,0,0
2023-09-25,sh.688360,20.48,20.6,20.14,20.17,571614,11603788.21,0.4766,-0.787,0,0
2023-09-26,sh.688360,20.13,20.55,20.12,20.39,555223,11278243.7,0.4629,1.0907,0,0
2023-09-27,sh.688360,20.42,20.59,20.32,20.4,601115,12308979.68,0.5011,0.049,0,0
2023-09-28,sh.688360,20.35,20.75,20.35,20.69,715426,14758262.2,0.5965,1.4216,0,0
2023-10-09,sh.688360,20.67,20.75,20.35,20.4,643766,13202344.14,0.5367,-1.4016,0,0
2023-10-10,sh.688360,20.38,20.6,20.13,20.22,637645,12918169.51,0.5316,-0.8824,0,0
2023-10-11,sh.688360,20.25,20.6,20.03,20.43,746457,15204968.23,0.6223,1.0386,0,0
2023-10-12,sh.688360,20.43,20.46,19.83,20.13,1062730,21341061.2,0.886,-1.4684,0,0
2023-10-13,sh.688360,19.95,20.15,19.41,19.56,911058,17849073.66,0.7595,-2.8316,0,0
2023-10-16,sh.688360,19.71,19.76,19.23,19.35,610416,11823268.35,0.5089,-1.0736,0,0
2023-10-17,sh.688360,19.51,19.51,19.18,19.33,620384,11959293.59,0.5172,-0.1034,0,0
2023-10-18,sh.688360,19.3,19.39,18.9,18.95,564224,10735371.2,0.4704,-1.9659,0,0
2023-10-19,sh.688360,18.93,19.38,18.82,18.95,627266,11985328.63,0.523,0.0,0,0
2023-10-20,sh.688360,18.93,19.2,18.54,18.67,873539,16441239.93,0.7283,-1.4776,0,0
2023-10-23,sh.688360,18.79,18.79,17.79,17.93,1134786,20539104.21,0.9461,-3.9636,0,0
2023-10-24,sh.688360,18.0,18.53,17.8,18.5,937879,17147306.92,0.7819,3.179,0,0
2023-10-25,sh.688360,18.6,18.96,18.5,18.69,625808,11736283.27,0.5217,1.027,0,0
2023-10-26,sh.688360,18.69,18.7,18.29,18.67,621023,11469747.87,0.5177,-0.107,0,0
2023-10-27,sh.688360,18.45,19.0,18.41,18.95,742877,13896225.66,0.6193,1.4997,0,0
2023-10-30,sh.688360,18.8,19.14,18.45,19.05,1109317,20914216.65,0.9248,0.5277,0,0
2023-10-31,sh.688360,19.09,19.3,18.98,19.1,1133070,21652323.48,0.9446,0.2625,0,0
2023-11-01,sh.688360,19.15,19.31,18.98,19.23,755743,14514254.37,0.6301,0.6806,0,0
2023-11-02,sh.688360,19.18,19.4,19.05,19.11,788620,15130668.04,0.6575,-0.624,0,0
2023-11-03,sh.688360,19.28,20.11,19.17,19.89,1735757,34392400.52,1.4471,4.0816,0,0
2023-11-06,sh.688360,20.05,20.33,19.82,20.29,1631177,32972566.6,1.3599,2.0111,0,0
2023-11-07,sh.688360,20.4,20.62,20.31,20.52,1529090,31375914.65,1.2748,1.1336,0,0
2023-11-08,sh.688360,20.53,20.71,20.21,20.35,1272398,26013307.65,1.0608,-0.8285,0,0
2023-11-09,sh.688360,20.37,20.49,20.07,20.16,785934,15910826.9,0.6552,-0.9337,0,0
2023-11-10,sh.688360,20.33,20.38,20.01,20.29,734140,14852113.9,0.6121,0.6448,0,0
2023-11-13,sh.688360,20.35,20.46,20.19,20.46,944997,19242245.15,0.7878,0.8379,0,0
2023-11-14,sh.688360,20.5,20.61,20.3,20.58,923238,18929907.98,0.7697,0.5865,0,0
2023-11-15,sh.688360,20.61,20.75,20.48,20.62,677862,13954106.83,0.5651,0.1944,0,0
2023-11-16,sh.688360,20.63,20.78,20.46,20.46,798961,16445913.4,0.6661,-0.7759,0,0
2023-11-17,sh.688360,20.59,20.77,20.45,20.73,892691,18400809.47,0.7442,1.3196,0,0
2023-11-20,sh.688360,20.73,21.15,20.67,21.14,1078543,22604760.51,0.8992,1.9778,0,0
2023-11-21,sh.688360,21.17,21.18,20.61,20.61,1278662,26585063.3,1.066,-2.5071,0,0
2023-11-22,sh.688360,20.55,20.94,20.3,20.3,997700,20514438.52,0.8318,-1.5041,0,0
2023-11-23,sh.688360,20.45,20.71,20.26,20.65,856676,17568816.13,0.7142,1.7241,0,0
2023-11-24,sh.688360,20.71,20.71,20.2,20.32,1001779,20313314.73,0.8352,-1.5981,0,0
2023-11-27,sh.688360,20.31,20.46,20.11,20.28,813718,16501730.77,0.6784,-0.1969,0,0
2023-11-28,sh.688360,20.31,20.82,20.25,20.72,971466,20027585.0,0.8099,2.1696,0,0
2023-11-29,sh.688360,20.72,20.88,20.51,20.54,722531,14947626.03,0.6024,-0.8687,0,0
2023-11-30,sh.688360,20.65,20.65,20.15,20.36,781626,15898555.05,0.6516,-0.8763,0,0
2023-12-01,sh.688360,20.37,20.55,20.12,20.4,965633,19611146.41,0.805,0.1965,0,0
2023-12-04,sh.688360,20.51,20.55,20.11,20.17,1015233,20514846.63,0.8464,-1.1275,0,0
2023-12-05,sh.688360,20.17,20.27,19.84,19.84,759951,15228709.14,0.6336,-1.6361,0,0
2023-12-06,sh.688360,19.85,20.38,19.85,20.14,1027730,20764596.7,0.8568,1.5121,0,0
2023-12-07,sh.688360,20.1,20.18,19.91,20.02,681576,13657656.42,0.5682,-0.5958,0,0
2023-12-08,sh.688360,19.82,20.25,19.7,19.78,1060455,21120826.24,0.8841,-1.1988,0,0
2023-12-11,sh.688360,19.62,20.1,19.45,19.85,1132768,22379998.87,0.9444,0.3539,0,0
2023-12-12,sh.688360,20.05,20.05,19.66,19.84,765134,15116027.85,0.6379,-0.0504,0,0
2023-12-13,sh.688360,19.65,20.29,19.65,20.0,914495,18310772.8,0.7624,0.8065,0,0
2023-12-14,sh.688360,19.98,20.24,19.8,19.82,587319,11712734.39,0.4896,-0.9,0,0
2023-12-15,sh.688360,19.81,19.99,19.65,19.85,623605,12323715.43,0.5199,0.1514,0,0
2023-12-18,sh.688360,19.71,19.86,19.51,19.55,690212,13571884.44,0.5754,-1.5113,0,0
2023-12-19,sh.688360,19.55,19.94,19.46,19.8,741111,14593925.17,0.6179,1.2788,0,0
2023-12-20,sh.688360,19.76,20.24,19.73,19.77,800169,16006858.5,0.6671,-0.1515,0,0
2023-12-21,sh.688360,19.72,19.94,19.08,19.66,1352645,26410643.01,1.1277,-0.5564,0,0
2023-12-22,sh.688360,19.74,19.85,19.19,19.3,822640,15970938.13,0.6858,-1.8311,0,0
2023-12-25,sh.688360,19.22,19.4,18.85,19.05,778741,14838617.6,0.6492,-1.2953,0,0
2023-12-26,sh.688360,19.21,19.21,18.6,18.73,632317,11834685.46,0.5272,-1.6798,0,0
2023-12-27,sh.688360,18.72,19.06,18.51,18.99,844728,15876205.28,0.7042,1.3881,0,0
2023-12-28,sh.688360,18.97,19.9,18.84,19.7,1320299,25686994.06,1.1007,3.7388,0,0
2023-12-29,sh.688360,19.69,20.12,19.57,20.07,1051678,20954508.6,0.8768,1.8782,0,0
2024-01-02,sh.688360,20.12,20.66,20.05,20.49,1912969,38976707.92,1.5948,2.0927,0,0
2024-01-03,sh.688360,20.41,20.55,20.23,20.48,1079081,21999567.4,0.8996,-0.0488,0,0
2024-01-04,sh.688360,20.48,20.52,20.34,20.51,705743,14407891.65,0.5884,0.1465,0,0
2024-01-05,sh.688360,20.42,20.54,19.97,20.05,1173289,23668820.15,0.9782,-2.2428,0,0
2024-01-08,sh.688360,20.01,20.1,19.75,19.79,737716,14657926.28,0.615,-1.2968,0,0
2024-01-09,sh.688360,19.94,20.35,19.81,20.08,972513,19526648.77,0.8108,1.4654,0,0
2024-01-10,sh.688360,20.18,20.28,19.66,20.02,966186,19324706.81,0.8055,-0.2988,0,0
2024-01-11,sh.688360,20.02,20.25,19.81,20.15,652470,13073234.2,0.544,0.6494,0,0
2024-01-12,sh.688360,20.19,20.55,19.96,20.03,1015334,20561687.12,0.8465,-0.5955,0,0
2024-01-15,sh.688360,20.07,20.26,19.85,20.11,570805,11466398.49,0.4759,0.3994,0,0
2024-01-16,sh.688360,20.2,20.35,19.8,20.05,951172,19001615.85,0.793,-0.2984,0,0
2024-01-17,sh.688360,20.1,20.16,19.6,19.6,703384,14002122.94,0.5864,-2.2444,0,0
2024-01-18,sh.688360,19.6,19.7,18.6,19.36,1389110,26603940.21,1.1581,-1.2245,0,0
2024-01-19,sh.688360,19.34,19.5,18.81,18.86,816869,15539315.3,0.681,-2.5826,0,0
2024-01-22,sh.688360,18.77,18.82,17.28,17.49,1191440,21549943.63,0.9933,-7.2641,0,0
2024-01-23,sh.688360,17.49,17.5,16.78,17.1,1388092,23668423.67,1.1573,-2.2298,0,0
2024-01-24,sh.688360,17.45,17.45,16.51,17.33,1200662,20399283.39,1.001,1.345,0,0
2024-01-25,sh.688360,17.46,18.16,17.19,18.16,1100608,19482098.44,0.9176,4.7894,0,0
2024-01-26,sh.688360,18.21,18.44,17.87,18.12,814144,14731849.77,0.6788,-0.2203,0,0
2024-01-29,sh.688360,18.37,18.37,17.41,17.42,957852,16938901.79,0.7986,-3.8631,0,0
2024-01-30,sh.688360,17.45,17.48,16.89,16.99,730914,12535610.32,0.6094,-2.4684,0,0
2024-01-31,sh.688360,16.89,16.89,15.93,15.95,972137,15887277.94,0.8105,-6.1212,0,0
2024-02-01,sh.688360,15.91,16.08,15.38,15.68,873005,13693439.9,0.7278,-1.6928,0,0
2024-02-02,sh.688360,15.51,15.88,14.38,15.03,993229,14888072.54,0.8281,-4.1454,0,0
2024-02-05,sh.688360,14.82,14.84,12.19,13.0,2702708,35466403.57,2.2532,-13.5063,0,1
2024-02-06,sh.688360,13.0,13.96,12.03,13.33,1797778,23146528.39,1.4988,2.5385,0,0
2024-02-07,sh.688360,13.33,13.57,12.72,12.92,2002459,26196885.06,1.6694,-3.0758,0,0
2024-02-08,sh.688360,13.0,14.77,12.82,14.63,1899699,26561971.42,1.5838,13.2353,1,0
2024-02-19,sh.688360,15.28,15.7,14.95,15.03,1614468,24614395.31,1.346,2.7341,0,0
2024-02-20,sh.688360,14.95,15.12,14.77,15.04,661276,9918164.27,0.5513,0.0665,0,0
2024-02-21,sh.688360,14.84,15.67,14.83,15.07,1104503,16965183.52,0.9208,0.1995,0,0
2024-02-22,sh.688360,15.19,15.5,15.08,15.47,798803,12246160.4,0.666,2.6543,0,0
2024-02-23,sh.688360,15.6,16.19,15.58,16.15,980677,15578166.36,0.8176,4.3956,0,0
2024-02-26,sh.688360,17.35,18.15,17.16,17.59,3674660,64790300.11,3.0636,8.9164,0,0
2024-02-27,sh.688360,17.59,18.19,17.2,17.77,2480823,44026361.77,2.0683,1.0233,0,0
2024-02-28,sh.688360,17.69,17.95,16.03,16.1,2734794,47025254.3,2.28,-9.3979,0,0
2024-02-29,sh.688360,16.01,17.17,15.99,17.1,1793061,29997211.44,1.4949,6.2112,0,0
2024-03-01,sh.688360,17.43,17.69,17.0,17.3,1615712,27950814.44,1.347,1.1696,0,0
2024-03-04,sh.688360,17.38,17.49,16.85,17.18,1165646,19925073.96,0.9718,-0.6936,0,0
2024-03-05,sh.688360,17.0,17.05,16.74,16.77,822817,13877104.16,0.686,-2.3865,0,0
2024-03-06,sh.688360,16.92,17.25,16.65,17.15,1134463,19297235.86,0.9458,2.266,0,0
2024-03-07,sh.688360,17.19,17.5,16.82,16.96,1298795,22358266.71,1.0828,-1.1079,0,0
2024-03-08,sh.688360,17.08,17.09,16.65,16.92,959065,16167473.04,0.7996,-0.2358,0,0
2024-03-11,sh.688360,16.96,17.17,16.69,17.17,1073544,18249302.53,0.895,1.4775,0,0
2024-03-12,sh.688360,17.25,17.4,16.9,17.38,1201298,20658519.84,1.0015,1.2231,0,0
2024-03-13,sh.688360,17.35,17.4,17.1,17.28,676934,11671244.57,0.5644,-0.5754,0,0
2024-03-14,sh.688360,17.21,17.47,16.75,17.08,1134381,19381468.24,0.9457,-1.1574,0,0
2024-03-15,sh.688360,16.91,17.6,16.91,17.55,1200561,20696175.25,1.0009,2.7518,0,0
2024-03-18,sh.688360,17.49,17.9,17.4,17.88,1408203,24831770.25,1.174,1.8803,0,0
2024-03-19,sh.688360,17.88,17.88,17.6,17.66,972199,17238115.71,0.8105,-1.2304,0,0
2024-03-20,sh.688360,17.73,17.81,17.56,17.69,805538,14260230.34,0.6716,0.1699,0,0
2024-03-21,sh.688360,17.76,17.8,17.38,17.58,1029439,18079730.99,0.8582,-0.6218,0,0
2024-03-22,sh.688360,17.63,17.64,17.13,17.17,858241,14874250.66,0.7155,-2.3322,0,0
2024-03-25,sh.688360,17.18,17.25,16.63,16.63,1305314,22124033.28,1.0882,-3.145,0,0
2024-03-26,sh.688360,16.61,16.88,16.25,16.65,782736,12952104.54,0.6526,0.1203,0,0
2024-03-27,sh.688360,16.68,16.75,15.64,15.64,912751,14748362.52,0.761,-6.0661,0,0
2024-03-28,sh.688360,15.99,16.66,15.66,16.32,1102160,18020919.11,0.9189,4.3478,0,0
2024-03-29,sh.688360,16.32,16.67,16.16,16.62,898199,14759848.69,0.7488,1.8382,0,0
2024-04-01,sh.688360,16.75,17.05,16.65,16.88,875033,14754109.57,0.7295,1.5644,0,0
2024-04-02,sh.688360,16.93,16.99,16.71,16.89,704080,11861074.11,0.587,0.0592,0,0
2024-04-03,sh.688360,17.1,17.13,16.61,16.75,703286,11780805.23,0.5863,-0.8289,0,0
2024-04-08,sh.688360,16.83,16.83,16.09,16.09,804375,13146435.09,0.6706,-3.9403,0,0
2024-04-09,sh.688360,16.09,16.35,15.95,16.25,769304,12400997.15,0.6414,0.9944,0,0
2024-04-10,sh.688360,16.32,16.45,15.7,15.88,726955,11609500.34,0.6061,-2.2769,0,0
2024-04-11,sh.688360,15.72,16.32,15.67,16.08,634525,10243158.1,0.529,1.2594,0,0
2024-04-12,sh.688360,15.94,16.32,15.84,15.84,535350,8621774.72,0.4463,-1.4925,0,0
2024-04-15,sh.688360,16.19,16.58,14.8,15.11,1493132,22981928.93,1.2448,-4.6086,0,0
2024-04-16,sh.688360,14.72,14.84,14.11,14.31,1380011,19860912.22,1.1505,-5.2945,0,0
2024-04-17,sh.688360,14.59,15.27,14.43,15.26,1057829,15871959.64,0.8819,6.6387,0,0
2024-04-18,sh.688360,15.52,15.63,15.11,15.33,922386,14224432.71,0.769,0.4587,0,0
2024-04-19,sh.688360,15.26,15.39,14.95,15.13,729465,11035864.95,0.6082,-1.3046,0,0
2024-04-22,sh.688360,15.49,15.49,14.77,15.14,1399171,21089294.14,1.1665,0.0661,0,0
2024-04-23,sh.688360,15.14,15.44,15.1,15.34,1538681,23514706.79,1.2828,1.321,0,0
2024-04-24,sh.688360,15.27,15.58,15.27,15.49,1215400,18829302.94,1.0133,0.9778,0,0
2024-04-25,sh.688360,15.55,15.72,15.33,15.63,1116415,17394390.82,0.9308,0.9038,0,0
2024-04-26,sh.688360,15.6,15.75,15.46,15.64,1204081,18847496.48,1.0038,0.064,0,0
2024-04-29,sh.688360,15.78,16.62,15.65,16.52,1939164,31381015.9,1.6167,5.6266,0,0
2024-04-30,sh.688360,16.54,16.82,16.3,16.71,1742752,28922251.95,1.4529,1.1501,0,0
2024-05-06,sh.688360,16.78,17.15,16.77,17.11,1401962,23794859.37,1.1688,2.3938,0,0
2024-05-07,sh.688360,16.85,17.17,16.85,16.95,1235594,21001154.79,1.0301,-0.9351,0,0
2024-05-08,sh.688360,16.95,17.0,16.65,16.65,870591,14623819.83,0.7258,-1.7699,0,0
2024-05-09,sh.688360,16.65,17.0,16.64,16.88,839115,14164722.11,0.6996,1.3814,0,0
2024-05-10,sh.688360,16.99,17.04,16.72,16.85,700366,11772486.72,0.5839,-0.1777,0,0
2024-05-13,sh.688360,16.9,17.7,16.5,17.14,2281767,39281983.53,1.9023,1.7211,0,0
2024-05-14,sh.688360,16.98,18.58,16.98,18.26,4269916,76559515.4,3.5598,6.5344,0,0
2024-05-15,sh.688360,18.52,18.75,17.87,17.88,2819184,51447387.64,2.3504,-2.0811,0,0
2024-05-16,sh.688360,18.1,18.21,17.32,17.36,2288834,40292968.53,1.9082,-2.9083,0,0
2024-05-17,sh.688360,17.45,17.48,16.92,17.33,1372044,23550181.55,1.1439,-0.1728,0,0
2024-05-20,sh.688360,17.02,17.96,17.02,17.83,1706536,29993141.89,1.4227,2.8852,0,0
2024-05-21,sh.688360,17.86,17.88,17.4,17.52,1230552,21654342.31,1.0259,-1.7386,0,0
2024-05-22,sh.688360,17.64,17.78,17.32,17.65,1043623,18280812.39,0.8701,0.742,0,0
2024-05-23,sh.688360,17.78,18.46,17.7,18.11,2824446,51090412.67,2.3547,2.6062,0,0
2024-05-24,sh.688360,18.17,19.28,17.96,18.66,4606309,86698377.38,3.8403,3.037,0,0
2024-05-27,sh.688360,19.36,19.55,18.35,19.14,4572355,87134073.47,3.812,2.5723,0,0
2024-05-28,sh.688360,18.95,19.0,18.39,18.52,1963558,36550538.46,1.637,-3.2393,0,0
2024-05-29,sh.688360,13.0,13.41,12.77,13.16,2116201,27837571.75,1.2602,0.8429,0,0
2024-05-30,sh.688360,13.16,13.19,12.76,12.87,1409351,18306109.48,0.8393,-2.2036,0,0
2024-05-31,sh.688360,12.77,13.12,12.77,12.89,1935830,25019311.69,1.1528,0.1554,0,0
2024-06-03,sh.688360,13.05,13.05,12.35,12.44,1966911,24794944.12,1.1713,-3.4911,0,0
2024-06-04,sh.688360,12.44,12.55,12.06,12.36,1566413,19238886.4,0.9328,-0.6431,0,0
2024-06-05,sh.688360,12.28,12.49,12.0,12.08,1240400,15166543.74,0.7387,-2.2654,0,0
2024-06-06,sh.688360,12.12,12.17,11.11,11.42,3097692,35686722.22,1.8447,-5.4636,0,0
2024-06-07,sh.688360,11.4,11.76,11.4,11.7,1180944,13732061.38,0.7033,2.4518,0,0
2024-06-11,sh.688360,11.51,11.73,11.27,11.7,750018,8649957.48,0.4466,0.0,0,0
2024-06-12,sh.688360,11.66,12.2,11.66,11.9,1286424,15432576.48,0.7661,1.7094,0,0
2024-06-13,sh.688360,11.88,12.5,11.81,12.25,1844180,22475418.32,1.0982,2.9412,0,0
2024-06-14,sh.688360,12.25,12.35,11.97,12.16,1045815,12638671.35,0.6228,-0.7347,0,0
2024-06-17,sh.688360,12.12,12.29,12.01,12.26,838612,10210624.39,0.4994,0.8224,0,0
2024-06-18,sh.688360,12.0,12.48,11.85,12.37,620667,7637449.06,0.3696,0.8972,0,0
2024-06-19,sh.688360,12.28,12.91,12.12,12.71,2365761,29922635.41,1.4088,2.7486,0,0
2024-06-20,sh.688360,12.68,13.29,12.6,12.7,2802414,36319879.24,1.6688,-0.0787,0,0
2024-06-21,sh.688360,12.5,12.65,12.22,12.41,1885862,23405767.31,1.123,-2.2835,0,0
2024-06-24,sh.688360,12.38,12.41,11.63,11.67,1934284,23035118.99,1.1519,-5.9629,0,0
2024-06-25,sh.688360,11.67,11.99,11.55,11.68,988480,11617782.8,0.5886,0.0857,0,0
2024-06-26,sh.688360,11.69,12.15,11.64,12.09,1042019,12461380.67,0.6205,3.5103,0,0
2024-06-27,sh.688360,12.23,12.24,11.8,11.85,831248,9987935.22,0.495,-1.9851,0,0
2024-06-28,sh.688360,11.78,12.18,11.66,12.04,1223946,14733078.13,0.7289,1.6034,0,0
2024-07-01,sh.688360,12.04,12.15,11.82,12.01,718692,8584443.85,0.428,-0.2492,0,0
2024-07-02,sh.688360,11.99,12.2,11.58,11.66,1264203,14903658.27,0.7528,-2.9142,0,0
2024-07-03,sh.688360,11.65,11.7,11.38,11.42,1266648,14601989.34,0.7543,-2.0583,0,0
2024-07-04,sh.688360,11.45,12.03,11.45,11.6,2291125,27049915.73,1.3644,1.5762,0,0
2024-07-05,sh.688360,11.6,11.67,11.23,11.54,1649696,18734320.92,0.9824,-0.5172,0,0
2024-07-08,sh.688360,11.31,11.38,10.9,11.01,1843730,20430480.4,1.0979,-4.5927,0,0
2024-07-09,sh.688360,10.96,11.22,10.7,11.18,1367064,15040544.55,0.8141,1.5441,0,0
2024-07-10,sh.688360,11.18,11.28,10.98,11.12,689616,7677575.55,0.4107,-0.5367,0,0
2024-07-11,sh.688360,11.28,11.59,11.21,11.56,926423,10568434.36,0.5517,3.9568,0,0
2024-07-12,sh.688360,11.61,11.65,11.38,11.44,664761,7640982.6,0.3959,-1.0381,0,0
2024-07-15,sh.688360,11.44,11.62,11.24,11.32,560628,6359121.06,0.3339,-1.049,0,0
2024-07-16,sh.688360,11.28,11.41,11.17,11.4,479558,5411813.91,0.2856,0.7067,0,0
2024-07-17,sh.688360,11.32,11.4,11.06,11.06,667861,7471167.05,0.3977,-2.9825,0,0
2024-07-18,sh.688360,11.0,11.05,10.67,10.89,1036861,11200080.6,0.6175,-1.5371,0,0
2024-07-19,sh.688360,10.91,11.08,10.78,10.92,680158,7434035.63,0.405,0.2755,0,0
2024-07-22,sh.688360,10.98,11.03,10.81,10.91,371873,4058298.33,0.2215,-0.0916,0,0
2024-07-23,sh.688360,10.92,11.23,10.72,10.72,1105119,12150006.37,0.6581,-1.7415,0,0
2024-07-24,sh.688360,10.72,10.72,10.38,10.43,1122182,11796096.96,0.6683,-2.7052,0,0
2024-07-25,sh.688360,10.48,10.62,10.3,10.42,701173,7306337.26,0.4175,-0.0959,0,0
2024-07-26,sh.688360,10.48,10.74,10.46,10.7,647006,6899714.54,0.3853,2.6871,0,0
2024-07-29,sh.688360,10.69,10.76,10.5,10.68,462104,4927416.98,0.2752,-0.1869,0,0
2024-07-30,sh.688360,10.51,10.84,10.36,10.61,761047,8032555.02,0.4532,-0.6554,0,0
2024-07-31,sh.688360,11.0,11.15,10.52,11.05,1503226,16460871.15,0.8952,4.147,0,0
2024-08-01,sh.688360,11.05,11.21,10.97,11.13,813939,9067024.72,0.4847,0.724,0,0
2024-08-02,sh.688360,11.0,11.13,10.8,10.9,742171,8155761.31,0.442,-2.0665,0,0
2024-08-05,sh.688360,10.82,10.95,10.49,10.5,954892,10196660.81,0.5686,-3.6697,0,0
2024-08-06,sh.688360,10.61,10.73,10.52,10.73,561430,5980155.43,0.3343,2.1905,0,0
2024-08-07,sh.688360,10.74,10.89,10.69,10.8,431371,4655527.97,0.2569,0.6524,0,0
2024-08-08,sh.688360,10.71,10.91,10.51,10.66,498829,5314980.25,0.2971,-1.2963,0,0
2024-08-09,sh.688360,10.61,10.97,10.61,10.86,970281,10562485.76,0.5778,1.8762,0,0
2024-08-12,sh.688360,10.79,11.06,10.65,10.87,587754,6389275.24,0.35,0.0921,0,0
2024-08-13,sh.688360,10.94,10.97,10.7,10.84,1255568,13548666.47,0.7477,-0.276,0,0
2024-08-14,sh.688360,10.89,10.92,10.75,10.83,446934,4848951.52,0.2661,-0.0923,0,0
2024-08-15,sh.688360,10.82,12.17,10.82,12.08,4967020,58093940.8,2.9579,11.542,1,0
2024-08-16,sh.688360,12.16,12.18,11.79,12.01,2511281,30154591.14,1.4955,-0.5795,0,0
2024-08-19,sh.688360,12.06,12.89,12.06,12.68,5392040,67624040.26,3.211,5.5787,0,0
2024-08-20,sh.688360,13.15,13.3,12.2,12.63,5332410,67374612.34,3.1754,-0.3943,0,0
2024-08-21,sh.688360,12.45,13.68,12.45,13.38,5747557,76515995.09,3.4227,5.9382,0,0
2024-08-22,sh.688360,13.47,13.52,13.0,13.21,3549956,46976985.89,2.114,-1.2706,0,0
2024-08-23,sh.688360,13.1,13.5,13.05,13.39,3497070,46560855.88,2.0825,1.3626,0,0
2024-08-26,sh.688360,13.2,13.54,13.1,13.14,2994132,39828674.2,1.783,-1.8671,0,0
2024-08-27,sh.688360,13.17,13.17,12.73,12.81,2270140,29311611.22,1.3519,-2.5114,0,0
2024-08-28,sh.688360,12.81,13.03,12.59,12.75,2145749,27414344.82,1.2778,-0.4684,0,0
2024-08-29,sh.688360,12.69,13.1,12.6,13.05,2091809,27093913.99,1.2457,2.3529,0,0
2024-08-30,sh.688360,12.88,13.05,12.79,12.83,3086657,39927780.0,1.8381,-1.6858,0,0
2024-09-02,sh.688360,12.81,13.02,12.64,12.65,2587432,33196853.45,1.5408,-1.403,0,0
2024-09-03,sh.688360,12.68,12.8,12.49,12.76,1360709,17293328.12,0.8103,0.8696,0,0
2024-09-04,sh.688360,12.8,12.88,12.62,12.71,1180811,15045167.22,0.7032,-0.3918,0,0
2024-09-05,sh.688360,12.76,12.88,12.65,12.67,1244805,15883414.05,0.7413,-0.3147,0,0
2024-09-06,sh.688360,12.81,12.81,12.39,12.4,1314948,16520816.48,0.7831,-2.131,0,0
2024-09-09,sh.688360,12.3,12.47,12.22,12.3,1206260,14852000.79,0.7183,-0.8065,0,0
2024-09-10,sh.688360,12.25,12.4,11.98,12.27,1885300,22930206.08,1.1227,-0.2439,0,0
2024-09-11,sh.688360,12.27,12.37,12.14,12.23,1140984,13980767.82,0.6795,-0.326,0,0
2024-09-12,sh.688360,12.17,12.37,12.06,12.07,846698,10333843.42,0.5042,-1.3083,0,0
2024-09-13,sh.688360,12.01,12.07,11.83,11.86,1294423,15429925.63,0.7708,-1.7399,0,0
2024-09-18,sh.688360,11.86,12.01,11.42,11.62,2718766,31763274.65,1.619,-2.0236,0,0
2024-09-19,sh.688360,11.7,11.89,11.53,11.72,1392815,16343557.83,0.8294,0.8606,0,0
2024-09-20,sh.688360,11.76,11.8,11.6,11.75,1462705,17140762.66,0.871,0.256,0,0
2024-09-23,sh.688360,11.7,11.8,11.58,11.63,1096511,12794205.16,0.653,-1.0213,0,0
2024-09-24,sh.688360,11.63,12.13,11.58,12.11,1977526,23519186.39,1.1776,4.1273,0,0
2024-09-25,sh.688360,12.21,12.63,12.21,12.35,2434411,30346886.68,1.4497,1.9818,0,0
2024-09-26,sh.688360,12.3,12.52,12.12,12.49,2075375,25632761.43,1.2359,1.1336,0,0
2024-09-27,sh.688360,12.7,13.09,12.62,13.05,2744983,35177934.57,1.6346,4.4836,0,0
2024-09-30,sh.688360,13.8,15.23,13.51,15.08,7100236,102202320.32,4.2282,15.5556,1,0
2024-10-08,sh.688360,17.97,17.98,15.57,16.9,9981260,168027919.84,5.9438,12.069,1,0
2024-10-09,sh.688360,16.27,16.39,14.8,14.91,7714970,120357576.09,4.5943,-11.7751,0,1
2024-10-10,sh.688360,15.2,15.54,14.5,14.85,3740302,56279803.04,2.2273,-0.4024,0,0
2024-10-11,sh.688360,14.85,14.85,14.01,14.35,3764279,54100015.72,2.2416,-3.367,0,0
2024-10-14,sh.688360,14.6,15.47,14.38,15.15,4625600,69242037.19,2.7545,5.5749,0,0
2024-10-15,sh.688360,15.14,15.59,14.89,14.95,3765899,57229078.55,2.2426,-1.3201,0,0
2024-10-16,sh.688360,14.65,15.13,14.6,14.8,2440837,36317890.15,1.4535,-1.0033,0,0
2024-10-17,sh.688360,14.9,15.13,14.71,14.78,2691812,40314916.29,1.603,-0.1351,0,0
2024-10-18,sh.688360,14.75,15.69,14.75,15.5,3571315,54495107.2,2.0517,4.8714,0,0
2024-10-21,sh.688360,16.17,16.7,15.7,16.04,5656195,91687766.62,3.2495,3.4839,0,0
2024-10-22,sh.688360,16.16,16.32,15.66,15.95,4108282,65324972.87,2.3602,-0.5611,0,0
2024-10-23,sh.688360,15.96,16.13,15.54,15.63,3386465,53618107.88,1.9455,-2.0063,0,0
2024-10-24,sh.688360,15.68,16.23,15.46,16.05,3654734,57904792.51,2.0996,2.6871,0,0
2024-10-25,sh.688360,15.95,16.25,15.82,15.97,3482970,55798381.37,2.001,-0.4984,0,0
2024-10-28,sh.688360,16.15,16.32,15.89,16.1,3140129,50437746.67,1.804,0.814,0,0
2024-10-29,sh.688360,16.01,16.81,15.92,16.71,5335808,87017831.31,3.0654,3.7888,0,0
2024-10-30,sh.688360,16.43,16.43,15.26,15.7,8148935,127041843.08,4.6815,-6.0443,0,0
2024-10-31,sh.688360,15.7,15.75,15.33,15.71,4844395,75478940.95,2.7831,0.0637,0,0
2024-11-01,sh.688360,15.7,15.7,14.86,14.94,3824321,57736214.14,2.1971,-4.9013,0,0
2024-11-04,sh.688360,15.02,15.24,14.83,15.13,2609154,39235283.4,1.499,1.2718,0,0
2024-11-05,sh.688360,15.15,15.57,14.97,15.44,4842679,73899861.11,2.7821,2.0489,0,0
2024-11-06,sh.688360,15.4,15.84,15.37,15.54,4282151,66721648.7,2.4601,0.6477,0,0
2024-11-07,sh.688360,15.41,15.85,15.37,15.85,3477518,54488256.25,1.9978,1.9949,0,0
2024-11-08,sh.688360,16.02,16.49,16.0,16.09,4770306,77238629.47,2.7405,1.5142,0,0
2024-11-11,sh.688360,15.92,17.13,15.91,17.08,6197125,102844706.37,3.5602,6.1529,0,0
2024-11-12,sh.688360,17.45,18.15,16.95,17.14,8350895,146993137.14,4.7976,0.3513,0,0
2024-11-13,sh.688360,16.93,17.39,16.5,17.1,4597741,77454352.02,2.6414,-0.2334,0,0
2024-11-14,sh.688360,17.17,17.17,16.2,16.24,4111856,68332581.69,2.3623,-5.0292,0,0
2024-11-15,sh.688360,16.24,16.49,15.89,15.9,3022681,49052538.36,1.7365,-2.0936,0,0
2024-11-18,sh.688360,15.92,16.18,15.33,16.11,3324407,52391045.03,1.9099,1.3208,0,0
2024-11-19,sh.688360,16.2,16.89,16.12,16.89,3901666,64537433.86,2.2415,4.8417,0,0
2024-11-20,sh.688360,16.88,17.56,16.66,17.36,5470641,94459896.04,3.1429,2.7827,0,0
2024-11-21,sh.688360,17.36,17.46,16.96,17.21,3985895,68304404.23,2.2899,-0.8641,0,0
2024-11-22,sh.688360,17.33,17.65,16.25,16.25,4603751,78042343.48,2.6448,-5.5782,0,0
2024-11-25,sh.688360,16.28,16.79,16.1,16.72,3291626,54286179.61,1.891,2.8923,0,0
2024-11-26,sh.688360,16.8,16.93,16.18,16.26,2429186,40175710.69,1.3956,-2.7512,0,0
2024-11-27,sh.688360,16.12,17.03,15.67,17.0,4066764,66690691.83,2.3363,4.551,0,0
2024-11-28,sh.688360,17.3,18.13,17.13,17.18,6422103,113332379.99,3.6895,1.0588,0,0
2024-11-29,sh.688360,17.36,17.9,17.0,17.76,5957645,104352376.43,3.4227,3.376,0,0
2024-12-02,sh.688360,17.99,19.36,17.74,18.82,9063022,168531779.31,5.2067,5.9685,0,0
2024-12-03,sh.688360,18.86,19.1,18.33,18.94,5572823,103967580.71,3.2016,0.6376,0,0
2024-12-04,sh.688360,19.0,20.39,18.75,19.06,9002597,175335814.72,5.172,0.6336,0,0
2024-12-05,sh.688360,18.9,19.91,18.9,19.7,5675617,110552829.07,3.2606,3.3578,0,0
2024-12-06,sh.688360,19.7,19.74,18.58,18.83,6587094,124713353.31,3.7843,-4.4162,0,0
2024-12-09,sh.688360,18.96,19.32,18.51,18.98,4844567,91672260.32,2.7832,0.7966,0,0
2024-12-10,sh.688360,19.4,20.54,19.18,19.8,8832728,175607173.98,5.0744,4.3203,0,0
2024-12-11,sh.688360,19.8,20.22,19.02,19.95,5428734,106174909.18,3.1188,0.7576,0,0
2024-12-12,sh.688360,20.1,20.22,19.28,19.59,3753818,73552348.73,2.1566,-1.8045,0,0
2024-12-13,sh.688360,19.5,19.5,18.83,18.96,4165671,79466337.68,2.3932,-3.2159,0,0
2024-12-16,sh.688360,18.81,19.33,18.7,18.95,2612773,49606419.68,1.501,-0.0527,0,0
2024-12-17,sh.688360,18.83,18.94,17.8,17.9,4020023,73199455.82,2.3095,-5.5409,0,0
2024-12-18,sh.688360,17.92,18.27,17.55,18.02,2739758,49263941.53,1.574,0.6704,0,0
2024-12-19,sh.688360,17.8,18.31,17.72,18.01,2395191,43165895.09,1.376,-0.0555,0,0
2024-12-20,sh.688360,18.03,19.38,17.99,19.18,4185595,78989572.51,2.4046,6.4964,0,0
2024-12-23,sh.688360,19.18,19.36,18.58,18.75,2521280,47457818.34,1.4485,-2.2419,0,0
2024-12-24,sh.688360,18.83,19.15,18.45,18.9,3023695,56874651.28,1.7371,0.8,0,0
2024-12-25,sh.688360,18.9,19.06,18.2,18.46,3024063,56047401.97,1.7373,-2.328,0,0
2024-12-26,sh.688360,18.6,19.56,18.42,19.13,3189369,61251585.66,1.8323,3.6295,0,0
2024-12-27,sh.688360,19.21,19.59,19.01,19.28,2246512,43355558.46,1.2906,0.7841,0,0
2024-12-30,sh.688360,19.39,19.78,18.98,19.32,2035322,39566103.64,1.1693,0.2075,0,0
2024-12-31,sh.688360,19.3,19.37,18.53,18.58,2892810,54459563.66,1.6619,-3.8302,0,0
2025-01-02,sh.688360,18.62,18.74,17.41,17.6,2799240,50238019.61,1.6082,-5.2745,0,0
2025-01-03,sh.688360,17.68,17.88,16.8,16.8,2611521,45093615.02,1.5003,-4.5455,0,0
2025-01-06,sh.688360,16.92,17.26,16.4,17.05,1720010,29216902.89,0.9881,1.4881,0,0
2025-01-07,sh.688360,16.94,17.67,16.92,17.67,1296438,22387472.73,0.7448,3.6364,0,0
2025-01-08,sh.688360,17.46,18.38,17.03,17.98,2032386,36057577.7,1.1676,1.7544,0,0
2025-01-09,sh.688360,18.3,18.98,18.12,18.25,2295164,42513356.99,1.3186,1.5017,0,0
2025-01-10,sh.688360,18.12,19.1,18.05,18.46,3896005,72699121.45,2.2382,1.1507,0,0
2025-01-13,sh.688360,18.37,18.61,17.81,18.25,2161522,39353880.33,1.2418,-1.1376,0,0
2025-01-14,sh.688360,18.59,20.12,18.33,19.82,5547618,108057811.54,3.1871,8.6027,0,0
2025-01-15,sh.688360,19.85,22.6,19.66,21.18,11166469,237192057.42,6.4151,6.8618,0,0
2025-01-16,sh.688360,21.27,21.72,20.68,21.06,6506181,138191037.35,3.7378,-0.5666,0,0
2025-01-17,sh.688360,20.94,21.29,20.35,20.9,3897843,80918334.82,2.2393,-0.7597,0,0
2025-01-20,sh.688360,21.0,21.19,20.57,20.95,4203132,87739757.03,2.4147,0.2392,0,0
2025-01-21,sh.688360,20.94,21.52,20.58,21.46,5403111,114151958.1,3.1041,2.4344,0,0
2025-01-22,sh.688360,21.18,21.19,20.59,20.64,3861119,80290571.33,2.2182,-3.8211,0,0
2025-01-23,sh.688360,20.78,21.45,20.78,20.82,4392239,92609698.17,2.5233,0.8721,0,0
2025-01-24,sh.688360,20.82,21.61,20.61,21.37,4463760,94484961.35,2.5644,2.6417,0,0
2025-01-27,sh.688360,21.77,21.86,20.58,20.82,3675303,77259007.65,2.1115,-2.5737,0,0
2025-02-05,sh.688360,20.94,22.1,20.4,21.56,4679337,100637145.48,2.6883,3.5543,0,0
2025-02-06,sh.688360,21.5,23.0,21.35,22.86,6669958,149183997.15,3.8319,6.0297,0,0
2025-02-07,sh.688360,23.0,24.61,22.53,23.28,8128047,190855106.89,4.6695,1.8373,0,0
2025-02-10,sh.688360,23.26,23.44,22.39,23.0,5384922,123239540.44,3.0936,-1.2027,0,0
2025-02-11,sh.688360,23.06,24.47,22.88,23.56,6306569,150224024.8,3.6231,2.4348,0,0
2025-02-12,sh.688360,23.4,24.06,22.94,23.59,4611398,108210980.84,2.6492,0.1273,0,0
2025-02-13,sh.688360,23.45,23.59,22.47,22.9,4483053,102775227.32,2.5755,-2.925,0,0
2025-02-14,sh.688360,22.75,22.98,21.83,21.96,5619482,125405188.34,3.2284,-4.1048,0,0
2025-02-17,sh.688360,21.9,22.8,21.9,22.79,4017528,90002212.25,2.3081,3.7796,0,0
2025-02-18,sh.688360,22.79,23.29,22.5,22.61,4214013,96327979.99,2.4209,-0.7898,0,0
2025-02-19,sh.688360,22.79,24.6,22.38,24.33,7166387,171046181.01,4.1171,7.6073,0,0
2025-02-20,sh.688360,24.25,25.07,23.69,24.7,6996471,171700186.77,4.0195,1.5208,0,0
2025-02-21,sh.688360,24.41,26.46,24.15,26.09,7974686,200208596.89,4.5814,5.6275,0,0
2025-02-24,sh.688360,26.0,26.33,24.5,25.67,6290788,160813887.15,3.614,-1.6098,0,0
2025-02-25,sh.688360,25.11,26.31,24.98,25.51,4796611,122593559.48,2.7556,-0.6233,0,0
2025-02-26,sh.688360,25.79,27.77,25.43,26.56,8052976,215605074.0,4.6264,4.116,0,0
2025-02-27,sh.688360,26.56,28.18,26.41,27.9,8433039,229616677.08,4.8448,5.0452,0,0
2025-02-28,sh.688360,27.41,27.41,24.86,25.09,7780646,201285162.54,4.47,-10.0717,0,1
2025-03-03,sh.688360,25.34,25.96,24.65,24.84,3941966,99277740.75,2.2646,-0.9964,0,0
2025-03-04,sh.688360,24.88,25.81,24.65,25.78,3961571,100887327.95,2.2759,3.7842,0,0
2025-03-05,sh.688360,25.58,26.45,25.4,25.4,6120590,157555314.59,3.5163,-1.474,0,0
2025-03-06,sh.688360,25.58,26.2,23.58,23.7,17350064,431081928.51,9.9676,-6.6929,0,0
2025-03-07,sh.688360,23.45,24.15,23.43,23.82,7991426,189343265.61,4.5911,0.5063,0,0
2025-03-10,sh.688360,24.0,24.44,23.69,23.93,5324506,128011559.16,3.0589,0.4618,0,0
2025-03-11,sh.688360,23.5,24.04,23.29,23.71,4178066,98876775.84,2.4003,-0.9193,0,0
2025-03-12,sh.688360,23.76,24.12,23.62,23.81,3955247,94455709.74,2.2723,0.4218,0,0
2025-03-13,sh.688360,23.49,23.78,21.63,22.01,10740378,239440251.12,6.1703,-7.5598,0,0
2025-03-14,sh.688360,21.98,22.88,21.61,22.88,5826551,130135771.04,3.3473,3.9527,0,0
2025-03-17,sh.688360,22.95,24.57,22.82,24.19,7894628,188120776.41,4.5354,5.7255,0,0
2025-03-18,sh.688360,24.2,24.89,23.87,24.55,6162099,149980524.58,3.5401,1.4882,0,0
2025-03-19,sh.688360,24.51,24.76,23.92,24.35,4621056,112337786.13,2.6548,-0.8147,0,0
2025-03-20,sh.688360,24.28,24.63,23.78,23.93,4955156,119787960.31,2.8467,-1.7248,0,0
2025-03-21,sh.688360,23.87,23.9,22.5,23.04,5811536,133851256.13,3.3387,-3.7192,0,0
2025-03-24,sh.688360,23.01,23.15,21.99,22.77,4094987,92141432.16,2.3526,-1.1719,0,0
2025-03-25,sh.688360,22.83,23.19,22.4,22.79,3349767,76245346.85,1.9244,0.0878,0,0
2025-03-26,sh.688360,22.76,23.25,22.56,22.8,3074607,70560670.53,1.7664,0.0439,0,0
2025-03-27,sh.688360,22.66,23.45,22.35,23.01,3078301,70619889.35,1.7685,0.9211,0,0
2025-03-28,sh.688360,22.98,23.12,22.32,22.48,2545998,57639167.92,1.4627,-2.3033,0,0
2025-03-31,sh.688360,22.01,22.26,20.79,21.47,5527689,117637900.91,3.1756,-4.4929,0,0
2025-04-01,sh.688360,21.55,21.73,21.0,21.11,3601734,76901880.81,2.0692,-1.6768,0,0
2025-04-02,sh.688360,21.1,22.1,21.01,21.71,3240545,70498163.0,1.8617,2.8423,0,0
2025-04-03,sh.688360,21.59,21.85,20.47,20.95,4121598,86341608.31,2.3678,-3.5007,0,0
2025-04-07,sh.688360,19.3,19.58,16.76,16.76,7444331,132239119.84,4.2767,-20.0,0,1
2025-04-08,sh.688360,16.99,17.71,16.39,17.07,5038514,85626873.27,2.8946,1.8496,0,0
2025-04-09,sh.688360,16.88,18.12,15.2,17.86,6062871,102050677.51,3.4831,4.628,0,0
2025-04-10,sh.688360,18.29,19.26,18.29,18.42,5412085,101348801.6,3.1092,3.1355,0,0
2025-04-11,sh.688360,18.21,19.06,18.15,18.66,3510961,65375108.5,2.017,1.3029,0,0
2025-04-14,sh.688360,19.0,19.8,18.85,19.28,4414649,85703860.36,2.5362,3.3226,0,0
2025-04-15,sh.688360,19.35,19.85,19.15,19.67,3560027,69433749.01,2.0452,2.0228,0,0
2025-04-16,sh.688360,19.7,19.8,18.71,19.04,3629434,69589760.11,2.0851,-3.2028,0,0
2025-04-17,sh.688360,18.84,19.3,18.72,19.0,1960100,37475393.44,1.1261,-0.2101,0,0
2025-04-18,sh.688360,18.99,19.36,18.76,19.18,2146210,40861107.97,1.233,0.9474,0,0
2025-04-21,sh.688360,19.2,20.14,18.83,19.91,3228923,63804385.58,1.855,3.806,0,0
2025-04-22,sh.688360,19.75,19.93,19.53,19.62,2123287,41830687.55,1.2198,-1.4566,0,0
2025-04-23,sh.688360,19.88,20.73,19.8,20.52,4375789,89081920.66,2.5139,4.5872,0,0
2025-04-24,sh.688360,20.47,20.74,20.19,20.29,2770161,56513930.82,1.5915,-1.1209,0,0
2025-04-25,sh.688360,20.37,20.49,19.99,20.41,2698665,54706547.15,1.5504,0.5914,0,0
2025-04-28,sh.688360,20.2,21.19,20.19,20.83,4566909,95400464.98,2.6237,2.0578,0,0
2025-04-29,sh.688360,20.95,23.31,20.84,23.07,8202229,185210342.77,4.7122,10.7537,1,0
2025-04-30,sh.688360,23.49,24.69,23.07,24.4,8829055,211447925.49,5.0723,5.7651,0,0
2025-05-06,sh.688360,24.88,25.2,24.35,25.19,8749135,216978089.5,5.0264,3.2377,0,0
2025-05-07,sh.688360,25.6,27.5,25.6,26.55,12681065,336100892.5,7.2852,5.399,0,0
2025-05-08,sh.688360,26.39,29.53,25.98,27.65,16413621,462492514.02,9.4296,4.1431,0,0
2025-05-09,sh.688360,27.6,27.8,25.9,26.25,9829294,259620847.76,5.6469,-5.0633,0,0
2025-05-12,sh.688360,26.7,28.98,26.7,28.86,14828962,419487297.43,8.5192,9.9429,1,0
2025-05-13,sh.688360,28.82,29.65,27.74,29.1,13585470,390627542.78,7.8048,0.8316,0,0
2025-05-14,sh.688360,28.66,29.28,27.05,27.3,11874764,329705090.94,6.822,-6.1856,0,0
2025-05-15,sh.688360,27.5,28.79,26.82,27.68,9664123,268367558.29,5.552,1.3919,0,0
2025-05-16,sh.688360,27.82,29.89,27.82,29.45,14770580,428524699.43,8.4857,6.3945,0,0
2025-05-19,sh.688360,29.26,29.47,27.0,27.73,13757151,382426823.9,7.9034,-5.8404,0,0
2025-05-20,sh.688360,27.74,28.18,27.11,27.26,8234287,226742020.98,4.7306,-1.6949,0,0
2025-05-21,sh.688360,27.19,27.19,26.2,26.6,6769592,179536774.62,3.8891,-2.4211,0,0
2025-05-22,sh.688360,26.5,28.41,26.31,27.24,9500773,262824193.37,5.4582,2.406,0,0
2025-05-23,sh.688360,27.25,29.08,26.76,27.83,9095464,253938852.52,5.2253,2.1659,0,0
2025-05-26,sh.688360,27.79,28.58,27.43,28.12,7913088,221900525.51,4.546,1.042,0,0
2025-05-27,sh.688360,28.3,29.16,26.82,27.17,7799832,213799529.33,4.481,-3.3784,0,0
2025-05-28,sh.688360,27.63,29.09,27.17,27.41,12126180,341653799.03,6.9665,0.8833,0,0
2025-05-29,sh.688360,28.01,29.49,27.18,28.11,19198367,543918885.71,11.0294,2.5538,0,0
2025-05-30,sh.688360,27.55,27.75,25.51,25.68,15741801,410340550.75,9.0436,-8.6446,0,0
2025-06-03,sh.688360,25.85,27.16,25.68,26.67,12471704,329613712.47,7.165,3.8551,0,0
2025-06-04,sh.688360,26.88,27.45,25.98,27.32,8689497,231465227.58,4.9921,2.4372,0,0
2025-06-05,sh.688360,27.69,27.99,26.72,27.58,8344973,228364779.36,4.7942,0.9517,0,0
2025-06-06,sh.688360,27.22,28.05,26.38,26.51,7239157,195247454.08,4.1589,-3.8796,0,0
2025-06-09,sh.688360,27.34,28.08,26.7,26.75,9934286,272216350.62,5.7072,0.9053,0,0
2025-06-10,sh.688360,27.04,27.27,24.5,25.45,14027453,355938977.78,8.0587,-4.8598,0,0
2025-06-11,sh.688360,18.0,18.27,17.86,18.03,6274588,113293339.0,2.5748,-0.2214,0,0
2025-06-12,sh.688360,17.87,18.23,17.65,17.93,5761862,103713453.86,2.3644,-0.5546,0,0
2025-06-13,sh.688360,17.72,17.91,16.76,16.85,10662999,182696225.35,4.3756,-6.0234,0,0
2025-06-16,sh.688360,16.97,18.1,16.89,18.0,11140065,196486168.01,4.5714,6.8249,0,0
2025-06-17,sh.688360,18.03,18.22,17.38,17.66,6439252,113739778.11,2.6424,-1.8889,0,0
2025-06-18,sh.688360,17.7,17.84,17.05,17.62,7475778,130147776.84,3.0677,-0.2265,0,0
2025-06-19,sh.688360,17.5,18.61,17.5,17.74,11603391,208430337.61,4.7615,0.681,0,0
2025-06-20,sh.688360,17.7,17.91,17.08,17.17,6740420,116974757.48,2.766,-3.2131,0,0
2025-06-23,sh.688360,17.03,17.57,17.03,17.53,5002275,86594536.81,2.0527,2.0967,0,0
2025-06-24,sh.688360,17.52,18.5,17.5,18.0,9356284,169279608.62,3.8394,2.6811,0,0
2025-06-25,sh.688360,17.96,18.55,17.83,18.23,10043821,183235722.41,4.1215,1.2778,0,0
2025-06-26,sh.688360,18.65,18.65,17.96,17.96,9593923,174951891.17,3.9369,-1.4811,0,0
2025-06-27,sh.688360,18.05,19.09,17.8,18.66,13400244,246382293.65,5.4989,3.8976,0,0
2025-06-30,sh.688360,18.5,18.95,18.2,18.55,10827290,201457865.69,4.443,-0.5895,0,0
2025-07-01,sh.688360,18.48,18.88,18.38,18.62,7544310,140574586.09,2.9904,0.3774,0,0
2025-07-02,sh.688360,18.77,19.18,18.39,18.61,7645971,143539554.8,3.0307,-0.0537,0,0
2025-07-03,sh.688360,18.42,19.25,18.42,18.97,8875005,167770343.25,3.5178,1.9344,0,0
2025-07-04,sh.688360,18.9,18.94,18.24,18.31,7435760,137370200.71,2.9474,-3.4792,0,0
2025-07-07,sh.688360,18.21,18.92,18.1,18.69,6229497,115904454.41,2.4692,2.0754,0,0
2025-07-08,sh.688360,18.55,18.88,18.47,18.77,4679366,87502094.08,1.8548,0.428,0,0
2025-07-09,sh.688360,19.92,22.0,19.44,19.6,26764541,549485071.8,10.6088,4.4219,0,0
2025-07-10,sh.688360,19.1,19.44,18.92,19.09,13072175,249727281.84,5.1815,-2.602,0,0
2025-07-11,sh.688360,19.02,19.93,18.82,19.31,12300538,236821650.86,4.8756,1.1524,0,0
2025-07-14,sh.688360,19.47,20.27,19.22,20.02,12203104,241766285.71,4.837,3.6769,0,0
2025-07-15,sh.688360,20.08,20.12,19.63,19.94,7407922,146717298.14,2.9363,-0.3996,0,0
2025-07-16,sh.688360,19.93,21.25,19.74,20.49,13277359,272685127.15,5.2628,2.7583,0,0
2025-07-17,sh.688360,20.67,21.49,20.25,21.3,13982595,294895046.36,5.5424,3.9531,0,0
2025-07-18,sh.688360,21.32,24.98,20.94,24.44,29391579,677065359.38,11.6501,14.7418,1,0
2025-07-21,sh.688360,23.88,25.3,23.4,24.12,21684826,524096728.03,8.5953,-1.3093,0,0
2025-07-22,sh.688360,23.81,24.88,23.5,23.5,17340345,416677954.01,6.8733,-2.5705,0,0
2025-07-23,sh.688360,23.03,23.5,22.36,22.48,16095152,365382233.57,6.3797,-4.3404,0,0
2025-07-24,sh.688360,22.9,23.78,22.68,22.84,13934587,322294232.78,5.5233,1.6014,0,0
2025-07-25,sh.688360,22.5,23.42,22.38,23.15,11194857,256505720.28,4.4374,1.3573,0,0
2025-07-28,sh.688360,22.82,22.88,21.76,22.12,13829788,306455787.15,5.4818,-4.4492,0,0
2025-07-29,sh.688360,22.1,22.77,21.73,22.02,9077682,200602174.06,3.5982,-0.4521,0,0
2025-07-30,sh.688360,21.85,21.96,21.43,21.8,7527288,163139378.73,2.9836,-0.9991,0,0
2025-07-31,sh.688360,21.59,22.09,21.41,21.51,6845222,148885145.75,2.7133,-1.3303,0,0
2025-08-01,sh.688360,21.54,22.45,21.38,22.04,9217968,202038545.51,3.6538,2.464,0,0
2025-08-04,sh.688360,21.99,23.17,21.89,23.13,12220578,277871526.53,4.8439,4.9456,0,0
2025-08-05,sh.688360,23.11,23.68,22.78,23.04,10400770,240827673.37,4.1226,-0.3891,0,0
2025-08-06,sh.688360,23.1,24.7,23.01,24.3,15477325,371300777.18,6.1348,5.4688,0,0
2025-08-07,sh.688360,24.23,24.9,23.81,24.56,15156624,368653230.75,6.0077,1.07,0,0
2025-08-08,sh.688360,24.0,24.79,23.45,23.53,13733160,329454577.22,5.4435,-4.1938,0,0
2025-08-11,sh.688360,23.51,24.18,23.5,23.6,10299998,245288888.16,4.0827,0.2975,0,0
2025-08-12,sh.688360,23.6,23.75,23.0,23.11,8272845,192683624.18,3.2792,-2.0763,0,0
2025-08-13,sh.688360,23.0,23.6,22.76,23.29,9650591,223329621.34,3.8253,0.7789,0,0
2025-08-14,sh.688360,23.33,23.75,22.41,22.46,10803854,248055878.21,4.2824,-3.5638,0,0
2025-08-15,sh.688360,22.44,23.7,22.38,23.33,10225766,237143362.15,4.0532,3.8736,0,0
2025-08-18,sh.688360,23.4,23.84,23.15,23.65,9969866,234004109.49,3.9518,1.3716,0,0
2025-08-19,sh.688360,23.5,23.76,22.88,23.22,9705958,225479986.27,3.8472,-1.8182,0,0
2025-08-20,sh.688360,23.1,23.29,22.89,23.2,5829690,134602400.03,2.3107,-0.0861,0,0
2025-08-21,sh.688360,23.23,23.23,22.42,22.6,7663441,174370993.26,3.0376,-2.5862,0,0
2025-08-22,sh.688360,22.42,23.05,22.41,22.8,7113562,162110864.29,2.8196,0.885,0,0
2025-08-25,sh.688360,22.97,23.55,22.7,23.53,11907572,275886463.56,4.7199,3.2018,0,0
2025-08-26,sh.688360,23.2,23.71,22.56,23.09,12318274,285614334.02,4.8827,-1.87,0,0
2025-08-27,sh.688360,23.16,23.96,22.59,22.59,15459273,362469010.99,6.1277,-2.1654,0,0
2025-08-28,sh.688360,22.55,22.79,21.01,21.84,15718883,342292050.29,6.2306,-3.3201,0,0
2025-08-29,sh.688360,21.73,22.45,21.19,22.12,9685027,212423276.33,3.8389,1.2821,0,0
2025-09-01,sh.688360,22.26,22.65,21.67,21.89,8442857,186310552.25,3.3465,-1.0398,0,0
2025-09-02,sh.688360,21.83,22.27,21.12,21.7,9748376,211218378.96,3.864,-0.868,0,0
2025-09-03,sh.688360,21.5,22.7,21.5,22.0,12311841,272788597.08,4.8801,1.3825,0,0
2025-09-04,sh.688360,21.81,22.36,20.93,21.31,9587910,208400655.32,3.8004,-3.1364,0,0
2025-09-05,sh.688360,21.49,22.29,21.22,21.95,7991876,173956583.56,3.1678,3.0033,0,0
2025-09-08,sh.688360,21.87,23.19,21.81,22.78,10978220,250412023.46,4.3515,3.7813,0,0
2025-09-09,sh.688360,22.74,23.28,22.4,22.99,9500161,217956517.48,3.7656,0.9219,0,0
2025-09-10,sh.688360,23.1,24.4,22.68,24.03,16994250,399445390.07,6.7361,4.5237,0,0
2025-09-11,sh.688360,23.8,23.8,22.89,23.36,14492180,336893295.4,5.7443,-2.7882,0,0
2025-09-12,sh.688360,23.05,23.3,22.63,22.68,8932491,204931588.29,3.5406,-2.911,0,0
2025-09-15,sh.688360,22.7,23.14,22.6,22.77,4270800,97577651.66,1.6928,0.3968,0,0
2025-09-16,sh.688360,22.86,23.46,22.8,23.25,9721036,225381435.65,3.8532,2.108,0,0
2025-09-17,sh.688360,23.25,23.78,22.83,23.0,10337485,240581614.1,4.0975,-1.0753,0,0
2025-09-18,sh.688360,22.81,23.49,22.45,22.64,10735187,247496819.4,4.2552,-1.5652,0,0
2025-09-19,sh.688360,22.87,24.42,22.85,23.75,20288415,481823850.18,8.0418,4.9028,0,0
2025-09-22,sh.688360,23.87,27.5,23.87,26.36,27841654,717026495.78,11.0357,10.9895,1,0
2025-09-23,sh.688360,26.0,26.73,24.7,25.49,20404845,521375906.15,8.088,-3.3005,0,0
2025-09-24,sh.688360,25.4,25.45,24.32,24.85,13293501,329249409.06,5.2692,-2.5108,0,0
2025-09-25,sh.688360,24.98,25.1,24.23,24.31,9981493,246119556.11,3.9564,-2.173,0,0
2025-09-26,sh.688360,24.9,24.99,23.0,23.08,11999467,287646097.72,4.7563,-5.0596,0,0
2025-09-29,sh.688360,23.18,23.73,23.18,23.63,7107018,167130233.44,2.817,2.383,0,0
2025-09-30,sh.688360,23.6,23.97,23.4,23.43,8129473,192213890.43,3.2223,-0.8464,0,0
2025-10-09,sh.688360,23.4,23.88,23.2,23.8,7604967,179102126.41,3.0144,1.5792,0,0
2025-10-10,sh.688360,23.8,24.34,23.46,23.59,9575637,228864632.32,3.7955,-0.8824,0,0
2025-10-13,sh.688360,22.31,22.97,21.88,22.47,11439659,256490275.57,4.5344,-4.7478,0,0
2025-10-14,sh.688360,22.54,22.97,22.01,22.15,6472095,145967886.62,2.5654,-1.4241,0,0
2025-10-15,sh.688360,21.9,22.39,21.7,22.36,4652507,102576247.1,1.8441,0.9481,0,0
2025-10-16,sh.688360,22.43,22.76,22.05,22.22,4266697,95337705.52,1.6912,-0.6261,0,0
2025-10-17,sh.688360,22.3,22.3,20.92,21.0,6437959,138350906.89,2.5518,-5.4905,0,0
2025-10-20,sh.688360,21.24,21.39,20.5,20.79,4830255,101321824.82,1.9146,-1.0,0,0
2025-10-21,sh.688360,20.89,21.46,20.75,21.41,4026439,85094972.7,1.596,2.9822,0,0
2025-10-22,sh.688360,21.31,21.41,21.03,21.07,2664826,56386301.43,1.0563,-1.588,0,0
2025-10-23,sh.688360,21.06,21.09,20.48,20.73,3590941,74352057.4,1.4234,-1.6137,0,0
2025-10-24,sh.688360,20.74,21.28,20.74,21.15,3218010,67966038.26,1.2755,2.026,0,0
2025-10-27,sh.688360,21.43,22.0,21.24,21.53,4030150,86983493.54,1.5975,1.7967,0,0
2025-10-28,sh.688360,21.3,21.76,21.29,21.55,2819355,60739985.38,1.1175,0.0929,0,0
2025-10-29,sh.688360,21.65,21.98,21.42,21.75,3757229,81603069.11,1.4893,0.9281,0,0
2025-10-30,sh.688360,21.8,21.81,21.19,21.51,4262225,91745063.14,1.6894,-1.1034,0,0
2025-10-31,sh.688360,21.6,22.9,21.5,22.83,11135892,250708658.97,4.414,6.1367,0,0
2025-11-03,sh.688360,23.48,23.5,22.7,22.79,9909577,228425141.24,3.9279,-0.1752,0,0
2025-11-04,sh.688360,22.41,23.85,22.4,23.44,11295246,261124278.04,4.4772,2.8521,0,0
2025-11-05,sh.688360,22.88,23.31,22.5,22.67,7729696,176483337.37,3.0639,-3.285,0,0
2025-11-06,sh.688360,22.4,22.72,21.58,21.63,8527539,186248310.48,3.3801,-4.5876,0,0
2025-11-07,sh.688360,21.58,21.82,21.3,21.3,4376911,94303096.02,1.7349,-1.5257,0,0
2025-11-10,sh.688360,21.28,21.45,21.19,21.37,2998708,63889950.52,1.1886,0.3286,0,0
2025-11-11,sh.688360,21.4,21.88,21.29,21.58,4593947,99546180.87,1.8209,0.9827,0,0
2025-11-12,sh.688360,21.43,21.69,20.79,20.94,4490150,94497051.04,1.7798,-2.9657,0,0
2025-11-13,sh.688360,20.92,21.08,20.82,21.0,2493341,52218173.25,0.9883,0.2865,0,0
2025-11-14,sh.688360,20.85,20.97,20.61,20.68,3098722,64422084.14,1.2283,-1.5238,0,0
2025-11-17,sh.688360,20.68,20.68,19.7,19.98,5844681,117296706.78,2.3167,-3.3849,0,0
2025-11-18,sh.688360,19.99,19.99,19.05,19.25,5442346,105896432.93,2.1572,-3.6537,0,0
2025-11-19,sh.688360,19.25,19.36,18.72,18.88,3568045,67563554.12,1.4143,-1.9221,0,0
2025-11-20,sh.688360,19.0,19.2,18.68,18.9,3242048,61454315.08,1.2851,0.1059,0,0
2025-11-21,sh.688360,18.7,19.1,18.03,18.2,3613643,66388219.1,1.4324,-3.7037,0,0
2025-11-24,sh.688360,18.25,18.78,18.2,18.67,2764442,51180561.17,1.0958,2.5824,0,0
2025-11-25,sh.688360,18.78,19.3,18.72,18.93,3306072,63051848.87,1.3104,1.3926,0,0
2025-11-26,sh.688360,18.9,19.16,18.82,18.83,2269195,43026060.84,0.8995,-0.5283,0,0
2025-11-27,sh.688360,18.94,19.14,18.83,18.88,1783668,33841926.35,0.707,0.2655,0,0
2025-11-28,sh.688360,19.0,19.42,18.93,19.31,2888608,55613894.85,1.145,2.2775,0,0
2025-12-01,sh.688360,19.31,19.5,19.21,19.46,2134693,41259709.79,0.8461,0.7768,0,0
2025-12-02,sh.688360,19.52,20.55,19.46,19.9,6856078,138008115.26,2.7176,2.261,0,0
2025-12-03,sh.688360,20.1,20.19,19.61,20.0,4299767,85658913.97,1.7043,0.5025,0,0
2025-12-04,sh.688360,20.55,23.13,20.55,22.66,26722942,593461542.46,10.5923,13.3,1,0
2025-12-05,sh.688360,22.66,22.82,22.12,22.38,11590273,259666277.19,4.5941,-1.2357,0,0
2025-12-08,sh.688360,22.26,22.51,21.38,22.33,11631129,253757232.36,4.6103,-0.2234,0,0
2025-12-09,sh.688360,22.22,22.97,21.98,22.31,6822876,153288677.09,2.7044,-0.0896,0,0
2025-12-10,sh.688360,22.31,22.31,21.6,21.84,5853901,127983133.94,2.3203,-2.1067,0,0
2025-12-11,sh.688360,21.77,22.11,21.41,21.42,3970073,85826075.97,1.5736,-1.9231,0,0
2025-12-12,sh.688360,21.31,22.07,20.8,21.03,8167278,175373764.93,3.2373,-1.8207,0,0
2025-12-15,sh.688360,21.03,21.75,20.93,21.43,4765843,101439219.19,1.8891,1.902,0,0
2025-12-16,sh.688360,21.3,21.61,21.12,21.25,3564432,76126621.87,1.4129,-0.8399,0,0
2025-12-17,sh.688360,21.29,21.3,20.66,21.24,3526264,74124314.17,1.3977,-0.0471,0,0
2025-12-18,sh.688360,20.92,21.24,20.77,20.82,2524748,53023207.97,1.0007,-1.9774,0,0
2025-12-19,sh.688360,20.96,21.24,20.89,20.94,2370833,49978387.45,0.9397,0.5764,0,0
2025-12-22,sh.688360,20.88,21.69,20.88,21.24,3749984,80116523.89,1.4864,1.4327,0,0
2025-12-23,sh.688360,21.6,21.67,21.14,21.23,3235068,69021164.14,1.2823,-0.0471,0,0
2025-12-24,sh.688360,21.19,21.69,21.11,21.49,3689834,79127710.62,1.4626,1.2247,0,0
2025-12-25,sh.688360,21.38,22.25,21.0,22.1,9377826,202836464.31,3.7171,2.8385,0,0
2025-12-26,sh.688360,22.16,22.22,21.51,21.71,7600071,166203756.86,3.0125,-1.7647,0,0
2025-12-29,sh.688360,21.8,21.99,21.55,21.84,4566789,99284497.08,1.8102,0.5988,0,0
2025-12-30,sh.688360,21.68,22.31,21.07,22.2,9723969,211328580.36,3.8543,1.6484,0,0
2025-12-31,sh.688360,22.0,22.1,21.24,21.26,6571683,141365058.0,2.6049,-4.2342,0,0
2026-01-05,sh.688360,21.18,21.28,20.78,21.21,6067769,127507509.09,2.4051,-0.2352,0,0
2026-01-06,sh.688360,21.02,21.68,21.02,21.21,4985244,106380236.28,1.976,0.0,0,0
2026-01-07,sh.688360,21.4,21.82,20.92,20.94,6030365,128389533.53,2.3903,-1.273,0,0
2026-01-08,sh.688360,20.85,21.03,20.72,20.81,4927089,102921191.03,1.953,-0.6208,0,0
2026-01-09,sh.688360,20.52,20.98,20.52,20.75,5164421,107133674.21,2.047,-0.2883,0,0
2026-01-12,sh.688360,20.78,21.81,20.57,21.64,8873192,188854801.66,3.5171,4.2892,0,0
2026-01-13,sh.688360,21.68,22.09,21.11,21.15,7135877,154133526.3,2.8285,-2.2643,0,0
2026-01-14,sh.688360,21.15,21.72,20.75,21.15,6397289,135660623.88,2.5357,0.0,0,0
2026-01-15,sh.688360,20.93,21.15,20.45,20.85,4869453,101058762.55,1.9301,-1.4184,0,0
2026-01-16,sh.688360,20.85,22.35,20.84,22.32,13012367,283083039.51,5.1578,7.0504,0,0
2026-01-19,sh.688360,22.33,22.79,21.75,22.62,8873886,198033905.31,3.5174,1.3441,0,0
2026-01-20,sh.688360,22.66,23.09,21.9,22.19,6568770,146971935.84,2.6037,-1.901,0,0
2026-01-21,sh.688360,22.1,22.8,21.74,22.3,5067512,113082320.46,2.0086,0.4957,0,0
2026-01-22,sh.688360,22.21,22.54,22.0,22.08,4899962,109024424.36,1.9422,-0.9865,0,0
2026-01-23,sh.688360,22.15,22.45,22.05,22.28,5036825,112050619.36,1.9965,0.9058,0,0
2026-01-26,sh.688360,22.38,22.38,20.71,20.8,9466836,200971758.44,3.7524,-6.6427,0,0
2026-01-27,sh.688360,20.68,20.78,19.46,20.08,10932073,218080574.8,4.3332,-3.4615,0,0
2026-01-28,sh.688360,20.05,20.09,19.5,19.62,5699486,112367062.96,2.2591,-2.2908,0,0
2026-01-29,sh.688360,19.55,19.85,19.18,19.22,4180371,81393227.16,1.657,-2.0387,0,0
2026-01-30,sh.688360,19.16,19.42,18.88,19.38,4338576,83341624.31,1.7197,0.8325,0,0
2026-02-02,sh.688360,19.39,19.49,18.96,18.98,3726950,71585831.96,1.4773,-2.064,0,0
2026-02-03,sh.688360,19.09,19.44,19.03,19.4,2492704,48051872.86,0.988,2.2129,0,0
2026-02-04,sh.688360,19.49,19.68,19.35,19.65,2838107,55368407.46,1.125,1.2887,0,0
2026-02-05,sh.688360,19.64,19.64,19.24,19.31,1908886,36962592.01,0.7566,-1.7303,0,0
2026-02-06,sh.688360,19.35,19.73,19.15,19.59,2395611,46787166.72,0.9496,1.45,0,0
2026-02-09,sh.688360,19.8,20.15,19.6,20.03,3544671,70724579.26,1.405,2.246,0,0
2026-02-10,sh.688360,20.03,20.13,19.84,20.01,2318496,46304196.67,0.919,-0.0999,0,0
2026-02-11,sh.688360,20.05,20.05,19.79,19.82,1802358,35916517.69,0.7144,-0.9495,0,0
2026-02-12,sh.688360,19.89,20.0,19.65,19.87,2045367,40664778.02,0.8107,0.2523,0,0
2026-02-13,sh.688360,19.58,20.15,19.41,19.83,3549189,70580005.58,1.4068,-0.2013,0,0
2026-02-24,sh.688360,20.21,20.23,19.74,19.82,2638735,52387653.24,1.0459,-0.0504,0,0
2026-02-25,sh.688360,19.8,19.93,19.72,19.82,2581207,51126312.0,1.0231,0.0,0,0
2026-02-26,sh.688360,19.83,19.83,19.51,19.6,3497994,68538607.72,1.3865,-1.11,0,0
2026-02-27,sh.688360,19.61,20.03,19.34,19.99,5292565,104374290.54,2.0978,1.9898,0,0
2026-03-02,sh.688360,19.45,19.78,19.0,19.05,4383889,84321920.85,1.7377,-4.7024,0,0
2026-03-03,sh.688360,19.05,19.25,18.0,18.0,4471590,82619857.46,1.7724,-5.5118,0,0
2026-03-04,sh.688360,17.9,18.08,17.62,17.81,2820958,50336219.4,1.1182,-1.0556,0,0
2026-03-05,sh.688360,18.01,18.47,18.01,18.28,2262370,41427913.37,0.8967,2.639,0,0
2026-03-06,sh.688360,18.18,18.53,18.16,18.42,1390409,25597793.8,0.5511,0.7659,0,0
2026-03-09,sh.688360,18.21,18.28,17.76,18.17,3008451,54094145.63,1.1925,-1.3572,0,0
2026-03-10,sh.688360,18.35,18.8,18.35,18.67,2196992,40907217.74,0.8708,2.7518,0,0
2026-03-11,sh.688360,18.77,18.83,18.37,18.39,1905747,35325186.84,0.7554,-1.4997,0,0
2026-03-12,sh.688360,18.41,18.43,18.02,18.1,1529863,27810291.18,0.6064,-1.5769,0,0
2026-03-13,sh.688360,17.92,19.71,17.85,19.45,9131358,174526541.84,3.6194,7.4586,0,0
2026-03-16,sh.688360,19.57,19.89,19.16,19.73,5108350,100214458.16,2.0248,1.4396,0,0
2026-03-17,sh.688360,19.9,20.05,19.13,19.18,3995006,78692124.34,1.5835,-2.7876,0,0
2026-03-18,sh.688360,19.18,19.27,18.58,18.91,3455206,65175051.74,1.3696,-1.4077,0,0
2026-03-19,sh.688360,18.8,19.23,18.55,18.62,3183724,60058142.06,1.262,-1.5336,0,0
2026-03-20,sh.688360,18.63,18.83,17.87,17.9,3086881,56349158.1,1.2236,-3.8668,0,0
2026-03-23,sh.688360,17.89,17.93,16.72,16.9,4903991,84839042.02,1.9438,-5.5866,0,0
2026-03-24,sh.688360,17.22,17.53,16.75,17.51,2850247,48735043.1,1.1298,3.6095,0,0
2026-03-25,sh.688360,17.65,19.38,17.65,19.3,8074026,152994347.54,3.2003,10.2227,1,0
2026-03-26,sh.688360,19.15,20.46,19.15,19.6,7378267,146927268.53,2.9246,1.5544,0,0
2026-03-27,sh.688360,19.51,19.72,19.34,19.41,3756488,73219203.1,1.489,-0.9694,0,0
2026-03-30,sh.688360,19.2,19.47,18.85,19.25,3360788,64385041.12,1.3321,-0.8243,0,0
2026-03-31,sh.688360,19.15,19.35,18.6,18.64,2564116,48496970.97,1.0164,-3.1688,0,0
2026-04-01,sh.688360,19.0,19.8,19.0,19.68,4642128,90506541.74,1.84,5.5794,0,0
2026-04-02,sh.688360,19.8,19.8,18.86,19.09,2936532,56346648.27,1.164,-2.998,0,0
2026-04-03,sh.688360,19.09,19.47,18.9,19.3,3155187,60527534.12,1.2506,1.1001,0,0
2026-04-07,sh.688360,19.45,19.46,18.84,18.96,2656007,50615665.03,1.0528,-1.7617,0,0
2026-04-08,sh.688360,19.4,19.78,19.4,19.73,5288607,103948003.74,2.0963,4.0612,0,0
2026-04-09,sh.688360,19.5,19.59,19.02,19.03,3521060,67779124.23,1.3957,-3.5479,0,0
2026-04-10,sh.688360,19.2,19.69,19.2,19.46,4782543,93416229.65,1.8957,2.2596,0,0
2026-04-13,sh.688360,19.36,19.41,18.91,18.98,3414349,64980716.9,1.3534,-2.4666,0,0
2026-04-14,sh.688360,19.12,19.22,18.87,19.05,2564416,48813530.19,1.0165,0.3688,0,0
2026-04-15,sh.688360,19.1,19.18,18.7,18.78,2426282,45976466.54,0.9617,-1.4173,0,0
2026-04-16,sh.688360,18.78,19.24,18.77,19.16,2275413,43403191.66,0.9019,2.0234,0,0
2026-04-17,sh.688360,19.28,19.28,18.85,19.12,3296012,62781280.1,1.3065,-0.2088,0,0
2026-04-20,sh.688360,19.04,19.18,18.81,18.83,2870407,54222336.09,1.1378,-1.5167,0,0
2026-04-21,sh.688360,18.81,18.89,18.02,18.45,3820889,70212260.26,1.5145,-2.0181,0,0
2026-04-22,sh.688360,18.65,18.65,18.2,18.5,2021160,37184616.0,0.8011,0.271,0,0
2026-04-23,sh.688360,18.5,18.5,18.05,18.12,2608320,47405526.7,1.0339,-2.0541,0,0
2026-04-24,sh.688360,18.0,18.25,17.85,18.22,1787722,32344241.96,0.7086,0.5519,0,0
2026-04-27,sh.688360,18.25,18.48,17.95,18.42,1720627,31364650.27,0.682,1.0977,0,0
2026-04-28,sh.688360,18.35,18.35,17.86,17.91,2253375,40606384.18,0.8932,-2.7687,0,0
2026-04-29,sh.688360,17.89,18.22,17.83,17.99,1317636,23827035.31,0.5223,0.4467,0,0
2026-04-30,sh.688360,18.21,18.86,18.2,18.24,4297598,79578175.8,1.7035,1.3897,0,0
2026-05-06,sh.688360,18.34,18.78,18.32,18.64,3500078,65276018.99,1.3873,2.193,0,0
2026-05-07,sh.688360,18.66,19.28,18.53,19.22,4176335,79341125.53,1.6554,3.1116,0,0
2026-05-08,sh.688360,19.29,19.83,19.0,19.8,4944501,96778741.68,1.9599,3.0177,0,0
2026-05-11,sh.688360,19.94,20.28,19.6,20.08,5076065,101450048.35,2.012,1.4141,0,0
2026-05-12,sh.688360,20.07,20.11,19.51,19.68,3264967,64496989.1,1.2942,-1.992,0,0
2026-05-13,sh.688360,19.51,19.67,19.38,19.51,4203162,81903592.78,1.666,-0.8638,0,0
2026-05-14,sh.688360,19.5,19.65,19.09,19.19,3100108,59868146.93,1.2288,-1.6402,0,0
2026-05-15,sh.688360,19.23,20.29,19.21,19.9,6482535,128686584.91,2.5695,3.6998,0,0
2026-05-18,sh.688360,19.57,20.47,19.47,20.15,7679791,153930971.3,3.0441,1.2563,0,0
2026-05-19,sh.688360,21.05,24.18,21.02,24.18,35971622,825449850.51,14.2583,20.0,1,0
2026-05-20,sh.688360,24.0,24.87,23.28,23.71,32854280,783324217.86,13.0226,-1.9438,0,0
2026-05-21,sh.688360,23.0,24.88,22.8,24.02,28671580,689148294.63,11.3647,1.3075,0,0
2026-05-22,sh.688360,24.02,28.0,23.5,26.81,31501134,820774353.09,12.4863,11.6153,1,0
2026-05-25,sh.688360,26.8,27.59,26.2,27.39,20365244,548343983.92,8.0723,2.1634,0,0
2026-05-26,sh.688360,27.0,27.0,25.62,26.32,18033485,474879610.76,7.148,-3.9065,0,0
2026-05-27,sh.688360,25.99,26.28,23.6,24.12,20636141,504656553.58,8.1797,-8.3587,0,0
2026-05-28,sh.688360,24.1,24.1,22.9,23.79,13964585,328425914.33,5.5352,-1.3682,0,0
2026-05-29,sh.688360,23.56,23.98,21.85,22.24,11912971,269858080.44,4.722,-6.5153,0,0
2026-06-01,sh.688360,21.96,22.5,21.6,21.66,7724437,169681487.07,3.0618,-2.6079,0,0
2026-06-02,sh.688360,21.76,22.65,21.43,21.58,10643179,233602613.27,4.2187,-0.3693,0,0
2026-06-03,sh.688360,21.6,22.94,21.6,22.04,9446264,209757539.35,3.7443,2.1316,0,0
2026-06-04,sh.688360,21.56,22.6,21.4,21.76,8986209,197160870.29,3.5619,-0.7752,0,0
2026-06-05,sh.688360,22.0,23.2,21.33,22.49,13210015,294690976.78,5.2361,3.3548,0,0
2026-06-08,sh.688360,21.0,23.18,21.0,22.52,14006636,316742060.02,5.5519,0.1334,0,0
2026-06-09,sh.688360,22.66,23.15,21.81,22.27,12563748,280156319.33,4.98,-1.1101,0,0
2026-06-10,sh.688360,21.96,22.3,21.02,21.4,8607883,186359267.86,3.412,-3.9066,0,0
2026-06-11,sh.688360,21.0,21.45,20.5,20.88,8638789,181106145.07,3.4242,-2.4299,0,0
2026-06-12,sh.688360,21.0,21.65,20.56,20.65,8268362,173656858.98,3.2774,-1.1015,0,0
2026-06-15,sh.688360,20.53,21.04,20.5,20.62,7892693,163658672.53,3.1285,-0.1453,0,0
2026-06-16,sh.688360,20.87,21.68,20.84,21.38,9753943,207274160.76,3.8662,3.6857,0,0
2026-06-17,sh.688360,21.18,21.66,20.54,20.77,8851061,185198532.01,3.5083,-2.8531,0,0
2026-06-18,sh.688360,20.57,21.35,20.14,21.1,8200862,171596868.36,3.2506,1.5888,0,0
2026-06-22,sh.688360,21.1,21.18,19.3,20.1,10262000,205125233.87,3.8909,-4.7393,0,0
2026-06-23,sh.688360,20.0,20.53,19.65,19.86,7725361,155034610.11,2.9291,-1.194,0,0
2026-06-24,sh.688360,19.85,19.98,19.15,19.77,6257597,122348032.83,2.3726,-0.4532,0,0
2026-06-25,sh.688360,19.6,19.76,18.75,18.85,8703201,165970544.04,3.2998,-4.6535,0,0
2026-06-26,sh.688360,18.81,18.81,17.68,17.75,10553896,191244126.7,4.0015,-5.8355,0,0
