date,code,open,high,low,close,volume,amount,turnover,pct_change,is_limit_up,is_limit_down
2020-02-05,sz.002975,41.52,49.82,41.52,49.82,114700,5689559.0,0.6605,43.9884,1,0
2020-02-06,sz.002975,54.8,54.8,54.8,54.8,27723,1519220.0,0.1596,9.996,1,0
2020-02-07,sz.002975,60.28,60.28,60.28,60.28,36899,2224271.0,0.2125,10.0,1,0
2020-02-10,sz.002975,66.31,66.31,66.31,66.31,36200,2400422.0,0.2084,10.0033,1,0
2020-02-11,sz.002975,72.94,72.94,72.94,72.94,54688,3988942.0,0.3149,9.9985,1,0
2020-02-12,sz.002975,80.23,80.23,80.23,80.23,177953,14277169.0,1.0247,9.9945,1,0
2020-02-13,sz.002975,88.25,88.25,88.25,88.25,130489,11515654.0,0.7514,9.9963,1,0
2020-02-14,sz.002975,97.08,97.08,97.08,97.08,466314,45269763.0,2.6851,10.0057,1,0
2020-02-17,sz.002975,106.79,106.79,106.79,106.79,331851,35438368.0,1.9108,10.0021,1,0
2020-02-18,sz.002975,117.47,117.47,117.47,117.47,109100,12815977.0,0.6282,10.0009,1,0
2020-02-19,sz.002975,129.22,129.22,123.5,129.22,8578324,1098864992.0,49.3952,10.0026,1,0
2020-02-20,sz.002975,129.0,134.6,125.6,128.98,9342943,1219607760.0,53.798,-0.1857,0,0
2020-02-21,sz.002975,131.5,137.0,127.08,135.93,7732967,1018751728.0,44.5276,5.3884,0,0
2020-02-24,sz.002975,129.95,133.74,127.63,131.17,5863427,765128736.0,33.7625,-3.5018,0,0
2020-02-25,sz.002975,127.0,130.68,118.05,127.0,5526018,692037520.0,31.8196,-3.1791,0,0
2020-02-26,sz.002975,120.0,122.8,115.0,115.47,3977685,476249152.0,22.9041,-9.0787,0,0
2020-02-27,sz.002975,115.04,123.5,111.2,121.91,3958717,466068960.0,22.7949,5.5772,0,0
2020-02-28,sz.002975,117.0,122.8,111.23,112.3,3201686,374067152.0,18.4358,-7.8829,0,0
2020-03-02,sz.002975,115.44,119.97,115.44,118.29,2768968,326618720.0,15.9441,5.3339,0,0
2020-03-03,sz.002975,120.0,123.56,117.27,118.8,3391143,408831312.0,19.5267,0.4311,0,0
2020-03-04,sz.002975,116.13,118.39,113.01,118.28,2811150,325295062.05,16.187,-0.4377,0,0
2020-03-05,sz.002975,121.83,130.11,120.86,130.11,5650092,718714777.48,32.5341,10.0017,1,0
2020-03-06,sz.002975,127.5,140.5,126.37,134.44,6440634,856730404.34,37.0861,3.328,0,0
2020-03-09,sz.002975,138.0,147.88,137.02,143.35,6446668,928658785.15,37.1209,6.6275,0,0
2020-03-10,sz.002975,150.0,157.69,143.6,157.69,4991317,754657837.24,28.7407,10.0035,1,0
2020-03-11,sz.002975,163.0,166.83,141.92,141.92,5820551,892195567.51,33.5156,-10.0006,0,1
2020-03-12,sz.002975,137.2,145.97,134.0,137.67,4037052,563638742.7,23.2459,-2.9946,0,0
2020-03-13,sz.002975,131.33,151.44,131.33,151.44,5817337,841257434.9,33.4971,10.0022,1,0
2020-03-16,sz.002975,148.98,150.38,136.3,136.3,4245863,607632536.48,24.4483,-9.9974,0,1
2020-03-17,sz.002975,139.0,149.93,136.84,147.0,4843337,700422056.22,27.8886,7.8503,0,0
2020-03-18,sz.002975,144.98,149.58,138.08,139.0,3660550,524877031.32,21.078,-5.4422,0,0
2020-03-19,sz.002975,140.01,147.48,138.0,144.3,3123215,447813404.0,17.9839,3.813,0,0
2020-03-20,sz.002975,146.5,147.68,136.66,140.44,2922215,413567957.95,16.8265,-2.675,0,0
2020-03-23,sz.002975,132.0,133.69,126.4,126.4,3177265,405640144.55,18.2952,-9.9972,0,1
2020-03-24,sz.002975,127.47,128.48,113.76,118.12,4118706,492306734.34,23.7161,-6.5506,0,0
2020-03-25,sz.002975,119.6,127.27,118.83,122.54,2673722,328186638.04,15.3957,3.742,0,0
2020-03-26,sz.002975,119.0,127.88,117.5,123.3,1992743,244181012.87,11.4745,0.6202,0,0
2020-03-27,sz.002975,125.51,127.79,118.05,118.84,2273800,278717457.85,13.0929,-3.6172,0,0
2020-03-30,sz.002975,113.5,118.99,109.17,113.77,2435505,275455025.14,14.024,-4.2662,0,0
2020-03-31,sz.002975,116.99,125.15,116.08,117.99,3566252,433046144.4,20.535,3.7092,0,0
2020-04-01,sz.002975,119.5,126.58,118.15,121.7,3122961,380636903.0,17.9825,3.1443,0,0
2020-04-02,sz.002975,122.15,128.68,119.01,127.33,3481600,435230753.56,20.0476,4.6261,0,0
2020-04-03,sz.002975,126.72,126.89,121.66,122.8,2686521,332034907.54,15.4694,-3.5577,0,0
2020-04-07,sz.002975,125.33,126.92,121.65,122.14,2914719,359614236.92,16.7834,-0.5375,0,0
2020-04-08,sz.002975,119.0,119.99,115.8,117.11,2102711,247981658.24,12.1077,-4.1182,0,0
2020-04-09,sz.002975,118.3,119.0,114.61,117.0,1854294,216269824.36,10.6773,-0.0939,0,0
2020-04-10,sz.002975,116.0,117.69,112.97,112.97,1646973,188655864.01,9.4835,-3.4444,0,0
2020-04-13,sz.002975,111.02,111.05,104.4,106.0,2018800,215540747.53,11.6245,-6.1698,0,0
2020-04-14,sz.002975,105.99,107.84,105.0,107.27,1528520,162775241.06,8.8014,1.1981,0,0
2020-04-15,sz.002975,107.08,108.5,106.17,106.21,1354220,145423306.0,7.7978,-0.9882,0,0
2020-04-16,sz.002975,104.0,106.5,103.07,105.49,1506024,157746280.41,8.6719,-0.6779,0,0
2020-04-17,sz.002975,109.0,115.04,107.0,113.39,3251740,360967667.2,18.724,7.4889,0,0
2020-04-20,sz.002975,113.38,113.39,109.23,111.0,1840500,204114509.0,10.5979,-2.1078,0,0
2020-04-21,sz.002975,110.99,113.0,106.51,108.0,2060500,225253598.5,11.8647,-2.7027,0,0
2020-04-22,sz.002975,112.5,118.78,111.35,117.82,3936845,451833584.96,22.6689,9.0926,0,0
2020-04-23,sz.002975,115.0,115.88,112.48,112.92,2468702,280862764.84,14.2151,-4.1589,0,0
2020-04-24,sz.002975,112.3,113.59,109.51,110.12,1472701,163925928.25,8.48,-2.4796,0,0
2020-04-27,sz.002975,109.1,113.5,109.05,111.19,1186237,132888975.0,6.8305,0.9717,0,0
2020-04-28,sz.002975,111.12,111.12,101.2,108.18,2064675,220020742.92,11.8887,-2.7071,0,0
2020-04-29,sz.002975,106.9,112.99,106.51,111.65,1472475,161985687.31,8.4787,3.2076,0,0
2020-04-30,sz.002975,112.8,120.6,112.23,118.15,2319932,271384304.0,13.3585,5.8218,0,0
2020-05-06,sz.002975,116.26,121.18,115.88,121.03,2184102,259120884.96,12.5764,2.4376,0,0
2020-05-07,sz.002975,123.45,133.13,123.4,133.13,3617791,472286175.02,20.8318,9.9975,1,0
2020-05-08,sz.002975,130.51,135.18,130.2,132.3,2720391,360299785.75,15.6644,-0.6235,0,0
2020-05-11,sz.002975,132.52,135.65,130.57,132.33,1865899,247740759.66,10.7441,0.0227,0,0
2020-05-12,sz.002975,131.67,132.83,125.01,128.01,2277843,292113764.85,13.1162,-3.2646,0,0
2020-05-13,sz.002975,127.01,129.32,125.7,128.18,1392700,177796752.0,8.0194,0.1328,0,0
2020-05-14,sz.002975,126.5,128.45,125.09,125.14,1396940,176805046.0,8.0438,-2.3717,0,0
2020-05-15,sz.002975,126.2,130.65,126.2,127.74,1970440,252954006.0,11.3461,2.0777,0,0
2020-05-18,sz.002975,126.5,126.5,118.88,120.0,2432430,295941753.9,14.0063,-6.0592,0,0
2020-05-19,sz.002975,120.88,128.37,120.51,127.94,2024261,251682912.97,11.656,6.6167,0,0
2020-05-20,sz.002975,127.1,129.5,125.11,128.5,1583500,201643614.0,9.118,0.4377,0,0
2020-05-21,sz.002975,129.41,129.99,120.48,121.5,1712261,212338527.41,9.8594,-5.4475,0,0
2020-05-22,sz.002975,121.0,124.45,118.77,119.98,1160661,141122743.2,6.6833,-1.251,0,0
2020-05-25,sz.002975,118.08,118.99,113.01,114.59,1208930,139392631.4,6.9612,-4.4924,0,0
2020-05-26,sz.002975,115.64,120.78,115.13,120.78,1200943,142598388.92,6.9152,5.4019,0,0
2020-05-27,sz.002975,121.0,122.98,118.8,121.22,1038400,125504278.0,5.9793,0.3643,0,0
2020-05-28,sz.002975,120.06,121.46,116.7,120.76,913564,108638104.56,5.2604,-0.3795,0,0
2020-05-29,sz.002975,120.77,129.0,118.24,124.95,1578866,196863055.84,9.0913,3.4697,0,0
2020-06-01,sz.002975,127.21,134.99,126.53,133.48,2184825,286681975.35,12.5805,6.8267,0,0
2020-06-02,sz.002975,133.0,133.0,129.1,130.29,1629636,213568935.9,9.3837,-2.3899,0,0
2020-06-03,sz.002975,131.14,138.32,130.33,135.14,2409603,325370180.35,13.8748,3.7225,0,0
2020-06-04,sz.002975,135.46,136.69,133.18,135.5,1358261,183654413.68,7.8211,0.2664,0,0
2020-06-05,sz.002975,135.0,135.68,130.4,132.15,1427102,189747652.8,8.2175,-2.4723,0,0
2020-06-08,sz.002975,133.1,136.88,130.0,131.68,1132102,151024621.18,6.5188,-0.3557,0,0
2020-06-09,sz.002975,131.63,134.55,129.92,134.44,1258100,166397450.0,7.2443,2.096,0,0
2020-06-10,sz.002975,135.88,147.88,135.8,147.88,3197678,460108022.96,18.4127,9.997,1,0
2020-06-11,sz.002975,154.0,158.8,151.5,157.0,3696395,571358208.95,21.2844,6.1672,0,0
2020-06-12,sz.002975,153.12,165.78,152.1,161.83,3438096,548222606.4,19.7971,3.0764,0,0
2020-06-15,sz.002975,158.0,161.74,153.2,153.55,2515705,393959496.96,14.4858,-5.1165,0,0
2020-06-16,sz.002975,155.04,165.8,155.04,165.8,2629355,422654370.32,15.1402,7.9779,0,0
2020-06-17,sz.002975,164.68,165.99,160.46,165.36,1632500,266160358.14,9.4002,-0.2654,0,0
2020-06-18,sz.002975,164.97,175.58,158.49,158.8,3023477,504111972.7,17.4096,-3.9671,0,0
2020-06-19,sz.002975,157.72,174.68,157.72,174.68,2405502,401311246.3,13.8512,10.0,1,0
2020-06-22,sz.002975,179.0,181.51,172.58,175.0,2390700,422439016.0,13.766,0.1832,0,0
2020-06-23,sz.002975,175.74,176.72,172.0,175.2,1474500,256881033.0,8.4904,0.1143,0,0
2020-06-24,sz.002975,175.22,182.8,172.3,179.03,1770100,314748020.0,10.1925,2.1861,0,0
2020-06-29,sz.002975,178.99,182.68,176.34,182.52,1512300,271690131.0,8.708,1.9494,0,0
2020-06-30,sz.002975,181.82,189.88,175.37,178.77,2566097,468298626.54,14.776,-2.0546,0,0
2020-07-01,sz.002975,183.98,188.8,180.01,185.51,2283162,420504035.02,13.1468,3.7702,0,0
2020-07-02,sz.002975,183.0,185.77,175.0,176.36,2246034,402405738.0,12.933,-4.9323,0,0
2020-07-03,sz.002975,175.5,181.8,172.0,178.9,1482824,262743141.24,8.5383,1.4402,0,0
2020-07-06,sz.002975,178.0,191.86,178.0,188.15,2176588,403526168.0,12.5331,5.1705,0,0
2020-07-07,sz.002975,94.52,98.8,92.1,95.96,5283156,505044707.6,15.2106,2.3901,0,0
2020-07-08,sz.002975,97.0,102.88,95.5,102.5,4719248,473027790.75,13.5871,6.8153,0,0
2020-07-09,sz.002975,101.5,103.43,99.58,101.86,4123856,417652759.08,11.8729,-0.6244,0,0
2020-07-10,sz.002975,101.96,101.96,94.1,97.45,4767600,467771761.64,13.7263,-4.3295,0,0
2020-07-13,sz.002975,96.2,102.55,96.0,102.19,3948056,393424440.12,11.3667,4.864,0,0
2020-07-14,sz.002975,102.27,102.27,96.58,100.68,3763500,372416293.02,10.8354,-1.4776,0,0
2020-07-15,sz.002975,99.24,99.28,93.5,93.5,3498740,337015771.26,10.0731,-7.1315,0,0
2020-07-16,sz.002975,92.94,94.88,88.0,89.3,2715034,250342398.94,7.8168,-4.492,0,0
2020-07-17,sz.002975,89.32,92.52,88.8,91.6,2412200,218986417.0,6.9449,2.5756,0,0
2020-07-20,sz.002975,93.2,93.6,88.24,92.3,2198489,199460638.95,6.3296,0.7642,0,0
2020-07-21,sz.002975,92.78,96.28,91.0,95.51,2395280,226562894.58,6.8962,3.4778,0,0
2020-07-22,sz.002975,94.99,95.36,93.28,94.05,1722670,162282811.76,4.9597,-1.5286,0,0
2020-07-23,sz.002975,91.23,93.95,90.26,91.85,2029840,186452361.8,5.8441,-2.3392,0,0
2020-07-24,sz.002975,91.78,91.78,82.67,82.67,3697592,317411363.3,10.6456,-9.9946,0,1
2020-07-27,sz.002975,80.11,82.66,77.68,78.45,3102434,246568773.38,8.9321,-5.1046,0,0
2020-07-28,sz.002975,79.45,81.51,77.8,80.8,2022420,161140402.29,5.8227,2.9955,0,0
2020-07-29,sz.002975,79.72,83.26,79.72,83.24,1660230,135888135.3,4.7799,3.0198,0,0
2020-07-30,sz.002975,82.81,83.74,80.8,81.33,1668481,137095309.01,4.8037,-2.2946,0,0
2020-07-31,sz.002975,83.65,88.83,83.63,87.46,2756810,238540162.6,7.9371,7.5372,0,0
2020-08-03,sz.002975,89.0,91.39,87.46,89.21,2504282,222958560.72,7.21,2.0009,0,0
2020-08-04,sz.002975,89.21,89.22,86.12,87.0,1787322,156025680.34,5.1458,-2.4773,0,0
2020-08-05,sz.002975,86.21,88.8,86.21,87.34,1211812,106050495.98,3.4889,0.3908,0,0
2020-08-06,sz.002975,87.13,96.0,84.03,95.12,3898655,351245760.34,11.2245,8.9077,0,0
2020-08-07,sz.002975,96.0,97.99,93.55,96.08,3790000,363437971.26,10.9117,1.0093,0,0
2020-08-10,sz.002975,92.8,95.8,90.66,92.5,2953536,274098713.4,8.5034,-3.7261,0,0
2020-08-11,sz.002975,93.5,94.85,88.0,88.37,2193239,200710953.14,6.3145,-4.4649,0,0
2020-08-12,sz.002975,88.48,88.78,79.93,81.5,3420640,284342352.0,9.8483,-7.7741,0,0
2020-08-13,sz.002975,82.0,82.88,80.16,81.09,1801960,146678722.4,5.188,-0.5031,0,0
2020-08-14,sz.002975,81.1,84.61,81.1,83.85,1890437,157358233.16,5.4427,3.4036,0,0
2020-08-17,sz.002975,83.85,85.99,83.01,85.5,1599454,135349537.5,4.6049,1.9678,0,0
2020-08-18,sz.002975,85.5,88.55,85.09,87.58,1658960,143482753.78,4.7763,2.4327,0,0
2020-08-19,sz.002975,87.0,87.0,84.73,85.67,1310800,112303450.0,3.7739,-2.1809,0,0
2020-08-20,sz.002975,85.88,88.83,83.0,86.96,1367500,118157038.0,3.9371,1.5058,0,0
2020-08-21,sz.002975,87.99,90.5,87.5,88.0,1790044,159007191.26,5.1537,1.196,0,0
2020-08-24,sz.002975,88.0,91.47,86.06,90.22,1851637,165247104.34,5.331,2.5227,0,0
2020-08-25,sz.002975,90.66,90.8,86.5,87.6,1673832,148245135.84,4.8191,-2.904,0,0
2020-08-26,sz.002975,87.61,89.49,86.6,88.72,1442249,127253951.27,4.1523,1.2785,0,0
2020-08-27,sz.002975,89.78,89.78,81.98,85.8,2265149,192797978.83,6.5215,-3.2913,0,0
2020-08-28,sz.002975,85.0,88.25,84.1,87.56,1507999,130779811.66,4.3416,2.0513,0,0
2020-08-31,sz.002975,88.05,89.0,85.0,86.0,1583150,138035507.0,4.558,-1.7816,0,0
2020-09-01,sz.002975,85.44,86.41,83.8,84.6,1412130,119323148.4,4.0656,-1.6279,0,0
2020-09-02,sz.002975,84.0,85.3,82.0,82.9,1570300,130398639.0,4.521,-2.0095,0,0
2020-09-03,sz.002975,83.36,83.36,81.6,81.8,1034079,84896194.68,2.9772,-1.3269,0,0
2020-09-04,sz.002975,80.4,83.18,78.6,83.12,1141669,93288891.79,3.2869,1.6137,0,0
2020-09-07,sz.002975,82.48,82.96,80.16,80.4,1065010,86458399.9,3.0662,-3.2724,0,0
2020-09-08,sz.002975,80.0,80.9,79.0,79.3,1016830,81269363.1,2.9275,-1.3682,0,0
2020-09-09,sz.002975,79.24,79.24,71.37,74.08,1746500,130957617.0,5.0283,-6.5826,0,0
2020-09-10,sz.002975,75.45,75.45,70.8,71.18,1244300,90626120.0,3.5824,-3.9147,0,0
2020-09-11,sz.002975,70.4,75.0,69.5,73.9,1080300,77955043.0,3.1103,3.8213,0,0
2020-09-14,sz.002975,74.0,79.24,74.0,76.83,1513200,115732212.0,4.3566,3.9648,0,0
2020-09-15,sz.002975,77.0,78.6,76.01,77.38,1020200,79239544.27,2.9372,0.7159,0,0
2020-09-16,sz.002975,76.0,78.0,76.0,77.48,752542,58201114.8,2.1666,0.1292,0,0
2020-09-17,sz.002975,77.0,78.48,76.89,77.6,658000,51102701.0,1.8944,0.1549,0,0
2020-09-18,sz.002975,77.47,78.8,76.5,77.81,1004001,78203877.54,2.8906,0.2706,0,0
2020-09-21,sz.002975,77.99,79.8,77.88,78.1,728700,57309776.0,2.098,0.3727,0,0
2020-09-22,sz.002975,77.57,78.39,76.58,76.99,638501,49435309.76,1.8383,-1.4213,0,0
2020-09-23,sz.002975,76.99,81.48,76.97,79.78,1414581,112442288.39,4.0727,3.6238,0,0
2020-09-24,sz.002975,78.6,79.58,78.0,78.68,661393,52024186.7,1.9042,-1.3788,0,0
2020-09-25,sz.002975,78.78,80.68,78.2,79.92,814900,64873252.0,2.3462,1.576,0,0
2020-09-28,sz.002975,79.25,80.19,78.69,78.78,662450,52605496.5,1.9072,-1.4264,0,0
2020-09-29,sz.002975,78.26,79.0,75.06,76.26,1262100,96778384.99,3.6337,-3.1988,0,0
2020-09-30,sz.002975,76.26,80.11,75.53,78.88,1265054,99495587.26,3.6422,3.4356,0,0
2020-10-09,sz.002975,81.0,86.77,79.2,86.77,2703120,227536917.0,7.7825,10.0025,1,0
2020-10-12,sz.002975,87.64,89.0,86.82,88.09,1999755,175152096.36,5.7574,1.5213,0,0
2020-10-13,sz.002975,88.5,90.09,87.5,88.88,1888261,167358745.09,5.4364,0.8968,0,0
2020-10-14,sz.002975,97.77,97.77,97.77,97.77,716404,70042819.08,2.0626,10.0023,1,0
2020-10-15,sz.002975,107.55,107.55,107.55,107.55,571775,61494401.25,1.6462,10.0031,1,0
2020-10-16,sz.002975,111.0,118.31,111.0,117.77,14318138,1648113430.21,41.223,9.5026,0,0
2020-10-19,sz.002975,115.0,115.0,105.99,111.3,9850528,1082986674.52,28.3604,-5.4938,0,0
2020-10-20,sz.002975,110.05,110.12,106.0,109.0,4424442,477703058.08,12.7383,-2.0665,0,0
2020-10-21,sz.002975,109.11,110.0,104.6,105.85,3995763,427998979.69,11.5041,-2.8899,0,0
2020-10-22,sz.002975,105.5,107.66,103.9,106.4,3800201,403629301.43,10.9411,0.5196,0,0
2020-10-23,sz.002975,106.79,106.79,99.01,101.22,4339786,444897428.82,12.4946,-4.8684,0,0
2020-10-26,sz.002975,100.59,103.2,99.42,101.9,2326633,236756850.1,6.6985,0.6718,0,0
2020-10-27,sz.002975,101.92,103.58,101.45,102.45,1835712,188156354.12,5.2851,0.5397,0,0
2020-10-28,sz.002975,103.5,105.46,102.42,102.9,2859315,296102695.27,8.2322,0.4392,0,0
2020-10-29,sz.002975,100.0,105.55,99.99,102.5,2745873,283623980.85,7.9056,-0.3887,0,0
2020-10-30,sz.002975,102.99,103.3,100.48,100.5,2272810,232389472.52,6.5436,-1.9512,0,0
2020-11-02,sz.002975,101.01,104.8,100.83,104.78,2325600,240093376.9,6.6956,4.2587,0,0
2020-11-03,sz.002975,104.78,105.87,103.03,104.48,2109700,219734514.0,6.074,-0.2863,0,0
2020-11-04,sz.002975,105.37,106.89,102.5,103.31,2130799,223270195.03,6.1347,-1.1198,0,0
2020-11-05,sz.002975,105.0,111.2,103.6,110.17,3685439,397544045.19,10.6106,6.6402,0,0
2020-11-06,sz.002975,110.0,114.3,107.51,113.28,3112213,344259629.63,8.9603,2.8229,0,0
2020-11-09,sz.002975,115.1,116.91,112.11,113.3,3514712,401221727.72,10.1191,0.0177,0,0
2020-11-10,sz.002975,111.51,117.0,111.48,112.4,2583343,292763369.75,7.4376,-0.7944,0,0
2020-11-11,sz.002975,111.88,113.97,108.5,109.28,2060200,228488535.0,5.9315,-2.7758,0,0
2020-11-12,sz.002975,109.34,110.79,108.1,109.74,1559900,170624866.0,4.4911,0.4209,0,0
2020-11-13,sz.002975,109.0,110.74,106.87,107.65,1728642,187649021.57,4.9769,-1.9045,0,0
2020-11-16,sz.002975,108.07,108.79,106.0,106.69,1583999,169875915.31,4.5604,-0.8918,0,0
2020-11-17,sz.002975,106.69,113.6,103.56,112.13,2667022,287915184.68,7.6786,5.0989,0,0
2020-11-18,sz.002975,111.56,114.8,109.66,113.03,1829500,205132434.58,5.2673,0.8026,0,0
2020-11-19,sz.002975,113.0,124.0,111.5,122.5,3760652,448494192.0,10.8272,8.3783,0,0
2020-11-20,sz.002975,122.49,124.66,120.3,124.5,2591412,318624252.0,7.4609,1.6327,0,0
2020-11-23,sz.002975,124.37,124.5,121.0,122.32,1973900,241748340.4,5.683,-1.751,0,0
2020-11-24,sz.002975,121.99,126.21,120.9,122.81,1708860,210104727.0,4.9199,0.4006,0,0
2020-11-25,sz.002975,121.81,122.8,112.0,112.53,4139300,482413924.0,11.9173,-8.3707,0,0
2020-11-26,sz.002975,111.9,113.0,107.1,109.0,2485879,272653847.36,7.157,-3.1369,0,0
2020-11-27,sz.002975,109.1,110.0,107.22,108.98,1406500,152838488.24,4.0494,-0.0183,0,0
2020-11-30,sz.002975,109.5,111.39,107.1,108.0,1529500,166364751.0,4.4035,-0.8992,0,0
2020-12-01,sz.002975,107.8,110.0,107.15,108.72,1117252,121285914.12,3.2167,0.6667,0,0
2020-12-02,sz.002975,110.0,115.0,108.19,113.64,2090600,233193778.0,6.019,4.5254,0,0
2020-12-03,sz.002975,113.58,114.39,110.78,112.32,1269700,143103529.0,3.6556,-1.1616,0,0
2020-12-04,sz.002975,112.35,114.1,111.67,113.18,849200,95879571.0,2.4449,0.7657,0,0
2020-12-07,sz.002975,112.61,115.8,112.59,114.05,979800,111841810.0,2.8209,0.7687,0,0
2020-12-08,sz.002975,114.09,115.5,112.6,112.71,1148800,131202085.06,3.3075,-1.1749,0,0
2020-12-09,sz.002975,113.0,114.2,109.86,109.86,1188626,133309888.43,3.4221,-2.5286,0,0
2020-12-10,sz.002975,109.18,113.15,108.18,111.36,1122072,124377036.48,3.2305,1.3654,0,0
2020-12-11,sz.002975,112.0,112.76,102.1,105.66,2729300,290123604.0,7.8579,-5.1185,0,0
2020-12-14,sz.002975,105.0,107.3,104.0,106.85,1266400,134442918.0,3.6461,1.1263,0,0
2020-12-15,sz.002975,107.7,113.8,106.42,113.61,2047000,228951347.0,5.8935,6.3266,0,0
2020-12-16,sz.002975,115.0,117.54,111.66,112.3,1988660,227368537.0,5.7255,-1.1531,0,0
2020-12-17,sz.002975,112.9,115.0,111.35,115.0,1411442,160313214.0,4.0636,2.4043,0,0
2020-12-18,sz.002975,114.49,114.96,111.02,111.3,1486100,166972899.0,4.2786,-3.2174,0,0
2020-12-21,sz.002975,111.81,115.0,111.81,114.95,1643400,187472740.88,4.7315,3.2794,0,0
2020-12-22,sz.002975,114.11,116.67,110.49,111.28,1730199,196557041.58,4.9814,-3.1927,0,0
2020-12-23,sz.002975,111.23,112.77,109.14,111.61,1242199,137976502.07,3.5764,0.2965,0,0
2020-12-24,sz.002975,111.0,114.5,108.1,113.0,1749560,195317404.0,5.0371,1.2454,0,0
2020-12-25,sz.002975,113.5,120.88,113.01,119.66,2756700,325690225.0,7.9367,5.8938,0,0
2020-12-28,sz.002975,120.87,122.21,117.38,120.86,2073668,247441604.18,5.9702,1.0028,0,0
2020-12-29,sz.002975,120.05,121.6,108.77,108.92,4153696,464928469.82,11.9588,-9.8792,0,1
2020-12-30,sz.002975,107.96,111.8,106.0,110.66,1838643,201261519.54,5.2936,1.5975,0,0
2020-12-31,sz.002975,110.9,112.44,109.48,111.1,1528972,169576269.87,4.402,0.3976,0,0
2021-01-04,sz.002975,110.5,121.9,110.5,120.63,3002743,351266494.42,8.6451,8.5779,0,0
2021-01-05,sz.002975,120.01,123.5,115.5,122.92,3335635,401602170.78,9.6035,1.8984,0,0
2021-01-06,sz.002975,122.5,123.88,118.35,122.0,2212371,266776441.45,6.3696,-0.7485,0,0
2021-01-07,sz.002975,121.46,122.97,115.88,118.29,2409476,286271316.43,6.9371,-3.041,0,0
2021-01-08,sz.002975,118.18,122.42,116.15,119.71,2210400,264100653.03,6.3639,1.2004,0,0
2021-01-11,sz.002975,120.0,121.0,112.78,114.11,2419792,282130995.96,6.9668,-4.678,0,0
2021-01-12,sz.002975,114.11,117.97,111.5,116.65,1866502,214499632.12,5.3738,2.2259,0,0
2021-01-13,sz.002975,117.17,128.32,115.6,128.32,4259902,528569374.64,12.2646,10.0043,1,0
2021-01-14,sz.002975,129.97,136.0,128.24,129.99,4629059,610631187.41,13.3274,1.3014,0,0
2021-01-15,sz.002975,131.17,133.0,122.81,129.74,3386759,431104810.05,9.7507,-0.1923,0,0
2021-01-18,sz.002975,116.77,119.5,116.77,116.77,4459038,521574561.55,12.8379,-9.9969,0,1
2021-01-19,sz.002975,114.6,116.94,107.88,108.63,5108012,571151823.4,14.7063,-6.971,0,0
2021-01-20,sz.002975,107.0,109.8,104.75,108.48,2392234,255805132.84,6.8874,-0.1381,0,0
2021-01-21,sz.002975,107.5,109.8,105.64,107.02,1990896,213783927.94,5.7319,-1.3459,0,0
2021-01-22,sz.002975,106.6,107.88,101.2,103.14,2981800,309981485.28,8.5848,-3.6255,0,0
2021-01-25,sz.002975,100.33,101.5,97.62,99.22,2941332,292572283.82,8.4683,-3.8007,0,0
2021-01-26,sz.002975,99.22,102.92,97.88,102.72,2381060,239073133.0,6.8552,3.5275,0,0
2021-01-27,sz.002975,101.69,102.46,99.12,99.4,1621640,162377138.2,4.6688,-3.2321,0,0
2021-01-28,sz.002975,98.0,99.3,93.7,93.85,1948147,187161092.59,5.6089,-5.5835,0,0
2021-01-29,sz.002975,94.0,94.98,89.5,90.38,2233926,204548130.0,6.4316,-3.6974,0,0
2021-02-01,sz.002975,90.4,91.64,89.22,90.8,1312912,118742418.09,3.78,0.4647,0,0
2021-02-02,sz.002975,91.0,93.51,90.3,91.6,1536919,140740866.66,4.4249,0.8811,0,0
2021-02-03,sz.002975,91.0,94.5,88.93,92.9,1899277,173911861.81,5.4682,1.4192,0,0
2021-02-04,sz.002975,92.87,92.87,89.28,89.45,1324383,119586234.02,3.813,-3.7137,0,0
2021-02-05,sz.002975,89.45,92.5,89.45,90.7,1429490,130292834.98,3.6716,1.3974,0,0
2021-02-08,sz.002975,91.39,98.04,91.3,95.9,1866226,178351099.86,4.7934,5.7332,0,0
2021-02-09,sz.002975,96.79,98.6,96.18,97.0,1467667,143214547.1,3.7697,1.147,0,0
2021-02-10,sz.002975,97.74,97.8,95.0,95.18,1318215,126315681.93,3.3858,-1.8763,0,0
2021-02-18,sz.002975,96.99,97.2,94.5,95.1,1242200,118806247.0,3.1906,-0.0841,0,0
2021-02-19,sz.002975,95.08,95.1,91.5,94.05,1258378,117126105.86,3.2321,-1.1041,0,0
2021-02-22,sz.002975,94.0,99.99,94.0,97.88,1884767,184487625.26,4.841,4.0723,0,0
2021-02-23,sz.002975,98.0,101.8,95.77,100.02,2086738,207981555.46,5.3598,2.1864,0,0
2021-02-24,sz.002975,99.88,101.99,98.0,99.0,1613619,161524903.18,4.1446,-1.0198,0,0
2021-02-25,sz.002975,99.87,104.8,98.0,103.54,2292042,233722012.11,5.8871,4.5859,0,0
2021-02-26,sz.002975,102.11,105.5,101.07,102.6,1538337,158630051.59,3.9512,-0.9079,0,0
2021-03-01,sz.002975,104.59,104.8,101.81,103.01,1160673,119656728.83,2.9812,0.3996,0,0
2021-03-02,sz.002975,103.04,103.5,100.31,102.57,1271500,129258991.6,3.2658,-0.4271,0,0
2021-03-03,sz.002975,102.35,103.41,101.46,102.13,724000,74091577.78,1.8596,-0.429,0,0
2021-03-04,sz.002975,101.0,102.09,97.06,97.8,1034700,102843009.98,2.6576,-4.2397,0,0
2021-03-05,sz.002975,97.15,102.0,96.38,100.8,922800,92079997.0,2.3702,3.0675,0,0
2021-03-08,sz.002975,101.71,101.99,96.46,96.95,1135542,111958962.31,2.9166,-3.8194,0,0
2021-03-09,sz.002975,95.6,96.52,89.55,90.95,1421500,130848504.0,3.6511,-6.1888,0,0
2021-03-10,sz.002975,91.87,93.06,90.61,91.53,782207,71733150.52,2.0091,0.6377,0,0
2021-03-11,sz.002975,92.15,93.5,90.8,92.98,658082,60832480.34,1.6903,1.5842,0,0
2021-03-12,sz.002975,93.99,93.99,91.5,91.89,675375,62532849.1,1.7347,-1.1723,0,0
2021-03-15,sz.002975,91.79,91.79,87.96,89.4,1078500,96659524.0,2.7701,-2.7098,0,0
2021-03-16,sz.002975,89.81,92.48,89.61,90.3,675087,61244965.58,1.734,1.0067,0,0
2021-03-17,sz.002975,90.0,91.4,89.2,90.8,579874,52472910.46,1.4894,0.5537,0,0
2021-03-18,sz.002975,90.81,92.5,90.81,91.0,622800,57006125.0,1.5997,0.2203,0,0
2021-03-19,sz.002975,89.78,91.9,88.9,89.71,721237,65170858.73,1.8525,-1.4176,0,0
2021-03-22,sz.002975,90.08,92.29,89.5,89.71,788400,71431559.4,2.025,0.0,0,0
2021-03-23,sz.002975,89.55,90.0,84.0,86.13,1665635,143575501.2,4.2782,-3.9906,0,0
2021-03-24,sz.002975,84.99,85.84,81.1,81.3,1356844,112066850.9,3.485,-5.6078,0,0
2021-03-25,sz.002975,80.06,82.29,80.06,81.32,647544,52708237.05,1.6632,0.0246,0,0
2021-03-26,sz.002975,81.85,84.78,81.03,84.26,911669,75833368.86,2.3416,3.6153,0,0
2021-03-29,sz.002975,84.5,85.56,83.0,84.2,666080,56163513.8,1.7108,-0.0712,0,0
2021-03-30,sz.002975,84.32,85.25,83.88,84.91,556400,47021851.0,1.4291,0.8432,0,0
2021-03-31,sz.002975,84.5,84.5,82.91,83.54,529300,44211075.0,1.3595,-1.6135,0,0
2021-04-01,sz.002975,84.0,87.88,83.12,87.37,954900,82616675.0,2.4526,4.5846,0,0
2021-04-02,sz.002975,87.33,90.7,86.96,90.12,907500,81326950.0,2.3309,3.1475,0,0
2021-04-06,sz.002975,90.31,91.1,89.0,89.69,618401,55594765.8,1.5884,-0.4771,0,0
2021-04-07,sz.002975,89.98,90.42,88.86,90.05,590908,52996737.98,1.5177,0.4014,0,0
2021-04-08,sz.002975,90.04,92.75,88.7,91.17,868514,78950977.34,2.2308,1.2438,0,0
2021-04-09,sz.002975,91.53,91.8,89.15,90.0,567158,51040991.56,1.4567,-1.2833,0,0
2021-04-12,sz.002975,89.0,90.69,86.6,87.01,672538,58991299.52,1.7274,-3.3222,0,0
2021-04-13,sz.002975,86.98,87.83,85.18,86.87,789500,68332398.0,2.0278,-0.1609,0,0
2021-04-14,sz.002975,86.14,89.99,86.0,88.0,779933,68801399.05,2.0032,1.3008,0,0
2021-04-15,sz.002975,88.88,90.8,86.71,90.35,865072,77330919.48,2.2219,2.6705,0,0
2021-04-16,sz.002975,90.35,91.55,88.5,90.77,710545,64065757.58,1.825,0.4649,0,0
2021-04-19,sz.002975,90.2,93.68,90.19,93.35,1036349,95880999.41,2.6619,2.8423,0,0
2021-04-20,sz.002975,91.88,93.18,88.88,91.5,1235283,112483549.13,3.1728,-1.9818,0,0
2021-04-21,sz.002975,90.81,90.82,88.18,88.88,948876,84425954.76,2.4372,-2.8634,0,0
2021-04-22,sz.002975,88.73,89.77,88.26,89.35,612996,54583274.36,1.5745,0.5288,0,0
2021-04-23,sz.002975,88.65,90.15,86.98,87.48,786400,69358081.9,2.0199,-2.0929,0,0
2021-04-26,sz.002975,87.03,88.18,85.4,85.9,954620,82723048.48,2.4519,-1.8061,0,0
2021-04-27,sz.002975,86.1,86.11,82.98,83.2,1004114,83869039.28,2.5791,-3.1432,0,0
2021-04-28,sz.002975,82.55,85.4,82.01,85.01,705040,59301412.8,1.8109,2.1755,0,0
2021-04-29,sz.002975,84.74,86.2,83.6,84.29,577940,48873573.14,1.4844,-0.847,0,0
2021-04-30,sz.002975,83.72,84.16,80.2,80.95,1645319,133613116.38,4.226,-3.9625,0,0
2021-05-06,sz.002975,80.7,81.91,78.66,81.72,1436309,115562216.34,3.6891,0.9512,0,0
2021-05-07,sz.002975,81.26,83.58,80.0,80.08,998347,81811609.79,2.5642,-2.0069,0,0
2021-05-10,sz.002975,79.79,80.08,75.54,75.9,1301553,100190423.06,3.343,-5.2198,0,0
2021-05-11,sz.002975,75.9,76.7,74.1,75.93,755493,57092370.0,1.9405,0.0395,0,0
2021-05-12,sz.002975,75.99,76.26,73.0,74.23,1165970,86368787.84,2.9948,-2.2389,0,0
2021-05-13,sz.002975,74.19,74.8,73.2,73.48,609105,44893958.07,1.5645,-1.0104,0,0
2021-05-14,sz.002975,73.47,75.3,73.2,75.15,801135,59464072.76,2.0577,2.2727,0,0
2021-05-17,sz.002975,75.14,79.28,75.01,79.07,1229878,96252331.21,3.1589,5.2162,0,0
2021-05-18,sz.002975,78.56,80.3,77.81,78.73,675493,53168626.83,1.735,-0.43,0,0
2021-05-19,sz.002975,78.31,79.75,78.09,78.71,527008,41584762.64,1.3536,-0.0254,0,0
2021-05-20,sz.002975,79.12,80.27,78.77,79.45,580928,46123256.71,1.4921,0.9402,0,0
2021-05-21,sz.002975,79.46,79.77,77.8,78.85,529244,41632618.45,1.3594,-0.7552,0,0
2021-05-24,sz.002975,78.7,78.7,74.98,78.24,892282,68450826.91,2.2918,0.1536,0,0
2021-05-25,sz.002975,78.0,78.88,77.35,78.69,696731,54506303.75,1.7895,0.5752,0,0
2021-05-26,sz.002975,78.69,79.88,77.75,77.82,555433,43685686.24,1.4266,-1.1056,0,0
2021-05-27,sz.002975,77.83,81.05,77.83,80.84,1137439,90821018.43,2.9215,3.8808,0,0
2021-05-28,sz.002975,80.84,81.3,78.57,79.01,840429,66745909.2,2.1586,-2.2637,0,0
2021-05-31,sz.002975,79.41,80.58,78.66,80.51,796690,63716521.42,2.0463,1.8985,0,0
2021-06-01,sz.002975,82.0,84.7,81.36,82.94,1296418,108098153.15,3.3298,3.0183,0,0
2021-06-02,sz.002975,82.98,83.3,81.38,82.97,837248,69088355.37,2.1505,0.0362,0,0
2021-06-03,sz.002975,83.88,83.88,79.66,79.83,907050,73820524.0,2.3297,-3.7845,0,0
2021-06-04,sz.002975,79.5,81.25,78.79,79.99,603125,48157412.64,1.5491,0.2004,0,0
2021-06-07,sz.002975,79.8,80.43,78.43,78.8,622725,49325847.27,1.5995,-1.4877,0,0
2021-06-08,sz.002975,78.95,79.2,77.12,78.35,607044,47423184.1,1.5592,-0.5711,0,0
2021-06-09,sz.002975,78.16,78.62,76.8,77.0,548981,42612483.58,1.4101,-1.723,0,0
2021-06-10,sz.002975,76.77,77.88,75.83,77.38,695765,53464736.45,1.7871,0.4935,0,0
2021-06-11,sz.002975,77.51,77.51,75.0,75.75,783699,59452282.32,2.0129,-2.1065,0,0
2021-06-15,sz.002975,75.71,75.75,73.28,73.66,772462,57202618.6,1.9841,-2.7591,0,0
2021-06-16,sz.002975,73.67,75.41,72.47,72.75,721052,53222592.81,1.852,-1.2354,0,0
2021-06-17,sz.002975,73.0,77.5,72.88,77.49,1311683,99711270.53,3.369,6.5155,0,0
2021-06-18,sz.002975,77.52,78.93,76.34,77.51,764213,59256090.2,1.9629,0.0258,0,0
2021-06-21,sz.002975,77.1,81.25,77.1,79.87,922641,73555732.42,2.3698,3.0448,0,0
2021-06-22,sz.002975,80.41,82.78,78.68,81.2,1358700,110493592.94,3.4898,1.6652,0,0
2021-06-23,sz.002975,81.0,82.77,80.7,82.0,810269,66255936.11,2.0812,0.9852,0,0
2021-06-24,sz.002975,82.06,84.44,81.21,83.47,1200186,100114568.28,3.0827,1.7927,0,0
2021-06-25,sz.002975,83.38,87.23,82.61,84.79,1591024,134903537.56,4.0865,1.5814,0,0
2021-06-28,sz.002975,85.0,90.57,84.94,88.86,2269640,201704004.87,5.8295,4.8001,0,0
2021-06-29,sz.002975,89.1,89.28,85.88,86.21,1484628,129388441.48,3.8133,-2.9822,0,0
2021-06-30,sz.002975,86.57,90.0,86.57,88.0,1093456,96520136.92,2.8085,2.0763,0,0
2021-07-01,sz.002975,88.06,88.6,84.6,84.6,941150,80900055.43,2.4173,-3.8636,0,0
2021-07-02,sz.002975,84.57,89.53,84.43,87.15,1418602,123881224.82,3.6437,3.0142,0,0
2021-07-05,sz.002975,88.88,89.9,86.52,87.5,996220,87360446.47,2.5588,0.4016,0,0
2021-07-06,sz.002975,87.95,87.95,84.2,85.47,1091795,93498619.41,2.8043,-2.32,0,0
2021-07-07,sz.002975,85.28,86.51,82.66,83.36,1649508,138709774.56,4.2367,-2.4687,0,0
2021-07-08,sz.002975,84.26,84.97,81.4,83.46,1326045,110198159.96,3.4059,0.12,0,0
2021-07-09,sz.002975,83.18,84.36,81.64,83.55,873086,72658797.7,2.2425,0.1078,0,0
2021-07-12,sz.002975,83.58,86.38,82.27,85.1,1159175,97979942.89,2.9773,1.8552,0,0
2021-07-13,sz.002975,84.94,87.45,82.6,83.4,1053505,88705234.85,2.7059,-1.9976,0,0
2021-07-14,sz.002975,83.44,83.58,80.56,80.8,1141727,93172094.92,2.9325,-3.1175,0,0
2021-07-15,sz.002975,77.0,79.23,73.67,73.98,2814536,212425012.1,7.2291,-8.4406,0,0
2021-07-16,sz.002975,73.97,74.37,70.23,70.86,2289321,163357732.08,5.8801,-4.2174,0,0
2021-07-19,sz.002975,70.0,70.85,67.5,68.33,1895022,129896272.62,4.8673,-3.5704,0,0
2021-07-20,sz.002975,68.35,69.85,67.8,68.89,1176004,80763951.78,3.0206,0.8196,0,0
2021-07-21,sz.002975,68.88,71.88,68.69,71.8,1624238,114730675.77,4.1718,4.2241,0,0
2021-07-22,sz.002975,71.85,71.91,69.8,70.09,1091723,76932382.26,2.8041,-2.3816,0,0
2021-07-23,sz.002975,69.62,70.47,67.8,68.37,1057845,72384588.3,2.7171,-2.454,0,0
2021-07-26,sz.002975,68.02,68.36,65.35,67.0,1116994,74573749.84,2.869,-2.0038,0,0
2021-07-27,sz.002975,67.01,71.0,66.8,69.3,1627594,112254339.04,4.1805,3.4328,0,0
2021-07-28,sz.002975,68.26,69.0,65.4,66.54,1065671,70961525.83,2.7372,-3.9827,0,0
2021-07-29,sz.002975,67.22,68.5,66.55,68.0,812965,55097108.25,2.0881,2.1942,0,0
2021-07-30,sz.002975,68.03,68.6,67.41,68.47,796564,54257724.31,2.046,0.6912,0,0
2021-08-02,sz.002975,68.47,69.82,67.0,69.29,1093725,74658276.56,2.8092,1.1976,0,0
2021-08-03,sz.002975,69.49,71.5,69.36,70.01,1190477,83878227.09,3.0577,1.0391,0,0
2021-08-04,sz.002975,70.0,70.87,69.19,70.14,826641,57839858.96,2.1232,0.1857,0,0
2021-08-05,sz.002975,69.89,69.9,67.07,67.23,1170180,79379450.17,3.0056,-4.1488,0,0
2021-08-06,sz.002975,67.0,67.49,65.8,66.48,921741,61090292.18,2.3675,-1.1156,0,0
2021-08-09,sz.002975,67.01,68.84,66.07,67.99,1011705,68169575.19,2.5986,2.2714,0,0
2021-08-10,sz.002975,67.66,68.72,67.12,68.4,865353,58994221.52,2.2226,0.603,0,0
2021-08-11,sz.002975,68.68,68.68,67.09,67.33,886400,59861772.52,2.2767,-1.5643,0,0
2021-08-12,sz.002975,66.92,70.0,66.86,69.0,1271258,87447608.32,3.2652,2.4803,0,0
2021-08-13,sz.002975,69.02,69.5,68.02,68.35,790613,54086511.98,2.0307,-0.942,0,0
2021-08-16,sz.002975,67.86,69.7,67.0,68.6,768001,52543742.55,1.9726,0.3658,0,0
2021-08-17,sz.002975,68.6,68.8,66.53,66.88,1000300,67153855.0,2.5693,-2.5073,0,0
2021-08-18,sz.002975,66.88,67.18,65.48,65.51,846116,55871099.3,2.1732,-2.0484,0,0
2021-08-19,sz.002975,65.4,66.67,65.02,66.07,731199,48010766.87,1.8781,0.8548,0,0
2021-08-20,sz.002975,65.82,65.83,61.89,62.11,1448057,91081247.21,3.7193,-5.9936,0,0
2021-08-23,sz.002975,62.23,68.32,61.43,68.32,2558198,170497158.53,6.5707,9.9984,1,0
2021-08-24,sz.002975,67.92,67.92,64.05,65.1,2503562,163898347.76,6.4304,-4.7131,0,0
2021-08-25,sz.002975,66.0,66.0,62.6,64.15,1711171,108877659.47,4.3951,-1.4593,0,0
2021-08-26,sz.002975,63.51,70.55,62.88,69.0,3542396,238547439.7,9.0986,7.5604,0,0
2021-08-27,sz.002975,68.01,70.36,67.65,68.8,1978336,136528999.96,5.0813,-0.2899,0,0
2021-08-30,sz.002975,68.77,68.78,66.11,67.18,1474000,99269738.5,3.786,-2.3547,0,0
2021-08-31,sz.002975,67.18,67.5,64.8,65.0,1060911,69563850.09,2.7249,-3.245,0,0
2021-09-01,sz.002975,65.08,65.85,64.22,65.4,793521,51600049.64,2.0381,0.6154,0,0
2021-09-02,sz.002975,65.65,65.82,63.66,63.99,822213,52877162.45,2.1118,-2.156,0,0
2021-09-03,sz.002975,63.46,64.46,63.3,63.36,777077,49433093.35,1.9959,-0.9845,0,0
2021-09-06,sz.002975,64.0,64.36,62.89,64.36,697641,44386642.0,1.7919,1.5783,0,0
2021-09-07,sz.002975,64.37,64.37,63.2,64.16,611575,39057735.72,1.5708,-0.3108,0,0
2021-09-08,sz.002975,64.16,64.6,63.53,63.78,655859,41938438.54,1.6846,-0.5923,0,0
2021-09-09,sz.002975,63.59,63.59,62.32,62.53,843445,52866918.5,2.1664,-1.9599,0,0
2021-09-10,sz.002975,62.08,62.88,62.02,62.44,665732,41482820.66,1.7099,-0.1439,0,0
2021-09-13,sz.002975,62.15,62.44,61.01,61.14,896125,55052251.05,2.3017,-2.082,0,0
2021-09-14,sz.002975,61.0,61.74,60.82,61.11,667740,40906095.68,1.7151,-0.0491,0,0
2021-09-15,sz.002975,60.99,60.99,58.63,58.63,1209349,71880996.12,3.1062,-4.0583,0,0
2021-09-16,sz.002975,58.94,59.0,55.55,55.61,1401015,79668252.7,3.5985,-5.1509,0,0
2021-09-17,sz.002975,55.54,55.54,53.68,55.11,1193019,65014714.03,3.0643,-0.8991,0,0
2021-09-22,sz.002975,54.95,55.2,54.11,54.84,480400,26296733.0,1.2339,-0.4899,0,0
2021-09-23,sz.002975,55.12,57.45,54.87,56.49,898965,50376031.95,2.309,3.0088,0,0
2021-09-24,sz.002975,56.51,56.95,55.31,55.75,475300,26624508.0,1.2208,-1.31,0,0
2021-09-27,sz.002975,56.2,56.43,54.55,54.7,497800,27467261.0,1.2786,-1.8834,0,0
2021-09-28,sz.002975,54.87,54.96,53.83,53.93,387400,21013622.0,0.995,-1.4077,0,0
2021-09-29,sz.002975,53.61,53.84,50.0,51.65,603717,31552382.52,1.5506,-4.2277,0,0
2021-09-30,sz.002975,51.61,53.73,51.61,53.58,572841,30372060.63,1.4713,3.7367,0,0
2021-10-08,sz.002975,54.5,54.71,53.75,54.19,345919,18769423.06,0.8885,1.1385,0,0
2021-10-11,sz.002975,54.08,54.79,54.01,54.44,232400,12644427.0,0.5969,0.4613,0,0
2021-10-12,sz.002975,54.78,54.78,52.61,53.32,357900,19088601.0,0.9193,-2.0573,0,0
2021-10-13,sz.002975,53.31,53.78,52.51,53.64,239800,12750775.0,0.6159,0.6002,0,0
2021-10-14,sz.002975,53.81,54.71,53.15,54.12,243300,13169346.0,0.6249,0.8949,0,0
2021-10-15,sz.002975,54.12,54.44,53.22,53.6,266200,14285839.0,0.6837,-0.9608,0,0
2021-10-18,sz.002975,53.61,53.69,52.0,52.33,366046,19159470.66,0.9402,-2.3694,0,0
2021-10-19,sz.002975,52.01,53.2,51.78,52.4,370411,19395482.85,0.9514,0.1338,0,0
2021-10-20,sz.002975,52.4,52.89,51.62,51.79,302136,15694296.2,0.776,-1.1641,0,0
2021-10-21,sz.002975,51.79,52.1,50.83,51.18,350477,18010154.11,0.9002,-1.1778,0,0
2021-10-22,sz.002975,51.16,53.6,50.89,51.89,580115,30341260.3,1.49,1.3873,0,0
2021-10-25,sz.002975,51.5,52.49,50.0,52.49,471411,24024326.16,1.2108,1.1563,0,0
2021-10-26,sz.002975,52.06,54.61,52.02,54.3,979775,52567721.84,2.5165,3.4483,0,0
2021-10-27,sz.002975,54.0,54.1,52.0,52.6,658300,34759916.0,1.6908,-3.1308,0,0
2021-10-28,sz.002975,51.6,53.13,51.33,51.51,556215,28905990.1,1.4286,-2.0722,0,0
2021-10-29,sz.002975,51.13,52.0,50.81,51.3,408600,20971072.0,1.0495,-0.4077,0,0
2021-11-01,sz.002975,51.66,51.78,50.93,51.4,418420,21493558.0,1.0747,0.1949,0,0
2021-11-02,sz.002975,51.4,53.98,51.29,51.98,867211,45690966.78,2.2274,1.1284,0,0
2021-11-03,sz.002975,52.2,57.18,52.2,57.18,1819007,103697644.39,4.6721,10.0038,1,0
2021-11-04,sz.002975,59.0,59.83,56.41,57.88,3014980,174496829.01,7.7439,1.2242,0,0
2021-11-05,sz.002975,56.56,58.46,56.54,57.02,1422200,81556037.77,3.6529,-1.4858,0,0
2021-11-08,sz.002975,56.36,57.58,55.04,55.78,1372524,76547282.1,3.5253,-2.1747,0,0
2021-11-09,sz.002975,55.3,56.79,55.3,56.15,806100,45221196.0,2.0705,0.6633,0,0
2021-11-10,sz.002975,56.2,58.2,55.18,58.1,1837718,104874802.85,4.7202,3.4728,0,0
2021-11-11,sz.002975,58.15,58.55,56.71,58.15,1313575,75730221.27,3.3739,0.0861,0,0
2021-11-12,sz.002975,57.68,63.97,57.28,63.97,3684817,229084434.65,9.4644,10.0086,1,0
2021-11-15,sz.002975,64.0,67.5,63.97,66.42,4519323,299620221.73,11.6078,3.8299,0,0
2021-11-16,sz.002975,65.1,65.73,63.26,64.79,2540776,163243622.53,6.526,-2.4541,0,0
2021-11-17,sz.002975,63.68,64.48,62.8,64.21,1706235,108862363.14,4.3824,-0.8952,0,0
2021-11-18,sz.002975,64.3,64.31,62.02,62.31,1407262,88162120.74,3.6145,-2.959,0,0
2021-11-19,sz.002975,62.31,63.89,62.0,62.71,1119220,70209828.18,2.8747,0.642,0,0
2021-11-22,sz.002975,59.46,63.0,59.24,62.35,1300695,80209307.52,3.3408,-0.5741,0,0
2021-11-23,sz.002975,61.99,63.48,61.8,62.4,1112472,69559776.28,2.8574,0.0802,0,0
2021-11-24,sz.002975,62.41,65.47,61.4,64.4,1869215,120416506.51,4.8011,3.2051,0,0
2021-11-25,sz.002975,64.4,64.4,62.86,63.18,966039,61343140.58,2.4813,-1.8944,0,0
2021-11-26,sz.002975,62.64,63.88,61.51,63.24,769700,48167599.0,1.977,0.095,0,0
2021-11-29,sz.002975,62.13,62.98,61.7,61.98,905050,56311430.7,2.3246,-1.9924,0,0
2021-11-30,sz.002975,61.98,63.5,61.98,62.48,742116,46456937.17,1.9061,0.8067,0,0
2021-12-01,sz.002975,62.4,62.91,61.25,61.41,960016,59386821.32,2.4658,-1.7125,0,0
2021-12-02,sz.002975,61.21,61.27,57.58,57.99,1705514,100394509.03,4.3806,-5.5691,0,0
2021-12-03,sz.002975,57.92,59.82,57.3,58.85,938629,55256333.85,2.4109,1.483,0,0
2021-12-06,sz.002975,58.94,59.5,57.5,57.51,772141,44847067.44,1.9832,-2.277,0,0
2021-12-07,sz.002975,57.5,58.48,56.1,56.66,692161,39385555.61,1.7778,-1.478,0,0
2021-12-08,sz.002975,56.69,57.87,56.01,57.79,570192,32708257.1,1.4645,1.9944,0,0
2021-12-09,sz.002975,57.98,60.44,57.87,60.09,1365042,81386089.7,3.5061,3.9799,0,0
2021-12-10,sz.002975,60.33,60.8,58.61,59.01,989864,58955376.61,2.5425,-1.7973,0,0
2021-12-13,sz.002975,58.98,59.54,58.01,58.25,769424,44984071.36,1.9763,-1.2879,0,0
2021-12-14,sz.002975,58.25,59.49,58.25,59.14,760076,44789591.04,1.9522,1.5279,0,0
2021-12-15,sz.002975,59.31,59.48,58.3,58.58,635311,37338053.7,1.6318,-0.9469,0,0
2021-12-16,sz.002975,58.69,59.58,58.44,59.17,535919,31576247.2,1.3765,1.0072,0,0
2021-12-17,sz.002975,59.17,59.51,56.99,57.26,940800,54475725.05,2.4164,-3.228,0,0
2021-12-20,sz.002975,57.31,58.16,56.52,56.55,621604,35492623.57,1.5966,-1.24,0,0
2021-12-21,sz.002975,56.55,56.98,55.55,55.78,676620,37843687.23,1.7379,-1.3616,0,0
2021-12-22,sz.002975,56.2,58.59,55.91,57.59,998398,57019396.96,2.5644,3.2449,0,0
2021-12-23,sz.002975,58.4,62.0,57.61,60.77,2381266,144784508.38,6.1163,5.5218,0,0
2021-12-24,sz.002975,61.99,62.67,60.77,61.83,2351682,145590369.93,6.0403,1.7443,0,0
2021-12-27,sz.002975,61.34,61.98,60.33,61.29,1146273,70166099.42,2.9442,-0.8734,0,0
2021-12-28,sz.002975,61.22,64.98,61.2,64.28,2245718,143162589.58,5.7681,4.8784,0,0
2021-12-29,sz.002975,64.83,64.83,63.0,63.68,1523464,97327875.92,3.913,-0.9334,0,0
2021-12-30,sz.002975,63.68,64.5,63.31,63.88,1096043,69936085.66,2.8152,0.3141,0,0
2021-12-31,sz.002975,63.87,64.3,63.18,63.52,753255,48042547.02,1.9347,-0.5636,0,0
2022-01-04,sz.002975,63.82,66.0,61.66,64.9,1467754,93857029.48,3.7699,2.1725,0,0
2022-01-05,sz.002975,64.9,65.35,63.45,64.2,903294,58073186.35,2.3201,-1.0786,0,0
2022-01-06,sz.002975,64.22,64.22,62.1,62.38,722749,45288209.38,1.8564,-2.8349,0,0
2022-01-07,sz.002975,62.0,62.88,61.5,61.64,625270,38798416.5,1.606,-1.1863,0,0
2022-01-10,sz.002975,61.61,66.99,61.5,64.99,1656966,107704937.35,4.2559,5.4348,0,0
2022-01-11,sz.002975,64.99,65.95,64.22,65.1,967949,63147782.32,2.4862,0.1693,0,0
2022-01-12,sz.002975,65.64,66.6,64.39,65.11,781922,51321278.88,2.0084,0.0154,0,0
2022-01-13,sz.002975,65.37,65.38,63.08,63.2,777222,49755719.2,1.9963,-2.9335,0,0
2022-01-14,sz.002975,63.0,66.49,63.0,64.98,938752,61183592.76,2.4112,2.8165,0,0
2022-01-17,sz.002975,65.32,65.96,64.18,64.35,761150,49213753.6,1.955,-0.9695,0,0
2022-01-18,sz.002975,64.35,65.24,63.06,63.19,675110,43048774.56,1.734,-1.8026,0,0
2022-01-19,sz.002975,63.11,63.94,62.2,63.15,473809,29911256.04,1.217,-0.0633,0,0
2022-01-20,sz.002975,63.44,63.44,61.23,61.54,575500,35663245.66,1.4782,-2.5495,0,0
2022-01-21,sz.002975,61.61,61.85,58.67,59.82,795080,47550040.28,2.0422,-2.7949,0,0
2022-01-24,sz.002975,59.28,59.87,58.36,58.85,489798,28900220.3,1.258,-1.6215,0,0
2022-01-25,sz.002975,59.09,60.19,56.82,56.97,570200,33211496.0,1.4646,-3.1946,0,0
2022-01-26,sz.002975,57.01,58.68,57.01,58.6,449290,26160314.2,1.154,2.8612,0,0
2022-01-27,sz.002975,58.61,58.61,55.12,55.29,627233,35327556.96,1.611,-5.6485,0,0
2022-01-28,sz.002975,55.49,55.95,54.76,54.88,473800,26183757.0,1.2169,-0.7415,0,0
2022-02-07,sz.002975,55.98,56.31,55.18,55.42,334539,18582979.6,0.8593,0.984,0,0
2022-02-08,sz.002975,55.51,57.65,55.34,57.15,474125,26965355.1,1.2178,3.1216,0,0
2022-02-09,sz.002975,57.0,57.56,56.4,57.32,260600,14892687.0,0.6693,0.2975,0,0
2022-02-10,sz.002975,58.27,58.52,56.5,56.87,349252,19905100.75,0.897,-0.7851,0,0
2022-02-11,sz.002975,56.0,56.8,54.54,54.92,504417,27931929.92,1.2956,-3.4289,0,0
2022-02-14,sz.002975,54.15,55.18,53.5,53.95,373039,20184722.58,0.9581,-1.7662,0,0
2022-02-15,sz.002975,54.31,55.2,54.0,54.5,289363,15786232.9,0.7432,1.0195,0,0
2022-02-16,sz.002975,54.53,55.49,54.53,54.98,227994,12544152.66,0.5856,0.8807,0,0
2022-02-17,sz.002975,54.99,55.4,54.37,54.7,279800,15360115.0,0.7187,-0.5093,0,0
2022-02-18,sz.002975,54.26,54.86,54.2,54.77,232031,12668321.88,0.596,0.128,0,0
2022-02-21,sz.002975,54.77,56.46,54.28,56.1,509469,28243227.49,1.3086,2.4283,0,0
2022-02-22,sz.002975,56.1,56.1,53.76,54.54,626026,34068308.02,1.6079,-2.7807,0,0
2022-02-23,sz.002975,54.54,56.54,54.4,56.18,618192,34611996.54,1.5878,3.007,0,0
2022-02-24,sz.002975,55.6,57.29,54.33,55.5,771538,43052126.22,1.9817,-1.2104,0,0
2022-02-25,sz.002975,56.13,56.78,55.08,56.34,521780,29255138.0,1.3402,1.5135,0,0
2022-02-28,sz.002975,55.88,56.41,54.6,55.38,460600,25460257.0,1.183,-1.7039,0,0
2022-03-01,sz.002975,55.7,55.7,54.76,55.04,317147,17452260.0,0.8146,-0.6139,0,0
2022-03-02,sz.002975,55.3,55.3,54.5,54.7,320300,17505355.0,0.8227,-0.6177,0,0
2022-03-03,sz.002975,55.0,55.0,52.32,52.6,1093157,58057823.0,2.8078,-3.8391,0,0
2022-03-04,sz.002975,52.0,53.0,51.66,52.03,493372,25735360.0,1.2672,-1.0837,0,0
2022-03-07,sz.002975,52.03,52.03,50.0,50.2,623100,31466545.0,1.6004,-3.5172,0,0
2022-03-08,sz.002975,50.33,50.95,46.6,46.9,1205872,57997251.0,3.0973,-6.5737,0,0
2022-03-09,sz.002975,46.89,47.29,43.67,46.09,1232154,56198225.0,3.1648,-1.7271,0,0
2022-03-10,sz.002975,46.85,47.26,45.11,45.58,783669,36146426.0,2.0128,-1.1065,0,0
2022-03-11,sz.002975,45.0,45.68,43.68,45.49,760597,33954562.0,1.9536,-0.1975,0,0
2022-03-14,sz.002975,45.5,45.5,44.0,44.01,712735,31665113.0,1.8307,-3.2535,0,0
2022-03-15,sz.002975,43.85,44.0,41.3,41.36,712970,30513102.0,1.8313,-6.0214,0,0
2022-03-16,sz.002975,42.44,43.37,41.04,43.3,795800,33719208.0,2.044,4.6905,0,0
2022-03-17,sz.002975,43.68,44.6,43.59,43.63,725148,31856685.0,1.8625,0.7621,0,0
2022-03-18,sz.002975,43.39,43.68,43.0,43.45,435048,18838221.84,1.1174,-0.4126,0,0
2022-03-21,sz.002975,45.0,46.18,43.8,44.1,1212213,54302320.84,3.1136,1.496,0,0
2022-03-22,sz.002975,44.11,44.99,43.73,43.91,730788,32320778.8,1.877,-0.4308,0,0
2022-03-23,sz.002975,43.79,44.34,43.42,43.9,590716,25911671.4,1.5172,-0.0228,0,0
2022-03-24,sz.002975,43.84,43.84,42.5,42.6,894028,38249563.0,2.2963,-2.9613,0,0
2022-03-25,sz.002975,42.82,45.5,42.82,44.07,1112748,49307624.28,2.8581,3.4507,0,0
2022-03-28,sz.002975,44.07,44.78,42.6,42.89,799613,34660776.72,2.0538,-2.6776,0,0
2022-03-29,sz.002975,43.54,43.54,41.95,42.12,538917,22821771.18,1.3842,-1.7953,0,0
2022-03-30,sz.002975,42.2,42.96,41.9,42.93,543508,23103509.48,1.396,1.9231,0,0
2022-03-31,sz.002975,42.72,44.13,42.5,43.5,684700,29770510.0,1.7586,1.3277,0,0
2022-04-01,sz.002975,43.35,44.79,42.3,43.62,853468,37341589.64,2.1921,0.2759,0,0
2022-04-06,sz.002975,43.73,43.88,43.11,43.64,475380,20636060.71,1.221,0.0459,0,0
2022-04-07,sz.002975,43.2,43.37,42.4,42.69,398448,17083425.76,1.0234,-2.1769,0,0
2022-04-08,sz.002975,42.4,42.42,41.61,41.75,483584,20298455.52,1.2421,-2.2019,0,0
2022-04-11,sz.002975,41.69,41.75,39.6,39.7,546184,22063565.04,1.4029,-4.9102,0,0
2022-04-12,sz.002975,39.7,40.12,38.5,40.0,509608,20074057.8,1.3089,0.7557,0,0
2022-04-13,sz.002975,39.76,40.18,38.9,38.95,420100,16563874.0,1.079,-2.625,0,0
2022-04-14,sz.002975,39.65,39.79,38.81,39.49,401147,15780406.8,1.0303,1.3864,0,0
2022-04-15,sz.002975,39.43,39.43,38.5,38.77,355899,13845551.4,0.9141,-1.8232,0,0
2022-04-18,sz.002975,39.29,39.98,38.2,39.91,408400,16075119.0,1.049,2.9404,0,0
2022-04-19,sz.002975,39.91,40.66,39.22,39.39,454684,18085500.4,1.1679,-1.3029,0,0
2022-04-20,sz.002975,39.38,40.45,39.03,39.55,508456,20273776.0,1.306,0.4062,0,0
2022-04-21,sz.002975,39.22,40.2,38.38,38.44,495700,19427552.0,1.2732,-2.8066,0,0
2022-04-22,sz.002975,38.64,38.64,36.5,37.12,547600,20430204.0,1.4065,-3.4339,0,0
2022-04-25,sz.002975,37.1,37.1,33.66,34.1,678858,23785045.1,1.7436,-8.1358,0,0
2022-04-26,sz.002975,32.72,34.5,30.69,30.69,1271407,40131845.37,3.2656,-10.0,0,1
2022-04-27,sz.002975,28.94,30.69,28.3,30.61,1468138,43130523.64,3.7709,-0.2607,0,0
2022-04-28,sz.002975,29.97,30.59,29.0,29.85,1048564,31236345.36,2.6932,-2.4828,0,0
2022-04-29,sz.002975,30.0,32.82,30.0,32.29,1309100,41595059.0,3.3624,8.1742,0,0
2022-05-05,sz.002975,32.63,32.93,31.37,32.75,738900,24011826.0,1.8979,1.4246,0,0
2022-05-06,sz.002975,32.12,33.32,31.45,32.75,573500,18775199.0,1.473,0.0,0,0
2022-05-09,sz.002975,32.78,33.28,32.27,32.56,454872,14889688.52,1.1683,-0.5802,0,0
2022-05-10,sz.002975,32.05,33.59,31.89,33.41,618108,20443628.32,1.5876,2.6106,0,0
2022-05-11,sz.002975,33.58,35.42,33.3,34.11,794951,27510584.58,2.0418,2.0952,0,0
2022-05-12,sz.002975,34.05,34.54,33.64,34.2,441405,15044287.04,1.1337,0.2639,0,0
2022-05-13,sz.002975,34.21,35.27,33.83,34.11,424414,14497889.54,1.0901,-0.2632,0,0
2022-05-16,sz.002975,34.65,35.4,34.3,34.4,647900,22497446.0,1.6641,0.8502,0,0
2022-05-17,sz.002975,34.4,34.64,33.79,34.32,370358,12645839.5,0.9513,-0.2326,0,0
2022-05-18,sz.002975,34.33,34.98,34.14,34.5,386200,13380956.0,0.992,0.5245,0,0
2022-05-19,sz.002975,34.01,34.69,33.88,34.6,394972,13563244.28,1.0145,0.2899,0,0
2022-05-20,sz.002975,34.6,35.69,34.6,35.26,496579,17414741.25,1.2755,1.9075,0,0
2022-05-23,sz.002975,35.36,35.49,34.88,35.4,424917,14965460.1,1.0914,0.3971,0,0
2022-05-24,sz.002975,35.4,35.74,33.52,33.52,627300,21608050.0,1.6112,-5.3107,0,0
2022-05-25,sz.002975,33.61,34.4,33.18,33.59,445767,14979740.25,1.1449,0.2088,0,0
2022-05-26,sz.002975,33.94,33.94,32.45,33.45,537679,17830037.49,1.381,-0.4168,0,0
2022-05-27,sz.002975,33.47,34.78,32.98,33.35,741200,25107399.21,1.9038,-0.299,0,0
2022-05-30,sz.002975,33.56,33.88,32.88,33.74,534917,17889864.08,1.3739,1.1694,0,0
2022-05-31,sz.002975,33.83,36.0,33.53,35.55,1328066,46367994.33,3.4111,5.3646,0,0
2022-06-01,sz.002975,35.51,35.51,34.4,34.5,1206668,42068582.16,3.0993,-2.9536,0,0
2022-06-02,sz.002975,34.53,36.36,34.53,36.1,1467200,52276714.0,3.7685,4.6377,0,0
2022-06-06,sz.002975,36.18,36.92,36.0,36.47,1129700,41175897.0,2.9016,1.0249,0,0
2022-06-07,sz.002975,36.49,36.57,35.51,35.75,761800,27338932.0,1.9567,-1.9742,0,0
2022-06-08,sz.002975,35.75,36.17,34.78,35.29,973930,34487260.0,2.5015,-1.2867,0,0
2022-06-09,sz.002975,35.2,35.2,33.88,34.22,790000,27180824.0,2.0291,-3.032,0,0
2022-06-10,sz.002975,34.0,34.39,33.67,34.17,857385,29236429.45,2.2022,-0.1461,0,0
2022-06-13,sz.002975,33.68,34.71,33.47,34.19,815076,27824530.76,2.0935,1.094,0,0
2022-06-14,sz.002975,34.13,34.13,32.4,33.69,886289,29336169.09,2.2764,-1.4624,0,0
2022-06-15,sz.002975,33.69,34.65,33.46,34.1,860506,29446405.76,2.2102,1.217,0,0
2022-06-16,sz.002975,34.1,36.3,34.1,35.42,1306000,46386874.0,3.3544,3.871,0,0
2022-06-17,sz.002975,35.52,35.67,34.56,35.35,893200,31373779.0,2.2942,-0.1976,0,0
2022-06-20,sz.002975,35.47,37.2,35.2,37.18,1564636,57380291.2,4.0187,5.1768,0,0
2022-06-21,sz.002975,37.2,37.6,36.55,37.0,989521,36617350.95,2.5416,-0.4841,0,0
2022-06-22,sz.002975,37.0,37.0,35.52,35.7,860000,31104862.53,2.2089,-3.5135,0,0
2022-06-23,sz.002975,35.69,36.86,35.64,36.75,963700,35021123.0,2.4753,2.9412,0,0
2022-06-24,sz.002975,36.77,37.36,36.6,37.13,792410,29338262.16,2.0353,1.034,0,0
2022-06-27,sz.002975,37.15,38.0,36.84,37.8,942432,35337427.12,2.4206,1.8045,0,0
2022-06-28,sz.002975,37.62,39.38,37.05,38.97,1410293,54458406.23,3.6223,3.0952,0,0
2022-06-29,sz.002975,39.14,39.45,37.95,37.95,1512644,58420169.2,3.8852,-2.6174,0,0
2022-06-30,sz.002975,37.96,39.18,37.96,38.25,1138500,43860091.07,2.9242,0.7905,0,0
2022-07-01,sz.002975,38.0,38.17,37.36,37.5,785401,29556526.79,2.0173,-1.9608,0,0
2022-07-04,sz.002975,37.95,38.3,36.64,37.28,681606,25327352.5,1.7507,-0.5867,0,0
2022-07-05,sz.002975,37.3,37.9,36.22,36.65,679961,25034181.49,1.7465,-1.6899,0,0
2022-07-06,sz.002975,36.59,37.5,36.06,36.6,645200,23778919.0,1.6572,-0.1364,0,0
2022-07-07,sz.002975,37.14,37.5,36.2,36.48,648175,23790078.25,1.6648,-0.3279,0,0
2022-07-08,sz.002975,36.28,37.79,36.28,37.42,1132200,42272387.68,2.908,2.5768,0,0
2022-07-11,sz.002975,37.37,38.1,36.32,36.6,1127362,41847588.52,2.8956,-2.1913,0,0
2022-07-12,sz.002975,36.62,36.76,34.75,34.78,1047029,37042575.27,2.6893,-4.9727,0,0
2022-07-13,sz.002975,34.78,35.46,34.5,35.12,554161,19345279.04,1.4233,0.9776,0,0
2022-07-14,sz.002975,35.0,37.3,35.0,36.98,1125098,41066218.04,2.8898,5.2961,0,0
2022-07-15,sz.002975,36.83,37.19,36.08,36.08,565198,20622736.82,1.4517,-2.4337,0,0
2022-07-18,sz.002975,36.15,37.0,36.02,36.98,590617,21590040.93,1.517,2.4945,0,0
2022-07-19,sz.002975,36.9,37.4,36.76,37.32,558074,20739354.8,1.4334,0.9194,0,0
2022-07-20,sz.002975,38.0,38.0,36.84,37.55,530000,19796530.6,1.3613,0.6163,0,0
2022-07-21,sz.002975,37.61,38.5,37.45,37.9,732496,27826280.52,1.8814,0.9321,0,0
2022-07-22,sz.002975,37.82,38.08,36.91,37.16,559994,20973713.46,1.4383,-1.9525,0,0
2022-07-25,sz.002975,37.15,37.91,36.93,37.39,647300,24244393.68,1.6626,0.6189,0,0
2022-07-26,sz.002975,37.29,37.8,36.12,37.12,533600,19652203.0,1.3705,-0.7221,0,0
2022-07-27,sz.002975,36.89,38.5,36.77,38.34,1115051,42344306.04,2.864,3.2866,0,0
2022-07-28,sz.002975,38.48,41.12,37.91,40.51,2643576,105813434.25,6.79,5.6599,0,0
2022-07-29,sz.002975,40.46,42.5,39.5,42.13,3803208,155797163.08,9.7684,3.999,0,0
2022-08-01,sz.002975,43.0,43.0,40.51,41.0,3085965,127094807.68,7.9262,-2.6822,0,0
2022-08-02,sz.002975,40.9,45.1,38.98,45.1,5430136,236897618.94,13.9472,10.0,1,0
2022-08-03,sz.002975,47.27,49.61,45.08,45.6,8118437,388831866.58,20.852,1.1086,0,0
2022-08-04,sz.002975,43.02,48.99,41.61,46.96,5812762,254861342.18,14.9299,2.9825,0,0
2022-08-05,sz.002975,45.24,46.09,44.03,44.37,3745488,168504218.43,9.6202,-5.5153,0,0
2022-08-08,sz.002975,44.14,45.0,42.66,44.7,2486629,109207162.11,6.3868,0.7437,0,0
2022-08-09,sz.002975,44.0,46.36,43.69,44.25,2365847,106119530.79,6.0766,-1.0067,0,0
2022-08-10,sz.002975,43.88,45.36,42.86,44.59,2222468,97992442.77,5.7083,0.7684,0,0
2022-08-11,sz.002975,44.16,44.88,43.5,44.53,2279905,100928926.83,5.8559,-0.1346,0,0
2022-08-12,sz.002975,45.57,47.95,44.28,44.3,3185091,146577294.0,8.1808,-0.5165,0,0
2022-08-15,sz.002975,43.1,43.84,42.0,43.07,1950438,84115513.69,5.0096,-2.7765,0,0
2022-08-16,sz.002975,43.19,44.38,42.7,43.41,1513602,65936678.27,3.8876,0.7894,0,0
2022-08-17,sz.002975,43.09,45.98,42.8,45.4,2702972,120050356.02,6.9425,4.5842,0,0
2022-08-18,sz.002975,45.42,48.36,45.42,47.26,3643224,171493951.44,9.3575,4.0969,0,0
2022-08-19,sz.002975,46.94,47.2,44.3,44.41,2389332,108995548.28,6.1369,-6.0305,0,0
2022-08-22,sz.002975,44.7,46.03,43.21,43.83,1685369,74127461.8,4.3288,-1.306,0,0
2022-08-23,sz.002975,43.83,43.83,41.91,42.46,1994045,85172973.6,5.1216,-3.1257,0,0
2022-08-24,sz.002975,42.57,42.57,39.83,39.83,1949715,79337970.17,5.0078,-6.1941,0,0
2022-08-25,sz.002975,39.83,40.27,37.86,38.34,1382668,53322711.68,3.5513,-3.7409,0,0
2022-08-26,sz.002975,38.5,38.91,37.65,37.86,1119328,42855977.24,2.875,-1.252,0,0
2022-08-29,sz.002975,36.94,38.1,36.58,37.32,840551,31455750.4,2.1589,-1.4263,0,0
2022-08-30,sz.002975,38.21,41.0,37.6,39.5,1642807,64545154.49,4.2195,5.8414,0,0
2022-08-31,sz.002975,39.13,39.9,38.01,38.45,1038100,40179512.64,2.6663,-2.6582,0,0
2022-09-01,sz.002975,38.62,38.98,38.1,38.36,777574,29925386.16,1.9972,-0.2341,0,0
2022-09-02,sz.002975,38.36,39.2,38.2,39.0,577979,22422137.55,1.4845,1.6684,0,0
2022-09-05,sz.002975,39.0,39.28,38.51,39.15,568768,22077666.12,1.4609,0.3846,0,0
2022-09-06,sz.002975,39.08,39.5,38.11,38.84,613150,23645650.83,1.5749,-0.7918,0,0
2022-09-07,sz.002975,38.65,39.7,38.3,39.17,597443,23450695.91,1.5345,0.8496,0,0
2022-09-08,sz.002975,39.15,39.23,37.97,38.06,665905,25615925.9,1.7104,-2.8338,0,0
2022-09-09,sz.002975,38.35,38.36,37.38,37.94,404555,15241403.59,1.0391,-0.3153,0,0
2022-09-13,sz.002975,38.3,38.8,38.01,38.17,325600,12469112.0,0.8363,0.6062,0,0
2022-09-14,sz.002975,37.65,37.96,37.05,37.56,418147,15659942.35,1.074,-1.5981,0,0
2022-09-15,sz.002975,37.63,37.63,35.68,35.94,771353,28103515.1,1.9812,-4.3131,0,0
2022-09-16,sz.002975,35.94,36.72,35.72,35.72,436575,15766860.0,1.1213,-0.6121,0,0
2022-09-19,sz.002975,35.5,36.12,34.68,34.7,414847,14518085.48,1.0655,-2.8555,0,0
2022-09-20,sz.002975,34.82,35.76,34.8,35.7,466030,16526268.54,1.197,2.8818,0,0
2022-09-21,sz.002975,35.42,35.79,35.0,35.38,322700,11444790.0,0.8288,-0.8964,0,0
2022-09-22,sz.002975,35.33,35.65,34.86,34.91,295200,10374201.0,0.7582,-1.3284,0,0
2022-09-23,sz.002975,34.74,35.17,33.41,33.68,472175,16071233.79,1.2127,-3.5233,0,0
2022-09-26,sz.002975,33.17,34.12,33.01,33.48,301557,10137735.4,0.7745,-0.5938,0,0
2022-09-27,sz.002975,33.78,34.74,33.65,34.66,460532,15811519.78,1.1828,3.5245,0,0
2022-09-28,sz.002975,34.64,34.9,33.01,33.01,388100,13202686.95,0.9968,-4.7605,0,0
2022-09-29,sz.002975,33.84,35.0,33.6,34.05,641435,21963999.75,1.6475,3.1506,0,0
2022-09-30,sz.002975,34.16,34.2,33.21,33.28,410500,13766454.0,1.0543,-2.2614,0,0
2022-10-10,sz.002975,33.28,33.58,31.63,31.74,554772,17868379.12,1.4249,-4.6274,0,0
2022-10-11,sz.002975,31.74,32.17,31.63,31.99,292379,9341767.98,0.7509,0.7876,0,0
2022-10-12,sz.002975,31.92,33.9,31.76,33.84,454734,14926869.03,1.1679,5.7831,0,0
2022-10-13,sz.002975,33.6,35.96,33.5,35.2,648166,22711094.54,1.6648,4.0189,0,0
2022-10-14,sz.002975,35.28,35.66,34.99,35.31,545638,19257264.73,1.4014,0.3125,0,0
2022-10-17,sz.002975,35.29,36.39,34.81,36.28,560385,20230208.85,1.4393,2.7471,0,0
2022-10-18,sz.002975,36.38,36.87,36.0,36.35,441500,16053492.0,1.134,0.1929,0,0
2022-10-19,sz.002975,36.4,36.48,35.8,36.11,313945,11350781.05,0.8063,-0.6602,0,0
2022-10-20,sz.002975,36.66,36.83,35.41,36.45,474017,17160542.58,1.2175,0.9416,0,0
2022-10-21,sz.002975,36.0,37.17,35.82,36.55,509980,18618833.4,1.3098,0.2743,0,0
2022-10-24,sz.002975,36.5,37.46,35.96,36.37,564015,20724628.08,1.4486,-0.4925,0,0
2022-10-25,sz.002975,36.26,36.84,35.6,36.46,487674,17712744.86,1.2525,0.2475,0,0
2022-10-26,sz.002975,35.23,36.65,33.9,36.07,1238540,43735885.5,3.1811,-1.0697,0,0
2022-10-27,sz.002975,36.09,37.0,35.93,36.11,700235,25441266.65,1.7985,0.1109,0,0
2022-10-28,sz.002975,35.93,36.27,34.2,34.39,731193,25640406.63,1.878,-4.7632,0,0
2022-10-31,sz.002975,34.9,36.36,34.5,35.75,613400,21855665.0,1.5755,3.9546,0,0
2022-11-01,sz.002975,36.0,36.49,35.47,36.33,502500,18110848.0,1.2906,1.6224,0,0
2022-11-02,sz.002975,36.66,37.47,36.34,37.11,659106,24453736.5,1.6929,2.147,0,0
2022-11-03,sz.002975,37.08,37.85,36.7,37.68,676584,25347658.03,1.7377,1.536,0,0
2022-11-04,sz.002975,37.97,37.97,37.37,37.7,613300,23102380.87,1.5752,0.0531,0,0
2022-11-07,sz.002975,38.17,38.17,37.37,37.85,605094,22794319.17,1.5541,0.3979,0,0
2022-11-08,sz.002975,38.2,38.5,37.35,37.51,411327,15459992.07,1.0565,-0.8983,0,0
2022-11-09,sz.002975,37.69,39.62,37.2,39.27,1373489,53409414.57,3.5277,4.6921,0,0
2022-11-10,sz.002975,38.89,39.0,36.65,37.04,1673296,62957173.58,4.2977,-5.6786,0,0
2022-11-11,sz.002975,37.63,37.88,36.45,36.46,966487,35905022.68,2.4823,-1.5659,0,0
2022-11-14,sz.002975,36.2,37.01,35.88,36.09,574747,20934038.41,1.4762,-1.0148,0,0
2022-11-15,sz.002975,36.09,38.56,35.63,38.27,1398763,52689405.62,3.5926,6.0405,0,0
2022-11-16,sz.002975,38.27,38.49,37.65,37.79,616031,23387890.01,1.5822,-1.2542,0,0
2022-11-17,sz.002975,37.6,38.08,37.01,37.98,593640,22261238.0,1.5247,0.5028,0,0
2022-11-18,sz.002975,38.38,38.38,37.25,37.41,681164,25726131.01,1.7495,-1.5008,0,0
2022-11-21,sz.002975,37.4,37.5,36.53,37.42,477944,17708931.28,1.2276,0.0267,0,0
2022-11-22,sz.002975,37.42,37.78,36.5,36.78,559900,20774554.0,1.4381,-1.7103,0,0
2022-11-23,sz.002975,36.78,36.78,35.36,35.85,628900,22566270.0,1.6153,-2.5285,0,0
2022-11-24,sz.002975,35.83,36.51,35.5,35.8,394993,14157498.55,1.0145,-0.1395,0,0
2022-11-25,sz.002975,35.51,36.08,34.89,34.9,477200,16806570.0,1.2256,-2.514,0,0
2022-11-28,sz.002975,34.6,34.89,34.0,34.8,360800,12477856.0,0.9267,-0.2865,0,0
2022-11-29,sz.002975,34.8,35.49,34.74,35.16,359400,12624027.0,0.9231,1.0345,0,0
2022-11-30,sz.002975,35.21,35.49,34.84,35.11,337500,11852730.0,0.8668,-0.1422,0,0
2022-12-01,sz.002975,35.44,35.85,35.31,35.38,364731,12981791.78,0.9368,0.769,0,0
2022-12-02,sz.002975,35.35,36.07,35.0,35.53,394700,14073826.0,1.0138,0.424,0,0
2022-12-05,sz.002975,35.5,35.84,35.26,35.55,404451,14333646.38,1.0388,0.0563,0,0
2022-12-06,sz.002975,35.5,36.08,35.33,35.61,396800,14154359.0,1.0191,0.1688,0,0
2022-12-07,sz.002975,35.31,35.92,35.31,35.63,375900,13384466.0,0.9655,0.0562,0,0
2022-12-08,sz.002975,35.45,35.6,34.8,35.0,452727,15903921.1,1.1628,-1.7682,0,0
2022-12-09,sz.002975,35.0,35.25,33.98,33.98,636623,22061564.79,1.6351,-2.9143,0,0
2022-12-12,sz.002975,34.48,34.88,33.7,34.69,601842,20691590.95,1.5458,2.0895,0,0
2022-12-13,sz.002975,34.89,34.98,34.23,34.28,411000,14175015.0,1.0556,-1.1819,0,0
2022-12-14,sz.002975,34.35,35.16,34.32,34.44,417810,14527153.2,1.0731,0.4667,0,0
2022-12-15,sz.002975,34.44,35.27,34.29,34.91,456510,15978394.6,1.1725,1.3647,0,0
2022-12-16,sz.002975,34.87,34.98,33.88,34.01,450715,15402655.55,1.1576,-2.5781,0,0
2022-12-19,sz.002975,34.05,34.18,32.88,32.92,546700,18137222.0,1.4041,-3.2049,0,0
2022-12-20,sz.002975,32.99,33.38,32.66,33.09,311860,10296725.2,0.801,0.5164,0,0
2022-12-21,sz.002975,33.21,33.22,32.16,32.36,325700,10595206.0,0.8365,-2.2061,0,0
2022-12-22,sz.002975,32.5,32.7,31.44,31.5,457995,14616081.6,1.1763,-2.6576,0,0
2022-12-23,sz.002975,31.68,31.87,30.95,31.66,387515,12182126.25,0.9953,0.5079,0,0
2022-12-26,sz.002975,31.6,33.06,31.56,32.95,410000,13342280.0,1.053,4.0745,0,0
2022-12-27,sz.002975,33.33,33.47,32.69,33.09,333868,11050901.4,0.8575,0.4249,0,0
2022-12-28,sz.002975,32.95,33.08,32.36,32.7,220000,7191018.0,0.5651,-1.1786,0,0
2022-12-29,sz.002975,32.7,32.85,32.06,32.11,348860,11302701.8,0.896,-1.8043,0,0
2022-12-30,sz.002975,32.42,32.5,31.59,31.67,349708,11159448.28,0.8982,-1.3703,0,0
2023-01-03,sz.002975,32.0,33.35,31.51,33.2,545115,17780865.1,1.4001,4.8311,0,0
2023-01-04,sz.002975,33.25,33.47,32.73,33.0,354800,11725130.0,0.9113,-0.6024,0,0
2023-01-05,sz.002975,32.98,33.36,32.71,33.24,374100,12395663.0,0.9608,0.7273,0,0
2023-01-06,sz.002975,33.3,33.81,33.01,33.33,397200,13291949.0,1.0202,0.2708,0,0
2023-01-09,sz.002975,33.33,33.88,33.22,33.39,327400,10980238.0,0.8409,0.18,0,0
2023-01-10,sz.002975,33.4,33.85,33.16,33.58,335500,11230123.0,0.8617,0.569,0,0
2023-01-11,sz.002975,33.76,33.76,32.88,32.94,344000,11450948.0,0.8835,-1.9059,0,0
2023-01-12,sz.002975,32.93,33.44,32.88,33.02,266100,8807855.0,0.6834,0.2429,0,0
2023-01-13,sz.002975,33.1,33.33,32.67,32.85,272600,8964992.0,0.7001,-0.5148,0,0
2023-01-16,sz.002975,32.97,34.06,32.85,33.73,673655,22706556.15,1.7302,2.6788,0,0
2023-01-17,sz.002975,34.5,37.1,34.36,35.5,2489867,89757801.85,6.395,5.2476,0,0
2023-01-18,sz.002975,35.66,35.88,34.61,35.08,1451200,51102202.0,3.7273,-1.1831,0,0
2023-01-19,sz.002975,35.0,35.31,34.61,35.02,742900,26025810.0,1.9081,-0.171,0,0
2023-01-20,sz.002975,35.55,35.8,34.85,35.08,674500,23728694.0,1.7324,0.1713,0,0
2023-01-30,sz.002975,35.45,35.99,35.4,35.86,903798,32344056.9,2.3213,2.2235,0,0
2023-01-31,sz.002975,35.54,36.08,35.38,35.87,686300,24486557.0,1.7627,0.0279,0,0
2023-02-01,sz.002975,35.87,36.48,35.78,36.43,808900,29306700.0,2.0776,1.5612,0,0
2023-02-02,sz.002975,36.43,37.74,36.21,37.17,1295263,48043361.76,3.3267,2.0313,0,0
2023-02-03,sz.002975,37.17,38.3,36.8,37.67,1386128,51935327.4,3.5601,1.3452,0,0
2023-02-06,sz.002975,37.6,38.25,37.41,38.07,1202400,45586025.0,3.0882,1.0619,0,0
2023-02-07,sz.002975,37.87,40.18,37.78,39.85,1939891,76067207.96,4.9824,4.6756,0,0
2023-02-08,sz.002975,39.51,39.72,38.4,39.2,1738895,67772898.25,4.4662,-1.6311,0,0
2023-02-09,sz.002975,39.48,40.98,39.25,39.8,1484023,59366830.59,3.8116,1.5306,0,0
2023-02-10,sz.002975,39.83,40.12,39.31,39.56,959600,38081905.0,2.4646,-0.603,0,0
2023-02-13,sz.002975,39.55,40.5,39.16,39.87,1134500,45167366.76,2.9138,0.7836,0,0
2023-02-14,sz.002975,40.04,40.13,39.21,39.7,854658,33865770.62,2.1951,-0.4264,0,0
2023-02-15,sz.002975,39.78,40.69,39.52,40.34,1391700,56113975.0,3.5744,1.6121,0,0
2023-02-16,sz.002975,40.19,41.96,39.72,39.96,1788173,73164755.46,2.7969,-0.942,0,0
2023-02-17,sz.002975,40.1,40.3,38.8,39.04,1219238,47964896.46,1.907,-2.3023,0,0
2023-02-20,sz.002975,39.1,39.4,38.69,38.89,1063249,41425420.86,1.663,-0.3842,0,0
2023-02-21,sz.002975,38.88,39.62,38.64,39.34,994644,38914747.76,1.5557,1.1571,0,0
2023-02-22,sz.002975,39.3,39.85,39.01,39.65,599909,23718506.12,0.9383,0.788,0,0
2023-02-23,sz.002975,39.61,39.98,39.2,39.39,505276,19928068.24,0.7903,-0.6557,0,0
2023-02-24,sz.002975,39.41,39.71,39.0,39.48,418767,16498566.85,0.655,0.2285,0,0
2023-02-27,sz.002975,39.68,39.84,38.55,38.98,544026,21233229.9,0.8509,-1.2665,0,0
2023-02-28,sz.002975,38.98,40.5,38.98,39.96,834326,33232620.76,1.305,2.5141,0,0
2023-03-01,sz.002975,39.89,41.15,39.61,40.69,1003200,40641144.7,1.5691,1.8268,0,0
2023-03-02,sz.002975,40.62,41.05,40.33,40.49,729426,29634279.18,1.1409,-0.4915,0,0
2023-03-03,sz.002975,40.48,40.9,39.75,40.15,547533,22038588.26,0.8564,-0.8397,0,0
2023-03-06,sz.002975,40.44,41.48,40.32,41.38,935488,38322625.8,1.4632,3.0635,0,0
2023-03-07,sz.002975,41.58,42.94,41.5,41.69,2037200,86049023.01,3.1864,0.7492,0,0
2023-03-08,sz.002975,41.68,41.69,40.25,40.9,1091000,44582286.98,1.7064,-1.8949,0,0
2023-03-09,sz.002975,40.9,41.14,40.25,40.62,521458,21205318.5,0.8156,-0.6846,0,0
2023-03-10,sz.002975,40.28,40.62,39.79,39.88,644900,25956795.0,1.0087,-1.8218,0,0
2023-03-13,sz.002975,39.86,40.09,39.15,39.62,566600,22368671.0,0.8862,-0.652,0,0
2023-03-14,sz.002975,39.91,39.98,38.3,39.04,590745,23022104.45,0.924,-1.4639,0,0
2023-03-15,sz.002975,39.33,40.75,39.21,39.98,658200,26430563.0,1.0295,2.4078,0,0
2023-03-16,sz.002975,39.83,40.4,38.5,38.63,617400,24179130.0,0.9657,-3.3767,0,0
2023-03-17,sz.002975,39.0,39.23,38.5,38.63,450825,17521770.0,0.7051,0.0,0,0
2023-03-20,sz.002975,38.64,39.13,38.32,38.65,511675,19808966.64,0.8003,0.0518,0,0
2023-03-21,sz.002975,38.66,39.8,38.61,39.72,457900,17955087.0,0.7162,2.7684,0,0
2023-03-22,sz.002975,40.2,42.15,39.6,41.18,1294900,53269332.0,2.0253,3.6757,0,0
2023-03-23,sz.002975,41.42,42.35,40.56,40.86,1726300,71448824.65,2.7001,-0.7771,0,0
2023-03-24,sz.002975,41.28,43.11,40.88,42.35,1893260,80018805.4,2.9612,3.6466,0,0
2023-03-27,sz.002975,42.42,44.14,42.2,43.29,1918857,82857639.6,3.0013,2.2196,0,0
2023-03-28,sz.002975,43.19,43.32,42.08,42.42,1100000,46990716.0,1.7205,-2.0097,0,0
2023-03-29,sz.002975,43.67,44.5,42.6,43.0,1493000,64755881.56,2.3352,1.3673,0,0
2023-03-30,sz.002975,43.35,44.15,42.91,43.61,1359860,59252949.4,2.1269,1.4186,0,0
2023-03-31,sz.002975,43.4,43.55,42.0,42.77,1085500,46279455.0,1.6978,-1.9262,0,0
2023-04-03,sz.002975,42.6,43.14,42.21,42.76,930316,39645974.16,1.4551,-0.0234,0,0
2023-04-04,sz.002975,42.68,42.68,41.3,42.02,1017600,42674006.0,1.4473,-1.7306,0,0
2023-04-06,sz.002975,42.03,44.43,41.33,44.01,1789748,78036364.48,2.5455,4.7358,0,0
2023-04-07,sz.002975,44.04,45.4,43.13,45.28,1824600,80997156.64,2.5951,2.8857,0,0
2023-04-10,sz.002975,45.65,47.77,44.62,44.92,2668900,122950755.57,3.7959,-0.7951,0,0
2023-04-11,sz.002975,44.67,44.92,43.2,43.7,1596100,70071932.0,2.2701,-2.7159,0,0
2023-04-12,sz.002975,44.6,47.7,44.32,47.27,3550290,163665757.37,5.0495,8.1693,0,0
2023-04-13,sz.002975,46.99,48.83,45.98,46.86,3243452,153132423.04,4.6131,-0.8674,0,0
2023-04-14,sz.002975,46.5,47.65,45.24,46.88,2062437,95870034.91,2.9334,0.0427,0,0
2023-04-17,sz.002975,46.98,47.67,45.58,45.96,1607919,74794749.3,2.2869,-1.9625,0,0
2023-04-18,sz.002975,45.96,46.18,44.3,44.8,1630290,73116113.5,2.3187,-2.5239,0,0
2023-04-19,sz.002975,45.18,49.28,45.02,49.28,4483802,215080717.56,6.3772,10.0,1,0
2023-04-20,sz.002975,49.1,49.49,47.5,48.98,4765482,231827311.0,6.7778,-0.6088,0,0
2023-04-21,sz.002975,49.0,49.3,45.56,45.63,2981955,140865972.9,4.2412,-6.8395,0,0
2023-04-24,sz.002975,45.78,45.85,42.66,43.07,2736970,120514976.7,3.8927,-5.6103,0,0
2023-04-25,sz.002975,43.04,43.38,39.91,40.6,2014171,83516623.39,2.8647,-5.7349,0,0
2023-04-26,sz.002975,36.54,37.34,36.54,36.54,1099200,40197718.0,1.5634,-10.0,0,1
2023-04-27,sz.002975,35.6,36.09,33.33,35.01,2768921,96378290.63,3.9382,-4.1872,0,0
2023-04-28,sz.002975,34.7,35.92,34.7,35.18,1418928,50252654.9,2.0181,0.4856,0,0
2023-05-04,sz.002975,35.0,35.33,33.65,33.95,1158695,39706439.86,1.648,-3.4963,0,0
2023-05-05,sz.002975,33.85,34.2,32.49,33.1,1030700,34108089.99,1.4659,-2.5037,0,0
2023-05-08,sz.002975,33.25,33.43,32.46,32.87,999100,32931823.0,1.421,-0.6949,0,0
2023-05-09,sz.002975,32.92,33.38,32.17,32.38,1026232,33592300.6,1.4596,-1.4907,0,0
2023-05-10,sz.002975,32.3,32.82,32.17,32.61,612532,19885623.2,0.8712,0.7103,0,0
2023-05-11,sz.002975,32.62,33.55,32.62,32.93,891600,29373945.0,1.2681,0.9813,0,0
2023-05-12,sz.002975,32.95,33.13,32.02,32.02,699756,22638115.7,0.9952,-2.7634,0,0
2023-05-15,sz.002975,32.0,32.44,31.76,32.41,568800,18278361.01,0.809,1.218,0,0
2023-05-16,sz.002975,32.45,33.18,31.82,32.54,920246,29877129.84,1.3088,0.4011,0,0
2023-05-17,sz.002975,32.46,33.59,32.35,33.43,937146,30970922.14,1.3329,2.7351,0,0
2023-05-18,sz.002975,33.54,35.07,33.54,34.86,1545300,53271438.0,2.1978,4.2776,0,0
2023-05-19,sz.002975,35.1,35.7,34.75,35.67,1356300,47879211.0,1.929,2.3236,0,0
2023-05-22,sz.002975,36.2,37.69,35.66,37.6,2293817,84447602.85,3.2624,5.4107,0,0
2023-05-23,sz.002975,37.0,37.77,36.3,36.9,1792076,66180311.8,2.5488,-1.8617,0,0
2023-05-24,sz.002975,36.88,38.68,36.56,37.99,1783401,67368658.83,2.5365,2.9539,0,0
2023-05-25,sz.002975,39.0,40.29,38.0,38.6,2326269,90684638.36,3.3086,1.6057,0,0
2023-05-26,sz.002975,38.7,40.71,38.16,40.58,2443771,96789687.34,3.4757,5.1295,0,0
2023-05-29,sz.002975,40.4,43.25,40.19,43.25,3325503,139518815.8,4.7298,6.5796,0,0
2023-05-30,sz.002975,41.74,43.1,40.22,40.71,3946365,161922484.01,5.6128,-5.8728,0,0
2023-05-31,sz.002975,40.91,43.5,40.5,41.62,3854819,161155697.93,5.4826,2.2353,0,0
2023-06-01,sz.002975,40.61,41.9,40.03,40.68,3255826,133665704.52,4.6307,-2.2585,0,0
2023-06-02,sz.002975,40.81,41.7,40.43,40.51,2095491,85787517.75,2.9804,-0.4179,0,0
2023-06-05,sz.002975,40.16,41.38,40.16,40.55,1577445,64434769.95,2.2436,0.0987,0,0
2023-06-06,sz.002975,40.56,40.69,38.93,39.11,1737926,68769741.0,2.4718,-3.5512,0,0
2023-06-07,sz.002975,39.3,40.43,38.5,40.06,1235500,49042568.0,1.7572,2.429,0,0
2023-06-08,sz.002975,40.79,40.79,38.57,39.11,1062800,41682374.0,1.5116,-2.3714,0,0
2023-06-09,sz.002975,39.21,39.3,38.38,38.59,1244844,48184058.75,1.7705,-1.3296,0,0
2023-06-12,sz.002975,38.6,39.48,38.13,39.23,920326,35875993.32,1.309,1.6585,0,0
2023-06-13,sz.002975,39.33,39.88,38.61,39.36,1007500,39496138.0,1.4329,0.3314,0,0
2023-06-14,sz.002975,39.6,40.38,38.77,40.02,1785733,70795221.97,2.5398,1.6768,0,0
2023-06-15,sz.002975,40.71,43.95,40.6,41.18,4014547,167004906.47,5.7098,2.8986,0,0
2023-06-16,sz.002975,40.99,42.46,39.2,42.27,4221015,172576274.17,6.0034,2.6469,0,0
2023-06-19,sz.002975,42.0,45.0,41.76,44.8,4891927,212397193.21,6.9577,5.9853,0,0
2023-06-20,sz.002975,45.58,45.58,43.14,43.23,3900701,171818322.24,5.5479,-3.5045,0,0
2023-06-21,sz.002975,43.03,43.03,41.1,41.12,2671332,111600413.8,3.7994,-4.8809,0,0
2023-06-26,sz.002975,40.85,41.4,39.0,39.5,1742800,69645876.0,2.4787,-3.9397,0,0
2023-06-27,sz.002975,39.46,39.76,38.5,39.03,1475300,57675412.0,2.0983,-1.1899,0,0
2023-06-28,sz.002975,39.03,39.23,36.8,38.32,1853500,70291086.0,2.6362,-1.8191,0,0
2023-06-29,sz.002975,38.31,42.15,38.1,42.15,2807900,115951610.0,3.9936,9.9948,1,0
2023-06-30,sz.002975,42.69,44.01,41.84,43.64,4248225,184338799.5,6.0421,3.535,0,0
2023-07-03,sz.002975,43.56,44.39,42.53,42.85,2414521,103955080.43,3.4341,-1.8103,0,0
2023-07-04,sz.002975,42.52,44.35,42.42,43.72,2646892,115867608.02,3.7646,2.0303,0,0
2023-07-05,sz.002975,44.0,44.38,43.15,43.38,1603700,69842672.0,2.2809,-0.7777,0,0
2023-07-06,sz.002975,43.0,43.8,42.72,43.02,1245900,53905456.0,1.772,-0.8299,0,0
2023-07-07,sz.002975,43.22,43.3,41.99,42.38,1141200,48539078.0,1.6231,-1.4877,0,0
2023-07-10,sz.002975,40.68,41.0,39.09,39.37,2529800,100715079.0,3.598,-7.1024,0,0
2023-07-11,sz.002975,39.81,40.28,39.33,39.65,1438326,57213699.95,2.0457,0.7112,0,0
2023-07-12,sz.002975,40.5,40.99,39.0,39.16,1436041,57400901.95,2.0424,-1.2358,0,0
2023-07-13,sz.002975,39.14,42.13,39.14,41.15,2087000,85397267.22,2.9683,5.0817,0,0
2023-07-14,sz.002975,40.77,41.55,40.69,40.8,971900,39855022.99,1.3823,-0.8505,0,0
2023-07-17,sz.002975,40.41,40.88,40.1,40.56,757600,30583587.0,1.0775,-0.5882,0,0
2023-07-18,sz.002975,40.56,41.88,40.5,40.83,1026160,42207569.8,1.4595,0.6657,0,0
2023-07-19,sz.002975,40.57,40.84,39.67,39.81,802145,32142821.4,1.1409,-2.4982,0,0
2023-07-20,sz.002975,39.8,39.94,38.55,38.63,839400,32864507.68,1.1938,-2.9641,0,0
2023-07-21,sz.002975,38.83,39.56,37.85,37.87,665300,25375327.0,0.9462,-1.9674,0,0
2023-07-24,sz.002975,38.16,38.65,37.4,38.13,587609,22396811.17,0.8357,0.6866,0,0
2023-07-25,sz.002975,38.16,38.83,37.8,38.2,642900,24548484.0,0.9144,0.1836,0,0
2023-07-26,sz.002975,38.11,38.2,36.75,37.03,873300,32464008.0,1.2421,-3.0628,0,0
2023-07-27,sz.002975,37.02,37.36,36.35,36.43,794200,29201387.0,1.1296,-1.6203,0,0
2023-07-28,sz.002975,36.73,36.73,36.0,36.37,482400,17521242.0,0.6861,-0.1647,0,0
2023-07-31,sz.002975,36.48,36.96,36.06,36.64,577530,21145875.4,0.8214,0.7424,0,0
2023-08-01,sz.002975,36.58,36.97,36.16,36.6,555400,20289661.0,0.7899,-0.1092,0,0
2023-08-02,sz.002975,36.6,37.3,36.33,37.02,659900,24400064.0,0.9386,1.1475,0,0
2023-08-03,sz.002975,36.81,37.4,36.51,36.94,574000,21150591.0,0.8164,-0.2161,0,0
2023-08-04,sz.002975,36.94,37.45,36.61,37.21,667700,24738621.2,0.9496,0.7309,0,0
2023-08-07,sz.002975,37.19,37.23,36.81,36.96,498760,18431874.8,0.7094,-0.6719,0,0
2023-08-08,sz.002975,36.96,37.23,36.3,36.31,530100,19382427.0,0.7539,-1.7587,0,0
2023-08-09,sz.002975,36.31,36.31,35.57,35.7,529400,18983949.0,0.7529,-1.68,0,0
2023-08-10,sz.002975,35.81,36.2,35.48,35.84,364656,13077495.3,0.5186,0.3922,0,0
2023-08-11,sz.002975,36.2,36.2,35.02,35.12,430144,15302983.46,0.6118,-2.0089,0,0
2023-08-14,sz.002975,35.2,35.37,34.36,35.34,475458,16562427.12,0.6762,0.6264,0,0
2023-08-15,sz.002975,35.29,35.82,34.6,34.88,356000,12470786.0,0.5063,-1.3016,0,0
2023-08-16,sz.002975,34.7,35.15,34.24,34.27,337400,11646954.0,0.4723,-1.7489,0,0
2023-08-17,sz.002975,34.31,35.74,34.0,35.27,634200,22261494.0,0.8878,2.918,0,0
2023-08-18,sz.002975,35.26,35.96,34.82,34.94,457300,16210700.0,0.6402,-0.9356,0,0
2023-08-21,sz.002975,34.67,35.19,34.0,34.04,435050,15009576.51,0.609,-2.5758,0,0
2023-08-22,sz.002975,34.13,34.6,33.36,34.26,610900,20723841.0,0.8552,0.6463,0,0
2023-08-23,sz.002975,34.42,34.59,33.54,33.55,414300,14034628.64,0.58,-2.0724,0,0
2023-08-24,sz.002975,33.72,34.6,33.31,33.8,514900,17488415.0,0.7208,0.7452,0,0
2023-08-25,sz.002975,33.58,33.81,32.42,32.65,620633,20437557.71,0.8688,-3.4024,0,0
2023-08-28,sz.002975,34.41,34.68,32.04,32.23,1059800,35025668.0,1.4836,-1.2864,0,0
2023-08-29,sz.002975,32.23,34.65,32.23,34.47,1242335,42163849.1,1.7391,6.95,0,0
2023-08-30,sz.002975,34.76,36.4,34.76,35.93,1204233,43204969.84,1.6858,4.2356,0,0
2023-08-31,sz.002975,35.83,36.5,35.5,36.22,815600,29424545.0,1.1417,0.8071,0,0
2023-09-01,sz.002975,36.0,36.48,35.5,35.89,616300,22064106.48,0.8627,-0.9111,0,0
2023-09-04,sz.002975,36.2,36.36,35.5,36.02,677500,24277501.0,0.9484,0.3622,0,0
2023-09-05,sz.002975,36.02,36.66,35.94,36.11,521700,18908516.0,0.7303,0.2499,0,0
2023-09-06,sz.002975,36.14,36.63,36.0,36.5,612800,22281035.0,0.8578,1.08,0,0
2023-09-07,sz.002975,36.53,36.53,35.58,35.65,523500,18857641.0,0.7328,-2.3288,0,0
2023-09-08,sz.002975,35.55,36.92,35.55,36.85,882900,32200295.0,1.2359,3.3661,0,0
2023-09-11,sz.002975,36.97,40.54,36.23,38.27,3880090,150343405.6,5.4316,3.8535,0,0
2023-09-12,sz.002975,38.38,38.38,36.92,37.24,2731735,101671978.1,3.8241,-2.6914,0,0
2023-09-13,sz.002975,36.5,36.69,35.44,35.88,1536300,55282639.0,2.1506,-3.652,0,0
2023-09-14,sz.002975,35.77,35.87,34.5,34.72,1289990,45137893.2,1.8058,-3.233,0,0
2023-09-15,sz.002975,34.77,35.45,34.03,34.8,1202700,41697506.0,1.6836,0.2304,0,0
2023-09-18,sz.002975,34.65,35.3,34.2,34.31,742600,25718909.0,1.0395,-1.408,0,0
2023-09-19,sz.002975,34.31,34.69,33.56,33.83,682451,23133928.57,0.9553,-1.399,0,0
2023-09-20,sz.002975,33.83,34.38,33.5,33.6,658300,22350905.0,0.9215,-0.6799,0,0
2023-09-21,sz.002975,33.8,33.96,33.09,33.45,891390,29812767.5,1.2478,-0.4464,0,0
2023-09-22,sz.002975,33.34,34.76,33.19,34.71,1084900,37005306.0,1.5187,3.7668,0,0
2023-09-25,sz.002975,34.79,35.16,33.8,34.23,1087800,37238381.0,1.5228,-1.3829,0,0
2023-09-26,sz.002975,34.22,34.42,33.68,33.78,992751,33665677.43,1.3897,-1.3146,0,0
2023-09-27,sz.002975,33.94,35.3,33.62,33.81,2272848,77510892.16,3.1817,0.0888,0,0
2023-09-28,sz.002975,33.83,34.8,33.83,34.79,2026689,69717266.78,2.8371,2.8986,0,0
2023-10-09,sz.002975,34.59,34.89,34.01,34.3,1459290,50075378.3,2.0428,-1.4085,0,0
2023-10-10,sz.002975,34.44,34.57,33.68,33.96,1092272,37168425.12,1.529,-0.9913,0,0
2023-10-11,sz.002975,34.04,35.16,33.6,34.82,1523603,52506622.84,2.1328,2.5324,0,0
2023-10-12,sz.002975,35.03,35.33,34.22,34.5,990800,34112941.0,1.387,-0.919,0,0
2023-10-13,sz.002975,34.44,34.57,33.89,34.4,928800,31870621.0,1.3002,-0.2899,0,0
2023-10-16,sz.002975,34.41,34.57,32.85,33.16,1156900,38550300.0,1.6195,-3.6047,0,0
2023-10-17,sz.002975,33.14,33.39,32.54,32.8,867400,28397050.0,1.2142,-1.0856,0,0
2023-10-18,sz.002975,32.78,32.78,31.55,31.56,1027200,32739671.0,1.4379,-3.7805,0,0
2023-10-19,sz.002975,31.5,32.48,31.29,31.57,962052,30714649.89,1.3467,0.0317,0,0
2023-10-20,sz.002975,31.57,31.87,30.52,30.57,975025,30298800.25,1.3649,-3.1676,0,0
2023-10-23,sz.002975,30.56,30.57,29.35,29.52,1025800,30568121.0,1.436,-3.4347,0,0
2023-10-24,sz.002975,29.8,30.68,29.39,30.56,1128240,34157725.7,1.5794,3.523,0,0
2023-10-25,sz.002975,30.8,31.07,30.3,30.39,855000,26111376.0,1.1969,-0.5563,0,0
2023-10-26,sz.002975,30.22,30.7,29.8,30.64,800600,24297777.0,1.1207,0.8226,0,0
2023-10-27,sz.002975,30.64,31.87,30.03,31.63,1197800,37163227.0,1.6768,3.2311,0,0
2023-10-30,sz.002975,30.71,31.5,29.66,31.15,2024255,61863433.0,2.8337,-1.5175,0,0
2023-10-31,sz.002975,31.15,31.37,30.4,30.59,1055800,32515865.0,1.478,-1.7978,0,0
2023-11-01,sz.002975,30.88,31.35,30.32,30.93,765700,23718028.0,1.0719,1.1115,0,0
2023-11-02,sz.002975,31.0,31.27,30.23,30.32,709000,21805675.0,0.9925,-1.9722,0,0
2023-11-03,sz.002975,30.47,31.81,30.44,31.4,1418900,44581740.0,1.9863,3.562,0,0
2023-11-06,sz.002975,31.76,33.49,31.76,33.41,1740915,57143511.8,2.4371,6.4013,0,0
2023-11-07,sz.002975,33.36,33.92,32.96,33.76,1574440,52626676.6,2.204,1.0476,0,0
2023-11-08,sz.002975,33.76,34.3,33.36,34.0,1278300,43416480.0,1.7895,0.7109,0,0
2023-11-09,sz.002975,33.98,37.4,33.83,34.83,6139724,221806897.84,8.5948,2.4412,0,0
2023-11-10,sz.002975,34.83,36.19,33.6,34.94,4151400,143782148.0,5.8114,0.3158,0,0
2023-11-13,sz.002975,35.0,35.29,34.5,34.74,2118374,73815690.5,2.9654,-0.5724,0,0
2023-11-14,sz.002975,34.74,35.2,34.4,35.03,1166700,40703870.55,1.6332,0.8348,0,0
2023-11-15,sz.002975,35.4,35.55,34.63,35.24,1483700,52092661.0,2.077,0.5995,0,0
2023-11-16,sz.002975,35.08,35.32,34.55,34.63,1150758,40227899.7,1.6109,-1.731,0,0
2023-11-17,sz.002975,34.63,35.32,34.4,35.07,1110300,38852675.0,1.5543,1.2706,0,0
2023-11-20,sz.002975,35.42,36.49,35.01,35.98,1962300,70261681.0,2.747,2.5948,0,0
2023-11-21,sz.002975,35.79,36.15,34.96,35.1,1474000,52127211.0,2.0634,-2.4458,0,0
2023-11-22,sz.002975,34.49,35.31,34.4,34.49,1458600,50714224.0,2.0418,-1.7379,0,0
2023-11-23,sz.002975,34.49,35.13,34.35,35.01,842700,29311489.0,1.1797,1.5077,0,0
2023-11-24,sz.002975,35.1,35.1,34.46,34.85,1212000,42047890.0,1.6966,-0.457,0,0
2023-11-27,sz.002975,34.8,35.33,34.55,35.1,811120,28406883.0,1.1355,0.7174,0,0
2023-11-28,sz.002975,35.0,36.12,34.8,35.39,1123560,39961415.6,1.5728,0.8262,0,0
2023-11-29,sz.002975,35.52,36.1,35.4,35.69,1235400,44222023.0,1.7294,0.8477,0,0
2023-11-30,sz.002975,35.69,35.87,34.52,34.9,800500,28084891.0,1.1206,-2.2135,0,0
2023-12-01,sz.002975,34.9,35.07,34.5,34.76,884500,30726213.0,1.2382,-0.4011,0,0
2023-12-04,sz.002975,34.76,34.76,34.21,34.31,806400,27749190.0,1.1289,-1.2946,0,0
2023-12-05,sz.002975,34.25,34.25,33.05,33.06,1037137,34714525.8,1.4519,-3.6433,0,0
2023-12-06,sz.002975,33.06,33.64,32.89,33.15,816400,27151698.0,1.1429,0.2722,0,0
2023-12-07,sz.002975,33.34,33.74,32.75,33.32,807400,26857080.0,1.1303,0.5128,0,0
2023-12-08,sz.002975,33.28,34.55,33.16,33.94,1246100,42327679.0,1.7444,1.8607,0,0
2023-12-11,sz.002975,33.74,36.3,33.0,35.69,2734500,95484876.8,3.8279,5.1562,0,0
2023-12-12,sz.002975,35.79,36.8,35.08,36.42,3204150,116035025.0,4.4854,2.0454,0,0
2023-12-13,sz.002975,36.41,37.6,35.8,36.68,2831450,103678905.0,3.9637,0.7139,0,0
2023-12-14,sz.002975,36.68,37.1,35.47,35.56,1681500,60658557.0,2.3539,-3.0534,0,0
2023-12-15,sz.002975,35.57,35.74,34.44,34.81,1261499,44080151.18,1.7659,-2.1091,0,0
2023-12-18,sz.002975,34.75,35.29,33.64,33.74,1235807,42319543.25,1.73,-3.0738,0,0
2023-12-19,sz.002975,33.65,35.42,33.3,35.17,1899309,65845285.75,2.6588,4.2383,0,0
2023-12-20,sz.002975,35.84,36.66,35.13,35.5,1946700,69836032.0,2.7251,0.9383,0,0
2023-12-21,sz.002975,35.32,35.67,33.8,34.95,1818300,62783981.0,2.5454,-1.5493,0,0
2023-12-22,sz.002975,35.18,35.81,34.16,34.33,1846500,64830544.05,2.5849,-1.774,0,0
2023-12-25,sz.002975,34.34,36.61,34.1,36.45,3062275,110480335.44,4.2868,6.1754,0,0
2023-12-26,sz.002975,35.75,35.97,34.31,34.88,2735589,95586160.46,3.8295,-4.3073,0,0
2023-12-27,sz.002975,34.77,36.4,33.2,35.96,3208249,112823808.92,4.4911,3.0963,0,0
2023-12-28,sz.002975,36.25,37.06,34.93,37.05,3929111,142292392.43,5.5002,3.0311,0,0
2023-12-29,sz.002975,37.47,39.0,36.68,38.2,5674580,215822506.81,7.9437,3.1039,0,0
2024-01-02,sz.002975,37.89,38.98,37.0,37.85,4842209,182902191.49,6.7785,-0.9162,0,0
2024-01-03,sz.002975,41.64,41.64,41.64,41.64,3736224,155576367.36,5.2302,10.0132,1,0
2024-01-04,sz.002975,41.6,45.8,39.93,43.0,14742674,639791967.7,20.6378,3.2661,0,0
2024-01-05,sz.002975,41.0,41.87,38.7,39.78,10235275,405233366.54,14.328,-7.4884,0,0
2024-01-08,sz.002975,38.12,38.98,35.8,36.07,6750449,248786122.57,9.4497,-9.3263,0,0
2024-01-09,sz.002975,35.67,37.66,35.37,35.64,4577200,166192593.0,6.4075,-1.1921,0,0
2024-01-10,sz.002975,34.99,35.6,33.87,33.98,4165400,143390323.0,5.831,-4.6577,0,0
2024-01-11,sz.002975,33.72,34.27,33.46,34.14,2821464,95672402.24,3.9497,0.4709,0,0
2024-01-12,sz.002975,33.86,33.98,32.28,32.35,3915160,128806242.2,5.4807,-5.2431,0,0
2024-01-15,sz.002975,31.4,32.1,30.86,31.79,3381760,106359662.4,4.734,-1.7311,0,0
2024-01-16,sz.002975,32.15,34.26,32.05,33.29,4884040,162525737.0,6.837,4.7185,0,0
2024-01-17,sz.002975,33.09,33.47,32.32,32.33,2090593,68286342.69,2.9266,-2.8837,0,0
2024-01-18,sz.002975,35.0,35.56,34.8,35.56,4095957,145161035.92,5.7338,9.9907,1,0
2024-01-19,sz.002975,37.0,38.0,34.58,34.85,7224860,258942197.0,10.1138,-1.9966,0,0
2024-01-22,sz.002975,35.48,35.98,31.51,32.36,5232157,178621022.39,7.3243,-7.1449,0,0
2024-01-23,sz.002975,32.34,32.43,30.53,31.11,3790400,119481139.0,5.3061,-3.8628,0,0
2024-01-24,sz.002975,31.53,32.37,29.66,31.0,3008100,92570901.0,4.2109,-0.3536,0,0
2024-01-25,sz.002975,30.97,32.48,30.8,32.39,3019300,96119599.0,4.2266,4.4839,0,0
2024-01-26,sz.002975,32.21,32.4,31.32,31.33,1942900,61685041.0,2.7198,-3.2726,0,0
2024-01-29,sz.002975,31.26,31.35,28.9,28.93,2681300,79454042.0,3.7535,-7.6604,0,0
2024-01-30,sz.002975,28.8,29.02,27.25,27.3,1745000,48920414.0,2.4428,-5.6343,0,0
2024-01-31,sz.002975,26.52,27.27,25.38,25.59,2555600,66814937.0,3.5775,-6.2637,0,0
2024-02-01,sz.002975,25.2,25.92,24.83,25.15,1529200,38715375.0,2.1407,-1.7194,0,0
2024-02-02,sz.002975,25.3,25.85,22.9,23.98,1934968,47123064.44,2.7087,-4.6521,0,0
2024-02-05,sz.002975,23.8,23.8,21.58,21.58,1789300,39233855.98,2.5048,-10.0083,0,1
2024-02-06,sz.002975,20.87,21.48,19.42,20.65,3100200,61908138.0,4.288,-4.3095,0,0
2024-02-07,sz.002975,20.85,22.72,20.0,22.43,4099323,86864706.37,5.6699,8.6199,0,0
2024-02-08,sz.002975,21.84,24.67,21.54,24.67,5463699,128450877.69,7.5571,9.9866,1,0
2024-02-19,sz.002975,24.55,25.01,23.36,25.0,5529376,132661997.86,7.6479,1.3377,0,0
2024-02-20,sz.002975,24.3,24.5,23.78,24.3,2929774,70824159.26,4.0523,-2.8,0,0
2024-02-21,sz.002975,24.1,25.26,23.81,24.37,3570962,88046094.19,4.9391,0.2881,0,0
2024-02-22,sz.002975,24.37,25.55,24.32,25.37,3636023,90747890.35,5.0291,4.1034,0,0
2024-02-23,sz.002975,27.0,27.91,26.12,27.91,2999571,81840194.01,4.1488,10.0118,1,0
2024-02-26,sz.002975,30.7,30.7,30.7,30.7,251928,7734189.6,0.3485,9.9964,1,0
2024-02-27,sz.002975,33.77,33.77,33.77,33.77,395800,13366166.0,0.5474,10.0,1,0
2024-02-28,sz.002975,37.15,37.15,36.18,37.15,8611278,319712435.7,11.9106,10.0089,1,0
2024-02-29,sz.002975,37.0,40.55,34.68,37.3,13964932,516389755.05,19.3155,0.4038,0,0
2024-03-01,sz.002975,36.2,37.77,34.58,36.85,11574670,417552410.35,16.0094,-1.2064,0,0
2024-03-04,sz.002975,36.5,37.08,34.06,35.03,7881897,277577865.99,10.9018,-4.9389,0,0
2024-03-05,sz.002975,34.93,38.53,34.0,36.01,8922071,325276124.61,12.3405,2.7976,0,0
2024-03-06,sz.002975,35.46,37.21,34.8,37.02,8710037,313792669.9,12.0472,2.8048,0,0
2024-03-07,sz.002975,38.5,40.6,36.96,37.18,11510493,446479758.28,15.9207,0.4322,0,0
2024-03-08,sz.002975,36.41,39.28,36.1,39.11,9175055,346561198.48,12.6904,5.191,0,0
2024-03-11,sz.002975,37.8,41.2,37.6,41.09,8785680,345776551.62,12.1518,5.0626,0,0
2024-03-12,sz.002975,40.33,41.2,38.91,39.59,7139333,284662189.28,9.8747,-3.6505,0,0
2024-03-13,sz.002975,40.55,41.8,39.73,39.9,6780940,274962051.99,9.379,0.783,0,0
2024-03-14,sz.002975,39.2,40.16,37.38,38.05,5717995,220919186.2,7.9088,-4.6366,0,0
2024-03-15,sz.002975,38.2,40.5,37.48,40.15,6762015,265732837.88,9.3528,5.5191,0,0
2024-03-18,sz.002975,40.16,41.58,39.3,41.3,6691872,270279713.59,9.2558,2.8643,0,0
2024-03-19,sz.002975,41.0,41.0,39.3,39.3,5291527,210547571.35,7.3189,-4.8426,0,0
2024-03-20,sz.002975,38.73,39.2,37.58,38.27,5467574,208754744.04,7.5624,-2.6209,0,0
2024-03-21,sz.002975,38.0,39.26,37.81,38.82,4392871,168844017.47,6.076,1.4372,0,0
2024-03-22,sz.002975,38.32,38.32,36.94,37.13,4427200,166378234.81,6.1234,-4.3534,0,0
2024-03-25,sz.002975,37.14,37.69,35.59,35.62,3488348,127447141.52,4.8249,-4.0668,0,0
2024-03-26,sz.002975,35.2,36.0,34.78,35.05,2711229,95556684.29,3.75,-1.6002,0,0
2024-03-27,sz.002975,34.82,35.11,33.13,33.19,2355000,79855515.0,3.2573,-5.3067,0,0
2024-03-28,sz.002975,33.27,34.35,33.27,33.79,2307246,78093171.45,3.1912,1.8078,0,0
2024-03-29,sz.002975,33.75,34.2,33.4,33.93,1508500,50955683.0,2.0865,0.4143,0,0
2024-04-01,sz.002975,34.4,34.68,33.97,34.59,1664819,57125144.37,2.3027,1.9452,0,0
2024-04-02,sz.002975,34.65,34.68,33.3,33.6,2112709,71277942.02,2.922,-2.8621,0,0
2024-04-03,sz.002975,33.39,34.3,32.25,33.43,2419100,80593171.91,3.3458,-0.506,0,0
2024-04-08,sz.002975,33.22,33.55,32.49,32.7,1414300,46622533.0,1.9561,-2.1837,0,0
2024-04-09,sz.002975,32.73,33.11,32.04,32.9,1313332,42907118.32,1.8164,0.6116,0,0
2024-04-10,sz.002975,33.1,33.48,32.08,32.42,1627400,53239259.04,2.2508,-1.459,0,0
2024-04-11,sz.002975,32.0,32.8,31.45,31.53,2127600,67991578.0,2.9426,-2.7452,0,0
2024-04-12,sz.002975,31.5,32.07,31.17,31.23,1098032,34709068.0,1.5186,-0.9515,0,0
2024-04-15,sz.002975,31.48,31.5,29.17,29.68,1795100,53932945.0,2.4827,-4.9632,0,0
2024-04-16,sz.002975,29.68,29.68,26.71,26.71,2349500,64907986.0,3.2495,-10.0067,0,1
2024-04-17,sz.002975,27.03,28.99,27.03,28.96,2280900,64834524.0,3.1546,8.4238,0,0
2024-04-18,sz.002975,29.54,29.71,28.1,29.05,1820500,52762838.0,2.5179,0.3108,0,0
2024-04-19,sz.002975,28.99,28.99,27.8,27.96,1820335,51390177.85,2.5176,-3.7522,0,0
2024-04-22,sz.002975,27.45,28.19,26.45,27.86,1499935,41255634.8,2.0745,-0.3577,0,0
2024-04-23,sz.002975,27.89,28.47,27.75,28.24,1432100,40279306.0,1.9807,1.364,0,0
2024-04-24,sz.002975,28.24,29.25,28.07,29.25,1612335,46661402.0,2.23,3.5765,0,0
2024-04-25,sz.002975,29.13,29.83,28.75,29.4,1037568,30549882.18,1.435,0.5128,0,0
2024-04-26,sz.002975,29.29,30.29,29.26,29.96,1279803,38247984.21,1.77,1.9048,0,0
2024-04-29,sz.002975,32.0,32.45,31.02,31.86,2825800,90369995.0,3.9083,6.3418,0,0
2024-04-30,sz.002975,31.7,32.37,31.6,32.06,1957999,62699605.8,2.708,0.6277,0,0
2024-05-06,sz.002975,32.47,32.69,32.0,32.02,1411099,45482557.62,1.9516,-0.1248,0,0
2024-05-07,sz.002975,32.08,32.38,31.89,32.18,984151,31652151.32,1.3611,0.4997,0,0
2024-05-08,sz.002975,32.4,32.4,31.13,31.41,1287700,40705417.0,1.781,-2.3928,0,0
2024-05-09,sz.002975,31.41,31.99,31.02,31.84,884000,28061954.0,1.2226,1.369,0,0
2024-05-10,sz.002975,31.79,32.11,31.09,31.2,904500,28343956.0,1.251,-2.0101,0,0
2024-05-13,sz.002975,31.03,31.03,29.9,30.09,1179400,35782656.0,1.6312,-3.5577,0,0
2024-05-14,sz.002975,30.19,31.01,30.19,30.83,985100,30187725.0,1.3625,2.4593,0,0
2024-05-15,sz.002975,30.87,30.99,30.2,30.23,736800,22481937.0,1.019,-1.9462,0,0
2024-05-16,sz.002975,30.3,30.89,30.0,30.4,1078471,32945514.21,1.4916,0.5624,0,0
2024-05-17,sz.002975,30.5,33.44,30.27,33.44,2243322,72265994.88,3.1027,10.0,1,0
2024-05-20,sz.002975,33.44,34.78,32.5,32.86,4961302,164738924.08,6.8618,-1.7344,0,0
2024-05-21,sz.002975,32.86,33.58,32.47,33.19,2956200,97907952.0,4.0886,1.0043,0,0
2024-05-22,sz.002975,32.9,34.5,32.8,34.09,3633179,122377727.92,5.0249,2.7117,0,0
2024-05-23,sz.002975,34.37,34.63,32.89,32.92,2954300,99115026.99,4.086,-3.4321,0,0
2024-05-24,sz.002975,32.81,33.35,32.18,32.21,2026100,66255490.0,2.8022,-2.1567,0,0
2024-05-27,sz.002975,31.28,31.97,30.52,31.93,2536900,78982362.0,3.5087,-0.8693,0,0
2024-05-28,sz.002975,31.93,32.5,31.3,31.55,1648400,52496632.0,2.2798,-1.1901,0,0
2024-05-29,sz.002975,31.54,32.38,31.02,32.06,1562300,49933724.0,2.1608,1.6165,0,0
2024-05-30,sz.002975,31.77,33.0,31.07,32.42,1967300,63452447.0,2.7209,1.1229,0,0
2024-05-31,sz.002975,32.42,34.08,32.0,33.02,3470700,115561446.0,4.8002,1.8507,0,0
2024-06-03,sz.002975,32.72,33.47,32.3,32.7,2530100,82993351.0,3.4993,-0.9691,0,0
2024-06-04,sz.002975,31.97,32.69,30.6,31.08,2926100,91463298.0,4.047,-4.9541,0,0
2024-06-05,sz.002975,30.83,31.07,30.0,30.02,1952733,59469616.9,2.7007,-3.4106,0,0
2024-06-06,sz.002975,30.4,31.5,28.26,28.5,2765800,80889708.0,3.8253,-5.0633,0,0
2024-06-07,sz.002975,28.87,29.29,28.36,28.41,1514500,43515823.0,2.0946,-0.3158,0,0
2024-06-11,sz.002975,28.41,29.65,27.39,29.65,1802308,51959575.48,2.4927,4.3647,0,0
2024-06-12,sz.002975,29.77,30.85,29.77,30.47,1729300,52848704.0,2.3917,2.7656,0,0
2024-06-13,sz.002975,30.74,31.49,30.02,30.91,1691490,52314444.02,2.3394,1.444,0,0
2024-06-14,sz.002975,30.8,30.81,30.01,30.3,1811179,54818108.7,2.505,-1.9735,0,0
2024-06-17,sz.002975,30.18,30.84,29.85,30.31,1243608,37739884.72,1.72,0.033,0,0
2024-06-18,sz.002975,30.22,31.08,30.22,30.95,1262700,38887192.0,1.7464,2.1115,0,0
2024-06-19,sz.002975,30.91,31.66,30.52,30.71,1324600,41057958.0,1.832,-0.7754,0,0
2024-06-20,sz.002975,30.57,30.88,29.85,29.88,1004800,30464109.0,1.3897,-2.7027,0,0
2024-06-21,sz.002975,29.5,30.06,29.15,29.68,1030300,30516406.0,1.425,-0.6693,0,0
2024-06-24,sz.002975,29.67,29.67,28.24,28.39,1165989,33692033.19,1.6126,-4.3464,0,0
2024-06-25,sz.002975,28.39,31.0,27.9,28.41,2396901,69142795.12,3.3151,0.0704,0,0
2024-06-26,sz.002975,28.0,29.55,27.58,29.43,2286733,65338831.62,3.1627,3.5903,0,0
2024-06-27,sz.002975,29.3,30.41,29.15,29.15,2255289,66924201.56,3.1192,-0.9514,0,0
2024-06-28,sz.002975,28.98,30.6,28.7,29.88,2225800,66671008.0,3.0784,2.5043,0,0
2024-07-01,sz.002975,29.9,29.9,28.54,29.23,1400600,40745042.0,1.9371,-2.1754,0,0
2024-07-02,sz.002975,29.23,29.3,28.6,28.72,1098179,31700291.2,1.5398,-1.7448,0,0
2024-07-03,sz.002975,28.72,28.79,28.1,28.27,780899,22142761.79,1.0949,-1.5669,0,0
2024-07-04,sz.002975,28.27,28.59,27.2,27.25,1175000,32557888.0,1.6475,-3.6081,0,0
2024-07-05,sz.002975,27.65,27.88,26.7,27.48,1029300,27995781.0,1.4432,0.844,0,0
2024-07-08,sz.002975,27.5,27.5,26.22,26.5,1355100,36188005.0,1.9,-3.5662,0,0
2024-07-09,sz.002975,26.5,28.05,26.23,28.05,1638764,44616415.64,2.2977,5.8491,0,0
2024-07-10,sz.002975,27.95,28.45,27.68,28.08,971800,27364224.0,1.3626,0.107,0,0
2024-07-11,sz.002975,28.88,29.09,28.3,28.95,1470800,42223533.0,2.0622,3.0983,0,0
2024-07-12,sz.002975,28.84,28.84,28.03,28.3,1036500,29418269.0,1.4533,-2.2453,0,0
2024-07-15,sz.002975,28.0,28.37,27.4,27.6,861400,23941592.0,1.2078,-2.4735,0,0
2024-07-16,sz.002975,27.6,28.7,27.48,28.58,1648700,46675465.0,2.3117,3.5507,0,0
2024-07-17,sz.002975,28.18,28.46,27.4,27.5,1215000,33807689.8,1.7036,-3.7789,0,0
2024-07-18,sz.002975,27.2,27.38,26.36,27.08,1097664,29451294.96,1.539,-1.5273,0,0
2024-07-19,sz.002975,26.82,27.46,26.7,27.12,835900,22767323.24,1.172,0.1477,0,0
2024-07-22,sz.002975,27.06,27.61,27.06,27.36,663900,18151305.64,0.9309,0.885,0,0
2024-07-23,sz.002975,27.35,27.35,26.3,26.33,790300,21152482.64,1.1081,-3.7646,0,0
2024-07-24,sz.002975,26.32,26.53,25.75,25.82,932700,24286728.0,1.3077,-1.937,0,0
2024-07-25,sz.002975,25.78,26.3,25.43,25.82,884100,22782468.0,1.2396,0.0,0,0
2024-07-26,sz.002975,25.82,26.48,25.82,26.37,796100,20868385.0,1.1162,2.1301,0,0
2024-07-29,sz.002975,26.37,26.68,26.04,26.42,556200,14620989.0,0.7799,0.1896,0,0
2024-07-30,sz.002975,26.33,26.77,25.9,26.36,709603,18695422.08,0.9949,-0.2271,0,0
2024-07-31,sz.002975,26.36,27.87,26.22,27.83,1267200,34656396.0,1.7768,5.5766,0,0
2024-08-01,sz.002975,27.89,28.29,27.4,27.74,1013118,28159039.42,1.4205,-0.3234,0,0
2024-08-02,sz.002975,27.58,27.78,26.74,26.8,955600,26002905.0,1.3399,-3.3886,0,0
2024-08-05,sz.002975,26.53,26.72,25.26,25.28,1718485,44413203.3,2.4095,-5.6716,0,0
2024-08-06,sz.002975,25.7,25.94,25.45,25.9,749585,19271106.8,1.051,2.4525,0,0
2024-08-07,sz.002975,25.9,26.25,25.7,25.9,593116,15427897.4,0.8316,0.0,0,0
2024-08-08,sz.002975,25.72,26.06,25.2,25.62,606600,15499728.0,0.8505,-1.0811,0,0
2024-08-09,sz.002975,25.62,26.35,25.52,25.6,556200,14277418.0,0.7799,-0.0781,0,0
2024-08-12,sz.002975,25.55,25.64,25.2,25.39,524600,13327391.0,0.7355,-0.8203,0,0
2024-08-13,sz.002975,25.43,25.99,25.2,25.88,726200,18629787.0,1.0182,1.9299,0,0
2024-08-14,sz.002975,25.8,26.38,25.66,26.24,806600,21054203.0,1.1309,1.391,0,0
2024-08-15,sz.002975,26.09,26.94,25.77,26.55,1174300,31099677.0,1.6465,1.1814,0,0
2024-08-16,sz.002975,26.52,27.49,26.52,27.3,1572785,42752053.1,2.2052,2.8249,0,0
2024-08-19,sz.002975,26.8,27.58,26.23,26.33,1088900,29202338.0,1.5268,-3.5531,0,0
2024-08-20,sz.002975,26.23,26.49,25.85,26.13,684000,17872194.0,0.959,-0.7596,0,0
2024-08-21,sz.002975,25.8,26.68,25.8,26.25,689200,18183480.36,0.9663,0.4592,0,0
2024-08-22,sz.002975,26.25,26.43,25.49,25.6,637502,16470338.72,0.8938,-2.4762,0,0
2024-08-23,sz.002975,25.8,26.1,25.1,25.84,792700,20313646.0,1.1115,0.9375,0,0
2024-08-26,sz.002975,25.87,26.64,25.8,26.53,741500,19536355.0,1.0397,2.6703,0,0
2024-08-27,sz.002975,26.21,26.45,25.5,25.59,850600,22013557.0,1.1926,-3.5432,0,0
2024-08-28,sz.002975,25.19,25.98,25.19,25.63,708300,18099835.0,0.9931,0.1563,0,0
2024-08-29,sz.002975,25.49,26.5,25.31,26.2,965600,25245341.0,1.3539,2.224,0,0
2024-08-30,sz.002975,26.2,28.82,26.2,27.57,3684038,102760421.76,5.1654,5.229,0,0
2024-09-02,sz.002975,27.9,28.24,26.88,26.89,2435223,67232899.68,3.4145,-2.4664,0,0
2024-09-03,sz.002975,26.9,27.8,26.69,27.28,1430461,38965112.71,2.0057,1.4504,0,0
2024-09-04,sz.002975,26.93,27.1,26.5,26.68,895800,23977499.39,1.256,-2.1994,0,0
2024-09-05,sz.002975,26.59,27.5,26.58,27.01,1408985,38235475.55,1.9756,1.2369,0,0
2024-09-06,sz.002975,27.0,27.3,26.4,26.4,1099800,29490420.0,1.542,-2.2584,0,0
2024-09-09,sz.002975,26.2,26.24,25.24,25.34,1513699,38874776.91,2.1224,-4.0152,0,0
2024-09-10,sz.002975,25.36,25.66,24.71,25.42,1036700,26013962.0,1.4536,0.3157,0,0
2024-09-11,sz.002975,25.41,25.47,24.86,25.22,926200,23362410.0,1.2986,-0.7868,0,0
2024-09-12,sz.002975,25.22,25.5,24.5,24.5,1043400,26039185.0,1.463,-2.8549,0,0
2024-09-13,sz.002975,24.5,24.55,23.61,23.64,965500,23120744.0,1.3537,-3.5102,0,0
2024-09-18,sz.002975,23.64,23.83,23.16,23.54,1489100,35043943.0,2.0879,-0.423,0,0
2024-09-19,sz.002975,23.55,24.1,23.46,23.64,1297484,30890459.23,1.8192,0.4248,0,0
2024-09-20,sz.002975,23.91,23.91,23.23,23.5,907182,21277013.0,1.272,-0.5922,0,0
2024-09-23,sz.002975,23.32,24.15,23.02,23.74,1243600,29554070.0,1.7437,1.0213,0,0
2024-09-24,sz.002975,23.88,24.58,23.5,24.56,1754400,42314244.0,2.4599,3.4541,0,0
2024-09-25,sz.002975,24.89,25.15,24.46,24.51,1414300,35110288.0,1.983,-0.2036,0,0
2024-09-26,sz.002975,24.51,25.35,24.35,25.34,1361800,33922975.0,1.9094,3.3864,0,0
2024-09-27,sz.002975,25.64,27.1,25.54,26.77,1866084,49033896.6,2.6165,5.6433,0,0
2024-09-30,sz.002975,27.81,29.45,27.41,29.45,3150685,90707664.4,4.4176,10.0112,1,0
2024-10-08,sz.002975,32.4,32.4,30.01,32.06,4130900,130468900.0,5.792,8.8625,0,0
2024-10-09,sz.002975,31.99,31.99,29.25,29.54,3325764,102161066.28,4.8536,-7.8603,0,0
2024-10-10,sz.002975,29.88,30.4,29.13,29.3,2084666,62034729.24,3.0424,-0.8125,0,0
2024-10-11,sz.002975,29.24,29.24,27.2,27.56,1691600,47347065.72,2.4687,-5.9386,0,0
2024-10-14,sz.002975,27.6,28.54,26.98,28.5,1540879,43038054.21,2.2488,3.4107,0,0
2024-10-15,sz.002975,28.5,28.96,27.84,27.84,1411800,40015033.0,2.0604,-2.3158,0,0
2024-10-16,sz.002975,27.47,28.26,27.3,27.85,1314800,36550085.0,1.9188,0.0359,0,0
2024-10-17,sz.002975,28.06,28.45,27.7,27.77,1512124,42522968.72,2.2068,-0.2873,0,0
2024-10-18,sz.002975,27.88,29.36,27.81,28.81,2327900,66655443.0,3.3974,3.745,0,0
2024-10-21,sz.002975,28.98,30.05,28.96,29.67,2076364,61353581.44,3.0303,2.9851,0,0
2024-10-22,sz.002975,29.97,30.88,29.37,30.15,2661618,80011113.2,3.8844,1.6178,0,0
2024-10-23,sz.002975,30.04,30.45,29.6,29.78,1847000,55450043.0,2.6955,-1.2272,0,0
2024-10-24,sz.002975,30.12,30.12,29.3,29.81,1223600,36319935.0,1.7857,0.1007,0,0
2024-10-25,sz.002975,29.6,30.28,29.6,30.0,1233700,37003871.0,1.8005,0.6374,0,0
2024-10-28,sz.002975,30.49,30.67,29.72,30.24,1292600,38926631.0,1.8864,0.8,0,0
2024-10-29,sz.002975,30.32,30.45,29.44,29.6,1648300,49180848.0,2.4055,-2.1164,0,0
2024-10-30,sz.002975,29.36,30.21,29.25,29.67,1401100,41695204.0,2.0448,0.2365,0,0
2024-10-31,sz.002975,29.68,29.78,28.68,29.02,2181116,63389457.6,3.1831,-2.1908,0,0
2024-11-01,sz.002975,29.03,29.15,27.45,27.46,2177100,60830580.24,3.1773,-5.3756,0,0
2024-11-04,sz.002975,27.57,29.15,27.5,28.84,2001800,57404232.0,2.9214,5.0255,0,0
2024-11-05,sz.002975,29.38,29.88,27.86,29.88,2182176,63906762.68,3.1847,3.6061,0,0
2024-11-06,sz.002975,29.93,30.49,29.25,29.79,2257600,67295343.0,3.2948,-0.3012,0,0
2024-11-07,sz.002975,29.8,30.1,29.31,30.05,1805300,53678522.0,2.6347,0.8728,0,0
2024-11-08,sz.002975,30.39,30.49,29.73,29.91,2283000,68738801.0,3.3318,-0.4659,0,0
2024-11-11,sz.002975,29.92,30.92,29.5,30.92,2581031,78791271.89,3.7668,3.3768,0,0
2024-11-12,sz.002975,31.92,31.92,30.22,30.63,2544332,78703750.6,3.7132,-0.9379,0,0
2024-11-13,sz.002975,30.42,30.94,29.8,30.76,1566858,47681428.5,2.2867,0.4244,0,0
2024-11-14,sz.002975,30.45,33.84,30.43,33.84,7421100,239871704.49,10.8304,10.013,1,0
2024-11-15,sz.002975,35.53,37.22,34.04,37.22,11954175,430655110.76,17.446,9.9882,1,0
2024-11-18,sz.002975,36.0,36.8,33.5,33.5,14469311,500370172.57,21.1166,-9.9946,0,1
2024-11-19,sz.002975,32.4,34.5,31.53,33.95,10395369,342527357.48,15.171,1.3433,0,0
2024-11-20,sz.002975,33.2,36.0,33.2,35.82,11605898,406599837.82,16.9377,5.5081,0,0
2024-11-21,sz.002975,35.2,35.3,34.0,34.42,8181864,283184471.88,11.9406,-3.9084,0,0
2024-11-22,sz.002975,34.1,36.6,33.53,34.32,9363903,329811680.9,13.6657,-0.2905,0,0
2024-11-25,sz.002975,33.79,35.9,32.0,35.54,9383476,318861096.22,13.6943,3.5548,0,0
2024-11-26,sz.002975,35.62,35.89,33.38,33.46,5790964,198958107.95,8.4514,-5.8526,0,0
2024-11-27,sz.002975,32.9,32.93,31.66,32.72,4851543,156257258.56,6.7582,-2.2116,0,0
2024-11-28,sz.002975,32.5,32.55,31.1,31.18,5277714,166637931.28,7.3518,-4.7066,0,0
2024-11-29,sz.002975,30.82,31.79,30.7,31.57,3912468,122771073.92,5.45,1.2508,0,0
2024-12-02,sz.002975,31.66,33.0,31.64,32.44,4468024,144224904.34,6.2239,2.7558,0,0
2024-12-03,sz.002975,32.44,33.15,31.78,32.5,3843671,124564140.26,5.3542,0.185,0,0
2024-12-04,sz.002975,32.55,33.04,31.65,31.88,3752158,121418838.64,5.2267,-1.9077,0,0
2024-12-05,sz.002975,31.73,32.94,31.52,32.47,3271834,105888988.89,4.5576,1.8507,0,0
2024-12-06,sz.002975,32.85,34.19,32.73,33.41,4684736,155901688.63,6.5258,2.895,0,0
2024-12-09,sz.002975,33.44,34.88,33.41,34.26,6663153,226604789.76,9.2817,2.5441,0,0
2024-12-10,sz.002975,35.0,35.08,33.95,34.26,5546629,190775838.16,7.7264,0.0,0,0
2024-12-11,sz.002975,34.0,35.5,33.01,35.4,6785922,233678143.66,9.4527,3.3275,0,0
2024-12-12,sz.002975,35.01,35.35,34.19,34.62,3935905,136330586.47,5.4827,-2.2034,0,0
2024-12-13,sz.002975,34.31,34.66,33.23,33.32,3312135,112001136.8,4.6138,-3.7551,0,0
2024-12-16,sz.002975,33.3,34.08,32.9,33.35,2679038,89568852.08,3.7319,0.09,0,0
2024-12-17,sz.002975,33.38,35.38,33.15,33.34,4001764,136236657.46,5.5744,-0.03,0,0
2024-12-18,sz.002975,33.0,34.86,32.35,34.45,4989513,169828765.39,6.9504,3.3293,0,0
2024-12-19,sz.002975,34.28,37.9,33.95,37.18,17463850,649115401.9,24.327,7.9245,0,0
2024-12-20,sz.002975,35.3,36.4,34.81,35.09,11845463,420636962.77,16.5006,-5.6213,0,0
2024-12-23,sz.002975,35.46,35.72,32.37,32.56,6839963,228773029.47,9.528,-7.21,0,0
2024-12-24,sz.002975,32.4,33.86,31.5,32.55,4128032,133004282.24,5.7503,-0.0307,0,0
2024-12-25,sz.002975,32.23,32.8,30.9,31.56,3073273,97431875.22,4.281,-3.0415,0,0
2024-12-26,sz.002975,31.56,33.01,31.16,32.28,2886241,93535230.33,4.0205,2.2814,0,0
2024-12-27,sz.002975,32.17,34.88,31.82,33.48,5436340,182714844.92,7.5728,3.7175,0,0
2024-12-30,sz.002975,33.02,33.02,31.51,32.2,3618653,116452136.58,5.0408,-3.8232,0,0
2024-12-31,sz.002975,32.27,33.12,30.41,30.46,3356811,105022358.6,4.6521,-5.4037,0,0
2025-01-02,sz.002975,30.14,30.46,28.3,28.87,3271860,96028944.69,3.9985,-5.22,0,0
2025-01-03,sz.002975,28.87,29.25,26.86,26.87,2775800,76886833.89,3.3923,-6.9276,0,0
2025-01-06,sz.002975,26.88,27.09,25.8,26.87,2033481,54252511.97,2.4851,0.0,0,0
2025-01-07,sz.002975,26.91,27.55,26.79,27.4,1951200,53050400.0,2.3846,1.9725,0,0
2025-01-08,sz.002975,27.14,27.49,26.05,27.22,2379071,63853977.57,2.9075,-0.6569,0,0
2025-01-09,sz.002975,27.18,28.28,26.97,27.68,2260276,62881346.49,2.7623,1.6899,0,0
2025-01-10,sz.002975,27.75,28.45,27.1,27.17,2315897,64358781.28,2.8303,-1.8425,0,0
2025-01-13,sz.002975,26.61,27.9,26.0,27.22,1714000,46181065.0,2.0947,0.184,0,0
2025-01-14,sz.002975,27.73,28.58,27.22,28.58,2574136,72178542.56,3.1458,4.9963,0,0
2025-01-15,sz.002975,28.8,29.43,28.41,28.58,2197031,63218404.48,2.685,0.0,0,0
2025-01-16,sz.002975,28.62,29.28,28.1,28.49,1920400,55025914.4,2.3469,-0.3149,0,0
2025-01-17,sz.002975,28.49,28.85,28.22,28.52,1593400,45412224.0,1.9473,0.1053,0,0
2025-01-20,sz.002975,28.75,29.2,28.35,28.81,1515600,43712828.0,1.8522,1.0168,0,0
2025-01-21,sz.002975,28.86,29.36,28.55,29.34,1969830,57178672.2,2.4073,1.8396,0,0
2025-01-22,sz.002975,29.3,30.85,28.91,30.13,3697271,111110491.94,4.5184,2.6926,0,0
2025-01-23,sz.002975,30.29,31.87,30.28,30.5,4065692,126535975.54,4.9687,1.228,0,0
2025-01-24,sz.002975,30.71,31.28,30.0,31.21,2978679,91235420.55,3.6402,2.3279,0,0
2025-01-27,sz.002975,31.5,31.64,30.35,30.38,1966370,60457214.9,2.4031,-2.6594,0,0
2025-02-05,sz.002975,30.79,31.31,30.17,31.16,2444605,75407664.25,2.9875,2.5675,0,0
2025-02-06,sz.002975,30.95,32.46,30.95,32.38,2818663,89832023.82,3.4447,3.9153,0,0
2025-02-07,sz.002975,32.37,34.7,31.94,33.76,5375881,180843429.4,6.5699,4.2619,0,0
2025-02-10,sz.002975,33.47,33.5,32.4,33.03,4168316,136698141.3,5.0941,-2.1623,0,0
2025-02-11,sz.002975,32.9,33.17,32.49,32.88,2218300,72849301.0,2.711,-0.4541,0,0
2025-02-12,sz.002975,33.58,33.8,32.66,33.22,2332822,77624808.73,2.8509,1.0341,0,0
2025-02-13,sz.002975,33.23,33.44,32.25,32.43,2395365,78122775.8,2.9274,-2.3781,0,0
2025-02-14,sz.002975,32.44,35.0,32.43,33.04,3407167,113730384.05,4.1639,1.881,0,0
2025-02-17,sz.002975,32.44,33.7,32.44,33.03,2987237,98895457.64,3.6507,-0.0303,0,0
2025-02-18,sz.002975,33.08,33.98,32.4,32.47,2642846,87176702.8,3.2298,-1.6954,0,0
2025-02-19,sz.002975,32.47,33.7,32.2,33.64,3642828,121529311.29,4.4519,3.6033,0,0
2025-02-20,sz.002975,33.59,34.44,33.55,34.22,3292742,111981341.3,4.0241,1.7241,0,0
2025-02-21,sz.002975,34.23,37.64,34.23,37.64,5521094,203092925.23,6.7473,9.9942,1,0
2025-02-24,sz.002975,37.63,38.73,37.0,37.03,11926475,450779738.01,14.5753,-1.6206,0,0
2025-02-25,sz.002975,36.26,39.28,36.0,37.88,8219619,312466704.28,10.0452,2.2954,0,0
2025-02-26,sz.002975,37.83,41.67,37.31,40.72,12864790,518941879.9,15.722,7.4974,0,0
2025-02-27,sz.002975,40.63,44.5,39.9,43.7,13386835,571235201.21,16.36,7.3183,0,0
2025-02-28,sz.002975,42.75,42.8,39.33,39.33,8096210,327382086.74,9.8944,-10.0,0,1
2025-03-03,sz.002975,38.5,38.66,35.74,36.06,9321626,342147245.39,11.3919,-8.3143,0,0
2025-03-04,sz.002975,35.73,38.27,35.5,37.62,6001953,222060618.92,7.335,4.3261,0,0
2025-03-05,sz.002975,37.58,41.38,37.5,41.38,5075900,199247858.32,6.2033,9.9947,1,0
2025-03-06,sz.002975,41.54,44.86,41.37,42.12,11543136,490783691.84,14.1069,1.7883,0,0
2025-03-07,sz.002975,41.65,42.95,40.7,41.11,6430595,267574413.34,7.8588,-2.3979,0,0
2025-03-10,sz.002975,41.11,42.3,40.58,41.4,5851565,241934838.47,7.1512,0.7054,0,0
2025-03-11,sz.002975,41.01,43.0,40.58,42.58,7303437,305492925.15,8.9255,2.8502,0,0
2025-03-12,sz.002975,42.16,43.87,41.87,42.39,6630734,282648119.31,8.1034,-0.4462,0,0
2025-03-13,sz.002975,41.89,42.38,39.3,39.65,6741474,272049505.71,8.2387,-6.4638,0,0
2025-03-14,sz.002975,39.35,39.8,38.66,39.52,4657801,182697103.38,5.6923,-0.3279,0,0
2025-03-17,sz.002975,39.0,39.53,38.0,38.79,5524201,212053598.22,6.7511,-1.8472,0,0
2025-03-18,sz.002975,38.06,38.79,37.64,38.35,5797339,220951683.31,7.0849,-1.1343,0,0
2025-03-19,sz.002975,38.6,39.83,37.64,38.93,8685479,337821833.94,10.6145,1.5124,0,0
2025-03-20,sz.002975,38.4,39.16,37.68,38.25,5620070,215535709.79,6.1875,-1.7467,0,0
2025-03-21,sz.002975,38.11,38.17,36.5,36.61,5196927,193547023.29,5.7216,-4.2876,0,0
2025-03-24,sz.002975,36.37,36.78,34.21,35.02,6071561,214051490.23,6.5799,-4.3431,0,0
2025-03-25,sz.002975,35.05,35.26,33.85,34.1,3488988,120021991.61,3.7811,-2.6271,0,0
2025-03-26,sz.002975,34.07,35.14,33.79,34.91,3225715,112218331.64,3.4958,2.3754,0,0
2025-03-27,sz.002975,34.82,35.08,34.11,34.45,2138789,73981929.59,2.3179,-1.3177,0,0
2025-03-28,sz.002975,34.58,36.78,34.58,35.42,6385885,228989172.59,6.9206,2.8157,0,0
2025-03-31,sz.002975,35.42,35.6,33.9,35.1,4240955,146048175.01,4.5961,-0.9034,0,0
2025-04-01,sz.002975,35.35,35.48,34.39,34.74,2825313,98077201.98,3.0619,-1.0256,0,0
2025-04-02,sz.002975,34.4,36.59,34.39,35.53,4821015,172590891.39,4.777,2.274,0,0
2025-04-03,sz.002975,35.08,35.45,33.5,33.73,4232276,145373219.75,4.1937,-5.0661,0,0
2025-04-07,sz.002975,30.86,31.9,30.36,30.36,2095410,64179711.58,2.0763,-9.9911,0,1
2025-04-08,sz.002975,29.18,29.64,27.32,27.32,5371602,149477667.0,5.3226,-10.0132,0,1
2025-04-09,sz.002975,26.8,27.49,24.6,27.19,8300872,215020825.67,8.2251,-0.4758,0,0
2025-04-10,sz.002975,28.6,29.37,28.34,28.43,5209935,150149652.61,5.1624,4.5605,0,0
2025-04-11,sz.002975,28.24,29.47,28.24,28.9,4009471,116007087.21,3.9729,1.6532,0,0
2025-04-14,sz.002975,30.2,30.42,29.38,29.45,3436017,102448596.07,3.4047,1.9031,0,0
2025-04-15,sz.002975,29.85,29.85,28.8,29.32,2191779,64084523.71,2.1718,-0.4414,0,0
2025-04-16,sz.002975,29.0,29.27,27.99,28.59,2709277,77376511.05,2.6846,-2.4898,0,0
2025-04-17,sz.002975,28.49,29.0,28.08,28.45,2651476,76190661.07,2.6273,-0.4897,0,0
2025-04-18,sz.002975,28.45,28.76,27.97,28.22,1884036,53267262.75,1.8668,-0.8084,0,0
2025-04-21,sz.002975,28.18,28.88,27.98,28.73,2625179,74618871.87,2.6012,1.8072,0,0
2025-04-22,sz.002975,28.56,28.78,28.31,28.54,2613167,74561103.55,2.5314,-0.6613,0,0
2025-04-23,sz.002975,28.77,29.88,28.75,29.51,3552627,104396661.41,3.4415,3.3987,0,0
2025-04-24,sz.002975,29.58,30.2,28.71,29.01,3769131,110978236.44,3.5637,-1.6943,0,0
2025-04-25,sz.002975,29.3,29.3,28.4,29.1,2262457,65607783.56,2.1392,0.3102,0,0
2025-04-28,sz.002975,28.02,28.35,27.27,27.95,3967271,110356875.72,3.7511,-3.9519,0,0
2025-04-29,sz.002975,27.65,28.85,27.45,28.39,2564141,72869042.2,2.4244,1.5742,0,0
2025-04-30,sz.002975,28.51,29.1,28.28,28.83,2565595,74139865.8,2.4258,1.5498,0,0
2025-05-06,sz.002975,29.03,29.85,29.03,29.83,2450410,72518972.79,2.3169,3.4686,0,0
2025-05-07,sz.002975,30.23,32.81,29.97,32.81,3518869,112406577.89,3.3271,9.9899,1,0
2025-05-08,sz.002975,32.3,32.8,31.68,32.26,9226890,297950706.25,8.7162,-1.6763,0,0
2025-05-09,sz.002975,32.12,32.16,31.22,31.73,4645664,147096620.78,4.3885,-1.6429,0,0
2025-05-12,sz.002975,32.27,32.68,31.9,32.62,5747964,186014790.81,5.4298,2.8049,0,0
2025-05-13,sz.002975,33.08,33.36,32.33,32.43,4592450,149832671.63,4.3383,-0.5825,0,0
2025-05-14,sz.002975,32.28,32.78,31.85,32.0,3360717,108035980.77,3.1747,-1.3259,0,0
2025-05-15,sz.002975,31.95,31.95,31.27,31.29,2350633,74048979.39,2.2205,-2.2188,0,0
2025-05-16,sz.002975,31.6,32.07,31.3,31.78,2204704,69905065.13,2.0827,1.566,0,0
2025-05-19,sz.002975,31.67,31.9,31.0,31.88,2309043,72582550.16,2.1812,0.3147,0,0
2025-05-20,sz.002975,31.8,33.5,31.22,32.22,4203597,135858694.99,3.9709,1.0665,0,0
2025-05-21,sz.002975,31.83,32.01,31.28,31.5,2701517,85150839.41,2.552,-2.2346,0,0
2025-05-22,sz.002975,31.28,31.75,30.93,30.93,2578956,80713661.42,2.4362,-1.8095,0,0
2025-05-23,sz.002975,30.8,32.42,30.76,31.07,3833986,120596427.95,3.6218,0.4526,0,0
2025-05-26,sz.002975,31.07,32.52,31.02,32.51,5360020,171603818.0,5.0634,4.6347,0,0
2025-05-27,sz.002975,32.5,33.19,32.2,32.47,4845375,158699685.62,4.5772,-0.123,0,0
2025-05-28,sz.002975,32.47,33.06,32.09,32.84,3119503,101337849.88,2.9468,1.1395,0,0
2025-05-29,sz.002975,32.99,33.78,32.59,33.25,3718158,123230085.19,3.5124,1.2485,0,0
2025-05-30,sz.002975,33.08,33.4,32.03,32.4,2776466,90434996.31,2.6228,-2.5564,0,0
2025-06-03,sz.002975,32.15,32.58,31.93,32.4,2469176,79602259.49,2.3325,0.0,0,0
2025-06-04,sz.002975,32.22,32.68,32.22,32.53,1677288,54495421.75,1.5845,0.4012,0,0
2025-06-05,sz.002975,32.5,33.33,32.3,33.01,2682357,88167291.27,2.5339,1.4756,0,0
2025-06-06,sz.002975,32.9,33.87,32.53,33.58,3538499,117985010.6,3.3427,1.7267,0,0
2025-06-09,sz.002975,33.67,33.84,33.3,33.41,2489403,83369048.42,2.3516,-0.5063,0,0
2025-06-10,sz.002975,33.4,34.07,32.67,33.0,4075621,135666806.72,3.85,-1.2272,0,0
2025-06-11,sz.002975,33.0,33.22,32.6,32.66,2311505,75994436.71,2.1836,-1.0303,0,0
2025-06-12,sz.002975,32.56,33.66,32.36,32.86,2455622,81042042.33,2.3197,0.6124,0,0
2025-06-13,sz.002975,32.88,32.97,31.68,31.75,2718731,87331281.38,2.5683,-3.378,0,0
2025-06-16,sz.002975,31.6,32.4,31.3,32.09,1474434,47399734.08,1.3928,1.0709,0,0
2025-06-17,sz.002975,32.07,32.26,31.61,31.83,1387034,44187994.98,1.3103,-0.8102,0,0
2025-06-18,sz.002975,31.62,31.92,31.36,31.84,1197217,37929789.03,1.131,0.0314,0,0
2025-06-19,sz.002975,31.83,32.49,31.59,31.88,1905102,61077076.67,1.7997,0.1256,0,0
2025-06-20,sz.002975,31.92,32.3,30.83,30.97,1652180,51795910.12,1.5607,-2.8545,0,0
2025-06-23,sz.002975,30.91,31.65,30.7,31.51,1334127,41759549.45,1.2603,1.7436,0,0
2025-06-24,sz.002975,31.53,33.06,31.53,32.9,2684760,87489291.09,2.5362,4.4113,0,0
2025-06-25,sz.002975,33.05,33.28,32.6,33.15,2121533,69967638.69,2.0041,0.7599,0,0
2025-06-26,sz.002975,33.39,33.55,32.9,32.94,2516499,83596854.92,2.3772,-0.6335,0,0
2025-06-27,sz.002975,33.02,33.27,32.71,32.93,1900363,62655131.77,1.7952,0.3657,0,0
2025-06-30,sz.002975,33.29,34.93,33.29,34.18,4973590,170212527.37,4.6983,3.7959,0,0
2025-07-01,sz.002975,34.05,34.2,33.53,33.66,2573769,86830444.52,2.4313,-1.5214,0,0
2025-07-02,sz.002975,33.55,33.66,32.8,33.12,1691865,55941233.46,1.5982,-1.6043,0,0
2025-07-03,sz.002975,33.13,33.77,32.94,33.63,1866597,62354869.77,1.7633,1.5399,0,0
2025-07-04,sz.002975,33.6,35.09,32.81,34.05,5258044,179037867.29,4.967,1.2489,0,0
2025-07-07,sz.002975,34.23,34.27,33.28,33.73,2554427,86519950.88,2.413,-0.9398,0,0
2025-07-08,sz.002975,33.74,34.65,33.53,34.45,3404435,116925538.43,3.216,2.1346,0,0
2025-07-09,sz.002975,34.45,34.64,33.9,33.95,2196949,75162894.05,2.0754,-1.4514,0,0
2025-07-10,sz.002975,33.76,34.15,33.35,33.73,2499831,84127818.6,2.3615,-0.648,0,0
2025-07-11,sz.002975,33.73,33.73,33.04,33.57,2593734,86595911.6,2.4502,-0.4744,0,0
2025-07-14,sz.002975,33.57,33.84,33.3,33.71,1715336,57524740.0,1.6204,0.417,0,0
2025-07-15,sz.002975,33.5,35.25,33.4,34.69,4974327,171600157.73,4.699,2.9071,0,0
2025-07-16,sz.002975,35.31,35.66,34.77,35.06,5087374,179212422.08,4.8058,1.0666,0,0
2025-07-17,sz.002975,34.91,35.88,34.46,35.4,4077153,143511301.21,3.8515,0.9698,0,0
2025-07-18,sz.002975,35.3,35.45,34.71,34.81,2249440,78665307.38,2.1249,-1.6667,0,0
2025-07-21,sz.002975,34.82,35.06,34.47,34.81,2119323,73654163.1,2.002,0.0,0,0
2025-07-22,sz.002975,34.79,35.18,34.52,34.77,2164485,75432535.83,2.0447,-0.1149,0,0
2025-07-23,sz.002975,34.6,34.77,34.02,34.1,2084174,71329956.37,1.9688,-1.9269,0,0
2025-07-24,sz.002975,34.1,35.2,34.06,34.71,2175388,75482856.08,2.055,1.7889,0,0
2025-07-25,sz.002975,34.6,38.18,34.6,38.18,9458234,348657736.41,8.9347,9.9971,1,0
2025-07-28,sz.002975,37.92,40.16,37.84,39.99,15368761,605104792.07,14.5181,4.7407,0,0
2025-07-29,sz.002975,39.45,40.68,39.19,39.57,8218793,326009944.47,7.7639,-1.0503,0,0
2025-07-30,sz.002975,39.55,41.27,38.95,39.93,8326990,334950199.62,7.8661,0.9098,0,0
2025-07-31,sz.002975,42.63,43.92,39.11,39.63,23798351,1019151280.67,22.4812,-0.7513,0,0
2025-08-01,sz.002975,38.92,41.53,38.82,39.7,14024376,564540935.85,13.2482,0.1766,0,0
2025-08-04,sz.002975,39.0,42.26,38.55,41.84,11949305,485272489.29,11.2879,5.3904,0,0
2025-08-05,sz.002975,42.06,42.99,41.45,42.31,10912481,459897695.71,10.3085,1.1233,0,0
2025-08-06,sz.002975,42.33,46.54,42.33,46.54,13737940,612615326.28,12.9776,9.9976,1,0
2025-08-07,sz.002975,46.55,50.9,45.76,49.1,18846276,911921974.83,17.8032,5.5006,0,0
2025-08-08,sz.002975,47.0,48.24,46.0,46.31,12090663,569755978.76,11.4215,-5.6823,0,0
2025-08-11,sz.002975,45.89,45.99,43.51,44.01,14140192,626433134.02,13.3576,-4.9665,0,0
2025-08-12,sz.002975,44.0,44.13,43.18,44.0,7259457,316184024.96,6.8577,-0.0227,0,0
2025-08-13,sz.002975,44.26,48.4,43.18,48.4,13501383,619033449.01,12.7541,10.0,1,0
2025-08-14,sz.002975,50.04,52.15,47.0,48.5,18273968,902478330.49,17.2626,0.2066,0,0
2025-08-15,sz.002975,48.8,50.38,47.51,50.05,12271014,605813746.22,11.5918,3.1959,0,0
2025-08-18,sz.002975,51.1,52.99,49.84,50.29,13957041,717447944.63,13.1846,0.4795,0,0
2025-08-19,sz.002975,50.01,51.62,49.34,50.4,8618861,434135507.76,8.1418,0.2187,0,0
2025-08-20,sz.002975,49.0,50.21,47.85,48.26,8724679,424328692.95,8.2418,-4.246,0,0
2025-08-21,sz.002975,48.12,48.45,46.8,47.76,6008616,286174689.71,5.6761,-1.0361,0,0
2025-08-22,sz.002975,47.79,48.0,46.79,46.83,5987153,281958027.69,5.6558,-1.9472,0,0
2025-08-25,sz.002975,47.25,49.98,47.0,48.02,9409271,455462041.51,8.8885,2.5411,0,0
2025-08-26,sz.002975,47.11,48.03,47.11,47.44,4537354,215740450.27,4.2862,-1.2078,0,0
2025-08-27,sz.002975,47.4,48.86,46.3,46.3,5960519,284433478.53,5.6306,-2.403,0,0
2025-08-28,sz.002975,45.97,47.75,45.31,47.71,5970166,278419948.66,5.6397,3.0454,0,0
2025-08-29,sz.002975,47.0,48.16,46.5,48.0,4930900,234109147.54,4.658,0.6078,0,0
2025-09-01,sz.002975,52.8,52.8,52.8,52.8,3920417,206998017.6,3.7034,10.0,1,0
2025-09-02,sz.002975,58.08,58.08,58.08,58.08,2008740,116667619.2,1.8976,10.0,1,0
2025-09-03,sz.002975,63.89,63.89,59.93,63.89,25285394,1592918385.39,23.8859,10.0034,1,0
2025-09-04,sz.002975,65.12,67.99,60.61,62.79,28174104,1803908002.37,26.6148,-1.7217,0,0
2025-09-05,sz.002975,61.8,62.05,56.53,59.6,19403623,1137607984.98,18.3297,-5.0804,0,0
2025-09-08,sz.002975,63.77,63.77,56.0,57.6,15232237,889137787.26,14.3892,-3.3557,0,0
2025-09-09,sz.002975,57.01,58.37,55.21,56.0,9347056,529044928.48,8.8297,-2.7778,0,0
2025-09-10,sz.002975,57.75,61.6,56.1,61.6,15809490,935108608.37,14.9345,10.0,1,0
2025-09-11,sz.002975,62.06,63.55,60.3,62.68,19217231,1190990902.11,18.1536,1.7532,0,0
2025-09-12,sz.002975,63.31,64.47,60.89,61.93,14705845,924751406.02,13.8919,-1.1966,0,0
2025-09-15,sz.002975,60.4,61.94,59.93,61.06,9245267,563205120.48,8.7336,-1.4048,0,0
2025-09-16,sz.002975,61.0,63.68,60.0,61.78,11068432,687458470.0,10.4558,1.1792,0,0
2025-09-17,sz.002975,61.21,64.35,60.5,63.44,12724878,795400515.87,12.0206,2.687,0,0
2025-09-18,sz.002975,66.31,69.78,64.5,69.78,21582878,1476851505.73,20.3883,9.9937,1,0
2025-09-19,sz.002975,68.8,68.8,62.8,62.8,18443482,1197465371.78,17.4227,-10.0029,0,1
2025-09-22,sz.002975,62.81,64.38,62.05,63.9,9563285,606987579.35,9.034,1.7516,0,0
2025-09-23,sz.002975,65.5,65.8,59.5,60.9,10595320,655746279.66,10.0089,-4.6948,0,0
2025-09-24,sz.002975,60.01,62.3,58.81,61.84,7767192,476860520.98,7.3373,1.5435,0,0
2025-09-25,sz.002975,61.84,64.32,61.66,62.22,5830023,365317293.13,5.5073,0.6145,0,0
2025-09-26,sz.002975,61.5,62.45,59.76,59.76,5456864,330883468.16,5.1548,-3.9537,0,0
2025-09-29,sz.002975,59.05,61.2,59.05,60.45,3371964,202526324.52,3.1853,1.1546,0,0
2025-09-30,sz.002975,60.6,61.5,59.21,60.32,4644800,280085853.63,4.3877,-0.2151,0,0
2025-10-09,sz.002975,60.02,60.82,58.82,59.7,4779911,285966840.5,4.5154,-1.0279,0,0
2025-10-10,sz.002975,59.22,62.22,58.88,59.02,4597600,277852427.0,4.3431,-1.139,0,0
2025-10-13,sz.002975,54.43,58.35,54.0,57.9,4876956,275980727.2,4.607,-1.8977,0,0
2025-10-14,sz.002975,58.01,58.8,55.59,55.84,4199300,238687396.0,3.9669,-3.5579,0,0
2025-10-15,sz.002975,56.84,57.4,55.6,57.4,3180737,180663644.83,3.0047,2.7937,0,0
2025-10-16,sz.002975,57.4,57.42,55.91,56.31,2258940,128026727.6,2.1339,-1.899,0,0
2025-10-17,sz.002975,56.34,56.48,53.41,53.48,3620379,196856035.92,3.42,-5.0258,0,0
2025-10-20,sz.002975,54.25,55.4,54.03,54.5,2571192,140731164.4,2.4289,1.9073,0,0
2025-10-21,sz.002975,54.8,56.66,54.34,56.05,3385400,188247252.5,3.198,2.844,0,0
2025-10-22,sz.002975,55.86,56.3,55.25,55.58,1952982,108589469.94,1.8449,-0.8385,0,0
2025-10-23,sz.002975,55.03,55.67,53.82,54.95,2127100,115618893.0,2.0094,-1.1335,0,0
2025-10-24,sz.002975,54.9,56.81,54.9,56.6,2993882,167884957.7,2.8282,3.0027,0,0
2025-10-27,sz.002975,58.0,61.08,56.8,59.34,6826500,402255735.0,6.4487,4.841,0,0
2025-10-28,sz.002975,59.35,61.26,59.0,60.88,5449100,329548416.0,5.1475,2.5952,0,0
2025-10-29,sz.002975,60.28,63.21,59.8,62.61,6629982,411496582.54,6.263,2.8417,0,0
2025-10-30,sz.002975,68.87,68.87,67.8,68.87,5055037,348084885.19,4.7753,9.9984,1,0
2025-10-31,sz.002975,69.98,75.76,65.89,72.27,19016359,1334452992.34,17.9639,4.9368,0,0
2025-11-03,sz.002975,70.88,71.5,67.78,70.5,11441431,794548065.2,10.8082,-2.4491,0,0
2025-11-04,sz.002975,69.07,71.0,68.5,69.32,7066977,490722544.7,6.6758,-1.6738,0,0
2025-11-05,sz.002975,66.01,70.02,66.01,69.33,7094400,486644832.0,6.7017,0.0144,0,0
2025-11-06,sz.002975,69.33,76.26,69.33,76.26,11515750,849922250.76,10.8784,9.9957,1,0
2025-11-07,sz.002975,76.8,78.5,75.0,75.68,9158664,699782045.53,8.6518,-0.7606,0,0
2025-11-10,sz.002975,75.77,77.0,73.77,76.06,6502323,489778115.61,6.1424,0.5021,0,0
2025-11-11,sz.002975,76.14,78.34,73.88,74.81,5529746,417631870.92,5.2237,-1.6434,0,0
2025-11-12,sz.002975,73.67,79.77,73.24,79.3,9770181,751321894.88,9.2294,6.0019,0,0
2025-11-13,sz.002975,77.85,79.47,75.7,78.18,7028860,545264330.74,6.6398,-1.4124,0,0
2025-11-14,sz.002975,75.12,76.25,72.77,73.7,7039766,523076211.64,6.6501,-5.7304,0,0
2025-11-17,sz.002975,72.0,75.75,71.4,73.8,5827155,431683383.4,5.5046,0.1357,0,0
2025-11-18,sz.002975,72.81,75.18,72.37,73.64,4161514,305097848.45,3.9312,-0.2168,0,0
2025-11-19,sz.002975,73.5,74.2,71.7,72.82,3580237,260148502.08,3.3821,-1.1135,0,0
2025-11-20,sz.002975,75.19,75.93,72.01,73.17,4678100,342974393.56,4.4192,0.4806,0,0
2025-11-21,sz.002975,70.05,71.97,69.46,69.55,4387814,309437155.17,4.145,-4.9474,0,0
2025-11-24,sz.002975,70.58,70.89,68.45,70.0,4035182,280868446.4,3.8118,0.647,0,0
2025-11-25,sz.002975,70.73,77.0,70.16,77.0,6460523,487273386.41,6.103,10.0,1,0
2025-11-26,sz.002975,77.99,79.84,76.0,77.03,10689835,832094424.88,10.0982,0.039,0,0
2025-11-27,sz.002975,77.27,84.73,77.27,83.0,17220396,1421838333.03,16.2673,7.7502,0,0
2025-11-28,sz.002975,81.44,82.0,78.03,79.75,11491100,913370625.86,10.8551,-3.9157,0,0
2025-12-01,sz.002975,77.99,78.93,76.0,76.68,7898200,608455934.15,7.4611,-3.8495,0,0
2025-12-02,sz.002975,76.22,76.37,73.98,74.82,5321695,398482139.84,5.0272,-2.4257,0,0
2025-12-03,sz.002975,74.6,75.47,73.45,74.88,5105100,378883149.0,4.8225,0.0802,0,0
2025-12-04,sz.002975,75.15,75.6,72.12,72.31,6402795,469974298.5,6.0484,-3.4322,0,0
2025-12-05,sz.002975,72.3,76.18,71.28,73.4,7428500,548767143.0,7.0174,1.5074,0,0
2025-12-08,sz.002975,73.48,76.26,72.6,75.45,6331900,474311665.0,5.9814,2.7929,0,0
2025-12-09,sz.002975,73.0,77.8,72.57,77.1,9306160,703316379.6,8.7911,2.1869,0,0
2025-12-10,sz.002975,77.09,77.1,72.45,75.96,7735217,577297796.19,7.3071,-1.4786,0,0
2025-12-11,sz.002975,76.8,76.8,73.51,73.63,4092200,305643863.0,3.8657,-3.0674,0,0
2025-12-12,sz.002975,73.5,73.72,71.05,72.58,5384400,389776215.0,5.0864,-1.426,0,0
2025-12-15,sz.002975,71.64,71.8,69.73,70.67,4284694,302848273.74,4.0475,-2.6316,0,0
2025-12-16,sz.002975,70.01,70.86,68.1,69.1,3202814,221501968.0,3.0255,-2.2216,0,0
2025-12-17,sz.002975,69.78,74.75,69.25,74.75,7709664,556255132.44,7.283,8.1766,0,0
2025-12-18,sz.002975,73.0,74.47,71.27,73.36,6682600,489011293.0,6.3127,-1.8595,0,0
2025-12-19,sz.002975,74.68,74.68,72.61,73.39,4292300,316777789.0,4.0547,0.0409,0,0
2025-12-22,sz.002975,74.51,78.22,74.3,76.68,6578664,506887846.13,6.2146,4.4829,0,0
2025-12-23,sz.002975,76.58,79.38,76.15,78.6,6510283,508721405.48,6.15,2.5039,0,0
2025-12-24,sz.002975,80.01,82.45,78.6,81.55,9675353,780626742.65,9.1399,3.7532,0,0
2025-12-25,sz.002975,80.11,82.31,80.07,81.4,5452168,441864707.36,5.1504,-0.1839,0,0
2025-12-26,sz.002975,80.6,82.45,79.85,80.11,4174648,336869731.83,3.9436,-1.5848,0,0
2025-12-29,sz.002975,79.76,80.06,77.88,78.59,4717020,371811303.6,4.4559,-1.8974,0,0
2025-12-30,sz.002975,78.42,79.75,77.72,78.3,3461328,271847889.55,3.2698,-0.369,0,0
2025-12-31,sz.002975,78.66,79.39,76.76,77.0,3471660,269004225.8,3.2795,-1.6603,0,0
2026-01-05,sz.002975,77.45,83.25,77.45,82.25,7690994,626556732.74,7.2653,6.8182,0,0
2026-01-06,sz.002975,82.16,82.68,79.88,80.48,4986477,403848439.72,4.7105,-2.152,0,0
2026-01-07,sz.002975,79.77,84.0,79.6,82.05,5012357,411177929.98,4.7349,1.9508,0,0
2026-01-08,sz.002975,82.0,84.5,80.52,81.36,5131751,423879221.76,4.8477,-0.841,0,0
2026-01-09,sz.002975,80.52,81.24,79.0,79.26,4765045,379651506.15,4.5013,-2.5811,0,0
2026-01-12,sz.002975,80.0,80.8,77.57,79.7,4794200,379446331.0,4.5289,0.5551,0,0
2026-01-13,sz.002975,79.32,80.33,77.0,77.37,4554577,357531565.94,4.3025,-2.9235,0,0
2026-01-14,sz.002975,77.66,78.18,75.28,76.72,5123100,392279339.0,4.8396,-0.8401,0,0
2026-01-15,sz.002975,75.54,77.96,75.3,77.96,3622100,278777595.0,3.4216,1.6163,0,0
2026-01-16,sz.002975,78.78,82.98,78.39,82.32,8696498,704120926.13,8.2152,5.5926,0,0
2026-01-19,sz.002975,82.51,84.28,80.7,82.75,5149200,426964671.0,4.8642,0.5224,0,0
2026-01-20,sz.002975,82.77,84.2,80.88,82.0,5819323,477670289.93,5.4972,-0.9063,0,0
2026-01-21,sz.002975,81.27,85.76,80.56,83.78,5922078,492609636.11,5.5943,2.1707,0,0
2026-01-22,sz.002975,83.86,86.15,80.63,83.44,4484404,369668545.32,4.2362,-0.2987,0,0
2026-01-23,sz.002975,82.06,86.0,81.66,84.96,5876610,492125144.61,5.5514,1.8217,0,0
2026-01-26,sz.002975,86.57,91.0,82.45,83.9,8476970,735447304.07,8.0078,-1.2476,0,0
2026-01-27,sz.002975,84.01,85.58,80.0,84.21,5818200,482054400.64,5.4962,0.3695,0,0
2026-01-28,sz.002975,84.85,84.95,81.12,82.8,5662800,469344245.0,5.3494,-1.6744,0,0
2026-01-29,sz.002975,82.25,85.0,79.5,80.21,6448401,525541310.27,6.0915,-3.128,0,0
2026-01-30,sz.002975,79.61,82.68,78.0,82.66,6103152,492941344.94,5.7654,3.0545,0,0
2026-02-02,sz.002975,81.84,85.18,76.95,76.98,8645882,689270297.0,8.1674,-6.8715,0,0
2026-02-03,sz.002975,78.16,80.5,76.23,80.02,6782229,533963154.99,6.4069,3.9491,0,0
2026-02-04,sz.002975,79.72,80.91,78.8,80.05,4665738,372532056.28,4.4075,0.0375,0,0
2026-02-05,sz.002975,80.0,80.33,76.33,77.8,4429850,344543041.33,4.1847,-2.8107,0,0
2026-02-06,sz.002975,76.93,79.8,75.9,76.46,3690401,286369190.04,3.4861,-1.7224,0,0
2026-02-09,sz.002975,77.98,78.68,75.75,77.2,4971275,384396155.45,4.6961,0.9678,0,0
2026-02-10,sz.002975,76.41,78.52,76.41,76.97,3558205,275595980.45,3.3613,-0.2979,0,0
2026-02-11,sz.002975,76.88,77.41,74.88,75.48,3657400,276786445.0,3.455,-1.9358,0,0
2026-02-12,sz.002975,76.0,83.03,76.0,83.03,8409279,685570118.59,7.9439,10.0026,1,0
2026-02-13,sz.002975,83.0,87.2,81.0,83.91,9996751,849441254.91,9.4435,1.0599,0,0
2026-02-24,sz.002975,85.0,85.36,81.28,81.65,6402360,528169759.78,6.048,-2.6934,0,0
2026-02-25,sz.002975,81.66,83.6,80.57,83.6,6278400,516961172.64,5.9309,2.3882,0,0
2026-02-26,sz.002975,83.63,87.93,83.1,86.71,7313043,627622994.47,6.9083,3.7201,0,0
2026-02-27,sz.002975,84.6,84.64,80.35,81.57,8911120,728503119.52,8.4179,-5.9278,0,0
2026-03-02,sz.002975,79.93,82.46,79.11,79.63,6043200,488376494.0,5.7087,-2.3783,0,0
2026-03-03,sz.002975,80.27,85.44,79.42,79.6,6862534,560676169.2,6.4827,-0.0377,0,0
2026-03-04,sz.002975,77.55,80.55,76.3,78.76,3968406,311786013.96,3.7488,-1.0553,0,0
2026-03-05,sz.002975,80.03,81.15,78.16,78.72,4579304,365684866.52,4.3259,-0.0508,0,0
2026-03-06,sz.002975,78.0,79.58,77.0,77.49,3546617,276421286.8,3.3503,-1.5625,0,0
2026-03-09,sz.002975,75.35,75.42,71.56,73.81,5214901,380714831.4,4.9263,-4.749,0,0
2026-03-10,sz.002975,75.64,78.1,75.64,77.22,4265204,328852788.88,4.0291,4.62,0,0
2026-03-11,sz.002975,77.0,81.78,77.0,77.61,5048700,398734327.0,4.7693,0.5051,0,0
2026-03-12,sz.002975,78.28,79.95,76.6,78.8,4673600,365954208.0,4.4149,1.5333,0,0
2026-03-13,sz.002975,78.01,78.49,75.01,75.06,3476300,264907987.0,3.2839,-4.7462,0,0
2026-03-16,sz.002975,74.99,75.1,72.72,74.34,2955900,217701588.0,2.7923,-0.9592,0,0
2026-03-17,sz.002975,74.98,75.09,70.6,70.69,4752500,340836040.0,4.4895,-4.9099,0,0
2026-03-18,sz.002975,71.06,74.5,70.6,74.0,3851728,279470100.44,3.6385,4.6824,0,0
2026-03-19,sz.002975,72.83,74.32,72.16,72.53,3316662,243209918.9,3.1331,-1.9865,0,0
2026-03-20,sz.002975,73.04,74.59,70.61,70.61,3137205,227198047.28,2.9636,-2.6472,0,0
2026-03-23,sz.002975,69.0,69.5,65.6,65.95,4706000,316544514.6,4.4455,-6.5996,0,0
2026-03-24,sz.002975,67.71,68.48,65.8,68.46,2929600,196367146.95,2.7675,3.8059,0,0
2026-03-25,sz.002975,69.47,72.86,68.9,71.68,4131200,295823334.36,3.9026,4.7035,0,0
2026-03-26,sz.002975,71.72,72.35,70.22,70.75,2154490,153491139.0,2.0352,-1.2974,0,0
2026-03-27,sz.002975,69.66,72.85,68.7,71.66,2567225,182363197.79,2.4251,1.2862,0,0
2026-03-30,sz.002975,70.6,74.04,70.0,72.1,3022377,216542836.58,2.8551,0.614,0,0
2026-03-31,sz.002975,72.08,72.66,70.11,70.2,3016388,214792642.1,2.8494,-2.6352,0,0
2026-04-01,sz.002975,72.16,73.06,70.68,71.56,3030570,216869580.0,2.8628,1.9373,0,0
2026-04-02,sz.002975,71.2,71.28,69.01,69.44,2515300,175849551.0,2.3761,-2.9625,0,0
2026-04-03,sz.002975,69.72,70.38,69.2,69.26,1874055,130723237.49,1.7703,-0.2592,0,0
2026-04-07,sz.002975,70.86,73.0,70.86,71.82,4146735,299529634.23,3.9172,3.6962,0,0
2026-04-08,sz.002975,73.74,79.0,73.22,79.0,10462211,806382303.37,9.8832,9.9972,1,0
2026-04-09,sz.002975,83.21,86.9,81.76,86.9,11484892,982113708.8,10.8492,10.0,1,0
2026-04-10,sz.002975,86.64,90.67,86.52,88.63,22910813,2037508174.58,21.6428,1.9908,0,0
2026-04-13,sz.002975,88.8,93.0,87.03,88.26,13208852,1179963856.3,12.4778,-0.4175,0,0
2026-04-14,sz.002975,88.29,88.8,86.38,87.2,9301188,812731516.12,8.7864,-1.201,0,0
2026-04-15,sz.002975,87.72,90.87,86.75,86.92,9155205,816272369.5,8.6485,-0.3211,0,0
2026-04-16,sz.002975,86.66,91.66,86.16,90.88,10713410,957414597.91,10.1205,4.5559,0,0
2026-04-17,sz.002975,96.0,99.97,91.0,99.97,13693416,1315139357.83,12.9355,10.0022,1,0
2026-04-20,sz.002975,98.0,98.5,92.33,95.1,16252126,1546226142.06,15.3526,-4.8715,0,0
2026-04-21,sz.002975,93.2,101.1,92.21,98.83,15605754,1522635311.71,14.742,3.9222,0,0
2026-04-22,sz.002975,98.85,106.19,98.85,105.54,12402930,1278165191.29,11.7165,6.7894,0,0
2026-04-23,sz.002975,106.8,115.5,105.0,112.61,14836254,1671141430.56,14.0151,6.6989,0,0
2026-04-24,sz.002975,112.3,119.5,112.3,115.73,15879456,1842624043.84,15.0006,2.7706,0,0
2026-04-27,sz.002975,118.51,123.43,115.0,117.26,14435929,1711899738.42,13.6369,1.322,0,0
2026-04-28,sz.002975,117.29,119.98,113.36,114.47,12029500,1388874085.8,11.3637,-2.3793,0,0
2026-04-29,sz.002975,113.5,114.47,107.58,110.11,12512130,1380366217.28,11.8196,-3.8089,0,0
2026-04-30,sz.002975,111.25,112.86,107.9,110.38,9073200,992985746.01,8.571,0.2452,0,0
2026-05-06,sz.002975,115.0,121.42,113.97,120.46,11875240,1406150640.22,11.218,9.1321,0,0
2026-05-07,sz.002975,120.02,124.99,118.1,124.4,9942100,1208776015.0,9.3918,3.2708,0,0
2026-05-08,sz.002975,121.4,127.64,119.1,124.45,10918547,1352849996.81,10.3142,0.0402,0,0
2026-05-11,sz.002975,100.29,105.44,100.0,105.44,6797876,707220967.84,4.9492,10.0052,1,0
2026-05-12,sz.002975,110.79,114.8,106.5,111.49,22428863,2456855304.46,16.3292,5.7379,0,0
2026-05-13,sz.002975,111.5,113.44,109.26,111.56,14287017,1588289675.41,10.4016,0.0628,0,0
2026-05-14,sz.002975,111.8,118.78,108.68,114.5,16713279,1895389799.19,12.168,2.6354,0,0
2026-05-15,sz.002975,116.22,123.85,112.0,114.99,20339579,2397324931.92,14.8081,0.4279,0,0
2026-05-18,sz.002975,117.14,124.5,116.88,120.0,15600003,1878518580.8,11.3575,4.3569,0,0
2026-05-19,sz.002975,118.0,121.0,112.58,119.1,14041680,1636741168.7,10.223,-0.75,0,0
2026-05-20,sz.002975,119.1,121.42,117.0,119.08,10133869,1204184434.61,7.3779,-0.0168,0,0
2026-05-21,sz.002975,120.0,121.0,109.8,110.5,14581605,1675239861.46,10.6161,-7.2052,0,0
2026-05-22,sz.002975,111.9,121.55,111.9,121.55,9514079,1135188851.75,6.9267,10.0,1,0
2026-05-25,sz.002975,129.2,133.71,128.11,133.71,11952430,1592940409.1,8.7019,10.0041,1,0
2026-05-26,sz.002975,138.7,140.68,125.0,126.95,22813120,3022011536.26,16.609,-5.0557,0,0
2026-05-27,sz.002975,126.06,127.2,121.3,122.07,14743941,1826973954.22,10.7343,-3.844,0,0
2026-05-28,sz.002975,121.38,134.28,118.0,134.28,15577770,1974465706.38,11.3413,10.0025,1,0
2026-05-29,sz.002975,140.99,147.71,139.5,144.3,24216164,3533369727.96,17.6305,7.462,0,0
2026-06-01,sz.002975,148.96,151.94,134.77,135.07,22282930,3170285537.51,16.223,-6.3964,0,0
2026-06-02,sz.002975,136.38,148.58,136.38,148.58,6095050,882897642.7,4.4375,10.0022,1,0
2026-06-03,sz.002975,154.86,157.97,145.6,148.0,20245444,3070308000.04,14.7396,-0.3904,0,0
2026-06-04,sz.002975,144.99,147.0,141.86,143.6,15314787,2202378446.99,11.1499,-2.973,0,0
2026-06-05,sz.002975,140.01,143.08,131.77,132.32,17158696,2330177345.34,12.4923,-7.8552,0,0
2026-06-08,sz.002975,123.77,126.58,119.09,119.09,16511515,2010887685.25,12.0211,-9.9985,0,1
2026-06-09,sz.002975,122.55,127.99,120.9,126.94,13231646,1646285850.34,9.6332,6.5917,0,0
2026-06-10,sz.002975,124.89,126.49,118.79,120.66,9644526,1175994489.5,7.0217,-4.9472,0,0
2026-06-11,sz.002975,119.89,128.25,119.45,122.62,11729987,1451415760.7,8.54,1.6244,0,0
2026-06-12,sz.002975,128.9,129.9,120.58,121.37,11827130,1481355173.15,8.6107,-1.0194,0,0
2026-06-15,sz.002975,123.99,133.51,123.94,133.51,10462937,1358639940.87,7.6175,10.0025,1,0
2026-06-16,sz.002975,136.0,140.98,135.46,136.87,12579460,1736484212.24,9.1584,2.5167,0,0
2026-06-17,sz.002975,136.63,147.25,135.5,142.57,13224359,1883814931.19,9.6279,4.1645,0,0
2026-06-18,sz.002975,140.85,149.6,130.0,136.8,24822251,3437373981.68,18.0717,-4.0471,0,0
2026-06-22,sz.002975,139.5,150.48,139.5,150.48,19680886,2866107033.78,14.3286,10.0,1,0
2026-06-23,sz.002975,149.96,150.0,137.19,144.6,16537085,2376139898.2,12.0398,-3.9075,0,0
2026-06-24,sz.002975,143.56,152.7,142.5,151.32,16713414,2480619155.78,12.1681,4.6473,0,0
2026-06-25,sz.002975,150.0,156.66,145.6,156.18,19479547,2930562445.76,14.182,3.2117,0,0
2026-06-26,sz.002975,149.77,155.54,143.24,144.43,12440023,1847039581.9,9.0569,-7.5234,0,0
