date,code,open,high,low,close,volume,amount,turnover,pct_change,is_limit_up,is_limit_down
2019-07-01,sz.002571,5.72,5.75,5.58,5.72,10793883.0,61289983.93,4.263027,1.598573,0,0
2019-07-02,sz.002571,5.72,5.72,5.63,5.67,5387400.0,30555696.0,2.127745,-0.874121,0,0
2019-07-03,sz.002571,5.67,5.67,5.54,5.63,4690900.0,26194409.0,1.852664,-0.705467,0,0
2019-07-04,sz.002571,5.6,5.72,5.53,5.6,3471500.0,19394449.0,1.371064,-0.532863,0,0
2019-07-05,sz.002571,5.6,5.6,5.52,5.57,2459101.0,13689553.56,0.971218,-0.535709,0,0
2019-07-08,sz.002571,5.57,5.57,5.3,5.34,4192600.0,22579832.0,1.655861,-4.129264,0,0
2019-07-09,sz.002571,5.28,5.4,5.22,5.36,2363500.0,12565845.0,0.933461,0.374532,0,0
2019-07-10,sz.002571,5.39,5.4,5.28,5.37,2160600.0,11564201.0,0.853326,0.186562,0,0
2019-07-11,sz.002571,5.36,5.68,5.36,5.44,3035231.0,16549349.81,1.19876,1.303541,0,0
2019-07-12,sz.002571,5.48,5.5,5.4,5.48,1927101.0,10530132.44,0.761106,0.735293,0,0
2019-07-15,sz.002571,5.49,5.57,5.41,5.56,2315500.0,12768859.7,0.914503,1.459853,0,0
2019-07-16,sz.002571,5.52,5.58,5.48,5.52,2791200.0,15388058.0,1.10238,-0.719424,0,0
2019-07-17,sz.002571,5.53,5.55,5.47,5.51,1811201.0,9992658.54,0.715331,-0.181155,0,0
2019-07-18,sz.002571,5.67,5.67,5.52,5.55,4424000.0,24667172.0,1.747252,0.725952,0,0
2019-07-19,sz.002571,5.55,5.59,5.51,5.55,2606500.0,14455810.0,1.029433,0.0,0,0
2019-07-22,sz.002571,5.26,5.55,5.26,5.42,2527000.0,13642795.0,0.998035,-2.342344,0,0
2019-07-23,sz.002571,5.68,5.68,5.49,5.53,3322900.0,18422185.0,1.312374,2.029523,0,0
2019-07-24,sz.002571,5.49,5.55,5.49,5.54,4105500.0,22685718.0,1.621461,0.180827,0,0
2019-07-25,sz.002571,5.54,5.56,5.48,5.53,2013001.0,11110303.52,0.795032,-0.180501,0,0
2019-07-26,sz.002571,5.59,5.59,5.49,5.5,2150200.0,11899935.0,0.8492,-0.5425,0,0
2019-07-29,sz.002571,5.46,5.5,5.38,5.45,2553200.0,13855151.0,1.008382,-0.909094,0,0
2019-07-30,sz.002571,5.45,5.49,5.43,5.45,2441200.0,13319251.0,0.9641,0.0,0,0
2019-07-31,sz.002571,5.41,5.48,5.33,5.4,2321700.0,12500395.0,0.917,-0.9174,0,0
2019-08-01,sz.002571,5.31,5.4,5.31,5.36,1461121.0,7803716.72,0.5771,-0.7407,0,0
2019-08-02,sz.002571,5.23,5.34,5.19,5.23,2390500.0,12533525.0,0.9441,-2.4254,0,0
2019-08-05,sz.002571,5.23,5.26,5.14,5.18,1545160.0,8013908.4,0.6103,-0.956,0,0
2019-08-06,sz.002571,5.11,5.15,4.8,5.0,3257600.0,16102068.0,1.2866,-3.4749,0,0
2019-08-07,sz.002571,5.04,5.04,4.88,4.88,2181700.0,10760504.0,0.8617,-2.4,0,0
2019-08-08,sz.002571,4.89,4.95,4.88,4.91,1454800.0,7132656.0,0.5746,0.6147,0,0
2019-08-09,sz.002571,4.92,4.93,4.77,4.79,1543401.0,7482541.87,0.6096,-2.444,0,0
2019-08-12,sz.002571,4.77,4.98,4.77,4.96,2358800.0,11568923.0,0.9316,3.5491,0,0
2019-08-13,sz.002571,5.09,5.09,4.91,4.93,1495700.0,7452916.0,0.5907,-0.6048,0,0
2019-08-14,sz.002571,4.98,4.99,4.92,4.94,2161000.0,10694177.0,0.8535,0.2028,0,0
2019-08-15,sz.002571,4.82,4.91,4.76,4.9,2171800.0,10496143.0,0.8577,-0.8097,0,0
2019-08-16,sz.002571,4.89,4.94,4.86,4.88,2235400.0,10957872.0,0.8829,-0.4082,0,0
2019-08-19,sz.002571,5.04,5.04,4.89,5.02,3573600.0,17816413.0,1.4114,2.8688,0,0
2019-08-20,sz.002571,5.02,5.08,5.01,5.06,3222900.0,16267641.0,1.2729,0.7968,0,0
2019-08-21,sz.002571,5.12,5.12,5.04,5.07,2538000.0,12880836.0,0.8931,0.1976,0,0
2019-08-22,sz.002571,5.07,5.12,5.03,5.1,1982500.0,10067701.0,0.6976,0.5917,0,0
2019-08-23,sz.002571,5.18,5.18,5.08,5.12,2387300.0,12226002.0,0.8401,0.3922,0,0
2019-08-26,sz.002571,4.96,5.07,4.96,5.07,2767235.0,13914258.05,0.9738,-0.9766,0,0
2019-08-27,sz.002571,5.15,5.2,5.09,5.13,4381500.0,22533025.0,1.5418,1.1834,0,0
2019-08-28,sz.002571,5.12,5.15,5.09,5.13,2649512.0,13584325.44,0.9323,0.0,0,0
2019-08-29,sz.002571,5.11,5.23,5.06,5.17,3327312.0,17229045.8,1.1708,0.7797,0,0
2019-08-30,sz.002571,5.18,5.22,5.05,5.1,2560334.0,13142403.04,0.901,-1.354,0,0
2019-09-02,sz.002571,5.09,5.18,5.02,5.18,3726500.0,19041339.0,1.3113,1.5686,0,0
2019-09-03,sz.002571,5.19,5.23,5.11,5.15,3672900.0,18902053.0,1.2925,-0.5791,0,0
2019-09-04,sz.002571,5.21,5.21,5.11,5.17,5396157.0,27799454.06,1.8989,0.3883,0,0
2019-09-05,sz.002571,5.18,5.29,5.17,5.22,7437046.0,38870602.42,2.617,0.9671,0,0
2019-09-06,sz.002571,5.31,5.31,5.15,5.2,3928611.0,20448389.98,1.3824,-0.3831,0,0
2019-09-09,sz.002571,5.23,5.27,5.18,5.26,3486112.0,18228712.29,1.2267,1.1539,0,0
2019-09-10,sz.002571,5.26,5.29,5.21,5.27,3832111.0,20112822.53,1.3485,0.1901,0,0
2019-09-11,sz.002571,5.27,5.31,5.22,5.25,4442700.0,23379412.0,1.5633,-0.3795,0,0
2019-09-12,sz.002571,5.29,5.32,5.24,5.28,3983346.0,21001468.88,1.4017,0.5714,0,0
2019-09-16,sz.002571,5.3,5.36,5.26,5.32,3574646.0,19008020.26,1.2579,0.7576,0,0
2019-09-17,sz.002571,5.35,5.35,5.09,5.15,4556700.0,23574794.0,1.6035,-3.1955,0,0
2019-09-18,sz.002571,5.16,5.22,5.13,5.16,2854000.0,14789478.0,1.0043,0.1942,0,0
2019-09-19,sz.002571,5.2,5.23,5.16,5.23,2381323.0,12381811.38,0.838,1.3566,0,0
2019-09-20,sz.002571,5.26,5.34,5.22,5.27,3847950.0,20280560.0,1.3541,0.7648,0,0
2019-09-23,sz.002571,5.26,5.28,5.14,5.2,2786134.0,14438787.1,0.9804,-1.3283,0,0
2019-09-24,sz.002571,5.19,5.28,5.18,5.2,3228800.0,16848844.0,1.1362,0.0,0,0
2019-09-25,sz.002571,5.2,5.2,4.98,4.98,4670100.0,23609687.0,1.6434,-4.2308,0,0
2019-09-26,sz.002571,4.99,5.04,4.82,4.83,4689999.0,22981693.13,1.6504,-3.0121,0,0
2019-09-27,sz.002571,4.83,4.95,4.83,4.86,3962160.0,19357160.4,1.3942,0.6211,0,0
2019-09-30,sz.002571,4.88,4.89,4.73,4.74,2675360.0,12825404.2,0.9414,-2.4691,0,0
2019-10-08,sz.002571,4.77,4.79,4.67,4.69,4879260.0,23046586.0,1.717,-1.0548,0,0
2019-10-09,sz.002571,4.67,4.74,4.62,4.71,4179212.0,19476350.68,1.4706,0.4264,0,0
2019-10-10,sz.002571,4.72,4.81,4.69,4.79,3772500.0,18026247.0,1.3275,1.6985,0,0
2019-10-11,sz.002571,4.82,4.89,4.8,4.86,3744400.0,18150559.0,1.3176,1.4614,0,0
2019-10-14,sz.002571,4.88,5.01,4.86,4.98,7612862.0,37734996.04,2.6789,2.4691,0,0
2019-10-15,sz.002571,5.03,5.03,4.89,4.91,5081700.0,25078451.0,1.7882,-1.4056,0,0
2019-10-16,sz.002571,4.9,4.94,4.82,4.85,3067600.0,15016049.0,1.0795,-1.222,0,0
2019-10-17,sz.002571,4.85,4.88,4.83,4.86,2628000.0,12761095.0,0.9248,0.2062,0,0
2019-10-18,sz.002571,4.87,5.35,4.8,5.07,16270312.0,83102481.95,5.7254,4.321,0,0
2019-10-21,sz.002571,4.99,4.99,4.56,4.84,15998235.0,76215451.25,5.6296,-4.5365,0,0
2019-10-22,sz.002571,4.82,5.11,4.7,4.97,13918100.0,68035642.0,4.8976,2.6859,0,0
2019-10-23,sz.002571,4.92,5.06,4.89,5.02,10628217.0,53021110.88,3.74,1.006,0,0
2019-10-24,sz.002571,4.97,5.02,4.92,5.01,6305800.0,31353811.72,2.219,-0.1992,0,0
2019-10-25,sz.002571,5.01,5.08,4.9,4.99,7036743.0,34929728.42,2.4762,-0.3992,0,0
2019-10-28,sz.002571,4.94,5.03,4.91,5.0,7016190.0,34940267.07,2.4689,0.2004,0,0
2019-10-29,sz.002571,5.01,5.01,4.81,4.81,6377600.0,31336538.0,2.2442,-3.8,0,0
2019-10-30,sz.002571,4.82,4.87,4.74,4.79,4380743.0,21097176.83,1.5415,-0.4158,0,0
2019-10-31,sz.002571,4.81,4.81,4.66,4.69,5322100.0,25099029.0,1.8728,-2.0877,0,0
2019-11-01,sz.002571,4.67,5.16,4.63,5.16,14818360.0,74105112.66,5.2144,10.0213,1,0
2019-11-04,sz.002571,5.16,5.68,5.05,5.12,32763135.0,175664612.77,11.529,-0.7752,0,0
2019-11-05,sz.002571,4.93,4.97,4.8,4.95,24149325.0,117917707.16,8.4979,-3.3203,0,0
2019-11-06,sz.002571,4.94,4.94,4.76,4.76,10079000.0,48597740.41,3.5467,-3.8384,0,0
2019-11-07,sz.002571,4.8,4.8,4.72,4.76,5764971.0,27438774.95,2.0286,0.0,0,0
2019-11-08,sz.002571,4.77,4.82,4.73,4.73,5496026.0,26142677.32,1.934,-0.6303,0,0
2019-11-11,sz.002571,4.68,4.7,4.55,4.58,5653621.0,26229654.44,1.9895,-3.1712,0,0
2019-11-12,sz.002571,4.58,4.61,4.52,4.61,4133160.0,18906677.98,1.4544,0.655,0,0
2019-11-13,sz.002571,4.6,4.61,4.54,4.55,2839121.0,12972607.97,0.9991,-1.3015,0,0
2019-11-14,sz.002571,4.55,4.58,4.52,4.56,3706971.0,16886971.74,1.3044,0.2198,0,0
2019-11-15,sz.002571,4.54,4.56,4.39,4.42,5408621.0,24115918.45,1.9032,-3.0702,0,0
2019-11-18,sz.002571,4.42,4.45,4.34,4.45,3418501.0,15079510.44,1.2029,0.6787,0,0
2019-11-19,sz.002571,4.46,4.61,4.42,4.56,5916960.0,26901912.2,2.0821,2.4719,0,0
2019-11-20,sz.002571,4.56,4.67,4.53,4.56,5039400.0,23164124.0,1.7733,0.0,0,0
2019-11-21,sz.002571,4.53,4.6,4.52,4.56,2665201.0,12155428.56,0.9379,0.0,0,0
2019-11-22,sz.002571,4.56,4.66,4.54,4.58,4023621.0,18499542.55,1.4159,0.4386,0,0
2019-11-25,sz.002571,4.53,4.65,4.48,4.64,3660322.0,16786413.35,1.288,1.31,0,0
2019-11-26,sz.002571,4.6,4.65,4.57,4.59,3891122.0,17928481.01,1.3692,-1.0776,0,0
2019-11-27,sz.002571,4.62,4.64,4.53,4.6,2718301.0,12453327.59,0.9565,0.2179,0,0
2019-11-28,sz.002571,4.6,4.6,4.49,4.52,3182600.0,14442948.99,1.1199,-1.7391,0,0
2019-11-29,sz.002571,4.49,4.56,4.49,4.53,1993700.0,9033670.0,0.7016,0.2212,0,0
2019-12-02,sz.002571,4.51,4.6,4.51,4.54,1890791.0,8609440.05,0.6654,0.2207,0,0
2019-12-03,sz.002571,4.52,4.63,4.52,4.61,3111962.0,14272155.1,1.0951,1.5419,0,0
2019-12-04,sz.002571,4.61,4.68,4.58,4.64,2960447.0,13717368.73,1.0418,0.6508,0,0
2019-12-05,sz.002571,4.66,4.67,4.62,4.65,2657932.0,12335269.16,0.9353,0.2155,0,0
2019-12-06,sz.002571,4.66,4.68,4.6,4.65,3493162.0,16227513.68,1.2292,0.0,0,0
2019-12-09,sz.002571,4.64,4.68,4.64,4.65,2975000.0,13840360.0,1.0469,0.0,0,0
2019-12-10,sz.002571,4.64,4.65,4.59,4.64,2736401.0,12649194.6,0.9629,-0.2151,0,0
2019-12-11,sz.002571,4.64,4.67,4.61,4.63,2431300.0,11295878.0,0.8556,-0.2155,0,0
2019-12-12,sz.002571,4.62,4.66,4.54,4.56,2832000.0,13006379.68,0.9966,-1.5119,0,0
2019-12-13,sz.002571,4.6,4.65,4.57,4.64,3407900.0,15750066.0,1.1992,1.7544,0,0
2019-12-16,sz.002571,4.65,4.69,4.61,4.68,4133281.0,19246451.82,1.4545,0.8621,0,0
2019-12-17,sz.002571,4.68,4.76,4.67,4.74,4931806.0,23272800.29,1.7355,1.2821,0,0
2019-12-18,sz.002571,4.74,4.92,4.71,4.88,10194022.0,49061629.72,3.5872,2.9536,0,0
2019-12-19,sz.002571,4.87,4.87,4.79,4.84,8196050.0,39545090.02,2.8841,-0.8197,0,0
2019-12-20,sz.002571,4.85,5.32,4.85,4.95,25998290.0,133883116.87,9.1486,2.2727,0,0
2019-12-23,sz.002571,4.83,4.86,4.75,4.76,15944658.0,76643142.7,5.6108,-3.8384,0,0
2019-12-24,sz.002571,4.63,4.81,4.63,4.79,7118061.0,33781960.99,2.5048,0.6302,0,0
2019-12-25,sz.002571,4.78,4.88,4.74,4.84,7223462.0,34663136.2,2.5419,1.0438,0,0
2019-12-26,sz.002571,4.84,4.91,4.8,4.88,6595269.0,32014384.83,2.3208,0.8264,0,0
2019-12-27,sz.002571,4.95,4.96,4.83,4.89,8693610.0,42650307.2,3.0592,0.2049,0,0
2019-12-30,sz.002571,5.0,5.03,4.82,4.95,7220900.0,35544158.0,2.541,1.227,0,0
2019-12-31,sz.002571,4.88,5.39,4.88,5.11,14064103.0,72132199.26,4.949,3.2323,0,0
2020-01-02,sz.002571,5.07,5.31,5.03,5.26,13897266.0,71970670.74,4.8903,2.9354,0,0
2020-01-03,sz.002571,5.2,5.34,5.17,5.25,11276904.0,59255245.02,3.9682,-0.1901,0,0
2020-01-06,sz.002571,5.24,5.28,5.16,5.2,8860700.0,46229020.0,3.118,-0.9524,0,0
2020-01-07,sz.002571,5.19,5.26,5.15,5.21,9453514.0,49190318.28,3.3266,0.1923,0,0
2020-01-08,sz.002571,5.18,5.2,5.04,5.07,8274150.0,42355634.0,2.9116,-2.6871,0,0
2020-01-09,sz.002571,5.1,5.2,5.1,5.16,6274502.0,32309771.26,2.2079,1.7751,0,0
2020-01-10,sz.002571,5.19,5.21,5.05,5.08,5596200.0,28656565.0,1.9693,-1.5504,0,0
2020-01-13,sz.002571,5.08,5.1,5.01,5.1,4363900.0,22103144.0,1.5356,0.3937,0,0
2020-01-14,sz.002571,5.11,5.14,5.08,5.1,4839451.0,24722939.11,1.703,0.0,0,0
2020-01-15,sz.002571,5.1,5.11,5.01,5.04,3798900.0,19161687.0,1.3368,-1.1765,0,0
2020-01-16,sz.002571,5.06,5.07,4.97,4.98,3773900.0,18916298.8,1.328,-1.1905,0,0
2020-01-17,sz.002571,5.0,5.09,4.96,5.01,4183502.0,20949602.96,1.4721,0.6024,0,0
2020-01-20,sz.002571,5.0,5.03,4.94,5.02,3334782.0,16619310.04,1.1735,0.1996,0,0
2020-01-21,sz.002571,5.03,5.11,5.0,5.03,4971882.0,25148892.46,1.7496,0.1992,0,0
2020-01-22,sz.002571,5.04,5.04,4.85,4.94,4230650.0,20808494.0,1.4887,-1.7893,0,0
2020-01-23,sz.002571,4.94,4.94,4.67,4.71,4778311.0,22885993.7,1.6814,-4.6559,0,0
2020-02-03,sz.002571,4.24,4.24,4.24,4.24,988800.0,4192512.0,0.3479,-9.9788,0,1
2020-02-04,sz.002571,3.88,4.12,3.88,4.1,7522182.0,30434178.46,2.647,-3.3019,0,0
2020-02-05,sz.002571,4.11,4.25,4.03,4.18,4893182.0,20452410.12,1.7219,1.9512,0,0
2020-02-06,sz.002571,4.55,4.56,4.2,4.28,6474300.0,27842964.18,2.2782,2.3924,0,0
2020-02-07,sz.002571,4.25,4.31,4.2,4.28,5211700.0,22193806.0,1.8339,0.0,0,0
2020-02-10,sz.002571,4.27,4.36,4.21,4.35,4605733.0,19843341.2,1.6207,1.6355,0,0
2020-02-11,sz.002571,4.34,4.44,4.32,4.41,6293294.0,27620830.84,2.2146,1.3793,0,0
2020-02-12,sz.002571,4.36,4.45,4.35,4.44,5031501.0,22194224.41,1.7705,0.6803,0,0
2020-02-13,sz.002571,4.5,4.5,4.3,4.35,5083001.0,22323207.44,1.7887,-2.027,0,0
2020-02-14,sz.002571,4.34,4.37,4.28,4.31,3671803.0,15891604.96,1.2921,-0.9195,0,0
2020-02-17,sz.002571,4.32,4.62,4.31,4.48,6847158.0,30630510.45,2.4095,3.9443,0,0
2020-02-18,sz.002571,4.49,4.6,4.48,4.59,6795031.0,30869292.51,2.3911,2.4554,0,0
2020-02-19,sz.002571,4.65,4.65,4.51,4.51,5454700.0,24879393.0,1.9195,-1.7429,0,0
2020-02-20,sz.002571,4.56,4.96,4.56,4.96,9036076.0,43665630.6,3.1797,9.9778,1,0
2020-02-21,sz.002571,5.0,5.24,4.81,4.83,27627881.0,138347283.32,9.722,-2.621,0,0
2020-02-24,sz.002571,4.7,4.8,4.66,4.77,14570628.0,68871180.53,5.1273,-1.2422,0,0
2020-02-25,sz.002571,4.64,4.71,4.52,4.66,12914022.0,59734447.77,4.5443,-2.3061,0,0
2020-02-26,sz.002571,4.66,5.13,4.62,5.13,19583887.0,98256286.12,6.8914,10.0858,1,0
2020-02-27,sz.002571,5.26,5.64,5.02,5.33,50719967.0,270187821.51,17.8479,3.8986,0,0
2020-02-28,sz.002571,4.88,5.26,4.83,4.98,28044271.0,138582426.52,9.8685,-6.5666,0,0
2020-03-02,sz.002571,4.97,5.48,4.89,5.43,30363148.0,157499267.95,10.6845,9.0361,0,0
2020-03-03,sz.002571,5.36,5.5,5.26,5.38,26658851.0,143139933.93,9.381,-0.9208,0,0
2020-03-04,sz.002571,5.28,5.38,5.12,5.25,18165924.0,95134038.57,6.3924,-2.4164,0,0
2020-03-05,sz.002571,5.28,5.34,5.13,5.22,15763006.0,82194058.76,5.5469,-0.5714,0,0
2020-03-06,sz.002571,5.13,5.14,5.04,5.06,13516947.0,68705870.76,4.7565,-3.0651,0,0
2020-03-09,sz.002571,5.12,5.17,4.89,5.0,13285100.0,67051459.0,4.6749,-1.1858,0,0
2020-03-10,sz.002571,4.87,5.02,4.71,5.01,11693717.0,57273467.45,4.1149,0.2,0,0
2020-03-11,sz.002571,5.0,5.07,4.92,4.95,8361402.0,41842155.04,2.9423,-1.1976,0,0
2020-03-12,sz.002571,4.91,4.93,4.75,4.83,6462301.0,31347026.85,2.274,-2.4242,0,0
2020-03-13,sz.002571,4.51,4.78,4.44,4.72,8017401.0,37157422.7,2.8212,-2.2774,0,0
2020-03-16,sz.002571,4.75,4.88,4.49,4.54,8723422.0,40925620.39,3.0697,-3.8136,0,0
2020-03-17,sz.002571,4.56,4.64,4.31,4.58,6540401.0,29483689.38,2.3015,0.8811,0,0
2020-03-18,sz.002571,4.6,4.65,4.44,4.45,5558519.0,25390339.1,1.9556,-2.8384,0,0
2020-03-19,sz.002571,4.45,4.6,4.41,4.59,6940601.0,31430072.57,2.4423,3.1461,0,0
2020-03-20,sz.002571,4.63,4.71,4.59,4.68,5733100.0,26656911.48,2.0174,1.9608,0,0
2020-03-23,sz.002571,4.6,4.68,4.5,4.54,6176400.0,28287917.0,2.1734,-2.9915,0,0
2020-03-24,sz.002571,4.61,4.65,4.53,4.65,4801476.0,22088819.64,1.6896,2.4229,0,0
2020-03-25,sz.002571,4.69,4.74,4.66,4.72,5581600.0,26281507.0,1.9641,1.5054,0,0
2020-03-26,sz.002571,4.79,5.19,4.7,4.87,18474901.0,91347785.74,6.5011,3.178,0,0
2020-03-27,sz.002571,5.36,5.36,5.36,5.36,7887510.0,42277053.6,2.7755,10.0616,1,0
2020-03-30,sz.002571,5.9,5.9,5.58,5.9,49573938.0,289679981.16,17.4446,10.0746,1,0
2020-03-31,sz.002571,5.76,5.91,5.4,5.51,54503729.0,306298237.69,19.1794,-6.6102,0,0
2020-04-01,sz.002571,5.2,5.28,4.99,5.14,38009101.0,195280752.83,13.375,-6.7151,0,0
2020-04-02,sz.002571,5.04,5.35,5.02,5.22,28883027.0,149505019.65,10.1637,1.5564,0,0
2020-04-03,sz.002571,5.05,5.42,5.02,5.24,35638738.0,186612167.64,12.5409,0.3831,0,0
2020-04-07,sz.002571,5.26,5.66,5.11,5.49,37177031.0,198254167.24,13.0822,4.771,0,0
2020-04-08,sz.002571,5.44,6.04,5.35,6.04,41363129.0,241185099.42,14.5553,10.0182,1,0
2020-04-09,sz.002571,6.2,6.64,5.85,6.03,78545569.0,490179269.49,27.6395,-0.1656,0,0
2020-04-10,sz.002571,5.6,6.29,5.43,6.15,57506473.0,328533066.91,20.236,1.99,0,0
2020-04-13,sz.002571,5.87,5.96,5.54,5.58,29036908.0,166481989.02,10.2178,-9.2683,0,0
2020-04-14,sz.002571,5.4,5.52,5.32,5.5,21942400.0,119242890.0,7.7213,-1.4337,0,0
2020-04-15,sz.002571,5.44,5.51,5.26,5.32,19444104.0,104092892.46,6.8422,-3.2727,0,0
2020-04-16,sz.002571,5.24,5.38,5.21,5.21,12771342.0,67389068.07,4.4941,-2.0677,0,0
2020-04-17,sz.002571,5.23,5.25,5.02,5.07,16323010.0,83784577.34,5.7439,-2.6871,0,0
2020-04-20,sz.002571,5.02,5.09,4.98,5.04,9756000.0,49135678.0,3.4323,-0.5917,0,0
2020-04-21,sz.002571,5.03,5.1,4.92,4.95,13975500.0,69913832.98,4.9178,-1.7857,0,0
2020-04-22,sz.002571,4.9,5.02,4.85,5.02,11755921.0,57966191.36,4.1368,1.4141,0,0
2020-04-23,sz.002571,5.07,5.24,5.04,5.1,16259900.0,83348563.01,5.7217,1.5936,0,0
2020-04-24,sz.002571,5.04,5.09,4.82,4.85,12304400.0,60673701.0,4.3298,-4.902,0,0
2020-04-27,sz.002571,4.81,4.94,4.69,4.86,11514721.0,55279190.71,4.0519,0.2062,0,0
2020-04-28,sz.002571,4.91,4.95,4.45,4.6,10422361.0,48528953.33,3.6668,-5.3498,0,0
2020-04-29,sz.002571,4.55,4.65,4.53,4.6,5427362.0,24988365.62,1.9094,0.0,0,0
2020-04-30,sz.002571,4.55,4.65,4.55,4.62,7478201.0,34452768.6,2.631,0.4348,0,0
2020-05-06,sz.002571,4.53,4.65,4.5,4.65,6193025.0,28489003.15,2.1788,0.6494,0,0
2020-05-07,sz.002571,4.65,4.73,4.6,4.63,6896900.0,32186305.8,2.4265,-0.4301,0,0
2020-05-08,sz.002571,4.71,4.73,4.64,4.71,6380400.0,29908400.0,2.2447,1.7279,0,0
2020-05-11,sz.002571,4.73,4.77,4.66,4.7,6137720.0,28906398.0,2.1594,-0.2123,0,0
2020-05-12,sz.002571,4.72,4.93,4.72,4.89,14553487.0,70308351.05,5.1202,4.0426,0,0
2020-05-13,sz.002571,4.81,4.9,4.76,4.9,7987001.0,38582605.89,2.81,0.2045,0,0
2020-05-14,sz.002571,4.89,4.89,4.73,4.73,7270017.0,34790117.28,2.5577,-3.4694,0,0
2020-05-15,sz.002571,4.79,4.85,4.72,4.76,6660412.0,31979382.76,2.3433,0.6343,0,0
2020-05-18,sz.002571,4.72,4.76,4.6,4.61,8066720.0,37580164.8,2.838,-3.1513,0,0
2020-05-19,sz.002571,4.64,4.7,4.58,4.67,6269720.0,29010989.6,2.2058,1.3015,0,0
2020-05-20,sz.002571,4.66,4.66,4.52,4.54,6803820.0,31221311.4,2.3937,-2.7837,0,0
2020-05-21,sz.002571,4.55,4.59,4.48,4.51,5560601.0,25191667.53,1.9563,-0.6608,0,0
2020-05-22,sz.002571,4.51,4.54,4.35,4.37,5078602.0,22432465.98,1.7867,-3.1042,0,0
2020-05-25,sz.002571,4.38,4.38,4.32,4.34,2525119.0,10967488.47,0.8884,-0.6865,0,0
2020-05-26,sz.002571,4.34,4.48,4.34,4.48,3959440.0,17523643.2,1.393,3.2258,0,0
2020-05-27,sz.002571,4.46,4.57,4.46,4.55,5665920.0,25666515.4,1.9934,1.5625,0,0
2020-05-28,sz.002571,4.54,4.69,4.44,4.48,4161500.0,18813777.0,1.4641,-1.5385,0,0
2020-05-29,sz.002571,4.46,4.55,4.44,4.5,2758720.0,12421464.2,0.9706,0.4464,0,0
2020-06-01,sz.002571,4.53,4.88,4.52,4.73,9504094.0,44554835.54,3.3437,5.1111,0,0
2020-06-02,sz.002571,4.71,4.75,4.65,4.68,7034600.0,32931704.98,2.4749,-1.0571,0,0
2020-06-03,sz.002571,4.68,4.78,4.66,4.71,7623600.0,35934137.0,2.6821,0.641,0,0
2020-06-04,sz.002571,4.73,4.89,4.64,4.74,10968900.0,52116039.0,3.8591,0.6369,0,0
2020-06-05,sz.002571,4.79,4.82,4.68,4.69,7587900.0,35905150.0,2.6696,-1.0548,0,0
2020-06-08,sz.002571,4.69,4.71,4.59,4.6,5637302.0,26162973.31,1.9833,-1.919,0,0
2020-06-09,sz.002571,4.61,4.71,4.57,4.67,4676201.0,21659771.64,1.6452,1.5217,0,0
2020-06-10,sz.002571,4.65,4.65,4.55,4.59,4223100.0,19369027.0,1.4858,-1.7131,0,0
2020-06-11,sz.002571,4.56,4.63,4.54,4.56,4010601.0,18383680.55,1.411,-0.6536,0,0
2020-06-12,sz.002571,4.46,4.54,4.42,4.53,3511006.0,15753163.0,1.2352,-0.6579,0,0
2020-06-15,sz.002571,4.53,4.6,4.49,4.49,3819206.0,17391597.42,1.3437,-0.883,0,0
2020-06-16,sz.002571,4.54,4.79,4.53,4.66,7202906.0,33354524.89,2.5341,3.7862,0,0
2020-06-17,sz.002571,4.63,4.81,4.57,4.71,8300088.0,38711395.78,2.9201,1.073,0,0
2020-06-18,sz.002571,4.7,4.72,4.65,4.66,4723600.0,22080294.0,1.6619,-1.0616,0,0
2020-06-19,sz.002571,4.69,5.13,4.65,4.98,29899865.0,148301303.11,10.5193,6.867,0,0
2020-06-22,sz.002571,4.9,5.48,4.78,5.48,40869654.0,209970001.32,14.3787,10.0402,1,0
2020-06-23,sz.002571,6.03,6.03,5.61,6.03,49621749.0,298062257.47,17.4579,10.0365,1,0
2020-06-24,sz.002571,5.97,6.63,5.7,6.63,62413285.0,391863494.2,21.9582,9.9502,1,0
2020-06-29,sz.002571,7.1,7.29,5.97,6.01,98026998.0,653040935.27,34.4877,-9.3514,0,0
2020-06-30,sz.002571,5.76,5.89,5.55,5.61,70593538.0,401635033.34,24.8361,-6.6556,0,0
2020-07-01,sz.002571,5.46,5.57,5.35,5.38,50598041.0,276108589.19,17.8013,-4.0998,0,0
2020-07-02,sz.002571,5.33,5.44,5.31,5.39,32261751.0,173117238.41,11.3503,0.1859,0,0
2020-07-03,sz.002571,5.36,5.38,5.23,5.28,30619302.0,162178170.59,10.7724,-2.0408,0,0
2020-07-06,sz.002571,5.25,5.41,5.25,5.39,33756802.0,180509345.64,11.8763,2.0833,0,0
2020-07-07,sz.002571,5.5,5.5,5.34,5.41,34333300.0,186284915.0,12.0791,0.3711,0,0
2020-07-08,sz.002571,5.38,5.51,5.31,5.5,31071245.0,168406897.36,10.9314,1.6636,0,0
2020-07-09,sz.002571,5.51,5.79,5.45,5.7,42717471.0,239279123.85,15.0288,3.6364,0,0
2020-07-10,sz.002571,5.65,5.82,5.57,5.64,31124159.0,176202467.65,10.9501,-1.0526,0,0
2020-07-13,sz.002571,5.66,5.76,5.62,5.74,30427185.0,173675000.45,10.7048,1.773,0,0
2020-07-14,sz.002571,5.72,5.86,5.46,5.54,26763646.0,150691046.69,9.4159,-3.4843,0,0
2020-07-15,sz.002571,5.53,5.58,5.18,5.24,22839744.0,122318109.98,8.0354,-5.4152,0,0
2020-07-16,sz.002571,5.22,5.27,5.05,5.07,16285200.0,83796362.12,5.7294,-3.2443,0,0
2020-07-17,sz.002571,5.13,5.14,5.01,5.12,8618910.0,43854252.5,3.0323,0.9862,0,0
2020-07-20,sz.002571,5.15,5.32,5.12,5.3,10662934.0,55833468.73,3.7514,3.5156,0,0
2020-07-21,sz.002571,5.36,5.38,5.22,5.28,8445351.0,44577767.75,2.9712,-0.3774,0,0
2020-07-22,sz.002571,5.31,5.34,5.24,5.25,9466050.0,50060713.49,3.3303,-0.5682,0,0
2020-07-23,sz.002571,5.18,5.19,5.0,5.16,11858794.0,60505038.6,4.1721,-1.7143,0,0
2020-07-24,sz.002571,5.16,5.26,4.96,4.99,11696644.0,59626203.8,4.1151,-3.2946,0,0
2020-07-27,sz.002571,5.04,5.06,4.91,5.05,6967314.0,34922280.94,2.4512,1.2024,0,0
2020-07-28,sz.002571,5.07,5.17,5.07,5.17,7515044.0,38462968.4,2.6439,2.3762,0,0
2020-07-29,sz.002571,5.17,5.3,5.07,5.25,9141949.0,47532222.45,3.2163,1.5474,0,0
2020-07-30,sz.002571,5.22,5.25,5.0,5.15,8975505.0,46451264.85,3.1577,-1.9048,0,0
2020-07-31,sz.002571,5.14,5.3,5.11,5.3,14720810.0,76995257.93,5.1791,2.9126,0,0
2020-08-03,sz.002571,5.36,5.49,5.31,5.48,17095305.0,92823569.4,6.0144,3.3962,0,0
2020-08-04,sz.002571,5.46,5.55,5.35,5.39,12089705.0,65375700.0,4.2534,-1.6423,0,0
2020-08-05,sz.002571,5.37,5.81,5.28,5.64,31354155.0,174355146.55,11.031,4.6382,0,0
2020-08-06,sz.002571,5.58,5.74,5.5,5.64,17547205.0,98566650.2,6.1734,0.0,0,0
2020-08-07,sz.002571,5.6,5.95,5.54,5.8,26565382.0,152425776.34,9.3462,2.8369,0,0
2020-08-10,sz.002571,5.9,6.38,5.7,6.15,39662832.0,240647064.67,13.9541,6.0345,0,0
2020-08-11,sz.002571,6.11,6.77,5.95,6.77,37077707.0,235455870.06,13.0446,10.0813,1,0
2020-08-12,sz.002571,7.0,7.45,6.61,7.1,83507565.0,600782237.18,29.3795,4.8744,0,0
2020-08-13,sz.002571,6.9,7.26,6.65,6.69,59654989.0,411266732.43,20.9877,-5.7746,0,0
2020-08-14,sz.002571,6.59,7.2,6.45,7.07,53197604.0,365667459.27,18.7159,5.6801,0,0
2020-08-17,sz.002571,7.0,7.36,6.74,6.93,45399842.0,318738221.51,15.9725,-1.9802,0,0
2020-08-18,sz.002571,7.62,7.62,6.66,6.95,56699820.0,416491549.8,19.948,0.2886,0,0
2020-08-19,sz.002571,7.0,7.19,6.35,6.38,58627865.0,390084327.22,20.6264,-8.2014,0,0
2020-08-20,sz.002571,6.07,6.33,5.97,5.97,34986282.0,214644751.16,12.3088,-6.4263,0,0
2020-08-21,sz.002571,6.07,6.27,6.0,6.1,22282207.0,135879743.6,7.8393,2.1776,0,0
2020-08-24,sz.002571,6.04,6.26,5.91,6.07,18302178.0,111722922.93,6.439,-0.4918,0,0
2020-08-25,sz.002571,6.0,6.03,5.81,5.88,19781501.0,116439077.88,6.9595,-3.1301,0,0
2020-08-26,sz.002571,5.86,5.88,5.61,5.63,11715901.0,67130189.81,4.1219,-4.2517,0,0
2020-08-27,sz.002571,5.65,6.04,5.65,5.9,19695401.0,116494775.69,6.9292,4.7957,0,0
2020-08-28,sz.002571,5.85,6.07,5.8,6.03,13677444.0,81717640.6,4.812,2.2034,0,0
2020-08-31,sz.002571,6.1,6.4,6.08,6.29,20251774.0,127226403.23,7.1249,4.3118,0,0
2020-09-01,sz.002571,6.23,6.45,6.16,6.27,9246901.0,57693480.21,3.2532,-0.318,0,0
2020-09-02,sz.002571,6.26,6.7,6.22,6.63,17257224.0,111908842.77,6.0714,5.7416,0,0
2020-09-03,sz.002571,6.65,6.88,6.53,6.64,16525317.0,110625669.08,5.8139,0.1508,0,0
2020-09-04,sz.002571,6.57,6.72,6.35,6.46,20854000.0,136263088.0,7.3368,-2.7108,0,0
2020-09-07,sz.002571,6.46,6.75,6.35,6.57,15462700.0,101913381.0,5.4401,1.7028,0,0
2020-09-08,sz.002571,6.56,6.63,6.3,6.53,14739401.0,95225785.38,5.1856,-0.6088,0,0
2020-09-09,sz.002571,6.56,6.69,6.36,6.43,11589000.0,75407691.0,4.0772,-1.5314,0,0
2020-09-10,sz.002571,6.46,6.75,6.41,6.45,18561700.0,122029885.0,6.5304,0.311,0,0
2020-09-11,sz.002571,6.43,6.74,6.3,6.35,21681590.0,140522793.5,7.628,-1.5504,0,0
2020-09-14,sz.002571,6.26,6.55,6.22,6.32,11286201.0,71879095.26,3.9707,-0.4724,0,0
2020-09-15,sz.002571,6.36,6.93,6.36,6.75,28064290.0,186395642.0,9.4417,6.8038,0,0
2020-09-16,sz.002571,6.68,7.0,6.68,6.8,20957652.0,142678039.4,7.0508,0.7407,0,0
2020-09-17,sz.002571,6.84,6.87,6.56,6.8,11787200.0,79598557.0,3.9656,0.0,0,0
2020-09-18,sz.002571,6.85,6.88,6.65,6.79,8994400.0,60703809.0,3.026,-0.1471,0,0
2020-09-21,sz.002571,6.89,7.32,6.79,7.0,22446995.0,158912654.75,7.5519,3.0928,0,0
2020-09-22,sz.002571,6.87,7.18,6.82,7.12,14301072.0,100617311.87,4.8113,1.7143,0,0
2020-09-23,sz.002571,7.13,7.46,6.92,7.34,20713381.0,148728062.79,6.9686,3.0899,0,0
2020-09-24,sz.002571,7.28,7.42,6.9,6.9,21681000.0,154898677.0,7.2942,-5.9946,0,0
2020-09-25,sz.002571,7.03,7.15,6.7,7.07,12954400.0,90286755.4,4.3583,2.4638,0,0
2020-09-28,sz.002571,7.12,7.13,6.77,6.78,16167900.0,112444710.0,5.4394,-4.1018,0,0
2020-09-29,sz.002571,6.79,7.14,6.75,7.04,10566810.0,73571803.6,3.555,3.8348,0,0
2020-09-30,sz.002571,7.04,7.46,6.97,7.32,20013600.0,146081710.0,6.7332,3.9773,0,0
2020-10-09,sz.002571,7.36,7.51,7.15,7.25,14167800.0,103296841.7,4.7665,-0.9563,0,0
2020-10-12,sz.002571,7.2,7.98,7.16,7.71,27018600.0,206172997.9,9.0899,6.3448,0,0
2020-10-13,sz.002571,7.63,7.64,7.38,7.59,16811400.0,125959191.0,5.6559,-1.5564,0,0
2020-10-14,sz.002571,7.5,7.73,7.45,7.7,18321271.0,139657986.21,6.1639,1.4493,0,0
2020-10-15,sz.002571,7.6,7.74,7.46,7.51,7657200.0,57905327.0,2.5761,-2.4675,0,0
2020-10-16,sz.002571,7.5,7.75,7.41,7.75,10392000.0,79395177.0,3.4962,3.1957,0,0
2020-10-19,sz.002571,7.76,7.88,7.53,7.85,8705700.0,67130497.0,2.9289,1.2903,0,0
2020-10-20,sz.002571,7.85,8.38,7.72,8.28,16777672.0,136829644.9,5.6445,5.4777,0,0
2020-10-21,sz.002571,8.45,8.45,7.45,7.45,30359300.0,237788108.6,10.2138,-10.0242,0,1
2020-10-22,sz.002571,7.05,7.8,7.05,7.66,16883300.0,127258579.37,5.6801,2.8188,0,0
2020-10-23,sz.002571,7.65,7.86,7.43,7.43,11366751.0,86260523.74,3.8241,-3.0026,0,0
2020-10-26,sz.002571,7.38,7.53,7.2,7.25,7304777.0,53510124.64,2.4576,-2.4226,0,0
2020-10-27,sz.002571,7.26,7.38,7.16,7.29,5137088.0,37352162.84,1.7283,0.5517,0,0
2020-10-28,sz.002571,7.23,7.39,7.21,7.38,5593000.0,40900986.0,1.8817,1.2346,0,0
2020-10-29,sz.002571,7.26,7.55,7.16,7.5,5238302.0,38884250.28,1.7623,1.626,0,0
2020-10-30,sz.002571,7.51,7.64,7.3,7.42,7358700.0,55167022.0,2.4757,-1.0667,0,0
2020-11-02,sz.002571,7.39,7.74,7.34,7.69,6075624.0,46130615.44,2.044,3.6388,0,0
2020-11-03,sz.002571,7.73,8.21,7.57,7.9,11441800.0,90091025.0,3.8494,2.7308,0,0
2020-11-04,sz.002571,7.85,8.39,7.85,8.14,14128263.0,114434161.74,4.7532,3.038,0,0
2020-11-05,sz.002571,8.2,8.89,8.2,8.58,20957558.0,178836688.77,7.0508,5.4054,0,0
2020-11-06,sz.002571,8.59,8.78,8.42,8.63,11056500.0,95078285.0,3.7198,0.5828,0,0
2020-11-09,sz.002571,8.7,8.92,8.43,8.8,16306500.0,140825147.7,5.486,1.9699,0,0
2020-11-10,sz.002571,8.8,8.82,8.36,8.49,12148982.0,103891727.12,4.0873,-3.5227,0,0
2020-11-11,sz.002571,8.5,8.75,8.46,8.51,11734301.0,100561152.49,3.9478,0.2356,0,0
2020-11-12,sz.002571,8.54,9.17,8.5,8.92,13575635.0,120510122.27,4.5673,4.8179,0,0
2020-11-13,sz.002571,9.01,9.5,8.89,9.19,17662387.0,163095835.31,5.9422,3.0269,0,0
2020-11-16,sz.002571,9.05,9.3,8.83,9.12,15717781.0,141759378.54,5.288,-0.7617,0,0
2020-11-17,sz.002571,9.14,9.2,8.86,8.96,8435091.0,76039883.27,2.8378,-1.7544,0,0
2020-11-18,sz.002571,8.96,9.58,8.91,9.54,18586585.0,173215174.81,6.2531,6.4732,0,0
2020-11-19,sz.002571,9.43,9.8,9.26,9.7,14956242.0,142244048.76,5.0317,1.6771,0,0
2020-11-20,sz.002571,9.82,10.28,9.68,10.14,22029808.0,221387226.68,7.4115,4.5361,0,0
2020-11-23,sz.002571,9.9,10.14,9.72,9.82,22294400.0,220857459.0,7.5005,-3.1558,0,0
2020-11-24,sz.002571,9.76,10.03,9.46,9.85,14436100.0,140979890.0,4.8568,0.3055,0,0
2020-11-25,sz.002571,9.85,9.98,9.5,9.88,14471800.0,140842909.59,4.8688,0.3046,0,0
2020-11-26,sz.002571,9.76,9.96,9.58,9.63,11772800.0,114298121.62,3.9607,-2.5304,0,0
2020-11-27,sz.002571,9.8,9.8,9.5,9.53,10944700.0,104761334.15,3.6821,-1.0384,0,0
2020-11-30,sz.002571,9.4,9.55,9.16,9.18,18464200.0,171539596.0,6.2119,-3.6726,0,0
2020-12-01,sz.002571,9.19,9.47,8.95,9.32,14298300.0,132522393.0,4.8104,1.5251,0,0
2020-12-02,sz.002571,9.44,9.44,9.1,9.3,7401811.0,68468284.52,2.4902,-0.2146,0,0
2020-12-03,sz.002571,9.35,10.23,9.31,9.9,25633942.0,252611256.12,8.6241,6.4516,0,0
2020-12-04,sz.002571,9.96,10.77,9.83,10.66,31224184.0,325821421.02,10.5048,7.6768,0,0
2020-12-07,sz.002571,10.95,11.46,10.34,11.45,37889841.0,413394473.75,12.7473,7.4109,0,0
2020-12-08,sz.002571,11.0,11.36,10.31,10.31,29454400.0,308140038.66,9.9094,-9.9563,0,1
2020-12-09,sz.002571,9.85,9.97,9.28,9.29,38413378.0,363189510.65,12.9235,-9.8933,0,1
2020-12-10,sz.002571,9.0,9.01,8.43,8.77,24809738.0,216103037.48,8.3468,-5.5974,0,0
2020-12-11,sz.002571,8.63,9.12,8.63,8.86,12595300.0,111978769.68,4.2375,1.0262,0,0
2020-12-14,sz.002571,8.96,9.26,8.91,9.17,10541101.0,96156558.13,3.5464,3.4989,0,0
2020-12-15,sz.002571,9.17,9.78,9.1,9.55,11929717.0,112604363.52,4.0135,4.1439,0,0
2020-12-16,sz.002571,9.54,9.72,9.25,9.3,7838700.0,74242678.0,2.6372,-2.6178,0,0
2020-12-17,sz.002571,9.15,9.45,9.02,9.25,7468900.0,69120567.0,2.5128,-0.5376,0,0
2020-12-18,sz.002571,9.25,9.3,9.02,9.15,6945700.0,63645914.88,2.3368,-1.0811,0,0
2020-12-21,sz.002571,9.17,9.82,9.13,9.69,14267707.0,137157005.74,4.8001,5.9016,0,0
2020-12-22,sz.002571,9.74,10.24,9.67,10.1,16114501.0,161358674.08,5.4214,4.2312,0,0
2020-12-23,sz.002571,10.05,10.58,10.05,10.47,13646400.0,141287947.0,4.5911,3.6634,0,0
2020-12-24,sz.002571,10.38,10.79,10.25,10.58,9233301.0,97263687.46,3.1064,1.0506,0,0
2020-12-25,sz.002571,10.5,10.57,10.33,10.44,7502835.0,78363245.95,2.5242,-1.3233,0,0
2020-12-28,sz.002571,10.44,10.5,10.08,10.29,8754705.0,89936025.88,2.9454,-1.4368,0,0
2020-12-29,sz.002571,10.39,10.65,10.26,10.29,5946700.0,62035154.0,2.0007,0.0,0,0
2020-12-30,sz.002571,10.25,10.56,10.17,10.37,7810554.0,80913776.76,2.6277,0.7775,0,0
2020-12-31,sz.002571,10.35,10.47,10.0,10.14,10323500.0,104584579.0,3.4731,-2.2179,0,0
2021-01-04,sz.002571,10.0,10.27,10.0,10.08,5993300.0,60729909.0,2.0163,-0.5917,0,0
2021-01-05,sz.002571,10.08,10.45,9.83,10.39,8836000.0,89356035.0,2.9727,3.0754,0,0
2021-01-06,sz.002571,10.39,10.49,9.89,10.08,7404800.0,74912123.8,2.4912,-2.9836,0,0
2021-01-07,sz.002571,10.14,10.28,9.9,10.07,6212600.0,62717711.0,2.0901,-0.0992,0,0
2021-01-08,sz.002571,10.07,11.08,10.04,11.08,17023000.0,183872825.9,5.7271,10.0298,1,0
2021-01-11,sz.002571,11.38,11.74,10.74,10.98,16821954.0,186504874.11,5.6594,-0.9025,0,0
2021-01-12,sz.002571,10.77,10.93,10.4,10.78,12624142.0,134328578.12,4.2472,-1.8215,0,0
2021-01-13,sz.002571,10.66,10.76,10.3,10.38,10180900.0,107230517.95,3.4252,-3.7106,0,0
2021-01-14,sz.002571,10.45,10.83,9.87,10.31,9418701.0,97797552.63,3.1687,-0.6744,0,0
2021-01-15,sz.002571,10.1,10.54,10.1,10.45,4377400.0,45477436.94,1.4727,1.3579,0,0
2021-01-18,sz.002571,10.2,11.01,10.2,10.75,7884500.0,84158431.0,2.6526,2.8708,0,0
2021-01-19,sz.002571,10.86,11.44,10.79,11.38,10302607.0,115006696.06,3.4661,5.8605,0,0
2021-01-20,sz.002571,11.35,11.52,11.1,11.35,7666001.0,86727274.22,2.5791,-0.2636,0,0
2021-01-21,sz.002571,11.28,11.5,11.0,11.3,6810801.0,76140398.21,2.2914,-0.4405,0,0
2021-01-22,sz.002571,11.2,11.6,11.12,11.55,10194378.0,115919946.36,3.4297,2.2124,0,0
2021-01-25,sz.002571,11.41,11.65,11.0,11.18,8439100.0,95173870.0,2.8392,-3.2035,0,0
2021-01-26,sz.002571,11.05,11.3,11.0,11.07,4370369.0,48500607.15,1.4703,-0.9839,0,0
2021-01-27,sz.002571,11.06,11.25,10.77,11.05,5500267.0,60286812.87,1.8505,-0.1807,0,0
2021-01-28,sz.002571,10.91,11.16,10.84,10.95,3496101.0,38434139.93,1.1762,-0.905,0,0
2021-01-29,sz.002571,10.96,11.75,10.91,11.15,5535400.0,62091079.0,1.8623,1.8265,0,0
2021-02-01,sz.002571,11.33,11.33,11.0,11.21,4137501.0,46054172.57,1.392,0.5381,0,0
2021-02-02,sz.002571,11.21,11.9,11.03,11.9,8918907.0,102210344.24,3.0006,6.1552,0,0
2021-02-03,sz.002571,11.93,11.97,11.18,11.24,7605112.0,88349078.92,2.5586,-5.5462,0,0
2021-02-04,sz.002571,11.1,11.74,10.91,11.51,6893220.0,78122988.0,2.3191,2.4021,0,0
2021-02-05,sz.002571,11.41,11.71,11.27,11.3,4606024.0,52654421.82,1.5496,-1.8245,0,0
2021-02-08,sz.002571,11.32,11.55,11.13,11.32,3334100.0,37755323.0,1.1217,0.177,0,0
2021-02-09,sz.002571,11.26,11.59,11.2,11.43,3724200.0,42587248.98,1.2529,0.9717,0,0
2021-02-10,sz.002571,11.4,11.82,11.27,11.77,6114221.0,71101291.66,2.057,2.9746,0,0
2021-02-18,sz.002571,11.76,12.55,11.72,12.55,9197613.0,112865136.49,3.0944,6.627,0,0
2021-02-19,sz.002571,12.55,12.58,12.05,12.24,7560901.0,92790501.18,2.5437,-2.4701,0,0
2021-02-22,sz.002571,12.25,12.43,12.0,12.29,5852991.0,71583396.08,1.9691,0.4085,0,0
2021-02-23,sz.002571,12.16,12.2,11.37,11.48,10002935.0,116875750.95,3.3653,-6.5907,0,0
2021-02-24,sz.002571,11.36,11.54,10.9,11.09,7860604.0,87477586.14,2.6446,-3.3972,0,0
2021-02-25,sz.002571,11.0,11.22,10.96,11.09,4081168.0,45205825.08,1.373,0.0,0,0
2021-02-26,sz.002571,11.07,11.07,10.34,10.6,5519700.0,59069720.0,1.857,-4.4184,0,0
2021-03-01,sz.002571,10.92,11.14,10.61,10.83,4520300.0,49243058.0,1.5208,2.1698,0,0
2021-03-02,sz.002571,10.92,10.92,10.48,10.53,4249800.0,45361530.0,1.4298,-2.7701,0,0
2021-03-03,sz.002571,10.53,10.55,10.02,10.18,8476100.0,86474567.32,2.8516,-3.3238,0,0
2021-03-04,sz.002571,10.19,10.19,9.58,9.63,9112344.0,88763282.52,3.0657,-5.4028,0,0
2021-03-05,sz.002571,9.48,9.98,9.33,9.64,4490100.0,43295613.0,1.5106,0.1038,0,0
2021-03-08,sz.002571,9.64,9.79,9.02,9.03,6710872.0,63072925.16,2.2577,-6.3278,0,0
2021-03-09,sz.002571,9.07,9.28,8.63,8.99,8824020.0,79094491.4,2.9687,-0.443,0,0
2021-03-10,sz.002571,9.09,9.15,8.59,8.8,5268800.0,46309844.0,1.7726,-2.1135,0,0
2021-03-11,sz.002571,8.7,9.2,8.21,8.95,12009004.0,106236768.36,4.0402,1.7045,0,0
2021-03-12,sz.002571,8.96,9.18,8.66,8.92,8778300.0,78715737.0,2.9533,-0.3352,0,0
2021-03-15,sz.002571,8.79,8.79,8.57,8.7,4673202.0,40514611.34,1.5722,-2.4664,0,0
2021-03-16,sz.002571,8.61,8.73,8.45,8.58,4282200.0,36586306.0,1.4407,-1.3793,0,0
2021-03-17,sz.002571,8.54,9.04,8.48,8.99,6738900.0,59337987.0,2.2672,4.7786,0,0
2021-03-18,sz.002571,9.08,9.42,8.97,9.11,6578900.0,60852497.0,2.2133,1.3348,0,0
2021-03-19,sz.002571,9.0,9.09,8.78,8.9,3852200.0,34421499.0,1.296,-2.3052,0,0
2021-03-22,sz.002571,8.9,9.0,8.8,8.88,2250802.0,20010972.8,0.7572,-0.2247,0,0
2021-03-23,sz.002571,8.91,8.95,8.62,8.76,2783305.0,24289145.4,0.9364,-1.3514,0,0
2021-03-24,sz.002571,8.78,9.16,8.73,9.09,6219602.0,56385144.16,2.0925,3.7671,0,0
2021-03-25,sz.002571,9.17,9.2,8.84,8.85,4484331.0,40256584.97,1.5087,-2.6403,0,0
2021-03-26,sz.002571,8.85,9.05,8.82,9.04,2297900.0,20553698.0,0.7731,2.1469,0,0
2021-03-29,sz.002571,8.98,9.21,8.98,9.05,2474401.0,22457294.02,0.8325,0.1106,0,0
2021-03-30,sz.002571,9.05,9.16,8.9,9.08,4271800.0,38713470.0,1.4372,0.3315,0,0
2021-03-31,sz.002571,9.08,9.35,9.05,9.18,4360631.0,40285451.58,1.4671,1.1013,0,0
2021-04-01,sz.002571,9.18,9.34,9.11,9.26,7592800.0,70202588.0,2.5545,0.8715,0,0
2021-04-02,sz.002571,9.26,9.75,9.2,9.46,7175629.0,68148253.05,2.4141,2.1598,0,0
2021-04-06,sz.002571,9.46,9.57,9.28,9.34,3377105.0,31535059.7,1.1362,-1.2685,0,0
2021-04-07,sz.002571,9.39,9.42,9.18,9.25,2973700.0,27620291.0,1.0004,-0.9636,0,0
2021-04-08,sz.002571,9.25,9.34,8.87,9.16,6437714.0,58558636.53,2.1684,-0.973,0,0
2021-04-09,sz.002571,9.17,9.76,9.14,9.74,9633418.0,91896293.42,3.2449,6.3319,0,0
2021-04-12,sz.002571,9.8,9.83,9.18,9.25,5888000.0,55645596.73,1.9833,-5.0308,0,0
2021-04-13,sz.002571,9.41,9.54,9.0,9.25,5517331.0,51108819.31,1.8584,0.0,0,0
2021-04-14,sz.002571,9.1,9.47,9.1,9.4,2944041.0,27465824.25,0.9917,1.6216,0,0
2021-04-15,sz.002571,9.42,9.52,9.33,9.44,3332101.0,31400206.35,1.1224,0.4255,0,0
2021-04-16,sz.002571,9.41,9.95,9.4,9.9,5852541.0,57183410.05,1.9713,4.8729,0,0
2021-04-19,sz.002571,9.96,10.38,9.84,10.25,9926101.0,100842903.97,3.3435,3.5354,0,0
2021-04-20,sz.002571,10.22,10.47,10.14,10.25,7542500.0,77547004.96,2.5406,0.0,0,0
2021-04-21,sz.002571,11.28,11.28,11.28,11.28,7808472.0,88079564.16,2.6302,10.0488,1,0
2021-04-22,sz.002571,11.27,11.27,10.15,10.15,45928701.0,477654433.53,15.4704,-10.0177,0,1
2021-04-23,sz.002571,9.55,9.7,9.14,9.14,22961767.0,212912044.57,7.7343,-9.9507,0,1
2021-04-26,sz.002571,8.61,8.77,8.23,8.25,30152184.0,255245794.38,10.1563,-9.7374,0,0
2021-04-27,sz.002571,8.13,8.2,7.6,8.04,21203645.0,167096535.39,7.1421,-2.5455,0,0
2021-04-28,sz.002571,7.89,7.98,7.8,7.84,10568002.0,83248478.64,3.5597,-2.4876,0,0
2021-04-29,sz.002571,7.92,8.13,7.86,8.0,11349988.0,90703512.06,3.8231,2.0408,0,0
2021-04-30,sz.002571,8.1,8.12,7.74,7.88,8557260.0,67567679.18,2.8824,-1.5,0,0
2021-05-06,sz.002571,7.84,7.84,7.38,7.39,13209980.0,99794495.57,4.4496,-6.2183,0,0
2021-05-07,sz.002571,7.41,7.51,7.3,7.35,7484969.0,55409694.19,2.5212,-0.5413,0,0
2021-05-10,sz.002571,7.39,7.4,7.24,7.27,5064647.0,36941896.75,1.706,-1.0884,0,0
2021-05-11,sz.002571,7.25,7.44,7.13,7.36,9270158.0,67331970.61,3.1225,1.238,0,0
2021-05-12,sz.002571,7.35,7.37,7.2,7.34,7201505.0,52422405.45,2.4257,-0.2717,0,0
2021-05-13,sz.002571,7.24,7.35,7.14,7.17,6958647.0,50360791.34,2.3439,-2.3161,0,0
2021-05-14,sz.002571,7.21,7.25,7.14,7.22,6102400.0,43912149.0,2.0555,0.6974,0,0
2021-05-17,sz.002571,7.22,7.22,6.81,6.82,15619738.0,107934372.13,5.2613,-5.5402,0,0
2021-05-18,sz.002571,6.81,6.9,6.74,6.79,8796250.0,59776432.04,2.9629,-0.4399,0,0
2021-05-19,sz.002571,6.8,7.07,6.73,6.97,10237930.0,70723004.06,3.4485,2.651,0,0
2021-05-20,sz.002571,6.99,6.99,6.78,6.8,7377266.0,50567368.6,2.4849,-2.439,0,0
2021-05-21,sz.002571,6.77,6.85,6.68,6.72,7587077.0,51261453.05,2.5556,-1.1765,0,0
2021-05-24,sz.002571,6.69,6.73,6.64,6.69,5746323.0,38404916.82,1.9356,-0.4464,0,0
2021-05-25,sz.002571,6.72,6.75,6.62,6.7,7472160.0,49859152.85,2.5169,0.1495,0,0
2021-05-26,sz.002571,6.67,6.99,6.65,6.88,12489146.0,85659812.24,4.2068,2.6866,0,0
2021-05-27,sz.002571,6.94,6.98,6.88,6.95,7345626.0,50952360.9,2.4743,1.0174,0,0
2021-05-28,sz.002571,6.96,7.2,6.9,7.19,13467281.0,95693490.95,4.5363,3.4532,0,0
2021-05-31,sz.002571,7.2,7.25,7.08,7.1,10704853.0,76110898.24,3.6058,-1.2517,0,0
2021-06-01,sz.002571,7.09,7.19,7.02,7.05,7905802.0,55965870.06,2.663,-0.7042,0,0
2021-06-02,sz.002571,7.0,7.05,6.89,6.92,6978501.0,48454521.63,2.3506,-1.844,0,0
2021-06-03,sz.002571,6.95,7.16,6.92,7.04,7946147.0,55905589.43,2.6765,1.7341,0,0
2021-06-04,sz.002571,7.0,7.05,6.85,6.87,7035599.0,48781118.13,2.3698,-2.4148,0,0
2021-06-07,sz.002571,6.88,6.88,6.75,6.88,5728902.0,39000201.61,1.9297,0.1456,0,0
2021-06-08,sz.002571,6.91,7.15,6.91,7.03,8267988.0,58316216.52,2.7849,2.1802,0,0
2021-06-09,sz.002571,7.0,7.02,6.91,6.94,4578972.0,31820382.96,1.5424,-1.2802,0,0
2021-06-10,sz.002571,6.96,6.97,6.82,6.85,5399547.0,37118783.48,1.8188,-1.2968,0,0
2021-06-11,sz.002571,6.82,6.93,6.73,6.83,4176429.0,28545592.97,1.4068,-0.292,0,0
2021-06-15,sz.002571,6.83,6.89,6.63,6.64,6251200.0,42148849.0,2.1056,-2.7818,0,0
2021-06-16,sz.002571,6.68,6.68,6.4,6.44,6253018.0,40545388.75,2.1062,-3.012,0,0
2021-06-17,sz.002571,6.44,6.54,6.44,6.49,3670610.0,23823664.6,1.2364,0.7764,0,0
2021-06-18,sz.002571,6.49,6.58,6.34,6.53,4143301.0,26810532.51,1.3956,0.6163,0,0
2021-06-21,sz.002571,6.53,6.77,6.48,6.72,5247875.0,35023256.15,1.7677,2.9096,0,0
2021-06-22,sz.002571,6.75,6.87,6.66,6.81,5643101.0,38369667.82,1.9008,1.3393,0,0
2021-06-23,sz.002571,6.79,6.86,6.7,6.74,4506141.0,30575769.98,1.5178,-1.0279,0,0
2021-06-24,sz.002571,6.8,7.1,6.73,7.02,14378941.0,100387909.82,4.8433,4.1543,0,0
2021-06-25,sz.002571,7.01,7.03,6.86,6.93,7878700.0,54567500.03,2.6538,-1.2821,0,0
2021-06-28,sz.002571,6.94,7.1,6.94,6.98,7283424.0,51067585.54,2.4533,0.7215,0,0
2021-06-29,sz.002571,6.9,6.9,6.67,6.68,7601253.0,51305783.1,2.5604,-4.298,0,0
2021-06-30,sz.002571,6.7,6.75,6.55,6.68,5780360.0,38299205.52,1.947,0.0,0,0
2021-07-01,sz.002571,6.68,6.78,6.51,6.54,5429000.0,36040811.56,1.8287,-2.0958,0,0
2021-07-02,sz.002571,6.57,6.67,6.45,6.49,4262500.0,27898646.0,1.4358,-0.7645,0,0
2021-07-05,sz.002571,6.48,6.7,6.45,6.63,4214547.0,27684894.14,1.4196,2.1572,0,0
2021-07-06,sz.002571,6.62,6.75,6.55,6.7,6085600.0,40562484.0,2.0498,1.0558,0,0
2021-07-07,sz.002571,6.66,6.74,6.63,6.65,4524447.0,30165581.08,1.524,-0.7463,0,0
2021-07-08,sz.002571,6.66,6.68,6.51,6.52,5943300.0,39057859.0,2.0019,-1.9549,0,0
2021-07-09,sz.002571,6.5,6.58,6.42,6.53,5267257.0,34237839.02,1.7742,0.1534,0,0
2021-07-12,sz.002571,6.63,7.18,6.63,7.18,21674342.0,151093240.98,7.3007,9.9541,1,0
2021-07-13,sz.002571,7.21,7.45,7.0,7.36,33677956.0,244278241.26,11.3439,2.507,0,0
2021-07-14,sz.002571,7.37,7.58,7.23,7.24,22007377.0,162504609.22,7.4129,-1.6304,0,0
2021-07-15,sz.002571,7.18,7.22,7.02,7.04,13623081.0,96583210.25,4.5887,-2.7624,0,0
2021-07-16,sz.002571,7.09,7.14,6.91,7.05,10379398.0,72909281.06,3.4961,0.142,0,0
2021-07-19,sz.002571,7.1,7.26,6.96,7.15,11623900.0,82578201.34,3.9153,1.4184,0,0
2021-07-20,sz.002571,7.07,7.14,6.96,7.09,7571101.0,53342222.06,2.5502,-0.8392,0,0
2021-07-21,sz.002571,7.14,7.29,7.03,7.07,9762300.0,69529628.0,3.2883,-0.2821,0,0
2021-07-22,sz.002571,7.03,7.35,7.02,7.34,15943410.0,115017771.7,5.3703,3.819,0,0
2021-07-23,sz.002571,7.39,7.39,7.11,7.13,14201398.0,102756385.74,4.7835,-2.861,0,0
2021-07-26,sz.002571,7.21,7.36,6.96,7.29,17484642.0,126346817.92,5.8894,2.244,0,0
2021-07-27,sz.002571,7.23,7.31,6.98,7.0,11909972.0,84875022.32,4.0117,-3.9781,0,0
2021-07-28,sz.002571,6.8,6.94,6.3,6.4,13637858.0,88769823.77,4.5937,-8.5714,0,0
2021-07-29,sz.002571,6.4,6.63,6.4,6.55,7092722.0,46190753.21,2.3891,2.3438,0,0
2021-07-30,sz.002571,6.53,6.61,6.41,6.54,6641300.0,43183929.0,2.237,-0.1527,0,0
2021-08-02,sz.002571,6.53,6.78,6.42,6.74,6262121.0,41708010.05,2.1093,3.0581,0,0
2021-08-03,sz.002571,6.73,6.95,6.68,6.77,6856285.0,46612775.24,2.3094,0.4451,0,0
2021-08-04,sz.002571,6.77,6.9,6.67,6.81,7374447.0,50051620.84,2.484,0.5908,0,0
2021-08-05,sz.002571,6.88,7.49,6.8,7.49,24034160.0,176468969.23,8.0955,9.9853,1,0
2021-08-06,sz.002571,7.5,8.16,7.4,7.81,44988022.0,348018787.93,15.1535,4.2724,0,0
2021-08-09,sz.002571,7.82,7.88,7.6,7.63,21106542.0,162142298.91,7.1094,-2.3047,0,0
2021-08-10,sz.002571,7.62,7.84,7.6,7.66,14345752.0,110352686.96,4.8322,0.3932,0,0
2021-08-11,sz.002571,7.62,7.98,7.51,7.91,20686901.0,161541026.82,6.9681,3.2637,0,0
2021-08-12,sz.002571,7.94,7.99,7.67,7.73,12223647.0,94615537.87,4.1174,-2.2756,0,0
2021-08-13,sz.002571,7.71,7.74,7.55,7.64,11866200.0,90521839.0,3.997,-1.1643,0,0
2021-08-16,sz.002571,7.61,7.75,7.41,7.63,10862700.0,82787934.0,3.6589,-0.1309,0,0
2021-08-17,sz.002571,7.65,7.7,7.24,7.27,11068000.0,82122389.0,3.7281,-4.7182,0,0
2021-08-18,sz.002571,7.35,7.5,7.3,7.42,7504600.0,55556775.0,2.5278,2.0633,0,0
2021-08-19,sz.002571,7.49,7.53,7.27,7.29,6503400.0,47820460.0,2.1906,-1.752,0,0
2021-08-20,sz.002571,7.29,7.36,7.08,7.25,6903900.0,49668337.0,2.3255,-0.5487,0,0
2021-08-23,sz.002571,7.31,7.5,7.21,7.45,7619400.0,56318491.0,2.5665,2.7586,0,0
2021-08-24,sz.002571,7.45,7.9,7.41,7.83,16291101.0,125869766.76,5.4612,5.1007,0,0
2021-08-25,sz.002571,7.92,7.95,7.63,7.83,13582400.0,105496633.36,4.5532,0.0,0,0
2021-08-26,sz.002571,7.95,8.59,7.75,8.22,25573792.0,209451768.6,8.573,4.9808,0,0
2021-08-27,sz.002571,8.13,8.24,7.93,7.98,13615456.0,109429604.55,4.5643,-2.9197,0,0
2021-08-30,sz.002571,7.96,8.1,7.75,7.84,13375356.0,105254221.12,4.4838,-1.7544,0,0
2021-08-31,sz.002571,7.88,8.04,7.8,7.96,10750456.0,85256767.03,3.6038,1.5306,0,0
2021-09-01,sz.002571,8.05,8.06,7.5,7.63,13388781.0,103696806.03,4.4883,-4.1457,0,0
2021-09-02,sz.002571,7.62,8.19,7.62,8.09,17755700.0,141683461.0,5.9522,6.0288,0,0
2021-09-03,sz.002571,8.1,8.66,8.03,8.13,20482451.0,170414768.56,6.8663,0.4944,0,0
2021-09-06,sz.002571,8.29,8.3,7.85,8.03,11364671.0,90876350.39,3.8097,-1.23,0,0
2021-09-07,sz.002571,8.0,8.09,7.94,8.02,8050671.0,64542256.0,2.6988,-0.1245,0,0
2021-09-08,sz.002571,8.0,8.05,7.9,7.93,9144901.0,72740800.03,3.0656,-1.1222,0,0
2021-09-09,sz.002571,7.91,7.94,7.73,7.78,8619500.0,67202906.0,2.8895,-1.8916,0,0
2021-09-10,sz.002571,7.78,8.08,7.75,7.89,12413772.0,98555741.44,4.1614,1.4139,0,0
2021-09-13,sz.002571,7.87,8.2,7.78,8.01,12090861.0,97324013.11,4.0532,1.5209,0,0
2021-09-14,sz.002571,8.01,8.02,7.62,7.68,11785201.0,92086865.74,3.9507,-4.1199,0,0
2021-09-15,sz.002571,7.61,7.84,7.5,7.72,7289800.0,55917128.2,2.4437,0.5208,0,0
2021-09-16,sz.002571,7.72,7.85,7.37,7.39,9144820.0,69714525.0,3.0656,-4.2746,0,0
2021-09-17,sz.002571,7.39,7.46,7.18,7.41,7545400.0,55146541.03,2.5294,0.2706,0,0
2021-09-22,sz.002571,7.35,7.44,7.18,7.24,5809800.0,42181246.0,1.9476,-2.2942,0,0
2021-09-23,sz.002571,7.3,7.49,7.27,7.3,5405659.0,39717000.16,1.8121,0.8287,0,0
2021-09-24,sz.002571,7.31,7.32,7.0,7.01,7060300.0,50165012.9,2.3668,-3.9726,0,0
2021-09-27,sz.002571,7.01,7.02,6.55,6.7,8640182.0,58144811.78,2.8964,-4.4223,0,0
2021-09-28,sz.002571,6.68,6.81,6.61,6.75,4039005.0,27122911.85,1.354,0.7463,0,0
2021-09-29,sz.002571,6.72,6.79,6.57,6.66,4276299.0,28584210.38,1.4335,-1.3333,0,0
2021-09-30,sz.002571,6.65,6.75,6.63,6.72,2985860.0,19989615.61,1.0009,0.9009,0,0
2021-10-08,sz.002571,6.77,6.9,6.76,6.9,3910025.0,26755663.97,1.3107,2.6786,0,0
2021-10-11,sz.002571,6.94,7.17,6.8,7.15,7021486.0,49182736.33,2.3538,3.6232,0,0
2021-10-12,sz.002571,7.17,7.25,7.03,7.21,6171900.0,43971429.0,2.069,0.8392,0,0
2021-10-13,sz.002571,7.17,7.3,7.11,7.2,5986886.0,42964823.09,2.007,-0.1387,0,0
2021-10-14,sz.002571,7.16,7.28,7.01,7.15,7458067.0,53418721.4,2.5001,-0.6944,0,0
2021-10-15,sz.002571,7.12,7.2,7.04,7.13,3942785.0,28226561.2,1.3217,-0.2797,0,0
2021-10-18,sz.002571,7.11,7.3,7.04,7.3,5645400.0,40652286.0,1.8925,2.3843,0,0
2021-10-19,sz.002571,7.27,7.42,7.22,7.3,5506200.0,40326074.0,1.8458,0.0,0,0
2021-10-20,sz.002571,7.3,7.33,7.22,7.28,3352600.0,24347139.0,1.1239,-0.274,0,0
2021-10-21,sz.002571,7.28,7.34,7.2,7.32,4334162.0,31536812.94,1.4529,0.5495,0,0
2021-10-22,sz.002571,7.31,7.35,7.26,7.3,2672600.0,19490968.0,0.8959,-0.2732,0,0
2021-10-25,sz.002571,7.35,8.03,7.12,7.59,26015478.0,199999051.42,8.7211,3.9726,0,0
2021-10-26,sz.002571,7.42,7.48,6.92,6.99,22411500.0,160600659.0,7.5129,-7.9051,0,0
2021-10-27,sz.002571,6.86,6.94,6.68,6.76,8140148.0,55001556.9,2.7288,-3.2904,0,0
2021-10-28,sz.002571,6.66,7.0,6.61,6.78,7554407.0,51210381.81,2.5324,0.2959,0,0
2021-10-29,sz.002571,6.78,6.89,6.67,6.87,4774494.0,32383280.65,1.6005,1.3274,0,0
2021-11-01,sz.002571,6.89,7.56,6.77,7.56,18817401.0,137949396.15,6.3081,10.0437,1,0
2021-11-02,sz.002571,7.7,7.7,7.25,7.38,19615115.0,145801848.02,6.5755,-2.381,0,0
2021-11-03,sz.002571,7.4,7.4,7.17,7.22,8593301.0,62275284.18,2.8807,-2.168,0,0
2021-11-04,sz.002571,7.21,7.58,7.19,7.49,12854300.0,95645433.0,4.3091,3.7396,0,0
2021-11-05,sz.002571,7.49,7.53,7.22,7.32,10599800.0,77748781.0,3.5533,-2.2697,0,0
2021-11-08,sz.002571,7.35,8.0,7.34,7.71,23110400.0,179295944.08,7.7472,5.3279,0,0
2021-11-09,sz.002571,7.72,7.73,7.5,7.6,14120000.0,107537907.0,4.7334,-1.4267,0,0
2021-11-10,sz.002571,7.56,7.67,7.47,7.58,8643900.0,65241179.18,2.8977,-0.2632,0,0
2021-11-11,sz.002571,7.58,7.67,7.46,7.5,6999100.0,52784494.0,2.3463,-1.0554,0,0
2021-11-12,sz.002571,7.51,7.52,7.33,7.45,9678406.0,71704225.27,3.2445,-0.6667,0,0
2021-11-15,sz.002571,7.44,7.47,7.36,7.4,6249856.0,46234917.4,2.0951,-0.6711,0,0
2021-11-16,sz.002571,7.42,7.66,7.2,7.23,10135255.0,74530412.1,3.3976,-2.2973,0,0
2021-11-17,sz.002571,7.19,7.38,7.13,7.34,5902400.0,43023456.0,1.9786,1.5214,0,0
2021-11-18,sz.002571,7.34,7.35,7.07,7.08,7673600.0,54952828.59,2.5724,-3.5422,0,0
2021-11-19,sz.002571,7.09,7.18,7.05,7.13,4525904.0,32208796.36,1.5172,0.7062,0,0
2021-11-22,sz.002571,7.11,7.34,7.08,7.32,6053976.0,44011182.56,2.0295,2.6648,0,0
2021-11-23,sz.002571,7.33,7.38,7.23,7.34,4409900.0,32180931.0,1.4783,0.2732,0,0
2021-11-24,sz.002571,7.42,7.42,7.22,7.26,4411100.0,32140036.0,1.4787,-1.0899,0,0
2021-11-25,sz.002571,7.25,7.25,7.15,7.17,4263500.0,30677486.0,1.4292,-1.2397,0,0
2021-11-26,sz.002571,7.16,7.21,7.14,7.17,3316500.0,23785065.0,1.1118,0.0,0,0
2021-11-29,sz.002571,7.09,7.15,7.06,7.13,3936141.0,27946935.69,1.3195,-0.5579,0,0
2021-11-30,sz.002571,7.2,7.21,7.0,7.06,4629342.0,32950995.1,1.5519,-0.9818,0,0
2021-12-01,sz.002571,7.02,7.3,7.02,7.26,6131877.0,44095962.39,2.0556,2.8329,0,0
2021-12-02,sz.002571,7.26,7.29,7.06,7.08,5507300.0,39409080.0,1.8462,-2.4793,0,0
2021-12-03,sz.002571,7.09,7.45,7.09,7.38,10097300.0,73874185.0,3.3849,4.2373,0,0
2021-12-06,sz.002571,7.38,7.62,7.29,7.34,9504600.0,70628773.9,3.1862,-0.542,0,0
2021-12-07,sz.002571,7.38,7.49,7.3,7.41,6417300.0,47349702.0,2.1512,0.9537,0,0
2021-12-08,sz.002571,7.43,7.48,7.25,7.26,5473300.0,39962371.0,1.8348,-2.0243,0,0
2021-12-09,sz.002571,7.27,7.34,7.24,7.27,4055600.0,29482537.0,1.3595,0.1377,0,0
2021-12-10,sz.002571,7.26,7.26,7.16,7.16,4059600.0,29157187.0,1.3609,-1.5131,0,0
2021-12-13,sz.002571,7.18,7.25,7.13,7.2,3283900.0,23581741.0,1.1008,0.5587,0,0
2021-12-14,sz.002571,7.15,7.2,7.1,7.15,3743967.0,26714734.38,1.2551,-0.6944,0,0
2021-12-15,sz.002571,7.14,7.28,7.13,7.19,3757609.0,27074203.05,1.2596,0.5594,0,0
2021-12-16,sz.002571,7.22,7.37,7.19,7.34,4955800.0,36226872.0,1.6613,2.0862,0,0
2021-12-17,sz.002571,7.34,7.36,7.23,7.27,3393023.0,24729195.79,1.1374,-0.9537,0,0
2021-12-20,sz.002571,7.27,7.38,7.1,7.12,4322700.0,31189043.4,1.4491,-2.0633,0,0
2021-12-21,sz.002571,7.14,7.22,7.13,7.21,3423485.0,24597446.6,1.1476,1.264,0,0
2021-12-22,sz.002571,7.27,7.27,7.14,7.2,3402800.0,24477735.0,1.1407,-0.1387,0,0
2021-12-23,sz.002571,7.2,7.23,7.1,7.1,4150200.0,29610950.0,1.3913,-1.3889,0,0
2021-12-24,sz.002571,7.09,7.13,6.8,6.81,6849484.0,47321264.16,2.2961,-4.0845,0,0
2021-12-27,sz.002571,6.8,6.92,6.77,6.87,2498700.0,17121988.0,0.8376,0.8811,0,0
2021-12-28,sz.002571,6.87,6.97,6.86,6.94,2983502.0,20622632.82,1.0001,1.0189,0,0
2021-12-29,sz.002571,6.96,6.96,6.79,6.81,4273788.0,29283558.52,1.4327,-1.8732,0,0
2021-12-30,sz.002571,6.8,6.88,6.77,6.85,2202500.0,15053820.0,0.7383,0.5874,0,0
2021-12-31,sz.002571,6.85,6.95,6.82,6.93,2990101.0,20655049.9,1.0024,1.1679,0,0
2022-01-04,sz.002571,7.03,7.25,6.92,7.19,7889546.0,56140101.26,2.6448,3.7518,0,0
2022-01-05,sz.002571,7.19,7.32,7.13,7.28,8179401.0,59323881.26,2.7419,1.2517,0,0
2022-01-06,sz.002571,7.2,7.32,7.2,7.31,4705900.0,34280380.01,1.5775,0.4121,0,0
2022-01-07,sz.002571,7.31,7.41,7.22,7.23,4842301.0,35400968.35,1.6233,-1.0944,0,0
2022-01-10,sz.002571,7.23,7.32,7.19,7.25,2689500.0,19489916.0,0.9016,0.2766,0,0
2022-01-11,sz.002571,7.25,7.35,7.22,7.26,3098582.0,22531494.5,1.0387,0.1379,0,0
2022-01-12,sz.002571,7.3,7.55,7.3,7.36,5135300.0,37839480.0,1.7215,1.3774,0,0
2022-01-13,sz.002571,7.38,7.43,7.28,7.3,4948900.0,36305592.0,1.659,-0.8152,0,0
2022-01-14,sz.002571,7.31,7.65,7.25,7.59,15181718.0,114209936.62,5.0893,3.9726,0,0
2022-01-17,sz.002571,7.61,7.82,7.5,7.6,11331928.0,86673124.61,3.7988,0.1318,0,0
2022-01-18,sz.002571,7.59,7.59,7.33,7.36,6271000.0,46587965.35,2.1022,-3.1579,0,0
2022-01-19,sz.002571,7.35,7.45,7.32,7.41,3853065.0,28449176.0,1.2916,0.6793,0,0
2022-01-20,sz.002571,7.35,7.4,7.07,7.1,5516500.0,39697547.0,1.8493,-4.1835,0,0
2022-01-21,sz.002571,7.1,7.31,7.08,7.22,3503100.0,25177524.0,1.1743,1.6901,0,0
2022-01-24,sz.002571,7.25,7.25,7.0,7.05,3087800.0,21910705.0,1.0351,-2.3546,0,0
2022-01-25,sz.002571,7.03,7.07,6.6,6.63,6694100.0,45459970.0,2.244,-5.9574,0,0
2022-01-26,sz.002571,6.65,6.79,6.63,6.74,2845200.0,19079475.0,0.9538,1.6591,0,0
2022-01-27,sz.002571,6.75,6.76,6.5,6.5,3645199.0,24032258.29,1.222,-3.5608,0,0
2022-01-28,sz.002571,6.6,6.68,6.4,6.6,4872895.0,32066245.1,1.6335,1.5385,0,0
2022-02-07,sz.002571,6.67,6.81,6.59,6.7,3501500.0,23389403.0,1.1738,1.5152,0,0
2022-02-08,sz.002571,6.72,7.17,6.65,7.15,6355400.0,44180035.0,2.1305,6.7164,0,0
2022-02-09,sz.002571,7.15,7.16,7.0,7.02,5954000.0,42008553.0,1.9959,-1.8182,0,0
2022-02-10,sz.002571,7.02,7.04,6.88,6.95,3444300.0,23881672.0,1.1546,-0.9972,0,0
2022-02-11,sz.002571,6.9,7.01,6.82,6.84,3077100.0,21201409.0,1.0315,-1.5827,0,0
2022-02-14,sz.002571,6.82,6.89,6.73,6.79,4074400.0,27789354.0,1.3658,-0.731,0,0
2022-02-15,sz.002571,6.75,6.91,6.72,6.91,3044900.0,20745949.0,1.0207,1.7673,0,0
2022-02-16,sz.002571,6.9,6.94,6.85,6.91,2718600.0,18767359.0,0.9113,0.0,0,0
2022-02-17,sz.002571,6.9,6.93,6.8,6.84,3191601.0,21916286.8,1.0699,-1.013,0,0
2022-02-18,sz.002571,6.8,6.87,6.77,6.85,1789000.0,12224342.0,0.5997,0.1462,0,0
2022-02-21,sz.002571,6.85,6.92,6.81,6.9,3162800.0,21680290.0,1.0603,0.7299,0,0
2022-02-22,sz.002571,6.87,6.88,6.73,6.76,3005301.0,20402191.8,1.0075,-2.029,0,0
2022-02-23,sz.002571,6.76,7.04,6.74,6.92,4496001.0,31019139.82,1.5072,2.3669,0,0
2022-02-24,sz.002571,6.95,7.08,6.59,6.71,7735499.0,53091129.0,2.5931,-3.0347,0,0
2022-02-25,sz.002571,6.73,6.99,6.72,6.93,6360400.0,43753305.0,2.1322,3.2787,0,0
2022-02-28,sz.002571,6.89,7.09,6.82,6.95,3719400.0,25804323.0,1.2468,0.2886,0,0
2022-03-01,sz.002571,6.97,7.42,6.97,7.21,11392485.0,82359221.0,3.8191,3.741,0,0
2022-03-02,sz.002571,7.28,7.4,7.25,7.36,9539801.0,69996838.0,3.198,2.0804,0,0
2022-03-03,sz.002571,7.45,7.69,7.4,7.53,12913977.0,97660153.0,4.3291,2.3098,0,0
2022-03-04,sz.002571,7.6,7.6,7.32,7.38,9035384.0,67358894.0,3.0289,-1.992,0,0
2022-03-07,sz.002571,7.41,7.44,7.22,7.36,6061477.0,44461035.0,2.032,-0.271,0,0
2022-03-08,sz.002571,7.31,7.56,7.11,7.36,9499926.0,70434828.0,3.1846,0.0,0,0
2022-03-09,sz.002571,7.27,7.52,6.93,7.42,10016300.0,73136055.0,3.3577,0.8152,0,0
2022-03-10,sz.002571,7.52,7.59,7.29,7.31,8448400.0,62761028.0,2.8321,-1.4825,0,0
2022-03-11,sz.002571,7.36,7.41,7.11,7.38,5237101.0,38122177.0,1.7556,0.9576,0,0
2022-03-14,sz.002571,7.36,7.39,7.01,7.09,6078700.0,43828071.0,2.0377,-3.9295,0,0
2022-03-15,sz.002571,7.0,7.11,6.54,6.59,8430801.0,57731315.0,2.8262,-7.0522,0,0
2022-03-16,sz.002571,6.66,6.95,6.49,6.83,8357399.0,56284891.0,2.8016,3.6419,0,0
2022-03-17,sz.002571,6.94,7.16,6.9,6.95,8153700.0,57246773.0,2.7333,1.757,0,0
2022-03-18,sz.002571,7.01,7.19,6.91,7.14,5772100.0,40913165.0,1.935,2.7338,0,0
2022-03-21,sz.002571,7.2,7.21,7.01,7.11,5537499.0,39256665.88,1.8563,-0.4202,0,0
2022-03-22,sz.002571,7.07,7.11,6.9,6.95,5237200.0,36531982.0,1.7556,-2.2504,0,0
2022-03-23,sz.002571,6.98,7.02,6.85,6.89,5323000.0,36795156.0,1.7844,-0.8633,0,0
2022-03-24,sz.002571,6.85,6.88,6.7,6.77,4507000.0,30527249.0,1.5109,-1.7417,0,0
2022-03-25,sz.002571,6.78,6.86,6.71,6.76,4034200.0,27319614.0,1.3524,-0.1477,0,0
2022-03-28,sz.002571,6.72,6.73,6.59,6.67,4468707.0,29776588.69,1.498,-1.3314,0,0
2022-03-29,sz.002571,6.72,6.76,6.55,6.57,4288500.0,28461197.0,1.4376,-1.4993,0,0
2022-03-30,sz.002571,6.59,6.79,6.59,6.75,3652701.0,24460119.74,1.2245,2.7397,0,0
2022-03-31,sz.002571,6.75,6.83,6.68,6.75,3898701.0,26390980.77,1.3069,0.0,0,0
2022-04-01,sz.002571,6.71,6.74,6.65,6.72,2826500.0,18897677.0,0.9475,-0.4444,0,0
2022-04-06,sz.002571,6.72,6.85,6.6,6.8,4825388.0,32769086.28,1.6176,1.1905,0,0
2022-04-07,sz.002571,6.72,6.78,6.56,6.59,4230700.0,28103068.0,1.4182,-3.0882,0,0
2022-04-08,sz.002571,6.59,6.65,6.34,6.36,5334400.0,34287459.0,1.7882,-3.4901,0,0
2022-04-11,sz.002571,6.36,6.4,5.91,6.07,8863789.0,54045413.47,2.9714,-4.5597,0,0
2022-04-12,sz.002571,6.12,6.13,5.92,6.1,3821500.0,23069477.0,1.2811,0.4942,0,0
2022-04-13,sz.002571,6.07,6.11,5.83,5.92,5614802.0,33300113.8,1.8822,-2.9508,0,0
2022-04-14,sz.002571,5.9,6.01,5.89,5.92,3163300.0,18804622.0,1.0604,0.0,0,0
2022-04-15,sz.002571,5.91,5.93,5.66,5.69,3757300.0,21589339.0,1.2595,-3.8851,0,0
2022-04-18,sz.002571,5.65,5.75,5.48,5.69,3728600.0,21049038.0,1.2499,0.0,0,0
2022-04-19,sz.002571,5.71,5.79,5.65,5.74,2164000.0,12387379.0,0.7254,0.8787,0,0
2022-04-20,sz.002571,5.75,5.86,5.67,5.73,3410800.0,19695165.0,1.1434,-0.1742,0,0
2022-04-21,sz.002571,5.66,5.74,5.42,5.44,3626801.0,20115771.65,1.2158,-5.0611,0,0
2022-04-22,sz.002571,5.42,5.55,5.34,5.47,2518500.0,13688816.0,0.8443,0.5515,0,0
2022-04-25,sz.002571,5.36,5.43,4.92,4.92,6021100.0,30598110.0,2.0184,-10.0548,0,1
2022-04-26,sz.002571,4.92,4.93,4.62,4.64,6155511.0,29338009.47,2.0635,-5.6911,0,0
2022-04-27,sz.002571,4.6,4.84,4.47,4.79,5487500.0,25492904.0,1.8396,3.2328,0,0
2022-04-28,sz.002571,4.72,4.85,4.31,4.69,4817400.0,22815488.0,1.6149,-2.0877,0,0
2022-04-29,sz.002571,4.69,5.09,4.69,5.0,4378000.0,21621094.0,1.4676,6.6098,0,0
2022-05-05,sz.002571,5.08,5.08,4.94,4.99,2782277.0,13894656.92,0.9327,-0.2,0,0
2022-05-06,sz.002571,4.9,4.98,4.82,4.86,2986300.0,14624827.23,1.0011,-2.6052,0,0
2022-05-09,sz.002571,4.9,5.22,4.9,5.03,3136200.0,15982576.0,1.0513,3.4979,0,0
2022-05-10,sz.002571,4.94,5.12,4.92,5.09,2918400.0,14688876.0,0.9783,1.1928,0,0
2022-05-11,sz.002571,5.11,5.21,5.02,5.02,2658900.0,13632665.99,0.8913,-1.3752,0,0
2022-05-12,sz.002571,5.0,5.13,4.97,5.1,2309000.0,11722110.0,0.774,1.5936,0,0
2022-05-13,sz.002571,5.11,5.16,5.04,5.12,1692000.0,8623642.0,0.5672,0.3922,0,0
2022-05-16,sz.002571,5.15,5.21,5.11,5.16,2367900.0,12239234.0,0.7938,0.7813,0,0
2022-05-17,sz.002571,5.19,5.19,5.07,5.14,2448100.0,12554037.58,0.8207,-0.3876,0,0
2022-05-18,sz.002571,5.13,5.3,5.09,5.23,2521700.0,13200051.0,0.8453,1.751,0,0
2022-05-19,sz.002571,5.22,5.65,5.11,5.46,10385586.0,55869643.9,3.4815,4.3977,0,0
2022-05-20,sz.002571,5.48,5.61,5.32,5.43,9247688.0,50255339.8,3.1001,-0.5495,0,0
2022-05-23,sz.002571,5.47,5.97,5.35,5.97,14741110.0,83555595.62,4.9416,9.9448,1,0
2022-05-24,sz.002571,6.57,6.57,6.55,6.57,17877993.0,117455315.01,5.9932,10.0503,1,0
2022-05-25,sz.002571,6.5,7.23,6.3,7.23,22093131.0,152152699.57,7.4062,10.0457,1,0
2022-05-26,sz.002571,7.95,7.95,6.51,6.56,58449283.0,420074731.18,19.5937,-9.2669,0,0
2022-05-27,sz.002571,5.9,6.24,5.9,5.93,41286455.0,247494994.16,13.8403,-9.6037,0,0
2022-05-30,sz.002571,5.86,6.19,5.8,6.02,23314868.0,139901324.79,7.8158,1.5177,0,0
2022-05-31,sz.002571,6.0,6.12,5.77,5.88,17108813.0,100871079.42,5.7353,-2.3256,0,0
2022-06-01,sz.002571,5.86,5.98,5.7,5.79,14114824.0,82365551.2,4.7317,-1.5306,0,0
2022-06-02,sz.002571,5.75,5.83,5.62,5.79,12106488.0,69379734.94,4.0584,0.0,0,0
2022-06-06,sz.002571,5.78,6.05,5.77,6.03,14459875.0,86034758.01,4.8473,4.1451,0,0
2022-06-07,sz.002571,5.98,6.63,5.97,6.63,10776811.0,69486734.31,3.6127,9.9502,1,0
2022-06-08,sz.002571,6.67,7.21,6.5,6.77,41181368.0,280429742.31,13.8051,2.1116,0,0
2022-06-09,sz.002571,6.56,6.71,6.36,6.39,20795875.0,134934124.5,6.9713,-5.613,0,0
2022-06-10,sz.002571,6.35,6.56,6.34,6.54,15659229.0,101195507.24,5.2494,2.3474,0,0
2022-06-13,sz.002571,6.41,7.19,6.33,7.19,26436529.0,181922766.47,8.8622,9.9388,1,0
2022-06-14,sz.002571,7.18,7.67,6.94,7.04,35287286.0,254050533.67,11.8292,-2.0862,0,0
2022-06-15,sz.002571,7.23,7.54,6.95,7.07,22164029.0,158530460.93,7.43,0.4261,0,0
2022-06-16,sz.002571,6.92,7.17,6.81,6.86,16856547.0,117209275.42,5.6508,-2.9703,0,0
2022-06-17,sz.002571,6.8,7.35,6.75,7.1,20964676.0,149616413.84,7.0279,3.4985,0,0
2022-06-20,sz.002571,6.95,7.3,6.95,7.03,17779166.0,126212605.96,5.96,-0.9859,0,0
2022-06-21,sz.002571,7.0,7.09,6.7,6.83,16519628.0,112988749.08,5.5378,-2.845,0,0
2022-06-22,sz.002571,6.78,6.88,6.66,6.82,8523500.0,57964990.0,2.8573,-0.1464,0,0
2022-06-23,sz.002571,6.81,7.04,6.71,6.96,10961600.0,75738897.0,3.6746,2.0528,0,0
2022-06-24,sz.002571,7.1,7.66,6.97,7.42,29314329.0,216630214.54,9.8269,6.6092,0,0
2022-06-27,sz.002571,7.43,8.16,7.36,8.16,29010006.0,224176330.41,9.7249,9.973,1,0
2022-06-28,sz.002571,8.5,8.8,7.72,7.82,44228074.0,361636731.05,14.8264,-4.1667,0,0
2022-06-29,sz.002571,7.85,8.12,7.26,7.27,33771383.0,256678142.12,11.321,-7.0332,0,0
2022-06-30,sz.002571,7.35,7.54,7.27,7.27,15481809.0,114016950.75,5.1899,0.0,0,0
2022-07-01,sz.002571,7.27,7.43,7.18,7.21,11614402.0,84580195.42,3.8934,-0.8253,0,0
2022-07-04,sz.002571,7.18,7.24,7.06,7.22,8893700.0,63627372.0,2.9814,0.1387,0,0
2022-07-05,sz.002571,7.22,7.55,7.16,7.52,17730030.0,131632055.19,5.9436,4.1551,0,0
2022-07-06,sz.002571,7.39,7.41,7.02,7.09,14045394.0,101082136.07,4.7084,-5.7181,0,0
2022-07-07,sz.002571,6.99,7.18,6.95,7.15,8840200.0,62461656.0,2.9635,0.8463,0,0
2022-07-08,sz.002571,7.08,7.13,6.91,6.94,8161600.0,57099295.0,2.736,-2.9371,0,0
2022-07-11,sz.002571,6.88,6.95,6.7,6.86,7323400.0,49967026.0,2.455,-1.1527,0,0
2022-07-12,sz.002571,6.91,6.91,6.69,6.7,5415950.0,36591526.3,1.8156,-2.3324,0,0
2022-07-13,sz.002571,6.76,6.99,6.74,6.89,6897347.0,47268002.79,2.3122,2.8358,0,0
2022-07-14,sz.002571,6.97,7.05,6.76,6.8,5798621.0,39711462.71,1.9438,-1.3062,0,0
2022-07-15,sz.002571,6.78,6.82,6.49,6.49,8865561.0,58889466.6,2.972,-4.5588,0,0
2022-07-18,sz.002571,6.54,6.81,6.53,6.8,8110100.0,54675689.0,2.7187,4.7766,0,0
2022-07-19,sz.002571,6.84,6.88,6.6,6.67,7266800.0,48664525.0,2.436,-1.9118,0,0
2022-07-20,sz.002571,6.65,6.69,6.57,6.61,6506800.0,42981041.0,2.1812,-0.8996,0,0
2022-07-21,sz.002571,6.61,6.65,6.54,6.61,5447800.0,35922615.0,1.8262,0.0,0,0
2022-07-22,sz.002571,6.61,7.27,6.6,7.27,26933509.0,192306888.43,9.0288,9.9849,1,0
2022-07-25,sz.002571,7.5,7.53,6.96,7.0,33578379.0,241946986.76,11.2563,-3.7139,0,0
2022-07-26,sz.002571,7.09,7.58,6.89,7.32,28383795.0,204580805.51,9.515,4.5714,0,0
2022-07-27,sz.002571,7.32,7.38,7.16,7.23,14767301.0,106514213.2,4.9504,-1.2295,0,0
2022-07-28,sz.002571,7.23,7.28,7.15,7.18,10419801.0,74992948.19,3.493,-0.6916,0,0
2022-07-29,sz.002571,7.2,7.66,7.19,7.54,24212102.0,180081452.84,8.1165,5.0139,0,0
2022-08-01,sz.002571,7.51,7.66,7.36,7.49,18231502.0,136451744.84,6.1117,-0.6631,0,0
2022-08-02,sz.002571,7.26,7.37,7.0,7.06,15450511.0,110471783.44,5.1794,-5.741,0,0
2022-08-03,sz.002571,7.11,7.77,7.04,7.43,28452512.0,212292258.49,9.538,5.2408,0,0
2022-08-04,sz.002571,7.44,7.71,7.33,7.59,24111201.0,181249571.34,8.0827,2.1534,0,0
2022-08-05,sz.002571,7.55,7.76,7.42,7.62,19624360.0,149496036.34,6.5786,0.3953,0,0
2022-08-08,sz.002571,7.58,7.63,7.26,7.58,13721603.0,102633752.68,4.5998,-0.5249,0,0
2022-08-09,sz.002571,7.56,7.69,7.47,7.49,11661803.0,88135553.02,3.9093,-1.1873,0,0
2022-08-10,sz.002571,7.35,7.93,7.3,7.83,22791303.0,175227014.4,7.6402,4.5394,0,0
2022-08-11,sz.002571,7.82,8.08,7.64,8.02,22622801.0,177848423.8,7.5838,2.4266,0,0
2022-08-12,sz.002571,8.0,8.8,7.89,8.21,37285991.0,311322304.9,12.4992,2.3691,0,0
2022-08-15,sz.002571,8.26,8.6,8.01,8.28,26327100.0,217619460.92,8.8255,0.8526,0,0
2022-08-16,sz.002571,8.2,8.88,8.2,8.43,23489032.0,199532937.49,7.8741,1.8116,0,0
2022-08-17,sz.002571,8.5,9.27,8.35,8.89,49847507.0,446235924.33,16.7102,5.4567,0,0
2022-08-18,sz.002571,8.75,8.8,8.16,8.33,42125049.0,355283013.54,14.1214,-6.2992,0,0
2022-08-19,sz.002571,8.18,8.34,7.89,7.93,22625000.0,182438116.0,7.5845,-4.8019,0,0
2022-08-22,sz.002571,7.83,8.04,7.58,7.8,20483276.0,159370890.32,6.8665,-1.6393,0,0
2022-08-23,sz.002571,7.77,8.04,7.65,7.88,15971721.0,126405850.4,5.3541,1.0256,0,0
2022-08-24,sz.002571,7.96,8.15,7.62,7.68,19133520.0,150377859.72,6.4141,-2.5381,0,0
2022-08-25,sz.002571,7.65,7.75,7.24,7.33,16007400.0,118412643.0,5.3661,-4.5573,0,0
2022-08-26,sz.002571,7.38,7.6,7.34,7.36,9827500.0,73167658.0,3.2944,0.4093,0,0
2022-08-29,sz.002571,7.24,7.55,7.18,7.47,7195500.0,53590596.0,2.4121,1.4946,0,0
2022-08-30,sz.002571,7.51,7.59,7.33,7.35,7727480.0,57380465.8,2.5905,-1.6064,0,0
2022-08-31,sz.002571,7.3,7.39,7.09,7.16,9144500.0,65800172.0,3.0655,-2.585,0,0
2022-09-01,sz.002571,7.12,7.23,7.05,7.09,5832900.0,41592261.0,1.9553,-0.9777,0,0
2022-09-02,sz.002571,7.1,7.23,7.0,7.23,5173900.0,36877865.0,1.7344,1.9746,0,0
2022-09-05,sz.002571,7.22,7.34,7.18,7.23,5202700.0,37721466.0,1.7441,0.0,0,0
2022-09-06,sz.002571,7.27,7.45,7.24,7.44,6919926.0,50978321.14,2.3197,2.9046,0,0
2022-09-07,sz.002571,7.39,7.5,7.33,7.42,5802104.0,42958469.64,1.945,-0.2688,0,0
2022-09-08,sz.002571,7.46,7.46,7.18,7.18,6140200.0,44752289.0,2.0584,-3.2345,0,0
2022-09-09,sz.002571,7.21,7.27,7.0,7.2,5443200.0,38755261.0,1.8247,0.2786,0,0
2022-09-13,sz.002571,7.17,7.25,7.02,7.04,4832500.0,34308682.0,1.62,-2.2222,0,0
2022-09-14,sz.002571,6.91,7.1,6.87,7.07,5612900.0,39146634.0,1.8816,0.4261,0,0
2022-09-15,sz.002571,7.06,7.08,6.67,6.71,7168301.0,48847171.05,2.403,-5.0919,0,0
2022-09-16,sz.002571,6.72,6.82,6.6,6.61,5756700.0,38519993.0,1.9298,-1.4903,0,0
2022-09-19,sz.002571,6.57,6.65,6.39,6.43,6198800.0,40089242.0,2.078,-2.7231,0,0
2022-09-20,sz.002571,6.52,6.77,6.52,6.73,5606300.0,37389530.0,1.8794,4.6656,0,0
2022-09-21,sz.002571,6.73,6.75,6.56,6.68,3459500.0,23007453.0,1.1597,-0.7429,0,0
2022-09-22,sz.002571,6.66,6.73,6.55,6.58,3988000.0,26433065.0,1.3369,-1.497,0,0
2022-09-23,sz.002571,6.52,6.57,6.29,6.34,6679001.0,42705564.3,2.239,-3.6474,0,0
2022-09-26,sz.002571,6.33,6.47,6.25,6.28,4200100.0,26660938.0,1.408,-0.9464,0,0
2022-09-27,sz.002571,6.33,6.47,6.29,6.47,3826899.0,24471969.61,1.2829,3.0255,0,0
2022-09-28,sz.002571,6.45,6.49,6.2,6.2,4046151.0,25612368.3,1.3564,-4.1731,0,0
2022-09-29,sz.002571,6.26,6.34,6.16,6.26,4264100.0,26585865.0,1.4294,0.9677,0,0
2022-09-30,sz.002571,6.3,6.3,6.13,6.15,3079800.0,19038726.0,1.0324,-1.7572,0,0
2022-10-10,sz.002571,6.14,6.23,6.07,6.1,3140000.0,19232953.0,1.0526,-0.813,0,0
2022-10-11,sz.002571,6.17,6.23,6.02,6.22,3620000.0,22222919.0,1.2135,1.9672,0,0
2022-10-12,sz.002571,6.2,6.43,6.12,6.43,4818380.0,30235174.6,1.6152,3.3762,0,0
2022-10-13,sz.002571,6.37,6.57,6.33,6.48,4904300.0,31833946.0,1.644,0.7776,0,0
2022-10-14,sz.002571,6.56,7.13,6.49,7.13,11153000.0,77533905.0,3.7388,10.0309,1,0
2022-10-17,sz.002571,7.05,7.09,6.8,6.95,20176765.0,139102061.15,6.7638,-2.5245,0,0
2022-10-18,sz.002571,6.9,7.03,6.85,6.92,11925400.0,82591982.0,3.9977,-0.4317,0,0
2022-10-19,sz.002571,6.96,7.01,6.83,6.89,8559272.0,59086551.66,2.8693,-0.4335,0,0
2022-10-20,sz.002571,6.8,7.58,6.78,7.58,24855800.0,185144733.0,8.3323,10.0145,1,0
2022-10-21,sz.002571,7.67,7.79,7.15,7.19,40571875.0,297629263.97,13.6007,-5.1451,0,0
2022-10-24,sz.002571,7.03,7.24,6.98,7.12,19323800.0,137257710.0,6.4778,-0.9736,0,0
2022-10-25,sz.002571,7.01,7.09,6.68,6.95,16188741.0,111374567.49,5.4269,-2.3876,0,0
2022-10-26,sz.002571,6.9,7.1,6.82,7.08,14536637.0,101324086.44,4.8731,1.8705,0,0
2022-10-27,sz.002571,6.97,7.04,6.81,6.89,13365880.0,92474476.16,4.4806,-2.6836,0,0
2022-10-28,sz.002571,6.8,6.82,6.38,6.38,14486486.0,94946124.32,4.8562,-7.402,0,0
2022-10-31,sz.002571,6.23,6.62,6.2,6.56,9097892.0,59086169.68,3.0499,2.8213,0,0
2022-11-01,sz.002571,6.61,6.66,6.5,6.66,5810200.0,38423231.0,1.9477,1.5244,0,0
2022-11-02,sz.002571,6.68,6.71,6.56,6.64,6569700.0,43610258.0,2.2023,-0.3003,0,0
2022-11-03,sz.002571,6.58,6.75,6.53,6.64,5312200.0,35314149.0,1.7808,0.0,0,0
2022-11-04,sz.002571,6.65,6.96,6.62,6.88,10642100.0,72957977.0,3.5675,3.6145,0,0
2022-11-07,sz.002571,6.95,7.5,6.93,7.2,18271605.0,131049752.93,6.1251,4.6512,0,0
2022-11-08,sz.002571,7.22,7.26,7.04,7.1,12313701.0,87738040.8,4.1279,-1.3889,0,0
2022-11-09,sz.002571,7.14,7.16,7.03,7.11,6473088.0,45953535.68,2.1699,0.1408,0,0
2022-11-10,sz.002571,7.07,7.14,7.01,7.08,6385275.0,45205715.99,2.1405,-0.4219,0,0
2022-11-11,sz.002571,7.18,7.25,7.01,7.01,7261116.0,51519357.08,2.4341,-0.9887,0,0
2022-11-14,sz.002571,6.99,7.11,6.91,6.94,5983411.0,41756083.71,2.0058,-0.9986,0,0
2022-11-15,sz.002571,6.94,7.07,6.83,7.07,5433549.0,37995118.08,1.8215,1.8732,0,0
2022-11-16,sz.002571,7.13,7.13,6.99,7.03,4748616.0,33418836.48,1.5919,-0.5658,0,0
2022-11-17,sz.002571,7.01,7.04,6.91,6.99,4520100.0,31464328.0,1.5153,-0.569,0,0
2022-11-18,sz.002571,7.0,7.12,6.88,6.89,5640700.0,39477681.0,1.8909,-1.4306,0,0
2022-11-21,sz.002571,6.87,7.02,6.74,6.91,6257566.0,42926750.08,2.0977,0.2903,0,0
2022-11-22,sz.002571,6.91,6.95,6.71,6.75,5740049.0,39115476.18,1.9242,-2.3155,0,0
2022-11-23,sz.002571,6.75,6.81,6.64,6.81,3188400.0,21468401.0,1.0688,0.8889,0,0
2022-11-24,sz.002571,6.8,6.83,6.72,6.75,2452000.0,16583288.0,0.822,-0.8811,0,0
2022-11-25,sz.002571,6.75,6.78,6.66,6.69,2398401.0,16102717.71,0.804,-0.8889,0,0
2022-11-28,sz.002571,6.6,6.67,6.48,6.6,3703701.0,24382260.62,1.2416,-1.3453,0,0
2022-11-29,sz.002571,6.6,6.75,6.59,6.74,3526500.0,23650418.0,1.1822,2.1212,0,0
2022-11-30,sz.002571,6.73,6.76,6.66,6.67,2815400.0,18854732.0,0.9438,-1.0386,0,0
2022-12-01,sz.002571,6.71,6.78,6.68,6.7,3037100.0,20409508.0,1.0181,0.4498,0,0
2022-12-02,sz.002571,6.66,6.87,6.66,6.82,4137161.0,28073811.8,1.3869,1.791,0,0
2022-12-05,sz.002571,6.81,6.89,6.75,6.8,4290517.0,29108671.92,1.4383,-0.2933,0,0
2022-12-06,sz.002571,6.83,6.83,6.67,6.7,4024000.0,27078605.0,1.3489,-1.4706,0,0
2022-12-07,sz.002571,6.65,6.73,6.65,6.68,2260417.0,15117417.56,0.7578,-0.2985,0,0
2022-12-08,sz.002571,6.67,6.74,6.63,6.67,2634400.0,17606781.0,0.8831,-0.1497,0,0
2022-12-09,sz.002571,6.7,6.73,6.61,6.62,2337300.0,15505747.0,0.7835,-0.7496,0,0
2022-12-12,sz.002571,6.6,6.66,6.56,6.56,2322500.0,15301267.0,0.7786,-0.9063,0,0
2022-12-13,sz.002571,6.55,6.78,6.54,6.74,4466900.0,29889136.0,1.4974,2.7439,0,0
2022-12-14,sz.002571,6.66,6.73,6.64,6.65,2760404.0,18431384.76,0.9254,-1.3353,0,0
2022-12-15,sz.002571,6.61,6.72,6.61,6.7,2461507.0,16453746.69,0.8252,0.7519,0,0
2022-12-16,sz.002571,6.68,6.69,6.53,6.55,2805304.0,18507825.16,0.9404,-2.2388,0,0
2022-12-19,sz.002571,6.55,6.59,6.33,6.36,2994200.0,19212629.0,1.0037,-2.9008,0,0
2022-12-20,sz.002571,6.4,6.44,6.3,6.39,1724400.0,10986719.0,0.5781,0.4717,0,0
2022-12-21,sz.002571,6.39,6.5,6.37,6.39,1898300.0,12203817.0,0.6364,0.0,0,0
2022-12-22,sz.002571,6.43,6.45,6.21,6.22,2570200.0,16242576.0,0.8616,-2.6604,0,0
2022-12-23,sz.002571,6.18,6.3,6.18,6.23,1546800.0,9663102.0,0.5185,0.1608,0,0
2022-12-26,sz.002571,6.24,6.33,6.22,6.3,1355639.0,8502241.92,0.4544,1.1236,0,0
2022-12-27,sz.002571,6.36,6.4,6.21,6.36,1613939.0,10249096.65,0.541,0.9524,0,0
2022-12-28,sz.002571,6.35,6.36,6.24,6.29,2619500.0,16508630.0,0.8781,-1.1006,0,0
2022-12-29,sz.002571,6.32,6.32,6.22,6.22,1586749.0,9930321.76,0.5319,-1.1129,0,0
2022-12-30,sz.002571,6.26,6.29,6.21,6.24,1720598.0,10738660.52,0.5768,0.3215,0,0
2023-01-03,sz.002571,6.23,6.38,6.23,6.35,2221300.0,14039185.0,0.7446,1.7628,0,0
2023-01-04,sz.002571,6.34,6.8,6.34,6.55,6190985.0,40658782.9,2.0754,3.1496,0,0
2023-01-05,sz.002571,6.51,6.65,6.48,6.55,4149000.0,27166944.0,1.3909,0.0,0,0
2023-01-06,sz.002571,6.56,6.74,6.51,6.62,4794600.0,31938787.0,1.6073,1.0687,0,0
2023-01-09,sz.002571,6.63,6.71,6.6,6.64,2934000.0,19535787.0,0.9836,0.3021,0,0
2023-01-10,sz.002571,6.69,6.69,6.59,6.6,2295500.0,15214306.0,0.7695,-0.6024,0,0
2023-01-11,sz.002571,6.59,6.64,6.52,6.54,1991200.0,13113678.0,0.6675,-0.9091,0,0
2023-01-12,sz.002571,6.59,6.62,6.45,6.58,3056804.0,19992231.36,1.0247,0.6116,0,0
2023-01-13,sz.002571,6.58,6.64,6.55,6.61,1812900.0,11949869.0,0.6077,0.4559,0,0
2023-01-16,sz.002571,6.64,6.65,6.58,6.64,2255200.0,14931703.0,0.756,0.4539,0,0
2023-01-17,sz.002571,6.68,6.68,6.5,6.55,1935400.0,12709369.0,0.6488,-1.3554,0,0
2023-01-18,sz.002571,6.58,6.68,6.54,6.65,2375000.0,15757718.0,0.7962,1.5267,0,0
2023-01-19,sz.002571,6.66,6.67,6.51,6.52,2730100.0,17973161.0,0.9152,-1.9549,0,0
2023-01-20,sz.002571,6.57,6.63,6.53,6.58,2440300.0,16028020.0,0.8181,0.9202,0,0
2023-01-30,sz.002571,6.64,6.75,6.64,6.74,4691502.0,31445357.44,1.5727,2.4316,0,0
2023-01-31,sz.002571,6.62,7.41,6.57,7.41,25636656.0,184497742.96,8.5941,9.9407,1,0
2023-02-01,sz.002571,7.19,7.42,6.97,7.29,33710651.0,241603114.11,11.3007,-1.6194,0,0
2023-02-02,sz.002571,7.27,7.88,7.13,7.35,41711354.0,309734351.38,13.9827,0.823,0,0
2023-02-03,sz.002571,7.3,7.34,7.0,7.11,24703984.0,176200597.08,8.2814,-3.2653,0,0
2023-02-06,sz.002571,7.13,7.16,7.02,7.09,11668601.0,82637506.36,3.9116,-0.2813,0,0
2023-02-07,sz.002571,7.05,7.18,7.02,7.15,12526186.0,89245665.34,4.1991,0.8463,0,0
2023-02-08,sz.002571,7.13,7.13,7.04,7.06,7715456.0,54548441.36,2.5864,-1.2587,0,0
2023-02-09,sz.002571,7.02,7.09,6.97,7.07,7294856.0,51448181.8,2.4454,0.1416,0,0
2023-02-10,sz.002571,7.09,7.18,7.04,7.1,7465856.0,53084800.48,2.5027,0.4243,0,0
2023-02-13,sz.002571,7.1,7.14,7.07,7.14,6459109.0,45954559.99,2.1653,0.5634,0,0
2023-02-14,sz.002571,7.14,7.15,7.02,7.06,6734981.0,47636807.95,2.2577,-1.1204,0,0
2023-02-15,sz.002571,7.06,7.18,7.04,7.09,7123774.0,50697804.7,2.3881,0.4249,0,0
2023-02-16,sz.002571,7.12,7.19,6.82,6.89,12530272.0,88267623.64,4.2005,-2.8209,0,0
2023-02-17,sz.002571,6.94,7.12,6.87,6.96,8002614.0,55924095.44,2.6827,1.016,0,0
2023-02-20,sz.002571,6.95,7.09,6.9,7.09,6675700.0,46989770.0,2.2379,1.8678,0,0
2023-02-21,sz.002571,7.09,7.19,7.02,7.07,6550200.0,46524672.0,2.1958,-0.2821,0,0
2023-02-22,sz.002571,7.03,7.12,7.02,7.08,3924300.0,27707359.0,1.3155,0.1414,0,0
2023-02-23,sz.002571,7.1,7.18,7.07,7.12,5300453.0,37721969.83,1.7768,0.565,0,0
2023-02-24,sz.002571,7.06,7.12,6.98,7.05,4775332.0,33635118.28,1.6008,-0.9831,0,0
2023-02-27,sz.002571,7.09,7.09,6.94,6.97,3980200.0,27847157.0,1.3343,-1.1348,0,0
2023-02-28,sz.002571,6.97,7.04,6.9,7.02,3034500.0,21166226.0,1.0172,0.7174,0,0
2023-03-01,sz.002571,7.03,7.06,6.97,7.01,2794100.0,19555633.0,0.9367,-0.1425,0,0
2023-03-02,sz.002571,7.02,7.05,6.89,6.9,5225400.0,36304189.0,1.7517,-1.5692,0,0
2023-03-03,sz.002571,6.9,6.91,6.78,6.83,3973553.0,27143628.46,1.332,-1.0145,0,0
2023-03-06,sz.002571,6.85,7.3,6.78,7.12,18321934.0,129885561.6,6.142,4.246,0,0
2023-03-07,sz.002571,7.0,7.06,6.86,6.88,11190800.0,77460619.0,3.7514,-3.3708,0,0
2023-03-08,sz.002571,6.9,7.39,6.79,7.22,22681470.0,162626593.56,7.6034,4.9419,0,0
2023-03-09,sz.002571,7.29,7.3,7.13,7.16,12534653.0,90135910.95,4.2019,-0.831,0,0
2023-03-10,sz.002571,7.09,7.23,7.01,7.1,8635400.0,61341420.0,2.8948,-0.838,0,0
2023-03-13,sz.002571,7.05,7.27,6.9,6.97,10011500.0,70390888.0,3.3561,-1.831,0,0
2023-03-14,sz.002571,6.95,6.95,6.6,6.62,11713800.0,78674440.12,3.9268,-5.0215,0,0
2023-03-15,sz.002571,6.68,6.69,6.55,6.55,7168000.0,47384702.99,2.4029,-1.0574,0,0
2023-03-16,sz.002571,6.55,6.56,6.42,6.42,4148316.0,26854601.52,1.3906,-1.9847,0,0
2023-03-17,sz.002571,6.47,6.5,6.43,6.45,2693216.0,17412472.2,0.9028,0.4673,0,0
2023-03-20,sz.002571,6.46,6.53,6.36,6.49,3558200.0,22989617.0,1.1928,0.6202,0,0
2023-03-21,sz.002571,6.5,6.65,6.46,6.65,3001116.0,19637348.96,1.0061,2.4653,0,0
2023-03-22,sz.002571,6.62,6.66,6.57,6.6,3475200.0,22970709.0,1.165,-0.7519,0,0
2023-03-23,sz.002571,6.59,6.65,6.53,6.6,2860100.0,18832936.0,0.9588,0.0,0,0
2023-03-24,sz.002571,6.6,6.6,6.51,6.52,3042800.0,19891530.0,1.02,-1.2121,0,0
2023-03-27,sz.002571,6.51,6.52,6.4,6.47,2820700.0,18178682.0,0.9456,-0.7669,0,0
2023-03-28,sz.002571,6.46,6.47,6.32,6.36,3120900.0,19943468.0,1.0462,-1.7002,0,0
2023-03-29,sz.002571,6.35,6.42,6.25,6.26,2797500.0,17656738.0,0.9378,-1.5723,0,0
2023-03-30,sz.002571,6.26,6.33,6.2,6.32,2504200.0,15683177.0,0.8395,0.9585,0,0
2023-03-31,sz.002571,6.31,6.37,6.28,6.36,1407517.0,8927759.93,0.4718,0.6329,0,0
2023-04-03,sz.002571,6.35,6.43,6.33,6.42,1945502.0,12452482.84,0.6522,0.9434,0,0
2023-04-04,sz.002571,6.41,6.42,6.26,6.29,2787305.0,17651183.4,0.9344,-2.0249,0,0
2023-04-06,sz.002571,6.28,6.34,6.25,6.29,1497000.0,9429036.0,0.5018,0.0,0,0
2023-04-07,sz.002571,6.27,6.46,6.24,6.44,3099706.0,19867753.09,1.0391,2.3847,0,0
2023-04-10,sz.002571,6.43,6.49,6.36,6.37,2557463.0,16395586.31,0.8573,-1.087,0,0
2023-04-11,sz.002571,6.38,6.39,6.3,6.36,1819600.0,11503326.0,0.61,-0.157,0,0
2023-04-12,sz.002571,6.32,6.36,6.26,6.31,2103500.0,13250664.0,0.7051,-0.7862,0,0
2023-04-13,sz.002571,6.28,6.37,6.27,6.32,1592000.0,10063397.0,0.5337,0.1585,0,0
2023-04-14,sz.002571,6.32,6.37,6.24,6.28,1839910.0,11559818.8,0.6168,-0.6329,0,0
2023-04-17,sz.002571,6.27,6.32,6.26,6.28,1949810.0,12257183.8,0.6536,0.0,0,0
2023-04-18,sz.002571,6.26,6.28,6.06,6.09,4299216.0,26346542.24,1.4412,-3.0255,0,0
2023-04-19,sz.002571,6.11,6.13,6.06,6.08,1822500.0,11102698.0,0.6109,-0.1642,0,0
2023-04-20,sz.002571,6.09,6.09,5.85,5.86,4414126.0,25989126.36,1.4797,-3.6184,0,0
2023-04-21,sz.002571,5.85,5.93,5.75,5.77,3391001.0,19726784.75,1.1368,-1.5358,0,0
2023-04-24,sz.002571,5.75,5.79,5.65,5.72,2002500.0,11443202.0,0.6713,-0.8666,0,0
2023-04-25,sz.002571,5.72,5.74,5.49,5.56,3562300.0,19809635.0,1.1942,-2.7972,0,0
2023-04-26,sz.002571,5.56,5.87,5.55,5.81,3556600.0,20387627.0,1.1923,4.4964,0,0
2023-04-27,sz.002571,5.77,5.84,5.69,5.83,2372100.0,13762236.0,0.7952,0.3442,0,0
2023-04-28,sz.002571,5.78,5.92,5.76,5.9,1786100.0,10504228.0,0.5987,1.2007,0,0
2023-05-04,sz.002571,5.9,6.06,5.85,5.99,2367200.0,14162988.0,0.7935,1.5254,0,0
2023-05-05,sz.002571,5.99,6.05,5.86,5.91,1737800.0,10267317.0,0.5826,-1.3356,0,0
2023-05-08,sz.002571,5.92,5.98,5.85,5.92,1433201.0,8475617.87,0.4804,0.1692,0,0
2023-05-09,sz.002571,5.9,5.94,5.78,5.8,1881100.0,10984895.0,0.6306,-2.027,0,0
2023-05-10,sz.002571,5.81,5.91,5.78,5.87,1118400.0,6553608.0,0.3749,1.2069,0,0
2023-05-11,sz.002571,5.94,5.94,5.84,5.94,1093400.0,6464891.0,0.3665,1.1925,0,0
2023-05-12,sz.002571,5.96,5.97,5.9,5.91,1343100.0,7969528.0,0.4502,-0.5051,0,0
2023-05-15,sz.002571,5.89,5.97,5.85,5.97,1379000.0,8173525.0,0.4623,1.0152,0,0
2023-05-16,sz.002571,5.97,6.0,5.85,5.88,1424800.0,8398922.0,0.4776,-1.5075,0,0
2023-05-17,sz.002571,5.85,5.98,5.84,5.97,1580100.0,9364057.0,0.5297,1.5306,0,0
2023-05-18,sz.002571,5.97,6.0,5.93,5.98,1000300.0,5970494.0,0.3353,0.1675,0,0
2023-05-19,sz.002571,5.99,5.99,5.9,5.97,1205300.0,7169514.0,0.404,-0.1672,0,0
2023-05-22,sz.002571,5.97,6.02,5.9,6.01,1353400.0,8101180.84,0.4537,0.67,0,0
2023-05-23,sz.002571,6.01,6.04,5.96,5.96,1274800.0,7655881.0,0.4273,-0.8319,0,0
2023-05-24,sz.002571,5.95,6.02,5.91,5.94,1561400.0,9318951.0,0.5234,-0.3356,0,0
2023-05-25,sz.002571,5.91,5.97,5.85,5.94,1399800.0,8261709.0,0.4692,0.0,0,0
2023-05-26,sz.002571,6.0,6.0,5.81,5.89,1881700.0,11035006.0,0.6308,-0.8418,0,0
2023-05-29,sz.002571,5.91,5.91,5.7,5.75,2194301.0,12662138.72,0.7356,-2.3769,0,0
2023-05-30,sz.002571,5.75,5.83,5.6,5.72,1662101.0,9438195.7,0.5572,-0.5217,0,0
2023-05-31,sz.002571,5.7,5.87,5.68,5.76,2374801.0,13719506.77,0.7961,0.6993,0,0
2023-06-01,sz.002571,5.73,5.94,5.69,5.76,3612700.0,21000834.0,1.2111,0.0,0,0
2023-06-02,sz.002571,5.75,6.34,5.7,6.34,17116611.0,107016357.64,5.7379,10.0694,1,0
2023-06-05,sz.002571,6.2,6.24,6.04,6.07,18067801.0,110419311.05,6.0568,-4.2587,0,0
2023-06-06,sz.002571,6.05,6.67,6.05,6.13,15429763.0,96535684.29,5.1725,0.9885,0,0
2023-06-07,sz.002571,6.12,6.28,5.95,6.23,13172553.0,80381138.13,4.4158,1.6313,0,0
2023-06-08,sz.002571,6.17,6.28,6.03,6.07,9356200.0,57140960.0,3.1364,-2.5682,0,0
2023-06-09,sz.002571,6.06,6.68,5.95,6.68,26743674.0,172421989.16,8.9652,10.0494,1,0
2023-06-12,sz.002571,6.5,6.9,6.4,6.67,30580118.0,202024180.76,10.2513,-0.1497,0,0
2023-06-13,sz.002571,6.55,6.64,6.51,6.52,13501566.0,88438239.37,4.5261,-2.2489,0,0
2023-06-14,sz.002571,6.5,6.54,6.35,6.4,9911501.0,63657291.44,3.3226,-1.8405,0,0
2023-06-15,sz.002571,6.4,6.78,6.36,6.45,10810955.0,70074520.54,3.6241,0.7813,0,0
2023-06-16,sz.002571,6.37,6.44,6.26,6.27,9902001.0,62513920.26,3.3194,-2.7907,0,0
2023-06-19,sz.002571,6.24,6.33,6.22,6.29,5844564.0,36670051.64,1.9593,0.319,0,0
2023-06-20,sz.002571,6.27,6.4,6.18,6.36,7588700.0,47939879.36,2.5439,1.1129,0,0
2023-06-21,sz.002571,6.35,6.55,6.25,6.36,9015642.0,57807106.28,3.0223,0.0,0,0
2023-06-26,sz.002571,6.37,6.66,6.28,6.64,15225919.0,99639998.22,5.1041,4.4025,0,0
2023-06-27,sz.002571,6.55,6.62,6.49,6.6,10376964.0,67996750.0,3.4786,-0.6024,0,0
2023-06-28,sz.002571,6.59,6.6,6.3,6.39,7733608.0,49561806.6,2.5925,-3.1818,0,0
2023-06-29,sz.002571,6.35,7.03,6.33,7.03,25077674.0,174045419.78,8.4067,10.0156,1,0
2023-06-30,sz.002571,6.76,6.97,6.75,6.79,29191276.0,199220281.53,9.7857,-3.4139,0,0
2023-07-03,sz.002571,6.75,6.85,6.72,6.8,13993601.0,95043738.82,4.691,0.1473,0,0
2023-07-04,sz.002571,6.76,6.89,6.73,6.87,12981900.0,88707030.0,4.3519,1.0294,0,0
2023-07-05,sz.002571,6.85,7.11,6.68,6.92,16344457.0,112042912.16,5.4791,0.7278,0,0
2023-07-06,sz.002571,6.82,6.87,6.75,6.82,9003557.0,61206959.75,3.0182,-1.4451,0,0
2023-07-07,sz.002571,6.79,7.08,6.79,6.84,10778100.0,74314893.98,3.6131,0.2933,0,0
2023-07-10,sz.002571,6.79,6.86,6.62,6.72,9010510.0,60455851.8,3.0206,-1.7544,0,0
2023-07-11,sz.002571,6.71,6.73,6.52,6.59,9084600.0,59745311.0,3.0454,-1.9345,0,0
2023-07-12,sz.002571,6.62,6.79,6.55,6.63,7694842.0,51203202.82,2.5795,0.607,0,0
2023-07-13,sz.002571,6.6,6.72,6.52,6.72,6940600.0,45960436.0,2.3267,1.3575,0,0
2023-07-14,sz.002571,6.72,6.72,6.59,6.62,4974247.0,33062927.49,1.6675,-1.4881,0,0
2023-07-17,sz.002571,6.55,6.57,6.26,6.53,8166010.0,52340463.36,2.7375,-1.3595,0,0
2023-07-18,sz.002571,6.57,6.6,6.43,6.51,3316733.0,21507482.52,1.1119,-0.3063,0,0
2023-07-19,sz.002571,6.45,6.59,6.43,6.51,3544501.0,23039639.44,1.1882,0.0,0,0
2023-07-20,sz.002571,6.49,6.55,6.36,6.36,4414500.0,28339355.0,1.4799,-2.3041,0,0
2023-07-21,sz.002571,6.34,6.48,6.33,6.4,3487800.0,22324873.0,1.1692,0.6289,0,0
2023-07-24,sz.002571,6.35,6.5,6.27,6.48,4693100.0,29984670.0,1.5732,1.25,0,0
2023-07-25,sz.002571,6.48,6.64,6.48,6.62,5851002.0,38558771.22,1.9614,2.1605,0,0
2023-07-26,sz.002571,6.66,6.66,6.5,6.54,3422602.0,22450747.04,1.1473,-1.2085,0,0
2023-07-27,sz.002571,6.5,6.61,6.43,6.46,3770947.0,24502413.88,1.2641,-1.2232,0,0
2023-07-28,sz.002571,6.44,6.54,6.41,6.54,3042300.0,19774087.0,1.0199,1.2384,0,0
2023-07-31,sz.002571,6.58,6.59,6.47,6.55,3470000.0,22671859.0,1.1632,0.1529,0,0
2023-08-01,sz.002571,6.53,6.62,6.41,6.51,4147542.0,26978000.2,1.3904,-0.6107,0,0
2023-08-02,sz.002571,6.51,6.52,6.45,6.48,2075700.0,13445437.0,0.6958,-0.4608,0,0
2023-08-03,sz.002571,6.48,6.55,6.4,6.51,3174105.0,20548804.15,1.064,0.463,0,0
2023-08-04,sz.002571,6.5,6.58,6.39,6.39,4568200.0,29567849.0,1.5314,-1.8433,0,0
2023-08-07,sz.002571,6.36,6.4,6.14,6.18,7278300.0,45244760.0,2.4399,-3.2864,0,0
2023-08-08,sz.002571,6.19,6.23,6.1,6.11,4138300.0,25481283.0,1.3873,-1.1327,0,0
2023-08-09,sz.002571,6.15,6.16,6.07,6.08,2374900.0,14472612.0,0.7961,-0.491,0,0
2023-08-10,sz.002571,6.09,6.17,6.07,6.14,2290400.0,14033974.0,0.7678,0.9868,0,0
2023-08-11,sz.002571,6.18,6.18,6.08,6.08,3112700.0,19049821.0,1.0435,-0.9772,0,0
2023-08-14,sz.002571,6.05,6.17,6.03,6.17,2442800.0,14922158.5,0.8189,1.4803,0,0
2023-08-15,sz.002571,6.16,6.18,6.07,6.11,1813210.0,11083838.1,0.6078,-0.9724,0,0
2023-08-16,sz.002571,6.12,6.15,6.08,6.09,1758300.0,10738646.0,0.5894,-0.3273,0,0
2023-08-17,sz.002571,6.07,6.22,6.01,6.22,3376000.0,20788679.0,1.1317,2.1346,0,0
2023-08-18,sz.002571,6.22,6.31,6.16,6.17,2596700.0,16198907.0,0.8705,-0.8039,0,0
2023-08-21,sz.002571,6.16,6.24,6.1,6.13,2907600.0,17905419.0,0.9747,-0.6483,0,0
2023-08-22,sz.002571,6.13,6.17,5.98,6.07,3278400.0,19801165.0,1.099,-0.9788,0,0
2023-08-23,sz.002571,6.08,6.1,5.96,6.02,2916100.0,17589513.0,0.9776,-0.8237,0,0
2023-08-24,sz.002571,6.02,6.08,5.88,6.0,3238105.0,19402156.25,1.0855,-0.3322,0,0
2023-08-25,sz.002571,6.02,6.12,5.92,5.94,2531702.0,15154849.93,0.8487,-1.0,0,0
2023-08-28,sz.002571,6.16,6.22,6.0,6.07,4612301.0,28161062.06,1.5462,2.1886,0,0
2023-08-29,sz.002571,6.03,6.18,5.96,6.16,2859900.0,17494770.0,0.9587,1.4827,0,0
2023-08-30,sz.002571,6.18,6.27,6.17,6.26,4548900.0,28307948.0,1.5249,1.6234,0,0
2023-08-31,sz.002571,6.28,6.31,6.12,6.14,2830100.0,17520812.0,0.9487,-1.9169,0,0
2023-09-01,sz.002571,6.15,6.25,6.13,6.21,2050810.0,12702626.9,0.6875,1.1401,0,0
2023-09-04,sz.002571,6.2,6.31,6.17,6.3,3050900.0,19162258.0,1.0227,1.4493,0,0
2023-09-05,sz.002571,6.3,6.33,6.22,6.29,2254700.0,14136531.0,0.7558,-0.1587,0,0
2023-09-06,sz.002571,6.35,6.46,6.25,6.29,2825200.0,17813329.0,0.9471,0.0,0,0
2023-09-07,sz.002571,6.29,6.39,6.21,6.22,2787445.0,17496190.15,0.9344,-1.1129,0,0
2023-09-08,sz.002571,6.21,6.27,6.2,6.21,1717300.0,10696538.0,0.5757,-0.1608,0,0
2023-09-11,sz.002571,6.21,6.33,6.13,6.27,2677250.0,16733645.9,0.8975,0.9662,0,0
2023-09-12,sz.002571,6.27,6.3,6.17,6.19,2077600.0,12888212.0,0.6965,-1.2759,0,0
2023-09-13,sz.002571,6.13,6.21,6.08,6.13,2286011.0,13993556.21,0.7663,-0.9693,0,0
2023-09-14,sz.002571,6.13,6.14,5.98,5.99,3164900.0,19077343.0,1.061,-2.2838,0,0
2023-09-15,sz.002571,6.01,6.05,5.97,5.99,2086700.0,12529245.0,0.6995,0.0,0,0
2023-09-18,sz.002571,6.04,6.2,5.91,6.18,3447411.0,21087550.44,1.1557,3.172,0,0
2023-09-19,sz.002571,6.14,6.17,6.0,6.03,2699300.0,16347712.0,0.9049,-2.4272,0,0
2023-09-20,sz.002571,6.02,6.04,5.98,5.98,1382600.0,8298271.0,0.4635,-0.8292,0,0
2023-09-21,sz.002571,5.98,6.04,5.94,5.97,1673800.0,10012356.0,0.5611,-0.1672,0,0
2023-09-22,sz.002571,6.03,6.1,5.91,6.09,2571000.0,15518544.0,0.8619,2.0101,0,0
2023-09-25,sz.002571,6.11,6.11,5.99,6.05,1759400.0,10623770.0,0.5898,-0.6568,0,0
2023-09-26,sz.002571,6.0,6.06,5.97,6.04,2091600.0,12600776.0,0.7012,-0.1653,0,0
2023-09-27,sz.002571,6.02,6.18,6.0,6.13,2939101.0,17996389.1,0.9853,1.4901,0,0
2023-09-28,sz.002571,6.13,6.19,6.09,6.1,1848400.0,11363022.0,0.6196,-0.4894,0,0
2023-10-09,sz.002571,6.09,6.11,6.01,6.04,2181800.0,13207555.0,0.7314,-0.9836,0,0
2023-10-10,sz.002571,6.04,6.1,6.01,6.04,1625200.0,9847060.0,0.5448,0.0,0,0
2023-10-11,sz.002571,6.12,6.12,5.99,6.02,1664848.0,10014504.96,0.5581,-0.3311,0,0
2023-10-12,sz.002571,6.03,6.07,5.99,6.07,1336400.0,8064524.0,0.448,0.8306,0,0
2023-10-13,sz.002571,6.07,6.09,5.95,5.96,2288000.0,13673731.0,0.767,-1.8122,0,0
2023-10-16,sz.002571,5.93,6.04,5.92,5.97,1607648.0,9613509.0,0.5389,0.1678,0,0
2023-10-17,sz.002571,5.98,6.02,5.92,5.94,1634800.0,9742245.0,0.548,-0.5025,0,0
2023-10-18,sz.002571,5.94,5.94,5.8,5.8,1961200.0,11449407.0,0.6574,-2.3569,0,0
2023-10-19,sz.002571,5.8,5.92,5.72,5.84,1722000.0,10088611.0,0.5773,0.6897,0,0
2023-10-20,sz.002571,5.84,5.93,5.77,5.81,1864800.0,10878968.0,0.6251,-0.5137,0,0
2023-10-23,sz.002571,5.8,5.86,5.6,5.64,2037900.0,11610770.0,0.6832,-2.926,0,0
2023-10-24,sz.002571,5.62,5.92,5.62,5.91,3112219.0,18146900.39,1.0433,4.7872,0,0
2023-10-25,sz.002571,5.9,6.0,5.9,5.97,1997345.0,11908479.2,0.6696,1.0152,0,0
2023-10-26,sz.002571,5.93,6.02,5.89,6.02,2303200.0,13693889.0,0.7721,0.8375,0,0
2023-10-27,sz.002571,5.97,6.15,5.97,6.12,2617001.0,15974981.13,0.8773,1.6611,0,0
2023-10-30,sz.002571,6.12,6.19,6.12,6.16,2784601.0,17164091.17,0.9335,0.6536,0,0
2023-10-31,sz.002571,6.16,6.25,6.15,6.21,3154100.0,19596026.0,1.0573,0.8117,0,0
2023-11-01,sz.002571,6.22,6.32,6.19,6.3,3411500.0,21424611.0,1.1436,1.4493,0,0
2023-11-02,sz.002571,6.3,6.32,6.23,6.29,3277800.0,20585651.0,1.0988,-0.1587,0,0
2023-11-03,sz.002571,6.31,6.33,6.24,6.27,2811600.0,17685757.0,0.9425,-0.318,0,0
2023-11-06,sz.002571,6.31,6.39,6.29,6.36,4449101.0,28292639.35,1.4915,1.4354,0,0
2023-11-07,sz.002571,6.37,6.4,6.29,6.35,2482800.0,15771722.0,0.8323,-0.1572,0,0
2023-11-08,sz.002571,6.35,6.66,6.32,6.4,8502220.0,54870493.0,2.8502,0.7874,0,0
2023-11-09,sz.002571,6.38,6.47,6.35,6.39,5263501.0,33652217.57,1.7645,-0.1563,0,0
2023-11-10,sz.002571,6.35,6.45,6.32,6.43,3314617.0,21228122.19,1.1111,0.626,0,0
2023-11-13,sz.002571,6.43,6.52,6.42,6.51,3625705.0,23556179.55,1.2154,1.2442,0,0
2023-11-14,sz.002571,6.51,6.51,6.45,6.5,2353400.0,15242512.0,0.7889,-0.1536,0,0
2023-11-15,sz.002571,6.5,6.56,6.48,6.53,2040700.0,13316071.0,0.6841,0.4615,0,0
2023-11-16,sz.002571,6.54,6.57,6.49,6.53,2907869.0,19006377.26,0.9748,0.0,0,0
2023-11-17,sz.002571,6.5,6.55,6.48,6.54,2393499.0,15617104.47,0.8024,0.1531,0,0
2023-11-20,sz.002571,6.53,6.61,6.52,6.61,2560200.0,16837851.0,0.8582,1.0703,0,0
2023-11-21,sz.002571,6.59,6.81,6.58,6.62,3313861.0,22109704.82,1.1109,0.1513,0,0
2023-11-22,sz.002571,6.59,6.7,6.59,6.63,3388300.0,22529482.0,1.1358,0.1511,0,0
2023-11-23,sz.002571,6.6,6.73,6.6,6.72,4633800.0,31027226.0,1.5534,1.3575,0,0
2023-11-24,sz.002571,6.75,6.76,6.63,6.68,2929800.0,19564952.0,0.9821,-0.5952,0,0
2023-11-27,sz.002571,6.64,6.71,6.56,6.57,4908000.0,32437522.0,1.6453,-1.6467,0,0
2023-11-28,sz.002571,6.6,6.7,6.59,6.69,2906462.0,19337889.54,0.9743,1.8265,0,0
2023-11-29,sz.002571,6.81,6.9,6.65,6.67,6132962.0,41229950.78,2.0559,-0.299,0,0
2023-11-30,sz.002571,6.67,6.73,6.6,6.68,4888700.0,32565394.0,1.6388,0.1499,0,0
2023-12-01,sz.002571,6.63,6.84,6.58,6.76,5397900.0,36431551.0,1.8095,1.1976,0,0
2023-12-04,sz.002571,6.7,6.76,6.57,6.64,6296900.0,41919059.0,2.1109,-1.7751,0,0
2023-12-05,sz.002571,6.69,6.69,6.56,6.56,5802700.0,38359117.0,1.9452,-1.2048,0,0
2023-12-06,sz.002571,6.53,6.75,6.53,6.69,5590100.0,37239639.0,1.8739,1.9817,0,0
2023-12-07,sz.002571,6.63,6.8,6.61,6.66,5467763.0,36418209.84,1.8329,-0.4484,0,0
2023-12-08,sz.002571,6.66,6.79,6.49,6.53,4563404.0,30106994.71,1.5298,-1.952,0,0
2023-12-11,sz.002571,6.53,6.65,6.47,6.64,4779400.0,31535683.0,1.6022,1.6845,0,0
2023-12-12,sz.002571,6.74,6.93,6.64,6.72,8076603.0,54554984.49,2.7075,1.2048,0,0
2023-12-13,sz.002571,6.72,7.39,6.72,6.89,24167173.0,169233602.29,8.1015,2.5298,0,0
2023-12-14,sz.002571,6.89,6.92,6.63,6.7,21253523.0,143531254.94,7.1247,-2.7576,0,0
2023-12-15,sz.002571,6.69,6.99,6.6,6.8,21840321.0,148075258.57,7.3214,1.4925,0,0
2023-12-18,sz.002571,6.76,6.9,6.58,6.63,13942288.0,93324770.16,4.6738,-2.5,0,0
2023-12-19,sz.002571,6.76,7.29,6.7,7.0,52340350.0,371090411.33,17.5458,5.5807,0,0
2023-12-20,sz.002571,7.0,7.47,6.81,7.17,57927600.0,408411896.65,19.4188,2.4286,0,0
2023-12-21,sz.002571,6.86,7.21,6.81,7.11,38212012.0,268306418.54,12.8097,-0.8368,0,0
2023-12-22,sz.002571,7.06,7.11,6.75,6.93,30004461.0,206939388.07,10.0583,-2.5316,0,0
2023-12-25,sz.002571,6.87,6.87,6.24,6.24,12851400.0,81336145.0,4.3081,-9.9567,0,1
2023-12-26,sz.002571,5.8,6.08,5.7,6.0,28435200.0,168866602.5,9.5322,-3.8462,0,0
2023-12-27,sz.002571,5.97,6.15,5.85,6.13,12833650.0,77293489.0,4.3022,2.1667,0,0
2023-12-28,sz.002571,6.07,6.62,6.01,6.6,20440373.0,130974125.82,6.8521,7.6672,0,0
2023-12-29,sz.002571,6.6,6.7,6.52,6.67,11482900.0,76352745.0,3.8494,1.0606,0,0
2024-01-02,sz.002571,6.71,6.84,6.67,6.82,9679300.0,65606576.0,3.2448,2.2489,0,0
2024-01-03,sz.002571,6.79,6.86,6.63,6.72,6742800.0,45164131.0,2.2604,-1.4663,0,0
2024-01-04,sz.002571,6.71,6.81,6.71,6.78,6507301.0,44067627.79,2.1814,0.8929,0,0
2024-01-05,sz.002571,6.8,6.87,6.65,6.68,5319100.0,35932383.0,1.7831,-1.4749,0,0
2024-01-08,sz.002571,6.65,6.74,6.54,6.58,6054200.0,40117909.0,2.0295,-1.497,0,0
2024-01-09,sz.002571,6.57,6.71,6.57,6.64,6491350.0,43119255.0,2.1761,0.9119,0,0
2024-01-10,sz.002571,6.66,6.68,6.52,6.59,5186350.0,34248795.5,1.7386,-0.753,0,0
2024-01-11,sz.002571,6.6,6.65,6.53,6.63,5344400.0,35328568.0,1.7916,0.607,0,0
2024-01-12,sz.002571,6.65,6.73,6.54,6.57,5386000.0,35738303.0,1.8055,-0.905,0,0
2024-01-15,sz.002571,6.54,6.66,6.52,6.56,3938900.0,25929297.0,1.3204,-0.1522,0,0
2024-01-16,sz.002571,6.59,6.7,6.46,6.62,9763000.0,64364867.0,3.2728,0.9146,0,0
2024-01-17,sz.002571,6.63,6.73,6.51,6.55,5489900.0,36269275.0,1.8404,-1.0574,0,0
2024-01-18,sz.002571,6.41,6.54,6.23,6.41,7431000.0,47339210.0,2.4911,-2.1374,0,0
2024-01-19,sz.002571,6.41,7.05,6.41,7.05,18480500.0,128835076.0,6.1951,9.9844,1,0
2024-01-22,sz.002571,7.13,7.22,6.35,6.35,47327600.0,320042468.0,15.8654,-9.9291,0,1
2024-01-23,sz.002571,6.22,6.64,5.96,6.29,35843550.0,224027073.5,12.0157,-0.9449,0,0
2024-01-24,sz.002571,6.4,6.92,6.36,6.65,40304600.0,269339965.0,13.5112,5.7234,0,0
2024-01-25,sz.002571,6.68,6.95,6.46,6.78,32251100.0,215703125.0,10.8114,1.9549,0,0
2024-01-26,sz.002571,6.89,6.92,6.64,6.66,16157500.0,108945767.0,5.4164,-1.7699,0,0
2024-01-29,sz.002571,6.75,6.75,6.2,6.21,15078600.0,95949775.0,5.0547,-6.7568,0,0
2024-01-30,sz.002571,6.13,6.2,5.91,5.96,11333200.0,68429698.0,3.7992,-4.0258,0,0
2024-01-31,sz.002571,5.92,5.99,5.39,5.41,12755500.0,71904670.0,4.276,-9.2282,0,0
2024-02-01,sz.002571,5.39,5.41,5.03,5.14,10870200.0,56133773.0,3.644,-4.9908,0,0
2024-02-02,sz.002571,5.22,5.27,4.63,4.78,10889900.0,54081265.0,3.6506,-7.0039,0,0
2024-02-05,sz.002571,4.74,4.74,4.3,4.3,7361700.0,32064258.0,2.4678,-10.0418,0,1
2024-02-06,sz.002571,3.92,4.08,3.87,3.88,16177500.0,63335240.0,5.4231,-9.7674,0,0
2024-02-07,sz.002571,3.89,3.89,3.49,3.49,12165500.0,42864723.0,4.0782,-10.0515,0,1
2024-02-08,sz.002571,3.48,3.73,3.14,3.59,31123569.0,102840794.68,10.4334,2.8653,0,0
2024-02-19,sz.002571,3.59,3.78,3.43,3.78,19320713.0,70591291.54,6.4768,5.2925,0,0
2024-02-20,sz.002571,3.83,3.86,3.68,3.82,12488439.0,47340342.31,4.1864,1.0582,0,0
2024-02-21,sz.002571,3.77,4.2,3.76,4.2,14668213.0,59065772.85,4.9172,9.9476,1,0
2024-02-22,sz.002571,4.1,4.26,4.05,4.25,15961886.0,66722229.63,5.3508,1.1905,0,0
2024-02-23,sz.002571,4.28,4.58,4.21,4.54,19200887.0,84591529.76,6.4366,6.8235,0,0
2024-02-26,sz.002571,4.53,4.78,4.45,4.6,17200101.0,79233525.61,5.7659,1.3216,0,0
2024-02-27,sz.002571,4.59,4.78,4.53,4.78,12393100.0,58014465.0,4.1545,3.913,0,0
2024-02-28,sz.002571,4.87,5.08,4.32,4.35,23560050.0,110626928.5,7.8979,-8.9958,0,0
2024-02-29,sz.002571,4.27,4.5,4.23,4.49,13669900.0,60206071.0,4.5825,3.2184,0,0
2024-03-01,sz.002571,4.53,4.64,4.4,4.51,9312989.0,41764683.27,3.122,0.4454,0,0
2024-03-04,sz.002571,4.47,4.61,4.34,4.4,8216204.0,36266149.24,2.7543,-2.439,0,0
2024-03-05,sz.002571,4.41,4.43,4.2,4.23,8367000.0,35749987.0,2.8048,-3.8636,0,0
2024-03-06,sz.002571,4.24,4.48,4.2,4.41,9278810.0,40449979.0,3.1105,4.2553,0,0
2024-03-07,sz.002571,4.42,4.52,4.37,4.44,7267800.0,32303795.0,2.4364,0.6803,0,0
2024-03-08,sz.002571,4.44,4.58,4.38,4.57,10875100.0,49171279.0,3.6456,2.9279,0,0
2024-03-11,sz.002571,4.56,4.76,4.54,4.7,11072550.0,51804977.5,3.7118,2.8446,0,0
2024-03-12,sz.002571,4.7,4.83,4.62,4.75,10793858.0,51038783.12,3.6184,1.0638,0,0
2024-03-13,sz.002571,4.72,4.83,4.7,4.76,9179189.0,43712436.08,3.0771,0.2105,0,0
2024-03-14,sz.002571,4.8,4.83,4.62,4.73,8324501.0,39331006.71,2.7906,-0.6303,0,0
2024-03-15,sz.002571,4.7,4.83,4.7,4.81,8464900.0,40404388.0,2.8377,1.6913,0,0
2024-03-18,sz.002571,4.83,4.98,4.81,4.95,7686789.0,37860714.77,2.5768,2.9106,0,0
2024-03-19,sz.002571,4.95,5.03,4.91,4.93,5576415.0,27688021.25,1.8694,-0.404,0,0
2024-03-20,sz.002571,4.92,5.02,4.91,5.02,5350501.0,26673667.99,1.7936,1.8256,0,0
2024-03-21,sz.002571,5.04,5.22,5.0,5.1,8590100.0,43869958.0,2.8796,1.5936,0,0
2024-03-22,sz.002571,5.08,5.13,4.95,5.01,6247700.0,31434073.0,2.0944,-1.7647,0,0
2024-03-25,sz.002571,4.99,5.02,4.82,4.84,6107900.0,30115537.0,2.0475,-3.3932,0,0
2024-03-26,sz.002571,4.83,4.93,4.77,4.89,5527300.0,26769871.0,1.8529,1.0331,0,0
2024-03-27,sz.002571,4.85,4.96,4.77,4.78,5320800.0,25905938.0,1.7837,-2.2495,0,0
2024-03-28,sz.002571,4.75,4.92,4.75,4.88,5552338.0,27053058.78,1.8613,2.0921,0,0
2024-03-29,sz.002571,4.88,4.97,4.86,4.97,3897012.0,19175768.28,1.3064,1.8443,0,0
2024-04-01,sz.002571,5.0,5.13,4.96,5.08,5973826.0,30114092.26,2.0026,2.2133,0,0
2024-04-02,sz.002571,5.08,5.18,5.05,5.16,5350312.0,27360435.42,1.7936,1.5748,0,0
2024-04-03,sz.002571,5.13,5.15,5.02,5.1,5144400.0,26139465.0,1.7245,-1.1628,0,0
2024-04-08,sz.002571,5.1,5.1,4.85,4.85,5421400.0,26750027.0,1.8174,-4.902,0,0
2024-04-09,sz.002571,4.85,4.98,4.85,4.95,4554100.0,22434387.0,1.5267,2.0619,0,0
2024-04-10,sz.002571,4.98,5.0,4.72,4.79,5981700.0,28880071.0,2.0052,-3.2323,0,0
2024-04-11,sz.002571,4.79,4.86,4.64,4.8,5096500.0,24455562.68,1.7085,0.2088,0,0
2024-04-12,sz.002571,4.8,4.88,4.73,4.75,4221200.0,20219090.0,1.4151,-1.0417,0,0
2024-04-15,sz.002571,4.75,4.81,4.28,4.28,10232800.0,44762392.33,3.4303,-9.8947,0,1
2024-04-16,sz.002571,4.2,4.2,3.85,3.85,6116100.0,23803932.85,2.0503,-10.0467,0,1
2024-04-17,sz.002571,3.69,4.07,3.69,4.03,14739962.0,58458105.26,4.9412,4.6753,0,0
2024-04-18,sz.002571,4.08,4.17,3.91,4.08,10560662.0,43021296.06,3.5402,1.2407,0,0
2024-04-19,sz.002571,4.06,4.13,3.96,4.03,6341700.0,25573955.0,2.1259,-1.2255,0,0
2024-04-22,sz.002571,4.06,4.07,3.86,3.92,6287200.0,24789100.0,2.1076,-2.7295,0,0
2024-04-23,sz.002571,3.93,4.06,3.91,4.02,6790100.0,27196756.0,2.2762,2.551,0,0
2024-04-24,sz.002571,4.01,4.18,4.01,4.16,5902200.0,24320769.0,1.9786,3.4826,0,0
2024-04-25,sz.002571,4.16,4.26,4.09,4.24,5728200.0,24123108.0,1.9202,1.9231,0,0
2024-04-26,sz.002571,4.2,4.24,4.11,4.22,5268100.0,22105794.0,1.766,-0.4717,0,0
2024-04-29,sz.002571,4.31,4.56,4.31,4.55,9134700.0,40771073.0,3.0622,7.8199,0,0
2024-04-30,sz.002571,4.54,4.63,4.43,4.51,7826400.0,35388850.0,2.6236,-0.8791,0,0
2024-05-06,sz.002571,4.58,4.68,4.57,4.65,6412900.0,29618597.0,2.1498,3.1042,0,0
2024-05-07,sz.002571,4.74,4.75,4.62,4.68,6046700.0,28227837.0,2.027,0.6452,0,0
2024-05-08,sz.002571,4.71,4.71,4.58,4.6,4520200.0,20890549.0,1.5153,-1.7094,0,0
2024-05-09,sz.002571,4.6,4.72,4.6,4.69,4329700.0,20303895.0,1.4514,1.9565,0,0
2024-05-10,sz.002571,4.72,4.77,4.58,4.6,4745300.0,21956193.0,1.5907,-1.919,0,0
2024-05-13,sz.002571,4.57,4.59,4.41,4.48,5126000.0,23043014.0,1.7184,-2.6087,0,0
2024-05-14,sz.002571,4.57,4.72,4.5,4.66,7214208.0,33474590.72,2.4184,4.0179,0,0
2024-05-15,sz.002571,4.67,4.78,4.62,4.71,5314200.0,25112607.0,1.7815,1.073,0,0
2024-05-16,sz.002571,4.7,4.81,4.7,4.76,5093201.0,24269646.78,1.7074,1.0616,0,0
2024-05-17,sz.002571,4.79,4.84,4.7,4.8,4712400.0,22503499.0,1.5797,0.8403,0,0
2024-05-20,sz.002571,4.81,4.85,4.68,4.69,4774400.0,22639379.0,1.6005,-2.2917,0,0
2024-05-21,sz.002571,4.7,4.75,4.66,4.7,4532600.0,21276322.0,1.5194,0.2132,0,0
2024-05-22,sz.002571,4.74,4.9,4.67,4.77,5255400.0,25073858.0,1.7617,1.4894,0,0
2024-05-23,sz.002571,4.78,4.93,4.64,4.66,8213600.0,39033169.0,2.7534,-2.3061,0,0
2024-05-24,sz.002571,4.63,4.7,4.56,4.59,5291700.0,24444802.0,1.7739,-1.5021,0,0
2024-05-27,sz.002571,4.6,4.66,4.46,4.55,4182100.0,18918632.0,1.4019,-0.8715,0,0
2024-05-28,sz.002571,4.51,4.54,4.45,4.45,3941400.0,17653023.0,1.3213,-2.1978,0,0
2024-05-29,sz.002571,4.45,4.59,4.43,4.51,4663400.0,21134438.0,1.5633,1.3483,0,0
2024-05-30,sz.002571,4.49,4.53,4.43,4.45,3640400.0,16281081.0,1.2204,-1.3304,0,0
2024-05-31,sz.002571,4.45,4.48,4.4,4.43,2973900.0,13202863.0,0.9969,-0.4494,0,0
2024-06-03,sz.002571,4.42,4.42,4.22,4.29,5516500.0,23749285.0,1.8493,-3.1603,0,0
2024-06-04,sz.002571,4.29,4.32,4.03,4.11,7057000.0,28989562.0,2.3657,-4.1958,0,0
2024-06-05,sz.002571,4.07,4.11,3.93,3.95,7343250.0,29274391.5,2.4616,-3.8929,0,0
2024-06-06,sz.002571,3.93,3.99,3.6,3.66,12057100.0,44705831.0,4.0419,-7.3418,0,0
2024-06-07,sz.002571,3.75,4.03,3.71,4.03,9436400.0,36919451.0,3.1633,10.1093,1,0
2024-06-11,sz.002571,4.07,4.19,3.77,3.88,13971858.0,54000361.46,4.6837,-3.7221,0,0
2024-06-12,sz.002571,3.9,4.01,3.85,3.99,9590100.0,37794985.0,3.2149,2.8351,0,0
2024-06-13,sz.002571,3.98,4.02,3.85,3.93,7766401.0,30473778.91,2.6035,-1.5038,0,0
2024-06-14,sz.002571,3.93,3.93,3.82,3.9,4579800.0,17837040.0,1.5353,-0.7634,0,0
2024-06-17,sz.002571,3.86,3.88,3.75,3.79,6012600.0,22844511.0,2.0156,-2.8205,0,0
2024-06-18,sz.002571,3.8,3.89,3.73,3.86,5954100.0,22888507.0,1.996,1.847,0,0
2024-06-19,sz.002571,3.92,3.99,3.83,3.89,6844400.0,26690019.0,2.2944,0.7772,0,0
2024-06-20,sz.002571,3.89,3.93,3.71,3.76,5469000.0,20923799.0,1.8334,-3.3419,0,0
2024-06-21,sz.002571,3.77,3.86,3.71,3.82,5515348.0,20991925.36,1.8489,1.5957,0,0
2024-06-24,sz.002571,3.78,3.79,3.59,3.68,7131700.0,26161377.0,2.3907,-3.6649,0,0
2024-06-25,sz.002571,3.68,3.8,3.62,3.78,7184900.0,26818306.0,2.4086,2.7174,0,0
2024-06-26,sz.002571,3.74,4.16,3.71,4.03,11982700.0,47206632.0,4.0169,6.6138,0,0
2024-06-27,sz.002571,4.0,4.43,3.92,4.43,16479000.0,71438954.0,5.5242,9.9256,1,0
2024-06-28,sz.002571,4.64,4.87,4.63,4.87,21699400.0,103183657.0,7.2742,9.9323,1,0
2024-07-01,sz.002571,5.11,5.16,4.38,4.38,42558002.0,195604534.76,14.2666,-10.0616,0,1
2024-07-02,sz.002571,4.18,4.28,4.09,4.15,34880544.0,145206718.46,11.6929,-5.2511,0,0
2024-07-03,sz.002571,4.1,4.13,3.88,3.9,25150831.0,99864002.05,8.4312,-6.0241,0,0
2024-07-04,sz.002571,3.91,3.93,3.78,3.82,16489300.0,63110931.52,5.5276,-2.0513,0,0
2024-07-05,sz.002571,3.76,3.88,3.69,3.86,13043800.0,49793299.0,4.3726,1.0471,0,0
2024-07-08,sz.002571,3.82,3.89,3.77,3.83,9755092.0,37229357.0,3.2702,-0.7772,0,0
2024-07-09,sz.002571,3.89,3.96,3.75,3.91,16728578.0,64896875.66,5.6079,2.0888,0,0
2024-07-10,sz.002571,3.92,3.96,3.83,3.86,11037744.0,42906072.04,3.7001,-1.2788,0,0
2024-07-11,sz.002571,3.9,4.02,3.82,4.0,15262059.0,60703612.63,5.1162,3.6269,0,0
2024-07-12,sz.002571,4.01,4.1,3.96,4.03,10106200.0,40871782.0,3.3879,0.75,0,0
2024-07-15,sz.002571,4.01,4.02,3.88,3.9,7930900.0,31091387.0,2.6586,-3.2258,0,0
2024-07-16,sz.002571,3.9,3.92,3.85,3.87,5866842.0,22713164.54,1.9667,-0.7692,0,0
2024-07-17,sz.002571,3.86,3.9,3.79,3.81,5480500.0,20955011.0,1.8372,-1.5504,0,0
2024-07-18,sz.002571,3.79,3.84,3.71,3.8,6950600.0,26143256.0,2.33,-0.2625,0,0
2024-07-19,sz.002571,3.8,3.93,3.77,3.91,6690300.0,25834600.0,2.2428,2.8947,0,0
2024-07-22,sz.002571,3.92,4.06,3.85,3.92,5488600.0,21527215.0,1.8399,0.2558,0,0
2024-07-23,sz.002571,3.9,3.97,3.86,3.86,4746800.0,18596355.0,1.5913,-1.5306,0,0
2024-07-24,sz.002571,3.86,3.92,3.74,3.77,5827500.0,22131675.0,1.9535,-2.3316,0,0
2024-07-25,sz.002571,3.76,3.97,3.71,3.86,9680300.0,37310795.0,3.2451,2.3873,0,0
2024-07-26,sz.002571,3.78,3.86,3.75,3.83,8314600.0,31708673.0,2.7873,-0.7772,0,0
2024-07-29,sz.002571,3.86,3.94,3.8,3.89,6754600.0,26230402.0,2.2643,1.5666,0,0
2024-07-30,sz.002571,3.85,3.94,3.85,3.91,5228600.0,20438291.0,1.7528,0.5141,0,0
2024-07-31,sz.002571,3.93,4.04,3.88,4.04,7657800.0,30554545.0,2.5671,3.3248,0,0
2024-08-01,sz.002571,4.03,4.09,4.01,4.04,5406200.0,21899692.0,1.8123,0.0,0,0
2024-08-02,sz.002571,3.99,4.09,3.98,3.99,5497700.0,22196401.0,1.843,-1.2376,0,0
2024-08-05,sz.002571,3.99,4.07,3.94,3.94,6094600.0,24419332.0,2.0431,-1.2531,0,0
2024-08-06,sz.002571,3.98,4.07,3.97,4.07,6306600.0,25399667.0,2.1141,3.2995,0,0
2024-08-07,sz.002571,4.04,4.09,4.0,4.04,4406300.0,17793949.0,1.4771,-0.7371,0,0
2024-08-08,sz.002571,4.0,4.1,3.97,4.07,4965500.0,20094225.0,1.6646,0.7426,0,0
2024-08-09,sz.002571,4.09,4.12,4.03,4.03,3908300.0,15895685.0,1.3102,-0.9828,0,0
2024-08-12,sz.002571,4.02,4.04,3.96,3.99,3469300.0,13848936.0,1.163,-0.9926,0,0
2024-08-13,sz.002571,3.96,4.02,3.91,4.02,3966900.0,15755465.0,1.3298,0.7519,0,0
2024-08-14,sz.002571,4.02,4.06,3.98,4.03,3707600.0,14906075.0,1.2429,0.2488,0,0
2024-08-15,sz.002571,4.04,4.1,3.98,4.07,4919300.0,19958116.0,1.6491,0.9926,0,0
2024-08-16,sz.002571,4.1,4.11,4.0,4.01,4227408.0,17041299.08,1.4171,-1.4742,0,0
2024-08-19,sz.002571,4.02,4.05,3.96,4.03,3325810.0,13351970.18,1.1149,0.4988,0,0
2024-08-20,sz.002571,4.03,4.05,3.93,3.94,3698400.0,14676843.0,1.2398,-2.2333,0,0
2024-08-21,sz.002571,3.95,3.98,3.91,3.96,3410900.0,13475199.0,1.1434,0.5076,0,0
2024-08-22,sz.002571,3.96,3.98,3.87,3.88,4077700.0,15937475.0,1.367,-2.0202,0,0
2024-08-23,sz.002571,3.88,3.9,3.74,3.82,5296700.0,20206231.0,1.7756,-1.5464,0,0
2024-08-26,sz.002571,3.82,3.95,3.82,3.94,5765163.0,22513366.92,1.9326,3.1414,0,0
2024-08-27,sz.002571,3.95,3.96,3.83,3.86,4759610.0,18478651.5,1.5955,-2.0305,0,0
2024-08-28,sz.002571,3.87,3.94,3.78,3.9,5143100.0,19965455.0,1.7241,1.0363,0,0
2024-08-29,sz.002571,3.9,3.96,3.84,3.94,4102400.0,16047791.0,1.3752,1.0256,0,0
2024-08-30,sz.002571,3.94,4.06,3.94,4.02,5275200.0,21163830.0,1.7684,2.0305,0,0
2024-09-02,sz.002571,4.04,4.1,3.99,4.01,4615200.0,18635681.0,1.5471,-0.2488,0,0
2024-09-03,sz.002571,4.01,4.07,3.97,4.01,4292600.0,17255227.0,1.439,0.0,0,0
2024-09-04,sz.002571,4.0,4.04,3.94,3.95,4867465.0,19387880.0,1.6317,-1.4963,0,0
2024-09-05,sz.002571,3.96,4.35,3.95,4.16,29298268.0,123023377.4,9.8215,5.3165,0,0
2024-09-06,sz.002571,4.15,4.17,3.97,4.03,24230081.0,97824783.06,8.1226,-3.125,0,0
2024-09-09,sz.002571,3.99,4.06,3.91,4.01,11782345.0,47158019.95,3.9497,-0.4963,0,0
2024-09-10,sz.002571,4.03,4.05,3.94,4.02,7852145.0,31356890.45,2.6322,0.2494,0,0
2024-09-11,sz.002571,4.02,4.08,3.99,4.04,7702500.0,31109857.0,2.5821,0.4975,0,0
2024-09-12,sz.002571,4.02,4.1,4.01,4.03,7641329.0,31047901.03,2.5616,-0.2475,0,0
2024-09-13,sz.002571,4.03,4.13,3.96,3.97,7511300.0,30191405.0,2.518,-1.4888,0,0
2024-09-18,sz.002571,3.98,3.99,3.83,3.91,8376100.0,32560796.0,2.8079,-1.5113,0,0
2024-09-19,sz.002571,3.92,4.09,3.91,4.08,9558800.0,38510113.0,3.2044,4.3478,0,0
2024-09-20,sz.002571,4.09,4.09,3.97,4.01,6690505.0,26812825.9,2.2428,-1.7157,0,0
2024-09-23,sz.002571,4.02,4.03,3.96,4.02,4330100.0,17322096.0,1.4516,0.2494,0,0
2024-09-24,sz.002571,4.02,4.11,4.02,4.1,8995200.0,36656335.0,3.0154,1.99,0,0
2024-09-25,sz.002571,4.15,4.21,4.11,4.15,9293600.0,38773792.0,3.1155,1.2195,0,0
2024-09-26,sz.002571,4.17,4.27,4.17,4.27,8555600.0,36118458.0,2.8681,2.8916,0,0
2024-09-27,sz.002571,4.3,4.47,4.26,4.42,12153000.0,52976362.0,4.074,3.5129,0,0
2024-09-30,sz.002571,4.52,4.81,4.44,4.76,21679700.0,100492151.27,7.2676,7.6923,0,0
2024-10-08,sz.002571,5.16,5.24,4.66,4.95,25453839.0,126184257.2,8.5328,3.9916,0,0
2024-10-09,sz.002571,4.88,4.88,4.46,4.46,17155800.0,78867993.0,5.7511,-9.899,0,1
2024-10-10,sz.002571,4.49,4.68,4.38,4.5,12603700.0,56827487.0,4.2251,0.8969,0,0
2024-10-11,sz.002571,4.52,4.59,4.36,4.41,9749500.0,43622134.0,3.2683,-2.0,0,0
2024-10-14,sz.002571,4.44,4.68,4.4,4.56,11711600.0,52940758.69,3.926,3.4014,0,0
2024-10-15,sz.002571,4.51,4.6,4.43,4.45,9376100.0,42440755.15,3.1431,-2.4123,0,0
2024-10-16,sz.002571,4.4,4.51,4.36,4.45,8169439.0,36488261.94,2.7386,0.0,0,0
2024-10-17,sz.002571,4.46,4.54,4.39,4.4,8046600.0,35992337.0,2.6974,-1.1236,0,0
2024-10-18,sz.002571,4.4,4.52,4.36,4.46,11388810.0,50482095.9,3.8178,1.3636,0,0
2024-10-21,sz.002571,4.49,4.5,4.41,4.44,13493755.0,60079629.1,4.5235,-0.4484,0,0
2024-10-22,sz.002571,4.43,4.53,4.42,4.53,10637055.0,47775269.95,3.5658,2.027,0,0
2024-10-23,sz.002571,4.53,4.65,4.53,4.59,9736100.0,44797630.0,3.2638,1.3245,0,0
2024-10-24,sz.002571,4.57,4.61,4.51,4.59,9355400.0,42629437.0,3.1362,0.0,0,0
2024-10-25,sz.002571,4.59,4.77,4.58,4.76,11477704.0,53991868.96,3.8476,3.7037,0,0
2024-10-28,sz.002571,4.71,4.85,4.7,4.82,15396400.0,73592109.0,5.1613,1.2605,0,0
2024-10-29,sz.002571,4.85,4.93,4.61,4.65,11688300.0,54940542.0,3.9182,-3.527,0,0
2024-10-30,sz.002571,4.63,4.87,4.61,4.7,16389254.0,77619888.22,5.4941,1.0753,0,0
2024-10-31,sz.002571,4.78,5.17,4.75,5.17,20859855.0,106556011.35,6.9928,10.0,1,0
2024-11-01,sz.002571,5.69,5.69,4.68,4.74,57811566.0,294150952.67,19.3799,-8.3172,0,0
2024-11-04,sz.002571,4.72,4.82,4.63,4.71,25802728.0,121396103.44,8.6497,-0.6329,0,0
2024-11-05,sz.002571,4.69,4.8,4.66,4.77,19826820.0,94252341.02,6.6465,1.2739,0,0
2024-11-06,sz.002571,4.77,4.84,4.72,4.82,17523642.0,83894530.32,5.8744,1.0482,0,0
2024-11-07,sz.002571,4.77,4.95,4.75,4.95,18663207.0,91427550.45,6.2564,2.6971,0,0
2024-11-08,sz.002571,4.99,5.03,4.85,4.93,16918071.0,83449696.05,5.6714,-0.404,0,0
2024-11-11,sz.002571,4.91,5.05,4.87,5.02,19069323.0,94478840.85,6.3925,1.8256,0,0
2024-11-12,sz.002571,5.02,5.06,4.9,4.97,16075605.0,80426353.2,5.389,-0.996,0,0
2024-11-13,sz.002571,4.93,5.03,4.81,4.92,12874900.0,63085947.0,4.316,-1.006,0,0
2024-11-14,sz.002571,4.9,4.92,4.75,4.78,9783800.0,47190526.0,3.2798,-2.8455,0,0
2024-11-15,sz.002571,4.77,4.82,4.6,4.61,10081925.0,47550476.25,3.3797,-3.5565,0,0
2024-11-18,sz.002571,4.65,4.7,4.43,4.49,12104100.0,54757303.0,4.0576,-2.603,0,0
2024-11-19,sz.002571,4.5,4.62,4.43,4.6,9281600.0,41934470.0,3.1114,2.4499,0,0
2024-11-20,sz.002571,4.61,4.74,4.58,4.71,7869300.0,36853689.0,2.638,2.3913,0,0
2024-11-21,sz.002571,4.71,4.83,4.68,4.8,9140600.0,43442408.0,3.0642,1.9108,0,0
2024-11-22,sz.002571,4.8,4.85,4.6,4.6,8788200.0,41638689.0,2.946,-4.1667,0,0
2024-11-25,sz.002571,4.63,4.81,4.58,4.81,12634700.0,59364965.0,4.2355,4.5652,0,0
2024-11-26,sz.002571,4.82,4.91,4.78,4.88,12092300.0,58688648.0,4.0537,1.4553,0,0
2024-11-27,sz.002571,5.0,5.05,4.71,5.01,20126150.0,98507979.5,6.7468,2.6639,0,0
2024-11-28,sz.002571,4.98,5.18,4.98,4.98,21332550.0,107766817.0,7.1512,-0.5988,0,0
2024-11-29,sz.002571,4.97,5.03,4.86,4.96,15489150.0,76668447.0,5.1924,-0.4016,0,0
2024-12-02,sz.002571,5.0,5.13,4.98,5.07,12379086.0,62725760.58,4.1498,2.2177,0,0
2024-12-03,sz.002571,5.07,5.13,4.99,5.07,11141000.0,56405610.0,3.7348,0.0,0,0
2024-12-04,sz.002571,5.02,5.07,4.94,4.97,9756900.0,48913475.0,3.2708,-1.9724,0,0
2024-12-05,sz.002571,4.98,5.0,4.94,4.99,7042500.0,35006681.0,2.3608,0.4024,0,0
2024-12-06,sz.002571,5.02,5.17,4.96,5.1,12641750.0,64211292.0,4.2378,2.2044,0,0
2024-12-09,sz.002571,5.09,5.13,5.03,5.13,9596225.0,48830786.0,3.2169,0.5882,0,0
2024-12-10,sz.002571,5.25,5.28,5.11,5.12,10087043.0,52246325.74,3.3814,-0.1949,0,0
2024-12-11,sz.002571,5.15,5.39,5.1,5.3,15213400.0,80109910.0,5.0999,3.5156,0,0
2024-12-12,sz.002571,5.31,5.41,5.27,5.41,12143800.0,65028302.0,4.0709,2.0755,0,0
2024-12-13,sz.002571,5.39,5.42,5.28,5.29,9406400.0,50278131.0,3.1533,-2.2181,0,0
2024-12-16,sz.002571,5.31,5.38,5.2,5.23,9846100.0,51819680.0,3.3007,-1.1342,0,0
2024-12-17,sz.002571,5.24,5.26,4.78,4.82,16456383.0,81060581.19,5.5166,-7.8394,0,0
2024-12-18,sz.002571,4.84,4.88,4.65,4.72,12833500.0,60987115.0,4.3021,-2.0747,0,0
2024-12-19,sz.002571,4.66,4.73,4.59,4.66,10382850.0,48345849.0,3.4806,-1.2712,0,0
2024-12-20,sz.002571,4.67,4.8,4.65,4.69,12139899.0,57327871.35,4.0696,0.6438,0,0
2024-12-23,sz.002571,4.69,4.71,4.25,4.28,18496900.0,81608701.0,6.2006,-8.742,0,0
2024-12-24,sz.002571,4.28,4.32,4.16,4.24,13306686.0,56420878.78,4.4607,-0.9346,0,0
2024-12-25,sz.002571,4.25,4.25,4.05,4.12,10813200.0,44499038.0,3.6249,-2.8302,0,0
2024-12-26,sz.002571,4.11,4.23,4.1,4.17,9139001.0,38244982.16,3.0636,1.2136,0,0
2024-12-27,sz.002571,4.2,4.29,4.15,4.24,8139300.0,34602401.0,2.7285,1.6787,0,0
2024-12-30,sz.002571,4.19,4.33,4.08,4.23,13368986.0,56262366.88,4.4816,-0.2358,0,0
2024-12-31,sz.002571,4.23,4.38,4.08,4.1,13755801.0,57118520.11,4.6113,-3.0733,0,0
2025-01-02,sz.002571,4.08,4.22,4.03,4.11,13525700.0,56043787.0,4.5342,0.2439,0,0
2025-01-03,sz.002571,4.13,4.18,3.87,3.88,12106376.0,48002591.43,4.0584,-5.5961,0,0
2025-01-06,sz.002571,3.88,4.1,3.71,3.95,12307500.0,48117199.0,4.1258,1.8041,0,0
2025-01-07,sz.002571,3.98,4.2,3.92,4.2,10032033.0,40632264.34,3.363,6.3291,0,0
2025-01-08,sz.002571,4.17,4.42,4.13,4.38,20860350.0,89403105.5,6.9929,4.2857,0,0
2025-01-09,sz.002571,4.38,4.82,4.31,4.82,30375754.0,143809258.59,10.1827,10.0457,1,0
2025-01-10,sz.002571,5.05,5.3,4.71,5.3,50280800.0,258397814.0,16.8554,9.9585,1,0
2025-01-13,sz.002571,5.57,5.6,4.77,4.77,88697056.0,453279934.77,29.7336,-10.0,0,1
2025-01-14,sz.002571,5.0,5.25,4.88,4.95,87484556.0,443494813.1,29.3271,3.7736,0,0
2025-01-15,sz.002571,4.69,4.86,4.46,4.46,71384455.0,328009925.35,23.9299,-9.899,0,1
2025-01-16,sz.002571,4.3,4.55,4.25,4.48,49946650.0,220129859.05,16.7434,0.4484,0,0
2025-01-17,sz.002571,4.4,4.41,4.18,4.19,36473200.0,155457212.99,12.2268,-6.4732,0,0
2025-01-20,sz.002571,4.11,4.25,4.08,4.2,23875261.0,99706549.47,8.0036,0.2387,0,0
2025-01-21,sz.002571,4.22,4.24,4.01,4.07,25579300.0,104761104.94,8.5748,-3.0952,0,0
2025-01-22,sz.002571,4.04,4.17,3.99,4.08,20502304.0,83415475.08,6.8729,0.2457,0,0
2025-01-23,sz.002571,4.09,4.24,4.07,4.16,21432800.0,89241456.0,7.1848,1.9608,0,0
2025-01-24,sz.002571,4.16,4.22,4.08,4.15,14839710.0,61199126.46,4.9747,-0.2404,0,0
2025-01-27,sz.002571,4.15,4.24,4.07,4.08,13774910.0,57180192.76,4.6177,-1.6867,0,0
2025-02-05,sz.002571,4.11,4.16,4.07,4.13,10294304.0,42447620.52,3.4509,1.2255,0,0
2025-02-06,sz.002571,4.18,4.18,4.06,4.17,12838704.0,52937935.52,4.3039,0.9685,0,0
2025-02-07,sz.002571,4.16,4.26,4.14,4.25,16750800.0,70711824.0,5.6153,1.9185,0,0
2025-02-10,sz.002571,4.27,4.68,4.24,4.68,42966811.0,193388228.96,14.4036,10.1176,1,0
2025-02-11,sz.002571,4.65,4.94,4.65,4.7,44922240.0,213852839.6,15.0591,0.4274,0,0
2025-02-12,sz.002571,4.76,4.88,4.65,4.88,33602270.0,160227343.8,11.2644,3.8298,0,0
2025-02-13,sz.002571,4.87,5.22,4.82,5.08,38354987.0,193095179.33,12.8576,4.0984,0,0
2025-02-14,sz.002571,5.05,5.09,4.88,4.95,19156100.0,95428628.0,6.4216,-2.5591,0,0
2025-02-17,sz.002571,4.96,5.18,4.8,5.07,22473500.0,111815747.0,7.5337,2.4242,0,0
2025-02-18,sz.002571,5.07,5.22,4.92,4.94,15401900.0,77821218.0,5.1631,-2.5641,0,0
2025-02-19,sz.002571,5.01,5.32,4.92,5.24,21966999.0,113133129.77,7.3639,6.0729,0,0
2025-02-20,sz.002571,5.2,5.29,5.1,5.17,13109799.0,68169176.77,4.3947,-1.3359,0,0
2025-02-21,sz.002571,5.17,5.24,5.03,5.18,11957299.0,61718663.84,4.0084,0.1934,0,0
2025-02-24,sz.002571,5.18,5.31,5.02,5.24,13947533.0,72301027.29,4.6756,1.1583,0,0
2025-02-25,sz.002571,5.19,5.25,5.07,5.1,11229500.0,57845293.0,3.7644,-2.6718,0,0
2025-02-26,sz.002571,5.15,5.19,5.04,5.1,10214700.0,52106108.0,3.4242,0.0,0,0
2025-02-27,sz.002571,5.14,5.14,4.98,5.11,9769600.0,49356225.0,3.275,0.1961,0,0
2025-02-28,sz.002571,5.1,5.11,4.98,4.98,7563500.0,38047731.0,2.5355,-2.544,0,0
2025-03-03,sz.002571,5.0,5.11,4.99,5.05,8516300.0,43079569.0,2.8549,1.4056,0,0
2025-03-04,sz.002571,5.04,5.1,5.01,5.09,7055300.0,35691576.0,2.3651,0.7921,0,0
2025-03-05,sz.002571,5.1,5.11,4.92,4.99,8445200.0,42039810.0,2.8311,-1.9646,0,0
2025-03-06,sz.002571,4.99,5.1,4.94,5.06,9209220.0,46302315.0,3.0872,1.4028,0,0
2025-03-07,sz.002571,5.03,5.07,4.98,5.01,7231090.0,36355454.62,2.424,-0.9881,0,0
2025-03-10,sz.002571,5.01,5.25,5.01,5.14,11659586.0,59578026.44,3.9086,2.5948,0,0
2025-03-11,sz.002571,5.06,5.18,5.03,5.15,9024600.0,46333307.0,3.0253,0.1946,0,0
2025-03-12,sz.002571,5.16,5.41,5.16,5.35,15576000.0,82845377.0,5.2215,3.8835,0,0
2025-03-13,sz.002571,5.35,5.77,5.22,5.67,22129870.0,121427446.5,7.4185,5.9813,0,0
2025-03-14,sz.002571,5.72,5.84,5.61,5.72,22655900.0,129045126.0,7.5948,0.8818,0,0
2025-03-17,sz.002571,5.77,6.29,5.73,6.29,34932701.0,213966921.29,11.7104,9.965,1,0
2025-03-18,sz.002571,6.3,6.49,6.21,6.47,33476600.0,212524604.78,11.2222,2.8617,0,0
2025-03-19,sz.002571,6.43,6.66,6.21,6.32,21495500.0,135832107.3,7.2059,-2.3184,0,0
2025-03-20,sz.002571,6.29,6.57,6.25,6.5,18325100.0,117788360.8,6.1431,2.8481,0,0
2025-03-21,sz.002571,6.49,6.73,6.24,6.48,20859000.0,133773584.0,6.9925,-0.3077,0,0
2025-03-24,sz.002571,6.53,6.55,6.25,6.4,16878600.0,107883185.0,5.6581,-1.2346,0,0
2025-03-25,sz.002571,6.53,6.55,6.28,6.32,13968600.0,88949421.0,4.6826,-1.25,0,0
2025-03-26,sz.002571,6.29,6.56,6.28,6.5,15656900.0,100851082.0,5.2486,2.8481,0,0
2025-03-27,sz.002571,6.5,6.58,5.98,6.03,21407100.0,132976943.0,7.1762,-7.2308,0,0
2025-03-28,sz.002571,6.02,6.12,5.86,6.0,14134700.0,84784564.0,4.7383,-0.4975,0,0
2025-03-31,sz.002571,5.99,6.09,5.76,5.9,12894600.0,76266743.0,4.3226,-1.6667,0,0
2025-04-01,sz.002571,5.93,6.01,5.78,5.9,8544000.0,50673679.0,2.8642,0.0,0,0
2025-04-02,sz.002571,5.97,6.49,5.81,6.49,14925600.0,93295114.0,5.0034,10.0,1,0
2025-04-03,sz.002571,6.47,6.76,6.29,6.66,30652700.0,200335516.0,10.2756,2.6194,0,0
2025-04-07,sz.002571,6.23,6.5,5.99,6.06,23290088.0,144189881.57,7.8074,-9.009,0,0
2025-04-08,sz.002571,6.05,6.58,6.03,6.5,23061801.0,143109501.21,7.7309,7.2607,0,0
2025-04-09,sz.002571,6.48,7.15,6.15,6.9,41768900.0,280952235.0,14.002,6.1538,0,0
2025-04-10,sz.002571,7.12,7.23,6.91,7.02,25548400.0,181070987.0,8.5645,1.7391,0,0
2025-04-11,sz.002571,6.95,7.68,6.95,7.43,28124200.0,207975842.0,9.428,5.8405,0,0
2025-04-14,sz.002571,7.45,7.85,7.35,7.46,31097501.0,236044964.54,10.4247,0.4038,0,0
2025-04-15,sz.002571,7.65,7.8,7.45,7.74,27802800.0,211019886.0,9.3202,3.7534,0,0
2025-04-16,sz.002571,7.67,7.69,7.15,7.44,25624044.0,189549602.78,8.5898,-3.876,0,0
2025-04-17,sz.002571,7.46,7.6,7.27,7.47,16388387.0,122590165.34,5.4938,0.4032,0,0
2025-04-18,sz.002571,7.5,8.19,7.49,8.14,29724263.0,236271753.09,9.9643,8.9692,0,0
2025-04-21,sz.002571,7.9,8.02,7.34,7.48,39198397.0,297593425.14,13.1403,-8.1081,0,0
2025-04-22,sz.002571,7.34,7.4,6.9,7.29,23508010.0,169586447.9,7.8805,-2.5401,0,0
2025-04-23,sz.002571,7.29,7.5,7.21,7.43,20292900.0,150117029.0,6.8027,1.9204,0,0
2025-04-24,sz.002571,7.52,7.67,7.15,7.26,16784400.0,123068550.0,5.6266,-2.288,0,0
2025-04-25,sz.002571,7.26,7.36,7.14,7.3,12383600.0,89779788.0,4.1513,0.551,0,0
2025-04-28,sz.002571,7.26,7.39,7.08,7.29,9869101.0,71640527.12,3.3084,-0.137,0,0
2025-04-29,sz.002571,7.25,7.51,7.16,7.47,12936200.0,95463759.0,4.3366,2.4691,0,0
2025-04-30,sz.002571,7.62,7.62,7.29,7.42,10912400.0,80900804.0,3.6581,-0.6693,0,0
2025-05-06,sz.002571,7.45,7.55,7.24,7.42,11063600.0,81884621.0,3.7088,0.0,0,0
2025-05-07,sz.002571,7.48,7.79,7.28,7.63,21277370.0,159674810.1,7.1327,2.8302,0,0
2025-05-08,sz.002571,7.53,7.62,7.42,7.58,12756870.0,95752783.0,4.2764,-0.6553,0,0
2025-05-09,sz.002571,7.63,7.69,6.82,6.82,30799800.0,223229434.01,10.3249,-10.0264,0,1
2025-05-12,sz.002571,6.18,6.47,6.14,6.4,64989674.0,404611149.89,21.7862,-6.1584,0,0
2025-05-13,sz.002571,6.3,6.45,5.8,6.09,52619700.0,319761406.0,17.6395,-4.8438,0,0
2025-05-14,sz.002571,6.0,6.0,5.75,5.9,30264600.0,177123166.0,10.1455,-3.1199,0,0
2025-05-15,sz.002571,5.85,5.96,5.8,5.91,17342700.0,101918089.0,5.8137,0.1695,0,0
2025-05-16,sz.002571,5.9,6.0,5.84,5.97,13801000.0,81989293.0,4.6265,1.0152,0,0
2025-05-19,sz.002571,5.93,6.57,5.93,6.57,36429414.0,229916085.5,12.2121,10.0503,1,0
2025-05-20,sz.002571,6.57,6.71,6.42,6.5,46578730.0,304948697.5,15.6144,-1.0654,0,0
2025-05-21,sz.002571,6.46,6.5,6.21,6.33,23272310.0,147625433.2,7.8015,-2.6154,0,0
2025-05-22,sz.002571,6.36,6.43,6.17,6.18,17522597.0,109945773.2,5.874,-2.3697,0,0
2025-05-23,sz.002571,6.15,6.42,6.0,6.1,22155500.0,137209709.0,7.4271,-1.2945,0,0
2025-05-26,sz.002571,6.12,6.24,6.05,6.19,11248399.0,69386596.87,3.7708,1.4754,0,0
2025-05-27,sz.002571,6.2,6.29,6.12,6.24,10861701.0,67540739.21,3.6411,0.8078,0,0
2025-05-28,sz.002571,6.25,6.3,6.11,6.15,8465700.0,52137310.0,2.8379,-1.4423,0,0
2025-05-29,sz.002571,6.12,6.23,6.1,6.16,10282710.0,63470401.0,3.447,0.1626,0,0
2025-05-30,sz.002571,6.14,6.18,5.86,5.95,14991330.0,89489912.7,5.0255,-3.4091,0,0
2025-06-03,sz.002571,5.95,6.03,5.86,6.0,12357100.0,73470150.0,4.1424,0.8403,0,0
2025-06-04,sz.002571,6.0,6.12,5.95,6.11,10808804.0,65593240.24,3.6234,1.8333,0,0
2025-06-05,sz.002571,6.12,6.13,5.99,6.03,8647700.0,52244370.0,2.8989,-1.3093,0,0
2025-06-06,sz.002571,6.06,6.08,5.97,6.07,7648300.0,46165071.0,2.5639,0.6633,0,0
2025-06-09,sz.002571,6.08,6.13,6.06,6.09,6408800.0,38992463.0,2.1484,0.3295,0,0
2025-06-10,sz.002571,6.08,6.1,5.88,5.97,10063400.0,60120231.0,3.3735,-1.9704,0,0
2025-06-11,sz.002571,5.98,6.01,5.92,5.94,7122700.0,42412961.0,2.3877,-0.5025,0,0
2025-06-12,sz.002571,5.94,6.2,5.92,5.98,17304300.0,104271152.0,5.8009,0.6734,0,0
2025-06-13,sz.002571,5.98,5.98,5.67,5.68,16918900.0,97546028.0,5.6717,-5.0167,0,0
2025-06-16,sz.002571,5.68,5.77,5.6,5.7,8281198.0,47316617.58,2.7761,0.3521,0,0
2025-06-17,sz.002571,5.75,5.75,5.52,5.57,10952488.0,61211863.82,3.6716,-2.2807,0,0
2025-06-18,sz.002571,5.55,5.63,5.51,5.6,8278900.0,46058741.0,2.7753,0.5386,0,0
2025-06-19,sz.002571,5.6,5.83,5.58,5.63,15547705.0,88537883.5,5.212,0.5357,0,0
2025-06-20,sz.002571,5.66,5.8,5.64,5.69,12439887.0,71070202.72,4.1702,1.0657,0,0
2025-06-23,sz.002571,5.6,5.91,5.55,5.88,14563201.0,84226517.7,4.882,3.3392,0,0
2025-06-24,sz.002571,5.88,6.02,5.86,5.96,11827001.0,70496502.89,3.9647,1.3605,0,0
2025-06-25,sz.002571,5.96,6.0,5.83,5.9,10409901.0,61397301.91,3.4897,-1.0067,0,0
2025-06-26,sz.002571,5.9,5.94,5.78,5.84,9293772.0,54307416.09,3.1155,-1.0169,0,0
2025-06-27,sz.002571,5.87,5.92,5.81,5.84,5604700.0,32828583.68,1.8788,0.0,0,0
2025-06-30,sz.002571,5.9,6.14,5.85,6.1,13264198.0,79492670.12,4.4465,4.4521,0,0
2025-07-01,sz.002571,6.1,6.23,5.9,6.02,14129600.0,84970198.0,4.7366,-1.3115,0,0
2025-07-02,sz.002571,6.06,6.23,5.99,6.23,19033266.0,116747131.22,6.3804,3.4884,0,0
2025-07-03,sz.002571,6.17,6.23,6.08,6.15,18067871.0,110963852.39,6.0568,-1.2841,0,0
2025-07-04,sz.002571,6.12,6.3,6.01,6.02,15388200.0,94546263.0,5.1585,-2.1138,0,0
2025-07-07,sz.002571,6.02,6.12,5.97,6.05,11511100.0,69596599.0,3.8588,0.4983,0,0
2025-07-08,sz.002571,6.05,6.3,5.98,6.23,15346400.0,94494083.0,5.1445,2.9752,0,0
2025-07-09,sz.002571,6.2,6.23,6.13,6.16,9541600.0,58868792.0,3.1986,-1.1236,0,0
2025-07-10,sz.002571,6.13,6.2,6.11,6.17,7300600.0,44932590.0,2.4474,0.1623,0,0
2025-07-11,sz.002571,6.18,6.19,6.05,6.1,8776600.0,53617955.0,2.9421,-1.1345,0,0
2025-07-14,sz.002571,6.15,6.15,6.05,6.08,6036198.0,36777793.82,2.0235,-0.3279,0,0
2025-07-15,sz.002571,6.05,6.06,5.73,5.79,13490405.0,78816205.65,4.5223,-4.7697,0,0
2025-07-16,sz.002571,5.86,6.01,5.8,5.99,11228605.0,66505248.35,3.7641,3.4542,0,0
2025-07-17,sz.002571,5.99,6.01,5.91,5.96,6084700.0,36220908.0,2.0397,-0.5008,0,0
2025-07-18,sz.002571,5.96,5.98,5.83,5.86,6875900.0,40410594.0,2.305,-1.6779,0,0
2025-07-21,sz.002571,5.89,6.04,5.86,6.02,11250200.0,67369209.0,3.7714,2.7304,0,0
2025-07-22,sz.002571,6.02,6.05,5.9,5.93,8337700.0,49564005.0,2.795,-1.495,0,0
2025-07-23,sz.002571,5.96,6.02,5.9,5.92,7586100.0,45117041.0,2.5431,-0.1686,0,0
2025-07-24,sz.002571,5.94,6.02,5.89,6.0,7576300.0,45273453.0,2.5398,1.3514,0,0
2025-07-25,sz.002571,6.02,6.17,5.97,6.1,12607826.0,76680910.58,4.2265,1.6667,0,0
2025-07-28,sz.002571,6.11,6.15,6.05,6.06,7310000.0,44480302.0,2.4505,-0.6557,0,0
2025-07-29,sz.002571,6.06,6.08,5.85,5.98,10122701.0,59978640.86,3.3934,-1.3201,0,0
2025-07-30,sz.002571,5.97,6.09,5.89,6.02,8451000.0,50523808.0,2.833,0.6689,0,0
2025-07-31,sz.002571,6.0,6.08,5.84,5.86,9220500.0,54663228.0,3.091,-2.6578,0,0
2025-08-01,sz.002571,5.91,5.98,5.87,5.95,6749800.0,40023579.0,2.2627,1.5358,0,0
2025-08-04,sz.002571,5.9,5.98,5.8,5.98,7007500.0,41339445.0,2.3491,0.5042,0,0
2025-08-05,sz.002571,5.97,6.09,5.97,6.08,8706200.0,52691794.99,2.9185,1.6722,0,0
2025-08-06,sz.002571,6.1,6.35,6.0,6.18,25420799.0,158138415.78,8.5217,1.6447,0,0
2025-08-07,sz.002571,6.21,6.52,6.16,6.33,25609100.0,163424033.98,8.5848,2.4272,0,0
2025-08-08,sz.002571,6.33,6.36,6.2,6.29,12490366.0,78333729.84,4.1871,-0.6319,0,0
2025-08-11,sz.002571,6.36,6.88,6.35,6.78,32893318.0,221007348.31,11.0267,7.7901,0,0
2025-08-12,sz.002571,6.78,6.98,6.72,6.84,26313000.0,180128136.0,8.8208,0.885,0,0
2025-08-13,sz.002571,6.84,7.33,6.8,7.24,28085355.0,200401842.92,9.4149,5.848,0,0
2025-08-14,sz.002571,7.11,7.44,7.11,7.19,17939200.0,130206269.03,6.0137,-0.6906,0,0
2025-08-15,sz.002571,7.17,7.44,7.11,7.35,16191600.0,117931409.0,5.4278,2.2253,0,0
2025-08-18,sz.002571,7.41,7.51,7.2,7.25,21019400.0,154477442.0,7.0463,-1.3605,0,0
2025-08-19,sz.002571,7.23,7.25,7.04,7.19,24622600.0,176005672.0,8.2541,-0.8276,0,0
2025-08-20,sz.002571,7.13,7.3,7.03,7.3,13102100.0,93942777.0,4.3922,1.5299,0,0
2025-08-21,sz.002571,7.5,7.5,7.23,7.26,13175100.0,96815196.0,4.4166,-0.5479,0,0
2025-08-22,sz.002571,7.25,7.31,7.14,7.27,9469100.0,68429376.0,3.1743,0.1377,0,0
2025-08-25,sz.002571,7.45,8.0,7.45,7.84,43192339.0,338129070.72,14.4792,7.8404,0,0
2025-08-26,sz.002571,7.8,8.02,7.56,7.86,30493229.0,238908921.3,10.2221,0.2551,0,0
2025-08-27,sz.002571,7.88,7.88,7.6,7.6,16926100.0,131209071.0,5.6741,-3.3079,0,0
2025-08-28,sz.002571,7.6,7.73,7.36,7.68,15666900.0,118631695.0,5.252,1.0526,0,0
2025-08-29,sz.002571,7.6,7.69,7.45,7.58,9605900.0,72605381.0,3.2201,-1.3021,0,0
2025-09-01,sz.002571,7.67,7.67,7.2,7.42,14363020.0,105810998.38,4.8149,-2.1108,0,0
2025-09-02,sz.002571,7.49,7.58,7.22,7.49,15038049.0,111293439.12,5.0411,0.9434,0,0
2025-09-03,sz.002571,7.55,7.58,7.37,7.39,10008800.0,74575430.0,3.3552,-1.3351,0,0
2025-09-04,sz.002571,7.39,7.54,7.26,7.4,10196400.0,75565420.0,3.4181,0.1353,0,0
2025-09-05,sz.002571,7.45,7.65,7.24,7.59,9905700.0,73948115.0,3.3206,2.5676,0,0
2025-09-08,sz.002571,7.58,7.69,7.46,7.55,8266200.0,62289543.0,2.771,-0.527,0,0
2025-09-09,sz.002571,7.58,7.65,7.27,7.35,9388600.0,69753949.0,3.1473,-2.649,0,0
2025-09-10,sz.002571,7.34,7.43,7.26,7.31,7991200.0,58514377.0,2.6789,-0.5442,0,0
2025-09-11,sz.002571,7.31,7.37,7.2,7.35,8394300.0,61238688.0,2.814,0.5472,0,0
2025-09-12,sz.002571,7.35,7.72,7.28,7.72,12652110.0,94803466.7,4.2413,5.034,0,0
2025-09-15,sz.002571,7.61,7.74,7.3,7.63,13031200.0,98394680.0,4.3684,-1.1658,0,0
2025-09-16,sz.002571,7.63,8.02,7.6,7.86,19472500.0,152808135.0,6.5277,3.0144,0,0
2025-09-17,sz.002571,7.85,7.93,7.7,7.76,11833100.0,92483333.0,3.9668,-1.2723,0,0
2025-09-18,sz.002571,7.78,7.93,7.47,7.6,14114000.0,108722174.0,4.7314,-2.0619,0,0
2025-09-19,sz.002571,7.65,7.69,7.38,7.64,8532400.0,64235453.0,2.8603,0.5263,0,0
2025-09-22,sz.002571,7.61,7.63,7.42,7.5,7632000.0,57210945.0,2.5584,-1.8325,0,0
2025-09-23,sz.002571,7.52,7.6,7.07,7.33,9141500.0,66369107.0,3.0645,-2.2667,0,0
2025-09-24,sz.002571,7.4,7.66,7.22,7.58,9822300.0,73510343.0,3.2927,3.4106,0,0
2025-09-25,sz.002571,7.6,7.63,7.37,7.41,7561805.0,56649413.0,2.5349,-2.2427,0,0
2025-09-26,sz.002571,7.35,7.55,7.31,7.38,7303650.0,54167013.5,2.4484,-0.4049,0,0
2025-09-29,sz.002571,7.38,7.9,7.28,7.84,16730100.0,128799258.0,5.6084,6.2331,0,0
2025-09-30,sz.002571,7.98,8.62,7.98,8.32,30668200.0,255288217.0,10.2808,6.1224,0,0
2025-10-09,sz.002571,8.32,8.32,8.32,8.32,,,,,0,0
2025-10-10,sz.002571,8.32,8.32,8.32,8.32,,,,,0,0
2025-10-13,sz.002571,8.32,8.32,8.32,8.32,,,,,0,0
2025-10-14,sz.002571,8.32,8.32,8.32,8.32,,,,,0,0
2025-10-15,sz.002571,8.32,8.32,8.32,8.32,,,,,0,0
2025-10-16,sz.002571,9.15,9.15,9.15,9.15,5970900.0,54633735.0,2.0016,9.976,1,0
2025-10-17,sz.002571,10.06,10.07,8.24,9.43,86061820.0,772360802.8,28.8502,3.0601,0,0
2025-10-20,sz.002571,8.8,9.05,8.49,8.51,57220619.0,503180089.96,19.1818,-9.7561,0,0
2025-10-21,sz.002571,8.28,8.41,7.98,8.24,37844771.0,307088194.47,12.6866,-3.1727,0,0
2025-10-22,sz.002571,8.06,8.14,7.81,7.82,28071000.0,222921723.74,9.4101,-5.0971,0,0
2025-10-23,sz.002571,7.75,7.99,7.52,7.82,24842545.0,192619021.0,8.3279,0.0,0,0
2025-10-24,sz.002571,7.76,7.81,7.5,7.5,19919900.0,151787723.58,6.6777,-4.0921,0,0
2025-10-27,sz.002571,7.5,8.25,7.49,8.25,26504600.0,212011725.0,8.885,10.0,1,0
2025-10-28,sz.002571,8.41,8.71,8.23,8.42,37710700.0,321184420.0,12.6416,2.0606,0,0
2025-10-29,sz.002571,8.49,8.6,8.34,8.51,21439954.0,182230492.1,7.1872,1.0689,0,0
2025-10-30,sz.002571,8.47,8.65,8.26,8.27,17132000.0,144078656.0,5.7431,-2.8202,0,0
2025-10-31,sz.002571,8.28,8.65,8.23,8.39,17667810.0,148635823.0,5.9227,1.451,0,0
2025-11-03,sz.002571,8.46,8.75,8.46,8.72,20694695.0,178121287.5,6.9374,3.9333,0,0
2025-11-04,sz.002571,8.72,8.76,8.35,8.46,15861501.0,135602752.63,5.3172,-2.9817,0,0
2025-11-05,sz.002571,8.47,8.65,8.34,8.6,13134491.0,111683090.71,4.403,1.6548,0,0
2025-11-06,sz.002571,8.54,8.69,8.35,8.44,12624800.0,106814223.0,4.2322,-1.8605,0,0
2025-11-07,sz.002571,8.45,9.24,8.36,8.96,31623750.0,280113434.5,10.6011,6.1611,0,0
2025-11-10,sz.002571,8.99,9.2,8.8,8.86,19407401.0,174810658.97,6.5059,-1.1161,0,0
2025-11-11,sz.002571,8.95,8.95,8.68,8.78,12334900.0,108429277.0,4.135,-0.9029,0,0
2025-11-12,sz.002571,8.76,8.8,8.55,8.62,10281900.0,88861592.0,3.4468,-1.8223,0,0
2025-11-13,sz.002571,8.6,8.78,8.45,8.73,11159505.0,96576863.3,3.741,1.2761,0,0
2025-11-14,sz.002571,8.7,8.98,8.69,8.81,12185402.0,107996788.69,4.0849,0.9164,0,0
2025-11-17,sz.002571,8.88,8.97,8.58,8.85,12049800.0,106230234.0,4.0394,0.454,0,0
2025-11-18,sz.002571,8.86,8.88,8.58,8.78,9989501.0,86921593.86,3.3487,-0.791,0,0
2025-11-19,sz.002571,8.81,8.9,8.53,8.61,8467700.0,73291402.0,2.8386,-1.9362,0,0
2025-11-20,sz.002571,8.66,8.98,8.55,8.7,13038800.0,113763142.0,4.3709,1.0453,0,0
2025-11-21,sz.002571,8.62,8.74,8.18,8.26,16301700.0,136935505.0,5.4648,-5.0575,0,0
2025-11-24,sz.002571,8.4,8.41,8.01,8.15,9668900.0,78627375.0,3.2413,-1.3317,0,0
2025-11-25,sz.002571,8.17,8.45,8.13,8.37,8407100.0,69938269.0,2.8183,2.6994,0,0
2025-11-26,sz.002571,8.37,8.63,8.33,8.4,9412400.0,79704570.0,3.1553,0.3584,0,0
2025-11-27,sz.002571,8.45,8.7,8.42,8.6,10067000.0,86344203.0,3.3747,2.381,0,0
2025-11-28,sz.002571,8.55,8.83,8.5,8.79,10761609.0,93958846.01,3.6076,2.2093,0,0
2025-12-01,sz.002571,8.83,9.02,8.72,8.78,9719900.0,86047919.0,3.2584,-0.1138,0,0
2025-12-02,sz.002571,8.8,8.9,8.62,8.84,9247130.0,81288653.04,3.0999,0.6834,0,0
2025-12-03,sz.002571,8.86,9.58,8.8,9.28,22909882.0,210437883.3,7.68,4.9774,0,0
2025-12-04,sz.002571,9.36,9.42,9.04,9.06,15710467.0,143781613.4,5.2666,-2.3707,0,0
2025-12-05,sz.002571,9.05,9.3,8.91,9.2,11980800.0,109325983.0,4.0163,1.5453,0,0
2025-12-08,sz.002571,9.23,9.3,9.1,9.14,9681600.0,88827497.0,3.2455,-0.6522,0,0
2025-12-09,sz.002571,9.14,9.43,9.11,9.36,9461670.0,88339938.5,3.1718,2.407,0,0
2025-12-10,sz.002571,9.44,9.78,9.41,9.68,12094910.0,116298037.4,4.0545,3.4188,0,0
2025-12-11,sz.002571,9.68,9.68,9.35,9.37,11025300.0,104743474.0,3.696,-3.2025,0,0
2025-12-12,sz.002571,9.44,9.62,9.24,9.45,10682068.0,100526525.81,3.5809,0.8538,0,0
2025-12-15,sz.002571,9.43,9.43,9.11,9.13,8228400.0,75787799.0,2.7584,-3.3862,0,0
2025-12-16,sz.002571,9.13,9.68,9.04,9.13,11367200.0,105000029.0,3.8106,0.0,0,0
2025-12-17,sz.002571,9.22,9.38,8.94,9.32,10199130.0,93367135.6,3.419,2.0811,0,0
2025-12-18,sz.002571,9.3,10.04,9.2,9.81,19878915.0,193504251.55,6.6639,5.2575,0,0
2025-12-19,sz.002571,9.92,10.0,9.74,9.85,13673800.0,134583711.0,4.5838,0.4077,0,0
2025-12-22,sz.002571,9.85,10.2,9.81,10.02,16175800.0,161634523.0,5.4225,1.7259,0,0
2025-12-23,sz.002571,10.08,11.02,10.02,11.02,28041900.0,296613992.4,9.4004,9.98,1,0
2025-12-24,sz.002571,11.78,11.79,10.1,10.35,54651818.0,576466002.94,18.3207,-6.0799,0,0
2025-12-25,sz.002571,10.07,10.15,9.48,9.6,38050769.0,367997830.67,12.7556,-7.2464,0,0
2025-12-26,sz.002571,9.69,10.56,9.6,10.56,29331716.0,298378995.37,9.8328,10.0,1,0
2025-12-29,sz.002571,10.92,11.62,10.92,11.62,39793059.0,449809313.26,13.3397,10.0379,1,0
2025-12-30,sz.002571,11.27,12.46,10.73,12.08,61697984.0,725571772.45,20.6828,3.9587,0,0
2025-12-31,sz.002571,11.9,12.0,11.58,11.76,29018073.0,342583289.03,9.7276,-2.649,0,0
2026-01-05,sz.002571,12.09,12.94,11.96,12.94,16949813.0,214925149.22,5.682,10.034,1,0
2026-01-06,sz.002571,12.92,13.5,12.67,12.82,47810160.0,623864894.72,16.0272,-0.9274,0,0
2026-01-07,sz.002571,12.69,12.86,12.44,12.67,29315913.0,370607325.32,9.8275,-1.17,0,0
2026-01-08,sz.002571,12.66,13.31,12.58,13.1,23851913.0,309431620.17,7.9958,3.3938,0,0
2026-01-09,sz.002571,13.11,13.4,12.67,12.91,20979898.0,271897276.3,7.033,-1.4504,0,0
2026-01-12,sz.002571,13.12,13.45,12.79,13.42,21532958.0,282514632.9,7.2184,3.9504,0,0
2026-01-13,sz.002571,13.29,13.29,12.4,12.53,21593414.0,277334519.37,7.2387,-6.6319,0,0
2026-01-14,sz.002571,12.58,12.8,12.2,12.42,18332010.0,229428110.2,6.1454,-0.8779,0,0
2026-01-15,sz.002571,12.41,12.41,11.9,12.32,15521200.0,188810464.0,5.2031,-0.8052,0,0
2026-01-16,sz.002571,12.55,12.6,11.94,12.13,10893400.0,132012536.0,3.6518,-1.5422,0,0
2026-01-19,sz.002571,12.13,12.3,11.84,12.12,9346805.0,112926397.7,3.1333,-0.0824,0,0
2026-01-20,sz.002571,12.06,12.38,11.88,12.04,10054100.0,121191745.0,3.3704,-0.6601,0,0
2026-01-21,sz.002571,12.0,12.25,11.81,12.18,9538700.0,115102398.0,3.1976,1.1628,0,0
2026-01-22,sz.002571,12.18,12.25,12.04,12.08,7161502.0,86811800.36,2.4007,-0.821,0,0
2026-01-23,sz.002571,12.22,12.71,11.98,12.35,15144800.0,185729725.0,5.0769,2.2351,0,0
2026-01-26,sz.002571,12.46,12.84,12.01,12.1,15498310.0,190441867.6,5.1954,-2.0243,0,0
2026-01-27,sz.002571,12.03,12.25,11.82,12.12,13089449.0,157854185.45,4.3879,0.1653,0,0
2026-01-28,sz.002571,12.12,12.15,11.72,11.78,10398500.0,123401784.0,3.4858,-2.8053,0,0
2026-01-29,sz.002571,11.68,12.35,11.38,11.91,15577400.0,186104885.0,5.222,1.1036,0,0
2026-01-30,sz.002571,11.89,12.33,11.66,12.15,12365913.0,148493746.21,4.1454,2.0151,0,0
2026-02-02,sz.002571,12.22,12.4,11.96,12.01,9668900.0,117534844.0,3.2413,-1.1523,0,0
2026-02-03,sz.002571,12.05,12.45,11.99,12.3,8974000.0,109837154.0,3.0083,2.4147,0,0
2026-02-04,sz.002571,12.42,12.66,12.22,12.34,9554105.0,118857842.9,3.2028,0.3252,0,0
2026-02-05,sz.002571,12.29,12.58,11.97,11.97,10327700.0,126830841.0,3.4621,-2.9984,0,0
2026-02-06,sz.002571,11.99,12.39,11.9,12.25,11195226.0,136201656.36,3.7529,2.3392,0,0
2026-02-09,sz.002571,12.35,12.51,12.02,12.49,10689800.0,132175757.0,3.5835,1.9592,0,0
2026-02-10,sz.002571,12.6,12.6,12.26,12.48,6284200.0,77905413.0,2.1066,-0.0801,0,0
2026-02-11,sz.002571,12.43,12.52,12.13,12.26,7637500.0,94114464.0,2.5603,-1.7628,0,0
2026-02-12,sz.002571,12.3,12.42,12.15,12.16,5819100.0,71451883.0,1.9507,-0.8157,0,0
2026-02-13,sz.002571,12.22,12.31,12.06,12.16,4671000.0,56960289.0,1.5658,0.0,0,0
2026-02-24,sz.002571,12.21,12.77,12.21,12.61,9155700.0,114625599.0,3.0692,3.7007,0,0
2026-02-25,sz.002571,12.67,13.12,12.54,12.92,10866800.0,139641092.0,3.6428,2.4584,0,0
2026-02-26,sz.002571,13.09,13.09,12.5,12.55,9867786.0,124723975.58,3.3079,-2.8638,0,0
2026-02-27,sz.002571,12.55,12.76,12.31,12.66,6459986.0,80890319.56,2.1656,0.8765,0,0
2026-03-02,sz.002571,12.59,12.88,12.26,12.48,12056100.0,151162485.0,4.0415,-1.4218,0,0
2026-03-03,sz.002571,12.48,12.68,12.15,12.18,8434000.0,104463136.0,2.8273,-2.4038,0,0
2026-03-04,sz.002571,12.06,12.25,11.92,12.1,6325400.0,76592778.0,2.1204,-0.6568,0,0
2026-03-05,sz.002571,12.37,12.99,12.27,12.72,12635400.0,159636794.0,4.2357,5.124,0,0
2026-03-06,sz.002571,12.68,13.18,12.63,12.94,10191400.0,132345781.0,3.4164,1.7296,0,0
2026-03-09,sz.002571,12.78,13.13,12.53,13.02,10704200.0,137158199.02,3.5883,0.6182,0,0
2026-03-10,sz.002571,13.1,13.54,13.02,13.4,11606854.0,154943607.6,3.8909,2.9186,0,0
2026-03-11,sz.002571,13.5,13.51,12.73,12.8,12587200.0,163337553.0,4.2196,-4.4776,0,0
2026-03-12,sz.002571,12.94,13.2,12.51,12.58,9537700.0,121730834.0,3.1973,-1.7188,0,0
2026-03-13,sz.002571,12.59,12.63,12.33,12.35,7151800.0,89053516.0,2.3975,-1.8283,0,0
2026-03-16,sz.002571,12.37,12.48,12.13,12.35,8495800.0,104360379.0,2.848,0.0,0,0
2026-03-17,sz.002571,12.36,12.45,11.85,11.89,7527800.0,90940165.0,2.5235,-3.7247,0,0
2026-03-18,sz.002571,11.9,12.31,11.72,12.2,7195000.0,86616735.0,2.412,2.6072,0,0
2026-03-19,sz.002571,12.2,12.27,11.9,11.98,6034500.0,72882698.0,2.0229,-1.8033,0,0
2026-03-20,sz.002571,12.0,12.14,11.75,11.77,4711000.0,56069011.0,1.5792,-1.7529,0,0
2026-03-23,sz.002571,11.53,11.53,10.59,10.59,13735500.0,150270764.57,4.6045,-10.0255,0,1
2026-03-24,sz.002571,10.8,11.49,10.78,11.44,13974300.0,154700421.0,4.6845,8.0264,0,0
2026-03-25,sz.002571,11.44,11.58,11.18,11.44,7873243.0,89332178.63,2.6393,0.0,0,0
2026-03-26,sz.002571,11.43,11.64,11.28,11.35,6965478.0,79792243.74,2.335,-0.7867,0,0
2026-03-27,sz.002571,11.3,11.63,11.22,11.42,6212600.0,71041387.0,2.0826,0.6167,0,0
2026-03-30,sz.002571,11.4,11.81,11.28,11.77,7050500.0,81931845.0,2.3635,3.0648,0,0
2026-03-31,sz.002571,11.77,11.77,11.34,11.35,6073900.0,69976120.0,2.0361,-3.5684,0,0
2026-04-01,sz.002571,11.55,11.68,11.35,11.63,5641300.0,65178614.0,1.8911,2.467,0,0
2026-04-02,sz.002571,11.62,11.95,11.45,11.55,8021843.0,93531372.8,2.6891,-0.6879,0,0
2026-04-03,sz.002571,11.71,11.71,10.97,11.26,9550600.0,107542288.0,3.2016,-2.5108,0,0
2026-04-07,sz.002571,11.29,11.66,11.13,11.57,6352000.0,73073773.0,2.1294,2.7531,0,0
2026-04-08,sz.002571,11.76,12.18,11.67,12.16,6571644.0,78741344.21,2.203,5.0994,0,0
2026-04-09,sz.002571,12.05,12.35,12.0,12.03,6810400.0,82676354.0,2.283,-1.0691,0,0
2026-04-10,sz.002571,12.16,12.28,12.04,12.05,5262800.0,63992714.0,1.7642,0.1663,0,0
2026-04-13,sz.002571,12.02,12.08,11.79,11.84,4929000.0,58623039.0,1.6523,-1.7427,0,0
2026-04-14,sz.002571,11.88,12.21,11.85,12.13,5476000.0,66031590.0,1.8357,2.4493,0,0
2026-04-15,sz.002571,12.11,12.29,12.0,12.1,5536300.0,67421375.0,1.8559,-0.2473,0,0
2026-04-16,sz.002571,12.12,12.38,12.05,12.15,7062000.0,86213484.0,2.3674,0.4132,0,0
2026-04-17,sz.002571,12.15,12.25,12.03,12.06,6144700.0,74454292.0,2.0599,-0.7407,0,0
2026-04-20,sz.002571,12.06,12.13,11.93,12.08,4430800.0,53229769.0,1.4853,0.1658,0,0
2026-04-21,sz.002571,12.09,12.29,12.01,12.23,5448100.0,66185029.0,1.8263,1.2417,0,0
2026-04-22,sz.002571,12.23,12.45,12.01,12.29,7376600.0,90348795.0,2.4728,0.4906,0,0
2026-04-23,sz.002571,12.34,12.4,11.25,11.62,18470900.0,215983410.0,6.1919,-5.4516,0,0
2026-04-24,sz.002571,11.4,11.45,10.91,11.07,11341800.0,125939365.0,3.8021,-4.7332,0,0
2026-04-27,sz.002571,11.06,11.72,11.05,11.46,9421800.0,107560438.0,3.1584,3.523,0,0
2026-04-28,sz.002571,11.45,11.73,11.25,11.32,6878700.0,78474925.0,2.3059,-1.2216,0,0
2026-04-29,sz.002571,11.26,11.45,11.16,11.22,5180000.0,58318517.0,1.7365,-0.8834,0,0
2026-04-30,sz.002571,11.21,11.58,11.2,11.42,5193600.0,59364634.0,1.741,1.7825,0,0
2026-05-06,sz.002571,11.5,11.74,11.3,11.39,7510400.0,86645789.0,2.5177,-0.2627,0,0
2026-05-07,sz.002571,11.49,11.75,11.38,11.51,7211600.0,83351971.0,2.4175,1.0536,0,0
2026-05-08,sz.002571,11.53,11.92,11.46,11.81,8282401.0,96943216.62,2.7765,2.6064,0,0
2026-05-11,sz.002571,11.94,12.31,11.7,12.17,8950301.0,107105857.75,3.0004,3.0483,0,0
2026-05-12,sz.002571,12.22,12.27,11.67,11.8,7848001.0,93329624.99,2.6309,-3.0403,0,0
2026-05-13,sz.002571,11.69,12.02,11.54,11.8,6920600.0,81790750.0,2.32,0.0,0,0
2026-05-14,sz.002571,11.97,12.15,11.75,11.93,11293001.0,135226567.05,3.7857,1.1017,0,0
2026-05-15,sz.002571,11.99,12.0,11.27,11.49,9583301.0,110202910.31,3.2126,-3.6882,0,0
2026-05-18,sz.002571,11.5,12.02,11.35,11.99,10270100.0,120430134.0,3.4428,4.3516,0,0
2026-05-19,sz.002571,11.98,12.15,11.69,11.86,7012800.0,83107423.0,2.3509,-1.0842,0,0
2026-05-20,sz.002571,11.82,12.07,11.7,11.95,6880600.0,81722344.0,2.3066,0.7589,0,0
2026-05-21,sz.002571,12.3,12.55,11.64,11.71,14448800.0,174435299.0,4.8436,-2.0084,0,0
2026-05-22,sz.002571,11.8,11.95,11.66,11.85,7104800.0,83836813.0,2.3817,1.1956,0,0
2026-05-25,sz.002571,11.95,12.34,11.9,12.32,12797000.0,156297854.0,4.2899,3.9662,0,0
2026-05-26,sz.002571,12.24,12.72,12.05,12.54,13222000.0,164603091.0,4.4324,1.7857,0,0
2026-05-27,sz.002571,12.54,12.7,12.13,12.23,8427100.0,104580008.0,2.825,-2.4721,0,0
2026-05-28,sz.002571,12.23,13.3,12.11,13.06,17646700.0,226066215.0,5.9156,6.7866,0,0
2026-05-29,sz.002571,13.32,13.4,11.98,12.1,21340200.0,263908594.0,7.1538,-7.3507,0,0
2026-06-01,sz.002571,12.09,12.31,11.92,11.98,10060500.0,121536878.0,3.3725,-0.9917,0,0
2026-06-02,sz.002571,12.0,12.29,11.65,12.0,10322300.0,123774666.0,3.4603,0.1669,0,0
2026-06-03,sz.002571,12.05,12.76,11.97,12.25,13739800.0,168563192.0,4.6059,2.0833,0,0
2026-06-04,sz.002571,12.51,12.53,11.98,11.99,15520459.0,189641794.98,5.2029,-2.1224,0,0
2026-06-05,sz.002571,12.06,12.88,11.72,12.66,19121804.0,236423062.6,6.4101,5.588,0,0
2026-06-08,sz.002571,12.4,13.17,12.1,12.72,19108600.0,245198616.95,6.4057,0.4739,0,0
2026-06-09,sz.002571,12.97,12.97,12.32,12.58,12551300.0,156960344.0,4.2075,-1.1006,0,0
2026-06-10,sz.002571,12.55,12.76,12.02,12.15,9033700.0,110346577.0,3.0283,-3.4181,0,0
2026-06-11,sz.002571,12.06,12.2,11.76,11.89,9070400.0,108163353.0,3.0406,-2.1399,0,0
2026-06-12,sz.002571,12.01,12.01,11.38,11.66,8594800.0,100251829.0,2.8812,-1.9344,0,0
2026-06-15,sz.002571,11.7,12.09,10.52,11.19,16806200.0,190176948.0,5.6339,-4.0309,0,0
2026-06-16,sz.002571,11.1,12.25,11.01,11.69,14396204.0,167952124.44,4.826,4.4683,0,0
2026-06-17,sz.002571,11.63,11.66,11.19,11.25,9077404.0,103616292.88,3.043,-3.7639,0,0
2026-06-18,sz.002571,11.1,11.24,10.82,10.85,9245400.0,101151761.0,3.0993,-3.5556,0,0
2026-06-22,sz.002571,10.84,10.85,10.21,10.46,10284504.0,107515543.84,3.4476,-3.5945,0,0
2026-06-23,sz.002571,10.41,11.06,10.23,10.76,9099600.0,97728926.0,3.0504,2.8681,0,0
2026-06-24,sz.002571,10.76,11.0,10.55,10.88,6012700.0,64584961.0,2.0156,1.1152,0,0
2026-06-25,sz.002571,10.88,10.88,10.37,10.44,6471405.0,68143117.95,2.1694,-4.0441,0,0
2026-06-26,sz.002571,10.44,10.58,10.21,10.32,5310100.0,54906031.0,1.7801,-1.1494,0,0
