date,code,open,high,low,close,volume,amount,turnover,pct_change,is_limit_up,is_limit_down
2019-07-01,sz.002236,15.27,15.6,15.19,15.38,79919241,1229510420.11,4.406565,5.922863,0,0
2019-07-02,sz.002236,15.38,15.38,15.03,15.09,36917801,559333972.57,2.035563,-1.885565,0,0
2019-07-03,sz.002236,15.01,15.08,14.63,14.76,30469993,450237515.27,1.680046,-2.186878,0,0
2019-07-04,sz.002236,14.75,14.96,14.62,14.74,21257821,313673191.14,1.172108,-0.135504,0,0
2019-07-05,sz.002236,14.77,14.92,14.68,14.68,22002693,325379447.12,1.213178,-0.407052,0,0
2019-07-08,sz.002236,14.55,14.55,13.91,14.09,43113155,610634302.26,2.377161,-4.019074,0,0
2019-07-09,sz.002236,14.07,14.24,13.83,14.16,26485191,372149928.85,1.460333,0.496804,0,0
2019-07-10,sz.002236,14.24,14.54,14.22,14.44,33982556,489703891.2,1.873721,1.977399,0,0
2019-07-11,sz.002236,14.46,14.66,14.25,14.37,26660144,385660796.83,1.46998,-0.484762,0,0
2019-07-12,sz.002236,14.42,14.56,14.27,14.41,14808846,213668818.54,0.816526,0.278357,0,0
2019-07-15,sz.002236,14.41,14.54,13.9,14.39,30341382,432007261.9,1.672955,-0.138789,0,0
2019-07-16,sz.002236,14.3,14.38,14.08,14.14,17927545,254418465.28,0.988484,-1.737318,0,0
2019-07-17,sz.002236,14.08,14.57,14.0,14.42,29033041,416967888.43,1.600816,1.980196,0,0
2019-07-18,sz.002236,14.24,14.36,14.07,14.12,23229706,329989422.56,1.280833,-2.080445,0,0
2019-07-19,sz.002236,14.2,14.67,14.2,14.44,27411601,397057750.49,1.511413,2.266287,0,0
2019-07-22,sz.002236,14.89,15.47,14.55,15.08,82651563,1250579813.25,4.557219,4.432136,0,0
2019-07-23,sz.002236,15.07,15.37,15.01,15.28,36779995,559907317.53,2.027965,1.326259,0,0
2019-07-24,sz.002236,15.2,15.65,15.18,15.39,40239766,622128011.75,2.218729,0.719899,0,0
2019-07-25,sz.002236,15.36,16.38,15.32,16.23,62399171,1002149999.04,3.440548,5.458085,0,0
2019-07-26,sz.002236,16.15,16.54,16.09,16.38,46713312,763306120.08,2.5757,0.9242,0,0
2019-07-29,sz.002236,16.28,16.58,16.17,16.37,33999206,555372274.2,1.874639,-0.06104,0,0
2019-07-30,sz.002236,16.78,16.99,16.06,16.12,63355943,1038032336.35,3.4933,-1.5272,0,0
2019-07-31,sz.002236,16.25,16.36,16.04,16.15,32768314,530673257.13,1.8068,0.1861,0,0
2019-08-01,sz.002236,16.03,16.35,15.96,16.15,30495139,491071902.1,1.6814,0.0,0,0
2019-08-02,sz.002236,15.58,15.58,15.02,15.37,70767857,1082011486.38,3.902,-4.8297,0,0
2019-08-05,sz.002236,15.34,15.57,15.1,15.11,41929794,641959503.6,2.3119,-1.6916,0,0
2019-08-06,sz.002236,14.77,15.06,14.4,14.88,46554827,684184344.5,2.5669,-1.5222,0,0
2019-08-07,sz.002236,14.96,15.03,14.54,14.54,32188978,474524901.46,1.7748,-2.2849,0,0
2019-08-08,sz.002236,14.7,14.83,14.39,14.8,36800940,538449482.89,2.0291,1.7882,0,0
2019-08-09,sz.002236,14.71,14.8,14.01,14.18,50092798,719839920.99,2.762,-4.1892,0,0
2019-08-12,sz.002236,14.25,15.11,14.22,15.05,53159216,780105481.66,2.9311,6.1354,0,0
2019-08-13,sz.002236,14.82,15.05,14.67,14.79,30440149,450944519.35,1.6784,-1.7276,0,0
2019-08-14,sz.002236,15.3,15.64,15.1,15.13,53163630,817311211.98,2.9313,2.2989,0,0
2019-08-15,sz.002236,14.84,16.05,14.51,15.89,58017412,896774033.89,3.1989,5.0231,0,0
2019-08-16,sz.002236,15.9,16.92,15.82,16.69,84875485,1403242062.74,4.6798,5.0346,0,0
2019-08-19,sz.002236,16.91,17.17,16.33,16.9,98929524,1665410677.57,5.4547,1.2582,0,0
2019-08-20,sz.002236,16.92,17.65,16.92,17.4,73967014,1287734168.47,4.0784,2.9586,0,0
2019-08-21,sz.002236,17.35,17.6,17.21,17.44,37625245,655828838.07,2.0746,0.2299,0,0
2019-08-22,sz.002236,17.56,17.62,16.93,17.14,51819462,891480797.26,2.8572,-1.7202,0,0
2019-08-23,sz.002236,17.3,17.34,16.88,17.0,33837604,577686735.94,1.8657,-0.8168,0,0
2019-08-26,sz.002236,16.52,17.1,16.46,16.64,47239608,787416796.13,2.6047,-2.1177,0,0
2019-08-27,sz.002236,16.9,17.16,16.73,16.9,47505670,804469500.19,2.6194,1.5625,0,0
2019-08-28,sz.002236,16.85,16.85,16.48,16.54,26775005,444660950.4,1.4763,-2.1302,0,0
2019-08-29,sz.002236,16.61,16.76,16.41,16.52,22504473,373281720.19,1.2408,-0.1209,0,0
2019-08-30,sz.002236,16.73,16.85,16.0,16.06,60046017,983833026.86,3.3108,-2.7845,0,0
2019-09-02,sz.002236,16.11,16.68,16.1,16.53,48314976,792941161.25,2.664,2.9265,0,0
2019-09-03,sz.002236,16.6,17.24,16.45,17.19,71609749,1209863415.17,3.9484,3.9927,0,0
2019-09-04,sz.002236,17.15,17.2,16.8,17.17,42251832,718527832.17,2.3297,-0.1163,0,0
2019-09-05,sz.002236,17.2,17.63,17.04,17.14,58715732,1016940950.97,3.2375,-0.1747,0,0
2019-09-06,sz.002236,17.25,17.8,17.21,17.8,61001270,1067693573.97,3.3635,3.8506,0,0
2019-09-09,sz.002236,18.06,18.55,17.77,18.35,73536695,1338248619.66,4.0546,3.0899,0,0
2019-09-10,sz.002236,18.35,18.37,17.9,17.99,43623247,790452938.61,2.4053,-1.9619,0,0
2019-09-11,sz.002236,18.1,18.18,17.55,17.63,39924061,708106758.27,2.2013,-2.0011,0,0
2019-09-12,sz.002236,17.76,17.94,17.61,17.92,28396050,505972386.54,1.5657,1.6449,0,0
2019-09-16,sz.002236,17.95,18.3,17.88,17.98,29403175,531020126.76,1.6212,0.3348,0,0
2019-09-17,sz.002236,17.81,17.85,17.25,17.5,39246108,685686103.6,2.1639,-2.6696,0,0
2019-09-18,sz.002236,17.49,17.54,17.17,17.34,31177517,540050109.45,1.7191,-0.9143,0,0
2019-09-19,sz.002236,17.45,18.05,17.38,18.02,40796457,721828682.61,2.2494,3.9216,0,0
2019-09-20,sz.002236,18.06,18.18,17.8,18.09,33393289,601076828.76,1.8412,0.3885,0,0
2019-09-23,sz.002236,18.1,18.11,17.5,17.84,32966106,583740823.07,1.8177,-1.382,0,0
2019-09-24,sz.002236,17.8,18.28,17.56,17.97,44913198,806607322.9,2.4764,0.7287,0,0
2019-09-25,sz.002236,17.75,17.88,17.28,17.31,35983727,629591460.8,1.9841,-3.6728,0,0
2019-09-26,sz.002236,17.47,17.94,17.34,17.41,44452327,785831746.78,2.451,0.5777,0,0
2019-09-27,sz.002236,17.36,17.9,17.12,17.85,33243687,583755059.8,1.833,2.5273,0,0
2019-09-30,sz.002236,17.7,17.85,17.21,17.27,25830191,452459279.85,1.4242,-3.2493,0,0
2019-10-08,sz.002236,17.27,17.27,17.27,17.27,0,0.0,,0.0,0,0
2019-10-09,sz.002236,17.27,17.27,17.27,17.27,0,0.0,,0.0,0,0
2019-10-10,sz.002236,16.55,16.8,15.55,16.27,155080604,2476991600.88,8.5508,-5.7904,0,0
2019-10-11,sz.002236,15.9,16.15,15.74,15.92,81031806,1290834715.06,4.4679,-2.1512,0,0
2019-10-14,sz.002236,16.18,16.54,16.01,16.07,97760969,1588186530.82,5.3903,0.9422,0,0
2019-10-15,sz.002236,16.0,16.0,15.65,15.71,54014110,850595698.9,2.9782,-2.2402,0,0
2019-10-16,sz.002236,15.81,16.0,15.6,15.8,47876848,757897661.25,2.6398,0.5729,0,0
2019-10-17,sz.002236,15.81,15.99,15.61,15.96,43566066,688151083.19,2.4021,1.0127,0,0
2019-10-18,sz.002236,15.93,15.96,15.51,15.52,41319401,649602819.57,2.2783,-2.7569,0,0
2019-10-21,sz.002236,15.59,16.0,15.53,15.91,47548275,753165552.26,2.6217,2.5129,0,0
2019-10-22,sz.002236,15.85,15.98,15.79,15.96,29160020,463684780.09,1.6078,0.3143,0,0
2019-10-23,sz.002236,16.01,16.06,15.83,15.88,25139025,400744413.81,1.3861,-0.5013,0,0
2019-10-24,sz.002236,15.88,15.9,15.65,15.73,21141578,333468561.85,1.1657,-0.9446,0,0
2019-10-25,sz.002236,15.73,16.06,15.62,16.0,27706463,439682122.83,1.5277,1.7165,0,0
2019-10-28,sz.002236,16.2,16.45,16.04,16.45,46599444,758505296.94,2.5694,2.8125,0,0
2019-10-29,sz.002236,16.82,16.89,16.19,16.24,57111264,942708857.9,3.149,-1.2766,0,0
2019-10-30,sz.002236,16.27,16.43,16.06,16.4,34993653,569927328.94,1.9295,0.9852,0,0
2019-10-31,sz.002236,16.47,16.47,16.06,16.12,30006698,487612471.28,1.6545,-1.7073,0,0
2019-11-01,sz.002236,16.12,16.47,16.05,16.38,32285994,526689110.26,1.7802,1.6129,0,0
2019-11-04,sz.002236,16.38,16.7,16.27,16.63,42755622,704763190.67,2.3574,1.5263,0,0
2019-11-05,sz.002236,16.83,17.15,16.7,16.8,58737220,994471330.16,3.2386,1.0222,0,0
2019-11-06,sz.002236,16.87,17.53,16.87,17.36,68951954,1191718286.58,3.8019,3.3333,0,0
2019-11-07,sz.002236,17.25,17.44,17.18,17.39,37191433,643298715.07,2.0507,0.1728,0,0
2019-11-08,sz.002236,17.78,17.96,17.5,17.56,60366582,1071122566.09,3.3285,0.9776,0,0
2019-11-11,sz.002236,17.39,17.63,17.13,17.27,37476746,650538856.02,2.0664,-1.6515,0,0
2019-11-12,sz.002236,17.31,17.37,16.9,17.2,35178010,600924769.28,1.9396,-0.4053,0,0
2019-11-13,sz.002236,17.1,17.45,16.91,17.44,33348038,574730276.95,1.8387,1.3953,0,0
2019-11-14,sz.002236,17.3,17.72,17.19,17.58,38000056,663893592.48,2.0952,0.8027,0,0
2019-11-15,sz.002236,17.57,18.08,17.47,17.53,50339554,895085489.28,2.7756,-0.2844,0,0
2019-11-18,sz.002236,17.55,18.17,17.47,18.11,50897447,913030950.24,2.8064,3.3086,0,0
2019-11-19,sz.002236,18.09,18.35,17.86,18.24,49714962,900930509.72,2.7412,0.7178,0,0
2019-11-20,sz.002236,18.14,18.43,17.8,17.94,39950924,721889458.86,2.2028,-1.6447,0,0
2019-11-21,sz.002236,17.76,18.47,17.74,18.38,54822285,996469331.29,3.0228,2.4526,0,0
2019-11-22,sz.002236,18.38,18.77,17.86,17.98,63982127,1169288449.34,3.5278,-2.1763,0,0
2019-11-25,sz.002236,17.8,17.88,17.0,17.17,66519886,1148465309.12,3.6678,-4.505,0,0
2019-11-26,sz.002236,17.23,17.41,17.02,17.38,35332736,609224162.46,1.9482,1.2231,0,0
2019-11-27,sz.002236,17.21,17.41,16.96,17.15,34155301,585544077.41,1.8832,-1.3234,0,0
2019-11-28,sz.002236,17.1,17.32,17.0,17.19,26082168,447927204.72,1.4381,0.2332,0,0
2019-11-29,sz.002236,17.1,17.13,16.69,16.94,43592751,736271404.03,2.4036,-1.4543,0,0
2019-12-02,sz.002236,17.04,17.24,16.86,16.99,25621734,436434091.7,1.4127,0.2952,0,0
2019-12-03,sz.002236,16.81,17.05,16.68,16.99,25255210,425426597.76,1.3925,0.0,0,0
2019-12-04,sz.002236,16.84,17.01,16.67,16.86,22400057,376927642.89,1.2351,-0.7652,0,0
2019-12-05,sz.002236,16.94,17.27,16.89,17.22,38773107,663491045.5,2.1379,2.1352,0,0
2019-12-06,sz.002236,17.22,17.32,17.04,17.29,30743804,528069266.68,1.6951,0.4065,0,0
2019-12-09,sz.002236,17.35,17.5,17.21,17.28,33246918,575906525.67,1.8332,-0.0578,0,0
2019-12-10,sz.002236,17.21,17.42,17.03,17.38,36773197,633989197.79,2.0276,0.5787,0,0
2019-12-11,sz.002236,17.35,17.74,17.31,17.51,42257296,743662967.93,2.33,0.748,0,0
2019-12-12,sz.002236,17.51,17.58,17.22,17.26,28262060,491208770.36,1.5583,-1.4278,0,0
2019-12-13,sz.002236,17.66,18.16,17.48,18.14,63331801,1129746589.6,3.492,5.0985,0,0
2019-12-16,sz.002236,18.33,18.65,18.17,18.46,64422529,1186557911.31,3.5521,1.7641,0,0
2019-12-17,sz.002236,18.42,19.42,18.35,19.15,69352795,1310073225.97,3.824,3.7378,0,0
2019-12-18,sz.002236,19.05,19.82,19.0,19.56,71820178,1399796051.9,3.96,2.141,0,0
2019-12-19,sz.002236,19.49,19.6,19.19,19.32,42192092,815094166.63,2.3264,-1.227,0,0
2019-12-20,sz.002236,19.42,19.64,19.22,19.32,32603636,632065222.24,1.7977,0.0,0,0
2019-12-23,sz.002236,19.07,19.17,18.75,18.79,45913108,869962581.15,2.5315,-2.7433,0,0
2019-12-24,sz.002236,18.95,19.13,18.83,19.07,31448489,597422480.2,1.734,1.4901,0,0
2019-12-25,sz.002236,18.9,19.95,18.89,19.74,54711044,1071966257.71,3.0166,3.5134,0,0
2019-12-26,sz.002236,19.8,19.87,19.52,19.79,33105520,651830520.54,1.8254,0.2533,0,0
2019-12-27,sz.002236,19.8,20.05,19.3,19.33,45554471,891246124.27,2.5118,-2.3244,0,0
2019-12-30,sz.002236,19.1,20.05,18.84,19.93,49668961,973019547.12,2.7386,3.104,0,0
2019-12-31,sz.002236,19.98,20.18,19.71,19.88,34660389,690786892.68,1.9111,-0.2509,0,0
2020-01-02,sz.002236,20.11,21.87,20.11,21.38,107977545,2297667293.71,5.9536,7.5453,0,0
2020-01-03,sz.002236,21.47,21.79,21.15,21.49,56900927,1220815437.41,3.1374,0.5145,0,0
2020-01-06,sz.002236,21.27,22.2,21.17,22.04,73730532,1607015218.12,4.0653,2.5593,0,0
2020-01-07,sz.002236,22.35,22.78,21.51,21.73,61788007,1356350731.02,3.4068,-1.4065,0,0
2020-01-08,sz.002236,20.9,21.55,20.72,20.95,85453628,1803374804.48,4.7117,-3.5895,0,0
2020-01-09,sz.002236,21.25,21.48,20.95,21.36,56657421,1204279321.17,3.124,1.957,0,0
2020-01-10,sz.002236,21.37,21.76,21.0,21.17,44517743,947466658.35,2.4546,-0.8895,0,0
2020-01-13,sz.002236,21.17,21.76,21.03,21.66,54700675,1175249596.34,3.0161,2.3146,0,0
2020-01-14,sz.002236,21.85,22.09,21.5,21.68,50484583,1097404660.95,2.7836,0.0923,0,0
2020-01-15,sz.002236,21.56,21.76,21.11,21.63,45105308,965822377.95,2.487,-0.2306,0,0
2020-01-16,sz.002236,21.69,21.7,21.03,21.12,47335304,1004510051.27,2.61,-2.3578,0,0
2020-01-17,sz.002236,21.11,21.35,20.7,20.78,56341605,1180955055.39,3.1065,-1.6098,0,0
2020-01-20,sz.002236,20.88,21.66,20.72,21.62,65460908,1391216839.26,3.6094,4.0423,0,0
2020-01-21,sz.002236,21.63,21.64,21.01,21.15,37183086,789485838.18,2.0502,-2.1739,0,0
2020-01-22,sz.002236,20.8,21.65,20.29,21.41,56499488,1191910011.92,3.1153,1.2293,0,0
2020-01-23,sz.002236,21.12,21.37,19.78,20.12,72829412,1493564325.01,4.0156,-6.0252,0,0
2020-02-03,sz.002236,18.11,18.67,18.11,18.11,76054845,1386245156.36,4.1935,-9.9901,0,1
2020-02-04,sz.002236,18.12,19.38,18.12,19.26,72966045,1379030576.06,4.0232,6.3501,0,0
2020-02-05,sz.002236,19.25,20.14,19.16,19.61,60807691,1199738250.66,3.3528,1.8172,0,0
2020-02-06,sz.002236,19.61,20.14,19.34,19.97,57134723,1132421356.77,3.1503,1.8358,0,0
2020-02-07,sz.002236,19.9,20.62,19.66,20.29,67617585,1360501380.91,3.7283,1.6024,0,0
2020-02-10,sz.002236,20.26,20.52,20.06,20.28,50971786,1033683063.96,2.8105,-0.0493,0,0
2020-02-11,sz.002236,20.32,20.4,19.8,19.93,51659856,1033380628.97,2.8484,-1.7258,0,0
2020-02-12,sz.002236,19.99,20.46,19.84,20.38,62104444,1251978412.21,3.4243,2.2579,0,0
2020-02-13,sz.002236,20.4,20.53,19.85,19.96,63258915,1274523195.82,3.488,-2.0608,0,0
2020-02-14,sz.002236,19.82,20.3,19.67,19.85,62222660,1242808542.57,3.4308,-0.5511,0,0
2020-02-17,sz.002236,19.85,20.77,19.84,20.76,95929011,1948719724.26,5.2893,4.5844,0,0
2020-02-18,sz.002236,20.76,20.89,20.34,20.74,76787458,1582154649.9,4.2339,-0.0963,0,0
2020-02-19,sz.002236,20.7,21.47,20.63,21.19,105091096,2219767628.23,5.7945,2.1697,0,0
2020-02-20,sz.002236,21.21,21.49,20.69,21.31,85115870,1799413131.52,4.6931,0.5663,0,0
2020-02-21,sz.002236,21.36,22.51,21.2,22.09,107004461,2353010083.92,5.9,3.6603,0,0
2020-02-24,sz.002236,21.9,22.49,21.75,22.39,97905736,2165733701.62,5.3983,1.3581,0,0
2020-02-25,sz.002236,21.83,22.16,21.05,22.0,108021772,2352810931.65,5.9561,-1.7418,0,0
2020-02-26,sz.002236,21.55,21.76,20.82,20.96,89288041,1902194738.07,4.9231,-4.7273,0,0
2020-02-27,sz.002236,21.12,21.27,20.51,20.98,65512245,1371241372.74,3.6122,0.0954,0,0
2020-02-28,sz.002236,20.33,20.72,19.21,19.38,140281037,2782058229.21,7.7348,-7.6263,0,0
2020-03-02,sz.002236,19.64,20.35,19.46,20.08,76461999,1526638431.38,4.2159,3.612,0,0
2020-03-03,sz.002236,20.45,20.7,19.56,19.78,110205255,2224049424.51,6.0765,-1.494,0,0
2020-03-04,sz.002236,19.59,19.69,19.08,19.55,67768582,1312266606.82,3.7366,-1.1628,0,0
2020-03-05,sz.002236,19.82,20.05,19.36,20.04,77532736,1529639327.05,4.275,2.5064,0,0
2020-03-06,sz.002236,19.7,19.85,19.55,19.7,40676937,801306024.97,2.2428,-1.6966,0,0
2020-03-09,sz.002236,19.13,19.31,18.63,18.81,70114739,1331186680.84,3.866,-4.5178,0,0
2020-03-10,sz.002236,18.72,19.56,18.58,19.5,57785420,1106234361.84,3.1862,3.6683,0,0
2020-03-11,sz.002236,19.53,19.75,19.11,19.12,46268736,899831111.08,2.5512,-1.9487,0,0
2020-03-12,sz.002236,18.81,18.97,18.3,18.6,54783048,1021325251.01,3.0206,-2.7197,0,0
2020-03-13,sz.002236,17.59,18.6,17.37,18.2,64425777,1152310232.08,3.5523,-2.1505,0,0
2020-03-16,sz.002236,18.3,18.33,16.92,17.0,74749580,1305618363.87,4.1215,-6.5934,0,0
2020-03-17,sz.002236,17.22,17.46,16.65,17.21,50691894,866089332.26,2.795,1.2353,0,0
2020-03-18,sz.002236,17.34,17.91,17.0,17.09,59149134,1035054714.93,3.2613,-0.6973,0,0
2020-03-19,sz.002236,17.17,17.44,16.66,17.35,50655316,868932298.58,2.793,1.5214,0,0
2020-03-20,sz.002236,17.47,17.55,16.93,17.28,51039146,877649130.66,2.8142,-0.4035,0,0
2020-03-23,sz.002236,16.56,16.78,16.05,16.18,46213996,760007475.86,2.5481,-6.3657,0,0
2020-03-24,sz.002236,16.61,16.65,15.66,16.56,53484189,866724260.16,2.949,2.3486,0,0
2020-03-25,sz.002236,16.9,17.2,16.73,16.92,55914215,947692896.29,3.083,2.1739,0,0
2020-03-26,sz.002236,16.8,16.9,16.44,16.52,30511650,508013263.17,1.6823,-2.3641,0,0
2020-03-27,sz.002236,16.77,16.84,16.41,16.53,31118514,517671712.33,1.7158,0.0605,0,0
2020-03-30,sz.002236,16.18,16.44,15.71,16.2,38627295,617645382.93,2.1298,-1.9964,0,0
2020-03-31,sz.002236,16.38,16.48,16.06,16.17,24069583,391717043.29,1.3271,-0.1852,0,0
2020-04-01,sz.002236,16.1,16.7,16.1,16.35,38332537,631748568.89,2.1136,1.1132,0,0
2020-04-02,sz.002236,16.32,16.99,16.25,16.99,45242507,754328372.93,2.4946,3.9144,0,0
2020-04-03,sz.002236,16.85,16.94,16.64,16.75,38476198,645343051.81,2.0946,-1.4126,0,0
2020-04-07,sz.002236,17.15,17.24,16.96,17.08,45671473,779866301.13,2.4863,1.9701,0,0
2020-04-08,sz.002236,16.98,16.98,16.71,16.95,45003056,757670528.93,2.4499,-0.7611,0,0
2020-04-09,sz.002236,17.0,17.09,16.86,16.99,30570468,519564457.25,1.6642,0.236,0,0
2020-04-10,sz.002236,16.94,16.95,16.44,16.5,27250505,453927966.5,1.4835,-2.884,0,0
2020-04-13,sz.002236,16.35,16.48,16.01,16.12,29499231,478504067.11,1.6059,-2.303,0,0
2020-04-14,sz.002236,16.15,16.61,16.15,16.61,35970307,588304251.41,1.9582,3.0397,0,0
2020-04-15,sz.002236,16.61,16.88,16.45,16.58,37026165,618436326.24,2.0157,-0.1806,0,0
2020-04-16,sz.002236,16.41,16.82,16.3,16.8,27992218,465519189.66,1.4938,1.3269,0,0
2020-04-17,sz.002236,16.96,17.13,16.78,16.82,38464486,652355140.11,2.0527,0.1191,0,0
2020-04-20,sz.002236,16.9,17.03,16.68,17.03,31395613,530116275.5,1.6755,1.2485,0,0
2020-04-21,sz.002236,16.88,16.88,16.28,16.45,55509238,913660568.01,2.9623,-3.4058,0,0
2020-04-22,sz.002236,16.2,16.55,16.16,16.51,23288346,382597875.39,1.2428,0.3647,0,0
2020-04-23,sz.002236,16.55,16.6,16.3,16.33,20339191,333801017.68,1.0854,-1.0903,0,0
2020-04-24,sz.002236,16.34,16.44,16.05,16.16,22164686,359512975.84,1.1828,-1.041,0,0
2020-04-27,sz.002236,16.25,17.1,16.25,17.05,83959767,1416776898.5,4.4806,5.5074,0,0
2020-04-28,sz.002236,16.85,16.87,16.1,16.4,80612806,1325295840.98,4.3083,-3.8123,0,0
2020-04-29,sz.002236,16.3,16.43,16.16,16.27,29791092,484952339.6,1.5922,-0.7927,0,0
2020-04-30,sz.002236,16.44,17.03,16.4,16.87,57412997,963995823.37,3.0684,3.6878,0,0
2020-05-06,sz.002236,16.65,17.42,16.51,17.38,70426257,1203290131.67,3.7639,3.0231,0,0
2020-05-07,sz.002236,17.42,17.64,17.11,17.2,46643963,806987746.86,2.4929,-1.0357,0,0
2020-05-08,sz.002236,17.25,17.57,17.25,17.36,41361194,719318482.82,2.2105,0.9302,0,0
2020-05-11,sz.002236,17.4,17.65,17.15,17.32,42171555,733809318.15,2.2539,-0.2304,0,0
2020-05-12,sz.002236,17.32,17.32,17.01,17.25,28110756,482231093.69,1.5024,-0.4042,0,0
2020-05-13,sz.002236,17.1,17.17,16.94,17.07,35260993,600886559.01,1.8845,-1.0435,0,0
2020-05-14,sz.002236,16.99,17.0,16.82,16.87,27553383,465358540.62,1.4726,-1.1716,0,0
2020-05-15,sz.002236,16.97,17.11,16.8,16.98,28645707,485892781.8,1.531,0.652,0,0
2020-05-18,sz.002236,16.96,16.96,16.41,16.43,46759606,773838586.44,2.4991,-3.2391,0,0
2020-05-19,sz.002236,16.61,16.68,16.44,16.68,29410829,486845620.46,1.5719,1.5216,0,0
2020-05-20,sz.002236,16.63,16.63,16.42,16.48,23372773,385834993.67,1.2492,-1.199,0,0
2020-05-21,sz.002236,16.55,16.58,16.15,16.21,26014360,424320911.79,1.3903,-1.6384,0,0
2020-05-22,sz.002236,16.28,16.52,16.04,16.15,37399634,608238196.69,1.9988,0.4353,0,0
2020-05-25,sz.002236,15.8,15.8,15.34,15.39,43302399,671996827.9,2.3143,-4.7059,0,0
2020-05-26,sz.002236,15.43,15.64,15.43,15.56,29558991,459009435.43,1.5798,1.1046,0,0
2020-05-27,sz.002236,15.5,15.51,15.01,15.11,41662731,633043673.49,2.2267,-2.892,0,0
2020-05-28,sz.002236,15.11,15.16,14.61,14.86,42134015,626014929.23,2.2518,-1.6545,0,0
2020-05-29,sz.002236,14.74,14.98,14.7,14.88,25526359,379624560.67,1.3643,0.1346,0,0
2020-06-01,sz.002236,14.98,16.37,14.98,16.37,78772272,1235058896.06,4.21,10.0134,1,0
2020-06-02,sz.002236,16.35,17.24,16.3,17.02,119706977,2024446734.37,6.3977,3.9707,0,0
2020-06-03,sz.002236,17.05,17.13,16.73,16.85,61202449,1033605056.96,3.271,-0.9988,0,0
2020-06-04,sz.002236,16.85,17.0,16.52,16.74,43361112,723779045.34,2.3174,-0.6528,0,0
2020-06-05,sz.002236,16.71,17.13,16.65,16.85,43617119,738393524.98,2.3311,0.6571,0,0
2020-06-08,sz.002236,16.99,18.15,16.97,17.57,100838100,1773630281.4,5.3893,4.273,0,0
2020-06-09,sz.002236,17.67,17.85,17.31,17.74,52585971,928349861.12,2.8104,0.9676,0,0
2020-06-10,sz.002236,17.67,17.7,17.36,17.58,39477612,690779772.02,2.1099,-0.9019,0,0
2020-06-11,sz.002236,17.58,17.74,17.08,17.14,46312247,803050788.93,2.4751,-2.5028,0,0
2020-06-12,sz.002236,16.8,18.11,16.75,17.93,95176259,1690980804.98,5.0867,4.6091,0,0
2020-06-15,sz.002236,17.8,17.98,17.45,17.45,50952905,902040139.73,2.7232,-2.6771,0,0
2020-06-16,sz.002236,17.78,18.46,17.69,18.3,88680065,1606579901.26,4.7395,4.8711,0,0
2020-06-17,sz.002236,18.55,18.88,18.28,18.41,63288654,1172265717.7,3.3824,0.6011,0,0
2020-06-18,sz.002236,18.5,19.25,18.5,18.98,85567707,1623719526.9,4.5731,3.0961,0,0
2020-06-19,sz.002236,18.9,19.22,18.63,18.94,56057199,1060905027.03,2.996,-0.2107,0,0
2020-06-22,sz.002236,18.97,19.35,18.8,19.3,63671441,1217808964.1,3.4029,1.9007,0,0
2020-06-23,sz.002236,19.31,19.36,18.78,19.02,53233733,1010029306.7,2.8451,-1.4508,0,0
2020-06-24,sz.002236,18.95,19.21,18.85,19.09,47781120,908992863.45,2.5537,0.368,0,0
2020-06-29,sz.002236,18.8,19.14,18.48,19.05,47170938,889404948.75,2.5403,-0.2095,0,0
2020-06-30,sz.002236,19.06,19.33,18.86,19.21,48548359,927618699.31,2.6144,0.8399,0,0
2020-07-01,sz.002236,19.23,20.58,19.23,20.08,99196736,1990594985.18,5.342,4.5289,0,0
2020-07-02,sz.002236,20.1,20.2,19.73,19.88,59038995,1175647470.26,3.1794,-0.996,0,0
2020-07-03,sz.002236,19.8,20.22,19.68,20.0,48440194,965525256.38,2.6086,0.6036,0,0
2020-07-06,sz.002236,20.0,20.8,19.9,20.42,82133188,1678447702.2,4.423,2.1,0,0
2020-07-07,sz.002236,20.8,21.17,20.22,20.22,83344741,1720553481.33,4.4883,-0.9794,0,0
2020-07-08,sz.002236,20.07,20.59,19.77,20.38,68284026,1377958804.0,3.6772,0.7913,0,0
2020-07-09,sz.002236,20.83,22.42,20.46,22.42,149452811,3302183000.92,8.0484,10.0098,1,0
2020-07-10,sz.002236,22.5,23.1,21.49,21.5,138153622,3072493442.55,7.4399,-4.1035,0,0
2020-07-13,sz.002236,21.6,22.26,21.33,22.25,96680890,2111114313.36,5.2065,3.4884,0,0
2020-07-14,sz.002236,22.45,22.65,21.14,21.63,84860191,1856392398.02,4.5699,-2.7865,0,0
2020-07-15,sz.002236,21.7,21.83,20.38,20.6,78913280,1650691621.38,4.2496,-4.7619,0,0
2020-07-16,sz.002236,20.45,21.05,19.76,19.77,72112685,1470071182.0,3.8834,-4.0291,0,0
2020-07-17,sz.002236,20.1,20.41,19.5,20.03,52104213,1042212629.23,2.8059,1.3151,0,0
2020-07-20,sz.002236,20.3,20.32,18.84,20.06,81541099,1596848024.83,4.3912,0.1498,0,0
2020-07-21,sz.002236,19.59,20.56,19.56,20.52,53756765,1090341395.0,2.8949,2.2931,0,0
2020-07-22,sz.002236,20.51,21.56,20.39,20.92,83913589,1778908541.56,4.5189,1.9493,0,0
2020-07-23,sz.002236,20.6,21.05,19.92,20.72,62516947,1280173745.44,3.3667,-0.956,0,0
2020-07-24,sz.002236,20.53,20.94,19.35,19.59,51722915,1034785210.9,2.7854,-5.4537,0,0
2020-07-27,sz.002236,19.83,21.05,19.83,20.72,87969679,1813220494.77,4.7374,5.7682,0,0
2020-07-28,sz.002236,21.07,21.07,20.58,20.86,44038517,916437310.69,2.3716,0.6757,0,0
2020-07-29,sz.002236,21.1,21.3,20.46,21.26,65310618,1365407827.1,3.5171,1.9175,0,0
2020-07-30,sz.002236,21.3,21.49,20.75,21.16,58980723,1244168673.62,3.1762,-0.4704,0,0
2020-07-31,sz.002236,21.16,21.66,20.93,21.29,48710954,1036950320.02,2.6232,0.6144,0,0
2020-08-03,sz.002236,21.46,21.96,21.3,21.58,62249165,1342842208.95,3.3522,1.3621,0,0
2020-08-04,sz.002236,21.55,21.55,20.99,21.04,47260049,1001484811.89,2.5451,-2.5023,0,0
2020-08-05,sz.002236,21.0,21.28,20.57,20.81,56069735,1163989607.27,3.0195,-1.0932,0,0
2020-08-06,sz.002236,20.7,20.78,20.07,20.21,68391242,1390619779.02,3.683,-2.8832,0,0
2020-08-07,sz.002236,20.32,22.23,20.32,22.23,176424902,3871792489.32,9.5009,9.9951,1,0
2020-08-10,sz.002236,22.3,23.1,22.11,22.95,151811488,3441706118.82,8.1754,3.2389,0,0
2020-08-11,sz.002236,22.95,23.54,22.27,22.42,99162748,2272111757.02,5.3401,-2.3094,0,0
2020-08-12,sz.002236,22.52,22.76,21.58,22.35,76257305,1690457977.7,4.1066,-0.3122,0,0
2020-08-13,sz.002236,22.57,22.8,21.93,22.34,55851673,1249264471.45,3.0077,-0.0447,0,0
2020-08-14,sz.002236,22.3,24.35,22.11,23.95,96116830,2276765529.91,5.1761,7.2068,0,0
2020-08-17,sz.002236,23.9,23.9,23.16,23.46,83704519,1961447584.9,4.5077,-2.0459,0,0
2020-08-18,sz.002236,23.31,23.67,22.62,23.65,72311849,1674732492.14,3.8941,0.8099,0,0
2020-08-19,sz.002236,23.41,24.16,23.15,23.73,62504029,1478656288.18,3.366,0.3383,0,0
2020-08-20,sz.002236,23.31,23.87,22.7,22.9,48010397,1113259085.47,2.5855,-3.4977,0,0
2020-08-21,sz.002236,23.2,24.14,22.64,22.86,59731196,1395127256.59,3.2167,-0.1747,0,0
2020-08-24,sz.002236,22.89,24.32,22.76,24.08,84028887,1990687793.89,4.5251,5.3368,0,0
2020-08-25,sz.002236,24.0,24.31,23.42,23.56,55702294,1325524222.93,2.9997,-2.1595,0,0
2020-08-26,sz.002236,23.51,24.02,23.28,23.43,44180436,1045257169.46,2.3792,-0.5518,0,0
2020-08-27,sz.002236,23.46,23.57,22.6,22.82,46806966,1070012171.68,2.5207,-2.6035,0,0
2020-08-28,sz.002236,22.82,22.97,22.26,22.93,48010658,1083594625.37,2.5855,0.482,0,0
2020-08-31,sz.002236,22.85,23.57,22.84,22.86,54194135,1254479907.77,2.9185,-0.3053,0,0
2020-09-01,sz.002236,22.86,23.31,22.59,23.21,34286701,787700336.4,1.8464,1.5311,0,0
2020-09-02,sz.002236,23.22,23.97,23.1,23.84,52254084,1235054511.91,2.814,2.7143,0,0
2020-09-03,sz.002236,23.8,23.8,22.68,22.79,49161639,1139313806.36,2.6475,-4.4044,0,0
2020-09-04,sz.002236,22.47,22.68,22.06,22.5,37577433,840700920.17,2.0236,-1.2725,0,0
2020-09-07,sz.002236,22.4,22.74,21.78,21.79,36949113,819842764.85,1.9898,-3.1556,0,0
2020-09-08,sz.002236,21.87,22.32,21.55,22.1,25335069,558284880.26,1.3643,1.4227,0,0
2020-09-09,sz.002236,21.9,21.9,20.8,21.21,40924689,870979148.15,2.2039,-4.0271,0,0
2020-09-10,sz.002236,21.32,21.48,20.65,20.7,26063963,548134173.34,1.4036,-2.4045,0,0
2020-09-11,sz.002236,20.61,21.08,20.37,21.0,21337813,442548020.65,1.1491,1.4493,0,0
2020-09-14,sz.002236,21.07,21.28,20.75,21.27,29679028,623645066.14,1.5983,1.2857,0,0
2020-09-15,sz.002236,21.4,23.4,21.4,23.4,85008344,1931753564.76,4.5779,10.0141,1,0
2020-09-16,sz.002236,23.41,24.35,21.21,21.91,149110357,3421845807.09,8.0299,-6.3675,0,0
2020-09-17,sz.002236,21.36,21.54,20.76,21.08,84457108,1784193247.61,4.5482,-3.7882,0,0
2020-09-18,sz.002236,21.08,21.32,20.87,21.21,37787633,796374568.33,2.0349,0.6167,0,0
2020-09-21,sz.002236,21.23,21.28,20.76,20.8,34035615,711149332.25,1.8329,-1.9331,0,0
2020-09-22,sz.002236,20.7,20.77,20.4,20.5,25652740,527537256.91,1.3815,-1.4423,0,0
2020-09-23,sz.002236,20.52,20.89,20.52,20.79,20327678,420795453.13,1.0947,1.4146,0,0
2020-09-24,sz.002236,20.56,20.71,20.24,20.42,22361498,456955635.1,1.2042,-1.7797,0,0
2020-09-25,sz.002236,20.45,20.6,20.15,20.23,19357138,393867825.62,1.0424,-0.9305,0,0
2020-09-28,sz.002236,20.32,20.75,20.16,20.21,20977013,427490445.52,1.1297,-0.0989,0,0
2020-09-29,sz.002236,20.42,20.67,20.23,20.43,19765115,403702843.75,1.0644,1.0886,0,0
2020-09-30,sz.002236,20.43,20.75,20.34,20.5,16460927,338382123.04,0.8865,0.3426,0,0
2020-10-09,sz.002236,20.95,21.01,20.7,20.79,22084723,461317512.04,1.1893,1.4146,0,0
2020-10-12,sz.002236,20.79,21.48,20.79,21.45,38116993,806905255.69,2.0527,3.1746,0,0
2020-10-13,sz.002236,21.43,21.97,21.2,21.85,54200169,1178573245.57,2.9179,1.8648,0,0
2020-10-14,sz.002236,21.75,21.79,21.12,21.34,42112968,899762232.04,2.2672,-2.3341,0,0
2020-10-15,sz.002236,21.28,21.48,21.06,21.11,25103121,533482256.72,1.3514,-1.0778,0,0
2020-10-16,sz.002236,21.09,21.24,20.8,20.98,23816435,499687625.89,1.2826,-0.6158,0,0
2020-10-19,sz.002236,21.1,21.15,20.67,20.77,26034984,541981601.87,1.402,-1.001,0,0
2020-10-20,sz.002236,20.77,20.95,20.6,20.84,23080407,480036944.02,1.2429,0.337,0,0
2020-10-21,sz.002236,20.85,20.88,20.19,20.36,31493247,641737527.36,1.696,-2.3033,0,0
2020-10-22,sz.002236,20.29,20.66,20.16,20.35,25454735,519166139.84,1.3708,-0.0491,0,0
2020-10-23,sz.002236,20.5,21.13,20.47,20.62,34519326,718177266.68,1.8589,1.3268,0,0
2020-10-26,sz.002236,20.65,22.26,20.6,21.85,90350136,1959239969.21,4.8655,5.9651,0,0
2020-10-27,sz.002236,21.64,22.09,21.5,21.87,50202338,1096840784.15,2.7035,0.0915,0,0
2020-10-28,sz.002236,21.81,22.98,21.75,22.4,77702095,1743731110.28,4.1844,2.4234,0,0
2020-10-29,sz.002236,22.14,22.76,22.1,22.53,46506060,1045944463.96,2.5044,0.5804,0,0
2020-10-30,sz.002236,22.6,23.47,22.55,22.61,65849758,1512282703.98,3.5461,0.3551,0,0
2020-11-02,sz.002236,22.81,23.08,22.6,22.74,50032237,1141955271.04,2.6943,0.575,0,0
2020-11-03,sz.002236,22.7,22.8,22.3,22.66,36799391,830993190.82,1.9817,-0.3518,0,0
2020-11-04,sz.002236,22.85,23.34,22.71,23.03,42471701,978392533.58,2.2872,1.6328,0,0
2020-11-05,sz.002236,23.37,23.59,23.05,23.39,52220603,1221697539.23,2.8122,1.5632,0,0
2020-11-06,sz.002236,23.3,24.1,23.2,23.93,54380621,1292985887.49,2.9285,2.3087,0,0
2020-11-09,sz.002236,23.93,24.51,23.53,23.85,64202070,1540771690.44,3.4574,-0.3343,0,0
2020-11-10,sz.002236,23.91,23.91,23.24,23.35,39442872,927643422.96,2.1241,-2.0964,0,0
2020-11-11,sz.002236,23.3,23.53,22.85,22.92,37588329,869068955.14,2.0242,-1.8415,0,0
2020-11-12,sz.002236,23.2,23.45,23.0,23.1,23266304,539579000.33,1.2529,0.7853,0,0
2020-11-13,sz.002236,22.8,23.12,22.52,22.95,24063094,549365085.06,1.2958,-0.6494,0,0
2020-11-16,sz.002236,23.03,23.18,22.65,22.9,26411938,603764779.0,1.4223,-0.2179,0,0
2020-11-17,sz.002236,22.79,22.81,20.97,21.46,79504042,1722353595.39,4.2815,-6.2882,0,0
2020-11-18,sz.002236,21.4,21.67,20.97,21.56,41583362,886883607.48,2.2394,0.466,0,0
2020-11-19,sz.002236,21.5,22.04,21.35,21.84,29830697,649208261.06,1.6064,1.2987,0,0
2020-11-20,sz.002236,21.75,21.82,21.45,21.66,20614996,446366989.67,1.1102,-0.8242,0,0
2020-11-23,sz.002236,21.66,21.68,21.36,21.42,29530803,633916392.76,1.5903,-1.108,0,0
2020-11-24,sz.002236,21.42,21.52,21.22,21.24,22953944,489142475.41,1.2357,-0.8403,0,0
2020-11-25,sz.002236,21.3,21.52,21.1,21.19,25277751,538254800.79,1.3608,-0.2354,0,0
2020-11-26,sz.002236,21.04,21.24,20.8,21.08,24741049,519790932.86,1.3319,-0.5191,0,0
2020-11-27,sz.002236,21.16,21.2,20.73,21.12,21327998,447149827.34,1.1482,0.1898,0,0
2020-11-30,sz.002236,21.13,21.31,20.73,20.89,30207541,635836027.09,1.6262,-1.089,0,0
2020-12-01,sz.002236,20.86,21.58,20.85,21.47,34089486,727066583.45,1.8352,2.7764,0,0
2020-12-02,sz.002236,21.4,21.68,21.25,21.42,28841177,619184609.63,1.5527,-0.2329,0,0
2020-12-03,sz.002236,21.35,21.42,21.1,21.23,21510182,456718462.39,1.158,-0.887,0,0
2020-12-04,sz.002236,21.11,21.55,21.08,21.46,21577397,460836802.97,1.1616,1.0834,0,0
2020-12-07,sz.002236,21.47,21.53,20.92,20.96,34290075,721190532.01,1.846,-2.3299,0,0
2020-12-08,sz.002236,20.9,21.05,20.74,20.86,24605162,512161922.81,1.3246,-0.4771,0,0
2020-12-09,sz.002236,20.88,20.97,20.4,20.41,30156258,620973859.17,1.6235,-2.1572,0,0
2020-12-10,sz.002236,20.45,21.18,20.45,21.01,39828228,834653693.25,2.1442,2.9397,0,0
2020-12-11,sz.002236,20.93,21.06,20.35,20.57,27888797,575875087.09,1.5014,-2.0942,0,0
2020-12-14,sz.002236,20.57,20.8,20.35,20.73,16731707,344758376.9,0.9008,0.7778,0,0
2020-12-15,sz.002236,20.64,20.93,20.44,20.81,17787780,368166723.22,0.9576,0.3859,0,0
2020-12-16,sz.002236,20.69,20.78,20.33,20.35,21214884,433773055.44,1.1421,-2.2105,0,0
2020-12-17,sz.002236,20.25,20.32,19.8,20.21,29389303,588785378.99,1.5822,-0.688,0,0
2020-12-18,sz.002236,20.28,20.77,20.23,20.26,18725261,382137043.31,1.0081,0.2474,0,0
2020-12-21,sz.002236,20.26,20.57,19.96,20.44,20477973,417094721.88,1.1024,0.8885,0,0
2020-12-22,sz.002236,20.58,20.93,19.86,19.94,35898900,731925023.86,1.9326,-2.4462,0,0
2020-12-23,sz.002236,19.91,20.0,18.88,19.1,71441355,1367483641.38,3.8461,-4.2126,0,0
2020-12-24,sz.002236,19.02,19.14,18.15,18.29,51549255,958652874.3,2.7752,-4.2408,0,0
2020-12-25,sz.002236,18.3,18.87,18.08,18.8,34656707,639726417.05,1.8658,2.7884,0,0
2020-12-28,sz.002236,18.66,18.93,18.49,18.54,25117702,469796142.27,1.3522,-1.383,0,0
2020-12-29,sz.002236,18.65,19.64,18.61,19.49,46252365,887156859.4,2.489,5.1241,0,0
2020-12-30,sz.002236,19.45,19.73,19.24,19.52,33831511,658930641.41,1.8206,0.1539,0,0
2020-12-31,sz.002236,19.52,20.05,19.52,19.89,37283889,740551005.03,2.0064,1.8955,0,0
2021-01-04,sz.002236,19.95,20.89,19.64,20.37,50984955,1036080109.32,2.7437,2.4133,0,0
2021-01-05,sz.002236,20.25,22.41,20.13,22.41,133241108,2924593663.63,7.1701,10.0147,1,0
2021-01-06,sz.002236,22.97,23.32,22.41,22.6,105837327,2419696275.01,5.6954,0.8478,0,0
2021-01-07,sz.002236,22.53,23.2,22.42,23.12,78689241,1804064077.53,4.2345,2.3009,0,0
2021-01-08,sz.002236,23.15,23.98,22.81,23.72,77823805,1818398196.98,4.1879,2.5952,0,0
2021-01-11,sz.002236,23.72,24.33,22.88,23.0,106084118,2494725938.94,5.7087,-3.0354,0,0
2021-01-12,sz.002236,22.99,23.98,22.88,23.53,71225340,1677712048.67,3.8329,2.3043,0,0
2021-01-13,sz.002236,23.73,24.84,23.7,24.0,69347971,1677114044.37,3.7318,1.9975,0,0
2021-01-14,sz.002236,23.8,24.47,23.0,23.67,59217089,1408603356.59,3.1867,-1.375,0,0
2021-01-15,sz.002236,23.69,23.99,23.28,23.67,42546956,1006295905.12,2.2896,0.0,0,0
2021-01-18,sz.002236,23.61,24.14,23.28,23.77,53167302,1264496593.41,2.8611,0.4225,0,0
2021-01-19,sz.002236,23.95,25.17,23.17,23.48,75330645,1807684229.38,4.0538,-1.22,0,0
2021-01-20,sz.002236,23.09,24.28,23.03,24.16,58629388,1395993127.59,3.155,2.8961,0,0
2021-01-21,sz.002236,24.1,24.73,23.81,24.28,75302693,1833053238.9,4.0523,0.4967,0,0
2021-01-22,sz.002236,24.58,25.83,24.48,24.78,103766139,2593943752.1,5.584,2.0593,0,0
2021-01-25,sz.002236,24.83,27.26,24.0,26.7,145447481,3777762837.14,7.827,7.7482,0,0
2021-01-26,sz.002236,26.2,26.88,25.88,26.37,96038873,2528047953.8,5.1682,-1.236,0,0
2021-01-27,sz.002236,26.28,26.53,24.65,25.89,85709097,2190514208.36,4.6123,-1.8203,0,0
2021-01-28,sz.002236,25.51,26.3,23.85,23.94,93785578,2329832532.55,5.0469,-7.5319,0,0
2021-01-29,sz.002236,24.2,24.89,23.87,24.38,65769655,1603675265.6,3.5393,1.8379,0,0
2021-02-01,sz.002236,24.1,25.58,24.1,24.97,60750680,1517180406.38,3.2692,2.42,0,0
2021-02-02,sz.002236,24.9,25.52,24.38,24.85,54079442,1347234158.57,2.9102,-0.4806,0,0
2021-02-03,sz.002236,24.95,25.24,22.75,22.93,115455945,2737508425.08,6.213,-7.7264,0,0
2021-02-04,sz.002236,23.09,24.68,23.09,23.59,81064539,1929106004.07,4.3623,2.8783,0,0
2021-02-05,sz.002236,23.8,23.8,22.31,22.4,73535510,1674273071.67,3.9572,-5.0445,0,0
2021-02-08,sz.002236,22.5,22.68,21.88,22.03,48659228,1082218412.11,2.6185,-1.6518,0,0
2021-02-09,sz.002236,22.26,23.36,22.15,23.1,52420805,1197392029.01,2.8209,4.857,0,0
2021-02-10,sz.002236,23.0,23.62,22.63,23.28,48583321,1125996826.59,2.6144,0.7792,0,0
2021-02-18,sz.002236,23.83,24.1,22.8,22.93,53578953,1245276112.07,2.8833,-1.5034,0,0
2021-02-19,sz.002236,22.8,23.99,22.7,23.9,53414159,1259363448.43,2.8744,4.2303,0,0
2021-02-22,sz.002236,23.97,24.01,22.6,22.6,77012643,1773946083.35,4.1443,-5.4393,0,0
2021-02-23,sz.002236,22.49,22.76,22.18,22.31,44217733,989265569.32,2.3795,-1.2832,0,0
2021-02-24,sz.002236,22.49,22.51,21.42,21.74,50757163,1109553511.32,2.7314,-2.5549,0,0
2021-02-25,sz.002236,21.9,21.98,21.21,21.31,35802178,773269554.86,1.9266,-1.9779,0,0
2021-02-26,sz.002236,20.85,21.24,20.67,20.95,31287489,656189996.85,1.6837,-1.6893,0,0
2021-03-01,sz.002236,21.43,22.75,21.28,22.6,63432749,1403269013.91,3.4135,7.8759,0,0
2021-03-02,sz.002236,22.88,23.08,22.43,22.8,56990230,1298181610.9,3.0668,0.885,0,0
2021-03-03,sz.002236,22.7,23.27,22.38,23.17,40579785,931309025.46,2.1837,1.6228,0,0
2021-03-04,sz.002236,23.01,23.13,22.46,22.55,30729584,697828640.84,1.6537,-2.6759,0,0
2021-03-05,sz.002236,22.32,23.77,22.02,23.5,55228638,1281085354.62,2.972,4.2129,0,0
2021-03-08,sz.002236,23.56,23.86,22.54,22.56,59910769,1385147936.32,3.224,-4.0,0,0
2021-03-09,sz.002236,22.5,23.26,21.37,22.25,48702752,1090969609.87,2.6208,-1.3741,0,0
2021-03-10,sz.002236,22.7,22.85,22.11,22.19,31543353,706212972.61,1.6974,-0.2697,0,0
2021-03-11,sz.002236,22.23,22.51,21.82,22.34,32521359,723906599.47,1.7501,0.676,0,0
2021-03-12,sz.002236,22.3,22.3,21.26,21.44,51852415,1117355629.15,2.7903,-4.0286,0,0
2021-03-15,sz.002236,21.03,21.41,20.8,21.35,32686979,691072193.65,1.759,-0.4198,0,0
2021-03-16,sz.002236,21.26,21.43,20.45,21.02,37406891,783135951.34,2.013,-1.5457,0,0
2021-03-17,sz.002236,21.02,21.55,20.77,21.21,22659935,480533354.62,1.2194,0.9039,0,0
2021-03-18,sz.002236,21.16,21.29,20.96,21.13,21882614,461921035.07,1.1776,-0.3772,0,0
2021-03-19,sz.002236,20.9,22.04,20.83,21.44,43135168,930830632.66,2.3212,1.4671,0,0
2021-03-22,sz.002236,21.45,22.62,21.35,22.31,47216214,1043513317.2,2.5409,4.0578,0,0
2021-03-23,sz.002236,22.31,22.68,21.92,22.16,31099342,691471743.81,1.6736,-0.6723,0,0
2021-03-24,sz.002236,22.0,23.21,21.85,22.94,63768356,1453799531.51,3.4316,3.5199,0,0
2021-03-25,sz.002236,22.97,23.13,22.52,22.98,37416746,856004471.41,2.0135,0.1744,0,0
2021-03-26,sz.002236,23.22,24.57,23.05,24.18,70400537,1683405298.38,3.7885,5.2219,0,0
2021-03-29,sz.002236,24.18,24.68,23.81,24.2,72918237,1769248117.69,3.924,0.0827,0,0
2021-03-30,sz.002236,24.0,25.24,23.97,24.47,61868820,1530893836.7,3.3294,1.1157,0,0
2021-03-31,sz.002236,24.24,24.94,24.23,24.67,40948417,1009321990.76,2.2036,0.8173,0,0
2021-04-01,sz.002236,24.5,25.25,24.32,25.11,43448213,1074752802.81,2.3381,1.7835,0,0
2021-04-02,sz.002236,25.11,25.11,24.64,24.84,31099271,772224937.85,1.6161,-1.0753,0,0
2021-04-06,sz.002236,24.82,25.94,24.2,25.69,52791496,1334506217.39,2.7434,3.4219,0,0
2021-04-07,sz.002236,25.33,26.05,25.25,25.75,42637929,1095449153.95,2.2157,0.2336,0,0
2021-04-08,sz.002236,25.59,25.89,25.16,25.47,31662872,808086774.62,1.6454,-1.0874,0,0
2021-04-09,sz.002236,25.4,25.63,24.98,25.26,35053382,887279953.64,1.8216,-0.8245,0,0
2021-04-12,sz.002236,25.38,25.51,24.2,24.43,50392766,1243363511.27,2.6187,-3.2858,0,0
2021-04-13,sz.002236,24.52,24.84,24.27,24.5,26641553,653443448.55,1.3845,0.2865,0,0
2021-04-14,sz.002236,24.5,24.74,23.96,24.51,27730226,678869072.66,1.441,0.0408,0,0
2021-04-15,sz.002236,24.32,24.39,23.49,23.91,46031483,1097867854.59,2.356,-2.448,0,0
2021-04-16,sz.002236,24.05,24.33,23.6,24.1,29835515,716545284.21,1.5271,0.7946,0,0
2021-04-19,sz.002236,24.43,26.51,24.4,25.89,105578278,2720431705.11,5.4038,7.4274,0,0
2021-04-20,sz.002236,25.61,25.88,25.45,25.59,48546460,1243962502.37,2.4848,-1.1587,0,0
2021-04-21,sz.002236,25.53,25.88,25.3,25.47,32421605,828573094.29,1.6594,-0.4689,0,0
2021-04-22,sz.002236,25.46,26.0,25.35,25.67,42833582,1100827052.22,2.1924,0.7852,0,0
2021-04-23,sz.002236,24.71,24.81,23.75,23.98,111068059,2690579918.73,5.6848,-6.5836,0,0
2021-04-26,sz.002236,24.09,24.36,23.37,24.17,66513195,1586049409.31,3.4043,0.7923,0,0
2021-04-27,sz.002236,23.99,24.03,22.9,23.39,41738011,975793362.98,2.1363,-3.2271,0,0
2021-04-28,sz.002236,23.4,24.05,23.01,23.9,35133457,827821521.81,1.7982,2.1804,0,0
2021-04-29,sz.002236,23.87,24.28,23.67,23.8,29770744,713843476.25,1.5238,-0.4184,0,0
2021-04-30,sz.002236,23.8,23.95,23.38,23.46,20925656,494545322.64,1.071,-1.4286,0,0
2021-05-06,sz.002236,23.34,23.54,23.03,23.12,21114909,491104106.94,1.0807,-1.4493,0,0
2021-05-07,sz.002236,23.15,23.29,22.45,22.49,27197477,622981136.24,1.392,-2.7249,0,0
2021-05-10,sz.002236,22.46,22.89,22.22,22.75,19252092,436544256.15,0.9854,1.1561,0,0
2021-05-11,sz.002236,22.59,23.39,22.44,23.25,23089141,529790370.93,1.1818,2.1978,0,0
2021-05-12,sz.002236,22.9,23.36,22.65,23.29,24355017,561039762.81,1.2466,1.349,0,0
2021-05-13,sz.002236,23.0,23.13,22.32,22.47,22988968,522331360.05,1.1766,-3.5208,0,0
2021-05-14,sz.002236,22.5,23.18,22.33,23.15,21324365,486737779.35,1.0914,3.0263,0,0
2021-05-17,sz.002236,23.25,23.36,23.01,23.1,22764127,527046594.91,1.1651,-0.216,0,0
2021-05-18,sz.002236,23.15,23.2,22.62,22.77,22252325,507367014.93,1.1389,-1.4286,0,0
2021-05-19,sz.002236,22.73,22.95,22.61,22.62,15177435,344842330.09,0.7768,-0.6588,0,0
2021-05-20,sz.002236,22.68,23.07,22.62,22.84,20124227,460015577.6,1.03,0.9726,0,0
2021-05-21,sz.002236,22.91,23.15,22.3,22.4,22872197,515258554.61,1.1707,-1.9264,0,0
2021-05-24,sz.002236,22.36,22.66,21.85,22.64,22140416,493954567.69,1.1332,1.0714,0,0
2021-05-25,sz.002236,22.6,23.29,22.46,23.21,31729010,730995942.48,1.624,2.5177,0,0
2021-05-26,sz.002236,23.4,24.1,23.22,23.66,34715215,824808249.18,1.7768,1.9388,0,0
2021-05-27,sz.002236,23.56,23.87,23.48,23.55,21189579,500799525.63,1.0845,-0.4649,0,0
2021-05-28,sz.002236,23.57,24.0,23.25,23.49,21897269,516973657.78,1.1208,-0.2548,0,0
2021-05-31,sz.002236,23.68,23.81,23.01,23.13,29211496,679505610.8,1.4951,-1.5326,0,0
2021-06-01,sz.002236,23.16,23.23,22.5,22.59,40343605,916457228.8,2.0649,-2.3346,0,0
2021-06-02,sz.002236,22.59,22.73,22.2,22.29,24787830,555490547.45,1.2687,-1.328,0,0
2021-06-03,sz.002236,22.38,22.44,22.12,22.18,22814516,507986714.42,1.1677,-0.4935,0,0
2021-06-04,sz.002236,21.97,22.4,21.94,22.19,17934319,397951766.07,0.9179,0.0451,0,0
2021-06-07,sz.002236,22.25,22.42,22.06,22.42,20325287,451576867.79,1.0403,1.0365,0,0
2021-06-08,sz.002236,22.3,22.35,21.4,21.5,48344595,1051161457.34,2.4744,-4.1035,0,0
2021-06-09,sz.002236,21.5,21.64,21.25,21.31,24077244,515123452.85,1.2323,-0.8837,0,0
2021-06-10,sz.002236,21.31,21.63,21.26,21.4,20183621,433010637.72,1.0331,0.4223,0,0
2021-06-11,sz.002236,21.58,21.73,21.1,21.24,24080335,514790998.28,1.2325,-0.7477,0,0
2021-06-15,sz.002236,21.26,21.55,20.7,21.48,29556942,623481263.41,1.5128,1.1299,0,0
2021-06-16,sz.002236,21.48,21.69,21.04,21.13,20232532,433154554.0,1.0356,-1.6294,0,0
2021-06-17,sz.002236,21.14,21.33,20.89,21.31,19020447,402130728.11,0.9735,0.8519,0,0
2021-06-18,sz.002236,21.31,22.14,20.96,21.88,30135612,655848487.39,1.5424,2.6748,0,0
2021-06-21,sz.002236,21.9,21.9,21.46,21.6,22906228,495513900.93,1.1724,-1.2797,0,0
2021-06-22,sz.002236,21.72,22.36,21.37,22.28,38800192,852603645.08,1.9859,3.1481,0,0
2021-06-23,sz.002236,22.27,22.27,21.95,22.06,24160065,533828276.91,1.2366,-0.9874,0,0
2021-06-24,sz.002236,22.07,22.25,21.7,22.18,25491343,561093997.98,1.3047,0.544,0,0
2021-06-25,sz.002236,22.18,22.18,21.7,21.74,31867404,695776510.69,1.6311,-1.9838,0,0
2021-06-28,sz.002236,21.56,21.67,21.01,21.15,35917113,763939408.77,1.8383,-2.7139,0,0
2021-06-29,sz.002236,21.16,21.37,20.79,20.9,28566012,599937771.49,1.4621,-1.182,0,0
2021-06-30,sz.002236,20.9,21.2,20.84,21.1,19638599,412885683.26,1.0052,0.9569,0,0
2021-07-01,sz.002236,21.1,21.19,20.74,20.78,18646873,389312001.26,0.9544,-1.5166,0,0
2021-07-02,sz.002236,20.99,20.99,20.31,20.33,19425234,397889106.73,0.9942,-2.1655,0,0
2021-07-05,sz.002236,20.28,20.61,20.0,20.08,25651683,517590296.37,1.3129,-1.2297,0,0
2021-07-06,sz.002236,20.17,20.28,19.88,20.24,18258972,367219154.0,0.9345,0.7968,0,0
2021-07-07,sz.002236,20.16,20.93,20.1,20.75,29315242,605001714.37,1.5004,2.5198,0,0
2021-07-08,sz.002236,20.75,20.75,20.37,20.55,22115402,453048445.1,1.1324,-0.9639,0,0
2021-07-09,sz.002236,20.49,20.64,20.21,20.52,19919194,406172635.55,1.0165,-0.146,0,0
2021-07-12,sz.002236,20.66,20.85,20.53,20.65,24150291,498807658.94,1.2324,0.6335,0,0
2021-07-13,sz.002236,20.7,20.7,20.31,20.46,23272611,475620601.54,1.1876,-0.9201,0,0
2021-07-14,sz.002236,20.42,20.75,20.15,20.53,22450222,458013958.94,1.1457,0.3421,0,0
2021-07-15,sz.002236,20.45,20.92,20.25,20.86,29409152,608275808.73,1.5008,1.6074,0,0
2021-07-16,sz.002236,20.91,22.89,20.8,22.31,90762276,2002248958.39,4.6317,6.9511,0,0
2021-07-19,sz.002236,22.0,22.4,21.79,22.0,35946337,792007894.65,1.8344,-1.3895,0,0
2021-07-20,sz.002236,21.84,22.78,21.63,22.65,46484748,1042884498.98,2.3721,2.9545,0,0
2021-07-21,sz.002236,22.65,23.14,22.46,23.01,46834160,1073589599.76,2.39,1.5894,0,0
2021-07-22,sz.002236,22.97,23.03,22.45,22.45,33512949,759278026.8,1.7102,-2.4337,0,0
2021-07-23,sz.002236,22.44,22.83,22.15,22.46,30309911,682804924.79,1.5467,0.0445,0,0
2021-07-26,sz.002236,22.68,22.92,21.22,21.6,46834594,1024465554.63,2.39,-3.829,0,0
2021-07-27,sz.002236,21.62,21.68,20.66,20.74,34307469,725793735.32,1.7507,-3.9815,0,0
2021-07-28,sz.002236,20.51,21.18,20.25,20.66,32137091,664401817.95,1.64,-0.3857,0,0
2021-07-29,sz.002236,20.97,21.2,20.78,20.97,22950751,481845219.78,1.1712,1.5005,0,0
2021-07-30,sz.002236,20.77,21.25,20.38,21.13,26755110,555581509.46,1.3653,0.763,0,0
2021-08-02,sz.002236,20.94,21.58,20.71,21.51,25798382,550860356.95,1.3165,1.7984,0,0
2021-08-03,sz.002236,21.35,21.82,21.23,21.41,26153788,560427824.67,1.3346,-0.4649,0,0
2021-08-04,sz.002236,21.24,21.53,21.1,21.35,22279487,474947926.66,1.1369,-0.2802,0,0
2021-08-05,sz.002236,21.3,21.3,20.8,20.8,24753137,519773936.38,1.2632,-2.5761,0,0
2021-08-06,sz.002236,20.8,21.14,20.74,21.05,14502268,303742410.69,0.7401,1.2019,0,0
2021-08-09,sz.002236,20.93,21.5,20.72,21.25,22487387,474700897.0,1.1475,0.9501,0,0
2021-08-10,sz.002236,21.05,21.22,20.97,21.14,17935759,378247050.94,0.9153,-0.5176,0,0
2021-08-11,sz.002236,21.1,21.26,20.96,21.0,17376007,365591332.79,0.8867,-0.6623,0,0
2021-08-12,sz.002236,21.0,21.12,20.6,20.61,23174199,481519844.01,1.1826,-1.8571,0,0
2021-08-13,sz.002236,20.62,20.71,20.32,20.46,19187671,392914205.32,0.9792,-0.7278,0,0
2021-08-16,sz.002236,20.43,21.04,20.41,20.73,19695579,409271034.53,1.0051,1.3196,0,0
2021-08-17,sz.002236,20.64,20.85,20.34,20.4,17062453,351197404.17,0.8707,-1.5919,0,0
2021-08-18,sz.002236,20.4,20.46,20.12,20.28,19044464,385679124.98,0.9719,-0.5882,0,0
2021-08-19,sz.002236,20.3,20.6,20.08,20.49,15174695,309331881.61,0.7744,1.0355,0,0
2021-08-20,sz.002236,20.52,21.32,20.52,21.07,39247084,825221908.98,2.0028,2.8306,0,0
2021-08-23,sz.002236,21.0,22.48,20.8,22.13,66114623,1458843137.54,3.3739,5.0308,0,0
2021-08-24,sz.002236,22.36,22.48,21.97,22.17,29034344,643768599.13,1.4816,0.1808,0,0
2021-08-25,sz.002236,22.08,22.96,22.08,22.4,34590949,779798885.99,1.7652,1.0374,0,0
2021-08-26,sz.002236,22.55,22.63,22.0,22.12,31907382,711344435.28,1.6283,-1.25,0,0
2021-08-27,sz.002236,22.02,22.28,21.51,21.73,29518715,640499026.43,1.5064,-1.7631,0,0
2021-08-30,sz.002236,22.25,22.75,21.7,22.25,40611097,901234685.29,2.0724,2.393,0,0
2021-08-31,sz.002236,22.17,23.55,22.1,23.02,62066458,1437291620.72,3.1673,3.4607,0,0
2021-09-01,sz.002236,23.2,23.55,22.6,23.0,57366146,1326035134.71,2.9274,-0.0869,0,0
2021-09-02,sz.002236,22.99,23.18,21.9,22.03,62289996,1397733116.96,3.1787,-4.2174,0,0
2021-09-03,sz.002236,22.12,22.12,21.47,21.58,41388479,899552635.27,2.1121,-2.0427,0,0
2021-09-06,sz.002236,21.64,21.89,21.52,21.7,38498687,835186411.42,1.9646,0.5561,0,0
2021-09-07,sz.002236,21.95,22.64,21.74,22.1,53972640,1190297251.79,2.7543,1.8433,0,0
2021-09-08,sz.002236,22.01,24.15,21.97,23.54,111480852,2615672066.18,5.6889,6.5158,0,0
2021-09-09,sz.002236,23.96,24.25,23.1,23.72,66458192,1563688202.54,3.3914,0.7647,0,0
2021-09-10,sz.002236,23.9,25.16,23.68,24.75,81921806,2013130511.65,4.1805,4.3423,0,0
2021-09-13,sz.002236,24.68,25.55,24.5,25.28,79873433,2007430630.07,4.076,2.1414,0,0
2021-09-14,sz.002236,25.01,25.33,24.14,24.26,56377609,1386784828.96,2.877,-4.0348,0,0
2021-09-15,sz.002236,24.38,24.49,23.97,24.28,33076385,802851931.22,1.6879,0.0824,0,0
2021-09-16,sz.002236,24.61,24.61,23.64,23.77,38297813,917094528.82,1.9544,-2.1005,0,0
2021-09-17,sz.002236,23.77,24.24,23.57,23.94,27150824,649455213.39,1.3855,0.7152,0,0
2021-09-22,sz.002236,23.5,23.93,23.18,23.67,22539030,531255105.75,1.1502,-1.1278,0,0
2021-09-23,sz.002236,23.93,24.47,23.59,24.15,33864477,813146209.0,1.7281,2.0279,0,0
2021-09-24,sz.002236,24.01,24.27,23.58,24.07,30517762,732682492.85,1.5573,-0.3313,0,0
2021-09-27,sz.002236,24.06,24.63,23.66,23.83,34564353,833510321.9,1.7638,-0.9971,0,0
2021-09-28,sz.002236,23.74,23.76,22.88,23.31,29084034,678188773.12,1.4842,-2.1821,0,0
2021-09-29,sz.002236,23.39,23.65,22.81,23.22,27780575,644668729.84,1.4177,-0.3861,0,0
2021-09-30,sz.002236,23.39,24.2,23.36,23.72,24880387,593018794.26,1.2697,2.1533,0,0
2021-10-08,sz.002236,24.0,24.58,23.94,24.1,20267448,489951854.19,1.0343,1.602,0,0
2021-10-11,sz.002236,24.0,24.51,23.79,24.04,20716538,499810155.83,1.0572,-0.249,0,0
2021-10-12,sz.002236,23.89,24.03,23.06,23.56,25288724,596138546.38,1.2905,-1.9967,0,0
2021-10-13,sz.002236,23.56,23.64,23.0,23.36,17418027,405499305.65,0.8889,-0.8489,0,0
2021-10-14,sz.002236,23.6,24.38,23.3,24.1,26961650,646195643.88,1.3759,3.1678,0,0
2021-10-15,sz.002236,24.1,24.22,23.71,23.83,22883564,547009071.57,1.1678,-1.1203,0,0
2021-10-18,sz.002236,23.77,23.86,22.85,23.2,29831883,693370735.34,1.5223,-2.6437,0,0
2021-10-19,sz.002236,23.2,23.42,22.91,23.29,20010375,463423959.9,1.0211,0.3879,0,0
2021-10-20,sz.002236,23.34,23.51,22.7,22.82,27037636,624199705.95,1.3797,-2.018,0,0
2021-10-21,sz.002236,22.8,22.9,22.32,22.51,27503991,620581341.57,1.4035,-1.3585,0,0
2021-10-22,sz.002236,22.45,22.92,22.4,22.61,20603622,467301092.9,1.0514,0.4442,0,0
2021-10-25,sz.002236,22.56,22.8,22.11,22.6,19204617,431252360.37,0.98,-0.0442,0,0
2021-10-26,sz.002236,22.57,23.07,22.48,22.64,17213891,391869297.53,0.8784,0.177,0,0
2021-10-27,sz.002236,22.75,22.76,21.95,21.99,24051826,532527699.52,1.2274,-2.871,0,0
2021-10-28,sz.002236,22.19,22.46,21.97,22.09,26739436,594505711.86,1.3645,0.4548,0,0
2021-10-29,sz.002236,21.99,22.45,21.7,21.78,31065106,685511632.21,1.5853,-1.4033,0,0
2021-11-01,sz.002236,21.75,23.44,21.66,22.95,52333204,1193974251.68,2.6706,5.3719,0,0
2021-11-02,sz.002236,22.95,23.21,22.72,22.93,27003862,619813977.56,1.378,-0.0871,0,0
2021-11-03,sz.002236,23.05,23.11,22.48,22.78,21205765,482647090.15,1.0821,-0.6542,0,0
2021-11-04,sz.002236,22.77,23.05,22.65,22.98,20652909,472565231.67,1.0539,0.878,0,0
2021-11-05,sz.002236,23.03,24.85,22.99,24.47,67359697,1631175576.86,3.4374,6.4839,0,0
2021-11-08,sz.002236,24.16,24.33,23.39,23.75,42248708,1003914865.2,2.156,-2.9424,0,0
2021-11-09,sz.002236,23.85,24.72,23.61,24.54,37339996,910168449.02,1.9055,3.3263,0,0
2021-11-10,sz.002236,24.32,24.6,24.0,24.24,25619168,620542097.71,1.3074,-1.2225,0,0
2021-11-11,sz.002236,24.18,24.35,23.77,24.18,27528539,662138062.58,1.4048,-0.2475,0,0
2021-11-12,sz.002236,24.15,24.68,23.9,24.36,27658088,674821375.52,1.4114,0.7444,0,0
2021-11-15,sz.002236,24.5,24.78,24.18,24.54,27912755,684298004.68,1.4244,0.7389,0,0
2021-11-16,sz.002236,24.41,24.78,23.95,24.1,25420497,619274406.99,1.2972,-1.793,0,0
2021-11-17,sz.002236,24.1,25.06,24.1,24.49,35232485,871380811.24,1.7979,1.6183,0,0
2021-11-18,sz.002236,24.32,25.09,24.0,24.58,36040351,884415419.4,1.8392,0.3675,0,0
2021-11-19,sz.002236,24.58,26.15,24.33,25.76,72543892,1854337169.88,3.702,4.8007,0,0
2021-11-22,sz.002236,25.84,26.16,25.5,25.89,39703614,1028249815.5,2.0261,0.5047,0,0
2021-11-23,sz.002236,25.8,26.08,25.29,25.48,34100552,872905547.5,1.7402,-1.5836,0,0
2021-11-24,sz.002236,25.42,25.44,24.8,25.23,33621284,843709502.06,1.7157,-0.9812,0,0
2021-11-25,sz.002236,25.1,25.28,24.63,24.91,23055069,574478117.71,1.1765,-1.2683,0,0
2021-11-26,sz.002236,24.93,25.26,24.5,24.7,23906041,591359202.98,1.2199,-0.843,0,0
2021-11-29,sz.002236,24.46,24.76,23.88,24.4,34151558,827509970.01,1.7428,-1.2146,0,0
2021-11-30,sz.002236,24.52,25.07,24.24,24.55,29940230,736785680.04,1.5279,0.6148,0,0
2021-12-01,sz.002236,24.71,25.28,24.66,24.81,31844446,795218398.11,1.625,1.0591,0,0
2021-12-02,sz.002236,24.81,24.87,23.96,24.4,29888639,728519316.95,1.5252,-1.6526,0,0
2021-12-03,sz.002236,24.37,25.25,24.3,24.82,31605486,787205760.2,1.6128,1.7213,0,0
2021-12-06,sz.002236,24.85,24.96,24.22,24.28,23287262,573306504.5,1.1884,-2.1757,0,0
2021-12-07,sz.002236,24.41,25.15,24.28,24.56,35355867,871822398.39,1.8042,1.1532,0,0
2021-12-08,sz.002236,24.53,25.74,24.12,25.58,51939351,1312845789.8,2.6505,4.1531,0,0
2021-12-09,sz.002236,25.55,26.14,25.4,25.98,38985951,1009431597.3,1.9895,1.5637,0,0
2021-12-10,sz.002236,25.83,26.02,25.42,25.62,30271508,776715706.28,1.5448,-1.3857,0,0
2021-12-13,sz.002236,25.65,26.35,25.49,25.61,24967470,645567518.85,1.2741,-0.039,0,0
2021-12-14,sz.002236,25.45,26.65,25.1,26.65,56214898,1474417406.32,2.8687,4.0609,0,0
2021-12-15,sz.002236,26.44,26.45,25.96,26.16,36363808,952813699.93,1.8557,-1.8386,0,0
2021-12-16,sz.002236,26.11,26.38,25.91,26.22,17164796,448994398.09,0.8759,0.2294,0,0
2021-12-17,sz.002236,26.19,26.19,24.68,24.92,52096720,1307673059.87,2.6585,-4.958,0,0
2021-12-20,sz.002236,24.65,24.95,23.82,24.1,39783201,965152493.43,2.0302,-3.2905,0,0
2021-12-21,sz.002236,24.09,24.38,23.96,24.25,18252871,441399805.99,0.9315,0.6224,0,0
2021-12-22,sz.002236,24.2,24.39,23.9,23.91,18213450,437633397.87,0.9294,-1.4021,0,0
2021-12-23,sz.002236,23.78,24.07,23.7,23.99,15055565,359958368.06,0.7683,0.3346,0,0
2021-12-24,sz.002236,23.98,24.0,23.25,23.59,24688382,581510874.0,1.2599,-1.6674,0,0
2021-12-27,sz.002236,23.63,23.82,23.35,23.5,17191051,404325491.69,0.8773,-0.3815,0,0
2021-12-28,sz.002236,23.55,23.95,23.4,23.88,20945794,496801195.53,1.0689,1.617,0,0
2021-12-29,sz.002236,23.77,23.88,23.4,23.47,18306843,430599827.52,0.9342,-1.7169,0,0
2021-12-30,sz.002236,23.48,23.64,23.13,23.33,26922209,630549885.54,1.3739,-0.5965,0,0
2021-12-31,sz.002236,23.32,23.51,23.01,23.48,26089186,607050798.23,1.3313,0.6429,0,0
2022-01-04,sz.002236,23.83,23.98,23.49,23.56,29048018,686803871.69,1.5172,0.3407,0,0
2022-01-05,sz.002236,23.53,23.79,22.94,23.12,33179680,775544615.57,1.733,-1.8676,0,0
2022-01-06,sz.002236,22.91,23.12,22.63,22.92,22146703,506026981.2,1.1567,-0.8651,0,0
2022-01-07,sz.002236,22.91,23.15,22.91,22.92,15098295,347148016.63,0.7886,0.0,0,0
2022-01-10,sz.002236,23.04,23.04,22.54,22.63,29611003,674089154.85,1.5466,-1.2653,0,0
2022-01-11,sz.002236,22.62,22.74,21.89,22.09,36564611,812623419.71,1.9098,-2.3862,0,0
2022-01-12,sz.002236,22.18,22.18,21.68,21.94,39922831,872491485.42,2.0852,-0.679,0,0
2022-01-13,sz.002236,21.99,22.05,21.18,21.26,41569804,893399486.26,2.1712,-3.0994,0,0
2022-01-14,sz.002236,21.21,21.26,20.55,20.7,63846748,1330309025.72,3.3348,-2.6341,0,0
2022-01-17,sz.002236,20.72,21.04,20.4,20.61,66223648,1366998562.98,3.4589,-0.4348,0,0
2022-01-18,sz.002236,20.7,21.24,20.51,21.0,65370564,1369960312.41,3.4143,1.8923,0,0
2022-01-19,sz.002236,20.86,21.13,20.55,20.74,39652922,823773817.11,2.0711,-1.2381,0,0
2022-01-20,sz.002236,20.75,20.91,20.61,20.82,25237879,524174821.01,1.3182,0.3857,0,0
2022-01-21,sz.002236,20.81,20.81,20.19,20.3,38062925,775976464.91,1.988,-2.4976,0,0
2022-01-24,sz.002236,20.23,20.38,19.91,20.1,36374535,730348479.49,1.8999,-0.9852,0,0
2022-01-25,sz.002236,20.05,20.2,19.32,19.32,48367452,951638861.09,2.5263,-3.8806,0,0
2022-01-26,sz.002236,19.48,19.83,19.38,19.79,25755221,504692455.5,1.3452,2.4327,0,0
2022-01-27,sz.002236,19.7,19.83,19.2,19.26,20575544,399675663.09,1.0747,-2.6781,0,0
2022-01-28,sz.002236,19.36,19.41,19.06,19.08,24606312,473658248.4,1.2852,-0.9346,0,0
2022-02-07,sz.002236,19.48,19.49,19.04,19.2,22899735,441665248.98,1.1961,0.6289,0,0
2022-02-08,sz.002236,19.2,19.35,18.94,19.35,21410575,409610177.95,1.1183,0.7813,0,0
2022-02-09,sz.002236,19.35,19.7,19.22,19.66,33101788,645149527.19,1.7289,1.6021,0,0
2022-02-10,sz.002236,19.68,19.71,19.45,19.57,20149614,394070451.99,1.0524,-0.4578,0,0
2022-02-11,sz.002236,19.48,19.57,19.02,19.14,26488857,509298455.47,1.3835,-2.1972,0,0
2022-02-14,sz.002236,19.02,19.26,18.78,19.01,20030133,380127975.82,1.0462,-0.6792,0,0
2022-02-15,sz.002236,19.07,19.3,18.96,19.14,18567398,354505096.78,0.9698,0.6839,0,0
2022-02-16,sz.002236,19.2,19.28,19.01,19.1,17204598,328782211.38,0.8986,-0.209,0,0
2022-02-17,sz.002236,19.02,19.1,18.92,18.96,16613177,315492618.7,0.8677,-0.733,0,0
2022-02-18,sz.002236,18.81,19.17,18.6,19.16,21100451,398766784.16,1.1021,1.0549,0,0
2022-02-21,sz.002236,19.16,19.55,19.09,19.39,27518464,533197659.3,1.4373,1.2004,0,0
2022-02-22,sz.002236,19.14,19.18,18.73,18.96,28007448,530020017.99,1.4628,-2.2176,0,0
2022-02-23,sz.002236,19.09,19.43,19.07,19.41,39315209,757771973.64,2.0535,2.3734,0,0
2022-02-24,sz.002236,19.3,19.3,18.6,18.89,37643331,714008921.5,1.9661,-2.679,0,0
2022-02-25,sz.002236,19.07,19.15,18.72,18.78,27420227,518506943.06,1.4322,-0.5823,0,0
2022-02-28,sz.002236,18.78,18.85,18.35,18.7,20270388,375936048.0,1.0587,-0.426,0,0
2022-03-01,sz.002236,18.89,19.33,18.81,19.29,35895819,685873168.0,1.8749,3.1551,0,0
2022-03-02,sz.002236,19.01,19.22,18.98,19.1,16658784,318337872.0,0.8701,-0.985,0,0
2022-03-03,sz.002236,19.19,19.23,18.83,18.86,20302715,384850800.0,1.0604,-1.2565,0,0
2022-03-04,sz.002236,18.7,18.93,18.55,18.68,17198754,321643568.0,0.8983,-0.9544,0,0
2022-03-07,sz.002236,18.5,18.5,17.52,17.73,44858455,807331296.0,2.343,-5.0857,0,0
2022-03-08,sz.002236,17.73,17.85,17.1,17.15,30832045,539173120.0,1.6104,-3.2713,0,0
2022-03-09,sz.002236,17.27,17.4,16.08,16.81,45803757,766786272.0,2.3924,-1.9825,0,0
2022-03-10,sz.002236,17.19,17.4,17.0,17.31,29127399,501954128.0,1.5213,2.9744,0,0
2022-03-11,sz.002236,17.07,17.37,16.76,17.34,24853680,424049552.0,1.2981,0.1733,0,0
2022-03-14,sz.002236,17.17,17.46,16.9,16.92,19270624,330412128.0,1.0065,-2.4221,0,0
2022-03-15,sz.002236,16.84,16.84,16.01,16.01,31255263,512606704.0,1.6325,-5.3783,0,0
2022-03-16,sz.002236,16.3,16.55,15.44,16.5,37461480,601773008.0,1.9566,3.0606,0,0
2022-03-17,sz.002236,16.8,17.03,16.65,16.78,34694139,583220128.0,1.8121,1.697,0,0
2022-03-18,sz.002236,16.86,16.87,16.44,16.71,18984659,316179606.21,0.9916,-0.4172,0,0
2022-03-21,sz.002236,16.75,16.82,16.54,16.63,18693711,311446661.2,0.9764,-0.4788,0,0
2022-03-22,sz.002236,16.67,16.82,16.56,16.63,13304431,221902731.66,0.6949,0.0,0,0
2022-03-23,sz.002236,16.65,17.23,16.59,17.16,36777122,626999200.56,1.9209,3.187,0,0
2022-03-24,sz.002236,17.01,17.09,16.68,16.71,19103423,321753833.87,0.9978,-2.6224,0,0
2022-03-25,sz.002236,16.72,16.78,16.5,16.52,11636566,193560944.69,0.6078,-1.137,0,0
2022-03-28,sz.002236,16.48,16.63,16.06,16.55,16574492,270724023.89,0.8657,0.1816,0,0
2022-03-29,sz.002236,16.56,16.63,16.1,16.12,15797255,257634537.42,0.8251,-2.5982,0,0
2022-03-30,sz.002236,16.26,16.77,16.26,16.65,22135494,365330100.38,1.1561,3.2878,0,0
2022-03-31,sz.002236,16.57,16.75,16.44,16.55,13554420,224528144.01,0.708,-0.6006,0,0
2022-04-01,sz.002236,16.38,16.68,16.31,16.51,15890400,262379574.52,0.83,-0.2417,0,0
2022-04-06,sz.002236,16.86,17.19,16.52,16.88,38562553,650461015.61,2.0141,2.2411,0,0
2022-04-07,sz.002236,16.83,16.94,16.36,16.36,17391189,288822456.2,0.9084,-3.0806,0,0
2022-04-08,sz.002236,16.36,16.36,15.93,16.22,18086631,291527471.03,0.9447,-0.8557,0,0
2022-04-11,sz.002236,16.0,16.06,15.46,15.53,18652963,292962046.6,0.9743,-4.254,0,0
2022-04-12,sz.002236,15.5,16.04,15.13,15.98,18990114,295568135.31,0.9919,2.8976,0,0
2022-04-13,sz.002236,15.78,15.95,15.6,15.68,11329692,178571009.43,0.5918,-1.8773,0,0
2022-04-14,sz.002236,15.86,16.0,15.7,15.79,11023673,174699173.48,0.5758,0.7015,0,0
2022-04-15,sz.002236,15.64,15.89,15.53,15.72,9370600,147111656.0,0.4894,-0.4433,0,0
2022-04-18,sz.002236,15.76,16.4,15.57,16.35,28955805,468305480.84,1.5124,4.0076,0,0
2022-04-19,sz.002236,16.97,17.05,16.23,16.53,27891653,461873310.19,1.4568,1.1009,0,0
2022-04-20,sz.002236,16.53,17.24,16.02,16.98,39848966,676034856.96,2.0813,2.7223,0,0
2022-04-21,sz.002236,16.89,17.05,16.57,16.62,21521500,361617473.58,1.1241,-2.1201,0,0
2022-04-22,sz.002236,16.53,17.03,16.25,16.99,28911675,482373628.9,1.5101,2.2262,0,0
2022-04-25,sz.002236,16.61,17.02,16.31,16.32,31145171,520195565.77,1.6229,-3.9435,0,0
2022-04-26,sz.002236,16.37,16.5,15.4,15.52,26793708,427677702.77,1.3962,-4.902,0,0
2022-04-27,sz.002236,15.3,16.91,15.13,16.57,29123946,465255924.52,1.5176,6.7655,0,0
2022-04-28,sz.002236,16.39,16.54,15.93,16.12,20069932,325221899.82,1.0458,-2.7158,0,0
2022-04-29,sz.002236,16.23,16.89,16.15,16.72,24080835,398312786.7,1.2548,3.7221,0,0
2022-05-05,sz.002236,16.32,16.45,15.05,15.47,98623953,1516621662.71,5.139,-7.4761,0,0
2022-05-06,sz.002236,15.0,15.22,14.54,15.04,43626910,651476685.81,2.2733,-2.7796,0,0
2022-05-09,sz.002236,14.91,15.18,14.89,15.06,18287143,275225871.11,0.9529,0.133,0,0
2022-05-10,sz.002236,14.81,15.19,14.67,15.1,19937324,299485795.97,1.0389,0.2656,0,0
2022-05-11,sz.002236,15.2,16.15,15.11,15.56,46387728,725813779.42,2.4171,3.0464,0,0
2022-05-12,sz.002236,15.4,15.64,15.22,15.27,29791232,459446611.67,1.5523,-1.8638,0,0
2022-05-13,sz.002236,15.38,15.59,14.75,15.11,47181730,711318166.81,2.4585,-1.0478,0,0
2022-05-16,sz.002236,15.25,15.5,15.05,15.15,25233354,385585442.58,1.3148,0.2647,0,0
2022-05-17,sz.002236,15.2,15.24,14.8,15.18,29071867,436688483.19,1.5149,0.198,0,0
2022-05-18,sz.002236,15.21,15.8,15.11,15.49,38717238,597740167.07,2.0175,2.0422,0,0
2022-05-19,sz.002236,15.2,15.41,15.1,15.39,25021224,382205067.88,1.3038,-0.6456,0,0
2022-05-20,sz.002236,15.47,15.83,15.41,15.68,32309481,505764634.35,1.6836,1.8843,0,0
2022-05-23,sz.002236,15.75,16.09,15.63,16.02,27166688,432641214.14,1.4156,2.1684,0,0
2022-05-24,sz.002236,16.03,16.07,15.42,15.42,24288571,382312986.88,1.2656,-3.7453,0,0
2022-05-25,sz.002236,15.4,15.56,15.34,15.53,13508175,208769805.02,0.7039,0.7134,0,0
2022-05-26,sz.002236,15.51,15.88,15.16,15.82,26996897,419796353.81,1.4067,1.8674,0,0
2022-05-27,sz.002236,16.1,16.34,15.67,15.87,25656027,411150959.38,1.3369,0.3161,0,0
2022-05-30,sz.002236,15.82,16.02,15.77,15.92,14359953,228103781.04,0.7483,0.3151,0,0
2022-05-31,sz.002236,15.88,16.25,15.77,16.17,20774554,333163211.37,1.0825,1.5704,0,0
2022-06-01,sz.002236,15.94,16.04,15.68,15.74,18915227,299348152.54,0.9856,-1.0063,0,0
2022-06-02,sz.002236,15.65,15.85,15.55,15.78,21051462,330834048.54,1.0969,0.2541,0,0
2022-06-06,sz.002236,15.75,16.48,15.71,16.47,52268856,844669621.53,2.7236,4.3726,0,0
2022-06-07,sz.002236,16.5,16.6,15.98,16.16,44293676,718849254.7,2.308,-1.8822,0,0
2022-06-08,sz.002236,16.12,16.75,16.02,16.27,49564697,810825359.68,2.5827,0.6807,0,0
2022-06-09,sz.002236,16.16,16.32,15.57,15.72,37710188,597801977.62,1.965,-3.3805,0,0
2022-06-10,sz.002236,15.56,15.85,15.55,15.79,27113490,426277717.44,1.4128,0.4453,0,0
2022-06-13,sz.002236,15.79,15.92,15.35,15.55,29924900,467977050.31,1.5593,-1.5199,0,0
2022-06-14,sz.002236,15.35,15.62,15.06,15.62,25533538,390430850.33,1.3305,0.4502,0,0
2022-06-15,sz.002236,15.58,16.37,15.58,16.15,59173430,951976056.66,3.0834,3.3931,0,0
2022-06-16,sz.002236,16.15,16.35,15.98,16.06,28329546,457288778.26,1.4762,-0.5573,0,0
2022-06-17,sz.002236,15.93,16.06,15.65,16.0,28323243,450106256.67,1.4759,-0.3736,0,0
2022-06-20,sz.002236,16.05,16.3,16.0,16.1,28611303,461824138.84,1.4909,0.625,0,0
2022-06-21,sz.002236,16.14,16.39,15.99,16.2,31565380,511944856.48,1.6448,0.6211,0,0
2022-06-22,sz.002236,16.22,16.28,15.66,15.68,31615202,501827199.68,1.6474,-3.2099,0,0
2022-06-23,sz.002236,15.72,15.84,15.59,15.84,23155550,364315697.64,1.2066,1.0204,0,0
2022-06-24,sz.002236,15.87,16.5,15.74,16.28,44498507,720568895.99,2.3187,2.7778,0,0
2022-06-27,sz.002236,16.3,16.7,16.1,16.57,46949486,769976101.88,2.4464,1.7813,0,0
2022-06-28,sz.002236,16.55,16.67,16.29,16.64,41988984,692264720.31,2.1879,0.4225,0,0
2022-06-29,sz.002236,16.6,16.99,16.32,16.36,50547438,840594314.04,2.6339,-1.6827,0,0
2022-06-30,sz.002236,16.38,16.64,16.38,16.42,26551171,437752140.36,1.3835,0.3667,0,0
2022-07-01,sz.002236,16.38,16.51,16.15,16.24,24168273,393601591.01,1.2593,-1.0962,0,0
2022-07-04,sz.002236,16.29,16.3,16.02,16.21,22520712,363650019.1,1.1735,-0.1847,0,0
2022-07-05,sz.002236,16.18,16.34,15.85,16.15,33516969,539955980.59,1.7465,-0.3701,0,0
2022-07-06,sz.002236,16.08,16.13,15.63,15.77,29974840,475197894.88,1.5619,-2.3529,0,0
2022-07-07,sz.002236,15.75,15.82,15.61,15.68,22742964,357056366.23,1.1851,-0.5707,0,0
2022-07-08,sz.002236,15.74,16.0,15.7,15.83,19309436,306225054.41,1.0062,0.9566,0,0
2022-07-11,sz.002236,15.8,15.8,15.4,15.51,20594568,318971543.56,1.0731,-2.0215,0,0
2022-07-12,sz.002236,15.49,15.51,15.21,15.22,19896749,305303482.42,1.0155,-1.8698,0,0
2022-07-13,sz.002236,15.24,15.34,15.17,15.23,14773853,225195110.87,0.7541,0.0657,0,0
2022-07-14,sz.002236,15.2,15.27,15.05,15.07,22962012,347566390.27,1.172,-1.0506,0,0
2022-07-15,sz.002236,15.08,15.1,14.69,14.72,27404637,407095174.25,1.3987,-2.3225,0,0
2022-07-18,sz.002236,14.74,14.96,14.56,14.9,21019720,311166462.53,1.0728,1.2228,0,0
2022-07-19,sz.002236,14.85,15.07,14.81,15.07,21088662,315002715.08,1.0764,1.1409,0,0
2022-07-20,sz.002236,15.14,15.2,15.06,15.17,16741437,253326759.25,0.8545,0.6636,0,0
2022-07-21,sz.002236,15.13,15.25,15.02,15.02,14992657,226561132.79,0.7652,-0.9888,0,0
2022-07-22,sz.002236,15.08,15.15,14.8,14.93,15640471,233766577.71,0.7983,-0.5992,0,0
2022-07-25,sz.002236,15.0,15.03,14.75,14.88,14343283,213174548.86,0.7321,-0.3349,0,0
2022-07-26,sz.002236,14.84,14.95,14.82,14.91,10807268,160815775.25,0.5516,0.2016,0,0
2022-07-27,sz.002236,14.88,15.0,14.79,14.9,12243848,182581065.35,0.6249,-0.0671,0,0
2022-07-28,sz.002236,14.98,15.27,14.97,15.15,26259056,397914362.81,1.3403,1.6779,0,0
2022-07-29,sz.002236,15.15,15.15,14.75,14.81,22675337,338593842.74,1.1573,-2.2442,0,0
2022-08-01,sz.002236,14.8,14.97,14.63,14.89,15758851,233787625.26,0.8043,0.5402,0,0
2022-08-02,sz.002236,14.76,14.77,14.21,14.34,26784451,385911870.36,1.3671,-3.6938,0,0
2022-08-03,sz.002236,14.34,14.68,14.33,14.36,18148944,263057711.33,0.9263,0.1395,0,0
2022-08-04,sz.002236,14.52,14.61,14.38,14.57,12806924,185993384.74,0.6537,1.4624,0,0
2022-08-05,sz.002236,14.62,15.05,14.54,15.03,23343352,346368266.15,1.1914,3.1572,0,0
2022-08-08,sz.002236,15.03,15.11,14.96,15.07,16184244,243506628.22,0.826,0.2661,0,0
2022-08-09,sz.002236,15.05,15.15,14.88,15.12,16220828,243386520.19,0.8279,0.3318,0,0
2022-08-10,sz.002236,15.09,15.12,14.94,14.98,12259325,184091060.14,0.6257,-0.9259,0,0
2022-08-11,sz.002236,15.16,15.42,15.06,15.37,29410725,450683630.93,1.5011,2.6035,0,0
2022-08-12,sz.002236,15.34,15.45,15.24,15.25,20117440,308526780.41,1.0268,-0.7807,0,0
2022-08-15,sz.002236,15.17,15.19,14.72,14.84,38127723,567104192.54,1.946,-2.6885,0,0
2022-08-16,sz.002236,14.85,14.89,14.72,14.75,18859228,278864918.05,0.9626,-0.6065,0,0
2022-08-17,sz.002236,14.76,14.87,14.62,14.86,18696692,275989256.79,0.9543,0.7458,0,0
2022-08-18,sz.002236,14.81,14.83,14.6,14.72,18677161,274336297.26,0.9533,-0.9421,0,0
2022-08-19,sz.002236,14.72,14.88,14.38,14.41,32629725,475481766.56,1.6654,-2.106,0,0
2022-08-22,sz.002236,14.63,15.78,14.58,15.22,81571937,1243715202.24,4.1634,5.6211,0,0
2022-08-23,sz.002236,15.22,15.33,14.92,15.02,34784922,522642245.97,1.7754,-1.3141,0,0
2022-08-24,sz.002236,14.99,15.01,14.65,14.71,29773207,440885743.37,1.5196,-2.0639,0,0
2022-08-25,sz.002236,14.77,14.82,14.5,14.69,18588281,271912044.51,0.9487,-0.136,0,0
2022-08-26,sz.002236,14.69,14.84,14.63,14.71,16790353,247330696.11,0.857,0.1361,0,0
2022-08-29,sz.002236,14.56,14.62,14.46,14.59,15253102,221927892.26,0.7785,-0.8158,0,0
2022-08-30,sz.002236,14.6,14.73,14.56,14.7,10616612,155565663.47,0.5419,0.7539,0,0
2022-08-31,sz.002236,14.61,14.79,14.53,14.74,16615630,243581278.03,0.8481,0.2721,0,0
2022-09-01,sz.002236,14.73,14.9,14.6,14.62,18101709,267464634.5,0.9239,-0.8141,0,0
2022-09-02,sz.002236,14.61,14.69,14.56,14.63,11115521,162400850.71,0.5673,0.0684,0,0
2022-09-05,sz.002236,14.63,14.63,14.4,14.47,17071994,246841965.67,0.8713,-1.0936,0,0
2022-09-06,sz.002236,14.47,14.59,14.43,14.58,14010730,203148947.5,0.7151,0.7602,0,0
2022-09-07,sz.002236,14.5,14.6,14.46,14.49,12576209,182500284.39,0.6419,-0.6173,0,0
2022-09-08,sz.002236,14.52,14.54,14.36,14.36,14825502,213569982.5,0.7567,-0.8972,0,0
2022-09-09,sz.002236,14.36,14.48,14.33,14.46,10129570,146218224.07,0.517,0.6964,0,0
2022-09-13,sz.002236,14.49,14.6,14.47,14.49,11792709,171262164.18,0.6019,0.2075,0,0
2022-09-14,sz.002236,14.36,14.41,14.29,14.36,11947831,171332528.42,0.6098,-0.8972,0,0
2022-09-15,sz.002236,14.4,14.46,14.01,14.15,19789701,281445787.49,1.0101,-1.4624,0,0
2022-09-16,sz.002236,14.2,14.37,13.97,14.01,18056424,255685732.62,0.9216,-0.9894,0,0
2022-09-19,sz.002236,13.88,13.9,13.5,13.57,17420986,237599111.23,0.8892,-3.1406,0,0
2022-09-20,sz.002236,13.65,13.71,13.6,13.66,11740264,160273058.88,0.5992,0.6632,0,0
2022-09-21,sz.002236,13.68,13.69,13.35,13.55,13163828,178132925.67,0.6719,-0.8053,0,0
2022-09-22,sz.002236,13.44,13.72,13.42,13.62,9082626,123727782.43,0.4636,0.5166,0,0
2022-09-23,sz.002236,13.62,13.7,13.4,13.45,10591669,143232159.01,0.5406,-1.2482,0,0
2022-09-26,sz.002236,13.43,13.54,13.06,13.07,15577583,206269174.43,0.7951,-2.8253,0,0
2022-09-27,sz.002236,13.09,13.36,12.91,13.3,14429524,189277907.31,0.7365,1.7598,0,0
2022-09-28,sz.002236,13.29,13.45,13.18,13.2,14862308,197753780.7,0.7586,-0.7519,0,0
2022-09-29,sz.002236,13.33,13.38,12.91,12.98,14687941,192763259.78,0.7497,-1.6667,0,0
2022-09-30,sz.002236,12.94,13.09,12.85,12.85,10082062,130362440.36,0.5146,-1.0015,0,0
2022-10-10,sz.002236,12.6,12.75,11.57,11.57,72106724,855603779.63,3.6803,-9.9611,0,1
2022-10-11,sz.002236,11.54,11.57,11.13,11.3,42255767,477554436.2,2.1567,-2.3336,0,0
2022-10-12,sz.002236,11.29,11.77,11.11,11.7,42510530,484897303.55,2.1697,3.5398,0,0
2022-10-13,sz.002236,11.65,12.08,11.58,11.85,32633004,387040797.99,1.6656,1.2821,0,0
2022-10-14,sz.002236,11.95,12.34,11.94,12.3,34740043,423591974.04,1.7731,3.7975,0,0
2022-10-17,sz.002236,12.21,12.48,12.18,12.44,19978232,246885877.24,1.0197,1.1382,0,0
2022-10-18,sz.002236,12.49,12.53,12.27,12.41,18687653,231965541.21,0.9538,-0.2412,0,0
2022-10-19,sz.002236,12.39,12.5,12.27,12.29,15069200,185884709.67,0.7691,-0.967,0,0
2022-10-20,sz.002236,12.25,12.51,12.11,12.37,23054387,284546070.2,1.1767,0.6509,0,0
2022-10-21,sz.002236,12.38,12.57,12.27,12.36,16844865,208584152.07,0.8598,-0.0808,0,0
2022-10-24,sz.002236,12.36,12.49,12.01,12.07,23999244,293627452.5,1.2249,-2.3463,0,0
2022-10-25,sz.002236,12.02,12.21,11.81,11.94,19464712,233033303.75,0.9935,-1.0771,0,0
2022-10-26,sz.002236,11.95,12.39,11.94,12.28,24764115,302789771.86,1.264,2.8476,0,0
2022-10-27,sz.002236,12.3,12.53,12.28,12.4,22690670,281638040.85,1.1581,0.9772,0,0
2022-10-28,sz.002236,12.34,12.4,11.84,11.89,23985684,290369768.93,1.2242,-4.1129,0,0
2022-10-31,sz.002236,11.2,11.73,10.96,11.58,48075343,545610915.37,2.4538,-2.6072,0,0
2022-11-01,sz.002236,11.7,12.04,11.59,12.04,24866472,294501815.6,1.2692,3.9724,0,0
2022-11-02,sz.002236,12.0,12.22,11.96,12.05,21063099,254835020.93,1.0751,0.0831,0,0
2022-11-03,sz.002236,11.95,12.08,11.78,11.95,18032542,214469697.65,0.9204,-0.8299,0,0
2022-11-04,sz.002236,11.91,12.27,11.9,12.25,26506583,321798386.01,1.3529,2.5105,0,0
2022-11-07,sz.002236,12.2,12.31,12.12,12.16,25604629,312117683.9,1.3069,-0.7347,0,0
2022-11-08,sz.002236,12.16,12.17,11.94,12.0,22245304,267038220.5,1.1354,-1.3158,0,0
2022-11-09,sz.002236,11.96,12.05,11.83,11.84,16548489,197147095.45,0.8446,-1.3333,0,0
2022-11-10,sz.002236,11.75,11.82,11.6,11.66,23000439,269060711.66,1.1739,-1.5203,0,0
2022-11-11,sz.002236,11.9,12.17,11.81,11.96,36666307,439803389.31,1.8714,2.5729,0,0
2022-11-14,sz.002236,12.0,12.28,11.96,12.19,31067410,377815596.15,1.5857,1.9231,0,0
2022-11-15,sz.002236,12.11,12.64,12.11,12.62,41987529,524257903.18,2.143,3.5275,0,0
2022-11-16,sz.002236,12.6,12.75,12.49,12.53,26949582,339305886.8,1.3755,-0.7132,0,0
2022-11-17,sz.002236,12.54,12.61,12.38,12.6,17460986,217979966.02,0.8912,0.5587,0,0
2022-11-18,sz.002236,12.6,13.04,12.5,12.53,41926186,534154903.05,2.1399,-0.5556,0,0
2022-11-21,sz.002236,12.44,12.44,12.23,12.4,17586786,216961965.05,0.8976,-1.0375,0,0
2022-11-22,sz.002236,12.3,12.42,12.18,12.27,16576804,203967370.96,0.8461,-1.0484,0,0
2022-11-23,sz.002236,12.24,12.29,11.96,12.08,19936893,241048294.77,1.0176,-1.5485,0,0
2022-11-24,sz.002236,12.15,12.18,11.9,11.93,20440014,244900322.03,1.0433,-1.2417,0,0
2022-11-25,sz.002236,11.99,12.01,11.86,11.88,15852334,188861281.28,0.8091,-0.4191,0,0
2022-11-28,sz.002236,11.41,11.65,11.41,11.59,21814182,251925372.13,1.1134,-2.4411,0,0
2022-11-29,sz.002236,11.58,12.07,11.56,11.96,24288775,287743224.07,1.2397,3.1924,0,0
2022-11-30,sz.002236,11.94,12.08,11.83,11.88,16989835,202964406.27,0.8672,-0.6689,0,0
2022-12-01,sz.002236,12.08,12.17,11.94,11.97,21586793,260314161.2,1.1018,0.7576,0,0
2022-12-02,sz.002236,11.97,12.18,11.95,12.08,18636451,225478359.16,0.9512,0.919,0,0
2022-12-05,sz.002236,12.22,12.37,12.09,12.36,29996046,367078161.45,1.531,2.3179,0,0
2022-12-06,sz.002236,12.35,12.73,12.27,12.53,39590674,497975380.2,2.0207,1.3754,0,0
2022-12-07,sz.002236,12.5,12.53,12.36,12.4,20133844,250093915.74,1.0276,-1.0375,0,0
2022-12-08,sz.002236,12.36,12.46,12.26,12.35,15403404,190161206.96,0.7862,-0.4032,0,0
2022-12-09,sz.002236,12.33,12.62,12.3,12.54,23763946,296002174.66,1.2129,1.5385,0,0
2022-12-12,sz.002236,12.49,12.57,12.35,12.37,16438008,204706750.81,0.839,-1.3557,0,0
2022-12-13,sz.002236,12.39,12.44,12.28,12.31,12604379,155648897.95,0.6433,-0.485,0,0
2022-12-14,sz.002236,12.37,12.58,12.33,12.39,20228296,252100521.42,1.0324,0.6499,0,0
2022-12-15,sz.002236,12.38,12.53,12.26,12.31,19081540,236395931.57,0.9739,-0.6457,0,0
2022-12-16,sz.002236,12.25,12.33,12.04,12.13,19835313,241095521.09,1.0124,-1.4622,0,0
2022-12-19,sz.002236,12.12,12.24,11.8,11.84,19592515,234511580.56,1.0,-2.3908,0,0
2022-12-20,sz.002236,11.93,11.93,11.61,11.64,19173322,224758272.45,0.9786,-1.6892,0,0
2022-12-21,sz.002236,11.67,11.72,11.48,11.55,14905410,172745858.0,0.7608,-0.7732,0,0
2022-12-22,sz.002236,11.62,12.0,11.61,11.72,27737008,327478886.41,1.4157,1.4719,0,0
2022-12-23,sz.002236,11.69,11.77,11.58,11.65,13689576,159763240.24,0.6987,-0.5973,0,0
2022-12-26,sz.002236,11.67,11.8,11.66,11.73,14234868,166778327.33,0.7265,0.6867,0,0
2022-12-27,sz.002236,11.76,11.78,11.66,11.76,12292141,143938377.78,0.6274,0.2558,0,0
2022-12-28,sz.002236,11.74,11.74,11.41,11.42,26693744,306996715.56,1.3624,-2.8912,0,0
2022-12-29,sz.002236,11.38,11.48,11.28,11.33,15866018,180010975.16,0.8098,-0.7881,0,0
2022-12-30,sz.002236,11.41,11.46,11.28,11.31,19712908,223785882.49,1.0061,-0.1765,0,0
2023-01-03,sz.002236,11.31,11.58,11.2,11.57,25668166,293903696.4,1.3101,2.2989,0,0
2023-01-04,sz.002236,11.55,11.61,11.44,11.57,16622180,191738378.06,0.8484,0.0,0,0
2023-01-05,sz.002236,11.6,11.71,11.54,11.69,21732749,253228840.97,1.1092,1.0372,0,0
2023-01-06,sz.002236,11.67,11.73,11.56,11.6,19074841,222146352.13,0.9736,-0.7699,0,0
2023-01-09,sz.002236,11.62,11.74,11.6,11.69,18044045,210518988.08,0.921,0.7759,0,0
2023-01-10,sz.002236,11.7,11.7,11.55,11.62,16834457,195311303.3,0.8592,-0.5988,0,0
2023-01-11,sz.002236,11.62,11.65,11.46,11.46,18287281,211042834.68,0.9334,-1.3769,0,0
2023-01-12,sz.002236,11.46,11.53,11.41,11.47,10914876,125096738.54,0.5571,0.0873,0,0
2023-01-13,sz.002236,11.48,11.61,11.47,11.6,13686693,157935006.44,0.6986,1.1334,0,0
2023-01-16,sz.002236,11.64,12.37,11.62,12.26,70544579,857417166.58,3.6006,5.6897,0,0
2023-01-17,sz.002236,12.21,12.39,12.17,12.29,27396437,336177514.34,1.3983,0.2447,0,0
2023-01-18,sz.002236,12.28,12.46,12.22,12.34,17766819,219178008.55,0.9068,0.4068,0,0
2023-01-19,sz.002236,12.3,12.68,12.25,12.59,41927512,524337104.49,2.14,2.0259,0,0
2023-01-20,sz.002236,12.68,12.82,12.58,12.68,36066227,457299715.69,1.8408,0.7149,0,0
2023-01-30,sz.002236,12.93,13.05,12.8,12.84,44285487,572255585.04,2.2603,1.2618,0,0
2023-01-31,sz.002236,12.84,12.87,12.57,12.65,29561402,374272705.05,1.5088,-1.4798,0,0
2023-02-01,sz.002236,12.65,12.94,12.65,12.93,25298490,324099305.72,1.2912,2.2134,0,0
2023-02-02,sz.002236,13.01,13.16,12.88,12.9,39704395,516704494.58,2.0265,-0.232,0,0
2023-02-03,sz.002236,12.91,13.08,12.83,13.05,33573538,435625318.92,1.7136,1.1628,0,0
2023-02-06,sz.002236,13.05,13.37,12.91,12.94,47602119,623810604.36,2.4296,-0.8429,0,0
2023-02-07,sz.002236,12.99,13.42,12.93,13.38,53440564,706972945.36,2.7276,3.4003,0,0
2023-02-08,sz.002236,13.44,13.71,13.18,13.18,47858542,641044671.67,2.4427,-1.4948,0,0
2023-02-09,sz.002236,13.04,13.62,13.04,13.59,45767981,613214890.5,2.336,3.1108,0,0
2023-02-10,sz.002236,13.52,13.69,13.37,13.45,34212804,462317614.8,1.7462,-1.0302,0,0
2023-02-13,sz.002236,13.45,13.58,13.32,13.5,28899628,388843766.49,1.475,0.3717,0,0
2023-02-14,sz.002236,13.5,13.62,13.35,13.45,24005851,323103673.34,1.2253,-0.3704,0,0
2023-02-15,sz.002236,13.4,13.59,13.3,13.52,35709042,481292519.05,1.8226,0.5204,0,0
2023-02-16,sz.002236,13.4,14.18,13.4,13.62,84282212,1163046607.98,4.3017,0.7396,0,0
2023-02-17,sz.002236,13.55,13.75,13.21,13.21,49989959,671738406.52,2.5515,-3.0103,0,0
2023-02-20,sz.002236,13.21,13.82,13.2,13.82,59703751,813875197.8,3.0473,4.6177,0,0
2023-02-21,sz.002236,13.75,13.93,13.58,13.69,40881806,561064207.99,2.0866,-0.9407,0,0
2023-02-22,sz.002236,13.56,13.71,13.5,13.57,23729778,322671872.19,1.2112,-0.8766,0,0
2023-02-23,sz.002236,13.62,13.67,13.2,13.37,33943396,454649736.74,1.7325,-1.4738,0,0
2023-02-24,sz.002236,13.36,13.49,13.21,13.34,22863055,305630790.76,1.1669,-0.2244,0,0
2023-02-27,sz.002236,13.54,14.1,13.45,14.0,88681818,1234928505.89,4.5263,4.9475,0,0
2023-02-28,sz.002236,14.28,14.78,14.19,14.5,100787934,1456281432.17,5.1442,3.5714,0,0
2023-03-01,sz.002236,14.95,15.95,14.8,15.87,187154655,2919482351.49,9.5523,9.4483,0,0
2023-03-02,sz.002236,15.99,16.58,15.82,15.9,205605178,3337159047.0,10.494,0.189,0,0
2023-03-03,sz.002236,15.75,16.02,15.42,15.65,109734719,1716485306.74,5.6008,-1.5723,0,0
2023-03-06,sz.002236,15.51,16.17,15.42,15.89,97975600,1554096593.58,5.0006,1.5335,0,0
2023-03-07,sz.002236,15.75,15.99,15.02,15.17,90006422,1390983586.48,4.5939,-4.5312,0,0
2023-03-08,sz.002236,15.12,15.55,15.0,15.43,55407944,849684926.53,2.828,1.7139,0,0
2023-03-09,sz.002236,15.37,15.88,15.3,15.69,61500318,959667052.49,3.139,1.685,0,0
2023-03-10,sz.002236,15.51,16.45,15.45,16.09,96096409,1551137282.79,4.9047,2.5494,0,0
2023-03-13,sz.002236,16.79,17.44,16.47,17.25,147290436,2483449075.25,7.5177,7.2094,0,0
2023-03-14,sz.002236,17.25,18.03,16.9,17.7,142501344,2494887469.24,7.2732,2.6087,0,0
2023-03-15,sz.002236,17.85,18.55,17.44,17.69,112350919,2021789601.06,5.7344,-0.0565,0,0
2023-03-16,sz.002236,17.71,17.9,17.18,17.39,78193335,1366846092.19,3.991,-1.6959,0,0
2023-03-17,sz.002236,17.4,19.13,17.4,19.13,153401631,2851413892.63,7.8296,10.0058,1,0
2023-03-20,sz.002236,19.73,20.41,18.88,19.11,184369421,3626957374.3,9.4102,-0.1045,0,0
2023-03-21,sz.002236,19.11,19.36,18.64,19.07,84013815,1589149554.03,4.288,-0.2093,0,0
2023-03-22,sz.002236,19.28,20.66,19.25,20.5,130726328,2626907431.77,6.6722,7.4987,0,0
2023-03-23,sz.002236,19.96,21.93,19.88,21.61,150659837,3182397506.68,7.6896,5.4146,0,0
2023-03-24,sz.002236,21.3,22.52,21.2,22.48,132793624,2929673419.28,6.7778,4.0259,0,0
2023-03-27,sz.002236,22.33,23.69,21.9,22.47,136299293,3107500169.89,6.9567,-0.0445,0,0
2023-03-28,sz.002236,22.0,22.23,21.15,21.24,120153014,2594622734.99,6.1326,-5.474,0,0
2023-03-29,sz.002236,21.25,22.14,20.52,21.36,122085808,2602399592.38,6.2312,0.565,0,0
2023-03-30,sz.002236,21.06,21.28,19.8,20.55,121462584,2502244494.53,6.1994,-3.7921,0,0
2023-03-31,sz.002236,21.01,22.61,19.71,22.61,145176533,3094926500.43,7.4144,10.0243,1,0
2023-04-03,sz.002236,22.82,24.72,22.05,24.45,200386453,4669414612.63,10.2341,8.138,0,0
2023-04-04,sz.002236,24.11,26.22,24.01,25.67,136600785,3424142455.15,6.9764,4.9898,0,0
2023-04-06,sz.002236,25.7,26.82,24.88,25.23,108921546,2811673470.06,5.5628,-1.7141,0,0
2023-04-07,sz.002236,25.23,27.43,25.11,27.0,101885014,2677248612.08,5.2034,7.0155,0,0
2023-04-10,sz.002236,28.92,29.3,26.02,26.38,134151051,3709775151.29,6.8513,-2.2963,0,0
2023-04-11,sz.002236,26.74,26.8,24.43,25.1,168886221,4280803425.07,8.6253,-4.8522,0,0
2023-04-12,sz.002236,24.76,27.08,24.53,26.55,132271623,3442091571.45,6.7553,5.7769,0,0
2023-04-13,sz.002236,26.11,26.28,24.34,24.53,112972898,2845957648.98,5.7697,-7.6083,0,0
2023-04-14,sz.002236,24.74,24.97,23.5,24.52,100831844,2446163363.01,5.1497,-0.0408,0,0
2023-04-17,sz.002236,24.56,24.57,23.52,24.0,86777258,2074090263.25,4.4319,-2.1207,0,0
2023-04-18,sz.002236,24.0,25.16,23.82,24.79,108297428,2652106030.21,5.5309,3.2917,0,0
2023-04-19,sz.002236,24.6,26.65,24.6,25.19,128212571,3303933401.68,6.548,1.6136,0,0
2023-04-20,sz.002236,25.03,26.98,24.7,26.76,128495123,3335007330.53,6.5625,6.2326,0,0
2023-04-21,sz.002236,26.87,27.47,24.9,24.95,107750063,2819339647.62,5.503,-6.7638,0,0
2023-04-24,sz.002236,25.02,25.75,23.65,23.9,107851418,2646681399.52,5.5082,-4.2084,0,0
2023-04-25,sz.002236,23.72,24.66,23.25,23.5,86442231,2066967791.28,4.4148,-1.6736,0,0
2023-04-26,sz.002236,23.4,23.45,21.15,21.63,155418541,3402739261.65,7.9375,-7.9574,0,0
2023-04-27,sz.002236,21.41,22.38,20.95,21.57,80386836,1742416300.25,4.1055,-0.2774,0,0
2023-04-28,sz.002236,22.0,23.66,21.73,23.47,103053194,2364857620.17,5.2631,8.8085,0,0
2023-05-04,sz.002236,23.47,24.26,22.04,23.54,103521360,2395871508.88,5.287,0.2983,0,0
2023-05-05,sz.002236,23.54,23.6,22.19,22.35,71910940,1632949729.31,3.6726,-5.0552,0,0
2023-05-08,sz.002236,22.7,24.14,21.8,23.26,79793314,1866639607.54,4.0752,4.0716,0,0
2023-05-09,sz.002236,23.05,24.08,22.69,22.76,63826975,1486815144.12,3.2598,-2.1496,0,0
2023-05-10,sz.002236,22.7,23.26,21.86,22.25,48053781,1071231912.13,2.4542,-2.2408,0,0
2023-05-11,sz.002236,22.17,22.59,21.72,21.85,37099591,816772255.88,1.8947,-1.7978,0,0
2023-05-12,sz.002236,21.78,22.6,21.58,21.94,37951175,837301698.64,1.9382,0.4119,0,0
2023-05-15,sz.002236,21.96,22.27,20.64,21.36,84040242,1781807387.46,4.2921,-2.6436,0,0
2023-05-16,sz.002236,21.34,21.79,20.69,21.11,52625236,1113488945.47,2.6877,-1.1704,0,0
2023-05-17,sz.002236,21.02,21.78,20.9,21.4,35638400,760488532.51,1.8201,1.3738,0,0
2023-05-18,sz.002236,21.54,23.02,21.23,22.36,104091665,2326300115.31,5.3161,4.486,0,0
2023-05-19,sz.002236,22.1,22.9,21.63,21.84,55345085,1229056441.43,2.8266,-2.3256,0,0
2023-05-22,sz.002236,21.66,22.03,21.3,21.56,35163647,760161725.09,1.7959,-1.2821,0,0
2023-05-23,sz.002236,21.5,22.07,21.21,21.5,40401855,873945030.46,2.0634,-0.2783,0,0
2023-05-24,sz.002236,21.22,21.28,20.42,20.69,74672809,1552121936.87,3.8137,-3.7674,0,0
2023-05-25,sz.002236,21.0,21.18,20.25,20.71,51366819,1056407985.65,2.6234,0.0967,0,0
2023-05-26,sz.002236,20.65,21.54,20.51,21.29,43105985,910180750.17,2.2015,2.8006,0,0
2023-05-29,sz.002236,21.45,21.76,19.16,19.68,181297648,3579315360.8,9.2592,-7.5622,0,0
2023-05-30,sz.002236,19.69,20.39,19.25,20.36,98240979,1958696083.16,5.0173,3.4553,0,0
2023-05-31,sz.002236,20.3,20.55,19.6,19.84,79479648,1577022066.44,4.0592,-2.554,0,0
2023-06-01,sz.002236,19.8,21.35,19.6,20.9,96231406,1992035082.32,4.9147,5.3427,0,0
2023-06-02,sz.002236,20.89,21.1,20.59,20.66,47321005,983645752.21,2.4168,-1.1483,0,0
2023-06-05,sz.002236,20.64,21.35,20.37,20.95,61623325,1287720405.62,3.1472,1.4037,0,0
2023-06-06,sz.002236,20.64,20.7,19.7,19.82,49731680,1003137085.47,2.5399,-4.2974,0,0
2023-06-07,sz.002236,19.82,20.02,19.48,19.66,49090791,967411709.67,2.5072,-0.8073,0,0
2023-06-08,sz.002236,19.6,19.62,18.98,19.28,54344497,1044107514.48,2.7755,-1.9329,0,0
2023-06-09,sz.002236,19.44,19.55,18.32,18.75,152762821,2868565615.32,7.8019,-2.749,0,0
2023-06-12,sz.002236,18.99,19.05,18.52,18.84,74657558,1402207144.15,3.8129,0.48,0,0
2023-06-13,sz.002236,18.85,20.24,18.63,20.08,116653099,2288679105.05,5.9577,6.5817,0,0
2023-06-14,sz.002236,20.12,20.99,19.89,20.45,125411863,2567668431.97,6.405,1.8426,0,0
2023-06-15,sz.002236,20.16,20.33,19.29,19.44,127912444,2508383468.82,6.5327,-4.9389,0,0
2023-06-16,sz.002236,19.35,21.38,19.1,21.38,174253719,3531005267.28,8.8994,9.9794,1,0
2023-06-19,sz.002236,22.05,23.41,21.4,23.15,293180287,6555198591.32,14.9732,8.2788,0,0
2023-06-20,sz.002236,22.61,24.13,22.46,23.77,184663399,4248786738.45,9.4311,2.6782,0,0
2023-06-21,sz.002236,23.4,23.4,22.1,22.1,142788248,3220865013.81,7.2924,-7.0257,0,0
2023-06-26,sz.002236,21.8,22.51,20.91,21.13,129912168,2810555540.14,6.6348,-4.3891,0,0
2023-06-27,sz.002236,21.03,21.28,20.71,21.05,77154259,1624129651.12,3.9404,-0.3786,0,0
2023-06-28,sz.002236,20.85,20.86,18.95,19.2,167330302,3227864046.71,8.5458,-8.7886,0,0
2023-06-29,sz.002236,19.57,20.15,19.5,19.73,95804671,1897028032.87,4.8929,2.7604,0,0
2023-06-30,sz.002236,19.46,20.04,19.14,19.75,84837735,1658294255.96,4.3306,0.1014,0,0
2023-07-03,sz.002236,19.8,20.2,19.57,19.95,77479424,1541767909.88,3.957,1.0127,0,0
2023-07-04,sz.002236,19.75,21.85,19.72,21.53,133273013,2804214968.21,6.8065,7.9198,0,0
2023-07-05,sz.002236,21.98,22.33,21.3,21.44,112536334,2453941296.06,5.7474,-0.418,0,0
2023-07-06,sz.002236,21.32,22.43,21.23,21.69,90324737,1974511599.84,4.613,1.166,0,0
2023-07-07,sz.002236,21.51,21.55,20.25,20.84,79998540,1659153667.98,4.0857,-3.9189,0,0
2023-07-10,sz.002236,21.11,21.18,20.47,20.71,47002102,977370940.2,2.4005,-0.6238,0,0
2023-07-11,sz.002236,20.62,22.01,20.57,21.67,100370940,2171463830.62,5.1261,4.6354,0,0
2023-07-12,sz.002236,22.2,22.48,21.62,21.68,113538728,2494855257.06,5.7986,0.0461,0,0
2023-07-13,sz.002236,21.52,22.78,21.36,22.5,105818413,2342812997.5,5.4043,3.7823,0,0
2023-07-14,sz.002236,22.4,22.54,21.92,21.99,75884967,1684928155.9,3.8756,-2.2667,0,0
2023-07-17,sz.002236,21.86,22.8,21.62,22.38,81387818,1818408288.64,4.1566,1.7735,0,0
2023-07-18,sz.002236,22.2,22.23,21.7,21.9,54814644,1199063869.13,2.7995,-2.1448,0,0
2023-07-19,sz.002236,21.9,22.19,21.69,22.02,44983653,988317659.0,2.2974,0.5479,0,0
2023-07-20,sz.002236,22.06,22.09,20.85,20.85,71306012,1515293148.2,3.6417,-5.3134,0,0
2023-07-21,sz.002236,20.88,20.98,20.35,20.56,53363824,1099151341.75,2.7254,-1.3909,0,0
2023-07-24,sz.002236,20.58,21.45,20.58,20.85,45964611,965316927.81,2.3475,1.4105,0,0
2023-07-25,sz.002236,21.08,21.5,20.69,21.15,50972645,1078416205.18,2.6033,1.4388,0,0
2023-07-26,sz.002236,21.12,21.12,20.21,20.37,52161662,1067016032.81,2.664,-3.6879,0,0
2023-07-27,sz.002236,20.31,20.48,19.99,20.05,31185592,629283099.84,1.5927,-1.5709,0,0
2023-07-28,sz.002236,19.96,20.56,19.9,20.46,46924777,954639815.06,2.3965,2.0449,0,0
2023-07-31,sz.002236,20.45,22.5,20.15,21.95,110587304,2404003309.37,5.6479,7.2825,0,0
2023-08-01,sz.002236,21.75,21.94,21.53,21.73,45998727,998589852.56,2.3492,-1.0023,0,0
2023-08-02,sz.002236,21.6,21.73,21.32,21.59,34148937,733938615.03,1.744,-0.6443,0,0
2023-08-03,sz.002236,21.4,21.65,20.65,20.98,57840424,1215616413.53,2.954,-2.8254,0,0
2023-08-04,sz.002236,20.98,22.55,20.98,22.29,103203141,2269454034.47,5.2708,6.244,0,0
2023-08-07,sz.002236,22.29,22.76,21.97,22.33,70868929,1582892254.38,3.6194,0.1795,0,0
2023-08-08,sz.002236,22.18,22.35,21.84,21.9,31423278,692473853.28,1.6048,-1.9257,0,0
2023-08-09,sz.002236,21.9,22.12,21.02,21.13,45801397,984630833.22,2.3392,-3.516,0,0
2023-08-10,sz.002236,21.11,21.28,20.88,21.13,31861600,671635888.05,1.6272,0.0,0,0
2023-08-11,sz.002236,21.06,21.23,20.44,20.44,39426213,817335003.13,2.0136,-3.2655,0,0
2023-08-14,sz.002236,20.43,20.8,20.09,20.77,34401147,703666229.53,1.7569,1.6145,0,0
2023-08-15,sz.002236,20.71,21.05,20.15,20.42,31931584,655402659.7,1.63,-1.6851,0,0
2023-08-16,sz.002236,20.28,20.34,19.27,19.43,67321899,1321595816.5,3.4365,-4.8482,0,0
2023-08-17,sz.002236,19.36,19.88,19.21,19.8,38285117,751101000.08,1.9543,1.9043,0,0
2023-08-18,sz.002236,19.71,20.25,19.59,19.62,36705067,730139389.22,1.8737,-0.9091,0,0
2023-08-21,sz.002236,19.56,20.34,19.45,19.89,39980714,800160906.67,2.0409,1.3761,0,0
2023-08-22,sz.002236,20.05,20.71,19.65,20.7,51013102,1029263321.8,2.604,4.0724,0,0
2023-08-23,sz.002236,20.45,20.6,19.82,19.9,41763740,840407702.07,2.1319,-3.8647,0,0
2023-08-24,sz.002236,20.15,20.56,19.95,20.08,35820617,724565966.15,1.8285,0.9045,0,0
2023-08-25,sz.002236,19.8,19.8,18.68,19.4,77498608,1481554232.17,3.956,-3.3865,0,0
2023-08-28,sz.002236,20.8,20.82,20.05,20.21,66477362,1350548135.32,3.3934,4.1753,0,0
2023-08-29,sz.002236,20.19,21.62,20.07,21.41,84633823,1773094381.26,4.3202,5.9377,0,0
2023-08-30,sz.002236,21.5,21.62,21.2,21.43,60153490,1288536772.79,3.0706,0.0934,0,0
2023-08-31,sz.002236,21.45,22.1,21.23,21.58,64738921,1401335680.62,3.3047,0.7,0,0
2023-09-01,sz.002236,21.55,21.75,21.36,21.52,32144670,692589499.69,1.6409,-0.278,0,0
2023-09-04,sz.002236,21.65,21.88,21.4,21.72,39065487,846436201.19,1.9941,0.9294,0,0
2023-09-05,sz.002236,21.58,21.94,21.3,21.33,40474310,872971149.26,2.0661,-1.7956,0,0
2023-09-06,sz.002236,21.19,21.49,20.77,21.23,36261686,767244104.74,1.851,-0.4688,0,0
2023-09-07,sz.002236,21.06,21.37,20.62,20.65,27669978,578935976.37,1.4124,-2.732,0,0
2023-09-08,sz.002236,20.6,21.15,20.28,20.75,27357816,567611838.3,1.3965,0.4843,0,0
2023-09-11,sz.002236,20.64,21.52,20.5,21.17,38660319,811838633.03,1.9735,2.0241,0,0
2023-09-12,sz.002236,21.05,21.41,20.9,21.26,30559965,647115852.08,1.56,0.4251,0,0
2023-09-13,sz.002236,21.01,21.2,20.42,20.53,30910487,638118442.18,1.5779,-3.4337,0,0
2023-09-14,sz.002236,20.51,20.64,20.22,20.4,19119103,390391364.45,0.976,-0.6332,0,0
2023-09-15,sz.002236,20.5,20.56,19.96,20.56,27715891,561515436.51,1.4148,0.7843,0,0
2023-09-18,sz.002236,20.2,20.44,19.97,20.12,24711000,498280398.83,1.2614,-2.1401,0,0
2023-09-19,sz.002236,20.05,20.17,19.75,19.8,22474150,447092228.13,1.1472,-1.5905,0,0
2023-09-20,sz.002236,19.84,20.21,19.81,19.96,16592800,332181863.5,0.847,0.8081,0,0
2023-09-21,sz.002236,19.89,20.25,19.7,19.8,22145052,441913601.34,1.1304,-0.8016,0,0
2023-09-22,sz.002236,19.72,21.04,19.58,20.93,54731179,1127762157.52,2.7938,5.7071,0,0
2023-09-25,sz.002236,20.86,21.05,20.58,20.6,29254279,607780003.54,1.4933,-1.5767,0,0
2023-09-26,sz.002236,21.71,22.66,21.3,22.66,101034173,2238530944.61,5.1574,10.0,1,0
2023-09-27,sz.002236,22.67,23.17,22.36,22.89,127197368,2899138065.23,6.4929,1.015,0,0
2023-09-28,sz.002236,22.71,22.85,22.13,22.27,62474467,1397681020.87,3.1891,-2.7086,0,0
2023-10-09,sz.002236,22.28,22.77,22.16,22.61,60930794,1374735954.97,3.1103,1.5267,0,0
2023-10-10,sz.002236,22.58,23.15,22.55,22.78,49439335,1130454824.7,2.5237,0.7519,0,0
2023-10-11,sz.002236,22.87,23.33,22.65,22.77,48249020,1108361634.59,2.4629,-0.0439,0,0
2023-10-12,sz.002236,22.99,23.22,22.38,22.57,46963463,1066690304.94,2.3973,-0.8783,0,0
2023-10-13,sz.002236,22.38,22.48,21.94,22.14,35014822,776665087.48,1.7874,-1.9052,0,0
2023-10-16,sz.002236,22.01,22.44,21.86,22.01,33955781,749928145.86,1.7333,-0.5872,0,0
2023-10-17,sz.002236,22.01,22.55,21.99,22.13,28709098,637039483.25,1.4655,0.5452,0,0
2023-10-18,sz.002236,21.87,22.02,21.39,21.87,32778099,712025491.72,1.6732,-1.1749,0,0
2023-10-19,sz.002236,21.88,22.11,21.55,21.56,26571013,578919814.21,1.3563,-1.4175,0,0
2023-10-20,sz.002236,21.45,21.66,20.88,20.94,36959715,780541381.18,1.8867,-2.8757,0,0
2023-10-23,sz.002236,21.18,21.37,20.67,21.1,43409161,911290415.88,2.2159,0.7641,0,0
2023-10-24,sz.002236,21.02,21.2,19.62,19.79,86351577,1721322045.14,4.4079,-6.2085,0,0
2023-10-25,sz.002236,20.0,20.55,19.25,19.56,69501456,1375664699.35,3.5478,-1.1622,0,0
2023-10-26,sz.002236,19.57,20.08,18.71,20.07,85158428,1646411181.03,4.347,2.6074,0,0
2023-10-27,sz.002236,19.9,20.53,19.66,20.22,56032802,1128459670.68,2.8603,0.7474,0,0
2023-10-30,sz.002236,20.18,20.72,19.8,20.61,46533989,947628966.08,2.3754,1.9288,0,0
2023-10-31,sz.002236,20.51,20.62,20.17,20.4,27839877,567004890.92,1.4211,-1.0189,0,0
2023-11-01,sz.002236,20.38,20.56,19.9,19.99,29146517,586549681.18,1.4878,-2.0098,0,0
2023-11-02,sz.002236,19.92,20.25,19.75,19.78,21333889,425268964.31,1.089,-1.0505,0,0
2023-11-03,sz.002236,19.96,20.62,19.91,20.31,38378210,778382115.88,1.9591,2.6795,0,0
2023-11-06,sz.002236,20.41,21.46,20.31,21.45,57070449,1201508796.88,2.9132,5.613,0,0
2023-11-07,sz.002236,21.26,21.72,21.13,21.55,40227183,860859192.22,2.0534,0.4662,0,0
2023-11-08,sz.002236,21.5,21.72,21.24,21.45,31614170,678352544.33,1.6138,-0.464,0,0
2023-11-09,sz.002236,21.39,21.84,21.2,21.38,26559597,569496385.51,1.3558,-0.3263,0,0
2023-11-10,sz.002236,21.3,21.49,21.01,21.14,20733933,439658894.22,1.0584,-1.1225,0,0
2023-11-13,sz.002236,21.19,21.9,21.15,21.27,37543025,806162514.35,1.9164,0.6149,0,0
2023-11-14,sz.002236,21.31,21.45,21.02,21.11,29448679,624344859.13,1.5032,-0.7522,0,0
2023-11-15,sz.002236,21.3,21.7,21.21,21.41,39803948,853003500.89,2.0318,1.4211,0,0
2023-11-16,sz.002236,21.18,21.24,20.89,20.89,25796643,543018946.71,1.3168,-0.9953,0,0
2023-11-17,sz.002236,20.85,21.18,20.56,20.79,29835648,620010719.29,1.523,-0.4787,0,0
2023-11-20,sz.002236,20.8,20.87,20.35,20.42,36571494,750179366.25,1.8668,-1.7797,0,0
2023-11-21,sz.002236,20.5,20.55,19.96,20.0,39332267,794664087.97,2.0078,-2.0568,0,0
2023-11-22,sz.002236,19.95,19.97,19.65,19.65,27591312,546206839.68,1.4084,-1.75,0,0
2023-11-23,sz.002236,19.69,20.09,19.5,20.06,31597407,627236071.92,1.6129,2.0865,0,0
2023-11-24,sz.002236,20.02,20.02,19.55,19.62,26094561,513135442.13,1.332,-2.1934,0,0
2023-11-27,sz.002236,19.6,19.8,19.44,19.74,21304236,418086520.46,1.0875,0.6116,0,0
2023-11-28,sz.002236,19.75,19.9,19.56,19.87,19304240,382040437.03,0.9854,0.6586,0,0
2023-11-29,sz.002236,19.84,19.84,19.5,19.5,20505911,402186420.16,1.0467,-1.8621,0,0
2023-11-30,sz.002236,19.47,19.6,19.2,19.33,21694741,419742503.42,1.1074,-0.8718,0,0
2023-12-01,sz.002236,19.3,19.98,19.22,19.87,30602230,601695335.52,1.5621,2.7936,0,0
2023-12-04,sz.002236,19.86,19.9,19.45,19.52,27652470,542042380.04,1.4116,-1.7614,0,0
2023-12-05,sz.002236,19.43,19.43,19.08,19.1,22013798,423094747.06,1.1237,-2.1516,0,0
2023-12-06,sz.002236,19.1,19.23,18.88,18.9,27239102,517732875.49,1.3905,-1.0471,0,0
2023-12-07,sz.002236,18.93,19.59,18.93,19.31,34703160,670035772.05,1.7715,2.1693,0,0
2023-12-08,sz.002236,19.52,20.15,19.46,19.85,53773478,1070115750.3,2.7449,2.7965,0,0
2023-12-11,sz.002236,19.7,19.92,19.33,19.89,34400125,674943528.58,1.756,0.2015,0,0
2023-12-12,sz.002236,19.89,20.09,19.67,19.73,23698554,469889710.02,1.2097,-0.8044,0,0
2023-12-13,sz.002236,19.66,19.74,19.09,19.15,34160372,661891714.3,1.7438,-2.9397,0,0
2023-12-14,sz.002236,19.27,19.54,18.97,19.06,23970665,460488994.59,1.2236,-0.47,0,0
2023-12-15,sz.002236,19.11,19.13,18.7,18.71,33486049,631038239.47,1.7093,-1.8363,0,0
2023-12-18,sz.002236,18.62,18.78,18.46,18.54,18330412,341269987.86,0.9357,-0.9086,0,0
2023-12-19,sz.002236,18.58,18.8,18.41,18.77,17120205,319217685.65,0.8739,1.2406,0,0
2023-12-20,sz.002236,18.8,18.8,17.91,17.92,38256214,696719172.65,1.9528,-4.5285,0,0
2023-12-21,sz.002236,17.98,18.33,17.83,18.26,25501816,461656078.48,1.3018,1.8973,0,0
2023-12-22,sz.002236,18.21,18.25,17.7,17.81,27722353,497397960.05,1.4151,-2.4644,0,0
2023-12-25,sz.002236,17.78,18.19,17.78,18.01,17121081,308650098.89,0.874,1.123,0,0
2023-12-26,sz.002236,18.01,18.01,17.55,17.65,21596723,381603701.29,1.1024,-1.9989,0,0
2023-12-27,sz.002236,17.64,17.85,17.6,17.69,20145295,357105996.1,1.0283,0.2266,0,0
2023-12-28,sz.002236,17.69,18.32,17.57,18.21,32833731,593029564.85,1.676,2.9395,0,0
2023-12-29,sz.002236,18.18,18.6,18.08,18.45,25012281,460441754.19,1.2768,1.318,0,0
2024-01-02,sz.002236,18.42,18.48,17.95,17.99,29389426,531515416.56,1.5002,-2.4932,0,0
2024-01-03,sz.002236,17.97,18.2,17.7,17.8,22704767,406152369.42,1.159,-1.0561,0,0
2024-01-04,sz.002236,17.76,17.78,17.34,17.51,25121882,439294953.51,1.2824,-1.6292,0,0
2024-01-05,sz.002236,17.42,17.59,16.89,17.01,31139902,536538737.97,1.5896,-2.8555,0,0
2024-01-08,sz.002236,17.05,17.1,16.83,16.87,22032582,373845202.87,1.1247,-0.823,0,0
2024-01-09,sz.002236,16.88,17.06,16.37,16.55,39395731,654608230.6,2.011,-1.8969,0,0
2024-01-10,sz.002236,16.5,16.65,16.05,16.39,29961584,490416183.39,1.5294,-0.9668,0,0
2024-01-11,sz.002236,16.4,16.93,16.35,16.83,26535644,444018369.98,1.3545,2.6846,0,0
2024-01-12,sz.002236,17.76,17.8,16.95,16.99,59871061,1029255517.16,3.0562,0.9507,0,0
2024-01-15,sz.002236,16.86,17.17,16.71,17.0,33600962,570155436.08,1.7152,0.0589,0,0
2024-01-16,sz.002236,16.99,17.1,16.79,17.02,27944800,472548063.13,1.4265,0.1176,0,0
2024-01-17,sz.002236,17.02,17.08,16.74,16.74,22762729,385823712.65,1.162,-1.6451,0,0
2024-01-18,sz.002236,16.68,17.08,16.46,17.06,34535575,578962407.64,1.7629,1.9116,0,0
2024-01-19,sz.002236,17.0,17.18,16.91,17.12,29868107,509568196.03,1.5247,0.3517,0,0
2024-01-22,sz.002236,17.13,17.19,16.36,16.55,30322484,511438641.4,1.5478,-3.3294,0,0
2024-01-23,sz.002236,16.5,16.95,16.25,16.84,34840932,581343062.29,1.7785,1.7523,0,0
2024-01-24,sz.002236,16.86,16.95,16.21,16.84,31681425,526890800.44,1.6172,0.0,0,0
2024-01-25,sz.002236,16.8,17.3,16.71,17.28,38125982,651912534.8,1.9462,2.6128,0,0
2024-01-26,sz.002236,17.2,17.53,17.15,17.23,34350657,595743095.47,1.7535,-0.2894,0,0
2024-01-29,sz.002236,17.23,17.29,16.48,16.5,32335616,542846410.87,1.6506,-4.2368,0,0
2024-01-30,sz.002236,16.4,16.84,16.2,16.3,23420050,387357464.8,1.1955,-1.2121,0,0
2024-01-31,sz.002236,16.25,16.3,15.54,15.54,35220922,556730767.37,1.7979,-4.6626,0,0
2024-02-01,sz.002236,15.56,16.6,15.42,16.4,45337460,735695018.47,2.3143,5.5341,0,0
2024-02-02,sz.002236,16.3,16.55,15.52,15.89,38633549,617716727.16,1.9721,-3.1098,0,0
2024-02-05,sz.002236,15.78,16.27,15.03,15.75,43489760,680475650.28,2.22,-0.8811,0,0
2024-02-06,sz.002236,15.5,16.65,15.41,16.52,45587987,737859637.92,2.3271,4.8889,0,0
2024-02-07,sz.002236,16.5,17.06,16.31,16.92,47581069,798987147.35,2.4288,2.4213,0,0
2024-02-08,sz.002236,16.93,17.5,16.93,17.5,52757477,912481131.28,2.6931,3.4279,0,0
2024-02-19,sz.002236,18.49,18.49,17.71,18.12,75766826,1374936720.64,3.8676,3.5429,0,0
2024-02-20,sz.002236,17.9,17.9,17.62,17.82,36382163,646493718.2,1.8572,-1.6556,0,0
2024-02-21,sz.002236,17.8,18.2,17.65,17.84,42443469,761211130.34,2.1666,0.1122,0,0
2024-02-22,sz.002236,17.99,18.28,17.9,18.19,44958283,813623077.15,2.2949,1.9619,0,0
2024-02-23,sz.002236,18.2,18.23,17.8,18.01,50388983,903943513.71,2.5722,-0.9896,0,0
2024-02-26,sz.002236,18.03,18.25,17.93,18.06,48745571,882498764.3,2.4883,0.2776,0,0
2024-02-27,sz.002236,17.95,19.04,17.81,18.93,84490073,1560770883.0,4.3129,4.8173,0,0
2024-02-28,sz.002236,18.92,19.05,17.88,17.88,77366170,1433440116.16,3.9492,-5.5468,0,0
2024-02-29,sz.002236,17.79,18.56,17.7,18.51,55526226,1015850733.86,2.8344,3.5235,0,0
2024-03-01,sz.002236,18.45,19.17,18.4,19.05,75387165,1421814830.63,3.8482,2.9173,0,0
2024-03-04,sz.002236,19.24,19.49,18.78,19.07,69670093,1327358055.62,3.5564,0.105,0,0
2024-03-05,sz.002236,18.87,20.98,18.77,20.98,141801366,2853872050.97,7.2384,10.0157,1,0
2024-03-06,sz.002236,20.78,20.78,19.84,20.09,170420518,3438755374.67,8.6993,-4.2421,0,0
2024-03-07,sz.002236,19.99,20.27,19.3,19.45,110763700,2187511721.55,5.6541,-3.1857,0,0
2024-03-08,sz.002236,19.52,20.1,19.29,20.09,90273854,1779832111.19,4.6081,3.2905,0,0
2024-03-11,sz.002236,19.48,19.86,19.39,19.84,77208649,1514390026.74,3.9412,-1.2444,0,0
2024-03-12,sz.002236,19.84,20.44,19.6,20.26,104624487,2094959630.21,5.3407,2.1169,0,0
2024-03-13,sz.002236,20.2,20.27,19.74,19.82,72575818,1446024759.43,3.7047,-2.1718,0,0
2024-03-14,sz.002236,19.8,19.8,19.06,19.31,67777577,1314934713.44,3.4598,-2.5732,0,0
2024-03-15,sz.002236,19.25,19.57,19.08,19.5,46827865,903701331.77,2.3904,0.9839,0,0
2024-03-18,sz.002236,19.54,19.75,19.33,19.72,64367700,1258014321.77,3.2857,1.1282,0,0
2024-03-19,sz.002236,19.59,19.68,19.3,19.31,56463781,1097399201.76,2.8823,-2.0791,0,0
2024-03-20,sz.002236,19.34,19.68,19.29,19.49,46014121,895844176.34,2.3488,0.9322,0,0
2024-03-21,sz.002236,19.6,20.03,19.45,19.64,79986214,1582433085.8,4.083,0.7696,0,0
2024-03-22,sz.002236,19.54,19.61,18.94,19.07,63399984,1216136215.13,3.2363,-2.9022,0,0
2024-03-25,sz.002236,19.1,20.48,19.07,19.57,122292419,2428736576.17,6.2426,2.6219,0,0
2024-03-26,sz.002236,19.6,19.69,18.86,18.96,72104691,1379771628.33,3.6807,-3.117,0,0
2024-03-27,sz.002236,18.97,19.0,18.08,18.13,52836733,974090994.55,2.6971,-4.3776,0,0
2024-03-28,sz.002236,18.08,18.88,18.08,18.62,51875498,963093597.74,2.648,2.7027,0,0
2024-03-29,sz.002236,18.53,18.95,18.35,18.9,37986285,708454218.93,1.9391,1.5038,0,0
2024-04-01,sz.002236,18.98,19.22,18.91,19.1,41684156,794131008.4,2.1278,1.0582,0,0
2024-04-02,sz.002236,18.98,19.11,18.56,18.68,39916586,747022049.37,2.0376,-2.199,0,0
2024-04-03,sz.002236,18.66,18.67,18.24,18.28,32623251,599258404.33,1.6653,-2.1413,0,0
2024-04-08,sz.002236,18.28,18.4,18.11,18.14,32927914,599899424.51,1.6808,-0.7659,0,0
2024-04-09,sz.002236,18.14,18.34,17.86,18.3,36831404,666758338.51,1.8801,0.882,0,0
2024-04-10,sz.002236,18.28,18.28,17.6,17.68,38135688,679504406.12,1.9467,-3.388,0,0
2024-04-11,sz.002236,17.57,18.01,17.53,17.74,27339975,487344676.43,1.3956,0.3394,0,0
2024-04-12,sz.002236,17.77,18.29,17.66,18.09,40459287,725277009.52,2.0653,1.9729,0,0
2024-04-15,sz.002236,18.08,18.77,17.91,18.61,63669975,1172212592.67,3.2501,2.8745,0,0
2024-04-16,sz.002236,18.21,18.25,17.55,17.58,65736031,1177264077.72,3.1573,-5.5347,0,0
2024-04-17,sz.002236,17.62,18.29,17.62,18.13,53633953,967060830.73,2.576,3.1286,0,0
2024-04-18,sz.002236,18.0,18.48,17.58,17.97,61928588,1111466589.09,2.9744,-0.8825,0,0
2024-04-19,sz.002236,17.74,17.78,17.27,17.3,53934610,943231773.49,2.5904,-3.7284,0,0
2024-04-22,sz.002236,17.1,17.26,16.65,16.88,49480143,837141657.18,2.3765,-2.4277,0,0
2024-04-23,sz.002236,16.93,17.05,16.7,16.79,29275992,492678204.04,1.4061,-0.5332,0,0
2024-04-24,sz.002236,16.88,17.16,16.81,17.07,34699205,589716734.13,1.6666,1.6677,0,0
2024-04-25,sz.002236,16.97,17.04,16.78,16.84,29347645,495780649.8,1.4095,-1.3474,0,0
2024-04-26,sz.002236,16.86,17.48,16.86,17.36,51041990,879764893.98,2.4515,3.0879,0,0
2024-04-29,sz.002236,17.38,18.45,17.36,18.19,81062916,1456838558.38,3.8934,4.7811,0,0
2024-04-30,sz.002236,18.18,18.19,17.87,17.99,39251714,706848418.68,1.8852,-1.0995,0,0
2024-05-06,sz.002236,18.27,18.35,17.97,18.08,44530858,808582160.6,2.1388,0.5003,0,0
2024-05-07,sz.002236,18.09,18.32,17.91,18.04,40000550,724041702.65,1.9212,-0.2212,0,0
2024-05-08,sz.002236,17.95,17.96,17.5,17.53,36382297,643063303.33,1.7474,-2.8271,0,0
2024-05-09,sz.002236,17.53,17.83,17.51,17.71,28839659,510175513.57,1.3851,1.0268,0,0
2024-05-10,sz.002236,17.71,17.76,17.26,17.48,35291392,614878914.72,1.695,-1.2987,0,0
2024-05-13,sz.002236,17.38,17.95,17.25,17.67,41586869,734384321.48,1.9974,1.087,0,0
2024-05-14,sz.002236,17.69,18.04,17.53,17.6,32547380,577678363.04,1.5632,-0.3962,0,0
2024-05-15,sz.002236,17.58,17.74,17.37,17.4,23653200,414289990.01,1.136,-1.1364,0,0
2024-05-16,sz.002236,17.49,17.62,17.36,17.39,28228715,493420027.64,1.3558,-0.0575,0,0
2024-05-17,sz.002236,17.38,17.51,17.15,17.51,26981750,468728119.13,1.2959,0.6901,0,0
2024-05-20,sz.002236,17.51,17.98,17.44,17.9,46054433,819924367.55,2.212,2.2273,0,0
2024-05-21,sz.002236,17.94,18.07,17.75,17.8,25027110,446950267.36,1.202,-0.5587,0,0
2024-05-22,sz.002236,17.5,17.57,17.25,17.54,25266983,440813341.1,1.2136,0.6889,0,0
2024-05-23,sz.002236,17.58,17.64,17.1,17.15,29793799,513857794.96,1.431,-2.2235,0,0
2024-05-24,sz.002236,17.16,17.18,16.74,16.76,29684521,502410286.38,1.4257,-2.2741,0,0
2024-05-27,sz.002236,16.9,16.9,16.4,16.72,28949655,479848830.8,1.3904,-0.2387,0,0
2024-05-28,sz.002236,16.72,16.82,16.42,16.46,22822778,378382823.47,1.0962,-1.555,0,0
2024-05-29,sz.002236,16.46,16.6,16.29,16.38,20074920,329914948.36,0.9642,-0.486,0,0
2024-05-30,sz.002236,16.3,16.37,16.15,16.27,20999244,341223336.65,1.0086,-0.6716,0,0
2024-05-31,sz.002236,16.29,16.54,16.29,16.39,22861429,375658263.41,1.098,0.7376,0,0
2024-06-03,sz.002236,16.4,16.75,16.21,16.52,30043683,495397560.88,1.443,0.7932,0,0
2024-06-04,sz.002236,16.4,16.54,16.35,16.5,21224426,349050504.64,1.0194,-0.1211,0,0
2024-06-05,sz.002236,16.53,16.83,16.48,16.6,34510562,575774906.64,1.6575,0.6061,0,0
2024-06-06,sz.002236,16.65,16.75,16.29,16.37,29127601,480184704.69,1.399,-1.3855,0,0
2024-06-07,sz.002236,16.43,16.49,16.01,16.15,27096893,438849500.96,1.3014,-1.3439,0,0
2024-06-11,sz.002236,16.06,16.28,15.87,16.27,27264087,438977144.68,1.3095,0.743,0,0
2024-06-12,sz.002236,16.17,16.47,16.13,16.3,20680813,338334134.55,0.9933,0.1844,0,0
2024-06-13,sz.002236,16.37,16.4,16.18,16.22,17783009,289425617.23,0.8541,-0.4908,0,0
2024-06-14,sz.002236,16.17,16.58,16.13,16.54,32122162,528140469.14,1.5428,1.9729,0,0
2024-06-17,sz.002236,16.5,16.62,16.41,16.43,27086988,447241942.64,1.301,-0.6651,0,0
2024-06-18,sz.002236,16.44,16.71,16.39,16.6,27234585,451367505.84,1.3081,1.0347,0,0
2024-06-19,sz.002236,16.7,16.77,16.4,16.43,24010915,396927203.95,1.1532,-1.0241,0,0
2024-06-20,sz.002236,16.31,16.34,15.8,15.8,46501701,743852373.07,2.2334,-3.8344,0,0
2024-06-21,sz.002236,15.8,16.04,15.72,15.88,21769158,345177287.49,1.0456,0.5063,0,0
2024-06-24,sz.002236,15.7,15.84,15.4,15.42,30015016,468396583.33,1.4416,-2.8967,0,0
2024-06-25,sz.002236,15.49,15.66,14.98,15.08,30740045,469056299.3,1.4764,-2.2049,0,0
2024-06-26,sz.002236,15.08,15.65,14.98,15.59,24560028,376254821.68,1.1796,3.382,0,0
2024-06-27,sz.002236,15.53,15.57,15.26,15.28,19332484,297516215.36,0.9285,-1.9885,0,0
2024-06-28,sz.002236,15.28,15.56,15.24,15.46,26141400,403421247.0,1.2556,1.178,0,0
2024-07-01,sz.002236,15.35,15.48,15.1,15.4,20413390,312327511.33,0.9804,-0.3881,0,0
2024-07-02,sz.002236,15.42,15.52,15.21,15.25,16134059,248070500.0,0.7749,-0.974,0,0
2024-07-03,sz.002236,15.19,15.25,14.91,15.05,20940832,315433021.44,1.0058,-1.3115,0,0
2024-07-04,sz.002236,15.06,15.22,14.82,14.85,19691809,295161359.83,0.9458,-1.3289,0,0
2024-07-05,sz.002236,14.9,14.92,14.56,14.79,21938935,322382140.65,1.0537,-0.404,0,0
2024-07-08,sz.002236,14.68,14.72,14.21,14.27,24621427,354970209.69,1.1826,-3.5159,0,0
2024-07-09,sz.002236,14.27,14.7,14.22,14.69,31592636,457696255.64,1.5174,2.9432,0,0
2024-07-10,sz.002236,14.6,15.05,14.58,14.8,25191064,374271630.64,1.2099,0.7488,0,0
2024-07-11,sz.002236,15.08,15.3,14.91,15.24,35908133,543107708.81,1.7246,2.973,0,0
2024-07-12,sz.002236,15.18,15.18,14.97,15.04,20930416,315165585.64,1.0053,-1.3123,0,0
2024-07-15,sz.002236,14.98,15.04,14.83,14.94,14369550,214762513.0,0.6835,-0.6649,0,0
2024-07-16,sz.002236,14.88,15.17,14.86,15.15,21373214,322015486.07,1.0166,1.4056,0,0
2024-07-17,sz.002236,15.14,15.16,14.98,14.99,15969343,240391976.45,0.7596,-1.0561,0,0
2024-07-18,sz.002236,14.9,14.95,14.64,14.92,22830312,337907103.13,1.086,-0.467,0,0
2024-07-19,sz.002236,14.83,15.2,14.81,15.12,22943095,345807877.8,1.0913,1.3405,0,0
2024-07-22,sz.002236,15.15,15.19,15.01,15.1,16515697,249286977.1,0.7856,-0.1323,0,0
2024-07-23,sz.002236,15.09,15.1,14.5,14.51,27600279,407100353.06,1.3128,-3.9073,0,0
2024-07-24,sz.002236,14.44,14.55,14.26,14.31,19651231,282354689.57,0.9347,-1.3784,0,0
2024-07-25,sz.002236,14.22,14.51,14.15,14.39,14408431,206787624.49,0.6854,0.559,0,0
2024-07-26,sz.002236,14.39,14.65,14.38,14.53,14271990,207396852.5,0.6789,0.9729,0,0
2024-07-29,sz.002236,14.52,14.59,14.4,14.4,12033039,174304800.46,0.5724,-0.8947,0,0
2024-07-30,sz.002236,14.37,14.39,14.16,14.36,15391756,219949927.05,0.7321,-0.2778,0,0
2024-07-31,sz.002236,14.35,15.0,14.34,15.0,31601541,467969637.49,1.5032,4.4568,0,0
2024-08-01,sz.002236,15.0,15.14,14.89,14.92,18397373,275965095.06,0.8751,-0.5333,0,0
2024-08-02,sz.002236,14.79,15.02,14.69,14.71,19417812,288090898.59,0.9236,-1.4075,0,0
2024-08-05,sz.002236,14.63,14.8,14.15,14.15,30489786,439178333.16,1.4503,-3.8069,0,0
2024-08-06,sz.002236,14.35,14.39,14.16,14.28,18427155,262660054.82,0.8765,0.9187,0,0
2024-08-07,sz.002236,14.29,14.35,13.93,13.99,32809615,463089309.0,1.5606,-2.0308,0,0
2024-08-08,sz.002236,13.93,14.03,13.73,13.94,22986620,318636901.31,1.0934,-0.3574,0,0
2024-08-09,sz.002236,14.03,14.17,13.7,13.72,22025732,306116944.75,1.0477,-1.5782,0,0
2024-08-12,sz.002236,13.7,13.75,13.62,13.67,14336160,196050933.18,0.6823,-0.3644,0,0
2024-08-13,sz.002236,13.7,13.75,13.56,13.69,12993890,177088582.1,0.6185,0.1463,0,0
2024-08-14,sz.002236,13.69,13.79,13.64,13.74,14155776,194085653.62,0.6738,0.3652,0,0
2024-08-15,sz.002236,13.68,14.04,13.62,13.9,19317291,268411391.28,0.9194,1.1645,0,0
2024-08-16,sz.002236,13.87,14.05,13.85,13.93,14642740,204574428.2,0.6969,0.2158,0,0
2024-08-19,sz.002236,13.9,14.02,13.72,13.73,24231933,335173662.84,1.1533,-1.4358,0,0
2024-08-20,sz.002236,13.74,13.76,13.44,13.5,19759057,267426518.66,0.9405,-1.6752,0,0
2024-08-21,sz.002236,13.45,13.55,13.25,13.27,20358029,272708617.79,0.969,-1.7037,0,0
2024-08-22,sz.002236,13.27,13.33,12.95,13.03,26388049,346066868.09,1.256,-1.8086,0,0
2024-08-23,sz.002236,13.03,13.19,12.95,13.11,21301731,278509985.16,1.0139,0.614,0,0
2024-08-26,sz.002236,13.29,13.59,13.22,13.38,30150195,405034508.85,1.435,2.0595,0,0
2024-08-27,sz.002236,13.26,13.31,13.01,13.06,18701712,245344128.06,0.8901,-2.3916,0,0
2024-08-28,sz.002236,13.01,13.21,12.96,13.18,16772471,219551070.32,0.7983,0.9188,0,0
2024-08-29,sz.002236,13.13,13.45,13.1,13.35,20030626,267060718.08,0.9534,1.2898,0,0
2024-08-30,sz.002236,13.32,13.9,13.31,13.72,34044547,467102447.38,1.6204,2.7715,0,0
2024-09-02,sz.002236,13.71,13.8,13.52,13.52,22774493,310412071.98,1.084,-1.4577,0,0
2024-09-03,sz.002236,13.52,13.82,13.51,13.73,19531606,267684132.46,0.9296,1.5533,0,0
2024-09-04,sz.002236,13.61,13.8,13.6,13.69,18550174,254619750.82,0.8829,-0.2913,0,0
2024-09-05,sz.002236,13.68,13.89,13.67,13.74,16386431,225448024.02,0.7799,0.3652,0,0
2024-09-06,sz.002236,13.74,13.79,13.52,13.52,14487500,197364541.4,0.6895,-1.6012,0,0
2024-09-09,sz.002236,13.43,13.55,13.27,13.37,16299542,217814662.36,0.7758,-1.1095,0,0
2024-09-10,sz.002236,13.41,13.67,13.28,13.6,17340129,233367118.27,0.8253,1.7203,0,0
2024-09-11,sz.002236,13.6,13.72,13.5,13.61,15333558,209106198.04,0.7298,0.0735,0,0
2024-09-12,sz.002236,13.68,13.8,13.52,13.52,12151772,165831704.49,0.5784,-0.6613,0,0
2024-09-13,sz.002236,13.52,13.65,13.45,13.52,13657782,185230237.96,0.6501,0.0,0,0
2024-09-18,sz.002236,13.51,13.63,13.35,13.58,15374869,207409929.5,0.7318,0.4438,0,0
2024-09-19,sz.002236,13.64,13.94,13.51,13.87,23195026,320155378.58,1.104,2.1355,0,0
2024-09-20,sz.002236,13.71,14.07,13.65,13.97,32945512,457499253.31,1.5681,2.0453,0,0
2024-09-23,sz.002236,13.98,14.31,13.91,14.08,29534184,417242372.47,1.4057,0.7874,0,0
2024-09-24,sz.002236,14.13,14.5,13.95,14.39,49335790,702603949.61,2.3482,2.2017,0,0
2024-09-25,sz.002236,14.53,14.82,14.53,14.61,50657695,743343160.53,2.4111,1.5288,0,0
2024-09-26,sz.002236,14.55,15.05,14.51,15.04,45214544,668742064.82,2.152,2.9432,0,0
2024-09-27,sz.002236,15.19,16.09,15.16,15.99,88175199,1378715455.2,4.1968,6.3165,0,0
2024-09-30,sz.002236,16.65,17.34,16.3,17.22,138945149,2345575938.35,6.6133,7.6923,0,0
2024-10-08,sz.002236,18.94,18.94,17.23,18.49,154328864,2827899698.05,7.3455,7.3751,0,0
2024-10-09,sz.002236,17.95,17.95,16.71,16.75,105311957,1823052812.87,5.0124,-9.4105,0,0
2024-10-10,sz.002236,16.9,17.22,16.42,16.73,62657887,1056993985.02,2.9823,-0.1194,0,0
2024-10-11,sz.002236,16.6,16.71,15.75,15.91,53950361,870277158.44,2.5678,-4.9014,0,0
2024-10-14,sz.002236,15.9,16.57,15.87,16.44,64239007,1042678479.54,3.0575,3.3312,0,0
2024-10-15,sz.002236,16.35,16.61,16.12,16.12,43900944,719482136.6,2.0895,-1.9465,0,0
2024-10-16,sz.002236,15.9,16.14,15.76,15.91,40297892,641764034.01,1.918,-1.3027,0,0
2024-10-17,sz.002236,16.02,16.33,15.89,15.91,39543536,635926338.81,1.8821,0.0,0,0
2024-10-18,sz.002236,15.81,16.72,15.77,16.42,67290100,1094450978.49,3.2028,3.2055,0,0
2024-10-21,sz.002236,16.75,17.16,16.64,16.89,75652751,1280346348.55,3.6008,2.8624,0,0
2024-10-22,sz.002236,16.8,16.83,16.54,16.71,45868796,764301065.82,2.1832,-1.0657,0,0
2024-10-23,sz.002236,16.71,16.83,16.56,16.64,39529112,660097741.46,1.8814,-0.4189,0,0
2024-10-24,sz.002236,16.58,16.63,16.3,16.35,35038993,574637892.01,1.6677,-1.7428,0,0
2024-10-25,sz.002236,16.38,16.58,16.22,16.45,35350539,579756845.98,1.6826,0.6116,0,0
2024-10-28,sz.002236,16.47,16.9,16.47,16.68,49816260,829510083.11,2.3711,1.3982,0,0
2024-10-29,sz.002236,16.79,16.85,16.41,16.43,48866821,810045039.71,2.3259,-1.4988,0,0
2024-10-30,sz.002236,16.3,16.41,16.07,16.23,38628831,627359148.88,1.8386,-1.2173,0,0
2024-10-31,sz.002236,16.23,16.52,16.09,16.44,44374285,725361439.87,2.112,1.2939,0,0
2024-11-01,sz.002236,16.4,16.4,15.91,16.03,46127772,744124945.74,2.1955,-2.4939,0,0
2024-11-04,sz.002236,16.07,16.35,16.06,16.29,28978836,470334634.57,1.3793,1.622,0,0
2024-11-05,sz.002236,16.28,17.49,16.25,17.29,108592711,1842738592.84,5.1686,6.1387,0,0
2024-11-06,sz.002236,17.32,17.39,16.9,17.14,72935264,1252292010.07,3.4714,-0.8676,0,0
2024-11-07,sz.002236,16.92,17.35,16.88,17.35,62885416,1079310444.67,2.9931,1.2252,0,0
2024-11-08,sz.002236,17.45,17.72,17.26,17.29,73722017,1289246236.7,3.5089,-0.3458,0,0
2024-11-11,sz.002236,17.25,18.3,17.03,18.19,115420373,2066530238.53,5.4936,5.2053,0,0
2024-11-12,sz.002236,18.38,18.38,17.68,17.83,81098324,1461485162.67,3.86,-1.9791,0,0
2024-11-13,sz.002236,17.8,18.26,17.7,18.07,61005016,1099252163.64,2.9036,1.346,0,0
2024-11-14,sz.002236,18.05,18.12,17.47,17.48,54319658,966563979.29,2.5854,-3.2651,0,0
2024-11-15,sz.002236,17.39,18.42,17.39,17.7,110165741,1986868200.83,5.2435,1.2586,0,0
2024-11-18,sz.002236,17.78,17.8,16.68,16.84,84947649,1450804391.26,4.0389,-4.8588,0,0
2024-11-19,sz.002236,16.85,17.04,16.5,17.04,49860217,838442105.58,2.3706,1.1876,0,0
2024-11-20,sz.002236,16.91,17.41,16.89,17.16,46417285,794791876.33,2.2069,0.7042,0,0
2024-11-21,sz.002236,17.07,17.18,16.82,16.99,33367519,567329523.99,1.5865,-0.9907,0,0
2024-11-22,sz.002236,16.97,17.35,16.42,16.43,56386452,954010785.34,2.6809,-3.2961,0,0
2024-11-25,sz.002236,16.41,16.47,15.81,16.04,52316764,838440695.63,2.4874,-2.3737,0,0
2024-11-26,sz.002236,15.98,16.15,15.9,15.91,24951391,399215420.05,1.1863,-0.8105,0,0
2024-11-27,sz.002236,15.84,16.24,15.58,16.24,37828282,601435549.72,1.7986,2.0742,0,0
2024-11-28,sz.002236,16.23,16.32,15.93,15.97,33728875,542928552.6,1.6037,-1.6626,0,0
2024-11-29,sz.002236,15.9,16.49,15.89,16.33,42034939,681721416.82,1.9986,2.2542,0,0
2024-12-02,sz.002236,16.36,16.54,16.21,16.46,37826786,620915786.49,1.7982,0.7961,0,0
2024-12-03,sz.002236,16.46,16.46,16.09,16.26,38954601,632341946.37,1.8518,-1.2151,0,0
2024-12-04,sz.002236,16.28,16.34,16.03,16.08,28518852,461170184.95,1.3557,-1.107,0,0
2024-12-05,sz.002236,16.03,16.22,16.03,16.13,27732025,446859023.05,1.3183,0.3109,0,0
2024-12-06,sz.002236,16.43,17.14,16.35,16.87,93862196,1571321117.51,4.4619,4.5877,0,0
2024-12-09,sz.002236,16.81,17.25,16.7,16.83,56230608,954261943.81,2.673,-0.2371,0,0
2024-12-10,sz.002236,17.25,17.41,16.98,17.03,77327014,1329501527.73,3.6759,1.1884,0,0
2024-12-11,sz.002236,16.98,17.05,16.86,16.94,37883480,642007147.9,1.8009,-0.5285,0,0
2024-12-12,sz.002236,16.97,17.03,16.71,16.92,40679607,684959081.89,1.9338,-0.1181,0,0
2024-12-13,sz.002236,16.8,16.93,16.56,16.67,47565505,794920524.36,2.2611,-1.4775,0,0
2024-12-16,sz.002236,16.68,16.78,16.41,16.49,32868903,545216129.87,1.5625,-1.0798,0,0
2024-12-17,sz.002236,16.5,16.63,16.34,16.35,30646287,504861856.18,1.4568,-0.849,0,0
2024-12-18,sz.002236,16.47,16.76,16.32,16.62,34772786,576275474.3,1.653,1.6514,0,0
2024-12-19,sz.002236,16.46,16.82,16.39,16.82,41651782,694201551.05,1.98,1.2034,0,0
2024-12-20,sz.002236,16.7,16.98,16.68,16.78,35772791,601267315.93,1.7005,-0.2378,0,0
2024-12-23,sz.002236,16.75,16.86,16.48,16.51,31195927,519646544.55,1.483,-1.6091,0,0
2024-12-24,sz.002236,16.49,16.67,16.36,16.56,28306916,467146184.93,1.3456,0.3028,0,0
2024-12-25,sz.002236,16.54,16.66,16.36,16.42,27348650,450478891.8,1.3001,-0.8454,0,0
2024-12-26,sz.002236,16.36,17.09,16.3,17.02,76250398,1288047561.44,3.6247,3.6541,0,0
2024-12-27,sz.002236,17.0,17.02,16.64,16.7,47807897,804971594.19,2.2726,-1.8801,0,0
2024-12-30,sz.002236,16.63,16.94,16.53,16.75,33884109,567727698.38,1.6107,0.2994,0,0
2024-12-31,sz.002236,16.79,16.84,15.98,16.0,72814328,1181491831.02,3.4614,-4.4776,0,0
2025-01-02,sz.002236,15.92,16.0,15.26,15.4,49737637,777065579.3,2.3644,-3.75,0,0
2025-01-03,sz.002236,15.41,15.51,14.93,14.93,37890379,576258284.1,1.8012,-3.0519,0,0
2025-01-06,sz.002236,14.95,15.09,14.74,14.86,27111781,403635709.7,1.2888,-0.4689,0,0
2025-01-07,sz.002236,14.86,14.98,14.78,14.98,27289578,406357720.7,1.2973,0.8075,0,0
2025-01-08,sz.002236,14.89,14.92,14.36,14.65,43761410,639765054.48,2.0803,-2.2029,0,0
2025-01-09,sz.002236,14.61,14.75,14.51,14.61,24763643,362169100.58,1.1772,-0.273,0,0
2025-01-10,sz.002236,14.58,14.83,14.36,14.36,29220382,426348517.74,1.389,-1.7112,0,0
2025-01-13,sz.002236,14.24,14.72,14.2,14.55,25398992,368828388.54,1.2074,1.3231,0,0
2025-01-14,sz.002236,14.61,15.1,14.52,15.09,40102958,596914241.38,1.9057,3.7113,0,0
2025-01-15,sz.002236,15.0,15.08,14.86,14.88,24501477,365696522.8,1.1643,-1.3917,0,0
2025-01-16,sz.002236,14.94,15.15,14.84,14.98,26377930,395257057.2,1.2535,0.672,0,0
2025-01-17,sz.002236,14.91,15.18,14.88,15.06,25311050,380712167.68,1.2028,0.534,0,0
2025-01-20,sz.002236,15.2,15.25,15.04,15.11,21829588,330678270.42,1.0374,0.332,0,0
2025-01-21,sz.002236,15.2,15.22,14.97,15.15,22270620,336168264.5,1.0583,0.2647,0,0
2025-01-22,sz.002236,15.04,15.28,15.04,15.17,23596090,357808379.54,1.1213,0.132,0,0
2025-01-23,sz.002236,15.3,15.51,15.18,15.18,30246934,464210311.5,1.4374,0.0659,0,0
2025-01-24,sz.002236,15.18,15.52,15.14,15.49,30352049,467277537.59,1.4424,2.0422,0,0
2025-01-27,sz.002236,15.36,15.43,15.15,15.15,30232513,461885786.32,1.4367,-2.195,0,0
2025-02-05,sz.002236,15.51,15.79,15.39,15.7,53045010,829700615.96,2.5208,3.6304,0,0
2025-02-06,sz.002236,15.62,16.1,15.51,16.07,51776092,824275967.81,2.4605,2.3567,0,0
2025-02-07,sz.002236,16.1,16.5,16.06,16.3,71815035,1166826838.72,3.4127,1.4312,0,0
2025-02-10,sz.002236,16.34,16.44,16.24,16.4,46832155,765965572.75,2.2255,0.6135,0,0
2025-02-11,sz.002236,16.3,16.95,16.22,16.78,78055679,1302494607.72,3.7093,2.3171,0,0
2025-02-12,sz.002236,16.79,17.2,16.72,17.08,64999112,1106050776.37,3.0888,1.7878,0,0
2025-02-13,sz.002236,17.12,17.14,16.66,16.76,58672793,986705896.87,2.7882,-1.8735,0,0
2025-02-14,sz.002236,16.64,17.66,16.56,17.27,88990457,1526044995.19,4.2289,3.043,0,0
2025-02-17,sz.002236,17.56,17.65,17.29,17.53,89778949,1570576456.09,4.2664,1.5055,0,0
2025-02-18,sz.002236,17.4,18.05,17.19,17.33,89592305,1576434294.19,4.2575,-1.1409,0,0
2025-02-19,sz.002236,17.41,17.64,17.25,17.49,62881246,1096915044.52,2.9882,0.9233,0,0
2025-02-20,sz.002236,17.5,17.63,17.08,17.24,64318154,1109941145.36,3.0565,-1.4294,0,0
2025-02-21,sz.002236,17.26,17.79,17.26,17.7,86634481,1524943901.06,4.117,2.6682,0,0
2025-02-24,sz.002236,17.84,18.18,17.43,17.92,95597495,1700209805.77,4.5429,1.2429,0,0
2025-02-25,sz.002236,17.5,18.14,17.36,17.74,78864796,1393162071.37,3.7478,-1.0045,0,0
2025-02-26,sz.002236,17.7,17.99,17.46,17.59,52325032,919625096.45,2.4866,-0.8455,0,0
2025-02-27,sz.002236,17.57,17.68,16.95,17.16,73192270,1260440054.01,3.4782,-2.4446,0,0
2025-02-28,sz.002236,17.05,17.15,16.35,16.44,60230642,1008118240.95,2.8622,-4.1958,0,0
2025-03-03,sz.002236,16.53,16.76,16.28,16.38,45423978,750797990.74,2.1586,-0.365,0,0
2025-03-04,sz.002236,16.28,16.67,16.21,16.61,37517218,618907499.52,1.7829,1.4042,0,0
2025-03-05,sz.002236,16.57,16.72,16.45,16.53,29714582,491412391.64,1.4121,-0.4816,0,0
2025-03-06,sz.002236,16.83,18.18,16.83,18.18,118703962,2113606539.59,5.641,9.9819,1,0
2025-03-07,sz.002236,18.8,20.0,18.68,19.37,465713987,9028331511.54,22.1313,6.5457,0,0
2025-03-10,sz.002236,19.23,19.55,18.25,18.91,298056549,5595480807.39,14.164,-2.3748,0,0
2025-03-11,sz.002236,18.75,18.88,18.3,18.65,161279490,2986291355.93,7.6642,-1.3749,0,0
2025-03-12,sz.002236,18.9,19.49,18.66,18.81,214677469,4078740760.64,10.2017,0.8579,0,0
2025-03-13,sz.002236,19.2,20.5,19.19,19.22,274841439,5406049242.3,13.0608,2.1797,0,0
2025-03-14,sz.002236,19.49,19.79,18.93,19.02,209832064,4036821357.15,9.9715,-1.0406,0,0
2025-03-17,sz.002236,19.04,19.77,18.89,19.14,187304225,3593288251.56,8.9009,0.6309,0,0
2025-03-18,sz.002236,19.13,20.44,19.03,19.86,250800062,4950122184.3,11.9183,3.7618,0,0
2025-03-19,sz.002236,19.52,19.6,18.79,18.9,185530050,3548097203.93,8.8166,-4.8338,0,0
2025-03-20,sz.002236,18.8,18.9,18.37,18.38,119404171,2217923846.64,5.6742,-2.7513,0,0
2025-03-21,sz.002236,18.44,18.48,17.78,17.85,106257692,1918707015.5,5.0495,-2.8836,0,0
2025-03-24,sz.002236,17.82,17.93,17.24,17.58,87843758,1539311348.66,4.1744,-1.5126,0,0
2025-03-25,sz.002236,17.52,17.57,17.22,17.3,56864992,986874988.66,2.7023,-1.5927,0,0
2025-03-26,sz.002236,17.33,17.48,17.18,17.19,55250502,955333965.42,2.6256,-0.6358,0,0
2025-03-27,sz.002236,17.16,17.42,17.0,17.21,59386155,1024181899.25,2.8175,0.1163,0,0
2025-03-28,sz.002236,17.1,17.22,17.03,17.06,38215461,653828161.0,1.8131,-0.8716,0,0
2025-03-31,sz.002236,16.96,17.07,16.68,17.02,57741993,973920052.12,2.7396,-0.2345,0,0
2025-04-01,sz.002236,17.09,17.16,16.84,16.87,44541557,755361948.02,2.1133,-0.8813,0,0
2025-04-02,sz.002236,16.88,17.13,16.81,16.92,38388104,651115116.66,1.8214,0.2964,0,0
2025-04-03,sz.002236,16.67,16.8,16.42,16.47,54069598,896955719.53,2.5654,-2.6596,0,0
2025-04-07,sz.002236,15.6,15.8,14.82,14.82,89977033,1363295644.3,4.2691,-10.0182,0,1
2025-04-08,sz.002236,14.98,15.11,14.54,14.84,72921247,1080471034.35,3.4598,0.135,0,0
2025-04-09,sz.002236,14.79,15.19,14.37,15.11,71650446,1068728984.35,3.3995,1.8194,0,0
2025-04-10,sz.002236,15.45,15.65,15.34,15.39,63572970,984871795.03,3.0163,1.8531,0,0
2025-04-11,sz.002236,15.2,15.59,15.15,15.44,44365046,683822647.86,2.105,0.3249,0,0
2025-04-14,sz.002236,15.69,15.74,15.5,15.54,39920220,621980769.2,1.8941,0.6477,0,0
2025-04-15,sz.002236,15.48,15.57,15.25,15.44,30515190,469419883.27,1.4478,-0.6435,0,0
2025-04-16,sz.002236,15.38,15.54,15.27,15.47,34469000,531083444.7,1.6354,0.1943,0,0
2025-04-17,sz.002236,15.32,15.53,15.31,15.48,24871539,385004647.72,1.1801,0.0646,0,0
2025-04-18,sz.002236,15.4,15.62,15.37,15.59,21939000,340953945.01,1.0409,0.7106,0,0
2025-04-21,sz.002236,15.61,15.8,15.52,15.79,31015821,487076927.5,1.4716,1.2829,0,0
2025-04-22,sz.002236,15.75,15.83,15.66,15.75,28572414,450120616.9,1.3557,-0.2533,0,0
2025-04-23,sz.002236,15.84,16.24,15.84,16.01,56369309,903973697.76,2.6745,1.6508,0,0
2025-04-24,sz.002236,16.02,16.14,15.91,15.98,31540149,504976926.92,1.4965,-0.1874,0,0
2025-04-25,sz.002236,15.96,16.12,15.92,16.09,26117134,418854075.31,1.2392,0.6884,0,0
2025-04-28,sz.002236,16.11,16.2,15.95,15.97,26866822,430910470.79,1.2747,-0.7458,0,0
2025-04-29,sz.002236,15.91,16.1,15.82,16.07,23100473,369955932.29,1.096,0.6262,0,0
2025-04-30,sz.002236,15.65,15.82,15.56,15.72,29994386,471781926.93,1.4231,0.7047,0,0
2025-05-06,sz.002236,15.88,16.09,15.83,16.09,37765957,603161649.24,1.7919,2.3537,0,0
2025-05-07,sz.002236,16.26,16.3,15.87,15.98,41938223,671850893.65,1.9897,-0.6837,0,0
2025-05-08,sz.002236,15.93,16.07,15.91,16.04,31149094,498819334.59,1.4778,0.3755,0,0
2025-05-09,sz.002236,16.0,16.0,15.66,15.8,36401566,574921460.89,1.727,-1.4963,0,0
2025-05-12,sz.002236,15.95,15.99,15.87,15.99,30138017,480237205.64,1.4299,1.2025,0,0
2025-05-13,sz.002236,16.1,16.15,15.84,15.85,38633788,616074565.76,1.833,-0.8755,0,0
2025-05-14,sz.002236,15.86,15.98,15.72,15.9,26884937,425742955.1,1.2755,0.3155,0,0
2025-05-15,sz.002236,15.87,15.89,15.56,15.58,28230543,442419522.9,1.3394,-2.0126,0,0
2025-05-16,sz.002236,15.52,15.65,15.5,15.58,16950699,264203514.65,0.8042,0.0,0,0
2025-05-19,sz.002236,15.58,15.61,15.42,15.59,18932718,293862296.46,0.8982,0.0642,0,0
2025-05-20,sz.002236,15.59,15.7,15.51,15.69,20684765,323339593.76,0.9814,0.6414,0,0
2025-05-21,sz.002236,15.66,15.72,15.55,15.67,18329906,286630810.97,0.8696,-0.1275,0,0
2025-05-22,sz.002236,15.61,15.7,15.56,15.58,17016823,265927493.43,0.8074,-0.5743,0,0
2025-05-23,sz.002236,15.56,15.65,15.33,15.34,25704061,398382495.68,1.2195,-1.5404,0,0
2025-05-26,sz.002236,15.32,15.44,15.3,15.41,15313219,235481915.34,0.7265,0.4563,0,0
2025-05-27,sz.002236,15.38,15.39,15.21,15.25,15123607,231025828.01,0.7175,-1.0383,0,0
2025-05-28,sz.002236,15.27,15.33,15.15,15.18,12933681,196820243.44,0.6136,-0.459,0,0
2025-05-29,sz.002236,15.25,15.5,15.22,15.49,24190157,372794328.08,1.1477,2.0422,0,0
2025-05-30,sz.002236,15.45,15.45,15.24,15.24,18084111,276738594.34,0.858,-1.6139,0,0
2025-06-03,sz.002236,15.22,15.32,15.15,15.16,21400198,325407060.0,1.0146,-0.5249,0,0
2025-06-04,sz.002236,15.2,15.36,15.17,15.32,18741425,286511706.53,0.8885,1.0554,0,0
2025-06-05,sz.002236,15.35,15.6,15.27,15.56,28694522,443188776.75,1.3604,1.5666,0,0
2025-06-06,sz.002236,15.55,15.6,15.46,15.53,18618641,288853943.16,0.8827,-0.1928,0,0
2025-06-09,sz.002236,15.55,15.65,15.5,15.6,18642908,290616339.05,0.8839,0.4507,0,0
2025-06-10,sz.002236,15.6,15.63,15.25,15.34,24984310,384678438.1,1.1845,-1.6667,0,0
2025-06-11,sz.002236,15.33,15.5,15.33,15.41,17545350,270763715.7,0.8318,0.4563,0,0
2025-06-12,sz.002236,15.37,15.56,15.33,15.42,19765346,305451537.7,0.937,0.0649,0,0
2025-06-13,sz.002236,15.38,15.48,15.23,15.24,24726773,378784829.64,1.1723,-1.1673,0,0
2025-06-16,sz.002236,15.21,15.42,15.18,15.39,18062722,277078668.7,0.8563,0.9843,0,0
2025-06-17,sz.002236,15.4,15.47,15.35,15.42,16450375,253535849.28,0.7799,0.1949,0,0
2025-06-18,sz.002236,15.36,15.48,15.35,15.47,17786266,274405575.58,0.8432,0.3243,0,0
2025-06-19,sz.002236,15.43,15.53,15.24,15.27,20530676,315700305.15,0.9733,-1.2928,0,0
2025-06-20,sz.002236,15.23,15.33,15.19,15.2,17333081,264178204.77,0.8217,-0.4584,0,0
2025-06-23,sz.002236,15.13,15.6,15.08,15.39,26014963,398880919.19,1.2333,1.25,0,0
2025-06-24,sz.002236,15.4,15.65,15.39,15.63,33026570,514059069.21,1.5657,1.5595,0,0
2025-06-25,sz.002236,15.63,15.8,15.57,15.79,38733235,608440457.81,1.8363,1.0237,0,0
2025-06-26,sz.002236,15.77,15.92,15.72,15.82,33947071,537650413.97,1.6094,0.19,0,0
2025-06-27,sz.002236,15.87,15.99,15.76,15.85,29985117,476621825.98,1.421,0.1896,0,0
2025-06-30,sz.002236,15.85,15.96,15.81,15.88,25768977,409027714.98,1.2212,0.1893,0,0
2025-07-01,sz.002236,15.89,15.98,15.77,15.83,22498944,356889348.21,1.0663,-0.3149,0,0
2025-07-02,sz.002236,15.83,15.88,15.61,15.67,24850791,390229526.45,1.1777,-1.0107,0,0
2025-07-03,sz.002236,15.69,15.92,15.67,15.89,23749031,375594070.44,1.1255,1.404,0,0
2025-07-04,sz.002236,15.91,15.92,15.77,15.79,20584823,325762022.56,0.9755,-0.6293,0,0
2025-07-07,sz.002236,15.76,15.79,15.62,15.65,17774817,278821230.85,0.8424,-0.8866,0,0
2025-07-08,sz.002236,15.63,15.92,15.63,15.9,28868636,457569861.76,1.3681,1.5974,0,0
2025-07-09,sz.002236,15.92,15.96,15.76,15.83,21210650,336867256.73,1.0052,-0.4403,0,0
2025-07-10,sz.002236,15.85,15.96,15.77,15.89,22996055,364723910.23,1.0898,0.379,0,0
2025-07-11,sz.002236,15.88,16.07,15.81,15.99,36727163,585999186.32,1.7405,0.6293,0,0
2025-07-14,sz.002236,16.02,16.02,15.92,15.92,22035940,351717280.01,1.0443,-0.4378,0,0
2025-07-15,sz.002236,15.91,16.3,15.9,16.25,54957559,883711153.04,2.5973,2.0729,0,0
2025-07-16,sz.002236,16.2,16.28,16.04,16.09,38635702,623764315.25,1.8259,-0.9846,0,0
2025-07-17,sz.002236,16.07,16.2,15.98,16.15,34832165,560078044.54,1.6462,0.3729,0,0
2025-07-18,sz.002236,16.15,16.38,16.13,16.21,33369193,541713375.78,1.577,0.3715,0,0
2025-07-21,sz.002236,16.2,16.39,16.17,16.34,30767227,501570194.11,1.4541,0.802,0,0
2025-07-22,sz.002236,16.34,16.35,16.11,16.32,33844290,549901030.8,1.5995,-0.1224,0,0
2025-07-23,sz.002236,16.29,16.44,16.21,16.24,33235685,542826467.14,1.5707,-0.4902,0,0
2025-07-24,sz.002236,16.27,16.47,16.25,16.47,36567851,598183365.82,1.7282,1.4163,0,0
2025-07-25,sz.002236,16.47,16.68,16.43,16.62,39873873,660406597.09,1.8844,0.9107,0,0
2025-07-28,sz.002236,16.78,16.84,16.46,16.6,38675773,641651539.15,1.8278,-0.1203,0,0
2025-07-29,sz.002236,16.54,16.67,16.42,16.61,30762111,508333883.31,1.4538,0.0602,0,0
2025-07-30,sz.002236,16.62,16.65,16.34,16.45,32109329,530284568.09,1.5175,-0.9633,0,0
2025-07-31,sz.002236,16.37,16.57,16.18,16.26,50914067,832724905.35,2.4062,-1.155,0,0
2025-08-01,sz.002236,16.36,16.63,16.26,16.44,47262551,778098798.9,2.2336,1.107,0,0
2025-08-04,sz.002236,16.32,16.39,16.28,16.37,26809147,437749476.32,1.267,-0.4258,0,0
2025-08-05,sz.002236,16.37,16.5,16.35,16.5,30345502,499049620.12,1.4341,0.7941,0,0
2025-08-06,sz.002236,16.45,16.65,16.44,16.62,35590729,589736573.07,1.682,0.7273,0,0
2025-08-07,sz.002236,16.63,16.7,16.46,16.53,27083180,448373764.3,1.2799,-0.5415,0,0
2025-08-08,sz.002236,16.48,16.52,16.38,16.38,25666660,421469293.1,1.213,-0.9074,0,0
2025-08-11,sz.002236,16.38,16.57,16.38,16.54,26083668,430424989.18,1.2327,0.9768,0,0
2025-08-12,sz.002236,16.58,16.66,16.54,16.6,34860775,578930561.75,1.6475,0.3628,0,0
2025-08-13,sz.002236,16.66,16.78,16.58,16.75,43340741,724411682.46,2.0483,0.9036,0,0
2025-08-14,sz.002236,16.76,16.83,16.55,16.6,45784296,764409191.03,2.1638,-0.8955,0,0
2025-08-15,sz.002236,16.56,16.81,16.56,16.81,44368260,742555494.1,2.0968,1.2651,0,0
2025-08-18,sz.002236,17.17,18.49,17.16,18.19,214389564,3883742503.29,10.132,8.2094,0,0
2025-08-19,sz.002236,18.25,18.43,18.08,18.2,150494464,2747692045.6,7.1123,0.055,0,0
2025-08-20,sz.002236,18.25,18.4,18.0,18.32,101776171,1851370821.44,4.8099,0.6593,0,0
2025-08-21,sz.002236,18.48,18.66,18.13,18.24,85622140,1572129416.96,4.0465,-0.4367,0,0
2025-08-22,sz.002236,18.35,18.69,18.25,18.66,124262304,2296728504.64,5.8726,2.3026,0,0
2025-08-25,sz.002236,19.03,19.13,18.53,18.75,136733370,2569710090.54,6.462,0.4823,0,0
2025-08-26,sz.002236,18.65,19.0,18.55,18.86,97505886,1835934934.68,4.6081,0.5867,0,0
2025-08-27,sz.002236,18.99,19.82,18.85,18.87,193353429,3741741058.9,9.1378,0.053,0,0
2025-08-28,sz.002236,18.86,19.56,18.83,19.48,141524742,2720574686.96,6.6884,3.2326,0,0
2025-08-29,sz.002236,19.65,19.7,19.2,19.42,101683862,1973332797.52,4.8056,-0.308,0,0
2025-09-01,sz.002236,19.49,19.75,19.25,19.4,89016295,1730005848.76,4.2069,-0.103,0,0
2025-09-02,sz.002236,19.31,19.34,18.63,18.88,121374612,2296699292.54,5.7361,-2.6804,0,0
2025-09-03,sz.002236,18.95,19.1,18.63,18.68,74613729,1407053975.41,3.5262,-1.0593,0,0
2025-09-04,sz.002236,18.77,18.82,17.6,18.0,98732978,1791589844.63,4.6661,-3.6403,0,0
2025-09-05,sz.002236,18.01,18.4,17.81,18.37,66595290,1206520111.1,3.1473,2.0556,0,0
2025-09-08,sz.002236,18.32,18.63,18.23,18.55,56320422,1040498335.94,2.6617,0.9799,0,0
2025-09-09,sz.002236,18.47,18.48,18.06,18.15,46794721,853238335.71,2.2115,-2.1563,0,0
2025-09-10,sz.002236,18.2,18.4,17.97,18.14,41532605,755469432.36,1.9628,-0.0551,0,0
2025-09-11,sz.002236,18.15,18.59,18.09,18.59,60924850,1120865110.91,2.8793,2.4807,0,0
2025-09-12,sz.002236,18.53,18.89,18.51,18.56,62994231,1175769928.89,2.9771,-0.1614,0,0
2025-09-15,sz.002236,18.58,18.63,18.32,18.38,45436299,837238605.2,2.1473,-0.9698,0,0
2025-09-16,sz.002236,18.38,18.88,18.18,18.78,66259062,1228290989.68,3.1314,2.1763,0,0
2025-09-17,sz.002236,18.7,18.79,18.51,18.7,50661026,944852427.16,2.3942,-0.426,0,0
2025-09-18,sz.002236,18.72,20.57,18.63,19.84,270629335,5397156740.36,12.7899,6.0963,0,0
2025-09-19,sz.002236,19.83,19.83,19.33,19.38,128015385,2508502230.76,6.05,-2.3185,0,0
2025-09-22,sz.002236,19.59,19.83,19.39,19.83,102338703,2010702708.66,4.8365,2.322,0,0
2025-09-23,sz.002236,20.18,20.27,19.27,19.66,113090336,2224693745.38,5.3446,-0.8573,0,0
2025-09-24,sz.002236,19.56,20.48,19.46,20.45,146853642,2963432074.39,6.9403,4.0183,0,0
2025-09-25,sz.002236,20.88,21.33,20.45,20.97,153047155,3212743843.47,7.233,2.5428,0,0
2025-09-26,sz.002236,20.94,20.94,20.15,20.16,106406266,2177942943.68,5.0287,-3.8627,0,0
2025-09-29,sz.002236,20.2,20.35,19.91,20.05,88871410,1784526233.0,4.2,-0.5456,0,0
2025-09-30,sz.002236,20.15,20.55,20.05,20.15,82016988,1656388701.71,3.8761,0.4988,0,0
2025-10-09,sz.002236,20.2,21.66,20.17,21.2,151311098,3185393613.69,7.1509,5.2109,0,0
2025-10-10,sz.002236,21.0,21.12,20.47,20.58,101306102,2099066688.12,4.7877,-2.9245,0,0
2025-10-13,sz.002236,19.51,20.15,19.5,20.08,94029878,1866011598.53,4.4438,-2.4295,0,0
2025-10-14,sz.002236,20.17,20.48,19.22,19.33,97573351,1927770852.83,4.6113,-3.7351,0,0
2025-10-15,sz.002236,19.35,19.85,19.21,19.83,67270873,1314218121.0,3.1792,2.5867,0,0
2025-10-16,sz.002236,19.68,20.09,19.45,19.52,54370625,1065666855.12,2.5695,-1.5633,0,0
2025-10-17,sz.002236,19.46,19.53,18.62,18.65,77485110,1466261969.33,3.6619,-4.457,0,0
2025-10-20,sz.002236,18.9,19.05,18.65,18.77,43886283,827067811.98,2.0741,0.6434,0,0
2025-10-21,sz.002236,18.88,19.43,18.81,19.37,65008188,1243858972.52,3.0723,3.1966,0,0
2025-10-22,sz.002236,19.21,19.46,18.92,19.28,48341564,927341044.96,2.2846,-0.4646,0,0
2025-10-23,sz.002236,19.15,19.45,18.96,19.4,39756489,762560496.96,1.8789,0.6224,0,0
2025-10-24,sz.002236,19.63,20.12,19.61,19.96,78608317,1563075429.03,3.715,2.8866,0,0
2025-10-27,sz.002236,20.4,21.96,20.35,21.5,234462219,5059885821.25,11.0806,7.7154,0,0
2025-10-28,sz.002236,21.55,21.55,20.96,21.15,126440712,2686325905.15,5.9756,-1.6279,0,0
2025-10-29,sz.002236,21.15,21.23,20.88,21.17,80387100,1693332354.22,3.7991,0.0946,0,0
2025-10-30,sz.002236,21.16,21.34,20.81,20.83,72260974,1519101839.97,3.415,-1.606,0,0
2025-10-31,sz.002236,20.68,20.9,20.4,20.45,66117853,1363908628.94,3.1247,-1.8243,0,0
2025-11-03,sz.002236,20.58,20.67,20.25,20.6,57553542,1178638083.3,2.72,0.7335,0,0
2025-11-04,sz.002236,20.54,20.56,20.03,20.22,53776626,1090138093.87,2.5415,-1.8447,0,0
2025-11-05,sz.002236,19.89,20.21,19.7,20.14,48647914,970491481.33,2.2991,-0.3956,0,0
2025-11-06,sz.002236,20.2,20.73,20.12,20.6,67273446,1380574123.93,3.1793,2.284,0,0
2025-11-07,sz.002236,20.45,20.55,20.31,20.31,40915535,834561831.18,1.9337,-1.4078,0,0
2025-11-10,sz.002236,20.36,20.49,19.97,20.06,50392800,1014541928.6,2.3816,-1.2309,0,0
2025-11-11,sz.002236,20.15,20.23,19.73,19.79,44113239,878148578.61,2.0848,-1.346,0,0
2025-11-12,sz.002236,19.85,19.93,19.47,19.58,44929520,883698815.92,2.1234,-1.0611,0,0
2025-11-13,sz.002236,19.65,20.23,19.65,20.01,54520521,1090089389.92,2.5766,2.1961,0,0
2025-11-14,sz.002236,19.8,19.85,19.56,19.56,38022989,748767032.98,1.797,-2.2489,0,0
2025-11-17,sz.002236,19.52,19.54,19.12,19.22,40761136,785617824.86,1.9264,-1.7382,0,0
2025-11-18,sz.002236,19.35,19.48,19.12,19.2,30655564,591674956.85,1.4488,-0.1041,0,0
2025-11-19,sz.002236,19.2,19.36,18.99,19.13,28405826,543612668.38,1.3425,-0.3646,0,0
2025-11-20,sz.002236,19.25,19.3,18.97,18.98,22667154,433593160.4,1.0712,-0.7841,0,0
2025-11-21,sz.002236,18.7,18.88,18.39,18.4,43902259,815604419.58,2.0748,-3.0558,0,0
2025-11-24,sz.002236,18.53,18.83,18.3,18.74,32290054,599530846.97,1.526,1.8478,0,0
2025-11-25,sz.002236,18.82,19.1,18.79,18.82,36945233,699977949.91,1.746,0.4269,0,0
2025-11-26,sz.002236,18.75,19.02,18.71,18.86,24285276,458984675.65,1.1477,0.2125,0,0
2025-11-27,sz.002236,18.84,19.04,18.84,18.84,23497738,444802482.02,1.1105,-0.106,0,0
2025-11-28,sz.002236,18.84,18.94,18.68,18.94,20400517,385112684.23,0.9641,0.5308,0,0
2025-12-01,sz.002236,18.93,19.42,18.91,19.38,40367987,775995995.62,1.9078,2.3231,0,0
2025-12-02,sz.002236,19.36,19.48,19.3,19.43,25607116,496923500.2,1.2102,0.258,0,0
2025-12-03,sz.002236,19.43,19.44,19.15,19.26,22158459,427122491.2,1.0472,-0.8749,0,0
2025-12-04,sz.002236,19.27,19.31,19.07,19.2,18203096,349268683.24,0.8603,-0.3115,0,0
2025-12-05,sz.002236,19.19,19.32,19.09,19.24,21812240,418983466.31,1.0308,0.2083,0,0
2025-12-08,sz.002236,19.31,19.52,19.31,19.35,30471876,591264664.03,1.4401,0.5717,0,0
2025-12-09,sz.002236,19.13,19.33,19.0,19.04,26202581,501874849.53,1.2383,-0.6781,0,0
2025-12-10,sz.002236,18.94,19.0,18.65,18.94,29424344,552860023.84,1.3906,-0.5252,0,0
2025-12-11,sz.002236,19.0,19.02,18.57,18.58,28192291,528747954.83,1.3324,-1.9007,0,0
2025-12-12,sz.002236,18.62,18.88,18.47,18.85,33789982,633676975.94,1.5969,1.4532,0,0
2025-12-15,sz.002236,18.66,18.7,18.36,18.37,29296281,542633151.93,1.3845,-2.5464,0,0
2025-12-16,sz.002236,18.35,18.39,18.1,18.17,23257700,423236878.0,1.0992,-1.0887,0,0
2025-12-17,sz.002236,18.13,18.59,18.1,18.53,24035525,440795113.88,1.1359,1.9813,0,0
2025-12-18,sz.002236,18.38,18.63,18.35,18.5,18503490,343340842.6,0.8745,-0.1619,0,0
2025-12-19,sz.002236,18.59,18.93,18.57,18.68,27406702,514756599.91,1.2952,0.973,0,0
2025-12-22,sz.002236,18.72,18.92,18.72,18.84,21956329,413662298.39,1.0377,0.8565,0,0
2025-12-23,sz.002236,18.77,18.93,18.71,18.78,23600820,444007334.56,1.1154,-0.3185,0,0
2025-12-24,sz.002236,18.78,19.11,18.75,19.1,33076560,629014770.8,1.5632,1.7039,0,0
2025-12-25,sz.002236,19.11,19.14,18.96,19.08,24212450,461732525.7,1.1443,-0.1047,0,0
2025-12-26,sz.002236,19.03,19.23,18.94,19.06,25590179,488936362.75,1.2094,-0.1048,0,0
2025-12-29,sz.002236,19.08,19.11,18.87,18.94,27848480,529239051.58,1.3161,-0.6296,0,0
2025-12-30,sz.002236,18.83,19.04,18.81,18.96,27217493,515910960.86,1.2863,0.1056,0,0
2025-12-31,sz.002236,19.0,19.08,18.86,18.94,25870945,490645072.01,1.2227,-0.1055,0,0
2026-01-05,sz.002236,19.04,19.25,19.02,19.24,38066653,730207563.7,1.799,1.5839,0,0
2026-01-06,sz.002236,19.25,19.46,19.21,19.4,54107196,1047432077.41,2.5571,0.8316,0,0
2026-01-07,sz.002236,19.41,19.72,19.25,19.37,65759954,1280484905.52,3.1078,-0.1546,0,0
2026-01-08,sz.002236,19.33,19.44,19.15,19.29,51309741,990649137.5,2.4249,-0.413,0,0
2026-01-09,sz.002236,19.18,19.68,19.17,19.68,61369282,1197200725.31,2.9003,2.0218,0,0
2026-01-12,sz.002236,19.88,20.67,19.87,20.61,114482817,2328617871.68,5.4104,4.7256,0,0
2026-01-13,sz.002236,20.88,20.96,19.99,20.09,99770288,2030666639.2,4.7151,-2.523,0,0
2026-01-14,sz.002236,20.1,20.81,20.09,20.4,107257510,2194795327.1,5.069,1.5431,0,0
2026-01-15,sz.002236,20.2,20.59,20.18,20.4,56023916,1139985116.92,2.6477,0.0,0,0
2026-01-16,sz.002236,20.52,20.67,20.08,20.48,71716919,1461028042.65,3.3893,0.3922,0,0
2026-01-19,sz.002236,20.48,20.69,20.28,20.32,48976643,998624292.86,2.3146,-0.7813,0,0
2026-01-20,sz.002236,20.35,20.48,19.93,20.1,51881234,1043332021.67,2.4519,-1.0827,0,0
2026-01-21,sz.002236,20.15,21.4,20.15,20.95,133084816,2776075285.49,6.2896,4.2289,0,0
2026-01-22,sz.002236,21.0,21.16,20.72,20.76,63473438,1323284427.92,2.9997,-0.9069,0,0
2026-01-23,sz.002236,20.76,20.95,20.66,20.95,61030537,1271509659.89,2.8843,0.9152,0,0
2026-01-26,sz.002236,20.88,20.88,20.06,20.17,97844826,1985815954.08,4.6241,-3.7232,0,0
2026-01-27,sz.002236,20.1,20.2,19.57,19.94,68116998,1352415876.97,3.2192,-1.1403,0,0
2026-01-28,sz.002236,19.9,20.09,19.7,19.75,50232316,995866585.93,2.374,-0.9529,0,0
2026-01-29,sz.002236,19.65,19.82,19.26,19.38,62709809,1222888655.91,2.9637,-1.8734,0,0
2026-01-30,sz.002236,19.28,19.34,18.6,18.96,60467883,1145630090.33,2.8577,-2.1672,0,0
2026-02-02,sz.002236,18.85,18.98,18.41,18.42,55885191,1043025957.6,2.6411,-2.8481,0,0
2026-02-03,sz.002236,18.63,18.7,18.32,18.66,55655421,1032055907.5,2.6303,1.3029,0,0
2026-02-04,sz.002236,18.58,18.72,18.46,18.71,38481833,714491571.9,1.8186,0.268,0,0
2026-02-05,sz.002236,18.58,18.79,18.51,18.58,35649703,663817753.85,1.6848,-0.6948,0,0
2026-02-06,sz.002236,18.4,18.63,18.28,18.48,37015834,684565523.34,1.7494,-0.5382,0,0
2026-02-09,sz.002236,18.7,18.74,18.53,18.7,36399704,678460005.56,1.7202,1.1905,0,0
2026-02-10,sz.002236,18.7,19.03,18.67,18.91,42637974,806034604.53,2.0151,1.123,0,0
2026-02-11,sz.002236,18.93,18.99,18.84,18.87,29354501,555379570.96,1.3873,-0.2115,0,0
2026-02-12,sz.002236,18.92,19.05,18.79,19.02,30952615,586172281.81,1.4628,0.7949,0,0
2026-02-13,sz.002236,18.9,19.1,18.86,18.92,30419150,577438083.17,1.4376,-0.5258,0,0
2026-02-24,sz.002236,19.1,19.21,18.98,19.09,33379861,636759332.3,1.5775,0.8985,0,0
2026-02-25,sz.002236,19.08,19.23,18.96,19.02,43678137,833590684.4,2.0642,-0.3667,0,0
2026-02-26,sz.002236,19.05,19.34,18.97,19.26,44776203,859449775.12,2.1161,1.2618,0,0
2026-02-27,sz.002236,19.12,19.29,18.98,19.26,29790339,571581878.94,1.4079,0.0,0,0
2026-03-02,sz.002236,18.96,19.06,18.66,18.81,48956908,922901288.67,2.3137,-2.3364,0,0
2026-03-03,sz.002236,18.87,18.95,18.05,18.09,55429802,1019500990.55,2.6196,-3.8278,0,0
2026-03-04,sz.002236,17.88,18.07,17.64,17.74,42402162,756001610.68,2.0039,-1.9348,0,0
2026-03-05,sz.002236,18.08,18.33,18.07,18.15,38723878,704745388.43,1.8301,2.3112,0,0
2026-03-06,sz.002236,18.0,18.21,17.96,18.17,21486767,390029978.53,1.0155,0.1102,0,0
2026-03-09,sz.002236,17.9,18.28,17.7,18.2,36133116,649037924.65,1.7076,0.1651,0,0
2026-03-10,sz.002236,18.34,18.47,18.17,18.28,32501385,594295914.53,1.536,0.4396,0,0
2026-03-11,sz.002236,18.3,18.34,18.18,18.25,27402253,499697970.64,1.295,-0.1641,0,0
2026-03-12,sz.002236,18.17,18.43,18.13,18.26,26273803,479604300.89,1.2417,0.0548,0,0
2026-03-13,sz.002236,18.15,18.24,18.01,18.07,24341795,441246337.63,1.1504,-1.0405,0,0
2026-03-16,sz.002236,18.0,18.02,17.72,17.94,26603530,474840513.07,1.2573,-0.7194,0,0
2026-03-17,sz.002236,17.97,18.07,17.72,17.75,24714282,442328956.58,1.168,-1.0591,0,0
2026-03-18,sz.002236,17.75,18.0,17.68,17.98,24045084,428124241.67,1.1364,1.2958,0,0
2026-03-19,sz.002236,17.76,17.8,17.41,17.51,34757769,611742194.75,1.6426,-2.614,0,0
2026-03-20,sz.002236,17.51,17.63,17.23,17.31,28549614,495595891.15,1.3492,-1.1422,0,0
2026-03-23,sz.002236,17.03,17.15,16.35,16.41,53755950,897774463.33,2.5405,-5.1993,0,0
2026-03-24,sz.002236,16.68,16.73,16.41,16.66,23320369,385851348.56,1.1021,1.5235,0,0
2026-03-25,sz.002236,16.76,16.95,16.75,16.93,22874072,385838984.46,1.081,1.6206,0,0
2026-03-26,sz.002236,16.87,16.95,16.7,16.75,16857216,283678661.15,0.7967,-1.0632,0,0
2026-03-27,sz.002236,16.51,16.86,16.51,16.77,15323611,256319915.91,0.7242,0.1194,0,0
2026-03-30,sz.002236,16.51,16.7,16.38,16.7,18710668,309725377.63,0.8843,-0.4174,0,0
2026-03-31,sz.002236,16.67,17.06,16.61,16.85,25033308,423195546.24,1.1831,0.8982,0,0
2026-04-01,sz.002236,17.14,17.17,16.91,17.02,20403767,346735845.11,0.9643,1.0089,0,0
2026-04-02,sz.002236,17.0,17.0,16.72,16.8,15926509,268293666.71,0.7527,-1.2926,0,0
2026-04-03,sz.002236,16.88,16.89,16.72,16.77,11816319,198394721.43,0.5584,-0.1786,0,0
2026-04-07,sz.002236,16.68,17.08,16.54,16.84,19060555,318993388.8,0.9008,0.4174,0,0
2026-04-08,sz.002236,17.04,17.46,17.03,17.42,42682357,735409320.55,2.0172,3.4442,0,0
2026-04-09,sz.002236,17.25,17.29,17.12,17.25,22178332,381689233.59,1.0481,-0.9759,0,0
2026-04-10,sz.002236,17.32,17.53,17.3,17.43,35177740,613257054.37,1.6625,1.0435,0,0
2026-04-13,sz.002236,17.2,17.74,17.18,17.7,32498935,570630475.95,1.5362,1.5491,0,0
2026-04-14,sz.002236,17.79,18.44,17.73,18.24,52908670,961388332.33,2.1966,3.0508,0,0
2026-04-15,sz.002236,18.26,18.91,18.2,18.86,86026726,1607754745.14,3.5716,3.3991,0,0
2026-04-16,sz.002236,18.72,19.38,18.7,19.17,85695977,1642191837.16,3.5579,1.6437,0,0
2026-04-17,sz.002236,19.04,19.32,18.98,19.16,68260540,1308719364.5,2.834,-0.0522,0,0
2026-04-20,sz.002236,18.85,19.29,18.71,18.81,63363716,1197886086.97,2.6307,-1.8267,0,0
2026-04-21,sz.002236,18.78,18.81,18.4,18.52,37852614,701279747.66,1.5715,-1.5417,0,0
2026-04-22,sz.002236,18.47,18.8,18.4,18.64,36494317,680968404.29,1.5152,0.6479,0,0
2026-04-23,sz.002236,18.64,18.69,18.18,18.32,36210302,666154814.39,1.5034,-1.7167,0,0
2026-04-24,sz.002236,18.18,18.38,17.98,18.17,31387692,570784571.33,1.3031,-0.8188,0,0
2026-04-27,sz.002236,18.23,18.54,18.13,18.17,39633959,724977570.96,1.6575,0.0,0,0
2026-04-28,sz.002236,18.08,18.49,17.94,18.11,37187773,675503978.66,1.5552,-0.3302,0,0
2026-04-29,sz.002236,18.0,18.34,17.88,18.29,34197868,621732658.38,1.4302,0.9939,0,0
2026-04-30,sz.002236,18.2,18.86,18.1,18.49,53628741,989634205.41,2.2428,1.0935,0,0
2026-05-06,sz.002236,18.61,18.66,18.26,18.32,67620283,1245933816.84,2.828,-0.9194,0,0
2026-05-07,sz.002236,18.32,18.38,18.16,18.36,40794924,745619080.62,1.7061,0.2183,0,0
2026-05-08,sz.002236,18.26,18.43,18.08,18.17,39479129,718894671.74,1.6511,-1.0349,0,0
2026-05-11,sz.002236,18.22,18.54,18.22,18.25,52359832,960608053.06,2.1898,0.4403,0,0
2026-05-12,sz.002236,18.25,18.26,17.8,17.88,53298165,956703243.01,2.229,-2.0274,0,0
2026-05-13,sz.002236,17.79,18.37,17.64,18.33,52057771,941013812.57,2.1771,2.5168,0,0
2026-05-14,sz.002236,18.45,18.5,17.68,17.69,42604870,765532976.41,1.7818,-3.4915,0,0
2026-05-15,sz.002236,17.69,18.06,17.44,17.5,42314842,747534780.35,1.7697,-1.0741,0,0
2026-05-18,sz.002236,17.45,17.99,17.4,17.77,34360061,608708174.29,1.437,1.5429,0,0
2026-05-19,sz.002236,17.88,18.18,17.71,18.16,40673900,732856408.78,1.701,2.1947,0,0
2026-05-20,sz.002236,18.12,18.5,17.97,18.02,39865772,724770174.32,1.6672,-0.7709,0,0
2026-05-21,sz.002236,18.15,18.38,17.53,17.57,44118091,794353331.04,1.8451,-2.4972,0,0
2026-05-22,sz.002236,17.68,17.96,17.45,17.86,33170398,588961522.11,1.3872,1.6505,0,0
2026-05-25,sz.002236,17.92,18.25,17.86,18.11,35237630,636958873.84,1.4737,1.3998,0,0
2026-05-26,sz.002236,17.78,17.9,17.5,17.79,35426751,627366054.75,1.4816,0.2818,0,0
2026-05-27,sz.002236,17.71,18.3,17.66,17.71,46066443,825327286.45,1.9266,-0.4497,0,0
2026-05-28,sz.002236,17.6,17.66,16.85,17.31,57327433,984060078.06,2.3975,-2.2586,0,0
2026-05-29,sz.002236,17.38,17.49,16.65,16.69,47362837,800440754.8,1.9808,-3.5817,0,0
2026-06-01,sz.002236,16.76,17.08,16.7,16.85,34584247,585223197.91,1.4464,0.9587,0,0
2026-06-02,sz.002236,16.9,17.04,16.55,16.9,32061691,538409537.76,1.3409,0.2967,0,0
2026-06-03,sz.002236,16.83,17.35,16.78,17.0,36679594,627650118.53,1.534,0.5917,0,0
2026-06-04,sz.002236,16.82,16.97,16.57,16.69,26247482,439393730.72,1.0977,-1.8235,0,0
2026-06-05,sz.002236,16.69,17.25,16.55,16.92,36433525,618281273.6,1.5237,1.3781,0,0
2026-06-08,sz.002236,16.62,16.77,16.37,16.46,35881852,594525080.88,1.5006,-2.7187,0,0
2026-06-09,sz.002236,16.5,16.62,16.4,16.59,23301794,384790625.51,0.9745,0.7898,0,0
2026-06-10,sz.002236,16.45,16.62,16.18,16.24,30584021,499406614.18,1.2791,-2.1097,0,0
2026-06-11,sz.002236,16.19,16.21,15.78,15.84,36450014,581326473.88,1.5244,-2.4631,0,0
2026-06-12,sz.002236,16.01,16.07,15.82,15.95,35202352,561258570.8,1.4722,0.6944,0,0
2026-06-15,sz.002236,16.0,16.15,15.86,16.12,39583949,634145780.99,1.6555,1.0658,0,0
2026-06-16,sz.002236,16.12,16.54,15.99,16.41,42515749,690951129.57,1.7781,1.799,0,0
2026-06-17,sz.002236,16.28,16.66,16.16,16.31,31026268,508170279.48,1.2976,-0.6094,0,0
2026-06-18,sz.002236,16.3,16.45,16.11,16.27,29778591,485763551.18,1.2454,-0.2452,0,0
2026-06-22,sz.002236,16.22,16.5,15.95,16.5,40689338,658554803.09,1.7017,1.4136,0,0
2026-06-23,sz.002236,16.42,16.55,15.9,15.93,42711973,690422543.38,1.7863,-3.4545,0,0
2026-06-24,sz.002236,15.9,16.49,15.81,16.35,51484453,832051197.6,2.1531,2.6365,0,0
2026-06-25,sz.002236,16.2,17.2,16.15,16.67,58287516,978677422.78,2.4377,1.9572,0,0
2026-06-26,sz.002236,16.61,16.61,15.94,15.98,41707772,673438451.39,1.7443,-4.1392,0,0
