date,code,open,high,low,close,volume,amount,turnover,pct_change,is_limit_up,is_limit_down
2019-12-03,sz.002968,32.11,38.53,32.11,38.53,241700.0,9270431.0,1.3495,43.9836,1,0
2019-12-04,sz.002968,42.38,42.38,42.38,42.38,79000.0,3348020.0,0.4411,9.9922,1,0
2019-12-05,sz.002968,46.62,46.62,46.62,46.62,57900.0,2699298.0,0.3233,10.0047,1,0
2019-12-06,sz.002968,51.28,51.28,51.28,51.28,430644.0,22083424.32,2.4044,9.9957,1,0
2019-12-09,sz.002968,56.41,56.41,56.41,56.41,249825.0,14092628.25,1.3948,10.0039,1,0
2019-12-10,sz.002968,62.05,62.05,62.05,62.05,326379.0,20251816.95,1.8223,9.9982,1,0
2019-12-11,sz.002968,68.26,68.26,68.26,68.26,740683.0,50559021.58,4.1354,10.0081,1,0
2019-12-12,sz.002968,75.09,75.09,73.2,75.09,5463040.0,409966468.6,30.5016,10.0059,1,0
2019-12-13,sz.002968,72.09,78.2,70.58,74.25,11888025.0,887181040.54,66.374,-1.1187,0,0
2019-12-16,sz.002968,76.0,76.24,72.12,73.74,6120526.0,451780894.0,34.1725,-0.6869,0,0
2019-12-17,sz.002968,73.0,73.0,69.51,71.36,7183154.0,507949480.77,40.1055,-3.2276,0,0
2019-12-18,sz.002968,67.92,71.66,67.5,71.47,6928169.0,480569072.4,38.6818,0.1541,0,0
2019-12-19,sz.002968,72.99,73.17,68.67,68.98,5426594.0,386266633.67,30.2981,-3.484,0,0
2019-12-20,sz.002968,67.5,70.69,66.65,69.0,4046894.0,277851269.71,22.5949,0.029,0,0
2019-12-23,sz.002968,67.9,71.0,66.95,69.3,3006116.0,208529523.25,16.7839,0.4348,0,0
2019-12-24,sz.002968,69.6,69.6,63.03,64.77,4560164.0,299112821.38,25.4606,-6.5368,0,0
2019-12-25,sz.002968,66.71,68.25,65.04,68.2,4012160.0,267376978.12,22.401,5.2957,0,0
2019-12-26,sz.002968,71.06,75.02,71.06,72.5,7845664.0,574653485.6,43.8044,6.305,0,0
2019-12-27,sz.002968,69.0,71.5,67.62,71.31,6119429.0,423293192.47,34.1664,-1.6414,0,0
2019-12-30,sz.002968,70.9,70.99,67.72,68.32,3533470.0,244410562.54,19.7283,-4.193,0,0
2019-12-31,sz.002968,67.74,69.15,66.99,68.97,2911101.0,197950972.76,16.2534,0.9514,0,0
2020-01-02,sz.002968,69.56,71.32,68.52,71.0,3761017.0,263693780.14,20.9988,2.9433,0,0
2020-01-03,sz.002968,70.3,70.61,68.81,69.0,2696078.0,187400436.8,15.0529,-2.8169,0,0
2020-01-06,sz.002968,67.0,68.48,66.03,67.04,2392469.0,161132154.06,13.3578,-2.8406,0,0
2020-01-07,sz.002968,67.1,67.65,66.57,67.4,1876941.0,126129651.89,10.4795,0.537,0,0
2020-01-08,sz.002968,66.92,67.59,64.69,64.78,2748903.0,182192740.37,15.3479,-3.8872,0,0
2020-01-09,sz.002968,65.44,66.25,65.0,65.52,1833338.0,120150698.54,10.236,1.1423,0,0
2020-01-10,sz.002968,65.34,69.26,65.3,67.43,2648399.0,178614395.99,14.7867,2.9151,0,0
2020-01-13,sz.002968,67.0,69.09,66.6,68.5,1640234.0,111545022.98,9.1579,1.5868,0,0
2020-01-14,sz.002968,68.22,69.28,67.11,68.6,1835612.0,125510777.82,10.2487,0.146,0,0
2020-01-15,sz.002968,68.38,68.58,65.87,65.87,2182578.0,145326906.56,12.1859,-3.9796,0,0
2020-01-16,sz.002968,66.0,66.48,65.5,65.9,945478.0,62383579.6,5.2789,0.0455,0,0
2020-01-17,sz.002968,65.89,66.18,65.27,65.8,961322.0,63056592.44,5.3673,-0.1517,0,0
2020-01-20,sz.002968,65.8,65.81,63.83,64.6,1093448.0,70612857.71,6.105,-1.8237,0,0
2020-01-21,sz.002968,64.61,64.82,62.49,62.62,1247215.0,78864871.52,6.9635,-3.065,0,0
2020-01-22,sz.002968,62.3,63.3,60.06,62.71,993548.0,61536526.24,5.5472,0.1437,0,0
2020-01-23,sz.002968,62.0,62.79,58.35,59.66,1223731.0,73770524.99,6.8324,-4.8637,0,0
2020-02-03,sz.002968,53.69,53.69,53.69,53.69,547600.0,29400644.0,3.0574,-10.0067,0,1
2020-02-04,sz.002968,51.3,57.35,51.3,55.85,1722705.0,94987546.91,9.6183,4.0231,0,0
2020-02-05,sz.002968,55.85,59.9,55.85,57.36,1091619.0,63540576.5,6.0948,2.7037,0,0
2020-02-06,sz.002968,57.3,58.44,56.5,58.3,769000.0,44467562.0,4.2935,1.6388,0,0
2020-02-07,sz.002968,57.7,60.6,57.7,60.06,784700.0,46601754.21,4.3812,3.0189,0,0
2020-02-10,sz.002968,60.06,60.43,58.46,58.91,780200.0,46147871.0,4.3561,-1.9148,0,0
2020-02-11,sz.002968,59.22,64.68,59.0,63.3,1630879.0,102745456.12,9.1056,7.452,0,0
2020-02-12,sz.002968,62.8,65.55,61.43,65.55,1497900.0,96227951.0,8.3632,3.5545,0,0
2020-02-13,sz.002968,65.56,66.5,64.63,65.64,966933.0,63255129.32,5.3986,0.1373,0,0
2020-02-14,sz.002968,65.01,71.0,64.9,69.83,1789500.0,122621770.0,9.9913,6.3833,0,0
2020-02-17,sz.002968,69.0,73.07,68.18,71.08,1924700.0,135607215.38,10.7461,1.7901,0,0
2020-02-18,sz.002968,70.28,71.06,68.6,69.42,1076800.0,74657072.0,6.0121,-2.3354,0,0
2020-02-19,sz.002968,69.5,70.53,68.42,68.9,703118.0,48739942.1,3.9257,-0.7491,0,0
2020-02-20,sz.002968,68.2,69.43,67.2,67.89,718500.0,48832535.0,4.0116,-1.4659,0,0
2020-02-21,sz.002968,67.9,68.47,66.88,67.55,639700.0,43298081.0,3.5716,-0.5008,0,0
2020-02-24,sz.002968,67.54,67.99,65.51,66.53,855900.0,56884678.04,4.7787,-1.51,0,0
2020-02-25,sz.002968,65.69,69.49,65.3,67.6,1052379.0,70920873.71,5.8757,1.6083,0,0
2020-02-26,sz.002968,67.43,69.4,63.88,65.0,937904.0,63078125.68,5.2366,-3.8462,0,0
2020-02-27,sz.002968,64.71,66.25,63.0,64.4,636100.0,41064595.0,3.5515,-0.9231,0,0
2020-02-28,sz.002968,63.06,63.06,58.81,60.2,985396.0,60154444.0,5.5017,-6.5217,0,0
2020-03-02,sz.002968,60.87,66.15,60.6,65.21,934427.0,59358782.5,5.2172,8.3223,0,0
2020-03-03,sz.002968,65.0,67.48,64.02,64.5,698333.0,45977149.34,3.899,-1.0888,0,0
2020-03-04,sz.002968,63.5,65.87,63.49,64.92,473400.0,30581416.6,2.6431,0.6512,0,0
2020-03-05,sz.002968,65.06,66.48,65.0,65.95,632200.0,41658279.0,3.5297,1.5866,0,0
2020-03-06,sz.002968,65.34,65.86,64.1,65.28,415000.0,26950840.0,2.3171,-1.0159,0,0
2020-03-09,sz.002968,64.5,64.85,62.41,62.5,498279.0,31719865.0,2.782,-4.2586,0,0
2020-03-10,sz.002968,62.98,65.2,62.2,64.76,617432.0,39541162.2,3.4473,3.616,0,0
2020-03-11,sz.002968,64.7,65.5,63.0,63.21,406300.0,26076982.0,2.2685,-2.3935,0,0
2020-03-12,sz.002968,63.0,63.3,60.6,61.6,424142.0,26152506.36,2.3681,-2.5471,0,0
2020-03-13,sz.002968,60.0,61.99,57.18,61.05,614400.0,36521228.0,3.4304,-0.8929,0,0
2020-03-16,sz.002968,61.05,62.5,58.0,59.45,401700.0,24131673.0,2.2428,-2.6208,0,0
2020-03-17,sz.002968,59.78,59.87,57.25,57.82,659700.0,38277693.0,3.6833,-2.7418,0,0
2020-03-18,sz.002968,58.07,59.25,57.6,58.1,320900.0,18741691.0,1.7917,0.4843,0,0
2020-03-19,sz.002968,59.03,59.1,56.1,58.05,477702.0,27402568.0,2.6671,-0.0861,0,0
2020-03-20,sz.002968,58.58,59.39,58.05,59.3,227605.0,13371722.55,1.2708,2.1533,0,0
2020-03-23,sz.002968,58.01,58.01,56.57,57.3,246700.0,14117449.0,1.3774,-3.3727,0,0
2020-03-24,sz.002968,58.0,59.25,57.0,59.0,293805.0,17037698.0,1.6404,2.9668,0,0
2020-03-25,sz.002968,59.8,61.5,59.8,61.35,436900.0,26453169.0,2.4393,3.983,0,0
2020-03-26,sz.002968,60.59,62.69,60.0,62.23,387244.0,23930352.64,2.1621,1.4344,0,0
2020-03-27,sz.002968,62.3,63.3,61.0,61.34,248796.0,15391329.92,1.3891,-1.4302,0,0
2020-03-30,sz.002968,61.34,65.5,59.8,64.42,510496.0,32296312.4,2.8502,5.0212,0,0
2020-03-31,sz.002968,64.42,65.8,64.2,64.5,448200.0,29162485.0,2.5024,0.1242,0,0
2020-04-01,sz.002968,65.77,66.12,62.0,64.0,872900.0,56176408.0,4.8736,-0.7752,0,0
2020-04-02,sz.002968,64.0,65.52,63.1,65.49,752600.0,48717110.0,4.202,2.3281,0,0
2020-04-03,sz.002968,66.0,68.0,65.8,67.99,1158220.0,77746784.2,6.4666,3.8174,0,0
2020-04-07,sz.002968,69.2,72.0,68.01,70.41,1229100.0,86311876.0,6.8624,3.5594,0,0
2020-04-08,sz.002968,69.38,72.5,68.92,72.3,1029600.0,73546786.78,5.7485,2.6843,0,0
2020-04-09,sz.002968,72.58,75.05,71.88,73.88,843204.0,61921315.84,4.7078,2.1853,0,0
2020-04-10,sz.002968,73.85,75.29,73.21,73.45,688800.0,50987166.0,3.8458,-0.582,0,0
2020-04-13,sz.002968,73.2,74.44,71.01,73.25,575700.0,41811460.0,3.2143,-0.2723,0,0
2020-04-14,sz.002968,73.24,74.92,71.5,74.85,489823.0,36015244.17,2.7348,2.1843,0,0
2020-04-15,sz.002968,74.59,75.0,73.55,74.1,265323.0,19690274.7,1.4814,-1.002,0,0
2020-04-16,sz.002968,74.23,74.5,72.66,73.0,449300.0,32941645.0,2.5086,-1.4845,0,0
2020-04-17,sz.002968,73.39,79.99,73.24,79.99,1328219.0,102376682.04,7.4158,9.5753,0,0
2020-04-20,sz.002968,79.23,82.51,78.15,80.36,1051019.0,84440989.0,5.8681,0.4626,0,0
2020-04-21,sz.002968,80.21,80.99,77.2,78.73,685128.0,53843977.88,3.8253,-2.0284,0,0
2020-04-22,sz.002968,77.0,81.81,76.22,79.11,682900.0,54093190.0,3.8128,0.4827,0,0
2020-04-23,sz.002968,79.37,85.49,78.52,84.42,1064071.0,87231393.35,5.941,6.7122,0,0
2020-04-24,sz.002968,84.34,87.65,82.26,82.26,995205.0,83834987.95,5.5565,-2.5586,0,0
2020-04-27,sz.002968,82.51,87.3,82.51,86.4,661700.0,56456957.0,3.6944,5.0328,0,0
2020-04-28,sz.002968,87.17,87.88,82.9,85.0,621701.0,53202998.39,3.4711,-1.6204,0,0
2020-04-29,sz.002968,85.1,89.62,84.52,88.83,633900.0,55361020.0,3.5392,4.5059,0,0
2020-04-30,sz.002968,58.9,60.98,55.6,56.29,1526482.0,88987362.95,5.6818,-4.285,0,0
2020-05-06,sz.002968,56.1,58.19,55.52,58.19,1100692.0,63013961.25,4.097,3.3754,0,0
2020-05-07,sz.002968,58.08,59.98,58.05,58.51,800939.0,47125239.91,2.9812,0.5499,0,0
2020-05-08,sz.002968,59.68,62.5,59.67,62.0,1186697.0,72432025.93,4.4171,5.9648,0,0
2020-05-11,sz.002968,62.25,62.3,59.8,59.98,1319200.0,80264698.0,4.9103,-3.2581,0,0
2020-05-12,sz.002968,59.99,61.9,59.0,60.77,805308.0,48654449.22,2.9975,1.3171,0,0
2020-05-13,sz.002968,61.7,63.79,60.56,62.23,1405528.0,87402911.52,5.2316,2.4025,0,0
2020-05-14,sz.002968,62.57,63.21,61.54,61.86,947392.0,58756197.32,3.5264,-0.5946,0,0
2020-05-15,sz.002968,62.72,63.1,58.7,58.8,1947231.0,116426619.17,7.2479,-4.9467,0,0
2020-05-18,sz.002968,59.08,59.7,57.58,58.05,1364939.0,79754911.7,5.0805,-1.2755,0,0
2020-05-19,sz.002968,58.64,59.58,57.6,58.8,943250.0,55217567.5,3.5109,1.292,0,0
2020-05-20,sz.002968,58.47,58.66,56.2,57.22,1042152.0,59653749.9,3.8791,-2.6871,0,0
2020-05-21,sz.002968,57.23,58.33,56.77,57.13,671002.0,38494393.58,2.4976,-0.1573,0,0
2020-05-22,sz.002968,57.13,57.13,53.29,54.79,1511902.0,83181984.96,5.6276,-4.0959,0,0
2020-05-25,sz.002968,54.01,56.67,54.01,54.74,1183527.0,65683280.37,4.4053,-0.0913,0,0
2020-05-26,sz.002968,55.5,59.89,54.24,59.3,1662327.0,95925364.63,6.1875,8.3303,0,0
2020-05-27,sz.002968,58.79,61.66,58.77,60.05,1379027.0,83411908.86,5.133,1.2648,0,0
2020-05-28,sz.002968,59.98,60.99,57.98,59.13,1076756.0,63654234.02,4.0079,-1.5321,0,0
2020-05-29,sz.002968,60.1,60.58,58.15,60.24,943328.0,56311521.86,3.5112,1.8772,0,0
2020-06-01,sz.002968,60.22,63.32,59.75,62.01,1089500.0,67238554.5,4.0553,2.9382,0,0
2020-06-02,sz.002968,60.93,63.11,60.48,61.36,976062.0,60308835.6,3.6331,-1.0482,0,0
2020-06-03,sz.002968,62.12,62.35,59.5,60.43,1097785.0,66867317.3,4.0861,-1.5156,0,0
2020-06-04,sz.002968,60.51,61.0,58.99,59.48,1020550.0,60839447.5,3.7987,-1.5721,0,0
2020-06-05,sz.002968,58.73,59.75,57.65,58.35,1257285.0,73209210.3,4.6798,-1.8998,0,0
2020-06-08,sz.002968,58.19,58.78,56.18,56.96,894900.0,51216806.0,3.331,-2.3822,0,0
2020-06-09,sz.002968,56.61,58.54,56.61,57.95,747485.0,43218191.8,2.7823,1.7381,0,0
2020-06-10,sz.002968,57.28,58.38,56.49,57.65,621400.0,35548438.75,2.313,-0.5177,0,0
2020-06-11,sz.002968,57.55,59.82,57.24,58.15,1435550.0,84121438.0,5.3434,0.8673,0,0
2020-06-12,sz.002968,57.5,58.24,56.1,58.15,575625.0,33036686.0,2.1426,0.0,0,0
2020-06-15,sz.002968,58.18,58.75,56.5,56.7,928800.0,53175113.0,3.4572,-2.4936,0,0
2020-06-16,sz.002968,56.89,59.49,56.89,59.27,1491414.0,87249899.15,5.5513,4.5326,0,0
2020-06-17,sz.002968,59.25,61.31,58.61,60.99,1256917.0,75467491.57,4.6785,2.902,0,0
2020-06-18,sz.002968,60.62,61.28,59.02,60.25,655139.0,39210092.25,2.4385,-1.2133,0,0
2020-06-19,sz.002968,60.5,62.05,59.5,61.37,956250.0,58441252.59,3.5593,1.8589,0,0
2020-06-22,sz.002968,62.5,62.86,59.14,59.41,1220000.0,73844644.5,4.5411,-3.1937,0,0
2020-06-23,sz.002968,59.0,59.46,58.0,58.81,683800.0,40174141.5,2.5452,-1.0099,0,0
2020-06-24,sz.002968,60.01,64.69,60.01,64.69,2074768.0,132785912.54,7.7227,9.9983,1,0
2020-06-29,sz.002968,66.63,66.63,61.5,62.95,2309068.0,145854974.4,8.5948,-2.6898,0,0
2020-06-30,sz.002968,62.94,63.99,61.48,63.5,1557889.0,97830550.2,5.7987,0.8737,0,0
2020-07-01,sz.002968,62.98,63.58,61.88,62.12,1132385.0,70714146.7,4.2149,-2.1732,0,0
2020-07-02,sz.002968,61.11,62.49,60.7,60.8,1378114.0,84174915.73,5.1296,-2.1249,0,0
2020-07-03,sz.002968,60.73,61.37,59.27,60.18,1303800.0,78112072.5,4.853,-1.0197,0,0
2020-07-06,sz.002968,59.99,62.85,59.98,61.47,1308135.0,80256851.2,4.8691,2.1436,0,0
2020-07-07,sz.002968,61.27,62.18,59.5,61.47,1649606.0,100747930.9,6.1401,0.0,0,0
2020-07-08,sz.002968,61.21,62.1,60.4,61.65,1317600.0,80809819.26,4.9043,0.2928,0,0
2020-07-09,sz.002968,61.75,63.59,61.0,63.1,2433203.0,151727442.73,9.0568,2.352,0,0
2020-07-10,sz.002968,63.3,69.41,62.26,69.41,2748385.0,182760559.35,10.23,10.0,1,0
2020-07-13,sz.002968,70.02,72.39,69.39,71.8,2683150.0,190547122.0,9.9872,3.4433,0,0
2020-07-14,sz.002968,70.01,72.72,70.01,72.13,1589450.0,112909769.97,5.9162,0.4596,0,0
2020-07-15,sz.002968,71.53,76.5,71.53,73.02,1732550.0,127929985.0,6.4489,1.2339,0,0
2020-07-16,sz.002968,73.77,74.0,66.0,66.59,1781550.0,125339079.2,6.6312,-8.8058,0,0
2020-07-17,sz.002968,67.26,70.32,65.0,68.41,994400.0,68099676.5,3.7013,2.7332,0,0
2020-07-20,sz.002968,69.0,69.87,64.42,66.84,1109200.0,73943638.0,4.1286,-2.295,0,0
2020-07-21,sz.002968,67.0,73.0,66.2,72.31,1805050.0,127392554.5,6.7187,8.1837,0,0
2020-07-22,sz.002968,70.81,71.51,69.05,70.8,1238849.0,86922578.44,4.6112,-2.0882,0,0
2020-07-23,sz.002968,69.12,72.52,69.06,71.23,914250.0,64703749.5,3.403,0.6073,0,0
2020-07-24,sz.002968,70.55,71.24,65.08,65.34,1221650.0,82666662.0,4.5472,-8.269,0,0
2020-07-27,sz.002968,65.33,65.66,63.02,65.3,827399.0,53154668.2,3.0797,-0.0612,0,0
2020-07-28,sz.002968,64.99,66.3,64.0,65.35,428350.0,27972461.5,1.5944,0.0766,0,0
2020-07-29,sz.002968,65.2,66.43,64.45,65.9,1070561.0,70026242.63,3.9848,0.8416,0,0
2020-07-30,sz.002968,66.5,66.5,63.1,63.7,1019500.0,65543550.0,3.7948,-3.3384,0,0
2020-07-31,sz.002968,62.38,64.76,62.38,63.77,610739.0,38933658.68,2.2733,0.1099,0,0
2020-08-03,sz.002968,64.85,65.1,63.71,64.77,592800.0,38158346.0,2.2065,1.5681,0,0
2020-08-04,sz.002968,65.06,67.0,63.3,65.39,923103.0,60086103.76,3.436,0.9572,0,0
2020-08-05,sz.002968,65.87,65.87,63.64,64.7,484513.0,31240312.9,1.8034,-1.0552,0,0
2020-08-06,sz.002968,64.7,65.99,63.82,64.85,560150.0,36230493.0,2.085,0.2318,0,0
2020-08-07,sz.002968,65.0,65.8,62.4,65.18,876600.0,56512955.0,3.2629,0.5089,0,0
2020-08-10,sz.002968,65.0,65.23,63.91,65.05,326600.0,21113475.5,1.2157,-0.1994,0,0
2020-08-11,sz.002968,65.51,68.0,64.55,66.47,760000.0,50552890.0,2.8289,2.1829,0,0
2020-08-12,sz.002968,65.6,66.3,60.49,62.28,988699.0,62108101.72,3.6801,-6.3036,0,0
2020-08-13,sz.002968,62.2,63.51,60.97,61.04,462285.0,28452420.35,1.7207,-1.991,0,0
2020-08-14,sz.002968,61.23,62.6,60.44,62.33,358450.0,22095546.0,1.3342,2.1134,0,0
2020-08-17,sz.002968,61.95,63.99,61.83,63.0,407418.0,25542008.96,1.5165,1.0749,0,0
2020-08-18,sz.002968,62.95,64.1,61.5,64.04,490400.0,30932462.0,1.8254,1.6508,0,0
2020-08-19,sz.002968,63.89,66.04,60.7,60.7,963449.0,60137539.75,3.5861,-5.2155,0,0
2020-08-20,sz.002968,61.17,61.82,60.33,60.65,524900.0,31871728.0,1.9538,-0.0824,0,0
2020-08-21,sz.002968,60.65,62.68,60.0,61.63,596700.0,36964514.0,2.221,1.6158,0,0
2020-08-24,sz.002968,61.65,61.95,60.0,61.19,546149.0,33235326.22,2.0329,-0.7139,0,0
2020-08-25,sz.002968,61.49,61.87,60.0,60.1,499650.0,30344985.5,1.8598,-1.7813,0,0
2020-08-26,sz.002968,60.1,60.1,57.5,58.98,839250.0,49181211.0,3.1238,-1.8636,0,0
2020-08-27,sz.002968,58.5,60.82,58.5,60.3,529450.0,31787633.5,1.9707,2.238,0,0
2020-08-28,sz.002968,60.32,61.18,59.67,61.06,579600.0,35137503.0,2.1574,1.2604,0,0
2020-08-31,sz.002968,61.38,62.58,60.21,60.54,475000.0,29196963.0,1.768,-0.8516,0,0
2020-09-01,sz.002968,60.31,60.37,59.1,59.5,425300.0,25338977.0,1.583,-1.7179,0,0
2020-09-02,sz.002968,59.9,60.16,58.67,59.7,290850.0,17226768.0,1.0826,0.3361,0,0
2020-09-03,sz.002968,59.74,59.98,57.96,58.88,547400.0,31988144.0,2.0375,-1.3735,0,0
2020-09-04,sz.002968,57.77,58.88,57.77,58.31,240950.0,14019975.5,0.8969,-0.9681,0,0
2020-09-07,sz.002968,58.29,59.24,56.61,57.45,388450.0,22404956.5,1.4459,-1.4749,0,0
2020-09-08,sz.002968,57.28,57.5,56.57,57.25,303400.0,17297266.5,1.1293,-0.3481,0,0
2020-09-09,sz.002968,56.96,56.96,54.58,56.2,447700.0,24901847.0,1.6664,-1.8341,0,0
2020-09-10,sz.002968,56.25,57.5,55.57,56.2,386300.0,21885312.5,1.4379,0.0,0,0
2020-09-11,sz.002968,56.26,57.56,51.0,57.1,330800.0,18681028.5,1.2313,1.6014,0,0
2020-09-14,sz.002968,56.98,59.58,56.97,59.28,798550.0,46985068.0,2.9723,3.8179,0,0
2020-09-15,sz.002968,59.08,60.82,58.85,60.29,493086.0,29708369.92,1.8354,1.7038,0,0
2020-09-16,sz.002968,61.39,61.39,59.0,59.68,280549.0,16743887.78,1.0443,-1.0118,0,0
2020-09-17,sz.002968,59.4,61.22,59.4,60.13,355350.0,21579862.5,1.3227,0.754,0,0
2020-09-18,sz.002968,60.57,62.6,60.13,61.0,567250.0,34623699.5,2.1114,1.4469,0,0
2020-09-21,sz.002968,60.31,61.33,58.83,59.48,375750.0,22339797.0,1.3986,-2.4918,0,0
2020-09-22,sz.002968,58.77,59.59,58.08,58.75,266600.0,15635325.0,0.9923,-1.2273,0,0
2020-09-23,sz.002968,58.27,59.48,58.27,58.51,303792.0,17851187.17,1.1308,-0.4085,0,0
2020-09-24,sz.002968,58.2,58.2,55.82,56.5,622100.0,35298377.0,2.3156,-3.4353,0,0
2020-09-25,sz.002968,56.5,56.77,55.8,56.2,220450.0,12401919.5,0.8206,-0.531,0,0
2020-09-28,sz.002968,56.5,57.08,56.02,56.51,188325.0,10645701.07,0.701,0.5516,0,0
2020-09-29,sz.002968,57.11,57.5,56.3,56.62,179476.0,10187047.62,0.668,0.1947,0,0
2020-09-30,sz.002968,56.88,57.97,56.26,57.4,185326.0,10638745.5,0.6898,1.3776,0,0
2020-10-09,sz.002968,57.9,58.5,57.1,57.38,267000.0,15374195.96,0.9938,-0.0348,0,0
2020-10-12,sz.002968,57.38,58.0,57.0,57.99,376423.0,21695792.3,1.4011,1.0631,0,0
2020-10-13,sz.002968,57.97,60.56,57.42,59.68,626700.0,37248082.0,2.3327,2.9143,0,0
2020-10-14,sz.002968,62.0,65.22,61.18,62.19,884782.0,55309215.9,3.2933,4.2058,0,0
2020-10-15,sz.002968,62.83,63.48,60.11,61.3,672000.0,41469886.0,2.5013,-1.4311,0,0
2020-10-16,sz.002968,61.0,61.01,59.3,60.28,478000.0,28650018.04,1.7792,-1.6639,0,0
2020-10-19,sz.002968,59.89,60.5,59.46,59.52,334800.0,20076497.5,1.2462,-1.2608,0,0
2020-10-20,sz.002968,59.3,60.38,58.01,58.6,557600.0,32915401.0,2.0755,-1.5457,0,0
2020-10-21,sz.002968,59.09,59.1,56.7,56.71,358050.0,20570702.0,1.3327,-3.2253,0,0
2020-10-22,sz.002968,56.27,57.37,55.77,56.34,237800.0,13474437.5,0.8851,-0.6524,0,0
2020-10-23,sz.002968,56.48,57.44,55.75,55.75,201000.0,11329842.0,0.7482,-1.0472,0,0
2020-10-26,sz.002968,56.99,58.23,55.57,57.29,281132.0,16007588.22,1.0464,2.7623,0,0
2020-10-27,sz.002968,57.04,57.98,56.52,57.7,261800.0,15020096.5,0.9745,0.7157,0,0
2020-10-28,sz.002968,57.84,57.84,56.22,56.38,354400.0,20121793.5,1.3191,-2.2877,0,0
2020-10-29,sz.002968,55.89,57.28,54.05,56.0,226900.0,12764268.5,0.8446,-0.674,0,0
2020-10-30,sz.002968,56.35,57.3,53.61,53.63,435400.0,24003207.5,1.6206,-4.2321,0,0
2020-11-02,sz.002968,54.67,54.97,51.5,52.75,561050.0,29502482.5,2.0883,-1.6409,0,0
2020-11-03,sz.002968,52.5,54.49,52.27,54.06,324600.0,17388673.0,1.2082,2.4834,0,0
2020-11-04,sz.002968,54.5,54.5,52.27,53.03,336900.0,17892535.5,1.254,-1.9053,0,0
2020-11-05,sz.002968,53.28,53.6,52.9,53.33,287300.0,15270246.5,1.0694,0.5657,0,0
2020-11-06,sz.002968,53.4,53.6,51.39,51.89,440900.0,22867442.0,1.6411,-2.7002,0,0
2020-11-09,sz.002968,51.89,53.46,51.61,52.68,383850.0,20242078.5,1.4288,1.5225,0,0
2020-11-10,sz.002968,53.28,53.28,51.57,52.43,464500.0,24238439.5,1.729,-0.4746,0,0
2020-11-11,sz.002968,52.4,54.65,51.72,52.59,557550.0,29697079.5,2.0753,0.3052,0,0
2020-11-12,sz.002968,53.38,53.76,52.33,53.2,265950.0,14096398.0,0.9899,1.1599,0,0
2020-11-13,sz.002968,52.51,53.51,52.25,52.51,219750.0,11559317.0,0.8179,-1.297,0,0
2020-11-16,sz.002968,52.99,53.88,52.99,53.4,318500.0,17004597.5,1.1855,1.6949,0,0
2020-11-17,sz.002968,53.41,54.98,51.9,52.35,475632.0,25088008.56,1.7704,-1.9663,0,0
2020-11-18,sz.002968,51.9,53.4,51.87,52.4,349000.0,18378563.0,1.299,0.0955,0,0
2020-11-19,sz.002968,52.78,54.3,51.9,51.93,328350.0,17206060.5,1.2222,-0.8969,0,0
2020-11-20,sz.002968,51.78,53.2,51.77,52.11,273550.0,14261710.0,1.0182,0.3466,0,0
2020-11-23,sz.002968,51.99,53.3,51.99,52.59,397882.0,20991748.94,1.481,0.9211,0,0
2020-11-24,sz.002968,52.39,52.83,51.9,52.01,203732.0,10612853.4,0.7583,-1.1029,0,0
2020-11-25,sz.002968,52.0,52.07,48.9,49.37,666950.0,33711700.5,2.4825,-5.0759,0,0
2020-11-26,sz.002968,49.44,49.99,46.67,47.96,1053432.0,50411699.1,3.9211,-2.856,0,0
2020-11-27,sz.002968,47.72,47.87,46.14,47.5,506400.0,23765089.5,1.8849,-0.9591,0,0
2020-11-30,sz.002968,47.49,48.04,46.21,46.64,363700.0,17056650.0,1.3538,-1.8105,0,0
2020-12-01,sz.002968,46.5,48.59,46.17,48.37,546050.0,26073581.5,2.0325,3.7093,0,0
2020-12-02,sz.002968,48.37,48.81,47.6,47.79,285600.0,13740420.5,1.0631,-1.1991,0,0
2020-12-03,sz.002968,47.88,48.54,47.62,48.3,154300.0,7429093.0,0.5743,1.0672,0,0
2020-12-04,sz.002968,48.3,50.5,48.26,49.9,495917.0,24691962.37,1.0675,3.3126,0,0
2020-12-07,sz.002968,49.9,52.96,49.9,51.2,565750.0,29167812.5,1.2178,2.6052,0,0
2020-12-08,sz.002968,51.2,51.2,50.48,51.08,268900.0,13668975.0,0.5788,-0.2344,0,0
2020-12-09,sz.002968,51.09,51.44,50.0,50.0,294650.0,14992528.0,0.6343,-2.1143,0,0
2020-12-10,sz.002968,50.0,51.1,49.68,50.02,220950.0,11104329.28,0.4756,0.04,0,0
2020-12-11,sz.002968,50.02,50.9,49.5,49.72,340300.0,16982145.0,0.7325,-0.5998,0,0
2020-12-14,sz.002968,50.01,53.15,49.84,52.57,619800.0,31977800.5,1.3342,5.7321,0,0
2020-12-15,sz.002968,52.9,52.94,51.3,52.14,278000.0,14442809.0,0.5984,-0.818,0,0
2020-12-16,sz.002968,51.88,52.5,51.88,52.38,169450.0,8823460.0,0.3648,0.4603,0,0
2020-12-17,sz.002968,52.4,52.83,51.88,52.36,226900.0,11870955.5,0.4884,-0.0382,0,0
2020-12-18,sz.002968,52.47,52.88,51.69,52.44,330107.0,17263204.39,0.7106,0.1528,0,0
2020-12-21,sz.002968,52.99,53.0,51.37,52.67,517950.0,26916180.0,1.1149,0.4386,0,0
2020-12-22,sz.002968,52.2,52.84,51.64,51.7,193900.0,10076735.5,0.4174,-1.8417,0,0
2020-12-23,sz.002968,51.62,51.62,50.48,50.57,232300.0,11787246.0,0.5,-2.1857,0,0
2020-12-24,sz.002968,50.57,50.57,47.93,49.87,541200.0,26507228.86,1.165,-1.3842,0,0
2020-12-25,sz.002968,48.9,49.48,47.3,49.29,612423.0,29524081.94,1.3183,-1.163,0,0
2020-12-28,sz.002968,49.29,49.29,48.0,48.9,359100.0,17380939.0,0.773,-0.7912,0,0
2020-12-29,sz.002968,48.4,49.97,48.01,48.75,471100.0,23031867.5,1.0141,-0.3067,0,0
2020-12-30,sz.002968,48.76,49.6,48.07,49.6,509000.0,24844478.0,1.0957,1.7436,0,0
2020-12-31,sz.002968,49.99,50.35,48.65,49.55,804200.0,39585715.0,1.7311,-0.1008,0,0
2021-01-04,sz.002968,49.98,49.98,48.1,48.4,496750.0,24144220.0,1.0693,-2.3209,0,0
2021-01-05,sz.002968,48.4,49.52,47.41,48.63,689900.0,33314537.0,1.4851,0.4752,0,0
2021-01-06,sz.002968,49.8,52.45,49.3,52.18,1193600.0,61484642.5,2.5693,7.3,0,0
2021-01-07,sz.002968,52.21,52.38,50.6,50.72,674300.0,34665497.5,1.4515,-2.798,0,0
2021-01-08,sz.002968,50.58,52.31,49.12,51.72,910650.0,46258464.0,1.9602,1.9716,0,0
2021-01-11,sz.002968,51.89,53.01,50.56,52.72,802750.0,41830912.5,1.728,1.9335,0,0
2021-01-12,sz.002968,52.73,53.12,52.03,52.71,411250.0,21614533.0,0.8852,-0.019,0,0
2021-01-13,sz.002968,51.74,54.88,51.74,52.82,640250.0,34111546.5,1.3782,0.2087,0,0
2021-01-14,sz.002968,52.13,54.5,52.13,54.12,749839.0,40425969.7,1.6141,2.4612,0,0
2021-01-15,sz.002968,54.12,55.13,53.51,53.52,448950.0,24308014.5,0.9664,-1.1086,0,0
2021-01-18,sz.002968,52.7,55.59,52.7,55.22,605389.0,33147851.68,1.3031,3.1764,0,0
2021-01-19,sz.002968,55.06,57.36,53.54,54.0,939600.0,51750152.0,2.0226,-2.2093,0,0
2021-01-20,sz.002968,54.15,55.99,53.92,55.8,517211.0,28500922.25,1.1133,3.3333,0,0
2021-01-21,sz.002968,55.5,55.95,54.9,55.74,455761.0,25223373.45,0.9811,-0.1075,0,0
2021-01-22,sz.002968,55.71,56.2,54.61,54.61,440550.0,24421962.0,0.9483,-2.0273,0,0
2021-01-25,sz.002968,54.0,55.9,53.27,55.72,509550.0,27743915.0,1.0968,2.0326,0,0
2021-01-26,sz.002968,55.7,55.7,54.05,54.07,335150.0,18263521.5,0.7214,-2.9612,0,0
2021-01-27,sz.002968,53.39,54.54,53.08,53.86,311000.0,16623755.0,0.6695,-0.3884,0,0
2021-01-28,sz.002968,53.38,53.9,52.75,52.82,207450.0,11025810.5,0.4466,-1.9309,0,0
2021-01-29,sz.002968,52.7,53.79,50.98,51.1,554150.0,28679253.5,1.1929,-3.2563,0,0
2021-02-01,sz.002968,51.11,51.91,51.11,51.38,254100.0,13088991.5,0.547,0.5479,0,0
2021-02-02,sz.002968,51.89,51.91,50.05,51.44,251550.0,12910797.0,0.5415,0.1168,0,0
2021-02-03,sz.002968,51.41,52.17,50.0,51.62,416200.0,21222323.5,0.8959,0.3499,0,0
2021-02-04,sz.002968,50.77,52.55,50.77,51.99,368850.0,19082589.5,0.794,0.7168,0,0
2021-02-05,sz.002968,51.84,53.3,51.61,51.83,301500.0,15771729.0,0.649,-0.3078,0,0
2021-02-08,sz.002968,51.83,52.44,51.02,51.71,185450.0,9584864.5,0.3992,-0.2315,0,0
2021-02-09,sz.002968,51.71,51.91,50.5,51.48,356450.0,18166700.0,0.7673,-0.4448,0,0
2021-02-10,sz.002968,51.5,53.8,51.5,53.2,478750.0,25394920.0,1.0305,3.3411,0,0
2021-02-18,sz.002968,54.0,54.5,52.85,52.9,312500.0,16761755.5,0.6727,-0.5639,0,0
2021-02-19,sz.002968,53.22,54.29,52.68,53.94,403600.0,21618438.0,0.8688,1.966,0,0
2021-02-22,sz.002968,53.94,54.55,53.21,53.68,338800.0,18240855.5,0.7293,-0.482,0,0
2021-02-23,sz.002968,59.05,59.05,59.05,59.05,495700.0,29271085.0,1.067,10.0037,1,0
2021-02-24,sz.002968,62.01,63.7,60.0,61.51,2364850.0,145034857.0,5.0905,4.166,0,0
2021-02-25,sz.002968,61.0,63.47,60.51,63.29,1367339.0,85408205.33,2.9433,2.8938,0,0
2021-02-26,sz.002968,61.6,63.8,60.62,63.46,1330050.0,82584914.5,2.863,0.2686,0,0
2021-03-01,sz.002968,62.98,65.8,61.1,65.3,1784450.0,113061422.5,3.8412,2.8995,0,0
2021-03-02,sz.002968,64.9,65.83,63.76,64.33,768659.0,49851736.89,1.6546,-1.4855,0,0
2021-03-03,sz.002968,64.05,65.27,64.05,64.2,508200.0,32780870.0,1.0939,-0.2021,0,0
2021-03-04,sz.002968,64.06,65.76,63.57,63.6,737750.0,47764671.0,1.5881,-0.9346,0,0
2021-03-05,sz.002968,63.4,65.25,62.02,65.12,1138700.0,72112663.5,2.4511,2.3899,0,0
2021-03-08,sz.002968,65.5,66.48,62.95,63.66,609750.0,39600369.0,1.3125,-2.242,0,0
2021-03-09,sz.002968,63.16,63.98,60.6,61.4,859470.0,52967498.0,1.8501,-3.5501,0,0
2021-03-10,sz.002968,61.99,64.05,60.82,63.48,929250.0,58665342.0,2.0003,3.3876,0,0
2021-03-11,sz.002968,63.66,64.57,62.36,62.96,344900.0,21861669.5,0.7424,-0.8192,0,0
2021-03-12,sz.002968,62.7,63.45,61.12,63.11,402650.0,25075234.5,0.8667,0.2382,0,0
2021-03-15,sz.002968,62.4,62.9,61.41,62.29,322000.0,19969963.5,0.6931,-1.2993,0,0
2021-03-16,sz.002968,61.88,64.64,61.51,63.87,533000.0,33997401.5,1.1473,2.5365,0,0
2021-03-17,sz.002968,63.23,64.28,62.85,63.78,315150.0,20008685.0,0.6784,-0.1409,0,0
2021-03-18,sz.002968,63.8,64.55,63.0,64.53,547300.0,35123916.0,1.1781,1.1759,0,0
2021-03-19,sz.002968,64.58,65.25,62.0,62.33,760200.0,48193433.92,1.6364,-3.4093,0,0
2021-03-22,sz.002968,62.0,64.0,61.0,63.64,565550.0,35546109.0,1.2174,2.1017,0,0
2021-03-23,sz.002968,63.57,65.0,63.18,63.18,417450.0,26753606.0,0.8986,-0.7228,0,0
2021-03-24,sz.002968,63.02,64.55,62.4,63.12,447734.0,28410738.88,0.9638,-0.095,0,0
2021-03-25,sz.002968,62.88,64.37,62.88,64.1,247700.0,15793665.0,0.5332,1.5526,0,0
2021-03-26,sz.002968,64.1,65.6,63.73,65.6,508018.0,33003902.88,1.0935,2.3401,0,0
2021-03-29,sz.002968,65.65,69.98,65.64,69.89,1019230.0,69620686.7,2.194,6.5396,0,0
2021-03-30,sz.002968,68.79,70.0,68.28,69.85,676761.0,46966686.02,1.4568,-0.0572,0,0
2021-03-31,sz.002968,69.87,70.85,68.57,69.0,722235.0,50436696.5,1.5547,-1.2169,0,0
2021-04-01,sz.002968,70.22,71.1,69.05,71.1,702459.0,49482186.01,1.5121,3.0435,0,0
2021-04-02,sz.002968,71.11,73.67,68.4,68.84,1132600.0,80063977.5,2.438,-3.1786,0,0
2021-04-06,sz.002968,69.18,71.96,69.0,70.66,754533.0,53212551.3,1.6242,2.6438,0,0
2021-04-07,sz.002968,70.78,71.1,68.41,70.36,543850.0,38097238.56,1.1707,-0.4246,0,0
2021-04-08,sz.002968,70.38,73.99,69.75,72.99,817400.0,59243184.5,1.7595,3.7379,0,0
2021-04-09,sz.002968,71.85,73.66,71.6,72.43,415500.0,30214639.0,0.8944,-0.7672,0,0
2021-04-12,sz.002968,72.42,73.27,71.0,71.4,371800.0,26827808.5,0.8003,-1.4221,0,0
2021-04-13,sz.002968,71.02,72.49,70.53,71.39,619898.0,44277692.82,1.3344,-0.014,0,0
2021-04-14,sz.002968,70.03,74.5,70.03,73.98,669455.0,49146789.57,1.4411,3.628,0,0
2021-04-15,sz.002968,74.5,74.5,71.29,72.17,458366.0,33234745.61,0.9867,-2.4466,0,0
2021-04-16,sz.002968,71.5,73.31,70.7,71.6,449603.0,32320007.65,0.9678,-0.7898,0,0
2021-04-19,sz.002968,71.5,75.0,70.7,72.62,548767.0,40026649.32,1.1813,1.4246,0,0
2021-04-20,sz.002968,73.0,73.67,70.98,71.39,329453.0,23631001.53,0.7092,-1.6937,0,0
2021-04-21,sz.002968,71.03,72.3,69.5,70.6,551400.0,38824776.0,1.1869,-1.1066,0,0
2021-04-22,sz.002968,70.31,72.33,70.25,71.88,395836.0,28219856.56,0.8521,1.813,0,0
2021-04-23,sz.002968,71.5,72.49,69.39,71.78,481370.0,34307380.4,1.0362,-0.1391,0,0
2021-04-26,sz.002968,71.66,73.4,69.8,70.15,717275.0,51174053.34,1.544,-2.2708,0,0
2021-04-27,sz.002968,70.5,71.37,69.7,70.7,230700.0,16280875.5,0.4966,0.784,0,0
2021-04-28,sz.002968,71.5,72.88,70.81,72.57,590251.0,42611718.78,1.2706,2.645,0,0
2021-04-29,sz.002968,72.65,73.0,70.6,71.7,396200.0,28406290.0,0.8529,-1.1988,0,0
2021-04-30,sz.002968,47.42,47.98,42.69,47.0,687124.0,32259104.78,0.9861,-0.9066,0,0
2021-05-06,sz.002968,47.19,47.29,42.76,45.5,2059800.0,91968039.5,2.9559,-3.1915,0,0
2021-05-07,sz.002968,44.04,47.01,43.91,45.5,885750.0,40406627.45,1.2711,0.0,0,0
2021-05-10,sz.002968,45.17,46.24,43.66,45.39,678999.0,30487407.78,0.9744,-0.2418,0,0
2021-05-11,sz.002968,44.91,45.5,43.76,44.5,483550.0,21470175.15,0.6939,-1.9608,0,0
2021-05-12,sz.002968,44.39,44.39,42.26,42.81,849826.0,36585051.34,1.2195,-3.7978,0,0
2021-05-13,sz.002968,42.7,43.15,41.43,42.04,554350.0,23448353.25,0.7955,-1.7986,0,0
2021-05-14,sz.002968,41.5,43.42,41.5,43.04,383511.0,16451860.95,0.5504,2.3787,0,0
2021-05-17,sz.002968,42.98,43.32,40.23,42.42,310850.0,13210738.5,0.4461,-1.4405,0,0
2021-05-18,sz.002968,42.96,45.15,41.84,44.5,507112.0,22189038.4,0.7277,4.9033,0,0
2021-05-19,sz.002968,44.35,44.75,43.0,43.68,401149.0,17608838.86,0.5757,-1.8427,0,0
2021-05-20,sz.002968,43.67,44.59,43.06,43.99,246200.0,10817267.5,0.3533,0.7097,0,0
2021-05-21,sz.002968,44.62,44.62,43.0,43.47,242200.0,10544128.0,0.3476,-1.1821,0,0
2021-05-24,sz.002968,43.25,45.84,43.25,44.6,662660.0,29733551.38,0.951,2.5995,0,0
2021-05-25,sz.002968,44.44,45.58,44.37,45.09,281144.0,12697103.7,0.4035,1.0987,0,0
2021-05-26,sz.002968,45.5,46.99,44.58,46.61,458105.0,21063093.15,0.6574,3.371,0,0
2021-05-27,sz.002968,46.0,46.62,45.51,46.18,399720.0,18316109.65,0.5736,-0.9225,0,0
2021-05-28,sz.002968,46.18,47.25,45.72,47.03,523375.0,24554887.25,0.7511,1.8406,0,0
2021-05-31,sz.002968,47.03,48.9,46.63,48.3,551800.0,26538939.5,0.7919,2.7004,0,0
2021-06-01,sz.002968,47.38,50.39,47.02,49.94,1159270.0,57340871.52,1.6636,3.3954,0,0
2021-06-02,sz.002968,50.12,51.51,49.03,50.36,695540.0,34901012.48,0.9981,0.841,0,0
2021-06-03,sz.002968,52.0,52.9,47.6,48.2,953905.0,46677878.3,1.3689,-4.2891,0,0
2021-06-04,sz.002968,47.66,48.8,47.35,47.4,408247.0,19622739.61,0.5859,-1.6598,0,0
2021-06-07,sz.002968,48.3,48.7,46.93,46.93,388450.0,18426527.0,0.5574,-0.9916,0,0
2021-06-08,sz.002968,48.0,48.0,46.11,46.21,544596.0,25458586.15,0.7815,-1.5342,0,0
2021-06-09,sz.002968,46.19,47.3,46.09,46.98,324150.0,15149216.25,0.4652,1.6663,0,0
2021-06-10,sz.002968,47.47,47.47,45.74,46.88,486300.0,22494972.67,0.6979,-0.2129,0,0
2021-06-11,sz.002968,46.89,47.99,45.84,46.8,555300.0,26136776.75,0.7969,-0.1706,0,0
2021-06-15,sz.002968,46.99,46.99,44.5,44.8,665214.0,30149017.44,0.9546,-4.2735,0,0
2021-06-16,sz.002968,44.99,46.29,43.8,44.5,581443.0,26059178.2,0.8344,-0.6696,0,0
2021-06-17,sz.002968,44.02,45.9,44.02,45.46,465850.0,21073034.25,0.6685,2.1573,0,0
2021-06-18,sz.002968,45.02,45.45,43.5,45.02,529607.0,23500909.31,0.76,-0.9679,0,0
2021-06-21,sz.002968,44.45,45.1,43.88,44.6,565752.0,25029333.83,0.8119,-0.9329,0,0
2021-06-22,sz.002968,44.6,44.98,43.75,44.24,247760.0,10959363.28,0.3555,-0.8072,0,0
2021-06-23,sz.002968,44.49,44.7,43.9,44.39,434246.0,19191955.92,0.6232,0.3391,0,0
2021-06-24,sz.002968,44.51,45.47,43.91,44.83,394962.0,17644328.36,0.5668,0.9912,0,0
2021-06-25,sz.002968,44.7,45.62,44.55,44.59,492878.0,22184268.62,0.7073,-0.5354,0,0
2021-06-28,sz.002968,44.75,45.25,43.48,43.5,791754.0,34746050.88,1.1362,-2.4445,0,0
2021-06-29,sz.002968,43.44,44.79,42.5,44.15,705154.0,30747728.65,1.0119,1.4943,0,0
2021-06-30,sz.002968,44.5,44.5,43.12,43.55,475500.0,20705102.75,0.6824,-1.359,0,0
2021-07-01,sz.002968,44.17,44.25,42.5,42.59,625655.0,26926614.27,0.8978,-2.2044,0,0
2021-07-02,sz.002968,42.5,43.49,42.28,43.39,224350.0,9655239.25,0.322,1.8784,0,0
2021-07-05,sz.002968,43.32,43.39,41.71,42.25,491762.0,20818262.62,0.7057,-2.6273,0,0
2021-07-06,sz.002968,42.38,42.69,40.8,41.04,714525.0,29421416.25,1.0254,-2.8639,0,0
2021-07-07,sz.002968,41.04,42.9,40.91,41.8,795412.0,33190870.45,1.1415,1.8519,0,0
2021-07-08,sz.002968,43.0,45.98,41.83,45.98,1359514.0,61114576.12,1.951,10.0,1,0
2021-07-09,sz.002968,47.22,48.14,44.5,46.54,1798619.0,83136119.19,2.5811,1.2179,0,0
2021-07-12,sz.002968,47.17,48.47,45.2,46.19,1133558.0,53523511.03,1.6267,-0.752,0,0
2021-07-13,sz.002968,46.63,47.48,44.74,45.79,608492.0,27767837.83,0.8732,-0.866,0,0
2021-07-14,sz.002968,45.79,45.96,44.53,44.99,513325.0,23056514.0,0.7366,-1.7471,0,0
2021-07-15,sz.002968,44.45,46.59,44.44,45.7,866375.0,39750326.25,1.2433,1.5781,0,0
2021-07-16,sz.002968,46.11,46.37,44.5,45.25,316950.0,14309101.0,0.4548,-0.9847,0,0
2021-07-19,sz.002968,44.6,46.2,44.2,46.14,610252.0,27764288.03,0.8757,1.9669,0,0
2021-07-20,sz.002968,46.13,46.13,44.13,44.95,618071.0,27707991.59,0.887,-2.5791,0,0
2021-07-21,sz.002968,44.95,45.8,44.5,45.4,312775.0,14088823.25,0.4488,1.0011,0,0
2021-07-22,sz.002968,45.5,47.2,43.21,44.97,1040822.0,46684800.99,1.4936,-0.9471,0,0
2021-07-23,sz.002968,44.98,46.0,42.8,43.63,975799.0,42553692.13,1.4003,-2.9798,0,0
2021-07-26,sz.002968,43.98,43.98,41.33,42.07,659900.0,27875212.5,0.947,-3.5755,0,0
2021-07-27,sz.002968,44.17,44.17,41.62,41.87,538016.0,22738894.41,0.7721,-0.4754,0,0
2021-07-28,sz.002968,41.78,42.2,39.0,42.01,684942.0,28332872.23,0.9829,0.3344,0,0
2021-07-29,sz.002968,42.01,43.35,41.82,42.71,386231.0,16436472.84,0.5543,1.6663,0,0
2021-07-30,sz.002968,42.73,43.03,41.73,42.13,378692.0,16070650.16,0.5434,-1.358,0,0
2021-08-02,sz.002968,41.43,42.8,41.43,42.8,298155.0,12597819.25,0.4279,1.5903,0,0
2021-08-03,sz.002968,43.1,43.81,42.01,43.18,421125.0,18097070.0,0.6043,0.8879,0,0
2021-08-04,sz.002968,42.65,43.95,42.08,42.35,394017.0,16738873.77,0.5654,-1.9222,0,0
2021-08-05,sz.002968,42.8,42.99,41.84,41.98,368638.0,15611295.68,0.529,-0.8737,0,0
2021-08-06,sz.002968,41.98,41.98,40.0,41.7,671225.0,27476062.75,0.9632,-0.667,0,0
2021-08-09,sz.002968,41.69,43.99,40.18,41.58,917993.0,38968508.72,1.3174,-0.2878,0,0
2021-08-10,sz.002968,41.65,43.57,41.0,43.41,696277.0,29862797.98,0.9992,4.4012,0,0
2021-08-11,sz.002968,42.56,43.87,42.12,43.47,655800.0,28209030.75,0.9411,0.1382,0,0
2021-08-12,sz.002968,43.17,43.28,41.9,42.3,645680.0,27347272.05,0.9266,-2.6915,0,0
2021-08-13,sz.002968,42.04,42.49,41.55,42.2,244830.0,10272940.18,0.3513,-0.2364,0,0
2021-08-16,sz.002968,42.1,42.8,41.93,42.44,263210.0,11134339.58,0.3777,0.5687,0,0
2021-08-17,sz.002968,42.36,42.5,40.66,41.4,706350.0,29175847.63,1.0136,-2.4505,0,0
2021-08-18,sz.002968,41.17,41.3,39.51,39.9,823600.0,32966813.75,1.1819,-3.6232,0,0
2021-08-19,sz.002968,39.9,39.96,39.3,39.46,376550.0,14892474.0,0.5404,-1.1028,0,0
2021-08-20,sz.002968,39.32,39.46,37.66,38.75,867185.0,33333836.4,1.2445,-1.7993,0,0
2021-08-23,sz.002968,39.48,39.48,38.02,38.67,570147.0,22021667.79,0.8182,-0.2065,0,0
2021-08-24,sz.002968,38.47,38.97,37.8,38.24,413435.0,15821520.3,0.5933,-1.112,0,0
2021-08-25,sz.002968,38.24,38.79,38.1,38.63,294125.0,11310179.55,0.4221,1.0199,0,0
2021-08-26,sz.002968,38.5,39.4,38.3,39.33,450150.0,17557392.18,0.646,1.8121,0,0
2021-08-27,sz.002968,39.4,39.4,37.5,37.66,779096.0,29595451.35,1.118,-4.2461,0,0
2021-08-30,sz.002968,37.5,37.65,36.85,37.0,238600.0,8865102.75,0.3424,-1.7525,0,0
2021-08-31,sz.002968,37.12,37.39,35.3,37.15,719360.0,25975777.71,1.0323,0.4054,0,0
2021-09-01,sz.002968,36.52,38.62,36.52,38.6,843950.0,31921498.0,1.2111,3.9031,0,0
2021-09-02,sz.002968,38.0,39.15,37.2,38.3,708225.0,27067267.5,1.0163,-0.7772,0,0
2021-09-03,sz.002968,38.3,38.57,36.67,37.78,566886.0,21207317.97,0.8135,-1.3577,0,0
2021-09-06,sz.002968,37.78,37.78,36.8,37.55,535924.0,19924995.15,0.7691,-0.6088,0,0
2021-09-07,sz.002968,37.55,37.56,35.96,37.35,958474.0,35135869.5,1.3755,-0.5326,0,0
2021-09-08,sz.002968,37.07,39.15,36.88,37.47,979475.0,37342788.0,1.4056,0.3213,0,0
2021-09-09,sz.002968,37.37,37.85,36.89,37.01,274550.0,10190625.5,0.394,-1.2276,0,0
2021-09-10,sz.002968,37.13,37.5,35.56,36.5,695070.0,25150974.95,0.9975,-1.378,0,0
2021-09-13,sz.002968,36.3,36.3,34.89,35.05,545993.0,19268575.74,0.7835,-3.9726,0,0
2021-09-14,sz.002968,35.46,36.2,34.69,34.8,508338.0,17914866.56,0.7295,-0.7133,0,0
2021-09-15,sz.002968,34.67,34.9,33.62,34.78,445191.0,15220776.46,0.6389,-0.0575,0,0
2021-09-16,sz.002968,34.71,35.47,34.62,35.0,288083.0,10118765.72,0.4134,0.6325,0,0
2021-09-17,sz.002968,35.4,35.4,34.4,34.93,190302.0,6607245.31,0.2731,-0.2,0,0
2021-09-22,sz.002968,34.0,34.69,33.76,34.3,336650.0,11494672.92,0.4831,-1.8036,0,0
2021-09-23,sz.002968,34.1,35.8,34.1,34.91,254725.0,8944090.25,0.3655,1.7784,0,0
2021-09-24,sz.002968,34.59,35.12,34.07,34.39,400110.0,13745249.67,0.5742,-1.4895,0,0
2021-09-27,sz.002968,34.39,36.15,34.01,35.41,576825.0,20427613.97,0.8278,2.966,0,0
2021-09-28,sz.002968,35.35,35.36,34.62,35.28,256439.0,8971986.75,0.368,-0.3671,0,0
2021-09-29,sz.002968,34.8,35.14,34.52,34.75,162010.0,5636419.0,0.2325,-1.5023,0,0
2021-09-30,sz.002968,34.75,37.07,34.72,36.43,525505.0,18941821.08,0.7541,4.8345,0,0
2021-10-08,sz.002968,36.8,37.36,36.3,36.95,298533.0,11003229.16,0.4284,1.4274,0,0
2021-10-11,sz.002968,36.97,37.66,36.5,37.15,331149.0,12292153.78,0.4752,0.5413,0,0
2021-10-12,sz.002968,40.83,40.83,36.85,38.2,983137.0,37819611.45,1.4109,2.8264,0,0
2021-10-13,sz.002968,36.99,38.95,36.99,38.18,733256.0,28102013.75,1.0523,-0.0524,0,0
2021-10-14,sz.002968,38.32,38.85,37.05,37.24,443275.0,16583660.75,0.6361,-2.462,0,0
2021-10-15,sz.002968,38.5,38.5,37.02,38.26,478446.0,18048873.93,0.6866,2.739,0,0
2021-10-18,sz.002968,37.8,38.25,35.8,37.38,639800.0,23660212.0,0.9181,-2.3001,0,0
2021-10-19,sz.002968,37.0,37.37,36.08,37.04,602750.0,22099990.75,0.865,-0.9096,0,0
2021-10-20,sz.002968,36.66,37.37,35.6,35.6,629542.0,22696485.76,0.9034,-3.8877,0,0
2021-10-21,sz.002968,35.92,36.35,35.3,35.6,225710.0,8035233.46,0.3239,0.0,0,0
2021-10-22,sz.002968,35.2,36.68,35.05,35.07,342700.0,12266093.75,0.4918,-1.4888,0,0
2021-10-25,sz.002968,36.05,36.07,33.99,34.18,558869.0,19187211.32,0.802,-2.5378,0,0
2021-10-26,sz.002968,33.88,34.1,33.02,33.2,650425.0,21682490.15,0.9334,-2.8672,0,0
2021-10-27,sz.002968,33.19,33.31,31.5,31.53,636500.0,20382333.33,0.9134,-5.0301,0,0
2021-10-28,sz.002968,32.16,32.73,31.37,31.69,598960.0,19193461.7,0.8595,0.5075,0,0
2021-10-29,sz.002968,31.79,32.57,31.58,31.85,555000.0,17726805.5,0.7965,0.5049,0,0
2021-11-01,sz.002968,31.87,32.93,31.51,32.47,553200.0,17930553.0,0.7939,1.9466,0,0
2021-11-02,sz.002968,32.11,33.62,32.11,33.14,764084.0,25274208.13,1.0965,2.0634,0,0
2021-11-03,sz.002968,33.87,36.45,33.31,36.39,2364940.0,83895730.62,3.3938,9.8069,1,0
2021-11-04,sz.002968,35.77,36.29,34.2,34.9,1730126.0,60307838.69,2.4828,-4.0945,0,0
2021-11-05,sz.002968,34.96,36.66,34.2,36.24,1004335.0,35733046.0,1.4413,3.8395,0,0
2021-11-08,sz.002968,36.25,36.5,34.88,35.71,903059.0,32125552.74,1.2959,-1.4625,0,0
2021-11-09,sz.002968,35.79,36.99,35.53,36.2,1011675.0,36762742.41,1.4518,1.3722,0,0
2021-11-10,sz.002968,35.98,37.0,35.36,36.8,737926.0,26692871.81,1.059,1.6575,0,0
2021-11-11,sz.002968,36.96,40.48,36.55,40.48,2194385.0,86472667.15,3.1491,10.0,1,0
2021-11-12,sz.002968,40.48,41.08,39.0,40.03,1377375.0,54763298.5,1.9766,-1.1117,0,0
2021-11-15,sz.002968,40.64,40.64,38.64,39.75,1199625.0,47367690.0,1.7215,-0.6995,0,0
2021-11-16,sz.002968,39.4,39.68,38.43,39.22,841800.0,32772170.5,1.208,-1.3333,0,0
2021-11-17,sz.002968,39.21,39.88,37.36,37.91,1057395.0,40344104.05,1.5174,-3.3401,0,0
2021-11-18,sz.002968,37.88,37.88,36.62,36.81,664742.0,24639747.11,0.9539,-2.9016,0,0
2021-11-19,sz.002968,36.63,38.72,36.2,37.78,892005.0,33433219.8,1.2801,2.6352,0,0
2021-11-22,sz.002968,38.07,38.2,36.8,37.5,863875.0,32087577.0,1.2397,-0.7411,0,0
2021-11-23,sz.002968,37.37,38.17,37.08,37.27,330425.0,12358372.25,0.4742,-0.6133,0,0
2021-11-24,sz.002968,37.6,37.6,36.45,36.75,456651.0,16833092.85,0.6553,-1.3952,0,0
2021-11-25,sz.002968,37.19,37.22,36.4,36.67,555650.0,20392306.25,0.7974,-0.2177,0,0
2021-11-26,sz.002968,36.33,38.5,36.33,37.1,847650.0,31665385.0,1.2164,1.1726,0,0
2021-11-29,sz.002968,37.0,37.5,36.26,37.2,591150.0,21792673.0,0.8483,0.2695,0,0
2021-11-30,sz.002968,37.7,38.0,37.0,37.79,583323.0,21968373.09,0.8371,1.586,0,0
2021-12-01,sz.002968,38.14,39.05,37.52,38.2,698825.0,26772637.25,1.0028,1.0849,0,0
2021-12-02,sz.002968,38.0,38.88,37.41,38.69,518075.0,19895507.5,0.7435,1.2827,0,0
2021-12-03,sz.002968,38.67,38.67,37.75,37.85,490050.0,18599975.5,0.7032,-2.1711,0,0
2021-12-06,sz.002968,37.8,39.5,37.8,38.85,955425.0,37097640.42,1.3711,2.642,0,0
2021-12-07,sz.002968,38.94,40.96,38.88,39.28,1002535.0,39811197.9,1.4387,1.1068,0,0
2021-12-08,sz.002968,38.53,39.66,37.77,38.11,822775.0,31512163.75,1.1807,-2.9786,0,0
2021-12-09,sz.002968,38.49,38.96,37.34,38.63,448751.0,17244211.82,0.644,1.3645,0,0
2021-12-10,sz.002968,38.64,39.98,38.07,39.24,595325.0,23315983.04,0.8543,1.5791,0,0
2021-12-13,sz.002968,39.58,40.6,39.26,39.89,576400.0,23065548.0,0.8272,1.6565,0,0
2021-12-14,sz.002968,39.83,40.0,38.16,38.26,698765.0,27079656.2,1.0028,-4.0862,0,0
2021-12-15,sz.002968,38.64,39.45,37.0,37.56,718750.0,27428173.0,1.0314,-1.8296,0,0
2021-12-16,sz.002968,37.78,38.41,36.18,36.58,1427275.0,52952860.75,2.0482,-2.6092,0,0
2021-12-17,sz.002968,36.54,36.76,36.05,36.43,339485.0,12322273.3,0.4872,-0.4101,0,0
2021-12-20,sz.002968,36.1,36.68,35.03,35.18,870158.0,31102718.05,1.2487,-3.4312,0,0
2021-12-21,sz.002968,35.3,38.04,35.3,37.5,1104924.0,41032589.1,1.5856,6.5947,0,0
2021-12-22,sz.002968,36.86,37.6,36.2,36.95,836760.0,30833244.7,1.2008,-1.4667,0,0
2021-12-23,sz.002968,36.99,37.0,35.65,35.79,651486.0,23500485.64,0.9349,-3.1394,0,0
2021-12-24,sz.002968,35.79,36.69,35.0,35.09,704576.0,24761193.1,1.0111,-1.9559,0,0
2021-12-27,sz.002968,35.07,35.85,34.47,34.55,756361.0,26481103.1,1.0854,-1.5389,0,0
2021-12-28,sz.002968,34.75,35.73,34.16,34.82,1344450.0,46731493.0,1.9294,0.7815,0,0
2021-12-29,sz.002968,35.0,35.36,34.5,34.77,741725.0,25817293.0,1.0644,-0.1436,0,0
2021-12-30,sz.002968,35.36,36.31,34.87,34.99,1030874.0,36583542.71,1.4794,0.6327,0,0
2021-12-31,sz.002968,35.0,35.68,34.4,35.43,911300.0,32063649.75,1.3078,1.2575,0,0
2022-01-04,sz.002968,35.25,35.4,34.5,34.91,858955.0,29925838.2,1.2326,-1.4677,0,0
2022-01-05,sz.002968,35.02,35.87,34.7,35.2,1071450.0,37662699.5,1.5376,0.8307,0,0
2022-01-06,sz.002968,35.0,35.2,34.38,34.71,465750.0,16223210.5,0.6684,-1.392,0,0
2022-01-07,sz.002968,35.79,36.22,34.98,35.01,1051643.0,37460797.33,1.5092,0.8643,0,0
2022-01-10,sz.002968,35.11,37.5,35.05,37.05,1691735.0,61876897.35,2.4277,5.8269,0,0
2022-01-11,sz.002968,37.44,37.49,36.53,36.8,839300.0,30965948.0,1.2044,-0.6748,0,0
2022-01-12,sz.002968,36.8,36.8,35.91,36.07,749350.0,27129518.22,1.0754,-1.9837,0,0
2022-01-13,sz.002968,36.02,36.96,35.41,36.01,993550.0,35838895.5,1.4258,-0.1663,0,0
2022-01-14,sz.002968,35.79,36.0,34.9,35.6,897301.0,31924989.5,1.2877,-1.1386,0,0
2022-01-17,sz.002968,35.81,36.63,35.52,36.31,906740.0,32874314.52,1.3012,1.9944,0,0
2022-01-18,sz.002968,36.28,36.96,35.26,35.63,1117035.0,40056982.05,1.603,-1.8728,0,0
2022-01-19,sz.002968,35.68,37.33,35.13,35.3,1247450.0,44904987.5,1.7902,-0.9262,0,0
2022-01-20,sz.002968,35.3,37.0,35.15,36.19,1426350.0,51774412.0,2.0469,2.5212,0,0
2022-01-21,sz.002968,36.21,36.21,35.41,35.7,828725.0,29601338.75,1.1893,-1.354,0,0
2022-01-24,sz.002968,35.67,37.75,35.54,37.56,1911956.0,70711884.87,2.7438,5.2101,0,0
2022-01-25,sz.002968,37.3,37.5,35.61,35.8,1774186.0,64312143.62,2.546,-4.6858,0,0
2022-01-26,sz.002968,36.17,36.18,35.3,35.63,723500.0,25740534.5,1.0383,-0.4749,0,0
2022-01-27,sz.002968,35.35,35.78,33.58,34.08,1299575.0,44745040.0,1.865,-4.3503,0,0
2022-01-28,sz.002968,34.3,35.58,34.05,35.21,1136671.0,39904824.12,1.6312,3.3157,0,0
2022-02-07,sz.002968,35.54,37.44,35.54,37.28,1470231.0,53955889.19,2.1099,5.879,0,0
2022-02-08,sz.002968,37.45,37.47,35.84,36.2,1025342.0,37299500.72,1.4714,-2.897,0,0
2022-02-09,sz.002968,36.55,37.73,36.2,37.04,905150.0,33556133.5,1.2989,2.3204,0,0
2022-02-10,sz.002968,36.93,37.12,36.13,36.94,767975.0,28036981.0,1.1021,-0.27,0,0
2022-02-11,sz.002968,37.27,38.1,36.75,37.12,1087050.0,40487324.0,1.56,0.4873,0,0
2022-02-14,sz.002968,36.5,37.57,36.35,36.98,663925.0,24536966.25,0.9528,-0.3772,0,0
2022-02-15,sz.002968,36.83,38.1,36.53,37.13,1094400.0,40983974.0,1.5705,0.4056,0,0
2022-02-16,sz.002968,37.13,38.68,37.11,38.53,1421950.0,54330351.25,2.0406,3.7705,0,0
2022-02-17,sz.002968,38.69,38.79,37.83,38.01,769650.0,29391483.0,1.1045,-1.3496,0,0
2022-02-18,sz.002968,37.96,38.42,37.4,38.16,731800.0,27733443.0,1.0502,0.3946,0,0
2022-02-21,sz.002968,38.36,38.8,38.14,38.44,859300.0,33035861.5,1.2331,0.7338,0,0
2022-02-22,sz.002968,38.44,38.55,37.54,38.01,812775.0,30822031.5,1.1664,-1.1186,0,0
2022-02-23,sz.002968,37.74,37.86,37.01,37.37,757600.0,28265526.0,1.0872,-1.6838,0,0
2022-02-24,sz.002968,37.41,37.58,35.95,36.5,1011476.0,36947640.0,1.4515,-2.3281,0,0
2022-02-25,sz.002968,36.5,36.94,36.21,36.59,909575.0,33348213.61,1.3053,0.2466,0,0
2022-02-28,sz.002968,36.59,36.95,35.58,35.87,666151.0,23811707.0,0.956,-1.9678,0,0
2022-03-01,sz.002968,35.86,36.77,35.21,36.71,881500.0,31711090.0,1.265,2.3418,0,0
2022-03-02,sz.002968,36.71,36.88,35.81,35.93,1110300.0,40037677.0,1.5933,-2.1248,0,0
2022-03-03,sz.002968,36.26,36.48,35.15,35.39,1339225.0,47454050.0,1.9219,-1.5029,0,0
2022-03-04,sz.002968,35.4,35.86,34.6,34.69,782575.0,27560910.0,1.123,-1.978,0,0
2022-03-07,sz.002968,34.52,34.85,33.5,34.05,1445313.0,49103369.0,2.0741,-1.8449,0,0
2022-03-08,sz.002968,34.0,34.88,32.96,33.06,598000.0,20016036.0,0.8582,-2.9075,0,0
2022-03-09,sz.002968,33.37,33.77,31.51,32.05,718775.0,23119125.0,1.0315,-3.0551,0,0
2022-03-10,sz.002968,33.0,33.95,32.22,32.38,824900.0,27209586.0,1.1838,1.0296,0,0
2022-03-11,sz.002968,32.06,33.8,31.75,33.53,697375.0,22943675.0,1.0008,3.5516,0,0
2022-03-14,sz.002968,33.48,33.48,32.25,32.4,526150.0,17192546.0,0.7551,-3.3701,0,0
2022-03-15,sz.002968,32.4,33.45,30.5,30.51,1024936.0,32077117.0,1.4708,-5.8333,0,0
2022-03-16,sz.002968,31.06,32.15,30.23,31.65,811395.0,25201152.0,1.1644,3.7365,0,0
2022-03-17,sz.002968,32.5,33.88,32.49,32.97,1012475.0,33614063.0,1.453,4.1706,0,0
2022-03-18,sz.002968,32.5,33.23,31.9,32.62,806275.0,26273046.0,1.157,-1.0616,0,0
2022-03-21,sz.002968,32.8,33.32,32.03,32.8,714538.0,23331543.31,1.0254,0.5518,0,0
2022-03-22,sz.002968,32.65,34.4,32.31,33.95,1154397.0,38762661.66,1.6566,3.5061,0,0
2022-03-23,sz.002968,33.32,35.02,32.41,34.15,1742150.0,58657076.85,2.5001,0.5891,0,0
2022-03-24,sz.002968,33.45,33.66,32.81,33.5,854242.0,28373882.16,1.2259,-1.9034,0,0
2022-03-25,sz.002968,33.69,33.99,32.82,33.16,766425.0,25595643.5,1.0999,-1.0149,0,0
2022-03-28,sz.002968,32.9,33.54,32.42,33.2,660000.0,21757063.0,0.9471,0.1206,0,0
2022-03-29,sz.002968,33.26,35.2,33.23,34.48,1373288.0,47319398.02,1.9707,3.8554,0,0
2022-03-30,sz.002968,34.22,36.35,34.14,36.08,1855050.0,65800542.0,2.6621,4.6404,0,0
2022-03-31,sz.002968,36.0,37.69,35.5,36.2,2944250.0,107912887.5,4.2252,0.3326,0,0
2022-04-01,sz.002968,36.02,37.22,35.37,36.55,2167925.0,78426314.0,3.1111,0.9669,0,0
2022-04-06,sz.002968,36.31,37.3,35.88,36.75,1800450.0,65699770.75,2.5837,0.5472,0,0
2022-04-07,sz.002968,36.57,37.55,36.03,37.55,2083575.0,76639360.25,2.99,2.1769,0,0
2022-04-08,sz.002968,37.56,37.64,35.2,35.97,2306950.0,83062277.25,3.3106,-4.2077,0,0
2022-04-11,sz.002968,35.84,35.96,34.64,35.18,1004512.0,35227805.84,1.4415,-2.1963,0,0
2022-04-12,sz.002968,35.12,35.76,34.23,34.67,927300.0,32162773.75,1.3307,-1.4497,0,0
2022-04-13,sz.002968,34.17,35.27,33.71,34.51,1078400.0,37101742.5,1.5476,-0.4615,0,0
2022-04-14,sz.002968,34.5,35.18,34.5,35.0,491450.0,17178344.5,0.7053,1.4199,0,0
2022-04-15,sz.002968,34.8,35.34,34.25,34.95,641400.0,22368835.0,0.9204,-0.1429,0,0
2022-04-18,sz.002968,34.3,35.75,34.16,35.4,798750.0,28154064.5,1.1462,1.2876,0,0
2022-04-19,sz.002968,35.13,36.17,34.85,35.38,851350.0,30250167.0,1.2217,-0.0565,0,0
2022-04-20,sz.002968,35.38,35.38,33.06,33.33,1093700.0,37187754.0,1.5695,-5.7942,0,0
2022-04-21,sz.002968,33.5,34.11,32.76,33.0,1071700.0,35745578.25,1.5379,-0.9901,0,0
2022-04-22,sz.002968,33.4,33.4,31.91,32.58,893850.0,29043325.5,1.2827,-1.2727,0,0
2022-04-25,sz.002968,32.14,32.49,31.66,31.73,733625.0,23471075.25,1.0528,-2.609,0,0
2022-04-26,sz.002968,31.77,32.48,30.88,30.9,862525.0,27370603.0,1.2378,-2.6158,0,0
2022-04-27,sz.002968,30.8,31.7,29.94,31.58,997300.0,30431172.0,1.4312,2.2006,0,0
2022-04-28,sz.002968,31.1,32.84,31.1,32.21,973790.0,31434177.6,1.3974,1.9949,0,0
2022-04-29,sz.002968,32.76,33.49,31.76,33.4,1474000.0,48117809.0,2.1153,3.6945,0,0
2022-05-05,sz.002968,33.45,34.35,32.97,33.75,697793.0,23587226.78,1.0014,1.0479,0,0
2022-05-06,sz.002968,33.28,33.79,32.3,32.47,938250.0,30744839.0,1.3464,-3.7926,0,0
2022-05-09,sz.002968,33.0,33.42,32.38,33.0,686150.0,22561711.5,0.9847,1.6323,0,0
2022-05-10,sz.002968,32.88,34.0,32.43,33.56,644069.0,21434154.33,0.9243,1.697,0,0
2022-05-11,sz.002968,33.51,33.74,32.35,32.49,1669888.0,54714756.9,2.3964,-3.1883,0,0
2022-05-12,sz.002968,32.49,33.16,31.95,32.73,1016600.0,33047572.0,1.4589,0.7387,0,0
2022-05-13,sz.002968,32.96,34.92,32.51,34.89,2006625.0,67852052.0,2.8796,6.5995,0,0
2022-05-16,sz.002968,34.86,35.14,33.03,33.23,1702392.0,57262522.62,2.443,-4.7578,0,0
2022-05-17,sz.002968,33.0,33.16,32.35,33.13,787300.0,25758221.16,1.1298,-0.3009,0,0
2022-05-18,sz.002968,32.9,33.29,32.7,32.79,613450.0,20278628.5,0.8803,-1.0263,0,0
2022-05-19,sz.002968,32.56,33.33,32.22,32.68,843694.0,27557190.04,1.2107,-0.3355,0,0
2022-05-20,sz.002968,32.68,32.97,32.4,32.9,849650.0,27755433.5,1.2193,0.6732,0,0
2022-05-23,sz.002968,32.68,33.79,32.68,33.23,602625.0,20051416.25,0.8648,1.003,0,0
2022-05-24,sz.002968,33.5,33.5,32.16,32.2,670300.0,21985566.0,0.9619,-3.0996,0,0
2022-05-25,sz.002968,32.33,33.1,31.68,33.07,665450.0,21607561.5,0.955,2.7019,0,0
2022-05-26,sz.002968,33.05,33.45,32.25,32.91,395100.0,13045063.0,0.567,-0.4838,0,0
2022-05-27,sz.002968,33.2,33.98,32.81,33.74,776300.0,26089884.0,1.114,2.522,0,0
2022-05-30,sz.002968,33.86,33.96,32.82,33.29,618500.0,20600495.0,0.8876,-1.3337,0,0
2022-05-31,sz.002968,23.4,23.64,22.86,23.5,1056950.0,24551773.0,1.0834,0.3416,0,0
2022-06-01,sz.002968,23.28,24.27,23.0,23.37,702830.0,16589993.3,0.7204,-0.5532,0,0
2022-06-02,sz.002968,23.25,23.93,23.0,23.78,575190.0,13580837.75,0.5896,1.7544,0,0
2022-06-06,sz.002968,23.95,23.95,23.54,23.58,469012.0,11100416.53,0.4808,-0.841,0,0
2022-06-07,sz.002968,23.58,24.01,23.45,23.92,944770.0,22429849.29,0.9684,1.4419,0,0
2022-06-08,sz.002968,23.95,23.95,23.03,23.3,1433740.0,33436539.0,1.4696,-2.592,0,0
2022-06-09,sz.002968,23.41,23.41,22.5,22.9,1196503.0,27285868.82,1.2265,-1.7167,0,0
2022-06-10,sz.002968,22.8,23.26,22.73,23.05,719152.0,16588120.44,0.7372,0.655,0,0
2022-06-13,sz.002968,23.02,23.14,22.66,22.86,967085.0,22059447.17,0.9913,-0.8243,0,0
2022-06-14,sz.002968,22.8,23.1,22.37,22.86,769320.0,17440399.4,0.7886,0.0,0,0
2022-06-15,sz.002968,22.83,23.4,22.76,22.98,813900.0,18806100.0,0.8343,0.5249,0,0
2022-06-16,sz.002968,23.03,23.3,22.77,23.12,528450.0,12182916.5,0.5417,0.6092,0,0
2022-06-17,sz.002968,22.84,23.23,22.65,23.0,508000.0,11648533.2,0.5207,-0.519,0,0
2022-06-20,sz.002968,22.91,23.48,22.74,23.41,609800.0,14160278.1,0.6251,1.7826,0,0
2022-06-21,sz.002968,23.4,23.92,23.3,23.5,736478.0,17428746.72,0.7549,0.3845,0,0
2022-06-22,sz.002968,23.56,24.5,23.33,23.45,1280820.0,30711148.0,1.3129,-0.2128,0,0
2022-06-23,sz.002968,23.57,23.98,23.4,23.82,558200.0,13221164.9,0.5722,1.5778,0,0
2022-06-24,sz.002968,23.82,24.1,23.5,23.82,735630.0,17470608.5,0.754,0.0,0,0
2022-06-27,sz.002968,23.72,24.46,23.65,24.41,830030.0,20024778.6,0.8508,2.4769,0,0
2022-06-28,sz.002968,24.43,24.44,23.71,23.8,610260.0,14627491.0,0.6255,-2.499,0,0
2022-06-29,sz.002968,23.8,24.9,23.67,24.73,1896597.0,46269936.87,1.9441,3.9076,0,0
2022-06-30,sz.002968,24.58,24.72,24.1,24.66,1242119.0,30299062.87,1.2732,-0.2831,0,0
2022-07-01,sz.002968,24.59,24.6,23.75,24.1,1289508.0,31006153.82,1.3218,-2.2709,0,0
2022-07-04,sz.002968,24.11,24.43,23.82,24.38,954560.0,23026867.05,1.027,1.1618,0,0
2022-07-05,sz.002968,24.17,24.95,24.02,24.54,1042749.0,25506714.45,1.1219,0.6563,0,0
2022-07-06,sz.002968,24.54,25.58,24.22,24.3,1821013.0,45306921.64,1.9592,-0.978,0,0
2022-07-07,sz.002968,24.12,24.4,23.59,24.02,1083905.0,25934562.3,1.1586,-1.1523,0,0
2022-07-08,sz.002968,24.02,24.6,23.74,23.93,944105.0,22951818.25,1.0092,-0.3747,0,0
2022-07-11,sz.002968,24.51,25.15,24.09,24.6,2376880.0,58624805.11,2.5407,2.7998,0,0
2022-07-12,sz.002968,24.9,25.09,24.13,24.16,1309603.0,32201120.84,1.3999,-1.7886,0,0
2022-07-13,sz.002968,24.25,24.78,23.66,23.82,1242460.0,29852682.2,1.3281,-1.4073,0,0
2022-07-14,sz.002968,23.98,24.15,23.6,23.9,824240.0,19646605.1,0.8811,0.3359,0,0
2022-07-15,sz.002968,23.89,24.39,23.67,23.81,787626.0,18834787.76,0.8419,-0.3766,0,0
2022-07-18,sz.002968,23.8,24.66,23.74,24.45,844548.0,20598665.77,0.9028,2.6879,0,0
2022-07-19,sz.002968,24.36,24.98,24.26,24.68,803190.0,19796963.2,0.8586,0.9407,0,0
2022-07-20,sz.002968,24.68,24.88,24.12,24.35,873020.0,21321809.01,0.9332,-1.3371,0,0
2022-07-21,sz.002968,24.35,24.93,24.03,24.67,1119432.0,27591986.56,1.1966,1.3142,0,0
2022-07-22,sz.002968,24.52,24.99,24.22,24.47,818840.0,20048622.4,0.8753,-0.8107,0,0
2022-07-25,sz.002968,24.64,24.81,24.2,24.34,626050.0,15319095.8,0.6692,-0.5313,0,0
2022-07-26,sz.002968,24.44,24.99,24.14,24.87,1900409.0,46966340.29,1.936,2.1775,0,0
2022-07-27,sz.002968,25.24,25.64,24.87,25.6,2392649.0,60815258.14,2.4375,2.9353,0,0
2022-07-28,sz.002968,25.5,25.94,25.16,25.73,1830923.0,46797061.19,1.8652,0.5078,0,0
2022-07-29,sz.002968,25.58,25.58,25.09,25.16,925377.0,23367509.12,0.9427,-2.2153,0,0
2022-08-01,sz.002968,25.17,25.28,24.3,24.47,1472135.0,36207769.95,1.4997,-2.7424,0,0
2022-08-02,sz.002968,24.37,24.39,23.38,23.8,1537354.0,36544260.26,1.5662,-2.738,0,0
2022-08-03,sz.002968,23.72,24.11,23.11,23.15,891415.0,20900024.35,0.9081,-2.7311,0,0
2022-08-04,sz.002968,23.31,23.47,22.86,22.94,831218.0,19155940.72,0.8468,-0.9071,0,0
2022-08-05,sz.002968,22.95,23.59,22.95,23.52,767160.0,17845351.6,0.7815,2.5283,0,0
2022-08-08,sz.002968,23.52,23.64,23.13,23.48,958057.0,22353414.53,0.976,-0.1701,0,0
2022-08-09,sz.002968,23.47,23.6,23.18,23.44,460260.0,10769305.2,0.4689,-0.1704,0,0
2022-08-10,sz.002968,23.3,23.5,22.92,22.92,898580.0,20803836.6,0.9154,-2.2184,0,0
2022-08-11,sz.002968,23.18,23.45,23.08,23.41,589160.0,13750669.8,0.6002,2.1379,0,0
2022-08-12,sz.002968,23.33,23.36,23.07,23.12,594095.0,13758918.3,0.6052,-1.2388,0,0
2022-08-15,sz.002968,23.16,23.21,22.82,23.02,917475.0,21128984.7,0.9347,-0.4325,0,0
2022-08-16,sz.002968,23.09,23.4,22.86,23.35,723258.0,16778535.72,0.7368,1.4335,0,0
2022-08-17,sz.002968,23.28,23.4,23.1,23.31,450055.0,10474602.15,0.4585,-0.1713,0,0
2022-08-18,sz.002968,23.35,23.58,23.04,23.16,575500.0,13380757.5,0.5863,-0.6435,0,0
2022-08-19,sz.002968,23.22,23.8,23.12,23.25,838973.0,19656184.19,0.8547,0.3886,0,0
2022-08-22,sz.002968,23.01,23.43,22.91,23.17,986900.0,22912135.05,1.0054,-0.3441,0,0
2022-08-23,sz.002968,23.13,23.4,22.9,23.07,712968.0,16416983.14,0.7263,-0.4316,0,0
2022-08-24,sz.002968,23.04,23.25,22.4,22.62,1275967.0,28982941.92,1.2999,-1.9506,0,0
2022-08-25,sz.002968,22.77,22.78,22.18,22.18,1018423.0,22753468.81,1.0375,-1.9452,0,0
2022-08-26,sz.002968,22.02,22.57,22.02,22.36,1206640.0,26954362.6,1.2292,0.8115,0,0
2022-08-29,sz.002968,22.3,22.3,21.54,22.05,784820.0,17220597.0,0.7995,-1.3864,0,0
2022-08-30,sz.002968,22.09,22.68,21.91,22.49,906420.0,20253753.1,0.9234,1.9955,0,0
2022-08-31,sz.002968,22.5,22.7,21.74,22.36,1024432.0,22812473.49,1.0436,-0.578,0,0
2022-09-01,sz.002968,22.32,23.35,22.3,23.05,1853005.0,42531404.05,1.8877,3.0859,0,0
2022-09-02,sz.002968,23.37,23.51,23.07,23.16,983287.0,22856930.29,1.0017,0.4772,0,0
2022-09-05,sz.002968,23.17,23.55,22.95,23.51,1095668.0,25576299.71,1.1162,1.5112,0,0
2022-09-06,sz.002968,23.49,23.64,23.25,23.35,1085385.0,25426766.55,1.1057,-0.6806,0,0
2022-09-07,sz.002968,23.4,23.42,22.9,23.13,782979.0,18076473.97,0.7976,-0.9422,0,0
2022-09-08,sz.002968,23.33,23.42,22.85,22.96,632929.0,14581587.01,0.6448,-0.735,0,0
2022-09-09,sz.002968,23.09,23.57,22.87,23.35,813487.0,18981932.11,0.8287,1.6986,0,0
2022-09-13,sz.002968,23.35,23.35,22.97,23.03,439278.0,10135618.26,0.4475,-1.3704,0,0
2022-09-14,sz.002968,22.85,23.28,22.65,22.9,639785.0,14707440.85,0.6518,-0.5645,0,0
2022-09-15,sz.002968,23.08,23.47,22.85,23.31,1127539.0,26170508.86,1.1487,1.7904,0,0
2022-09-16,sz.002968,23.09,23.42,22.5,22.81,1034660.0,23739252.8,1.054,-2.145,0,0
2022-09-19,sz.002968,22.74,22.98,22.4,22.54,605105.0,13690196.55,0.6164,-1.1837,0,0
2022-09-20,sz.002968,22.54,23.19,22.04,22.44,606215.0,13676856.6,0.6176,-0.4437,0,0
2022-09-21,sz.002968,22.29,23.05,22.06,22.85,741440.0,16781811.0,0.7553,1.8271,0,0
2022-09-22,sz.002968,22.75,23.2,22.4,22.46,744160.0,16895469.7,0.7581,-1.7068,0,0
2022-09-23,sz.002968,22.38,22.94,21.66,22.16,777815.0,17248824.55,0.7924,-1.3357,0,0
2022-09-26,sz.002968,22.12,22.45,21.52,21.97,563400.0,12383473.65,0.574,-0.8574,0,0
2022-09-27,sz.002968,21.97,22.18,21.63,22.12,590670.0,12959242.5,0.6017,0.6827,0,0
2022-09-28,sz.002968,22.1,22.28,21.76,22.04,521640.0,11484699.2,0.5314,-0.3617,0,0
2022-09-29,sz.002968,22.04,22.14,21.82,21.9,833040.0,18320835.6,0.8486,-0.6352,0,0
2022-09-30,sz.002968,21.87,22.49,21.64,22.37,798947.0,17711407.71,0.8139,2.1461,0,0
2022-10-10,sz.002968,22.37,22.37,21.38,21.87,1128119.0,24439243.25,1.1493,-2.2351,0,0
2022-10-11,sz.002968,21.74,21.79,21.27,21.63,722868.0,15609152.37,0.7364,-1.0974,0,0
2022-10-12,sz.002968,21.63,21.9,21.08,21.47,697453.0,14856947.45,0.7105,-0.7397,0,0
2022-10-13,sz.002968,21.46,21.6,21.13,21.38,696430.0,14879664.6,0.7095,-0.4192,0,0
2022-10-14,sz.002968,21.45,22.45,21.38,22.1,1283370.0,28216938.98,1.3074,3.3676,0,0
2022-10-17,sz.002968,22.0,22.45,21.75,22.24,359733.0,7994074.95,0.3665,0.6335,0,0
2022-10-18,sz.002968,22.35,22.58,21.94,22.24,408653.0,9072783.27,0.4163,0.0,0,0
2022-10-19,sz.002968,22.05,22.26,21.62,21.72,360343.0,7893842.35,0.3671,-2.3381,0,0
2022-10-20,sz.002968,21.58,21.99,21.52,21.69,330940.0,7189858.75,0.3371,-0.1381,0,0
2022-10-21,sz.002968,21.7,21.99,21.53,21.73,378985.0,8272349.85,0.3861,0.1844,0,0
2022-10-24,sz.002968,21.73,21.89,21.02,21.04,656410.0,14045222.31,0.6687,-3.1753,0,0
2022-10-25,sz.002968,21.04,21.1,20.18,20.8,748693.0,15371623.52,0.7627,-1.1407,0,0
2022-10-26,sz.002968,20.62,21.0,20.28,20.74,632856.0,13080150.19,0.6447,-0.2885,0,0
2022-10-27,sz.002968,20.99,21.15,20.35,20.94,557957.0,11657503.08,0.5684,0.9643,0,0
2022-10-28,sz.002968,20.92,20.92,19.81,20.14,772835.0,15670939.65,0.7873,-3.8204,0,0
2022-10-31,sz.002968,19.82,20.4,19.65,19.96,796560.0,15920850.9,0.8115,-0.8937,0,0
2022-11-01,sz.002968,20.06,20.14,19.56,19.84,1225685.0,24149394.8,1.2486,-0.6012,0,0
2022-11-02,sz.002968,19.85,19.93,19.57,19.92,737012.0,14556955.95,0.7508,0.4032,0,0
2022-11-03,sz.002968,19.73,20.1,19.57,19.71,833860.0,16457701.9,0.8495,-1.0542,0,0
2022-11-04,sz.002968,19.7,20.03,19.53,19.97,1258400.0,24866605.7,1.282,1.3191,0,0
2022-11-07,sz.002968,20.01,20.55,19.8,20.26,1351830.0,27229732.1,1.3772,1.4522,0,0
2022-11-08,sz.002968,20.26,20.36,19.84,20.11,1025822.0,20532931.15,1.045,-0.7404,0,0
2022-11-09,sz.002968,20.35,20.64,20.12,20.15,975770.0,19836683.9,0.9941,0.1989,0,0
2022-11-10,sz.002968,20.17,20.26,19.57,19.8,1136380.0,22425530.8,1.1577,-1.737,0,0
2022-11-11,sz.002968,19.99,21.28,19.99,20.9,3085520.0,63635461.16,3.1433,5.5556,0,0
2022-11-14,sz.002968,21.6,22.48,20.99,21.28,3164864.0,68607223.06,3.2242,1.8182,0,0
2022-11-15,sz.002968,21.38,22.22,20.97,22.12,2136210.0,46324371.48,2.1762,3.9474,0,0
2022-11-16,sz.002968,22.12,22.2,21.54,21.62,1319890.0,28736800.1,1.3446,-2.2604,0,0
2022-11-17,sz.002968,21.4,22.07,21.34,21.62,960950.0,20806973.2,0.979,0.0,0,0
2022-11-18,sz.002968,21.62,21.97,21.41,21.46,995143.0,21481012.42,1.0138,-0.7401,0,0
2022-11-21,sz.002968,21.64,21.64,20.84,21.32,1224176.0,25961131.78,1.2471,-0.6524,0,0
2022-11-22,sz.002968,21.7,21.78,20.96,21.04,795155.0,16937955.35,0.8101,-1.3133,0,0
2022-11-23,sz.002968,21.03,21.8,20.77,20.87,520740.0,10938972.4,0.5305,-0.808,0,0
2022-11-24,sz.002968,21.06,21.91,21.04,21.86,1378920.0,29847123.28,1.4048,4.7437,0,0
2022-11-25,sz.002968,21.86,22.35,21.66,22.14,1143990.0,25153452.85,1.1654,1.2809,0,0
2022-11-28,sz.002968,21.9,21.9,21.19,21.42,936770.0,20038650.6,0.9543,-3.252,0,0
2022-11-29,sz.002968,22.01,22.5,21.8,22.23,1272403.0,28230387.22,1.2962,3.7815,0,0
2022-11-30,sz.002968,22.65,22.9,22.25,22.61,2635870.0,59727559.9,2.6853,1.7094,0,0
2022-12-01,sz.002968,22.78,22.98,21.91,22.19,1115557.0,24930058.07,1.1365,-1.8576,0,0
2022-12-02,sz.002968,22.01,22.34,21.74,22.1,1099638.0,24263096.62,1.1202,-0.4056,0,0
2022-12-05,sz.002968,22.18,22.65,22.1,22.42,847190.0,19034401.5,0.8631,1.448,0,0
2022-12-06,sz.002968,22.41,22.7,22.28,22.51,838558.0,18893211.14,0.8543,0.4014,0,0
2022-12-07,sz.002968,22.52,22.7,22.01,22.12,601123.0,13348128.51,0.6431,-1.7326,0,0
2022-12-08,sz.002968,22.1,22.48,21.7,22.2,898565.0,19808618.5,0.9612,0.3617,0,0
2022-12-09,sz.002968,22.29,22.6,22.18,22.4,887370.0,19870922.84,0.9493,0.9009,0,0
2022-12-12,sz.002968,22.05,22.51,21.9,21.96,1068747.0,23642019.04,0.4823,-1.9643,0,0
2022-12-13,sz.002968,22.05,22.25,21.7,22.05,628925.0,13820786.7,0.2838,0.4098,0,0
2022-12-14,sz.002968,22.13,22.19,21.66,22.0,609840.0,13392466.4,0.2752,-0.2268,0,0
2022-12-15,sz.002968,22.1,22.14,21.7,22.04,424545.0,9326146.3,0.1916,0.1818,0,0
2022-12-16,sz.002968,22.04,22.2,21.77,22.08,547875.0,12085391.5,0.2472,0.1815,0,0
2022-12-19,sz.002968,22.08,22.3,21.89,22.29,753446.0,16694647.19,0.34,0.9511,0,0
2022-12-20,sz.002968,22.28,22.36,21.65,21.8,576660.0,12594318.9,0.2602,-2.1983,0,0
2022-12-21,sz.002968,21.51,22.05,21.51,21.71,257583.0,5613620.33,0.1162,-0.4128,0,0
2022-12-22,sz.002968,21.64,23.15,21.64,22.47,1420238.0,32030956.8,0.6409,3.5007,0,0
2022-12-23,sz.002968,22.47,22.47,21.55,21.69,849110.0,18491844.2,0.3832,-3.4713,0,0
2022-12-26,sz.002968,21.71,21.74,20.85,21.23,573600.0,12200081.4,0.2588,-2.1208,0,0
2022-12-27,sz.002968,21.38,21.4,20.82,21.09,744015.0,15642383.4,0.3358,-0.6594,0,0
2022-12-28,sz.002968,21.15,21.18,20.8,21.04,616274.0,12922996.29,0.2781,-0.2371,0,0
2022-12-29,sz.002968,21.18,21.2,20.67,21.06,299965.0,6289645.65,0.1354,0.0951,0,0
2022-12-30,sz.002968,21.1,21.89,20.9,21.79,793375.0,17051592.4,0.358,3.4663,0,0
2023-01-03,sz.002968,21.82,23.97,21.81,23.97,2263988.0,53332785.83,1.0217,10.0046,1,0
2023-01-04,sz.002968,25.2,25.97,24.21,24.9,5133325.0,129167544.55,2.3165,3.8798,0,0
2023-01-05,sz.002968,24.91,25.4,24.58,24.65,3574546.0,89481162.52,1.6131,-1.004,0,0
2023-01-06,sz.002968,24.99,25.2,24.12,24.5,2006362.0,49408785.21,0.9054,-0.6085,0,0
2023-01-09,sz.002968,25.0,25.0,23.5,23.75,2792920.0,66752434.24,1.2604,-3.0612,0,0
2023-01-10,sz.002968,23.92,24.78,23.92,24.68,1972644.0,48246275.76,0.8902,3.9158,0,0
2023-01-11,sz.002968,24.47,25.25,24.0,24.47,1339058.0,33083497.47,0.6043,-0.8509,0,0
2023-01-12,sz.002968,24.16,24.79,24.16,24.48,837670.0,20483836.6,0.378,0.0409,0,0
2023-01-13,sz.002968,24.21,24.66,23.87,24.11,877960.0,21129071.25,0.3962,-1.5114,0,0
2023-01-16,sz.002968,23.96,24.65,23.7,24.26,1552314.0,37666324.15,0.7005,0.6221,0,0
2023-01-17,sz.002968,24.54,24.55,23.84,24.13,847660.0,20340947.4,0.3825,-0.5359,0,0
2023-01-18,sz.002968,24.0,24.38,23.75,24.0,609355.0,14581600.25,0.275,-0.5387,0,0
2023-01-19,sz.002968,24.14,24.24,23.57,24.1,405395.0,9718309.15,0.1829,0.4167,0,0
2023-01-20,sz.002968,24.4,24.96,23.97,24.4,1436072.0,35158181.66,0.6481,1.2448,0,0
2023-01-30,sz.002968,24.88,24.88,23.8,24.14,1704955.0,41108410.4,0.7694,-1.0656,0,0
2023-01-31,sz.002968,23.81,24.37,23.81,24.36,582815.0,14078502.6,0.263,0.9114,0,0
2023-02-01,sz.002968,24.45,24.45,23.95,24.28,957300.0,23083676.35,0.432,-0.3284,0,0
2023-02-02,sz.002968,24.28,24.77,24.1,24.6,1339265.0,32797330.8,0.6044,1.318,0,0
2023-02-03,sz.002968,24.61,25.3,24.5,24.63,1364450.0,33886655.25,0.6157,0.122,0,0
2023-02-06,sz.002968,24.58,24.68,23.92,24.31,895045.0,21696340.2,0.4039,-1.2992,0,0
2023-02-07,sz.002968,24.3,25.1,24.16,24.65,829328.0,20513600.52,0.3743,1.3986,0,0
2023-02-08,sz.002968,24.66,25.25,24.3,24.33,826015.0,20446263.8,0.3728,-1.2982,0,0
2023-02-09,sz.002968,24.4,24.72,24.3,24.57,571475.0,14005486.1,0.2579,0.9864,0,0
2023-02-10,sz.002968,24.6,25.0,24.43,24.61,706378.0,17466959.6,0.3188,0.1628,0,0
2023-02-13,sz.002968,24.65,25.06,24.33,24.97,763033.0,18897082.62,0.3443,1.4628,0,0
2023-02-14,sz.002968,25.13,25.15,24.7,24.98,602980.0,15055394.1,0.2721,0.04,0,0
2023-02-15,sz.002968,24.98,25.5,24.74,24.98,861690.0,21575472.09,0.3889,0.0,0,0
2023-02-16,sz.002968,24.98,25.27,24.36,24.4,791310.0,19616800.0,0.3571,-2.3219,0,0
2023-02-17,sz.002968,24.42,24.89,24.25,24.39,365109.0,8955918.57,0.1648,-0.041,0,0
2023-02-20,sz.002968,24.51,24.9,24.3,24.86,446774.0,11032150.58,0.2016,1.927,0,0
2023-02-21,sz.002968,24.96,25.09,24.51,24.59,672119.0,16604664.4,0.3033,-1.0861,0,0
2023-02-22,sz.002968,24.69,24.88,24.36,24.86,652875.0,16130479.65,0.2946,1.098,0,0
2023-02-23,sz.002968,24.9,25.3,24.78,25.0,661365.0,16520024.65,0.2985,0.5632,0,0
2023-02-24,sz.002968,25.3,25.3,24.36,24.62,504800.0,12422192.5,0.2278,-1.52,0,0
2023-02-27,sz.002968,24.61,24.82,24.4,24.42,284850.0,6991589.2,0.1285,-0.8123,0,0
2023-02-28,sz.002968,24.42,25.08,24.35,24.82,722350.0,17913483.1,0.326,1.638,0,0
2023-03-01,sz.002968,24.88,25.1,24.65,25.0,783183.0,19539548.88,0.3534,0.7252,0,0
2023-03-02,sz.002968,25.07,25.1,24.57,25.05,603615.0,15015504.05,0.2724,0.2,0,0
2023-03-03,sz.002968,25.05,25.3,24.7,25.26,1011007.0,25373381.66,0.4562,0.8383,0,0
2023-03-06,sz.002968,25.26,25.39,24.76,24.94,777280.0,19383558.2,0.3508,-1.2668,0,0
2023-03-07,sz.002968,24.94,25.1,24.41,24.45,443140.0,10968778.6,0.2,-1.9647,0,0
2023-03-08,sz.002968,24.13,24.64,24.13,24.39,321800.0,7860592.4,0.1452,-0.2454,0,0
2023-03-09,sz.002968,24.51,24.63,24.1,24.31,368520.0,8951657.4,0.1663,-0.328,0,0
2023-03-10,sz.002968,24.29,24.39,24.0,24.07,254355.0,6164399.9,0.1148,-0.9872,0,0
2023-03-13,sz.002968,24.21,24.21,23.38,23.61,679115.0,16036436.3,0.3065,-1.9111,0,0
2023-03-14,sz.002968,23.58,23.83,23.26,23.4,738345.0,17315361.0,0.3332,-0.8895,0,0
2023-03-15,sz.002968,23.64,23.75,23.15,23.43,464698.0,10880034.62,0.2097,0.1282,0,0
2023-03-16,sz.002968,23.48,23.48,22.65,22.78,708001.0,16238451.91,0.3195,-2.7742,0,0
2023-03-17,sz.002968,22.92,23.15,22.6,22.85,379910.0,8700544.6,0.1714,0.3073,0,0
2023-03-20,sz.002968,23.08,25.09,22.51,22.61,968248.0,22249729.55,0.4369,-1.0503,0,0
2023-03-21,sz.002968,22.68,22.95,22.4,22.89,550165.0,12445716.5,0.2483,1.2384,0,0
2023-03-22,sz.002968,22.89,23.59,22.5,23.36,598989.0,13949989.52,0.2703,2.0533,0,0
2023-03-23,sz.002968,23.29,23.6,22.71,23.03,594070.0,13605251.0,0.2681,-1.4127,0,0
2023-03-24,sz.002968,22.9,23.41,22.82,23.28,671300.0,15576424.2,0.3029,1.0855,0,0
2023-03-27,sz.002968,23.05,23.4,22.63,23.2,639426.0,14691760.06,0.2886,-0.3436,0,0
2023-03-28,sz.002968,22.67,22.93,21.7,22.27,1439500.0,31876923.2,0.6929,-4.0086,0,0
2023-03-29,sz.002968,22.28,22.28,21.8,22.11,602530.0,13290615.4,0.29,-0.7185,0,0
2023-03-30,sz.002968,22.03,22.32,22.0,22.03,547205.0,12115325.2,0.2634,-0.3618,0,0
2023-03-31,sz.002968,22.25,22.78,21.9,22.66,1059140.0,23727167.4,0.5098,2.8597,0,0
2023-04-03,sz.002968,22.77,23.25,22.58,22.86,1169812.0,26774562.88,0.563,0.8826,0,0
2023-04-04,sz.002968,22.76,22.86,21.8,21.98,1181877.0,26202180.43,0.5689,-3.8495,0,0
2023-04-06,sz.002968,21.9,21.98,21.47,21.57,491000.0,10588401.0,0.2363,-1.8653,0,0
2023-04-07,sz.002968,21.57,22.13,21.46,22.0,616795.0,13526536.45,0.2969,1.9935,0,0
2023-04-10,sz.002968,21.97,21.97,21.3,21.52,879970.0,18936459.3,0.4235,-2.1818,0,0
2023-04-11,sz.002968,21.5,21.5,21.0,21.26,437800.0,9288273.65,0.2107,-1.2082,0,0
2023-04-12,sz.002968,21.29,21.46,20.68,21.17,885100.0,18600271.5,0.426,-0.4233,0,0
2023-04-13,sz.002968,21.17,21.29,20.58,20.66,781385.0,16269172.25,0.3761,-2.4091,0,0
2023-04-14,sz.002968,20.72,20.96,20.41,20.62,626514.0,12946111.92,0.3016,-0.1936,0,0
2023-04-17,sz.002968,20.77,20.85,20.22,20.48,814590.0,16664792.45,0.3921,-0.679,0,0
2023-04-18,sz.002968,20.58,20.61,20.11,20.28,640620.0,13010820.8,0.3083,-0.9766,0,0
2023-04-19,sz.002968,20.18,20.18,19.65,19.83,925919.0,18349332.65,0.4457,-2.2189,0,0
2023-04-20,sz.002968,19.83,19.83,19.2,19.35,787845.0,15251073.75,0.3792,-2.4206,0,0
2023-04-21,sz.002968,19.44,19.72,18.91,18.96,851815.0,16365258.9,0.41,-2.0155,0,0
2023-04-24,sz.002968,18.91,18.95,18.51,18.65,1027366.0,19185087.5,0.4945,-1.635,0,0
2023-04-25,sz.002968,18.73,18.75,17.88,18.23,1166420.0,21256672.2,0.5614,-2.252,0,0
2023-04-26,sz.002968,17.96,19.07,17.96,18.72,1139600.0,21280794.05,0.5485,2.6879,0,0
2023-04-27,sz.002968,18.86,18.99,18.53,18.76,636217.0,11968634.59,0.3062,0.2137,0,0
2023-04-28,sz.002968,18.8,19.18,18.8,19.0,640375.0,12170604.75,0.3082,1.2793,0,0
2023-05-04,sz.002968,18.88,19.45,18.88,18.98,821800.0,15699377.4,0.3955,-0.1053,0,0
2023-05-05,sz.002968,18.98,19.45,18.79,19.22,1315635.0,25207743.8,0.6332,1.2645,0,0
2023-05-08,sz.002968,19.3,19.3,18.81,19.03,768171.0,14606742.58,0.3697,-0.9886,0,0
2023-05-09,sz.002968,18.91,19.33,18.76,18.95,1046180.0,19862960.6,0.5035,-0.4204,0,0
2023-05-10,sz.002968,18.96,19.0,18.5,18.75,742540.0,13900162.0,0.3574,-1.0554,0,0
2023-05-11,sz.002968,18.84,19.06,18.62,18.69,596410.0,11218685.7,0.2871,-0.32,0,0
2023-05-12,sz.002968,18.79,19.05,18.45,18.48,1034975.0,19333072.5,0.4982,-1.1236,0,0
2023-05-15,sz.002968,18.38,18.55,18.02,18.44,824000.0,15038178.8,0.3966,-0.2165,0,0
2023-05-16,sz.002968,18.43,18.52,17.93,18.08,1220327.0,22139229.39,0.5874,-1.9523,0,0
2023-05-17,sz.002968,17.9,18.27,17.9,18.1,718971.0,12988521.0,0.3461,0.1106,0,0
2023-05-18,sz.002968,18.05,18.27,18.02,18.19,922947.0,16749001.01,0.4442,0.4972,0,0
2023-05-19,sz.002968,18.17,18.29,17.88,18.21,1044700.0,18928423.6,0.5028,0.11,0,0
2023-05-22,sz.002968,18.29,18.31,17.74,18.0,1597890.0,28659987.0,0.7691,-1.1532,0,0
2023-05-23,sz.002968,18.05,18.05,17.69,17.81,988680.0,17619217.0,0.4759,-1.0556,0,0
2023-05-24,sz.002968,17.78,17.78,17.47,17.57,909020.0,15998372.0,0.4375,-1.3476,0,0
2023-05-25,sz.002968,17.59,17.7,17.18,17.45,1043125.0,18163898.65,0.5021,-0.683,0,0
2023-05-26,sz.002968,17.51,17.52,17.06,17.35,1126935.0,19445586.8,0.5424,-0.5731,0,0
2023-05-29,sz.002968,17.35,17.65,17.34,17.46,1313247.0,22955337.81,0.6321,0.634,0,0
2023-05-30,sz.002968,17.54,17.7,17.15,17.66,1458666.0,25449490.42,0.7021,1.1455,0,0
2023-05-31,sz.002968,17.95,17.95,17.25,17.47,1596248.0,27839077.91,0.7765,-1.0759,0,0
2023-06-01,sz.002968,17.41,17.52,16.96,17.26,2361557.0,40820572.48,1.1488,-1.2021,0,0
2023-06-02,sz.002968,17.31,17.55,16.99,17.46,2658627.0,46057780.78,1.2933,1.1587,0,0
2023-06-05,sz.002968,17.31,17.39,16.52,16.86,3602070.0,60339383.75,1.7522,-3.4364,0,0
2023-06-06,sz.002968,16.84,16.96,16.53,16.55,2056651.0,34429814.63,1.0005,-1.8387,0,0
2023-06-07,sz.002968,16.53,17.18,16.53,16.89,1806711.0,30437056.57,0.8789,2.0544,0,0
2023-06-08,sz.002968,16.95,17.05,16.65,16.74,1400573.0,23496187.81,0.6813,-0.8881,0,0
2023-06-09,sz.002968,16.6,16.6,16.04,16.14,1468430.0,23828674.15,0.7143,-1.8248,0,0
2023-06-12,sz.002968,16.03,16.57,16.01,16.49,1379935.0,22550899.35,0.6713,2.1685,0,0
2023-06-13,sz.002968,16.5,16.58,15.94,15.97,1747305.0,28176563.05,0.85,-3.1534,0,0
2023-06-14,sz.002968,15.98,16.1,15.72,15.79,1440205.0,22815096.35,0.7006,-1.1271,0,0
2023-06-15,sz.002968,15.85,15.89,15.62,15.86,1604300.0,25309656.25,0.7804,0.4433,0,0
2023-06-16,sz.002968,15.88,15.91,15.44,15.58,2407700.0,37642214.35,1.1712,-1.7654,0,0
2023-06-19,sz.002968,15.5,15.6,15.27,15.31,1667000.0,25599574.2,0.8109,-1.733,0,0
2023-06-20,sz.002968,15.37,15.42,15.09,15.14,2490810.0,37859982.0,1.2117,-1.1104,0,0
2023-06-21,sz.002968,15.15,15.26,14.57,14.58,3741170.0,55451377.66,1.8199,-3.6988,0,0
2023-06-26,sz.002968,14.5,14.63,14.22,14.38,3305449.0,47633335.44,1.6079,-1.3717,0,0
2023-06-27,sz.002968,14.26,15.07,14.2,15.01,3386579.0,50115621.79,1.6474,4.3811,0,0
2023-06-28,sz.002968,14.96,15.13,14.58,15.01,2525700.0,37580816.2,1.2286,0.0,0,0
2023-06-29,sz.002968,15.06,15.16,14.86,15.09,1736217.0,26102771.89,0.8446,0.533,0,0
2023-06-30,sz.002968,15.14,15.34,15.07,15.11,1886310.0,28672277.5,0.9176,0.1325,0,0
2023-07-03,sz.002968,15.25,15.63,15.19,15.39,2193660.0,33799800.2,1.0671,1.8531,0,0
2023-07-04,sz.002968,15.39,15.4,15.06,15.28,1608275.0,24475536.75,0.7824,-0.7147,0,0
2023-07-05,sz.002968,15.32,15.48,15.12,15.37,1433780.0,22013285.8,0.6975,0.589,0,0
2023-07-06,sz.002968,15.44,16.16,15.16,15.58,4263535.0,66543217.95,2.074,1.3663,0,0
2023-07-07,sz.002968,15.51,15.68,15.27,15.38,3358355.0,51897086.75,1.6337,-1.2837,0,0
2023-07-10,sz.002968,15.42,15.73,15.22,15.26,2231745.0,34359122.15,1.0856,-0.7802,0,0
2023-07-11,sz.002968,15.35,15.45,15.16,15.22,1598100.0,24384053.0,0.7774,-0.2621,0,0
2023-07-12,sz.002968,15.15,15.28,15.01,15.08,1099030.0,16632190.1,0.5346,-0.9198,0,0
2023-07-13,sz.002968,15.08,15.27,15.01,15.18,1482970.0,22474969.9,0.7214,0.6631,0,0
2023-07-14,sz.002968,15.2,15.2,14.89,14.95,1369550.0,20536561.0,0.6662,-1.5152,0,0
2023-07-17,sz.002968,14.85,14.99,14.71,14.91,1097520.0,16311081.8,0.5339,-0.2676,0,0
2023-07-18,sz.002968,14.95,15.07,14.72,14.96,1357635.0,20224607.85,0.6604,0.3353,0,0
2023-07-19,sz.002968,14.97,15.19,14.8,15.11,1718300.0,25855614.0,0.8359,1.0027,0,0
2023-07-20,sz.002968,15.15,15.63,15.02,15.44,3277300.0,50531254.96,1.5943,2.184,0,0
2023-07-21,sz.002968,15.53,16.98,15.44,16.98,8533750.0,141148178.1,4.1513,9.9741,1,0
2023-07-24,sz.002968,17.5,17.98,16.37,16.93,18843633.0,322454612.12,9.1666,-0.2945,0,0
2023-07-25,sz.002968,16.94,17.7,16.8,17.53,17902870.0,309511794.24,8.7089,3.544,0,0
2023-07-26,sz.002968,17.54,19.07,17.02,18.23,20318038.0,363541957.01,9.8838,3.9932,0,0
2023-07-27,sz.002968,17.5,17.63,16.58,16.98,12667723.0,217194686.27,6.1623,-6.8568,0,0
2023-07-28,sz.002968,16.96,17.78,16.95,17.48,15002127.0,262039579.17,7.2978,2.9446,0,0
2023-07-31,sz.002968,17.47,18.09,17.47,17.81,13225407.0,235834168.69,6.4336,1.8879,0,0
2023-08-01,sz.002968,17.56,18.0,17.3,17.5,10193059.0,179918118.85,4.9585,-1.7406,0,0
2023-08-02,sz.002968,17.4,18.01,17.31,17.7,8696495.0,154808280.2,4.2304,1.1429,0,0
2023-08-03,sz.002968,17.68,17.89,17.08,17.69,6824290.0,119287023.8,3.3197,-0.0565,0,0
2023-08-04,sz.002968,17.85,18.04,17.26,17.44,6419270.0,112337568.8,3.1227,-1.4132,0,0
2023-08-07,sz.002968,16.9,16.97,16.13,16.38,8647440.0,142148581.6,4.2066,-6.078,0,0
2023-08-08,sz.002968,16.39,16.44,15.21,15.36,9176490.0,142921304.4,4.4639,-6.2271,0,0
2023-08-09,sz.002968,15.34,15.34,14.8,14.86,7268540.0,108829539.6,3.5358,-3.2552,0,0
2023-08-10,sz.002968,14.86,14.93,14.54,14.66,5682000.0,83423384.2,2.764,-1.3459,0,0
2023-08-11,sz.002968,14.69,14.99,14.21,14.34,8415330.0,121821094.8,4.0937,-2.1828,0,0
2023-08-14,sz.002968,14.09,14.18,13.75,14.18,5961690.0,83498803.2,2.9001,-1.1158,0,0
2023-08-15,sz.002968,14.15,14.22,13.68,13.75,5041660.0,69718759.4,2.4525,-3.0324,0,0
2023-08-16,sz.002968,13.74,14.18,13.62,13.91,6730730.0,93856122.0,3.2742,1.1636,0,0
2023-08-17,sz.002968,13.98,13.98,13.65,13.88,5571260.0,76963688.4,2.7102,-0.2157,0,0
2023-08-18,sz.002968,13.85,13.98,13.43,13.43,4457600.0,61006718.0,2.1684,-3.2421,0,0
2023-08-21,sz.002968,13.46,13.67,13.33,13.38,3138400.0,42302559.0,1.5267,-0.3723,0,0
2023-08-22,sz.002968,13.42,13.51,13.08,13.31,3531500.0,46816375.0,1.7179,-0.5232,0,0
2023-08-23,sz.002968,13.26,13.27,12.92,12.92,3320017.0,43367884.71,1.615,-2.9301,0,0
2023-08-24,sz.002968,12.92,13.01,12.74,12.86,3054335.0,39309934.0,1.4858,-0.4644,0,0
2023-08-25,sz.002968,12.75,12.98,12.66,12.72,3573400.0,45694749.0,1.7383,-1.0886,0,0
2023-08-28,sz.002968,13.37,13.99,13.1,13.99,5386095.0,73742970.05,2.6201,9.9843,1,0
2023-08-29,sz.002968,14.4,15.39,14.2,15.39,21111386.0,315544338.53,10.2697,10.0071,1,0
2023-08-30,sz.002968,15.39,16.41,15.0,15.54,27389309.0,425936104.26,13.3236,0.9747,0,0
2023-08-31,sz.002968,15.17,16.0,14.99,15.08,15929698.0,244731045.98,7.7491,-2.9601,0,0
2023-09-01,sz.002968,15.51,15.97,14.55,14.63,12526201.0,188540721.01,6.0934,-2.9841,0,0
2023-09-04,sz.002968,14.71,16.09,14.71,16.09,11411346.0,177261771.9,5.5511,9.9795,1,0
2023-09-05,sz.002968,16.19,16.25,15.55,15.72,16166022.0,255838551.06,7.864,-2.2996,0,0
2023-09-06,sz.002968,15.72,16.38,15.68,16.06,14897790.0,239020002.34,7.2471,2.1628,0,0
2023-09-07,sz.002968,15.67,16.2,15.61,15.62,9812090.0,155471002.0,4.7731,-2.7397,0,0
2023-09-08,sz.002968,15.54,15.68,15.0,15.23,7791400.0,118979920.0,3.7902,-2.4968,0,0
2023-09-11,sz.002968,15.27,15.58,14.71,14.92,5284930.0,78940726.1,2.5709,-2.0355,0,0
2023-09-12,sz.002968,14.8,14.9,14.5,14.67,4527060.0,66252135.2,2.2022,-1.6756,0,0
2023-09-13,sz.002968,14.6,14.79,14.24,14.37,4453250.0,64365858.6,2.1663,-2.045,0,0
2023-09-14,sz.002968,14.34,14.34,13.73,13.84,3826280.0,53256310.8,1.8613,-3.6882,0,0
2023-09-15,sz.002968,14.08,14.36,13.74,13.79,5086700.0,70894582.0,2.4744,-0.3613,0,0
2023-09-18,sz.002968,13.66,14.02,13.58,13.87,3261300.0,45164898.2,1.5865,0.5801,0,0
2023-09-19,sz.002968,13.81,13.92,13.6,13.7,3195940.0,43879876.8,1.5547,-1.2257,0,0
2023-09-20,sz.002968,13.71,14.0,13.64,13.74,3370195.0,46637560.5,1.6394,0.292,0,0
2023-09-21,sz.002968,13.8,15.1,13.65,14.3,11662490.0,167407317.8,5.6733,4.0757,0,0
2023-09-22,sz.002968,14.29,14.3,13.65,14.04,8933040.0,123835337.8,4.3455,-1.8182,0,0
2023-09-25,sz.002968,13.8,13.8,13.16,13.44,7887090.0,105924070.58,3.8367,-4.2735,0,0
2023-09-26,sz.002968,13.45,13.53,13.24,13.26,4457476.0,59598032.86,2.1684,-1.3393,0,0
2023-09-27,sz.002968,13.26,13.45,13.21,13.23,3647920.0,48627397.6,1.7745,-0.2262,0,0
2023-09-28,sz.002968,13.28,13.44,13.27,13.34,2523180.0,33671945.2,1.2274,0.8314,0,0
2023-10-09,sz.002968,13.26,13.28,12.8,12.84,4907300.0,63470204.6,2.3872,-3.7481,0,0
2023-10-10,sz.002968,12.95,12.95,12.67,12.69,3443610.0,43974385.7,1.6752,-1.1682,0,0
2023-10-11,sz.002968,12.69,13.23,12.68,12.95,3726730.0,48171339.3,1.8129,2.0489,0,0
2023-10-12,sz.002968,12.95,13.42,12.95,13.14,4751000.0,62556822.0,2.3111,1.4672,0,0
2023-10-13,sz.002968,13.13,13.21,12.91,12.95,2298307.0,29926224.9,1.118,-1.446,0,0
2023-10-16,sz.002968,12.92,13.04,12.74,12.87,2368700.0,30396517.0,1.1523,-0.6178,0,0
2023-10-17,sz.002968,12.82,13.07,12.75,12.97,1960670.0,25269857.1,0.9538,0.777,0,0
2023-10-18,sz.002968,12.89,12.96,12.56,12.56,3032805.0,38502485.45,1.4753,-3.1611,0,0
2023-10-19,sz.002968,12.51,12.76,12.48,12.5,2111352.0,26582634.68,1.0271,-0.4777,0,0
2023-10-20,sz.002968,12.42,12.79,12.42,12.73,3281040.0,41609249.8,1.5961,1.84,0,0
2023-10-23,sz.002968,12.62,12.62,12.06,12.17,3295500.0,40491256.0,1.6031,-4.3991,0,0
2023-10-24,sz.002968,12.2,12.68,12.2,12.65,3083525.0,38699716.75,1.5,3.9441,0,0
2023-10-25,sz.002968,12.64,12.95,12.54,12.58,2422100.0,30757107.0,1.1782,-0.5534,0,0
2023-10-26,sz.002968,12.5,12.56,12.29,12.55,2410500.0,29970541.0,1.1726,-0.2385,0,0
2023-10-27,sz.002968,12.68,12.95,12.55,12.88,2956700.0,37777265.0,1.4383,2.6295,0,0
2023-10-30,sz.002968,12.8,13.17,12.75,13.05,3688792.0,47897164.76,1.7944,1.3199,0,0
2023-10-31,sz.002968,13.08,13.29,12.83,13.11,3031655.0,39471621.45,1.4748,0.4598,0,0
2023-11-01,sz.002968,13.16,13.2,13.02,13.11,2399040.0,31476473.6,1.167,0.0,0,0
2023-11-02,sz.002968,13.16,13.23,13.01,13.08,2740640.0,35971974.8,1.3332,-0.2288,0,0
2023-11-03,sz.002968,13.04,13.26,13.04,13.17,2169770.0,28598211.9,1.0555,0.6881,0,0
2023-11-06,sz.002968,13.17,13.44,13.15,13.43,2706231.0,36187871.91,1.3165,1.9742,0,0
2023-11-07,sz.002968,13.41,13.45,13.2,13.35,2480220.0,33026624.6,1.2065,-0.5957,0,0
2023-11-08,sz.002968,13.41,13.53,13.29,13.43,2461400.0,33080998.4,1.1974,0.5993,0,0
2023-11-09,sz.002968,13.47,13.59,13.3,13.4,2082510.0,28018272.9,1.013,-0.2234,0,0
2023-11-10,sz.002968,13.34,13.41,13.16,13.28,2162778.0,28675499.0,1.0521,-0.8955,0,0
2023-11-13,sz.002968,13.28,13.52,13.28,13.48,2551680.0,34248569.4,1.2413,1.506,0,0
2023-11-14,sz.002968,13.47,13.72,13.41,13.67,2214700.0,30194431.4,1.0774,1.4095,0,0
2023-11-15,sz.002968,13.75,13.84,13.59,13.61,2141975.0,29343461.05,1.042,-0.4389,0,0
2023-11-16,sz.002968,13.66,13.68,13.48,13.56,1605670.0,21778202.3,0.7811,-0.3674,0,0
2023-11-17,sz.002968,13.52,13.63,13.48,13.54,1223260.0,16576572.4,0.5951,-0.1475,0,0
2023-11-20,sz.002968,13.54,13.86,13.45,13.69,2413580.0,32966037.65,1.1741,1.1078,0,0
2023-11-21,sz.002968,13.7,14.31,13.7,13.93,4407275.0,61691913.8,2.1439,1.7531,0,0
2023-11-22,sz.002968,13.97,14.1,13.74,13.74,2858200.0,39811998.0,1.3904,-1.364,0,0
2023-11-23,sz.002968,13.75,13.98,13.55,13.96,2702700.0,37362388.5,1.3147,1.6012,0,0
2023-11-24,sz.002968,14.04,14.14,13.83,13.83,2075300.0,28950213.0,1.0095,-0.9312,0,0
2023-11-27,sz.002968,13.82,13.86,13.4,13.48,3246190.0,44000113.2,1.5161,-2.5307,0,0
2023-11-28,sz.002968,13.48,13.68,13.38,13.58,2385000.0,32370526.0,1.1139,0.7418,0,0
2023-11-29,sz.002968,13.63,13.67,13.4,13.41,1695900.0,22859828.15,0.7921,-1.2518,0,0
2023-11-30,sz.002968,13.45,13.58,13.28,13.35,2000312.0,26765984.24,0.9342,-0.4474,0,0
2023-12-01,sz.002968,13.41,13.5,13.24,13.35,1293100.0,17270022.0,0.6039,0.0,0,0
2023-12-04,sz.002968,13.34,13.5,13.28,13.44,2328250.0,31203342.3,1.0874,0.6742,0,0
2023-12-05,sz.002968,13.47,13.47,13.15,13.15,1676180.0,22301784.0,0.7829,-2.1577,0,0
2023-12-06,sz.002968,13.12,13.41,13.12,13.36,1737900.0,23184996.0,0.8117,1.597,0,0
2023-12-07,sz.002968,13.37,13.43,13.22,13.29,2538775.0,33883826.25,1.1857,-0.524,0,0
2023-12-08,sz.002968,13.28,13.33,12.85,12.85,2707350.0,35279034.2,1.2645,-3.3108,0,0
2023-12-11,sz.002968,12.81,12.93,12.53,12.71,2763715.0,35005701.25,1.2908,-1.0895,0,0
2023-12-12,sz.002968,12.71,12.96,12.51,12.92,3584340.0,45621253.8,1.6741,1.6522,0,0
2023-12-13,sz.002968,12.86,12.86,12.53,12.55,1575760.0,19937999.0,0.736,-2.8638,0,0
2023-12-14,sz.002968,12.65,12.83,12.59,12.63,2407800.0,30568974.0,1.1246,0.6375,0,0
2023-12-15,sz.002968,12.8,13.21,12.77,12.91,2548670.0,33105674.0,1.1904,2.2169,0,0
2023-12-18,sz.002968,12.9,13.14,12.65,12.71,2103140.0,27008464.8,0.9823,-1.5492,0,0
2023-12-19,sz.002968,12.74,12.9,12.61,12.71,2483760.0,31670495.4,1.16,0.0,0,0
2023-12-20,sz.002968,12.71,12.84,12.43,12.43,1776005.0,22360943.95,0.8295,-2.203,0,0
2023-12-21,sz.002968,12.43,12.77,12.41,12.71,2273300.0,28612886.0,1.0617,2.2526,0,0
2023-12-22,sz.002968,12.79,12.79,12.43,12.51,2218420.0,27892488.4,1.0361,-1.5736,0,0
2023-12-25,sz.002968,12.61,12.61,11.91,12.09,3005305.0,36371959.8,1.4036,-3.3573,0,0
2023-12-26,sz.002968,12.12,12.16,11.95,11.98,1752365.0,21068173.35,0.8184,-0.9098,0,0
2023-12-27,sz.002968,12.03,12.25,11.93,12.12,2336180.0,28148941.7,1.0911,1.1686,0,0
2023-12-28,sz.002968,12.03,12.52,12.02,12.45,2534313.0,31287185.3,1.1836,2.7228,0,0
2023-12-29,sz.002968,12.45,12.58,12.21,12.51,1731230.0,21605696.1,0.8086,0.4819,0,0
2024-01-02,sz.002968,12.56,12.73,12.36,12.6,1991320.0,25023598.4,0.93,0.7194,0,0
2024-01-03,sz.002968,12.75,12.81,12.62,12.73,2411800.0,30652838.0,1.1264,1.0317,0,0
2024-01-04,sz.002968,12.62,12.83,12.6,12.69,1513800.0,19189677.0,0.707,-0.3142,0,0
2024-01-05,sz.002968,12.7,12.95,12.56,12.66,2122075.0,27169443.0,0.9911,-0.2364,0,0
2024-01-08,sz.002968,12.64,12.78,12.34,12.38,2181110.0,27281957.1,1.0187,-2.2117,0,0
2024-01-09,sz.002968,12.37,12.73,12.36,12.5,2255550.0,28209699.5,1.0534,0.9693,0,0
2024-01-10,sz.002968,12.33,12.7,12.33,12.52,1889220.0,23643875.85,0.8824,0.16,0,0
2024-01-11,sz.002968,12.46,12.69,12.38,12.6,2321775.0,29043570.75,1.0844,0.639,0,0
2024-01-12,sz.002968,12.6,12.88,12.52,12.53,2267000.0,28777344.0,1.0588,-0.5556,0,0
2024-01-15,sz.002968,12.6,12.87,12.32,12.72,3263000.0,41246850.55,1.524,1.5164,0,0
2024-01-16,sz.002968,12.72,12.85,12.24,12.52,2077945.0,25966922.7,0.9705,-1.5723,0,0
2024-01-17,sz.002968,12.53,12.56,12.26,12.32,1511700.0,18679139.0,0.706,-1.5974,0,0
2024-01-18,sz.002968,12.31,12.31,11.78,12.1,2486295.0,29833139.1,1.1612,-1.7857,0,0
2024-01-19,sz.002968,12.26,12.3,11.91,11.96,1907500.0,23056167.0,0.8927,-1.157,0,0
2024-01-22,sz.002968,12.02,12.02,11.04,11.19,2472960.0,28557237.0,1.1573,-6.4381,0,0
2024-01-23,sz.002968,11.38,11.38,10.75,10.99,2712960.0,29620954.8,1.2696,-1.7873,0,0
2024-01-24,sz.002968,11.06,11.43,10.86,11.38,2599850.0,29075849.8,1.2167,3.5487,0,0
2024-01-25,sz.002968,11.46,11.91,11.3,11.89,2750140.0,32048782.0,1.287,4.4815,0,0
2024-01-26,sz.002968,12.01,12.46,11.89,12.1,3818350.0,46629370.0,1.7869,1.7662,0,0
2024-01-29,sz.002968,12.1,12.2,11.46,11.54,3285530.0,38526830.5,1.5376,-4.6281,0,0
2024-01-30,sz.002968,11.45,11.55,10.81,10.87,2572200.0,28616128.6,1.2037,-5.8059,0,0
2024-01-31,sz.002968,10.87,10.92,9.99,10.08,4696937.0,48267551.56,2.1981,-7.2677,0,0
2024-02-01,sz.002968,9.95,10.12,9.49,9.87,4271680.0,41964481.0,1.9991,-2.0833,0,0
2024-02-02,sz.002968,9.93,10.24,9.02,9.35,4061192.0,38956817.64,1.9006,-5.2685,0,0
2024-02-05,sz.002968,9.28,9.29,8.42,8.42,3215920.0,27342972.0,1.505,-9.9465,0,1
2024-02-06,sz.002968,8.03,8.22,7.58,7.91,7333471.0,56847047.14,3.4319,-6.057,0,0
2024-02-07,sz.002968,7.96,7.96,7.12,7.12,9473515.0,69186393.15,4.4334,-9.9874,0,1
2024-02-08,sz.002968,7.08,7.83,7.05,7.83,8402588.0,62833311.59,3.9323,9.9719,1,0
2024-02-19,sz.002968,8.05,8.6,8.05,8.54,8749485.0,73627745.63,4.0946,9.0677,0,0
2024-02-20,sz.002968,8.48,8.66,8.26,8.64,4216235.0,35667272.95,1.9731,1.171,0,0
2024-02-21,sz.002968,8.6,9.15,8.36,8.78,4503090.0,39977102.0,2.1074,1.6204,0,0
2024-02-22,sz.002968,8.76,9.1,8.72,8.93,3415100.0,30273224.6,1.5982,1.7084,0,0
2024-02-23,sz.002968,9.0,9.32,9.0,9.28,4536575.0,41496730.5,2.123,3.9194,0,0
2024-02-26,sz.002968,9.28,9.81,9.17,9.46,4180940.0,39613517.5,1.9566,1.9397,0,0
2024-02-27,sz.002968,9.47,9.79,9.37,9.74,3563270.0,34495206.6,1.6675,2.9598,0,0
2024-02-28,sz.002968,9.79,9.95,8.77,8.78,5790408.0,54103109.34,2.7098,-9.8563,0,1
2024-02-29,sz.002968,8.77,9.16,8.7,9.1,4608303.0,41389656.4,2.1566,3.6446,0,0
2024-03-01,sz.002968,9.16,9.22,8.91,9.07,3682405.0,33327185.45,1.7233,-0.3297,0,0
2024-03-04,sz.002968,9.09,9.15,8.76,9.0,3615158.0,32372782.36,1.6918,-0.7718,0,0
2024-03-05,sz.002968,8.99,9.12,8.8,8.9,2423600.0,21669936.6,1.1342,-1.1111,0,0
2024-03-06,sz.002968,8.9,9.05,8.8,8.99,2488750.0,22223513.0,1.1647,1.0112,0,0
2024-03-07,sz.002968,9.0,9.11,8.88,8.88,2754280.0,24748193.3,1.289,-1.2236,0,0
2024-03-08,sz.002968,8.84,9.05,8.81,8.87,2660480.0,23638794.0,1.2451,-0.1126,0,0
2024-03-11,sz.002968,8.9,9.02,8.82,9.0,2571680.0,22972956.0,1.2035,1.4656,0,0
2024-03-12,sz.002968,9.0,9.54,9.0,9.44,4154460.0,38473525.4,1.9442,4.8889,0,0
2024-03-13,sz.002968,9.44,9.46,9.13,9.26,3176375.0,29384711.5,1.4865,-1.9068,0,0
2024-03-14,sz.002968,9.25,9.49,9.22,9.37,3554105.0,33280828.95,1.6633,1.1879,0,0
2024-03-15,sz.002968,9.4,9.54,9.23,9.36,3486270.0,32665938.7,1.6315,-0.1067,0,0
2024-03-18,sz.002968,9.41,10.26,9.35,9.81,8026316.0,78477469.7,3.7562,4.8077,0,0
2024-03-19,sz.002968,9.81,10.38,9.81,10.23,7614266.0,77120120.06,3.5633,4.2813,0,0
2024-03-20,sz.002968,10.24,10.44,10.0,10.2,5050074.0,51197917.82,2.3633,-0.2933,0,0
2024-03-21,sz.002968,10.22,11.22,10.22,11.22,14443239.0,160105715.24,6.7592,10.0,1,0
2024-03-22,sz.002968,11.1,11.1,10.38,10.41,23505510.0,247395385.78,11.0002,-7.2193,0,0
2024-03-25,sz.002968,10.4,10.46,9.9,9.92,12810808.0,129564746.18,5.9952,-4.707,0,0
2024-03-26,sz.002968,9.88,10.19,9.8,10.04,8713508.0,87092323.74,4.0778,1.2097,0,0
2024-03-27,sz.002968,9.92,10.03,9.7,9.7,7579960.0,74666013.45,3.5473,-3.3865,0,0
2024-03-28,sz.002968,9.73,10.1,9.7,9.89,6140580.0,60730119.4,2.8737,1.9588,0,0
2024-03-29,sz.002968,9.88,10.08,9.7,9.98,5722127.0,56553602.3,2.6779,0.91,0,0
2024-04-01,sz.002968,10.02,10.15,10.01,10.07,5747885.0,57889313.71,2.6899,0.9018,0,0
2024-04-02,sz.002968,10.08,10.43,9.92,9.99,9335407.0,94344195.0,4.3688,-0.7944,0,0
2024-04-03,sz.002968,9.95,9.95,9.74,9.83,4227100.0,41611644.0,1.9782,-1.6016,0,0
2024-04-08,sz.002968,9.83,9.84,9.52,9.52,5249710.0,50652196.26,2.4568,-3.1536,0,0
2024-04-09,sz.002968,9.54,9.96,9.52,9.85,4767900.0,46433985.0,2.2313,3.4664,0,0
2024-04-10,sz.002968,9.84,9.91,9.45,9.58,3719400.0,35891992.1,1.7406,-2.7411,0,0
2024-04-11,sz.002968,9.44,9.67,9.35,9.6,2822255.0,27045232.45,1.3208,0.2088,0,0
2024-04-12,sz.002968,9.62,9.65,9.51,9.55,2436045.0,23306799.55,1.14,-0.5208,0,0
2024-04-15,sz.002968,9.5,9.54,8.8,9.02,5292135.0,48085266.25,2.4766,-5.5497,0,0
2024-04-16,sz.002968,9.01,9.01,8.34,8.34,4527320.0,38596935.2,2.1187,-7.5388,0,0
2024-04-17,sz.002968,8.52,9.17,8.49,8.91,13257727.0,119520455.03,6.2044,6.8345,0,0
2024-04-18,sz.002968,8.79,8.88,8.49,8.55,11015386.0,94712238.44,5.155,-4.0404,0,0
2024-04-19,sz.002968,8.45,8.64,8.35,8.4,4945172.0,41801752.6,2.3143,-1.7544,0,0
2024-04-22,sz.002968,8.4,8.54,8.17,8.44,4131577.0,34555211.15,1.9335,0.4762,0,0
2024-04-23,sz.002968,8.61,8.83,8.39,8.53,5240084.0,44722386.98,2.4523,1.0664,0,0
2024-04-24,sz.002968,8.43,8.73,8.37,8.73,6388135.0,54689448.0,2.9895,2.3447,0,0
2024-04-25,sz.002968,8.67,8.74,8.59,8.66,3777700.0,32725948.6,1.7679,-0.8018,0,0
2024-04-26,sz.002968,8.65,8.76,8.43,8.74,5629340.0,48709491.2,2.6344,0.9238,0,0
2024-04-29,sz.002968,8.75,9.47,8.7,9.46,11751255.0,107558782.75,5.4994,8.238,0,0
2024-04-30,sz.002968,9.34,9.39,9.01,9.06,7199040.0,65663251.2,3.369,-4.2283,0,0
2024-05-06,sz.002968,9.32,9.97,9.32,9.97,7712807.0,75437080.19,3.6095,10.0442,1,0
2024-05-07,sz.002968,9.95,9.96,9.55,9.83,16541814.0,160511775.86,7.7413,-1.4042,0,0
2024-05-08,sz.002968,9.68,9.72,9.46,9.59,7994733.0,76532369.45,3.7414,-2.4415,0,0
2024-05-09,sz.002968,9.59,9.91,9.57,9.76,9273231.0,90206656.22,4.3397,1.7727,0,0
2024-05-10,sz.002968,9.8,10.41,9.8,10.19,15717193.0,158835633.84,7.3554,4.4057,0,0
2024-05-13,sz.002968,10.0,10.15,9.71,10.1,9179313.0,91609997.76,4.2958,-0.8832,0,0
2024-05-14,sz.002968,9.99,10.06,9.77,9.88,9044980.0,89352633.8,4.2329,-2.1782,0,0
2024-05-15,sz.002968,9.84,10.35,9.75,10.1,10177010.0,102587093.2,4.7627,2.2267,0,0
2024-05-16,sz.002968,10.11,11.11,10.08,10.84,23783114.0,256490385.44,11.1301,7.3267,0,0
2024-05-17,sz.002968,10.76,11.92,10.58,11.92,26205437.0,292833110.67,12.2637,9.9631,1,0
2024-05-20,sz.002968,11.43,12.25,10.9,11.61,21324584.0,244078371.12,9.9906,-2.6007,0,0
2024-05-21,sz.002968,11.38,12.19,11.29,11.95,17571788.0,207308804.19,8.2324,2.9285,0,0
2024-05-22,sz.002968,11.72,13.13,11.72,12.07,27683079.0,344356259.56,12.9696,1.0042,0,0
2024-05-23,sz.002968,11.61,11.76,11.12,11.32,20888650.0,236481572.1,9.7864,-6.2138,0,0
2024-05-24,sz.002968,11.05,11.19,10.58,10.68,15296668.0,165458424.39,7.1665,-5.6537,0,0
2024-05-27,sz.002968,10.78,11.75,10.46,11.75,16811849.0,185423992.07,7.8764,10.0187,1,0
2024-05-28,sz.002968,11.9,12.0,10.79,11.0,20436980.0,230092151.3,9.5748,-6.383,0,0
2024-05-29,sz.002968,10.95,12.1,10.79,11.51,24983988.0,290354077.17,11.7051,4.6364,0,0
2024-05-30,sz.002968,11.16,11.68,11.0,11.05,18232280.0,206113481.0,8.5419,-3.9965,0,0
2024-05-31,sz.002968,11.0,11.25,10.3,10.5,16201480.0,172314696.0,7.5904,-4.9774,0,0
2024-06-03,sz.002968,10.38,10.45,9.99,10.11,9320678.0,94454661.18,4.3668,-3.7143,0,0
2024-06-04,sz.002968,10.11,10.43,9.83,10.17,9259968.0,93942207.38,4.3383,0.5935,0,0
2024-06-05,sz.002968,10.08,10.1,9.64,9.67,8092460.0,79306558.6,3.7913,-4.9164,0,0
2024-06-06,sz.002968,9.69,9.94,9.19,9.34,8470655.0,80257845.6,3.9685,-3.4126,0,0
2024-06-07,sz.002968,9.46,10.27,9.46,10.27,9989445.0,100336972.15,4.6801,9.9572,1,0
2024-06-11,sz.002968,10.42,10.55,10.01,10.29,14319720.0,146681759.8,6.7088,0.1947,0,0
2024-06-12,sz.002968,10.27,10.34,10.01,10.3,9707353.0,99021651.96,4.5479,0.0972,0,0
2024-06-13,sz.002968,10.36,10.52,10.02,10.08,10573509.0,107257368.4,4.9537,-2.1359,0,0
2024-06-14,sz.002968,10.02,10.4,9.81,10.1,10450354.0,105919389.26,4.896,0.1984,0,0
2024-06-17,sz.002968,9.98,10.25,9.96,9.99,8161684.0,82001312.85,3.8238,-1.0891,0,0
2024-06-18,sz.002968,9.95,10.38,9.95,9.98,7786800.0,78740610.0,3.6492,-0.1001,0,0
2024-06-19,sz.002968,9.98,10.04,9.77,9.85,5944844.0,58744990.2,2.786,-1.3026,0,0
2024-06-20,sz.002968,9.8,9.83,9.46,9.47,5433960.0,52099138.8,2.5466,-3.8579,0,0
2024-06-21,sz.002968,9.53,10.05,9.42,9.44,6330740.0,60909970.4,2.9668,-0.3168,0,0
2024-06-24,sz.002968,9.25,9.29,8.89,8.91,6018790.0,54509077.5,2.8206,-5.6144,0,0
2024-06-25,sz.002968,8.9,9.44,8.9,9.26,6795575.0,62313368.0,3.1847,3.9282,0,0
2024-06-26,sz.002968,9.23,9.29,9.08,9.27,4521900.0,41595050.0,2.1191,0.108,0,0
2024-06-27,sz.002968,9.25,9.54,9.21,9.21,6415225.0,60287730.4,3.0064,-0.6472,0,0
2024-06-28,sz.002968,8.91,9.14,8.83,8.91,5592362.0,50287811.18,2.6208,-0.224,0,0
2024-07-01,sz.002968,8.9,9.31,8.88,9.28,7101160.0,65316259.6,3.3279,4.1526,0,0
2024-07-02,sz.002968,9.18,9.37,9.12,9.16,5680750.0,52436919.55,2.6622,-1.2931,0,0
2024-07-03,sz.002968,9.1,9.33,9.01,9.1,3978675.0,36511801.25,1.8646,-0.655,0,0
2024-07-04,sz.002968,9.05,9.09,8.73,8.76,4915175.0,43456236.75,2.3034,-3.7363,0,0
2024-07-05,sz.002968,8.72,8.78,8.58,8.73,2928842.0,25411646.82,1.3726,-0.3425,0,0
2024-07-08,sz.002968,8.62,8.69,8.34,8.4,3361258.0,28325089.02,1.5752,-3.7801,0,0
2024-07-09,sz.002968,8.44,8.5,8.15,8.49,4084642.0,33970090.4,1.9142,1.0714,0,0
2024-07-10,sz.002968,8.41,8.46,8.26,8.38,2750500.0,23057298.0,1.289,-1.2956,0,0
2024-07-11,sz.002968,8.5,8.6,8.42,8.56,2685900.0,22948403.0,1.2587,2.148,0,0
2024-07-12,sz.002968,8.6,8.98,8.58,8.76,5285078.0,46706383.32,2.4768,2.3364,0,0
2024-07-15,sz.002968,8.75,8.75,8.49,8.61,4240530.0,36417031.3,1.9873,-1.7123,0,0
2024-07-16,sz.002968,8.61,8.78,8.52,8.57,2697300.0,23262321.0,1.2641,-0.4646,0,0
2024-07-17,sz.002968,8.61,8.83,8.56,8.56,3567480.0,31060429.0,1.6719,-0.1167,0,0
2024-07-18,sz.002968,8.5,8.51,8.25,8.46,3527700.0,29543090.0,1.6532,-1.1682,0,0
2024-07-19,sz.002968,8.43,8.49,8.25,8.43,3401810.0,28500062.3,1.5942,-0.3546,0,0
2024-07-22,sz.002968,8.42,8.53,8.36,8.51,2260700.0,19127170.0,1.0595,0.949,0,0
2024-07-23,sz.002968,8.51,8.65,8.32,8.34,2352000.0,19991189.0,1.1022,-1.9976,0,0
2024-07-24,sz.002968,8.4,8.4,8.1,8.1,2567005.0,21026705.6,1.203,-2.8777,0,0
2024-07-25,sz.002968,8.1,8.3,8.09,8.2,1955130.0,16041468.1,0.9162,1.2346,0,0
2024-07-26,sz.002968,8.3,8.43,8.24,8.33,1794830.0,14968216.7,0.8411,1.5854,0,0
2024-07-29,sz.002968,8.35,8.39,8.12,8.27,2191420.0,18064319.0,1.027,-0.7203,0,0
2024-07-30,sz.002968,8.36,8.49,8.26,8.45,2799720.0,23478528.2,1.3121,2.1765,0,0
2024-07-31,sz.002968,8.53,8.73,8.43,8.72,2574700.0,22202754.0,1.2066,3.1953,0,0
2024-08-01,sz.002968,8.72,8.82,8.6,8.68,2156600.0,18697883.0,1.0107,-0.4587,0,0
2024-08-02,sz.002968,8.64,8.77,8.52,8.54,2314100.0,19957216.0,1.0845,-1.6129,0,0
2024-08-05,sz.002968,8.5,8.68,8.29,8.3,2242620.0,19109918.8,1.051,-2.8103,0,0
2024-08-06,sz.002968,8.37,8.65,8.37,8.64,2748008.0,23400468.84,1.2878,4.0964,0,0
2024-08-07,sz.002968,8.64,8.64,8.43,8.53,1755380.0,14964953.6,0.8226,-1.2731,0,0
2024-08-08,sz.002968,8.48,8.81,8.41,8.66,4267420.0,36875006.2,1.9999,1.524,0,0
2024-08-09,sz.002968,8.56,9.0,8.56,8.81,6246140.0,55299041.4,2.9272,1.7321,0,0
2024-08-12,sz.002968,8.72,8.79,8.45,8.48,4225760.0,36086351.5,1.9804,-3.7457,0,0
2024-08-13,sz.002968,8.49,8.54,8.3,8.5,2262370.0,19082221.8,1.0602,0.2358,0,0
2024-08-14,sz.002968,8.48,8.61,8.41,8.41,1663246.0,14103819.02,0.7795,-1.0588,0,0
2024-08-15,sz.002968,8.43,8.54,8.26,8.51,2576576.0,21702479.64,1.2075,1.1891,0,0
2024-08-16,sz.002968,8.45,8.5,8.23,8.23,2687980.0,22391440.4,1.2597,-3.2902,0,0
2024-08-19,sz.002968,8.57,9.03,8.56,8.59,9265600.0,80746911.7,4.3422,4.3742,0,0
2024-08-20,sz.002968,8.63,8.67,8.22,8.22,5186720.0,43491183.6,2.4307,-4.3073,0,0
2024-08-21,sz.002968,8.22,8.33,8.12,8.25,3147400.0,25964302.0,1.475,0.365,0,0
2024-08-22,sz.002968,8.26,8.43,8.15,8.2,3049700.0,25153624.0,1.4292,-0.6061,0,0
2024-08-23,sz.002968,8.11,8.22,7.89,7.91,4033400.0,32224948.0,1.8902,-3.5366,0,0
2024-08-26,sz.002968,7.84,8.13,7.81,8.11,3714236.0,29872457.8,1.7406,2.5284,0,0
2024-08-27,sz.002968,8.2,8.33,7.89,7.93,3224136.0,25919349.04,1.511,-2.2195,0,0
2024-08-28,sz.002968,7.89,8.02,7.83,7.9,2137100.0,16945357.0,1.0015,-0.3783,0,0
2024-08-29,sz.002968,7.85,8.04,7.8,8.02,2183000.0,17377600.0,1.023,1.519,0,0
2024-08-30,sz.002968,8.04,8.63,7.91,8.4,4881100.0,40797422.0,2.2875,4.7382,0,0
2024-09-02,sz.002968,8.44,8.52,8.25,8.42,4576440.0,38469674.2,2.1447,0.2381,0,0
2024-09-03,sz.002968,8.43,8.57,8.28,8.51,3277000.0,27740647.0,1.5357,1.0689,0,0
2024-09-04,sz.002968,8.5,8.66,8.45,8.49,1863950.0,15929962.7,0.8735,-0.235,0,0
2024-09-05,sz.002968,8.58,8.74,8.57,8.67,2788000.0,24166333.0,1.3066,2.1201,0,0
2024-09-06,sz.002968,8.63,8.74,8.54,8.57,2362600.0,20413139.0,1.1072,-1.1534,0,0
2024-09-09,sz.002968,8.49,8.65,8.35,8.55,1884090.0,16077947.7,0.883,-0.2334,0,0
2024-09-10,sz.002968,8.55,8.58,8.42,8.56,1725967.0,14670030.85,0.8089,0.117,0,0
2024-09-11,sz.002968,8.56,8.63,8.49,8.6,1577907.0,13519948.64,0.7395,0.4673,0,0
2024-09-12,sz.002968,8.6,8.74,8.51,8.54,1658800.0,14268437.0,0.7774,-0.6977,0,0
2024-09-13,sz.002968,8.63,8.7,8.44,8.47,2467300.0,21147223.0,1.1563,-0.8197,0,0
2024-09-18,sz.002968,8.54,8.71,8.28,8.61,4427420.0,37518433.85,2.0749,1.6529,0,0
2024-09-19,sz.002968,8.58,8.97,8.58,8.87,4426408.0,39072951.67,2.0744,3.0197,0,0
2024-09-20,sz.002968,8.8,9.04,8.75,8.97,3277000.0,29256277.0,1.5357,1.1274,0,0
2024-09-23,sz.002968,8.89,9.14,8.87,9.08,2917100.0,26383709.0,1.3671,1.2263,0,0
2024-09-24,sz.002968,9.24,9.38,9.0,9.27,3727254.0,34165946.98,1.7467,2.0925,0,0
2024-09-25,sz.002968,9.3,9.63,9.3,9.4,4771458.0,45452716.8,2.2361,1.4024,0,0
2024-09-26,sz.002968,9.38,9.95,9.28,9.95,5364103.0,51918097.52,2.5138,5.8511,0,0
2024-09-27,sz.002968,10.1,10.35,9.89,10.21,7693640.0,77580671.8,3.6055,2.6131,0,0
2024-09-30,sz.002968,10.7,11.12,10.39,11.11,10236883.0,110667651.65,4.7974,8.8149,0,0
2024-10-08,sz.002968,12.22,12.22,10.6,11.13,13377920.0,150508129.1,6.2694,0.18,0,0
2024-10-09,sz.002968,10.7,10.78,10.06,10.15,8763868.0,90906824.21,4.1071,-8.805,0,0
2024-10-10,sz.002968,10.45,10.45,9.88,10.13,5834768.0,59370177.42,2.7344,-0.197,0,0
2024-10-11,sz.002968,10.12,10.23,9.78,9.86,4058795.0,40404971.3,1.9021,-2.6654,0,0
2024-10-14,sz.002968,10.19,10.45,9.99,10.32,4508880.0,46039560.3,2.113,4.6653,0,0
2024-10-15,sz.002968,10.26,10.38,9.99,10.02,4604820.0,46922303.2,2.158,-2.907,0,0
2024-10-16,sz.002968,9.95,11.02,9.95,11.02,12220463.0,129239314.56,5.727,9.98,1,0
2024-10-17,sz.002968,11.1,11.13,10.2,10.27,13007268.0,137132911.7,6.0957,-6.8058,0,0
2024-10-18,sz.002968,10.4,10.45,9.96,10.27,9653370.0,98038633.8,4.5239,0.0,0,0
2024-10-21,sz.002968,10.21,10.22,9.95,10.12,8432925.0,84795525.45,3.952,-1.4606,0,0
2024-10-22,sz.002968,10.05,10.18,10.02,10.15,5893765.0,59521281.45,2.762,0.2964,0,0
2024-10-23,sz.002968,10.14,10.26,10.04,10.12,5547120.0,56204961.8,2.5996,-0.2956,0,0
2024-10-24,sz.002968,10.05,10.17,9.9,9.96,4511100.0,45260407.44,2.1141,-1.581,0,0
2024-10-25,sz.002968,10.07,10.37,10.0,10.27,7135310.0,72952695.6,3.3439,3.1124,0,0
2024-10-28,sz.002968,10.23,10.42,10.21,10.41,6838640.0,70731706.0,3.2049,1.3632,0,0
2024-10-29,sz.002968,10.36,10.58,10.0,10.0,7295140.0,74435305.0,3.4188,-3.9385,0,0
2024-10-30,sz.002968,9.97,10.19,9.95,10.05,4570970.0,45950982.0,2.1421,0.5,0,0
2024-10-31,sz.002968,9.95,10.39,9.91,10.27,6218265.0,63496580.1,2.9141,2.1891,0,0
2024-11-01,sz.002968,10.25,10.37,9.93,10.02,5835805.0,58960631.15,2.7349,-2.4343,0,0
2024-11-04,sz.002968,10.02,10.1,9.71,9.87,5756660.0,56510378.8,2.6978,-1.497,0,0
2024-11-05,sz.002968,9.88,10.18,9.84,10.15,5537925.0,55842396.6,2.5953,2.8369,0,0
2024-11-06,sz.002968,10.15,10.37,9.96,10.25,6520041.0,66276271.73,3.0555,0.9852,0,0
2024-11-07,sz.002968,10.16,10.58,10.11,10.55,6866435.0,71676332.3,3.2179,2.9268,0,0
2024-11-08,sz.002968,10.61,10.75,10.16,10.25,11017310.0,113143503.0,5.1631,-2.8436,0,0
2024-11-11,sz.002968,10.25,10.32,10.03,10.19,7767675.0,78872052.2,3.6402,-0.5854,0,0
2024-11-12,sz.002968,10.19,10.55,10.13,10.35,13350805.0,137826394.1,6.2567,1.5702,0,0
2024-11-13,sz.002968,10.25,10.48,10.09,10.42,8755845.0,90107995.45,4.1033,0.6763,0,0
2024-11-14,sz.002968,10.73,10.84,10.18,10.18,11902960.0,124696761.6,5.5782,-2.3033,0,0
2024-11-15,sz.002968,10.1,10.17,9.8,9.81,9474800.0,94402221.0,4.4403,-3.6346,0,0
2024-11-18,sz.002968,9.9,9.99,9.54,9.55,6496675.0,63108583.2,3.0446,-2.6504,0,0
2024-11-19,sz.002968,9.59,9.67,9.41,9.66,5372000.0,51095731.52,2.5175,1.1518,0,0
2024-11-20,sz.002968,9.66,9.84,9.56,9.84,4265495.0,41588262.7,1.999,1.8634,0,0
2024-11-21,sz.002968,9.84,9.91,9.77,9.86,3619890.0,35638131.7,1.6964,0.2033,0,0
2024-11-22,sz.002968,9.85,9.98,9.42,9.42,4958030.0,48319537.75,2.3235,-4.4625,0,0
2024-11-25,sz.002968,9.5,9.7,9.46,9.67,3729725.0,35772720.05,1.7479,2.6539,0,0
2024-11-26,sz.002968,9.74,9.83,9.63,9.73,3532085.0,34364804.55,1.6553,0.6205,0,0
2024-11-27,sz.002968,9.71,9.79,9.44,9.77,3984220.0,38248766.1,1.8672,0.4111,0,0
2024-11-28,sz.002968,9.77,9.99,9.77,9.88,4570145.0,45254766.3,2.1417,1.1259,0,0
2024-11-29,sz.002968,9.86,10.08,9.86,10.05,4550075.0,45498158.6,2.1323,1.7206,0,0
2024-12-02,sz.002968,10.08,10.68,10.02,10.5,8778815.0,90917702.4,4.1141,4.4776,0,0
2024-12-03,sz.002968,10.4,10.53,10.3,10.42,6597365.0,68599703.59,3.0918,-0.7619,0,0
2024-12-04,sz.002968,10.39,10.42,10.12,10.17,3890835.0,39998276.4,1.8234,-2.3992,0,0
2024-12-05,sz.002968,10.19,10.3,10.14,10.27,2998150.0,30620567.0,1.405,0.9833,0,0
2024-12-06,sz.002968,10.29,10.75,10.19,10.51,6350230.0,66724175.3,2.976,2.3369,0,0
2024-12-09,sz.002968,10.53,10.66,10.27,10.39,5254700.0,54595599.2,2.4626,-1.1418,0,0
2024-12-10,sz.002968,10.8,10.84,10.36,10.4,6109640.0,64630516.5,2.8632,0.0962,0,0
2024-12-11,sz.002968,10.37,10.56,10.33,10.55,3970500.0,41711948.0,1.8607,1.4423,0,0
2024-12-12,sz.002968,10.55,10.87,10.51,10.85,5793320.0,62203096.3,2.715,2.8436,0,0
2024-12-13,sz.002968,10.8,10.8,10.48,10.54,5121020.0,54168998.8,2.3999,-2.8571,0,0
2024-12-16,sz.002968,10.52,10.64,10.38,10.47,4528670.0,47566913.2,2.1223,-0.6641,0,0
2024-12-17,sz.002968,10.42,10.48,9.92,10.01,6257495.0,63301727.25,2.9325,-4.3935,0,0
2024-12-18,sz.002968,10.01,10.13,9.82,9.94,4181765.0,41696496.1,1.9597,-0.6993,0,0
2024-12-19,sz.002968,9.9,9.94,9.71,9.89,3477900.0,34177073.0,1.6299,-0.503,0,0
2024-12-20,sz.002968,9.89,10.1,9.88,9.95,3680320.0,36829848.8,1.7247,0.6067,0,0
2024-12-23,sz.002968,9.99,10.02,9.43,9.46,6482430.0,62090672.4,3.0379,-4.9246,0,0
2024-12-24,sz.002968,9.5,9.59,9.4,9.53,3774336.0,35800417.56,1.7688,0.74,0,0
2024-12-25,sz.002968,9.48,9.5,9.2,9.41,3834300.0,35829876.0,1.7969,-1.2592,0,0
2024-12-26,sz.002968,9.33,9.51,9.33,9.46,2447680.0,23160360.2,1.1471,0.5313,0,0
2024-12-27,sz.002968,9.46,9.65,9.41,9.63,3143500.0,30119721.0,1.4732,1.797,0,0
2024-12-30,sz.002968,9.53,9.58,9.33,9.42,2507690.0,23607404.3,1.1752,-2.1807,0,0
2024-12-31,sz.002968,9.42,9.53,9.19,9.21,2539370.0,23733158.2,1.19,-2.2293,0,0
2025-01-02,sz.002968,9.16,9.44,9.03,9.08,2894489.0,26818669.89,1.3565,-1.4115,0,0
2025-01-03,sz.002968,9.09,9.17,8.67,8.7,3704104.0,32841299.6,1.7359,-4.185,0,0
2025-01-06,sz.002968,8.8,8.86,8.3,8.77,3155640.0,27358064.9,1.4789,0.8046,0,0
2025-01-07,sz.002968,8.71,8.9,8.66,8.82,2328700.0,20461595.0,1.0913,1.7301,0,0
2025-01-08,sz.002968,8.82,8.93,8.59,8.8,2624400.0,23035906.0,1.2299,-0.2268,0,0
2025-01-09,sz.002968,8.78,8.92,8.74,8.8,1997800.0,17689734.0,0.9362,0.0,0,0
2025-01-10,sz.002968,8.85,8.85,8.43,8.43,3232620.0,27779539.6,1.5149,-4.2045,0,0
2025-01-13,sz.002968,8.46,8.58,8.18,8.52,2480920.0,20883525.8,1.1627,1.0676,0,0
2025-01-14,sz.002968,8.57,8.87,8.54,8.86,2884340.0,25268792.8,1.3517,3.9906,0,0
2025-01-15,sz.002968,8.94,8.95,8.71,8.74,3626805.0,31835569.0,1.6997,-1.3544,0,0
2025-01-16,sz.002968,8.82,8.96,8.65,8.77,3215208.0,28335188.86,1.5068,0.3432,0,0
2025-01-17,sz.002968,8.75,8.85,8.65,8.76,2674020.0,23447739.6,1.2531,-0.114,0,0
2025-01-20,sz.002968,8.88,9.11,8.67,9.05,4327250.0,38715440.55,2.0279,3.3105,0,0
2025-01-21,sz.002968,9.06,9.22,8.93,8.98,3566825.0,32292485.35,1.6716,-0.7735,0,0
2025-01-22,sz.002968,8.94,9.05,8.69,8.74,4728500.0,41676552.0,2.216,-2.6726,0,0
2025-01-23,sz.002968,8.82,9.04,8.78,8.88,3843498.0,34286566.12,1.8012,1.6018,0,0
2025-01-24,sz.002968,8.99,9.01,8.75,8.92,3245915.0,28849379.25,1.5212,0.4505,0,0
2025-01-27,sz.002968,8.99,9.23,8.99,9.03,3484190.0,31824821.7,1.6328,1.2332,0,0
2025-02-05,sz.002968,9.1,9.18,9.0,9.16,3028300.0,27604142.0,1.4192,1.4396,0,0
2025-02-06,sz.002968,9.15,9.21,9.01,9.17,2558000.0,23290739.0,1.1988,0.1092,0,0
2025-02-07,sz.002968,9.14,9.28,9.1,9.18,3724420.0,34319239.2,1.7454,0.1091,0,0
2025-02-10,sz.002968,9.18,9.29,9.15,9.27,3637745.0,33572274.1,1.7048,0.9804,0,0
2025-02-11,sz.002968,9.31,9.31,9.1,9.22,2567120.0,23554889.8,1.2031,-0.5394,0,0
2025-02-12,sz.002968,9.21,9.32,9.12,9.32,2836100.0,26145696.0,1.3291,1.0846,0,0
2025-02-13,sz.002968,9.31,9.38,9.18,9.19,3410045.0,31692413.8,1.5981,-1.3948,0,0
2025-02-14,sz.002968,9.2,9.24,9.1,9.14,2984270.0,27349866.3,1.3985,-0.5441,0,0
2025-02-17,sz.002968,9.18,9.36,9.09,9.3,3422940.0,31702608.1,1.6041,1.7505,0,0
2025-02-18,sz.002968,9.29,9.31,9.07,9.12,3108500.0,28573200.8,1.4568,-1.9355,0,0
2025-02-19,sz.002968,9.08,9.32,9.08,9.32,2835880.0,26155672.7,1.329,2.193,0,0
2025-02-20,sz.002968,9.29,9.39,9.22,9.33,2703680.0,25236710.4,1.267,0.1073,0,0
2025-02-21,sz.002968,9.38,9.4,9.17,9.26,2744070.0,25422222.0,1.286,-0.7503,0,0
2025-02-24,sz.002968,9.26,9.41,9.19,9.35,3665905.0,34189766.7,1.718,0.9719,0,0
2025-02-25,sz.002968,9.28,9.37,9.22,9.24,2412200.0,22382180.8,1.1305,-1.1765,0,0
2025-02-26,sz.002968,9.24,9.43,9.24,9.36,2492855.0,23310460.35,1.1682,1.2987,0,0
2025-02-27,sz.002968,9.41,9.51,9.19,9.36,3372060.0,31508304.0,1.5803,0.0,0,0
2025-02-28,sz.002968,9.32,9.38,9.11,9.15,2968776.0,27395678.5,1.3913,-2.2436,0,0
2025-03-03,sz.002968,9.15,9.4,9.15,9.24,4340275.0,40289433.7,2.034,0.9836,0,0
2025-03-04,sz.002968,9.22,9.34,9.15,9.33,2398130.0,22245320.4,1.1239,0.974,0,0
2025-03-05,sz.002968,9.33,9.33,9.16,9.26,2891650.0,26667837.5,1.3551,-0.7503,0,0
2025-03-06,sz.002968,9.3,9.5,9.23,9.45,3909400.0,36746524.1,1.8321,2.0518,0,0
2025-03-07,sz.002968,9.45,9.47,9.3,9.36,2346900.0,21951868.2,1.0998,-0.9524,0,0
2025-03-10,sz.002968,9.43,9.77,9.37,9.53,5458290.0,52092072.9,2.558,1.8162,0,0
2025-03-11,sz.002968,9.48,9.55,9.39,9.53,2974208.0,28140704.8,1.3938,0.0,0,0
2025-03-12,sz.002968,9.54,9.57,9.41,9.43,2635610.0,24926824.68,1.2351,-1.0493,0,0
2025-03-13,sz.002968,9.43,9.45,9.26,9.4,2549340.0,23840645.0,1.1947,-0.3181,0,0
2025-03-14,sz.002968,9.4,9.61,9.36,9.58,3126690.0,29722417.2,1.4653,1.9149,0,0
2025-03-17,sz.002968,9.69,9.77,9.64,9.75,3875530.0,37688198.0,1.8162,1.7745,0,0
2025-03-18,sz.002968,9.75,9.87,9.7,9.83,3188260.0,31186630.3,1.4941,0.8205,0,0
2025-03-19,sz.002968,9.96,9.96,9.67,9.74,2656060.0,25947697.8,1.2447,-0.9156,0,0
2025-03-20,sz.002968,9.72,10.0,9.69,9.84,4867075.0,48055571.5,2.2809,1.0267,0,0
2025-03-21,sz.002968,9.77,9.85,9.56,9.66,3110020.0,30131470.6,1.4575,-1.8293,0,0
2025-03-24,sz.002968,9.66,9.7,9.35,9.53,4004640.0,37999336.4,1.8767,-1.3458,0,0
2025-03-25,sz.002968,9.52,9.58,9.35,9.5,2797540.0,26520024.0,1.311,-0.3148,0,0
2025-03-26,sz.002968,9.52,9.65,9.45,9.62,3038068.0,29170047.32,1.4238,1.2632,0,0
2025-03-27,sz.002968,9.65,9.65,9.39,9.52,2070448.0,19650263.48,0.9703,-1.0395,0,0
2025-03-28,sz.002968,9.53,9.56,9.36,9.4,1944820.0,18366569.6,0.9114,-1.2605,0,0
2025-03-31,sz.002968,9.36,9.43,9.19,9.31,2767240.0,25763116.14,1.2968,-0.9574,0,0
2025-04-01,sz.002968,9.3,9.52,9.29,9.43,2319840.0,21924743.4,1.0872,1.2889,0,0
2025-04-02,sz.002968,9.43,9.55,9.41,9.45,1617426.0,15330490.96,0.758,0.2121,0,0
2025-04-03,sz.002968,9.41,9.58,9.32,9.5,2330380.0,22090733.6,1.0921,0.5291,0,0
2025-04-07,sz.002968,9.17,9.17,8.55,8.55,3723725.0,32515361.0,1.7451,-10.0,0,1
2025-04-08,sz.002968,8.3,8.62,8.3,8.46,5289875.0,44624522.4,2.479,-1.0526,0,0
2025-04-09,sz.002968,8.29,8.85,7.97,8.77,5452120.0,46204734.4,2.5551,3.6643,0,0
2025-04-10,sz.002968,8.8,9.22,8.8,9.0,4881627.0,43973963.33,2.2877,2.6226,0,0
2025-04-11,sz.002968,8.95,9.17,8.85,9.06,3565947.0,32365869.09,1.6711,0.6667,0,0
2025-04-14,sz.002968,9.07,9.3,9.04,9.09,2889565.0,26455573.1,1.3542,0.3311,0,0
2025-04-15,sz.002968,9.07,9.22,9.05,9.13,1853815.0,16909761.85,0.8688,0.44,0,0
2025-04-16,sz.002968,9.14,9.2,8.84,9.01,2057300.0,18535722.6,0.9641,-1.3143,0,0
2025-04-17,sz.002968,8.98,9.69,8.9,9.29,6880787.0,64266521.89,3.2246,3.1077,0,0
2025-04-18,sz.002968,9.44,9.65,9.28,9.58,9019100.0,85656170.5,4.2267,3.1216,0,0
2025-04-21,sz.002968,9.45,9.54,9.35,9.47,5597600.0,52941304.0,2.6233,-1.1482,0,0
2025-04-22,sz.002968,9.43,9.73,9.43,9.7,5913495.0,56897887.15,2.7713,2.4287,0,0
2025-04-23,sz.002968,9.7,9.82,9.61,9.66,3994135.0,38757292.7,1.8718,-0.4124,0,0
2025-04-24,sz.002968,9.62,9.88,9.59,9.7,4553270.0,44289451.6,2.1338,0.4141,0,0
2025-04-25,sz.002968,9.7,9.98,9.65,9.66,5957700.0,58526473.6,2.792,-0.4124,0,0
2025-04-28,sz.002968,9.62,9.69,9.28,9.38,4948860.0,46585860.8,2.3192,-2.8986,0,0
2025-04-29,sz.002968,9.38,9.62,9.31,9.54,4208720.0,39955144.0,1.975,1.7058,0,0
2025-04-30,sz.002968,9.58,9.77,9.54,9.56,3355400.0,32276561.0,1.5746,0.2096,0,0
2025-05-06,sz.002968,9.69,9.8,9.64,9.77,4781400.0,46508262.8,2.2437,2.1967,0,0
2025-05-07,sz.002968,9.88,10.05,9.71,9.75,4270563.0,42107180.62,2.004,-0.2047,0,0
2025-05-08,sz.002968,9.73,9.92,9.68,9.91,4377720.0,43007868.2,2.0543,1.641,0,0
2025-05-09,sz.002968,9.95,9.99,9.72,9.81,3010400.0,29557494.0,1.4127,-1.0091,0,0
2025-05-12,sz.002968,9.93,9.95,9.7,9.77,2570735.0,25113111.95,1.2064,-0.4077,0,0
2025-05-13,sz.002968,9.76,9.89,9.7,9.73,2877100.0,28106989.0,1.3501,-0.4094,0,0
2025-05-14,sz.002968,9.7,9.77,9.58,9.66,2498667.0,24157865.67,1.1725,-0.7194,0,0
2025-05-15,sz.002968,9.66,9.76,9.6,9.72,2291575.0,22184972.5,1.0754,0.6211,0,0
2025-05-16,sz.002968,9.7,9.82,9.67,9.78,2025900.0,19767901.0,0.9507,0.6173,0,0
2025-05-19,sz.002968,9.84,9.97,9.78,9.95,3529360.0,34936388.0,1.6562,1.7382,0,0
2025-05-20,sz.002968,9.95,9.99,9.85,9.99,3190240.0,31702121.2,1.4971,0.402,0,0
2025-05-21,sz.002968,9.99,10.03,9.88,9.97,1973600.0,19622545.0,0.9261,-0.2002,0,0
2025-05-22,sz.002968,9.93,10.0,9.81,9.93,3235490.0,32087939.9,1.5183,-0.4012,0,0
2025-05-23,sz.002968,9.91,10.92,9.75,9.78,13166350.0,135191816.6,6.1785,-1.5106,0,0
2025-05-26,sz.002968,9.71,9.84,9.53,9.67,11255210.0,108988747.8,5.2817,-1.1247,0,0
2025-05-27,sz.002968,9.64,9.81,9.61,9.67,5392125.0,52219805.0,2.5303,0.0,0,0
2025-05-28,sz.002968,9.67,9.9,9.67,9.8,4699500.0,45956840.0,2.2053,1.3444,0,0
2025-05-29,sz.002968,9.85,10.78,9.85,10.78,12591150.0,132692282.0,5.9086,10.0,1,0
2025-05-30,sz.002968,10.95,11.63,10.47,10.78,32327086.0,355502129.46,15.1699,0.0,0,0
2025-06-03,sz.002968,10.6,11.86,10.52,11.86,15208343.0,173496942.2,7.1367,10.0186,1,0
2025-06-04,sz.002968,12.2,12.48,11.07,11.26,35061130.0,402991221.0,16.4529,-5.059,0,0
2025-06-05,sz.002968,11.13,11.27,10.73,10.88,21212345.0,232484798.55,9.9542,-3.3748,0,0
2025-06-06,sz.002968,10.74,10.8,10.47,10.54,14213832.0,150142360.76,6.67,-1.4953,0,0
2025-06-09,sz.002968,10.55,10.83,10.35,10.67,12522350.0,132220686.45,5.8763,1.2334,0,0
2025-06-10,sz.002968,10.62,10.73,10.33,10.43,8731340.0,91900532.7,4.0973,-2.2493,0,0
2025-06-11,sz.002968,10.56,10.57,10.01,10.49,6058300.0,63349264.0,2.8429,0.5753,0,0
2025-06-12,sz.002968,10.53,10.55,10.35,10.44,5153600.0,53837687.0,2.4184,-0.4766,0,0
2025-06-13,sz.002968,10.44,10.55,10.1,10.42,13306519.0,137311886.29,6.2443,-0.1916,0,0
2025-06-16,sz.002968,10.37,10.57,10.37,10.53,7041400.0,73915280.6,3.3043,1.0557,0,0
2025-06-17,sz.002968,10.53,10.62,10.37,10.48,4275804.0,44819142.25,2.0065,-0.4748,0,0
2025-06-18,sz.002968,10.45,10.47,10.22,10.24,4047100.0,41591651.0,1.8992,-2.2901,0,0
2025-06-19,sz.002968,10.19,10.26,9.96,10.0,4980600.0,50228732.0,2.3372,-2.3438,0,0
2025-06-20,sz.002968,9.99,10.05,9.84,9.9,4165100.0,41324895.0,1.9545,-1.0,0,0
2025-06-23,sz.002968,9.87,10.06,9.79,10.04,3488300.0,34699522.0,1.6369,1.4141,0,0
2025-06-24,sz.002968,10.06,10.21,10.04,10.18,2851800.0,28935379.0,1.3382,1.3944,0,0
2025-06-25,sz.002968,10.21,10.22,10.09,10.2,3614310.0,36745547.6,1.6961,0.1965,0,0
2025-06-26,sz.002968,10.2,10.23,10.1,10.15,2605200.0,26463544.0,1.2225,-0.4902,0,0
2025-06-27,sz.002968,10.12,10.22,10.12,10.21,2649400.0,26966547.0,1.2433,0.5911,0,0
2025-06-30,sz.002968,10.21,10.36,10.19,10.32,3581000.0,36866776.0,1.6804,1.0774,0,0
2025-07-01,sz.002968,10.33,10.5,10.27,10.43,4409100.0,45814077.0,2.069,1.0659,0,0
2025-07-02,sz.002968,10.4,10.5,10.32,10.45,3046000.0,31673667.0,1.4294,0.1918,0,0
2025-07-03,sz.002968,10.47,10.57,10.39,10.43,4596580.0,48115145.0,2.157,-0.1914,0,0
2025-07-04,sz.002968,10.44,10.44,10.25,10.28,2935120.0,30289710.0,1.3773,-1.4382,0,0
2025-07-07,sz.002968,10.23,10.5,10.23,10.46,4304700.0,44885218.0,2.02,1.751,0,0
2025-07-08,sz.002968,10.44,10.6,10.41,10.54,4228555.0,44562578.7,1.9843,0.7648,0,0
2025-07-09,sz.002968,10.54,10.61,10.49,10.6,3875555.0,40898676.95,1.8187,0.5693,0,0
2025-07-10,sz.002968,10.55,11.04,10.52,10.93,11142170.0,120706038.2,5.2286,3.1132,0,0
2025-07-11,sz.002968,10.93,10.98,10.63,10.71,8902535.0,95666259.95,4.1776,-2.0128,0,0
2025-07-14,sz.002968,10.67,10.71,10.5,10.68,5895440.0,62503065.4,2.7665,-0.2801,0,0
2025-07-15,sz.002968,10.68,10.72,10.42,10.6,5689250.0,60024883.4,2.6698,-0.7491,0,0
2025-07-16,sz.002968,10.62,10.71,10.55,10.67,3429700.0,36492718.0,1.6094,0.6604,0,0
2025-07-17,sz.002968,10.65,10.68,10.58,10.66,3478880.0,37025893.8,1.6325,-0.0937,0,0
2025-07-18,sz.002968,10.66,10.67,10.53,10.62,2727700.0,28886799.0,1.28,-0.3752,0,0
2025-07-21,sz.002968,10.65,10.79,10.63,10.73,3591800.0,38510468.0,1.6855,1.0358,0,0
2025-07-22,sz.002968,10.76,10.79,10.58,10.69,3392945.0,36159952.3,1.5922,-0.3728,0,0
2025-07-23,sz.002968,10.66,10.71,10.54,10.55,3479820.0,36978072.6,1.633,-1.3096,0,0
2025-07-24,sz.002968,10.54,10.71,10.54,10.67,3653940.0,38952407.6,1.7147,1.1374,0,0
2025-07-25,sz.002968,10.74,10.87,10.63,10.82,4144110.0,44670400.9,1.9447,1.4058,0,0
2025-07-28,sz.002968,10.82,10.86,10.73,10.83,3148910.0,34008395.3,1.4777,0.0924,0,0
2025-07-29,sz.002968,10.82,10.95,10.73,10.95,3698115.0,40066397.7,1.7354,1.108,0,0
2025-07-30,sz.002968,10.93,11.66,10.87,11.27,14683230.0,165455379.5,6.8903,2.9224,0,0
2025-07-31,sz.002968,11.27,11.47,10.63,10.71,10256500.0,112337230.9,4.813,-4.9689,0,0
2025-08-01,sz.002968,10.78,11.17,10.71,10.87,8888030.0,96407707.8,4.1708,1.4939,0,0
2025-08-04,sz.002968,10.9,10.99,10.73,10.88,5504305.0,59913113.0,2.583,0.092,0,0
2025-08-05,sz.002968,11.03,11.07,10.93,11.0,4435400.0,48752287.25,2.0814,1.1029,0,0
2025-08-06,sz.002968,10.99,11.04,10.92,11.02,3770635.0,41428938.2,1.7694,0.1818,0,0
2025-08-07,sz.002968,11.02,11.07,10.94,10.99,2745750.0,30186571.0,1.2885,-0.2722,0,0
2025-08-08,sz.002968,10.94,11.11,10.84,11.1,3690300.0,40599452.0,1.7317,1.0009,0,0
2025-08-11,sz.002968,11.17,11.27,11.08,11.27,4202900.0,47021698.0,1.9723,1.5315,0,0
2025-08-12,sz.002968,11.3,11.38,11.13,11.17,3605355.0,40414753.6,1.6919,-0.8873,0,0
2025-08-13,sz.002968,11.17,11.28,11.0,11.07,3966835.0,43950274.0,1.8615,-0.8953,0,0
2025-08-14,sz.002968,11.1,11.15,10.91,10.95,4301730.0,47385962.8,2.0186,-1.084,0,0
2025-08-15,sz.002968,10.97,11.1,10.9,11.03,4166000.0,46012807.0,1.955,0.7306,0,0
2025-08-18,sz.002968,11.09,11.2,10.94,10.96,4422635.0,49042463.75,2.0754,-0.6346,0,0
2025-08-19,sz.002968,10.97,11.35,10.91,11.24,5837730.0,65012801.2,2.7394,2.5547,0,0
2025-08-20,sz.002968,11.24,11.24,11.11,11.24,3347300.0,37388422.2,1.5708,0.0,0,0
2025-08-21,sz.002968,11.25,11.36,11.19,11.28,4275789.0,48136444.16,2.0065,0.3559,0,0
2025-08-22,sz.002968,11.23,11.35,11.04,11.14,4360532.0,48488425.38,2.0462,-1.2411,0,0
2025-08-25,sz.002968,11.14,11.27,11.04,11.16,4814272.0,53823011.32,2.2592,0.1795,0,0
2025-08-26,sz.002968,11.11,11.27,11.02,11.21,3985685.0,44570458.65,1.8698,0.448,0,0
2025-08-27,sz.002968,11.18,11.27,10.72,10.76,7852147.0,86225842.56,3.6838,-4.0143,0,0
2025-08-28,sz.002968,10.78,10.99,10.25,10.69,7393760.0,78402296.2,3.4687,-0.6506,0,0
2025-08-29,sz.002968,10.72,10.82,10.52,10.7,3576330.0,38150326.85,1.6778,0.0935,0,0
2025-09-01,sz.002968,10.69,10.9,10.61,10.72,4485755.0,48178641.05,2.1044,0.1869,0,0
2025-09-02,sz.002968,10.72,10.74,10.43,10.62,4826755.0,51094347.35,2.2644,-0.9328,0,0
2025-09-03,sz.002968,10.65,10.71,10.34,10.34,3184100.0,33401058.0,1.4938,-2.6365,0,0
2025-09-04,sz.002968,10.41,10.64,10.31,10.47,4691130.0,49304087.1,2.2008,1.2573,0,0
2025-09-05,sz.002968,10.52,10.59,10.33,10.51,3721500.0,39013402.0,1.7459,0.382,0,0
2025-09-08,sz.002968,10.54,10.74,10.52,10.71,4197200.0,44733602.8,1.9691,1.9029,0,0
2025-09-09,sz.002968,10.72,10.82,10.63,10.79,3576325.0,38407796.85,1.6778,0.747,0,0
2025-09-10,sz.002968,10.8,10.85,10.71,10.81,2650425.0,28589097.25,1.2434,0.1854,0,0
2025-09-11,sz.002968,10.81,11.89,10.7,11.89,14987145.0,175550089.3,7.0311,9.9907,1,0
2025-09-12,sz.002968,12.1,13.08,11.91,13.08,17163655.0,217922581.5,8.0522,10.0084,1,0
2025-09-15,sz.002968,13.08,13.08,13.08,13.08,,,,,0,0
2025-09-16,sz.002968,13.08,13.08,13.08,13.08,,,,,0,0
2025-09-17,sz.002968,13.08,13.08,13.08,13.08,,,,,0,0
2025-09-18,sz.002968,13.08,13.08,13.08,13.08,,,,,0,0
2025-09-19,sz.002968,13.08,13.08,13.08,13.08,,,,,0,0
2025-09-22,sz.002968,13.08,13.08,13.08,13.08,,,,,0,0
2025-09-23,sz.002968,13.08,13.08,13.08,13.08,,,,,0,0
2025-09-24,sz.002968,13.08,13.08,13.08,13.08,,,,,0,0
2025-09-25,sz.002968,13.08,13.08,13.08,13.08,,,,,0,0
2025-09-26,sz.002968,13.08,13.08,13.08,13.08,,,,,0,0
2025-09-29,sz.002968,13.08,14.39,12.02,12.05,39155237.0,502831884.14,18.3693,-7.8746,0,0
2025-09-30,sz.002968,12.04,12.05,11.55,11.67,22478550.0,264053691.85,10.5456,-3.1535,0,0
2025-10-09,sz.002968,11.71,12.09,11.52,11.85,20487150.0,241457544.8,9.6113,1.5424,0,0
2025-10-10,sz.002968,11.86,12.58,11.63,12.23,17434925.0,209274307.05,8.1794,3.2068,0,0
2025-10-13,sz.002968,11.66,12.26,11.39,12.12,12932445.0,155182090.9,6.0671,-0.8994,0,0
2025-10-14,sz.002968,12.18,12.43,12.09,12.41,13231020.0,162190536.8,6.2072,2.3927,0,0
2025-10-15,sz.002968,12.26,12.67,12.26,12.67,13351039.0,167018822.3,6.2635,2.0951,0,0
2025-10-16,sz.002968,12.6,12.75,12.1,12.3,10931979.0,135200455.39,5.1286,-2.9203,0,0
2025-10-17,sz.002968,12.2,12.3,11.93,12.04,8446895.0,102163559.3,3.9628,-2.1138,0,0
2025-10-20,sz.002968,12.04,12.13,11.92,12.0,7279980.0,87408410.8,3.4153,-0.3322,0,0
2025-10-21,sz.002968,12.0,12.44,11.89,12.44,7664720.0,93966604.6,3.5958,3.6667,0,0
2025-10-22,sz.002968,12.42,13.12,12.28,12.79,18789010.0,241060914.2,8.8147,2.8135,0,0
2025-10-23,sz.002968,12.79,13.0,12.51,12.8,12580980.0,160168465.6,5.9022,0.0782,0,0
2025-10-24,sz.002968,12.8,12.8,12.43,12.48,8210320.0,102743439.8,3.8518,-2.5,0,0
2025-10-27,sz.002968,12.5,12.56,12.19,12.32,8782010.0,108634489.5,4.12,-1.2821,0,0
2025-10-28,sz.002968,12.5,12.57,12.21,12.32,5979500.0,73790089.6,2.8052,0.0,0,0
2025-10-29,sz.002968,12.44,12.62,12.08,12.5,8190910.0,101227912.9,3.8427,1.461,0,0
2025-10-30,sz.002968,12.57,12.7,12.04,12.09,7911365.0,96781322.45,3.7115,-3.28,0,0
2025-10-31,sz.002968,12.1,12.52,12.09,12.29,7118060.0,87813067.6,3.3394,1.6543,0,0
2025-11-03,sz.002968,12.46,12.48,12.12,12.3,5319010.0,65094649.7,2.4954,0.0814,0,0
2025-11-04,sz.002968,12.36,12.41,12.2,12.25,4389100.0,54093263.0,2.0591,-0.4065,0,0
2025-11-05,sz.002968,12.25,12.46,12.12,12.37,5068880.0,62298288.9,2.378,0.9796,0,0
2025-11-06,sz.002968,12.37,12.5,12.18,12.44,5420340.0,66837370.6,2.5429,0.5659,0,0
2025-11-07,sz.002968,12.39,12.52,12.28,12.36,3889100.0,48210742.6,1.8245,-0.6431,0,0
2025-11-10,sz.002968,12.36,12.46,12.23,12.36,3136240.0,38707242.4,1.4713,0.0,0,0
2025-11-11,sz.002968,12.36,12.82,12.31,12.73,8150400.0,102682788.0,3.8237,2.9935,0,0
2025-11-12,sz.002968,12.9,13.01,12.53,12.66,7941260.0,101155985.2,3.7256,-0.5499,0,0
2025-11-13,sz.002968,12.71,12.71,12.37,12.59,5304500.0,66502993.0,2.4886,-0.5529,0,0
2025-11-14,sz.002968,12.65,12.76,12.56,12.62,5237740.0,66455469.6,2.4572,0.2383,0,0
2025-11-17,sz.002968,12.66,12.69,12.43,12.56,3627400.0,45463860.0,1.7018,-0.4754,0,0
2025-11-18,sz.002968,12.56,12.64,12.27,12.47,3720000.0,46097168.0,1.7452,-0.7166,0,0
2025-11-19,sz.002968,12.51,12.51,12.15,12.15,3755800.0,46072113.0,1.762,-2.5662,0,0
2025-11-20,sz.002968,12.2,12.56,12.09,12.2,5153650.0,63244992.4,2.4178,0.4115,0,0
2025-11-21,sz.002968,12.08,12.28,11.49,11.53,6442905.0,75773324.1,3.0226,-5.4918,0,0
2025-11-24,sz.002968,11.65,11.93,11.65,11.85,5402780.0,63625458.4,2.5347,2.7754,0,0
2025-11-25,sz.002968,11.96,12.1,11.77,11.97,2856880.0,34257475.4,1.3403,1.0127,0,0
2025-11-26,sz.002968,11.99,12.13,11.79,11.81,2546240.0,30358782.2,1.1945,-1.3367,0,0
2025-11-27,sz.002968,11.78,12.05,11.7,11.93,2649045.0,31528683.0,1.2428,1.0161,0,0
2025-11-28,sz.002968,12.07,12.18,11.85,12.12,2405700.0,28943838.0,1.1286,1.5926,0,0
2025-12-01,sz.002968,12.18,12.29,11.99,12.04,3223400.0,39179916.7,1.5122,-0.6601,0,0
2025-12-02,sz.002968,12.02,12.19,11.88,12.09,2680180.0,32327656.5,1.2574,0.4153,0,0
2025-12-03,sz.002968,12.15,12.16,11.92,12.04,1966700.0,23610221.0,0.9227,-0.4136,0,0
2025-12-04,sz.002968,12.0,12.1,11.77,11.83,2674850.0,31834734.9,1.2549,-1.7442,0,0
2025-12-05,sz.002968,11.84,12.29,11.71,11.88,4086790.0,48607645.2,1.9173,0.4227,0,0
2025-12-08,sz.002968,11.92,11.98,11.79,11.96,2910480.0,34644875.2,1.3654,0.6734,0,0
2025-12-09,sz.002968,11.96,12.04,11.77,11.77,2543040.0,30202327.8,1.193,-1.5886,0,0
2025-12-10,sz.002968,11.84,12.06,11.66,11.98,4225720.0,50236359.2,1.9825,1.7842,0,0
2025-12-11,sz.002968,11.96,12.04,11.54,11.61,4194360.0,49082999.0,1.9677,-3.0885,0,0
2025-12-12,sz.002968,11.59,11.66,11.03,11.24,3956440.0,45156354.2,1.8561,-3.1869,0,0
2025-12-15,sz.002968,11.21,11.45,11.07,11.35,3119400.0,35231860.0,1.4634,0.9786,0,0
2025-12-16,sz.002968,11.35,11.4,11.1,11.17,2721840.0,30536318.2,1.2769,-1.5859,0,0
2025-12-17,sz.002968,11.17,11.28,10.95,11.17,2242330.0,24938060.0,1.052,0.0,0,0
2025-12-18,sz.002968,11.22,11.6,11.17,11.48,3895700.0,44654355.6,1.8276,2.7753,0,0
2025-12-19,sz.002968,11.48,12.51,11.4,12.09,8656450.0,104192414.3,4.0611,5.3136,0,0
2025-12-22,sz.002968,12.14,12.33,12.01,12.07,6666690.0,80845671.6,3.1276,-0.1654,0,0
2025-12-23,sz.002968,12.07,12.13,11.8,11.91,3506900.0,41677335.0,1.6452,-1.3256,0,0
2025-12-24,sz.002968,11.72,11.86,11.65,11.76,2581800.0,30410564.0,1.2112,0.0,0,0
2025-12-25,sz.002968,11.85,12.3,11.78,12.18,4818467.0,58035581.53,2.2605,3.5714,0,0
2025-12-26,sz.002968,12.18,12.89,12.01,12.55,8666652.0,109293081.2,4.0659,3.0378,0,0
2025-12-29,sz.002968,12.62,12.75,12.32,12.45,5317110.0,66496588.1,2.4945,-0.7968,0,0
2025-12-30,sz.002968,12.45,12.45,12.11,12.21,3426800.0,41999037.2,1.6076,-1.9277,0,0
2025-12-31,sz.002968,12.41,12.44,12.05,12.16,3700700.0,45114890.0,1.7361,-0.4095,0,0
2026-01-05,sz.002968,12.21,12.45,12.2,12.25,4512010.0,55424383.1,2.1168,0.7401,0,0
2026-01-06,sz.002968,12.3,12.37,12.18,12.19,3244210.0,39789719.8,1.522,-0.4898,0,0
2026-01-07,sz.002968,12.23,12.39,12.01,12.07,3236220.0,39401541.4,1.5182,-0.9844,0,0
2026-01-08,sz.002968,12.07,12.65,11.94,12.46,5568347.0,69010675.4,2.6123,3.2312,0,0
2026-01-09,sz.002968,12.46,12.53,12.26,12.46,4124690.0,51176526.1,1.9351,0.0,0,0
2026-01-12,sz.002968,12.5,12.64,12.29,12.54,4992600.0,62280255.7,2.3422,0.6421,0,0
2026-01-13,sz.002968,12.61,12.63,12.27,12.42,3984130.0,49431656.85,1.8691,-0.9569,0,0
2026-01-14,sz.002968,12.49,12.89,12.42,12.72,5989755.0,76022353.8,2.81,2.4155,0,0
2026-01-15,sz.002968,12.87,13.66,12.72,13.16,9680720.0,128078673.2,4.5416,3.4591,0,0
2026-01-16,sz.002968,13.24,13.32,12.68,12.96,5886840.0,76163070.6,2.7617,-1.5198,0,0
2026-01-19,sz.002968,13.0,13.15,12.86,13.08,3857647.0,50319716.38,1.8098,0.9259,0,0
2026-01-20,sz.002968,13.06,14.1,12.97,14.07,10886280.0,148557798.65,5.1072,7.5688,0,0
2026-01-21,sz.002968,13.79,14.62,13.71,14.31,12302977.0,176503128.52,5.7718,1.7058,0,0
2026-01-22,sz.002968,14.23,14.34,14.04,14.11,5210015.0,73622921.9,2.4442,-1.3976,0,0
2026-01-23,sz.002968,14.11,14.19,13.72,14.18,5796800.0,80908438.4,2.7195,0.4961,0,0
2026-01-26,sz.002968,13.25,14.18,13.25,13.76,8254800.0,113569615.6,3.8727,-2.9619,0,0
2026-01-27,sz.002968,13.75,13.77,13.05,13.27,6921710.0,92235523.65,3.2472,-3.561,0,0
2026-01-28,sz.002968,13.28,14.31,13.24,13.34,7857630.0,106418703.2,3.6863,0.5275,0,0
2026-01-29,sz.002968,13.41,13.71,13.25,13.29,8023340.0,107999369.8,3.7641,-0.3748,0,0
2026-01-30,sz.002968,13.19,13.45,13.07,13.29,6096300.0,80812149.0,2.86,0.0,0,0
2026-02-02,sz.002968,13.3,13.42,12.88,12.93,4382520.0,57684026.0,2.056,-2.7088,0,0
2026-02-03,sz.002968,13.03,13.23,12.94,13.07,4566100.0,59703169.0,2.1421,1.0828,0,0
2026-02-04,sz.002968,13.13,13.32,13.0,13.22,4187100.0,55186305.0,1.9643,1.1477,0,0
2026-02-05,sz.002968,13.14,13.27,12.86,13.05,7229000.0,94193320.0,3.3914,-1.2859,0,0
2026-02-06,sz.002968,12.98,13.25,12.88,13.04,5453170.0,71456978.7,2.5583,-0.0766,0,0
2026-02-09,sz.002968,13.18,13.28,13.08,13.19,4256000.0,56144388.0,1.9967,1.1503,0,0
2026-02-10,sz.002968,13.25,13.28,12.93,12.96,3212200.0,41996531.0,1.507,-1.7437,0,0
2026-02-11,sz.002968,13.05,13.18,12.92,12.99,3389400.0,44298185.0,1.5901,0.2315,0,0
2026-02-12,sz.002968,12.98,13.01,12.78,12.84,3029800.0,39091820.0,1.4214,-1.1547,0,0
2026-02-13,sz.002968,12.87,13.11,12.82,12.93,3513610.0,45606963.3,1.6484,0.7009,0,0
2026-02-24,sz.002968,13.05,13.16,12.86,13.06,2889900.0,37585152.0,1.3558,1.0054,0,0
2026-02-25,sz.002968,13.09,13.3,13.09,13.27,3159740.0,41835858.2,1.4824,1.608,0,0
2026-02-26,sz.002968,13.27,13.33,12.97,13.0,3682450.0,48146226.6,1.7276,-2.0347,0,0
2026-02-27,sz.002968,13.12,13.41,12.98,13.39,3980640.0,52496361.0,1.8675,3.0,0,0
2026-03-02,sz.002968,13.32,13.36,12.75,12.85,5655495.0,73586912.85,2.6532,-4.0329,0,0
2026-03-03,sz.002968,12.91,13.08,12.47,12.53,3858340.0,49255775.8,1.8101,-2.4903,0,0
2026-03-04,sz.002968,12.42,12.61,12.16,12.35,3254740.0,40257642.8,1.5269,-1.4366,0,0
2026-03-05,sz.002968,12.58,12.67,12.29,12.35,2824700.0,35250513.4,1.3252,0.0,0,0
2026-03-06,sz.002968,12.37,12.85,12.32,12.85,3500821.0,44286768.0,1.6424,4.0486,0,0
2026-03-09,sz.002968,12.7,12.77,12.37,12.64,3174800.0,39973214.0,1.4894,-1.6342,0,0
2026-03-10,sz.002968,12.69,12.97,12.69,12.97,2592100.0,33417551.0,1.2161,2.6108,0,0
2026-03-11,sz.002968,13.07,13.07,12.66,12.8,2684560.0,34414755.2,1.2594,-1.3107,0,0
2026-03-12,sz.002968,12.88,12.94,12.54,12.62,2758530.0,35049450.8,1.2941,-1.4063,0,0
2026-03-13,sz.002968,12.63,12.84,12.45,12.48,2985000.0,37718025.0,1.4004,-1.1094,0,0
2026-03-16,sz.002968,12.55,12.71,12.4,12.53,2572100.0,32283812.0,1.2067,0.4006,0,0
2026-03-17,sz.002968,12.61,12.8,12.4,12.41,2605840.0,32869256.8,1.2225,-0.9577,0,0
2026-03-18,sz.002968,12.46,12.52,12.27,12.49,2715760.0,33571048.4,1.2741,0.6446,0,0
2026-03-19,sz.002968,12.48,12.54,12.09,12.13,2918440.0,35812290.8,1.3692,-2.8823,0,0
2026-03-20,sz.002968,12.2,12.29,11.87,11.89,2976030.0,35822388.1,1.3962,-1.9786,0,0
2026-03-23,sz.002968,11.58,11.69,10.7,10.9,6721550.0,75481715.1,3.1533,-8.3263,0,0
2026-03-24,sz.002968,11.2,11.53,10.9,11.36,6607431.0,73730784.94,3.0998,4.2202,0,0
2026-03-25,sz.002968,11.4,11.62,11.36,11.55,4404860.0,50692822.8,2.0665,1.6725,0,0
2026-03-26,sz.002968,11.56,11.73,11.27,11.33,2662200.0,30443988.6,1.2489,-1.9048,0,0
2026-03-27,sz.002968,11.21,11.59,11.2,11.52,2871600.0,32823369.0,1.3472,1.677,0,0
2026-03-30,sz.002968,11.47,11.68,11.36,11.67,2411800.0,27851656.0,1.1315,1.3021,0,0
2026-03-31,sz.002968,11.75,11.92,11.46,11.51,3507600.0,40977518.0,1.6456,-1.371,0,0
2026-04-01,sz.002968,11.68,11.82,11.57,11.66,4121500.0,48155486.0,1.9336,1.3032,0,0
2026-04-02,sz.002968,11.63,11.74,11.33,11.42,3216300.0,36866445.6,1.5089,-2.0583,0,0
2026-04-03,sz.002968,11.54,11.54,10.92,11.01,2478100.0,27587480.0,1.1626,-3.5902,0,0
2026-04-07,sz.002968,11.08,11.42,10.97,11.37,3436500.0,38729723.0,1.6122,3.2698,0,0
2026-04-08,sz.002968,11.65,11.86,11.43,11.85,3364805.0,39495528.15,1.5786,4.2216,0,0
2026-04-09,sz.002968,11.9,11.99,11.56,11.66,2297660.0,26900890.8,1.0779,-1.6034,0,0
2026-04-10,sz.002968,11.72,11.93,11.69,11.76,2556200.0,30187384.0,1.1992,0.8576,0,0
2026-04-13,sz.002968,11.67,11.8,11.56,11.73,2087840.0,24397668.6,0.9795,-0.2551,0,0
2026-04-14,sz.002968,11.82,11.99,11.66,11.92,3038688.0,35937228.03,1.4256,1.6198,0,0
2026-04-15,sz.002968,11.94,11.98,11.7,11.75,2466620.0,29145652.0,1.1572,-1.4262,0,0
2026-04-16,sz.002968,11.79,12.01,11.63,11.93,2392946.0,28330288.16,1.1226,1.5319,0,0
2026-04-17,sz.002968,11.97,11.99,11.74,11.85,2008226.0,23827981.49,0.9421,-0.6706,0,0
2026-04-20,sz.002968,12.08,12.14,11.67,11.97,4009515.0,47689331.4,1.8823,1.0127,0,0
2026-04-21,sz.002968,11.97,11.99,11.61,11.7,4101000.0,48338404.0,1.9252,-2.2556,0,0
2026-04-22,sz.002968,11.71,11.75,11.39,11.46,3156726.0,36277217.75,1.482,-2.0513,0,0
2026-04-23,sz.002968,11.5,11.53,11.23,11.4,3247380.0,37011037.05,1.5245,-0.5236,0,0
2026-04-24,sz.002968,11.19,11.54,11.13,11.47,2789391.0,31725234.7,1.3095,0.614,0,0
2026-04-27,sz.002968,11.53,11.88,11.32,11.82,4444300.0,51682928.0,2.0864,3.0514,0,0
2026-04-28,sz.002968,11.74,11.95,11.65,11.83,3861311.0,45526466.67,1.8127,0.0846,0,0
2026-04-29,sz.002968,11.82,12.08,11.75,12.0,3271416.0,39193864.0,1.5358,1.437,0,0
2026-04-30,sz.002968,12.1,12.43,11.93,12.32,5271935.0,64369521.44,2.475,2.6667,0,0
2026-05-06,sz.002968,12.31,12.38,11.92,12.19,5808575.0,71052411.43,2.7269,-1.0552,0,0
2026-05-07,sz.002968,12.16,12.27,11.91,11.93,3669300.0,44155673.0,1.7226,-2.1329,0,0
2026-05-08,sz.002968,11.97,12.3,11.93,12.17,3851610.0,46577825.9,1.8082,2.0117,0,0
2026-05-11,sz.002968,12.22,12.26,11.97,12.1,3616010.0,43655496.4,1.6976,-0.5752,0,0
2026-05-12,sz.002968,12.09,12.18,11.75,11.83,3044125.0,36325638.8,1.4291,-2.2314,0,0
2026-05-13,sz.002968,11.94,11.94,11.53,11.61,3677716.0,42940905.96,1.7265,-1.8597,0,0
2026-05-14,sz.002968,11.65,11.65,11.38,11.41,3037842.0,34843727.66,1.4261,-1.7227,0,0
2026-05-15,sz.002968,11.42,11.55,11.02,11.17,5491940.0,61877516.68,2.5782,-2.1034,0,0
2026-05-18,sz.002968,11.17,11.32,11.01,11.24,4558955.0,50896716.0,2.1402,0.6267,0,0
2026-05-19,sz.002968,11.3,11.45,11.09,11.22,2848300.0,32040637.0,1.3372,-0.1779,0,0
2026-05-20,sz.002968,11.27,11.28,10.89,11.04,3069880.0,33732380.2,1.4412,-1.6043,0,0
2026-05-21,sz.002968,11.06,11.15,10.43,10.52,4074400.0,43921535.0,1.9128,-4.7101,0,0
2026-05-22,sz.002968,10.54,10.67,10.3,10.56,4672300.0,49060185.2,2.1935,0.3802,0,0
2026-05-25,sz.002968,10.58,10.82,10.39,10.55,4186180.0,44305426.0,1.9652,-0.0947,0,0
2026-05-26,sz.002968,10.46,10.57,10.21,10.32,3307450.0,34298573.9,1.5527,-2.1801,0,0
2026-05-27,sz.002968,10.32,10.36,9.84,10.04,5071870.0,50772599.7,2.381,-2.7132,0,0
2026-05-28,sz.002968,10.07,10.3,9.97,10.18,3786530.0,38388680.2,1.7776,1.3944,0,0
2026-05-29,sz.002968,10.27,10.38,9.93,9.99,3842928.0,39009052.04,1.8041,-1.8664,0,0
2026-06-01,sz.002968,9.91,10.39,9.13,10.3,5052600.0,51527850.64,2.372,3.1031,0,0
2026-06-02,sz.002968,10.28,10.38,9.9,9.94,4112600.0,41476123.65,1.9307,-3.4951,0,0
2026-06-03,sz.002968,9.95,9.97,9.68,9.81,3490460.0,34241263.49,1.6386,-1.3078,0,0
2026-06-04,sz.002968,9.76,9.89,9.53,9.64,2611360.0,25223821.8,1.2259,-1.7329,0,0
2026-06-05,sz.002968,9.63,10.0,9.48,9.9,3868400.0,37670382.94,1.8161,2.6971,0,0
2026-06-08,sz.002968,9.85,9.9,9.37,9.56,4184296.0,40286346.44,1.9644,-3.4343,0,0
2026-06-09,sz.002968,9.54,9.67,9.38,9.5,3253493.0,30939017.08,1.5274,-0.6276,0,0
2026-06-10,sz.002968,9.47,9.54,9.21,9.46,3351800.0,31350161.0,1.5735,-0.4211,0,0
2026-06-11,sz.002968,9.35,9.48,9.16,9.42,3183190.0,29583643.8,1.4944,-0.4228,0,0
2026-06-12,sz.002968,9.47,9.61,9.23,9.55,2646943.0,25070578.21,1.2426,1.38,0,0
2026-06-15,sz.002968,9.53,9.75,9.29,9.35,3349953.0,31729336.52,1.5727,-2.0942,0,0
2026-06-16,sz.002968,9.36,9.38,9.05,9.28,3098140.0,28493395.8,1.4544,-0.7487,0,0
2026-06-17,sz.002968,9.2,9.23,8.91,8.96,4092695.0,36948181.8,1.9213,-3.4483,0,0
2026-06-18,sz.002968,8.93,9.09,8.79,8.96,2604820.0,23333489.8,1.2229,0.0,0,0
2026-06-22,sz.002968,8.88,9.17,8.69,9.17,4206882.0,37442369.2,1.975,2.3438,0,0
2026-06-23,sz.002968,9.16,9.48,9.08,9.21,3697300.0,34313486.9,1.7357,0.4362,0,0
2026-06-24,sz.002968,9.17,9.3,8.72,8.82,4156490.0,37198068.85,1.9513,-4.2345,0,0
2026-06-25,sz.002968,8.74,8.82,8.49,8.6,3466910.0,29838028.2,1.6276,-2.4943,0,0
2026-06-26,sz.002968,8.52,8.63,8.34,8.47,3168500.0,26890727.0,1.4875,-1.5116,0,0
