date,code,open,high,low,close,volume,amount,turnover,pct_change,is_limit_up,is_limit_down
2021-01-19,sz.003035,1.68,2.02,1.68,2.02,5902479,11893600.34,0.7791,44.2857,1,0
2021-01-20,sz.003035,2.22,2.22,2.22,2.22,1262682,2803154.04,0.1667,9.901,1,0
2021-01-21,sz.003035,2.44,2.44,2.44,2.44,994791,2427290.04,0.1313,9.9099,1,0
2021-01-22,sz.003035,2.68,2.68,2.68,2.68,2936473,7869747.64,0.3876,9.8361,1,0
2021-01-25,sz.003035,2.95,2.95,2.95,2.95,1625298,4794629.1,0.2145,10.0746,1,0
2021-01-26,sz.003035,3.25,3.25,3.25,3.25,1297217,4215955.25,0.1712,10.1695,1,0
2021-01-27,sz.003035,3.58,3.58,3.58,3.58,1408466,5042308.28,0.1859,10.1538,1,0
2021-01-28,sz.003035,3.94,3.94,3.94,3.94,1595289,6285438.66,0.2106,10.0559,1,0
2021-01-29,sz.003035,4.33,4.33,4.33,4.33,4810237,20828326.21,0.635,9.8985,1,0
2021-02-01,sz.003035,4.76,4.76,4.76,4.76,15180956,72261350.56,2.0039,9.9307,1,0
2021-02-02,sz.003035,5.24,5.24,5.24,5.24,10650171,55806896.04,1.4058,10.084,1,0
2021-02-03,sz.003035,5.76,5.76,5.76,5.76,5079063,29255402.88,0.6704,9.9237,1,0
2021-02-04,sz.003035,6.34,6.34,6.34,6.34,71258308,451777672.72,9.4061,10.0694,1,0
2021-02-05,sz.003035,6.7,6.97,6.62,6.97,158034902,1075879350.37,20.8606,9.9369,1,0
2021-02-08,sz.003035,7.65,7.67,6.93,7.4,443973024,3248418637.54,58.6044,6.1693,0,0
2021-02-09,sz.003035,7.51,8.14,7.21,8.14,328792912,2543843520.19,43.4007,10.0,1,0
2021-02-10,sz.003035,8.01,8.55,7.33,7.33,383631008,2969714096.89,50.6393,-9.9509,0,1
2021-02-18,sz.003035,7.34,7.67,6.98,7.18,295577776,2162616549.21,39.0163,-2.0464,0,0
2021-02-19,sz.003035,7.02,7.15,6.47,6.7,247701768,1657575079.9,32.6966,-6.6852,0,0
2021-02-22,sz.003035,6.68,7.1,6.49,6.79,223245071,1526922565.33,29.4683,1.3433,0,0
2021-02-23,sz.003035,6.6,6.6,6.18,6.18,194765389,1226116176.3,25.709,-8.9838,0,0
2021-02-24,sz.003035,6.09,6.24,5.76,5.81,168469619,1004865546.12,22.238,-5.9871,0,0
2021-02-25,sz.003035,5.9,6.1,5.7,6.1,148272935,876263304.91,19.572,4.9914,0,0
2021-02-26,sz.003035,5.9,6.71,5.87,6.49,228182471,1451820366.88,30.1201,6.3934,0,0
2021-03-01,sz.003035,6.33,7.1,6.22,6.85,243256120,1627639230.96,32.1098,5.547,0,0
2021-03-02,sz.003035,7.02,7.54,6.98,7.54,269060512,1971888137.74,35.516,10.073,1,0
2021-03-03,sz.003035,7.48,8.15,7.1,7.74,318981968,2418686504.1,42.1056,2.6525,0,0
2021-03-04,sz.003035,7.55,8.12,7.32,7.61,257009124,1980171444.44,33.9252,-1.6796,0,0
2021-03-05,sz.003035,7.33,7.58,6.9,6.94,225038856,1618762676.46,29.7051,-8.8042,0,0
2021-03-08,sz.003035,7.19,7.63,7.13,7.63,121428641,909736503.36,16.0286,9.9424,1,0
2021-03-09,sz.003035,7.8,8.3,7.44,7.67,333320944,2639544570.43,43.9984,0.5242,0,0
2021-03-10,sz.003035,6.95,7.87,6.95,7.3,232997765,1702900626.21,30.7557,-4.824,0,0
2021-03-11,sz.003035,7.47,7.98,7.13,7.9,260781650,1979401700.06,34.4232,8.2192,0,0
2021-03-12,sz.003035,7.81,8.69,7.72,8.69,191936562,1589673185.31,25.3356,10.0,1,0
2021-03-15,sz.003035,9.01,9.56,8.28,8.55,363814032,3284149550.77,48.0235,-1.611,0,0
2021-03-16,sz.003035,8.32,9.41,8.32,9.41,307772880,2820937763.18,40.626,10.0585,1,0
2021-03-17,sz.003035,10.0,10.31,9.41,9.85,370780640,3660010146.22,48.943,4.6759,0,0
2021-03-18,sz.003035,9.61,10.84,9.61,10.84,318572976,3346335374.99,42.0516,10.0508,1,0
2021-03-19,sz.003035,10.71,11.92,10.6,11.92,208187304,2387414241.48,27.4807,9.9631,1,0
2021-03-22,sz.003035,12.7,13.11,12.26,13.11,126098963,1624807979.68,16.6451,9.9832,1,0
2021-03-23,sz.003035,13.99,14.42,13.51,14.42,368367856,5208352129.53,48.6246,9.9924,1,0
2021-03-24,sz.003035,13.88,15.13,12.98,13.07,373731152,5156540416.97,49.3325,-9.362,0,0
2021-03-25,sz.003035,13.07,13.68,12.03,13.55,349689616,4479493492.89,46.159,3.6725,0,0
2021-03-26,sz.003035,13.19,13.87,12.66,12.96,277584064,3653324030.6,36.6411,-4.3542,0,0
2021-03-29,sz.003035,12.75,14.26,12.75,14.26,385689504,5364323472.91,50.911,10.0309,1,0
2021-03-30,sz.003035,13.1,13.97,12.83,13.22,317844944,4178720118.7,41.9555,-7.2931,0,0
2021-03-31,sz.003035,12.6,14.38,12.11,13.45,309202064,4216211442.25,40.8147,1.7398,0,0
2021-04-01,sz.003035,13.36,13.65,12.35,12.82,247706812,3209361892.91,32.6973,-4.684,0,0
2021-04-02,sz.003035,13.18,13.29,12.0,12.15,207297876,2556628054.05,27.3633,-5.2262,0,0
2021-04-06,sz.003035,11.9,13.09,11.9,12.88,241655974,3053460106.98,31.8986,6.0082,0,0
2021-04-07,sz.003035,13.3,14.17,13.3,14.17,181200209,2527731504.89,23.9184,10.0155,1,0
2021-04-08,sz.003035,15.0,15.0,13.03,13.32,317092432,4338343759.93,41.8562,-5.9986,0,0
2021-04-09,sz.003035,12.7,13.78,12.69,13.25,180421395,2395458554.85,23.8156,-0.5255,0,0
2021-04-12,sz.003035,13.0,13.84,12.6,13.29,183880852,2461352206.04,24.2723,0.3019,0,0
2021-04-13,sz.003035,12.82,13.08,12.0,12.22,174503991,2166332523.85,23.0345,-8.0512,0,0
2021-04-14,sz.003035,12.37,13.28,11.5,12.8,228575985,2896122191.87,30.172,4.7463,0,0
2021-04-15,sz.003035,12.53,12.85,11.9,12.12,172567181,2103647884.29,22.7789,-5.3125,0,0
2021-04-16,sz.003035,12.12,12.25,11.65,11.87,111666971,1325958084.03,14.74,-2.0627,0,0
2021-04-19,sz.003035,11.88,12.09,11.77,11.93,102684839,1228070195.79,13.5544,0.5055,0,0
2021-04-20,sz.003035,11.75,12.22,11.5,11.99,130667381,1561798151.86,17.2481,0.5029,0,0
2021-04-21,sz.003035,11.72,11.9,11.24,11.46,124278242,1433152372.19,16.4047,-4.4204,0,0
2021-04-22,sz.003035,11.33,11.53,11.11,11.2,85393775,960108648.63,11.272,-2.2688,0,0
2021-04-23,sz.003035,11.43,11.5,10.61,10.82,108624691,1189614987.29,14.3385,-3.3929,0,0
2021-04-26,sz.003035,10.83,11.11,10.45,10.91,83211854,905437301.58,10.984,0.8318,0,0
2021-04-27,sz.003035,10.68,10.76,10.02,10.12,106038487,1085552618.26,13.9971,-7.2411,0,0
2021-04-28,sz.003035,10.0,10.25,9.95,10.18,72042164,729275021.44,9.5096,0.5929,0,0
2021-04-29,sz.003035,10.05,10.25,9.97,10.09,58664615,593574467.22,7.7437,-0.8841,0,0
2021-04-30,sz.003035,10.02,10.03,9.67,9.78,82249989,807208659.25,10.857,-3.0723,0,0
2021-05-06,sz.003035,9.71,10.28,9.65,10.1,98475736,987986005.58,12.9988,3.272,0,0
2021-05-07,sz.003035,10.02,10.42,9.57,10.01,96253224,960219524.95,12.7054,-0.8911,0,0
2021-05-10,sz.003035,9.9,10.85,9.65,10.8,158370655,1653913671.34,20.9049,7.8921,0,0
2021-05-11,sz.003035,10.7,11.58,10.42,11.19,173326562,1925900894.27,22.8791,3.6111,0,0
2021-05-12,sz.003035,10.88,11.06,10.5,10.69,100799694,1075144466.99,13.3056,-4.4683,0,0
2021-05-13,sz.003035,10.52,10.85,10.31,10.42,75379054,793491765.24,9.95,-2.5257,0,0
2021-05-14,sz.003035,10.4,10.73,10.3,10.43,63307159,665719460.88,8.3565,0.096,0,0
2021-05-17,sz.003035,10.35,10.4,10.1,10.17,65280987,666191717.29,8.6171,-2.4928,0,0
2021-05-18,sz.003035,10.11,10.57,10.02,10.4,74387093,770149012.25,9.8191,2.2616,0,0
2021-05-19,sz.003035,10.47,11.3,10.4,11.13,154138048,1668322487.21,20.3462,7.0192,0,0
2021-05-20,sz.003035,11.13,11.44,10.68,10.89,153484133,1698221529.74,20.2599,-2.1563,0,0
2021-05-21,sz.003035,10.77,11.8,10.65,11.49,188899114,2148317176.74,24.9347,5.5096,0,0
2021-05-24,sz.003035,11.59,11.9,11.15,11.33,159699084,1837403572.93,21.0803,-1.3925,0,0
2021-05-25,sz.003035,11.19,11.19,10.73,11.06,105424231,1153997895.33,13.916,-2.3831,0,0
2021-05-26,sz.003035,10.9,11.59,10.73,11.25,117920444,1317121380.4,15.5655,1.7179,0,0
2021-05-27,sz.003035,11.1,11.54,10.96,11.16,92676072,1039687542.7,12.2332,-0.8,0,0
2021-05-28,sz.003035,11.26,11.4,11.0,11.06,80427584,895427125.84,10.6164,-0.8961,0,0
2021-05-31,sz.003035,10.95,12.0,10.9,11.7,176302256,2030127214.55,23.2719,5.7866,0,0
2021-06-01,sz.003035,11.47,11.69,11.17,11.33,116954129,1329224386.7,15.4379,-3.1624,0,0
2021-06-02,sz.003035,11.22,11.5,11.02,11.2,92656931,1043029904.66,12.2307,-1.1474,0,0
2021-06-03,sz.003035,11.1,11.14,10.94,10.97,69818263,768129058.38,9.216,-2.0536,0,0
2021-06-04,sz.003035,10.9,10.91,10.52,10.55,71259046,761949571.3,9.4062,-3.8286,0,0
2021-06-07,sz.003035,10.55,10.74,10.4,10.57,40875759,433079998.5,5.3956,0.1896,0,0
2021-06-08,sz.003035,10.57,10.67,10.4,10.44,42994436,452174853.14,5.6753,-1.2299,0,0
2021-06-09,sz.003035,10.4,10.4,10.16,10.2,43712985,447666567.44,5.7701,-2.2989,0,0
2021-06-10,sz.003035,10.2,10.29,10.12,10.17,36905777,376579752.25,4.8716,-0.2941,0,0
2021-06-11,sz.003035,10.16,10.63,10.15,10.47,67097447,702057125.1,8.8569,2.9499,0,0
2021-06-15,sz.003035,10.5,10.55,10.07,10.15,45533448,464065302.62,6.0104,-3.0564,0,0
2021-06-16,sz.003035,10.1,10.15,9.45,9.63,60085985,583700527.72,7.9314,-5.1232,0,0
2021-06-17,sz.003035,9.63,10.2,9.54,9.95,46594184,463638017.57,6.1504,3.3229,0,0
2021-06-18,sz.003035,9.95,10.08,9.72,10.05,36224050,360808743.82,4.7816,1.005,0,0
2021-06-21,sz.003035,10.0,10.36,9.95,10.21,44976705,461539369.12,5.9369,1.592,0,0
2021-06-22,sz.003035,10.22,10.9,9.98,10.62,97767233,1017319614.01,12.9053,4.0157,0,0
2021-06-23,sz.003035,10.7,10.74,10.33,10.47,71082957,748240901.55,9.383,-1.4124,0,0
2021-06-24,sz.003035,10.78,10.78,10.35,10.44,55524214,585993917.79,7.3292,-0.1912,0,0
2021-06-25,sz.003035,10.3,10.32,10.03,10.15,55535991,562823784.71,7.3308,-2.7778,0,0
2021-06-28,sz.003035,10.16,10.56,10.1,10.3,49310134,508216523.34,6.5089,1.4778,0,0
2021-06-29,sz.003035,10.12,10.15,10.01,10.01,39654511,398454684.56,5.2344,-2.8155,0,0
2021-06-30,sz.003035,10.01,10.16,9.73,9.94,40748292,403089378.22,5.3788,-0.6993,0,0
2021-07-01,sz.003035,9.96,9.99,9.68,9.68,31505601,307951077.39,4.1587,-2.6157,0,0
2021-07-02,sz.003035,9.66,9.8,9.55,9.65,23040669,222835432.78,3.0414,-0.3099,0,0
2021-07-05,sz.003035,9.65,9.78,9.56,9.71,18334214,177403425.57,2.4201,0.6218,0,0
2021-07-06,sz.003035,9.71,10.09,9.68,9.96,43277237,429674491.98,5.7126,2.5747,0,0
2021-07-07,sz.003035,9.86,9.9,9.7,9.8,32236380,314774142.45,4.2552,-1.6064,0,0
2021-07-08,sz.003035,9.92,10.05,9.8,9.82,33313054,330084024.7,4.3973,0.2041,0,0
2021-07-09,sz.003035,9.73,9.9,9.55,9.75,33009285,319975372.88,4.3572,-0.7128,0,0
2021-07-12,sz.003035,9.71,9.82,9.67,9.7,31665106,307804614.37,4.1798,-0.5128,0,0
2021-07-13,sz.003035,9.68,10.5,9.5,10.24,113271037,1141094459.6,14.9518,5.567,0,0
2021-07-14,sz.003035,10.29,10.63,10.01,10.12,105362339,1088235892.85,13.9078,-1.1719,0,0
2021-07-15,sz.003035,9.99,9.99,9.65,9.81,56060476,547389048.07,7.4,-3.0632,0,0
2021-07-16,sz.003035,9.86,9.99,9.75,9.77,36498710,358844823.77,4.8178,-0.4077,0,0
2021-07-19,sz.003035,9.7,9.71,9.55,9.59,30985016,297026732.41,4.09,-1.8424,0,0
2021-07-20,sz.003035,9.55,9.65,9.51,9.61,21344334,204222855.41,2.8175,0.2086,0,0
2021-07-21,sz.003035,9.55,9.64,9.55,9.57,24908825,238386575.57,3.288,-0.4162,0,0
2021-07-22,sz.003035,9.57,9.63,9.46,9.49,29049739,276391855.24,3.8346,-0.8359,0,0
2021-07-23,sz.003035,9.48,9.48,9.11,9.14,46016477,424072722.07,6.0742,-3.6881,0,0
2021-07-26,sz.003035,9.05,9.21,8.5,8.95,37944729,338391315.93,5.0087,-2.0788,0,0
2021-07-27,sz.003035,8.94,9.02,8.62,8.65,33678881,294873140.58,4.4456,-3.352,0,0
2021-07-28,sz.003035,8.6,8.64,7.85,8.11,39789810,325507077.73,5.2523,-6.2428,0,0
2021-07-29,sz.003035,8.13,8.37,8.1,8.16,26409445,216181057.24,3.486,0.6165,0,0
2021-07-30,sz.003035,8.16,8.44,8.09,8.31,36763461,304733479.2,4.8528,1.8382,0,0
2021-08-02,sz.003035,8.32,8.6,8.18,8.55,37017381,311188247.62,4.8863,2.8881,0,0
2021-08-03,sz.003035,8.5,8.59,8.42,8.47,27138707,230627972.93,3.5823,-0.9357,0,0
2021-08-04,sz.003035,8.5,8.58,8.45,8.52,24771269,210698598.95,3.2698,0.5903,0,0
2021-08-05,sz.003035,8.55,8.57,8.33,8.41,23826994,200988895.07,3.1452,-1.2911,0,0
2021-08-06,sz.003035,8.41,8.47,8.28,8.33,22273327,185892015.12,2.9401,-0.9512,0,0
2021-08-09,sz.003035,8.35,8.56,8.31,8.54,30828013,261183722.72,4.0693,2.521,0,0
2021-08-10,sz.003035,8.6,8.64,8.46,8.52,22610641,192877860.4,2.9846,-0.2342,0,0
2021-08-11,sz.003035,8.52,8.76,8.48,8.62,38350759,331369673.08,5.0623,1.1737,0,0
2021-08-12,sz.003035,8.57,8.57,8.43,8.44,29027914,245847918.46,3.8317,-2.0882,0,0
2021-08-13,sz.003035,8.44,8.62,8.3,8.41,27746339,234178237.2,3.6625,-0.3555,0,0
2021-08-16,sz.003035,8.42,8.61,8.34,8.52,38982486,330813510.89,5.1457,1.308,0,0
2021-08-17,sz.003035,8.51,8.6,8.17,8.2,41837216,349279392.84,5.5225,-3.7559,0,0
2021-08-18,sz.003035,8.1,8.35,8.1,8.29,25417800,208307710.51,3.3551,1.0976,0,0
2021-08-19,sz.003035,8.19,8.24,8.1,8.16,21293595,173631377.11,2.8108,-1.5682,0,0
2021-08-20,sz.003035,8.15,8.15,7.89,7.94,27567660,219815193.14,3.6389,-2.6961,0,0
2021-08-23,sz.003035,7.95,8.72,7.95,8.61,86679496,733773380.22,11.4417,8.4383,0,0
2021-08-24,sz.003035,8.6,8.66,8.46,8.47,43836307,375220051.74,5.7864,-1.626,0,0
2021-08-25,sz.003035,8.41,8.45,8.26,8.3,30446866,253817400.26,4.019,-2.0071,0,0
2021-08-26,sz.003035,8.36,8.39,8.0,8.04,34272111,278950324.47,4.5239,-3.1325,0,0
2021-08-27,sz.003035,8.04,8.13,7.95,8.0,30323867,242466136.31,4.0028,-0.4975,0,0
2021-08-30,sz.003035,8.03,8.07,7.86,7.91,28932107,229425730.03,3.819,-1.125,0,0
2021-08-31,sz.003035,7.9,7.94,7.72,7.91,25712866,201325060.28,3.3941,0.0,0,0
2021-09-01,sz.003035,7.87,7.99,7.75,7.89,26196089,206453207.23,3.4579,-0.2528,0,0
2021-09-02,sz.003035,7.9,8.26,7.88,8.2,55097497,450238717.28,7.2729,3.929,0,0
2021-09-03,sz.003035,8.11,8.77,8.1,8.49,80607879,685226237.61,10.6402,3.5366,0,0
2021-09-06,sz.003035,8.62,8.72,8.28,8.46,51795356,437700930.05,6.837,-0.3534,0,0
2021-09-07,sz.003035,8.44,8.62,8.39,8.49,39995605,339099962.9,5.2794,0.3546,0,0
2021-09-08,sz.003035,8.6,8.86,8.52,8.68,65599732,570629854.1,8.6592,2.2379,0,0
2021-09-09,sz.003035,8.76,9.55,8.75,9.55,117074910,1096776250.99,15.4539,10.023,1,0
2021-09-10,sz.003035,9.58,9.58,8.92,9.02,147852346,1359935845.18,19.5165,-5.5497,0,0
2021-09-13,sz.003035,8.87,8.98,8.7,8.79,62800901,553964236.62,8.2897,-2.5499,0,0
2021-09-14,sz.003035,8.76,8.87,8.5,8.5,51181604,441556676.68,6.756,-3.2992,0,0
2021-09-15,sz.003035,8.41,8.76,8.41,8.72,48046842,415497878.69,6.3422,2.5882,0,0
2021-09-16,sz.003035,8.61,8.67,8.4,8.41,40116012,341282685.0,5.2953,-3.555,0,0
2021-09-17,sz.003035,8.46,8.8,8.36,8.74,59167178,513766076.28,7.8101,3.9239,0,0
2021-09-22,sz.003035,8.7,9.46,8.59,9.32,114220040,1052913903.3,15.077,6.6362,0,0
2021-09-23,sz.003035,9.4,9.55,8.98,9.02,95195147,872908529.56,12.5658,-3.2189,0,0
2021-09-24,sz.003035,9.05,9.23,8.78,8.9,63083307,566170348.27,8.327,-1.3304,0,0
2021-09-27,sz.003035,9.12,9.67,8.66,9.28,98653904,902836036.71,13.0223,4.2697,0,0
2021-09-28,sz.003035,9.02,9.99,8.98,9.8,160344679,1541065016.05,21.1655,5.6034,0,0
2021-09-29,sz.003035,9.45,9.8,9.18,9.31,92882842,877679963.34,12.2605,-5.0,0,0
2021-09-30,sz.003035,9.4,9.65,9.22,9.5,76828602,729100292.27,10.1414,2.0408,0,0
2021-10-08,sz.003035,9.68,9.68,9.04,9.17,60718080,562384316.63,8.0148,-3.4737,0,0
2021-10-11,sz.003035,9.16,9.3,8.81,8.91,48175010,430650257.32,6.3591,-2.8353,0,0
2021-10-12,sz.003035,8.81,9.11,8.8,9.06,46142896,414461195.06,6.0909,1.6835,0,0
2021-10-13,sz.003035,9.0,9.02,8.22,8.52,56730645,485592737.33,7.4884,-5.9603,0,0
2021-10-14,sz.003035,8.36,8.54,8.25,8.41,32393889,272047329.05,4.276,-1.2911,0,0
2021-10-15,sz.003035,8.41,8.5,8.26,8.41,26885757,224903950.27,3.5489,0.0,0,0
2021-10-18,sz.003035,8.41,8.64,8.41,8.59,27834892,238265390.53,3.6742,2.1403,0,0
2021-10-19,sz.003035,8.52,8.72,8.45,8.58,31644973,271988743.22,4.1771,-0.1164,0,0
2021-10-20,sz.003035,8.53,8.85,8.49,8.85,43805868,381576158.9,5.7824,3.1469,0,0
2021-10-21,sz.003035,8.79,8.79,8.44,8.49,41234958,353566061.86,5.443,-4.0678,0,0
2021-10-22,sz.003035,8.46,8.59,8.3,8.34,27495913,230501685.59,3.6295,-1.7668,0,0
2021-10-25,sz.003035,8.44,8.59,8.31,8.46,23961145,203611358.23,3.1629,1.4388,0,0
2021-10-26,sz.003035,8.4,8.53,8.3,8.35,26047117,219035219.58,3.4382,-1.3002,0,0
2021-10-27,sz.003035,8.35,8.5,8.27,8.39,25551281,214713652.91,3.3728,0.479,0,0
2021-10-28,sz.003035,8.33,8.55,8.16,8.21,26832557,223324831.2,3.5419,-2.1454,0,0
2021-10-29,sz.003035,8.21,8.23,7.91,8.18,28303194,227928880.84,3.736,-0.3654,0,0
2021-11-01,sz.003035,8.23,8.55,8.1,8.35,31738767,264757076.26,4.1895,2.0782,0,0
2021-11-02,sz.003035,8.39,8.39,8.01,8.13,27290897,223235717.7,3.6024,-2.6347,0,0
2021-11-03,sz.003035,8.13,8.19,8.06,8.12,12600671,102141426.13,1.6633,-0.123,0,0
2021-11-04,sz.003035,8.12,8.34,8.1,8.26,26178173,215043047.18,3.4555,1.7241,0,0
2021-11-05,sz.003035,8.2,8.23,8.1,8.1,18019846,146460034.32,2.3786,-1.937,0,0
2021-11-08,sz.003035,8.12,8.23,7.99,8.11,16460346,133339111.34,2.1728,0.1235,0,0
2021-11-09,sz.003035,8.22,8.45,8.15,8.21,25905539,214495710.47,3.4195,1.233,0,0
2021-11-10,sz.003035,8.18,8.19,8.07,8.12,17505504,142042330.78,2.3107,-1.0962,0,0
2021-11-11,sz.003035,8.12,8.19,8.08,8.14,16359442,132884602.02,2.1594,0.2463,0,0
2021-11-12,sz.003035,8.17,8.24,8.12,8.23,23028476,188514039.65,3.0398,1.1057,0,0
2021-11-15,sz.003035,8.25,8.35,8.2,8.26,21241157,175285595.15,2.8038,0.3645,0,0
2021-11-16,sz.003035,8.26,8.3,8.13,8.21,21262038,174047972.73,2.8066,-0.6053,0,0
2021-11-17,sz.003035,8.2,8.24,8.14,8.18,17180177,140647829.01,2.2678,-0.3654,0,0
2021-11-18,sz.003035,8.22,8.35,8.1,8.2,22285845,182918677.22,2.9417,0.2445,0,0
2021-11-19,sz.003035,8.21,8.22,8.13,8.18,15425441,125856845.59,2.0362,-0.2439,0,0
2021-11-22,sz.003035,8.22,8.22,8.15,8.17,13851433,113233781.72,1.8284,-0.1222,0,0
2021-11-23,sz.003035,8.17,8.19,8.1,8.12,19363592,157198687.12,2.556,-0.612,0,0
2021-11-24,sz.003035,8.1,8.23,8.07,8.17,22450431,182716683.37,2.9635,0.6158,0,0
2021-11-25,sz.003035,8.16,8.22,8.13,8.17,15039883,122983221.45,1.9853,0.0,0,0
2021-11-26,sz.003035,8.15,8.15,8.09,8.11,12884398,104412336.82,1.7007,-0.7344,0,0
2021-11-29,sz.003035,8.03,8.1,7.9,8.03,15257377,122098451.86,2.014,-0.9864,0,0
2021-11-30,sz.003035,8.1,8.12,8.0,8.04,14556846,117118814.88,1.9215,0.1245,0,0
2021-12-01,sz.003035,8.05,8.08,7.95,8.07,18638801,149331069.53,2.4603,0.3731,0,0
2021-12-02,sz.003035,8.05,8.08,7.96,7.98,15581400,124612813.0,2.0567,-1.1152,0,0
2021-12-03,sz.003035,7.96,8.47,7.9,8.29,58456148,479247224.47,7.7162,3.8847,0,0
2021-12-06,sz.003035,8.3,8.36,8.16,8.19,33519906,276059985.42,4.4246,-1.2063,0,0
2021-12-07,sz.003035,8.19,8.27,8.01,8.18,27055576,219985717.15,3.5713,-0.1221,0,0
2021-12-08,sz.003035,8.16,8.22,8.1,8.19,18434041,150611386.47,2.4333,0.1222,0,0
2021-12-09,sz.003035,8.19,8.22,8.13,8.18,19416534,158791748.12,2.563,-0.1221,0,0
2021-12-10,sz.003035,8.21,8.23,8.11,8.13,18098102,147675913.24,2.3889,-0.6112,0,0
2021-12-13,sz.003035,8.14,8.25,8.14,8.18,26721659,219412712.3,3.5273,0.615,0,0
2021-12-14,sz.003035,8.17,8.33,8.12,8.25,32153218,264098251.73,4.2442,0.8557,0,0
2021-12-15,sz.003035,8.26,9.08,8.21,9.08,142359821,1248738575.98,18.7915,10.0606,1,0
2021-12-16,sz.003035,9.4,9.94,9.0,9.39,205775099,1929509412.64,27.1623,3.4141,0,0
2021-12-17,sz.003035,9.37,9.62,9.15,9.16,112447690,1052779997.33,14.8431,-2.4494,0,0
2021-12-20,sz.003035,9.06,9.11,8.64,8.67,86294629,757310305.58,11.3909,-5.3493,0,0
2021-12-21,sz.003035,8.66,8.84,8.56,8.73,53627913,465622859.05,7.0789,0.692,0,0
2021-12-22,sz.003035,8.69,8.8,8.53,8.62,36513786,315573084.88,4.8198,-1.26,0,0
2021-12-23,sz.003035,8.62,9.05,8.53,8.9,75751568,667015295.84,9.9992,3.2483,0,0
2021-12-24,sz.003035,8.82,8.9,8.6,8.7,44760374,390518509.73,5.9084,-2.2472,0,0
2021-12-27,sz.003035,8.62,8.88,8.55,8.64,32362518,282442259.92,4.2719,-0.6897,0,0
2021-12-28,sz.003035,8.56,8.65,8.27,8.33,41797775,350008212.39,5.5173,-3.588,0,0
2021-12-29,sz.003035,8.25,8.39,8.22,8.33,19853097,164906410.23,2.6206,0.0,0,0
2021-12-30,sz.003035,8.32,8.42,8.26,8.36,25119094,209735312.9,3.3157,0.3601,0,0
2021-12-31,sz.003035,8.37,8.47,8.27,8.29,34426060,287370804.19,4.5442,-0.8373,0,0
2022-01-04,sz.003035,8.3,8.32,8.19,8.21,33211852,273352105.84,4.384,-0.965,0,0
2022-01-05,sz.003035,8.26,8.26,8.0,8.08,32045120,259220635.02,4.23,-1.5834,0,0
2022-01-06,sz.003035,8.08,8.19,8.05,8.13,15616541,126953425.48,2.0614,0.6188,0,0
2022-01-07,sz.003035,8.22,8.25,8.05,8.07,20516754,166606087.42,2.7082,-0.738,0,0
2022-01-10,sz.003035,8.06,8.07,7.85,7.96,23728514,188318196.74,3.1322,-1.3631,0,0
2022-01-11,sz.003035,7.95,8.03,7.93,7.97,13090655,104504037.88,1.728,0.1256,0,0
2022-01-12,sz.003035,7.97,8.03,7.96,8.0,13915100,111275169.0,1.8368,0.3764,0,0
2022-01-13,sz.003035,8.0,8.02,7.91,7.93,13856337,109948969.92,1.829,-0.875,0,0
2022-01-14,sz.003035,7.91,7.91,7.73,7.77,22436712,175319106.84,2.9616,-2.0177,0,0
2022-01-17,sz.003035,7.72,7.72,7.43,7.49,36731945,276375730.61,4.8486,-3.6036,0,0
2022-01-18,sz.003035,7.44,7.54,7.31,7.52,26203832,194656427.88,3.4589,0.4005,0,0
2022-01-19,sz.003035,7.5,7.58,7.47,7.51,13997434,105255454.64,0.8556,-0.133,0,0
2022-01-20,sz.003035,7.49,7.56,7.36,7.45,12555005,93674916.67,0.7674,-0.7989,0,0
2022-01-21,sz.003035,7.41,7.45,7.37,7.41,8370411,62044303.85,0.5116,-0.5369,0,0
2022-01-24,sz.003035,7.38,7.4,7.33,7.37,8035400,59251902.46,0.4911,-0.5398,0,0
2022-01-25,sz.003035,7.37,7.39,7.03,7.04,17237808,123528736.18,1.0536,-4.4776,0,0
2022-01-26,sz.003035,7.03,7.16,7.01,7.11,10828337,77109291.51,0.6619,0.9943,0,0
2022-01-27,sz.003035,7.15,7.15,6.85,6.85,13867829,96507327.46,0.8476,-3.6568,0,0
2022-01-28,sz.003035,6.96,7.01,6.8,6.96,11867858,82200343.9,0.7254,1.6058,0,0
2022-02-07,sz.003035,7.01,7.18,7.01,7.12,12056085,85724536.03,0.7369,2.2989,0,0
2022-02-08,sz.003035,7.12,7.21,7.05,7.21,10359691,74045934.98,0.6332,1.264,0,0
2022-02-09,sz.003035,7.22,7.31,7.17,7.26,13506418,97985313.07,0.8255,0.6935,0,0
2022-02-10,sz.003035,7.26,7.31,7.22,7.27,10283390,74687424.3,0.6285,0.1377,0,0
2022-02-11,sz.003035,7.26,7.26,7.12,7.12,10738720,76858921.49,0.6564,-2.0633,0,0
2022-02-14,sz.003035,7.09,7.17,7.06,7.14,6617618,47225774.72,0.4045,0.2809,0,0
2022-02-15,sz.003035,7.14,7.16,7.09,7.13,5807607,41404615.13,0.355,-0.1401,0,0
2022-02-16,sz.003035,7.15,7.19,7.13,7.17,5902137,42226844.92,0.3608,0.561,0,0
2022-02-17,sz.003035,7.16,7.26,7.13,7.19,12753733,91937754.14,0.7795,0.2789,0,0
2022-02-18,sz.003035,7.16,7.35,7.08,7.31,17035633,123598072.34,1.0413,1.669,0,0
2022-02-21,sz.003035,7.36,7.45,7.31,7.45,15839388,117107597.63,0.9681,1.9152,0,0
2022-02-22,sz.003035,7.45,7.45,7.3,7.34,12545678,92090860.95,0.7668,-1.4765,0,0
2022-02-23,sz.003035,7.35,7.37,7.3,7.36,8715714,64052470.14,0.5327,0.2725,0,0
2022-02-24,sz.003035,7.35,7.49,7.2,7.24,19484570,143263991.23,1.1909,-1.6304,0,0
2022-02-25,sz.003035,7.26,7.37,7.21,7.33,13106442,95638118.62,0.8011,1.2431,0,0
2022-02-28,sz.003035,7.31,7.39,7.23,7.3,10091118,73613070.0,0.6168,-0.4093,0,0
2022-03-01,sz.003035,7.32,7.42,7.32,7.35,11214216,82585137.0,0.6854,0.6849,0,0
2022-03-02,sz.003035,7.35,7.35,7.27,7.35,8045709,58797645.0,0.4918,0.0,0,0
2022-03-03,sz.003035,7.36,7.48,7.35,7.39,16388918,121409067.0,1.0017,0.5442,0,0
2022-03-04,sz.003035,7.39,7.4,7.26,7.3,12304729,89951880.0,0.7521,-1.2179,0,0
2022-03-07,sz.003035,7.27,7.27,7.1,7.14,12463472,89386236.0,0.7618,-2.1918,0,0
2022-03-08,sz.003035,7.1,7.16,6.85,6.86,15446963,107485047.0,0.9442,-3.9216,0,0
2022-03-09,sz.003035,6.84,6.95,6.38,6.71,18244038,122098719.0,1.1151,-2.1866,0,0
2022-03-10,sz.003035,6.8,7.01,6.8,6.9,15245677,105548724.0,0.9319,2.8316,0,0
2022-03-11,sz.003035,6.88,6.93,6.68,6.91,11787084,80140304.0,0.7205,0.1449,0,0
2022-03-14,sz.003035,6.9,6.92,6.72,6.73,9263740,63126371.0,0.5662,-2.6049,0,0
2022-03-15,sz.003035,6.77,6.79,6.3,6.31,15344492,99823016.0,0.9379,-6.2407,0,0
2022-03-16,sz.003035,6.38,6.5,6.11,6.47,19419019,122693777.0,1.1869,2.5357,0,0
2022-03-17,sz.003035,6.51,6.6,6.45,6.46,12608142,82218810.0,0.7706,-0.1546,0,0
2022-03-18,sz.003035,6.49,7.11,6.42,7.11,30640100,214259984.23,1.8728,10.0619,1,0
2022-03-21,sz.003035,7.23,7.45,7.1,7.34,72186275,523580876.41,4.4122,3.2349,0,0
2022-03-22,sz.003035,7.2,7.37,7.13,7.16,34009029,244775324.07,2.0787,-2.4523,0,0
2022-03-23,sz.003035,7.16,7.26,7.11,7.12,22459542,160962916.43,1.3728,-0.5587,0,0
2022-03-24,sz.003035,7.11,7.15,7.02,7.08,17330713,122747086.17,1.0593,-0.5618,0,0
2022-03-25,sz.003035,7.08,7.09,6.88,6.92,19981190,139162471.84,1.2213,-2.2599,0,0
2022-03-28,sz.003035,6.88,6.91,6.71,6.79,13827437,93968061.02,0.8452,-1.8786,0,0
2022-03-29,sz.003035,6.79,6.86,6.66,6.72,12666600,85553143.0,0.7742,-1.0309,0,0
2022-03-30,sz.003035,6.78,6.84,6.74,6.79,12016176,81527921.9,0.7345,1.0417,0,0
2022-03-31,sz.003035,6.77,6.84,6.68,6.7,12292995,83064927.93,0.7514,-1.3255,0,0
2022-04-01,sz.003035,6.7,6.8,6.57,6.77,10970746,73723408.48,0.6706,1.0448,0,0
2022-04-06,sz.003035,6.76,6.82,6.69,6.81,11047200,74602040.56,0.6752,0.5908,0,0
2022-04-07,sz.003035,6.8,6.8,6.61,6.65,11620707,77795796.74,0.7103,-2.3495,0,0
2022-04-08,sz.003035,6.7,6.7,6.51,6.66,10118828,66925281.84,0.6185,0.1504,0,0
2022-04-11,sz.003035,6.66,6.7,6.32,6.39,12872626,83779870.02,0.7868,-4.0541,0,0
2022-04-12,sz.003035,6.36,6.47,6.3,6.45,9808512,62612769.6,0.5995,0.939,0,0
2022-04-13,sz.003035,6.47,6.48,6.38,6.38,6833372,43846923.81,0.4177,-1.0853,0,0
2022-04-14,sz.003035,6.4,6.46,6.37,6.39,7323700,46931893.0,0.4476,0.1567,0,0
2022-04-15,sz.003035,6.37,6.69,6.34,6.5,18434649,120281832.19,1.1268,1.7214,0,0
2022-04-18,sz.003035,6.5,6.56,6.36,6.54,11850800,76303528.0,0.7243,0.6154,0,0
2022-04-19,sz.003035,6.5,6.61,6.48,6.56,11573666,75818587.74,0.7074,0.3058,0,0
2022-04-20,sz.003035,6.56,6.59,6.38,6.4,12357000,80142623.0,0.7553,-2.439,0,0
2022-04-21,sz.003035,6.41,6.41,6.14,6.14,14759500,92225216.68,0.9021,-4.0625,0,0
2022-04-22,sz.003035,6.1,6.24,6.05,6.17,12712270,77932686.82,0.777,0.4886,0,0
2022-04-25,sz.003035,6.15,6.15,5.62,5.64,18967276,110908222.72,1.1593,-8.59,0,0
2022-04-26,sz.003035,5.64,5.7,5.26,5.28,18625283,101703558.41,1.1384,-6.383,0,0
2022-04-27,sz.003035,5.27,5.72,5.21,5.69,23316919,128249567.88,1.4252,7.7652,0,0
2022-04-28,sz.003035,5.68,5.73,5.53,5.6,13546973,76158098.22,0.828,-1.5817,0,0
2022-04-29,sz.003035,5.69,5.79,5.61,5.74,13403928,76519567.92,0.8193,2.5,0,0
2022-05-05,sz.003035,5.74,5.92,5.72,5.83,14665407,85723692.74,0.8964,1.5679,0,0
2022-05-06,sz.003035,5.71,5.73,5.63,5.68,10467777,59516280.05,0.6398,-2.5729,0,0
2022-05-09,sz.003035,5.68,5.8,5.66,5.79,8542200,49239050.0,0.5221,1.9366,0,0
2022-05-10,sz.003035,5.78,5.95,5.72,5.9,12838864,75404559.92,0.7847,1.8998,0,0
2022-05-11,sz.003035,5.9,6.08,5.88,5.9,19746700,118290491.0,1.207,0.0,0,0
2022-05-12,sz.003035,6.01,6.23,5.87,5.95,26145583,157657854.4,1.5981,0.8475,0,0
2022-05-13,sz.003035,5.95,6.11,5.9,5.92,18657678,111527514.92,1.1404,-0.5042,0,0
2022-05-16,sz.003035,5.94,5.97,5.8,5.86,13765122,80977922.7,0.8414,-1.0135,0,0
2022-05-17,sz.003035,5.92,5.92,5.75,5.82,13840355,80442699.1,0.846,-0.6826,0,0
2022-05-18,sz.003035,5.83,5.88,5.75,5.85,13490415,78805213.86,0.8246,0.5155,0,0
2022-05-19,sz.003035,5.77,5.94,5.72,5.91,22296668,130326056.36,1.3628,1.0256,0,0
2022-05-20,sz.003035,5.99,6.05,5.9,5.96,18528638,110497677.08,1.1325,0.846,0,0
2022-05-23,sz.003035,6.0,6.01,5.95,5.99,11019752,65915746.4,0.6736,0.5034,0,0
2022-05-24,sz.003035,6.03,6.06,5.7,5.7,19683229,115630969.3,1.2031,-4.8414,0,0
2022-05-25,sz.003035,5.69,5.96,5.67,5.94,16405186,95970314.64,1.0027,4.2105,0,0
2022-05-26,sz.003035,5.94,5.98,5.83,5.92,13319985,78788110.83,0.8141,-0.3367,0,0
2022-05-27,sz.003035,5.95,6.0,5.81,5.9,14251181,83967217.9,0.8711,-0.3378,0,0
2022-05-30,sz.003035,5.95,6.1,5.9,6.1,28253122,170621522.7,1.7269,3.3898,0,0
2022-05-31,sz.003035,6.18,6.45,6.11,6.28,48930327,306420571.17,2.9907,2.9508,0,0
2022-06-01,sz.003035,6.28,6.28,6.14,6.22,26116651,162121965.83,1.5963,-0.9554,0,0
2022-06-02,sz.003035,6.22,6.3,6.14,6.27,18413822,114796742.96,1.1255,0.8039,0,0
2022-06-06,sz.003035,6.29,6.45,6.24,6.4,20790002,132347040.16,1.2707,2.0734,0,0
2022-06-07,sz.003035,6.4,6.48,6.27,6.33,22087837,140321005.18,1.3501,-1.0938,0,0
2022-06-08,sz.003035,6.34,6.48,6.25,6.34,19255802,122654728.37,1.177,0.158,0,0
2022-06-09,sz.003035,6.28,6.37,6.21,6.23,15191110,95299673.2,0.9285,-1.735,0,0
2022-06-10,sz.003035,6.24,6.52,6.17,6.5,39599024,254840870.29,2.4204,4.3339,0,0
2022-06-13,sz.003035,6.49,6.49,6.32,6.38,24051018,153848579.89,1.4701,-1.8462,0,0
2022-06-14,sz.003035,6.32,6.4,6.15,6.39,21364100,133922006.0,1.3058,0.1567,0,0
2022-06-15,sz.003035,6.38,6.45,6.31,6.32,20102824,128315060.15,1.2287,-1.0955,0,0
2022-06-16,sz.003035,6.31,6.37,6.28,6.3,11399150,72005915.72,0.6967,-0.3165,0,0
2022-06-17,sz.003035,6.3,6.37,6.22,6.33,11559667,72727078.65,0.7066,0.4762,0,0
2022-06-20,sz.003035,6.33,6.65,6.33,6.62,38255629,249263240.55,2.3383,4.5814,0,0
2022-06-21,sz.003035,6.62,6.69,6.51,6.57,22727839,149623184.07,1.3892,-0.7553,0,0
2022-06-22,sz.003035,6.51,6.59,6.43,6.45,15142666,98392241.43,0.9256,-1.8265,0,0
2022-06-23,sz.003035,6.48,6.57,6.41,6.56,14744368,95987567.66,0.9012,1.7054,0,0
2022-06-24,sz.003035,6.56,6.61,6.51,6.55,14522105,95303202.7,0.8876,0.0,0,0
2022-06-27,sz.003035,6.55,6.61,6.49,6.54,15743927,102791241.12,0.9623,-0.1527,0,0
2022-06-28,sz.003035,6.54,6.62,6.52,6.58,15562959,102066979.27,0.9512,0.6116,0,0
2022-06-29,sz.003035,6.58,6.59,6.37,6.38,20279648,130714466.76,1.2395,-3.0395,0,0
2022-06-30,sz.003035,6.39,6.45,6.32,6.35,13785429,88091700.83,0.8426,-0.4702,0,0
2022-07-01,sz.003035,6.36,6.49,6.3,6.31,16214873,103539786.54,0.9911,-0.6299,0,0
2022-07-04,sz.003035,6.31,6.63,6.24,6.56,31731437,205630602.29,1.9395,3.962,0,0
2022-07-05,sz.003035,6.6,6.61,6.44,6.54,19067755,124543723.74,1.1655,-0.3049,0,0
2022-07-06,sz.003035,6.53,6.63,6.4,6.48,21363885,139421844.9,1.3058,-0.9174,0,0
2022-07-07,sz.003035,6.49,6.74,6.45,6.61,37739276,249557849.75,2.3067,2.0062,0,0
2022-07-08,sz.003035,6.64,7.06,6.63,6.88,61108358,421013828.51,3.7351,4.0847,0,0
2022-07-11,sz.003035,6.89,6.92,6.65,6.71,36236920,244710190.2,2.2149,-2.4709,0,0
2022-07-12,sz.003035,6.64,6.73,6.5,6.54,30535035,201103215.08,1.8664,-2.5335,0,0
2022-07-13,sz.003035,6.52,6.87,6.45,6.85,45377168,304494682.7,2.7736,4.7401,0,0
2022-07-14,sz.003035,6.92,7.04,6.67,6.99,56715282,390016640.41,3.4666,2.0438,0,0
2022-07-15,sz.003035,6.91,7.15,6.86,6.93,46838042,326652691.27,2.8629,-0.8584,0,0
2022-07-18,sz.003035,6.97,7.58,6.93,7.4,85790504,625998435.62,5.2437,6.7821,0,0
2022-07-19,sz.003035,7.35,7.36,7.1,7.14,55443628,397423603.74,3.3888,-3.5135,0,0
2022-07-20,sz.003035,7.14,7.19,7.01,7.14,34308230,243393948.85,2.097,0.0,0,0
2022-07-21,sz.003035,7.12,7.14,6.91,6.92,33186072,233004039.24,2.0284,-3.0812,0,0
2022-07-22,sz.003035,6.93,7.04,6.79,6.87,25624693,177076438.45,1.5662,-0.7225,0,0
2022-07-25,sz.003035,6.91,7.02,6.7,6.8,22472307,152919083.01,1.3736,-1.0189,0,0
2022-07-26,sz.003035,6.77,6.88,6.7,6.84,14242456,96697045.32,0.8705,0.5882,0,0
2022-07-27,sz.003035,6.79,6.96,6.78,6.9,17561626,120900179.98,1.0734,0.8772,0,0
2022-07-28,sz.003035,6.92,6.96,6.81,6.82,18575551,127634525.65,1.1354,-1.1594,0,0
2022-07-29,sz.003035,6.9,7.04,6.84,6.94,24037456,166968220.5,1.4692,1.7595,0,0
2022-08-01,sz.003035,6.9,6.9,6.7,6.77,20570716,138824374.42,1.2573,-2.4496,0,0
2022-08-02,sz.003035,6.71,6.72,6.25,6.35,30947647,198172814.8,1.8916,-6.2038,0,0
2022-08-03,sz.003035,6.28,6.49,6.15,6.19,20962685,132675244.11,1.2813,-2.5197,0,0
2022-08-04,sz.003035,6.24,6.3,6.16,6.26,11572808,72199801.23,0.7074,1.1309,0,0
2022-08-05,sz.003035,6.27,6.29,6.16,6.24,19246439,119507062.29,1.1764,-0.3195,0,0
2022-08-08,sz.003035,6.22,6.34,6.16,6.29,12859827,80778383.33,0.786,0.8013,0,0
2022-08-09,sz.003035,6.27,6.35,6.25,6.33,10475490,66218448.01,0.6403,0.6359,0,0
2022-08-10,sz.003035,6.28,6.36,6.25,6.26,10866800,68314935.0,0.6642,-1.1058,0,0
2022-08-11,sz.003035,6.28,6.34,6.26,6.34,12085903,76270805.55,0.7387,1.278,0,0
2022-08-12,sz.003035,6.3,6.4,6.3,6.36,10261377,65312872.04,0.6272,0.3155,0,0
2022-08-15,sz.003035,6.36,6.43,6.31,6.39,12468267,79290359.77,0.7621,0.4717,0,0
2022-08-16,sz.003035,6.44,7.03,6.43,7.03,49337853,339455735.52,3.0156,10.0156,1,0
2022-08-17,sz.003035,7.2,7.58,7.1,7.15,131310186,956575303.6,8.026,1.707,0,0
2022-08-18,sz.003035,7.14,7.23,6.93,6.94,70533021,495542252.97,4.3111,-2.9371,0,0
2022-08-19,sz.003035,6.87,7.15,6.76,7.04,75975531,528197064.18,4.6438,1.4409,0,0
2022-08-22,sz.003035,7.0,7.11,6.85,6.93,47049662,326867016.51,2.8758,-1.5625,0,0
2022-08-23,sz.003035,6.85,7.01,6.84,6.92,28797166,199328042.88,1.7602,-0.1443,0,0
2022-08-24,sz.003035,6.87,6.9,6.65,6.66,31406524,211881999.92,1.9196,-3.7572,0,0
2022-08-25,sz.003035,6.68,6.8,6.65,6.72,20942807,140618497.71,1.2801,0.9009,0,0
2022-08-26,sz.003035,6.75,6.9,6.68,6.77,24245411,164825759.52,1.4819,0.744,0,0
2022-08-29,sz.003035,6.68,6.83,6.62,6.83,17070214,115426583.41,1.0434,0.8863,0,0
2022-08-30,sz.003035,6.79,6.87,6.56,6.61,22804771,151943808.31,1.3939,-3.2211,0,0
2022-08-31,sz.003035,6.53,6.61,6.35,6.36,19471497,124981209.46,1.1901,-3.7821,0,0
2022-09-01,sz.003035,6.39,6.46,6.3,6.32,11099000,70690764.0,0.6784,-0.6289,0,0
2022-09-02,sz.003035,6.36,6.46,6.36,6.4,8990940,57503419.17,0.5495,1.2658,0,0
2022-09-05,sz.003035,6.38,6.45,6.35,6.44,8613800,55197216.0,0.5265,0.625,0,0
2022-09-06,sz.003035,6.46,6.53,6.42,6.51,11541036,74835011.44,0.7054,1.087,0,0
2022-09-07,sz.003035,6.52,6.67,6.43,6.66,18326568,120266357.67,1.1202,2.3041,0,0
2022-09-08,sz.003035,6.68,6.68,6.5,6.51,15281797,100208900.66,0.9341,-2.2523,0,0
2022-09-09,sz.003035,6.52,6.56,6.46,6.54,11220836,73103337.36,0.6858,0.4608,0,0
2022-09-13,sz.003035,6.54,6.58,6.46,6.48,9170000,59627203.0,0.5605,-0.9174,0,0
2022-09-14,sz.003035,6.39,6.4,6.33,6.37,9419715,59947762.18,0.5758,-1.6975,0,0
2022-09-15,sz.003035,6.4,6.44,6.15,6.25,12694790,79719817.36,0.7759,-1.8838,0,0
2022-09-16,sz.003035,6.26,6.27,6.1,6.11,11365482,70155390.35,0.6947,-2.24,0,0
2022-09-19,sz.003035,6.15,6.15,5.97,6.0,7623395,45845166.74,0.466,-1.8003,0,0
2022-09-20,sz.003035,6.05,6.11,5.97,6.02,9489239,57187318.14,0.58,0.3333,0,0
2022-09-21,sz.003035,6.04,6.08,5.88,6.05,9245185,55574184.62,0.5651,0.4983,0,0
2022-09-22,sz.003035,6.04,6.05,5.93,5.96,8556246,51215111.24,0.523,-1.4876,0,0
2022-09-23,sz.003035,5.95,5.98,5.8,5.86,9250221,54376197.98,0.5654,-1.6779,0,0
2022-09-26,sz.003035,5.84,5.89,5.73,5.74,7148054,41429114.27,0.4369,-2.0478,0,0
2022-09-27,sz.003035,5.78,5.9,5.76,5.89,8178356,47749294.19,0.4999,2.6132,0,0
2022-09-28,sz.003035,5.9,6.0,5.72,5.72,10061783,58525851.89,0.615,-2.8862,0,0
2022-09-29,sz.003035,5.77,5.8,5.65,5.68,8337939,47804205.7,0.5096,-0.6993,0,0
2022-09-30,sz.003035,5.69,5.74,5.67,5.68,4985807,28415304.47,0.3047,0.0,0,0
2022-10-10,sz.003035,5.7,5.77,5.52,5.57,7826586,44226304.58,0.4784,-1.9366,0,0
2022-10-11,sz.003035,5.59,5.77,5.56,5.73,8933198,50645821.24,0.546,2.8725,0,0
2022-10-12,sz.003035,5.69,5.87,5.69,5.87,9125436,52736406.7,0.5578,2.4433,0,0
2022-10-13,sz.003035,5.87,5.94,5.83,5.88,8896070,52456855.1,0.5437,0.1704,0,0
2022-10-14,sz.003035,5.88,5.94,5.88,5.92,8328259,49326327.79,0.509,0.6803,0,0
2022-10-17,sz.003035,5.91,6.06,5.88,6.06,10830551,65053288.83,0.662,2.3649,0,0
2022-10-18,sz.003035,6.06,6.13,6.04,6.07,8351939,50748604.0,0.5105,0.165,0,0
2022-10-19,sz.003035,6.06,6.07,5.97,5.98,8285107,49879974.28,0.5064,-1.4827,0,0
2022-10-20,sz.003035,6.0,6.05,5.9,5.97,9045669,53954836.79,0.5529,-0.1672,0,0
2022-10-21,sz.003035,6.02,6.03,5.95,5.98,6997392,41939309.04,0.4277,0.1675,0,0
2022-10-24,sz.003035,6.01,6.07,5.84,5.9,7807097,46458627.6,0.4772,-1.3378,0,0
2022-10-25,sz.003035,5.9,5.92,5.77,5.88,8010660,46862324.95,0.4896,-0.339,0,0
2022-10-26,sz.003035,5.91,6.03,5.91,5.99,9028862,54050637.76,0.5519,1.8707,0,0
2022-10-27,sz.003035,5.98,6.02,5.95,5.95,7776100,46579339.0,0.4753,-0.6678,0,0
2022-10-28,sz.003035,5.95,5.95,5.73,5.75,9183468,53520589.08,0.5613,-3.3613,0,0
2022-10-31,sz.003035,5.71,5.82,5.7,5.77,7784000,45035741.0,0.4758,0.3478,0,0
2022-11-01,sz.003035,5.81,6.04,5.76,5.99,12764602,75862878.65,0.7802,3.8128,0,0
2022-11-02,sz.003035,6.0,6.01,5.94,5.99,9650480,57657141.89,0.5899,0.0,0,0
2022-11-03,sz.003035,5.97,6.0,5.91,5.99,6983743,41719978.2,0.4269,0.0,0,0
2022-11-04,sz.003035,5.99,6.07,5.99,6.06,11803114,71388858.44,0.7214,1.1686,0,0
2022-11-07,sz.003035,6.07,6.1,6.04,6.07,9411150,57163245.0,0.5752,0.165,0,0
2022-11-08,sz.003035,6.07,6.1,6.04,6.08,7514972,45639667.96,0.4593,0.1647,0,0
2022-11-09,sz.003035,6.11,6.11,6.05,6.07,7070372,42882272.21,0.4322,-0.1645,0,0
2022-11-10,sz.003035,6.05,6.08,5.98,6.03,9269972,55814347.88,0.5666,-0.659,0,0
2022-11-11,sz.003035,6.06,6.12,6.04,6.07,9672580,58758675.19,0.5912,0.6633,0,0
2022-11-14,sz.003035,6.07,6.11,6.0,6.01,8079197,48866201.9,0.4938,-0.9885,0,0
2022-11-15,sz.003035,6.0,6.1,6.0,6.09,9834431,59649389.24,0.6011,1.3311,0,0
2022-11-16,sz.003035,6.15,6.3,6.11,6.13,18698187,115712960.81,1.1429,0.6568,0,0
2022-11-17,sz.003035,6.08,6.13,6.05,6.08,8758831,53184763.59,0.5354,-0.8157,0,0
2022-11-18,sz.003035,6.07,6.12,6.04,6.06,8797120,53457579.0,0.5377,-0.3289,0,0
2022-11-21,sz.003035,6.03,6.06,5.94,5.96,14118281,84345050.04,0.8629,-1.6502,0,0
2022-11-22,sz.003035,5.96,6.03,5.94,5.96,9405509,56197117.31,0.5749,0.0,0,0
2022-11-23,sz.003035,5.95,6.02,5.93,6.02,10949315,65579905.47,0.6692,1.0067,0,0
2022-11-24,sz.003035,6.04,6.06,5.96,5.97,7086000,42481131.0,0.4331,-0.8306,0,0
2022-11-25,sz.003035,5.96,6.0,5.95,5.97,5560800,33174841.38,0.3399,0.0,0,0
2022-11-28,sz.003035,5.93,6.04,5.84,6.02,10796033,64350617.56,0.6599,0.8375,0,0
2022-11-29,sz.003035,6.04,6.08,5.99,6.06,9935600,59987209.0,0.6073,0.6645,0,0
2022-11-30,sz.003035,6.08,6.11,6.05,6.08,10971491,66807156.3,0.6706,0.33,0,0
2022-12-01,sz.003035,6.09,6.13,6.08,6.08,8057600,49128031.0,0.4925,0.0,0,0
2022-12-02,sz.003035,6.1,6.13,6.07,6.11,9185102,56134821.22,0.5614,0.4934,0,0
2022-12-05,sz.003035,6.11,6.21,6.1,6.17,15782807,97164933.77,0.9647,0.982,0,0
2022-12-06,sz.003035,6.18,6.19,6.09,6.1,10384239,63685050.76,0.6347,-1.1345,0,0
2022-12-07,sz.003035,6.11,6.14,6.07,6.09,6911400,42196024.0,0.4224,-0.1639,0,0
2022-12-08,sz.003035,6.1,6.11,6.05,6.06,6794507,41286637.48,0.4153,-0.4926,0,0
2022-12-09,sz.003035,6.07,6.11,6.05,6.07,10264018,62384287.02,0.6274,0.165,0,0
2022-12-12,sz.003035,6.07,6.09,6.0,6.01,7830817,47188386.66,0.4786,-0.9885,0,0
2022-12-13,sz.003035,5.99,6.05,5.98,5.99,5848310,35078247.75,0.3575,-0.3328,0,0
2022-12-14,sz.003035,5.97,6.03,5.96,5.97,5930314,35541851.58,0.3625,-0.3339,0,0
2022-12-15,sz.003035,5.98,6.0,5.93,5.93,6533871,38856838.87,0.3994,-0.67,0,0
2022-12-16,sz.003035,5.93,5.97,5.9,5.96,7132893,42331657.51,0.436,0.5059,0,0
2022-12-19,sz.003035,5.96,5.98,5.76,5.8,11045812,64547597.94,0.6751,-2.6846,0,0
2022-12-20,sz.003035,5.78,5.81,5.74,5.77,4937700,28527088.0,0.3018,-0.5172,0,0
2022-12-21,sz.003035,5.77,5.79,5.65,5.7,6285292,35935392.92,0.3842,-1.2132,0,0
2022-12-22,sz.003035,5.74,5.75,5.6,5.62,4819604,27332661.48,0.2946,-1.4035,0,0
2022-12-23,sz.003035,5.61,5.7,5.59,5.63,4569464,25811112.88,0.2793,0.1779,0,0
2022-12-26,sz.003035,5.66,5.69,5.63,5.68,5287434,29932643.4,0.3232,0.8881,0,0
2022-12-27,sz.003035,5.69,5.73,5.66,5.69,3568100,20293236.0,0.2181,0.1761,0,0
2022-12-28,sz.003035,5.7,5.84,5.66,5.75,8846400,51140626.0,0.5407,1.0545,0,0
2022-12-29,sz.003035,5.74,5.74,5.65,5.66,5614008,31867933.13,0.3431,-1.5652,0,0
2022-12-30,sz.003035,5.7,5.71,5.65,5.67,4228133,23981736.07,0.2584,0.1767,0,0
2023-01-03,sz.003035,5.67,5.76,5.66,5.75,6492251,37170445.84,0.3968,1.4109,0,0
2023-01-04,sz.003035,5.8,5.8,5.73,5.77,6022650,34740768.95,0.3681,0.3478,0,0
2023-01-05,sz.003035,5.76,5.79,5.74,5.78,6063645,34958636.84,0.3706,0.1733,0,0
2023-01-06,sz.003035,5.76,5.98,5.73,5.84,16208154,95403384.25,0.9907,1.0381,0,0
2023-01-09,sz.003035,5.92,6.42,5.88,6.42,47421275,302957045.5,2.8985,9.9315,1,0
2023-01-10,sz.003035,6.35,6.35,6.12,6.22,61119579,381054917.96,3.7358,-3.1153,0,0
2023-01-11,sz.003035,6.31,6.67,6.22,6.43,72986612,470399892.15,4.4611,3.3762,0,0
2023-01-12,sz.003035,6.45,6.8,6.34,6.55,56118912,369539956.7,3.4301,1.8663,0,0
2023-01-13,sz.003035,6.64,6.75,6.44,6.56,51958085,341859513.13,3.1758,0.1527,0,0
2023-01-16,sz.003035,6.7,6.7,6.45,6.46,38598230,251220721.33,2.3592,-1.5244,0,0
2023-01-17,sz.003035,6.45,6.55,6.44,6.47,18606337,120647680.09,1.1373,0.1548,0,0
2023-01-18,sz.003035,6.44,6.63,6.44,6.5,19754928,128987091.47,1.2075,0.4637,0,0
2023-01-19,sz.003035,6.48,6.54,6.45,6.5,15947328,103667120.31,0.9747,0.0,0,0
2023-01-20,sz.003035,6.5,6.55,6.47,6.51,16731846,108865230.25,1.0227,0.1538,0,0
2023-01-30,sz.003035,6.56,6.62,6.47,6.54,22760281,148628678.43,1.3912,0.4608,0,0
2023-01-31,sz.003035,6.52,6.73,6.49,6.69,29130952,194028293.99,1.7806,2.2936,0,0
2023-02-01,sz.003035,6.67,6.88,6.65,6.72,24966605,168016874.23,1.526,0.4484,0,0
2023-02-02,sz.003035,6.72,7.08,6.68,6.86,43336362,298109928.22,2.6488,2.0833,0,0
2023-02-03,sz.003035,6.82,6.9,6.71,6.77,20072327,136111655.01,1.2269,-1.312,0,0
2023-02-06,sz.003035,6.76,6.84,6.7,6.78,16603660,112210816.16,1.0149,0.1477,0,0
2023-02-07,sz.003035,6.8,6.87,6.72,6.79,12820046,87047642.1,0.7836,0.1475,0,0
2023-02-08,sz.003035,6.8,6.83,6.75,6.76,9773086,66272158.46,0.5974,-0.4418,0,0
2023-02-09,sz.003035,6.74,7.09,6.73,7.04,40247896,279718817.45,2.46,4.142,0,0
2023-02-10,sz.003035,7.4,7.74,7.35,7.74,147720463,1138086171.12,9.029,9.9432,1,0
2023-02-13,sz.003035,7.84,8.51,7.84,8.51,150390673,1252443296.83,9.1922,9.9483,1,0
2023-02-14,sz.003035,8.8,8.89,8.08,8.63,232093150,1981399617.17,14.1861,1.4101,0,0
2023-02-15,sz.003035,8.6,8.64,8.26,8.53,109073195,919224503.78,6.6668,-1.1587,0,0
2023-02-16,sz.003035,8.46,8.61,7.94,8.08,107407082,891263938.9,6.565,-5.2755,0,0
2023-02-17,sz.003035,8.09,8.36,8.0,8.12,86243525,704417829.35,5.2714,0.495,0,0
2023-02-20,sz.003035,8.0,8.48,7.9,8.4,94750585,789257548.21,5.7914,3.4483,0,0
2023-02-21,sz.003035,8.33,8.49,8.2,8.43,72084521,601431367.14,4.406,0.3571,0,0
2023-02-22,sz.003035,8.4,8.63,8.28,8.44,62287907,528329681.35,3.8072,0.1186,0,0
2023-02-23,sz.003035,8.4,8.58,8.3,8.39,51646990,434875766.85,3.1568,-0.5924,0,0
2023-02-24,sz.003035,8.42,8.61,8.29,8.33,43268559,364469328.14,2.6447,-0.7151,0,0
2023-02-27,sz.003035,8.33,8.59,8.13,8.48,56993506,482931551.61,3.4836,1.8007,0,0
2023-02-28,sz.003035,8.4,8.45,8.13,8.29,57906338,477973369.97,3.5394,-2.2406,0,0
2023-03-01,sz.003035,8.38,8.38,8.1,8.17,43266619,353764432.43,2.6446,-1.4475,0,0
2023-03-02,sz.003035,8.16,8.19,7.97,8.0,35881028,288373858.26,2.1931,-2.0808,0,0
2023-03-03,sz.003035,8.09,8.09,7.83,7.96,41985349,332796327.54,2.5662,-0.5,0,0
2023-03-06,sz.003035,7.97,7.97,7.6,7.89,50419242,393437054.5,3.0817,-0.8794,0,0
2023-03-07,sz.003035,7.89,7.96,7.79,7.84,29452420,232367974.55,1.8002,-0.6337,0,0
2023-03-08,sz.003035,7.89,8.0,7.78,7.91,28247541,222224324.87,1.7266,0.8929,0,0
2023-03-09,sz.003035,7.87,7.95,7.72,7.9,27888677,219980950.25,1.7046,-0.1264,0,0
2023-03-10,sz.003035,7.92,8.17,7.83,7.94,43141926,344387821.13,2.6369,0.5063,0,0
2023-03-13,sz.003035,7.72,7.99,7.7,7.94,32798088,259141423.31,2.0047,0.0,0,0
2023-03-14,sz.003035,7.93,7.98,7.68,7.9,34622812,271816722.87,2.1162,-0.5038,0,0
2023-03-15,sz.003035,7.91,8.15,7.83,8.05,28765977,231581830.57,1.7582,1.8987,0,0
2023-03-16,sz.003035,8.01,8.01,7.71,7.85,36926100,289067833.77,2.257,-2.4845,0,0
2023-03-17,sz.003035,7.89,8.03,7.72,7.86,35286079,277353057.12,2.1568,0.1274,0,0
2023-03-20,sz.003035,7.84,7.94,7.6,7.82,36010710,279554515.17,2.2011,-0.5089,0,0
2023-03-21,sz.003035,7.82,8.0,7.8,7.95,19599840,155419953.37,1.198,1.6624,0,0
2023-03-22,sz.003035,7.92,7.94,7.68,7.71,27391567,213039938.38,1.6742,-3.0189,0,0
2023-03-23,sz.003035,7.71,7.85,7.63,7.83,26495017,205340771.11,1.6194,1.5564,0,0
2023-03-24,sz.003035,7.8,7.84,7.66,7.78,22349761,173598364.79,1.3661,-0.6386,0,0
2023-03-27,sz.003035,7.82,7.83,7.67,7.7,15128836,116853538.81,0.9247,-1.0283,0,0
2023-03-28,sz.003035,7.7,7.71,7.48,7.51,24246949,183306711.18,1.482,-2.4675,0,0
2023-03-29,sz.003035,7.51,7.64,7.48,7.5,17267747,130266078.4,1.0554,-0.1332,0,0
2023-03-30,sz.003035,7.53,7.61,7.41,7.61,20627011,155317127.88,1.2608,1.4667,0,0
2023-03-31,sz.003035,7.59,7.8,7.52,7.76,19880805,152451413.94,1.2152,1.9711,0,0
2023-04-03,sz.003035,7.78,7.9,7.63,7.78,23479131,183240497.54,1.4351,0.2577,0,0
2023-04-04,sz.003035,7.73,7.78,7.42,7.47,25648659,193349294.6,1.5677,-3.9846,0,0
2023-04-06,sz.003035,7.47,7.5,7.24,7.44,21249953,156834508.88,1.2988,-0.4016,0,0
2023-04-07,sz.003035,7.43,7.58,7.33,7.53,15539701,116155523.55,0.9498,1.2097,0,0
2023-04-10,sz.003035,7.54,7.56,7.41,7.51,14176099,106157028.5,0.8665,-0.2656,0,0
2023-04-11,sz.003035,7.47,7.75,7.42,7.6,21018085,159124496.69,1.2847,1.1984,0,0
2023-04-12,sz.003035,7.6,7.61,7.36,7.38,18728821,139393157.48,1.1448,-2.8947,0,0
2023-04-13,sz.003035,7.4,7.52,7.35,7.41,17126500,127176381.46,1.0468,0.4065,0,0
2023-04-14,sz.003035,7.38,7.64,7.33,7.54,18029954,135258897.42,1.102,1.7544,0,0
2023-04-17,sz.003035,7.54,7.68,7.4,7.44,26305083,197989429.81,1.6078,-1.3263,0,0
2023-04-18,sz.003035,7.45,7.56,7.26,7.29,21068965,155175755.31,1.2878,-2.0161,0,0
2023-04-19,sz.003035,7.29,7.34,7.22,7.29,12790720,93199213.8,0.7818,0.0,0,0
2023-04-20,sz.003035,7.3,7.35,7.12,7.23,18624831,134342621.83,1.1384,-0.823,0,0
2023-04-21,sz.003035,7.23,7.3,7.06,7.12,20269902,145319075.22,1.2389,-1.5214,0,0
2023-04-24,sz.003035,7.12,7.12,6.95,6.98,24214262,169621798.09,1.48,-1.9663,0,0
2023-04-25,sz.003035,6.98,7.11,6.7,6.86,28736691,196936241.58,1.7565,-1.7192,0,0
2023-04-26,sz.003035,6.88,7.07,6.85,7.01,22667514,158603144.28,1.3855,2.1866,0,0
2023-04-27,sz.003035,6.96,7.01,6.8,6.83,20173519,138304274.18,1.2331,-2.5678,0,0
2023-04-28,sz.003035,6.83,6.92,6.74,6.82,23271498,158621101.9,1.4224,-0.1464,0,0
2023-05-04,sz.003035,6.74,6.86,6.66,6.7,20302525,136770681.17,1.2409,-1.7595,0,0
2023-05-05,sz.003035,6.74,6.75,6.53,6.58,21028317,138630866.08,1.2853,-1.791,0,0
2023-05-08,sz.003035,6.57,6.67,6.55,6.59,19018736,125443158.52,1.1625,0.152,0,0
2023-05-09,sz.003035,6.59,6.63,6.46,6.47,17844641,116519073.78,1.0907,-1.8209,0,0
2023-05-10,sz.003035,6.49,6.56,6.34,6.4,28962002,186316105.8,1.7702,-1.0819,0,0
2023-05-11,sz.003035,6.44,6.46,6.32,6.35,23942544,152948814.63,1.4634,-0.7813,0,0
2023-05-12,sz.003035,6.34,6.55,6.23,6.27,33763967,214528698.19,2.0637,-1.2598,0,0
2023-05-15,sz.003035,6.28,6.35,6.19,6.26,21717939,135876395.92,1.3275,-0.1595,0,0
2023-05-16,sz.003035,6.43,6.89,6.41,6.89,36275657,245652780.84,2.2173,10.0639,1,0
2023-05-17,sz.003035,6.96,7.01,6.55,6.68,146995008,979922502.61,8.9847,-3.0479,0,0
2023-05-18,sz.003035,6.63,6.79,6.46,6.52,99783004,655408682.96,6.099,-2.3952,0,0
2023-05-19,sz.003035,6.44,6.44,6.12,6.19,76501216,475370588.15,4.6759,-5.0613,0,0
2023-05-22,sz.003035,6.1,6.54,6.05,6.5,93586936,598448018.14,5.7203,5.0081,0,0
2023-05-23,sz.003035,6.46,6.46,6.22,6.23,57690471,363610770.28,3.5262,-4.1538,0,0
2023-05-24,sz.003035,6.2,6.36,6.13,6.23,38292832,240125210.3,2.3406,0.0,0,0
2023-05-25,sz.003035,6.2,6.38,6.13,6.25,36164778,225917154.27,2.2105,0.321,0,0
2023-05-26,sz.003035,6.24,6.27,6.12,6.22,28082376,173954242.73,1.7165,-0.48,0,0
2023-05-29,sz.003035,6.22,6.28,6.18,6.27,27724119,173230028.91,1.6946,0.8039,0,0
2023-05-30,sz.003035,6.26,6.37,6.15,6.24,38039096,237608349.75,2.325,-0.4785,0,0
2023-05-31,sz.003035,6.21,6.22,6.09,6.13,31790253,195078442.6,1.9431,-1.7628,0,0
2023-06-01,sz.003035,6.12,6.17,6.05,6.14,23999073,146855534.93,1.4669,0.1631,0,0
2023-06-02,sz.003035,6.13,6.33,6.12,6.28,32003223,199666106.83,1.9561,2.2801,0,0
2023-06-05,sz.003035,6.3,6.34,6.21,6.32,30975600,194539246.91,1.8933,0.6369,0,0
2023-06-06,sz.003035,6.31,6.31,6.06,6.08,41311500,253809110.0,2.5251,-3.7975,0,0
2023-06-07,sz.003035,6.07,6.09,5.95,5.97,26026814,156095842.58,1.5908,-1.8092,0,0
2023-06-08,sz.003035,5.97,6.07,5.95,6.05,20066469,120908932.54,1.2265,1.34,0,0
2023-06-09,sz.003035,6.05,6.33,5.99,6.32,61100124,378610117.98,3.7346,4.4628,0,0
2023-06-12,sz.003035,6.26,6.38,6.18,6.27,29873900,186589727.65,1.826,-0.7911,0,0
2023-06-13,sz.003035,6.24,6.28,6.2,6.22,15238480,94920248.8,0.9314,-0.7974,0,0
2023-06-14,sz.003035,6.24,6.24,6.16,6.18,14578533,90188535.61,0.8911,-0.6431,0,0
2023-06-15,sz.003035,6.22,6.35,6.16,6.33,32454663,203620435.86,1.9837,2.4272,0,0
2023-06-16,sz.003035,6.35,6.68,6.28,6.57,64447163,419263386.61,3.9392,3.7915,0,0
2023-06-19,sz.003035,6.57,6.82,6.5,6.64,52229296,349298806.73,3.1924,1.0654,0,0
2023-06-20,sz.003035,6.64,6.65,6.45,6.46,25695800,166954964.0,1.5706,-2.7108,0,0
2023-06-21,sz.003035,6.45,6.56,6.38,6.44,31714510,205270397.9,1.9385,-0.3096,0,0
2023-06-26,sz.003035,6.41,6.95,6.39,6.86,87664832,590876635.1,5.3583,6.5217,0,0
2023-06-27,sz.003035,6.86,6.87,6.64,6.81,55668925,376455658.52,3.4026,-0.7289,0,0
2023-06-28,sz.003035,6.79,7.36,6.71,7.1,76898849,546822015.26,4.7002,4.2584,0,0
2023-06-29,sz.003035,7.0,7.2,6.91,7.18,46135566,324980366.59,2.8199,1.1268,0,0
2023-06-30,sz.003035,7.11,7.22,7.01,7.12,36028897,255705437.4,2.2022,-0.8357,0,0
2023-07-03,sz.003035,7.07,7.15,6.92,7.02,33692340,236197106.66,2.0594,-1.4045,0,0
2023-07-04,sz.003035,7.0,7.0,6.86,6.95,27975486,193827446.81,1.7099,-0.9972,0,0
2023-07-05,sz.003035,6.92,7.07,6.89,6.97,24110514,168644503.9,1.4737,0.2878,0,0
2023-07-06,sz.003035,6.91,7.17,6.83,7.07,43142564,301486820.48,2.637,1.4347,0,0
2023-07-07,sz.003035,7.08,7.25,6.98,6.99,35178860,250415938.0,2.1502,-1.1315,0,0
2023-07-10,sz.003035,6.99,7.15,6.94,6.99,23054277,162068042.02,1.4091,0.0,0,0
2023-07-11,sz.003035,6.99,7.02,6.84,6.87,19428960,133523018.54,1.1875,-1.7167,0,0
2023-07-12,sz.003035,6.9,7.23,6.9,7.15,60617382,433659172.01,3.7051,4.0757,0,0
2023-07-13,sz.003035,7.07,7.1,6.94,6.98,36198339,253380499.84,2.2125,-2.3776,0,0
2023-07-14,sz.003035,6.98,6.98,6.88,6.94,17431354,120748623.64,1.0654,-0.5731,0,0
2023-07-17,sz.003035,6.93,7.0,6.9,6.92,11335983,78664692.86,0.6929,-0.2882,0,0
2023-07-18,sz.003035,6.94,6.95,6.72,6.75,21836495,147996146.23,1.3347,-2.4566,0,0
2023-07-19,sz.003035,6.75,6.82,6.63,6.67,19420133,129886117.39,1.187,-1.1852,0,0
2023-07-20,sz.003035,6.68,6.72,6.6,6.65,11821245,78850656.82,0.7225,-0.2999,0,0
2023-07-21,sz.003035,6.66,6.84,6.65,6.7,16939400,113929042.1,1.0354,0.7519,0,0
2023-07-24,sz.003035,6.7,6.75,6.65,6.69,7345127,49133968.55,0.449,-0.1493,0,0
2023-07-25,sz.003035,6.68,6.77,6.68,6.72,11442200,76802136.0,0.6994,0.4484,0,0
2023-07-26,sz.003035,6.73,6.74,6.68,6.7,8855749,59331842.32,0.5413,-0.2976,0,0
2023-07-27,sz.003035,6.73,6.74,6.41,6.52,31545131,206080175.19,1.9281,-2.6866,0,0
2023-07-28,sz.003035,6.5,6.53,6.41,6.52,15887489,102884637.16,0.9711,0.1536,0,0
2023-07-31,sz.003035,6.51,6.83,6.5,6.69,25580400,170822304.0,1.5635,2.6074,0,0
2023-08-01,sz.003035,6.7,6.73,6.56,6.69,14810500,98688697.0,0.9053,0.0,0,0
2023-08-02,sz.003035,6.7,6.7,6.53,6.57,14670800,96654315.0,0.8967,-1.7937,0,0
2023-08-03,sz.003035,6.56,6.63,6.47,6.5,14808205,96440467.76,0.9051,-1.0654,0,0
2023-08-04,sz.003035,6.56,6.74,6.47,6.48,21278650,139193575.5,1.3006,-0.3077,0,0
2023-08-07,sz.003035,6.45,6.47,6.33,6.41,19631521,125469334.33,1.1999,-1.0802,0,0
2023-08-08,sz.003035,6.4,6.46,6.35,6.44,8836700,56647254.0,0.5401,0.468,0,0
2023-08-09,sz.003035,6.43,6.43,6.31,6.34,12646679,80294858.65,0.773,-1.5528,0,0
2023-08-10,sz.003035,6.34,6.37,6.22,6.23,22500176,140902965.08,1.3753,-1.735,0,0
2023-08-11,sz.003035,6.26,6.27,6.16,6.16,13551782,83966535.75,0.8283,-1.1236,0,0
2023-08-14,sz.003035,6.16,6.16,6.08,6.12,19721900,120772942.0,1.2055,-0.6494,0,0
2023-08-15,sz.003035,6.13,6.15,5.96,6.0,23576716,142119369.38,1.4411,-1.9608,0,0
2023-08-16,sz.003035,6.0,6.04,5.98,5.98,11860700,71247186.0,0.725,-0.3333,0,0
2023-08-17,sz.003035,5.97,6.08,5.88,6.06,13269900,79573472.9,0.8111,1.3378,0,0
2023-08-18,sz.003035,6.06,6.1,5.97,5.99,10609770,64048101.6,0.6485,-1.1551,0,0
2023-08-21,sz.003035,5.98,6.09,5.96,6.02,9270490,55928945.6,0.5666,0.5008,0,0
2023-08-22,sz.003035,6.02,6.11,5.9,6.09,21155669,126780296.55,1.2931,1.1628,0,0
2023-08-23,sz.003035,6.1,6.1,5.94,5.95,13812849,82742333.51,0.8443,-2.2989,0,0
2023-08-24,sz.003035,5.95,6.01,5.93,5.97,6964998,41571042.92,0.4257,0.3361,0,0
2023-08-25,sz.003035,5.98,6.09,5.93,6.0,17101169,103175476.62,1.0453,0.5025,0,0
2023-08-28,sz.003035,6.18,6.27,5.94,5.99,27125500,164275205.0,1.658,-0.1667,0,0
2023-08-29,sz.003035,5.98,6.08,5.94,6.06,16788071,101403539.0,1.0261,1.1686,0,0
2023-08-30,sz.003035,6.05,6.08,6.01,6.04,11753664,71036112.56,0.7184,-0.33,0,0
2023-08-31,sz.003035,6.04,6.07,6.0,6.04,6756436,40729578.36,0.413,0.0,0,0
2023-09-01,sz.003035,6.05,6.05,6.02,6.04,6470200,39055033.0,0.3955,0.0,0,0
2023-09-04,sz.003035,6.06,6.09,6.01,6.07,11899973,71938140.65,0.7274,0.4967,0,0
2023-09-05,sz.003035,6.05,6.21,6.03,6.13,23556446,144169008.02,1.4398,0.9885,0,0
2023-09-06,sz.003035,6.1,6.11,6.02,6.07,12758300,77182396.0,0.7798,-0.9788,0,0
2023-09-07,sz.003035,6.05,6.07,5.97,5.98,11911700,71623284.0,0.7281,-1.4827,0,0
2023-09-08,sz.003035,5.96,6.01,5.95,5.96,6589300,39360963.0,0.4028,-0.3344,0,0
2023-09-11,sz.003035,5.99,6.0,5.92,5.96,10767700,64199974.0,0.6581,0.0,0,0
2023-09-12,sz.003035,5.95,5.98,5.94,5.94,8986126,53517348.44,0.5493,-0.3356,0,0
2023-09-13,sz.003035,5.94,5.97,5.9,5.92,8047500,47670169.0,0.4919,-0.3367,0,0
2023-09-14,sz.003035,5.92,5.97,5.91,5.96,9282900,55183028.0,0.5674,0.6757,0,0
2023-09-15,sz.003035,5.97,5.97,5.92,5.94,5984405,35566438.7,0.3658,-0.3356,0,0
2023-09-18,sz.003035,5.92,5.98,5.85,5.93,8955700,53140476.0,0.5474,-0.1684,0,0
2023-09-19,sz.003035,5.94,5.95,5.89,5.89,7997611,47273736.95,0.4888,-0.6745,0,0
2023-09-20,sz.003035,5.86,5.89,5.86,5.86,6067400,35655485.0,0.3709,-0.5093,0,0
2023-09-21,sz.003035,5.86,5.88,5.75,5.76,9822906,57018313.5,0.6004,-1.7065,0,0
2023-09-22,sz.003035,5.75,5.87,5.72,5.85,9099400,52876449.0,0.5562,1.5625,0,0
2023-09-25,sz.003035,5.85,5.88,5.8,5.81,5411800,31517713.0,0.3308,-0.6838,0,0
2023-09-26,sz.003035,5.81,5.83,5.76,5.78,4498200,26013559.0,0.2749,-0.5164,0,0
2023-09-27,sz.003035,5.79,5.85,5.74,5.75,11427900,66049410.0,0.6985,-0.519,0,0
2023-09-28,sz.003035,5.75,5.79,5.75,5.76,6551800,37757352.0,0.4005,0.1739,0,0
2023-10-09,sz.003035,5.75,5.77,5.72,5.74,5632500,32347216.0,0.3443,-0.3472,0,0
2023-10-10,sz.003035,5.75,5.8,5.72,5.73,6804938,39136893.5,0.4159,-0.1742,0,0
2023-10-11,sz.003035,5.74,5.78,5.69,5.72,7725071,44384946.76,0.4722,-0.1745,0,0
2023-10-12,sz.003035,5.74,5.79,5.73,5.78,7702851,44377877.78,0.4708,1.049,0,0
2023-10-13,sz.003035,5.78,5.79,5.66,5.7,8619663,49170198.57,0.5269,-1.3841,0,0
2023-10-16,sz.003035,5.66,5.7,5.62,5.62,6489395,36634331.85,0.3966,-1.4035,0,0
2023-10-17,sz.003035,5.64,5.65,5.6,5.64,6975263,39219299.32,0.4263,0.3559,0,0
2023-10-18,sz.003035,5.63,5.63,5.54,5.56,6408800,35769035.0,0.3917,-1.4184,0,0
2023-10-19,sz.003035,5.53,5.59,5.48,5.51,6457100,35704558.0,0.3947,-0.8993,0,0
2023-10-20,sz.003035,5.51,5.53,5.41,5.44,8293700,45404273.74,0.5069,-1.2704,0,0
2023-10-23,sz.003035,5.41,5.42,5.24,5.25,11010307,58479964.17,0.673,-3.4926,0,0
2023-10-24,sz.003035,5.26,5.3,5.21,5.27,7413800,39024066.0,0.4531,0.381,0,0
2023-10-25,sz.003035,5.29,5.46,5.29,5.42,10404424,56320163.6,0.6359,2.8463,0,0
2023-10-26,sz.003035,5.38,5.47,5.37,5.46,6642900,36028558.0,0.406,0.738,0,0
2023-10-27,sz.003035,5.44,5.54,5.43,5.51,8034403,44108925.38,0.4911,0.9158,0,0
2023-10-30,sz.003035,5.52,5.53,5.42,5.43,16627400,90555597.0,1.0163,-1.4519,0,0
2023-10-31,sz.003035,5.46,5.46,5.41,5.44,6831100,37087360.0,0.4175,0.1842,0,0
2023-11-01,sz.003035,5.46,5.48,5.4,5.45,8711600,47327362.0,0.5325,0.1838,0,0
2023-11-02,sz.003035,5.45,5.47,5.42,5.43,6001326,32668785.18,0.3668,-0.367,0,0
2023-11-03,sz.003035,5.43,5.51,5.42,5.49,9489694,51999227.45,0.58,1.105,0,0
2023-11-06,sz.003035,5.48,5.56,5.47,5.54,13235662,72993040.32,0.809,0.9107,0,0
2023-11-07,sz.003035,5.54,5.57,5.48,5.55,11159054,61658646.0,0.6821,0.1805,0,0
2023-11-08,sz.003035,5.54,5.55,5.5,5.53,8095356,44750244.0,0.4948,-0.3604,0,0
2023-11-09,sz.003035,5.53,5.64,5.52,5.54,10738764,59834657.04,0.6564,0.1808,0,0
2023-11-10,sz.003035,5.56,5.56,5.46,5.5,11883800,65307528.0,0.7264,-0.722,0,0
2023-11-13,sz.003035,5.51,5.56,5.5,5.55,7322765,40505494.35,0.4476,0.9091,0,0
2023-11-14,sz.003035,5.55,5.61,5.53,5.59,9860356,54957821.56,0.6027,0.7207,0,0
2023-11-15,sz.003035,5.61,5.71,5.6,5.67,20247641,114652344.31,1.2376,1.4311,0,0
2023-11-16,sz.003035,5.65,5.65,5.54,5.56,11508507,64227648.13,0.7034,-1.94,0,0
2023-11-17,sz.003035,5.57,5.59,5.53,5.58,6560490,36504252.4,0.401,0.3597,0,0
2023-11-20,sz.003035,5.61,5.65,5.55,5.64,9141100,51285923.0,0.5587,1.0753,0,0
2023-11-21,sz.003035,5.66,5.67,5.58,5.63,11998393,67568581.59,0.7334,-0.1773,0,0
2023-11-22,sz.003035,5.6,5.63,5.51,5.51,13201900,73302439.0,0.8069,-2.1314,0,0
2023-11-23,sz.003035,5.51,5.54,5.48,5.53,9625891,53001286.68,0.5884,0.363,0,0
2023-11-24,sz.003035,5.54,5.54,5.42,5.44,11127045,60918286.35,0.6801,-1.6275,0,0
2023-11-27,sz.003035,5.44,5.5,5.38,5.44,8980073,48696047.12,0.5489,0.0,0,0
2023-11-28,sz.003035,5.46,5.47,5.39,5.45,6214554,33824749.3,0.3798,0.1838,0,0
2023-11-29,sz.003035,5.46,5.46,5.37,5.38,9481176,51302264.02,0.5795,-1.2844,0,0
2023-11-30,sz.003035,5.4,5.43,5.36,5.38,6811614,36709861.01,0.4163,0.0,0,0
2023-12-01,sz.003035,5.39,5.41,5.33,5.39,6580276,35299855.36,0.4022,0.1859,0,0
2023-12-04,sz.003035,5.38,5.44,5.37,5.41,8037238,43469608.82,0.4913,0.3711,0,0
2023-12-05,sz.003035,5.41,5.41,5.31,5.32,7965038,42695018.16,0.4868,-1.6636,0,0
2023-12-06,sz.003035,5.3,5.38,5.3,5.34,6142469,32834650.46,0.3754,0.3759,0,0
2023-12-07,sz.003035,5.34,5.35,5.29,5.32,6493442,34515844.02,0.3969,-0.3745,0,0
2023-12-08,sz.003035,5.33,5.36,5.29,5.29,9450438,50223785.02,0.5776,-0.5639,0,0
2023-12-11,sz.003035,5.29,5.39,5.21,5.36,11437155,60586554.85,0.6991,1.3233,0,0
2023-12-12,sz.003035,5.35,5.4,5.33,5.38,6198400,33333680.0,0.3789,0.3731,0,0
2023-12-13,sz.003035,5.38,5.41,5.36,5.37,6176715,33279132.85,0.3775,-0.1859,0,0
2023-12-14,sz.003035,5.38,5.42,5.36,5.38,7636455,41195608.55,0.4668,0.1862,0,0
2023-12-15,sz.003035,5.39,5.42,5.34,5.34,6830460,36736484.5,0.4175,-0.7435,0,0
2023-12-18,sz.003035,5.33,5.35,5.21,5.21,11406722,60011454.62,0.6972,-2.4345,0,0
2023-12-19,sz.003035,5.21,5.25,5.06,5.1,15703815,80585686.85,0.9599,-2.1113,0,0
2023-12-20,sz.003035,5.12,5.17,5.06,5.07,6336900,32341918.0,0.3873,-0.5882,0,0
2023-12-21,sz.003035,5.04,5.15,5.0,5.11,8977281,45519083.91,0.5487,0.789,0,0
2023-12-22,sz.003035,5.11,5.12,5.0,5.08,10457500,52853156.0,0.6392,-0.5871,0,0
2023-12-25,sz.003035,5.06,5.12,5.04,5.07,6605500,33615996.0,0.4037,-0.1969,0,0
2023-12-26,sz.003035,5.07,5.1,5.02,5.05,4816940,24335469.8,0.2944,-0.3945,0,0
2023-12-27,sz.003035,5.04,5.08,5.0,5.06,6883497,34697517.91,0.4207,0.198,0,0
2023-12-28,sz.003035,5.06,5.24,5.02,5.22,15747390,81285118.72,0.9625,3.1621,0,0
2023-12-29,sz.003035,5.22,5.29,5.19,5.26,9377607,49310464.75,0.5732,0.7663,0,0
2024-01-02,sz.003035,5.28,5.31,5.23,5.28,9404559,49761887.52,0.5748,0.3802,0,0
2024-01-03,sz.003035,5.27,5.32,5.25,5.3,8276700,43822459.0,0.5059,0.3788,0,0
2024-01-04,sz.003035,5.28,5.32,5.19,5.23,9533900,49987070.0,0.5827,-1.3208,0,0
2024-01-05,sz.003035,5.23,5.27,5.16,5.18,8133039,42401914.24,0.4971,-0.956,0,0
2024-01-08,sz.003035,5.18,5.18,5.04,5.05,10740700,54816893.0,0.6565,-2.5097,0,0
2024-01-09,sz.003035,5.04,5.08,4.96,4.99,15065800,75466630.0,0.9209,-1.1881,0,0
2024-01-10,sz.003035,4.99,5.04,4.91,4.99,10782038,53732034.86,0.659,0.0,0,0
2024-01-11,sz.003035,4.98,5.03,4.93,5.0,11869385,59126775.55,0.7255,0.2004,0,0
2024-01-12,sz.003035,4.98,5.2,4.98,5.15,16647483,85338564.52,1.0175,3.0,0,0
2024-01-15,sz.003035,5.1,5.14,4.94,4.95,23277340,116444068.4,1.4228,-3.8835,0,0
2024-01-16,sz.003035,4.93,5.0,4.89,4.95,12933080,63789095.2,0.7905,0.0,0,0
2024-01-17,sz.003035,4.94,4.95,4.83,4.83,10822762,52891456.08,0.6615,-2.4242,0,0
2024-01-18,sz.003035,4.83,4.84,4.68,4.8,12665980,60167247.0,0.7742,-0.6211,0,0
2024-01-19,sz.003035,4.81,5.28,4.77,5.06,45898574,234546494.09,2.8054,5.4167,0,0
2024-01-22,sz.003035,5.02,5.1,4.71,4.77,36343792,177340937.14,2.2214,-5.7312,0,0
2024-01-23,sz.003035,4.75,4.86,4.67,4.82,20634487,98834169.31,1.2612,1.0482,0,0
2024-01-24,sz.003035,4.83,4.85,4.59,4.8,22443959,105788218.61,1.3718,-0.4149,0,0
2024-01-25,sz.003035,4.8,5.01,4.7,4.98,27902811,137195143.24,1.7055,3.75,0,0
2024-01-26,sz.003035,4.98,5.06,4.95,4.95,17117916,85454071.36,1.0463,-0.6024,0,0
2024-01-29,sz.003035,4.96,4.98,4.86,4.86,13015936,64079758.56,0.5765,-1.8182,0,0
2024-01-30,sz.003035,4.84,4.89,4.72,4.73,12385974,59708994.31,0.5486,-2.6749,0,0
2024-01-31,sz.003035,4.71,4.77,4.62,4.66,15830513,74352465.58,0.7011,-1.4799,0,0
2024-02-01,sz.003035,4.63,4.68,4.51,4.53,17459564,79828112.69,0.7733,-2.7897,0,0
2024-02-02,sz.003035,4.57,4.58,4.16,4.35,22737967,99893054.77,1.007,-3.9735,0,0
2024-02-05,sz.003035,4.34,4.39,4.04,4.16,18684769,78433397.83,0.8275,-4.3678,0,0
2024-02-06,sz.003035,4.18,4.58,4.14,4.58,39184483,176062350.13,1.7355,10.0962,1,0
2024-02-07,sz.003035,4.59,4.98,4.59,4.97,54464798,260254111.34,2.4122,8.5153,0,0
2024-02-08,sz.003035,4.96,5.36,4.89,5.1,48431786,252794116.69,2.145,2.6157,0,0
2024-02-19,sz.003035,5.1,5.14,4.9,4.94,26656621,132542270.84,1.1806,-3.1373,0,0
2024-02-20,sz.003035,4.94,4.94,4.84,4.92,14203328,69506077.48,0.6291,-0.4049,0,0
2024-02-21,sz.003035,4.93,5.07,4.85,4.93,18671816,92988975.69,0.827,0.2033,0,0
2024-02-22,sz.003035,4.92,4.98,4.9,4.96,13043800,64430110.01,0.5777,0.6085,0,0
2024-02-23,sz.003035,4.97,5.0,4.89,4.96,18851599,92901820.05,0.8349,0.0,0,0
2024-02-26,sz.003035,4.96,4.99,4.91,4.93,18346462,90704529.7,0.8126,-0.6048,0,0
2024-02-27,sz.003035,4.92,4.98,4.9,4.98,16815399,83224008.07,0.7447,1.0142,0,0
2024-02-28,sz.003035,4.98,5.18,4.97,4.98,35417889,179775516.33,1.5686,0.0,0,0
2024-02-29,sz.003035,5.05,5.18,5.0,5.11,24655904,124681647.08,1.092,2.6104,0,0
2024-03-01,sz.003035,5.09,5.15,5.02,5.13,21180381,108103257.19,0.9381,0.3914,0,0
2024-03-04,sz.003035,5.15,5.16,5.03,5.09,13228729,67284504.61,0.5859,-0.7797,0,0
2024-03-05,sz.003035,5.08,5.13,5.05,5.07,12991017,66060727.02,0.5754,-0.3929,0,0
2024-03-06,sz.003035,5.05,5.17,5.0,5.11,17814999,90821627.92,0.789,0.789,0,0
2024-03-07,sz.003035,5.11,5.15,5.05,5.05,11977113,60946522.04,0.5305,-1.1742,0,0
2024-03-08,sz.003035,5.05,5.09,5.01,5.06,9668000,48726597.0,0.4282,0.198,0,0
2024-03-11,sz.003035,5.06,5.25,5.06,5.24,25162500,130124355.0,1.1144,3.5573,0,0
2024-03-12,sz.003035,5.29,5.3,5.16,5.17,16988933,88212064.84,0.7524,-1.3359,0,0
2024-03-13,sz.003035,5.17,5.21,5.13,5.17,11043215,57018541.85,0.4891,0.0,0,0
2024-03-14,sz.003035,5.17,5.21,5.12,5.15,11134415,57521678.1,0.4931,-0.3868,0,0
2024-03-15,sz.003035,5.15,5.18,5.12,5.18,10115378,52153194.88,0.448,0.5825,0,0
2024-03-18,sz.003035,5.19,5.22,5.16,5.19,15193500,78855501.0,0.6729,0.1931,0,0
2024-03-19,sz.003035,5.19,5.21,5.14,5.15,11118184,57535881.76,0.4924,-0.7707,0,0
2024-03-20,sz.003035,5.15,5.17,5.11,5.17,8131700,41823262.0,0.3601,0.3883,0,0
2024-03-21,sz.003035,5.17,5.18,5.11,5.13,11222170,57630828.72,0.497,-0.7737,0,0
2024-03-22,sz.003035,5.11,5.14,5.01,5.02,13107317,66140988.77,0.5805,-2.1442,0,0
2024-03-25,sz.003035,5.02,5.09,4.95,4.98,12553164,62932944.14,0.556,-0.7968,0,0
2024-03-26,sz.003035,4.98,5.04,4.92,5.01,10070831,50180702.85,0.446,0.6024,0,0
2024-03-27,sz.003035,5.0,5.01,4.87,4.88,9437300,46699915.0,0.418,-2.5948,0,0
2024-03-28,sz.003035,4.89,5.0,4.87,4.94,10014827,49510966.76,0.4436,1.2295,0,0
2024-03-29,sz.003035,4.94,5.03,4.93,5.02,9304311,46436474.0,0.4121,1.6194,0,0
2024-04-01,sz.003035,5.0,5.03,4.94,4.98,16650552,82945845.85,0.7374,-0.7968,0,0
2024-04-02,sz.003035,4.95,4.98,4.92,4.95,10521754,52031771.04,0.466,-0.6024,0,0
2024-04-03,sz.003035,4.93,4.95,4.88,4.91,9449000,46322748.0,0.4185,-0.8081,0,0
2024-04-08,sz.003035,4.92,4.98,4.81,4.81,18610876,90763151.12,0.8243,-2.0367,0,0
2024-04-09,sz.003035,4.83,4.92,4.8,4.9,11497223,55980898.47,0.5092,1.8711,0,0
2024-04-10,sz.003035,4.88,4.9,4.78,4.82,10078279,48763782.36,0.4464,-1.6327,0,0
2024-04-11,sz.003035,4.82,4.98,4.79,4.9,14149952,69339245.93,0.6267,1.6598,0,0
2024-04-12,sz.003035,4.91,4.92,4.74,4.75,13465616,64828141.84,0.5964,-3.0612,0,0
2024-04-15,sz.003035,4.77,4.82,4.64,4.74,13217907,62735864.76,0.5854,-0.2105,0,0
2024-04-16,sz.003035,4.72,4.78,4.57,4.57,14645700,68170296.0,0.6486,-3.5865,0,0
2024-04-17,sz.003035,4.6,4.82,4.6,4.82,17920919,84854422.92,0.7937,5.4705,0,0
2024-04-18,sz.003035,4.83,4.84,4.76,4.76,10157921,48682363.22,0.4499,-1.2448,0,0
2024-04-19,sz.003035,4.74,4.79,4.68,4.69,8861100,41823034.0,0.3925,-1.4706,0,0
2024-04-22,sz.003035,4.69,4.77,4.66,4.69,8923750,42063235.5,0.3952,0.0,0,0
2024-04-23,sz.003035,4.7,4.72,4.63,4.64,8470400,39437251.5,0.3751,-1.0661,0,0
2024-04-24,sz.003035,4.66,4.68,4.62,4.66,8118100,37739703.0,0.3595,0.431,0,0
2024-04-25,sz.003035,4.67,4.71,4.63,4.64,9217700,43039439.0,0.4082,-0.4292,0,0
2024-04-26,sz.003035,4.64,4.75,4.63,4.75,14781200,69532300.5,0.6546,2.3707,0,0
2024-04-29,sz.003035,4.78,4.96,4.77,4.95,23734000,116568329.0,1.0512,4.2105,0,0
2024-04-30,sz.003035,4.95,5.0,4.88,4.91,13675000,67240979.0,0.6057,-0.8081,0,0
2024-05-06,sz.003035,4.96,5.02,4.95,5.01,14440027,72139906.27,0.6395,2.0367,0,0
2024-05-07,sz.003035,5.04,5.05,4.99,5.03,11434427,57495743.81,0.5064,0.3992,0,0
2024-05-08,sz.003035,5.06,5.08,4.99,4.99,11028200,55435303.0,0.4884,-0.7952,0,0
2024-05-09,sz.003035,5.0,5.08,4.98,5.06,11757700,59466866.0,0.5207,1.4028,0,0
2024-05-10,sz.003035,5.07,5.14,5.04,5.1,16352886,83183617.5,0.7243,0.7905,0,0
2024-05-13,sz.003035,5.12,5.18,5.05,5.14,18206900,93388268.0,0.8064,0.7843,0,0
2024-05-14,sz.003035,5.15,5.17,5.11,5.15,14883069,76636945.42,0.6592,0.1946,0,0
2024-05-15,sz.003035,5.15,5.16,5.04,5.04,11153200,56756828.0,0.494,-2.1359,0,0
2024-05-16,sz.003035,5.05,5.09,5.02,5.03,9871600,49967878.0,0.4372,-0.1984,0,0
2024-05-17,sz.003035,5.04,5.08,4.99,5.07,10816210,54451036.84,0.479,0.7952,0,0
2024-05-20,sz.003035,5.08,5.13,5.05,5.07,13327976,67860598.32,0.5903,0.0,0,0
2024-05-21,sz.003035,5.05,5.07,4.96,4.99,9461300,47325794.0,0.419,-1.5779,0,0
2024-05-22,sz.003035,5.01,5.06,4.97,5.05,10689700,53670857.0,0.4734,1.2024,0,0
2024-05-23,sz.003035,5.05,5.07,4.89,4.9,13014376,64292853.4,0.5764,-2.9703,0,0
2024-05-24,sz.003035,4.91,5.11,4.9,5.0,22952000,115730326.0,1.0165,2.0408,0,0
2024-05-27,sz.003035,5.02,5.17,4.98,5.08,39266918,199681361.7,1.7391,1.6,0,0
2024-05-28,sz.003035,5.0,5.45,4.95,5.24,75869516,393376103.29,3.3602,3.1496,0,0
2024-05-29,sz.003035,5.15,5.25,5.08,5.14,44508420,229443872.93,1.9712,-1.9084,0,0
2024-05-30,sz.003035,5.16,5.19,4.93,4.96,43038152,215738379.24,1.9061,-3.5019,0,0
2024-05-31,sz.003035,4.92,5.03,4.91,4.94,19870476,98542105.96,0.8801,-0.4032,0,0
2024-06-03,sz.003035,4.91,4.93,4.82,4.85,24892843,121004838.55,1.1025,-1.8219,0,0
2024-06-04,sz.003035,4.84,4.9,4.8,4.89,18390600,89317766.0,0.8145,0.8247,0,0
2024-06-05,sz.003035,4.87,4.91,4.81,4.81,13705717,66508448.72,0.607,-1.636,0,0
2024-06-06,sz.003035,4.81,4.84,4.75,4.76,20129500,96326010.0,0.8915,-1.0395,0,0
2024-06-07,sz.003035,4.78,4.82,4.7,4.76,13099400,62222131.0,0.5802,0.0,0,0
2024-06-11,sz.003035,4.75,4.76,4.68,4.74,8781060,41453852.61,0.3889,-0.4202,0,0
2024-06-12,sz.003035,4.75,4.78,4.73,4.76,8549748,40680541.52,0.3787,0.4219,0,0
2024-06-13,sz.003035,4.76,4.78,4.71,4.72,10842366,51254506.38,0.4802,-0.8403,0,0
2024-06-14,sz.003035,4.72,4.74,4.65,4.69,24769881,116154963.7,1.097,-0.6356,0,0
2024-06-17,sz.003035,4.72,4.76,4.65,4.7,13512439,63687373.37,0.5985,0.2132,0,0
2024-06-18,sz.003035,4.7,4.75,4.67,4.73,9965584,46978827.64,0.4414,0.6383,0,0
2024-06-19,sz.003035,4.74,4.75,4.65,4.65,10634413,49758992.45,0.471,-1.6913,0,0
2024-06-20,sz.003035,4.65,4.67,4.56,4.56,11976500,55065701.0,0.5304,-1.9355,0,0
2024-06-21,sz.003035,4.56,4.6,4.52,4.53,8567500,39054570.0,0.3794,-0.6579,0,0
2024-06-24,sz.003035,4.53,4.53,4.37,4.41,11693400,51839052.0,0.5179,-2.649,0,0
2024-06-25,sz.003035,4.43,4.45,4.35,4.37,9174940,40338625.8,0.4064,-0.907,0,0
2024-06-26,sz.003035,4.37,4.46,4.34,4.45,9332217,41027943.14,0.4133,1.8307,0,0
2024-06-27,sz.003035,4.43,4.45,4.31,4.33,11925491,51970061.21,0.5282,-2.4775,0,0
2024-06-28,sz.003035,4.31,4.45,4.3,4.4,11864823,52162128.82,0.5255,1.6166,0,0
2024-07-01,sz.003035,4.41,4.45,4.4,4.45,8119018,35990493.07,0.3596,1.1364,0,0
2024-07-02,sz.003035,4.43,4.53,4.42,4.5,9511223,42553147.04,0.4212,1.1236,0,0
2024-07-03,sz.003035,4.51,4.51,4.45,4.45,7146500,31942952.0,0.3165,-1.1111,0,0
2024-07-04,sz.003035,4.48,4.49,4.34,4.36,7864300,34487174.0,0.3483,-2.0225,0,0
2024-07-05,sz.003035,4.34,4.36,4.28,4.32,8106826,34991837.25,0.359,-0.9174,0,0
2024-07-08,sz.003035,4.3,4.35,4.24,4.26,7292200,31198037.84,0.323,-1.3889,0,0
2024-07-09,sz.003035,4.25,4.31,4.17,4.29,10100300,42812076.0,0.4473,0.7042,0,0
2024-07-10,sz.003035,4.3,4.32,4.23,4.24,6681876,28530778.52,0.2959,-1.1655,0,0
2024-07-11,sz.003035,4.28,4.35,4.26,4.34,9432700,40726592.0,0.4178,2.3585,0,0
2024-07-12,sz.003035,4.35,4.37,4.27,4.29,8874384,38268980.76,0.393,-1.1521,0,0
2024-07-15,sz.003035,4.29,4.29,4.2,4.22,6486328,27402829.44,0.2873,-1.6317,0,0
2024-07-16,sz.003035,4.24,4.24,4.17,4.2,7178900,30113886.0,0.3179,-0.4739,0,0
2024-07-17,sz.003035,4.18,4.21,4.13,4.17,8999900,37435903.0,0.3986,-0.7143,0,0
2024-07-18,sz.003035,4.16,4.18,4.11,4.16,8105533,33650747.61,0.359,-0.2398,0,0
2024-07-19,sz.003035,4.15,4.19,4.1,4.17,8387049,34767170.35,0.3715,0.2404,0,0
2024-07-22,sz.003035,4.16,4.2,4.14,4.17,6311015,26265289.55,0.2795,0.0,0,0
2024-07-23,sz.003035,4.16,4.18,4.12,4.12,6827623,28357839.76,0.3024,-1.199,0,0
2024-07-24,sz.003035,4.12,4.19,4.09,4.14,9199811,38099896.32,0.4075,0.4854,0,0
2024-07-25,sz.003035,4.13,4.2,4.11,4.17,10036138,41763243.55,0.4445,0.7246,0,0
2024-07-26,sz.003035,4.18,4.25,4.18,4.24,9578428,40484519.96,0.4242,1.6787,0,0
2024-07-29,sz.003035,4.25,4.26,4.18,4.2,7703683,32396670.94,0.3412,-0.9434,0,0
2024-07-30,sz.003035,4.17,4.21,4.13,4.2,6312480,26344459.8,0.2796,0.0,0,0
2024-07-31,sz.003035,4.2,4.28,4.18,4.27,11681700,49694280.0,0.5174,1.6667,0,0
2024-08-01,sz.003035,4.28,4.31,4.22,4.24,9698528,41247150.72,0.4295,-0.7026,0,0
2024-08-02,sz.003035,4.21,4.26,4.2,4.22,7164328,30340955.0,0.3173,-0.4717,0,0
2024-08-05,sz.003035,4.23,4.28,4.16,4.16,10400300,43790073.0,0.4606,-1.4218,0,0
2024-08-06,sz.003035,4.19,4.23,4.17,4.22,9887100,41530869.0,0.4379,1.4423,0,0
2024-08-07,sz.003035,4.22,4.25,4.18,4.2,9429245,39742531.9,0.4176,-0.4739,0,0
2024-08-08,sz.003035,4.21,4.26,4.17,4.23,9433319,39714115.18,0.4178,0.7143,0,0
2024-08-09,sz.003035,4.24,4.25,4.17,4.18,7310400,30677764.0,0.3238,-1.182,0,0
2024-08-12,sz.003035,4.22,4.26,4.17,4.18,7604411,32008330.98,0.3368,0.0,0,0
2024-08-13,sz.003035,4.17,4.23,4.14,4.2,10614313,44431575.47,0.4701,0.4785,0,0
2024-08-14,sz.003035,4.2,4.21,4.16,4.16,6305000,26383414.0,0.2792,-0.9524,0,0
2024-08-15,sz.003035,4.15,4.2,4.13,4.15,14696600,61116745.0,0.6509,-0.2404,0,0
2024-08-16,sz.003035,4.14,4.15,4.05,4.07,17106800,69853835.0,0.7576,-1.9277,0,0
2024-08-19,sz.003035,4.06,4.1,4.05,4.08,7692000,31385727.0,0.3407,0.2457,0,0
2024-08-20,sz.003035,4.08,4.08,4.0,4.01,7997000,32230453.0,0.3542,-1.7157,0,0
2024-08-21,sz.003035,4.01,4.02,3.96,3.97,5672900,22637944.0,0.2512,-0.9975,0,0
2024-08-22,sz.003035,3.98,4.01,3.95,3.97,6124911,24349379.67,0.2713,0.0,0,0
2024-08-23,sz.003035,3.96,3.98,3.9,3.93,7581800,29811163.0,0.3358,-1.0076,0,0
2024-08-26,sz.003035,3.93,3.99,3.93,3.96,6528000,25826313.0,0.2891,0.7634,0,0
2024-08-27,sz.003035,3.95,3.96,3.9,3.92,4731000,18572635.0,0.2095,-1.0101,0,0
2024-08-28,sz.003035,3.92,3.98,3.92,3.96,7136575,28210752.25,0.3161,1.0204,0,0
2024-08-29,sz.003035,3.95,4.0,3.93,3.99,6249600,24866031.0,0.2768,0.7576,0,0
2024-08-30,sz.003035,3.99,4.08,3.98,4.04,9773400,39492425.0,0.4329,1.2531,0,0
2024-09-02,sz.003035,4.05,4.12,4.04,4.05,10733400,43792152.0,0.4754,0.2475,0,0
2024-09-03,sz.003035,4.05,4.09,4.01,4.04,6166700,24933734.0,0.2731,-0.2469,0,0
2024-09-04,sz.003035,4.02,4.07,4.01,4.04,6344700,25643798.0,0.281,0.0,0,0
2024-09-05,sz.003035,4.04,4.07,4.01,4.05,5753500,23243045.0,0.2548,0.2475,0,0
2024-09-06,sz.003035,4.05,4.06,4.01,4.02,4331800,17467292.0,0.1919,-0.7407,0,0
2024-09-09,sz.003035,4.0,4.02,3.97,3.98,4232000,16867962.0,0.1874,-0.995,0,0
2024-09-10,sz.003035,3.98,4.0,3.91,3.99,6187044,24482957.04,0.274,0.2513,0,0
2024-09-11,sz.003035,3.97,4.0,3.95,3.98,3709644,14754863.68,0.1643,-0.2506,0,0
2024-09-12,sz.003035,3.98,4.06,3.97,4.0,7484800,30134409.0,0.3315,0.5025,0,0
2024-09-13,sz.003035,4.01,4.03,3.97,3.98,5344200,21311993.0,0.2367,-0.5,0,0
2024-09-18,sz.003035,4.0,4.0,3.92,3.96,6839570,26974249.8,0.3029,-0.5025,0,0
2024-09-19,sz.003035,3.97,4.08,3.96,4.05,8643200,34862457.0,0.3828,2.2727,0,0
2024-09-20,sz.003035,4.04,4.05,4.0,4.01,4991300,20080693.0,0.2211,-0.9877,0,0
2024-09-23,sz.003035,4.04,4.04,3.98,3.99,6002600,24058272.0,0.2659,-0.4988,0,0
2024-09-24,sz.003035,4.01,4.1,4.01,4.09,15647468,63597721.12,0.693,2.5063,0,0
2024-09-25,sz.003035,4.13,4.22,4.12,4.13,17157400,71641077.0,0.7599,0.978,0,0
2024-09-26,sz.003035,4.13,4.24,4.12,4.24,17866245,74956741.65,0.7913,2.6634,0,0
2024-09-27,sz.003035,4.28,4.49,4.25,4.41,30822900,134366961.0,1.3651,4.0094,0,0
2024-09-30,sz.003035,4.55,4.85,4.55,4.85,53441670,253627094.24,2.3669,9.9773,1,0
2024-10-08,sz.003035,5.31,5.34,4.85,5.12,71358805,366060126.14,3.1604,5.567,0,0
2024-10-09,sz.003035,5.05,5.05,4.74,4.75,42359920,206726172.37,1.8761,-7.2266,0,0
2024-10-10,sz.003035,4.76,4.89,4.7,4.77,25650246,123273888.16,1.136,0.4211,0,0
2024-10-11,sz.003035,4.78,4.79,4.5,4.55,18585800,85760144.0,0.8232,-4.6122,0,0
2024-10-14,sz.003035,4.58,4.65,4.49,4.62,20166316,92213452.19,0.8932,1.5385,0,0
2024-10-15,sz.003035,4.62,4.65,4.51,4.52,17325811,79296299.71,0.7673,-2.1645,0,0
2024-10-16,sz.003035,4.5,4.6,4.46,4.55,13925060,63329214.6,0.6167,0.6637,0,0
2024-10-17,sz.003035,4.59,4.59,4.46,4.46,15605300,70464389.0,0.6911,-1.978,0,0
2024-10-18,sz.003035,4.46,4.63,4.41,4.54,22765835,102701709.3,1.0083,1.7937,0,0
2024-10-21,sz.003035,4.56,4.59,4.5,4.53,18609655,84518861.25,0.8242,-0.2203,0,0
2024-10-22,sz.003035,4.53,4.61,4.51,4.61,19674614,90038397.16,0.8714,1.766,0,0
2024-10-23,sz.003035,4.6,4.74,4.59,4.68,20734988,96874131.56,0.9183,1.5184,0,0
2024-10-24,sz.003035,4.69,4.72,4.6,4.63,12206300,56636252.0,0.5406,-1.0684,0,0
2024-10-25,sz.003035,4.65,4.74,4.64,4.73,17173900,80668476.06,0.7606,2.1598,0,0
2024-10-28,sz.003035,4.72,4.73,4.65,4.71,26149758,122724238.02,1.1582,-0.4228,0,0
2024-10-29,sz.003035,4.72,4.75,4.59,4.61,22759188,105795653.24,1.008,-2.1231,0,0
2024-10-30,sz.003035,4.59,4.65,4.57,4.6,18141650,83510925.72,0.8035,-0.2169,0,0
2024-10-31,sz.003035,4.61,4.7,4.61,4.7,24693255,115323584.94,1.0936,2.1739,0,0
2024-11-01,sz.003035,4.71,4.71,4.59,4.63,22589707,104874320.34,1.0005,-1.4894,0,0
2024-11-04,sz.003035,4.65,4.67,4.6,4.64,12446400,57575832.0,0.5512,0.216,0,0
2024-11-05,sz.003035,4.64,4.71,4.62,4.7,21835616,102265582.4,0.9671,1.2931,0,0
2024-11-06,sz.003035,4.71,4.82,4.67,4.75,32552258,154295127.34,1.4417,1.0638,0,0
2024-11-07,sz.003035,4.7,4.86,4.7,4.85,33519538,160941963.65,1.4846,2.1053,0,0
2024-11-08,sz.003035,4.9,4.95,4.85,4.87,30448297,148969945.64,1.3485,0.4124,0,0
2024-11-11,sz.003035,4.88,4.89,4.81,4.89,22517183,109237522.06,0.9973,0.4107,0,0
2024-11-12,sz.003035,4.89,4.97,4.81,4.85,26746543,130821090.89,1.1846,-0.818,0,0
2024-11-13,sz.003035,4.84,4.87,4.78,4.85,16879900,81519970.0,0.7476,0.0,0,0
2024-11-14,sz.003035,4.86,4.88,4.71,4.72,15364045,73490984.61,0.6805,-2.6804,0,0
2024-11-15,sz.003035,4.72,4.75,4.62,4.62,15137600,71008356.0,0.6704,-2.1186,0,0
2024-11-18,sz.003035,4.64,4.73,4.61,4.63,17367015,81048124.65,0.7692,0.2165,0,0
2024-11-19,sz.003035,4.64,4.67,4.56,4.67,13120663,60696756.44,0.5811,0.8639,0,0
2024-11-20,sz.003035,4.66,4.7,4.63,4.69,13872368,64842535.53,0.6144,0.4283,0,0
2024-11-21,sz.003035,4.69,4.73,4.62,4.66,11317000,52805745.0,0.5012,-0.6397,0,0
2024-11-22,sz.003035,4.65,4.68,4.48,4.49,17784778,81390075.14,0.7877,-3.6481,0,0
2024-11-25,sz.003035,4.49,4.57,4.45,4.54,19973339,90328063.45,0.8846,1.1136,0,0
2024-11-26,sz.003035,4.51,4.54,4.45,4.47,12446139,55928218.94,0.5512,-1.5419,0,0
2024-11-27,sz.003035,4.48,4.55,4.4,4.55,17004761,75996041.38,0.7531,1.7897,0,0
2024-11-28,sz.003035,4.54,4.58,4.52,4.55,14588454,66323316.16,0.6461,0.0,0,0
2024-11-29,sz.003035,4.53,4.59,4.5,4.56,15378330,70000284.95,0.6811,0.2198,0,0
2024-12-02,sz.003035,4.54,4.62,4.54,4.62,17611325,80792833.79,0.78,1.3158,0,0
2024-12-03,sz.003035,4.64,4.64,4.57,4.63,11938420,55003182.2,0.5287,0.2165,0,0
2024-12-04,sz.003035,4.63,4.63,4.51,4.53,14926841,68054354.91,0.6611,-2.1598,0,0
2024-12-05,sz.003035,4.53,4.54,4.5,4.52,11378912,51412958.12,0.504,-0.2208,0,0
2024-12-06,sz.003035,4.52,4.61,4.5,4.59,16403212,74800830.96,0.7265,1.5487,0,0
2024-12-09,sz.003035,4.59,4.62,4.55,4.58,14813913,67944313.28,0.6561,-0.2179,0,0
2024-12-10,sz.003035,4.65,4.69,4.58,4.59,18169941,84003505.24,0.8047,0.2183,0,0
2024-12-11,sz.003035,4.59,4.66,4.57,4.66,19087600,88515321.0,0.8454,1.5251,0,0
2024-12-12,sz.003035,4.66,4.68,4.61,4.66,11433300,53065986.0,0.5064,0.0,0,0
2024-12-13,sz.003035,4.64,4.66,4.54,4.55,19816900,90681331.0,0.8777,-2.3605,0,0
2024-12-16,sz.003035,4.54,4.59,4.52,4.54,13490571,61373989.34,0.5975,-0.2198,0,0
2024-12-17,sz.003035,4.57,4.59,4.45,4.48,18730000,84545059.0,0.8295,-1.3216,0,0
2024-12-18,sz.003035,4.47,4.55,4.47,4.51,12961956,58624840.56,0.5741,0.6696,0,0
2024-12-19,sz.003035,4.5,4.54,4.45,4.54,17403127,78279509.66,0.7708,0.6652,0,0
2024-12-20,sz.003035,4.52,4.54,4.44,4.45,18962500,84718599.0,0.8398,-1.9824,0,0
2024-12-23,sz.003035,4.45,4.47,4.34,4.35,16781420,73606205.0,0.7432,-2.2472,0,0
2024-12-24,sz.003035,4.35,4.43,4.33,4.4,13240211,58222046.29,0.5864,1.1494,0,0
2024-12-25,sz.003035,4.41,4.41,4.31,4.35,10753700,46711222.0,0.4763,-1.1364,0,0
2024-12-26,sz.003035,4.35,4.37,4.3,4.31,9475635,41069098.5,0.4197,-0.9195,0,0
2024-12-27,sz.003035,4.31,4.35,4.29,4.31,12673200,54758419.0,0.5613,0.0,0,0
2024-12-30,sz.003035,4.3,4.32,4.25,4.26,13227386,56565439.9,0.5858,-1.1601,0,0
2024-12-31,sz.003035,4.27,4.3,4.16,4.18,16002701,67282074.22,0.7087,-1.8779,0,0
2025-01-02,sz.003035,4.2,4.2,4.06,4.09,15551298,64204064.08,0.6888,-2.1531,0,0
2025-01-03,sz.003035,4.11,4.17,4.07,4.1,14619049,60201270.18,0.6475,0.2445,0,0
2025-01-06,sz.003035,4.1,4.17,4.06,4.16,12726808,52574498.96,0.5637,1.4634,0,0
2025-01-07,sz.003035,4.15,4.17,4.08,4.12,9678795,39815632.4,0.4287,-0.9615,0,0
2025-01-08,sz.003035,4.11,4.18,4.05,4.17,15122373,62300981.32,0.6698,1.2136,0,0
2025-01-09,sz.003035,4.16,4.19,4.11,4.12,10315114,42618609.68,0.4568,-1.199,0,0
2025-01-10,sz.003035,4.12,4.15,4.08,4.09,8322100,34109075.0,0.3686,-0.7282,0,0
2025-01-13,sz.003035,4.07,4.13,4.04,4.12,9641800,39435045.0,0.427,0.7335,0,0
2025-01-14,sz.003035,4.11,4.18,4.11,4.18,13921900,57802086.0,0.6166,1.4563,0,0
2025-01-15,sz.003035,4.18,4.18,4.13,4.16,9251035,38406505.45,0.4097,-0.4785,0,0
2025-01-16,sz.003035,4.16,4.2,4.15,4.16,9770726,40777826.16,0.4327,0.0,0,0
2025-01-17,sz.003035,4.15,4.19,4.14,4.17,8046600,33531032.0,0.3564,0.2404,0,0
2025-01-20,sz.003035,4.18,4.2,4.13,4.15,9056326,37638878.64,0.4011,-0.4796,0,0
2025-01-21,sz.003035,4.15,4.17,4.09,4.13,6642100,27327495.0,0.2942,-0.4819,0,0
2025-01-22,sz.003035,4.11,4.16,4.1,4.13,7475259,30851439.92,0.3311,0.0,0,0
2025-01-23,sz.003035,4.17,4.21,4.12,4.13,10817559,45104013.03,0.4791,0.0,0,0
2025-01-24,sz.003035,4.12,4.13,4.08,4.09,11569833,47465316.09,0.5124,-0.7282,0,0
2025-01-27,sz.003035,4.1,4.19,4.1,4.14,12183394,50624756.45,0.5396,1.2225,0,0
2025-02-05,sz.003035,4.15,4.19,4.13,4.17,10379003,43248309.12,0.4597,0.7246,0,0
2025-02-06,sz.003035,4.18,4.2,4.13,4.19,12924700,53890151.0,0.5724,0.4796,0,0
2025-02-07,sz.003035,4.21,4.26,4.17,4.23,14897400,62951427.0,0.6598,0.9547,0,0
2025-02-10,sz.003035,4.25,4.3,4.25,4.29,15815301,67638632.26,0.7004,1.4184,0,0
2025-02-11,sz.003035,4.29,4.31,4.23,4.26,12632200,53677620.0,0.5595,-0.6993,0,0
2025-02-12,sz.003035,4.27,4.29,4.24,4.29,11046100,47124492.0,0.4892,0.7042,0,0
2025-02-13,sz.003035,4.29,4.3,4.24,4.25,11886794,50763259.26,0.5265,-0.9324,0,0
2025-02-14,sz.003035,4.24,4.28,4.23,4.26,9547500,40603760.0,0.4229,0.2353,0,0
2025-02-17,sz.003035,4.26,4.49,4.21,4.42,42593277,186062786.91,1.8864,3.7559,0,0
2025-02-18,sz.003035,4.43,4.53,4.36,4.45,35181212,156767961.93,1.5582,0.6787,0,0
2025-02-19,sz.003035,4.45,4.46,4.4,4.43,17823400,78676317.0,0.7894,-0.4494,0,0
2025-02-20,sz.003035,4.43,4.43,4.33,4.39,17086600,74578544.0,0.7568,-0.9029,0,0
2025-02-21,sz.003035,4.38,4.41,4.35,4.37,16753700,73269226.0,0.742,-0.4556,0,0
2025-02-24,sz.003035,4.38,4.45,4.37,4.42,19971542,88159701.38,0.8845,1.1442,0,0
2025-02-25,sz.003035,4.4,4.41,4.34,4.36,11938300,52094528.58,0.5287,-1.3575,0,0
2025-02-26,sz.003035,4.36,4.39,4.35,4.38,10117107,44166628.52,0.4481,0.4587,0,0
2025-02-27,sz.003035,4.38,4.39,4.31,4.34,12804525,55537916.5,0.5671,-0.9132,0,0
2025-02-28,sz.003035,4.33,4.36,4.24,4.26,14992200,64398917.0,0.664,-1.8433,0,0
2025-03-03,sz.003035,4.26,4.3,4.25,4.26,9498500,40594267.0,0.4207,0.0,0,0
2025-03-04,sz.003035,4.24,4.31,4.23,4.29,9892001,42335240.29,0.4381,0.7042,0,0
2025-03-05,sz.003035,4.29,4.3,4.22,4.25,9324400,39568897.0,0.413,-0.9324,0,0
2025-03-06,sz.003035,4.24,4.27,4.22,4.26,10406878,44236337.28,0.4609,0.2353,0,0
2025-03-07,sz.003035,4.26,4.28,4.23,4.25,9329536,39662903.44,0.4132,-0.2347,0,0
2025-03-10,sz.003035,4.26,4.28,4.22,4.24,10149622,43113625.64,0.4495,-0.2353,0,0
2025-03-11,sz.003035,4.23,4.27,4.2,4.27,10824566,45940200.5,0.4794,0.7075,0,0
2025-03-12,sz.003035,4.27,4.32,4.25,4.31,13280400,57000923.9,0.5882,0.9368,0,0
2025-03-13,sz.003035,4.31,4.33,4.27,4.3,9979900,42833155.35,0.442,-0.232,0,0
2025-03-14,sz.003035,4.31,4.32,4.27,4.31,14300194,61539318.39,0.6333,0.2326,0,0
2025-03-17,sz.003035,4.32,4.44,4.31,4.39,21841196,95879973.06,0.9673,1.8561,0,0
2025-03-18,sz.003035,4.41,4.42,4.35,4.37,11075087,48394074.05,0.4905,-0.4556,0,0
2025-03-19,sz.003035,4.38,4.4,4.34,4.37,9683143,42315878.68,0.4289,0.0,0,0
2025-03-20,sz.003035,4.37,4.41,4.35,4.37,11924228,52210931.24,0.5281,0.0,0,0
2025-03-21,sz.003035,4.37,4.4,4.33,4.34,12775548,55782286.8,0.5658,-0.6865,0,0
2025-03-24,sz.003035,4.34,4.39,4.27,4.33,13821256,59862345.36,0.6121,-0.2304,0,0
2025-03-25,sz.003035,4.32,4.37,4.28,4.36,13087244,56849109.84,0.5796,0.6928,0,0
2025-03-26,sz.003035,4.35,4.36,4.31,4.35,9885900,42914784.0,0.4378,-0.2294,0,0
2025-03-27,sz.003035,4.33,4.35,4.24,4.24,17685900,75388114.0,0.7833,-2.5287,0,0
2025-03-28,sz.003035,4.23,4.26,4.2,4.22,10945123,46281231.85,0.4848,-0.4717,0,0
2025-03-31,sz.003035,4.22,4.27,4.16,4.2,13831944,58273698.92,0.3652,-0.4739,0,0
2025-04-01,sz.003035,4.2,4.34,4.18,4.31,23155066,99330940.92,0.6113,2.619,0,0
2025-04-02,sz.003035,4.32,4.32,4.25,4.26,9866073,42172261.81,0.2605,-1.1601,0,0
2025-04-03,sz.003035,4.24,4.32,4.23,4.3,10803505,46385899.9,0.2852,0.939,0,0
2025-04-07,sz.003035,4.23,4.24,3.87,3.93,33250828,134375896.92,0.8778,-8.6047,0,0
2025-04-08,sz.003035,3.97,4.12,3.96,4.11,24152341,98487636.87,0.6376,4.5802,0,0
2025-04-09,sz.003035,4.1,4.28,4.0,4.24,24974302,103213206.48,0.6593,3.163,0,0
2025-04-10,sz.003035,4.28,4.28,4.2,4.26,19864790,84229693.8,0.5244,0.4717,0,0
2025-04-11,sz.003035,4.25,4.32,4.2,4.28,16935300,71870676.0,0.4471,0.4695,0,0
2025-04-14,sz.003035,4.28,4.35,4.27,4.29,11813798,50780479.42,0.3119,0.2336,0,0
2025-04-15,sz.003035,4.3,4.3,4.23,4.26,7992536,33966675.36,0.211,-0.6993,0,0
2025-04-16,sz.003035,4.26,4.27,4.18,4.23,10873736,45818436.12,0.2871,-0.7042,0,0
2025-04-17,sz.003035,4.22,4.26,4.19,4.25,6520000,27638475.0,0.1721,0.4728,0,0
2025-04-18,sz.003035,4.25,4.25,4.2,4.23,5600850,23619831.12,0.1479,-0.4706,0,0
2025-04-21,sz.003035,4.23,4.25,4.21,4.22,6622894,28022431.62,0.1748,-0.2364,0,0
2025-04-22,sz.003035,4.23,4.24,4.21,4.22,5841600,24687930.0,0.1542,0.0,0,0
2025-04-23,sz.003035,4.23,4.24,4.19,4.2,8597700,36148852.0,0.227,-0.4739,0,0
2025-04-24,sz.003035,4.21,4.25,4.18,4.21,10030700,42279850.0,0.2648,0.2381,0,0
2025-04-25,sz.003035,4.22,4.31,4.2,4.3,17265100,73637526.0,0.4558,2.1378,0,0
2025-04-28,sz.003035,4.31,4.32,4.23,4.3,13429600,57496290.0,0.3545,0.0,0,0
2025-04-29,sz.003035,4.31,4.38,4.28,4.3,15542165,67236179.75,0.4103,0.0,0,0
2025-04-30,sz.003035,4.32,4.35,4.28,4.3,10849100,46819214.0,0.2864,0.0,0,0
2025-05-06,sz.003035,4.3,4.33,4.28,4.33,13385800,57697349.0,0.3534,0.6977,0,0
2025-05-07,sz.003035,4.35,4.45,4.32,4.43,29592400,130156390.0,0.7812,2.3095,0,0
2025-05-08,sz.003035,4.41,4.43,4.38,4.41,13636902,60029765.8,0.36,-0.4515,0,0
2025-05-09,sz.003035,4.42,4.48,4.4,4.45,19187600,85374247.0,0.5066,0.907,0,0
2025-05-12,sz.003035,4.46,4.48,4.4,4.47,16845181,74861229.43,0.4447,0.4494,0,0
2025-05-13,sz.003035,4.5,4.51,4.43,4.44,11697200,52142452.0,0.3088,-0.6711,0,0
2025-05-14,sz.003035,4.46,4.47,4.41,4.45,11316090,50157792.8,0.2987,0.2252,0,0
2025-05-15,sz.003035,4.45,4.48,4.43,4.46,11076121,49414318.87,0.2924,0.2247,0,0
2025-05-16,sz.003035,4.46,4.48,4.41,4.42,6932300,30779998.0,0.183,-0.8969,0,0
2025-05-19,sz.003035,4.43,4.5,4.41,4.5,13487846,60332407.86,0.3561,1.81,0,0
2025-05-20,sz.003035,4.5,4.52,4.48,4.5,7936500,35659905.0,0.2095,0.0,0,0
2025-05-21,sz.003035,4.5,4.53,4.49,4.5,7639500,34461871.0,0.2017,0.0,0,0
2025-05-22,sz.003035,4.49,4.5,4.43,4.46,11245300,50160433.0,0.2969,-0.8889,0,0
2025-05-23,sz.003035,4.45,4.45,4.36,4.37,14393783,63345281.71,0.38,-2.0179,0,0
2025-05-26,sz.003035,4.39,4.52,4.38,4.5,18439299,82329946.49,0.4868,2.9748,0,0
2025-05-27,sz.003035,4.51,4.55,4.47,4.5,10656148,47980823.64,0.2813,0.0,0,0
2025-05-28,sz.003035,4.5,4.51,4.45,4.48,9420900,42215501.0,0.2487,-0.4444,0,0
2025-05-29,sz.003035,4.51,4.52,4.47,4.51,11232656,50632472.64,0.2965,0.6696,0,0
2025-05-30,sz.003035,4.96,4.96,4.96,4.96,29567760,146656089.6,0.7806,9.9778,1,0
2025-06-03,sz.003035,5.46,5.46,5.07,5.09,170317672,889701901.02,4.4964,2.621,0,0
2025-06-04,sz.003035,4.98,5.0,4.77,4.84,85516575,413923561.82,2.2576,-4.9116,0,0
2025-06-05,sz.003035,4.84,5.32,4.78,5.32,112011823,579396167.38,2.9571,9.9174,1,0
2025-06-06,sz.003035,5.27,5.27,5.05,5.05,119624619,613141368.38,3.1581,-5.0752,0,0
2025-06-09,sz.003035,5.0,5.1,4.96,5.0,77032956,385706924.81,2.0337,-0.9901,0,0
2025-06-10,sz.003035,5.03,5.05,4.9,4.91,63305676,313654711.84,1.6713,-1.8,0,0
2025-06-11,sz.003035,4.91,4.94,4.87,4.88,39141601,191734784.88,1.0333,-0.611,0,0
2025-06-12,sz.003035,4.85,4.86,4.75,4.78,43660453,209082963.05,1.1526,-2.0492,0,0
2025-06-13,sz.003035,4.78,4.82,4.68,4.69,34650735,163888251.15,0.9148,-1.8828,0,0
2025-06-16,sz.003035,4.66,4.7,4.62,4.68,26655500,124256032.31,0.7037,-0.2132,0,0
2025-06-17,sz.003035,4.69,4.71,4.65,4.67,20946121,97909156.07,0.553,-0.2137,0,0
2025-06-18,sz.003035,4.66,4.67,4.58,4.6,23122320,106553326.8,0.6104,-1.4989,0,0
2025-06-19,sz.003035,4.59,4.61,4.52,4.53,19808803,90097583.33,0.523,-1.5217,0,0
2025-06-20,sz.003035,4.52,4.57,4.52,4.56,21412401,97306006.55,0.5653,0.6623,0,0
2025-06-23,sz.003035,4.52,4.59,4.5,4.58,18851739,85785970.68,0.4977,0.4386,0,0
2025-06-24,sz.003035,4.6,4.64,4.58,4.64,24212677,111827149.17,0.6392,1.31,0,0
2025-06-25,sz.003035,4.64,4.65,4.61,4.64,21070577,97503413.94,0.5563,0.0,0,0
2025-06-26,sz.003035,4.63,4.64,4.58,4.59,21174600,97637747.0,0.559,-1.0776,0,0
2025-06-27,sz.003035,4.59,4.61,4.57,4.58,15995700,73427601.0,0.4223,-0.2179,0,0
2025-06-30,sz.003035,4.59,4.61,4.57,4.59,14750701,67679365.58,0.3894,0.2183,0,0
2025-07-01,sz.003035,4.59,4.67,4.57,4.64,27155164,125914020.28,0.7169,1.0893,0,0
2025-07-02,sz.003035,4.64,4.65,4.61,4.64,19306015,89414375.45,0.5097,0.0,0,0
2025-07-03,sz.003035,4.63,4.64,4.6,4.63,16841800,77868452.0,0.4446,-0.2155,0,0
2025-07-04,sz.003035,4.63,4.69,4.63,4.64,25395147,118357620.55,0.6704,0.216,0,0
2025-07-07,sz.003035,4.74,4.87,4.66,4.87,65744441,314031074.8,1.7357,4.9569,0,0
2025-07-08,sz.003035,4.88,4.9,4.76,4.83,46920804,225517519.28,1.2387,-0.8214,0,0
2025-07-09,sz.003035,4.8,4.87,4.78,4.8,34553002,166656850.49,0.9122,-0.6211,0,0
2025-07-10,sz.003035,4.79,4.85,4.78,4.82,23332600,112279426.0,0.616,0.4167,0,0
2025-07-11,sz.003035,4.82,4.83,4.77,4.79,22793309,109223110.11,0.6017,-0.6224,0,0
2025-07-14,sz.003035,4.8,4.86,4.79,4.81,23214504,112149831.6,0.6129,0.4175,0,0
2025-07-15,sz.003035,4.8,4.81,4.68,4.72,27813276,131344601.4,0.7343,-1.8711,0,0
2025-07-16,sz.003035,4.7,4.73,4.69,4.71,15599248,73420359.6,0.4118,-0.2119,0,0
2025-07-17,sz.003035,4.73,4.74,4.69,4.72,12513149,58960965.3,0.3303,0.2123,0,0
2025-07-18,sz.003035,4.72,4.73,4.69,4.72,13864000,65349714.0,0.366,0.0,0,0
2025-07-21,sz.003035,4.73,4.8,4.73,4.79,21906584,104509472.52,0.5783,1.4831,0,0
2025-07-22,sz.003035,4.78,4.9,4.75,4.86,38798420,187402339.2,1.0243,1.4614,0,0
2025-07-23,sz.003035,4.86,4.86,4.78,4.79,26746800,129155895.0,0.7061,-1.4403,0,0
2025-07-24,sz.003035,4.78,4.82,4.76,4.82,17363300,83317580.0,0.4584,0.6263,0,0
2025-07-25,sz.003035,4.82,4.83,4.77,4.78,15978110,76654229.76,0.4218,-0.8299,0,0
2025-07-28,sz.003035,4.78,4.8,4.75,4.77,13456838,64273889.88,0.3553,-0.2092,0,0
2025-07-29,sz.003035,4.76,4.77,4.7,4.75,14486644,68480761.31,0.3824,-0.4193,0,0
2025-07-30,sz.003035,4.74,4.77,4.71,4.73,13881838,65899140.5,0.3665,-0.4211,0,0
2025-07-31,sz.003035,4.72,4.73,4.6,4.62,21186180,98546354.79,0.5593,-2.3256,0,0
2025-08-01,sz.003035,4.61,4.64,4.61,4.63,10795980,49984110.6,0.285,0.2165,0,0
2025-08-04,sz.003035,4.62,4.65,4.58,4.64,9822000,45435563.0,0.2593,0.216,0,0
2025-08-05,sz.003035,4.64,4.67,4.64,4.66,9682492,45104308.9,0.2556,0.431,0,0
2025-08-06,sz.003035,4.67,4.72,4.64,4.72,13222810,61940741.1,0.3491,1.2876,0,0
2025-08-07,sz.003035,4.72,4.74,4.69,4.71,9438539,44457512.08,0.2492,-0.2119,0,0
2025-08-08,sz.003035,4.71,4.76,4.69,4.76,14227549,67478369.79,0.3756,1.0616,0,0
2025-08-11,sz.003035,4.76,4.79,4.72,4.78,15277341,72807492.57,0.4033,0.4202,0,0
2025-08-12,sz.003035,4.78,4.79,4.75,4.76,10337607,49203674.25,0.2729,-0.4184,0,0
2025-08-13,sz.003035,4.78,4.79,4.75,4.75,12736500,60631432.0,0.3362,-0.2101,0,0
2025-08-14,sz.003035,4.76,4.77,4.69,4.69,14946800,70600094.0,0.3946,-1.2632,0,0
2025-08-15,sz.003035,4.69,4.74,4.68,4.7,14820149,69678077.3,0.3913,0.2132,0,0
2025-08-18,sz.003035,4.71,4.74,4.69,4.71,15335620,72355887.2,0.4049,0.2128,0,0
2025-08-19,sz.003035,4.71,4.73,4.69,4.7,11421400,53743804.0,0.3015,-0.2123,0,0
2025-08-20,sz.003035,4.7,4.76,4.68,4.76,14814328,69890664.32,0.3911,1.2766,0,0
2025-08-21,sz.003035,4.76,4.8,4.75,4.78,16093500,76872949.0,0.4249,0.4202,0,0
2025-08-22,sz.003035,4.78,4.79,4.72,4.78,15011200,71340597.0,0.3963,0.0,0,0
2025-08-25,sz.003035,4.79,4.83,4.77,4.82,23086982,111060086.42,0.6095,0.8368,0,0
2025-08-26,sz.003035,4.82,4.84,4.8,4.8,18072599,87202775.2,0.4771,-0.4149,0,0
2025-08-27,sz.003035,4.8,4.83,4.72,4.72,19680559,94181261.37,0.5196,-1.6667,0,0
2025-08-28,sz.003035,4.71,4.75,4.62,4.75,20913200,98252822.6,0.5521,0.6356,0,0
2025-08-29,sz.003035,4.73,4.78,4.72,4.73,15921741,75577497.34,0.4203,-0.4211,0,0
2025-09-01,sz.003035,4.75,4.76,4.68,4.72,12564501,59198722.71,0.3317,-0.2114,0,0
2025-09-02,sz.003035,4.71,4.79,4.69,4.79,25989803,123573455.34,0.6861,1.4831,0,0
2025-09-03,sz.003035,4.79,4.8,4.63,4.64,20923050,98207402.5,0.5524,-3.1315,0,0
2025-09-04,sz.003035,4.65,4.71,4.62,4.68,16443800,76786577.0,0.4341,0.8621,0,0
2025-09-05,sz.003035,4.67,4.79,4.65,4.79,21207111,100542771.59,0.5599,2.3504,0,0
2025-09-08,sz.003035,4.8,4.87,4.79,4.84,25741797,124549646.51,0.6796,1.0438,0,0
2025-09-09,sz.003035,4.86,4.87,4.82,4.85,17880697,86579402.48,0.4721,0.2066,0,0
2025-09-10,sz.003035,4.85,4.85,4.79,4.82,14813995,71334325.94,0.3911,-0.6186,0,0
2025-09-11,sz.003035,4.8,4.99,4.8,4.92,42356651,206814262.65,1.1182,2.0747,0,0
2025-09-12,sz.003035,4.92,4.93,4.85,4.87,26034226,127235750.14,0.6873,-1.0163,0,0
2025-09-15,sz.003035,4.88,4.91,4.83,4.88,17909833,87178537.64,0.4728,0.2053,0,0
2025-09-16,sz.003035,4.87,4.87,4.8,4.82,16444700,79258533.0,0.4341,-1.2295,0,0
2025-09-17,sz.003035,4.82,4.89,4.79,4.87,19921100,96314616.0,0.5259,1.0373,0,0
2025-09-18,sz.003035,4.84,4.88,4.75,4.78,19447339,93718864.15,0.5134,-1.848,0,0
2025-09-19,sz.003035,4.77,4.79,4.71,4.74,14816936,70226726.28,0.3912,-0.8368,0,0
2025-09-22,sz.003035,4.72,4.74,4.63,4.68,18114600,84459840.0,0.4782,-1.2658,0,0
2025-09-23,sz.003035,4.66,4.7,4.57,4.67,19691500,91071256.0,0.5199,-0.2137,0,0
2025-09-24,sz.003035,4.65,4.73,4.63,4.7,12911874,60467259.32,0.3409,0.6424,0,0
2025-09-25,sz.003035,4.71,4.73,4.66,4.69,11231600,52607967.91,0.2965,-0.2128,0,0
2025-09-26,sz.003035,4.67,4.76,4.65,4.71,16617609,78484908.48,0.4387,0.4264,0,0
2025-09-29,sz.003035,4.71,4.85,4.68,4.81,28135202,134409377.14,0.7428,2.1231,0,0
2025-09-30,sz.003035,4.81,4.81,4.74,4.75,16179300,77103488.0,0.4271,-1.2474,0,0
2025-10-09,sz.003035,4.75,4.85,4.74,4.85,24237907,116874852.49,0.6399,2.1053,0,0
2025-10-10,sz.003035,4.84,4.89,4.81,4.87,21384118,103870924.66,0.5645,0.4124,0,0
2025-10-13,sz.003035,4.76,4.9,4.72,4.88,27996482,135440330.7,0.7391,0.2053,0,0
2025-10-14,sz.003035,4.89,4.94,4.85,4.86,21360500,104466500.0,0.5639,-0.4098,0,0
2025-10-15,sz.003035,4.84,4.93,4.83,4.92,22575266,110675399.4,0.596,1.2346,0,0
2025-10-16,sz.003035,4.93,4.94,4.87,4.89,16842700,82409409.0,0.4446,-0.6098,0,0
2025-10-17,sz.003035,5.01,5.13,4.91,4.92,58949966,294411996.42,1.5563,0.6135,0,0
2025-10-20,sz.003035,5.03,5.06,4.91,4.96,41684700,207191146.0,1.1005,0.813,0,0
2025-10-21,sz.003035,4.95,5.08,4.94,5.05,34948700,175747292.0,0.9226,1.8145,0,0
2025-10-22,sz.003035,5.05,5.07,4.97,4.97,20178199,100928443.96,0.5327,-1.5842,0,0
2025-10-23,sz.003035,4.98,5.08,4.93,5.07,30396794,153109636.06,0.8025,2.0121,0,0
2025-10-24,sz.003035,5.1,5.1,4.98,4.99,22705127,113776772.73,0.5994,-1.5779,0,0
2025-10-27,sz.003035,4.98,5.04,4.95,4.99,21287600,106246618.0,0.562,0.0,0,0
2025-10-28,sz.003035,4.99,5.0,4.91,4.95,19849100,98310892.0,0.524,-0.8016,0,0
2025-10-29,sz.003035,4.95,4.97,4.87,4.97,21422700,105690606.0,0.5656,0.404,0,0
2025-10-30,sz.003035,4.97,4.99,4.91,4.95,19083731,94618461.07,0.5038,-0.4024,0,0
2025-10-31,sz.003035,4.95,4.98,4.89,4.93,18139355,89156207.72,0.4789,-0.404,0,0
2025-11-03,sz.003035,4.91,4.93,4.86,4.9,21594700,105842982.0,0.5701,-0.6085,0,0
2025-11-04,sz.003035,4.89,4.93,4.86,4.89,13316100,65227787.0,0.3515,-0.2041,0,0
2025-11-05,sz.003035,4.86,5.18,4.86,5.13,49674248,251481887.07,1.3114,4.908,0,0
2025-11-06,sz.003035,5.15,5.27,5.12,5.13,36615739,189199211.05,0.9667,0.0,0,0
2025-11-07,sz.003035,5.15,5.18,5.12,5.14,22964926,118128286.64,0.6063,0.1949,0,0
2025-11-10,sz.003035,5.14,5.16,5.1,5.11,18630700,95435552.0,0.4919,-0.5837,0,0
2025-11-11,sz.003035,5.14,5.25,5.11,5.23,35852448,186568200.45,0.9465,2.3483,0,0
2025-11-12,sz.003035,5.27,5.29,5.15,5.17,23288414,121003338.44,0.6148,-1.1472,0,0
2025-11-13,sz.003035,5.18,5.34,5.12,5.29,38039812,199666905.88,1.0043,2.3211,0,0
2025-11-14,sz.003035,5.3,5.34,5.22,5.26,26900512,141852708.12,0.7102,-0.5671,0,0
2025-11-17,sz.003035,5.23,5.26,5.16,5.19,16902374,87800725.32,0.4462,-1.3308,0,0
2025-11-18,sz.003035,5.18,5.2,5.12,5.13,17086800,87939669.0,0.4511,-1.1561,0,0
2025-11-19,sz.003035,5.12,5.16,5.07,5.1,13270074,67650486.92,0.3503,-0.5848,0,0
2025-11-20,sz.003035,5.1,5.11,5.03,5.04,13933700,70519421.0,0.3678,-1.1765,0,0
2025-11-21,sz.003035,5.01,5.05,4.85,4.85,22201609,109489958.1,0.5861,-3.7698,0,0
2025-11-24,sz.003035,4.9,4.92,4.86,4.88,14269307,69734951.23,0.3767,0.6186,0,0
2025-11-25,sz.003035,4.93,4.93,4.84,4.84,20612548,100256202.8,0.5442,-0.8197,0,0
2025-11-26,sz.003035,4.85,4.88,4.81,4.82,13816828,66929685.68,0.3648,-0.4132,0,0
2025-11-27,sz.003035,4.82,4.86,4.79,4.8,14457500,69752356.0,0.3817,-0.4149,0,0
2025-11-28,sz.003035,4.79,4.84,4.78,4.83,11075200,53291216.0,0.2924,0.625,0,0
2025-12-01,sz.003035,4.83,4.83,4.67,4.71,37942648,179466025.4,1.0017,-2.4845,0,0
2025-12-02,sz.003035,4.7,4.7,4.63,4.7,16831323,78569853.41,0.4443,-0.2123,0,0
2025-12-03,sz.003035,4.69,4.73,4.67,4.69,15251794,71645132.06,0.4026,-0.2128,0,0
2025-12-04,sz.003035,4.7,4.7,4.62,4.64,15633131,72558352.84,0.4127,-1.0661,0,0
2025-12-05,sz.003035,4.63,4.69,4.61,4.69,13795600,64197729.0,0.3642,1.0776,0,0
2025-12-08,sz.003035,4.69,4.7,4.61,4.63,19572800,90971446.0,0.5167,-1.2793,0,0
2025-12-09,sz.003035,4.62,4.65,4.6,4.6,10175455,46968468.55,0.2686,-0.6479,0,0
2025-12-10,sz.003035,4.6,4.65,4.56,4.62,15606956,71718115.72,0.412,0.4348,0,0
2025-12-11,sz.003035,4.63,4.66,4.61,4.63,14147777,65617948.28,0.3735,0.2165,0,0
2025-12-12,sz.003035,4.63,4.7,4.62,4.69,23223275,108392637.0,0.6131,1.2959,0,0
2025-12-15,sz.003035,4.71,4.78,4.68,4.73,18126725,85893712.0,0.4785,0.8529,0,0
2025-12-16,sz.003035,4.74,4.75,4.63,4.64,14015200,65223169.94,0.37,-1.9027,0,0
2025-12-17,sz.003035,4.65,4.66,4.57,4.66,13975009,64471069.13,0.3689,0.431,0,0
2025-12-18,sz.003035,4.62,4.66,4.6,4.64,8900656,41218811.28,0.235,-0.2151,0,0
2025-12-19,sz.003035,4.62,4.68,4.62,4.67,11232700,52364588.0,0.2965,0.6466,0,0
2025-12-22,sz.003035,4.67,4.69,4.65,4.68,10243200,47882058.0,0.2704,0.2141,0,0
2025-12-23,sz.003035,4.69,4.72,4.65,4.67,9975676,46646506.76,0.2634,-0.2137,0,0
2025-12-24,sz.003035,4.67,4.72,4.65,4.71,12118200,56880376.0,0.3199,0.8565,0,0
2025-12-25,sz.003035,4.72,4.72,4.68,4.71,8918400,41961392.0,0.2354,0.0,0,0
2025-12-26,sz.003035,4.71,4.74,4.69,4.72,14653800,69147670.0,0.3869,0.2123,0,0
2025-12-29,sz.003035,4.72,4.72,4.64,4.66,14586200,68097593.58,0.3851,-1.2712,0,0
2025-12-30,sz.003035,4.63,4.66,4.59,4.6,14032400,64745021.0,0.3705,-1.2876,0,0
2025-12-31,sz.003035,4.6,4.61,4.56,4.58,10582210,48441922.8,0.2794,-0.4348,0,0
2026-01-05,sz.003035,4.6,4.65,4.58,4.64,14964185,69224833.55,0.3951,1.31,0,0
2026-01-06,sz.003035,4.64,4.73,4.63,4.72,18613789,87505389.3,0.4914,1.7241,0,0
2026-01-07,sz.003035,4.73,4.74,4.69,4.71,16683758,78715031.87,0.4405,-0.2119,0,0
2026-01-08,sz.003035,4.71,4.78,4.68,4.75,17332129,82300055.99,0.4576,0.8493,0,0
2026-01-09,sz.003035,4.75,4.78,4.71,4.75,15685700,74443822.0,0.4141,0.0,0,0
2026-01-12,sz.003035,4.76,4.81,4.74,4.8,20445680,97803809.7,0.5398,1.0526,0,0
2026-01-13,sz.003035,4.79,4.82,4.75,4.8,19909132,95221224.28,0.5256,0.0,0,0
2026-01-14,sz.003035,4.78,4.86,4.73,4.79,26380592,126775751.6,0.6964,-0.2083,0,0
2026-01-15,sz.003035,4.76,4.87,4.75,4.87,24913455,120343656.13,0.6577,1.6701,0,0
2026-01-16,sz.003035,5.0,5.12,4.9,4.92,46504132,230844069.44,1.2277,1.0267,0,0
2026-01-19,sz.003035,4.9,5.15,4.88,5.12,56519749,286286736.43,1.4921,4.065,0,0
2026-01-20,sz.003035,5.16,5.63,5.15,5.63,94387281,522102407.4,2.4918,9.9609,1,0
2026-01-21,sz.003035,5.75,6.18,5.63,5.86,218309055,1278032421.0,5.7634,4.0853,0,0
2026-01-22,sz.003035,5.63,5.84,5.56,5.6,126387188,713890317.64,3.3366,-4.4369,0,0
2026-01-23,sz.003035,5.58,5.85,5.56,5.72,112277432,642716226.16,2.9641,2.1429,0,0
2026-01-26,sz.003035,5.82,6.08,5.76,5.93,131901060,778645280.62,3.4822,3.6713,0,0
2026-01-27,sz.003035,5.78,5.83,5.59,5.8,91479815,521142435.13,2.4151,-2.1922,0,0
2026-01-28,sz.003035,5.8,6.14,5.68,6.0,125328164,748939679.97,3.3087,3.4483,0,0
2026-01-29,sz.003035,6.0,6.2,5.87,6.09,120728013,732756308.36,3.1872,1.5,0,0
2026-01-30,sz.003035,6.0,6.45,5.73,6.22,142845182,863432410.54,3.7711,2.1346,0,0
2026-02-02,sz.003035,6.31,6.84,6.31,6.76,222384268,1482461399.4,5.8709,8.6817,0,0
2026-02-03,sz.003035,6.5,7.44,6.45,7.44,195825913,1379739244.68,5.1698,10.0592,1,0
2026-02-04,sz.003035,7.5,7.99,7.22,7.6,321471740,2449994142.86,8.4869,2.1505,0,0
2026-02-05,sz.003035,7.3,7.36,6.93,6.97,185136054,1308685414.5,4.8876,-8.2895,0,0
2026-02-06,sz.003035,6.89,7.5,6.62,7.21,171534942,1236275684.13,4.5285,3.4433,0,0
2026-02-09,sz.003035,7.21,7.28,7.0,7.07,151812651,1078547178.38,4.0079,-1.9417,0,0
2026-02-10,sz.003035,7.0,7.05,6.79,6.87,103503805,713235806.91,2.7325,-2.8289,0,0
2026-02-11,sz.003035,6.8,6.83,6.62,6.62,103555560,693584321.35,2.7339,-3.639,0,0
2026-02-12,sz.003035,6.82,7.0,6.7,6.86,127012475,871998574.13,3.3531,3.6254,0,0
2026-02-13,sz.003035,6.7,6.72,6.5,6.52,89365966,588166779.9,2.3593,-4.9563,0,0
2026-02-24,sz.003035,6.75,7.17,6.74,7.17,76800685,542935301.19,2.0275,9.9693,1,0
2026-02-25,sz.003035,7.19,7.31,7.15,7.24,170404692,1232910379.61,4.4987,0.9763,0,0
2026-02-26,sz.003035,7.3,7.57,7.3,7.47,172054102,1281974991.26,4.5422,3.1768,0,0
2026-02-27,sz.003035,7.48,8.22,7.45,8.22,196032562,1555397233.4,5.1753,10.0402,1,0
2026-03-02,sz.003035,8.4,8.95,8.22,8.33,325054548,2773790524.32,8.5814,1.3382,0,0
2026-03-03,sz.003035,8.29,8.5,8.0,8.05,219608728,1809298164.54,5.7977,-3.3613,0,0
2026-03-04,sz.003035,7.74,8.58,7.7,8.4,211405412,1770219285.93,5.5811,4.3478,0,0
2026-03-05,sz.003035,8.35,9.16,8.34,8.96,250287075,2191034069.09,6.6076,6.6667,0,0
2026-03-06,sz.003035,8.8,8.98,8.4,8.71,179266654,1554301080.22,4.7326,-2.7902,0,0
2026-03-09,sz.003035,8.72,9.58,8.55,9.58,236380709,2163796085.34,6.2405,9.9885,1,0
2026-03-10,sz.003035,9.58,9.93,9.29,9.65,250451751,2390512754.37,6.6119,0.7307,0,0
2026-03-11,sz.003035,9.44,10.49,9.16,10.09,238391962,2351990804.34,6.2935,4.5596,0,0
2026-03-12,sz.003035,10.07,11.0,9.74,10.6,235940579,2403530158.41,6.2288,5.0545,0,0
2026-03-13,sz.003035,10.5,11.0,9.86,9.97,209462819,2184440112.52,5.5298,-5.9434,0,0
2026-03-16,sz.003035,10.1,10.15,9.01,9.12,187522240,1754566992.29,4.9506,-8.5256,0,0
2026-03-17,sz.003035,8.97,9.0,8.46,8.5,200429831,1733277827.15,5.2913,-6.7982,0,0
2026-03-18,sz.003035,8.6,8.67,8.31,8.49,132752999,1125882405.64,3.5047,-0.1176,0,0
2026-03-19,sz.003035,8.31,8.7,8.26,8.51,125319945,1070289842.38,3.3084,0.2356,0,0
2026-03-20,sz.003035,8.52,8.98,8.44,8.65,169884360,1489188292.27,4.4849,1.6451,0,0
2026-03-23,sz.003035,8.57,9.38,8.45,9.36,228780489,2071127952.26,6.0398,8.2081,0,0
2026-03-24,sz.003035,9.35,9.66,8.9,9.49,217656655,2010010291.32,5.7461,1.3889,0,0
2026-03-25,sz.003035,9.48,9.63,9.14,9.34,180186023,1694508320.99,4.7569,-1.5806,0,0
2026-03-26,sz.003035,9.2,9.2,8.53,8.6,146090278,1285883539.92,3.8568,-7.9229,0,0
2026-03-27,sz.003035,8.33,8.59,8.26,8.45,96077222,808999300.94,2.5364,-1.7442,0,0
2026-03-30,sz.003035,8.36,8.36,7.7,7.89,123515371,973590445.52,3.2608,-6.6272,0,0
2026-03-31,sz.003035,7.87,7.92,7.48,7.5,104482095,799106180.95,2.7583,-4.943,0,0
2026-04-01,sz.003035,7.7,7.8,7.6,7.66,74646187,573229831.37,1.9707,2.1333,0,0
2026-04-02,sz.003035,7.7,7.78,7.42,7.48,64099419,484456032.78,1.6922,-2.3499,0,0
2026-04-03,sz.003035,7.48,7.49,7.17,7.2,66170918,480659523.41,1.7469,-3.7433,0,0
2026-04-07,sz.003035,7.2,7.3,7.16,7.24,43437956,314065725.85,1.1468,0.5556,0,0
2026-04-08,sz.003035,7.35,7.59,7.35,7.59,76138792,571827819.74,2.0101,4.8343,0,0
2026-04-09,sz.003035,7.5,7.51,7.35,7.45,46190538,342958098.16,1.2194,-1.8445,0,0
2026-04-10,sz.003035,7.5,7.6,7.43,7.53,52799521,398267395.1,1.3939,1.0738,0,0
2026-04-13,sz.003035,7.45,7.65,7.42,7.63,53134475,403742023.48,1.4028,1.328,0,0
2026-04-14,sz.003035,7.69,7.79,7.55,7.65,55341027,421850835.74,1.461,0.2621,0,0
2026-04-15,sz.003035,7.66,7.87,7.59,7.78,91047979,706241644.73,2.4037,1.6993,0,0
2026-04-16,sz.003035,7.7,7.98,7.6,7.83,84639300,660305595.61,2.2345,0.6427,0,0
2026-04-17,sz.003035,7.81,8.2,7.79,7.94,98562335,786180994.07,2.602,1.4049,0,0
2026-04-20,sz.003035,7.93,8.02,7.77,7.99,93806796,742565455.01,2.4765,0.6297,0,0
2026-04-21,sz.003035,8.0,8.11,7.73,8.03,111973757,887535421.76,2.9561,0.5006,0,0
2026-04-22,sz.003035,8.06,8.46,7.92,8.45,163057299,1356658648.36,4.3047,5.2304,0,0
2026-04-23,sz.003035,8.5,9.2,8.28,9.18,220054028,1926631547.45,5.8094,8.6391,0,0
2026-04-24,sz.003035,9.0,9.0,8.38,8.38,163871859,1418536351.67,4.3262,-8.7146,0,0
2026-04-27,sz.003035,8.02,8.23,7.83,7.89,121420061,971666568.79,3.2055,-5.8473,0,0
2026-04-28,sz.003035,7.9,8.14,7.6,8.08,115480628,906475891.33,3.0487,2.4081,0,0
2026-04-29,sz.003035,7.87,7.93,7.68,7.77,93817702,732303071.11,2.4768,-3.8366,0,0
2026-04-30,sz.003035,7.75,7.75,7.38,7.4,90601332,676694336.35,2.3919,-4.7619,0,0
2026-05-06,sz.003035,7.5,7.66,7.45,7.62,72846364,552000160.05,1.9231,2.973,0,0
2026-05-07,sz.003035,7.62,7.74,7.58,7.73,78642590,603613748.7,2.0762,1.4436,0,0
2026-05-08,sz.003035,7.73,8.14,7.69,7.89,93290428,736686715.9,2.4629,2.0699,0,0
2026-05-11,sz.003035,7.93,8.19,7.89,7.91,99789578,799857180.21,2.6344,0.2535,0,0
2026-05-12,sz.003035,7.84,7.99,7.61,7.87,87368803,686600918.51,2.3065,-0.5057,0,0
2026-05-13,sz.003035,7.84,8.35,7.79,8.28,155486325,1276362426.96,4.1048,5.2097,0,0
2026-05-14,sz.003035,8.28,8.28,7.72,7.72,127928406,1021810004.58,3.3773,-6.7633,0,0
2026-05-15,sz.003035,7.65,7.73,7.37,7.43,78260112,585401967.3,2.0661,-3.7565,0,0
2026-05-18,sz.003035,7.43,7.48,7.31,7.38,43467133,321387485.2,1.1475,-0.6729,0,0
2026-05-19,sz.003035,7.39,7.59,7.25,7.55,52190988,390687089.16,1.3778,2.3035,0,0
2026-05-20,sz.003035,7.55,7.55,7.2,7.25,54027556,393175708.01,1.4263,-3.9735,0,0
2026-05-21,sz.003035,7.26,7.35,6.92,6.96,50431696,359318701.44,1.3314,-4.0,0,0
2026-05-22,sz.003035,6.95,7.07,6.87,7.02,33656983,235143996.72,0.8885,0.8621,0,0
2026-05-25,sz.003035,7.09,7.18,6.96,7.05,34977386,246854311.6,0.9234,0.4274,0,0
2026-05-26,sz.003035,6.98,7.0,6.77,6.9,47075749,322375027.25,1.2428,-2.1277,0,0
2026-05-27,sz.003035,6.81,7.1,6.8,6.94,51667067,360485456.49,1.364,0.5797,0,0
2026-05-28,sz.003035,6.9,7.33,6.87,7.27,86705479,625315735.19,2.289,4.755,0,0
2026-05-29,sz.003035,7.2,7.64,7.14,7.48,100887763,749645528.62,2.6634,2.8886,0,0
2026-06-01,sz.003035,7.53,7.61,7.07,7.48,85752370,627485571.03,2.2639,0.0,0,0
2026-06-02,sz.003035,7.31,7.45,7.15,7.19,55190093,398429046.35,1.457,-3.877,0,0
2026-06-03,sz.003035,7.1,7.29,6.95,7.16,57926081,410939408.46,1.5292,-0.4172,0,0
2026-06-04,sz.003035,7.2,7.22,6.95,7.0,46044907,324528587.86,1.2156,-2.2346,0,0
2026-06-05,sz.003035,6.92,7.04,6.71,6.72,52916826,359075793.48,1.397,-4.0,0,0
2026-06-08,sz.003035,6.61,6.66,6.33,6.39,46492250,301055403.0,1.2274,-4.9107,0,0
2026-06-09,sz.003035,6.51,6.54,6.25,6.44,32905208,209447721.28,0.8687,0.7825,0,0
2026-06-10,sz.003035,6.37,6.39,6.16,6.24,42211646,263023165.59,1.1144,-3.1056,0,0
2026-06-11,sz.003035,6.18,6.28,6.11,6.17,31783942,196592886.58,0.8391,-1.1218,0,0
2026-06-12,sz.003035,6.25,6.26,6.06,6.14,48959372,301284194.56,1.2925,-0.4862,0,0
2026-06-15,sz.003035,6.15,6.26,6.15,6.26,39352432,244522678.28,1.0389,1.9544,0,0
2026-06-16,sz.003035,6.26,6.44,6.19,6.36,40586977,258136264.17,1.0715,1.5974,0,0
2026-06-17,sz.003035,6.37,6.46,6.17,6.22,37722982,235946228.19,0.9959,-2.2013,0,0
2026-06-18,sz.003035,6.21,6.26,6.04,6.09,39814970,243568926.58,1.0511,-2.09,0,0
2026-06-22,sz.003035,6.07,6.21,6.0,6.21,38093649,232615349.79,1.0057,1.9704,0,0
2026-06-23,sz.003035,6.2,6.28,6.06,6.12,30926890,190437349.7,0.8165,-1.4493,0,0
2026-06-24,sz.003035,6.08,6.14,5.94,6.05,32747613,197077016.32,0.8645,-1.1438,0,0
2026-06-25,sz.003035,6.04,6.08,5.94,5.97,31733886,189824299.97,0.8378,-1.3223,0,0
2026-06-26,sz.003035,5.97,6.1,5.82,5.83,36648986,217423894.3,0.9675,-2.3451,0,0
