date,code,open,high,low,close,volume,amount,turnover,pct_change,is_limit_up,is_limit_down
2019-07-01,sz.002424,10.09,10.09,9.97,10.06,6452500.0,64792415.52,0.885981,1.821865,0,0
2019-07-02,sz.002424,10.06,10.08,9.96,10.03,4710759.0,47122001.76,0.646825,-0.298218,0,0
2019-07-03,sz.002424,9.97,10.05,9.9,9.94,3797860.0,37791448.1,0.521477,-0.89731,0,0
2019-07-04,sz.002424,9.93,10.0,9.82,9.95,3905002.0,38660580.28,0.536188,0.100606,0,0
2019-07-05,sz.002424,9.89,10.05,9.88,10.02,3910417.0,39063829.07,0.536932,0.703524,0,0
2019-07-08,sz.002424,10.01,10.01,9.6,9.64,5497865.0,53476011.14,0.754901,-3.792416,0,0
2019-07-09,sz.002424,9.55,9.78,9.55,9.72,2511717.0,24234861.6,0.344879,0.829875,0,0
2019-07-10,sz.002424,9.73,9.76,9.55,9.64,1996092.0,19224247.72,0.27408,-0.823044,0,0
2019-07-11,sz.002424,9.6,9.75,9.55,9.6,2740561.0,26389154.5,0.376301,-0.414937,0,0
2019-07-12,sz.002424,9.6,9.74,9.58,9.72,3322013.0,32061148.03,0.456139,1.249999,0,0
2019-07-15,sz.002424,9.64,9.73,9.38,9.6,5389205.0,51692125.58,0.739982,-1.234567,0,0
2019-07-16,sz.002424,9.6,9.76,9.49,9.52,5124527.0,49145805.88,0.703639,-0.833333,0,0
2019-07-17,sz.002424,9.53,9.53,9.38,9.45,4525649.0,42665835.4,0.621408,-0.735301,0,0
2019-07-18,sz.002424,9.45,9.45,9.0,9.08,7720300.0,70597271.0,1.06006,-3.915343,0,0
2019-07-19,sz.002424,9.14,9.22,9.08,9.08,3534591.0,32289092.45,0.485328,0.0,0,0
2019-07-22,sz.002424,9.23,9.23,8.84,8.93,4655565.0,41600243.83,0.639247,-1.651978,0,0
2019-07-23,sz.002424,8.93,9.0,8.9,8.97,2703923.0,24179254.99,0.371271,0.447928,0,0
2019-07-24,sz.002424,8.95,9.12,8.95,9.07,3775680.0,34208652.8,0.518431,1.114821,0,0
2019-07-25,sz.002424,9.09,9.16,9.04,9.09,2874533.0,26172407.99,0.394697,0.220512,0,0
2019-07-26,sz.002424,9.05,9.1,9.01,9.08,2542966.0,23044456.8,0.3492,-0.11,0,0
2019-07-29,sz.002424,9.0,9.0,8.86,8.88,5094506.0,45354930.45,0.699517,-2.202641,0,0
2019-07-30,sz.002424,8.89,9.4,8.89,9.29,11628217.0,107657110.89,1.5966,4.6171,0,0
2019-07-31,sz.002424,9.33,9.33,9.1,9.16,5073029.0,46485562.02,0.6966,-1.3994,0,0
2019-08-01,sz.002424,9.05,9.12,8.95,9.02,3905940.0,35232121.11,0.5363,-1.5284,0,0
2019-08-02,sz.002424,8.85,8.98,8.81,8.9,3927323.0,34929940.62,0.5393,-1.3304,0,0
2019-08-05,sz.002424,8.92,9.04,8.78,8.85,4223824.0,37600284.91,0.58,-0.5618,0,0
2019-08-06,sz.002424,8.35,8.72,8.11,8.45,6566583.0,55262935.55,0.9016,-4.5198,0,0
2019-08-07,sz.002424,8.49,8.58,8.33,8.34,3370540.0,28372358.44,0.4628,-1.3018,0,0
2019-08-08,sz.002424,8.4,8.48,8.34,8.36,2841025.0,23832349.8,0.3901,0.2398,0,0
2019-08-09,sz.002424,8.38,8.47,8.17,8.19,3723646.0,30953301.89,0.5113,-2.0335,0,0
2019-08-12,sz.002424,8.25,8.39,8.17,8.38,3338947.0,27680745.75,0.4585,2.3199,0,0
2019-08-13,sz.002424,8.31,8.37,8.22,8.26,2815811.0,23317562.57,0.3866,-1.432,0,0
2019-08-14,sz.002424,8.37,8.48,8.32,8.45,4138300.0,34873906.8,0.5682,2.3002,0,0
2019-08-15,sz.002424,8.28,8.68,8.24,8.65,7308983.0,62248133.31,1.0036,2.3669,0,0
2019-08-16,sz.002424,8.57,8.65,8.52,8.58,5343230.0,45878836.75,0.7337,-0.8092,0,0
2019-08-19,sz.002424,9.44,9.44,9.08,9.2,18626879.0,172749943.02,2.5576,7.2261,0,0
2019-08-20,sz.002424,9.33,9.54,9.14,9.19,13236110.0,123098886.47,1.8174,-0.1087,0,0
2019-08-21,sz.002424,9.17,9.38,9.13,9.21,6943592.0,64225057.81,0.9534,0.2176,0,0
2019-08-22,sz.002424,9.22,9.26,9.06,9.17,5269702.0,48171688.27,0.7236,-0.4343,0,0
2019-08-23,sz.002424,9.15,9.36,9.07,9.31,9555914.0,88350739.25,1.3121,1.5267,0,0
2019-08-26,sz.002424,9.1,9.47,9.05,9.42,9478646.0,88217641.34,1.3015,1.1815,0,0
2019-08-27,sz.002424,9.29,9.62,9.25,9.4,12158772.0,114872011.91,1.6706,-0.2123,0,0
2019-08-28,sz.002424,9.31,9.35,9.13,9.13,8121899.0,74694250.03,1.1159,-2.8723,0,0
2019-08-29,sz.002424,9.15,9.19,9.05,9.08,5476692.0,49837790.76,0.7525,-0.5476,0,0
2019-08-30,sz.002424,9.11,9.15,8.85,8.88,5756347.0,51619103.84,0.7909,-2.2026,0,0
2019-09-02,sz.002424,8.87,9.07,8.86,9.05,4573839.0,41169068.21,0.6284,1.9144,0,0
2019-09-03,sz.002424,9.07,9.15,9.01,9.1,4355688.0,39570969.4,0.5985,0.5525,0,0
2019-09-04,sz.002424,9.01,9.11,8.98,9.11,5238904.0,47425596.25,0.7198,0.1099,0,0
2019-09-05,sz.002424,9.12,9.31,9.12,9.18,7291013.0,67209333.85,1.0018,0.7684,0,0
2019-09-06,sz.002424,9.18,9.22,9.08,9.13,4831432.0,44142658.42,0.6638,-0.5447,0,0
2019-09-09,sz.002424,9.19,9.27,9.14,9.27,6088928.0,56081209.11,0.8366,1.5334,0,0
2019-09-10,sz.002424,9.3,9.61,9.21,9.54,12726473.0,120331739.28,1.7486,2.9126,0,0
2019-09-11,sz.002424,9.52,9.64,9.39,9.44,8608003.0,81883459.9,1.1827,-1.0482,0,0
2019-09-12,sz.002424,9.43,9.48,9.25,9.41,6536090.0,61182600.63,0.8981,-0.3178,0,0
2019-09-16,sz.002424,9.48,9.49,9.31,9.35,5964329.0,55879491.15,0.8195,-0.6376,0,0
2019-09-17,sz.002424,9.31,9.35,9.03,9.09,6722230.0,61511419.68,0.9236,-2.7808,0,0
2019-09-18,sz.002424,9.09,9.24,9.09,9.19,4543378.0,41735404.03,0.6243,1.1001,0,0
2019-09-19,sz.002424,9.25,9.4,9.22,9.38,6498211.0,60606195.79,0.8928,2.0675,0,0
2019-09-20,sz.002424,9.42,9.58,9.37,9.53,9516604.0,90341707.02,1.3076,1.5991,0,0
2019-09-23,sz.002424,9.62,9.62,9.4,9.47,5767023.0,54559441.6,0.7924,-0.6296,0,0
2019-09-24,sz.002424,9.46,9.75,9.45,9.64,8362564.0,80641128.1,1.149,1.7951,0,0
2019-09-25,sz.002424,9.55,9.55,9.3,9.31,6829713.0,64189115.0,0.9384,-3.4232,0,0
2019-09-26,sz.002424,9.31,9.48,9.28,9.35,5178431.0,48505916.95,0.7115,0.4296,0,0
2019-09-27,sz.002424,9.34,9.75,9.32,9.68,9730268.0,93643727.85,1.3369,3.5294,0,0
2019-09-30,sz.002424,9.68,10.64,9.68,10.37,26405480.0,270583277.21,3.6281,7.1281,0,0
2019-10-08,sz.002424,10.3,11.2,10.21,10.9,25205069.0,272252873.44,3.4632,5.1109,0,0
2019-10-09,sz.002424,10.7,10.78,10.43,10.56,15824922.0,167311747.96,2.1743,-3.1193,0,0
2019-10-10,sz.002424,10.58,10.67,10.41,10.6,12607194.0,132596898.22,1.7322,0.3788,0,0
2019-10-11,sz.002424,10.58,10.89,10.43,10.46,16149828.0,172182560.82,2.219,-1.3208,0,0
2019-10-14,sz.002424,10.49,10.6,10.33,10.54,12794627.0,133827462.28,1.758,0.7648,0,0
2019-10-15,sz.002424,10.46,10.49,10.2,10.33,8301445.0,85977595.03,1.1406,-1.9924,0,0
2019-10-16,sz.002424,10.36,10.67,10.36,10.42,10070282.0,106004580.85,1.3836,0.8713,0,0
2019-10-17,sz.002424,10.3,10.38,9.95,10.0,15996931.0,161272629.27,2.198,-4.0307,0,0
2019-10-18,sz.002424,10.06,10.16,9.83,9.99,8004214.0,80072799.3,1.0998,-0.1,0,0
2019-10-21,sz.002424,9.83,9.91,9.51,9.63,7902868.0,76217144.09,1.0858,-3.6036,0,0
2019-10-22,sz.002424,9.6,9.83,9.51,9.79,6882273.0,66497751.64,0.9456,1.6615,0,0
2019-10-23,sz.002424,9.79,10.06,9.75,9.98,7769883.0,77399455.91,1.0676,1.9408,0,0
2019-10-24,sz.002424,9.88,9.94,9.68,9.79,4824369.0,47172365.56,0.6629,-1.9038,0,0
2019-10-25,sz.002424,9.63,10.05,9.62,9.9,6499468.0,64120310.3,0.893,1.1236,0,0
2019-10-28,sz.002424,9.88,10.2,9.88,10.08,8602632.0,86475910.38,1.182,1.8182,0,0
2019-10-29,sz.002424,10.29,10.29,9.94,10.02,6889145.0,69377947.42,0.9466,-0.5952,0,0
2019-10-30,sz.002424,9.99,10.1,9.85,9.85,4526057.0,45093664.04,0.6219,-1.6966,0,0
2019-10-31,sz.002424,9.85,9.93,9.46,9.65,7902345.0,76557183.44,1.0858,-2.0305,0,0
2019-11-01,sz.002424,9.73,9.96,9.62,9.9,6593664.0,64781735.42,0.906,2.5907,0,0
2019-11-04,sz.002424,9.91,10.1,9.86,9.87,5394003.0,53860243.66,0.7411,-0.303,0,0
2019-11-05,sz.002424,9.87,9.94,9.71,9.86,5511854.0,54165894.65,0.7573,-0.1013,0,0
2019-11-06,sz.002424,9.89,10.39,9.86,10.38,17387249.0,176822087.84,2.389,5.2738,0,0
2019-11-07,sz.002424,10.3,10.4,10.17,10.27,11071589.0,113767492.48,1.5212,-1.0597,0,0
2019-11-08,sz.002424,10.38,10.4,10.17,10.18,7791999.0,80030706.23,1.0706,-0.8763,0,0
2019-11-11,sz.002424,10.05,10.09,9.76,9.81,7255138.0,71728600.77,0.9968,-3.6346,0,0
2019-11-12,sz.002424,9.84,9.86,9.61,9.82,5886133.0,57257711.13,0.8087,0.1019,0,0
2019-11-13,sz.002424,9.77,9.81,9.6,9.66,3979578.0,38571375.23,0.5468,-1.6293,0,0
2019-11-14,sz.002424,9.28,9.28,8.77,8.88,17789165.0,159711136.43,2.4442,-8.0745,0,0
2019-11-15,sz.002424,8.94,9.13,8.74,8.77,8926789.0,79946148.31,1.2265,-1.2387,0,0
2019-11-18,sz.002424,8.78,8.89,8.61,8.7,7509958.0,65520839.21,1.0319,-0.7982,0,0
2019-11-19,sz.002424,8.7,8.87,8.62,8.79,6476660.0,56748534.43,0.8899,1.0345,0,0
2019-11-20,sz.002424,8.79,8.85,8.72,8.75,4242665.0,37249921.45,0.5829,-0.4551,0,0
2019-11-21,sz.002424,8.75,8.79,8.66,8.71,3363639.0,29283814.21,0.4622,-0.4571,0,0
2019-11-22,sz.002424,8.74,8.84,8.5,8.58,6208876.0,53700364.06,0.8531,-1.4925,0,0
2019-11-25,sz.002424,8.59,8.65,8.4,8.56,3103728.0,26492269.23,0.4264,-0.2331,0,0
2019-11-26,sz.002424,8.57,8.71,8.42,8.42,7715827.0,66026242.01,1.0601,-1.6355,0,0
2019-11-27,sz.002424,8.5,8.6,8.32,8.4,6128652.0,51693175.28,0.8421,-0.2375,0,0
2019-11-28,sz.002424,8.35,8.4,8.17,8.21,7074889.0,58384503.92,0.9721,-2.2619,0,0
2019-11-29,sz.002424,8.24,8.29,8.11,8.29,4928030.0,40461029.2,0.6771,0.9744,0,0
2019-12-02,sz.002424,8.29,8.35,8.2,8.26,3564035.0,29502365.31,0.4897,-0.3619,0,0
2019-12-03,sz.002424,8.19,8.42,8.13,8.42,4900105.0,40535226.15,0.6733,1.937,0,0
2019-12-04,sz.002424,8.35,8.42,8.32,8.36,3149268.0,26359190.37,0.4327,-0.7126,0,0
2019-12-05,sz.002424,8.4,8.48,8.35,8.42,4140764.0,34867398.58,0.5689,0.7177,0,0
2019-12-06,sz.002424,8.42,8.53,8.4,8.49,4672484.0,39604017.5,0.642,0.8314,0,0
2019-12-09,sz.002424,8.5,8.55,8.45,8.53,3383906.0,28774005.03,0.4649,0.4711,0,0
2019-12-10,sz.002424,8.49,8.55,8.46,8.54,2708429.0,23070936.08,0.3721,0.1172,0,0
2019-12-11,sz.002424,8.51,8.57,8.36,8.42,4499255.0,37875847.84,0.6182,-1.4052,0,0
2019-12-12,sz.002424,8.43,8.43,8.31,8.35,2870676.0,24025627.38,0.3944,-0.8314,0,0
2019-12-13,sz.002424,8.36,8.53,8.36,8.47,4894462.0,41214437.15,0.6725,1.4371,0,0
2019-12-16,sz.002424,8.49,8.57,8.42,8.56,5350796.0,45487153.81,0.7352,1.0626,0,0
2019-12-17,sz.002424,8.56,8.73,8.51,8.66,9100639.0,78637822.31,1.2504,1.1682,0,0
2019-12-18,sz.002424,8.66,8.72,8.61,8.65,6180715.0,53538414.18,0.8492,-0.1155,0,0
2019-12-19,sz.002424,8.66,8.79,8.58,8.78,7979490.0,69258750.66,1.0964,1.5029,0,0
2019-12-20,sz.002424,8.76,8.83,8.55,8.56,7566438.0,65452066.51,1.0396,-2.5057,0,0
2019-12-23,sz.002424,8.56,8.61,8.34,8.35,6901709.0,58433366.15,0.9483,-2.4533,0,0
2019-12-24,sz.002424,8.36,8.44,8.34,8.42,3869715.0,32410313.18,0.5317,0.8383,0,0
2019-12-25,sz.002424,8.4,8.48,8.35,8.41,4399207.0,37013426.8,0.6044,-0.1188,0,0
2019-12-26,sz.002424,8.39,8.45,8.36,8.43,4090373.0,34343744.48,0.562,0.2378,0,0
2019-12-27,sz.002424,8.43,8.53,8.42,8.44,5026328.0,42593813.05,0.6906,0.1186,0,0
2019-12-30,sz.002424,8.45,8.51,8.27,8.49,5818374.0,48893210.28,0.7994,0.5924,0,0
2019-12-31,sz.002424,8.51,8.73,8.51,8.71,10218237.0,88622606.05,1.404,2.5913,0,0
2020-01-02,sz.002424,8.72,8.78,8.62,8.77,8949093.0,78113874.03,1.2296,0.6889,0,0
2020-01-03,sz.002424,8.81,8.81,8.7,8.72,5501589.0,48089710.54,0.7559,-0.5701,0,0
2020-01-06,sz.002424,8.68,8.78,8.58,8.71,6510447.0,56596174.45,0.8945,-0.1147,0,0
2020-01-07,sz.002424,8.73,8.83,8.71,8.82,6985403.0,61304260.47,0.9598,1.2629,0,0
2020-01-08,sz.002424,8.8,8.8,8.61,8.66,6970124.0,60684830.78,0.9577,-1.8141,0,0
2020-01-09,sz.002424,8.72,8.96,8.72,8.84,9631041.0,85259367.42,1.3233,2.0785,0,0
2020-01-10,sz.002424,8.85,8.95,8.84,8.9,6181952.0,54929816.75,0.8494,0.6787,0,0
2020-01-13,sz.002424,8.9,8.91,8.72,8.88,5569278.0,49099570.72,0.7652,-0.2247,0,0
2020-01-14,sz.002424,8.89,8.93,8.79,8.79,6246403.0,55237978.46,0.8583,-1.0135,0,0
2020-01-15,sz.002424,8.79,8.84,8.7,8.74,4182231.0,36578553.96,0.5746,-0.5688,0,0
2020-01-16,sz.002424,8.79,8.8,8.65,8.68,4044506.0,35186892.08,0.5557,-0.6865,0,0
2020-01-17,sz.002424,8.69,8.76,8.66,8.7,4002004.0,34855105.43,0.5499,0.2304,0,0
2020-01-20,sz.002424,8.8,9.08,8.8,9.07,13311361.0,119334338.79,1.829,4.2529,0,0
2020-01-21,sz.002424,9.19,9.48,9.14,9.39,22372966.0,208801698.51,3.074,3.5281,0,0
2020-01-22,sz.002424,9.39,9.39,9.0,9.03,11848019.0,107987332.96,1.6279,-3.8339,0,0
2020-01-23,sz.002424,9.06,9.35,8.87,9.07,12001675.0,109062917.43,1.649,0.443,0,0
2020-02-03,sz.002424,9.34,9.97,8.3,9.78,38469835.0,364671328.55,5.2857,7.828,0,0
2020-02-04,sz.002424,10.1,10.45,9.41,10.24,34591388.0,346489402.58,4.7528,4.7035,0,0
2020-02-05,sz.002424,10.2,10.71,9.9,10.59,34882063.0,357414238.21,4.7928,3.418,0,0
2020-02-06,sz.002424,10.32,10.79,10.2,10.32,38151207.0,401719255.18,5.2419,-2.5496,0,0
2020-02-07,sz.002424,10.27,10.43,9.7,9.8,29736564.0,296984158.54,4.0858,-5.0388,0,0
2020-02-10,sz.002424,9.86,9.92,9.37,9.51,17217187.0,164346820.73,2.3656,-2.9592,0,0
2020-02-11,sz.002424,9.51,9.63,9.32,9.61,13889280.0,131705810.66,1.9084,1.0515,0,0
2020-02-12,sz.002424,9.54,9.8,9.41,9.54,10852134.0,103621176.6,1.4911,-0.7284,0,0
2020-02-13,sz.002424,9.54,9.56,9.21,9.25,13792368.0,128775928.49,1.8951,-3.0398,0,0
2020-02-14,sz.002424,9.31,9.4,9.22,9.31,8014360.0,74361280.03,1.1012,0.6487,0,0
2020-02-17,sz.002424,9.42,9.43,9.31,9.41,11589910.0,108579387.67,1.5924,1.0741,0,0
2020-02-18,sz.002424,9.55,9.63,9.42,9.5,14881214.0,141544792.23,2.0447,0.9564,0,0
2020-02-19,sz.002424,9.45,9.48,9.2,9.21,14707243.0,136511736.0,2.0208,-3.0526,0,0
2020-02-20,sz.002424,9.24,9.29,9.07,9.25,11479352.0,105280408.52,1.5773,0.4343,0,0
2020-02-21,sz.002424,9.23,9.28,9.13,9.25,9925509.0,91448200.94,1.3638,0.0,0,0
2020-02-24,sz.002424,9.25,9.45,9.23,9.38,10886491.0,101976166.97,1.4958,1.4054,0,0
2020-02-25,sz.002424,9.3,9.59,9.21,9.5,17890444.0,168804327.5,2.4581,1.2793,0,0
2020-02-26,sz.002424,9.41,9.46,9.2,9.23,12357403.0,114666243.67,1.6979,-2.8421,0,0
2020-02-27,sz.002424,9.23,9.33,9.15,9.16,7008780.0,64432153.86,0.963,-0.7584,0,0
2020-02-28,sz.002424,9.05,9.24,8.88,8.9,10029916.0,90665246.44,1.3781,-2.8384,0,0
2020-03-02,sz.002424,9.06,9.14,9.01,9.11,9788826.0,88976428.76,1.345,2.3596,0,0
2020-03-03,sz.002424,9.18,9.36,9.13,9.22,13076625.0,120659979.27,1.7967,1.2075,0,0
2020-03-04,sz.002424,9.22,9.27,9.05,9.14,7674829.0,70076436.17,1.0545,-0.8677,0,0
2020-03-05,sz.002424,9.18,9.27,9.13,9.23,9430771.0,86805934.18,1.2958,0.9847,0,0
2020-03-06,sz.002424,9.5,9.7,9.36,9.36,20466649.0,195047327.69,2.8121,1.4085,0,0
2020-03-09,sz.002424,9.24,9.44,9.07,9.27,15805746.0,145319656.91,2.1717,-0.9615,0,0
2020-03-10,sz.002424,9.13,9.26,9.0,9.2,11214011.0,102311503.11,1.5408,-0.7551,0,0
2020-03-11,sz.002424,9.2,9.23,9.06,9.07,8838250.0,80825486.61,1.2144,-1.413,0,0
2020-03-12,sz.002424,9.02,9.06,8.82,8.87,8586111.0,76540782.77,1.1797,-2.2051,0,0
2020-03-13,sz.002424,8.43,8.71,8.31,8.59,9008145.0,76852500.83,1.2377,-3.1567,0,0
2020-03-16,sz.002424,8.77,9.09,8.64,8.7,12384237.0,109926100.39,1.7016,1.2806,0,0
2020-03-17,sz.002424,8.61,8.79,8.15,8.53,9558143.0,81040867.63,1.3133,-1.954,0,0
2020-03-18,sz.002424,8.58,8.63,8.31,8.33,6236071.0,52984608.13,0.8568,-2.3447,0,0
2020-03-19,sz.002424,8.25,8.39,8.15,8.27,6172554.0,50915247.96,0.8481,-0.7203,0,0
2020-03-20,sz.002424,8.38,8.38,8.26,8.35,5406912.0,45024446.84,0.7429,0.9674,0,0
2020-03-23,sz.002424,8.16,9.12,8.12,8.93,20502738.0,177822611.14,2.8171,6.9461,0,0
2020-03-24,sz.002424,8.8,9.03,8.57,8.75,16102541.0,141192176.49,2.2125,-2.0157,0,0
2020-03-25,sz.002424,8.81,8.95,8.6,8.8,13169341.0,115514832.97,1.8095,0.5714,0,0
2020-03-26,sz.002424,8.71,8.9,8.66,8.73,8616660.0,75571351.32,1.1839,-0.7955,0,0
2020-03-27,sz.002424,8.7,8.79,8.55,8.58,6570710.0,56870050.9,0.9028,-1.7182,0,0
2020-03-30,sz.002424,8.51,8.56,8.3,8.33,5527709.0,46374528.54,0.7595,-2.9138,0,0
2020-03-31,sz.002424,8.37,8.41,8.29,8.34,4336000.0,36176889.43,0.5958,0.1201,0,0
2020-04-01,sz.002424,8.31,8.37,8.23,8.26,3831309.0,31723153.34,0.5264,-0.9592,0,0
2020-04-02,sz.002424,8.25,8.4,8.21,8.37,3879439.0,32166270.31,0.533,1.3317,0,0
2020-04-03,sz.002424,8.37,8.47,8.3,8.34,3733111.0,31268478.11,0.5129,-0.3584,0,0
2020-04-07,sz.002424,8.42,8.56,8.36,8.5,5887471.0,49839916.11,0.8089,1.9185,0,0
2020-04-08,sz.002424,8.52,8.72,8.46,8.57,6223408.0,53414670.14,0.8551,0.8235,0,0
2020-04-09,sz.002424,8.55,8.65,8.52,8.59,4684860.0,40244740.77,0.6437,0.2334,0,0
2020-04-10,sz.002424,8.56,8.66,8.42,8.46,4916940.0,42016390.51,0.6756,-1.5134,0,0
2020-04-13,sz.002424,8.44,8.62,8.36,8.55,4084520.0,34811349.13,0.5612,1.0638,0,0
2020-04-14,sz.002424,8.55,8.85,8.46,8.73,7412409.0,64251884.27,1.0185,2.1053,0,0
2020-04-15,sz.002424,8.81,9.19,8.7,8.98,17627089.0,157872994.71,2.4219,2.8637,0,0
2020-04-16,sz.002424,8.9,9.07,8.78,8.88,10999418.0,97963242.67,1.5113,-1.1136,0,0
2020-04-17,sz.002424,8.94,8.97,8.68,8.7,8935614.0,78363058.65,1.2277,-2.027,0,0
2020-04-20,sz.002424,8.69,8.86,8.64,8.69,5641600.0,49246792.2,0.7752,-0.1149,0,0
2020-04-21,sz.002424,8.67,8.7,8.39,8.47,7572915.0,64418109.0,1.0405,-2.5316,0,0
2020-04-22,sz.002424,8.43,8.54,8.33,8.53,4556829.0,38545616.46,0.6261,0.7084,0,0
2020-04-23,sz.002424,8.53,8.86,8.5,8.61,6977033.0,60513579.38,0.9586,0.9379,0,0
2020-04-24,sz.002424,8.65,8.65,8.35,8.38,6025270.0,50778126.64,0.8279,-2.6713,0,0
2020-04-27,sz.002424,8.38,8.44,8.26,8.28,3849557.0,32132869.76,0.5289,-1.1933,0,0
2020-04-28,sz.002424,8.32,8.37,7.99,8.16,5527595.0,45109775.52,0.7595,-1.4493,0,0
2020-04-29,sz.002424,8.16,8.23,8.08,8.11,3333123.0,27159260.45,0.458,-0.6127,0,0
2020-04-30,sz.002424,8.08,8.24,8.08,8.24,3709005.0,30357924.15,0.5096,1.603,0,0
2020-05-06,sz.002424,8.24,8.33,8.18,8.33,5009968.0,41472953.66,0.6884,1.0922,0,0
2020-05-07,sz.002424,8.34,8.43,8.27,8.36,5031453.0,41987720.18,0.6913,0.3601,0,0
2020-05-08,sz.002424,8.33,8.41,8.33,8.38,3535649.0,29604078.09,0.4858,0.2392,0,0
2020-05-11,sz.002424,8.46,8.46,8.3,8.34,3512438.0,29323811.82,0.4826,-0.4773,0,0
2020-05-12,sz.002424,8.29,8.43,8.29,8.38,3691830.0,30939792.37,0.5073,0.4796,0,0
2020-05-13,sz.002424,8.36,8.4,8.28,8.35,3028077.0,25258482.93,0.4161,-0.358,0,0
2020-05-14,sz.002424,8.32,8.68,8.26,8.61,11968209.0,102240616.97,1.6444,3.1138,0,0
2020-05-15,sz.002424,8.63,8.66,8.48,8.55,6135721.0,52555968.35,0.8431,-0.6969,0,0
2020-05-18,sz.002424,8.5,8.71,8.44,8.45,4331586.0,36919358.39,0.5952,-1.1696,0,0
2020-05-19,sz.002424,8.49,8.56,8.35,8.44,4314360.0,36363874.34,0.5928,-0.1183,0,0
2020-05-20,sz.002424,8.42,8.45,8.34,8.37,3062100.0,25664838.0,0.4207,-0.8294,0,0
2020-05-21,sz.002424,8.55,8.56,8.29,8.32,3832262.0,32205352.28,0.5266,-0.5974,0,0
2020-05-22,sz.002424,8.35,8.37,8.19,8.24,4312596.0,35568827.35,0.5926,-0.9615,0,0
2020-05-25,sz.002424,8.23,8.98,8.2,8.77,14387149.0,124129179.76,1.9768,6.432,0,0
2020-05-26,sz.002424,8.78,9.05,8.77,8.89,20338332.0,181752173.33,2.7945,1.3683,0,0
2020-05-27,sz.002424,8.88,9.38,8.63,9.09,21869642.0,197667424.06,3.0049,2.2497,0,0
2020-05-28,sz.002424,8.78,8.85,8.5,8.71,15740481.0,136168440.79,2.1628,-4.1804,0,0
2020-05-29,sz.002424,8.38,8.51,8.25,8.25,14845867.0,124032703.42,2.0398,-2.8269,0,0
2020-06-01,sz.002424,8.27,8.35,8.2,8.34,9434600.0,78228161.25,1.2963,1.0909,0,0
2020-06-02,sz.002424,8.31,8.37,8.25,8.35,8862439.0,73604455.48,1.2177,0.1199,0,0
2020-06-03,sz.002424,8.41,8.73,8.4,8.47,18213385.0,155918299.01,2.5025,1.4371,0,0
2020-06-04,sz.002424,8.38,8.54,8.28,8.46,10524615.0,88399528.16,1.4461,-0.1181,0,0
2020-06-05,sz.002424,8.42,8.55,8.33,8.35,8080075.0,67865790.95,1.1102,-1.3002,0,0
2020-06-08,sz.002424,8.33,8.38,8.25,8.26,8393329.0,69587673.56,1.1532,-1.0778,0,0
2020-06-09,sz.002424,8.27,8.32,8.22,8.3,5992186.0,49623106.36,0.8233,0.4843,0,0
2020-06-10,sz.002424,8.25,8.37,8.24,8.32,5600980.0,46531696.44,0.7696,0.241,0,0
2020-06-11,sz.002424,8.3,8.34,8.21,8.24,6103797.0,50457686.99,0.8387,-0.9615,0,0
2020-06-12,sz.002424,8.12,8.4,8.09,8.32,9020277.0,74790148.95,1.2394,0.9709,0,0
2020-06-15,sz.002424,8.35,8.54,8.31,8.37,7777183.0,65402074.54,1.0686,0.601,0,0
2020-06-16,sz.002424,8.38,8.49,8.33,8.47,8406510.0,70934409.4,1.1551,1.1947,0,0
2020-06-17,sz.002424,8.43,8.73,8.34,8.61,17124646.0,146982360.14,2.3529,1.6529,0,0
2020-06-18,sz.002424,8.6,8.6,8.39,8.41,11135904.0,94060437.37,1.5301,-2.3229,0,0
2020-06-19,sz.002424,8.4,8.41,8.31,8.35,7222900.0,60325151.12,0.9924,-0.7134,0,0
2020-06-22,sz.002424,8.35,8.4,8.33,8.34,6051166.0,50545457.14,0.8314,-0.1198,0,0
2020-06-23,sz.002424,8.35,8.35,8.24,8.25,6011367.0,49732718.29,0.826,-1.0791,0,0
2020-06-24,sz.002424,8.24,8.29,8.16,8.21,6662664.0,54653479.32,0.9155,-0.4848,0,0
2020-06-29,sz.002424,8.21,8.28,8.19,8.23,3526571.0,29001548.14,0.4846,0.2436,0,0
2020-06-30,sz.002424,8.24,8.34,8.21,8.3,5019530.0,41650130.48,0.6897,0.8506,0,0
2020-07-01,sz.002424,8.29,8.32,8.23,8.28,5259400.0,43449761.88,0.7226,-0.241,0,0
2020-07-02,sz.002424,8.25,8.43,8.23,8.4,9103141.0,76143457.1,1.2508,1.4493,0,0
2020-07-03,sz.002424,8.4,8.48,8.3,8.46,10016963.0,84463125.22,1.3763,0.7143,0,0
2020-07-06,sz.002424,8.45,8.72,8.41,8.71,18102856.0,156001813.85,2.4873,2.9551,0,0
2020-07-07,sz.002424,8.74,8.84,8.65,8.68,21505514.0,188055579.93,2.9549,-0.3444,0,0
2020-07-08,sz.002424,8.67,8.9,8.6,8.82,17153532.0,150127519.18,2.3569,1.6129,0,0
2020-07-09,sz.002424,8.81,9.05,8.78,8.95,19575460.0,174822466.27,2.6897,1.4739,0,0
2020-07-10,sz.002424,8.96,9.15,8.82,8.86,16443771.0,147422729.35,2.2594,-1.0056,0,0
2020-07-13,sz.002424,8.83,9.16,8.83,9.16,16951291.0,153558518.85,2.3291,3.386,0,0
2020-07-14,sz.002424,9.19,9.23,8.86,8.97,17033219.0,153747809.72,2.3404,-2.0742,0,0
2020-07-15,sz.002424,9.06,9.3,8.89,8.96,19274786.0,175209137.4,2.6484,-0.1115,0,0
2020-07-16,sz.002424,9.1,9.1,8.5,8.52,17979813.0,156671306.28,2.4704,-4.9107,0,0
2020-07-17,sz.002424,8.52,8.61,8.43,8.51,10284503.0,87618956.4,1.4131,-0.1174,0,0
2020-07-20,sz.002424,8.57,8.75,8.52,8.72,8686650.0,75263439.03,1.1936,2.4677,0,0
2020-07-21,sz.002424,8.58,8.93,8.5,8.73,18642028.0,162778153.05,2.5614,0.1147,0,0
2020-07-22,sz.002424,8.65,8.89,8.63,8.78,13621799.0,119750658.2,1.8716,0.5727,0,0
2020-07-23,sz.002424,8.73,9.16,8.63,9.01,24091235.0,214104152.41,3.3102,2.6196,0,0
2020-07-24,sz.002424,8.95,9.0,8.68,8.75,18374934.0,162543958.79,2.5247,-2.8857,0,0
2020-07-27,sz.002424,8.82,9.13,8.79,9.02,18315275.0,164224505.76,2.5165,3.0857,0,0
2020-07-28,sz.002424,9.08,9.09,8.8,9.0,15778776.0,140928616.64,2.168,-0.2217,0,0
2020-07-29,sz.002424,8.91,9.22,8.88,9.18,18700624.0,169985068.13,2.5695,2.0,0,0
2020-07-30,sz.002424,9.22,9.44,9.11,9.11,28220076.0,261353596.57,3.8775,-0.7625,0,0
2020-07-31,sz.002424,9.09,9.39,8.97,9.35,26096576.0,239984367.44,3.5857,2.6345,0,0
2020-08-03,sz.002424,9.4,9.64,9.25,9.52,26893085.0,255674017.96,3.6951,1.8182,0,0
2020-08-04,sz.002424,9.6,9.82,9.43,9.44,24756142.0,236746956.69,3.4015,-0.8403,0,0
2020-08-05,sz.002424,9.39,9.64,9.36,9.46,16309420.0,154565484.27,2.2409,0.2119,0,0
2020-08-06,sz.002424,9.48,9.73,9.48,9.65,18983768.0,182249863.0,2.6084,2.0085,0,0
2020-08-07,sz.002424,9.7,9.71,9.3,9.43,16873638.0,159545175.49,2.3184,-2.2798,0,0
2020-08-10,sz.002424,9.49,9.64,9.42,9.44,12636088.0,120307488.4,1.7362,0.106,0,0
2020-08-11,sz.002424,9.44,9.51,9.13,9.15,15168695.0,141163260.0,2.0842,-3.072,0,0
2020-08-12,sz.002424,9.16,9.24,8.9,9.05,12058535.0,108626321.03,1.6569,-1.0929,0,0
2020-08-13,sz.002424,9.05,9.13,9.0,9.02,7435780.0,67362392.95,1.0217,-0.3315,0,0
2020-08-14,sz.002424,9.06,9.1,8.91,9.1,8033083.0,72348401.97,1.1038,0.8869,0,0
2020-08-17,sz.002424,9.12,9.24,9.06,9.18,9562540.0,87511277.2,1.3139,0.8791,0,0
2020-08-18,sz.002424,9.19,10.1,9.16,10.1,29262990.0,287516128.62,4.0208,10.0218,1,0
2020-08-19,sz.002424,10.2,10.53,10.0,10.14,51136297.0,523045978.44,7.0262,0.396,0,0
2020-08-20,sz.002424,10.03,10.36,9.99,10.11,27029023.0,274496354.04,3.7138,-0.2959,0,0
2020-08-21,sz.002424,9.9,9.94,9.55,9.81,34460183.0,335347180.01,4.4311,-2.9674,0,0
2020-08-24,sz.002424,9.8,10.79,9.77,10.79,46616455.0,492927620.23,5.9943,9.9898,1,0
2020-08-25,sz.002424,10.64,10.87,10.55,10.68,41198162.0,442173455.37,5.2976,-1.0195,0,0
2020-08-26,sz.002424,10.7,10.79,10.37,10.4,25252786.0,265843014.6,3.2472,-2.6217,0,0
2020-08-27,sz.002424,10.41,10.65,10.2,10.52,23038689.0,240632297.21,2.9625,1.1538,0,0
2020-08-28,sz.002424,10.9,11.14,10.4,10.58,33123887.0,356577134.47,4.2593,0.5703,0,0
2020-08-31,sz.002424,10.61,11.06,10.34,10.43,27392901.0,292311037.73,3.5224,-1.4178,0,0
2020-09-01,sz.002424,10.42,10.49,10.11,10.25,18122203.0,185341757.67,2.3303,-1.7258,0,0
2020-09-02,sz.002424,10.33,10.35,10.06,10.33,16693626.0,170684673.79,2.1466,0.7805,0,0
2020-09-03,sz.002424,10.29,10.5,10.0,10.08,19006453.0,194531488.31,2.444,-2.4201,0,0
2020-09-04,sz.002424,9.92,10.08,9.8,10.08,13401088.0,133155063.99,1.7232,0.0,0,0
2020-09-07,sz.002424,10.1,10.23,9.5,9.53,24222535.0,237431140.21,3.1147,-5.4563,0,0
2020-09-08,sz.002424,9.5,9.72,9.48,9.63,13274290.0,127497658.66,1.7069,1.0493,0,0
2020-09-09,sz.002424,9.46,9.61,9.28,9.46,12861327.0,121267460.36,1.6538,-1.7653,0,0
2020-09-10,sz.002424,9.51,9.56,9.05,9.09,13927151.0,129110741.37,1.7909,-3.9112,0,0
2020-09-11,sz.002424,9.08,9.19,9.03,9.14,9626858.0,87575667.97,1.2379,0.5501,0,0
2020-09-14,sz.002424,9.17,9.34,9.1,9.25,11137467.0,102935529.78,1.4321,1.2035,0,0
2020-09-15,sz.002424,9.25,9.26,9.01,9.09,12265600.0,111195224.0,1.5772,-1.7297,0,0
2020-09-16,sz.002424,9.08,9.23,8.95,9.2,13791500.0,125195595.78,1.7734,1.2101,0,0
2020-09-17,sz.002424,9.11,9.14,8.85,8.93,16060882.0,144101647.39,2.0652,-2.9348,0,0
2020-09-18,sz.002424,8.86,9.01,8.81,9.0,13925927.0,124322636.62,1.7907,0.7839,0,0
2020-09-21,sz.002424,8.86,8.91,8.54,8.8,18013254.0,157903729.37,2.3163,-2.2222,0,0
2020-09-22,sz.002424,8.7,9.03,8.7,8.84,14680403.0,130640807.64,1.8877,0.4545,0,0
2020-09-23,sz.002424,8.85,8.93,8.71,8.87,7946230.0,70234537.81,1.0218,0.3394,0,0
2020-09-24,sz.002424,8.88,8.89,8.57,8.67,11648251.0,101138586.43,1.4978,-2.2548,0,0
2020-09-25,sz.002424,8.63,8.85,8.55,8.65,7230322.0,62662541.72,0.9297,-0.2307,0,0
2020-09-28,sz.002424,8.61,8.63,8.36,8.36,9029159.0,76589686.42,1.161,-3.3526,0,0
2020-09-29,sz.002424,8.43,8.51,8.3,8.41,6815118.0,57328292.96,0.8763,0.5981,0,0
2020-09-30,sz.002424,8.41,8.51,8.32,8.42,6840700.0,57454669.78,0.8796,0.1189,0,0
2020-10-09,sz.002424,8.51,8.71,8.49,8.67,7876023.0,68006786.92,1.0128,2.9691,0,0
2020-10-12,sz.002424,8.68,8.92,8.68,8.85,9785477.0,86555676.56,1.2583,2.0761,0,0
2020-10-13,sz.002424,8.88,8.9,8.7,8.87,6791182.0,59979279.52,0.8733,0.226,0,0
2020-10-14,sz.002424,8.81,8.9,8.7,8.77,9506773.0,83698381.19,1.2225,-1.1274,0,0
2020-10-15,sz.002424,8.77,8.91,8.6,8.62,9378948.0,81738203.93,1.206,-1.7104,0,0
2020-10-16,sz.002424,8.63,8.78,8.5,8.78,7578941.0,65490964.97,0.9746,1.8561,0,0
2020-10-19,sz.002424,8.78,9.17,8.69,8.71,14634412.0,130116195.57,1.8818,-0.7973,0,0
2020-10-20,sz.002424,8.7,8.78,8.61,8.71,5372689.0,46600543.85,0.6909,0.0,0,0
2020-10-21,sz.002424,8.72,8.79,8.56,8.66,5741877.0,49857599.41,0.7383,-0.5741,0,0
2020-10-22,sz.002424,8.65,8.7,8.54,8.7,5216693.0,44801213.77,0.6708,0.4619,0,0
2020-10-23,sz.002424,8.67,8.72,8.55,8.56,4812233.0,41441162.14,0.6188,-1.6092,0,0
2020-10-26,sz.002424,8.56,8.61,8.45,8.54,3714500.0,31629888.0,0.4776,-0.2336,0,0
2020-10-27,sz.002424,8.53,8.56,8.44,8.45,3350800.0,28389854.94,0.4309,-1.0539,0,0
2020-10-28,sz.002424,8.46,8.5,8.3,8.35,5318789.0,44425610.71,0.6839,-1.1834,0,0
2020-10-29,sz.002424,8.3,8.8,8.28,8.69,13352300.0,114952585.0,1.7169,4.0719,0,0
2020-10-30,sz.002424,8.75,8.93,8.65,8.69,14553855.0,127974996.0,1.8714,0.0,0,0
2020-11-02,sz.002424,8.69,8.76,8.5,8.5,6890538.0,59034184.92,0.886,-2.1864,0,0
2020-11-03,sz.002424,8.5,8.64,8.47,8.61,4832700.0,41490969.0,0.6214,1.2941,0,0
2020-11-04,sz.002424,8.65,8.66,8.44,8.53,5265520.0,44856321.0,0.6771,-0.9292,0,0
2020-11-05,sz.002424,8.58,9.11,8.53,9.01,19666681.0,174765940.13,2.5289,5.6272,0,0
2020-11-06,sz.002424,9.01,9.07,8.91,8.98,9578064.0,86093060.65,1.2316,-0.333,0,0
2020-11-09,sz.002424,9.03,9.13,8.91,8.99,13905995.0,125225556.86,1.7881,0.1114,0,0
2020-11-10,sz.002424,9.0,9.17,8.9,9.0,9826977.0,88610982.29,1.2636,0.1112,0,0
2020-11-11,sz.002424,8.99,9.01,8.85,8.93,6224240.0,55548539.91,0.8004,-0.7778,0,0
2020-11-12,sz.002424,8.95,9.02,8.88,8.9,5626024.0,50335049.6,0.7234,-0.3359,0,0
2020-11-13,sz.002424,8.91,9.08,8.77,8.98,7272618.0,64885173.1,0.9352,0.8989,0,0
2020-11-16,sz.002424,8.96,9.19,8.95,9.16,10458931.0,95378636.96,1.3449,2.0045,0,0
2020-11-17,sz.002424,9.14,9.21,9.06,9.15,7414073.0,67817195.2,0.9534,-0.1092,0,0
2020-11-18,sz.002424,9.13,9.34,9.09,9.21,6920789.0,63688721.24,0.8899,0.6557,0,0
2020-11-19,sz.002424,9.17,9.35,9.11,9.17,9094500.0,83726171.0,1.1694,-0.4343,0,0
2020-11-20,sz.002424,9.15,9.27,9.13,9.23,5840200.0,53737422.0,0.751,0.6543,0,0
2020-11-23,sz.002424,9.24,9.37,9.19,9.33,12354238.0,114611712.3,1.5886,1.0834,0,0
2020-11-24,sz.002424,9.33,9.34,9.06,9.1,9794903.0,89550528.89,1.2595,-2.4652,0,0
2020-11-25,sz.002424,9.05,9.1,8.93,8.95,6741541.0,60527388.13,0.8669,-1.6484,0,0
2020-11-26,sz.002424,8.95,9.01,8.79,8.91,6246900.0,55427454.0,0.8033,-0.4469,0,0
2020-11-27,sz.002424,8.88,9.05,8.81,9.04,6419700.0,57345177.71,0.8255,1.459,0,0
2020-11-30,sz.002424,9.02,9.16,8.8,8.83,10268125.0,91833758.57,1.3204,-2.323,0,0
2020-12-01,sz.002424,8.83,8.85,8.65,8.78,7741170.0,67755135.49,0.9954,-0.5663,0,0
2020-12-02,sz.002424,8.77,8.78,8.58,8.71,9320513.0,80727391.43,1.1985,-0.7973,0,0
2020-12-03,sz.002424,8.7,8.89,8.66,8.82,8738495.0,76800317.31,1.1237,1.2629,0,0
2020-12-04,sz.002424,8.78,9.3,8.78,9.01,19316673.0,175225899.95,2.4839,2.1542,0,0
2020-12-07,sz.002424,9.01,9.03,8.71,8.73,11468098.0,100668306.44,1.4747,-3.1077,0,0
2020-12-08,sz.002424,8.7,8.79,8.58,8.69,6456856.0,56069902.14,0.8303,-0.4582,0,0
2020-12-09,sz.002424,8.69,8.76,8.63,8.69,5431809.0,47201123.24,0.6985,0.0,0,0
2020-12-10,sz.002424,8.69,8.76,8.62,8.72,5498127.0,47816315.5,0.707,0.3452,0,0
2020-12-11,sz.002424,8.73,8.8,8.46,8.51,7499889.0,64452577.71,0.9644,-2.4083,0,0
2020-12-14,sz.002424,8.51,8.58,8.38,8.55,6330533.0,53603873.12,0.814,0.47,0,0
2020-12-15,sz.002424,8.53,8.54,8.41,8.44,5125000.0,43385142.0,0.659,-1.2865,0,0
2020-12-16,sz.002424,8.6,8.65,8.22,8.27,9730164.0,81604339.1,1.2512,-2.0142,0,0
2020-12-17,sz.002424,8.27,8.58,8.1,8.46,13795322.0,115219545.3,1.7739,2.2975,0,0
2020-12-18,sz.002424,8.53,8.53,8.32,8.36,6850831.0,57463117.83,0.8809,-1.182,0,0
2020-12-21,sz.002424,8.38,8.43,8.24,8.3,5978473.0,49758368.8,0.7688,-0.7177,0,0
2020-12-22,sz.002424,8.27,8.38,8.12,8.18,9137302.0,75368298.2,1.1749,-1.4458,0,0
2020-12-23,sz.002424,8.2,8.24,8.04,8.11,9379619.0,76045277.83,1.2061,-0.8557,0,0
2020-12-24,sz.002424,8.09,8.1,7.64,7.72,14176108.0,110719264.02,1.8229,-4.8089,0,0
2020-12-25,sz.002424,7.74,7.92,7.71,7.86,6188283.0,48505248.73,0.7957,1.8135,0,0
2020-12-28,sz.002424,7.93,7.93,7.65,7.72,6667265.0,51627208.87,0.8573,-1.7812,0,0
2020-12-29,sz.002424,7.72,7.78,7.68,7.71,4561365.0,35258724.29,0.5865,-0.1295,0,0
2020-12-30,sz.002424,7.73,7.8,7.68,7.74,4222038.0,32702956.83,0.5429,0.3891,0,0
2020-12-31,sz.002424,7.74,7.9,7.72,7.83,4802737.0,37525712.77,0.6176,1.1628,0,0
2021-01-04,sz.002424,7.8,7.92,7.75,7.85,7031632.0,54956255.43,0.9042,0.2554,0,0
2021-01-05,sz.002424,7.84,7.84,7.67,7.82,8697323.0,67275138.17,1.1184,-0.3822,0,0
2021-01-06,sz.002424,7.81,7.86,7.7,7.78,5345483.0,41459097.69,0.6874,-0.5115,0,0
2021-01-07,sz.002424,7.8,7.85,7.26,7.44,14181748.0,106225230.75,1.8236,-4.3702,0,0
2021-01-08,sz.002424,7.43,7.56,7.28,7.52,8009840.0,59271169.95,1.03,1.0753,0,0
2021-01-11,sz.002424,7.52,7.52,7.27,7.29,7941948.0,58386743.02,1.0212,-3.0585,0,0
2021-01-12,sz.002424,7.29,7.37,7.19,7.28,7770898.0,56434481.61,0.9992,-0.1372,0,0
2021-01-13,sz.002424,7.27,7.35,6.66,7.33,17779347.0,124369843.32,2.2862,0.6868,0,0
2021-01-14,sz.002424,7.45,7.99,7.45,7.63,21634379.0,167863889.55,2.3115,4.0928,0,0
2021-01-15,sz.002424,7.5,7.73,7.5,7.61,8897354.0,67384976.22,0.9506,-0.2621,0,0
2021-01-18,sz.002424,7.56,7.88,7.51,7.79,9099000.0,70213558.53,0.9722,2.3653,0,0
2021-01-19,sz.002424,7.79,7.89,7.7,7.82,7536849.0,58794756.11,0.8053,0.3851,0,0
2021-01-20,sz.002424,7.87,7.95,7.76,7.89,8610432.0,67762118.95,0.92,0.8951,0,0
2021-01-21,sz.002424,7.97,8.28,7.9,8.08,18455235.0,149304892.54,1.9719,2.4081,0,0
2021-01-22,sz.002424,8.15,8.2,7.96,7.99,10004503.0,80518476.29,1.0689,-1.1139,0,0
2021-01-25,sz.002424,8.0,8.14,7.87,7.94,8767108.0,69777913.58,0.9367,-0.6258,0,0
2021-01-26,sz.002424,7.86,8.0,7.7,7.74,7858589.0,61407391.07,0.8397,-2.5189,0,0
2021-01-27,sz.002424,7.69,7.81,7.63,7.65,5894393.0,45444309.87,0.6298,-1.1628,0,0
2021-01-28,sz.002424,7.63,7.78,7.47,7.74,6627787.0,50928543.38,0.7082,1.1765,0,0
2021-01-29,sz.002424,7.73,7.83,7.62,7.81,6555102.0,50691846.61,0.7004,0.9044,0,0
2021-02-01,sz.002424,7.82,8.3,7.73,8.26,17875635.0,145464948.2,1.9099,5.7618,0,0
2021-02-02,sz.002424,8.1,8.72,8.08,8.61,19431077.0,164916011.68,2.0761,4.2373,0,0
2021-02-03,sz.002424,8.48,8.7,8.45,8.53,11518820.0,98512583.29,1.2307,-0.9292,0,0
2021-02-04,sz.002424,8.41,8.53,8.0,8.15,16600170.0,136388261.15,1.7737,-4.4549,0,0
2021-02-05,sz.002424,8.15,8.3,7.92,8.13,8788693.0,71315168.98,0.939,-0.2454,0,0
2021-02-08,sz.002424,8.1,8.24,8.05,8.11,6990116.0,56888095.03,0.7469,-0.246,0,0
2021-02-09,sz.002424,8.11,8.5,7.87,8.19,11926666.0,97024648.76,1.2743,0.9864,0,0
2021-02-10,sz.002424,8.23,8.38,8.1,8.22,10221092.0,84156602.63,1.0921,0.3663,0,0
2021-02-18,sz.002424,8.26,8.73,8.21,8.68,18795530.0,161367440.8,2.0082,5.5961,0,0
2021-02-19,sz.002424,8.66,9.01,8.63,8.94,18422094.0,162885451.61,1.9683,2.9954,0,0
2021-02-22,sz.002424,9.1,9.37,8.95,9.24,31543623.0,291543270.66,3.3703,3.3557,0,0
2021-02-23,sz.002424,9.27,9.51,9.06,9.39,24057078.0,224227003.7,2.5704,1.6234,0,0
2021-02-24,sz.002424,9.42,9.91,9.38,9.64,26833748.0,258217606.3,2.8671,2.6624,0,0
2021-02-25,sz.002424,9.65,9.69,9.31,9.44,19799914.0,187737791.32,2.1155,-2.0747,0,0
2021-02-26,sz.002424,9.11,9.45,9.06,9.1,21645557.0,199339788.88,2.3127,-3.6017,0,0
2021-03-01,sz.002424,9.11,9.17,8.89,8.97,18831493.0,169436404.94,2.0121,-1.4286,0,0
2021-03-02,sz.002424,9.05,9.05,8.69,8.8,19315058.0,169950585.35,2.0637,-1.8952,0,0
2021-03-03,sz.002424,8.76,8.95,8.62,8.93,15949342.0,140090964.96,1.7041,1.4773,0,0
2021-03-04,sz.002424,8.88,8.93,8.64,8.67,15203643.0,132848508.31,1.6244,-2.9115,0,0
2021-03-05,sz.002424,8.66,8.73,8.5,8.6,12236186.0,105296888.27,1.3074,-0.8074,0,0
2021-03-08,sz.002424,8.62,8.98,8.59,8.69,15392100.0,134537939.61,1.6446,1.0465,0,0
2021-03-09,sz.002424,8.61,8.69,8.31,8.5,13487529.0,114347558.16,1.4411,-2.1864,0,0
2021-03-10,sz.002424,8.47,8.52,7.94,7.99,18120932.0,147987623.14,1.9361,-6.0,0,0
2021-03-11,sz.002424,8.03,8.05,7.78,7.99,18169833.0,143611212.37,1.9414,0.0,0,0
2021-03-12,sz.002424,8.0,8.36,7.92,8.21,15891934.0,129696335.82,1.698,2.7534,0,0
2021-03-15,sz.002424,8.15,9.03,8.15,9.03,39397020.0,349334032.86,4.2094,9.9878,1,0
2021-03-16,sz.002424,8.98,9.22,8.91,9.03,43811763.0,398520218.94,4.6811,0.0,0,0
2021-03-17,sz.002424,9.03,9.54,8.99,9.39,38351772.0,355829140.17,4.0977,3.9867,0,0
2021-03-18,sz.002424,9.4,9.68,9.18,9.2,53588349.0,504999270.77,5.7257,-2.0234,0,0
2021-03-19,sz.002424,9.2,9.39,8.95,9.01,45165873.0,412782211.23,4.8258,-2.0652,0,0
2021-03-22,sz.002424,9.09,9.18,8.7,8.77,43551624.0,386206477.86,4.6533,-2.6637,0,0
2021-03-23,sz.002424,8.6,8.76,7.89,7.89,70400794.0,573361502.53,7.522,-10.0342,0,1
2021-03-24,sz.002424,7.66,7.87,7.5,7.53,34361313.0,261961953.39,3.6714,-4.5627,0,0
2021-03-25,sz.002424,7.56,7.69,7.45,7.48,20106975.0,151772159.0,2.1483,-0.664,0,0
2021-03-26,sz.002424,7.56,7.69,7.48,7.65,15697513.0,119121035.75,1.6772,2.2727,0,0
2021-03-29,sz.002424,7.7,8.12,7.66,8.01,30178575.0,238627313.73,3.2245,4.7059,0,0
2021-03-30,sz.002424,8.01,8.06,7.84,7.93,13593579.0,107745979.4,1.4524,-0.9988,0,0
2021-03-31,sz.002424,7.9,8.08,7.84,7.95,11463383.0,91199487.13,1.2248,0.2522,0,0
2021-04-01,sz.002424,7.97,7.97,7.76,7.77,11330204.0,88844301.82,1.2106,-2.2642,0,0
2021-04-02,sz.002424,7.88,7.93,7.65,7.73,12891119.0,99648425.8,1.3774,-0.5148,0,0
2021-04-06,sz.002424,7.77,7.79,7.69,7.73,8681541.0,67146007.59,0.9276,0.0,0,0
2021-04-07,sz.002424,7.7,7.8,7.68,7.73,9161277.0,70804558.21,0.9788,0.0,0,0
2021-04-08,sz.002424,7.74,7.75,7.58,7.63,12469543.0,95327074.72,1.3323,-1.2937,0,0
2021-04-09,sz.002424,7.6,7.71,7.55,7.69,7866083.0,59925042.61,0.8405,0.7864,0,0
2021-04-12,sz.002424,7.68,7.69,7.5,7.51,13472862.0,102218218.29,1.4395,-2.3407,0,0
2021-04-13,sz.002424,7.51,7.62,7.47,7.53,7890922.0,59589981.54,0.8431,0.2663,0,0
2021-04-14,sz.002424,7.57,7.98,7.51,7.79,24115843.0,188277318.31,2.5767,3.4529,0,0
2021-04-15,sz.002424,7.79,7.86,7.69,7.77,12177482.0,94672467.03,1.3011,-0.2567,0,0
2021-04-16,sz.002424,7.78,7.83,7.72,7.8,9743477.0,75871718.34,1.0411,0.3861,0,0
2021-04-19,sz.002424,7.88,8.03,7.81,7.89,20582871.0,163673634.15,2.1992,1.1538,0,0
2021-04-20,sz.002424,7.89,8.03,7.86,7.99,13718261.0,109177993.66,1.4657,1.2674,0,0
2021-04-21,sz.002424,7.99,8.27,7.96,8.13,21985284.0,179549541.38,2.349,1.7522,0,0
2021-04-22,sz.002424,8.15,8.27,8.12,8.13,13999131.0,114489082.77,1.4957,0.0,0,0
2021-04-23,sz.002424,8.15,8.25,8.05,8.19,13318389.0,108616960.62,1.423,0.738,0,0
2021-04-26,sz.002424,8.29,8.37,8.19,8.23,17589470.0,145557403.08,1.8794,0.4884,0,0
2021-04-27,sz.002424,8.2,8.27,8.1,8.24,13172584.0,108026839.48,1.4074,0.1215,0,0
2021-04-28,sz.002424,8.2,8.41,8.14,8.35,18974042.0,157601088.62,2.0273,1.335,0,0
2021-04-29,sz.002424,8.38,8.38,8.15,8.22,13504698.0,111307196.12,1.4429,-1.5569,0,0
2021-04-30,sz.002424,8.12,8.27,7.9,8.2,17501326.0,142682604.97,1.8699,-0.2433,0,0
2021-05-06,sz.002424,8.18,8.19,7.97,8.0,12266231.0,98831293.98,1.3106,-2.439,0,0
2021-05-07,sz.002424,8.04,8.07,7.7,7.71,17102773.0,133743896.92,1.8274,-3.625,0,0
2021-05-10,sz.002424,7.71,7.82,7.52,7.57,13924987.0,106286082.39,1.4878,-1.8158,0,0
2021-05-11,sz.002424,7.53,7.7,7.52,7.68,11674243.0,89079567.23,1.2473,1.4531,0,0
2021-05-12,sz.002424,7.68,7.9,7.59,7.87,10287394.0,79857703.83,1.0992,2.474,0,0
2021-05-13,sz.002424,7.79,8.66,7.76,8.33,50271835.0,420235965.64,5.3713,5.845,0,0
2021-05-14,sz.002424,8.3,8.3,8.01,8.07,37023977.0,301155691.47,3.9559,-3.1212,0,0
2021-05-17,sz.002424,8.06,8.06,7.78,7.81,24450316.0,193245263.58,2.6124,-3.2218,0,0
2021-05-18,sz.002424,7.78,7.98,7.75,7.95,16059796.0,126140976.8,1.7159,1.7926,0,0
2021-05-19,sz.002424,7.95,8.03,7.82,7.85,13976400.0,110544844.53,1.4933,-1.2579,0,0
2021-05-20,sz.002424,7.82,7.91,7.75,7.8,10314804.0,80743166.04,1.1021,-0.6369,0,0
2021-05-21,sz.002424,7.84,7.84,7.64,7.68,13888612.0,107218971.65,1.4839,-1.5385,0,0
2021-05-24,sz.002424,7.73,7.78,7.62,7.65,12785212.0,98344546.22,1.366,-0.3906,0,0
2021-05-25,sz.002424,7.66,7.85,7.66,7.78,14308448.0,111175120.72,1.5288,1.6993,0,0
2021-05-26,sz.002424,7.78,7.95,7.72,7.88,17198450.0,135261128.22,1.8376,1.2853,0,0
2021-05-27,sz.002424,7.89,7.94,7.84,7.89,11813642.0,93182190.2,1.2622,0.1269,0,0
2021-05-28,sz.002424,7.9,7.92,7.69,7.71,14064543.0,109247370.5,1.5027,-2.2814,0,0
2021-05-31,sz.002424,7.67,7.73,7.61,7.66,14145800.0,108320677.0,1.5114,-0.6485,0,0
2021-06-01,sz.002424,7.68,7.68,7.56,7.58,16994680.0,128984486.25,1.8158,-1.0444,0,0
2021-06-02,sz.002424,7.58,7.62,7.52,7.54,15289700.0,115604152.0,1.6336,-0.5277,0,0
2021-06-03,sz.002424,7.55,7.61,7.51,7.54,11527596.0,87186540.73,1.2317,0.0,0,0
2021-06-04,sz.002424,7.54,7.68,7.51,7.63,11467486.0,86669440.34,1.2253,1.1936,0,0
2021-06-07,sz.002424,7.59,7.75,7.58,7.65,11493701.0,87977478.06,1.2281,0.2621,0,0
2021-06-08,sz.002424,7.65,7.67,7.5,7.53,11899756.0,89709980.71,1.2714,-1.5686,0,0
2021-06-09,sz.002424,7.54,7.58,7.51,7.53,8505200.0,64037232.0,0.9087,0.0,0,0
2021-06-10,sz.002424,7.52,7.53,7.35,7.36,18047083.0,133442698.58,1.9283,-2.2576,0,0
2021-06-11,sz.002424,7.36,7.39,7.18,7.18,19696301.0,142997939.11,2.1045,-2.4457,0,0
2021-06-15,sz.002424,7.14,7.16,6.97,6.97,18683226.0,131072487.78,1.9962,-2.9248,0,0
2021-06-16,sz.002424,6.98,7.13,6.98,7.02,10525900.0,74120543.09,1.1246,0.7174,0,0
2021-06-17,sz.002424,7.04,7.1,7.01,7.04,6519252.0,45891780.1,0.6966,0.2849,0,0
2021-06-18,sz.002424,7.05,7.05,6.88,6.91,14085990.0,97758692.26,1.505,-1.8466,0,0
2021-06-21,sz.002424,6.91,7.45,6.79,7.43,30207969.0,215943693.66,3.2276,7.5253,0,0
2021-06-22,sz.002424,7.36,7.48,7.24,7.45,23041842.0,169441676.54,2.4619,0.2692,0,0
2021-06-23,sz.002424,7.41,7.49,7.31,7.36,12852763.0,94885111.95,1.3733,-1.2081,0,0
2021-06-24,sz.002424,7.35,7.54,7.26,7.42,17325538.0,127975154.74,1.8512,0.8152,0,0
2021-06-25,sz.002424,7.4,7.44,7.29,7.33,9871725.0,72675574.0,1.0548,-1.2129,0,0
2021-06-28,sz.002424,7.32,7.32,7.11,7.14,14109676.0,101431168.38,1.5076,-2.5921,0,0
2021-06-29,sz.002424,7.16,7.44,7.12,7.28,17399056.0,127223358.52,1.859,1.9608,0,0
2021-06-30,sz.002424,7.27,7.49,7.15,7.36,17779656.0,130165482.38,1.8997,1.0989,0,0
2021-07-01,sz.002424,7.3,7.78,7.27,7.48,51135087.0,388600399.55,5.4636,1.6304,0,0
2021-07-02,sz.002424,7.66,7.76,7.3,7.43,34738705.0,262969963.71,3.7117,-0.6684,0,0
2021-07-05,sz.002424,7.27,7.31,7.07,7.18,23156288.0,166707431.84,2.4742,-3.3647,0,0
2021-07-06,sz.002424,7.13,7.24,7.07,7.11,15987419.0,113903231.0,1.7082,-0.9749,0,0
2021-07-07,sz.002424,7.1,7.16,7.02,7.1,9127537.0,64809559.27,0.9752,-0.1406,0,0
2021-07-08,sz.002424,7.11,7.38,6.96,7.23,29793818.0,212902887.52,3.1833,1.831,0,0
2021-07-09,sz.002424,7.18,7.51,7.12,7.36,27021803.0,198948434.7,2.8872,1.7981,0,0
2021-07-12,sz.002424,7.44,7.45,7.26,7.27,15627175.0,114517902.0,1.6697,-1.2228,0,0
2021-07-13,sz.002424,7.29,7.32,7.18,7.21,12629433.0,91268653.27,1.3494,-0.8253,0,0
2021-07-14,sz.002424,7.22,7.37,7.17,7.28,16773667.0,122306949.4,1.7921,0.9709,0,0
2021-07-15,sz.002424,7.23,7.24,7.11,7.14,13140122.0,94019480.36,1.4039,-1.9231,0,0
2021-07-16,sz.002424,7.15,7.17,7.05,7.1,11218224.0,79727157.08,1.1986,-0.5602,0,0
2021-07-19,sz.002424,7.1,7.25,7.05,7.19,11708516.0,83703625.12,1.251,1.2676,0,0
2021-07-20,sz.002424,7.15,7.24,7.08,7.09,12067453.0,85983376.32,1.2893,-1.3908,0,0
2021-07-21,sz.002424,7.11,7.15,7.07,7.11,8887400.0,63120415.0,0.9495,0.2821,0,0
2021-07-22,sz.002424,7.11,7.11,7.01,7.03,12690500.0,89341913.25,1.3559,-1.1252,0,0
2021-07-23,sz.002424,7.02,7.03,6.89,6.96,13198066.0,91663803.64,1.4101,-0.9957,0,0
2021-07-26,sz.002424,6.93,6.99,6.84,6.86,12088048.0,83353469.27,1.2915,-1.4368,0,0
2021-07-27,sz.002424,6.87,6.94,6.82,6.89,8717194.0,59939727.42,0.9314,0.4373,0,0
2021-07-28,sz.002424,6.86,6.9,6.7,6.71,11776726.0,79771634.28,1.2582,-2.6125,0,0
2021-07-29,sz.002424,6.73,6.77,6.67,6.72,8829251.0,59205268.9,0.9433,0.149,0,0
2021-07-30,sz.002424,6.78,6.92,6.77,6.83,9235901.0,63150869.05,0.9868,1.6369,0,0
2021-08-02,sz.002424,6.85,6.91,6.76,6.88,8304197.0,56931626.31,0.8872,0.7321,0,0
2021-08-03,sz.002424,6.87,6.94,6.83,6.9,10184028.0,70256304.96,1.0881,0.2907,0,0
2021-08-04,sz.002424,6.88,7.03,6.84,6.95,11955983.0,83212842.35,1.2774,0.7246,0,0
2021-08-05,sz.002424,7.0,7.1,6.96,6.97,9842150.0,69101498.97,1.0516,0.2878,0,0
2021-08-06,sz.002424,6.94,6.95,6.81,6.89,8348127.0,57237619.33,0.8919,-1.1478,0,0
2021-08-09,sz.002424,6.84,6.91,6.83,6.9,6526631.0,44911163.59,0.6973,0.1451,0,0
2021-08-10,sz.002424,6.92,6.94,6.87,6.9,6343927.0,43718393.68,0.6778,0.0,0,0
2021-08-11,sz.002424,6.9,6.93,6.86,6.89,7498800.0,51702110.88,0.8012,-0.1449,0,0
2021-08-12,sz.002424,6.89,6.92,6.84,6.85,6664706.0,45741764.1,0.7121,-0.5806,0,0
2021-08-13,sz.002424,6.84,6.85,6.76,6.8,9125900.0,62068431.0,0.975,-0.7299,0,0
2021-08-16,sz.002424,6.82,6.88,6.79,6.83,7587841.0,51878039.07,0.8107,0.4412,0,0
2021-08-17,sz.002424,6.8,6.83,6.71,6.73,9434160.0,63736878.09,1.008,-1.4641,0,0
2021-08-18,sz.002424,6.72,6.79,6.69,6.77,7866098.0,52926808.05,0.8404,0.5944,0,0
2021-08-19,sz.002424,6.75,6.75,6.68,6.69,8872903.0,59452176.07,0.948,-1.1817,0,0
2021-08-20,sz.002424,6.68,6.68,6.49,6.56,12534197.0,82372024.23,1.3392,-1.9432,0,0
2021-08-23,sz.002424,6.56,6.62,6.53,6.57,7764129.0,51052598.24,0.8295,0.1524,0,0
2021-08-24,sz.002424,6.57,6.58,6.5,6.52,8877540.0,57977982.5,0.9485,-0.761,0,0
2021-08-25,sz.002424,6.53,6.57,6.48,6.55,7199000.0,47033764.0,0.7692,0.4601,0,0
2021-08-26,sz.002424,6.55,6.69,6.48,6.64,13678989.0,90598646.99,1.4615,1.374,0,0
2021-08-27,sz.002424,6.65,6.66,6.53,6.55,6297299.0,41417042.42,0.6728,-1.3554,0,0
2021-08-30,sz.002424,6.54,6.69,6.51,6.66,9257216.0,61438464.96,0.9891,1.6794,0,0
2021-08-31,sz.002424,6.65,6.69,6.61,6.66,7280455.0,48472266.14,0.7779,0.0,0,0
2021-09-01,sz.002424,6.66,6.69,6.56,6.6,11926700.0,78848513.0,1.2743,-0.9009,0,0
2021-09-02,sz.002424,6.6,6.62,6.54,6.55,9699719.0,63702033.94,1.0363,-0.7576,0,0
2021-09-03,sz.002424,6.55,6.59,6.54,6.57,12866630.0,84469432.5,1.3747,0.3053,0,0
2021-09-06,sz.002424,6.56,6.89,6.55,6.79,25425513.0,171036207.79,2.7165,3.3486,0,0
2021-09-07,sz.002424,6.76,6.82,6.73,6.78,14886106.0,100885037.5,1.5905,-0.1473,0,0
2021-09-08,sz.002424,6.79,6.86,6.78,6.85,15769412.0,107689625.01,1.6848,1.0324,0,0
2021-09-09,sz.002424,6.84,6.91,6.83,6.87,13412779.0,92296203.8,1.433,0.292,0,0
2021-09-10,sz.002424,6.87,6.96,6.81,6.83,18016600.0,124000251.0,1.9249,-0.5822,0,0
2021-09-13,sz.002424,6.8,6.88,6.79,6.83,13007820.0,88956163.9,1.3898,0.0,0,0
2021-09-14,sz.002424,6.83,6.91,6.71,6.73,16131863.0,110010983.61,1.7236,-1.4641,0,0
2021-09-15,sz.002424,6.74,6.75,6.6,6.69,11079658.0,74100463.52,1.1838,-0.5944,0,0
2021-09-16,sz.002424,6.67,6.8,6.62,6.67,14528300.0,97566650.0,1.5522,-0.299,0,0
2021-09-17,sz.002424,6.66,6.67,6.55,6.63,12075203.0,79835311.49,1.2901,-0.5997,0,0
2021-09-22,sz.002424,6.58,6.65,6.56,6.62,8201772.0,54177494.49,0.8763,-0.1508,0,0
2021-09-23,sz.002424,6.63,6.71,6.62,6.65,11159721.0,74509247.65,1.1923,0.4532,0,0
2021-09-24,sz.002424,6.66,6.67,6.52,6.53,13964220.0,91830295.4,1.492,-1.8045,0,0
2021-09-27,sz.002424,6.53,6.55,6.28,6.31,18710978.0,119315329.19,1.9991,-3.3691,0,0
2021-09-28,sz.002424,6.31,6.34,6.26,6.32,6691908.0,42208873.52,0.715,0.1585,0,0
2021-09-29,sz.002424,6.32,6.34,6.2,6.2,8567758.0,53533502.9,0.9154,-1.8987,0,0
2021-09-30,sz.002424,6.23,6.28,6.18,6.23,6086280.0,37893091.21,0.6503,0.4839,0,0
2021-10-08,sz.002424,6.27,6.35,6.26,6.34,7125939.0,45038952.35,0.7613,1.7657,0,0
2021-10-11,sz.002424,6.35,6.37,6.32,6.35,6120918.0,38839787.0,0.654,0.1577,0,0
2021-10-12,sz.002424,6.34,6.38,6.28,6.33,6159251.0,38977272.83,0.6581,-0.315,0,0
2021-10-13,sz.002424,6.3,6.38,6.3,6.34,5384119.0,34113185.19,0.5752,0.158,0,0
2021-10-14,sz.002424,6.38,6.38,6.31,6.32,5020925.0,31865061.37,0.5364,-0.3155,0,0
2021-10-15,sz.002424,6.32,6.33,6.27,6.28,4494488.0,28261987.53,0.4802,-0.6329,0,0
2021-10-18,sz.002424,6.28,6.28,6.23,6.23,4642100.0,28994430.0,0.496,-0.7962,0,0
2021-10-19,sz.002424,6.27,6.3,6.22,6.23,4881777.0,30530828.71,0.5216,0.0,0,0
2021-10-20,sz.002424,6.23,6.27,6.18,6.25,6077200.0,37783734.5,0.6493,0.321,0,0
2021-10-21,sz.002424,6.25,6.26,6.17,6.17,5268938.0,32701993.22,0.5629,-1.28,0,0
2021-10-22,sz.002424,6.17,6.2,6.13,6.14,6691146.0,41213479.74,0.7149,-0.4862,0,0
2021-10-25,sz.002424,6.16,6.16,6.02,6.08,7778556.0,47199038.15,0.8311,-0.9772,0,0
2021-10-26,sz.002424,6.04,6.08,6.0,6.02,7191814.0,43349205.14,0.7684,-0.9868,0,0
2021-10-27,sz.002424,6.02,6.02,5.77,5.78,11724399.0,68676246.77,1.2527,-3.9867,0,0
2021-10-28,sz.002424,5.76,5.82,5.68,5.69,7864100.0,45098729.0,0.8402,-1.5571,0,0
2021-10-29,sz.002424,5.69,5.95,5.69,5.92,10476499.0,61425366.38,1.1193,4.0422,0,0
2021-11-01,sz.002424,5.9,5.91,5.82,5.84,7502321.0,43981571.85,0.8016,-1.3514,0,0
2021-11-02,sz.002424,5.87,5.91,5.71,5.74,7393923.0,42895549.01,0.79,-1.7123,0,0
2021-11-03,sz.002424,5.74,5.84,5.74,5.79,4931000.0,28594622.0,0.5268,0.8711,0,0
2021-11-04,sz.002424,5.79,5.87,5.79,5.86,5113300.0,29872209.0,0.5463,1.209,0,0
2021-11-05,sz.002424,5.87,5.94,5.83,5.93,6496900.0,38369386.0,0.6941,1.1945,0,0
2021-11-08,sz.002424,5.92,5.93,5.81,5.89,6181486.0,36296790.72,0.6604,-0.6745,0,0
2021-11-09,sz.002424,5.9,5.97,5.88,5.95,4390600.0,25999697.0,0.4691,1.0187,0,0
2021-11-10,sz.002424,6.0,6.0,5.88,5.98,6639405.0,39508813.95,0.7094,0.5042,0,0
2021-11-11,sz.002424,5.98,6.09,5.96,6.06,7110887.0,43038668.27,0.7597,1.3378,0,0
2021-11-12,sz.002424,6.07,6.07,5.99,6.06,5232331.0,31584703.86,0.559,0.0,0,0
2021-11-15,sz.002424,6.06,6.18,6.05,6.13,8043012.0,49245804.08,0.8593,1.1551,0,0
2021-11-16,sz.002424,6.11,6.18,6.08,6.09,6786325.0,41632149.72,0.7251,-0.6525,0,0
2021-11-17,sz.002424,6.1,6.16,6.05,6.09,5958387.0,36260444.04,0.6366,0.0,0,0
2021-11-18,sz.002424,6.1,6.12,5.98,5.98,7632406.0,46055406.43,0.8155,-1.8062,0,0
2021-11-19,sz.002424,6.0,6.01,5.93,6.0,7064942.0,42198220.98,0.7548,0.3344,0,0
2021-11-22,sz.002424,6.0,6.06,5.99,6.04,5945674.0,35861485.9,0.6352,0.6667,0,0
2021-11-23,sz.002424,6.02,6.05,5.99,6.01,4741103.0,28549232.0,0.5065,-0.4967,0,0
2021-11-24,sz.002424,6.02,6.05,5.98,6.02,6116587.0,36795635.74,0.6535,0.1664,0,0
2021-11-25,sz.002424,6.04,6.25,6.04,6.11,15949666.0,98144641.67,1.7041,1.495,0,0
2021-11-26,sz.002424,6.11,6.16,6.0,6.01,10334803.0,62563362.03,1.1042,-1.6367,0,0
2021-11-29,sz.002424,5.96,6.12,5.95,5.98,9727200.0,58509424.0,1.0393,-0.4992,0,0
2021-11-30,sz.002424,5.99,6.02,5.95,6.0,10233504.0,61157799.14,1.0934,0.3344,0,0
2021-12-01,sz.002424,6.0,6.1,5.98,6.09,11664745.0,70564928.53,1.2463,1.5,0,0
2021-12-02,sz.002424,6.09,6.09,5.91,5.96,11648527.0,69772209.65,1.2445,-2.1346,0,0
2021-12-03,sz.002424,5.92,5.95,5.85,5.88,12736455.0,75039585.82,1.3608,-1.3423,0,0
2021-12-06,sz.002424,5.89,5.89,5.77,5.78,11360700.0,66014917.0,1.2138,-1.7007,0,0
2021-12-07,sz.002424,5.78,5.82,5.75,5.8,6480980.0,37525576.4,0.6924,0.346,0,0
2021-12-08,sz.002424,5.83,5.83,5.79,5.83,6140316.0,35693027.93,0.656,0.5172,0,0
2021-12-09,sz.002424,5.83,5.91,5.81,5.89,8323681.0,48860536.82,0.8893,1.0292,0,0
2021-12-10,sz.002424,5.88,5.92,5.85,5.89,6563872.0,38745714.02,0.7013,0.0,0,0
2021-12-13,sz.002424,5.9,5.93,5.88,5.9,5621328.0,33189593.48,0.6006,0.1698,0,0
2021-12-14,sz.002424,5.88,5.94,5.87,5.91,5667611.0,33483970.29,0.6055,0.1695,0,0
2021-12-15,sz.002424,5.9,6.03,5.89,5.99,10280400.0,61363590.0,1.0984,1.3536,0,0
2021-12-16,sz.002424,5.96,5.99,5.92,5.94,7945925.0,47259533.25,0.849,-0.8347,0,0
2021-12-17,sz.002424,5.94,5.97,5.89,5.94,7056740.0,41799874.6,0.754,0.0,0,0
2021-12-20,sz.002424,5.94,6.1,5.92,6.09,21053237.0,127576049.89,2.2494,2.5253,0,0
2021-12-21,sz.002424,6.55,6.7,6.55,6.7,24818009.0,165991587.3,2.6516,10.0164,1,0
2021-12-22,sz.002424,7.37,7.37,7.37,7.37,12631814.0,93096469.18,1.3496,10.0,1,0
2021-12-23,sz.002424,8.11,8.11,7.1,7.15,176781803.0,1361321959.81,18.8877,-2.9851,0,0
2021-12-24,sz.002424,6.85,7.6,6.58,7.19,128068354.0,900867825.77,13.683,0.5594,0,0
2021-12-27,sz.002424,7.01,7.45,6.98,7.15,81426871.0,589346730.51,8.6998,-0.5563,0,0
2021-12-28,sz.002424,7.2,7.5,7.03,7.31,81710205.0,594960389.97,8.7301,2.2378,0,0
2021-12-29,sz.002424,7.16,7.4,7.03,7.03,65099150.0,467194845.51,6.9553,-3.8304,0,0
2021-12-30,sz.002424,7.01,7.54,6.9,7.36,80922859.0,581529014.77,8.6459,4.6942,0,0
2021-12-31,sz.002424,7.32,7.94,7.3,7.6,101766690.0,776116585.42,10.8729,3.2609,0,0
2022-01-04,sz.002424,7.58,8.0,7.51,7.72,97695289.0,758955107.9,10.4379,1.5789,0,0
2022-01-05,sz.002424,7.57,7.65,7.22,7.26,78675206.0,580136826.18,8.4058,-5.9585,0,0
2022-01-06,sz.002424,7.23,7.42,7.07,7.34,59456898.0,431704312.3,6.3525,1.1019,0,0
2022-01-07,sz.002424,7.28,7.44,7.16,7.22,48474202.0,352691323.18,5.1791,-1.6349,0,0
2022-01-10,sz.002424,7.2,7.44,7.18,7.32,42486010.0,310133977.03,4.5393,1.385,0,0
2022-01-11,sz.002424,7.28,7.49,7.23,7.39,52479070.0,388292118.03,5.607,0.9563,0,0
2022-01-12,sz.002424,7.42,7.42,7.21,7.29,40195745.0,293091291.26,4.2946,-1.3532,0,0
2022-01-13,sz.002424,7.21,7.4,7.12,7.23,49650636.0,359766453.39,5.3048,-0.823,0,0
2022-01-14,sz.002424,7.2,7.52,7.15,7.37,62821405.0,464249714.74,6.7119,1.9364,0,0
2022-01-17,sz.002424,7.37,7.55,7.24,7.3,49273823.0,363371102.04,5.2645,-0.9498,0,0
2022-01-18,sz.002424,7.25,7.28,6.83,7.0,62481513.0,435817475.21,6.6756,-4.1096,0,0
2022-01-19,sz.002424,6.92,7.06,6.91,6.95,23482800.0,163709954.03,2.5089,-0.7143,0,0
2022-01-20,sz.002424,6.99,7.15,6.85,6.88,30037703.0,210003956.0,3.2093,-1.0072,0,0
2022-01-21,sz.002424,6.88,6.91,6.71,6.79,26593420.0,180277396.43,2.8413,-1.3081,0,0
2022-01-24,sz.002424,6.77,6.8,6.65,6.7,15302993.0,102631633.24,1.635,-1.3255,0,0
2022-01-25,sz.002424,6.78,6.79,6.43,6.47,24242024.0,159290160.49,2.5901,-3.4328,0,0
2022-01-26,sz.002424,6.46,6.54,6.36,6.41,17575307.0,113226106.63,1.8778,-0.9274,0,0
2022-01-27,sz.002424,6.7,6.75,6.24,6.29,36868353.0,239170410.58,3.9391,-1.8721,0,0
2022-01-28,sz.002424,6.28,6.51,6.24,6.41,23493650.0,149759240.18,2.5101,1.9078,0,0
2022-02-07,sz.002424,6.45,6.51,6.31,6.4,17568273.0,112577544.6,1.877,-0.156,0,0
2022-02-08,sz.002424,6.4,6.49,6.33,6.48,18130100.0,116347617.0,1.9371,1.25,0,0
2022-02-09,sz.002424,6.46,6.69,6.42,6.62,22978329.0,151174641.46,2.455,2.1605,0,0
2022-02-10,sz.002424,6.59,6.68,6.55,6.58,14442373.0,95317494.09,1.543,-0.6042,0,0
2022-02-11,sz.002424,6.53,6.56,6.38,6.39,17436853.0,112459582.82,1.863,-2.8875,0,0
2022-02-14,sz.002424,6.37,6.51,6.33,6.39,11871100.0,76289447.0,1.2683,0.0,0,0
2022-02-15,sz.002424,6.44,6.52,6.37,6.46,12770690.0,82431238.42,1.3644,1.0955,0,0
2022-02-16,sz.002424,6.5,6.51,6.43,6.46,10927924.0,70675835.6,1.1676,0.0,0,0
2022-02-17,sz.002424,6.43,6.46,6.34,6.36,13128076.0,83871809.58,1.4026,-1.548,0,0
2022-02-18,sz.002424,6.31,6.45,6.31,6.41,11452323.0,73271086.99,1.2236,0.7862,0,0
2022-02-21,sz.002424,6.42,6.68,6.4,6.66,27373037.0,180569934.32,2.9246,3.9002,0,0
2022-02-22,sz.002424,6.66,6.66,6.46,6.47,20647000.0,134593425.81,2.206,-2.8529,0,0
2022-02-23,sz.002424,6.48,6.54,6.42,6.49,15720300.0,102053405.0,1.6796,0.3091,0,0
2022-02-24,sz.002424,6.47,6.59,6.22,6.3,32612484.0,208976251.46,3.4844,-2.9276,0,0
2022-02-25,sz.002424,6.36,6.59,6.36,6.48,19833916.0,128502959.25,2.1191,2.8571,0,0
2022-02-28,sz.002424,6.45,6.5,6.33,6.43,12884485.0,82575588.0,1.3766,-0.7716,0,0
2022-03-01,sz.002424,6.43,6.46,6.35,6.4,12069643.0,77231614.0,1.2895,-0.4666,0,0
2022-03-02,sz.002424,6.36,6.59,6.34,6.53,20516852.0,133201056.0,2.1921,2.0313,0,0
2022-03-03,sz.002424,6.59,6.72,6.52,6.65,32541653.0,215590782.0,3.4768,1.8377,0,0
2022-03-04,sz.002424,6.63,6.78,6.6,6.64,27446091.0,183663529.0,2.9324,-0.1504,0,0
2022-03-07,sz.002424,6.6,6.72,6.56,6.6,20048585.0,133026539.0,2.142,-0.6024,0,0
2022-03-08,sz.002424,6.64,6.67,6.32,6.32,21326615.0,137159225.0,2.2786,-4.2424,0,0
2022-03-09,sz.002424,6.36,6.38,5.95,6.18,26254585.0,162387156.0,2.8051,-2.2152,0,0
2022-03-10,sz.002424,6.25,6.46,6.25,6.42,24674119.0,157568331.0,2.6362,3.8835,0,0
2022-03-11,sz.002424,6.42,6.65,6.36,6.63,27761748.0,181356038.0,2.9661,3.271,0,0
2022-03-14,sz.002424,6.63,6.7,6.43,6.43,24140690.0,158582312.0,2.5792,-3.0166,0,0
2022-03-15,sz.002424,6.36,6.42,5.98,5.99,28885857.0,179222947.0,3.0862,-6.8429,0,0
2022-03-16,sz.002424,6.07,6.12,5.71,6.07,28225601.0,166995048.0,3.0157,1.3356,0,0
2022-03-17,sz.002424,6.08,6.47,6.01,6.26,34284257.0,216596618.0,3.663,3.1301,0,0
2022-03-18,sz.002424,6.27,6.65,6.25,6.55,33166400.0,215724774.32,3.5436,4.6326,0,0
2022-03-21,sz.002424,6.56,6.67,6.5,6.62,28852095.0,189949204.36,3.0826,1.0687,0,0
2022-03-22,sz.002424,6.67,6.69,6.53,6.61,23142889.0,152839680.78,2.4726,-0.1511,0,0
2022-03-23,sz.002424,6.6,6.82,6.53,6.71,34500772.0,231034553.21,3.6861,1.5129,0,0
2022-03-24,sz.002424,6.64,6.83,6.61,6.8,46367346.0,312974027.13,4.954,1.3413,0,0
2022-03-25,sz.002424,6.93,7.48,6.82,7.48,33397932.0,245082044.81,3.5683,10.0,1,0
2022-03-28,sz.002424,7.74,8.23,7.25,8.23,165298556.0,1266538329.51,17.6608,10.0267,1,0
2022-03-29,sz.002424,8.3,9.05,8.01,9.05,240008070.0,2085980437.14,25.6429,9.9635,1,0
2022-03-30,sz.002424,9.96,9.96,9.4,9.96,280584800.0,2766419437.32,29.9782,10.0552,1,0
2022-03-31,sz.002424,10.0,10.96,9.76,9.96,392941040.0,4150896130.1,41.9825,0.0,0,0
2022-04-01,sz.002424,9.46,9.84,8.96,8.96,239613899.0,2192350638.06,25.6008,-10.0402,0,1
2022-04-06,sz.002424,9.09,9.33,8.5,8.53,233791690.0,2070692899.62,24.9787,-4.7991,0,0
2022-04-07,sz.002424,8.4,8.48,7.73,8.0,206992284.0,1670394188.44,22.1154,-6.2134,0,0
2022-04-08,sz.002424,7.94,7.95,7.61,7.72,118746455.0,919684582.5,12.6871,-3.5,0,0
2022-04-11,sz.002424,7.67,8.05,7.64,7.77,121745382.0,952011838.69,13.0075,0.6477,0,0
2022-04-12,sz.002424,7.65,7.86,7.4,7.61,104800646.0,793428954.32,11.1971,-2.0592,0,0
2022-04-13,sz.002424,7.49,7.54,7.18,7.22,91570573.0,671074522.98,9.7836,-5.1248,0,0
2022-04-14,sz.002424,7.28,7.49,7.25,7.38,74460297.0,550253809.31,7.9555,2.2161,0,0
2022-04-15,sz.002424,7.34,7.56,7.22,7.25,86805651.0,640218059.92,9.2745,-1.7615,0,0
2022-04-18,sz.002424,7.2,7.41,7.17,7.21,53025628.0,385136550.07,5.6654,-0.5517,0,0
2022-04-19,sz.002424,7.22,7.4,7.11,7.3,53542274.0,390887989.61,5.7206,1.2483,0,0
2022-04-20,sz.002424,7.31,7.4,7.15,7.19,57273167.0,417730857.2,6.1192,-1.5068,0,0
2022-04-21,sz.002424,7.07,7.23,6.85,6.9,60325112.0,422424968.44,6.4452,-4.0334,0,0
2022-04-22,sz.002424,6.8,6.99,6.67,6.73,50615201.0,343096808.76,5.4078,-2.4638,0,0
2022-04-25,sz.002424,6.74,6.92,6.15,6.18,82468849.0,537218163.65,8.8111,-8.1724,0,0
2022-04-26,sz.002424,6.17,6.33,6.0,6.04,58676934.0,361409116.48,6.2691,-2.2654,0,0
2022-04-27,sz.002424,5.91,6.45,5.91,6.41,69539892.0,435561042.11,7.4298,6.1258,0,0
2022-04-28,sz.002424,6.34,6.51,6.3,6.43,52585773.0,337080014.21,5.6184,0.312,0,0
2022-04-29,sz.002424,6.43,6.77,6.39,6.65,59949520.0,395348475.27,6.4051,3.4215,0,0
2022-05-05,sz.002424,6.58,6.95,6.55,6.91,63409240.0,431217359.97,6.7748,3.9098,0,0
2022-05-06,sz.002424,6.72,6.95,6.66,6.84,48380474.0,329202265.07,5.1691,-1.013,0,0
2022-05-09,sz.002424,6.8,7.34,6.76,7.22,74772841.0,532866335.33,7.9889,5.5556,0,0
2022-05-10,sz.002424,7.08,7.22,6.92,7.18,60604269.0,428254279.31,6.4751,-0.554,0,0
2022-05-11,sz.002424,7.13,7.61,7.12,7.21,92326877.0,677959319.06,9.8644,0.4178,0,0
2022-05-12,sz.002424,6.98,7.36,6.97,7.26,62679183.0,451049975.76,6.6968,0.6935,0,0
2022-05-13,sz.002424,7.25,7.42,7.1,7.32,58202547.0,422696725.8,6.2185,0.8264,0,0
2022-05-16,sz.002424,7.38,7.49,7.26,7.34,49339625.0,362725497.75,5.2715,0.2732,0,0
2022-05-17,sz.002424,7.26,7.3,7.09,7.17,41034376.0,294016124.29,4.3842,-2.3161,0,0
2022-05-18,sz.002424,7.1,7.21,7.04,7.09,31255508.0,222227385.46,3.3394,-1.1158,0,0
2022-05-19,sz.002424,6.99,7.16,6.9,7.13,33873931.0,238746581.0,3.6192,0.5642,0,0
2022-05-20,sz.002424,7.14,7.34,7.07,7.13,38053070.0,273417870.92,4.0657,0.0,0,0
2022-05-23,sz.002424,7.15,7.33,7.13,7.23,34384579.0,248435338.43,3.6737,1.4025,0,0
2022-05-24,sz.002424,7.57,7.95,7.28,7.95,89764468.0,682319716.9,9.5906,9.9585,1,0
2022-05-25,sz.002424,8.07,8.63,7.88,7.89,201156034.0,1659901657.16,21.4919,-0.7547,0,0
2022-05-26,sz.002424,7.89,8.07,7.54,7.59,127248905.0,978101186.97,13.5955,-3.8023,0,0
2022-05-27,sz.002424,7.62,7.69,7.41,7.42,79276424.0,596243520.03,8.47,-2.2398,0,0
2022-05-30,sz.002424,7.42,7.47,7.25,7.28,60428582.0,443138904.48,6.4563,-1.8868,0,0
2022-05-31,sz.002424,7.3,7.43,7.16,7.37,59051601.0,432341078.21,6.3092,1.2363,0,0
2022-06-01,sz.002424,7.36,7.44,7.26,7.27,43505802.0,319298732.58,4.6482,-1.3569,0,0
2022-06-02,sz.002424,7.23,7.25,7.05,7.05,50006016.0,355456911.81,5.3427,-3.0261,0,0
2022-06-06,sz.002424,7.05,7.18,7.03,7.14,34071264.0,242182553.26,3.6402,1.2766,0,0
2022-06-07,sz.002424,7.13,7.48,7.09,7.48,78837436.0,576616941.52,8.4231,4.7619,0,0
2022-06-08,sz.002424,7.39,7.5,7.25,7.35,57649705.0,423295511.77,6.1594,-1.738,0,0
2022-06-09,sz.002424,7.3,7.39,7.12,7.12,37568153.0,271238026.05,4.0138,-3.1293,0,0
2022-06-10,sz.002424,7.1,7.28,7.1,7.23,31777338.0,229184994.41,3.3951,1.5449,0,0
2022-06-13,sz.002424,7.21,7.31,7.11,7.15,31622097.0,227759183.16,3.3786,-1.1065,0,0
2022-06-14,sz.002424,7.1,7.21,6.96,7.2,37055659.0,263915331.15,3.9591,0.6993,0,0
2022-06-15,sz.002424,7.18,7.3,7.17,7.21,34643069.0,250930632.73,3.7013,0.1389,0,0
2022-06-16,sz.002424,7.19,7.48,7.18,7.42,53418059.0,393882871.28,5.7073,2.9126,0,0
2022-06-17,sz.002424,7.37,7.75,7.37,7.69,65871005.0,501943002.78,7.0378,3.6388,0,0
2022-06-20,sz.002424,7.73,7.93,7.6,7.87,63154268.0,490049914.27,6.7475,2.3407,0,0
2022-06-21,sz.002424,7.86,7.86,7.62,7.64,46103822.0,355110371.79,4.9258,-2.9225,0,0
2022-06-22,sz.002424,7.69,7.81,7.62,7.65,44190109.0,341353754.48,4.7213,0.1309,0,0
2022-06-23,sz.002424,7.65,7.73,7.49,7.7,34004679.0,257950269.98,3.6331,0.6536,0,0
2022-06-24,sz.002424,7.67,7.76,7.62,7.7,27131901.0,208603846.72,2.8988,0.0,0,0
2022-06-27,sz.002424,7.82,7.91,7.67,7.72,35029744.0,272427000.38,3.7426,0.2597,0,0
2022-06-28,sz.002424,7.65,7.81,7.56,7.8,35664576.0,276114826.75,3.8105,1.0363,0,0
2022-06-29,sz.002424,7.78,7.88,7.62,7.64,32706755.0,253500630.35,3.4944,-2.0513,0,0
2022-06-30,sz.002424,7.63,7.85,7.62,7.69,28460749.0,220773321.97,3.0408,0.6545,0,0
2022-07-01,sz.002424,7.67,7.75,7.55,7.59,19390915.0,147640448.93,2.0718,-1.3004,0,0
2022-07-04,sz.002424,7.63,7.79,7.6,7.79,27779529.0,214422988.88,2.968,2.635,0,0
2022-07-05,sz.002424,7.8,7.8,7.56,7.71,27342419.0,209974842.41,2.9213,-1.027,0,0
2022-07-06,sz.002424,7.65,7.76,7.38,7.46,30800628.0,232062540.84,3.2908,-3.2425,0,0
2022-07-07,sz.002424,7.45,7.5,7.32,7.45,20177108.0,149717742.45,2.1558,-0.134,0,0
2022-07-08,sz.002424,7.44,8.2,7.43,7.86,105297398.0,837024725.66,11.2502,5.5034,0,0
2022-07-11,sz.002424,7.9,8.2,7.86,7.97,81572688.0,653359315.69,8.7154,1.3995,0,0
2022-07-12,sz.002424,7.91,7.98,7.71,7.79,48153650.0,377307955.31,5.1448,-2.2585,0,0
2022-07-13,sz.002424,7.75,7.8,7.55,7.64,38641732.0,294644842.97,4.1286,-1.9255,0,0
2022-07-14,sz.002424,7.69,7.83,7.63,7.69,32974722.0,255010494.91,3.5231,0.6545,0,0
2022-07-15,sz.002424,7.6,8.01,7.49,7.69,48719986.0,377717978.19,5.2053,0.0,0,0
2022-07-18,sz.002424,7.7,7.8,7.55,7.79,37459476.0,286840588.46,4.0022,1.3004,0,0
2022-07-19,sz.002424,7.75,7.95,7.62,7.67,35942663.0,278225304.98,3.8402,-1.5404,0,0
2022-07-20,sz.002424,7.71,8.18,7.7,8.01,76637621.0,611959329.38,8.1881,4.4329,0,0
2022-07-21,sz.002424,7.96,7.99,7.86,7.89,37346563.0,295018734.62,3.9902,-1.4981,0,0
2022-07-22,sz.002424,7.88,7.92,7.7,7.79,34051478.0,265798222.5,3.6381,-1.2674,0,0
2022-07-25,sz.002424,7.79,7.88,7.76,7.79,25297408.0,197745916.27,2.7028,0.0,0,0
2022-07-26,sz.002424,7.89,7.92,7.67,7.81,27270240.0,211632718.54,2.9136,0.2567,0,0
2022-07-27,sz.002424,7.75,7.86,7.71,7.82,23590208.0,183667558.66,2.5204,0.128,0,0
2022-07-28,sz.002424,7.82,7.96,7.78,7.9,35172889.0,277377284.14,3.7579,1.023,0,0
2022-07-29,sz.002424,7.9,7.9,7.68,7.7,32528727.0,253186353.9,3.4754,-2.5316,0,0
2022-08-01,sz.002424,7.7,7.75,7.56,7.74,18874923.0,145247346.44,2.0166,0.5195,0,0
2022-08-02,sz.002424,7.66,7.68,7.12,7.12,48005993.0,351767270.36,5.129,-8.0103,0,0
2022-08-03,sz.002424,7.21,7.55,7.21,7.24,35391758.0,260553076.74,3.7813,1.6854,0,0
2022-08-04,sz.002424,7.32,7.39,7.18,7.34,18276124.0,133535303.64,1.9527,1.3812,0,0
2022-08-05,sz.002424,7.38,7.48,7.23,7.35,18423822.0,134950007.68,1.9684,0.1362,0,0
2022-08-08,sz.002424,7.34,7.5,7.3,7.39,17885863.0,132432210.23,1.911,0.5442,0,0
2022-08-09,sz.002424,7.26,7.26,7.1,7.21,23942841.0,172287343.77,2.5581,-2.4357,0,0
2022-08-10,sz.002424,7.18,7.21,6.97,7.05,34031760.0,240809497.45,3.636,-2.2191,0,0
2022-08-11,sz.002424,7.08,7.2,7.06,7.19,21097400.0,150529878.0,2.2541,1.9858,0,0
2022-08-12,sz.002424,7.17,7.27,7.11,7.15,16039000.0,115155199.0,1.7136,-0.5563,0,0
2022-08-15,sz.002424,7.14,7.14,7.07,7.09,14711213.0,104292491.04,1.5718,-0.8392,0,0
2022-08-16,sz.002424,7.1,7.14,7.06,7.14,14564822.0,103329498.43,1.5561,0.7052,0,0
2022-08-17,sz.002424,7.14,7.16,7.06,7.08,15913451.0,112825925.14,1.7002,-0.8403,0,0
2022-08-18,sz.002424,7.08,7.29,7.02,7.2,27019848.0,193828012.72,2.8868,1.6949,0,0
2022-08-19,sz.002424,7.18,7.25,7.1,7.11,15380859.0,110207649.37,1.6433,-1.25,0,0
2022-08-22,sz.002424,7.08,7.17,7.05,7.15,12515100.0,89119422.0,1.3371,0.5626,0,0
2022-08-23,sz.002424,7.18,7.42,7.16,7.38,32051916.0,234039024.63,3.4245,3.2168,0,0
2022-08-24,sz.002424,7.38,7.4,7.16,7.19,22071381.0,160105176.89,2.3581,-2.5745,0,0
2022-08-25,sz.002424,7.25,7.27,7.1,7.21,14565250.0,104440494.0,1.5562,0.2782,0,0
2022-08-26,sz.002424,7.23,7.26,7.13,7.18,13590474.0,97714857.1,1.452,-0.4161,0,0
2022-08-29,sz.002424,7.1,7.22,7.03,7.16,11392925.0,81398339.93,1.0572,-0.2786,0,0
2022-08-30,sz.002424,7.15,7.19,7.09,7.12,10352884.0,73775854.7,0.9607,-0.5587,0,0
2022-08-31,sz.002424,7.09,7.11,6.98,6.98,15491147.0,108867647.43,1.4375,-1.9663,0,0
2022-09-01,sz.002424,6.99,7.15,6.98,7.08,11410761.0,80672182.66,1.0589,1.4327,0,0
2022-09-02,sz.002424,7.08,7.12,7.01,7.03,9941591.0,70125941.73,0.9225,-0.7062,0,0
2022-09-05,sz.002424,7.03,7.08,6.99,7.04,8232762.0,57785175.38,0.764,0.1422,0,0
2022-09-06,sz.002424,7.04,7.09,7.0,7.09,12390145.0,87478459.53,1.1497,0.7102,0,0
2022-09-07,sz.002424,7.08,7.08,7.02,7.03,10973221.0,77187241.81,1.0183,-0.8463,0,0
2022-09-08,sz.002424,7.02,7.05,6.94,6.95,11820000.0,82643229.0,1.0968,-1.138,0,0
2022-09-09,sz.002424,6.95,6.99,6.92,6.98,8615149.0,59922820.41,0.7994,0.4317,0,0
2022-09-13,sz.002424,6.98,7.12,6.97,7.06,13734726.0,96878897.84,1.2745,1.1461,0,0
2022-09-14,sz.002424,6.96,7.03,6.93,7.01,8780860.0,61339252.17,0.8148,-0.7082,0,0
2022-09-15,sz.002424,7.02,7.04,6.76,6.86,15936349.0,110003022.58,1.4788,-2.1398,0,0
2022-09-16,sz.002424,6.82,6.84,6.65,6.65,12799873.0,86171526.12,1.1878,-3.0612,0,0
2022-09-19,sz.002424,6.68,6.68,6.46,6.5,9233000.0,60619966.42,0.8568,-2.2556,0,0
2022-09-20,sz.002424,6.51,6.64,6.51,6.61,6802835.0,44832074.76,0.6313,1.6923,0,0
2022-09-21,sz.002424,6.59,6.65,6.49,6.62,7113273.0,46760912.27,0.6601,0.1513,0,0
2022-09-22,sz.002424,6.57,6.7,6.55,6.58,7057000.0,46755036.0,0.6548,-0.6042,0,0
2022-09-23,sz.002424,6.58,6.62,6.39,6.4,10080107.0,65068912.31,0.9354,-2.7356,0,0
2022-09-26,sz.002424,6.38,6.39,6.14,6.16,12237039.0,76365905.26,1.1355,-3.75,0,0
2022-09-27,sz.002424,6.16,6.48,6.16,6.47,17794244.0,112675297.98,1.6512,5.0325,0,0
2022-09-28,sz.002424,6.47,6.52,6.34,6.35,9943026.0,63870548.11,0.9227,-1.8547,0,0
2022-09-29,sz.002424,6.4,6.49,6.26,6.3,9651784.0,61604714.75,0.8956,-0.7874,0,0
2022-09-30,sz.002424,6.29,6.45,6.26,6.35,11154457.0,71215968.95,1.0351,0.7937,0,0
2022-10-10,sz.002424,6.36,6.45,6.21,6.24,9156200.0,58082768.0,0.8496,-1.7323,0,0
2022-10-11,sz.002424,6.23,6.3,6.11,6.3,8863100.0,54932564.0,0.8224,0.9615,0,0
2022-10-12,sz.002424,6.28,6.39,6.16,6.39,8664568.0,54393102.84,0.804,1.4286,0,0
2022-10-13,sz.002424,6.35,6.54,6.33,6.48,11066184.0,71499194.94,1.0269,1.4085,0,0
2022-10-14,sz.002424,6.48,6.72,6.48,6.67,18740632.0,124481101.88,1.739,2.9321,0,0
2022-10-17,sz.002424,6.67,6.81,6.63,6.71,15466325.0,103994769.57,1.4352,0.5997,0,0
2022-10-18,sz.002424,6.75,6.92,6.63,6.86,24855664.0,169923496.05,2.3065,2.2355,0,0
2022-10-19,sz.002424,6.87,6.87,6.67,6.71,16297543.0,109683179.61,1.5123,-2.1866,0,0
2022-10-20,sz.002424,6.64,6.8,6.63,6.69,15990084.0,107585047.7,1.4838,-0.2981,0,0
2022-10-21,sz.002424,6.69,6.84,6.67,6.72,14562700.0,98452524.0,1.3513,0.4484,0,0
2022-10-24,sz.002424,6.8,6.88,6.48,6.54,19066851.0,127103134.37,1.7693,-2.6786,0,0
2022-10-25,sz.002424,6.54,6.55,6.37,6.48,11786600.0,75954666.0,1.0937,-0.9174,0,0
2022-10-26,sz.002424,6.48,6.75,6.45,6.69,16953700.0,113273141.0,1.5732,3.2407,0,0
2022-10-27,sz.002424,6.65,6.87,6.56,6.78,26619000.0,178702644.91,2.4701,1.3453,0,0
2022-10-28,sz.002424,6.75,6.83,6.55,6.6,21638228.0,144734355.87,2.0079,-2.6549,0,0
2022-10-31,sz.002424,6.5,6.73,6.47,6.66,18223357.0,120230364.81,1.691,0.9091,0,0
2022-11-01,sz.002424,6.7,6.85,6.63,6.79,21009540.0,141558214.67,1.9496,1.952,0,0
2022-11-02,sz.002424,6.81,7.07,6.75,6.91,37553416.0,260828641.08,3.4847,1.7673,0,0
2022-11-03,sz.002424,6.9,6.93,6.78,6.82,18799900.0,128503083.0,1.7445,-1.3025,0,0
2022-11-04,sz.002424,6.82,6.95,6.78,6.89,20618797.0,141393765.31,1.9133,1.0264,0,0
2022-11-07,sz.002424,6.85,6.98,6.85,6.91,19221429.0,132804033.57,1.7836,0.2903,0,0
2022-11-08,sz.002424,6.88,7.15,6.83,7.15,40396020.0,283473970.64,3.7485,3.4732,0,0
2022-11-09,sz.002424,7.06,7.38,7.05,7.25,49580717.0,359395364.78,4.6008,1.3986,0,0
2022-11-10,sz.002424,7.38,7.73,7.19,7.36,78206399.0,584261130.85,7.2571,1.5172,0,0
2022-11-11,sz.002424,7.42,7.68,7.1,7.11,87554328.0,646887568.88,8.1245,-3.3967,0,0
2022-11-14,sz.002424,7.12,7.82,7.09,7.73,106151407.0,795068797.92,9.8502,8.7201,0,0
2022-11-15,sz.002424,7.58,7.65,7.35,7.57,82745169.0,620707100.95,7.6783,-2.0699,0,0
2022-11-16,sz.002424,7.53,7.96,7.4,7.87,100662395.0,773858209.08,9.3409,3.963,0,0
2022-11-17,sz.002424,7.7,8.12,7.65,7.91,87089537.0,689121043.03,8.0814,0.5083,0,0
2022-11-18,sz.002424,7.84,8.07,7.76,7.88,86871328.0,689331472.01,8.0612,-0.3793,0,0
2022-11-21,sz.002424,7.85,8.18,7.73,8.06,72881368.0,583244918.59,6.763,2.2843,0,0
2022-11-22,sz.002424,7.96,8.11,7.56,7.68,72667798.0,566596266.01,6.7432,-4.7146,0,0
2022-11-23,sz.002424,7.58,7.67,7.24,7.3,49611746.0,364313410.24,4.6037,-4.9479,0,0
2022-11-24,sz.002424,7.41,7.45,7.28,7.39,31072652.0,229057598.08,2.8834,1.2329,0,0
2022-11-25,sz.002424,7.37,8.13,7.31,8.13,90120984.0,710874582.7,8.3627,10.0135,1,0
2022-11-28,sz.002424,8.4,8.94,8.3,8.5,242064197.0,2124974573.98,22.4622,4.551,0,0
2022-11-29,sz.002424,8.42,8.77,8.2,8.34,202695864.0,1712006841.89,18.809,-1.8824,0,0
2022-11-30,sz.002424,8.16,8.25,7.82,7.93,147777764.0,1183874891.14,13.7129,-4.9161,0,0
2022-12-01,sz.002424,8.2,8.68,7.88,8.4,176784749.0,1455229474.1,16.4046,5.9269,0,0
2022-12-02,sz.002424,8.37,8.48,8.21,8.26,94778442.0,789171735.3,8.7949,-1.6667,0,0
2022-12-05,sz.002424,9.09,9.09,9.09,9.09,30291004.0,275345226.36,2.8108,10.0484,1,0
2022-12-06,sz.002424,9.9,10.0,9.09,9.35,297586745.0,2887848561.33,27.6143,2.8603,0,0
2022-12-07,sz.002424,9.17,10.29,8.88,10.29,272374352.0,2631931304.8,25.2748,10.0535,1,0
2022-12-08,sz.002424,9.85,11.17,9.71,10.3,301645538.0,3094508630.8,27.991,0.0972,0,0
2022-12-09,sz.002424,9.97,10.49,9.85,9.89,187926329.0,1906619400.59,17.4385,-3.9806,0,0
2022-12-12,sz.002424,10.5,10.88,10.3,10.88,120070274.0,1280416286.88,11.1418,10.0101,1,0
2022-12-13,sz.002424,11.64,11.97,11.41,11.97,290022914.0,3410043630.2,26.9125,10.0184,1,0
2022-12-14,sz.002424,11.5,11.86,10.91,11.09,223024749.0,2538228507.23,20.6954,-7.3517,0,0
2022-12-15,sz.002424,10.97,11.38,10.82,11.09,130659854.0,1450078449.29,12.1245,0.0,0,0
2022-12-16,sz.002424,11.03,11.88,11.03,11.3,168423309.0,1931363025.9,15.6287,1.8936,0,0
2022-12-19,sz.002424,11.01,11.01,10.17,10.17,132251506.0,1373419253.9,12.2722,-10.0,0,1
2022-12-20,sz.002424,10.3,10.3,9.56,9.69,141810569.0,1402908377.67,13.1592,-4.7198,0,0
2022-12-21,sz.002424,9.6,9.82,9.2,9.33,139836532.0,1316840079.46,12.976,-3.7152,0,0
2022-12-22,sz.002424,9.33,9.34,8.79,8.82,126375036.0,1137669849.74,11.7269,-5.4662,0,0
2022-12-23,sz.002424,8.76,9.04,8.75,8.89,79797808.0,710244967.89,7.4048,0.7937,0,0
2022-12-26,sz.002424,9.13,9.22,8.68,8.84,102449307.0,916464070.6,9.5067,-0.5624,0,0
2022-12-27,sz.002424,8.85,8.86,8.26,8.48,106142694.0,899382409.78,9.8494,-4.0724,0,0
2022-12-28,sz.002424,8.49,8.56,8.25,8.29,65707959.0,548741835.66,6.0973,-2.2406,0,0
2022-12-29,sz.002424,8.3,8.48,8.26,8.35,67283525.0,562402271.6,6.2435,0.7238,0,0
2022-12-30,sz.002424,8.38,8.42,8.15,8.16,57736779.0,475239402.99,5.3576,-2.2754,0,0
2023-01-03,sz.002424,8.34,8.4,8.18,8.37,69327037.0,577664097.88,6.4332,2.5735,0,0
2023-01-04,sz.002424,8.37,8.45,8.15,8.32,83379026.0,689453788.12,7.7371,-0.5974,0,0
2023-01-05,sz.002424,8.26,8.34,8.19,8.24,53934361.0,445585906.34,5.0048,-0.9615,0,0
2023-01-06,sz.002424,8.21,8.22,8.04,8.07,58292956.0,473148297.42,5.4093,-2.0631,0,0
2023-01-09,sz.002424,8.12,8.19,8.07,8.17,42436498.0,345334856.91,3.9379,1.2392,0,0
2023-01-10,sz.002424,8.26,8.29,8.08,8.09,52828051.0,432105103.3,4.3999,-0.9792,0,0
2023-01-11,sz.002424,8.05,8.15,7.98,7.98,42148782.0,340039048.73,3.5104,-1.3597,0,0
2023-01-12,sz.002424,8.02,8.08,7.86,7.91,34155673.0,271749090.2,2.8447,-0.8772,0,0
2023-01-13,sz.002424,7.91,7.96,7.87,7.94,28000010.0,221645912.24,2.332,0.3793,0,0
2023-01-16,sz.002424,8.26,8.38,8.11,8.15,96800044.0,797522370.3,8.0621,2.6448,0,0
2023-01-17,sz.002424,8.12,8.15,7.95,7.96,51371510.0,411872094.51,4.2786,-2.3313,0,0
2023-01-18,sz.002424,7.94,7.99,7.92,7.96,21485398.0,170902896.65,1.7894,0.0,0,0
2023-01-19,sz.002424,7.95,8.05,7.9,7.98,26919118.0,214887390.36,2.242,0.2513,0,0
2023-01-20,sz.002424,7.98,8.16,7.97,8.14,40239227.0,326403198.87,3.3514,2.005,0,0
2023-01-30,sz.002424,8.14,8.17,8.08,8.15,43372389.0,352018025.7,3.6123,0.1229,0,0
2023-01-31,sz.002424,8.14,8.26,8.07,8.22,46318332.0,379350495.13,3.8577,0.8589,0,0
2023-02-01,sz.002424,8.21,8.3,8.19,8.29,45986634.0,379355766.88,3.8301,0.8516,0,0
2023-02-02,sz.002424,8.27,8.31,8.23,8.26,29776475.0,245923633.29,2.48,-0.3619,0,0
2023-02-03,sz.002424,8.25,8.26,8.11,8.2,32822485.0,268218143.83,2.7337,-0.7264,0,0
2023-02-06,sz.002424,8.16,8.28,8.13,8.18,29103793.0,238895720.87,2.424,-0.2439,0,0
2023-02-07,sz.002424,8.18,8.23,8.07,8.12,33485866.0,272493121.13,2.7889,-0.7335,0,0
2023-02-08,sz.002424,8.11,8.21,8.1,8.14,23987267.0,195693400.38,1.9978,0.2463,0,0
2023-02-09,sz.002424,8.13,8.23,8.07,8.23,36660710.0,299254525.49,3.0533,1.1057,0,0
2023-02-10,sz.002424,8.23,8.42,8.2,8.21,56794075.0,471256075.77,4.7302,-0.243,0,0
2023-02-13,sz.002424,8.21,8.26,8.19,8.25,28563065.0,234907778.92,2.3789,0.4872,0,0
2023-02-14,sz.002424,8.28,8.3,8.2,8.28,28889716.0,238352196.5,2.4061,0.3636,0,0
2023-02-15,sz.002424,8.28,8.45,8.25,8.36,56971628.0,475537677.78,4.745,0.9662,0,0
2023-02-16,sz.002424,8.33,8.65,8.32,8.49,108976606.0,926475297.35,9.0763,1.555,0,0
2023-02-17,sz.002424,8.55,9.01,8.33,8.94,151737676.0,1331822239.63,12.6377,5.3004,0,0
2023-02-20,sz.002424,8.95,8.95,8.63,8.86,91886674.0,807771732.99,7.6529,-0.8949,0,0
2023-02-21,sz.002424,8.84,8.94,8.73,8.82,53591277.0,472190532.3,4.4634,-0.4515,0,0
2023-02-22,sz.002424,8.81,8.94,8.76,8.83,53389621.0,472745431.12,4.4466,0.1134,0,0
2023-02-23,sz.002424,8.81,8.82,8.52,8.55,61825393.0,533694228.37,5.1492,-3.171,0,0
2023-02-24,sz.002424,8.56,8.62,8.45,8.48,27629518.0,235458146.83,2.3012,-0.8187,0,0
2023-02-27,sz.002424,8.47,8.58,8.4,8.42,25732563.0,218020855.32,2.1432,-0.7075,0,0
2023-02-28,sz.002424,8.42,8.69,8.42,8.68,51774660.0,445802639.14,4.3121,3.0879,0,0
2023-03-01,sz.002424,8.75,8.77,8.57,8.71,50726323.0,439785759.21,4.2248,0.3456,0,0
2023-03-02,sz.002424,8.6,8.64,8.49,8.53,40765248.0,348548080.28,3.3952,-2.0666,0,0
2023-03-03,sz.002424,8.53,8.56,8.36,8.44,37493397.0,316513238.04,3.1227,-1.0551,0,0
2023-03-06,sz.002424,8.44,8.48,8.32,8.45,23262299.0,195674439.23,1.9374,0.1185,0,0
2023-03-07,sz.002424,8.43,8.47,8.15,8.15,38295651.0,317273836.88,3.1895,-3.5503,0,0
2023-03-08,sz.002424,8.12,8.23,8.08,8.23,19549342.0,160017627.03,1.6282,0.9816,0,0
2023-03-09,sz.002424,8.24,8.43,8.23,8.29,23292096.0,193777668.62,1.9399,0.729,0,0
2023-03-10,sz.002424,8.24,8.24,8.1,8.14,21338986.0,173932974.42,1.7772,-1.8094,0,0
2023-03-13,sz.002424,8.09,8.23,8.06,8.21,20069395.0,163424607.54,1.6715,0.86,0,0
2023-03-14,sz.002424,8.14,8.25,7.95,7.99,26497546.0,213811039.48,2.2069,-2.6797,0,0
2023-03-15,sz.002424,8.01,8.27,8.01,8.21,33641858.0,275566281.76,2.8019,2.7534,0,0
2023-03-16,sz.002424,8.17,8.4,8.12,8.29,47027606.0,389529554.3,3.9168,0.9744,0,0
2023-03-17,sz.002424,8.26,8.5,8.24,8.44,51081167.0,429555269.57,4.2544,1.8094,0,0
2023-03-20,sz.002424,8.46,8.51,8.13,8.17,41282757.0,339458859.25,3.4383,-3.1991,0,0
2023-03-21,sz.002424,8.15,8.27,8.15,8.25,17899920.0,147010635.82,1.4908,0.9792,0,0
2023-03-22,sz.002424,8.26,8.31,8.16,8.19,18993998.0,156024136.53,1.5819,-0.7273,0,0
2023-03-23,sz.002424,8.17,8.2,8.1,8.12,21748708.0,176797527.82,1.8114,-0.8547,0,0
2023-03-24,sz.002424,8.14,8.2,7.97,8.01,33445158.0,268718773.05,2.7855,-1.3547,0,0
2023-03-27,sz.002424,7.98,7.98,7.86,7.93,24437443.0,193066196.7,2.0353,-0.9988,0,0
2023-03-28,sz.002424,7.94,8.03,7.88,7.97,18801124.0,149670518.39,1.5659,0.5044,0,0
2023-03-29,sz.002424,7.94,7.95,7.78,7.83,21873758.0,171786462.84,1.8218,-1.7566,0,0
2023-03-30,sz.002424,7.83,7.85,7.65,7.71,20468573.0,157765327.46,1.7048,-1.5326,0,0
2023-03-31,sz.002424,7.69,8.11,7.69,8.06,42481087.0,338846094.73,3.5381,4.5396,0,0
2023-04-03,sz.002424,8.05,8.27,8.03,8.15,41417994.0,338077795.51,3.4496,1.1166,0,0
2023-04-04,sz.002424,8.15,8.32,8.13,8.21,37879864.0,311818202.75,3.1549,0.7362,0,0
2023-04-06,sz.002424,8.19,8.45,8.18,8.36,41472422.0,346588241.06,3.4541,1.827,0,0
2023-04-07,sz.002424,8.34,8.43,8.26,8.34,25672409.0,213740841.89,2.1382,-0.2392,0,0
2023-04-10,sz.002424,8.37,8.41,8.22,8.23,27519721.0,228339425.62,2.292,-1.3189,0,0
2023-04-11,sz.002424,8.26,8.28,8.16,8.23,19720973.0,162042556.28,1.6425,0.0,0,0
2023-04-12,sz.002424,8.22,8.41,8.2,8.22,22892292.0,189582496.24,1.9066,-0.1215,0,0
2023-04-13,sz.002424,8.2,8.33,8.13,8.28,22092500.0,182271259.0,1.84,0.7299,0,0
2023-04-14,sz.002424,8.3,8.38,8.2,8.32,25151131.0,208780338.65,2.0947,0.4831,0,0
2023-04-17,sz.002424,8.3,8.33,8.19,8.33,19549158.0,161923578.56,1.6282,0.1202,0,0
2023-04-18,sz.002424,8.34,8.37,8.18,8.19,19744703.0,162306379.27,1.6445,-1.6807,0,0
2023-04-19,sz.002424,8.2,8.23,8.08,8.09,17971586.0,146235423.42,1.4968,-1.221,0,0
2023-04-20,sz.002424,8.1,8.12,7.9,7.97,20180924.0,160701030.2,1.6808,-1.4833,0,0
2023-04-21,sz.002424,7.98,8.17,7.94,7.96,25843983.0,208108961.55,2.1525,-0.1255,0,0
2023-04-24,sz.002424,8.03,8.28,8.03,8.17,42095571.0,344545778.3,3.506,2.6382,0,0
2023-04-25,sz.002424,8.1,8.1,7.4,7.52,58512540.0,446292638.68,4.8733,-7.9559,0,0
2023-04-26,sz.002424,7.53,7.82,7.5,7.75,30489291.0,234846792.72,2.5393,3.0585,0,0
2023-04-27,sz.002424,7.69,8.08,7.68,8.01,33178230.0,264317369.68,2.7633,3.3548,0,0
2023-04-28,sz.002424,8.01,8.11,7.85,8.11,28710523.0,229952731.13,2.3912,1.2484,0,0
2023-05-04,sz.002424,8.07,8.49,8.01,8.42,54575216.0,456735967.91,4.5454,3.8224,0,0
2023-05-05,sz.002424,8.44,8.47,8.17,8.27,33279617.0,275467810.19,2.7717,-1.7815,0,0
2023-05-08,sz.002424,8.32,8.58,8.29,8.35,35229155.0,295895548.56,2.9341,0.9674,0,0
2023-05-09,sz.002424,8.29,8.33,8.16,8.17,28741900.0,236742382.0,2.3938,-2.1557,0,0
2023-05-10,sz.002424,8.23,8.24,8.07,8.12,20136210.0,163570853.44,1.6771,-0.612,0,0
2023-05-11,sz.002424,8.12,8.18,8.0,8.01,19083356.0,153591871.41,1.5894,-1.3547,0,0
2023-05-12,sz.002424,8.02,8.22,7.96,8.05,22607448.0,183580105.47,1.8829,0.4994,0,0
2023-05-15,sz.002424,8.08,8.19,7.91,8.14,20104317.0,161736271.19,1.6744,1.118,0,0
2023-05-16,sz.002424,8.13,8.24,8.05,8.19,25710046.0,210000061.3,2.1413,0.6143,0,0
2023-05-17,sz.002424,8.12,8.17,8.01,8.16,21653349.0,175193873.48,1.8034,-0.3663,0,0
2023-05-18,sz.002424,8.15,8.25,8.08,8.14,17411870.0,142164636.74,1.4502,-0.2451,0,0
2023-05-19,sz.002424,8.15,8.29,8.07,8.24,23577499.0,194101250.8,1.9637,1.2285,0,0
2023-05-22,sz.002424,8.25,8.39,8.2,8.32,26421637.0,219718941.92,2.2006,0.9709,0,0
2023-05-23,sz.002424,8.31,8.55,8.29,8.43,56468983.0,478976453.19,4.7031,1.3221,0,0
2023-05-24,sz.002424,8.4,8.41,8.15,8.23,34069383.0,280806115.3,2.8375,-2.3725,0,0
2023-05-25,sz.002424,8.19,8.19,7.98,8.07,29542741.0,238676765.61,2.4605,-1.9441,0,0
2023-05-26,sz.002424,7.97,8.3,7.89,8.24,30291592.0,245784235.05,2.5229,2.1066,0,0
2023-05-29,sz.002424,8.23,8.4,8.18,8.21,26509276.0,219642026.28,2.2079,-0.3641,0,0
2023-05-30,sz.002424,8.25,8.29,8.03,8.12,20494364.0,166671172.8,1.7069,-1.0962,0,0
2023-05-31,sz.002424,8.15,8.22,8.06,8.07,19781556.0,160735677.83,1.6475,-0.6158,0,0
2023-06-01,sz.002424,8.07,8.15,7.91,8.04,21562696.0,173375908.15,1.7959,-0.3717,0,0
2023-06-02,sz.002424,8.02,8.1,7.97,8.01,21334579.0,170872016.0,1.7769,-0.3731,0,0
2023-06-05,sz.002424,8.0,8.17,7.9,8.08,34684549.0,276868215.1,2.8888,0.8739,0,0
2023-06-06,sz.002424,8.02,8.05,7.79,7.81,36514052.0,288694848.36,3.0411,-3.3416,0,0
2023-06-07,sz.002424,7.85,8.2,7.8,8.09,50467879.0,406381141.61,4.2033,3.5851,0,0
2023-06-08,sz.002424,8.14,8.28,8.04,8.07,29373662.0,238794048.04,2.4464,-0.2472,0,0
2023-06-09,sz.002424,8.04,8.17,7.96,8.14,26512605.0,214436283.41,2.2081,0.8674,0,0
2023-06-12,sz.002424,8.08,8.1,7.93,7.96,23964800.0,191334583.14,1.9959,-2.2113,0,0
2023-06-13,sz.002424,7.97,8.0,7.87,7.88,21752747.0,171875332.86,1.8117,-1.005,0,0
2023-06-14,sz.002424,7.9,7.96,7.83,7.85,17479989.0,137824041.36,1.4558,-0.3807,0,0
2023-06-15,sz.002424,7.85,7.9,7.72,7.88,18038672.0,140935669.57,1.5024,0.3822,0,0
2023-06-16,sz.002424,7.95,8.67,7.93,8.67,129517145.0,1097472169.66,10.787,10.0254,1,0
2023-06-19,sz.002424,8.79,8.89,8.53,8.55,102954136.0,892325290.62,8.5747,-1.3841,0,0
2023-06-20,sz.002424,8.63,9.22,8.59,8.71,106305433.0,944969301.4,8.8538,1.8713,0,0
2023-06-21,sz.002424,8.88,8.95,8.56,8.56,51266814.0,443860804.49,4.2698,-1.7222,0,0
2023-06-26,sz.002424,8.63,9.07,8.6,8.66,79329090.0,696571356.94,6.607,1.1682,0,0
2023-06-27,sz.002424,8.68,8.88,8.6,8.75,49489264.0,431389770.49,4.1218,1.0393,0,0
2023-06-28,sz.002424,8.75,8.95,8.59,8.77,58744817.0,513917884.08,4.8927,0.2286,0,0
2023-06-29,sz.002424,8.73,9.05,8.68,8.89,78844701.0,702843257.73,6.5667,1.3683,0,0
2023-06-30,sz.002424,8.87,9.1,8.87,8.98,62315593.0,560455047.72,5.2031,1.0124,0,0
2023-07-03,sz.002424,9.02,9.1,8.78,8.95,50322131.0,448217946.8,4.1912,-0.3341,0,0
2023-07-04,sz.002424,8.89,8.93,8.75,8.84,43438678.0,383377773.91,3.6179,-1.2291,0,0
2023-07-05,sz.002424,8.83,9.1,8.76,8.95,53981421.0,481425637.56,4.4959,1.2443,0,0
2023-07-06,sz.002424,8.98,8.98,8.7,8.72,42351142.0,371606734.15,3.5273,-2.5698,0,0
2023-07-07,sz.002424,8.73,8.79,8.65,8.71,22632279.0,197620348.18,1.885,-0.1147,0,0
2023-07-10,sz.002424,8.71,8.77,8.57,8.63,24998535.0,215715225.95,2.082,-0.9185,0,0
2023-07-11,sz.002424,8.6,8.68,8.57,8.66,16968320.0,146462856.58,1.4132,0.3476,0,0
2023-07-12,sz.002424,8.66,8.69,8.39,8.41,36236115.0,308827855.95,3.018,-2.8868,0,0
2023-07-13,sz.002424,8.43,8.54,8.41,8.48,20564016.0,174185973.34,1.7127,0.8323,0,0
2023-07-14,sz.002424,8.47,8.49,8.36,8.39,19262537.0,161885449.14,1.6043,-1.0613,0,0
2023-07-17,sz.002424,8.42,8.47,8.2,8.41,33571424.0,279176657.43,2.796,0.2384,0,0
2023-07-18,sz.002424,8.41,8.42,8.23,8.26,24215872.0,201319841.25,2.0169,-1.7836,0,0
2023-07-19,sz.002424,8.23,8.3,8.17,8.2,15386400.0,126446397.0,1.2815,-0.7264,0,0
2023-07-20,sz.002424,8.22,8.28,8.12,8.14,21550974.0,176725911.14,1.7949,-0.7317,0,0
2023-07-21,sz.002424,8.14,8.27,8.14,8.2,17037204.0,139823992.88,1.419,0.7371,0,0
2023-07-24,sz.002424,8.2,8.36,8.19,8.25,19646346.0,162634811.95,1.6363,0.6098,0,0
2023-07-25,sz.002424,8.28,8.34,8.24,8.33,18408700.0,152457637.0,1.5332,0.9697,0,0
2023-07-26,sz.002424,8.31,8.32,8.24,8.31,15297007.0,126687133.1,1.274,-0.2401,0,0
2023-07-27,sz.002424,8.31,8.32,8.2,8.21,14285423.0,117825953.6,1.1898,-1.2034,0,0
2023-07-28,sz.002424,8.16,8.37,8.15,8.36,21353439.0,176994746.22,1.7785,1.827,0,0
2023-07-31,sz.002424,8.34,8.39,8.27,8.31,21978900.0,182743847.66,1.8305,-0.5981,0,0
2023-08-01,sz.002424,8.28,8.3,8.07,8.1,33967602.0,276130071.12,2.829,-2.5271,0,0
2023-08-02,sz.002424,8.08,8.13,8.03,8.11,14244602.0,115209846.2,1.1864,0.1235,0,0
2023-08-03,sz.002424,8.1,8.19,8.06,8.18,18938600.0,154477066.0,1.5773,0.8631,0,0
2023-08-04,sz.002424,8.18,8.3,8.14,8.2,19470115.0,160282115.89,1.6216,0.2445,0,0
2023-08-07,sz.002424,8.2,8.22,8.02,8.05,20263993.0,163554848.94,1.6877,-1.8293,0,0
2023-08-08,sz.002424,8.02,8.2,7.93,8.14,27958068.0,225923326.86,2.3285,1.118,0,0
2023-08-09,sz.002424,8.11,8.22,8.05,8.15,23637415.0,192551665.4,1.9687,0.1229,0,0
2023-08-10,sz.002424,8.11,8.17,8.08,8.1,12779500.0,103717704.81,1.0644,-0.6135,0,0
2023-08-11,sz.002424,8.09,8.31,8.08,8.12,34039942.0,279805306.36,2.8351,0.2469,0,0
2023-08-14,sz.002424,8.05,8.2,8.0,8.15,21780921.0,176209769.48,1.8141,0.3695,0,0
2023-08-15,sz.002424,8.16,8.24,8.05,8.24,25626056.0,209793536.52,2.1343,1.1043,0,0
2023-08-16,sz.002424,8.2,8.29,8.11,8.11,20579700.0,168710129.88,1.714,-1.5777,0,0
2023-08-17,sz.002424,8.08,8.18,8.07,8.16,14801787.0,120141393.96,1.2328,0.6165,0,0
2023-08-18,sz.002424,8.16,8.16,7.91,7.91,31151701.0,249522325.53,2.5945,-3.0637,0,0
2023-08-21,sz.002424,7.88,7.95,7.82,7.82,13446817.0,106016407.85,1.1199,-1.1378,0,0
2023-08-22,sz.002424,7.83,7.87,7.64,7.8,19797647.0,153186835.49,1.6489,-0.2558,0,0
2023-08-23,sz.002424,7.78,7.87,7.7,7.71,12756112.0,99368374.48,1.0624,-1.1538,0,0
2023-08-24,sz.002424,7.75,7.79,7.59,7.72,14160094.0,108855353.7,1.1793,0.1297,0,0
2023-08-25,sz.002424,7.72,7.78,7.57,7.61,14148649.0,108539074.98,1.1814,-1.4249,0,0
2023-08-28,sz.002424,7.93,8.0,7.7,7.74,29439215.0,231743169.0,2.458,1.7083,0,0
2023-08-29,sz.002424,7.72,7.86,7.7,7.83,16679068.0,130169196.1,1.3926,1.1628,0,0
2023-08-30,sz.002424,7.81,7.86,7.73,7.78,13117148.0,102337758.84,1.0952,-0.6386,0,0
2023-08-31,sz.002424,7.76,7.86,7.67,7.86,18364100.0,142976124.58,1.5333,1.0283,0,0
2023-09-01,sz.002424,7.8,7.84,7.76,7.8,10160742.0,79185298.6,0.8484,-0.7634,0,0
2023-09-04,sz.002424,7.82,7.85,7.77,7.85,13351896.0,104297362.64,1.1148,0.641,0,0
2023-09-05,sz.002424,7.82,7.88,7.77,7.78,11826478.0,92312451.84,0.9875,-0.8917,0,0
2023-09-06,sz.002424,7.74,7.76,7.69,7.73,9567417.0,73877751.11,0.7988,-0.6427,0,0
2023-09-07,sz.002424,7.72,7.72,7.6,7.62,11584400.0,88616293.02,0.9672,-1.423,0,0
2023-09-08,sz.002424,7.59,7.71,7.59,7.65,11335008.0,86683091.69,0.9464,0.3937,0,0
2023-09-11,sz.002424,7.65,7.82,7.65,7.8,17133442.0,133160157.59,1.4306,1.9608,0,0
2023-09-12,sz.002424,7.8,7.9,7.78,7.87,20284089.0,159512537.16,1.6936,0.8974,0,0
2023-09-13,sz.002424,7.86,7.86,7.63,7.68,16966778.0,130978908.14,1.4167,-2.4142,0,0
2023-09-14,sz.002424,7.68,7.78,7.66,7.73,11683269.0,90284253.63,0.9755,0.651,0,0
2023-09-15,sz.002424,7.75,7.93,7.73,7.87,24283562.0,190969291.06,2.0276,1.8111,0,0
2023-09-18,sz.002424,7.87,7.92,7.82,7.9,14123900.0,111275119.0,1.1793,0.3812,0,0
2023-09-19,sz.002424,7.89,7.96,7.83,7.86,12323716.0,97065402.76,1.029,-0.5063,0,0
2023-09-20,sz.002424,7.84,7.95,7.81,7.84,12664800.0,99720925.0,1.0575,-0.2545,0,0
2023-09-21,sz.002424,7.82,7.84,7.73,7.74,11320296.0,87964020.04,0.9452,-1.2755,0,0
2023-09-22,sz.002424,7.73,7.85,7.63,7.83,13916000.0,107660273.0,1.1619,1.1628,0,0
2023-09-25,sz.002424,7.79,7.92,7.78,7.89,15313500.0,120609577.0,1.2786,0.7663,0,0
2023-09-26,sz.002424,7.88,7.93,7.8,7.83,13179920.0,103800139.8,1.1005,-0.7605,0,0
2023-09-27,sz.002424,7.85,8.02,7.84,7.99,21938944.0,174580804.76,1.8318,2.0434,0,0
2023-09-28,sz.002424,8.0,8.12,7.98,8.06,20714034.0,167000962.68,1.7295,0.8761,0,0
2023-10-09,sz.002424,8.06,8.21,7.97,8.15,25996758.0,210566765.74,2.1706,1.1166,0,0
2023-10-10,sz.002424,8.23,8.51,8.09,8.11,41639258.0,344036169.21,3.4767,-0.4908,0,0
2023-10-11,sz.002424,8.05,8.28,8.0,8.17,34270290.0,281354780.3,2.8614,0.7398,0,0
2023-10-12,sz.002424,8.18,8.32,8.13,8.22,21893118.0,179926669.79,1.828,0.612,0,0
2023-10-13,sz.002424,8.2,8.49,8.16,8.47,50890184.0,425164786.63,4.2491,3.0414,0,0
2023-10-16,sz.002424,8.53,8.58,8.33,8.42,48536009.0,409859763.58,4.0525,-0.5903,0,0
2023-10-17,sz.002424,8.37,8.45,8.27,8.39,25923375.0,216337314.44,2.1645,-0.3563,0,0
2023-10-18,sz.002424,8.37,8.38,8.16,8.2,24766093.0,203889484.6,2.0679,-2.2646,0,0
2023-10-19,sz.002424,8.14,8.18,7.9,7.91,30570403.0,244841983.45,2.5525,-3.5366,0,0
2023-10-20,sz.002424,7.83,7.91,7.73,7.77,22142113.0,172672275.87,1.8488,-1.7699,0,0
2023-10-23,sz.002424,7.77,7.83,7.57,7.67,19956500.0,153133544.0,1.6663,-1.287,0,0
2023-10-24,sz.002424,7.74,7.89,7.66,7.87,23702697.0,184984129.51,1.9791,2.6076,0,0
2023-10-25,sz.002424,7.87,8.02,7.85,7.89,17821503.0,141068767.82,1.488,0.2541,0,0
2023-10-26,sz.002424,7.87,8.01,7.78,7.99,16153300.0,127806408.0,1.3487,1.2674,0,0
2023-10-27,sz.002424,7.94,8.24,7.89,8.2,30727084.0,249311692.66,2.5656,2.6283,0,0
2023-10-30,sz.002424,8.2,8.43,8.18,8.4,39057131.0,326476198.22,3.2611,2.439,0,0
2023-10-31,sz.002424,8.41,8.64,8.36,8.4,50351660.0,427684613.44,4.2041,0.0,0,0
2023-11-01,sz.002424,8.4,8.47,8.33,8.35,22430500.0,187995399.01,1.8729,-0.5952,0,0
2023-11-02,sz.002424,8.35,8.4,8.17,8.19,22018202.0,181528119.78,1.8384,-1.9162,0,0
2023-11-03,sz.002424,8.23,8.39,8.17,8.31,19250085.0,159999666.8,1.6073,1.4652,0,0
2023-11-06,sz.002424,8.36,8.44,8.33,8.36,20492699.0,171648463.16,1.7111,0.6017,0,0
2023-11-07,sz.002424,8.34,8.4,8.27,8.29,17643445.0,146967371.5,1.4732,-0.8373,0,0
2023-11-08,sz.002424,8.27,8.48,8.25,8.37,21251000.0,178305040.0,1.7744,0.965,0,0
2023-11-09,sz.002424,8.38,8.44,8.22,8.24,18138900.0,150697458.0,1.5145,-1.5532,0,0
2023-11-10,sz.002424,8.23,8.32,8.15,8.23,14550100.0,120048414.0,1.2149,-0.1214,0,0
2023-11-13,sz.002424,8.23,8.29,8.09,8.2,20865656.0,170051543.72,1.7422,-0.3645,0,0
2023-11-14,sz.002424,8.2,8.3,8.17,8.25,15932000.0,131295859.0,1.3303,0.6098,0,0
2023-11-15,sz.002424,8.3,8.32,8.18,8.21,15668300.0,128843444.72,1.3082,-0.4848,0,0
2023-11-16,sz.002424,8.19,8.24,8.12,8.13,12364507.0,100924437.91,1.0324,-0.9744,0,0
2023-11-17,sz.002424,8.1,8.31,8.09,8.3,25075900.0,206069381.0,2.0937,2.091,0,0
2023-11-20,sz.002424,8.3,8.43,8.28,8.39,21748200.0,182138629.0,1.8159,1.0843,0,0
2023-11-21,sz.002424,8.39,8.44,8.29,8.32,19017868.0,159021929.54,1.5879,-0.8343,0,0
2023-11-22,sz.002424,8.32,8.4,8.25,8.29,18079207.0,150615828.39,1.5095,-0.3606,0,0
2023-11-23,sz.002424,8.33,8.48,8.33,8.47,31900029.0,269194577.46,2.6635,2.1713,0,0
2023-11-24,sz.002424,8.48,8.63,8.39,8.53,47346642.0,403186435.4,3.9532,0.7084,0,0
2023-11-27,sz.002424,8.62,8.64,8.35,8.39,37005651.0,312244309.35,3.0898,-1.6413,0,0
2023-11-28,sz.002424,8.36,8.47,8.2,8.43,27461068.0,229099364.2,2.2929,0.4768,0,0
2023-11-29,sz.002424,8.4,8.42,8.24,8.26,18896300.0,157095741.0,1.5778,-2.0166,0,0
2023-11-30,sz.002424,8.28,8.3,8.16,8.28,17587800.0,144711104.0,1.4685,0.2421,0,0
2023-12-01,sz.002424,8.26,8.37,8.21,8.26,17024448.0,140898439.3,1.4215,-0.2415,0,0
2023-12-04,sz.002424,8.26,8.39,8.17,8.27,24199693.0,200661553.91,2.0206,0.1211,0,0
2023-12-05,sz.002424,8.26,8.29,8.04,8.05,26458142.0,215306517.88,2.2091,-2.6602,0,0
2023-12-06,sz.002424,8.0,8.11,7.94,8.07,19496770.0,156631309.84,1.6279,0.2484,0,0
2023-12-07,sz.002424,8.05,8.06,7.94,7.94,21369900.0,170459122.0,1.7843,-1.6109,0,0
2023-12-08,sz.002424,7.93,7.98,7.83,7.84,19208727.0,151728491.68,1.6038,-1.2594,0,0
2023-12-11,sz.002424,7.86,7.95,7.76,7.95,17006471.0,133782833.51,1.42,1.4031,0,0
2023-12-12,sz.002424,7.95,8.03,7.93,8.0,14556903.0,116221864.97,1.2154,0.6289,0,0
2023-12-13,sz.002424,8.0,8.8,7.99,8.4,93619321.0,790944754.02,7.8168,5.0,0,0
2023-12-14,sz.002424,8.37,8.56,8.34,8.35,48138973.0,406454888.03,4.0194,-0.5952,0,0
2023-12-15,sz.002424,8.37,8.45,8.13,8.14,33278418.0,273476665.7,2.7786,-2.515,0,0
2023-12-18,sz.002424,8.11,8.23,7.96,7.98,27355590.0,221389494.9,2.2841,-1.9656,0,0
2023-12-19,sz.002424,7.98,8.03,7.87,7.99,20871933.0,165830088.57,1.7427,0.1253,0,0
2023-12-20,sz.002424,8.01,8.07,7.85,7.88,20048884.0,159316274.69,1.674,-1.3767,0,0
2023-12-21,sz.002424,7.84,7.96,7.73,7.96,21685880.0,169982989.26,1.8107,1.0152,0,0
2023-12-22,sz.002424,7.96,8.0,7.86,7.9,15068200.0,119304220.0,1.2581,-0.7538,0,0
2023-12-25,sz.002424,7.71,7.95,7.58,7.81,27615075.0,213764614.36,2.3057,-1.1392,0,0
2023-12-26,sz.002424,7.85,7.85,7.7,7.71,11626490.0,90006875.9,0.9708,-1.2804,0,0
2023-12-27,sz.002424,7.74,8.09,7.68,8.09,30024270.0,238590333.81,2.5069,4.9287,0,0
2023-12-28,sz.002424,8.24,8.33,8.01,8.12,28450326.0,230301241.48,2.3755,0.3708,0,0
2023-12-29,sz.002424,8.07,8.14,8.06,8.11,19880871.0,161070770.56,1.66,-0.1232,0,0
2024-01-02,sz.002424,8.11,8.23,8.08,8.14,17480065.0,142667193.05,1.4595,0.3699,0,0
2024-01-03,sz.002424,8.12,8.29,8.07,8.15,20923195.0,170886329.95,1.747,0.1229,0,0
2024-01-04,sz.002424,8.12,8.12,8.01,8.1,12740600.0,102859010.65,1.0638,-0.6135,0,0
2024-01-05,sz.002424,8.08,8.11,7.87,7.89,17899700.0,142893805.28,1.4945,-2.5926,0,0
2024-01-08,sz.002424,7.88,7.88,7.73,7.77,14297315.0,111488023.55,1.1938,-1.5209,0,0
2024-01-09,sz.002424,7.78,8.0,7.74,8.0,19234668.0,151817712.71,1.606,2.9601,0,0
2024-01-10,sz.002424,7.94,8.01,7.86,7.88,13960395.0,110595170.4,1.1656,-1.5,0,0
2024-01-11,sz.002424,8.1,8.35,8.03,8.22,45478074.0,372769504.51,3.7972,4.3147,0,0
2024-01-12,sz.002424,8.2,8.21,8.02,8.03,22786565.0,184893145.75,1.9026,-2.3114,0,0
2024-01-15,sz.002424,7.99,8.23,7.97,8.13,21427200.0,174427119.0,1.7891,1.2453,0,0
2024-01-16,sz.002424,8.08,8.14,7.99,8.1,16603887.0,133909500.55,1.3864,-0.369,0,0
2024-01-17,sz.002424,8.07,8.16,7.9,7.9,17677207.0,141855794.09,1.476,-2.4691,0,0
2024-01-18,sz.002424,7.87,8.08,7.7,8.04,25952573.0,203556304.08,2.1669,1.7722,0,0
2024-01-19,sz.002424,8.0,8.07,7.96,7.96,13206294.0,105869510.46,1.1027,-0.995,0,0
2024-01-22,sz.002424,7.9,7.96,7.67,7.7,17153076.0,133922606.07,1.4322,-3.2663,0,0
2024-01-23,sz.002424,7.7,7.84,7.54,7.8,15738617.0,121477725.86,1.3141,1.2987,0,0
2024-01-24,sz.002424,7.77,7.9,7.63,7.86,18028171.0,140380088.93,1.5053,0.7692,0,0
2024-01-25,sz.002424,7.84,7.98,7.81,7.97,21070590.0,166996613.47,1.7593,1.3995,0,0
2024-01-26,sz.002424,7.95,7.99,7.83,7.83,18342699.0,145023173.18,1.5315,-1.7566,0,0
2024-01-29,sz.002424,7.83,7.85,7.69,7.75,16424205.0,127229794.88,1.3714,-1.0217,0,0
2024-01-30,sz.002424,7.7,7.78,7.63,7.68,10783700.0,83145125.0,0.9004,-0.9032,0,0
2024-01-31,sz.002424,7.63,7.68,6.91,7.25,44527338.0,319593814.58,3.7178,-5.599,0,0
2024-02-01,sz.002424,7.03,7.13,6.81,7.06,27820771.0,194590151.61,2.3229,-2.6207,0,0
2024-02-02,sz.002424,7.21,7.28,6.69,7.03,25314573.0,177702527.97,2.1137,-0.4249,0,0
2024-02-05,sz.002424,7.04,7.04,6.56,6.88,32104288.0,218721755.01,2.6169,-2.1337,0,0
2024-02-06,sz.002424,6.9,7.32,6.76,7.23,30031675.0,211558101.02,2.4479,5.0872,0,0
2024-02-07,sz.002424,7.26,7.48,7.21,7.42,27184408.0,200848048.22,2.2159,2.6279,0,0
2024-02-08,sz.002424,7.47,7.65,7.4,7.56,25669011.0,194236926.1,2.0923,1.8868,0,0
2024-02-19,sz.002424,7.58,7.62,7.37,7.48,20692130.0,154768543.4,1.6867,-1.0582,0,0
2024-02-20,sz.002424,7.68,8.23,7.61,8.07,90044870.0,727785772.26,7.3397,7.8877,0,0
2024-02-21,sz.002424,8.04,8.04,7.7,7.82,65677124.0,513554866.22,5.3535,-3.0979,0,0
2024-02-22,sz.002424,7.71,7.89,7.71,7.85,31429341.0,245233046.61,2.5619,0.3836,0,0
2024-02-23,sz.002424,7.85,7.85,7.75,7.84,25693573.0,200464540.74,2.0943,-0.1274,0,0
2024-02-26,sz.002424,7.81,7.87,7.77,7.81,22245497.0,173890022.54,1.8133,-0.3827,0,0
2024-02-27,sz.002424,7.78,7.87,7.76,7.87,22574946.0,176643537.92,1.8401,0.7682,0,0
2024-02-28,sz.002424,7.87,8.03,7.62,7.64,37408890.0,293878619.7,3.0493,-2.9225,0,0
2024-02-29,sz.002424,7.59,7.75,7.56,7.75,23267698.0,178992828.66,1.8966,1.4398,0,0
2024-03-01,sz.002424,7.75,7.83,7.7,7.77,17820618.0,138268634.74,1.4526,0.2581,0,0
2024-03-04,sz.002424,7.74,7.93,7.74,7.83,20758854.0,162403080.0,1.6921,0.7722,0,0
2024-03-05,sz.002424,7.84,7.84,7.7,7.74,16891411.0,130813905.88,1.3768,-1.1494,0,0
2024-03-06,sz.002424,7.73,7.76,7.64,7.7,14610947.0,112438696.84,1.191,-0.5168,0,0
2024-03-07,sz.002424,7.68,7.72,7.61,7.62,14105209.0,108181554.49,1.1497,-1.039,0,0
2024-03-08,sz.002424,7.62,7.68,7.59,7.66,10442310.0,79743446.3,0.8512,0.5249,0,0
2024-03-11,sz.002424,7.68,7.73,7.64,7.73,13994269.0,107588968.43,1.1407,0.9138,0,0
2024-03-12,sz.002424,7.78,7.96,7.78,7.88,31639756.0,249226671.75,2.579,1.9405,0,0
2024-03-13,sz.002424,7.84,7.87,7.77,7.83,16339760.0,127745601.8,1.3319,-0.6345,0,0
2024-03-14,sz.002424,7.94,8.01,7.74,7.8,18145400.0,142699688.53,1.4791,-0.3831,0,0
2024-03-15,sz.002424,7.76,7.84,7.74,7.83,13927216.0,108447338.96,1.1352,0.3846,0,0
2024-03-18,sz.002424,7.82,7.87,7.78,7.87,17407716.0,136407754.54,1.4189,0.5109,0,0
2024-03-19,sz.002424,7.87,7.88,7.8,7.8,12397065.0,97054200.3,1.0105,-0.8895,0,0
2024-03-20,sz.002424,7.78,7.85,7.76,7.82,11718338.0,91423987.62,0.9552,0.2564,0,0
2024-03-21,sz.002424,7.82,7.86,7.77,7.77,14216700.0,110981632.0,1.1588,-0.6394,0,0
2024-03-22,sz.002424,7.77,7.77,7.57,7.61,21331392.0,162859084.18,1.7388,-2.0592,0,0
2024-03-25,sz.002424,7.58,7.63,7.44,7.44,14323402.0,108144614.93,1.1675,-2.2339,0,0
2024-03-26,sz.002424,7.44,7.49,7.32,7.4,14472499.0,107045283.81,1.1797,-0.5376,0,0
2024-03-27,sz.002424,7.42,7.49,7.36,7.36,13387276.0,99477721.38,1.0912,-0.5405,0,0
2024-03-28,sz.002424,7.36,7.47,7.29,7.42,13379316.0,99079598.96,1.0906,0.8152,0,0
2024-03-29,sz.002424,7.44,7.45,7.35,7.44,8771764.0,64872494.46,0.715,0.2695,0,0
2024-04-01,sz.002424,7.44,7.57,7.43,7.57,11278220.0,84759881.8,0.9193,1.7473,0,0
2024-04-02,sz.002424,7.58,7.58,7.46,7.49,9518165.0,71366079.85,0.7758,-1.0568,0,0
2024-04-03,sz.002424,7.5,7.54,7.46,7.49,10694467.0,80259155.83,0.8717,0.0,0,0
2024-04-08,sz.002424,7.48,7.48,7.35,7.36,10749677.0,79584612.03,0.8762,-1.7356,0,0
2024-04-09,sz.002424,7.35,7.47,7.29,7.47,11230100.0,82836229.0,0.9154,1.4946,0,0
2024-04-10,sz.002424,7.47,7.47,7.26,7.3,10620840.0,78094061.28,0.8657,-2.2758,0,0
2024-04-11,sz.002424,7.26,7.35,7.23,7.26,8246600.0,60155263.23,0.6722,-0.5479,0,0
2024-04-12,sz.002424,7.28,7.29,7.13,7.16,8690816.0,62608591.4,0.7084,-1.3774,0,0
2024-04-15,sz.002424,7.11,7.19,6.89,6.97,24740000.0,173623179.64,2.0166,-2.6536,0,0
2024-04-16,sz.002424,6.92,7.0,6.61,6.65,29099977.0,196975668.6,2.372,-4.5911,0,0
2024-04-17,sz.002424,6.8,6.98,6.56,6.77,55213826.0,370810259.17,4.5006,1.8045,0,0
2024-04-18,sz.002424,6.77,6.77,6.59,6.63,35746649.0,238038521.53,2.9138,-2.0679,0,0
2024-04-19,sz.002424,6.59,6.62,6.47,6.54,27667355.0,180670614.63,2.2552,-1.3575,0,0
2024-04-22,sz.002424,6.55,6.71,6.49,6.51,35729095.0,235320917.5,2.9123,-0.4587,0,0
2024-04-23,sz.002424,6.54,6.56,6.4,6.43,31552403.0,203575055.29,2.5719,-1.2289,0,0
2024-04-24,sz.002424,6.42,6.48,6.28,6.47,34965777.0,223628807.25,2.8501,0.6221,0,0
2024-04-25,sz.002424,6.46,6.53,6.34,6.36,41576870.0,267887193.47,3.389,-1.7002,0,0
2024-04-26,sz.002424,6.31,6.41,6.3,6.38,40929384.0,260301739.41,3.3362,0.3145,0,0
2024-04-29,sz.002424,6.36,6.49,6.33,6.46,60710491.0,391018060.33,4.9486,1.2539,0,0
2024-04-30,sz.002424,6.46,6.46,6.46,6.46,,,,,0,0
2024-05-06,sz.002424,6.14,6.14,6.14,6.14,1772200.0,10881308.0,0.1445,-4.9536,0,0
2024-05-07,sz.002424,5.83,5.83,5.83,5.83,1289800.0,7519534.0,0.1051,-5.0489,0,0
2024-05-08,sz.002424,5.54,5.54,5.54,5.54,2750600.0,15238324.0,0.2242,-4.9743,0,0
2024-05-09,sz.002424,5.26,5.26,5.26,5.26,2990500.0,15730030.0,0.2438,-5.0542,0,0
2024-05-10,sz.002424,5.0,5.0,5.0,5.0,4471800.0,22359000.0,0.3645,-4.943,0,0
2024-05-13,sz.002424,4.75,4.75,4.75,4.75,5492700.0,26090325.0,0.4477,-5.0,0,0
2024-05-14,sz.002424,4.51,4.51,4.51,4.51,6186300.0,27900213.0,0.5043,-5.0526,0,0
2024-05-15,sz.002424,4.28,4.74,4.28,4.69,161186840.0,726836297.37,13.1386,3.9911,0,0
2024-05-16,sz.002424,4.52,4.63,4.49,4.53,90244882.0,410260544.67,7.356,-3.4115,0,0
2024-05-17,sz.002424,4.54,4.72,4.54,4.68,60977479.0,282824890.07,4.9704,3.3113,0,0
2024-05-20,sz.002424,4.61,4.65,4.45,4.45,66881535.0,301018005.94,5.4516,-4.9145,0,0
2024-05-21,sz.002424,4.35,4.4,4.23,4.23,31709400.0,135215050.97,2.5847,-4.9438,0,0
2024-05-22,sz.002424,4.02,4.17,4.02,4.11,77377379.0,315477243.78,6.3072,-2.8369,0,0
2024-05-23,sz.002424,4.1,4.32,4.1,4.23,66802239.0,283150031.7,5.4452,2.9197,0,0
2024-05-24,sz.002424,4.22,4.37,4.04,4.27,49710251.0,209115683.06,4.052,0.9456,0,0
2024-05-27,sz.002424,4.22,4.26,4.1,4.14,39212513.0,162929094.84,3.1963,-3.0445,0,0
2024-05-28,sz.002424,4.1,4.19,3.93,3.95,60703672.0,244013909.71,4.9481,-4.5894,0,0
2024-05-29,sz.002424,3.92,3.95,3.75,3.75,71013832.0,268167586.37,5.7885,-5.0633,0,0
2024-05-30,sz.002424,3.69,3.71,3.56,3.56,67496569.0,243367692.47,5.5018,-5.0667,0,0
2024-05-31,sz.002424,3.46,3.67,3.4,3.55,59592146.0,210152479.5,4.8575,-0.2809,0,0
2024-06-03,sz.002424,3.5,3.55,3.37,3.37,45325609.0,154794366.7,3.6946,-5.0704,0,0
2024-06-04,sz.002424,3.3,3.46,3.2,3.39,63798782.0,212596144.78,5.2004,0.5935,0,0
2024-06-05,sz.002424,3.54,3.56,3.52,3.56,26342764.0,93641781.4,2.1472,5.0147,0,0
2024-06-06,sz.002424,3.64,3.73,3.56,3.57,80738596.0,293669247.02,6.5811,0.2809,0,0
2024-06-07,sz.002424,3.68,3.74,3.57,3.72,54348853.0,198654395.18,4.4301,4.2017,0,0
2024-06-11,sz.002424,3.62,3.78,3.55,3.7,44641286.0,163010440.68,3.6388,-0.5376,0,0
2024-06-12,sz.002424,3.7,3.84,3.66,3.8,41014917.0,155104422.81,3.3432,2.7027,0,0
2024-06-13,sz.002424,3.8,3.82,3.61,3.63,45656755.0,169456045.19,3.7216,-4.4737,0,0
2024-06-14,sz.002424,3.59,3.7,3.57,3.63,26114246.0,95171410.95,2.1286,0.0,0,0
2024-06-17,sz.002424,3.58,3.64,3.55,3.57,23870379.0,85579301.98,1.9457,-1.6529,0,0
2024-06-18,sz.002424,3.57,3.64,3.56,3.61,22532100.0,81008684.0,1.8366,1.1204,0,0
2024-06-19,sz.002424,3.6,3.73,3.56,3.69,34860406.0,127659160.84,2.8415,2.2161,0,0
2024-06-20,sz.002424,3.66,3.68,3.51,3.51,34723285.0,124276521.27,2.8304,-4.878,0,0
2024-06-21,sz.002424,3.42,3.52,3.41,3.47,19673568.0,68213187.96,1.6036,-1.1396,0,0
2024-06-24,sz.002424,3.42,3.44,3.3,3.3,27467200.0,91025851.0,2.2389,-4.8991,0,0
2024-06-25,sz.002424,3.25,3.29,3.14,3.14,33280315.0,105309302.7,2.7127,-4.8485,0,0
2024-06-26,sz.002424,3.06,3.2,2.98,3.17,40148880.0,123292195.73,3.2726,0.9554,0,0
2024-06-27,sz.002424,3.15,3.26,3.09,3.09,31084435.0,98932725.69,2.5337,-2.5237,0,0
2024-06-28,sz.002424,3.11,3.16,3.03,3.13,28877426.0,89754231.96,2.3539,1.2945,0,0
2024-07-01,sz.002424,3.1,3.22,3.09,3.21,21454878.0,67735976.02,1.7488,2.5559,0,0
2024-07-02,sz.002424,3.21,3.3,3.18,3.25,26866115.0,87333374.6,2.1899,1.2461,0,0
2024-07-03,sz.002424,3.23,3.35,3.21,3.32,28417615.0,93727113.5,2.3164,2.1538,0,0
2024-07-04,sz.002424,3.31,3.32,3.15,3.15,33005500.0,105808570.0,2.6903,-5.1205,0,0
2024-07-05,sz.002424,3.11,3.27,3.07,3.22,21399500.0,68172691.0,1.7443,2.2222,0,0
2024-07-08,sz.002424,3.18,3.2,3.07,3.07,23194100.0,72271219.28,1.8906,-4.6584,0,0
2024-07-09,sz.002424,3.06,3.12,2.98,3.1,23928573.0,73269578.57,1.9505,0.9772,0,0
2024-07-10,sz.002424,3.08,3.1,3.04,3.07,14723344.0,45281654.52,1.2001,-0.9677,0,0
2024-07-11,sz.002424,3.11,3.19,3.08,3.17,26642333.0,83472102.69,2.1717,3.2573,0,0
2024-07-12,sz.002424,3.15,3.21,3.14,3.18,20247142.0,64290018.07,1.6504,0.3155,0,0
2024-07-15,sz.002424,3.15,3.17,3.08,3.1,17681800.0,55055888.0,1.4413,-2.5157,0,0
2024-07-16,sz.002424,3.1,3.22,3.09,3.19,25786600.0,81779799.0,2.1019,2.9032,0,0
2024-07-17,sz.002424,3.2,3.34,3.15,3.28,35062751.0,113901990.58,2.858,2.8213,0,0
2024-07-18,sz.002424,3.26,3.32,3.18,3.3,29105598.0,94875953.08,2.3724,0.6098,0,0
2024-07-19,sz.002424,3.27,3.47,3.27,3.47,31343041.0,107633249.21,2.5548,5.1515,0,0
2024-07-22,sz.002424,3.55,3.64,3.44,3.63,64073003.0,228106207.05,5.2227,4.611,0,0
2024-07-23,sz.002424,3.58,3.74,3.51,3.52,60526936.0,220125315.32,4.9337,-3.0303,0,0
2024-07-24,sz.002424,3.46,3.55,3.38,3.39,39323100.0,135142288.0,3.2053,-3.6932,0,0
2024-07-25,sz.002424,3.37,3.46,3.36,3.45,23604604.0,80623492.25,1.9241,1.7699,0,0
2024-07-26,sz.002424,3.43,3.47,3.4,3.44,21306438.0,73204524.1,1.7367,-0.2899,0,0
2024-07-29,sz.002424,3.43,3.61,3.42,3.56,27787471.0,97916951.11,2.265,3.4884,0,0
2024-07-30,sz.002424,3.58,3.6,3.51,3.52,23349077.0,82864895.11,1.9246,-1.1236,0,0
2024-07-31,sz.002424,3.5,3.59,3.5,3.55,33617372.0,119003967.6,2.7709,0.8523,0,0
2024-08-01,sz.002424,3.53,3.63,3.52,3.59,33287573.0,119338839.78,2.7437,1.1268,0,0
2024-08-02,sz.002424,3.55,3.62,3.45,3.47,31369011.0,110960570.82,2.5856,-3.3426,0,0
2024-08-05,sz.002424,3.54,3.64,3.53,3.57,55458241.0,200356522.24,4.5712,2.8818,0,0
2024-08-06,sz.002424,3.55,3.75,3.55,3.75,56765865.0,209019439.72,4.679,5.042,0,0
2024-08-07,sz.002424,3.75,3.78,3.67,3.71,43347072.0,161108142.4,3.5729,-1.0667,0,0
2024-08-08,sz.002424,3.68,3.88,3.68,3.78,49579300.0,187604152.0,4.0866,1.8868,0,0
2024-08-09,sz.002424,3.77,3.8,3.6,3.63,44807572.0,165505654.28,3.6933,-3.9683,0,0
2024-08-12,sz.002424,3.59,3.66,3.53,3.57,32243100.0,115953619.0,2.6577,-1.6529,0,0
2024-08-13,sz.002424,3.55,3.6,3.45,3.52,25978423.0,91663750.81,2.1413,-1.4006,0,0
2024-08-14,sz.002424,3.49,3.52,3.47,3.49,17198500.0,60036366.0,1.4176,-0.8523,0,0
2024-08-15,sz.002424,3.47,3.51,3.43,3.47,22429653.0,77914325.94,1.8488,-0.5731,0,0
2024-08-16,sz.002424,3.47,3.53,3.45,3.46,18157900.0,63201959.0,1.4967,-0.2882,0,0
2024-08-19,sz.002424,3.48,3.51,3.47,3.5,14316854.0,49970802.0,1.1801,1.1561,0,0
2024-08-20,sz.002424,3.49,3.51,3.33,3.33,32446900.0,109573958.0,2.6745,-4.8571,0,0
2024-08-21,sz.002424,3.3,3.36,3.23,3.28,20159800.0,66321757.0,1.6617,-1.5015,0,0
2024-08-22,sz.002424,3.28,3.31,3.25,3.26,13344051.0,43781432.37,1.0999,-0.6098,0,0
2024-08-23,sz.002424,3.25,3.27,3.12,3.23,22742308.0,72472833.84,1.8745,-0.9202,0,0
2024-08-26,sz.002424,3.21,3.35,3.2,3.31,15782660.0,52020177.0,1.3009,2.4768,0,0
2024-08-27,sz.002424,3.3,3.36,3.28,3.32,14617100.0,48463323.0,1.2048,0.3021,0,0
2024-08-28,sz.002424,3.35,3.49,3.29,3.45,33959879.0,116639656.68,2.7992,3.9157,0,0
2024-08-29,sz.002424,3.4,3.46,3.37,3.45,21594172.0,73891096.36,1.7799,0.0,0,0
2024-08-30,sz.002424,3.43,3.52,3.42,3.46,24102996.0,83619349.64,1.9867,0.2899,0,0
2024-09-02,sz.002424,3.44,3.44,3.34,3.35,19748200.0,66996826.0,1.6278,-3.1792,0,0
2024-09-03,sz.002424,3.35,3.52,3.33,3.47,25322800.0,86971329.0,2.0872,3.5821,0,0
2024-09-04,sz.002424,3.43,3.46,3.38,3.4,17245300.0,58812777.0,1.4215,-2.0173,0,0
2024-09-05,sz.002424,3.38,3.45,3.38,3.44,12470384.0,42661153.12,1.0279,1.1765,0,0
2024-09-06,sz.002424,3.44,3.44,3.37,3.37,11791084.0,40075726.08,0.9719,-2.0349,0,0
2024-09-09,sz.002424,3.36,3.4,3.33,3.34,10372600.0,34865722.0,0.855,-0.8902,0,0
2024-09-10,sz.002424,3.35,3.36,3.27,3.32,12944200.0,42875939.0,1.0669,-0.5988,0,0
2024-09-11,sz.002424,3.3,3.33,3.27,3.28,8504206.0,28041712.68,0.701,-1.2048,0,0
2024-09-12,sz.002424,3.29,3.33,3.27,3.28,9297500.0,30646964.0,0.7664,0.0,0,0
2024-09-13,sz.002424,3.25,3.29,3.24,3.24,8442600.0,27512432.0,0.6959,-1.2195,0,0
2024-09-18,sz.002424,3.22,3.24,3.13,3.18,12067803.0,38341352.48,0.9947,-1.8519,0,0
2024-09-19,sz.002424,3.2,3.27,3.17,3.24,10553099.0,34048089.78,0.8698,1.8868,0,0
2024-09-20,sz.002424,3.24,3.28,3.21,3.27,11240300.0,36513710.0,0.9265,0.9259,0,0
2024-09-23,sz.002424,3.27,3.29,3.23,3.25,10032700.0,32712085.0,0.827,-0.6116,0,0
2024-09-24,sz.002424,3.25,3.33,3.25,3.33,19793668.0,65239385.3,1.6315,2.4615,0,0
2024-09-25,sz.002424,3.35,3.43,3.34,3.35,22339057.0,75600209.49,1.8413,0.6006,0,0
2024-09-26,sz.002424,3.36,3.44,3.35,3.44,22846250.0,77815499.5,1.8831,2.6866,0,0
2024-09-27,sz.002424,3.47,3.61,3.45,3.59,45538163.0,161631956.68,3.7535,4.3605,0,0
2024-09-30,sz.002424,3.67,3.77,3.56,3.77,90132414.0,333485449.58,7.4292,5.0139,0,0
2024-10-08,sz.002424,3.96,3.96,3.72,3.82,102806736.0,395736690.77,8.4739,1.3263,0,0
2024-10-09,sz.002424,3.76,3.77,3.63,3.63,49866364.0,182671244.32,4.1103,-4.9738,0,0
2024-10-10,sz.002424,3.58,3.63,3.49,3.54,42667697.0,151989058.39,3.5169,-2.4793,0,0
2024-10-11,sz.002424,3.36,3.47,3.36,3.39,51902235.0,176247154.29,4.2781,-4.2373,0,0
2024-10-14,sz.002424,3.41,3.43,3.35,3.41,28308341.0,96026431.22,2.3333,0.59,0,0
2024-10-15,sz.002424,3.4,3.42,3.37,3.38,25390306.0,86225970.28,2.0928,-0.8798,0,0
2024-10-16,sz.002424,3.35,3.42,3.34,3.4,22460161.0,76183105.38,1.8513,0.5917,0,0
2024-10-17,sz.002424,3.41,3.42,3.35,3.36,24860460.0,84121946.0,2.0491,-1.1765,0,0
2024-10-18,sz.002424,3.35,3.43,3.33,3.4,30686442.0,103783462.32,2.5294,1.1905,0,0
2024-10-21,sz.002424,3.39,3.43,3.37,3.42,34166311.0,116182505.53,2.8162,0.5882,0,0
2024-10-22,sz.002424,3.44,3.59,3.42,3.59,38456614.0,135959333.8,3.1698,4.9708,0,0
2024-10-23,sz.002424,3.66,3.75,3.61,3.68,65478566.0,240321539.89,5.3971,2.507,0,0
2024-10-24,sz.002424,3.65,3.83,3.62,3.73,49352113.0,184878297.18,4.0679,1.3587,0,0
2024-10-25,sz.002424,3.74,3.82,3.66,3.82,45981357.0,171835335.3,3.79,2.4129,0,0
2024-10-28,sz.002424,3.79,3.91,3.76,3.87,48997110.0,188071095.77,4.0386,1.3089,0,0
2024-10-29,sz.002424,3.9,3.9,3.68,3.68,60620903.0,227964347.31,4.9967,-4.9096,0,0
2024-10-30,sz.002424,3.68,3.76,3.65,3.75,35421500.0,132041373.03,2.9196,1.9022,0,0
2024-10-31,sz.002424,3.74,3.9,3.73,3.83,49175000.0,189236978.97,4.0533,2.1333,0,0
2024-11-01,sz.002424,3.79,3.86,3.69,3.73,41183429.0,155044739.17,3.3946,-2.611,0,0
2024-11-04,sz.002424,3.73,3.92,3.71,3.92,44080860.0,169103483.57,3.6334,5.0938,0,0
2024-11-05,sz.002424,3.98,4.12,3.95,4.12,35011373.0,141997012.62,2.8858,5.102,0,0
2024-11-06,sz.002424,4.28,4.33,4.06,4.08,93046070.0,390263777.4,7.6694,-0.9709,0,0
2024-11-07,sz.002424,4.12,4.28,4.11,4.19,60663392.0,255176541.57,5.0002,2.6961,0,0
2024-11-08,sz.002424,4.21,4.23,4.1,4.15,45347984.0,188981405.32,3.7378,-0.9547,0,0
2024-11-11,sz.002424,3.94,3.94,3.94,3.94,8922700.0,35155438.0,0.7355,-5.0602,0,0
2024-11-12,sz.002424,3.82,4.14,3.82,4.1,123359812.0,490908055.1,10.168,4.0609,0,0
2024-11-13,sz.002424,4.03,4.31,4.0,4.31,96232822.0,400206165.06,7.9321,5.122,0,0
2024-11-14,sz.002424,4.4,4.53,4.38,4.53,79059816.0,356038422.96,6.5166,5.1044,0,0
2024-11-15,sz.002424,4.4,4.52,4.3,4.3,89445366.0,390972055.49,7.3726,-5.0773,0,0
2024-11-18,sz.002424,4.2,4.25,4.09,4.09,48093209.0,197939308.81,3.9641,-4.8837,0,0
2024-11-19,sz.002424,4.05,4.13,3.91,4.06,43273567.0,174223945.56,3.5669,-0.7335,0,0
2024-11-20,sz.002424,4.04,4.14,4.03,4.11,34064105.0,139815485.15,2.8078,1.2315,0,0
2024-11-21,sz.002424,4.08,4.11,4.0,4.06,34159929.0,138303929.61,2.8157,-1.2165,0,0
2024-11-22,sz.002424,4.06,4.23,4.02,4.03,41717200.0,171938746.71,3.4386,-0.7389,0,0
2024-11-25,sz.002424,4.05,4.06,3.93,4.01,30498923.0,121723348.08,2.5139,-0.4963,0,0
2024-11-26,sz.002424,3.99,4.09,3.98,4.01,22407923.0,90351845.46,1.847,0.0,0,0
2024-11-27,sz.002424,3.99,4.0,3.82,3.97,31689200.0,123622014.0,2.612,-0.9975,0,0
2024-11-28,sz.002424,3.96,4.12,3.96,4.03,26022003.0,104755945.09,2.1449,1.5113,0,0
2024-11-29,sz.002424,4.03,4.07,3.97,4.04,24104059.0,97149805.56,1.9868,0.2481,0,0
2024-12-02,sz.002424,4.03,4.09,4.01,4.08,25460663.0,103377619.35,2.0986,0.9901,0,0
2024-12-03,sz.002424,4.07,4.08,4.02,4.04,26443261.0,107001405.25,2.1796,-0.9804,0,0
2024-12-04,sz.002424,4.03,4.11,3.99,4.01,29574573.0,119776750.64,2.4377,-0.7426,0,0
2024-12-05,sz.002424,3.98,4.01,3.96,4.0,21691993.0,86597792.07,1.788,-0.2494,0,0
2024-12-06,sz.002424,4.01,4.05,3.99,4.05,25308635.0,101884036.77,2.0861,1.25,0,0
2024-12-09,sz.002424,4.05,4.15,4.03,4.09,34024026.0,139298498.71,2.8045,0.9877,0,0
2024-12-10,sz.002424,4.16,4.18,4.06,4.07,33110159.0,135657369.72,2.7291,-0.489,0,0
2024-12-11,sz.002424,4.04,4.08,4.03,4.07,21224200.0,86253243.0,1.7494,0.0,0,0
2024-12-12,sz.002424,4.06,4.12,4.06,4.1,28368259.0,115937980.13,2.3383,0.7371,0,0
2024-12-13,sz.002424,4.09,4.09,3.99,3.99,32472359.0,130977416.95,2.6766,-2.6829,0,0
2024-12-16,sz.002424,4.0,4.02,3.97,3.99,15707100.0,62786030.0,1.2947,0.0,0,0
2024-12-17,sz.002424,3.98,3.99,3.84,3.86,27002700.0,105414250.0,2.2257,-3.2581,0,0
2024-12-18,sz.002424,3.87,3.9,3.85,3.87,13690429.0,53062210.52,1.1284,0.2591,0,0
2024-12-19,sz.002424,3.85,3.87,3.8,3.87,17436302.0,66907189.62,1.4372,0.0,0,0
2024-12-20,sz.002424,3.86,3.95,3.86,3.9,14913893.0,58314635.53,1.2293,0.7752,0,0
2024-12-23,sz.002424,3.91,3.93,3.71,3.71,35796862.0,135363223.36,2.9506,-4.8718,0,0
2024-12-24,sz.002424,3.72,3.75,3.69,3.74,15676524.0,58365151.77,1.2921,0.8086,0,0
2024-12-25,sz.002424,3.75,3.76,3.6,3.66,17722599.0,64834840.38,1.4608,-2.139,0,0
2024-12-26,sz.002424,3.63,3.7,3.63,3.67,11904527.0,43749709.82,0.9812,0.2732,0,0
2024-12-27,sz.002424,3.67,3.74,3.65,3.73,13488338.0,50007949.15,1.1118,1.6349,0,0
2024-12-30,sz.002424,3.7,3.92,3.65,3.92,35651179.0,137048017.73,2.9386,5.0938,0,0
2024-12-31,sz.002424,3.89,3.94,3.82,3.85,27582234.0,107149620.69,2.2735,-1.7857,0,0
2025-01-02,sz.002424,3.81,3.93,3.76,3.79,20895000.0,80571171.0,1.7223,-1.5584,0,0
2025-01-03,sz.002424,3.81,3.95,3.71,3.81,23720103.0,91201313.28,1.9551,0.5277,0,0
2025-01-06,sz.002424,3.75,3.91,3.75,3.85,23742793.0,91322700.76,1.957,1.0499,0,0
2025-01-07,sz.002424,3.83,3.84,3.75,3.8,19176900.0,72511698.1,1.5807,-1.2987,0,0
2025-01-08,sz.002424,3.78,3.8,3.66,3.72,17143141.0,63905720.16,1.413,-2.1053,0,0
2025-01-09,sz.002424,3.69,3.73,3.67,3.69,10312000.0,38139131.0,0.85,-0.8065,0,0
2025-01-10,sz.002424,3.67,3.72,3.63,3.63,10165938.0,37371423.22,0.8379,-1.626,0,0
2025-01-13,sz.002424,3.6,3.6,3.5,3.54,12531400.0,44519433.0,1.0329,-2.4793,0,0
2025-01-14,sz.002424,3.55,3.7,3.55,3.66,14100300.0,50994281.0,1.1622,3.3898,0,0
2025-01-15,sz.002424,3.65,3.69,3.63,3.64,9536600.0,34848450.0,0.7861,-0.5464,0,0
2025-01-16,sz.002424,3.82,3.82,3.82,3.82,8488800.0,32427216.0,0.6997,4.9451,0,0
2025-01-17,sz.002424,3.81,3.93,3.74,3.88,31569000.0,121283319.0,2.6021,1.5707,0,0
2025-01-20,sz.002424,3.89,3.94,3.85,3.86,18055707.0,70184166.37,1.4883,-0.5155,0,0
2025-01-21,sz.002424,3.89,3.92,3.84,3.89,11863800.0,46012086.0,0.9779,0.7772,0,0
2025-01-22,sz.002424,3.87,3.88,3.8,3.82,12062300.0,46248359.0,0.9942,-1.7995,0,0
2025-01-23,sz.002424,3.85,3.88,3.82,3.83,10426296.0,40088809.04,0.8594,0.2618,0,0
2025-01-24,sz.002424,3.82,3.83,3.79,3.83,9216296.0,35130802.76,0.7597,0.0,0,0
2025-01-27,sz.002424,3.89,3.97,3.88,3.89,22291060.0,87370744.8,1.8374,1.5666,0,0
2025-02-05,sz.002424,3.89,3.92,3.84,3.91,12865005.0,50111879.5,1.0604,0.5141,0,0
2025-02-06,sz.002424,3.9,4.06,3.89,4.01,21613805.0,86277894.95,1.7815,2.5575,0,0
2025-02-07,sz.002424,4.0,4.03,3.98,4.0,21175800.0,84861835.0,1.7454,-0.2494,0,0
2025-02-10,sz.002424,3.99,4.07,3.98,4.04,18444003.0,74269670.09,1.5203,1.0,0,0
2025-02-11,sz.002424,4.02,4.03,3.95,3.98,16034200.0,63871466.0,1.3216,-1.4851,0,0
2025-02-12,sz.002424,3.98,3.99,3.94,3.97,12630400.0,50001908.0,1.0411,-0.2513,0,0
2025-02-13,sz.002424,3.97,3.98,3.94,3.94,11195123.0,44335401.62,0.9228,-0.7557,0,0
2025-02-14,sz.002424,3.94,3.96,3.92,3.95,12364203.0,48723285.79,1.0191,0.2538,0,0
2025-02-17,sz.002424,3.94,3.95,3.89,3.91,16556400.0,64834497.0,1.3647,-1.0127,0,0
2025-02-18,sz.002424,3.92,3.97,3.84,3.85,20219123.0,78964081.93,1.6666,-1.5345,0,0
2025-02-19,sz.002424,3.85,3.88,3.82,3.87,11607423.0,44794943.01,0.9567,0.5195,0,0
2025-02-20,sz.002424,3.86,3.95,3.86,3.92,11340000.0,44385013.1,0.9347,1.292,0,0
2025-02-21,sz.002424,3.91,3.92,3.86,3.87,15262200.0,59126865.0,1.258,-1.2755,0,0
2025-02-24,sz.002424,3.87,4.02,3.84,3.96,26437900.0,103625777.0,2.1792,2.3256,0,0
2025-02-25,sz.002424,3.93,3.98,3.91,3.94,15075332.0,59327574.08,1.2426,-0.5051,0,0
2025-02-26,sz.002424,3.95,3.97,3.94,3.96,11630218.0,45952008.92,0.9586,0.5076,0,0
2025-02-27,sz.002424,3.95,3.98,3.94,3.96,14254935.0,56396608.9,1.175,0.0,0,0
2025-02-28,sz.002424,3.95,3.98,3.91,3.91,17084900.0,67452743.0,1.4082,-1.2626,0,0
2025-03-03,sz.002424,3.89,3.93,3.85,3.87,16003100.0,62213740.0,1.3191,-1.023,0,0
2025-03-04,sz.002424,3.87,3.89,3.85,3.88,8845700.0,34227869.0,0.7291,0.2584,0,0
2025-03-05,sz.002424,3.89,3.89,3.82,3.84,13546583.0,52044610.89,1.1166,-1.0309,0,0
2025-03-06,sz.002424,3.84,3.87,3.83,3.87,9905008.0,38204455.16,0.8164,0.7813,0,0
2025-03-07,sz.002424,3.86,3.9,3.85,3.86,13687303.0,53022191.61,1.1282,-0.2584,0,0
2025-03-10,sz.002424,3.85,3.9,3.84,3.87,12007300.0,46440793.0,0.9897,0.2591,0,0
2025-03-11,sz.002424,3.84,3.87,3.83,3.87,10219300.0,39301708.0,0.8423,0.0,0,0
2025-03-12,sz.002424,3.86,3.97,3.85,3.95,21789097.0,85029535.01,1.796,2.0672,0,0
2025-03-13,sz.002424,3.94,3.94,3.87,3.89,14914100.0,58251097.0,1.2293,-1.519,0,0
2025-03-14,sz.002424,3.89,3.98,3.88,3.95,17869926.0,70517542.8,1.4729,1.5424,0,0
2025-03-17,sz.002424,3.94,3.99,3.93,3.97,15270324.0,60581394.28,1.2587,0.5063,0,0
2025-03-18,sz.002424,3.97,4.17,3.95,4.14,62166246.0,256271847.08,5.1241,4.2821,0,0
2025-03-19,sz.002424,4.08,4.13,4.04,4.05,38651201.0,157576159.75,3.1859,-2.1739,0,0
2025-03-20,sz.002424,4.08,4.25,4.08,4.25,60392526.0,255040625.51,4.9779,4.9383,0,0
2025-03-21,sz.002424,4.3,4.46,4.22,4.25,75663682.0,328762783.81,6.2366,0.0,0,0
2025-03-24,sz.002424,4.18,4.23,4.04,4.07,51603440.0,211533828.1,4.2534,-4.2353,0,0
2025-03-25,sz.002424,4.09,4.27,4.07,4.27,34092370.0,143353737.0,2.8101,4.914,0,0
2025-03-26,sz.002424,4.3,4.48,4.23,4.48,67804310.0,297150565.13,5.5888,4.918,0,0
2025-03-27,sz.002424,4.41,4.69,4.37,4.45,67356273.0,304009362.74,5.5519,-0.6696,0,0
2025-03-28,sz.002424,4.4,4.58,4.33,4.36,48479965.0,216126431.19,3.996,-2.0225,0,0
2025-03-31,sz.002424,4.33,4.48,4.2,4.27,36291779.0,156664219.0,2.9914,-2.0642,0,0
2025-04-01,sz.002424,4.3,4.42,4.28,4.33,26763016.0,115998481.17,2.206,1.4052,0,0
2025-04-02,sz.002424,4.29,4.31,4.21,4.24,22848220.0,96954480.57,1.8833,-2.0785,0,0
2025-04-03,sz.002424,4.21,4.3,4.2,4.25,17914542.0,76115028.92,1.4766,0.2358,0,0
2025-04-07,sz.002424,4.04,4.09,4.04,4.04,14007600.0,56646758.5,1.1546,-4.9412,0,0
2025-04-08,sz.002424,3.85,3.94,3.84,3.85,44848493.0,173103586.13,3.6967,-4.703,0,0
2025-04-09,sz.002424,3.78,3.9,3.66,3.86,32927350.0,124017441.5,2.7141,0.2597,0,0
2025-04-10,sz.002424,3.91,3.99,3.9,3.95,26637800.0,104919498.0,2.1956,2.3316,0,0
2025-04-11,sz.002424,3.93,3.97,3.89,3.95,17165100.0,67651075.0,1.4148,0.0,0,0
2025-04-14,sz.002424,3.97,4.11,3.97,4.06,20023157.0,81155397.71,1.6504,2.7848,0,0
2025-04-15,sz.002424,4.07,4.08,4.01,4.03,14712600.0,59332938.0,1.2127,-0.7389,0,0
2025-04-16,sz.002424,4.0,4.1,3.95,4.01,17774238.0,71518013.62,1.4651,-0.4963,0,0
2025-04-17,sz.002424,4.03,4.04,4.0,4.01,12371579.0,49726765.79,1.0197,0.0,0,0
2025-04-18,sz.002424,3.99,4.01,3.95,4.0,12681200.0,50416012.0,1.0453,-0.2494,0,0
2025-04-21,sz.002424,3.99,4.05,3.98,4.02,12704322.0,51046340.16,1.0472,0.5,0,0
2025-04-22,sz.002424,4.0,4.02,3.96,3.98,13222851.0,52695864.53,1.0899,-0.995,0,0
2025-04-23,sz.002424,3.99,4.0,3.97,3.97,12178100.0,48476984.0,1.0038,-0.2513,0,0
2025-04-24,sz.002424,3.97,3.98,3.85,3.87,24593879.0,95896456.31,2.0272,-2.5189,0,0
2025-04-25,sz.002424,3.87,4.02,3.87,3.98,21806600.0,86648667.0,1.7974,2.8424,0,0
2025-04-28,sz.002424,3.96,4.08,3.9,4.01,23307900.0,92867027.0,1.9212,0.7538,0,0
2025-04-29,sz.002424,3.92,3.98,3.88,3.93,21436000.0,84113713.0,1.7669,-1.995,0,0
2025-04-30,sz.002424,3.93,4.01,3.93,3.94,14893830.0,58893679.9,1.2276,0.2545,0,0
2025-05-06,sz.002424,3.98,4.0,3.94,4.0,16627500.0,66008865.0,1.3705,1.5228,0,0
2025-05-07,sz.002424,4.01,4.07,3.98,4.0,21062200.0,84609477.0,1.7361,0.0,0,0
2025-05-08,sz.002424,4.0,4.02,3.97,3.99,15127423.0,60464703.77,1.2469,-0.25,0,0
2025-05-09,sz.002424,4.0,4.07,3.99,4.01,23189000.0,93391762.0,1.9114,0.5013,0,0
2025-05-12,sz.002424,4.0,4.02,3.94,3.98,20684800.0,82143643.0,1.705,-0.7481,0,0
2025-05-13,sz.002424,4.0,4.01,3.95,3.96,14723800.0,58508075.0,1.2136,-0.5025,0,0
2025-05-14,sz.002424,3.96,3.97,3.92,3.96,17271579.0,68051339.47,1.4236,0.0,0,0
2025-05-15,sz.002424,3.94,4.0,3.92,3.94,16782700.0,66400180.0,1.3833,-0.5051,0,0
2025-05-16,sz.002424,3.94,3.96,3.92,3.94,12150303.0,47813412.79,1.0015,0.0,0,0
2025-05-19,sz.002424,3.96,4.01,3.94,3.99,19881144.0,79216759.25,1.6387,1.269,0,0
2025-05-20,sz.002424,4.0,4.17,3.98,4.07,33585444.0,136996145.64,2.7683,2.005,0,0
2025-05-21,sz.002424,4.06,4.1,4.03,4.06,20556500.0,83414137.0,1.6944,-0.2457,0,0
2025-05-22,sz.002424,4.06,4.16,4.05,4.07,25123500.0,102997376.0,2.0708,0.2463,0,0
2025-05-23,sz.002424,4.04,4.13,4.04,4.05,20789200.0,84901316.0,1.7136,-0.4914,0,0
2025-05-26,sz.002424,4.06,4.06,3.95,4.0,17361300.0,69388864.0,1.431,-1.2346,0,0
2025-05-27,sz.002424,4.0,4.05,3.98,4.01,10721162.0,43006826.0,0.8837,0.25,0,0
2025-05-28,sz.002424,4.02,4.08,4.01,4.03,13170178.0,53163431.21,1.0856,0.4988,0,0
2025-05-29,sz.002424,4.03,4.06,4.01,4.04,15415546.0,62223253.84,1.2706,0.2481,0,0
2025-05-30,sz.002424,4.03,4.04,4.0,4.01,14580377.0,58543648.77,1.2018,-0.7426,0,0
2025-06-03,sz.002424,3.99,4.04,3.98,4.03,13123069.0,52599866.95,1.0817,0.4988,0,0
2025-06-04,sz.002424,4.04,4.09,4.04,4.09,21080234.0,85746789.0,1.7376,1.4888,0,0
2025-06-05,sz.002424,4.1,4.18,4.08,4.14,31638469.0,130822631.28,2.6078,1.2225,0,0
2025-06-06,sz.002424,4.12,4.35,4.12,4.28,59310067.0,254804104.88,4.8887,3.3816,0,0
2025-06-09,sz.002424,4.34,4.35,4.24,4.28,34490767.0,147521453.74,2.8429,0.0,0,0
2025-06-10,sz.002424,4.29,4.41,4.21,4.33,38596560.0,166645846.2,3.1813,1.1682,0,0
2025-06-11,sz.002424,4.34,4.36,4.26,4.27,22277823.0,95793369.98,1.8363,-1.3857,0,0
2025-06-12,sz.002424,4.25,4.3,4.2,4.23,21567700.0,91381393.82,1.7777,-0.9368,0,0
2025-06-13,sz.002424,4.25,4.25,4.15,4.17,20264000.0,84783489.0,1.6703,-1.4184,0,0
2025-06-16,sz.002424,4.15,4.25,4.14,4.23,17157979.0,72134861.22,1.4143,1.4388,0,0
2025-06-17,sz.002424,4.23,4.29,4.2,4.23,16365600.0,69391037.0,1.3489,0.0,0,0
2025-06-18,sz.002424,4.21,4.24,4.18,4.18,11404600.0,47867673.0,0.94,-1.182,0,0
2025-06-19,sz.002424,4.39,4.39,4.39,4.39,4628900.0,20320871.0,0.3815,5.0239,0,0
2025-06-20,sz.002424,4.61,4.61,4.61,4.61,3796100.0,17500021.0,0.3129,5.0114,0,0
2025-06-23,sz.002424,4.84,4.84,4.75,4.84,94376743.0,455423696.65,7.7791,4.9892,0,0
2025-06-24,sz.002424,4.94,5.05,4.83,4.88,120266140.0,592413474.93,9.913,0.8264,0,0
2025-06-25,sz.002424,4.94,5.12,4.92,5.12,42174800.0,211075202.72,3.4763,4.918,0,0
2025-06-26,sz.002424,5.2,5.28,5.09,5.2,86831193.0,450568774.48,7.1571,1.5625,0,0
2025-06-27,sz.002424,5.2,5.2,5.2,5.2,,,,,0,0
2025-06-30,sz.002424,5.21,5.72,5.17,5.18,140127531.0,750452971.95,11.5501,-0.3846,0,0
2025-07-01,sz.002424,5.18,5.7,5.15,5.7,159066007.0,888938669.14,13.1111,10.0386,1,0
2025-07-02,sz.002424,5.82,6.15,5.71,5.72,197252212.0,1164495836.26,16.2586,0.3509,0,0
2025-07-03,sz.002424,5.6,6.08,5.6,5.87,132002905.0,768917328.11,10.8804,2.6224,0,0
2025-07-04,sz.002424,5.88,6.01,5.71,5.77,111667079.0,653714951.46,9.2042,-1.7036,0,0
2025-07-07,sz.002424,5.71,5.72,5.46,5.48,99630970.0,551539725.8,8.2121,-5.026,0,0
2025-07-08,sz.002424,5.48,5.59,5.42,5.5,58040000.0,318853025.58,4.784,0.365,0,0
2025-07-09,sz.002424,5.46,5.51,5.4,5.43,48517545.0,264215689.2,3.9991,-1.2727,0,0
2025-07-10,sz.002424,5.44,5.48,5.36,5.41,39095001.0,211577998.52,3.2224,-0.3683,0,0
2025-07-11,sz.002424,5.39,5.42,5.32,5.38,41043724.0,219927192.12,3.3831,-0.5545,0,0
2025-07-14,sz.002424,5.38,5.45,5.28,5.32,40454300.0,215994535.0,3.3345,-1.1152,0,0
2025-07-15,sz.002424,5.28,5.31,5.18,5.24,37257200.0,194620356.31,3.0709,-1.5038,0,0
2025-07-16,sz.002424,5.25,5.64,5.23,5.42,86940000.0,471837707.0,7.1661,3.4351,0,0
2025-07-17,sz.002424,5.46,5.52,5.35,5.41,42690900.0,230378519.0,3.5188,-0.1845,0,0
2025-07-18,sz.002424,5.39,5.41,5.32,5.36,27882440.0,149070426.42,2.2982,-0.9242,0,0
2025-07-21,sz.002424,5.37,5.41,5.35,5.39,24272564.0,130613768.04,2.0007,0.5597,0,0
2025-07-22,sz.002424,5.37,5.41,5.34,5.35,26586364.0,142565333.4,2.1914,-0.7421,0,0
2025-07-23,sz.002424,5.33,5.39,5.3,5.32,28018600.0,149716290.0,2.3095,-0.5607,0,0
2025-07-24,sz.002424,5.32,5.67,5.32,5.53,77364800.0,428601733.2,6.3768,3.9474,0,0
2025-07-25,sz.002424,5.44,5.52,5.35,5.36,52544500.0,283894881.0,4.331,-3.0741,0,0
2025-07-28,sz.002424,5.33,5.42,5.32,5.36,24588200.0,131872788.0,2.0267,0.0,0,0
2025-07-29,sz.002424,5.42,5.44,5.34,5.41,31244600.0,168164050.0,2.5754,0.9328,0,0
2025-07-30,sz.002424,5.43,5.47,5.33,5.4,35866600.0,194267438.0,2.9563,-0.1848,0,0
2025-07-31,sz.002424,5.4,5.94,5.36,5.94,113224823.0,645026602.99,9.3326,10.0,1,0
2025-08-01,sz.002424,6.09,6.53,6.08,6.53,117437543.0,749461034.28,9.6799,9.9327,1,0
2025-08-04,sz.002424,6.83,6.94,6.28,6.65,236809824.0,1569682241.37,19.5192,1.8377,0,0
2025-08-05,sz.002424,6.64,6.7,6.17,6.2,145687200.0,917080811.0,12.0084,-6.7669,0,0
2025-08-06,sz.002424,6.25,6.28,5.97,6.0,104317828.0,632899162.36,8.5985,-3.2258,0,0
2025-08-07,sz.002424,5.96,6.27,5.95,6.02,95002730.0,577792401.3,7.8307,0.3333,0,0
2025-08-08,sz.002424,5.98,6.25,5.95,6.13,78723810.0,480208007.5,6.4889,1.8272,0,0
2025-08-11,sz.002424,6.07,6.15,6.0,6.12,46260423.0,281485641.13,3.813,-0.1631,0,0
2025-08-12,sz.002424,6.15,6.19,6.05,6.07,43603310.0,266241795.92,3.594,-0.817,0,0
2025-08-13,sz.002424,6.07,6.1,6.01,6.06,38639920.0,233796457.0,3.1849,-0.1647,0,0
2025-08-14,sz.002424,6.06,6.18,5.99,6.0,53828030.0,326331118.6,4.4368,-0.9901,0,0
2025-08-15,sz.002424,5.94,6.0,5.72,5.99,62474615.0,367966269.2,5.1495,-0.1667,0,0
2025-08-18,sz.002424,5.99,6.11,5.99,6.06,45203469.0,273578490.37,3.7259,1.1686,0,0
2025-08-19,sz.002424,6.07,6.2,6.03,6.09,55249100.0,337801501.0,4.5539,0.495,0,0
2025-08-20,sz.002424,6.08,6.11,5.97,6.06,41702900.0,251432221.42,3.4374,-0.4926,0,0
2025-08-21,sz.002424,6.05,6.54,6.04,6.29,102832098.0,647701826.82,8.476,3.7954,0,0
2025-08-22,sz.002424,6.21,6.25,6.1,6.14,51949719.0,318786543.14,4.282,-2.3847,0,0
2025-08-25,sz.002424,6.11,6.28,6.1,6.25,48401503.0,300202049.87,3.9895,1.7915,0,0
2025-08-26,sz.002424,6.29,6.44,6.22,6.24,42989980.0,270365433.2,3.5435,-0.16,0,0
2025-08-27,sz.002424,6.2,6.23,6.03,6.03,48214978.0,295383549.52,3.9742,-3.3654,0,0
2025-08-28,sz.002424,5.98,6.07,5.81,6.02,44824650.0,266962274.5,3.6947,-0.1658,0,0
2025-08-29,sz.002424,6.02,6.06,5.97,5.98,21718100.0,130437451.0,1.7901,-0.6645,0,0
2025-09-01,sz.002424,5.98,6.08,5.9,6.07,28118031.0,169506346.64,2.3176,1.505,0,0
2025-09-02,sz.002424,6.07,6.09,5.9,5.99,28232400.0,168647098.0,2.3271,-1.318,0,0
2025-09-03,sz.002424,5.99,6.01,5.8,5.81,27519200.0,161714219.0,2.2683,-3.005,0,0
2025-09-04,sz.002424,5.81,5.92,5.69,5.78,27286480.0,158849426.0,2.2491,-0.5164,0,0
2025-09-05,sz.002424,5.82,5.9,5.71,5.89,20612280.0,119718189.4,1.699,1.9031,0,0
2025-09-08,sz.002424,5.89,6.0,5.86,5.97,20552700.0,122153143.0,1.6941,1.3582,0,0
2025-09-09,sz.002424,5.97,5.97,5.83,5.86,15738700.0,92774746.0,1.2973,-1.8425,0,0
2025-09-10,sz.002424,5.86,6.13,5.82,6.05,45948700.0,275594198.33,3.7874,3.2423,0,0
2025-09-11,sz.002424,6.02,6.03,5.89,6.0,24266493.0,144447791.42,2.0002,-0.8264,0,0
2025-09-12,sz.002424,5.99,5.99,5.91,5.93,19523640.0,115925971.6,1.6092,-1.1667,0,0
2025-09-15,sz.002424,5.95,5.96,5.88,5.89,14182444.0,83702885.72,1.169,-0.6745,0,0
2025-09-16,sz.002424,5.91,5.98,5.88,5.97,19863500.0,117992446.0,1.6373,1.3582,0,0
2025-09-17,sz.002424,5.97,5.99,5.88,5.89,19790720.0,116819873.6,1.6313,-1.34,0,0
2025-09-18,sz.002424,5.89,5.91,5.75,5.75,23552550.0,137371252.0,1.9413,-2.3769,0,0
2025-09-19,sz.002424,5.76,5.77,5.58,5.65,26695014.0,150958447.58,2.2004,-1.7391,0,0
2025-09-22,sz.002424,5.69,5.85,5.62,5.65,19299270.0,110196893.0,1.5908,0.0,0,0
2025-09-23,sz.002424,5.63,5.63,5.38,5.47,29760406.0,162700519.76,2.453,-3.1858,0,0
2025-09-24,sz.002424,5.46,5.59,5.42,5.56,20044500.0,111048977.0,1.6522,1.6453,0,0
2025-09-25,sz.002424,5.55,5.56,5.49,5.51,16275780.0,89817732.4,1.3415,-0.8993,0,0
2025-09-26,sz.002424,5.48,5.54,5.41,5.42,16699206.0,91219454.72,1.3764,-1.6334,0,0
2025-09-29,sz.002424,5.44,5.44,5.29,5.32,24849463.0,133393942.83,2.0482,-1.845,0,0
2025-09-30,sz.002424,5.33,5.37,5.18,5.25,37436650.0,195881958.5,3.0857,-1.3158,0,0
2025-10-09,sz.002424,5.25,5.29,5.17,5.26,26641478.0,139255596.38,2.1959,0.1905,0,0
2025-10-10,sz.002424,5.25,5.37,5.24,5.32,24176688.0,128778180.99,1.9928,1.1407,0,0
2025-10-13,sz.002424,5.16,5.31,5.13,5.31,19404669.0,101735445.5,1.5994,-0.188,0,0
2025-10-14,sz.002424,5.33,5.42,5.3,5.33,20857600.0,111886163.0,1.7192,0.3766,0,0
2025-10-15,sz.002424,5.32,5.42,5.32,5.41,20582233.0,110681496.14,1.6965,1.5009,0,0
2025-10-16,sz.002424,5.66,5.95,5.61,5.95,48259781.0,281256129.75,3.9778,9.9815,1,0
2025-10-17,sz.002424,6.11,6.43,5.95,6.06,138510369.0,852014380.82,11.4168,1.8487,0,0
2025-10-20,sz.002424,5.94,6.18,5.78,6.15,82002404.0,495146371.75,6.7591,1.4851,0,0
2025-10-21,sz.002424,6.07,6.12,5.9,6.0,58021100.0,346153772.39,4.7824,-2.439,0,0
2025-10-22,sz.002424,6.05,6.12,5.89,5.9,45089229.0,268686367.1,3.7165,-1.6667,0,0
2025-10-23,sz.002424,5.82,5.93,5.78,5.9,35240200.0,205926825.93,2.9047,0.0,0,0
2025-10-24,sz.002424,5.89,5.95,5.81,5.83,29254926.0,171504883.77,2.4114,-1.1864,0,0
2025-10-27,sz.002424,5.84,5.92,5.77,5.92,30709423.0,179821321.43,2.5312,1.5437,0,0
2025-10-28,sz.002424,5.89,5.94,5.85,5.89,25386698.0,149504213.2,2.0925,-0.5068,0,0
2025-10-29,sz.002424,5.85,5.9,5.78,5.89,26052641.0,152435193.6,2.1474,0.0,0,0
2025-10-30,sz.002424,5.91,5.93,5.72,5.72,34764300.0,201914721.0,2.8655,-2.8862,0,0
2025-10-31,sz.002424,5.7,5.82,5.68,5.81,26744530.0,154680230.0,2.2044,1.5734,0,0
2025-11-03,sz.002424,5.82,5.85,5.78,5.85,21002900.0,122275848.0,1.7312,0.6885,0,0
2025-11-04,sz.002424,5.84,5.85,5.75,5.79,15875900.0,92102932.0,1.3086,-1.0256,0,0
2025-11-05,sz.002424,5.75,5.96,5.73,5.92,33740923.0,198903477.78,2.7811,2.2453,0,0
2025-11-06,sz.002424,5.93,5.94,5.8,5.82,23265403.0,135699246.4,1.9177,-1.6892,0,0
2025-11-07,sz.002424,5.79,5.87,5.79,5.83,17343400.0,101101351.0,1.4295,0.1718,0,0
2025-11-10,sz.002424,5.81,6.0,5.8,5.98,40274422.0,239034887.77,3.3196,2.5729,0,0
2025-11-11,sz.002424,5.98,6.02,5.92,6.01,33260200.0,199086266.0,2.7415,0.5017,0,0
2025-11-12,sz.002424,6.02,6.19,5.99,6.09,52869108.0,321993291.98,4.3578,1.3311,0,0
2025-11-13,sz.002424,6.02,6.11,5.95,6.1,39354329.0,237496746.87,3.2438,0.1642,0,0
2025-11-14,sz.002424,6.09,6.25,6.06,6.18,47310300.0,293017324.0,3.8996,1.3115,0,0
2025-11-17,sz.002424,6.12,6.18,5.99,6.01,32606903.0,196710747.0,2.6876,-2.7508,0,0
2025-11-18,sz.002424,5.99,6.03,5.88,5.91,23606963.0,139919648.73,1.9458,-1.6639,0,0
2025-11-19,sz.002424,5.91,5.92,5.78,5.81,18023700.0,104928489.0,1.4856,-1.692,0,0
2025-11-20,sz.002424,5.82,5.84,5.74,5.79,13620012.0,78898165.0,1.1226,-0.3442,0,0
2025-11-21,sz.002424,5.76,5.8,5.57,5.57,23935000.0,135312807.0,1.9729,-3.7997,0,0
2025-11-24,sz.002424,5.6,5.68,5.54,5.62,14455900.0,81047036.0,1.1915,0.8977,0,0
2025-11-25,sz.002424,5.64,5.73,5.61,5.72,19618000.0,111674606.8,1.617,1.7794,0,0
2025-11-26,sz.002424,5.72,5.82,5.67,5.72,20066422.0,115377858.62,1.654,0.0,0,0
2025-11-27,sz.002424,5.69,5.73,5.64,5.7,12678299.0,72136846.35,1.045,-0.3497,0,0
2025-11-28,sz.002424,5.7,5.71,5.63,5.69,12040606.0,68186665.05,0.9925,-0.1754,0,0
2025-12-01,sz.002424,5.68,5.74,5.65,5.73,16075600.0,91442422.0,1.325,0.703,0,0
2025-12-02,sz.002424,5.75,5.8,5.55,5.62,26544200.0,149596365.0,2.1879,-1.9197,0,0
2025-12-03,sz.002424,5.6,5.65,5.54,5.57,17879403.0,99891197.71,1.4737,-0.8897,0,0
2025-12-04,sz.002424,5.21,5.38,5.09,5.22,60121700.0,315386451.93,4.9556,-6.2837,0,0
2025-12-05,sz.002424,5.22,5.57,5.2,5.53,48851842.0,263903733.83,4.0266,5.9387,0,0
2025-12-08,sz.002424,5.53,5.62,5.45,5.5,23519500.0,130021278.0,1.9386,-0.5425,0,0
2025-12-09,sz.002424,5.48,5.53,5.46,5.5,14050900.0,77253483.0,1.1582,0.0,0,0
2025-12-10,sz.002424,5.47,5.52,5.42,5.48,16242300.0,88640026.0,1.3388,-0.3636,0,0
2025-12-11,sz.002424,5.48,5.51,5.41,5.42,12365703.0,67232528.23,1.0193,-1.0949,0,0
2025-12-12,sz.002424,5.4,5.42,5.33,5.35,12742800.0,68505328.0,1.0503,-1.2915,0,0
2025-12-15,sz.002424,5.3,5.39,5.25,5.33,9687640.0,51586161.8,0.7985,-0.3738,0,0
2025-12-16,sz.002424,5.35,5.35,5.2,5.21,12436900.0,65179255.0,1.0251,-2.2514,0,0
2025-12-17,sz.002424,5.21,5.48,5.17,5.46,24112300.0,128755928.0,1.9875,4.7985,0,0
2025-12-18,sz.002424,5.46,5.64,5.38,5.53,22450740.0,124284181.8,1.8505,1.2821,0,0
2025-12-19,sz.002424,5.53,5.66,5.51,5.63,21854700.0,122691179.0,1.8014,1.8083,0,0
2025-12-22,sz.002424,5.63,5.63,5.63,5.63,,,,,0,0
2025-12-23,sz.002424,5.35,5.35,5.35,5.35,467900.0,2503265.0,0.0386,-4.9734,0,0
2025-12-24,sz.002424,5.08,5.08,5.08,5.08,275400.0,1399032.0,0.0227,-5.0467,0,0
2025-12-25,sz.002424,4.83,4.83,4.83,4.83,4704200.0,22721286.0,0.3877,-4.9213,0,0
2025-12-26,sz.002424,4.61,4.8,4.59,4.59,84931432.0,391167338.31,7.0005,-4.9689,0,0
2025-12-29,sz.002424,4.4,4.42,4.36,4.36,42536000.0,186118779.0,3.5061,-5.0109,0,0
2025-12-30,sz.002424,4.2,4.33,4.14,4.23,71143574.0,300711108.48,5.8641,-2.9817,0,0
2025-12-31,sz.002424,4.29,4.43,4.27,4.35,47682690.0,207432444.7,3.9303,2.8369,0,0
2026-01-05,sz.002424,4.26,4.35,4.26,4.29,31687390.0,136265546.9,2.6119,-1.3793,0,0
2026-01-06,sz.002424,4.28,4.35,4.28,4.33,21982100.0,95107020.0,1.8119,0.9324,0,0
2026-01-07,sz.002424,4.33,4.37,4.27,4.28,24652091.0,106232619.48,2.032,-1.1547,0,0
2026-01-08,sz.002424,4.26,4.3,4.23,4.29,16056645.0,68620550.52,1.3235,0.2336,0,0
2026-01-09,sz.002424,4.27,4.33,4.26,4.27,26708091.0,114588492.39,2.2014,-0.4662,0,0
2026-01-12,sz.002424,4.26,4.26,4.15,4.18,47301300.0,198163433.97,3.8988,-2.1077,0,0
2026-01-13,sz.002424,4.17,4.18,4.11,4.12,36054922.0,149333661.57,2.9719,-1.4354,0,0
2026-01-14,sz.002424,4.13,4.15,4.08,4.09,34870784.0,143575012.72,2.8742,-0.7282,0,0
2026-01-15,sz.002424,4.18,4.29,4.18,4.29,40215556.0,171302253.09,3.3148,4.89,0,0
2026-01-16,sz.002424,4.29,4.33,4.22,4.33,43592800.0,186625688.0,3.5932,0.9324,0,0
2026-01-19,sz.002424,4.33,4.4,4.27,4.27,28695459.0,123987534.93,2.3652,-1.3857,0,0
2026-01-20,sz.002424,4.26,4.31,4.23,4.26,18587359.0,79215373.7,1.5321,-0.2342,0,0
2026-01-21,sz.002424,4.24,4.25,4.21,4.22,15431406.0,65247256.32,1.2719,-0.939,0,0
2026-01-22,sz.002424,4.22,4.25,4.19,4.23,19921100.0,84100737.0,1.642,0.237,0,0
2026-01-23,sz.002424,4.23,4.28,4.21,4.27,19769379.0,83969317.9,1.6295,0.9456,0,0
2026-01-26,sz.002424,4.27,4.36,4.24,4.35,29682498.0,127194661.44,2.4466,1.8735,0,0
2026-01-27,sz.002424,4.33,4.34,4.22,4.27,19917597.0,84917438.22,1.6417,-1.8391,0,0
2026-01-28,sz.002424,4.27,4.3,4.24,4.25,14347400.0,61133731.0,1.1826,-0.4684,0,0
2026-01-29,sz.002424,4.25,4.26,4.2,4.23,15110029.0,63882609.38,1.2455,-0.4706,0,0
2026-01-30,sz.002424,4.22,4.25,4.2,4.23,14310700.0,60436223.0,1.1796,0.0,0,0
2026-02-02,sz.002424,4.14,4.19,4.11,4.13,15321700.0,63694055.0,1.2629,-2.3641,0,0
2026-02-03,sz.002424,4.14,4.17,4.12,4.15,9616300.0,39772860.0,0.7926,0.4843,0,0
2026-02-04,sz.002424,4.13,4.22,4.11,4.21,14905100.0,62121949.0,1.2286,1.4458,0,0
2026-02-05,sz.002424,4.21,4.27,4.19,4.22,15516100.0,65767876.0,1.2789,0.2375,0,0
2026-02-06,sz.002424,4.33,4.4,4.24,4.25,24874300.0,107123165.0,2.0503,0.7109,0,0
2026-02-09,sz.002424,4.23,4.28,4.22,4.25,15477609.0,65856114.25,1.2758,0.0,0,0
2026-02-10,sz.002424,4.26,4.31,4.25,4.3,13738600.0,58942867.0,1.1324,1.1765,0,0
2026-02-11,sz.002424,4.39,4.52,4.32,4.52,45630426.0,203861809.92,3.7611,5.1163,0,0
2026-02-12,sz.002424,4.45,4.51,4.4,4.45,32526011.0,144465845.73,2.681,-1.5487,0,0
2026-02-13,sz.002424,4.45,4.51,4.36,4.36,17680400.0,78232526.0,1.4573,-2.0225,0,0
2026-02-24,sz.002424,4.39,4.57,4.37,4.45,26072700.0,116552732.96,2.1491,2.0642,0,0
2026-02-25,sz.002424,4.47,4.67,4.44,4.64,39528700.0,182061887.0,3.2582,4.2697,0,0
2026-02-26,sz.002424,4.61,4.87,4.59,4.87,24676000.0,117586716.0,2.0339,4.9569,0,0
2026-02-27,sz.002424,4.98,5.07,4.88,5.0,49332306.0,245099539.75,4.0662,2.6694,0,0
2026-03-02,sz.002424,4.95,5.25,4.94,5.24,40453469.0,209164526.41,3.3344,4.8,0,0
2026-03-03,sz.002424,5.15,5.23,4.98,4.98,36780005.0,186691463.14,3.0316,-4.9618,0,0
2026-03-04,sz.002424,4.92,5.22,4.88,5.18,28582743.0,146284968.83,2.356,4.0161,0,0
2026-03-05,sz.002424,5.15,5.33,5.15,5.18,22156900.0,115614432.0,1.8263,0.0,0,0
2026-03-06,sz.002424,5.14,5.21,5.07,5.16,16106400.0,83256279.0,1.3276,-0.3861,0,0
2026-03-09,sz.002424,5.11,5.22,5.05,5.07,21671159.0,110579483.95,1.7863,-1.7442,0,0
2026-03-10,sz.002424,5.08,5.28,5.08,5.18,17714059.0,91885889.85,1.4601,2.1696,0,0
2026-03-11,sz.002424,5.2,5.43,5.18,5.36,24304900.0,129630408.0,2.0033,3.4749,0,0
2026-03-12,sz.002424,5.33,5.45,5.32,5.42,17107453.0,92118478.2,1.4101,1.1194,0,0
2026-03-13,sz.002424,5.45,5.47,5.15,5.18,32850998.0,172760544.7,2.7078,-4.428,0,0
2026-03-16,sz.002424,5.17,5.26,5.03,5.11,22640404.0,115736322.84,1.8662,-1.3514,0,0
2026-03-17,sz.002424,5.16,5.18,5.03,5.05,14898300.0,75896068.0,1.228,-1.1742,0,0
2026-03-18,sz.002424,5.09,5.11,5.02,5.09,10466063.0,53036458.01,0.8627,0.7921,0,0
2026-03-19,sz.002424,5.03,5.06,4.9,4.91,16804100.0,83473856.37,1.3851,-3.5363,0,0
2026-03-20,sz.002424,4.93,5.0,4.78,4.8,15597300.0,76044992.0,1.2856,-2.2403,0,0
2026-03-23,sz.002424,4.66,4.7,4.56,4.56,21626200.0,99383014.0,1.7826,-5.0,0,0
2026-03-24,sz.002424,4.61,4.69,4.56,4.69,15704800.0,72731443.0,1.2945,2.8509,0,0
2026-03-25,sz.002424,4.75,4.87,4.72,4.86,15413500.0,73990429.0,1.2705,3.6247,0,0
2026-03-26,sz.002424,4.86,4.89,4.69,4.73,12550000.0,59824792.0,1.0344,-2.6749,0,0
2026-03-27,sz.002424,4.7,4.84,4.67,4.83,8207700.0,39272284.0,0.6765,2.1142,0,0
2026-03-30,sz.002424,5.07,5.07,5.02,5.07,6816563.0,34537770.41,0.5619,4.9689,0,0
2026-03-31,sz.002424,5.31,5.32,5.16,5.18,38054002.0,199878113.3,3.1366,2.1696,0,0
2026-04-01,sz.002424,5.24,5.35,5.13,5.23,18959466.0,99224677.81,1.5627,0.9653,0,0
2026-04-02,sz.002424,5.26,5.29,5.13,5.16,13337200.0,69415842.0,1.0993,-1.3384,0,0
2026-04-03,sz.002424,5.18,5.19,4.9,4.97,16195900.0,80862158.0,1.335,-3.6822,0,0
2026-04-07,sz.002424,4.95,5.04,4.91,4.99,8107500.0,40417820.0,0.6683,0.4024,0,0
2026-04-08,sz.002424,5.09,5.09,4.99,5.06,10755600.0,54303294.0,0.8865,1.4028,0,0
2026-04-09,sz.002424,5.02,5.06,5.01,5.03,6949500.0,34981147.0,0.5728,-0.5929,0,0
2026-04-10,sz.002424,5.02,5.1,5.02,5.05,8814727.0,44594830.54,0.7266,0.3976,0,0
2026-04-13,sz.002424,5.02,5.2,4.98,5.08,13402200.0,68461828.0,1.1047,0.5941,0,0
2026-04-14,sz.002424,5.05,5.1,5.0,5.01,9941300.0,49961647.0,0.8194,-1.378,0,0
2026-04-15,sz.002424,5.05,5.08,5.01,5.03,6524200.0,32855100.0,0.5378,0.3992,0,0
2026-04-16,sz.002424,5.03,5.05,4.98,5.02,7097900.0,35515537.0,0.585,-0.1988,0,0
2026-04-17,sz.002424,5.01,5.27,4.97,5.17,16876320.0,86085497.93,1.391,2.988,0,0
2026-04-20,sz.002424,5.17,5.23,5.09,5.13,12500223.0,64347576.83,1.0303,-0.7737,0,0
2026-04-21,sz.002424,5.15,5.16,5.02,5.03,9359500.0,47476571.0,0.7715,-1.9493,0,0
2026-04-22,sz.002424,5.0,5.07,5.0,5.04,5564200.0,28027587.0,0.4586,0.1988,0,0
2026-04-23,sz.002424,5.05,5.05,4.97,4.98,8011100.0,40026601.0,0.6603,-1.1905,0,0
2026-04-24,sz.002424,4.97,4.99,4.75,4.86,15772819.0,76332356.42,1.3001,-2.4096,0,0
2026-04-27,sz.002424,4.87,4.98,4.81,4.97,8246565.0,40450964.7,0.6797,2.2634,0,0
2026-04-28,sz.002424,5.0,5.1,4.98,5.02,9945100.0,50152193.0,0.8197,1.006,0,0
2026-04-29,sz.002424,5.0,5.1,4.98,5.08,9152610.0,46245677.8,0.7544,1.1952,0,0
2026-04-30,sz.002424,5.03,5.08,4.96,5.03,12082100.0,60481788.0,0.9959,-0.9843,0,0
2026-05-06,sz.002424,5.05,5.13,5.04,5.13,12347500.0,62769817.0,1.0178,1.9881,0,0
2026-05-07,sz.002424,5.13,5.18,5.04,5.05,10261363.0,52140578.71,0.8458,-1.5595,0,0
2026-05-08,sz.002424,5.03,5.05,4.95,4.97,11229300.0,55968165.0,0.9256,-1.5842,0,0
2026-05-11,sz.002424,4.98,4.99,4.9,4.97,10424600.0,51426831.0,0.8593,0.0,0,0
2026-05-12,sz.002424,4.95,4.97,4.92,4.93,6813700.0,33669569.0,0.5616,-0.8048,0,0
2026-05-13,sz.002424,4.93,4.94,4.81,4.85,14248480.0,69265708.6,1.1744,-1.6227,0,0
2026-05-14,sz.002424,4.85,4.86,4.75,4.77,11372050.0,54326664.5,0.9373,-1.6495,0,0
2026-05-15,sz.002424,4.76,5.0,4.71,4.88,13262800.0,64670588.77,1.0932,2.3061,0,0
2026-05-18,sz.002424,4.86,4.93,4.77,4.86,10331212.0,50136545.44,0.8516,-0.4098,0,0
2026-05-19,sz.002424,4.94,5.02,4.89,4.92,6939500.0,34221870.0,0.572,1.2346,0,0
2026-05-20,sz.002424,4.93,4.93,4.81,4.83,7689600.0,37298515.0,0.6338,-1.8293,0,0
2026-05-21,sz.002424,4.78,4.83,4.72,4.75,10369400.0,49530422.0,0.8547,-1.6563,0,0
2026-05-22,sz.002424,4.73,4.79,4.69,4.72,7412100.0,34993907.0,0.6109,-0.6316,0,0
2026-05-25,sz.002424,4.72,4.74,4.55,4.64,14607100.0,67452386.0,1.204,-1.6949,0,0
2026-05-26,sz.002424,4.61,4.71,4.53,4.68,10324817.0,47460975.01,0.851,0.8621,0,0
2026-05-27,sz.002424,4.65,4.65,4.56,4.58,8042900.0,36921969.0,0.6629,-2.1368,0,0
2026-05-28,sz.002424,4.58,4.63,4.54,4.58,5996200.0,27459297.0,0.4942,0.0,0,0
2026-05-29,sz.002424,4.58,4.68,4.54,4.59,8653523.0,39716807.34,0.7133,0.2183,0,0
2026-06-01,sz.002424,4.56,4.8,4.56,4.72,10142800.0,47590329.0,0.836,2.8322,0,0
2026-06-02,sz.002424,4.75,4.77,4.65,4.73,6040574.0,28361531.84,0.4979,0.2119,0,0
2026-06-03,sz.002424,4.74,4.74,4.67,4.69,5183500.0,24339109.0,0.4273,-0.8457,0,0
2026-06-04,sz.002424,4.68,4.68,4.6,4.62,6806500.0,31545848.0,0.561,-1.4925,0,0
2026-06-05,sz.002424,4.63,4.66,4.59,4.59,6209500.0,28674469.0,0.5118,-0.6494,0,0
2026-06-08,sz.002424,4.55,4.55,4.42,4.44,9414800.0,42208449.0,0.776,-3.268,0,0
2026-06-09,sz.002424,4.46,4.52,4.38,4.5,5935540.0,26386229.6,0.4892,1.3514,0,0
2026-06-10,sz.002424,4.46,4.56,4.45,4.52,4806703.0,21590994.5,0.3962,0.4444,0,0
2026-06-11,sz.002424,4.5,4.5,4.33,4.35,8224000.0,36107527.0,0.6779,-3.7611,0,0
2026-06-12,sz.002424,4.33,4.49,4.31,4.46,8378869.0,36922096.1,0.6906,2.5287,0,0
2026-06-15,sz.002424,4.44,4.54,4.42,4.44,6307050.0,28162772.5,0.5199,-0.4484,0,0
2026-06-16,sz.002424,4.44,4.44,4.36,4.4,5168100.0,22681329.0,0.426,-0.9009,0,0
2026-06-17,sz.002424,4.43,4.46,4.3,4.34,8379700.0,36441505.0,0.7275,-1.3636,0,0
2026-06-18,sz.002424,4.31,4.32,4.23,4.26,9528924.0,40642949.0,0.8273,-1.8433,0,0
2026-06-22,sz.002424,4.3,4.47,4.21,4.47,15921389.0,69414348.71,1.3822,4.9296,0,0
2026-06-23,sz.002424,4.5,4.69,4.47,4.69,6884100.0,31993499.0,0.5976,4.9217,0,0
2026-06-24,sz.002424,4.8,4.91,4.6,4.68,18168140.0,86045757.66,1.5773,-0.2132,0,0
2026-06-25,sz.002424,4.64,4.67,4.45,4.45,11110800.0,49790591.0,0.9646,-4.9145,0,0
2026-06-26,sz.002424,4.39,4.47,4.31,4.35,9431017.0,41214169.14,0.8188,-2.2472,0,0
