date,code,open,high,low,close,volume,amount,turnover,pct_change,is_limit_up,is_limit_down
2019-07-01,sz.000565,5.95,5.98,5.9,5.95,4630696,27476449.24,1.067984,1.535831,0,0
2019-07-02,sz.000565,5.94,5.96,5.9,5.92,3020557,17921819.58,0.696635,-0.504197,0,0
2019-07-03,sz.000565,5.92,5.93,5.78,5.82,2641700,15395546.0,0.609259,-1.689188,0,0
2019-07-04,sz.000565,5.82,6.02,5.82,5.84,3266850,19307927.4,0.753438,0.343642,0,0
2019-07-05,sz.000565,5.86,5.9,5.81,5.85,2150136,12557928.66,0.495889,0.171229,0,0
2019-07-08,sz.000565,5.89,5.89,5.49,5.53,3799703,21328376.71,0.876331,-5.47008,0,0
2019-07-09,sz.000565,5.58,5.58,5.47,5.56,2195458,12142270.78,0.506342,0.542491,0,0
2019-07-10,sz.000565,5.56,5.61,5.45,5.48,1890500,10466604.0,0.436009,-1.438848,0,0
2019-07-11,sz.000565,5.51,5.62,5.5,5.54,1925050,10698188.5,0.443977,1.094889,0,0
2019-07-12,sz.000565,5.49,5.64,5.49,5.61,2273353,12735876.8,0.524307,1.263541,0,0
2019-07-15,sz.000565,5.62,5.69,5.51,5.66,3151450,17716688.23,0.726823,0.89126,0,0
2019-07-16,sz.000565,5.66,5.76,5.6,5.7,2668280,15212690.44,0.615389,0.706713,0,0
2019-07-17,sz.000565,5.75,5.75,5.65,5.69,2367500,13485287.0,0.54602,-0.175434,0,0
2019-07-18,sz.000565,5.68,5.69,5.49,5.5,2303278,12798053.5,0.531208,-3.339193,0,0
2019-07-19,sz.000565,5.51,5.67,5.51,5.56,2580322,14451698.82,0.595103,1.090908,0,0
2019-07-22,sz.000565,5.59,5.62,5.41,5.44,2696160,14698509.2,0.621819,-2.158271,0,0
2019-07-23,sz.000565,5.45,5.47,5.4,5.44,2563530,13901471.64,0.591231,0.0,0,0
2019-07-24,sz.000565,5.48,5.55,5.43,5.49,2677239,14739519.72,0.617455,0.919112,0,0
2019-07-25,sz.000565,5.47,5.54,5.44,5.49,2252677,12352395.44,0.519538,0.0,0,0
2019-07-26,sz.000565,5.49,5.49,5.42,5.44,1502019,8184821.29,0.3464,-0.9107,0,0
2019-07-29,sz.000565,5.48,5.48,5.42,5.44,1035760,5631563.8,0.238879,0.0,0,0
2019-07-30,sz.000565,5.46,5.52,5.42,5.48,1761449,9662735.82,0.4062,0.7353,0,0
2019-07-31,sz.000565,5.46,5.48,5.4,5.43,1773850,9651959.0,0.4091,-0.9124,0,0
2019-08-01,sz.000565,5.43,5.43,5.33,5.37,1391678,7488141.2,0.321,-1.105,0,0
2019-08-02,sz.000565,5.29,5.38,5.26,5.3,1755800,9316656.0,0.4049,-1.3035,0,0
2019-08-05,sz.000565,5.32,5.49,5.26,5.28,1976400,10555590.5,0.4558,-0.3774,0,0
2019-08-06,sz.000565,5.22,5.22,4.82,4.98,3789575,18878183.71,0.874,-5.6818,0,0
2019-08-07,sz.000565,4.98,5.03,4.92,4.94,1975903,9781312.82,0.4557,-0.8032,0,0
2019-08-08,sz.000565,4.96,5.04,4.96,4.99,1512452,7553957.0,0.3488,1.0121,0,0
2019-08-09,sz.000565,4.99,5.04,4.84,4.88,1867826,9184815.1,0.4308,-2.2044,0,0
2019-08-12,sz.000565,4.94,4.94,4.84,4.85,2297755,11171608.75,0.5299,-0.6148,0,0
2019-08-13,sz.000565,4.82,4.86,4.8,4.84,1138555,5506108.2,0.2626,-0.2062,0,0
2019-08-14,sz.000565,4.9,4.92,4.85,4.89,2446837,11944794.56,0.5643,1.0331,0,0
2019-08-15,sz.000565,4.78,4.91,4.68,4.88,3206558,15453469.21,0.7395,-0.2045,0,0
2019-08-16,sz.000565,4.88,5.01,4.84,4.91,3841913,18858596.31,0.8861,0.6147,0,0
2019-08-19,sz.000565,4.93,5.08,4.84,5.05,3838755,19120000.37,0.8853,2.8513,0,0
2019-08-20,sz.000565,5.05,5.12,5.04,5.06,2532000,12860295.5,0.584,0.198,0,0
2019-08-21,sz.000565,5.05,5.22,5.05,5.11,2969885,15266111.28,0.6849,0.9881,0,0
2019-08-22,sz.000565,5.11,5.16,5.07,5.12,1855150,9483447.5,0.4279,0.1957,0,0
2019-08-23,sz.000565,5.12,5.21,5.08,5.11,2291700,11787719.0,0.5285,-0.1953,0,0
2019-08-26,sz.000565,4.94,5.15,4.94,5.11,3140500,15924708.21,0.7243,0.0,0,0
2019-08-27,sz.000565,5.13,5.22,5.12,5.18,2805603,14537014.7,0.6471,1.3699,0,0
2019-08-28,sz.000565,5.16,5.26,5.16,5.25,2372100,12366457.5,0.5471,1.3514,0,0
2019-08-29,sz.000565,5.25,5.29,5.16,5.17,1884600,9832005.0,0.4346,-1.5238,0,0
2019-08-30,sz.000565,5.19,5.25,5.03,5.05,2055600,10559399.0,0.4741,-2.3211,0,0
2019-09-02,sz.000565,5.06,5.2,5.06,5.2,2471924,12716484.64,0.5701,2.9703,0,0
2019-09-03,sz.000565,5.22,5.23,5.1,5.18,1890674,9770722.84,0.436,-0.3846,0,0
2019-09-04,sz.000565,5.17,5.22,5.15,5.22,1970950,10235095.0,0.4546,0.7722,0,0
2019-09-05,sz.000565,5.24,5.35,5.23,5.26,3647450,19293924.0,0.8412,0.7663,0,0
2019-09-06,sz.000565,5.27,5.31,5.2,5.25,1778024,9333366.24,0.4101,-0.1901,0,0
2019-09-09,sz.000565,5.29,5.4,5.29,5.4,2557750,13687167.0,0.5899,2.8571,0,0
2019-09-10,sz.000565,5.42,5.45,5.34,5.42,2618350,14123373.5,0.6039,0.3704,0,0
2019-09-11,sz.000565,5.5,5.55,5.37,5.41,3924225,21409721.25,0.905,-0.1845,0,0
2019-09-12,sz.000565,5.45,5.48,5.36,5.46,2673100,14496931.0,0.6165,0.9242,0,0
2019-09-16,sz.000565,5.52,5.66,5.49,5.57,4634350,25840216.0,1.0688,2.0147,0,0
2019-09-17,sz.000565,5.62,5.62,5.37,5.45,3738250,20391945.8,0.8622,-2.1544,0,0
2019-09-18,sz.000565,5.45,5.53,5.4,5.51,2825341,15460086.24,0.6516,1.1009,0,0
2019-09-19,sz.000565,5.52,5.53,5.46,5.51,1239273,6817850.77,0.2858,0.0,0,0
2019-09-20,sz.000565,5.51,5.56,5.46,5.47,1675950,9242656.5,0.3865,-0.726,0,0
2019-09-23,sz.000565,5.45,5.46,5.33,5.45,2518197,13557007.42,0.5808,-0.3656,0,0
2019-09-24,sz.000565,5.4,5.69,5.39,5.47,5797548,32141711.35,1.3371,0.367,0,0
2019-09-25,sz.000565,5.4,5.53,5.37,5.39,1708638,9254698.28,0.3941,-1.4625,0,0
2019-09-26,sz.000565,5.47,5.47,5.25,5.29,2127900,11360500.97,0.4908,-1.8553,0,0
2019-09-27,sz.000565,5.29,5.42,5.26,5.35,1753551,9385119.74,0.4044,1.1342,0,0
2019-09-30,sz.000565,5.3,5.4,5.2,5.26,1625598,8605963.42,0.3749,-1.6822,0,0
2019-10-08,sz.000565,5.26,5.43,5.26,5.36,1896109,10148847.65,0.4373,1.9011,0,0
2019-10-09,sz.000565,5.34,5.52,5.28,5.51,3258900,17787641.5,0.7516,2.7985,0,0
2019-10-10,sz.000565,5.49,5.6,5.46,5.58,3695954,20481841.32,0.8524,1.2704,0,0
2019-10-11,sz.000565,5.53,5.63,5.51,5.53,2723804,15133015.08,0.6282,-0.8961,0,0
2019-10-14,sz.000565,5.53,5.63,5.53,5.58,2818850,15768177.0,0.6501,0.9042,0,0
2019-10-15,sz.000565,5.58,5.64,5.53,5.59,2242801,12533963.58,0.5173,0.1792,0,0
2019-10-16,sz.000565,5.58,5.63,5.48,5.52,2901116,16090980.56,0.6691,-1.2522,0,0
2019-10-17,sz.000565,5.5,5.55,5.41,5.41,1992410,10878975.56,0.4595,-1.9928,0,0
2019-10-18,sz.000565,5.45,5.47,5.18,5.25,4134950,21839488.5,0.9536,-2.9575,0,0
2019-10-21,sz.000565,5.24,5.26,5.09,5.14,2779060,14296080.1,0.6409,-2.0952,0,0
2019-10-22,sz.000565,5.14,5.23,5.13,5.21,1775710,9203462.7,0.4095,1.3619,0,0
2019-10-23,sz.000565,5.22,5.26,5.17,5.19,1451800,7578432.0,0.3348,-0.3839,0,0
2019-10-24,sz.000565,5.18,5.21,5.13,5.17,1640100,8469075.0,0.3783,-0.3854,0,0
2019-10-25,sz.000565,5.19,5.27,5.14,5.26,2397900,12490233.0,0.553,1.7408,0,0
2019-10-28,sz.000565,5.31,5.35,5.23,5.31,3049300,16127532.0,0.7033,0.9506,0,0
2019-10-29,sz.000565,5.31,5.36,5.26,5.27,2231300,11870282.0,0.5146,-0.7533,0,0
2019-10-30,sz.000565,5.25,5.27,5.13,5.17,2019062,10433741.8,0.4657,-1.8975,0,0
2019-10-31,sz.000565,5.2,5.22,5.1,5.14,2015019,10392751.8,0.4647,-0.5803,0,0
2019-11-01,sz.000565,5.15,5.2,5.06,5.16,1785800,9176433.0,0.4119,0.3891,0,0
2019-11-04,sz.000565,5.2,5.26,5.18,5.23,1763600,9226779.0,0.4067,1.3566,0,0
2019-11-05,sz.000565,5.23,5.24,5.16,5.19,1447206,7516881.08,0.3338,-0.7648,0,0
2019-11-06,sz.000565,5.23,5.23,5.08,5.12,1315887,6758356.2,0.3035,-1.3488,0,0
2019-11-07,sz.000565,5.09,5.15,5.07,5.09,2119800,10826506.5,0.4889,-0.5859,0,0
2019-11-08,sz.000565,5.11,5.18,5.1,5.11,1523310,7818653.6,0.3513,0.3929,0,0
2019-11-11,sz.000565,5.11,5.11,4.93,4.97,2836321,14144046.66,0.6541,-2.7397,0,0
2019-11-12,sz.000565,4.95,4.99,4.86,4.93,1923199,9456744.59,0.4436,-0.8048,0,0
2019-11-13,sz.000565,4.93,4.96,4.86,4.87,1375400,6742878.0,0.3172,-1.217,0,0
2019-11-14,sz.000565,4.89,4.94,4.86,4.9,1252650,6141201.0,0.2889,0.616,0,0
2019-11-15,sz.000565,4.9,4.92,4.79,4.82,1637600,7915312.0,0.3777,-1.6327,0,0
2019-11-18,sz.000565,4.83,4.83,4.71,4.78,2312417,10992467.92,0.5333,-0.8299,0,0
2019-11-19,sz.000565,4.75,4.95,4.74,4.88,2459300,11985189.0,0.5672,2.092,0,0
2019-11-20,sz.000565,4.9,4.9,4.8,4.82,1776550,8592675.0,0.4097,-1.2295,0,0
2019-11-21,sz.000565,4.82,4.85,4.77,4.85,1028493,4962350.93,0.2372,0.6224,0,0
2019-11-22,sz.000565,4.82,4.89,4.77,4.8,1703891,8214318.07,0.393,-1.0309,0,0
2019-11-25,sz.000565,4.78,4.82,4.73,4.81,1377850,6588502.0,0.3178,0.2083,0,0
2019-11-26,sz.000565,4.81,4.84,4.79,4.8,1000250,4804655.5,0.2307,-0.2079,0,0
2019-11-27,sz.000565,4.78,4.83,4.76,4.83,1267643,6091367.57,0.2924,0.625,0,0
2019-11-28,sz.000565,4.83,4.89,4.79,4.86,2503400,12130393.8,0.5774,0.6211,0,0
2019-11-29,sz.000565,4.88,4.95,4.83,4.87,1896618,9253413.62,0.4374,0.2058,0,0
2019-12-02,sz.000565,4.87,4.97,4.81,4.84,1756540,8556683.4,0.4051,-0.616,0,0
2019-12-03,sz.000565,4.81,4.97,4.73,4.88,2196450,10595891.5,0.5066,0.8264,0,0
2019-12-04,sz.000565,4.88,4.89,4.83,4.84,1465700,7108907.0,0.338,-0.8197,0,0
2019-12-05,sz.000565,4.87,4.91,4.83,4.88,2260618,11014244.16,0.5214,0.8264,0,0
2019-12-06,sz.000565,4.9,4.92,4.87,4.91,1521250,7442571.0,0.3508,0.6147,0,0
2019-12-09,sz.000565,4.9,4.93,4.87,4.88,1427000,6971381.0,0.3291,-0.611,0,0
2019-12-10,sz.000565,4.88,4.91,4.84,4.91,1263104,6158072.44,0.2913,0.6147,0,0
2019-12-11,sz.000565,4.91,4.93,4.86,4.9,1499600,7356939.0,0.3459,-0.2037,0,0
2019-12-12,sz.000565,4.94,5.04,4.9,4.91,4155577,20662791.15,0.9584,0.2041,0,0
2019-12-13,sz.000565,4.93,5.0,4.9,4.98,2517050,12456899.42,0.5805,1.4257,0,0
2019-12-16,sz.000565,5.0,5.04,4.93,5.03,2733800,13641743.0,0.6305,1.004,0,0
2019-12-17,sz.000565,5.03,5.11,5.01,5.09,3106024,15748609.32,0.7163,1.1928,0,0
2019-12-18,sz.000565,5.08,5.22,5.08,5.13,3558681,18303421.7,0.8207,0.7859,0,0
2019-12-19,sz.000565,5.11,5.17,5.1,5.17,1725450,8879914.0,0.3979,0.7797,0,0
2019-12-20,sz.000565,5.17,5.19,5.08,5.09,2071150,10634737.5,0.4777,-1.5474,0,0
2019-12-23,sz.000565,5.1,5.13,5.0,5.0,2202850,11161784.0,0.508,-1.7682,0,0
2019-12-24,sz.000565,5.0,5.15,5.0,5.14,2743499,13978053.69,0.6327,2.8,0,0
2019-12-25,sz.000565,5.17,5.17,5.1,5.12,2055500,10538773.0,0.4741,-0.3891,0,0
2019-12-26,sz.000565,5.12,5.18,5.12,5.16,1852501,9538061.0,0.4272,0.7812,0,0
2019-12-27,sz.000565,5.18,5.3,5.15,5.16,4333635,22609344.36,0.9995,0.0,0,0
2019-12-30,sz.000565,5.23,5.32,5.1,5.28,3727700,19449183.5,0.8597,2.3256,0,0
2019-12-31,sz.000565,5.28,5.4,5.23,5.39,4574041,24401179.94,1.0549,2.0833,0,0
2020-01-02,sz.000565,5.39,5.45,5.32,5.41,3954504,21330977.6,0.912,0.3711,0,0
2020-01-03,sz.000565,5.41,5.42,5.34,5.37,2667440,14362379.7,0.6152,-0.7394,0,0
2020-01-06,sz.000565,5.38,5.42,5.3,5.35,5241065,28039021.45,1.2088,-0.3724,0,0
2020-01-07,sz.000565,5.39,5.39,5.34,5.39,2520457,13549273.66,0.5813,0.7477,0,0
2020-01-08,sz.000565,5.35,5.38,5.22,5.3,4338895,23050627.3,1.0007,-1.6698,0,0
2020-01-09,sz.000565,5.32,5.4,5.3,5.35,2806121,14999547.27,0.6472,0.9434,0,0
2020-01-10,sz.000565,5.34,5.41,5.29,5.3,1929100,10284722.76,0.4449,-0.9346,0,0
2020-01-13,sz.000565,5.32,5.35,5.2,5.34,4367549,23002178.85,1.0073,0.7547,0,0
2020-01-14,sz.000565,5.34,5.45,5.34,5.38,4089898,22088594.75,0.9433,0.7491,0,0
2020-01-15,sz.000565,5.37,5.4,5.26,5.29,2341397,12428935.57,0.54,-1.6729,0,0
2020-01-16,sz.000565,5.29,5.33,5.19,5.22,2710178,14210222.22,0.6251,-1.3233,0,0
2020-01-17,sz.000565,5.23,5.24,5.13,5.16,2759885,14306696.8,0.6365,-1.1494,0,0
2020-01-20,sz.000565,5.17,5.21,5.11,5.2,2282590,11775762.3,0.5264,0.7752,0,0
2020-01-21,sz.000565,5.25,5.27,5.13,5.16,2228253,11547985.28,0.5139,-0.7692,0,0
2020-01-22,sz.000565,5.15,5.19,5.05,5.13,2596071,13292327.75,0.5987,-0.5814,0,0
2020-01-23,sz.000565,5.1,5.14,4.83,4.98,3760838,18825138.59,0.8674,-2.924,0,0
2020-02-03,sz.000565,4.48,4.52,4.48,4.48,1407700,6309990.0,0.3247,-10.0402,0,1
2020-02-04,sz.000565,4.06,4.44,4.06,4.37,5084345,21968770.19,1.1726,-2.4554,0,0
2020-02-05,sz.000565,4.37,4.51,4.37,4.46,2940200,13126381.02,0.6781,2.0595,0,0
2020-02-06,sz.000565,4.45,4.52,4.4,4.51,3767947,16820929.08,0.869,1.1211,0,0
2020-02-07,sz.000565,4.48,4.57,4.46,4.51,2778261,12496997.07,0.6408,0.0,0,0
2020-02-10,sz.000565,4.5,4.64,4.48,4.61,3781257,17330788.89,0.8721,2.2173,0,0
2020-02-11,sz.000565,4.61,4.65,4.57,4.59,2735955,12598664.4,0.631,-0.4338,0,0
2020-02-12,sz.000565,4.58,4.66,4.55,4.65,2458350,11353172.0,0.567,1.3072,0,0
2020-02-13,sz.000565,4.65,4.7,4.52,4.55,3286750,15099327.5,0.758,-2.1505,0,0
2020-02-14,sz.000565,4.51,4.59,4.51,4.55,2139777,9740439.08,0.4935,0.0,0,0
2020-02-17,sz.000565,4.55,4.78,4.55,4.75,3555180,16702883.24,0.8199,4.3956,0,0
2020-02-18,sz.000565,4.76,4.89,4.75,4.84,3167506,15254016.42,0.7305,1.8947,0,0
2020-02-19,sz.000565,4.84,4.89,4.8,4.82,3112831,15087908.98,0.7179,-0.4132,0,0
2020-02-20,sz.000565,4.82,4.93,4.82,4.91,2962350,14484552.5,0.6832,1.8672,0,0
2020-02-21,sz.000565,4.9,4.98,4.9,4.93,2878247,14205771.24,0.6638,0.4073,0,0
2020-02-24,sz.000565,4.97,4.97,4.79,4.9,4155331,20295622.4,0.9583,-0.6085,0,0
2020-02-25,sz.000565,4.78,4.86,4.59,4.84,4629785,22047151.95,1.0678,-1.2245,0,0
2020-02-26,sz.000565,4.79,4.9,4.73,4.82,3922966,18980125.24,0.9048,-0.4132,0,0
2020-02-27,sz.000565,4.81,4.94,4.81,4.88,3864686,18877492.79,0.8913,1.2448,0,0
2020-02-28,sz.000565,4.83,4.83,4.6,4.61,4510068,21137720.34,1.0402,-5.5328,0,0
2020-03-02,sz.000565,4.65,4.88,4.63,4.85,3544202,17013515.18,0.8174,5.2061,0,0
2020-03-03,sz.000565,4.89,4.97,4.81,4.85,4548150,22264795.0,1.0489,0.0,0,0
2020-03-04,sz.000565,4.81,4.96,4.79,4.96,4198532,20528709.91,0.9683,2.268,0,0
2020-03-05,sz.000565,4.97,5.1,4.95,5.09,5646615,28397467.65,1.3023,2.621,0,0
2020-03-06,sz.000565,5.03,5.21,4.98,5.2,6761574,34549644.01,1.5594,2.1611,0,0
2020-03-09,sz.000565,5.19,5.21,5.08,5.11,5184787,26586993.79,1.1958,-1.7308,0,0
2020-03-10,sz.000565,5.0,5.25,4.9,5.17,6509200,33142836.95,1.5012,1.1742,0,0
2020-03-11,sz.000565,5.17,5.18,5.04,5.04,4509950,23059867.9,1.0401,-2.5145,0,0
2020-03-12,sz.000565,4.98,5.03,4.89,4.92,3745073,18503333.4,0.8637,-2.381,0,0
2020-03-13,sz.000565,4.65,4.94,4.61,4.88,3941447,18931367.3,0.909,-0.813,0,0
2020-03-16,sz.000565,4.95,5.12,4.83,4.9,5877240,29250025.8,1.3555,0.4098,0,0
2020-03-17,sz.000565,4.88,4.94,4.67,4.79,4379077,20978565.5,1.01,-2.2449,0,0
2020-03-18,sz.000565,4.82,4.88,4.64,4.67,3731928,17803618.71,0.8607,-2.5052,0,0
2020-03-19,sz.000565,4.68,4.72,4.54,4.64,4039034,18676533.58,0.9315,-0.6424,0,0
2020-03-20,sz.000565,4.67,4.72,4.57,4.66,2623650,12187664.0,0.6051,0.431,0,0
2020-03-23,sz.000565,4.61,4.61,4.51,4.53,3088090,14056896.5,0.7122,-2.7897,0,0
2020-03-24,sz.000565,4.57,4.66,4.53,4.65,2927962,13497685.23,0.6753,2.649,0,0
2020-03-25,sz.000565,4.72,4.75,4.64,4.71,3100761,14546513.51,0.7151,1.2903,0,0
2020-03-26,sz.000565,4.67,4.7,4.6,4.6,2066066,9605609.1,0.4765,-2.3355,0,0
2020-03-27,sz.000565,4.66,4.69,4.6,4.62,1901752,8834549.34,0.4386,0.4348,0,0
2020-03-30,sz.000565,4.6,4.65,4.52,4.56,2421355,11100034.04,0.5584,-1.2987,0,0
2020-03-31,sz.000565,4.61,4.75,4.59,4.73,3129720,14591080.73,0.7218,3.7281,0,0
2020-04-01,sz.000565,4.7,4.78,4.66,4.75,3421279,16151846.56,0.7891,0.4228,0,0
2020-04-02,sz.000565,4.71,4.79,4.66,4.76,3292503,15570546.58,0.7594,0.2105,0,0
2020-04-03,sz.000565,4.76,4.76,4.62,4.63,2461394,11518300.04,0.5677,-2.7311,0,0
2020-04-07,sz.000565,4.69,4.75,4.66,4.72,3800558,17907332.59,0.8765,1.9438,0,0
2020-04-08,sz.000565,4.72,4.75,4.67,4.74,2519343,11879165.6,0.581,0.4237,0,0
2020-04-09,sz.000565,4.74,4.79,4.74,4.75,1912407,9095076.71,0.4411,0.211,0,0
2020-04-10,sz.000565,4.75,4.76,4.61,4.64,2404856,11230115.63,0.5546,-2.3158,0,0
2020-04-13,sz.000565,4.64,4.71,4.6,4.65,1979122,9187080.7,0.4564,0.2155,0,0
2020-04-14,sz.000565,4.67,4.7,4.63,4.68,1577364,7351405.29,0.3638,0.6452,0,0
2020-04-15,sz.000565,4.7,4.72,4.6,4.64,1907613,8921569.11,0.44,-0.8547,0,0
2020-04-16,sz.000565,4.63,4.75,4.58,4.71,3154218,14699437.38,0.7275,1.5086,0,0
2020-04-17,sz.000565,4.7,4.73,4.64,4.68,3037002,14205248.32,0.7004,-0.6369,0,0
2020-04-20,sz.000565,4.68,4.73,4.65,4.71,2106452,9889078.35,0.4858,0.641,0,0
2020-04-21,sz.000565,4.7,4.73,4.66,4.72,2204300,10350396.0,0.5084,0.2123,0,0
2020-04-22,sz.000565,4.68,4.77,4.68,4.76,2200752,10416106.88,0.5076,0.8475,0,0
2020-04-23,sz.000565,4.76,4.79,4.68,4.68,2151605,10158180.51,0.4962,-1.6807,0,0
2020-04-24,sz.000565,4.68,4.71,4.57,4.59,2613550,12103786.91,0.6028,-1.9231,0,0
2020-04-27,sz.000565,4.58,4.58,4.42,4.51,2190419,9883695.48,0.5052,-1.7429,0,0
2020-04-28,sz.000565,4.51,4.55,4.4,4.51,2629274,11740761.52,0.6064,0.0,0,0
2020-04-29,sz.000565,4.5,4.55,4.48,4.54,2198051,9924266.05,0.5069,0.6652,0,0
2020-04-30,sz.000565,4.54,4.61,4.51,4.61,1483562,6786062.08,0.3422,1.5419,0,0
2020-05-06,sz.000565,4.6,4.71,4.53,4.68,2434993,11305680.88,0.5616,1.5184,0,0
2020-05-07,sz.000565,4.64,5.14,4.64,5.14,2395145,11489852.15,0.5524,9.8291,1,0
2020-05-08,sz.000565,4.83,5.06,4.8,4.89,12272597,60142760.77,2.8304,-4.8638,0,0
2020-05-11,sz.000565,4.8,4.88,4.74,4.75,5412567,25926962.88,1.2483,-2.863,0,0
2020-05-12,sz.000565,4.76,4.96,4.69,4.83,5447087,26163885.6,1.2563,1.6842,0,0
2020-05-13,sz.000565,4.81,4.94,4.81,4.89,4527752,22126413.69,1.0442,1.2422,0,0
2020-05-14,sz.000565,4.85,4.93,4.74,4.76,3311300,15885968.67,0.7637,-2.6585,0,0
2020-05-15,sz.000565,4.79,4.81,4.71,4.71,2637403,12509800.56,0.6083,-1.0504,0,0
2020-05-18,sz.000565,4.76,4.76,4.65,4.68,2276050,10711403.5,0.5249,-0.6369,0,0
2020-05-19,sz.000565,4.71,4.78,4.68,4.74,2062179,9727958.04,0.4756,1.2821,0,0
2020-05-20,sz.000565,4.75,4.76,4.61,4.64,2110525,9856943.0,0.4868,-2.1097,0,0
2020-05-21,sz.000565,4.68,4.68,4.57,4.58,2099030,9681657.4,0.4841,-1.2931,0,0
2020-05-22,sz.000565,4.56,4.59,4.5,4.58,1515630,6880800.7,0.3496,0.0,0,0
2020-05-25,sz.000565,4.56,4.63,4.55,4.61,1289350,5931004.5,0.2974,0.655,0,0
2020-05-26,sz.000565,4.59,4.66,4.59,4.66,1144374,5306039.36,0.2639,1.0846,0,0
2020-05-27,sz.000565,4.66,4.67,4.61,4.66,1352250,6274987.5,0.3119,0.0,0,0
2020-05-28,sz.000565,4.66,4.67,4.55,4.58,1606477,7373052.91,0.3705,-1.7167,0,0
2020-05-29,sz.000565,4.58,4.63,4.56,4.61,1189427,5483914.18,0.2743,0.655,0,0
2020-06-01,sz.000565,4.63,4.7,4.61,4.7,2161752,10082664.34,0.4986,1.9523,0,0
2020-06-02,sz.000565,4.68,4.77,4.65,4.76,2490712,11771302.78,0.5744,1.2766,0,0
2020-06-03,sz.000565,4.76,4.82,4.72,4.73,2311900,10992546.0,0.5332,-0.6303,0,0
2020-06-04,sz.000565,4.72,4.78,4.71,4.75,1639200,7768477.0,0.3781,0.4228,0,0
2020-06-05,sz.000565,4.75,4.77,4.7,4.74,1547670,7309059.1,0.3569,-0.2105,0,0
2020-06-08,sz.000565,4.74,4.77,4.73,4.75,2139278,10153155.72,0.4934,0.211,0,0
2020-06-09,sz.000565,4.75,4.82,4.73,4.8,4331561,20722168.3,0.999,1.0526,0,0
2020-06-10,sz.000565,4.8,4.8,4.72,4.75,2200875,10479619.25,0.5076,-1.0417,0,0
2020-06-11,sz.000565,4.77,4.77,4.72,4.73,1449187,6870683.54,0.3342,-0.4211,0,0
2020-06-12,sz.000565,4.7,4.72,4.66,4.7,1921167,9017218.56,0.4431,-0.6343,0,0
2020-06-15,sz.000565,4.67,4.77,4.67,4.7,1912493,9041313.01,0.4411,0.0,0,0
2020-06-16,sz.000565,4.74,4.84,4.7,4.8,2796538,13363696.01,0.645,2.1277,0,0
2020-06-17,sz.000565,4.79,4.81,4.75,4.79,2345303,11212236.94,0.5409,-0.2083,0,0
2020-06-18,sz.000565,4.79,4.79,4.74,4.75,1702897,8105887.25,0.3927,-0.8351,0,0
2020-06-19,sz.000565,4.78,4.78,4.74,4.77,1368305,6512817.22,0.3156,0.6329,0,0
2020-06-22,sz.000565,4.79,4.82,4.75,4.75,1299150,6186463.45,0.2996,-0.4193,0,0
2020-06-23,sz.000565,4.75,4.77,4.7,4.72,1512800,7162287.0,0.3489,-0.6316,0,0
2020-06-24,sz.000565,4.74,4.74,4.67,4.67,1372750,6443457.5,0.3166,-1.0593,0,0
2020-06-29,sz.000565,4.68,4.7,4.63,4.64,1230603,5745206.92,0.2838,-0.6424,0,0
2020-06-30,sz.000565,4.65,4.72,4.63,4.68,1963803,9201337.54,0.4529,0.8621,0,0
2020-07-01,sz.000565,4.7,4.7,4.65,4.69,1477447,6917725.05,0.3407,0.2137,0,0
2020-07-02,sz.000565,4.7,4.79,4.68,4.76,2867847,13621195.19,0.6614,1.4925,0,0
2020-07-03,sz.000565,4.76,4.88,4.74,4.85,5249458,25206620.84,1.2107,1.8907,0,0
2020-07-06,sz.000565,4.92,5.09,4.86,5.05,8196311,40868774.05,1.8903,4.1237,0,0
2020-07-07,sz.000565,5.1,5.11,4.98,5.0,8277234,41642444.29,1.909,-0.9901,0,0
2020-07-08,sz.000565,4.97,5.09,4.97,5.07,6526499,32887146.24,1.5052,1.4,0,0
2020-07-09,sz.000565,5.08,5.17,5.05,5.17,7107467,36417913.92,1.6392,1.9724,0,0
2020-07-10,sz.000565,5.19,5.27,5.08,5.09,6493312,33502195.68,1.4976,-1.5474,0,0
2020-07-13,sz.000565,5.16,5.29,5.1,5.29,6878615,35969727.19,1.5864,3.9293,0,0
2020-07-14,sz.000565,5.25,5.58,5.2,5.47,14068793,75974668.64,3.2447,3.4026,0,0
2020-07-15,sz.000565,5.4,5.46,5.21,5.28,9523410,51044284.11,2.1964,-3.4735,0,0
2020-07-16,sz.000565,5.31,5.35,5.04,5.05,6864801,35690343.27,1.5832,-4.3561,0,0
2020-07-17,sz.000565,5.06,5.13,4.99,5.08,4313118,21856763.99,0.9947,0.5941,0,0
2020-07-20,sz.000565,5.12,5.32,5.12,5.3,5704423,29933191.78,1.3156,4.3307,0,0
2020-07-21,sz.000565,5.33,5.39,5.27,5.33,4178693,22242583.7,0.9637,0.566,0,0
2020-07-22,sz.000565,5.33,5.36,5.26,5.26,5552165,29499502.7,1.2805,-1.3133,0,0
2020-07-23,sz.000565,5.24,5.32,5.1,5.32,6147054,32130178.88,1.4177,1.1407,0,0
2020-07-24,sz.000565,5.31,5.41,5.11,5.15,6355900,33530564.82,1.4659,-3.1955,0,0
2020-07-27,sz.000565,5.16,5.2,5.05,5.12,3204971,16423602.99,0.7392,-0.5825,0,0
2020-07-28,sz.000565,5.16,5.24,5.12,5.16,3660761,18955475.59,0.8443,0.7813,0,0
2020-07-29,sz.000565,5.16,5.31,5.09,5.28,6426494,33485772.13,1.4822,2.3256,0,0
2020-07-30,sz.000565,5.27,5.31,5.22,5.24,4637997,24425373.28,1.0697,-0.7576,0,0
2020-07-31,sz.000565,5.25,5.3,5.14,5.27,4327924,22725202.8,0.9982,0.5725,0,0
2020-08-03,sz.000565,5.3,5.41,5.29,5.38,5661416,30352933.55,1.3057,2.0873,0,0
2020-08-04,sz.000565,5.42,5.53,5.32,5.45,7634052,41453035.1,1.7607,1.3011,0,0
2020-08-05,sz.000565,5.45,5.48,5.39,5.43,4761177,25838746.3,1.0981,-0.367,0,0
2020-08-06,sz.000565,5.43,5.45,5.28,5.35,4803654,25734894.36,1.1079,-1.4733,0,0
2020-08-07,sz.000565,5.35,5.37,5.16,5.22,4727297,24737523.39,1.0903,-2.4299,0,0
2020-08-10,sz.000565,5.24,5.54,5.22,5.47,9626207,52163682.0,2.2201,4.7893,0,0
2020-08-11,sz.000565,5.48,5.48,5.31,5.32,6139250,33206787.0,1.4159,-2.7422,0,0
2020-08-12,sz.000565,5.31,5.39,5.25,5.39,5026547,26691940.52,1.1593,1.3158,0,0
2020-08-13,sz.000565,5.39,5.6,5.39,5.45,8945769,49117720.5,2.0632,1.1132,0,0
2020-08-14,sz.000565,5.48,5.53,5.32,5.51,6869598,37185923.85,1.5843,1.1009,0,0
2020-08-17,sz.000565,5.51,5.79,5.48,5.64,12724570,71962168.24,2.9347,2.3593,0,0
2020-08-18,sz.000565,5.65,5.74,5.57,5.65,6816483,38487251.5,1.5721,0.1773,0,0
2020-08-19,sz.000565,5.65,5.82,5.54,5.71,9054202,51749921.19,2.0882,1.0619,0,0
2020-08-20,sz.000565,5.7,6.24,5.63,6.1,25418300,152039802.13,5.8623,6.8301,0,0
2020-08-21,sz.000565,6.03,6.14,5.82,5.98,16628433,99238852.14,3.835,-1.9672,0,0
2020-08-24,sz.000565,5.99,5.99,5.66,5.74,10329163,59546190.7,2.3822,-4.0134,0,0
2020-08-25,sz.000565,5.72,5.75,5.5,5.6,9308858,52328725.43,2.1469,-2.439,0,0
2020-08-26,sz.000565,5.56,5.6,5.42,5.45,7157869,39365783.91,1.6508,-2.6786,0,0
2020-08-27,sz.000565,5.45,5.49,5.35,5.44,3983832,21534451.2,0.9188,-0.1835,0,0
2020-08-28,sz.000565,5.42,5.49,5.41,5.47,2946246,16068266.17,0.6795,0.5515,0,0
2020-08-31,sz.000565,5.49,5.57,5.4,5.43,7209478,39589457.24,1.6627,-0.7313,0,0
2020-09-01,sz.000565,5.44,5.45,5.23,5.3,7359930,39029864.9,1.6974,-2.3941,0,0
2020-09-02,sz.000565,5.32,5.39,5.28,5.38,4364210,23288538.64,1.0065,1.5094,0,0
2020-09-03,sz.000565,5.36,5.41,5.23,5.27,4577643,24351657.45,1.0557,-2.0446,0,0
2020-09-04,sz.000565,5.2,5.31,5.17,5.31,2929131,15382508.44,0.6755,0.759,0,0
2020-09-07,sz.000565,5.3,5.38,5.2,5.22,3308517,17468056.87,0.763,-1.6949,0,0
2020-09-08,sz.000565,5.21,5.39,5.15,5.33,4351500,22960041.29,1.0036,2.1073,0,0
2020-09-09,sz.000565,5.29,5.38,5.25,5.27,3997081,21247359.99,0.9219,-1.1257,0,0
2020-09-10,sz.000565,5.27,5.31,5.0,5.07,4955802,25562082.38,1.143,-3.7951,0,0
2020-09-11,sz.000565,5.1,5.15,5.03,5.12,2180483,11120363.65,0.5029,0.9862,0,0
2020-09-14,sz.000565,5.13,5.23,5.12,5.18,3067197,15851744.02,0.7074,1.1719,0,0
2020-09-15,sz.000565,5.18,5.18,5.08,5.12,3026937,15502733.01,0.6981,-1.1583,0,0
2020-09-16,sz.000565,5.17,5.17,5.08,5.12,1724704,8812050.36,0.3978,0.0,0,0
2020-09-17,sz.000565,5.13,5.2,5.08,5.14,2008553,10332972.8,0.4632,0.3906,0,0
2020-09-18,sz.000565,5.15,5.21,5.12,5.21,2846725,14742493.17,0.6565,1.3619,0,0
2020-09-21,sz.000565,5.23,5.23,5.13,5.16,2395965,12389959.69,0.5526,-0.9597,0,0
2020-09-22,sz.000565,5.13,5.15,5.05,5.07,2367161,12080847.66,0.5459,-1.7442,0,0
2020-09-23,sz.000565,5.08,5.11,5.06,5.09,1315561,6677149.37,0.3034,0.3945,0,0
2020-09-24,sz.000565,5.05,5.05,4.91,4.93,3512232,17479636.0,0.81,-3.1434,0,0
2020-09-25,sz.000565,4.95,4.96,4.79,4.87,2466046,12028160.02,0.5687,-1.217,0,0
2020-09-28,sz.000565,4.9,4.9,4.81,4.82,1282600,6224143.0,0.2958,-1.0267,0,0
2020-09-29,sz.000565,4.84,4.9,4.82,4.86,1166414,5678393.62,0.269,0.8299,0,0
2020-09-30,sz.000565,4.86,4.89,4.83,4.85,1367150,6653336.0,0.3153,-0.2058,0,0
2020-10-09,sz.000565,4.9,4.98,4.9,4.96,2125984,10519359.62,0.4903,2.268,0,0
2020-10-12,sz.000565,4.96,5.1,4.96,5.09,2809483,14186489.34,0.648,2.621,0,0
2020-10-13,sz.000565,5.1,5.11,5.03,5.07,1313800,6644606.04,0.303,-0.3929,0,0
2020-10-14,sz.000565,5.06,5.06,4.99,5.01,1433600,7200190.0,0.3306,-1.1834,0,0
2020-10-15,sz.000565,5.02,5.03,4.98,4.99,1266630,6337713.86,0.2921,-0.3992,0,0
2020-10-16,sz.000565,5.0,5.02,4.97,5.01,1465272,7325706.0,0.3379,0.4008,0,0
2020-10-19,sz.000565,5.09,5.17,4.97,4.98,3068488,15482653.72,0.7077,-0.5988,0,0
2020-10-20,sz.000565,4.94,5.05,4.9,5.03,2051886,10222183.42,0.4732,1.004,0,0
2020-10-21,sz.000565,5.03,5.05,4.94,4.96,2043098,10159700.1,0.4712,-1.3917,0,0
2020-10-22,sz.000565,4.97,4.99,4.88,4.92,1955100,9613052.0,0.4509,-0.8065,0,0
2020-10-23,sz.000565,4.9,5.01,4.88,4.88,1938260,9572512.4,0.447,-0.813,0,0
2020-10-26,sz.000565,4.88,4.89,4.8,4.84,2343247,11336592.48,0.5404,-0.8197,0,0
2020-10-27,sz.000565,4.83,4.85,4.81,4.85,1312828,6344588.96,0.3028,0.2066,0,0
2020-10-28,sz.000565,4.86,4.86,4.7,4.82,2282454,10929868.04,0.5264,-0.6186,0,0
2020-10-29,sz.000565,4.77,4.9,4.75,4.85,2312202,11150031.2,0.5333,0.6224,0,0
2020-10-30,sz.000565,4.87,4.89,4.71,4.71,1814155,8693504.58,0.4184,-2.8866,0,0
2020-11-02,sz.000565,4.75,4.75,4.63,4.65,1976452,9260680.4,0.4558,-1.2739,0,0
2020-11-03,sz.000565,4.65,4.8,4.65,4.8,2015280,9579194.46,0.4648,3.2258,0,0
2020-11-04,sz.000565,4.8,4.85,4.73,4.8,1290503,6180252.65,0.2976,0.0,0,0
2020-11-05,sz.000565,4.83,4.87,4.78,4.86,1939901,9392294.32,0.4474,1.25,0,0
2020-11-06,sz.000565,4.86,4.86,4.76,4.81,2094500,10063281.0,0.4831,-1.0288,0,0
2020-11-09,sz.000565,4.86,4.95,4.82,4.91,3155397,15516840.21,0.7277,2.079,0,0
2020-11-10,sz.000565,4.93,4.94,4.81,4.85,2474506,12059450.48,0.5707,-1.222,0,0
2020-11-11,sz.000565,4.83,4.9,4.83,4.86,1860586,9047414.46,0.4291,0.2062,0,0
2020-11-12,sz.000565,4.86,4.9,4.84,4.89,1618786,7897762.0,0.3733,0.6173,0,0
2020-11-13,sz.000565,4.88,4.93,4.83,4.88,2174350,10618882.5,0.5015,-0.2045,0,0
2020-11-16,sz.000565,4.91,5.09,4.9,5.08,6722818,33624373.2,1.5505,4.0984,0,0
2020-11-17,sz.000565,5.08,5.14,5.02,5.13,3857546,19635799.13,0.8897,0.9843,0,0
2020-11-18,sz.000565,5.14,5.17,5.08,5.13,3683043,18879902.65,0.8494,0.0,0,0
2020-11-19,sz.000565,5.17,5.28,5.13,5.16,5585916,29160812.9,1.2883,0.5848,0,0
2020-11-20,sz.000565,5.66,5.66,5.25,5.28,13909540,75438159.02,3.208,2.3256,0,0
2020-11-23,sz.000565,5.15,5.39,5.06,5.33,10683196,55969698.0,2.4639,0.947,0,0
2020-11-24,sz.000565,5.3,5.35,5.16,5.17,6552835,34415012.57,1.5113,-3.0019,0,0
2020-11-25,sz.000565,5.2,5.25,5.09,5.14,5863008,30262483.02,1.3522,-0.5803,0,0
2020-11-26,sz.000565,5.17,5.18,5.01,5.09,3645100,18574197.0,0.8407,-0.9728,0,0
2020-11-27,sz.000565,5.08,5.11,5.0,5.11,2863317,14504275.41,0.6604,0.3929,0,0
2020-11-30,sz.000565,5.09,5.19,5.08,5.12,3079150,15858506.5,0.7101,0.1957,0,0
2020-12-01,sz.000565,5.1,5.21,5.09,5.18,2638800,13628508.5,0.6086,1.1719,0,0
2020-12-02,sz.000565,5.18,5.25,5.13,5.16,3074002,15909732.33,0.709,-0.3861,0,0
2020-12-03,sz.000565,5.16,5.25,5.11,5.23,3260290,16938039.5,0.7519,1.3566,0,0
2020-12-04,sz.000565,5.22,5.32,5.19,5.28,3289994,17314992.74,0.7588,0.956,0,0
2020-12-07,sz.000565,5.28,5.36,5.25,5.3,4995750,26587846.64,1.1522,0.3788,0,0
2020-12-08,sz.000565,5.35,5.35,5.24,5.25,2619004,13799680.53,0.604,-0.9434,0,0
2020-12-09,sz.000565,5.28,5.3,5.16,5.17,3713702,19398707.72,0.8565,-1.5238,0,0
2020-12-10,sz.000565,5.17,5.27,5.13,5.21,3265802,16986731.42,0.7532,0.7737,0,0
2020-12-11,sz.000565,5.25,5.27,5.02,5.07,3746858,19143559.9,0.8641,-2.6871,0,0
2020-12-14,sz.000565,5.07,5.12,5.03,5.08,2688474,13635987.88,0.62,0.1972,0,0
2020-12-15,sz.000565,5.09,5.1,4.89,4.9,4719865,23516331.5,1.0885,-3.5433,0,0
2020-12-16,sz.000565,4.91,4.94,4.79,4.86,4659020,22639339.6,1.0745,-0.8163,0,0
2020-12-17,sz.000565,4.89,4.98,4.82,4.97,3027185,14840006.6,0.6982,2.2634,0,0
2020-12-18,sz.000565,4.98,5.04,4.94,4.97,3102750,15483302.0,0.7156,0.0,0,0
2020-12-21,sz.000565,5.0,5.01,4.93,4.95,2327800,11553338.0,0.5369,-0.4024,0,0
2020-12-22,sz.000565,4.97,4.97,4.76,4.77,4779200,23196230.5,1.1022,-3.6364,0,0
2020-12-23,sz.000565,4.79,4.87,4.65,4.75,3811750,18186528.5,0.8791,-0.4193,0,0
2020-12-24,sz.000565,4.75,4.75,4.63,4.63,2883611,13462902.42,0.6651,-2.5263,0,0
2020-12-25,sz.000565,4.63,4.72,4.58,4.69,2120350,9858506.0,0.489,1.2959,0,0
2020-12-28,sz.000565,4.68,4.7,4.59,4.61,2984606,13791241.1,0.6883,-1.7058,0,0
2020-12-29,sz.000565,4.62,4.7,4.6,4.66,2307652,10745210.74,0.5322,1.0846,0,0
2020-12-30,sz.000565,4.64,4.71,4.61,4.7,1830400,8543965.5,0.4221,0.8584,0,0
2020-12-31,sz.000565,4.7,4.76,4.69,4.74,2162150,10237834.0,0.4987,0.8511,0,0
2021-01-04,sz.000565,4.77,4.78,4.7,4.77,2688259,12745459.6,0.62,0.6329,0,0
2021-01-05,sz.000565,4.75,4.78,4.67,4.7,2706903,12752712.17,0.6243,-1.4675,0,0
2021-01-06,sz.000565,4.71,4.71,4.63,4.65,2197333,10230923.91,0.5068,-1.0638,0,0
2021-01-07,sz.000565,4.62,4.62,4.4,4.45,4778530,21495232.9,1.1021,-4.3011,0,0
2021-01-08,sz.000565,4.44,4.51,4.3,4.42,3069943,13533950.9,0.708,-0.6742,0,0
2021-01-11,sz.000565,4.42,4.42,4.19,4.22,3755750,16098811.8,0.8662,-4.5249,0,0
2021-01-12,sz.000565,4.22,4.32,4.21,4.24,1975332,8415869.93,0.4556,0.4739,0,0
2021-01-13,sz.000565,4.25,4.26,4.1,4.15,3147011,13075592.9,0.7258,-2.1226,0,0
2021-01-14,sz.000565,4.11,4.21,4.11,4.18,1986355,8264665.04,0.4581,0.7229,0,0
2021-01-15,sz.000565,4.19,4.36,4.19,4.34,2874184,12334780.5,0.6629,3.8278,0,0
2021-01-18,sz.000565,4.35,4.44,4.34,4.36,2144231,9394692.85,0.4945,0.4608,0,0
2021-01-19,sz.000565,4.36,4.43,4.32,4.4,1966670,8642013.42,0.4536,0.9174,0,0
2021-01-20,sz.000565,4.37,4.43,4.35,4.4,1281450,5624783.94,0.2955,0.0,0,0
2021-01-21,sz.000565,4.43,4.43,4.37,4.37,1997350,8786438.5,0.4607,-0.6818,0,0
2021-01-22,sz.000565,4.37,4.37,4.23,4.28,2794838,11992051.5,0.6446,-2.0595,0,0
2021-01-25,sz.000565,4.28,4.3,4.19,4.2,1817124,7683136.48,0.4191,-1.8692,0,0
2021-01-26,sz.000565,4.25,4.25,4.15,4.2,1380044,5804392.12,0.3183,0.0,0,0
2021-01-27,sz.000565,4.21,4.24,4.17,4.2,1221604,5148147.26,0.2817,0.0,0,0
2021-01-28,sz.000565,4.18,4.26,4.15,4.19,1313427,5524993.86,0.3029,-0.2381,0,0
2021-01-29,sz.000565,4.19,4.21,4.08,4.1,2489200,10307203.0,0.5741,-2.148,0,0
2021-02-01,sz.000565,4.08,4.14,4.08,4.1,1174600,4823598.0,0.2709,0.0,0,0
2021-02-02,sz.000565,4.1,4.15,4.05,4.08,1876700,7675297.0,0.4328,-0.4878,0,0
2021-02-03,sz.000565,4.09,4.09,3.97,3.99,2023681,8106883.0,0.4667,-2.2059,0,0
2021-02-04,sz.000565,3.96,3.98,3.86,3.93,1791333,7012253.96,0.4131,-1.5038,0,0
2021-02-05,sz.000565,3.93,4.03,3.88,3.93,1470161,5850385.4,0.3391,0.0,0,0
2021-02-08,sz.000565,3.93,3.99,3.9,3.94,1158250,4568445.5,0.2671,0.2545,0,0
2021-02-09,sz.000565,3.94,4.03,3.93,4.02,1249937,4981045.54,0.2883,2.0305,0,0
2021-02-10,sz.000565,4.02,4.07,4.0,4.04,981472,3966539.88,0.2264,0.4975,0,0
2021-02-18,sz.000565,4.06,4.23,4.06,4.23,2435348,10116684.26,0.5617,4.703,0,0
2021-02-19,sz.000565,4.22,4.38,4.22,4.37,3746303,16222790.64,0.864,3.3097,0,0
2021-02-22,sz.000565,4.38,4.53,4.36,4.43,4334620,19306056.4,0.9997,1.373,0,0
2021-02-23,sz.000565,4.4,4.49,4.39,4.45,3065165,13613572.3,0.7069,0.4515,0,0
2021-02-24,sz.000565,4.48,4.56,4.42,4.47,2498895,11247699.15,0.5763,0.4494,0,0
2021-02-25,sz.000565,4.5,4.51,4.39,4.43,2142445,9475408.8,0.4941,-0.8949,0,0
2021-02-26,sz.000565,4.39,4.43,4.34,4.38,1353381,5940956.82,0.3121,-1.1287,0,0
2021-03-01,sz.000565,4.35,4.47,4.35,4.46,1652011,7332584.65,0.381,1.8265,0,0
2021-03-02,sz.000565,4.47,4.51,4.4,4.41,1422273,6329158.89,0.328,-1.1211,0,0
2021-03-03,sz.000565,4.4,4.61,4.4,4.58,3332520,15044212.81,0.7686,3.8549,0,0
2021-03-04,sz.000565,4.54,4.63,4.52,4.53,2471510,11283032.45,0.57,-1.0917,0,0
2021-03-05,sz.000565,4.51,4.69,4.51,4.64,3843639,17687233.12,0.8865,2.4283,0,0
2021-03-08,sz.000565,4.63,4.7,4.56,4.6,2825702,13078606.3,0.6517,-0.8621,0,0
2021-03-09,sz.000565,4.58,4.62,4.36,4.49,3608251,16216822.39,0.8322,-2.3913,0,0
2021-03-10,sz.000565,4.49,4.56,4.35,4.36,1932850,8542923.49,0.4458,-2.8953,0,0
2021-03-11,sz.000565,4.4,4.47,4.3,4.46,1487565,6549036.0,0.3431,2.2936,0,0
2021-03-12,sz.000565,4.46,4.49,4.42,4.46,1411598,6292542.41,0.3256,0.0,0,0
2021-03-15,sz.000565,4.46,4.56,4.4,4.54,2773800,12522912.0,0.6397,1.7937,0,0
2021-03-16,sz.000565,4.55,4.87,4.5,4.87,8875976,41895601.93,2.0471,7.2687,0,0
2021-03-17,sz.000565,4.87,5.36,4.77,5.36,11481334,59393706.58,2.648,10.0616,1,0
2021-03-18,sz.000565,5.38,5.55,5.15,5.33,22309182,118260306.41,5.1452,-0.5597,0,0
2021-03-19,sz.000565,5.6,5.86,5.52,5.86,42542742,247457465.8,9.8117,9.9437,1,0
2021-03-22,sz.000565,5.85,6.15,5.61,5.75,32288757,187460568.01,7.4468,-1.8771,0,0
2021-03-23,sz.000565,5.6,5.66,5.27,5.4,22849767,123580090.51,5.2699,-6.087,0,0
2021-03-24,sz.000565,5.3,5.54,5.21,5.47,15714801,84911630.17,3.6243,1.2963,0,0
2021-03-25,sz.000565,5.35,5.81,5.32,5.79,37157003,209418385.27,8.5696,5.8501,0,0
2021-03-26,sz.000565,5.5,5.94,5.36,5.94,21265513,121387748.95,4.9045,2.5907,0,0
2021-03-29,sz.000565,5.94,6.3,5.82,6.3,18062350,107953162.76,4.1657,6.0606,0,0
2021-03-30,sz.000565,6.07,6.35,6.02,6.02,16842910,103311157.33,3.8845,-4.4444,0,0
2021-03-31,sz.000565,6.01,6.62,5.96,6.62,57433728,371891615.68,13.246,9.9668,1,0
2021-04-01,sz.000565,6.8,6.8,5.96,5.96,40134298,250212409.71,9.2562,-9.9698,0,1
2021-04-02,sz.000565,5.37,5.7,5.37,5.54,19805236,109699497.24,4.5677,-7.047,0,0
2021-04-06,sz.000565,5.41,5.51,5.36,5.41,12469265,67515664.48,2.8758,-2.3466,0,0
2021-04-07,sz.000565,5.45,5.57,5.38,5.49,9910522,54283416.64,2.2857,1.4787,0,0
2021-04-08,sz.000565,5.68,6.03,5.56,5.65,19645321,114328316.52,4.5308,2.9144,0,0
2021-04-09,sz.000565,5.53,5.74,5.46,5.48,11805225,65734592.12,2.7227,-3.0088,0,0
2021-04-12,sz.000565,5.44,6.0,5.36,5.77,15247308,85177407.79,3.5165,5.292,0,0
2021-04-13,sz.000565,5.69,5.7,5.46,5.48,8894001,49406381.87,2.0512,-5.026,0,0
2021-04-14,sz.000565,5.42,5.51,5.42,5.44,5882461,32109541.32,1.3567,-0.7299,0,0
2021-04-15,sz.000565,5.44,5.52,5.24,5.24,6908450,37129438.72,1.5933,-3.6765,0,0
2021-04-16,sz.000565,5.28,5.42,5.2,5.37,6056060,32312664.37,1.3967,2.4809,0,0
2021-04-19,sz.000565,5.37,5.47,5.35,5.36,5925379,31915443.44,1.3666,-0.1862,0,0
2021-04-20,sz.000565,5.4,5.4,5.31,5.32,4801016,25652650.66,1.1073,-0.7463,0,0
2021-04-21,sz.000565,5.34,5.41,5.23,5.39,5884898,31446017.36,1.3572,1.3158,0,0
2021-04-22,sz.000565,5.36,5.42,5.31,5.31,4073364,21817358.3,0.9394,-1.4842,0,0
2021-04-23,sz.000565,5.3,5.31,5.13,5.16,5525042,28665759.2,1.2742,-2.8249,0,0
2021-04-26,sz.000565,5.2,5.28,5.17,5.2,3013425,15735842.75,0.695,0.7752,0,0
2021-04-27,sz.000565,5.26,5.26,5.15,5.19,2474150,12835144.74,0.5706,-0.1923,0,0
2021-04-28,sz.000565,5.16,5.24,5.12,5.17,3288292,16991554.33,0.7584,-0.3854,0,0
2021-04-29,sz.000565,5.21,5.21,5.11,5.16,4150526,21343327.16,0.9572,-0.1934,0,0
2021-04-30,sz.000565,5.16,5.17,4.99,5.04,5046534,25465467.71,1.1639,-2.3256,0,0
2021-05-06,sz.000565,5.03,5.16,5.01,5.13,3536241,18104306.14,0.8156,1.7857,0,0
2021-05-07,sz.000565,5.13,5.35,5.11,5.27,6705946,35296053.98,1.5466,2.729,0,0
2021-05-10,sz.000565,5.24,5.39,5.23,5.35,5719829,30468655.04,1.3192,1.518,0,0
2021-05-11,sz.000565,5.32,5.35,5.23,5.28,4636421,24471948.46,1.0693,-1.3084,0,0
2021-05-12,sz.000565,5.28,5.42,5.22,5.42,6040660,32212742.95,1.3932,2.6515,0,0
2021-05-13,sz.000565,5.37,5.44,5.33,5.34,4160700,22369015.0,0.9596,-1.476,0,0
2021-05-14,sz.000565,5.34,5.36,5.25,5.28,4811550,25494956.29,1.1097,-1.1236,0,0
2021-05-17,sz.000565,5.3,5.3,5.11,5.13,5493671,28444455.57,1.267,-2.8409,0,0
2021-05-18,sz.000565,5.17,5.64,5.15,5.64,15690205,87265800.78,3.6187,9.9415,1,0
2021-05-19,sz.000565,5.8,5.94,5.52,5.8,34823098,200041840.37,8.0313,2.8369,0,0
2021-05-20,sz.000565,5.67,6.09,5.31,5.8,23321642,134636271.37,5.3787,0.0,0,0
2021-05-21,sz.000565,5.77,5.95,5.71,5.82,13423860,77779837.6,3.096,0.3448,0,0
2021-05-24,sz.000565,5.81,5.85,5.65,5.7,9266490,52961159.5,2.1371,-2.0619,0,0
2021-05-25,sz.000565,5.68,5.83,5.62,5.76,10779798,61952689.29,2.4862,1.4085,0,0
2021-05-26,sz.000565,5.69,5.76,5.66,5.71,7197942,41038200.82,1.6601,-0.8681,0,0
2021-05-27,sz.000565,5.71,5.94,5.68,5.84,12742140,74418080.32,2.9387,2.2767,0,0
2021-05-28,sz.000565,5.84,5.89,5.63,5.69,8346138,47931933.98,1.9249,-2.5685,0,0
2021-05-31,sz.000565,5.69,5.83,5.56,5.81,8374793,47725555.75,1.9315,2.109,0,0
2021-06-01,sz.000565,5.8,5.93,5.72,5.91,9937486,58248725.74,2.2919,1.7212,0,0
2021-06-02,sz.000565,5.92,6.13,5.76,5.77,12491186,73902731.88,2.8809,-2.3689,0,0
2021-06-03,sz.000565,5.77,6.0,5.73,5.89,10838066,63970388.67,2.4996,2.0797,0,0
2021-06-04,sz.000565,5.85,6.17,5.82,6.15,18541850,112554684.72,4.2763,4.4143,0,0
2021-06-07,sz.000565,6.15,6.41,5.96,6.07,16733150,102116004.86,3.8592,-1.3008,0,0
2021-06-08,sz.000565,6.05,6.18,5.86,5.9,9458865,56351915.98,2.1815,-2.8007,0,0
2021-06-09,sz.000565,5.9,6.07,5.77,6.0,10155158,60238344.06,2.3421,1.6949,0,0
2021-06-10,sz.000565,5.94,5.95,5.77,5.81,8647272,50428762.32,1.9943,-3.1667,0,0
2021-06-11,sz.000565,5.81,5.83,5.61,5.62,6984452,39754747.48,1.6108,-3.2702,0,0
2021-06-15,sz.000565,5.65,5.75,5.55,5.69,5321944,30155673.12,1.2274,1.2456,0,0
2021-06-16,sz.000565,5.66,5.69,5.59,5.68,3191806,18008211.75,0.7361,-0.1757,0,0
2021-06-17,sz.000565,5.68,5.73,5.58,5.7,3974062,22434338.89,0.9165,0.3521,0,0
2021-06-18,sz.000565,5.68,5.82,5.58,5.81,5777597,33172923.07,1.3325,1.9298,0,0
2021-06-21,sz.000565,5.76,5.88,5.73,5.8,4565951,26434966.5,1.0531,-0.1721,0,0
2021-06-22,sz.000565,5.82,5.86,5.76,5.78,3443865,19972942.05,0.7943,-0.3448,0,0
2021-06-23,sz.000565,5.76,5.77,5.6,5.62,7096421,40089119.23,1.6367,-2.7682,0,0
2021-06-24,sz.000565,5.56,5.6,5.44,5.45,6922325,37942506.94,1.5965,-3.0249,0,0
2021-06-25,sz.000565,5.48,5.48,5.39,5.42,4723650,25667226.8,1.0894,-0.5505,0,0
2021-06-28,sz.000565,5.49,5.49,5.32,5.39,4502100,24262709.02,1.0383,-0.5535,0,0
2021-06-29,sz.000565,5.39,5.47,5.38,5.43,3447521,18695558.61,0.7951,0.7421,0,0
2021-06-30,sz.000565,5.4,5.54,5.37,5.52,4546125,24905675.5,1.0485,1.6575,0,0
2021-07-01,sz.000565,5.55,5.55,5.28,5.32,5890837,31860204.89,1.3586,-3.6232,0,0
2021-07-02,sz.000565,5.29,5.38,5.23,5.3,2869999,15248811.75,0.6619,-0.3759,0,0
2021-07-05,sz.000565,5.33,5.38,5.3,5.36,2363199,12607807.71,0.545,1.1321,0,0
2021-07-06,sz.000565,5.36,5.41,5.33,5.38,2313925,12404987.5,0.5337,0.3731,0,0
2021-07-07,sz.000565,5.39,5.42,5.33,5.38,2421600,13018621.0,0.5585,0.0,0,0
2021-07-08,sz.000565,5.37,5.53,5.34,5.44,4666703,25382990.17,1.0763,1.1152,0,0
2021-07-09,sz.000565,5.47,5.53,5.3,5.53,3820850,20855488.3,0.8812,1.6544,0,0
2021-07-12,sz.000565,5.56,5.8,5.52,5.77,10493896,59806817.44,2.4202,4.34,0,0
2021-07-13,sz.000565,5.79,6.0,5.75,5.84,8261060,48201802.8,1.9053,1.2132,0,0
2021-07-14,sz.000565,5.8,5.85,5.76,5.8,5030453,29190436.9,1.1602,-0.6849,0,0
2021-07-15,sz.000565,5.8,5.97,5.75,5.91,8937796,52545665.6,2.0613,1.8966,0,0
2021-07-16,sz.000565,5.95,6.05,5.89,6.02,8470901,50814802.95,1.9537,1.8613,0,0
2021-07-19,sz.000565,6.02,6.07,5.84,5.85,7736347,45592900.42,1.7842,-2.8239,0,0
2021-07-20,sz.000565,5.85,6.05,5.68,6.0,8485726,50544854.47,1.9571,2.5641,0,0
2021-07-21,sz.000565,6.05,6.09,5.92,6.02,6615500,39646760.0,1.5257,0.3333,0,0
2021-07-22,sz.000565,6.01,6.17,6.0,6.09,8818408,53694426.4,2.0338,1.1628,0,0
2021-07-23,sz.000565,6.03,6.21,6.01,6.09,9636104,58864939.1,2.2224,0.0,0,0
2021-07-26,sz.000565,6.04,6.18,5.9,6.07,7768551,46878534.89,1.7917,-0.3284,0,0
2021-07-27,sz.000565,6.06,6.12,5.78,5.8,9631248,57342962.81,2.2213,-4.4481,0,0
2021-07-28,sz.000565,5.92,5.93,5.53,5.84,10530150,60936939.0,2.4286,0.6897,0,0
2021-07-29,sz.000565,5.87,6.02,5.86,5.88,6476775,38342442.13,1.4937,0.6849,0,0
2021-07-30,sz.000565,5.82,6.39,5.82,6.37,19710555,123274551.23,4.5459,8.3333,0,0
2021-08-02,sz.000565,6.3,6.75,6.26,6.5,18566765,120994970.09,4.2821,2.0408,0,0
2021-08-03,sz.000565,6.44,6.75,6.4,6.49,11855303,77695747.0,2.7342,-0.1538,0,0
2021-08-04,sz.000565,6.5,6.57,6.37,6.47,9881159,63815543.5,2.2789,-0.3082,0,0
2021-08-05,sz.000565,6.47,6.53,6.32,6.36,8437201,54026433.3,1.9459,-1.7002,0,0
2021-08-06,sz.000565,6.36,6.47,6.3,6.36,6093250,38790972.5,1.4053,0.0,0,0
2021-08-09,sz.000565,6.35,6.58,6.3,6.56,9679052,62657786.0,2.2323,3.1447,0,0
2021-08-10,sz.000565,6.53,6.73,6.52,6.61,10703264,70867532.75,2.4685,0.7622,0,0
2021-08-11,sz.000565,6.61,6.77,6.53,6.63,10312375,68413932.21,2.3784,0.3026,0,0
2021-08-12,sz.000565,6.62,6.71,6.5,6.54,8103821,53210241.79,1.869,-1.3575,0,0
2021-08-13,sz.000565,6.51,7.06,6.48,6.91,18617905,127749472.24,4.2939,5.6575,0,0
2021-08-16,sz.000565,6.92,7.13,6.81,6.88,17453656,121339238.98,4.0254,-0.4342,0,0
2021-08-17,sz.000565,6.92,6.96,6.53,6.58,15105298,101959215.86,3.4838,-4.3605,0,0
2021-08-18,sz.000565,6.56,6.67,6.49,6.54,8920432,58598648.11,2.0573,-0.6079,0,0
2021-08-19,sz.000565,6.53,6.56,6.33,6.4,8252134,53030677.3,1.9032,-2.1407,0,0
2021-08-20,sz.000565,6.4,6.46,6.25,6.37,5692350,36205461.0,1.3128,-0.4688,0,0
2021-08-23,sz.000565,6.37,6.62,6.35,6.57,7864700,51132014.5,1.8138,3.1397,0,0
2021-08-24,sz.000565,6.55,6.96,6.53,6.8,9707251,65857031.23,2.2388,3.5008,0,0
2021-08-25,sz.000565,6.8,6.93,6.72,6.89,7591286,51916580.32,1.7508,1.3235,0,0
2021-08-26,sz.000565,6.89,7.3,6.81,7.05,14144061,100504604.73,3.2621,2.3222,0,0
2021-08-27,sz.000565,7.0,7.07,6.84,6.96,8427350,58358008.0,1.9436,-1.2766,0,0
2021-08-30,sz.000565,6.96,6.98,6.81,6.85,7531356,51760812.73,1.737,-1.5805,0,0
2021-08-31,sz.000565,6.91,7.08,6.78,7.04,11257863,78671490.28,2.5964,2.7737,0,0
2021-09-01,sz.000565,7.1,7.12,6.64,6.72,11358672,77553486.04,2.6197,-4.5455,0,0
2021-09-02,sz.000565,6.72,6.99,6.62,6.96,9107320,62431226.28,2.1004,3.5714,0,0
2021-09-03,sz.000565,6.96,7.09,6.7,6.76,8890438,60848727.04,2.0504,-2.8736,0,0
2021-09-06,sz.000565,6.7,6.85,6.56,6.69,7226250,48081046.5,1.6666,-1.0355,0,0
2021-09-07,sz.000565,6.72,6.93,6.61,6.9,9499084,64467920.64,2.1908,3.139,0,0
2021-09-08,sz.000565,6.94,7.27,6.86,7.24,13870146,98303453.23,3.1989,4.9275,0,0
2021-09-09,sz.000565,7.21,7.31,7.05,7.19,12544127,90004007.88,2.8931,-0.6906,0,0
2021-09-10,sz.000565,7.25,7.26,6.85,6.91,11076068,77690551.94,2.5545,-3.8943,0,0
2021-09-13,sz.000565,6.94,7.16,6.85,7.12,9092993,63770237.8,2.0971,3.0391,0,0
2021-09-14,sz.000565,7.15,7.15,6.82,6.89,8707158,60487442.04,2.0081,-3.2303,0,0
2021-09-15,sz.000565,6.89,7.58,6.8,7.58,32479507,242060898.73,7.4908,10.0145,1,0
2021-09-16,sz.000565,7.58,7.6,7.13,7.14,35980225,265486428.79,8.2982,-5.8047,0,0
2021-09-17,sz.000565,7.19,7.56,7.15,7.35,22432253,165201219.72,5.1736,2.9412,0,0
2021-09-22,sz.000565,7.19,7.39,7.1,7.31,12449096,89866451.58,2.8712,-0.5442,0,0
2021-09-23,sz.000565,7.32,7.55,7.12,7.14,14455726,104908025.06,3.3339,-2.3256,0,0
2021-09-24,sz.000565,7.14,7.19,6.43,6.43,23530599,158032760.7,5.4269,-9.944,0,1
2021-09-27,sz.000565,6.35,6.41,5.99,6.04,13238200,81684550.0,3.0531,-6.0653,0,0
2021-09-28,sz.000565,6.04,6.1,5.9,5.99,6469580,38716561.01,1.4921,-0.8278,0,0
2021-09-29,sz.000565,5.97,6.03,5.69,5.74,6752286,39226799.32,1.5573,-4.1736,0,0
2021-09-30,sz.000565,5.81,5.91,5.76,5.85,3792880,22212328.04,0.8748,1.9164,0,0
2021-10-08,sz.000565,5.98,6.07,5.89,6.04,5382563,32208363.85,1.2414,3.2479,0,0
2021-10-11,sz.000565,6.09,6.11,5.95,6.02,3715775,22369887.44,0.857,-0.3311,0,0
2021-10-12,sz.000565,6.07,6.07,5.83,5.87,4006950,23742140.5,0.9241,-2.4917,0,0
2021-10-13,sz.000565,5.87,5.95,5.75,5.92,2655500,15548843.0,0.6124,0.8518,0,0
2021-10-14,sz.000565,5.94,5.95,5.81,5.86,2171900,12734294.0,0.5009,-1.0135,0,0
2021-10-15,sz.000565,5.85,5.89,5.76,5.81,2586140,15067265.7,0.5964,-0.8532,0,0
2021-10-18,sz.000565,5.78,5.92,5.76,5.88,4169139,24336490.98,0.9615,1.2048,0,0
2021-10-19,sz.000565,5.93,5.93,5.81,5.83,2850727,16682262.76,0.6575,-0.8503,0,0
2021-10-20,sz.000565,5.8,5.85,5.73,5.77,2836300,16451884.0,0.6541,-1.0292,0,0
2021-10-21,sz.000565,5.8,5.91,5.77,5.8,4166885,24367303.77,0.961,0.5199,0,0
2021-10-22,sz.000565,5.8,5.85,5.69,5.72,3716202,21416293.6,0.8571,-1.3793,0,0
2021-10-25,sz.000565,5.76,5.79,5.71,5.75,2447550,14072116.0,0.5645,0.5245,0,0
2021-10-26,sz.000565,5.78,5.79,5.58,5.59,4125010,23296556.4,0.9514,-2.7826,0,0
2021-10-27,sz.000565,5.59,5.6,5.32,5.37,6493800,35145989.99,1.4977,-3.9356,0,0
2021-10-28,sz.000565,5.38,5.43,5.18,5.29,5606800,29665598.0,1.2931,-1.4898,0,0
2021-10-29,sz.000565,5.32,5.47,5.26,5.39,3564900,19145110.06,0.8222,1.8904,0,0
2021-11-01,sz.000565,5.4,5.48,5.36,5.42,3921365,21261044.57,0.9044,0.5566,0,0
2021-11-02,sz.000565,5.46,5.46,5.14,5.19,5511500,29038151.0,1.2711,-4.2435,0,0
2021-11-03,sz.000565,5.22,5.22,5.11,5.18,3511950,18113651.0,0.81,-0.1927,0,0
2021-11-04,sz.000565,5.19,5.32,5.16,5.31,3612563,18973025.39,0.8332,2.5097,0,0
2021-11-05,sz.000565,5.29,5.41,5.23,5.34,3847293,20444162.39,0.8873,0.565,0,0
2021-11-08,sz.000565,5.35,5.47,5.33,5.38,2866252,15458932.1,0.661,0.7491,0,0
2021-11-09,sz.000565,5.44,5.44,5.31,5.4,2666933,14324832.15,0.6151,0.3717,0,0
2021-11-10,sz.000565,5.38,5.42,5.3,5.41,3378025,18122171.75,0.7791,0.1852,0,0
2021-11-11,sz.000565,5.37,5.53,5.37,5.45,3031900,16584464.0,0.6993,0.7394,0,0
2021-11-12,sz.000565,5.48,5.51,5.4,5.5,2834350,15461852.36,0.6537,0.9174,0,0
2021-11-15,sz.000565,5.5,5.62,5.49,5.58,2880652,15991850.15,0.6644,1.4545,0,0
2021-11-16,sz.000565,5.58,5.65,5.48,5.51,2510289,13924269.79,0.579,-1.2545,0,0
2021-11-17,sz.000565,5.49,5.67,5.46,5.62,5908768,33019939.1,1.3627,1.9964,0,0
2021-11-18,sz.000565,5.66,5.69,5.59,5.6,3097597,17480122.85,0.7144,-0.3559,0,0
2021-11-19,sz.000565,5.6,5.71,5.5,5.7,5138194,28893795.44,1.185,1.7857,0,0
2021-11-22,sz.000565,5.71,5.76,5.64,5.7,3918200,22357009.0,0.9037,0.0,0,0
2021-11-23,sz.000565,5.71,5.75,5.67,5.69,3112050,17734614.5,0.7177,-0.1754,0,0
2021-11-24,sz.000565,5.7,5.7,5.59,5.66,4491944,25341837.66,1.036,-0.5272,0,0
2021-11-25,sz.000565,5.66,5.78,5.66,5.75,4256941,24411939.87,0.9818,1.5901,0,0
2021-11-26,sz.000565,5.73,5.75,5.68,5.72,2703700,15443857.0,0.6236,-0.5217,0,0
2021-11-29,sz.000565,5.65,5.84,5.55,5.8,5206817,29855741.43,1.2009,1.3986,0,0
2021-11-30,sz.000565,5.92,6.16,5.92,5.98,18095987,108806785.01,4.1735,3.1034,0,0
2021-12-01,sz.000565,5.96,6.14,5.87,6.12,10982425,66481336.16,2.5329,2.3411,0,0
2021-12-02,sz.000565,6.13,6.33,6.06,6.16,12144257,75055144.45,2.8008,0.6536,0,0
2021-12-03,sz.000565,6.16,6.23,6.08,6.18,6732107,41437593.9,1.5526,0.3247,0,0
2021-12-06,sz.000565,6.17,6.55,6.13,6.37,14855383,94812470.04,3.4261,3.0744,0,0
2021-12-07,sz.000565,6.37,6.42,6.13,6.27,11690822,72962312.36,2.6963,-1.5699,0,0
2021-12-08,sz.000565,6.27,6.43,6.09,6.37,12018410,75674067.66,2.7718,1.5949,0,0
2021-12-09,sz.000565,6.36,6.63,6.29,6.57,13113883,85033500.22,3.0245,3.1397,0,0
2021-12-10,sz.000565,6.49,6.59,6.44,6.53,8328985,54095536.23,1.9209,-0.6088,0,0
2021-12-13,sz.000565,6.46,6.53,6.34,6.44,8358402,53723282.96,1.9277,-1.3783,0,0
2021-12-14,sz.000565,6.4,6.4,6.28,6.34,7952307,50238163.91,1.8341,-1.5528,0,0
2021-12-15,sz.000565,6.43,6.63,6.34,6.41,11362488,73748977.52,2.6205,1.1041,0,0
2021-12-16,sz.000565,6.41,6.52,6.36,6.5,7251564,46829440.94,1.6724,1.4041,0,0
2021-12-17,sz.000565,6.52,6.55,6.39,6.46,5729750,36996630.47,1.3215,-0.6154,0,0
2021-12-20,sz.000565,6.45,6.77,6.35,6.65,13887124,91767055.54,3.2028,2.9412,0,0
2021-12-21,sz.000565,6.54,6.8,6.5,6.62,12656274,83751701.54,2.9189,-0.4511,0,0
2021-12-22,sz.000565,6.58,6.64,6.4,6.42,9091503,59079602.05,2.0968,-3.0211,0,0
2021-12-23,sz.000565,6.45,6.5,6.35,6.38,6260352,40170859.81,1.4438,-0.6231,0,0
2021-12-24,sz.000565,6.36,6.65,6.27,6.62,13462524,87624273.89,3.1049,3.7618,0,0
2021-12-27,sz.000565,6.55,7.28,6.42,7.04,26571683,184744545.09,6.1283,6.3444,0,0
2021-12-28,sz.000565,6.95,7.03,6.75,6.81,15319460,105042407.1,3.5331,-3.267,0,0
2021-12-29,sz.000565,6.81,6.94,6.66,6.84,8780222,59892967.34,2.025,0.4405,0,0
2021-12-30,sz.000565,6.84,6.86,6.62,6.69,9941569,66573270.71,2.2928,-2.193,0,0
2021-12-31,sz.000565,6.68,6.77,6.58,6.67,5098390,34127093.8,1.1758,-0.299,0,0
2022-01-04,sz.000565,6.7,6.89,6.66,6.86,6947864,47255400.32,1.6024,2.8486,0,0
2022-01-05,sz.000565,6.81,6.97,6.72,6.93,8721646,59900405.42,2.0115,1.0204,0,0
2022-01-06,sz.000565,6.89,7.02,6.85,6.88,7723216,53444935.11,1.7812,-0.7215,0,0
2022-01-07,sz.000565,6.85,6.96,6.63,6.63,7022367,47716094.32,1.6196,-3.6337,0,0
2022-01-10,sz.000565,6.57,6.79,6.49,6.74,5764496,38576456.03,1.3295,1.6591,0,0
2022-01-11,sz.000565,6.71,6.89,6.69,6.7,5759839,39160575.41,1.3284,-0.5935,0,0
2022-01-12,sz.000565,6.74,6.87,6.67,6.85,5966319,40502339.24,1.376,2.2388,0,0
2022-01-13,sz.000565,6.86,6.9,6.71,6.74,4492890,30495751.56,1.0362,-1.6058,0,0
2022-01-14,sz.000565,6.72,6.79,6.44,6.45,7574525,49797481.0,1.7469,-4.3027,0,0
2022-01-17,sz.000565,6.48,6.57,6.41,6.49,4920158,31953542.42,1.1347,0.6202,0,0
2022-01-18,sz.000565,6.52,6.55,6.32,6.38,5563024,35677860.18,1.283,-1.6949,0,0
2022-01-19,sz.000565,6.43,6.44,6.27,6.34,4446873,28159982.44,1.0256,-0.627,0,0
2022-01-20,sz.000565,6.31,6.43,6.1,6.1,6940100,43115128.0,1.6006,-3.7855,0,0
2022-01-21,sz.000565,6.11,6.19,6.06,6.11,3619949,22156629.9,0.8349,0.1639,0,0
2022-01-24,sz.000565,6.11,6.13,5.99,6.0,2853487,17243658.55,0.6581,-1.8003,0,0
2022-01-25,sz.000565,6.0,6.06,5.73,5.75,5005203,29311429.15,1.1544,-4.1667,0,0
2022-01-26,sz.000565,5.8,5.92,5.75,5.89,3791694,22164508.29,0.8745,2.4348,0,0
2022-01-27,sz.000565,5.92,5.92,5.68,5.68,3734991,21549599.07,0.8614,-3.5654,0,0
2022-01-28,sz.000565,5.68,5.84,5.67,5.78,2543000,14665372.0,0.5865,1.7606,0,0
2022-02-07,sz.000565,5.89,5.96,5.81,5.94,3314032,19560084.58,0.7643,2.7682,0,0
2022-02-08,sz.000565,5.96,6.19,5.93,6.19,5032333,30443728.46,1.1606,4.2088,0,0
2022-02-09,sz.000565,6.19,6.24,6.14,6.18,3657183,22597219.11,0.8435,-0.1616,0,0
2022-02-10,sz.000565,6.18,6.22,6.11,6.16,2918982,18009702.76,0.6732,-0.3236,0,0
2022-02-11,sz.000565,6.18,6.18,6.0,6.03,4176916,25388424.46,0.9633,-2.1104,0,0
2022-02-14,sz.000565,6.05,6.22,6.0,6.17,4488682,27684502.74,1.0352,2.3217,0,0
2022-02-15,sz.000565,6.17,6.2,6.06,6.1,2723032,16655239.8,0.628,-1.1345,0,0
2022-02-16,sz.000565,6.11,6.23,6.07,6.2,2856932,17636216.34,0.6589,1.6393,0,0
2022-02-17,sz.000565,6.2,6.36,6.15,6.18,4124567,25748706.81,0.9513,-0.3226,0,0
2022-02-18,sz.000565,6.2,6.31,6.13,6.3,2896792,18073032.16,0.6681,1.9417,0,0
2022-02-21,sz.000565,6.28,6.29,6.21,6.28,3007053,18808611.22,0.6935,-0.3175,0,0
2022-02-22,sz.000565,6.27,6.32,6.2,6.31,3764900,23569646.5,0.8683,0.4777,0,0
2022-02-23,sz.000565,6.29,6.34,6.24,6.33,3780050,23794989.42,0.8718,0.317,0,0
2022-02-24,sz.000565,6.3,6.44,6.13,6.23,7381384,46406876.64,1.7024,-1.5798,0,0
2022-02-25,sz.000565,6.23,6.38,6.23,6.3,4430998,27984537.15,1.0219,1.1236,0,0
2022-02-28,sz.000565,6.3,6.37,6.22,6.36,3662900,23066240.0,0.8448,0.9524,0,0
2022-03-01,sz.000565,6.36,6.42,6.31,6.4,4469250,28458322.0,1.0307,0.6289,0,0
2022-03-02,sz.000565,6.4,6.53,6.33,6.5,6041182,39046664.0,1.3933,1.5625,0,0
2022-03-03,sz.000565,6.53,6.6,6.47,6.55,4062949,26537557.0,0.937,0.7692,0,0
2022-03-04,sz.000565,6.5,6.54,6.41,6.43,3654300,23630837.0,0.8428,-1.8321,0,0
2022-03-07,sz.000565,6.43,6.53,6.27,6.36,4179953,26660801.0,0.964,-1.0886,0,0
2022-03-08,sz.000565,6.43,6.43,6.03,6.05,5949800,36682785.0,1.3722,-4.8742,0,0
2022-03-09,sz.000565,6.08,6.18,5.74,6.02,6966639,41904686.0,1.6067,-0.4959,0,0
2022-03-10,sz.000565,6.1,6.25,6.09,6.16,3967150,24491158.0,0.9149,2.3256,0,0
2022-03-11,sz.000565,6.08,6.22,6.0,6.2,3190450,19457976.0,0.7358,0.6494,0,0
2022-03-14,sz.000565,6.16,6.2,5.95,5.95,4052500,24578529.0,0.9346,-4.0323,0,0
2022-03-15,sz.000565,5.94,5.96,5.5,5.53,4924232,28210391.0,1.1357,-7.0588,0,0
2022-03-16,sz.000565,5.61,5.73,5.42,5.7,4156553,23209027.0,0.9586,3.0741,0,0
2022-03-17,sz.000565,5.76,5.79,5.64,5.7,4832322,27627687.0,1.1145,0.0,0,0
2022-03-18,sz.000565,5.66,5.88,5.61,5.84,4546272,26495134.7,1.0485,2.4561,0,0
2022-03-21,sz.000565,5.83,5.98,5.82,5.98,3992052,23612514.74,0.9207,2.3973,0,0
2022-03-22,sz.000565,5.98,6.05,5.91,6.05,3487352,20846613.32,0.8043,1.1706,0,0
2022-03-23,sz.000565,6.05,6.28,6.0,6.09,5204347,31746278.85,1.2003,0.6612,0,0
2022-03-24,sz.000565,6.14,6.15,5.96,5.99,3645580,22020150.4,0.8408,-1.642,0,0
2022-03-25,sz.000565,6.0,6.14,5.98,6.04,2508350,15210284.8,0.5785,0.8347,0,0
2022-03-28,sz.000565,6.03,6.1,5.93,6.01,2641300,15874130.0,0.6092,-0.4967,0,0
2022-03-29,sz.000565,5.97,6.17,5.96,6.12,4789194,29206190.44,1.1045,1.8303,0,0
2022-03-30,sz.000565,6.14,6.41,6.08,6.21,7144908,44348540.18,1.6478,1.4706,0,0
2022-03-31,sz.000565,6.28,6.37,6.2,6.31,6586443,41407632.24,1.519,1.6103,0,0
2022-04-01,sz.000565,6.3,6.3,6.05,6.09,5330203,32705306.18,1.2293,-3.4865,0,0
2022-04-06,sz.000565,6.1,6.27,6.0,6.26,4883800,30058520.0,1.1264,2.7915,0,0
2022-04-07,sz.000565,6.23,6.27,6.02,6.09,3929000,24036222.0,0.9062,-2.7157,0,0
2022-04-08,sz.000565,6.1,6.12,5.92,6.02,4886733,29320702.67,1.127,-1.1494,0,0
2022-04-11,sz.000565,6.02,6.04,5.74,5.78,4007178,23592484.08,0.9242,-3.9867,0,0
2022-04-12,sz.000565,5.83,5.99,5.7,5.99,3341708,19461945.04,0.7707,3.6332,0,0
2022-04-13,sz.000565,5.94,5.95,5.84,5.87,2915353,17180736.73,0.6724,-2.0033,0,0
2022-04-14,sz.000565,5.87,5.97,5.85,5.88,2072338,12234162.62,0.4779,0.1704,0,0
2022-04-15,sz.000565,5.87,5.88,5.65,5.79,4201494,24167676.39,0.969,-1.5306,0,0
2022-04-18,sz.000565,5.7,5.84,5.58,5.8,3043900,17506960.5,0.702,0.1727,0,0
2022-04-19,sz.000565,5.77,6.04,5.77,6.04,4958650,29632684.0,1.1436,4.1379,0,0
2022-04-20,sz.000565,6.06,6.13,6.0,6.03,4107720,24945966.4,0.9474,-0.1656,0,0
2022-04-21,sz.000565,5.98,6.05,5.65,5.7,4860800,28336001.0,1.1211,-5.4726,0,0
2022-04-22,sz.000565,5.71,5.72,5.51,5.62,4793133,26759348.97,1.1054,-1.4035,0,0
2022-04-25,sz.000565,5.5,5.51,5.06,5.06,7882114,41208053.85,1.8179,-9.9644,0,1
2022-04-26,sz.000565,5.05,5.05,4.59,4.62,6087301,29165156.44,1.4039,-8.6957,0,0
2022-04-27,sz.000565,4.53,4.75,4.36,4.71,4937668,22419641.9,1.1388,1.9481,0,0
2022-04-28,sz.000565,4.99,5.18,4.96,5.18,7132229,36348799.59,1.6449,9.9788,1,0
2022-04-29,sz.000565,5.16,5.4,5.16,5.27,9391629,49572385.36,2.166,1.7375,0,0
2022-05-05,sz.000565,5.25,5.59,5.2,5.47,7222489,39004572.48,1.6657,3.7951,0,0
2022-05-06,sz.000565,5.28,5.54,5.26,5.49,4134351,22447863.93,0.9535,0.3656,0,0
2022-05-09,sz.000565,5.42,5.72,5.4,5.65,3947249,22134129.85,0.9104,2.9144,0,0
2022-05-10,sz.000565,5.53,5.65,5.45,5.62,3877097,21520235.06,0.8942,-0.1776,0,0
2022-05-11,sz.000565,5.61,5.73,5.51,5.53,4343700,24451025.54,1.0018,-1.6014,0,0
2022-05-12,sz.000565,5.51,5.7,5.49,5.67,4006006,22614040.87,0.9239,2.5316,0,0
2022-05-13,sz.000565,5.68,5.83,5.68,5.8,3942050,22790019.5,0.9092,2.2928,0,0
2022-05-16,sz.000565,5.83,5.9,5.77,5.83,3583542,20889686.28,0.8265,0.5172,0,0
2022-05-17,sz.000565,5.83,5.92,5.73,5.81,2772897,16125257.1,0.6395,-0.3431,0,0
2022-05-18,sz.000565,5.87,5.98,5.81,5.9,2674395,15817776.52,0.6168,1.5491,0,0
2022-05-19,sz.000565,5.82,6.01,5.77,6.0,3353764,19975960.07,0.7735,1.6949,0,0
2022-05-20,sz.000565,6.0,6.05,5.91,6.01,2926064,17446977.64,0.6748,0.1667,0,0
2022-05-23,sz.000565,5.97,6.05,5.94,5.96,2938750,17556505.5,0.6778,-0.8319,0,0
2022-05-24,sz.000565,5.97,6.0,5.73,5.74,3650351,21327838.4,0.8419,-3.6913,0,0
2022-05-25,sz.000565,5.74,5.94,5.71,5.89,3927400,23008885.0,0.9058,2.6132,0,0
2022-05-26,sz.000565,5.9,5.93,5.83,5.88,2368059,13926433.48,0.5461,-0.1698,0,0
2022-05-27,sz.000565,5.89,5.9,5.77,5.82,2902600,16944363.0,0.6694,-1.0204,0,0
2022-05-30,sz.000565,5.86,6.07,5.85,6.07,6376758,38099585.32,1.4707,4.2955,0,0
2022-05-31,sz.000565,6.08,6.09,5.99,6.07,4613752,27891392.08,1.0641,0.0,0,0
2022-06-01,sz.000565,6.05,6.09,5.98,6.03,3085900,18640931.0,0.7117,-0.659,0,0
2022-06-02,sz.000565,6.04,6.21,5.94,6.19,6276925,38443185.58,1.4477,2.6534,0,0
2022-06-06,sz.000565,6.22,6.25,6.15,6.17,4431784,27392173.44,1.0221,-0.3231,0,0
2022-06-07,sz.000565,6.19,6.42,6.13,6.27,7836800,49172445.88,1.8074,1.6207,0,0
2022-06-08,sz.000565,6.21,6.29,6.05,6.2,5020751,31023693.2,1.1579,-1.1164,0,0
2022-06-09,sz.000565,6.22,6.27,6.11,6.16,4226450,26148994.5,0.9748,-0.6452,0,0
2022-06-10,sz.000565,6.19,6.35,6.08,6.32,5063454,31698015.46,1.1678,2.5974,0,0
2022-06-13,sz.000565,6.27,6.43,6.22,6.28,4436500,28115142.96,1.0232,-0.6329,0,0
2022-06-14,sz.000565,6.23,6.42,6.18,6.4,6513453,41151463.52,1.5022,1.9108,0,0
2022-06-15,sz.000565,6.41,6.42,6.24,6.24,5301700,33548120.0,1.2227,-2.5,0,0
2022-06-16,sz.000565,6.26,6.33,6.17,6.19,4229700,26335797.0,0.9755,-0.8013,0,0
2022-06-17,sz.000565,6.19,6.29,6.11,6.2,3158050,19550846.0,0.7283,0.1616,0,0
2022-06-20,sz.000565,6.23,6.29,6.13,6.2,4143400,25620515.0,0.9556,0.0,0,0
2022-06-21,sz.000565,6.17,6.23,6.02,6.1,4991840,30589660.6,1.1513,-1.6129,0,0
2022-06-22,sz.000565,6.12,6.14,6.01,6.01,2750490,16718553.2,0.6343,-1.4754,0,0
2022-06-23,sz.000565,6.05,6.17,5.99,6.17,3512037,21324397.07,0.81,2.6622,0,0
2022-06-24,sz.000565,6.15,6.25,6.14,6.17,4732900,29219863.0,1.0916,0.0,0,0
2022-06-27,sz.000565,6.18,6.57,6.18,6.44,11643500,74700914.0,2.6854,4.376,0,0
2022-06-28,sz.000565,6.48,6.8,6.42,6.7,11580991,76910010.15,2.6709,4.0373,0,0
2022-06-29,sz.000565,6.7,6.79,6.45,6.48,9868288,64869222.38,2.2759,-3.2836,0,0
2022-06-30,sz.000565,6.51,6.63,6.45,6.46,5431425,35398215.0,1.2527,-0.3086,0,0
2022-07-01,sz.000565,6.46,6.68,6.44,6.59,6069725,40057071.25,1.3999,2.0124,0,0
2022-07-04,sz.000565,6.59,6.87,6.54,6.7,7247078,48739336.23,1.6714,1.6692,0,0
2022-07-05,sz.000565,6.71,6.75,6.46,6.6,7188558,47260242.2,1.6579,-1.4925,0,0
2022-07-06,sz.000565,6.59,6.59,6.41,6.49,4739956,30700888.61,1.0932,-1.6667,0,0
2022-07-07,sz.000565,6.5,6.73,6.49,6.67,6356127,42200948.68,1.4659,2.7735,0,0
2022-07-08,sz.000565,6.66,6.69,6.43,6.45,6550620,42715254.06,1.5108,-3.2984,0,0
2022-07-11,sz.000565,6.46,6.64,6.36,6.45,5938319,38448316.27,1.3696,0.0,0,0
2022-07-12,sz.000565,6.48,6.48,6.25,6.26,6293216,39796309.44,1.4514,-2.9457,0,0
2022-07-13,sz.000565,6.25,6.33,6.19,6.32,5032284,31541904.84,1.1606,0.9585,0,0
2022-07-14,sz.000565,6.32,6.38,6.26,6.37,4107200,26000199.42,0.9472,0.7911,0,0
2022-07-15,sz.000565,6.37,6.38,6.17,6.26,4934750,30827794.0,1.1381,-1.7268,0,0
2022-07-18,sz.000565,6.26,6.51,6.26,6.5,6905348,44355584.14,1.5926,3.8339,0,0
2022-07-19,sz.000565,6.5,6.83,6.5,6.82,11879679,79448762.78,2.7398,4.9231,0,0
2022-07-20,sz.000565,6.82,6.89,6.65,6.84,9621731,65238388.9,2.2191,0.2933,0,0
2022-07-21,sz.000565,6.85,6.89,6.71,6.77,8024728,54409033.84,1.8508,-1.0234,0,0
2022-07-22,sz.000565,6.81,6.85,6.72,6.8,6413120,43523742.51,1.4791,0.4431,0,0
2022-07-25,sz.000565,6.8,6.85,6.7,6.71,4692949,31753087.07,1.0823,-1.3235,0,0
2022-07-26,sz.000565,6.72,6.78,6.62,6.76,4968200,33272053.0,1.1458,0.7452,0,0
2022-07-27,sz.000565,6.73,6.94,6.69,6.91,7298496,49988722.17,1.6833,2.2189,0,0
2022-07-28,sz.000565,6.93,7.6,6.91,7.6,41454066,307417846.0,9.5606,9.9855,1,0
2022-07-29,sz.000565,8.35,8.36,8.3,8.36,18096197,151207988.73,4.1736,10.0,1,0
2022-08-01,sz.000565,8.42,9.2,8.16,8.82,104204574,925769420.82,24.0329,5.5024,0,0
2022-08-02,sz.000565,7.94,8.31,7.94,7.94,58261288,466751427.16,13.4369,-9.9773,0,1
2022-08-03,sz.000565,7.62,7.82,7.15,7.19,62490040,465389327.83,14.4122,-9.4458,0,0
2022-08-04,sz.000565,7.25,7.54,7.08,7.54,38795997,283454400.17,8.9476,4.8679,0,0
2022-08-05,sz.000565,7.46,7.74,7.33,7.4,30904571,231162760.93,7.1276,-1.8568,0,0
2022-08-08,sz.000565,7.32,7.5,7.23,7.47,19717500,146316818.87,4.5475,0.9459,0,0
2022-08-09,sz.000565,7.41,7.92,7.39,7.62,31284223,239663439.58,7.2151,2.008,0,0
2022-08-10,sz.000565,7.53,7.71,7.47,7.62,20859748,157821077.18,4.8109,0.0,0,0
2022-08-11,sz.000565,7.56,7.63,7.46,7.6,17917456,135351229.04,4.1323,-0.2625,0,0
2022-08-12,sz.000565,7.51,7.6,7.46,7.48,14681449,110355396.09,3.386,-1.5789,0,0
2022-08-15,sz.000565,7.4,7.49,7.34,7.45,14281196,106068897.81,3.2937,-0.4011,0,0
2022-08-16,sz.000565,7.51,7.79,7.44,7.77,28904629,221902034.47,6.6663,4.2953,0,0
2022-08-17,sz.000565,7.82,7.82,7.57,7.69,18814082,143846122.79,4.3391,-1.0296,0,0
2022-08-18,sz.000565,7.63,7.74,7.55,7.69,14867300,113449866.49,3.4289,0.0,0,0
2022-08-19,sz.000565,7.67,7.67,7.34,7.44,20400594,152794310.11,4.705,-3.251,0,0
2022-08-22,sz.000565,7.41,7.41,7.2,7.29,12551058,91100567.55,2.8947,-2.0161,0,0
2022-08-23,sz.000565,7.3,7.52,7.25,7.47,10918138,81027144.0,2.5181,2.4691,0,0
2022-08-24,sz.000565,7.51,7.6,7.12,7.14,13674993,99257028.34,3.1539,-4.4177,0,0
2022-08-25,sz.000565,7.18,7.3,7.03,7.19,8797411,62737599.32,2.029,0.7003,0,0
2022-08-26,sz.000565,7.2,7.46,7.1,7.34,11304862,83227096.55,2.6073,2.0862,0,0
2022-08-29,sz.000565,7.3,7.54,7.14,7.54,10752469,80009850.27,2.4799,2.7248,0,0
2022-08-30,sz.000565,7.57,7.63,7.28,7.41,8707875,64397657.24,2.0083,-1.7241,0,0
2022-08-31,sz.000565,7.44,7.45,7.06,7.07,8510533,60978271.71,1.9628,-4.5884,0,0
2022-09-01,sz.000565,7.06,7.15,6.99,7.04,6172044,43608920.27,1.4235,-0.4243,0,0
2022-09-02,sz.000565,7.05,7.18,7.0,7.17,5610489,39886777.81,1.294,1.8466,0,0
2022-09-05,sz.000565,7.21,7.39,7.1,7.33,7565900,55147027.44,1.7449,2.2315,0,0
2022-09-06,sz.000565,7.34,7.49,7.31,7.38,9932616,73759724.19,2.2908,0.6821,0,0
2022-09-07,sz.000565,7.38,7.38,7.24,7.27,6445358,47015348.62,1.4865,-1.4905,0,0
2022-09-08,sz.000565,7.3,7.32,7.09,7.12,6149749,44031008.45,1.4183,-2.0633,0,0
2022-09-09,sz.000565,7.12,7.16,7.02,7.13,5028749,35724810.41,1.1598,0.1404,0,0
2022-09-13,sz.000565,7.15,7.23,7.04,7.06,4854600,34499306.0,1.1196,-0.9818,0,0
2022-09-14,sz.000565,6.97,6.97,6.68,6.69,10866927,73585588.37,2.5063,-5.2408,0,0
2022-09-15,sz.000565,6.75,6.76,6.29,6.45,11385130,73622657.17,2.6258,-3.5874,0,0
2022-09-16,sz.000565,6.46,6.46,6.22,6.22,5069167,32044258.21,1.1691,-3.5659,0,0
2022-09-19,sz.000565,6.21,6.29,6.17,6.26,4808165,29957486.74,1.1089,0.6431,0,0
2022-09-20,sz.000565,6.3,6.47,6.3,6.43,5314069,34064183.24,1.2256,2.7157,0,0
2022-09-21,sz.000565,6.41,6.54,6.31,6.51,4534776,29248627.45,1.0459,1.2442,0,0
2022-09-22,sz.000565,6.49,6.52,6.43,6.44,3683400,23830998.5,0.8495,-1.0753,0,0
2022-09-23,sz.000565,6.45,6.49,6.24,6.25,4031736,25566929.8,0.9298,-2.9503,0,0
2022-09-26,sz.000565,6.23,6.33,6.05,6.07,4126996,25342231.28,0.9518,-2.88,0,0
2022-09-27,sz.000565,6.14,6.44,6.06,6.22,3846730,23619089.19,0.8872,2.4712,0,0
2022-09-28,sz.000565,6.18,6.24,6.02,6.02,3714115,22650429.85,0.8566,-3.2154,0,0
2022-09-29,sz.000565,6.1,6.12,5.82,5.87,5569571,33033041.81,1.2845,-2.4917,0,0
2022-09-30,sz.000565,5.85,5.97,5.76,5.76,4197441,24432390.8,0.9681,-1.8739,0,0
2022-10-10,sz.000565,5.8,5.86,5.66,5.68,3731653,21483451.57,0.8606,-1.3889,0,0
2022-10-11,sz.000565,5.71,5.82,5.64,5.79,3443100,19768703.0,0.7941,1.9366,0,0
2022-10-12,sz.000565,5.79,5.94,5.7,5.94,4032417,23508144.41,0.93,2.5907,0,0
2022-10-13,sz.000565,5.94,6.05,5.88,5.99,4532302,27010486.41,1.0453,0.8418,0,0
2022-10-14,sz.000565,5.99,6.11,5.99,6.08,3920395,23742256.36,0.9042,1.5025,0,0
2022-10-17,sz.000565,6.08,6.19,6.06,6.16,3553741,21764885.46,0.8196,1.3158,0,0
2022-10-18,sz.000565,6.2,6.26,6.12,6.16,4827132,29866660.8,1.1133,0.0,0,0
2022-10-19,sz.000565,6.16,6.22,6.12,6.14,3832743,23666210.52,0.884,-0.3247,0,0
2022-10-20,sz.000565,6.14,6.19,6.03,6.1,3280811,20019323.84,0.7567,-0.6515,0,0
2022-10-21,sz.000565,6.09,6.2,6.08,6.12,2880561,17696731.02,0.6643,0.3279,0,0
2022-10-24,sz.000565,6.13,6.23,6.0,6.06,4401177,26962286.51,1.015,-0.9804,0,0
2022-10-25,sz.000565,6.0,6.08,5.9,6.03,3820332,22877287.26,0.8811,-0.495,0,0
2022-10-26,sz.000565,6.04,6.22,6.04,6.17,4004463,24664527.3,0.9236,2.3217,0,0
2022-10-27,sz.000565,6.16,6.19,6.01,6.03,5624562,34302797.72,1.2972,-2.269,0,0
2022-10-28,sz.000565,6.0,6.0,5.53,5.56,9728011,55435419.64,2.2436,-7.7944,0,0
2022-10-31,sz.000565,5.55,5.65,5.47,5.57,5600764,31139254.62,1.2917,0.1799,0,0
2022-11-01,sz.000565,5.63,5.78,5.56,5.78,4529141,25787880.11,1.0446,3.7702,0,0
2022-11-02,sz.000565,5.84,5.87,5.78,5.82,3707803,21618786.78,0.8551,0.692,0,0
2022-11-03,sz.000565,5.82,5.85,5.74,5.79,2899363,16787241.49,0.6687,-0.5155,0,0
2022-11-04,sz.000565,5.76,5.95,5.76,5.95,4319139,25421946.54,0.9961,2.7634,0,0
2022-11-07,sz.000565,5.97,6.17,5.95,6.1,7401099,44822694.86,1.7069,2.521,0,0
2022-11-08,sz.000565,6.08,6.12,6.02,6.08,3834111,23196475.66,0.8843,-0.3279,0,0
2022-11-09,sz.000565,6.09,6.13,6.06,6.12,3295903,20104338.33,0.7601,0.6579,0,0
2022-11-10,sz.000565,6.08,6.11,6.02,6.08,3247600,19704481.0,0.749,-0.6536,0,0
2022-11-11,sz.000565,6.13,6.3,6.12,6.24,6740800,41868198.84,1.5546,2.6316,0,0
2022-11-14,sz.000565,6.24,6.24,6.14,6.16,4706843,29091323.31,1.0855,-1.2821,0,0
2022-11-15,sz.000565,6.14,6.21,6.1,6.19,3734543,23086303.97,0.8613,0.487,0,0
2022-11-16,sz.000565,6.22,6.22,6.12,6.17,3405502,20970523.82,0.7854,-0.3231,0,0
2022-11-17,sz.000565,6.17,6.17,6.08,6.16,4297000,26316725.0,0.991,-0.1621,0,0
2022-11-18,sz.000565,6.18,6.19,6.1,6.13,3895008,23950552.87,0.8983,-0.487,0,0
2022-11-21,sz.000565,6.09,6.13,5.99,6.12,3589845,21790775.55,0.8279,-0.1631,0,0
2022-11-22,sz.000565,6.16,6.19,6.04,6.07,4386325,26821894.75,1.0116,-0.817,0,0
2022-11-23,sz.000565,6.09,6.14,5.99,6.13,4311342,26160412.57,0.9943,0.9885,0,0
2022-11-24,sz.000565,6.13,6.25,6.11,6.24,5745348,35639645.64,1.3251,1.7945,0,0
2022-11-25,sz.000565,6.2,6.22,6.1,6.12,3550207,21863888.17,0.8188,-1.9231,0,0
2022-11-28,sz.000565,6.12,6.14,6.02,6.12,3025810,18448661.45,0.6978,0.0,0,0
2022-11-29,sz.000565,6.13,6.25,6.12,6.22,4742464,29425338.96,1.0938,1.634,0,0
2022-11-30,sz.000565,6.26,6.42,6.22,6.35,6636750,42020685.4,1.5306,2.09,0,0
2022-12-01,sz.000565,6.37,6.42,6.25,6.27,4956834,31267905.2,1.1432,-1.2598,0,0
2022-12-02,sz.000565,6.29,6.43,6.25,6.42,4969792,31647952.37,1.1462,2.3923,0,0
2022-12-05,sz.000565,6.46,6.5,6.37,6.47,6422800,41314640.0,1.4813,0.7788,0,0
2022-12-06,sz.000565,6.42,6.48,6.37,6.42,5523487,35403610.93,1.2739,-0.7728,0,0
2022-12-07,sz.000565,6.42,6.43,6.32,6.34,4230961,26912672.15,0.9758,-1.2461,0,0
2022-12-08,sz.000565,6.35,6.43,6.3,6.36,3553600,22659749.0,0.8196,0.3155,0,0
2022-12-09,sz.000565,6.36,6.39,6.32,6.36,2448000,15532236.0,0.5646,0.0,0,0
2022-12-12,sz.000565,6.35,6.35,6.24,6.26,3491334,21915344.96,0.8052,-1.5723,0,0
2022-12-13,sz.000565,6.21,6.34,6.21,6.22,3125800,19588310.0,0.7209,-0.639,0,0
2022-12-14,sz.000565,6.25,6.41,6.25,6.36,4925518,31256567.66,1.136,2.2508,0,0
2022-12-15,sz.000565,6.39,6.45,6.27,6.29,3405170,21540002.9,0.7853,-1.1006,0,0
2022-12-16,sz.000565,6.24,6.33,6.1,6.25,5180350,31983458.65,1.1948,-0.6359,0,0
2022-12-19,sz.000565,6.25,6.25,5.89,5.93,5289887,31831634.05,1.22,-5.12,0,0
2022-12-20,sz.000565,5.93,6.03,5.86,5.98,3058401,18233895.81,0.7054,0.8432,0,0
2022-12-21,sz.000565,6.01,6.1,5.97,6.03,2771560,16747871.6,0.6392,0.8361,0,0
2022-12-22,sz.000565,6.05,6.11,5.81,5.82,3833583,22840797.89,0.8841,-3.4826,0,0
2022-12-23,sz.000565,5.84,5.88,5.75,5.79,2891669,16836360.66,0.6669,-0.5155,0,0
2022-12-26,sz.000565,5.83,5.98,5.77,5.97,2266900,13407423.0,0.5228,3.1088,0,0
2022-12-27,sz.000565,5.99,6.05,5.91,5.97,2077925,12384689.75,0.4792,0.0,0,0
2022-12-28,sz.000565,5.97,5.98,5.81,5.86,2458050,14412453.0,0.5669,-1.8425,0,0
2022-12-29,sz.000565,5.88,5.93,5.84,5.87,1466609,8623958.17,0.3382,0.1706,0,0
2022-12-30,sz.000565,5.87,5.89,5.82,5.87,2265057,13248719.74,0.5224,0.0,0,0
2023-01-03,sz.000565,5.87,6.04,5.83,6.02,3467575,20671219.77,0.7997,2.5554,0,0
2023-01-04,sz.000565,6.03,6.27,6.0,6.12,6442084,39416962.04,1.4857,1.6611,0,0
2023-01-05,sz.000565,6.16,6.16,6.03,6.09,3595208,21825009.2,0.8292,-0.4902,0,0
2023-01-06,sz.000565,6.1,6.16,6.07,6.11,3494450,21401495.0,0.8059,0.3284,0,0
2023-01-09,sz.000565,6.15,6.18,6.11,6.17,3403060,20942852.82,0.7849,0.982,0,0
2023-01-10,sz.000565,6.18,6.18,6.1,6.12,2287339,14016156.09,0.5275,-0.8104,0,0
2023-01-11,sz.000565,6.15,6.17,6.06,6.07,2152413,13141611.03,0.4964,-0.817,0,0
2023-01-12,sz.000565,6.09,6.11,6.06,6.09,1916591,11654183.07,0.442,0.3295,0,0
2023-01-13,sz.000565,6.1,6.16,6.07,6.12,2557542,15645679.78,0.5898,0.4926,0,0
2023-01-16,sz.000565,6.15,6.22,6.12,6.19,3536454,21891464.22,0.8156,1.1438,0,0
2023-01-17,sz.000565,6.23,6.23,6.11,6.16,2458626,15115616.64,0.567,-0.4847,0,0
2023-01-18,sz.000565,6.16,6.18,6.12,6.16,3153304,19406107.14,0.7273,0.0,0,0
2023-01-19,sz.000565,6.14,6.17,6.11,6.16,2588815,15916561.65,0.5971,0.0,0,0
2023-01-20,sz.000565,6.19,6.29,6.16,6.28,3819307,23824468.25,0.8809,1.9481,0,0
2023-01-30,sz.000565,6.33,6.8,6.31,6.7,20181619,132847082.73,4.6545,6.6879,0,0
2023-01-31,sz.000565,6.55,6.8,6.51,6.8,13290470,88241296.27,3.0652,1.4925,0,0
2023-02-01,sz.000565,6.78,6.88,6.72,6.79,9976735,67553168.16,2.3009,-0.1471,0,0
2023-02-02,sz.000565,6.8,6.85,6.71,6.78,6473024,43889544.69,1.4929,-0.1473,0,0
2023-02-03,sz.000565,6.78,6.8,6.65,6.77,6207018,41776787.68,1.4315,-0.1475,0,0
2023-02-06,sz.000565,6.75,6.75,6.61,6.66,4629928,30855004.92,1.0678,-1.6248,0,0
2023-02-07,sz.000565,6.74,6.78,6.67,6.78,4476960,30151389.51,1.0325,1.8018,0,0
2023-02-08,sz.000565,6.82,6.84,6.73,6.77,3619870,24533978.04,0.8349,-0.1475,0,0
2023-02-09,sz.000565,6.72,6.81,6.71,6.79,3473700,23553325.0,0.8011,0.2954,0,0
2023-02-10,sz.000565,6.79,6.89,6.78,6.82,4871915,33303046.84,1.1236,0.4418,0,0
2023-02-13,sz.000565,6.84,6.9,6.78,6.87,5297508,36205609.88,1.2218,0.7331,0,0
2023-02-14,sz.000565,6.89,6.92,6.82,6.88,3166700,21748206.12,0.7303,0.1456,0,0
2023-02-15,sz.000565,6.87,6.88,6.77,6.8,3964188,26993847.18,0.9143,-1.1628,0,0
2023-02-16,sz.000565,6.82,6.84,6.51,6.56,6223350,41518687.0,1.4353,-3.5294,0,0
2023-02-17,sz.000565,6.56,6.74,6.56,6.63,4949658,32975835.8,1.1415,1.0671,0,0
2023-02-20,sz.000565,6.63,6.69,6.54,6.67,3345850,22094678.0,0.7717,0.6033,0,0
2023-02-21,sz.000565,6.67,6.76,6.67,6.72,3330833,22383839.1,0.7682,0.7496,0,0
2023-02-22,sz.000565,6.7,6.73,6.64,6.66,2261500,15098190.0,0.5216,-0.8929,0,0
2023-02-23,sz.000565,6.68,6.73,6.67,6.71,2714957,18205286.6,0.6262,0.7508,0,0
2023-02-24,sz.000565,6.71,6.73,6.61,6.7,2449079,16325772.11,0.5648,-0.149,0,0
2023-02-27,sz.000565,6.68,6.7,6.58,6.61,2271717,15088739.0,0.5239,-1.3433,0,0
2023-02-28,sz.000565,6.67,6.71,6.61,6.7,2100148,13987593.6,0.4844,1.3616,0,0
2023-03-01,sz.000565,6.7,6.78,6.66,6.78,3376788,22698395.48,0.7788,1.194,0,0
2023-03-02,sz.000565,6.79,6.8,6.7,6.72,2184900,14746802.0,0.5039,-0.885,0,0
2023-03-03,sz.000565,6.75,6.76,6.65,6.68,2550567,17038557.5,0.5882,-0.5952,0,0
2023-03-06,sz.000565,6.7,6.86,6.65,6.79,5399550,36484586.0,1.2453,1.6467,0,0
2023-03-07,sz.000565,6.79,6.79,6.54,6.54,6290888,41842627.85,1.4509,-3.6819,0,0
2023-03-08,sz.000565,6.52,6.6,6.51,6.59,2020500,13266595.0,0.466,0.7645,0,0
2023-03-09,sz.000565,6.58,6.69,6.58,6.63,2006998,13294639.76,0.4629,0.607,0,0
2023-03-10,sz.000565,6.68,6.68,6.46,6.46,3472000,22632767.0,0.8008,-2.5641,0,0
2023-03-13,sz.000565,6.45,6.51,6.4,6.45,2954930,19016722.0,0.6815,-0.1548,0,0
2023-03-14,sz.000565,6.45,6.47,6.25,6.33,3944700,24964223.0,0.9098,-1.8605,0,0
2023-03-15,sz.000565,6.35,6.47,6.3,6.42,2806500,18031461.0,0.6473,1.4218,0,0
2023-03-16,sz.000565,6.43,6.44,6.28,6.3,2866357,18178980.95,0.6611,-1.8692,0,0
2023-03-17,sz.000565,6.34,6.37,6.31,6.34,2704699,17145304.66,0.6238,0.6349,0,0
2023-03-20,sz.000565,6.34,6.39,6.26,6.28,2516908,15881776.4,0.5805,-0.9464,0,0
2023-03-21,sz.000565,6.31,6.41,6.27,6.4,2674550,16977329.5,0.6168,1.9108,0,0
2023-03-22,sz.000565,6.4,6.46,6.36,6.39,2240635,14325459.3,0.5168,-0.1563,0,0
2023-03-23,sz.000565,6.36,6.4,6.27,6.37,3380500,21361677.5,0.7796,-0.313,0,0
2023-03-24,sz.000565,6.36,6.5,6.35,6.48,4545400,29190101.5,1.0483,1.7268,0,0
2023-03-27,sz.000565,6.46,6.51,6.4,6.47,3469904,22395898.44,0.8003,-0.1543,0,0
2023-03-28,sz.000565,6.5,6.71,6.43,6.59,6677120,43967369.95,1.54,1.8547,0,0
2023-03-29,sz.000565,6.62,6.62,6.43,6.43,3646736,23640907.06,0.8411,-2.4279,0,0
2023-03-30,sz.000565,6.43,6.48,6.22,6.23,5321101,33477775.23,1.2272,-3.1104,0,0
2023-03-31,sz.000565,6.26,6.31,6.24,6.27,2287603,14335550.81,0.5276,0.6421,0,0
2023-04-03,sz.000565,6.27,6.3,6.18,6.22,4458400,27744180.0,1.0282,-0.7974,0,0
2023-04-04,sz.000565,6.23,6.24,6.07,6.09,5098478,31244313.98,1.1759,-2.09,0,0
2023-04-06,sz.000565,6.1,6.11,5.97,6.0,3714691,22330696.21,0.8567,-1.4778,0,0
2023-04-07,sz.000565,6.01,6.05,5.99,6.05,2350140,14169631.8,0.542,0.8333,0,0
2023-04-10,sz.000565,6.06,6.08,5.96,5.98,4169000,25038030.0,0.9615,-1.157,0,0
2023-04-11,sz.000565,5.98,5.99,5.85,5.93,3973449,23467964.08,0.9164,-0.8361,0,0
2023-04-12,sz.000565,5.93,5.99,5.88,5.97,2542055,15137382.36,0.5863,0.6745,0,0
2023-04-13,sz.000565,5.98,6.04,5.94,6.0,3881105,23243078.16,0.8951,0.5025,0,0
2023-04-14,sz.000565,5.98,6.03,5.96,5.99,2559800,15323821.0,0.5904,-0.1667,0,0
2023-04-17,sz.000565,5.95,6.02,5.89,6.02,3581110,21333502.1,0.8259,0.5008,0,0
2023-04-18,sz.000565,6.01,6.12,5.98,6.03,3656600,22094888.0,0.8433,0.1661,0,0
2023-04-19,sz.000565,6.04,6.1,6.02,6.08,2672953,16173519.12,0.6165,0.8292,0,0
2023-04-20,sz.000565,6.08,6.08,5.9,5.94,3131803,18621866.79,0.7223,-2.3026,0,0
2023-04-21,sz.000565,5.91,5.97,5.82,5.82,3078100,18135290.0,0.7099,-2.0202,0,0
2023-04-24,sz.000565,5.85,5.87,5.75,5.84,1962379,11401503.6,0.4526,0.3436,0,0
2023-04-25,sz.000565,5.85,5.88,5.65,5.78,2702964,15517017.62,0.6234,-1.0274,0,0
2023-04-26,sz.000565,5.69,5.86,5.69,5.84,1622973,9447402.48,0.3743,1.0381,0,0
2023-04-27,sz.000565,5.77,5.77,5.3,5.34,11229798,60306301.56,2.5899,-8.5616,0,0
2023-04-28,sz.000565,5.38,5.54,5.34,5.51,5957452,32489556.48,1.374,3.1835,0,0
2023-05-04,sz.000565,5.49,5.65,5.48,5.6,4617015,25810694.4,1.0648,1.6334,0,0
2023-05-05,sz.000565,5.61,5.63,5.56,5.6,2607600,14570538.0,0.6014,0.0,0,0
2023-05-08,sz.000565,5.57,5.68,5.56,5.6,3105625,17467965.0,0.7163,0.0,0,0
2023-05-09,sz.000565,5.6,5.68,5.54,5.6,3529064,19817612.09,0.8139,0.0,0,0
2023-05-10,sz.000565,5.6,5.64,5.57,5.61,1473700,8254934.0,0.3399,0.1786,0,0
2023-05-11,sz.000565,5.62,5.65,5.58,5.64,1581446,8881456.06,0.3647,0.5348,0,0
2023-05-12,sz.000565,5.65,5.66,5.58,5.61,2072150,11661679.5,0.4779,-0.5319,0,0
2023-05-15,sz.000565,5.61,5.66,5.55,5.65,1583600,8863994.0,0.3652,0.713,0,0
2023-05-16,sz.000565,5.65,5.67,5.59,5.61,1733753,9775143.98,0.3999,-0.708,0,0
2023-05-17,sz.000565,5.61,5.68,5.56,5.67,1566168,8853966.75,0.3612,1.0695,0,0
2023-05-18,sz.000565,5.67,5.76,5.65,5.71,2224168,12721881.96,0.513,0.7055,0,0
2023-05-19,sz.000565,5.99,6.2,5.82,5.84,11605300,69250667.02,2.6765,2.2767,0,0
2023-05-22,sz.000565,5.76,5.83,5.66,5.78,8251064,47294492.28,1.903,-1.0274,0,0
2023-05-23,sz.000565,5.8,5.87,5.73,5.75,3810924,22081651.94,0.8789,-0.519,0,0
2023-05-24,sz.000565,5.73,5.8,5.66,5.77,3470549,19975506.16,0.8004,0.3478,0,0
2023-05-25,sz.000565,5.78,5.78,5.67,5.74,2415708,13845149.38,0.5571,-0.5199,0,0
2023-05-26,sz.000565,5.78,5.78,5.65,5.74,1899000,10822272.0,0.438,0.0,0,0
2023-05-29,sz.000565,5.74,5.76,5.6,5.65,2895350,16373763.0,0.6678,-1.5679,0,0
2023-05-30,sz.000565,5.62,5.65,5.55,5.61,2510520,14043705.4,0.579,-0.708,0,0
2023-05-31,sz.000565,5.64,5.67,5.57,5.64,2113595,11880260.35,0.4875,0.5348,0,0
2023-06-01,sz.000565,5.63,5.69,5.59,5.65,1859412,10501813.88,0.4288,0.1773,0,0
2023-06-02,sz.000565,5.65,5.69,5.62,5.68,1937505,10937584.9,0.4468,0.531,0,0
2023-06-05,sz.000565,5.68,5.69,5.62,5.65,1283809,7254730.85,0.2961,-0.5282,0,0
2023-06-06,sz.000565,5.63,5.66,5.53,5.54,2074200,11606941.0,0.4784,-1.9469,0,0
2023-06-07,sz.000565,5.55,5.56,5.46,5.48,1594220,8777848.4,0.3677,-0.9042,0,0
2023-06-08,sz.000565,5.48,5.51,5.41,5.46,1454500,7926126.0,0.3355,-0.365,0,0
2023-06-09,sz.000565,5.44,5.48,5.35,5.38,2669627,14373962.82,0.6157,-1.4652,0,0
2023-06-12,sz.000565,5.39,5.56,5.33,5.53,2432837,13265030.0,0.5611,2.7881,0,0
2023-06-13,sz.000565,5.52,5.56,5.49,5.5,1376870,7584674.3,0.3175,-0.5425,0,0
2023-06-14,sz.000565,5.52,5.53,5.42,5.45,1726878,9419227.6,0.3983,-0.9091,0,0
2023-06-15,sz.000565,5.43,5.46,5.41,5.42,1444700,7842309.0,0.3332,-0.5505,0,0
2023-06-16,sz.000565,5.45,5.57,5.44,5.52,2330148,12849857.48,0.5374,1.845,0,0
2023-06-19,sz.000565,5.5,5.52,5.37,5.39,2213200,12015389.0,0.5104,-2.3551,0,0
2023-06-20,sz.000565,5.41,5.42,5.33,5.35,2009771,10751364.81,0.4635,-0.7421,0,0
2023-06-21,sz.000565,5.36,5.37,5.25,5.25,2921900,15479366.0,0.6739,-1.8692,0,0
2023-06-26,sz.000565,5.25,5.27,5.1,5.12,4368997,22546870.15,1.0076,-2.4762,0,0
2023-06-27,sz.000565,5.16,5.39,5.14,5.36,4322128,22867543.09,0.9968,4.6875,0,0
2023-06-28,sz.000565,5.36,5.4,5.25,5.38,2044600,10892981.0,0.4715,0.3731,0,0
2023-06-29,sz.000565,5.4,5.56,5.36,5.54,3387026,18554164.86,0.7812,2.974,0,0
2023-06-30,sz.000565,5.55,5.61,5.5,5.51,3434523,19086759.84,0.7921,-0.5415,0,0
2023-07-03,sz.000565,5.51,5.63,5.49,5.52,2764046,15303396.64,0.6375,0.1815,0,0
2023-07-04,sz.000565,5.5,5.57,5.48,5.53,1823688,10059027.88,0.4206,0.1812,0,0
2023-07-05,sz.000565,5.53,5.6,5.49,5.57,2189610,12195336.1,0.505,0.7233,0,0
2023-07-06,sz.000565,5.58,5.59,5.52,5.58,1493225,8305384.75,0.3444,0.1795,0,0
2023-07-07,sz.000565,5.59,5.63,5.53,5.55,2322800,12949297.06,0.5357,-0.5376,0,0
2023-07-10,sz.000565,5.54,5.61,5.54,5.59,1450550,8092375.0,0.3345,0.7207,0,0
2023-07-11,sz.000565,5.59,5.71,5.59,5.71,2724899,15425459.35,0.6284,2.1467,0,0
2023-07-12,sz.000565,5.73,5.73,5.63,5.66,2154150,12190574.0,0.4968,-0.8757,0,0
2023-07-13,sz.000565,5.64,5.7,5.6,5.67,2714147,15348795.58,0.626,0.1767,0,0
2023-07-14,sz.000565,5.67,5.7,5.61,5.7,2084850,11824474.5,0.4808,0.5291,0,0
2023-07-17,sz.000565,5.66,5.74,5.63,5.74,2248600,12834249.0,0.5186,0.7018,0,0
2023-07-18,sz.000565,5.75,5.82,5.71,5.79,2207346,12765437.04,0.5091,0.8711,0,0
2023-07-19,sz.000565,5.79,5.83,5.77,5.8,1737054,10067614.2,0.4006,0.1727,0,0
2023-07-20,sz.000565,5.81,5.85,5.76,5.77,1962537,11382421.6,0.4526,-0.5172,0,0
2023-07-21,sz.000565,5.74,5.88,5.72,5.79,2769388,16106991.4,0.6387,0.3466,0,0
2023-07-24,sz.000565,5.81,5.81,5.71,5.72,1948887,11225272.38,0.4495,-1.209,0,0
2023-07-25,sz.000565,5.79,5.88,5.76,5.87,3743550,21885885.5,0.8634,2.6224,0,0
2023-07-26,sz.000565,5.87,5.91,5.84,5.88,2193403,12867785.58,0.5059,0.1704,0,0
2023-07-27,sz.000565,5.88,5.93,5.81,5.86,2596400,15247396.0,0.5988,-0.3401,0,0
2023-07-28,sz.000565,5.81,5.88,5.79,5.86,2315400,13519283.0,0.534,0.0,0,0
2023-07-31,sz.000565,5.87,5.92,5.86,5.89,2522200,14865972.63,0.5817,0.5119,0,0
2023-08-01,sz.000565,5.91,6.48,5.91,6.46,31853911,203131391.01,7.3465,9.6774,0,0
2023-08-02,sz.000565,6.29,6.5,6.08,6.3,38337700,242157646.01,8.8419,-2.4768,0,0
2023-08-03,sz.000565,6.4,6.62,6.23,6.26,19491241,124063708.82,4.4953,-0.6349,0,0
2023-08-04,sz.000565,6.34,6.47,6.06,6.17,15104500,94515713.7,3.4836,-1.4377,0,0
2023-08-07,sz.000565,6.23,6.25,6.11,6.12,6669700,41006520.0,1.5382,-0.8104,0,0
2023-08-08,sz.000565,6.1,6.21,6.02,6.17,7551697,46050278.06,1.7417,0.817,0,0
2023-08-09,sz.000565,6.15,6.18,5.98,6.0,5589700,33738584.0,1.2892,-2.7553,0,0
2023-08-10,sz.000565,5.96,6.06,5.96,6.03,3075686,18513094.28,0.7093,0.5,0,0
2023-08-11,sz.000565,6.07,6.08,5.92,5.93,4102600,24519252.0,0.9462,-1.6584,0,0
2023-08-14,sz.000565,5.9,5.98,5.86,5.96,2932050,17349566.0,0.6762,0.5059,0,0
2023-08-15,sz.000565,5.97,6.01,5.93,5.96,2846392,16989649.32,0.6565,0.0,0,0
2023-08-16,sz.000565,5.93,5.99,5.87,5.89,3454900,20452589.0,0.7968,-1.1745,0,0
2023-08-17,sz.000565,5.89,6.04,5.8,6.02,4607700,27383085.0,1.0627,2.2071,0,0
2023-08-18,sz.000565,6.02,6.05,5.92,5.93,3005700,17964676.0,0.6932,-1.495,0,0
2023-08-21,sz.000565,5.91,6.01,5.84,5.85,3221100,19065896.0,0.7429,-1.3491,0,0
2023-08-22,sz.000565,5.88,5.91,5.68,5.76,5887352,33857217.58,1.3578,-1.5385,0,0
2023-08-23,sz.000565,5.78,5.81,5.67,5.74,5048200,29037821.0,1.1643,-0.3472,0,0
2023-08-24,sz.000565,5.8,5.8,5.6,5.67,4804030,27195424.8,1.108,-1.2195,0,0
2023-08-25,sz.000565,5.66,5.81,5.61,5.65,4563300,25962647.0,1.0524,-0.3527,0,0
2023-08-28,sz.000565,5.88,5.93,5.73,5.75,5112400,29805932.0,1.1791,1.7699,0,0
2023-08-29,sz.000565,5.75,5.93,5.69,5.92,4178840,24444359.2,0.9638,2.9565,0,0
2023-08-30,sz.000565,5.92,6.03,5.86,5.95,3894800,23226623.0,0.8983,0.5068,0,0
2023-08-31,sz.000565,5.94,6.0,5.9,5.94,3742750,22255666.5,0.8632,-0.1681,0,0
2023-09-01,sz.000565,5.95,5.98,5.86,5.89,2541100,14983865.0,0.5861,-0.8418,0,0
2023-09-04,sz.000565,5.87,6.02,5.87,6.01,3152000,18826013.0,0.727,2.0374,0,0
2023-09-05,sz.000565,5.98,6.03,5.91,5.94,2298803,13678180.82,0.5302,-1.1647,0,0
2023-09-06,sz.000565,5.96,6.02,5.89,6.01,2678403,15980819.91,0.6177,1.1785,0,0
2023-09-07,sz.000565,6.02,6.03,5.9,5.9,2320400,13803381.5,0.5352,-1.8303,0,0
2023-09-08,sz.000565,5.94,5.95,5.89,5.89,2123252,12557450.32,0.4897,-0.1695,0,0
2023-09-11,sz.000565,5.94,5.97,5.86,5.95,2996600,17749064.0,0.6911,1.0187,0,0
2023-09-12,sz.000565,5.95,5.97,5.9,5.95,2073800,12319340.0,0.4783,0.0,0,0
2023-09-13,sz.000565,5.91,5.98,5.87,5.9,1837500,10893989.0,0.4238,-0.8403,0,0
2023-09-14,sz.000565,5.92,5.92,5.84,5.89,2199200,12916645.0,0.5072,-0.1695,0,0
2023-09-15,sz.000565,5.89,6.01,5.85,5.95,3563162,21206623.52,0.8218,1.0187,0,0
2023-09-18,sz.000565,5.98,5.99,5.87,5.95,2504208,14866641.7,0.5775,0.0,0,0
2023-09-19,sz.000565,5.96,6.03,5.9,5.93,3573200,21261104.0,0.8241,-0.3361,0,0
2023-09-20,sz.000565,5.93,5.97,5.89,5.9,2270100,13461593.92,0.5236,-0.5059,0,0
2023-09-21,sz.000565,5.86,5.95,5.83,5.84,2851350,16758257.5,0.6576,-1.0169,0,0
2023-09-22,sz.000565,5.86,5.96,5.8,5.96,4593550,27023769.5,1.0594,2.0548,0,0
2023-09-25,sz.000565,5.95,5.96,5.81,5.82,2225600,13062579.0,0.5133,-2.349,0,0
2023-09-26,sz.000565,5.82,5.82,5.7,5.71,2776600,15912504.0,0.6404,-1.89,0,0
2023-09-27,sz.000565,5.71,5.77,5.65,5.75,2953000,16936068.0,0.6811,0.7005,0,0
2023-09-28,sz.000565,5.77,5.87,5.75,5.81,2743890,16003684.7,0.6328,1.0435,0,0
2023-10-09,sz.000565,5.81,5.82,5.67,5.7,3325450,19068222.5,0.767,-1.8933,0,0
2023-10-10,sz.000565,5.7,5.8,5.7,5.76,2992650,17240033.0,0.6902,1.0526,0,0
2023-10-11,sz.000565,5.78,5.78,5.6,5.61,4345550,24579369.5,1.0022,-2.6042,0,0
2023-10-12,sz.000565,5.62,5.73,5.6,5.72,3198031,18135874.82,0.7376,1.9608,0,0
2023-10-13,sz.000565,5.71,5.73,5.64,5.66,1802950,10220267.5,0.4158,-1.049,0,0
2023-10-16,sz.000565,5.67,5.68,5.59,5.63,2288950,12899492.5,0.5279,-0.53,0,0
2023-10-17,sz.000565,5.62,5.7,5.58,5.65,2216239,12527082.23,0.5111,0.3552,0,0
2023-10-18,sz.000565,5.67,5.68,5.54,5.55,1884350,10510740.5,0.4346,-1.7699,0,0
2023-10-19,sz.000565,5.55,5.68,5.47,5.54,2964700,16547134.0,0.6838,-0.1802,0,0
2023-10-20,sz.000565,5.52,5.62,5.51,5.56,2263900,12584216.0,0.5221,0.361,0,0
2023-10-23,sz.000565,5.55,5.55,5.37,5.4,3409583,18520980.6,0.7864,-2.8777,0,0
2023-10-24,sz.000565,5.41,5.64,5.41,5.63,2928000,16306922.0,0.6753,4.2593,0,0
2023-10-25,sz.000565,5.67,5.79,5.63,5.75,2220192,12749419.3,0.512,2.1314,0,0
2023-10-26,sz.000565,5.74,5.79,5.68,5.78,2290983,13139764.43,0.5284,0.5217,0,0
2023-10-27,sz.000565,5.77,5.86,5.69,5.83,2926742,17030961.76,0.675,0.8651,0,0
2023-10-30,sz.000565,5.83,5.9,5.74,5.82,2912000,17053911.0,0.6716,-0.1715,0,0
2023-10-31,sz.000565,5.85,5.89,5.82,5.86,2810900,16463222.0,0.6483,0.6873,0,0
2023-11-01,sz.000565,5.88,5.91,5.82,5.9,2617650,15399045.0,0.6037,0.6826,0,0
2023-11-02,sz.000565,5.88,5.94,5.84,5.86,2222395,13060802.65,0.5126,-0.678,0,0
2023-11-03,sz.000565,5.9,5.91,5.82,5.9,2688140,15818946.6,0.62,0.6826,0,0
2023-11-06,sz.000565,5.93,5.98,5.9,5.95,3252670,19345172.75,0.7502,0.8475,0,0
2023-11-07,sz.000565,5.96,5.98,5.9,5.96,2675350,15913693.5,0.617,0.1681,0,0
2023-11-08,sz.000565,5.97,5.99,5.91,5.98,3277950,19535720.5,0.756,0.3356,0,0
2023-11-09,sz.000565,5.97,6.02,5.94,5.99,3619400,21660100.95,0.8347,0.1672,0,0
2023-11-10,sz.000565,6.02,6.02,5.92,6.0,2953598,17691507.52,0.6812,0.1669,0,0
2023-11-13,sz.000565,6.03,6.17,6.0,6.16,4002098,24322290.96,0.923,2.6667,0,0
2023-11-14,sz.000565,6.15,6.18,6.03,6.05,3601823,21851886.38,0.8307,-1.7857,0,0
2023-11-15,sz.000565,6.13,6.14,6.04,6.11,3752750,22857034.5,0.8655,0.9917,0,0
2023-11-16,sz.000565,6.13,6.13,6.07,6.1,4260050,25973455.5,0.9825,-0.1637,0,0
2023-11-17,sz.000565,6.1,6.13,6.05,6.12,3342900,20393690.0,0.771,0.3279,0,0
2023-11-20,sz.000565,6.12,6.16,6.07,6.14,2759500,16866416.0,0.6364,0.3268,0,0
2023-11-21,sz.000565,6.1,6.15,6.04,6.06,2604450,15907653.0,0.6007,-1.3029,0,0
2023-11-22,sz.000565,6.09,6.13,6.05,6.08,3076295,18751509.0,0.7095,0.33,0,0
2023-11-23,sz.000565,6.08,6.32,6.07,6.18,7082950,43807193.26,1.6336,1.6447,0,0
2023-11-24,sz.000565,6.2,6.26,6.14,6.16,4748900,29365078.0,1.0952,-0.3236,0,0
2023-11-27,sz.000565,6.14,6.24,6.12,6.2,3434197,21286841.4,0.792,0.6494,0,0
2023-11-28,sz.000565,6.18,6.23,6.14,6.2,3405985,21104305.44,0.7855,0.0,0,0
2023-11-29,sz.000565,6.19,6.23,6.13,6.14,2765809,17087455.85,0.6379,-0.9677,0,0
2023-11-30,sz.000565,6.15,6.18,6.06,6.11,3366181,20536082.19,0.7763,-0.4886,0,0
2023-12-01,sz.000565,6.11,6.17,6.08,6.14,2509950,15375717.5,0.5789,0.491,0,0
2023-12-04,sz.000565,6.14,6.2,6.13,6.14,2506250,15441757.99,0.578,0.0,0,0
2023-12-05,sz.000565,6.17,6.21,6.1,6.1,2810100,17273320.0,0.6481,-0.6515,0,0
2023-12-06,sz.000565,6.08,6.28,6.08,6.22,4171700,25886128.0,0.9621,1.9672,0,0
2023-12-07,sz.000565,6.25,6.25,6.16,6.2,2871852,17799479.9,0.6623,-0.3215,0,0
2023-12-08,sz.000565,6.21,6.23,6.03,6.03,4933150,30019243.0,1.1377,-2.7419,0,0
2023-12-11,sz.000565,6.01,6.14,5.98,6.1,4523995,27481611.5,1.0434,1.1609,0,0
2023-12-12,sz.000565,6.11,6.17,6.03,6.15,3718659,22697712.85,0.8576,0.8197,0,0
2023-12-13,sz.000565,6.2,6.77,6.14,6.52,41202865,273516650.08,9.5027,6.0163,0,0
2023-12-14,sz.000565,6.65,6.77,6.47,6.49,40703946,267588292.99,9.3876,-0.4601,0,0
2023-12-15,sz.000565,6.49,6.54,6.32,6.49,21710496,139440511.42,5.0071,0.0,0,0
2023-12-18,sz.000565,6.49,6.52,6.24,6.26,12529465,78911816.4,2.8897,-3.5439,0,0
2023-12-19,sz.000565,6.26,6.3,6.03,6.17,9960450,61151626.0,2.2972,-1.4377,0,0
2023-12-20,sz.000565,6.18,6.29,6.15,6.16,7573721,47054264.88,1.7467,-0.1621,0,0
2023-12-21,sz.000565,6.12,6.28,6.03,6.27,8627288,53077756.0,1.9897,1.7857,0,0
2023-12-22,sz.000565,6.24,6.28,6.07,6.1,5679373,34991552.65,1.3098,-2.7113,0,0
2023-12-25,sz.000565,6.14,6.14,5.96,5.99,7129981,42834889.11,1.6444,-1.8033,0,0
2023-12-26,sz.000565,6.05,6.15,5.98,6.01,6482479,39279943.27,1.4951,0.3339,0,0
2023-12-27,sz.000565,6.02,6.11,5.96,6.06,3947849,23794572.94,0.9105,0.8319,0,0
2023-12-28,sz.000565,6.06,6.28,6.03,6.24,5141650,31799715.0,1.1858,2.9703,0,0
2023-12-29,sz.000565,6.22,6.35,6.22,6.31,4607391,29023171.21,1.0626,1.1218,0,0
2024-01-02,sz.000565,6.31,6.43,6.31,6.39,5496641,35180258.17,1.2677,1.2678,0,0
2024-01-03,sz.000565,6.38,6.46,6.35,6.41,4624196,29644976.36,1.0665,0.313,0,0
2024-01-04,sz.000565,6.44,6.46,6.38,6.43,4470700,28667119.0,1.0311,0.312,0,0
2024-01-05,sz.000565,6.43,6.47,6.27,6.33,4183825,26673254.5,0.9649,-1.5552,0,0
2024-01-08,sz.000565,6.33,6.35,6.21,6.21,4267000,26709434.75,0.9841,-1.8957,0,0
2024-01-09,sz.000565,6.23,6.37,6.22,6.29,4192050,26383290.0,0.9668,1.2882,0,0
2024-01-10,sz.000565,6.3,6.35,6.17,6.26,3679800,23107964.0,0.8487,-0.4769,0,0
2024-01-11,sz.000565,6.27,6.35,6.23,6.33,3695204,23258264.0,0.8522,1.1182,0,0
2024-01-12,sz.000565,6.34,6.4,6.27,6.29,3447562,21851097.54,0.7951,-0.6319,0,0
2024-01-15,sz.000565,6.25,6.31,6.2,6.26,3208500,20106900.0,0.74,-0.4769,0,0
2024-01-16,sz.000565,6.24,6.33,6.13,6.21,3652400,22645453.0,0.8424,-0.7987,0,0
2024-01-17,sz.000565,6.18,6.28,6.08,6.11,3313000,20479239.0,0.7641,-1.6103,0,0
2024-01-18,sz.000565,6.1,6.13,5.76,5.93,6763172,39997532.48,1.5598,-2.946,0,0
2024-01-19,sz.000565,5.98,6.0,5.88,5.92,3700552,21928393.36,0.8535,-0.1686,0,0
2024-01-22,sz.000565,5.85,5.97,5.39,5.43,5866877,32978845.03,1.3531,-8.277,0,0
2024-01-23,sz.000565,5.42,5.57,5.19,5.28,6815631,35962966.3,1.5719,-2.7624,0,0
2024-01-24,sz.000565,5.29,5.44,5.18,5.4,5544400,29493260.0,1.2787,2.2727,0,0
2024-01-25,sz.000565,5.39,5.7,5.38,5.69,5919708,32860211.16,1.3653,5.3704,0,0
2024-01-26,sz.000565,5.68,5.89,5.66,5.8,4867200,28253448.0,1.1225,1.9332,0,0
2024-01-29,sz.000565,5.8,5.86,5.56,5.58,4886700,27595004.0,1.127,-3.7931,0,0
2024-01-30,sz.000565,5.62,5.62,5.29,5.33,5908100,31984100.0,1.3626,-4.4803,0,0
2024-01-31,sz.000565,5.35,5.35,4.88,4.89,7133350,36065324.0,1.6452,-8.2552,0,0
2024-02-01,sz.000565,4.9,4.95,4.54,4.74,8590431,40417859.42,1.9812,-3.0675,0,0
2024-02-02,sz.000565,4.73,4.87,4.27,4.44,8888100,40453621.94,2.0499,-6.3291,0,0
2024-02-05,sz.000565,4.44,4.44,4.0,4.0,10014100,40700282.0,2.3096,-9.9099,0,1
2024-02-06,sz.000565,3.6,3.76,3.6,3.61,18700710,67770152.9,4.313,-9.75,0,0
2024-02-07,sz.000565,3.63,3.97,3.44,3.97,26804557,100093046.3,6.182,9.9723,1,0
2024-02-08,sz.000565,3.99,4.25,3.57,4.09,46217016,174027148.14,10.6591,3.0227,0,0
2024-02-19,sz.000565,3.9,4.13,3.76,4.12,31537685,123945835.89,7.2736,0.7335,0,0
2024-02-20,sz.000565,4.09,4.24,3.95,4.12,24264672,99750758.66,5.5962,0.0,0,0
2024-02-21,sz.000565,4.06,4.53,3.95,4.53,36078928,160019936.69,8.3209,9.9515,1,0
2024-02-22,sz.000565,4.39,4.58,4.31,4.51,36008824,159643173.0,8.3048,-0.4415,0,0
2024-02-23,sz.000565,4.47,4.55,4.36,4.51,24394945,108517675.71,5.6262,0.0,0,0
2024-02-26,sz.000565,4.48,4.71,4.47,4.58,21426201,97962454.34,4.9416,1.5521,0,0
2024-02-27,sz.000565,4.63,4.68,4.56,4.65,15545105,71688336.44,3.5852,1.5284,0,0
2024-02-28,sz.000565,4.69,4.86,4.25,4.26,22854943,104325166.08,5.2711,-8.3871,0,0
2024-02-29,sz.000565,4.25,4.69,4.2,4.59,18172319,80719075.75,4.1911,7.7465,0,0
2024-03-01,sz.000565,4.57,4.73,4.4,4.48,16917202,76359331.98,3.9016,-2.3965,0,0
2024-03-04,sz.000565,4.46,4.62,4.41,4.44,10269344,45820552.82,2.3684,-0.8929,0,0
2024-03-05,sz.000565,4.42,4.43,4.28,4.29,8132723,35121510.71,1.8757,-3.3784,0,0
2024-03-06,sz.000565,4.28,4.38,4.24,4.34,6652200,28814737.0,1.5342,1.1655,0,0
2024-03-07,sz.000565,4.38,4.48,4.33,4.38,9224035,40614411.65,2.1274,0.9217,0,0
2024-03-08,sz.000565,4.37,4.44,4.3,4.37,5902900,25730703.65,1.3614,-0.2283,0,0
2024-03-11,sz.000565,4.34,4.47,4.34,4.46,7901875,34942314.65,1.8224,2.0595,0,0
2024-03-12,sz.000565,4.48,4.6,4.45,4.6,10636080,48213927.5,2.453,3.139,0,0
2024-03-13,sz.000565,4.6,4.63,4.52,4.59,8283576,37813307.23,1.9105,-0.2174,0,0
2024-03-14,sz.000565,4.58,4.64,4.47,4.57,7655100,34845089.0,1.7655,-0.4357,0,0
2024-03-15,sz.000565,4.55,4.67,4.51,4.67,8390334,38664223.42,1.9351,2.1882,0,0
2024-03-18,sz.000565,4.68,4.78,4.65,4.72,9474319,44515665.92,2.1851,1.0707,0,0
2024-03-19,sz.000565,4.72,4.83,4.7,4.75,8234673,39191044.48,1.8992,0.6356,0,0
2024-03-20,sz.000565,4.75,4.83,4.71,4.78,6556850,31331059.0,1.5122,0.6316,0,0
2024-03-21,sz.000565,4.81,4.89,4.74,4.82,8914852,42975487.29,2.056,0.8368,0,0
2024-03-22,sz.000565,4.82,4.84,4.69,4.74,7268300,34559854.0,1.6763,-1.6598,0,0
2024-03-25,sz.000565,4.74,4.82,4.68,4.68,6740314,32015599.72,1.5545,-1.2658,0,0
2024-03-26,sz.000565,4.67,4.72,4.53,4.65,7423906,34325670.24,1.7122,-0.641,0,0
2024-03-27,sz.000565,4.65,4.69,4.48,4.48,5507314,25270240.72,1.2702,-3.6559,0,0
2024-03-28,sz.000565,4.49,4.67,4.49,4.63,6282900,28936322.0,1.449,3.3482,0,0
2024-03-29,sz.000565,4.66,4.73,4.64,4.7,5058902,23706820.4,1.1667,1.5119,0,0
2024-04-01,sz.000565,4.78,4.87,4.73,4.87,8113603,38966205.92,1.8713,3.617,0,0
2024-04-02,sz.000565,4.87,4.98,4.87,4.93,8410135,41376149.85,1.9396,1.232,0,0
2024-04-03,sz.000565,4.91,4.97,4.83,4.95,6806631,33376557.14,1.5698,0.4057,0,0
2024-04-08,sz.000565,4.95,4.97,4.79,4.8,6808394,33032139.96,1.5702,-3.0303,0,0
2024-04-09,sz.000565,4.8,4.92,4.78,4.91,5804108,28291227.2,1.3386,2.2917,0,0
2024-04-10,sz.000565,4.9,4.9,4.74,4.79,5579500,26815440.0,1.2868,-2.444,0,0
2024-04-11,sz.000565,4.86,4.87,4.72,4.81,4491250,21637077.63,1.0358,0.4175,0,0
2024-04-12,sz.000565,4.81,4.88,4.73,4.76,6628379,31824015.41,1.5287,-1.0395,0,0
2024-04-15,sz.000565,4.83,4.83,4.28,4.35,14332169,63664074.42,3.3054,-8.6134,0,0
2024-04-16,sz.000565,4.29,4.29,3.92,3.92,12830600,50992666.27,2.9591,-9.8851,0,1
2024-04-17,sz.000565,3.83,4.22,3.83,4.2,12596733,51668879.46,2.9052,7.1429,0,0
2024-04-18,sz.000565,4.2,4.24,4.06,4.13,6321787,26371253.31,1.458,-1.6667,0,0
2024-04-19,sz.000565,4.15,4.32,4.1,4.2,7668444,32334366.3,1.7686,1.6949,0,0
2024-04-22,sz.000565,4.21,4.26,4.03,4.16,6468727,26843053.36,1.4919,-0.9524,0,0
2024-04-23,sz.000565,4.17,4.36,4.17,4.28,7577908,32519796.32,1.7477,2.8846,0,0
2024-04-24,sz.000565,4.38,4.43,4.29,4.39,6277500,27357256.0,1.4478,2.5701,0,0
2024-04-25,sz.000565,4.37,4.52,4.34,4.45,7216845,32183858.05,1.6644,1.3667,0,0
2024-04-26,sz.000565,4.47,4.47,4.35,4.44,6079388,26860977.2,1.4021,-0.2247,0,0
2024-04-29,sz.000565,4.47,4.59,4.44,4.59,5480794,24848718.2,1.264,3.3784,0,0
2024-04-30,sz.000565,4.59,4.66,4.54,4.62,4737200,21831869.0,1.0925,0.6536,0,0
2024-05-06,sz.000565,4.69,4.77,4.66,4.76,5563945,26211309.65,1.2832,3.0303,0,0
2024-05-07,sz.000565,4.77,4.8,4.71,4.79,5537425,26398046.5,1.2771,0.6303,0,0
2024-05-08,sz.000565,4.79,4.84,4.71,4.76,6192543,29579210.49,1.4282,-0.6263,0,0
2024-05-09,sz.000565,4.73,4.83,4.72,4.75,4694706,22460825.68,1.0827,-0.2101,0,0
2024-05-10,sz.000565,4.79,4.82,4.65,4.72,5816375,27497888.5,1.3414,-0.6316,0,0
2024-05-13,sz.000565,4.71,4.71,4.55,4.6,5356406,24780009.6,1.2354,-2.5424,0,0
2024-05-14,sz.000565,4.6,4.78,4.6,4.67,5060544,23723145.48,1.1671,1.5217,0,0
2024-05-15,sz.000565,4.67,4.85,4.62,4.77,6338900,30203364.0,1.4619,2.1413,0,0
2024-05-16,sz.000565,4.78,4.93,4.78,4.9,6640708,32458565.96,1.5316,2.7254,0,0
2024-05-17,sz.000565,4.88,4.94,4.83,4.9,5499505,26819391.83,1.2684,0.0,0,0
2024-05-20,sz.000565,4.9,4.94,4.84,4.86,4483180,21868968.2,1.034,-0.8163,0,0
2024-05-21,sz.000565,4.84,4.85,4.74,4.78,3460700,16573735.0,0.7981,-1.6461,0,0
2024-05-22,sz.000565,4.77,4.86,4.75,4.79,3242900,15542541.06,0.7479,0.2092,0,0
2024-05-23,sz.000565,4.77,4.78,4.64,4.68,3918500,18338117.0,0.9037,-2.2965,0,0
2024-05-24,sz.000565,4.72,4.72,4.61,4.66,3784500,17729597.0,0.8728,-0.4274,0,0
2024-05-27,sz.000565,4.7,4.75,4.6,4.7,3047175,14194536.75,0.7028,0.8584,0,0
2024-05-28,sz.000565,4.66,4.76,4.62,4.63,2965000,13831217.0,0.6838,-1.4894,0,0
2024-05-29,sz.000565,4.64,4.71,4.59,4.63,2770535,12887326.35,0.639,0.0,0,0
2024-05-30,sz.000565,4.63,4.67,4.49,4.52,3151500,14382916.5,0.7268,-2.3758,0,0
2024-05-31,sz.000565,4.55,4.67,4.49,4.62,4087050,18748990.5,0.9426,2.2124,0,0
2024-06-03,sz.000565,4.73,5.08,4.55,4.94,25611773,124958700.54,5.9069,6.9264,0,0
2024-06-04,sz.000565,4.77,4.79,4.45,4.45,22978562,105095941.16,5.2996,-9.919,0,1
2024-06-05,sz.000565,4.44,4.48,4.16,4.34,14199364,61720874.02,3.2748,-2.4719,0,0
2024-06-06,sz.000565,4.29,4.35,3.98,4.08,12872650,52935283.5,2.9688,-5.9908,0,0
2024-06-07,sz.000565,4.12,4.22,4.08,4.18,7326102,30388480.34,1.6896,2.7027,0,0
2024-06-11,sz.000565,4.13,4.2,4.0,4.15,5586766,22828856.55,1.2885,-0.7177,0,0
2024-06-12,sz.000565,4.15,4.23,4.12,4.19,4840246,20268951.33,1.1163,0.9639,0,0
2024-06-13,sz.000565,4.2,4.24,4.06,4.08,5038743,20719418.33,1.1621,-2.6253,0,0
2024-06-14,sz.000565,4.1,4.11,4.01,4.08,3718856,15117193.92,0.8577,0.0,0,0
2024-06-17,sz.000565,4.08,4.08,4.01,4.04,4381750,17711550.5,1.0106,-0.9804,0,0
2024-06-18,sz.000565,4.05,4.23,4.01,4.19,5418077,22444444.63,1.2496,3.7129,0,0
2024-06-19,sz.000565,4.22,4.22,4.11,4.16,3369281,14007392.53,0.7771,-0.716,0,0
2024-06-20,sz.000565,4.16,4.17,4.02,4.04,3146587,12794997.7,0.7257,-2.8846,0,0
2024-06-21,sz.000565,4.04,4.08,3.97,4.06,2555100,10315503.0,0.5893,0.495,0,0
2024-06-24,sz.000565,4.05,4.05,3.85,3.87,5196533,20310806.14,1.1985,-4.6798,0,0
2024-06-25,sz.000565,3.86,3.98,3.85,3.95,3248950,12774243.5,0.7493,2.0672,0,0
2024-06-26,sz.000565,3.95,4.07,3.89,4.07,2884800,11535572.0,0.6653,3.038,0,0
2024-06-27,sz.000565,4.07,4.1,3.99,4.0,3001000,12114884.0,0.6921,-1.7199,0,0
2024-06-28,sz.000565,4.0,4.08,3.98,4.03,2993800,12108471.0,0.6905,0.75,0,0
2024-07-01,sz.000565,4.04,4.08,3.93,4.05,3292700,13197997.0,0.7594,0.4963,0,0
2024-07-02,sz.000565,4.05,4.13,4.01,4.11,3926150,16092755.0,0.9055,1.4815,0,0
2024-07-03,sz.000565,4.1,4.16,4.05,4.11,2791800,11502694.0,0.6439,0.0,0,0
2024-07-04,sz.000565,4.11,4.12,3.97,3.98,3375300,13550302.0,0.7785,-3.163,0,0
2024-07-05,sz.000565,3.96,4.07,3.88,4.05,2160450,8647889.0,0.4983,1.7588,0,0
2024-07-08,sz.000565,4.02,4.04,3.91,3.94,2535703,10019089.76,0.5848,-2.716,0,0
2024-07-09,sz.000565,3.92,3.98,3.82,3.97,3588887,14022013.08,0.8277,0.7614,0,0
2024-07-10,sz.000565,4.02,4.09,3.94,3.98,5166800,20792026.0,1.1916,0.2519,0,0
2024-07-11,sz.000565,4.03,4.13,4.02,4.13,4397150,17973646.0,1.0141,3.7688,0,0
2024-07-12,sz.000565,4.1,4.19,4.1,4.17,4368000,18140816.0,1.0074,0.9685,0,0
2024-07-15,sz.000565,4.14,4.16,4.05,4.07,2624650,10724486.0,0.6053,-2.3981,0,0
2024-07-16,sz.000565,4.08,4.09,4.02,4.04,2281456,9220803.68,0.5262,-0.7371,0,0
2024-07-17,sz.000565,4.04,4.05,3.97,3.99,2932750,11721131.0,0.6764,-1.2376,0,0
2024-07-18,sz.000565,3.96,3.97,3.85,3.94,3053450,11919157.5,0.7042,-1.2531,0,0
2024-07-19,sz.000565,3.94,3.97,3.87,3.94,2363800,9260736.0,0.5452,0.0,0,0
2024-07-22,sz.000565,3.93,3.99,3.89,3.97,2209600,8742108.0,0.5096,0.7614,0,0
2024-07-23,sz.000565,3.97,4.01,3.88,3.88,1958800,7736542.0,0.4518,-2.267,0,0
2024-07-24,sz.000565,3.89,3.9,3.81,3.83,2431900,9351568.0,0.5609,-1.2887,0,0
2024-07-25,sz.000565,3.8,3.9,3.77,3.88,2435835,9373157.4,0.5618,1.3055,0,0
2024-07-26,sz.000565,3.88,3.98,3.84,3.98,2550460,10065208.6,0.5882,2.5773,0,0
2024-07-29,sz.000565,3.99,4.05,3.95,4.01,3412601,13679868.99,0.7871,0.7538,0,0
2024-07-30,sz.000565,4.0,4.05,3.98,4.04,1962824,7896503.76,0.4527,0.7481,0,0
2024-07-31,sz.000565,4.07,4.15,4.03,4.14,4233102,17403417.26,0.9763,2.4752,0,0
2024-08-01,sz.000565,4.15,4.31,4.15,4.29,10087087,42921255.99,2.3264,3.6232,0,0
2024-08-02,sz.000565,4.24,4.28,4.1,4.13,8871360,36909576.8,2.046,-3.7296,0,0
2024-08-05,sz.000565,4.09,4.15,4.0,4.0,4342900,17719095.0,1.0016,-3.1477,0,0
2024-08-06,sz.000565,4.02,4.13,4.02,4.12,3960480,16201440.6,0.9134,3.0,0,0
2024-08-07,sz.000565,4.12,4.16,4.08,4.12,2561500,10568356.0,0.5908,0.0,0,0
2024-08-08,sz.000565,4.11,4.16,4.07,4.14,2051900,8449621.0,0.4732,0.4854,0,0
2024-08-09,sz.000565,4.13,4.17,4.08,4.09,3350400,13809343.0,0.7727,-1.2077,0,0
2024-08-12,sz.000565,4.08,4.14,4.06,4.1,2176850,8931330.5,0.5021,0.2445,0,0
2024-08-13,sz.000565,4.09,4.13,4.04,4.12,2045700,8382932.0,0.4718,0.4878,0,0
2024-08-14,sz.000565,4.12,4.15,4.1,4.12,2046699,8444078.89,0.472,0.0,0,0
2024-08-15,sz.000565,4.13,4.14,4.06,4.12,2422900,9947384.0,0.5588,0.0,0,0
2024-08-16,sz.000565,4.13,4.13,4.04,4.05,2399799,9784097.45,0.5535,-1.699,0,0
2024-08-19,sz.000565,4.04,4.12,4.03,4.09,2624700,10713003.0,0.6053,0.9877,0,0
2024-08-20,sz.000565,4.09,4.11,3.96,3.98,3257280,13051096.1,0.7512,-2.6895,0,0
2024-08-21,sz.000565,3.98,4.06,3.95,4.02,2840710,11448923.9,0.6552,1.005,0,0
2024-08-22,sz.000565,4.02,4.04,3.94,3.96,2498100,9932627.0,0.5761,-1.4925,0,0
2024-08-23,sz.000565,3.97,3.99,3.9,3.92,2139168,8395246.24,0.4934,-1.0101,0,0
2024-08-26,sz.000565,3.92,4.06,3.92,4.05,3017400,12098094.0,0.6959,3.3163,0,0
2024-08-27,sz.000565,4.08,4.08,3.97,3.99,2121700,8488977.0,0.4893,-1.4815,0,0
2024-08-28,sz.000565,4.0,4.09,3.94,4.06,2682633,10837946.52,0.6187,1.7544,0,0
2024-08-29,sz.000565,4.06,4.11,4.02,4.11,3120428,12719037.24,0.7197,1.2315,0,0
2024-08-30,sz.000565,4.08,4.16,4.05,4.12,4272978,17612958.36,0.9855,0.2433,0,0
2024-09-02,sz.000565,4.11,4.16,4.08,4.09,3142700,12950756.0,0.7248,-0.7282,0,0
2024-09-03,sz.000565,4.1,4.13,4.07,4.12,2297278,9421347.46,0.5298,0.7335,0,0
2024-09-04,sz.000565,4.11,4.13,4.06,4.1,2045081,8371997.7,0.4717,-0.4854,0,0
2024-09-05,sz.000565,4.08,4.13,4.07,4.11,2359650,9679235.5,0.5442,0.2439,0,0
2024-09-06,sz.000565,4.12,4.14,4.04,4.05,2824000,11529016.0,0.6513,-1.4599,0,0
2024-09-09,sz.000565,4.03,4.11,4.0,4.07,2497300,10142559.0,0.576,0.4938,0,0
2024-09-10,sz.000565,4.07,4.15,4.03,4.14,3692902,15124038.06,0.8517,1.7199,0,0
2024-09-11,sz.000565,4.13,4.15,4.06,4.1,1961750,8042620.0,0.4524,-0.9662,0,0
2024-09-12,sz.000565,4.06,4.13,4.06,4.1,1536300,6306023.0,0.3543,0.0,0,0
2024-09-13,sz.000565,4.09,4.12,4.06,4.07,2050900,8383203.0,0.473,-0.7317,0,0
2024-09-18,sz.000565,4.07,4.08,3.94,4.05,3172400,12678628.0,0.7317,-0.4914,0,0
2024-09-19,sz.000565,4.05,4.18,4.03,4.16,4427403,18279647.92,1.0211,2.716,0,0
2024-09-20,sz.000565,4.18,4.56,4.11,4.37,18967047,82382151.4,4.3744,5.0481,0,0
2024-09-23,sz.000565,4.35,4.43,4.3,4.35,12135244,52871827.72,2.7988,-0.4577,0,0
2024-09-24,sz.000565,4.34,4.41,4.31,4.4,9708803,42411307.05,2.2392,1.1494,0,0
2024-09-25,sz.000565,4.38,4.51,4.37,4.41,10017844,44480514.8,2.3104,0.2273,0,0
2024-09-26,sz.000565,4.42,4.5,4.39,4.5,7705000,34266802.0,1.777,2.0408,0,0
2024-09-27,sz.000565,4.55,4.68,4.47,4.65,11431813,52159898.46,2.6365,3.3333,0,0
2024-09-30,sz.000565,4.8,5.07,4.65,5.04,16556132,80411411.14,3.8184,8.3871,0,0
2024-10-08,sz.000565,5.53,5.54,5.05,5.26,18758893,99131061.88,4.3264,4.3651,0,0
2024-10-09,sz.000565,5.19,5.19,4.8,4.8,12228403,60651839.03,2.8203,-8.7452,0,0
2024-10-10,sz.000565,4.9,4.98,4.77,4.87,7159062,34956740.52,1.6511,1.4583,0,0
2024-10-11,sz.000565,4.85,4.87,4.66,4.72,4980420,23723057.0,1.1486,-3.0801,0,0
2024-10-14,sz.000565,4.75,4.88,4.7,4.87,5956200,28592778.0,1.3737,3.178,0,0
2024-10-15,sz.000565,4.84,4.91,4.8,4.83,4127402,20036136.76,0.9519,-0.8214,0,0
2024-10-16,sz.000565,4.79,5.31,4.78,5.31,30354867,158361437.12,7.0008,9.9379,1,0
2024-10-17,sz.000565,5.31,5.42,5.04,5.04,33064893,170896643.43,7.6258,-5.0847,0,0
2024-10-18,sz.000565,5.09,5.11,4.88,5.01,17911334,89040906.3,4.1309,-0.5952,0,0
2024-10-21,sz.000565,5.0,5.03,4.92,4.96,12941500,64247596.0,2.9847,-0.998,0,0
2024-10-22,sz.000565,4.96,5.05,4.92,5.03,12367199,61574386.8,2.8523,1.4113,0,0
2024-10-23,sz.000565,5.0,5.08,4.99,5.02,9820603,49519256.68,2.2649,-0.1988,0,0
2024-10-24,sz.000565,5.02,5.23,5.0,5.11,12407378,63412712.17,2.8615,1.7928,0,0
2024-10-25,sz.000565,5.11,5.5,5.09,5.4,19538933,104041528.39,4.5063,5.6751,0,0
2024-10-28,sz.000565,5.45,5.79,5.45,5.75,24277729,137922496.1,5.5992,6.4815,0,0
2024-10-29,sz.000565,5.67,5.7,5.45,5.48,17723977,98759469.78,4.0877,-4.6957,0,0
2024-10-30,sz.000565,5.45,5.75,5.45,5.51,13961810,77840394.1,3.22,0.5474,0,0
2024-10-31,sz.000565,5.53,5.73,5.44,5.69,15691653,88046280.38,3.619,3.2668,0,0
2024-11-01,sz.000565,5.64,6.09,5.55,5.6,19108865,110249429.57,4.4071,-1.5817,0,0
2024-11-04,sz.000565,5.6,5.7,5.53,5.62,8572602,47992184.78,1.9771,0.3571,0,0
2024-11-05,sz.000565,5.65,5.91,5.65,5.8,10002990,57844538.3,2.307,3.2028,0,0
2024-11-06,sz.000565,5.8,6.06,5.72,5.91,10907819,64778969.16,2.5157,1.8966,0,0
2024-11-07,sz.000565,5.91,6.02,5.83,5.98,7646881,45638658.27,1.7636,1.1844,0,0
2024-11-08,sz.000565,6.06,6.3,5.96,6.19,10724503,65997600.53,2.4734,3.5117,0,0
2024-11-11,sz.000565,6.21,6.25,5.9,6.02,12272056,74057539.57,2.8303,-2.7464,0,0
2024-11-12,sz.000565,6.04,6.16,5.88,5.94,8404963,50671632.79,1.9384,-1.3289,0,0
2024-11-13,sz.000565,5.94,6.03,5.75,5.85,9067208,53129293.01,2.0912,-1.5152,0,0
2024-11-14,sz.000565,5.85,5.98,5.81,5.85,6837700,40174357.0,1.577,0.0,0,0
2024-11-15,sz.000565,5.82,6.2,5.82,5.88,9644700,57715939.0,2.2244,0.5128,0,0
2024-11-18,sz.000565,5.89,5.99,5.54,5.59,9760250,55402905.0,2.251,-4.932,0,0
2024-11-19,sz.000565,5.59,5.8,5.55,5.8,7470673,42361472.76,1.723,3.7567,0,0
2024-11-20,sz.000565,5.77,6.05,5.77,5.96,7327650,43494973.5,1.69,2.7586,0,0
2024-11-21,sz.000565,5.96,6.1,5.9,6.09,7430350,44542260.5,1.7137,2.1812,0,0
2024-11-22,sz.000565,6.09,6.16,5.8,5.82,9224973,55138596.39,2.1276,-4.4335,0,0
2024-11-25,sz.000565,5.81,6.0,5.76,5.98,6143650,36283146.0,1.4169,2.7491,0,0
2024-11-26,sz.000565,5.98,6.09,5.92,5.95,5067603,30307162.26,1.1687,-0.5017,0,0
2024-11-27,sz.000565,5.95,6.05,5.66,5.83,6317550,36450776.5,1.457,-2.0168,0,0
2024-11-28,sz.000565,5.81,5.96,5.8,5.89,4953050,29251189.0,1.1423,1.0292,0,0
2024-11-29,sz.000565,5.85,5.96,5.81,5.93,5260550,30988368.0,1.2132,0.6791,0,0
2024-12-02,sz.000565,5.9,6.13,5.9,6.11,6608500,39991741.0,1.5241,3.0354,0,0
2024-12-03,sz.000565,6.12,6.14,6.02,6.12,5391550,32855315.0,1.2435,0.1637,0,0
2024-12-04,sz.000565,6.1,6.1,5.86,5.89,5773950,34490720.5,1.3317,-3.7582,0,0
2024-12-05,sz.000565,5.89,6.03,5.89,6.0,4215553,25198025.0,0.9722,1.8676,0,0
2024-12-06,sz.000565,6.0,6.12,5.92,6.06,6274103,37827327.24,1.447,1.0,0,0
2024-12-09,sz.000565,6.15,6.42,6.04,6.35,15332237,95490309.9,3.5361,4.7855,0,0
2024-12-10,sz.000565,6.48,6.54,6.11,6.12,14344950,89716771.5,3.3084,-3.622,0,0
2024-12-11,sz.000565,6.13,6.24,6.1,6.22,6415440,39646617.6,1.4796,1.634,0,0
2024-12-12,sz.000565,6.21,6.29,6.13,6.29,6726550,41799376.5,1.5514,1.1254,0,0
2024-12-13,sz.000565,6.27,6.29,6.13,6.14,7206803,44646529.48,1.6621,-2.3847,0,0
2024-12-16,sz.000565,6.2,6.2,6.08,6.16,5405750,33225975.5,1.2467,0.3257,0,0
2024-12-17,sz.000565,6.16,6.17,5.75,5.79,9117420,53775002.8,2.1028,-6.0065,0,0
2024-12-18,sz.000565,5.89,5.96,5.67,5.92,6630600,38826284.0,1.5292,2.2453,0,0
2024-12-19,sz.000565,5.88,5.98,5.77,5.96,4205500,24763328.0,0.9699,0.6757,0,0
2024-12-20,sz.000565,5.97,6.39,5.97,6.13,7675423,47497687.6,1.7702,2.8523,0,0
2024-12-23,sz.000565,6.13,6.18,5.72,5.75,7989600,47258562.0,1.8427,-6.199,0,0
2024-12-24,sz.000565,5.75,5.88,5.62,5.69,5258400,30099408.0,1.2128,-1.0435,0,0
2024-12-25,sz.000565,5.65,5.68,5.3,5.4,7558250,40957667.0,1.7432,-5.0967,0,0
2024-12-26,sz.000565,5.42,5.5,5.35,5.42,4997950,27118759.0,1.1527,0.3704,0,0
2024-12-27,sz.000565,5.41,5.74,5.37,5.55,4864650,27164579.5,1.1219,2.3985,0,0
2024-12-30,sz.000565,5.52,5.55,5.32,5.45,3931112,21329223.51,0.9066,-1.8018,0,0
2024-12-31,sz.000565,5.51,5.59,5.39,5.41,4035132,22108935.84,0.9306,-0.7339,0,0
2025-01-02,sz.000565,5.41,5.5,5.26,5.31,4333400,23276833.63,0.9994,-1.8484,0,0
2025-01-03,sz.000565,5.35,5.35,4.97,4.98,5972200,30490541.0,1.3774,-6.2147,0,0
2025-01-06,sz.000565,4.98,5.02,4.72,4.96,4777450,23478294.5,1.1018,-0.4016,0,0
2025-01-07,sz.000565,4.96,5.09,4.96,5.09,3120450,15683103.0,0.7197,2.621,0,0
2025-01-08,sz.000565,5.09,5.13,4.89,5.03,3437750,17264037.75,0.7929,-1.1788,0,0
2025-01-09,sz.000565,5.09,5.21,5.0,5.13,3795700,19411855.5,0.8754,1.9881,0,0
2025-01-10,sz.000565,5.13,5.21,4.94,4.95,3461850,17497107.0,0.7984,-3.5088,0,0
2025-01-13,sz.000565,4.94,5.02,4.76,5.01,3315750,16267993.0,0.7647,1.2121,0,0
2025-01-14,sz.000565,5.07,5.23,5.05,5.23,3807303,19671032.6,0.8781,4.3912,0,0
2025-01-15,sz.000565,5.23,5.26,5.17,5.22,2778080,14499354.0,0.6407,-0.1912,0,0
2025-01-16,sz.000565,5.25,5.35,5.18,5.24,3611250,19067369.5,0.8329,0.3831,0,0
2025-01-17,sz.000565,5.24,5.27,5.15,5.24,2805100,14625648.0,0.6469,0.0,0,0
2025-01-20,sz.000565,5.29,5.4,5.18,5.35,3614400,19254849.0,0.8336,2.0992,0,0
2025-01-21,sz.000565,5.4,5.59,5.21,5.28,7485203,40233680.66,1.7263,-1.3084,0,0
2025-01-22,sz.000565,5.25,5.3,5.15,5.2,3569400,18587321.0,0.8232,-1.5152,0,0
2025-01-23,sz.000565,5.25,5.37,5.22,5.24,3614950,19180261.0,0.8337,0.7692,0,0
2025-01-24,sz.000565,5.25,5.27,5.17,5.25,3546650,18536652.5,0.818,0.1908,0,0
2025-01-27,sz.000565,5.3,5.5,5.29,5.31,5732903,30851862.17,1.3222,1.1429,0,0
2025-02-05,sz.000565,5.37,5.44,5.32,5.38,3568995,19215925.11,0.8231,1.3183,0,0
2025-02-06,sz.000565,5.38,5.42,5.24,5.42,4540950,24313948.0,1.0473,0.7435,0,0
2025-02-07,sz.000565,5.4,5.52,5.37,5.45,4524301,24738494.49,1.0434,0.5535,0,0
2025-02-10,sz.000565,5.48,5.63,5.42,5.56,3698800,20504730.0,0.8531,2.0183,0,0
2025-02-11,sz.000565,5.6,5.6,5.45,5.48,3299700,18098863.0,0.761,-1.4388,0,0
2025-02-12,sz.000565,5.48,5.54,5.43,5.48,3127967,17132342.47,0.7214,0.0,0,0
2025-02-13,sz.000565,5.51,5.53,5.36,5.38,4035624,21852704.38,0.9307,-1.8248,0,0
2025-02-14,sz.000565,5.43,5.43,5.31,5.35,3148824,16906370.88,0.7262,-0.5576,0,0
2025-02-17,sz.000565,5.37,5.59,5.31,5.52,6803848,37332853.43,1.5692,3.1776,0,0
2025-02-18,sz.000565,5.54,5.54,5.32,5.34,3907063,21177253.59,0.9011,-3.2609,0,0
2025-02-19,sz.000565,5.41,5.5,5.34,5.45,3136350,17082941.0,0.7233,2.0599,0,0
2025-02-20,sz.000565,5.48,5.52,5.4,5.51,2780006,15239476.91,0.6412,1.1009,0,0
2025-02-21,sz.000565,5.5,5.54,5.38,5.42,4255355,23052633.02,0.9814,-1.6334,0,0
2025-02-24,sz.000565,5.42,5.49,5.35,5.41,6498429,35222333.72,1.4987,-0.1845,0,0
2025-02-25,sz.000565,5.42,5.43,5.33,5.34,3593925,19307174.25,0.8289,-1.2939,0,0
2025-02-26,sz.000565,5.37,5.47,5.34,5.42,5885103,31804979.76,1.3573,1.4981,0,0
2025-02-27,sz.000565,5.45,5.48,5.3,5.38,4738200,25527977.0,1.0928,-0.738,0,0
2025-02-28,sz.000565,5.37,5.39,5.27,5.27,4558969,24216117.63,1.0514,-2.0446,0,0
2025-03-03,sz.000565,5.29,5.42,5.25,5.35,5015000,26981559.0,1.1566,1.518,0,0
2025-03-04,sz.000565,5.34,5.48,5.3,5.47,4073566,22124558.77,0.9395,2.243,0,0
2025-03-05,sz.000565,5.48,5.51,5.37,5.43,4211800,22796098.0,0.9714,-0.7313,0,0
2025-03-06,sz.000565,5.44,5.47,5.37,5.43,4350400,23589731.0,1.0033,0.0,0,0
2025-03-07,sz.000565,5.43,5.45,5.37,5.37,3246250,17577939.5,0.7487,-1.105,0,0
2025-03-10,sz.000565,5.35,5.45,5.35,5.42,4283603,23180951.23,0.9879,0.9311,0,0
2025-03-11,sz.000565,5.38,5.44,5.33,5.44,3474550,18705227.5,0.8013,0.369,0,0
2025-03-12,sz.000565,5.47,5.5,5.42,5.46,3179450,17325060.5,0.7333,0.3676,0,0
2025-03-13,sz.000565,5.45,5.48,5.26,5.4,4754973,25423077.24,1.0966,-1.0989,0,0
2025-03-14,sz.000565,5.39,5.53,5.35,5.5,6140438,33449427.58,1.4162,1.8519,0,0
2025-03-17,sz.000565,5.52,5.58,5.47,5.56,4873823,26961419.88,1.1241,1.0909,0,0
2025-03-18,sz.000565,5.58,5.6,5.5,5.55,2779150,15410460.0,0.641,-0.1799,0,0
2025-03-19,sz.000565,5.55,5.58,5.5,5.52,2391000,13210611.0,0.5514,-0.5405,0,0
2025-03-20,sz.000565,5.5,5.59,5.48,5.51,6151353,34027007.97,1.4187,-0.1812,0,0
2025-03-21,sz.000565,5.48,5.56,5.43,5.48,5920261,32557219.79,1.3654,-0.5445,0,0
2025-03-24,sz.000565,5.45,5.49,5.25,5.31,6461200,34508325.0,1.4902,-3.1022,0,0
2025-03-25,sz.000565,5.29,5.37,5.2,5.33,4682946,24734667.12,1.08,0.3766,0,0
2025-03-26,sz.000565,5.32,5.52,5.3,5.49,7228503,39527752.5,1.6671,3.0019,0,0
2025-03-27,sz.000565,5.49,5.58,5.4,5.55,6373040,35098659.7,1.4698,1.0929,0,0
2025-03-28,sz.000565,5.56,5.56,5.28,5.31,7245373,38905882.94,1.671,-4.3243,0,0
2025-03-31,sz.000565,5.25,5.28,5.1,5.18,5791200,29971602.0,1.3356,-2.4482,0,0
2025-04-01,sz.000565,5.18,5.39,5.18,5.33,5354750,28528792.5,1.235,2.8958,0,0
2025-04-02,sz.000565,5.33,5.41,5.29,5.34,2595573,13910893.2,0.5986,0.1876,0,0
2025-04-03,sz.000565,5.3,5.41,5.26,5.4,5341800,28566367.5,1.232,1.1236,0,0
2025-04-07,sz.000565,5.24,5.24,4.86,4.86,7710400,38166204.55,1.7783,-10.0,0,1
2025-04-08,sz.000565,4.79,4.86,4.5,4.59,10655102,49470176.54,2.4574,-5.5556,0,0
2025-04-09,sz.000565,4.55,4.73,4.23,4.69,7683492,34553304.04,1.7721,2.1786,0,0
2025-04-10,sz.000565,4.74,4.89,4.74,4.84,6100490,29533561.6,1.407,3.1983,0,0
2025-04-11,sz.000565,4.8,4.95,4.8,4.89,5080502,24854283.28,1.1717,1.0331,0,0
2025-04-14,sz.000565,4.94,5.04,4.91,4.99,4357749,21753287.0,1.005,2.045,0,0
2025-04-15,sz.000565,5.03,5.04,4.92,4.99,4083753,20294877.91,0.9418,0.0,0,0
2025-04-16,sz.000565,5.0,5.0,4.82,4.92,3819641,18747486.91,0.8809,-1.4028,0,0
2025-04-17,sz.000565,4.91,5.17,4.88,5.09,7354650,37296562.0,1.6962,3.4553,0,0
2025-04-18,sz.000565,5.08,5.15,5.01,5.09,3836700,19460444.0,0.8849,0.0,0,0
2025-04-21,sz.000565,5.09,5.16,5.03,5.11,3511050,17948666.5,0.8098,0.3929,0,0
2025-04-22,sz.000565,5.13,5.17,5.09,5.15,2906450,14892152.0,0.6703,0.7828,0,0
2025-04-23,sz.000565,5.14,5.18,5.11,5.13,3233975,16647156.25,0.7459,-0.3883,0,0
2025-04-24,sz.000565,5.15,5.27,5.08,5.15,5740053,29574312.36,1.3238,0.3899,0,0
2025-04-25,sz.000565,5.16,5.67,5.1,5.67,24573164,136749805.27,5.6673,10.0971,1,0
2025-04-28,sz.000565,5.48,6.24,5.26,6.24,46365709,258506609.3,10.6934,10.0529,1,0
2025-04-29,sz.000565,6.86,6.86,6.86,6.86,12071098,82807732.28,2.784,9.9359,1,0
2025-04-30,sz.000565,7.55,7.55,6.68,7.55,124399080,921283380.37,28.6903,10.0583,1,0
2025-05-06,sz.000565,8.0,8.31,7.24,8.31,137145174,1109801114.28,31.63,10.0662,1,0
2025-05-07,sz.000565,8.73,9.14,8.36,9.14,122651991,1092100700.21,28.2874,9.988,1,0
2025-05-08,sz.000565,8.45,9.3,8.23,8.76,146990539,1278141998.61,33.9006,-4.1575,0,0
2025-05-09,sz.000565,8.85,9.64,8.75,9.3,161535359,1509657943.6,37.2551,6.1644,0,0
2025-05-12,sz.000565,8.37,10.23,8.37,9.96,166307688,1540864056.84,38.3558,7.0968,0,0
2025-05-13,sz.000565,9.96,10.71,9.8,10.53,143964621,1485418985.54,33.2028,5.7229,0,0
2025-05-14,sz.000565,10.47,11.58,10.1,11.58,150235742,1630542804.56,34.6491,9.9715,1,0
2025-05-15,sz.000565,11.4,12.74,11.16,12.74,151821668,1875388791.15,35.0149,10.0173,1,0
2025-05-16,sz.000565,12.8,14.01,12.34,14.01,142661048,1882452433.15,32.9021,9.9686,1,0
2025-05-19,sz.000565,12.61,14.74,12.61,13.07,156903186,2097545582.75,36.1868,-6.7095,0,0
2025-05-20,sz.000565,12.8,13.28,11.76,11.76,116310849,1405563044.92,26.8249,-10.023,0,1
2025-05-21,sz.000565,11.02,11.85,10.59,11.1,117772663,1307899926.97,27.1621,-5.6122,0,0
2025-05-22,sz.000565,10.64,11.09,10.41,10.62,78309593,838053562.62,18.0607,-4.3243,0,0
2025-05-23,sz.000565,10.77,10.95,10.26,10.38,67589737,718444018.58,15.5883,-2.2599,0,0
2025-05-26,sz.000565,10.33,10.8,10.23,10.66,62514375,658612254.26,14.4178,2.6975,0,0
2025-05-27,sz.000565,10.52,11.73,10.48,11.73,110311018,1238063483.62,25.4412,10.0375,1,0
2025-05-28,sz.000565,11.96,12.4,11.3,11.45,140544452,1673527438.72,32.414,-2.387,0,0
2025-05-29,sz.000565,10.78,11.33,10.31,10.64,93527599,997861803.49,21.5704,-7.0742,0,0
2025-05-30,sz.000565,10.35,10.44,9.58,9.58,72028997,709902242.76,16.6122,-9.9624,0,1
2025-06-03,sz.000565,9.5,9.8,9.5,9.62,50447630,484870478.85,11.6348,0.4175,0,0
2025-06-04,sz.000565,9.63,10.58,9.43,10.58,84174718,846728755.58,19.4133,9.9792,1,0
2025-06-05,sz.000565,10.58,10.71,9.77,9.84,97129050,979795407.89,22.401,-6.9943,0,0
2025-06-06,sz.000565,10.03,10.13,9.63,9.68,64921418,640230978.01,14.9729,-1.626,0,0
2025-06-09,sz.000565,9.61,10.03,9.61,9.95,56451193,557164259.57,13.0194,2.7893,0,0
2025-06-10,sz.000565,10.09,10.1,9.44,9.7,55635950,541837190.0,12.8314,-2.5126,0,0
2025-06-11,sz.000565,9.7,9.73,9.38,9.56,45862837,435923622.51,10.5774,-1.4433,0,0
2025-06-12,sz.000565,9.41,9.47,9.26,9.47,37811567,354142637.95,8.7205,-0.9414,0,0
2025-06-13,sz.000565,9.38,9.43,9.04,9.16,39586734,363597474.44,9.1299,-3.2735,0,0
2025-06-16,sz.000565,9.12,9.35,9.12,9.3,29895500,277372123.0,6.8948,1.5284,0,0
2025-06-17,sz.000565,9.32,9.36,9.08,9.21,33376200,307017944.0,7.6976,-0.9677,0,0
2025-06-18,sz.000565,9.1,9.33,9.06,9.15,31418552,288053599.8,7.2461,-0.6515,0,0
2025-06-19,sz.000565,9.15,9.18,8.86,8.88,29923650,268744701.5,6.9013,-2.9508,0,0
2025-06-20,sz.000565,8.85,8.96,8.7,8.76,22833350,201091667.0,5.2661,-1.3514,0,0
2025-06-23,sz.000565,9.1,9.26,8.95,9.12,60991196,554179000.92,14.0665,4.1096,0,0
2025-06-24,sz.000565,9.34,9.48,9.1,9.16,59530626,552069215.94,13.7296,0.4386,0,0
2025-06-25,sz.000565,9.1,9.28,8.95,9.11,40885646,371054102.2,9.4295,-0.5459,0,0
2025-06-26,sz.000565,9.03,9.27,8.91,9.08,41796532,380880933.9,9.6396,-0.3293,0,0
2025-06-27,sz.000565,9.08,9.4,9.07,9.27,43580116,403527741.88,10.0509,2.0925,0,0
2025-06-30,sz.000565,9.2,9.56,9.2,9.48,52833780,498389727.7,12.1851,2.2654,0,0
2025-07-01,sz.000565,9.6,10.18,9.5,10.1,107283285,1053844463.04,24.7429,6.5401,0,0
2025-07-02,sz.000565,9.91,9.91,9.5,9.6,62806423,607692528.32,14.4851,-4.9505,0,0
2025-07-03,sz.000565,9.51,9.56,9.1,9.13,48836555,448944852.1,11.2632,-4.8958,0,0
2025-07-04,sz.000565,9.1,9.17,8.97,9.01,28226377,255591835.66,6.5099,-1.2061,0,0
2025-07-07,sz.000565,8.96,9.12,8.84,9.08,21660417,195290425.8,4.9956,0.7769,0,0
2025-07-08,sz.000565,9.01,9.26,9.01,9.22,28794700,263925943.0,6.641,1.5419,0,0
2025-07-09,sz.000565,9.22,9.8,9.15,9.52,64937769,613536760.81,14.9767,3.2538,0,0
2025-07-10,sz.000565,9.53,9.68,9.1,9.14,46071202,425664808.14,10.6255,-3.9916,0,0
2025-07-11,sz.000565,9.04,9.13,8.93,9.09,28958540,261477330.92,6.6787,-0.547,0,0
2025-07-14,sz.000565,9.08,9.9,9.03,9.56,76158104,727797161.72,17.5645,5.1705,0,0
2025-07-15,sz.000565,9.49,9.52,9.05,9.11,50426482,463312920.8,11.6299,-4.7071,0,0
2025-07-16,sz.000565,9.02,9.15,8.96,9.11,24854338,225171462.42,5.7322,0.0,0,0
2025-07-17,sz.000565,9.05,9.11,9.01,9.08,20458303,185067587.09,4.7183,-0.3293,0,0
2025-07-18,sz.000565,9.1,9.14,9.03,9.07,15941400,144523999.5,3.6766,-0.1101,0,0
2025-07-21,sz.000565,9.09,9.26,9.07,9.26,28750130,264340283.9,6.6307,2.0948,0,0
2025-07-22,sz.000565,9.29,9.29,9.03,9.06,28284100,256972383.0,6.5232,-2.1598,0,0
2025-07-23,sz.000565,9.07,9.07,8.9,8.91,20970500,187915523.0,4.8365,-1.6556,0,0
2025-07-24,sz.000565,8.96,8.99,8.9,8.95,13868010,123832827.8,3.1984,0.4489,0,0
2025-07-25,sz.000565,8.95,8.97,8.84,8.85,14324204,127013591.36,3.3036,-1.1173,0,0
2025-07-28,sz.000565,8.89,8.91,8.8,8.88,10458504,92643677.74,2.4121,0.339,0,0
2025-07-29,sz.000565,8.88,8.88,8.61,8.68,17701050,153833675.5,4.0824,-2.2523,0,0
2025-07-30,sz.000565,8.62,8.88,8.62,8.75,15930750,139833715.5,3.6741,0.8065,0,0
2025-07-31,sz.000565,8.66,8.66,8.37,8.39,24969574,211761971.6,5.7588,-4.1143,0,0
2025-08-01,sz.000565,8.36,8.43,8.31,8.42,11490703,96127848.08,2.6501,0.3576,0,0
2025-08-04,sz.000565,8.35,8.49,8.25,8.48,11592803,97530182.0,2.6737,0.7126,0,0
2025-08-05,sz.000565,8.5,8.64,8.45,8.63,16673635,142974547.3,3.8455,1.7689,0,0
2025-08-06,sz.000565,8.6,8.64,8.51,8.6,11153100,95737757.0,2.5723,-0.3476,0,0
2025-08-07,sz.000565,8.6,8.62,8.51,8.6,11645100,99801491.0,2.6857,0.0,0,0
2025-08-08,sz.000565,8.56,8.59,8.47,8.51,10387900,88470904.0,2.3958,-1.0465,0,0
2025-08-11,sz.000565,8.5,8.68,8.48,8.62,13766910,118457859.9,3.1751,1.2926,0,0
2025-08-12,sz.000565,8.6,8.66,8.5,8.59,11796610,101004967.8,2.7207,-0.348,0,0
2025-08-13,sz.000565,8.63,8.64,8.55,8.58,11086800,95171784.5,2.557,-0.1164,0,0
2025-08-14,sz.000565,8.58,8.64,8.41,8.43,16510849,140927374.87,3.8079,-1.7483,0,0
2025-08-15,sz.000565,8.44,8.53,8.43,8.53,13060010,110821339.87,3.012,1.1862,0,0
2025-08-18,sz.000565,8.57,8.78,8.57,8.66,23975097,208281140.93,5.5294,1.524,0,0
2025-08-19,sz.000565,8.7,8.8,8.6,8.78,25146197,219465721.58,5.7995,1.3857,0,0
2025-08-20,sz.000565,8.79,8.97,8.72,8.89,29040550,257942754.0,6.6977,1.2528,0,0
2025-08-21,sz.000565,8.93,8.95,8.78,8.84,23490803,208074222.37,5.4177,-0.5624,0,0
2025-08-22,sz.000565,8.8,8.85,8.67,8.81,18673050,163235186.5,4.3066,-0.3394,0,0
2025-08-25,sz.000565,8.81,8.86,8.72,8.8,20719470,182096204.53,4.7786,-0.1135,0,0
2025-08-26,sz.000565,8.75,8.86,8.69,8.77,15171704,133515982.78,3.4991,-0.3409,0,0
2025-08-27,sz.000565,8.78,8.82,8.47,8.48,24122591,208890910.81,5.5634,-3.3067,0,0
2025-08-28,sz.000565,8.48,8.6,8.2,8.56,20368500,171743210.0,4.6976,0.9434,0,0
2025-08-29,sz.000565,8.55,8.71,8.5,8.67,16911136,145874311.31,3.9002,1.285,0,0
2025-09-01,sz.000565,8.68,8.75,8.61,8.69,14152600,123026950.0,3.264,0.2307,0,0
2025-09-02,sz.000565,8.75,8.78,8.55,8.71,18258458,158337396.6,4.211,0.2301,0,0
2025-09-03,sz.000565,8.71,8.74,8.31,8.36,14665308,124930172.63,3.3823,-4.0184,0,0
2025-09-04,sz.000565,8.36,8.55,8.27,8.42,16530506,139486717.39,3.8125,0.7177,0,0
2025-09-05,sz.000565,8.41,8.62,8.27,8.62,15915182,135159883.0,3.6705,2.3753,0,0
2025-09-08,sz.000565,8.64,8.71,8.58,8.68,12173750,105298889.5,2.8076,0.6961,0,0
2025-09-09,sz.000565,8.68,8.75,8.55,8.59,11248800,97333152.0,2.5943,-1.0369,0,0
2025-09-10,sz.000565,8.57,8.69,8.56,8.64,10444116,90050282.12,2.4087,0.5821,0,0
2025-09-11,sz.000565,8.63,8.63,8.45,8.63,12061850,102932383.0,2.7818,-0.1157,0,0
2025-09-12,sz.000565,8.6,8.79,8.6,8.74,22117450,193030580.5,5.101,1.2746,0,0
2025-09-15,sz.000565,8.75,8.78,8.62,8.66,13984700,121275623.0,3.2253,-0.9153,0,0
2025-09-16,sz.000565,8.66,8.74,8.53,8.74,16146950,139865786.0,3.724,0.9238,0,0
2025-09-17,sz.000565,8.75,8.77,8.61,8.64,13020400,113222837.0,3.0029,-1.1442,0,0
2025-09-18,sz.000565,8.65,8.65,8.25,8.34,20521800,173634762.0,4.733,-3.4722,0,0
2025-09-19,sz.000565,8.35,8.38,8.24,8.29,10351286,85764864.5,2.3873,-0.5995,0,0
2025-09-22,sz.000565,8.29,8.35,8.12,8.21,9545788,78327882.61,2.2016,-0.965,0,0
2025-09-23,sz.000565,8.21,8.21,7.87,8.06,12546951,100486037.38,2.8937,-1.827,0,0
2025-09-24,sz.000565,8.09,8.21,8.01,8.2,9070058,73988861.02,2.0918,1.737,0,0
2025-09-25,sz.000565,8.16,8.26,8.03,8.04,8631200,70134276.0,1.9906,-1.9512,0,0
2025-09-26,sz.000565,8.0,8.22,7.97,8.14,9601522,78102336.49,2.2144,1.2438,0,0
2025-09-29,sz.000565,8.11,8.18,7.92,8.16,8203350,66455768.5,1.892,0.2457,0,0
2025-09-30,sz.000565,8.17,8.22,8.13,8.17,6098800,49825594.0,1.4066,0.1225,0,0
2025-10-09,sz.000565,8.21,8.21,8.12,8.17,6957250,56797479.0,1.6046,0.0,0,0
2025-10-10,sz.000565,8.16,8.37,8.12,8.25,9831950,81400427.5,2.2676,0.9792,0,0
2025-10-13,sz.000565,8.01,8.34,7.77,8.33,13209043,107700237.5,3.0464,0.9697,0,0
2025-10-14,sz.000565,8.33,8.39,8.2,8.26,10341536,85903961.32,2.3851,-0.8403,0,0
2025-10-15,sz.000565,8.24,8.31,8.16,8.27,6161900,50803857.0,1.4211,0.1211,0,0
2025-10-16,sz.000565,8.27,8.33,8.1,8.12,8759700,71725269.0,2.0203,-1.8138,0,0
2025-10-17,sz.000565,8.1,8.2,8.01,8.01,9166300,74339350.0,2.114,-1.3547,0,0
2025-10-20,sz.000565,8.05,8.2,8.05,8.18,7826350,63811535.0,1.805,2.1223,0,0
2025-10-21,sz.000565,8.15,8.32,8.13,8.31,10972600,90730835.0,2.5306,1.5892,0,0
2025-10-22,sz.000565,8.31,8.38,8.24,8.28,7092050,59019286.5,1.6356,-0.361,0,0
2025-10-23,sz.000565,8.29,8.5,8.25,8.39,10830600,90363902.0,2.4979,1.3285,0,0
2025-10-24,sz.000565,8.36,8.42,8.3,8.36,8255505,69006245.6,1.904,-0.3576,0,0
2025-10-27,sz.000565,8.36,8.38,8.26,8.3,8400096,69767396.8,1.9373,-0.7177,0,0
2025-10-28,sz.000565,8.31,8.41,8.25,8.35,6913496,57746453.6,1.5945,0.6024,0,0
2025-10-29,sz.000565,8.34,8.38,8.16,8.2,9814246,80603283.16,2.2635,-1.7964,0,0
2025-10-30,sz.000565,8.17,8.19,8.0,8.01,10614300,85670764.0,2.448,-2.3171,0,0
2025-10-31,sz.000565,8.06,8.23,8.06,8.16,10524150,86014431.0,2.4272,1.8727,0,0
2025-11-03,sz.000565,8.18,8.39,8.16,8.37,16608340,137937846.75,3.8304,2.5735,0,0
2025-11-04,sz.000565,8.37,8.4,8.2,8.26,8925450,73949255.0,2.0585,-1.3142,0,0
2025-11-05,sz.000565,8.2,8.33,8.16,8.3,7069001,58611974.3,1.6303,0.4843,0,0
2025-11-06,sz.000565,8.3,8.79,8.21,8.75,45238958,386980780.78,10.4335,5.4217,0,0
2025-11-07,sz.000565,8.9,9.4,8.8,8.94,95222668,865150734.54,21.9613,2.1714,0,0
2025-11-10,sz.000565,9.07,9.24,8.81,9.09,62372071,567319332.24,14.385,1.6779,0,0
2025-11-11,sz.000565,9.08,9.09,8.82,8.85,47384490,422932720.03,10.9284,-2.6403,0,0
2025-11-12,sz.000565,8.85,8.98,8.61,8.66,27091579,235694929.05,6.2482,-2.1469,0,0
2025-11-13,sz.000565,8.63,8.69,8.48,8.57,20551904,176331037.48,4.7399,-1.0393,0,0
2025-11-14,sz.000565,8.53,8.58,8.4,8.41,16711050,142129046.5,3.8541,-1.867,0,0
2025-11-17,sz.000565,8.42,8.55,8.4,8.45,12996250,109786974.0,2.9973,0.4756,0,0
2025-11-18,sz.000565,8.4,8.45,7.88,7.93,30757852,248545324.32,7.0937,-6.1538,0,0
2025-11-19,sz.000565,7.92,7.94,7.6,7.72,18144152,140279278.06,4.1846,-2.6482,0,0
2025-11-20,sz.000565,7.73,7.83,7.6,7.61,12153567,93365589.71,2.803,-1.4249,0,0
2025-11-21,sz.000565,7.53,7.59,7.13,7.15,21414200,156178198.96,4.9388,-6.0447,0,0
2025-11-24,sz.000565,7.24,7.38,7.14,7.34,12983250,94492422.0,2.9943,2.6573,0,0
2025-11-25,sz.000565,7.36,7.42,7.31,7.38,8657200,63935666.0,1.9966,0.545,0,0
2025-11-26,sz.000565,7.38,7.45,7.25,7.26,9673995,71008082.35,2.2311,-1.626,0,0
2025-11-27,sz.000565,7.25,7.4,7.23,7.38,9163700,67385752.0,2.1134,1.6529,0,0
2025-11-28,sz.000565,7.39,7.45,7.3,7.44,9605900,70993986.0,2.2154,0.813,0,0
2025-12-01,sz.000565,7.46,8.06,7.46,7.81,36202520,283426801.19,8.3494,4.9731,0,0
2025-12-02,sz.000565,7.79,7.8,7.67,7.74,13955300,107706786.0,3.2185,-0.8963,0,0
2025-12-03,sz.000565,7.72,7.8,7.66,7.7,11701900,90250199.0,2.6988,-0.5168,0,0
2025-12-04,sz.000565,7.68,7.72,7.56,7.61,8024414,61245047.86,1.8507,-1.1688,0,0
2025-12-05,sz.000565,7.6,7.85,7.58,7.8,14196277,109514921.1,3.2741,2.4967,0,0
2025-12-08,sz.000565,7.77,7.77,7.57,7.61,14869500,113541418.0,3.4294,-2.4359,0,0
2025-12-09,sz.000565,7.58,7.72,7.5,7.61,7785205,59380210.1,1.7955,0.0,0,0
2025-12-10,sz.000565,7.6,7.61,7.5,7.53,6546350,49369943.0,1.5098,-1.0512,0,0
2025-12-11,sz.000565,7.6,7.6,7.33,7.34,9208902,68334851.84,2.1239,-2.5232,0,0
2025-12-12,sz.000565,7.4,7.51,7.33,7.34,7275664,54024626.8,1.678,0.0,0,0
2025-12-15,sz.000565,7.34,8.05,7.26,7.74,33815552,262191051.16,7.7989,5.4496,0,0
2025-12-16,sz.000565,7.78,7.86,7.5,7.52,14692610,111608928.4,3.3886,-2.8424,0,0
2025-12-17,sz.000565,7.62,7.64,7.33,7.48,10224926,76162868.11,2.3582,-0.5319,0,0
2025-12-18,sz.000565,7.52,7.75,7.44,7.45,15610602,118992647.0,3.6003,-0.4011,0,0
2025-12-19,sz.000565,7.5,7.58,7.5,7.55,12358872,93218239.88,2.8503,1.3423,0,0
2025-12-22,sz.000565,7.55,7.68,7.52,7.58,7191767,54655081.21,1.6586,0.3974,0,0
2025-12-23,sz.000565,7.56,7.57,7.44,7.46,6972100,52258169.0,1.608,-1.5831,0,0
2025-12-24,sz.000565,7.46,7.62,7.4,7.61,6976800,52620337.5,1.6091,2.0107,0,0
2025-12-25,sz.000565,7.67,7.85,7.66,7.8,15116700,117528378.0,3.4864,2.4967,0,0
2025-12-26,sz.000565,7.8,7.86,7.61,7.64,10510600,80796352.0,2.4241,-2.0513,0,0
2025-12-29,sz.000565,7.64,7.69,7.54,7.58,5941850,45086781.5,1.3704,-0.7853,0,0
2025-12-30,sz.000565,7.52,7.6,7.47,7.49,7324200,55045829.5,1.6892,-1.1873,0,0
2025-12-31,sz.000565,7.49,7.55,7.21,7.3,16132798,118044092.4,3.7207,-2.5367,0,0
2026-01-05,sz.000565,7.3,7.39,7.25,7.35,8623283,63132977.41,1.9888,0.6849,0,0
2026-01-06,sz.000565,7.35,7.5,7.32,7.42,9682525,71913099.5,2.2331,0.9524,0,0
2026-01-07,sz.000565,7.41,7.43,7.28,7.33,8907350,65433891.5,2.0543,-1.2129,0,0
2026-01-08,sz.000565,7.31,7.47,7.28,7.44,8624231,63889321.86,1.989,1.5007,0,0
2026-01-09,sz.000565,7.42,7.86,7.41,7.59,22145700,168396307.0,5.1075,2.0161,0,0
2026-01-12,sz.000565,7.6,8.11,7.5,7.9,28573320,222727783.48,6.5899,4.0843,0,0
2026-01-13,sz.000565,7.9,7.94,7.73,7.74,16336401,127347424.23,3.7677,-2.0253,0,0
2026-01-14,sz.000565,7.73,7.87,7.64,7.76,16039504,124683272.37,3.6992,0.2584,0,0
2026-01-15,sz.000565,7.74,7.85,7.7,7.72,9795100,76051397.0,2.2591,-0.5155,0,0
2026-01-16,sz.000565,7.75,7.79,7.55,7.67,10866748,83273482.5,2.5062,-0.6477,0,0
2026-01-19,sz.000565,7.7,7.76,7.63,7.75,7300699,56434093.17,1.6838,1.043,0,0
2026-01-20,sz.000565,7.77,8.0,7.75,7.92,25458225,200630984.5,5.8715,2.1935,0,0
2026-01-21,sz.000565,7.93,7.96,7.73,7.84,17643218,137842994.04,4.0691,-1.0101,0,0
2026-01-22,sz.000565,7.87,8.0,7.81,8.0,17850175,141726346.0,4.1168,2.0408,0,0
2026-01-23,sz.000565,8.0,8.8,7.93,8.8,56505520,479417070.31,13.0319,10.0,1,0
2026-01-26,sz.000565,8.45,9.22,8.36,8.67,85478468,743793028.95,19.714,-1.4773,0,0
2026-01-27,sz.000565,8.6,8.85,8.44,8.48,44125435,378640853.57,10.1767,-2.1915,0,0
2026-01-28,sz.000565,8.44,8.65,8.31,8.39,34658809,293927142.83,7.9934,-1.0613,0,0
2026-01-29,sz.000565,8.36,8.54,8.15,8.21,32915527,273144680.65,7.5914,-2.1454,0,0
2026-01-30,sz.000565,8.15,8.4,8.0,8.27,29686250,243056406.5,6.8466,0.7308,0,0
2026-02-02,sz.000565,8.51,8.65,8.0,8.03,28679078,236859661.99,6.6143,-2.9021,0,0
2026-02-03,sz.000565,8.11,8.3,8.03,8.29,25223894,207371436.58,5.8174,3.2379,0,0
2026-02-04,sz.000565,8.23,8.52,8.18,8.43,23657108,198572032.28,5.4561,1.6888,0,0
2026-02-05,sz.000565,8.38,8.51,8.27,8.27,20528108,172193124.3,4.7344,-1.898,0,0
2026-02-06,sz.000565,8.2,8.45,8.14,8.33,16206900,135548994.0,3.7378,0.7255,0,0
2026-02-09,sz.000565,8.45,8.77,8.4,8.6,29637453,254520332.68,6.8353,3.2413,0,0
2026-02-10,sz.000565,8.59,8.95,8.51,8.62,24763150,215358771.0,5.7112,0.2326,0,0
2026-02-11,sz.000565,8.56,8.7,8.48,8.48,16638400,142674620.0,3.8373,-1.6241,0,0
2026-02-12,sz.000565,8.47,8.58,8.3,8.42,16497617,139180017.51,3.8049,-0.7075,0,0
2026-02-13,sz.000565,8.35,8.48,8.25,8.26,11328850,94752405.0,2.6128,-1.9002,0,0
2026-02-24,sz.000565,8.38,8.64,8.35,8.62,19826808,169273991.7,4.5727,4.3584,0,0
2026-02-25,sz.000565,8.62,8.72,8.56,8.63,17599362,152250594.77,4.059,0.116,0,0
2026-02-26,sz.000565,8.63,8.72,8.48,8.55,13891212,118992980.88,3.2038,-0.927,0,0
2026-02-27,sz.000565,8.57,8.72,8.52,8.72,18770112,162266704.63,4.329,1.9883,0,0
2026-03-02,sz.000565,8.58,8.72,8.36,8.51,18110200,154554295.0,4.1768,-2.4083,0,0
2026-03-03,sz.000565,8.5,8.63,8.05,8.07,23324100,193180366.0,5.3793,-5.1704,0,0
2026-03-04,sz.000565,8.0,8.22,7.95,8.09,11385200,92275869.0,2.6258,0.2478,0,0
2026-03-05,sz.000565,8.23,8.37,8.15,8.23,12150150,100217036.22,2.8022,1.7305,0,0
2026-03-06,sz.000565,8.17,8.65,8.16,8.65,23690625,202135848.75,5.4638,5.1033,0,0
2026-03-09,sz.000565,8.6,8.68,8.37,8.5,16329550,138860268.5,3.7661,-1.7341,0,0
2026-03-10,sz.000565,8.52,8.58,8.43,8.58,11489500,97991162.5,2.6498,0.9412,0,0
2026-03-11,sz.000565,8.58,8.61,8.36,8.4,11125700,93686614.0,2.5659,-2.0979,0,0
2026-03-12,sz.000565,8.4,8.45,8.15,8.17,13011200,107552621.0,3.0008,-2.7381,0,0
2026-03-13,sz.000565,8.15,8.44,8.14,8.22,13729200,114164951.33,3.1664,0.612,0,0
2026-03-16,sz.000565,8.23,8.5,8.22,8.3,14101150,117628110.22,3.2522,0.9732,0,0
2026-03-17,sz.000565,8.31,8.58,8.22,8.25,14303748,119979870.04,3.2989,-0.6024,0,0
2026-03-18,sz.000565,8.22,8.28,8.1,8.15,11773203,95915543.86,2.7153,-1.2121,0,0
2026-03-19,sz.000565,8.09,8.11,7.63,7.68,17715836,138655048.68,4.0858,-5.7669,0,0
2026-03-20,sz.000565,7.74,7.77,7.34,7.34,13009700,97356977.0,3.0004,-4.4271,0,0
2026-03-23,sz.000565,7.24,7.25,6.8,6.88,15083450,106099800.38,3.4787,-6.267,0,0
2026-03-24,sz.000565,7.03,7.28,6.83,7.27,14860900,104976034.24,3.4274,5.6686,0,0
2026-03-25,sz.000565,7.27,7.35,7.22,7.3,8675850,63236954.29,2.0009,0.4127,0,0
2026-03-26,sz.000565,7.3,7.41,7.13,7.2,8317991,60311048.65,1.9184,-1.3699,0,0
2026-03-27,sz.000565,7.15,7.47,7.1,7.45,10394225,76590858.75,2.3972,3.4722,0,0
2026-03-30,sz.000565,7.63,7.63,7.31,7.42,12985603,96431148.64,2.9949,-0.4027,0,0
2026-03-31,sz.000565,7.4,7.54,7.34,7.37,8734444,65030381.03,2.0144,-0.6739,0,0
2026-04-01,sz.000565,7.51,7.52,7.32,7.4,6486650,47860765.0,1.496,0.4071,0,0
2026-04-02,sz.000565,7.38,7.45,7.21,7.34,8260526,60448533.27,1.9051,-0.8108,0,0
2026-04-03,sz.000565,7.34,7.36,6.94,6.97,10325725,72688935.5,2.3814,-5.0409,0,0
2026-04-07,sz.000565,7.0,7.35,6.95,7.32,12007928,86843630.18,2.7694,5.0215,0,0
2026-04-08,sz.000565,7.39,7.41,7.26,7.39,9188204,67523065.09,2.1191,0.9563,0,0
2026-04-09,sz.000565,7.37,7.4,7.24,7.27,7589825,55401875.59,1.7505,-1.6238,0,0
2026-04-10,sz.000565,7.31,7.42,7.27,7.3,7276900,53495837.0,1.6783,0.4127,0,0
2026-04-13,sz.000565,7.25,7.28,7.15,7.23,6630168,47727564.4,1.5291,-0.9589,0,0
2026-04-14,sz.000565,7.25,7.27,7.09,7.25,7232648,51810046.23,1.6681,0.2766,0,0
2026-04-15,sz.000565,7.25,7.25,7.11,7.13,5545489,39734168.57,1.279,-1.6552,0,0
2026-04-16,sz.000565,7.13,7.3,7.08,7.27,6989351,50434182.25,1.612,1.9635,0,0
2026-04-17,sz.000565,7.27,7.33,7.12,7.25,6331433,45558949.28,1.4602,-0.2751,0,0
2026-04-20,sz.000565,7.26,7.36,7.19,7.35,6500734,47421669.24,1.4993,1.3793,0,0
2026-04-21,sz.000565,7.35,7.37,7.21,7.31,5954823,43308058.21,1.3734,-0.5442,0,0
2026-04-22,sz.000565,7.27,7.31,7.22,7.25,4207061,30603028.47,0.9703,-0.8208,0,0
2026-04-23,sz.000565,7.26,7.29,7.14,7.17,6615686,47546260.76,1.5258,-1.1034,0,0
2026-04-24,sz.000565,7.14,7.33,7.11,7.29,7108500,51356665.0,1.6394,1.6736,0,0
2026-04-27,sz.000565,7.68,8.02,7.6,8.02,27353246,215699555.6,6.3085,10.0137,1,0
2026-04-28,sz.000565,8.14,8.25,7.84,8.02,46095620,367818630.65,10.6311,0.0,0,0
2026-04-29,sz.000565,7.95,8.12,7.86,8.04,25379782,203708606.87,5.8534,0.2494,0,0
2026-04-30,sz.000565,8.04,8.07,7.85,7.87,17503605,139106148.5,4.0369,-2.1144,0,0
2026-05-06,sz.000565,7.85,8.03,7.84,8.01,16151102,128652966.9,3.725,1.7789,0,0
2026-05-07,sz.000565,8.01,8.06,7.89,7.92,10743002,85351507.78,2.4777,-1.1236,0,0
2026-05-08,sz.000565,7.9,8.2,7.89,8.14,18243916,148236613.6,4.2076,2.7778,0,0
2026-05-11,sz.000565,8.2,8.33,8.1,8.27,21209260,174190262.2,4.8915,1.5971,0,0
2026-05-12,sz.000565,8.27,8.27,7.94,8.02,15731900,126763336.0,3.6283,-3.023,0,0
2026-05-13,sz.000565,8.03,8.78,8.03,8.37,36500865,308189013.7,8.4182,4.3641,0,0
2026-05-14,sz.000565,8.43,8.51,8.19,8.33,23995295,200769503.05,5.5341,-0.4779,0,0
2026-05-15,sz.000565,8.31,8.45,8.18,8.25,16219421,134492549.22,3.7407,-0.9604,0,0
2026-05-18,sz.000565,8.19,8.21,7.97,8.05,13465735,108473264.7,3.1056,-2.4242,0,0
2026-05-19,sz.000565,8.04,8.1,7.96,8.06,9103133,73123588.66,2.0995,0.1242,0,0
2026-05-20,sz.000565,8.02,8.06,7.88,7.93,8397650,66606643.0,1.9368,-1.6129,0,0
2026-05-21,sz.000565,7.95,8.06,7.48,7.5,14590900,112953274.0,3.3651,-5.4224,0,0
2026-05-22,sz.000565,7.54,7.79,7.52,7.71,10390875,79666198.75,2.3965,2.8,0,0
2026-05-25,sz.000565,7.7,7.78,7.43,7.5,10331422,78134939.4,2.3828,-2.7237,0,0
2026-05-26,sz.000565,7.6,7.66,7.19,7.28,11160675,81546806.5,2.574,-2.9333,0,0
2026-05-27,sz.000565,7.25,7.28,6.93,6.99,10063825,71010712.0,2.321,-3.9835,0,0
2026-05-28,sz.000565,7.0,7.04,6.83,7.03,10859725,75539479.75,2.5046,0.5722,0,0
2026-05-29,sz.000565,7.03,7.11,6.76,6.79,11155750,77148879.5,2.5729,-3.4139,0,0
2026-06-01,sz.000565,6.8,7.08,6.73,7.03,10354100,72032259.75,2.388,3.5346,0,0
2026-06-02,sz.000565,7.03,7.03,6.65,6.79,15055927,101836546.06,3.4724,-3.4139,0,0
2026-06-03,sz.000565,6.79,6.84,6.69,6.81,9059245,61350548.1,2.0893,0.2946,0,0
2026-06-04,sz.000565,6.77,6.82,6.57,6.62,9220412,61170865.14,2.1265,-2.79,0,0
2026-06-05,sz.000565,6.62,6.76,6.52,6.66,9872648,65747374.34,2.2769,0.6042,0,0
2026-06-08,sz.000565,6.41,6.59,6.25,6.39,11313750,72746408.5,2.6093,-4.0541,0,0
2026-06-09,sz.000565,6.51,6.57,6.4,6.53,7323328,47490649.94,1.689,2.1909,0,0
2026-06-10,sz.000565,6.46,6.57,6.31,6.42,8849553,56829850.2,2.041,-1.6845,0,0
2026-06-11,sz.000565,6.39,6.61,6.29,6.44,9891428,63601186.12,2.2813,0.3115,0,0
2026-06-12,sz.000565,6.5,6.52,6.32,6.49,9016200,58202051.0,2.0794,0.7764,0,0
2026-06-15,sz.000565,6.48,6.6,6.36,6.39,9584978,61964131.64,2.2106,-1.5408,0,0
2026-06-16,sz.000565,6.37,6.45,6.28,6.41,7259550,46190954.84,1.6743,0.313,0,0
2026-06-17,sz.000565,6.39,6.4,6.15,6.2,10416676,65078493.56,2.4024,-3.2761,0,0
2026-06-18,sz.000565,6.19,6.22,6.06,6.16,8492771,52114642.93,1.9587,-0.6452,0,0
2026-06-22,sz.000565,6.14,6.25,5.93,6.24,11100150,67734189.0,2.56,1.2987,0,0
2026-06-23,sz.000565,6.18,6.36,6.16,6.2,7913100,49602597.89,1.825,-0.641,0,0
2026-06-24,sz.000565,6.2,6.29,5.99,6.03,7802500,47460128.0,1.7995,-2.7419,0,0
2026-06-25,sz.000565,6.02,6.05,5.85,5.92,8848296,52501372.69,2.0407,-1.8242,0,0
2026-06-26,sz.000565,5.92,5.92,5.7,5.77,8681123,50327024.17,2.0021,-2.5338,0,0
