date,code,open,high,low,close,volume,amount,turnover,pct_change,is_limit_up,is_limit_down
2019-07-01,sz.000166,5.14,5.17,5.07,5.11,75297714,384558235.34,0.334145,1.996006,0,0
2019-07-02,sz.000166,5.1,5.1,5.06,5.09,34083918,173194651.04,0.151253,-0.391389,0,0
2019-07-03,sz.000166,5.08,5.08,4.98,5.0,37707270,188946514.6,0.167332,-1.768176,0,0
2019-07-04,sz.000166,5.0,5.05,4.98,5.01,39196284,196807496.69,0.17394,0.200005,0,0
2019-07-05,sz.000166,5.02,5.02,4.97,5.0,26343181,131542613.88,0.116902,-0.199605,0,0
2019-07-08,sz.000166,4.99,4.99,4.8,4.82,44295487,216504305.31,0.196568,-3.599997,0,0
2019-07-09,sz.000166,4.84,4.87,4.8,4.85,30364127,146831920.06,0.134746,0.622401,0,0
2019-07-10,sz.000166,4.85,4.87,4.78,4.81,26204162,126719131.66,0.116285,-0.824742,0,0
2019-07-11,sz.000166,4.84,4.88,4.81,4.82,24127284,116825462.37,0.107069,0.207905,0,0
2019-07-12,sz.000166,4.83,4.88,4.81,4.85,29541633,143333643.27,0.131096,0.622401,0,0
2019-07-15,sz.000166,4.87,5.0,4.81,4.95,51801834,254650531.34,0.229879,2.061854,0,0
2019-07-16,sz.000166,4.93,5.0,4.93,4.99,34680480,172532690.45,0.1539,0.80808,0,0
2019-07-17,sz.000166,4.98,5.03,4.95,4.98,37798443,188366916.2,0.167737,-0.200396,0,0
2019-07-18,sz.000166,4.96,4.98,4.93,4.95,30803085,152706284.89,0.136694,-0.602414,0,0
2019-07-19,sz.000166,4.96,5.08,4.96,5.03,48421368,243660662.15,0.214877,1.61617,0,0
2019-07-22,sz.000166,5.06,5.07,4.9,4.94,41289560,205847000.69,0.183229,-1.789267,0,0
2019-07-23,sz.000166,4.96,4.98,4.92,4.95,22122915,109444331.78,0.098174,0.202424,0,0
2019-07-24,sz.000166,4.96,5.03,4.95,4.97,37495389,187096024.87,0.166392,0.40404,0,0
2019-07-25,sz.000166,4.97,4.98,4.93,4.96,26812248,132793120.98,0.118984,-0.201202,0,0
2019-07-26,sz.000166,4.96,4.96,4.91,4.94,25921600,127910194.09,0.115,-0.4032,0,0
2019-07-29,sz.000166,4.92,4.94,4.86,4.87,33093170,161912165.05,0.146856,-1.417007,0,0
2019-07-30,sz.000166,4.88,4.96,4.88,4.92,30221927,148793937.79,0.1341,1.0267,0,0
2019-07-31,sz.000166,4.92,4.92,4.87,4.89,25664833,125617232.67,0.1139,-0.6098,0,0
2019-08-01,sz.000166,4.87,4.9,4.82,4.83,30975471,150357197.5,0.1375,-1.227,0,0
2019-08-02,sz.000166,4.77,4.77,4.69,4.71,47640644,225082282.02,0.2114,-2.4845,0,0
2019-08-05,sz.000166,4.69,4.74,4.65,4.66,33478484,157277481.8,0.1486,-1.0616,0,0
2019-08-06,sz.000166,4.56,4.67,4.47,4.6,57340598,261756939.83,0.2545,-1.2876,0,0
2019-08-07,sz.000166,4.61,4.63,4.56,4.56,23375799,107300664.77,0.1037,-0.8696,0,0
2019-08-08,sz.000166,4.66,4.7,4.6,4.62,31126103,144283513.89,0.1381,1.3158,0,0
2019-08-09,sz.000166,4.63,4.65,4.54,4.55,23559863,108030728.04,0.1046,-1.5151,0,0
2019-08-12,sz.000166,4.58,4.64,4.57,4.63,28766958,132569830.41,0.1277,1.7582,0,0
2019-08-13,sz.000166,4.59,4.6,4.55,4.57,22195404,101494635.75,0.0985,-1.2959,0,0
2019-08-14,sz.000166,4.62,4.64,4.59,4.59,20461369,94424969.41,0.0908,0.4376,0,0
2019-08-15,sz.000166,4.5,4.61,4.46,4.59,30043527,136344860.13,0.1333,0.0,0,0
2019-08-16,sz.000166,4.58,4.67,4.57,4.62,32701997,151334374.64,0.1451,0.6536,0,0
2019-08-19,sz.000166,4.66,4.87,4.64,4.85,78573229,375859205.23,0.3487,4.9784,0,0
2019-08-20,sz.000166,4.86,4.94,4.83,4.89,72688861,355588467.64,0.3226,0.8247,0,0
2019-08-21,sz.000166,4.87,4.94,4.86,4.9,35968846,176049209.48,0.1596,0.2045,0,0
2019-08-22,sz.000166,4.92,4.93,4.87,4.89,27462522,134393604.59,0.1219,-0.2041,0,0
2019-08-23,sz.000166,4.93,4.95,4.86,4.87,29986884,146992939.29,0.1331,-0.409,0,0
2019-08-26,sz.000166,4.81,4.88,4.78,4.84,28320446,137137898.47,0.1257,-0.616,0,0
2019-08-27,sz.000166,4.88,4.98,4.87,4.97,73317976,362694375.33,0.3254,2.6859,0,0
2019-08-28,sz.000166,4.94,4.98,4.89,4.9,32020030,157511280.56,0.1421,-1.4084,0,0
2019-08-29,sz.000166,4.91,4.92,4.83,4.85,22279897,108525406.42,0.0989,-1.0204,0,0
2019-08-30,sz.000166,4.89,4.92,4.78,4.78,28784396,139314781.0,0.1277,-1.4433,0,0
2019-09-02,sz.000166,4.79,4.93,4.79,4.92,42040171,205241072.24,0.1866,2.9289,0,0
2019-09-03,sz.000166,4.92,4.92,4.86,4.89,28180696,137680766.51,0.1251,-0.6098,0,0
2019-09-04,sz.000166,4.88,4.97,4.87,4.93,43466392,214177319.81,0.1929,0.818,0,0
2019-09-05,sz.000166,4.96,5.19,4.96,5.03,124108133,630896654.3,0.5507,2.0284,0,0
2019-09-06,sz.000166,5.04,5.08,5.01,5.06,53110433,267882227.63,0.2357,0.5964,0,0
2019-09-09,sz.000166,5.13,5.16,5.06,5.1,70856306,361778178.57,0.3144,0.7905,0,0
2019-09-10,sz.000166,5.08,5.13,5.02,5.1,53295393,270276058.88,0.2365,0.0,0,0
2019-09-11,sz.000166,5.15,5.18,5.09,5.11,74160880,380601727.84,0.3291,0.1961,0,0
2019-09-12,sz.000166,5.11,5.15,5.07,5.12,43289510,221153080.36,0.1921,0.1957,0,0
2019-09-16,sz.000166,5.12,5.13,5.04,5.07,41781464,212017726.63,0.1854,-0.9766,0,0
2019-09-17,sz.000166,5.05,5.06,4.92,4.94,49783494,248365188.94,0.2209,-2.5641,0,0
2019-09-18,sz.000166,4.95,4.97,4.89,4.9,33854545,166880232.74,0.1502,-0.8097,0,0
2019-09-19,sz.000166,4.92,4.96,4.9,4.94,26499260,130640617.57,0.1176,0.8163,0,0
2019-09-20,sz.000166,4.94,4.96,4.92,4.96,40558019,200615927.5,0.18,0.4049,0,0
2019-09-23,sz.000166,4.94,4.94,4.8,4.86,43218815,209887628.75,0.1918,-2.0161,0,0
2019-09-24,sz.000166,4.86,4.92,4.83,4.87,23672029,115547796.61,0.105,0.2058,0,0
2019-09-25,sz.000166,4.85,4.89,4.82,4.86,23616568,114612431.77,0.1048,-0.2053,0,0
2019-09-26,sz.000166,4.87,4.9,4.79,4.8,35598213,172598859.86,0.158,-1.2346,0,0
2019-09-27,sz.000166,4.8,4.84,4.79,4.81,21210840,102177146.52,0.0941,0.2083,0,0
2019-09-30,sz.000166,4.82,4.84,4.78,4.78,21852492,105293794.65,0.097,-0.6237,0,0
2019-10-08,sz.000166,4.78,4.83,4.76,4.76,20836739,99931850.75,0.0925,-0.4184,0,0
2019-10-09,sz.000166,4.75,4.78,4.71,4.78,16762970,79701152.35,0.0744,0.4202,0,0
2019-10-10,sz.000166,4.79,4.81,4.77,4.81,17998325,86368328.78,0.0799,0.6276,0,0
2019-10-11,sz.000166,4.81,4.89,4.78,4.85,30326711,146758781.23,0.1346,0.8316,0,0
2019-10-14,sz.000166,4.88,4.96,4.87,4.91,43968968,216381439.32,0.1951,1.2371,0,0
2019-10-15,sz.000166,4.9,4.91,4.86,4.86,24533962,119652677.14,0.1089,-1.0183,0,0
2019-10-16,sz.000166,4.86,4.94,4.85,4.91,32134239,157822908.66,0.1426,1.0288,0,0
2019-10-17,sz.000166,4.92,4.94,4.88,4.89,18583258,91262311.02,0.0825,-0.4073,0,0
2019-10-18,sz.000166,4.91,4.91,4.78,4.79,29359403,142058178.31,0.1303,-2.045,0,0
2019-10-21,sz.000166,4.77,4.81,4.73,4.8,24496183,117113792.13,0.1087,0.2088,0,0
2019-10-22,sz.000166,4.82,4.82,4.77,4.81,17171852,82340778.08,0.0762,0.2083,0,0
2019-10-23,sz.000166,4.81,4.83,4.77,4.79,12412354,59509298.52,0.0551,-0.4158,0,0
2019-10-24,sz.000166,4.8,4.82,4.76,4.8,16486380,79053494.5,0.0732,0.2088,0,0
2019-10-25,sz.000166,4.8,4.85,4.78,4.85,22208596,107113143.38,0.0986,1.0417,0,0
2019-10-28,sz.000166,4.88,4.92,4.85,4.9,29546048,144392234.57,0.1311,1.0309,0,0
2019-10-29,sz.000166,4.9,4.91,4.83,4.83,20011397,97309289.01,0.0888,-1.4286,0,0
2019-10-30,sz.000166,4.83,4.84,4.79,4.8,16552861,79622089.75,0.0735,-0.6211,0,0
2019-10-31,sz.000166,4.81,4.82,4.77,4.79,15566146,74537276.4,0.0691,-0.2083,0,0
2019-11-01,sz.000166,4.78,4.83,4.77,4.82,21097981,101364061.03,0.0936,0.6263,0,0
2019-11-04,sz.000166,4.84,4.86,4.8,4.81,22209405,107185963.34,0.0986,-0.2075,0,0
2019-11-05,sz.000166,4.82,4.91,4.79,4.87,46825013,227826910.69,0.2078,1.2474,0,0
2019-11-06,sz.000166,4.87,4.89,4.84,4.84,28516668,138680413.87,0.1265,-0.616,0,0
2019-11-07,sz.000166,4.84,4.9,4.83,4.89,32859772,160029900.47,0.1458,1.0331,0,0
2019-11-08,sz.000166,4.92,4.94,4.81,4.82,42017801,204278279.89,0.1865,-1.4315,0,0
2019-11-11,sz.000166,4.78,4.82,4.72,4.74,34445155,164629771.29,0.1529,-1.6598,0,0
2019-11-12,sz.000166,4.74,4.78,4.71,4.76,23722728,112545058.56,0.1053,0.422,0,0
2019-11-13,sz.000166,4.76,4.77,4.72,4.77,20913720,99313378.76,0.0928,0.2101,0,0
2019-11-14,sz.000166,4.77,4.79,4.73,4.74,17100684,81439438.74,0.0759,-0.6289,0,0
2019-11-15,sz.000166,4.74,4.77,4.7,4.71,17552232,83103280.16,0.0779,-0.6329,0,0
2019-11-18,sz.000166,4.7,4.76,4.66,4.74,25498275,120653996.14,0.1132,0.6369,0,0
2019-11-19,sz.000166,4.73,4.77,4.72,4.76,21011278,99685082.66,0.0932,0.422,0,0
2019-11-20,sz.000166,4.74,4.75,4.7,4.7,16196743,76587625.43,0.0719,-1.2605,0,0
2019-11-21,sz.000166,4.7,4.73,4.69,4.73,15138020,71317613.66,0.0672,0.6383,0,0
2019-11-22,sz.000166,4.71,4.78,4.69,4.71,23280909,110045871.82,0.1033,-0.4228,0,0
2019-11-25,sz.000166,4.7,4.73,4.68,4.72,20018322,94246684.77,0.0888,0.2123,0,0
2019-11-26,sz.000166,4.72,4.8,4.7,4.8,44188660,210202692.05,0.1961,1.6949,0,0
2019-11-27,sz.000166,4.76,4.78,4.72,4.75,18395109,87370132.23,0.0816,-1.0417,0,0
2019-11-28,sz.000166,4.73,4.77,4.72,4.74,10987573,52108803.44,0.0488,-0.2105,0,0
2019-11-29,sz.000166,4.74,4.79,4.73,4.76,17656318,84025172.29,0.0784,0.422,0,0
2019-12-02,sz.000166,4.81,4.84,4.75,4.77,30158563,144742052.32,0.1338,0.2101,0,0
2019-12-03,sz.000166,4.74,4.8,4.73,4.8,23892205,113915411.37,0.106,0.6289,0,0
2019-12-04,sz.000166,4.78,4.8,4.77,4.8,16898217,80915475.33,0.075,0.0,0,0
2019-12-05,sz.000166,4.8,4.85,4.79,4.84,33519465,161861756.87,0.1487,0.8333,0,0
2019-12-06,sz.000166,4.85,4.86,4.81,4.85,24632892,119201683.8,0.1093,0.2066,0,0
2019-12-09,sz.000166,4.85,4.87,4.83,4.86,23869527,115927954.32,0.1059,0.2062,0,0
2019-12-10,sz.000166,4.85,4.86,4.83,4.84,16522930,80006849.27,0.0733,-0.4115,0,0
2019-12-11,sz.000166,4.85,4.88,4.81,4.84,26743921,129448293.53,0.1187,0.0,0,0
2019-12-12,sz.000166,4.84,4.84,4.78,4.79,21932643,105404592.0,0.0973,-1.0331,0,0
2019-12-13,sz.000166,4.82,4.97,4.82,4.92,107142247,523409581.79,0.4755,2.714,0,0
2019-12-16,sz.000166,4.91,4.97,4.87,4.94,80176360,394196670.67,0.3558,0.4065,0,0
2019-12-17,sz.000166,4.94,5.17,4.92,5.06,144658209,731543509.4,0.6419,2.4291,0,0
2019-12-18,sz.000166,5.03,5.13,5.02,5.07,88112855,446853734.51,0.391,0.1976,0,0
2019-12-19,sz.000166,5.05,5.07,5.0,5.04,55329736,278481198.72,0.2455,-0.5917,0,0
2019-12-20,sz.000166,5.03,5.13,5.02,5.06,98510476,500184685.11,0.4372,0.3968,0,0
2019-12-23,sz.000166,5.05,5.09,4.89,4.91,77442118,387374024.54,0.3437,-2.9644,0,0
2019-12-24,sz.000166,4.92,4.96,4.9,4.95,31073307,153128702.16,0.1379,0.8147,0,0
2019-12-25,sz.000166,4.93,4.99,4.91,4.94,38791600,191792745.11,0.1721,-0.202,0,0
2019-12-26,sz.000166,4.95,5.02,4.93,5.01,62668933,311280462.52,0.2781,1.417,0,0
2019-12-27,sz.000166,5.0,5.07,4.92,4.94,79678704,398294338.91,0.3536,-1.3972,0,0
2019-12-30,sz.000166,4.93,5.16,4.91,5.14,156371117,795378806.6,0.6939,4.0486,0,0
2019-12-31,sz.000166,5.12,5.16,5.07,5.12,100030975,511995505.65,0.4439,-0.3891,0,0
2020-01-02,sz.000166,5.18,5.27,5.12,5.15,122490345,635348140.29,0.5436,0.5859,0,0
2020-01-03,sz.000166,5.14,5.21,5.12,5.16,74171822,382865640.34,0.3291,0.1942,0,0
2020-01-06,sz.000166,5.13,5.21,5.11,5.12,92397609,475928931.28,0.41,-0.7752,0,0
2020-01-07,sz.000166,5.13,5.18,5.1,5.16,72277576,371541760.28,0.3207,0.7812,0,0
2020-01-08,sz.000166,5.11,5.14,5.01,5.04,84802125,430396910.01,0.3763,-2.3256,0,0
2020-01-09,sz.000166,5.08,5.12,5.05,5.07,60764035,308849095.41,0.2696,0.5952,0,0
2020-01-10,sz.000166,5.12,5.14,5.02,5.05,69143162,350764452.28,0.3068,-0.3945,0,0
2020-01-13,sz.000166,5.05,5.09,4.98,5.08,61930333,311005476.82,0.2748,0.5941,0,0
2020-01-14,sz.000166,5.08,5.1,5.05,5.06,46678091,237025179.67,0.2071,-0.3937,0,0
2020-01-15,sz.000166,5.05,5.07,5.01,5.02,41054641,206335533.17,0.1822,-0.7905,0,0
2020-01-16,sz.000166,5.02,5.05,5.0,5.01,35973552,180580662.68,0.1596,-0.1992,0,0
2020-01-17,sz.000166,5.02,5.08,5.01,5.03,43707023,220246859.62,0.194,0.3992,0,0
2020-01-20,sz.000166,5.03,5.07,4.99,5.07,44519683,224163022.56,0.1976,0.7952,0,0
2020-01-21,sz.000166,5.05,5.06,4.98,5.0,48170041,241775037.55,0.2138,-1.3807,0,0
2020-01-22,sz.000166,4.98,5.03,4.9,5.0,55052635,273407771.63,0.2443,0.0,0,0
2020-01-23,sz.000166,4.96,4.97,4.77,4.82,69337126,338689767.7,0.3077,-3.6,0,0
2020-02-03,sz.000166,4.34,4.34,4.34,4.34,32369800,140484932.0,0.1436,-9.9585,0,1
2020-02-04,sz.000166,4.16,4.38,4.16,4.33,97433533,420157679.22,0.4324,-0.2304,0,0
2020-02-05,sz.000166,4.35,4.49,4.33,4.38,67546818,297013898.3,0.2997,1.1547,0,0
2020-02-06,sz.000166,4.4,4.5,4.35,4.47,76171561,337119528.24,0.338,2.0548,0,0
2020-02-07,sz.000166,4.46,4.47,4.41,4.45,54177210,240457921.58,0.2404,-0.4474,0,0
2020-02-10,sz.000166,4.42,4.52,4.41,4.48,46761453,209057141.15,0.2075,0.6742,0,0
2020-02-11,sz.000166,4.49,4.56,4.46,4.49,47574875,214335425.52,0.2111,0.2232,0,0
2020-02-12,sz.000166,4.46,4.56,4.46,4.54,53944911,243381601.47,0.2394,1.1136,0,0
2020-02-13,sz.000166,4.53,4.56,4.46,4.46,43719980,196671578.87,0.194,-1.7621,0,0
2020-02-14,sz.000166,4.46,4.56,4.45,4.5,53034143,239040440.04,0.2353,0.8969,0,0
2020-02-17,sz.000166,4.57,4.71,4.55,4.7,95026091,439917179.54,0.4217,4.4444,0,0
2020-02-18,sz.000166,4.68,4.77,4.66,4.7,60383664,284201433.15,0.268,0.0,0,0
2020-02-19,sz.000166,4.7,4.79,4.67,4.7,61984712,293711307.75,0.2751,0.0,0,0
2020-02-20,sz.000166,4.71,4.97,4.68,4.94,129911048,627001353.05,0.5765,5.1064,0,0
2020-02-21,sz.000166,4.93,5.05,4.88,4.91,118316655,585524655.13,0.525,-0.6073,0,0
2020-02-24,sz.000166,4.89,4.94,4.86,4.89,78361838,383899295.93,0.3477,-0.4073,0,0
2020-02-25,sz.000166,4.81,4.99,4.77,4.99,135364371,660206923.68,0.6007,2.045,0,0
2020-02-26,sz.000166,4.93,5.03,4.88,4.88,119676903,592660539.07,0.5311,-2.2044,0,0
2020-02-27,sz.000166,4.9,4.97,4.84,4.87,82706535,405080754.45,0.367,-0.2049,0,0
2020-02-28,sz.000166,4.75,4.8,4.62,4.68,95314521,448938011.23,0.423,-3.9014,0,0
2020-03-02,sz.000166,4.68,4.92,4.68,4.86,102157993,491785632.45,0.4533,3.8462,0,0
2020-03-03,sz.000166,4.9,4.97,4.83,4.87,106613357,523219493.65,0.4731,0.2058,0,0
2020-03-04,sz.000166,4.84,4.92,4.81,4.92,104366746,509249590.24,0.4631,1.0267,0,0
2020-03-05,sz.000166,4.97,5.08,4.88,5.0,190843767,952618350.2,0.8469,1.626,0,0
2020-03-06,sz.000166,4.94,4.96,4.89,4.9,93221841,458993408.42,0.4137,-2.0,0,0
2020-03-09,sz.000166,4.83,4.89,4.75,4.79,94518127,455668071.53,0.4194,-2.2449,0,0
2020-03-10,sz.000166,4.76,4.91,4.75,4.9,113466307,549918692.19,0.5035,2.2965,0,0
2020-03-11,sz.000166,4.89,4.9,4.79,4.79,75478231,365455543.57,0.3349,-2.2449,0,0
2020-03-12,sz.000166,4.75,4.79,4.64,4.67,76985910,361921203.76,0.3416,-2.5052,0,0
2020-03-13,sz.000166,4.45,4.68,4.4,4.62,82962318,376734642.03,0.3682,-1.0707,0,0
2020-03-16,sz.000166,4.64,4.66,4.44,4.47,69068278,315896403.41,0.3065,-3.2468,0,0
2020-03-17,sz.000166,4.5,4.56,4.4,4.48,63937080,286598125.05,0.2837,0.2237,0,0
2020-03-18,sz.000166,4.5,4.54,4.36,4.38,55955447,250078695.93,0.2483,-2.2321,0,0
2020-03-19,sz.000166,4.38,4.44,4.3,4.39,68896823,301640399.91,0.3057,0.2283,0,0
2020-03-20,sz.000166,4.42,4.59,4.35,4.54,88752160,398379685.5,0.3939,3.4169,0,0
2020-03-23,sz.000166,4.42,4.55,4.41,4.42,54951261,245722720.86,0.2439,-2.6432,0,0
2020-03-24,sz.000166,4.5,4.52,4.4,4.47,54475472,243318070.92,0.2417,1.1312,0,0
2020-03-25,sz.000166,4.54,4.57,4.48,4.52,54177799,245106032.01,0.2404,1.1186,0,0
2020-03-26,sz.000166,4.49,4.51,4.44,4.45,31832865,142550520.24,0.1413,-1.5487,0,0
2020-03-27,sz.000166,4.48,4.55,4.46,4.46,37884026,170208011.79,0.1681,0.2247,0,0
2020-03-30,sz.000166,4.42,4.44,4.39,4.41,34185719,150752161.79,0.1517,-1.1211,0,0
2020-03-31,sz.000166,4.45,4.46,4.39,4.41,30803172,136401491.57,0.1367,0.0,0,0
2020-04-01,sz.000166,4.41,4.46,4.37,4.38,32887449,145228774.85,0.1459,-0.6803,0,0
2020-04-02,sz.000166,4.36,4.45,4.35,4.44,32582940,143621456.92,0.1446,1.3699,0,0
2020-04-03,sz.000166,4.42,4.44,4.38,4.39,27953604,123147296.33,0.124,-1.1261,0,0
2020-04-07,sz.000166,4.44,4.48,4.42,4.46,53962279,239892071.55,0.2395,1.5945,0,0
2020-04-08,sz.000166,4.43,4.46,4.42,4.43,31383461,139293501.41,0.1393,-0.6727,0,0
2020-04-09,sz.000166,4.46,4.49,4.43,4.43,43935575,196046595.44,0.195,0.0,0,0
2020-04-10,sz.000166,4.45,4.45,4.38,4.4,31480140,138889463.72,0.1397,-0.6772,0,0
2020-04-13,sz.000166,4.38,4.4,4.36,4.37,23621298,103349250.73,0.1048,-0.6818,0,0
2020-04-14,sz.000166,4.38,4.47,4.37,4.45,45437522,200874347.85,0.2016,1.8307,0,0
2020-04-15,sz.000166,4.43,4.47,4.4,4.4,35671239,158211014.21,0.1583,-1.1236,0,0
2020-04-16,sz.000166,4.38,4.47,4.38,4.41,40401989,178691519.98,0.1793,0.2273,0,0
2020-04-17,sz.000166,4.43,4.45,4.4,4.41,33283642,147381851.52,0.1477,0.0,0,0
2020-04-20,sz.000166,4.41,4.43,4.4,4.41,23988410,105824893.77,0.1065,0.0,0,0
2020-04-21,sz.000166,4.4,4.4,4.32,4.35,33692773,146743844.33,0.1495,-1.3605,0,0
2020-04-22,sz.000166,4.32,4.36,4.31,4.35,21768630,94406347.19,0.0966,0.0,0,0
2020-04-23,sz.000166,4.35,4.36,4.32,4.32,19935420,86439033.53,0.0885,-0.6896,0,0
2020-04-24,sz.000166,4.32,4.33,4.26,4.27,25686153,110345707.36,0.114,-1.1574,0,0
2020-04-27,sz.000166,4.28,4.31,4.24,4.25,26041291,111382194.71,0.1156,-0.4684,0,0
2020-04-28,sz.000166,4.28,4.3,4.19,4.27,42451122,180808009.89,0.1884,0.4706,0,0
2020-04-29,sz.000166,4.25,4.29,4.24,4.28,22610938,96647045.22,0.1003,0.2342,0,0
2020-04-30,sz.000166,4.3,4.37,4.29,4.37,49484344,214717052.88,0.2196,2.1028,0,0
2020-05-06,sz.000166,4.32,4.47,4.31,4.44,62881679,276923936.78,0.279,1.6018,0,0
2020-05-07,sz.000166,4.44,4.49,4.4,4.42,40876240,181649086.41,0.1814,-0.4504,0,0
2020-05-08,sz.000166,4.45,4.53,4.42,4.48,52790998,236052588.76,0.2343,1.3575,0,0
2020-05-11,sz.000166,4.5,4.51,4.46,4.49,41852752,187727146.8,0.1857,0.2232,0,0
2020-05-12,sz.000166,4.55,4.58,4.48,4.5,52096969,235973932.79,0.2312,0.2227,0,0
2020-05-13,sz.000166,4.47,4.54,4.43,4.53,36511012,164054506.1,0.162,0.6667,0,0
2020-05-14,sz.000166,4.5,4.52,4.47,4.48,21753861,97723302.1,0.0965,-1.1038,0,0
2020-05-15,sz.000166,4.49,4.52,4.45,4.46,23198946,104110146.23,0.1029,-0.4464,0,0
2020-05-18,sz.000166,4.47,4.5,4.45,4.46,21729990,97194638.83,0.0964,0.0,0,0
2020-05-19,sz.000166,4.5,4.52,4.47,4.48,27068824,121422602.28,0.1201,0.4484,0,0
2020-05-20,sz.000166,4.46,4.51,4.45,4.48,29398077,131823723.64,0.1305,0.0,0,0
2020-05-21,sz.000166,4.49,4.51,4.46,4.48,24537137,110096444.01,0.1089,0.0,0,0
2020-05-22,sz.000166,4.47,4.48,4.42,4.44,33205598,147748911.78,0.1474,-0.8929,0,0
2020-05-25,sz.000166,4.43,4.47,4.42,4.45,23670140,105367154.94,0.105,0.2252,0,0
2020-05-26,sz.000166,4.47,4.47,4.42,4.44,28607043,127072712.44,0.1269,-0.2247,0,0
2020-05-27,sz.000166,4.43,4.44,4.32,4.33,32680659,142919422.35,0.145,-2.4775,0,0
2020-05-28,sz.000166,4.34,4.42,4.33,4.37,28872809,126116636.5,0.1281,0.9238,0,0
2020-05-29,sz.000166,4.35,4.38,4.32,4.32,24631302,107127765.75,0.1093,-1.1442,0,0
2020-06-01,sz.000166,4.4,4.54,4.4,4.51,78919120,354289567.28,0.3502,4.3981,0,0
2020-06-02,sz.000166,4.5,4.55,4.48,4.51,41766356,188553915.41,0.1853,0.0,0,0
2020-06-03,sz.000166,4.51,4.53,4.46,4.46,33154938,149090667.93,0.1471,-1.1087,0,0
2020-06-04,sz.000166,4.48,4.5,4.44,4.45,26274671,117383791.29,0.1166,-0.2242,0,0
2020-06-05,sz.000166,4.43,4.5,4.43,4.49,33456642,149395863.74,0.1485,0.8989,0,0
2020-06-08,sz.000166,4.51,4.52,4.45,4.46,28029979,125595695.79,0.1244,-0.6681,0,0
2020-06-09,sz.000166,4.45,4.51,4.45,4.51,50727938,227706445.58,0.2251,1.1211,0,0
2020-06-10,sz.000166,4.5,4.5,4.45,4.45,31361306,140066270.89,0.1392,-1.3304,0,0
2020-06-11,sz.000166,4.46,4.51,4.41,4.43,44841456,199660265.82,0.199,-0.4494,0,0
2020-06-12,sz.000166,4.38,4.42,4.35,4.4,45870539,201076353.46,0.2036,-0.6772,0,0
2020-06-15,sz.000166,4.39,4.45,4.37,4.37,40964537,180672817.55,0.1818,-0.6818,0,0
2020-06-16,sz.000166,4.4,4.42,4.38,4.41,29678662,130633639.95,0.1317,0.9153,0,0
2020-06-17,sz.000166,4.4,4.45,4.39,4.43,37482011,165553717.06,0.1663,0.4535,0,0
2020-06-18,sz.000166,4.43,4.49,4.41,4.46,39982462,178114330.58,0.1774,0.6772,0,0
2020-06-19,sz.000166,4.47,4.65,4.45,4.6,137330939,626776657.44,0.6094,3.139,0,0
2020-06-22,sz.000166,4.67,5.06,4.64,4.91,354532224,1755477486.38,1.5733,6.7391,0,0
2020-06-23,sz.000166,4.85,4.89,4.77,4.87,186016541,898957168.26,0.8255,-0.8147,0,0
2020-06-24,sz.000166,4.86,4.95,4.79,4.84,119017031,576774880.28,0.5282,-0.616,0,0
2020-06-29,sz.000166,4.86,4.88,4.69,4.81,129339516,617686963.63,0.574,-0.6198,0,0
2020-06-30,sz.000166,4.83,5.16,4.8,5.05,186443963,929413691.66,0.8274,4.9896,0,0
2020-07-01,sz.000166,5.01,5.2,4.97,5.11,190872073,972253240.79,0.847,1.1881,0,0
2020-07-02,sz.000166,5.06,5.46,5.04,5.4,300349696,1582196119.15,1.3328,5.6751,0,0
2020-07-03,sz.000166,5.49,5.94,5.46,5.94,497486096,2843544987.14,2.2077,10.0,1,0
2020-07-06,sz.000166,6.18,6.53,6.05,6.53,602740800,3883429527.6,2.6748,9.9327,1,0
2020-07-07,sz.000166,6.73,6.81,6.23,6.36,684567440,4449255056.13,3.0379,-2.6034,0,0
2020-07-08,sz.000166,6.26,6.89,6.21,6.7,610177200,3979677581.77,2.7078,5.3459,0,0
2020-07-09,sz.000166,6.52,6.68,6.4,6.52,498473664,3244472457.06,2.2121,-2.6866,0,0
2020-07-10,sz.000166,6.25,6.39,6.12,6.17,461917520,2888795506.1,2.0498,-5.3681,0,0
2020-07-13,sz.000166,6.12,6.37,6.1,6.28,420592960,2624541579.01,1.8664,1.7828,0,0
2020-07-14,sz.000166,6.23,6.4,6.16,6.3,337347728,2114617435.76,1.497,0.3185,0,0
2020-07-15,sz.000166,6.34,6.4,6.07,6.09,322494112,1999347605.43,1.4311,-3.3333,0,0
2020-07-16,sz.000166,6.12,6.27,5.76,5.79,344393296,2092796563.63,1.5283,-4.9261,0,0
2020-07-17,sz.000166,5.83,5.89,5.46,5.56,311833792,1760142245.9,1.3838,-3.9724,0,0
2020-07-20,sz.000166,5.68,5.93,5.65,5.86,287328160,1664752423.16,1.2751,5.3957,0,0
2020-07-21,sz.000166,5.86,5.89,5.75,5.78,203160732,1180197793.91,0.9016,-1.3652,0,0
2020-07-22,sz.000166,5.81,6.03,5.76,5.81,294657456,1739340583.43,1.3076,0.519,0,0
2020-07-23,sz.000166,5.75,5.85,5.54,5.78,277721280,1580900987.2,1.2324,-0.5164,0,0
2020-07-24,sz.000166,5.75,5.87,5.45,5.49,242446678,1369243516.5,1.0759,-5.0173,0,0
2020-07-27,sz.000166,5.52,5.74,5.39,5.66,208422625,1161719675.67,0.9249,3.0965,0,0
2020-07-28,sz.000166,5.67,5.69,5.56,5.64,133014532,747419568.04,0.5903,-0.3534,0,0
2020-07-29,sz.000166,5.64,5.87,5.61,5.81,227710169,1315368510.86,1.0105,3.0142,0,0
2020-07-30,sz.000166,5.84,5.85,5.74,5.77,146362899,847719789.67,0.6495,-0.6885,0,0
2020-07-31,sz.000166,5.75,5.91,5.73,5.83,179777330,1047296272.41,0.7978,1.0399,0,0
2020-08-03,sz.000166,5.86,5.92,5.79,5.91,215400558,1260710543.65,0.9558,1.3722,0,0
2020-08-04,sz.000166,5.9,5.95,5.85,5.87,158780908,934401598.82,0.7046,-0.6768,0,0
2020-08-05,sz.000166,5.83,5.85,5.77,5.8,123797216,718077508.79,0.5493,-1.1925,0,0
2020-08-06,sz.000166,5.8,5.95,5.64,5.88,232784025,1344430366.54,1.033,1.3793,0,0
2020-08-07,sz.000166,5.79,5.79,5.57,5.65,225165829,1280524407.0,0.9992,-3.9116,0,0
2020-08-10,sz.000166,5.6,5.77,5.58,5.68,144488381,820707030.67,0.6412,0.531,0,0
2020-08-11,sz.000166,5.68,5.78,5.57,5.58,141139482,803272780.38,0.6263,-1.7606,0,0
2020-08-12,sz.000166,5.57,5.62,5.47,5.54,107060568,593564973.33,0.4751,-0.7168,0,0
2020-08-13,sz.000166,5.56,5.64,5.53,5.57,83717170,467096064.32,0.3715,0.5415,0,0
2020-08-14,sz.000166,5.56,5.69,5.54,5.68,95262205,535379945.85,0.4227,1.9749,0,0
2020-08-17,sz.000166,5.75,6.04,5.75,5.92,255334261,1505030378.41,1.133,4.2254,0,0
2020-08-18,sz.000166,5.92,5.95,5.84,5.88,125013865,735917030.39,0.5547,-0.6757,0,0
2020-08-19,sz.000166,5.9,5.96,5.83,5.85,147602978,871941426.37,0.655,-0.5102,0,0
2020-08-20,sz.000166,5.78,5.79,5.63,5.66,120394575,685840412.09,0.5342,-1.9064,0,0
2020-08-21,sz.000166,5.7,5.77,5.65,5.72,88620282,505968625.44,0.3932,1.0601,0,0
2020-08-24,sz.000166,5.72,5.76,5.66,5.69,73547678,419873260.76,0.3264,-0.5245,0,0
2020-08-25,sz.000166,5.71,5.79,5.66,5.7,99463465,569290406.0,0.4414,0.1757,0,0
2020-08-26,sz.000166,5.68,5.7,5.51,5.53,121605806,679641189.82,0.5396,-2.9825,0,0
2020-08-27,sz.000166,5.58,5.6,5.53,5.58,59712006,332571027.32,0.265,0.9042,0,0
2020-08-28,sz.000166,5.56,5.76,5.54,5.74,118624835,673227296.89,0.5264,2.8674,0,0
2020-08-31,sz.000166,5.76,5.85,5.64,5.64,149733687,864836062.3,0.6644,-1.7422,0,0
2020-09-01,sz.000166,5.63,5.69,5.62,5.68,85324101,482665916.53,0.3786,0.7092,0,0
2020-09-02,sz.000166,5.69,5.74,5.63,5.68,99640288,566163469.66,0.4421,0.0,0,0
2020-09-03,sz.000166,5.67,5.75,5.6,5.64,90873770,515230233.26,0.4032,-0.7042,0,0
2020-09-04,sz.000166,5.52,5.58,5.51,5.56,92418827,512957906.7,0.4101,-1.4184,0,0
2020-09-07,sz.000166,5.53,5.58,5.4,5.43,111350918,613427192.37,0.4941,-2.3381,0,0
2020-09-08,sz.000166,5.43,5.55,5.42,5.51,77116539,422897393.14,0.3422,1.4733,0,0
2020-09-09,sz.000166,5.46,5.54,5.43,5.46,75935106,416405082.88,0.337,-0.9074,0,0
2020-09-10,sz.000166,5.51,5.52,5.27,5.28,95463853,514783529.66,0.4236,-3.2967,0,0
2020-09-11,sz.000166,5.25,5.3,5.21,5.27,58389819,306873910.15,0.2591,-0.1894,0,0
2020-09-14,sz.000166,5.3,5.31,5.23,5.27,43572158,229527521.61,0.1933,0.0,0,0
2020-09-15,sz.000166,5.27,5.29,5.22,5.26,45692839,240086164.02,0.2028,-0.1898,0,0
2020-09-16,sz.000166,5.26,5.3,5.22,5.24,51337095,270157141.08,0.2278,-0.3802,0,0
2020-09-17,sz.000166,5.24,5.25,5.15,5.19,60231345,312980098.48,0.2673,-0.9542,0,0
2020-09-18,sz.000166,5.19,5.44,5.18,5.42,121207368,644215286.88,0.5379,4.4316,0,0
2020-09-21,sz.000166,5.56,5.59,5.37,5.38,129872953,708839746.83,0.5763,-0.738,0,0
2020-09-22,sz.000166,5.32,5.56,5.31,5.4,121867920,664170099.34,0.5408,0.3717,0,0
2020-09-23,sz.000166,5.4,5.44,5.35,5.36,61186451,329411749.58,0.2715,-0.7407,0,0
2020-09-24,sz.000166,5.33,5.41,5.3,5.3,57786369,308724961.25,0.2564,-1.1194,0,0
2020-09-25,sz.000166,5.32,5.42,5.3,5.39,71192386,381829522.55,0.3159,1.6981,0,0
2020-09-28,sz.000166,5.38,5.48,5.36,5.44,79993477,435838350.98,0.355,0.9276,0,0
2020-09-29,sz.000166,5.47,5.49,5.41,5.43,60575399,329433244.47,0.2688,-0.1838,0,0
2020-09-30,sz.000166,5.42,5.44,5.29,5.31,61560694,329792106.57,0.2732,-2.2099,0,0
2020-10-09,sz.000166,5.38,5.43,5.35,5.41,53901779,290974533.39,0.2392,1.8832,0,0
2020-10-12,sz.000166,5.43,5.6,5.43,5.58,126860296,703368059.8,0.5629,3.1423,0,0
2020-10-13,sz.000166,5.53,5.55,5.47,5.51,76447890,420981593.66,0.3392,-1.2545,0,0
2020-10-14,sz.000166,5.52,5.52,5.43,5.44,56502320,308936149.66,0.2507,-1.2704,0,0
2020-10-15,sz.000166,5.44,5.52,5.43,5.44,48440117,264770849.38,0.215,0.0,0,0
2020-10-16,sz.000166,5.45,5.52,5.44,5.45,70347798,385005819.52,0.3122,0.1838,0,0
2020-10-19,sz.000166,5.48,5.54,5.39,5.4,78785356,429896852.01,0.3496,-0.9174,0,0
2020-10-20,sz.000166,5.37,5.38,5.3,5.37,52451216,280490127.86,0.2327,-0.5556,0,0
2020-10-21,sz.000166,5.37,5.41,5.32,5.34,37651779,201601284.75,0.1671,-0.5587,0,0
2020-10-22,sz.000166,5.33,5.41,5.3,5.36,43044579,230120724.23,0.191,0.3745,0,0
2020-10-23,sz.000166,5.36,5.39,5.3,5.31,44429438,237695432.31,0.1972,-0.9328,0,0
2020-10-26,sz.000166,5.28,5.29,5.16,5.19,63119181,329445506.85,0.2801,-2.2599,0,0
2020-10-27,sz.000166,5.16,5.2,5.13,5.15,42213832,217999301.93,0.1873,-0.7707,0,0
2020-10-28,sz.000166,5.16,5.19,5.1,5.18,39011829,201029519.94,0.1731,0.5825,0,0
2020-10-29,sz.000166,5.11,5.24,5.1,5.2,49840897,257893393.7,0.2212,0.3861,0,0
2020-10-30,sz.000166,5.21,5.23,5.03,5.04,68603827,352077992.67,0.3044,-3.0769,0,0
2020-11-02,sz.000166,5.05,5.19,5.05,5.11,66775021,342087632.54,0.2963,1.3889,0,0
2020-11-03,sz.000166,5.1,5.27,5.07,5.23,71183470,369973569.61,0.3159,2.3483,0,0
2020-11-04,sz.000166,5.2,5.22,5.14,5.18,47532821,246348589.77,0.2109,-0.956,0,0
2020-11-05,sz.000166,5.23,5.28,5.21,5.25,61320019,321628124.57,0.2721,1.3514,0,0
2020-11-06,sz.000166,5.24,5.29,5.19,5.24,67281921,352497333.34,0.2986,-0.1905,0,0
2020-11-09,sz.000166,5.26,5.45,5.24,5.38,127996473,684740057.12,0.568,2.6718,0,0
2020-11-10,sz.000166,5.38,5.42,5.29,5.3,76311742,408721139.6,0.3386,-1.487,0,0
2020-11-11,sz.000166,5.31,5.31,5.21,5.22,62406049,328088258.49,0.2769,-1.5094,0,0
2020-11-12,sz.000166,5.23,5.25,5.17,5.18,43469592,226143435.38,0.1929,-0.7663,0,0
2020-11-13,sz.000166,5.17,5.18,5.13,5.15,43956020,226310772.91,0.1951,-0.5792,0,0
2020-11-16,sz.000166,5.18,5.23,5.15,5.21,48170406,250077773.58,0.2138,1.165,0,0
2020-11-17,sz.000166,5.21,5.22,5.15,5.21,45034952,233272683.43,0.1998,0.0,0,0
2020-11-18,sz.000166,5.21,5.29,5.2,5.23,57819499,303653973.26,0.2566,0.3839,0,0
2020-11-19,sz.000166,5.22,5.32,5.2,5.29,58718277,308964351.1,0.2606,1.1472,0,0
2020-11-20,sz.000166,5.28,5.31,5.26,5.3,45263050,239402484.91,0.2009,0.189,0,0
2020-11-23,sz.000166,5.27,5.49,5.27,5.4,136603385,736672748.79,0.6062,1.8868,0,0
2020-11-24,sz.000166,5.4,5.44,5.36,5.36,64590273,348451076.18,0.2866,-0.7407,0,0
2020-11-25,sz.000166,5.4,5.43,5.27,5.28,71882914,385114759.31,0.319,-1.4925,0,0
2020-11-26,sz.000166,5.26,5.33,5.25,5.3,45610701,241116920.86,0.2024,0.3788,0,0
2020-11-27,sz.000166,5.29,5.41,5.27,5.39,71784414,382538911.62,0.3185,1.6981,0,0
2020-11-30,sz.000166,5.41,5.54,5.37,5.4,168484109,921860518.73,0.7476,0.1855,0,0
2020-12-01,sz.000166,5.35,5.57,5.34,5.54,154243031,843704045.67,0.6844,2.5926,0,0
2020-12-02,sz.000166,5.5,5.6,5.47,5.51,137093151,758220328.52,0.6083,-0.5415,0,0
2020-12-03,sz.000166,5.49,5.59,5.44,5.53,124170998,684740872.96,0.551,0.363,0,0
2020-12-04,sz.000166,5.51,5.51,5.38,5.43,93812911,509265942.24,0.4163,-1.8083,0,0
2020-12-07,sz.000166,5.43,5.44,5.34,5.34,69035834,371645515.54,0.3063,-1.6575,0,0
2020-12-08,sz.000166,5.33,5.37,5.3,5.33,56116726,299545259.03,0.249,-0.1873,0,0
2020-12-09,sz.000166,5.33,5.37,5.16,5.17,73866958,389421649.6,0.3278,-3.0019,0,0
2020-12-10,sz.000166,5.16,5.21,5.11,5.15,65672430,338828625.7,0.2914,-0.3868,0,0
2020-12-11,sz.000166,5.16,5.16,5.04,5.09,78131919,397510352.92,0.3467,-1.165,0,0
2020-12-14,sz.000166,5.08,5.11,5.05,5.08,46263189,234841349.04,0.2053,-0.1965,0,0
2020-12-15,sz.000166,5.06,5.11,5.06,5.09,40640914,206540609.32,0.1803,0.1969,0,0
2020-12-16,sz.000166,5.09,5.11,5.03,5.04,43126009,218534830.55,0.1914,-0.9823,0,0
2020-12-17,sz.000166,5.04,5.16,5.0,5.15,72137558,366836594.46,0.3201,2.1825,0,0
2020-12-18,sz.000166,5.13,5.16,5.09,5.09,55224316,282966886.93,0.2451,-1.165,0,0
2020-12-21,sz.000166,5.1,5.17,5.07,5.14,48890533,251002342.28,0.2169,0.9823,0,0
2020-12-22,sz.000166,5.14,5.15,5.0,5.02,60935358,309081125.29,0.2704,-2.3346,0,0
2020-12-23,sz.000166,5.03,5.1,5.01,5.06,49222859,248423905.13,0.2184,0.7968,0,0
2020-12-24,sz.000166,5.05,5.09,5.01,5.03,39091471,196780902.27,0.1735,-0.5929,0,0
2020-12-25,sz.000166,5.02,5.09,4.99,5.08,48976810,247567779.47,0.2173,0.994,0,0
2020-12-28,sz.000166,5.07,5.14,5.04,5.08,55749330,283435948.35,0.2474,0.0,0,0
2020-12-29,sz.000166,5.11,5.16,5.08,5.11,68263574,349893298.45,0.3029,0.5906,0,0
2020-12-30,sz.000166,5.1,5.16,5.08,5.15,70054195,359242748.62,0.3109,0.7828,0,0
2020-12-31,sz.000166,5.17,5.34,5.16,5.28,139587546,735400318.32,0.6194,2.5243,0,0
2021-01-04,sz.000166,5.31,5.34,5.18,5.27,116348595,611323128.95,0.5163,-0.1894,0,0
2021-01-05,sz.000166,5.24,5.28,5.17,5.25,94176209,492118857.33,0.4179,-0.3795,0,0
2021-01-06,sz.000166,5.24,5.29,5.17,5.2,78355128,408752301.81,0.3477,-0.9524,0,0
2021-01-07,sz.000166,5.2,5.24,5.11,5.22,94765641,491156663.54,0.4205,0.3846,0,0
2021-01-08,sz.000166,5.23,5.27,5.18,5.25,89729900,469589740.92,0.3982,0.5747,0,0
2021-01-11,sz.000166,5.26,5.28,5.1,5.1,83464171,432879041.7,0.3704,-2.8571,0,0
2021-01-12,sz.000166,5.1,5.33,5.04,5.3,173308588,899709529.88,0.769,3.9216,0,0
2021-01-13,sz.000166,5.27,5.31,5.14,5.18,123121518,641505878.71,0.5463,-2.2642,0,0
2021-01-14,sz.000166,5.15,5.19,5.11,5.13,86223774,443225659.89,0.3826,-0.9653,0,0
2021-01-15,sz.000166,5.13,5.18,5.09,5.12,80199383,412203010.89,0.3559,-0.1949,0,0
2021-01-18,sz.000166,5.1,5.17,5.08,5.11,67096098,343611179.77,0.2977,-0.1953,0,0
2021-01-19,sz.000166,5.11,5.21,5.09,5.14,98110785,504896417.74,0.4354,0.5871,0,0
2021-01-20,sz.000166,5.12,5.17,5.08,5.1,97549881,499356657.97,0.4329,-0.7782,0,0
2021-01-21,sz.000166,5.1,5.16,5.04,5.09,115178115,587127832.41,0.5111,-0.1961,0,0
2021-01-22,sz.000166,5.07,5.09,4.98,4.98,114412379,573960524.89,0.5077,-2.1611,0,0
2021-01-25,sz.000166,4.98,4.98,4.77,4.81,138184750,672949289.52,0.6132,-3.4137,0,0
2021-01-26,sz.000166,4.77,4.83,4.72,4.73,70178555,334802904.36,0.3114,-1.6632,0,0
2021-01-27,sz.000166,4.74,4.8,4.74,4.77,43142703,205707751.29,0.1914,0.8457,0,0
2021-01-28,sz.000166,4.75,4.76,4.66,4.7,68045778,320097667.46,0.3019,-1.4675,0,0
2021-01-29,sz.000166,4.72,4.74,4.65,4.68,56305477,264716273.54,0.2499,-0.4255,0,0
2021-02-01,sz.000166,4.69,4.72,4.66,4.69,37617191,176406572.37,0.1669,0.2137,0,0
2021-02-02,sz.000166,4.68,4.72,4.67,4.71,40195832,188911338.46,0.1784,0.4264,0,0
2021-02-03,sz.000166,4.69,4.74,4.68,4.73,54470511,256923042.9,0.2417,0.4246,0,0
2021-02-04,sz.000166,4.7,4.73,4.52,4.61,70069476,323740800.42,0.3109,-2.537,0,0
2021-02-05,sz.000166,4.59,4.65,4.57,4.62,42450203,196011419.47,0.1884,0.2169,0,0
2021-02-08,sz.000166,4.61,4.65,4.58,4.63,32509298,150072226.49,0.1443,0.2165,0,0
2021-02-09,sz.000166,4.61,4.71,4.58,4.7,53073759,247068022.3,0.2355,1.5119,0,0
2021-02-10,sz.000166,4.69,4.71,4.66,4.68,33854407,158637886.72,0.1502,-0.4255,0,0
2021-02-18,sz.000166,4.72,4.78,4.71,4.73,63183517,299324578.48,0.2804,1.0684,0,0
2021-02-19,sz.000166,4.72,4.84,4.7,4.83,70661417,337712992.41,0.3136,2.1142,0,0
2021-02-22,sz.000166,4.84,4.92,4.8,4.8,85471311,415240639.11,0.3793,-0.6211,0,0
2021-02-23,sz.000166,4.78,4.83,4.77,4.78,48545714,233142490.29,0.2154,-0.4167,0,0
2021-02-24,sz.000166,4.79,4.86,4.78,4.82,59765430,288073035.95,0.2652,0.8368,0,0
2021-02-25,sz.000166,4.83,4.88,4.8,4.85,61850860,299588179.2,0.2745,0.6224,0,0
2021-02-26,sz.000166,4.8,4.85,4.77,4.8,59510023,286582269.63,0.2641,-1.0309,0,0
2021-03-01,sz.000166,4.81,4.82,4.75,4.79,75355725,360570566.33,0.3344,-0.2083,0,0
2021-03-02,sz.000166,4.8,4.82,4.72,4.74,46493505,221756144.32,0.2063,-1.0438,0,0
2021-03-03,sz.000166,4.74,4.8,4.73,4.79,42226688,201483364.02,0.1874,1.0549,0,0
2021-03-04,sz.000166,4.77,4.79,4.73,4.74,39338823,187351647.81,0.1746,-1.0438,0,0
2021-03-05,sz.000166,4.72,4.83,4.72,4.82,66552058,319409140.71,0.2953,1.6878,0,0
2021-03-08,sz.000166,4.83,4.87,4.78,4.79,62572127,302285086.87,0.2777,-0.6224,0,0
2021-03-09,sz.000166,4.76,4.81,4.69,4.71,69086836,327529704.44,0.3066,-1.6701,0,0
2021-03-10,sz.000166,4.72,4.74,4.66,4.66,53308110,250613222.88,0.2366,-1.0616,0,0
2021-03-11,sz.000166,4.67,4.72,4.65,4.7,43025661,201533168.39,0.1909,0.8584,0,0
2021-03-12,sz.000166,4.69,4.76,4.65,4.71,59602470,280125942.75,0.2645,0.2128,0,0
2021-03-15,sz.000166,4.69,4.72,4.67,4.68,39446377,185297079.83,0.175,-0.6369,0,0
2021-03-16,sz.000166,4.69,4.72,4.68,4.71,34397718,161777778.56,0.1526,0.641,0,0
2021-03-17,sz.000166,4.72,4.73,4.68,4.7,34153242,160662229.7,0.1516,-0.2123,0,0
2021-03-18,sz.000166,4.7,4.71,4.65,4.66,48808651,227997770.76,0.2166,-0.8511,0,0
2021-03-19,sz.000166,4.64,4.65,4.6,4.6,46334525,213957253.22,0.2056,-1.2876,0,0
2021-03-22,sz.000166,4.62,4.68,4.59,4.66,45217522,210091568.37,0.2007,1.3043,0,0
2021-03-23,sz.000166,4.66,4.72,4.65,4.69,49275482,230724286.75,0.2187,0.6438,0,0
2021-03-24,sz.000166,4.69,4.8,4.67,4.71,73254142,347237523.54,0.3251,0.4264,0,0
2021-03-25,sz.000166,4.69,4.76,4.69,4.72,49079734,232170498.33,0.2178,0.2123,0,0
2021-03-26,sz.000166,4.71,4.74,4.7,4.72,30697341,145022497.91,0.1362,0.0,0,0
2021-03-29,sz.000166,4.72,4.75,4.69,4.7,44111231,208020831.18,0.1957,-0.4237,0,0
2021-03-30,sz.000166,4.7,4.72,4.68,4.71,27893637,131112369.99,0.1238,0.2128,0,0
2021-03-31,sz.000166,4.7,4.71,4.63,4.64,43421629,202001331.76,0.1927,-1.4862,0,0
2021-04-01,sz.000166,4.66,4.66,4.62,4.65,28786213,133553852.03,0.1277,0.2155,0,0
2021-04-02,sz.000166,4.65,4.66,4.63,4.64,27175588,126075891.67,0.1206,-0.2151,0,0
2021-04-06,sz.000166,4.65,4.66,4.63,4.63,28680856,133075489.02,0.1273,-0.2155,0,0
2021-04-07,sz.000166,4.63,4.66,4.61,4.65,41413062,191917123.21,0.1838,0.432,0,0
2021-04-08,sz.000166,4.63,4.71,4.63,4.66,53661118,250572419.93,0.2381,0.2151,0,0
2021-04-09,sz.000166,4.65,4.66,4.62,4.64,31601883,146480295.4,0.1402,-0.4292,0,0
2021-04-12,sz.000166,4.63,4.64,4.59,4.61,34330741,158601378.68,0.1523,-0.6466,0,0
2021-04-13,sz.000166,4.6,4.61,4.55,4.57,40383435,184870698.7,0.1792,-0.8677,0,0
2021-04-14,sz.000166,4.57,4.59,4.56,4.58,29686495,135911453.55,0.1317,0.2188,0,0
2021-04-15,sz.000166,4.57,4.57,4.54,4.55,24476270,111372894.63,0.1086,-0.655,0,0
2021-04-16,sz.000166,4.56,4.59,4.55,4.57,34606889,157994569.42,0.1536,0.4396,0,0
2021-04-19,sz.000166,4.57,4.64,4.55,4.63,48980341,225516665.86,0.2173,1.3129,0,0
2021-04-20,sz.000166,4.63,4.64,4.58,4.6,41357123,190645340.29,0.1835,-0.6479,0,0
2021-04-21,sz.000166,4.58,4.61,4.57,4.57,23210005,106438743.57,0.103,-0.6522,0,0
2021-04-22,sz.000166,4.58,4.61,4.57,4.58,24803233,113780982.96,0.1101,0.2188,0,0
2021-04-23,sz.000166,4.58,4.58,4.54,4.56,22093511,100715143.18,0.098,-0.4367,0,0
2021-04-26,sz.000166,4.55,4.58,4.51,4.52,40181413,182881762.55,0.1783,-0.8772,0,0
2021-04-27,sz.000166,4.51,4.53,4.49,4.51,31837941,143606942.57,0.1413,-0.2212,0,0
2021-04-28,sz.000166,4.51,4.51,4.46,4.47,27842586,124831274.71,0.1235,-0.8869,0,0
2021-04-29,sz.000166,4.47,4.58,4.47,4.56,54037717,245553970.1,0.2398,2.0134,0,0
2021-04-30,sz.000166,4.55,4.56,4.48,4.52,43072229,194616673.71,0.1911,-0.8772,0,0
2021-05-06,sz.000166,4.53,4.56,4.51,4.53,37572557,170430173.01,0.1667,0.2212,0,0
2021-05-07,sz.000166,4.52,4.54,4.51,4.51,40523570,183440965.85,0.1798,-0.4415,0,0
2021-05-10,sz.000166,4.52,4.55,4.51,4.53,33055118,149698970.44,0.1467,0.4435,0,0
2021-05-11,sz.000166,4.52,4.62,4.51,4.6,56011696,256294202.18,0.2485,1.5453,0,0
2021-05-12,sz.000166,4.58,4.62,4.58,4.62,31850559,146502723.6,0.1413,0.4348,0,0
2021-05-13,sz.000166,4.6,4.63,4.59,4.62,40185328,185627760.07,0.1783,0.0,0,0
2021-05-14,sz.000166,4.63,4.83,4.62,4.82,166281503,789641111.25,0.7379,4.329,0,0
2021-05-17,sz.000166,4.7,4.74,4.65,4.67,104816406,491996958.93,0.4651,-3.112,0,0
2021-05-18,sz.000166,4.65,4.71,4.62,4.66,62107755,289431474.1,0.2756,-0.2141,0,0
2021-05-19,sz.000166,4.66,4.67,4.61,4.62,38213319,177237690.05,0.1696,-0.8584,0,0
2021-05-20,sz.000166,4.62,4.7,4.61,4.66,61897146,287781794.44,0.2747,0.8658,0,0
2021-05-21,sz.000166,4.65,4.68,4.61,4.62,38798122,180012941.04,0.1722,-0.8584,0,0
2021-05-24,sz.000166,4.62,4.71,4.62,4.68,64541878,301896166.88,0.2864,1.2987,0,0
2021-05-25,sz.000166,4.67,4.82,4.67,4.79,135976106,648549130.56,0.6034,2.3504,0,0
2021-05-26,sz.000166,4.77,4.84,4.76,4.77,112978306,542159933.59,0.5013,-0.4175,0,0
2021-05-27,sz.000166,4.75,4.79,4.72,4.79,85499133,406136872.5,0.3794,0.4193,0,0
2021-05-28,sz.000166,4.75,4.85,4.73,4.8,97355737,465634928.5,0.432,0.2088,0,0
2021-05-31,sz.000166,4.8,4.8,4.75,4.79,60464342,289124249.66,0.2683,-0.2083,0,0
2021-06-01,sz.000166,4.77,4.78,4.7,4.74,68828310,326073495.72,0.3054,-1.0438,0,0
2021-06-02,sz.000166,4.74,4.77,4.68,4.7,54421908,257055681.71,0.2415,-0.8439,0,0
2021-06-03,sz.000166,4.7,4.74,4.66,4.66,64017126,301215782.79,0.2841,-0.8511,0,0
2021-06-04,sz.000166,4.66,4.79,4.65,4.73,78152599,368502158.81,0.3468,1.5021,0,0
2021-06-07,sz.000166,4.73,4.76,4.69,4.7,44971240,212173822.32,0.1996,-0.6342,0,0
2021-06-08,sz.000166,4.68,4.75,4.68,4.71,48825608,230437559.6,0.2167,0.2128,0,0
2021-06-09,sz.000166,4.73,4.75,4.69,4.7,38474603,181517485.33,0.1707,-0.2123,0,0
2021-06-10,sz.000166,4.7,4.74,4.69,4.69,47789724,225217830.29,0.2121,-0.2128,0,0
2021-06-11,sz.000166,4.69,4.72,4.62,4.65,61666249,287961953.68,0.2736,-0.8529,0,0
2021-06-15,sz.000166,4.65,4.65,4.58,4.58,42636048,196540365.72,0.1892,-1.5054,0,0
2021-06-16,sz.000166,4.58,4.63,4.57,4.61,35899170,165231624.9,0.1593,0.655,0,0
2021-06-17,sz.000166,4.6,4.64,4.59,4.62,46800901,216231841.35,0.2077,0.2169,0,0
2021-06-18,sz.000166,4.62,4.66,4.6,4.63,41463631,192008957.79,0.184,0.2165,0,0
2021-06-21,sz.000166,4.63,4.67,4.61,4.62,42436698,196577136.88,0.1883,-0.216,0,0
2021-06-22,sz.000166,4.62,4.65,4.61,4.63,37203088,172224965.94,0.1651,0.2165,0,0
2021-06-23,sz.000166,4.63,4.65,4.59,4.64,42628733,197102093.77,0.1892,0.216,0,0
2021-06-24,sz.000166,4.64,4.7,4.63,4.67,52556915,245116397.67,0.2332,0.6466,0,0
2021-06-25,sz.000166,4.67,4.78,4.66,4.75,101197936,479594389.84,0.4491,1.7131,0,0
2021-06-28,sz.000166,4.75,4.76,4.7,4.71,41406251,195389592.99,0.1837,-0.8421,0,0
2021-06-29,sz.000166,4.72,4.73,4.64,4.67,45641930,214105841.39,0.2025,-0.8493,0,0
2021-06-30,sz.000166,4.66,4.7,4.65,4.68,36677394,171470123.7,0.1628,0.2141,0,0
2021-07-01,sz.000166,4.71,4.74,4.62,4.63,49980015,233697757.75,0.2218,-1.0684,0,0
2021-07-02,sz.000166,4.61,4.62,4.54,4.55,55021295,251921554.75,0.2442,-1.7279,0,0
2021-07-05,sz.000166,4.55,4.56,4.49,4.51,43501608,196560789.6,0.193,-0.8791,0,0
2021-07-06,sz.000166,4.51,4.54,4.49,4.52,39214432,176961357.15,0.174,0.2217,0,0
2021-07-07,sz.000166,4.51,4.54,4.49,4.51,42441411,191560490.55,0.1883,-0.2212,0,0
2021-07-08,sz.000166,4.52,4.53,4.47,4.49,38537740,173424116.29,0.171,-0.4435,0,0
2021-07-09,sz.000166,4.48,4.52,4.47,4.5,34272776,153948200.8,0.1521,0.2227,0,0
2021-07-12,sz.000166,4.55,4.56,4.5,4.5,68134902,308324907.76,0.3023,0.0,0,0
2021-07-13,sz.000166,4.5,4.51,4.48,4.5,36321603,163345274.54,0.1612,0.0,0,0
2021-07-14,sz.000166,4.51,4.51,4.45,4.45,44145531,197396631.8,0.1959,-1.1111,0,0
2021-07-15,sz.000166,4.45,4.48,4.42,4.46,33926379,151120231.37,0.1505,0.2247,0,0
2021-07-16,sz.000166,4.47,4.51,4.46,4.47,44615796,199840006.8,0.198,0.2242,0,0
2021-07-19,sz.000166,4.47,4.48,4.44,4.46,34186831,152303225.28,0.1517,-0.2237,0,0
2021-07-20,sz.000166,4.44,4.46,4.43,4.45,28284831,125684778.14,0.1255,-0.2242,0,0
2021-07-21,sz.000166,4.45,4.5,4.45,4.49,40735736,182419827.22,0.1808,0.8989,0,0
2021-07-22,sz.000166,4.48,4.53,4.47,4.51,48464272,218516239.76,0.2151,0.4454,0,0
2021-07-23,sz.000166,4.45,4.53,4.41,4.49,99253735,444166533.62,0.4404,1.8141,0,0
2021-07-26,sz.000166,4.47,4.51,4.42,4.43,56925614,253724764.29,0.2526,-1.3363,0,0
2021-07-27,sz.000166,4.43,4.45,4.35,4.37,54811152,241313934.5,0.2432,-1.3544,0,0
2021-07-28,sz.000166,4.35,4.38,4.27,4.28,67103594,290066457.69,0.2978,-2.0595,0,0
2021-07-29,sz.000166,4.3,4.33,4.26,4.3,49384307,211767654.22,0.2191,0.4673,0,0
2021-07-30,sz.000166,4.27,4.3,4.24,4.29,44624166,190680738.81,0.198,-0.2326,0,0
2021-08-02,sz.000166,4.28,4.45,4.24,4.38,71676203,311911368.86,0.3181,2.0979,0,0
2021-08-03,sz.000166,4.38,4.47,4.34,4.41,60453345,266499777.26,0.2683,0.6849,0,0
2021-08-04,sz.000166,4.4,4.43,4.37,4.4,30335449,133190351.31,0.1346,-0.2268,0,0
2021-08-05,sz.000166,4.38,4.43,4.35,4.35,38381418,168358652.91,0.1703,-1.1364,0,0
2021-08-06,sz.000166,4.35,4.37,4.31,4.33,34495573,149813442.63,0.1531,-0.4598,0,0
2021-08-09,sz.000166,4.31,4.43,4.31,4.4,46120202,202491560.72,0.2047,1.6166,0,0
2021-08-10,sz.000166,4.4,4.43,4.36,4.42,45106276,198492147.26,0.2002,0.4545,0,0
2021-08-11,sz.000166,4.41,4.44,4.39,4.4,42018243,185579223.82,0.1865,-0.4525,0,0
2021-08-12,sz.000166,4.39,4.41,4.38,4.39,28508808,125298201.87,0.1265,-0.2273,0,0
2021-08-13,sz.000166,4.39,4.41,4.37,4.4,36923718,161967323.24,0.1638,0.2278,0,0
2021-08-16,sz.000166,4.4,4.46,4.39,4.43,49793986,220753861.29,0.221,0.6818,0,0
2021-08-17,sz.000166,4.42,4.52,4.41,4.44,101938536,455952397.4,0.4523,0.2257,0,0
2021-08-18,sz.000166,4.42,4.69,4.42,4.67,224744295,1031606407.36,0.9973,5.1802,0,0
2021-08-19,sz.000166,4.65,4.74,4.6,4.64,153665092,716565860.64,0.6819,-0.6424,0,0
2021-08-20,sz.000166,4.63,4.67,4.58,4.65,84265658,390367672.05,0.3739,0.2155,0,0
2021-08-23,sz.000166,4.66,4.69,4.62,4.63,58610206,272342873.22,0.2601,-0.4301,0,0
2021-08-24,sz.000166,4.63,4.75,4.57,4.72,130945514,612629232.74,0.5811,1.9438,0,0
2021-08-25,sz.000166,4.72,4.73,4.66,4.67,77484366,363196414.22,0.3438,-1.0593,0,0
2021-08-26,sz.000166,4.68,4.74,4.65,4.66,69250172,325022259.07,0.3073,-0.2141,0,0
2021-08-27,sz.000166,4.64,4.71,4.64,4.64,53980641,251771880.55,0.2395,-0.4292,0,0
2021-08-30,sz.000166,4.65,4.68,4.58,4.62,62258463,288037038.25,0.2763,-0.431,0,0
2021-08-31,sz.000166,4.61,4.7,4.58,4.7,90736433,421536772.68,0.4026,1.7316,0,0
2021-09-01,sz.000166,4.67,4.89,4.66,4.8,167179253,799764184.44,0.7418,2.1277,0,0
2021-09-02,sz.000166,4.77,4.9,4.74,4.87,144926436,700174156.26,0.6431,1.4583,0,0
2021-09-03,sz.000166,5.36,5.36,5.19,5.34,734191120,3918089144.95,3.2579,9.6509,0,0
2021-09-06,sz.000166,5.36,5.87,5.33,5.87,798710544,4597643617.75,3.5442,9.9251,1,0
2021-09-07,sz.000166,5.75,6.28,5.52,6.07,948043808,5456662586.41,4.2069,3.4072,0,0
2021-09-08,sz.000166,5.9,6.26,5.79,5.83,566632048,3375026451.32,2.5144,-3.9539,0,0
2021-09-09,sz.000166,5.72,6.25,5.68,6.15,580218688,3469254079.32,2.5747,5.4889,0,0
2021-09-10,sz.000166,6.18,6.76,6.07,6.44,767108384,4964446281.15,3.404,4.7154,0,0
2021-09-13,sz.000166,6.3,6.62,6.26,6.55,489814160,3155838399.65,2.1735,1.7081,0,0
2021-09-14,sz.000166,6.48,6.5,6.11,6.15,485164000,3054282623.45,2.1529,-6.1069,0,0
2021-09-15,sz.000166,6.11,6.23,5.97,5.99,404583472,2459122921.59,1.7953,-2.6016,0,0
2021-09-16,sz.000166,5.99,6.14,5.88,6.07,425797056,2554178211.91,1.8894,1.3356,0,0
2021-09-17,sz.000166,6.01,6.1,5.87,5.96,335529744,2001988646.8,1.4889,-1.8122,0,0
2021-09-22,sz.000166,5.87,6.05,5.82,5.93,233380978,1385303680.04,1.0356,-0.5034,0,0
2021-09-23,sz.000166,6.01,6.1,5.93,6.04,321579488,1938283955.05,1.427,1.855,0,0
2021-09-24,sz.000166,6.04,6.06,5.73,5.77,296246224,1742932861.29,1.3146,-4.4702,0,0
2021-09-27,sz.000166,5.74,5.88,5.52,5.6,271481664,1551711922.88,1.2047,-2.9463,0,0
2021-09-28,sz.000166,5.58,5.68,5.57,5.59,188420221,1057056824.28,0.8361,-0.1786,0,0
2021-09-29,sz.000166,5.53,5.56,5.4,5.49,183062616,1003162380.77,0.8123,-1.7889,0,0
2021-09-30,sz.000166,5.52,5.55,5.36,5.5,166444259,908077765.61,0.7386,0.1821,0,0
2021-10-08,sz.000166,5.56,5.59,5.47,5.51,147129620,813135143.56,0.6529,0.1818,0,0
2021-10-11,sz.000166,5.51,5.54,5.36,5.37,151449086,822454896.15,0.672,-2.5408,0,0
2021-10-12,sz.000166,5.34,5.43,5.24,5.38,161766847,864747980.59,0.7178,0.1862,0,0
2021-10-13,sz.000166,5.36,5.44,5.28,5.4,108443390,581361686.13,0.4812,0.3717,0,0
2021-10-14,sz.000166,5.39,5.4,5.32,5.34,76647409,410916000.55,0.3401,-1.1111,0,0
2021-10-15,sz.000166,5.31,5.37,5.25,5.27,112897782,598282208.73,0.501,-1.3109,0,0
2021-10-18,sz.000166,5.29,5.42,5.26,5.39,112508809,602034451.22,0.4993,2.277,0,0
2021-10-19,sz.000166,5.36,5.47,5.35,5.39,120962115,653704673.63,0.5368,0.0,0,0
2021-10-20,sz.000166,5.39,5.45,5.36,5.41,100314514,542697840.76,0.4451,0.3711,0,0
2021-10-21,sz.000166,5.4,5.56,5.37,5.49,192425060,1052320051.41,0.8539,1.4787,0,0
2021-10-22,sz.000166,5.47,5.51,5.4,5.43,116945849,636266284.62,0.5189,-1.0929,0,0
2021-10-25,sz.000166,5.42,5.53,5.31,5.53,177222363,959488948.88,0.7864,1.8416,0,0
2021-10-26,sz.000166,5.46,5.54,5.38,5.39,102543252,559821935.2,0.455,-2.5316,0,0
2021-10-27,sz.000166,5.37,5.38,5.21,5.21,131953610,695836694.49,0.5855,-3.3395,0,0
2021-10-28,sz.000166,5.22,5.25,5.15,5.17,97091127,504408446.52,0.4308,-0.7678,0,0
2021-10-29,sz.000166,5.16,5.18,4.95,5.13,148988947,755368559.11,0.6611,-0.7737,0,0
2021-11-01,sz.000166,5.21,5.55,5.2,5.35,247816649,1341798141.48,1.0997,4.2885,0,0
2021-11-02,sz.000166,5.34,5.52,5.25,5.35,178916939,960156093.59,0.7939,0.0,0,0
2021-11-03,sz.000166,5.36,5.39,5.27,5.32,97571249,519913104.85,0.433,-0.5607,0,0
2021-11-04,sz.000166,5.37,5.46,5.29,5.33,113389897,607828362.74,0.5032,0.188,0,0
2021-11-05,sz.000166,5.3,5.42,5.25,5.35,127043127,679624883.15,0.5637,0.3752,0,0
2021-11-08,sz.000166,5.31,5.43,5.28,5.39,104127805,557663866.46,0.4621,0.7477,0,0
2021-11-09,sz.000166,5.45,5.7,5.41,5.62,271232448,1508902671.15,1.2036,4.2672,0,0
2021-11-10,sz.000166,5.56,5.69,5.56,5.65,184811656,1039581736.12,0.8201,0.5338,0,0
2021-11-11,sz.000166,5.62,5.81,5.61,5.76,265514126,1518186143.49,1.1782,1.9469,0,0
2021-11-12,sz.000166,5.74,5.75,5.57,5.63,205487556,1158681120.56,0.9118,-2.2569,0,0
2021-11-15,sz.000166,5.67,5.7,5.36,5.38,218667330,1196058449.88,0.9703,-4.4405,0,0
2021-11-16,sz.000166,5.35,5.36,5.16,5.18,178306434,936292372.32,0.7912,-3.7175,0,0
2021-11-17,sz.000166,5.15,5.22,5.13,5.16,90893548,469696093.25,0.4033,-0.3861,0,0
2021-11-18,sz.000166,5.16,5.17,5.09,5.09,92138206,471461805.78,0.4089,-1.3566,0,0
2021-11-19,sz.000166,5.09,5.22,5.08,5.18,121123981,624250461.57,0.5375,1.7682,0,0
2021-11-22,sz.000166,5.15,5.21,5.12,5.14,103300020,533320026.9,0.4584,-0.7722,0,0
2021-11-23,sz.000166,5.15,5.24,5.12,5.16,104971322,545273736.47,0.4658,0.3891,0,0
2021-11-24,sz.000166,5.15,5.19,5.14,5.16,70753875,365203722.18,0.314,0.0,0,0
2021-11-25,sz.000166,5.16,5.17,5.07,5.08,84250553,430297212.3,0.3739,-1.5504,0,0
2021-11-26,sz.000166,5.08,5.12,5.05,5.07,58012645,294732119.23,0.2574,-0.1969,0,0
2021-11-29,sz.000166,5.0,5.04,4.98,5.02,68942420,345822293.07,0.3059,-0.9862,0,0
2021-11-30,sz.000166,5.02,5.15,5.02,5.05,92578761,471159740.97,0.4108,0.5976,0,0
2021-12-01,sz.000166,5.05,5.15,5.04,5.11,74039364,377879713.28,0.3285,1.1881,0,0
2021-12-02,sz.000166,5.1,5.16,5.08,5.14,90005951,462007115.82,0.3994,0.5871,0,0
2021-12-03,sz.000166,5.13,5.16,5.07,5.13,77586378,396876945.05,0.3443,-0.1946,0,0
2021-12-06,sz.000166,5.15,5.3,5.13,5.17,172097502,899649676.46,0.7637,0.7797,0,0
2021-12-07,sz.000166,5.22,5.24,5.13,5.16,90088237,465755245.31,0.3998,-0.1934,0,0
2021-12-08,sz.000166,5.17,5.21,5.12,5.21,94539312,489607415.81,0.4195,0.969,0,0
2021-12-09,sz.000166,5.21,5.36,5.18,5.29,179528901,948685921.03,0.7966,1.5355,0,0
2021-12-10,sz.000166,5.25,5.35,5.22,5.32,163997869,867251993.11,0.7277,0.5671,0,0
2021-12-13,sz.000166,5.4,5.46,5.28,5.28,169918874,913153719.21,0.754,-0.7519,0,0
2021-12-14,sz.000166,5.23,5.28,5.16,5.18,93853427,489388111.12,0.4165,-1.8939,0,0
2021-12-15,sz.000166,5.19,5.24,5.16,5.18,72742404,377632304.41,0.3228,0.0,0,0
2021-12-16,sz.000166,5.19,5.22,5.16,5.2,80240243,416089513.54,0.3561,0.3861,0,0
2021-12-17,sz.000166,5.19,5.24,5.17,5.18,82305464,427899454.44,0.3652,-0.3846,0,0
2021-12-20,sz.000166,5.17,5.17,5.08,5.09,75320952,386125888.47,0.3342,-1.7375,0,0
2021-12-21,sz.000166,5.09,5.17,5.08,5.15,64756553,332179661.12,0.2874,1.1788,0,0
2021-12-22,sz.000166,5.15,5.17,5.11,5.12,42108673,216032465.69,0.1869,-0.5825,0,0
2021-12-23,sz.000166,5.12,5.14,5.09,5.1,52266949,267182399.32,0.2319,-0.3906,0,0
2021-12-24,sz.000166,5.11,5.12,5.06,5.06,46829927,238038278.09,0.2078,-0.7843,0,0
2021-12-27,sz.000166,5.07,5.1,5.06,5.08,39357445,199912036.25,0.1746,0.3953,0,0
2021-12-28,sz.000166,5.09,5.12,5.06,5.11,46204273,235072520.18,0.205,0.5906,0,0
2021-12-29,sz.000166,5.11,5.12,5.06,5.08,41394733,210904724.16,0.1837,-0.5871,0,0
2021-12-30,sz.000166,5.07,5.14,5.06,5.11,58881078,300667783.5,0.2613,0.5906,0,0
2021-12-31,sz.000166,5.11,5.14,5.1,5.12,49853308,255130340.92,0.2212,0.1957,0,0
2022-01-04,sz.000166,5.13,5.18,5.09,5.13,71476881,366351249.29,0.3172,0.1953,0,0
2022-01-05,sz.000166,5.12,5.16,5.11,5.12,55790778,286217602.97,0.2476,-0.1949,0,0
2022-01-06,sz.000166,5.11,5.12,5.06,5.08,64853686,329779334.48,0.2878,-0.7813,0,0
2022-01-07,sz.000166,5.08,5.12,5.08,5.08,47055120,239750093.94,0.2088,0.0,0,0
2022-01-10,sz.000166,5.09,5.12,5.08,5.11,38829531,198029536.94,0.1723,0.5906,0,0
2022-01-11,sz.000166,5.09,5.14,5.09,5.12,54121164,276937751.06,0.2402,0.1957,0,0
2022-01-12,sz.000166,5.12,5.15,5.09,5.13,53869484,276080254.05,0.239,0.1953,0,0
2022-01-13,sz.000166,5.14,5.22,5.13,5.14,66641490,344025249.71,0.2957,0.1949,0,0
2022-01-14,sz.000166,5.12,5.13,5.03,5.03,74753284,379479331.45,0.3317,-2.1401,0,0
2022-01-17,sz.000166,5.01,5.06,5.0,5.03,42597189,214344774.6,0.189,0.0,0,0
2022-01-18,sz.000166,5.03,5.07,5.01,5.07,52065677,262832882.02,0.231,0.7952,0,0
2022-01-19,sz.000166,5.06,5.1,5.02,5.04,49229191,248897497.05,0.2185,-0.5917,0,0
2022-01-20,sz.000166,5.03,5.13,5.02,5.08,91297144,463929195.89,0.4051,0.7937,0,0
2022-01-21,sz.000166,5.07,5.08,5.01,5.03,60318315,303752086.81,0.2677,-0.9843,0,0
2022-01-24,sz.000166,5.01,5.04,4.99,5.0,40453828,202724576.27,0.1795,-0.5964,0,0
2022-01-25,sz.000166,4.98,4.99,4.77,4.78,81813846,400064417.05,0.363,-4.4,0,0
2022-01-26,sz.000166,4.79,4.86,4.78,4.84,54516020,262495649.46,0.2419,1.2552,0,0
2022-01-27,sz.000166,4.83,4.83,4.69,4.71,58260121,277667820.27,0.2585,-2.686,0,0
2022-01-28,sz.000166,4.72,4.79,4.67,4.67,51505214,243635426.07,0.2286,-0.8493,0,0
2022-02-07,sz.000166,4.73,4.81,4.7,4.78,66988540,318844644.81,0.2973,2.3555,0,0
2022-02-08,sz.000166,4.77,4.87,4.75,4.87,69602890,335918460.32,0.3089,1.8828,0,0
2022-02-09,sz.000166,4.85,4.9,4.84,4.86,44352649,215891616.16,0.1968,-0.2053,0,0
2022-02-10,sz.000166,4.87,4.88,4.83,4.86,39037487,189593308.33,0.1732,0.0,0,0
2022-02-11,sz.000166,4.85,4.92,4.84,4.87,59992704,292462036.78,0.2662,0.2058,0,0
2022-02-14,sz.000166,4.84,4.84,4.71,4.74,70469395,336474250.61,0.3127,-2.6694,0,0
2022-02-15,sz.000166,4.74,4.77,4.73,4.76,37581869,178655133.1,0.1668,0.4219,0,0
2022-02-16,sz.000166,4.78,4.82,4.73,4.75,41543833,198221887.77,0.1843,-0.2101,0,0
2022-02-17,sz.000166,4.74,4.76,4.72,4.73,39435675,186932786.38,0.175,-0.4211,0,0
2022-02-18,sz.000166,4.72,4.77,4.7,4.75,33912907,160600736.3,0.1505,0.4228,0,0
2022-02-21,sz.000166,4.76,4.81,4.74,4.8,42698525,203604342.06,0.1895,1.0526,0,0
2022-02-22,sz.000166,4.78,4.79,4.71,4.73,46199816,219184686.35,0.205,-1.4583,0,0
2022-02-23,sz.000166,4.72,4.75,4.71,4.74,40895237,193521740.75,0.1815,0.2114,0,0
2022-02-24,sz.000166,4.72,4.73,4.56,4.59,87157908,404351994.81,0.3868,-3.1646,0,0
2022-02-25,sz.000166,4.62,4.65,4.59,4.62,40369778,186442958.52,0.1791,0.6536,0,0
2022-02-28,sz.000166,4.62,4.63,4.57,4.58,37178773,170638824.0,0.165,-0.8658,0,0
2022-03-01,sz.000166,4.6,4.63,4.58,4.62,37779256,173951402.0,0.1676,0.8734,0,0
2022-03-02,sz.000166,4.6,4.68,4.6,4.66,48497198,225071225.0,0.2152,0.8658,0,0
2022-03-03,sz.000166,4.66,4.7,4.65,4.66,43218167,201939358.0,0.1918,0.0,0,0
2022-03-04,sz.000166,4.65,4.66,4.6,4.61,38337685,177193460.0,0.1701,-1.073,0,0
2022-03-07,sz.000166,4.61,4.62,4.53,4.54,48261080,221195284.0,0.2142,-1.5184,0,0
2022-03-08,sz.000166,4.54,4.58,4.45,4.45,55515798,250639561.0,0.2463,-1.9824,0,0
2022-03-09,sz.000166,4.46,4.49,4.22,4.34,88849083,387285840.0,0.3943,-2.4719,0,0
2022-03-10,sz.000166,4.41,4.43,4.33,4.33,51098970,223434115.0,0.2267,-0.2304,0,0
2022-03-11,sz.000166,4.28,4.43,4.22,4.42,85583092,370239328.0,0.3798,2.0785,0,0
2022-03-14,sz.000166,4.37,4.45,4.35,4.37,61895449,272316368.0,0.2747,-1.1312,0,0
2022-03-15,sz.000166,4.35,4.4,4.23,4.24,77780852,336067168.0,0.3451,-2.9748,0,0
2022-03-16,sz.000166,4.28,4.46,4.22,4.44,114156705,497695312.0,0.5066,4.717,0,0
2022-03-17,sz.000166,4.46,4.48,4.37,4.38,114649939,505606800.0,0.5088,-1.3514,0,0
2022-03-18,sz.000166,4.36,4.42,4.35,4.39,64328165,281993360.06,0.2855,0.2283,0,0
2022-03-21,sz.000166,4.37,4.39,4.32,4.34,64819709,282351758.22,0.2876,-1.139,0,0
2022-03-22,sz.000166,4.32,4.4,4.31,4.36,57947225,252214304.03,0.2571,0.4608,0,0
2022-03-23,sz.000166,4.35,4.37,4.33,4.35,37662520,163836585.23,0.1671,-0.2294,0,0
2022-03-24,sz.000166,4.33,4.34,4.28,4.3,48549229,209225115.34,0.2154,-1.1494,0,0
2022-03-25,sz.000166,4.28,4.34,4.27,4.28,45526753,195689753.1,0.202,-0.4651,0,0
2022-03-28,sz.000166,4.26,4.32,4.23,4.31,41385482,177137940.37,0.1836,0.7009,0,0
2022-03-29,sz.000166,4.32,4.34,4.3,4.32,34500774,149122024.48,0.1531,0.232,0,0
2022-03-30,sz.000166,4.34,4.44,4.33,4.41,81548130,357969891.72,0.3619,2.0833,0,0
2022-03-31,sz.000166,4.4,4.44,4.38,4.38,61773585,271982950.21,0.2741,-0.6803,0,0
2022-04-01,sz.000166,4.37,4.45,4.36,4.44,71959460,318054413.88,0.3193,1.3699,0,0
2022-04-06,sz.000166,4.43,4.5,4.41,4.48,80172124,358368862.5,0.3558,0.9009,0,0
2022-04-07,sz.000166,4.47,4.51,4.37,4.38,71449880,316815813.2,0.3171,-2.2321,0,0
2022-04-08,sz.000166,4.38,4.44,4.33,4.44,59300060,260545818.73,0.2631,1.3699,0,0
2022-04-11,sz.000166,4.43,4.45,4.34,4.36,57935073,254648354.34,0.2571,-1.8018,0,0
2022-04-12,sz.000166,4.36,4.49,4.33,4.47,79313871,351137137.89,0.352,2.5229,0,0
2022-04-13,sz.000166,4.46,4.49,4.41,4.42,60824811,270287688.37,0.2699,-1.1186,0,0
2022-04-14,sz.000166,4.45,4.49,4.43,4.45,64076206,285462469.07,0.2843,0.6787,0,0
2022-04-15,sz.000166,4.42,4.46,4.38,4.39,56039044,247403325.48,0.2487,-1.3483,0,0
2022-04-18,sz.000166,4.36,4.36,4.31,4.33,52033444,225824811.27,0.2309,-1.3667,0,0
2022-04-19,sz.000166,4.33,4.38,4.32,4.34,38640600,167853891.38,0.1715,0.2309,0,0
2022-04-20,sz.000166,4.34,4.35,4.29,4.3,42890036,185286860.38,0.1903,-0.9217,0,0
2022-04-21,sz.000166,4.29,4.35,4.26,4.28,66583728,286103867.99,0.2955,-0.4651,0,0
2022-04-22,sz.000166,4.26,4.32,4.25,4.31,47880975,205374300.18,0.2125,0.7009,0,0
2022-04-25,sz.000166,4.25,4.33,4.15,4.15,99867673,425505082.31,0.4432,-3.7123,0,0
2022-04-26,sz.000166,4.16,4.18,3.96,3.97,90011116,365082387.61,0.3994,-4.3373,0,0
2022-04-27,sz.000166,3.93,4.05,3.9,4.03,64798618,258121915.06,0.2875,1.5113,0,0
2022-04-28,sz.000166,4.0,4.02,3.91,3.96,57390136,228004495.71,0.2547,-1.737,0,0
2022-04-29,sz.000166,4.04,4.13,4.01,4.09,79241960,322582486.62,0.3516,3.2828,0,0
2022-05-05,sz.000166,4.06,4.07,4.0,4.03,69144151,278240217.19,0.3068,-1.467,0,0
2022-05-06,sz.000166,3.98,3.98,3.92,3.93,46810037,185112295.68,0.2077,-2.4814,0,0
2022-05-09,sz.000166,3.93,3.97,3.92,3.96,29246172,115623335.12,0.1298,0.7634,0,0
2022-05-10,sz.000166,3.92,4.01,3.91,3.99,46540903,185042640.23,0.2065,0.7576,0,0
2022-05-11,sz.000166,3.99,4.08,3.97,3.98,65072660,261503374.68,0.2888,-0.2506,0,0
2022-05-12,sz.000166,3.97,4.02,3.95,3.98,41342328,164306727.29,0.1835,0.0,0,0
2022-05-13,sz.000166,3.98,4.02,3.97,4.0,38743146,154676905.49,0.1719,0.5025,0,0
2022-05-16,sz.000166,4.02,4.04,3.98,3.99,39422880,157548502.26,0.1749,-0.25,0,0
2022-05-17,sz.000166,3.99,4.01,3.96,3.99,30499762,121613412.85,0.1353,0.0,0,0
2022-05-18,sz.000166,4.0,4.03,3.98,4.01,35545223,142312064.67,0.1577,0.5013,0,0
2022-05-19,sz.000166,3.98,4.0,3.96,4.0,30461141,121261350.04,0.1352,-0.2494,0,0
2022-05-20,sz.000166,4.0,4.05,3.99,4.04,53199780,214482208.76,0.2361,1.0,0,0
2022-05-23,sz.000166,4.04,4.07,4.01,4.05,44737334,180727770.18,0.1985,0.2475,0,0
2022-05-24,sz.000166,4.06,4.09,3.97,3.97,56896451,229297762.43,0.2525,-1.9753,0,0
2022-05-25,sz.000166,3.97,4.0,3.97,4.0,32415847,129295949.14,0.1438,0.7557,0,0
2022-05-26,sz.000166,4.0,4.09,3.98,4.06,58458739,236229180.04,0.2594,1.5,0,0
2022-05-27,sz.000166,4.07,4.08,4.02,4.04,41619709,168678556.51,0.1847,-0.4926,0,0
2022-05-30,sz.000166,4.04,4.05,4.01,4.02,33456383,134807917.6,0.1485,-0.495,0,0
2022-05-31,sz.000166,4.02,4.07,4.01,4.05,49213911,198981806.01,0.2184,0.7463,0,0
2022-06-01,sz.000166,4.05,4.06,4.02,4.03,30802978,124419955.47,0.1367,-0.4938,0,0
2022-06-02,sz.000166,4.03,4.06,4.01,4.05,41044357,165903009.68,0.1821,0.4963,0,0
2022-06-06,sz.000166,4.05,4.12,4.03,4.11,70811819,289113341.38,0.3142,1.4815,0,0
2022-06-07,sz.000166,4.11,4.16,4.07,4.08,82498455,338683013.74,0.3661,-0.7299,0,0
2022-06-08,sz.000166,4.08,4.15,4.07,4.14,105805804,434721297.16,0.4695,1.4706,0,0
2022-06-09,sz.000166,4.14,4.2,4.1,4.11,139621592,579357582.61,0.6196,-0.7246,0,0
2022-06-10,sz.000166,4.08,4.23,4.06,4.18,201975891,834853706.49,0.8963,1.7032,0,0
2022-06-13,sz.000166,4.14,4.19,4.12,4.16,122534500,509026483.65,0.5437,-0.4785,0,0
2022-06-14,sz.000166,4.12,4.38,4.09,4.36,183807366,776422147.6,0.8156,4.8077,0,0
2022-06-15,sz.000166,4.38,4.65,4.36,4.46,331913744,1499086845.67,1.4728,2.2936,0,0
2022-06-16,sz.000166,4.48,4.49,4.31,4.32,172547360,758099441.51,0.7657,-3.139,0,0
2022-06-17,sz.000166,4.29,4.37,4.23,4.31,106763046,458834238.4,0.4738,-0.2315,0,0
2022-06-20,sz.000166,4.29,4.34,4.26,4.27,66752640,286247957.31,0.2962,-0.9281,0,0
2022-06-21,sz.000166,4.27,4.31,4.25,4.28,66738742,285760602.53,0.2961,0.2342,0,0
2022-06-22,sz.000166,4.28,4.29,4.18,4.19,88161166,373309420.99,0.3912,-2.1028,0,0
2022-06-23,sz.000166,4.19,4.32,4.17,4.29,91413585,389048773.37,0.4056,2.3866,0,0
2022-06-24,sz.000166,4.3,4.3,4.25,4.26,63860747,273016401.6,0.2834,-0.6993,0,0
2022-06-27,sz.000166,4.26,4.29,4.23,4.24,64644149,275770667.75,0.2869,-0.4695,0,0
2022-06-28,sz.000166,4.23,4.33,4.21,4.31,67277248,286902008.85,0.2985,1.6509,0,0
2022-06-29,sz.000166,4.29,4.34,4.25,4.26,78479813,337599363.26,0.3482,-1.1601,0,0
2022-06-30,sz.000166,4.26,4.32,4.25,4.29,54786926,235230779.34,0.2431,0.7042,0,0
2022-07-01,sz.000166,4.29,4.3,4.23,4.24,50813678,216304232.55,0.2255,-1.1655,0,0
2022-07-04,sz.000166,4.23,4.26,4.2,4.24,52715672,222631384.93,0.2339,0.0,0,0
2022-07-05,sz.000166,4.23,4.25,4.17,4.2,53009833,222999024.77,0.2352,-0.9434,0,0
2022-07-06,sz.000166,4.2,4.2,4.16,4.17,43930069,183481249.72,0.1949,-0.7143,0,0
2022-07-07,sz.000166,4.17,4.2,4.16,4.16,31133772,130077167.11,0.1382,-0.2398,0,0
2022-07-08,sz.000166,4.18,4.2,4.16,4.17,32223589,134589714.93,0.143,0.2404,0,0
2022-07-11,sz.000166,4.16,4.18,4.13,4.14,35165073,146135637.32,0.156,-0.7194,0,0
2022-07-12,sz.000166,4.15,4.22,4.14,4.17,44653957,186570754.26,0.1981,0.7246,0,0
2022-07-13,sz.000166,4.16,4.2,4.16,4.17,33726291,140974861.93,0.1497,0.0,0,0
2022-07-14,sz.000166,4.17,4.18,4.14,4.17,26531978,110462933.53,0.1177,0.0,0,0
2022-07-15,sz.000166,4.16,4.17,4.03,4.04,56940643,233725131.22,0.2527,-3.1175,0,0
2022-07-18,sz.000166,4.04,4.13,4.04,4.1,39540249,161935528.96,0.1755,1.4851,0,0
2022-07-19,sz.000166,4.11,4.15,4.08,4.13,38605850,158823386.29,0.1713,0.7317,0,0
2022-07-20,sz.000166,4.14,4.16,4.13,4.15,25658749,106340656.15,0.1139,0.4843,0,0
2022-07-21,sz.000166,4.14,4.19,4.13,4.14,37274119,155103389.16,0.1654,-0.241,0,0
2022-07-22,sz.000166,4.15,4.2,4.13,4.15,34394019,143151012.77,0.1526,0.2415,0,0
2022-07-25,sz.000166,4.16,4.17,4.12,4.12,19903441,82358846.87,0.0883,-0.7229,0,0
2022-07-26,sz.000166,4.13,4.17,4.12,4.15,21888770,90801675.75,0.0971,0.7282,0,0
2022-07-27,sz.000166,4.15,4.16,4.11,4.13,26264492,108720893.09,0.1165,-0.4819,0,0
2022-07-28,sz.000166,4.14,4.19,4.14,4.16,38380405,160019700.95,0.1703,0.7264,0,0
2022-07-29,sz.000166,4.17,4.18,4.12,4.13,36610314,151905167.77,0.1625,-0.7212,0,0
2022-08-01,sz.000166,4.12,4.14,4.08,4.1,31475809,129249546.0,0.1397,-0.7264,0,0
2022-08-02,sz.000166,4.08,4.08,3.96,4.02,74023430,297145213.54,0.3285,-1.9512,0,0
2022-08-03,sz.000166,4.01,4.06,4.01,4.02,35652466,143865508.27,0.1582,0.0,0,0
2022-08-04,sz.000166,4.03,4.06,4.01,4.04,28618604,115570319.42,0.127,0.4975,0,0
2022-08-05,sz.000166,3.98,4.03,3.96,4.02,48757086,194911537.34,0.2164,2.0305,0,0
2022-08-08,sz.000166,4.03,4.08,4.01,4.07,35001640,141913483.17,0.1553,1.2438,0,0
2022-08-09,sz.000166,4.07,4.07,4.04,4.04,27235411,110352707.79,0.1209,-0.7371,0,0
2022-08-10,sz.000166,4.04,4.1,4.02,4.04,31998658,129851369.42,0.142,0.0,0,0
2022-08-11,sz.000166,4.07,4.2,4.06,4.18,111013068,460046751.59,0.4926,3.4653,0,0
2022-08-12,sz.000166,4.15,4.21,4.14,4.19,79669065,333645236.42,0.3535,0.2392,0,0
2022-08-15,sz.000166,4.18,4.2,4.15,4.16,43337678,180833815.52,0.1923,-0.716,0,0
2022-08-16,sz.000166,4.18,4.21,4.16,4.18,35122939,146879693.54,0.1559,0.4808,0,0
2022-08-17,sz.000166,4.19,4.25,4.16,4.24,64232949,270941180.89,0.285,1.4354,0,0
2022-08-18,sz.000166,4.23,4.23,4.17,4.18,38901640,163124204.92,0.1726,-1.4151,0,0
2022-08-19,sz.000166,4.18,4.22,4.17,4.19,40510295,170207662.15,0.1798,0.2392,0,0
2022-08-22,sz.000166,4.17,4.21,4.16,4.17,36939347,154502021.58,0.1639,-0.4773,0,0
2022-08-23,sz.000166,4.17,4.24,4.16,4.18,49381906,206971150.14,0.2191,0.2398,0,0
2022-08-24,sz.000166,4.18,4.25,4.13,4.14,63110620,264142690.35,0.28,-0.9569,0,0
2022-08-25,sz.000166,4.16,4.22,4.13,4.2,53036387,221275885.64,0.2353,1.4493,0,0
2022-08-26,sz.000166,4.21,4.22,4.16,4.17,37683164,157661778.48,0.1672,-0.7143,0,0
2022-08-29,sz.000166,4.14,4.17,4.13,4.14,37884535,156821857.75,0.1681,-0.7194,0,0
2022-08-30,sz.000166,4.14,4.18,4.11,4.15,42174274,174783300.61,0.1871,0.2415,0,0
2022-08-31,sz.000166,4.15,4.2,4.13,4.18,76696806,320231802.63,0.3403,0.7229,0,0
2022-09-01,sz.000166,4.18,4.22,4.15,4.2,61429350,258112462.94,0.2726,0.4785,0,0
2022-09-02,sz.000166,4.2,4.22,4.14,4.16,48718705,203318006.3,0.2162,-0.9524,0,0
2022-09-05,sz.000166,4.15,4.25,4.14,4.24,57443189,241117604.7,0.2549,1.9231,0,0
2022-09-06,sz.000166,4.25,4.27,4.23,4.26,64595873,274652989.65,0.2866,0.4717,0,0
2022-09-07,sz.000166,4.25,4.25,4.22,4.24,37896895,160426331.28,0.1682,-0.4695,0,0
2022-09-08,sz.000166,4.24,4.25,4.21,4.23,34292192,144995973.08,0.1522,-0.2358,0,0
2022-09-09,sz.000166,4.23,4.3,4.22,4.27,63218840,269789466.05,0.2805,0.9456,0,0
2022-09-13,sz.000166,4.28,4.29,4.24,4.25,49419416,210960488.03,0.2193,-0.4684,0,0
2022-09-14,sz.000166,4.2,4.22,4.18,4.2,49280048,206953508.76,0.2187,-1.1765,0,0
2022-09-15,sz.000166,4.2,4.23,4.15,4.18,54440181,228547229.46,0.2416,-0.4762,0,0
2022-09-16,sz.000166,4.17,4.17,4.0,4.01,100255737,407404898.87,0.4449,-4.067,0,0
2022-09-19,sz.000166,4.03,4.05,3.99,4.0,40158866,161222626.46,0.1782,-0.2494,0,0
2022-09-20,sz.000166,4.01,4.05,4.0,4.01,29744220,119544705.15,0.132,0.25,0,0
2022-09-21,sz.000166,4.0,4.03,3.96,4.0,43033228,171766864.35,0.191,-0.2494,0,0
2022-09-22,sz.000166,3.98,4.02,3.98,4.01,28426101,113681828.35,0.1261,0.25,0,0
2022-09-23,sz.000166,4.0,4.05,3.99,4.02,39882998,160224730.23,0.177,0.2494,0,0
2022-09-26,sz.000166,4.0,4.02,3.92,3.92,45757069,181706243.84,0.203,-2.4876,0,0
2022-09-27,sz.000166,3.93,3.96,3.91,3.95,29010902,114093287.74,0.1287,0.7653,0,0
2022-09-28,sz.000166,3.95,3.95,3.9,3.91,30188921,118350052.23,0.134,-1.0127,0,0
2022-09-29,sz.000166,3.94,3.95,3.81,3.85,53305969,206436660.3,0.2365,-1.5345,0,0
2022-09-30,sz.000166,3.84,3.88,3.83,3.86,33277723,128537016.72,0.1477,0.2597,0,0
2022-10-10,sz.000166,3.86,3.89,3.82,3.82,35164479,135537136.25,0.156,-1.0363,0,0
2022-10-11,sz.000166,3.83,3.91,3.82,3.88,33990784,131291423.26,0.1508,1.5707,0,0
2022-10-12,sz.000166,3.86,3.95,3.86,3.94,43080467,168151725.77,0.1912,1.5464,0,0
2022-10-13,sz.000166,3.93,3.97,3.91,3.96,33746141,132980124.85,0.1497,0.5076,0,0
2022-10-14,sz.000166,3.97,4.0,3.96,3.97,37758528,150251180.15,0.1676,0.2525,0,0
2022-10-17,sz.000166,3.95,3.98,3.93,3.97,30925002,122600186.08,0.1372,0.0,0,0
2022-10-18,sz.000166,3.98,3.99,3.94,3.95,31214633,123554467.93,0.1385,-0.5038,0,0
2022-10-19,sz.000166,3.94,3.96,3.91,3.92,22275316,87575950.09,0.0988,-0.7595,0,0
2022-10-20,sz.000166,3.91,3.98,3.9,3.95,30474518,120062064.21,0.1352,0.7653,0,0
2022-10-21,sz.000166,4.04,4.06,3.95,3.96,46183558,184683794.29,0.2049,0.2532,0,0
2022-10-24,sz.000166,3.97,4.03,3.89,3.91,51874096,205749477.3,0.2302,-1.2626,0,0
2022-10-25,sz.000166,3.91,3.97,3.86,3.93,40081238,156696337.72,0.1779,0.5115,0,0
2022-10-26,sz.000166,3.93,3.99,3.92,3.94,40276462,159127368.58,0.1787,0.2545,0,0
2022-10-27,sz.000166,3.94,3.97,3.92,3.94,32157637,126937856.33,0.1427,0.0,0,0
2022-10-28,sz.000166,3.93,3.95,3.87,3.88,48432348,189631519.78,0.2149,-1.5228,0,0
2022-10-31,sz.000166,3.89,3.94,3.87,3.89,40540243,158155960.83,0.1799,0.2577,0,0
2022-11-01,sz.000166,3.9,3.99,3.89,3.98,48841637,192887468.71,0.2167,2.3136,0,0
2022-11-02,sz.000166,3.98,4.01,3.97,3.99,38359110,152870130.1,0.1702,0.2513,0,0
2022-11-03,sz.000166,3.96,3.98,3.95,3.97,24315735,96373875.5,0.1079,-0.5013,0,0
2022-11-04,sz.000166,3.97,4.05,3.96,4.03,57786967,232057178.1,0.2564,1.5113,0,0
2022-11-07,sz.000166,4.02,4.08,4.0,4.05,48138801,194483361.6,0.2136,0.4963,0,0
2022-11-08,sz.000166,4.04,4.06,4.0,4.02,30893735,124283883.35,0.1371,-0.7407,0,0
2022-11-09,sz.000166,4.02,4.03,3.99,4.0,23804716,95410948.53,0.1056,-0.4975,0,0
2022-11-10,sz.000166,3.99,4.03,3.97,4.01,27712285,110980650.51,0.123,0.25,0,0
2022-11-11,sz.000166,4.07,4.11,4.03,4.07,76063797,309497415.5,0.3375,1.4963,0,0
2022-11-14,sz.000166,4.08,4.14,4.07,4.08,74296995,304428256.39,0.3297,0.2457,0,0
2022-11-15,sz.000166,4.07,4.22,4.05,4.18,122262042,508080661.25,0.5425,2.451,0,0
2022-11-16,sz.000166,4.16,4.17,4.12,4.12,56698019,234803933.84,0.2516,-1.4354,0,0
2022-11-17,sz.000166,4.11,4.14,4.09,4.14,49635339,204562447.52,0.2203,0.4854,0,0
2022-11-18,sz.000166,4.14,4.14,4.08,4.08,43200471,177727896.82,0.1917,-1.4493,0,0
2022-11-21,sz.000166,4.07,4.09,4.04,4.06,34595399,140254691.0,0.1535,-0.4902,0,0
2022-11-22,sz.000166,4.05,4.11,4.04,4.08,44603711,181773139.51,0.1979,0.4926,0,0
2022-11-23,sz.000166,4.07,4.12,4.07,4.1,40813774,167011773.58,0.1811,0.4902,0,0
2022-11-24,sz.000166,4.1,4.12,4.06,4.07,35498540,145115573.79,0.1575,-0.7317,0,0
2022-11-25,sz.000166,4.05,4.12,4.05,4.1,45772208,187341483.25,0.2031,0.7371,0,0
2022-11-28,sz.000166,4.06,4.07,4.01,4.05,45025674,182013071.16,0.1998,-1.2195,0,0
2022-11-29,sz.000166,4.05,4.18,4.05,4.15,85778631,353814375.73,0.3806,2.4691,0,0
2022-11-30,sz.000166,4.15,4.18,4.13,4.13,55502275,230275795.61,0.2463,-0.4819,0,0
2022-12-01,sz.000166,4.17,4.22,4.12,4.13,89781459,374044517.35,0.3984,0.0,0,0
2022-12-02,sz.000166,4.13,4.15,4.11,4.12,46681492,192606378.16,0.2071,-0.2421,0,0
2022-12-05,sz.000166,4.15,4.22,4.14,4.21,92544570,387830534.25,0.4107,2.1845,0,0
2022-12-06,sz.000166,4.2,4.23,4.18,4.19,57925441,243382700.71,0.257,-0.4751,0,0
2022-12-07,sz.000166,4.19,4.21,4.14,4.17,57986022,241957664.72,0.2573,-0.4773,0,0
2022-12-08,sz.000166,4.16,4.18,4.14,4.15,36712374,152553841.95,0.1629,-0.4796,0,0
2022-12-09,sz.000166,4.17,4.18,4.12,4.18,63393596,263365719.38,0.2813,0.7229,0,0
2022-12-12,sz.000166,4.17,4.17,4.08,4.09,60185951,247975011.04,0.2671,-2.1531,0,0
2022-12-13,sz.000166,4.09,4.12,4.08,4.1,31874546,130564322.21,0.1414,0.2445,0,0
2022-12-14,sz.000166,4.09,4.13,4.08,4.1,35403216,145178890.39,0.1571,0.0,0,0
2022-12-15,sz.000166,4.09,4.12,4.07,4.08,27683357,113099854.81,0.1228,-0.4878,0,0
2022-12-16,sz.000166,4.06,4.1,4.05,4.1,32279320,131673862.15,0.1432,0.4902,0,0
2022-12-19,sz.000166,4.09,4.11,3.98,4.0,53765865,216814819.24,0.2386,-2.439,0,0
2022-12-20,sz.000166,3.99,4.01,3.97,3.98,33783415,134625372.96,0.1499,-0.5,0,0
2022-12-21,sz.000166,3.98,4.0,3.96,3.96,20067422,79818564.96,0.089,-0.5025,0,0
2022-12-22,sz.000166,3.98,4.0,3.93,3.95,24871805,98709860.27,0.1104,-0.2525,0,0
2022-12-23,sz.000166,3.94,3.98,3.93,3.96,19094982,75517482.83,0.0847,0.2532,0,0
2022-12-26,sz.000166,3.97,3.98,3.95,3.96,24079934,95577842.64,0.1069,0.0,0,0
2022-12-27,sz.000166,3.98,4.0,3.97,3.99,20717128,82653072.27,0.0919,0.7576,0,0
2022-12-28,sz.000166,3.98,4.0,3.97,3.99,19890252,79199081.22,0.0883,0.0,0,0
2022-12-29,sz.000166,3.97,3.99,3.95,3.97,28723533,114034979.9,0.1275,-0.5013,0,0
2022-12-30,sz.000166,3.99,4.0,3.97,3.98,30837013,122887983.27,0.1368,0.2519,0,0
2023-01-03,sz.000166,3.97,4.0,3.93,3.98,46493185,184020302.79,0.2063,0.0,0,0
2023-01-04,sz.000166,3.98,4.0,3.97,3.99,33025765,131632788.64,0.1465,0.2513,0,0
2023-01-05,sz.000166,4.0,4.03,3.99,4.02,40737018,163437189.93,0.1808,0.7519,0,0
2023-01-06,sz.000166,4.01,4.03,4.0,4.01,32766266,131511990.18,0.1454,-0.2488,0,0
2023-01-09,sz.000166,4.01,4.07,4.01,4.03,44562874,180014946.96,0.1977,0.4988,0,0
2023-01-10,sz.000166,4.04,4.06,4.01,4.02,37176014,150036578.07,0.165,-0.2481,0,0
2023-01-11,sz.000166,4.02,4.04,4.0,4.01,25748771,103502718.39,0.1143,-0.2488,0,0
2023-01-12,sz.000166,4.0,4.03,3.98,4.02,33368400,133573019.6,0.1481,0.2494,0,0
2023-01-13,sz.000166,4.03,4.07,4.01,4.07,55778442,225287905.73,0.2475,1.2438,0,0
2023-01-16,sz.000166,4.07,4.21,4.06,4.15,151051113,627366365.79,0.6703,1.9656,0,0
2023-01-17,sz.000166,4.15,4.19,4.13,4.18,79210149,329701194.97,0.3515,0.7229,0,0
2023-01-18,sz.000166,4.18,4.2,4.17,4.18,52815457,221271427.68,0.2344,0.0,0,0
2023-01-19,sz.000166,4.18,4.24,4.16,4.24,72527793,305546236.72,0.3218,1.4354,0,0
2023-01-20,sz.000166,4.23,4.24,4.19,4.21,73749055,310207560.65,0.3273,-0.7075,0,0
2023-01-30,sz.000166,4.25,4.27,4.17,4.18,70872426,298159184.26,0.3145,-0.7126,0,0
2023-01-31,sz.000166,4.18,4.2,4.14,4.15,55812024,232353059.2,0.2477,-0.7177,0,0
2023-02-01,sz.000166,4.17,4.25,4.15,4.23,67415303,282882768.65,0.2992,1.9277,0,0
2023-02-02,sz.000166,4.36,4.39,4.23,4.24,160264074,687263309.76,0.7112,0.2364,0,0
2023-02-03,sz.000166,4.22,4.25,4.17,4.2,76216646,320639526.64,0.3382,-0.9434,0,0
2023-02-06,sz.000166,4.2,4.2,4.16,4.18,39475452,165175014.69,0.1752,-0.4762,0,0
2023-02-07,sz.000166,4.18,4.2,4.15,4.18,45171747,188656400.11,0.2004,0.0,0,0
2023-02-08,sz.000166,4.19,4.2,4.13,4.14,40564405,168711275.35,0.18,-0.9569,0,0
2023-02-09,sz.000166,4.13,4.19,4.12,4.19,39347474,163982063.08,0.1746,1.2077,0,0
2023-02-10,sz.000166,4.18,4.21,4.16,4.17,31315628,130921865.46,0.139,-0.4773,0,0
2023-02-13,sz.000166,4.17,4.21,4.16,4.2,37727927,158241235.81,0.1674,0.7194,0,0
2023-02-14,sz.000166,4.2,4.22,4.18,4.2,33093376,138955834.0,0.1468,0.0,0,0
2023-02-15,sz.000166,4.21,4.21,4.17,4.18,29660059,124216169.23,0.1316,-0.4762,0,0
2023-02-16,sz.000166,4.19,4.25,4.12,4.15,79112003,332305105.49,0.3511,-0.7177,0,0
2023-02-17,sz.000166,4.15,4.17,4.1,4.11,46529990,192480118.4,0.2065,-0.9639,0,0
2023-02-20,sz.000166,4.15,4.24,4.13,4.23,89723399,376455412.31,0.3981,2.9197,0,0
2023-02-21,sz.000166,4.23,4.24,4.2,4.24,55701950,235313111.21,0.2472,0.2364,0,0
2023-02-22,sz.000166,4.22,4.25,4.21,4.22,42409612,179394275.74,0.1882,-0.4717,0,0
2023-02-23,sz.000166,4.23,4.28,4.22,4.24,53747098,228380148.49,0.2385,0.4739,0,0
2023-02-24,sz.000166,4.24,4.26,4.19,4.22,37679430,159046669.26,0.1672,-0.4717,0,0
2023-02-27,sz.000166,4.19,4.22,4.17,4.18,31686735,132800720.32,0.1406,-0.9479,0,0
2023-02-28,sz.000166,4.18,4.22,4.16,4.22,37292226,156283693.23,0.1655,0.9569,0,0
2023-03-01,sz.000166,4.22,4.26,4.2,4.25,61530619,260589993.84,0.273,0.7109,0,0
2023-03-02,sz.000166,4.25,4.27,4.23,4.25,54736504,232971571.55,0.2429,0.0,0,0
2023-03-03,sz.000166,4.27,4.29,4.24,4.28,59756533,255055760.17,0.2652,0.7059,0,0
2023-03-06,sz.000166,4.29,4.3,4.23,4.24,49232244,209388424.4,0.2185,-0.9346,0,0
2023-03-07,sz.000166,4.24,4.28,4.21,4.21,65714478,279112047.47,0.2916,-0.7075,0,0
2023-03-08,sz.000166,4.2,4.22,4.18,4.2,37023576,155354830.39,0.1643,-0.2375,0,0
2023-03-09,sz.000166,4.2,4.21,4.17,4.18,30010186,125662705.3,0.1332,-0.4762,0,0
2023-03-10,sz.000166,4.17,4.18,4.13,4.14,41880248,173912749.88,0.1858,-0.9569,0,0
2023-03-13,sz.000166,4.13,4.16,4.11,4.15,43787606,180957477.54,0.1943,0.2415,0,0
2023-03-14,sz.000166,4.14,4.15,4.1,4.11,40732011,167862123.51,0.1807,-0.9639,0,0
2023-03-15,sz.000166,4.13,4.16,4.12,4.15,29299959,121444693.4,0.13,0.9732,0,0
2023-03-16,sz.000166,4.13,4.15,4.11,4.12,27638994,114197084.66,0.1226,-0.7229,0,0
2023-03-17,sz.000166,4.14,4.2,4.13,4.16,53934297,224868760.8,0.2393,0.9709,0,0
2023-03-20,sz.000166,4.16,4.2,4.13,4.13,47138912,196364550.99,0.2092,-0.7212,0,0
2023-03-21,sz.000166,4.15,4.18,4.13,4.17,30048270,124894474.61,0.1333,0.9685,0,0
2023-03-22,sz.000166,4.18,4.19,4.15,4.18,35685845,148846450.27,0.1584,0.2398,0,0
2023-03-23,sz.000166,4.17,4.23,4.16,4.23,46736631,196271484.66,0.2074,1.1962,0,0
2023-03-24,sz.000166,4.23,4.24,4.19,4.22,39367635,166054738.75,0.1747,-0.2364,0,0
2023-03-27,sz.000166,4.22,4.24,4.18,4.21,37360533,157319885.33,0.1658,-0.237,0,0
2023-03-28,sz.000166,4.21,4.22,4.19,4.2,29333400,123340629.54,0.1302,-0.2375,0,0
2023-03-29,sz.000166,4.21,4.22,4.16,4.18,28591992,119549111.39,0.1269,-0.4762,0,0
2023-03-30,sz.000166,4.19,4.22,4.14,4.2,41430909,173155492.14,0.1838,0.4785,0,0
2023-03-31,sz.000166,4.19,4.2,4.17,4.17,32866611,137408789.61,0.1458,-0.7143,0,0
2023-04-03,sz.000166,4.17,4.25,4.16,4.24,87926240,370799188.2,0.3902,1.6787,0,0
2023-04-04,sz.000166,4.25,4.27,4.22,4.25,62489765,265538533.06,0.2773,0.2358,0,0
2023-04-06,sz.000166,4.25,4.26,4.22,4.23,39254091,166354094.97,0.1742,-0.4706,0,0
2023-04-07,sz.000166,4.24,4.26,4.22,4.24,45478887,192794268.41,0.2018,0.2364,0,0
2023-04-10,sz.000166,4.26,4.27,4.21,4.22,47834267,203076586.16,0.2123,-0.4717,0,0
2023-04-11,sz.000166,4.23,4.29,4.22,4.25,71253874,303759840.25,0.3162,0.7109,0,0
2023-04-12,sz.000166,4.25,4.29,4.24,4.27,47731321,203435063.03,0.2118,0.4706,0,0
2023-04-13,sz.000166,4.26,4.26,4.23,4.23,40976462,173922803.36,0.1818,-0.9368,0,0
2023-04-14,sz.000166,4.25,4.26,4.21,4.24,37186494,157646744.26,0.165,0.2364,0,0
2023-04-17,sz.000166,4.29,4.6,4.29,4.5,287086299,1280427593.76,1.2739,6.1321,0,0
2023-04-18,sz.000166,4.49,4.57,4.46,4.49,135193610,607904667.17,0.5999,-0.2222,0,0
2023-04-19,sz.000166,4.47,4.55,4.46,4.5,119547954,537888580.23,0.5305,0.2227,0,0
2023-04-20,sz.000166,4.48,4.54,4.45,4.52,95184243,427614004.35,0.4224,0.4444,0,0
2023-04-21,sz.000166,4.54,4.54,4.39,4.4,113727710,505185684.0,0.5047,-2.6549,0,0
2023-04-24,sz.000166,4.4,4.43,4.32,4.34,79299475,346914978.56,0.3519,-1.3636,0,0
2023-04-25,sz.000166,4.34,4.43,4.33,4.39,79081207,345807412.18,0.3509,1.1521,0,0
2023-04-26,sz.000166,4.38,4.39,4.31,4.38,75281861,327991819.25,0.3341,-0.2278,0,0
2023-04-27,sz.000166,4.36,4.48,4.35,4.46,103536581,457368524.21,0.4594,1.8265,0,0
2023-04-28,sz.000166,4.46,4.56,4.44,4.52,107412517,484609048.85,0.4766,1.3453,0,0
2023-05-04,sz.000166,4.52,4.69,4.49,4.67,152352202,704769617.62,0.6761,3.3186,0,0
2023-05-05,sz.000166,4.69,4.97,4.69,4.81,230382097,1114649236.81,1.0223,2.9979,0,0
2023-05-08,sz.000166,4.82,4.95,4.77,4.89,224177096,1093218547.26,0.9948,1.6632,0,0
2023-05-09,sz.000166,4.91,5.15,4.85,4.89,387553347,1942844996.73,1.7197,0.0,0,0
2023-05-10,sz.000166,4.84,4.94,4.71,4.76,234152134,1120987113.84,1.039,-2.6585,0,0
2023-05-11,sz.000166,4.79,4.84,4.72,4.79,123951257,593064652.79,0.55,0.6303,0,0
2023-05-12,sz.000166,4.8,4.81,4.73,4.76,85749987,408240980.57,0.3805,-0.6263,0,0
2023-05-15,sz.000166,4.76,4.81,4.59,4.76,159342115,745876579.53,0.7071,0.0,0,0
2023-05-16,sz.000166,4.77,4.84,4.71,4.74,80816270,385749657.64,0.3586,-0.4202,0,0
2023-05-17,sz.000166,4.73,4.8,4.68,4.76,66977010,318230042.37,0.2972,0.4219,0,0
2023-05-18,sz.000166,4.76,4.8,4.7,4.72,58398093,277028678.6,0.2591,-0.8403,0,0
2023-05-19,sz.000166,4.72,4.74,4.67,4.7,55019604,258629067.32,0.2441,-0.4237,0,0
2023-05-22,sz.000166,4.69,4.73,4.67,4.7,44521005,209110660.78,0.1976,0.0,0,0
2023-05-23,sz.000166,4.71,4.73,4.59,4.6,60401646,280669006.55,0.268,-2.1277,0,0
2023-05-24,sz.000166,4.59,4.69,4.57,4.62,91561589,424267177.44,0.4063,0.4348,0,0
2023-05-25,sz.000166,4.64,4.69,4.58,4.68,65741327,303998230.99,0.2917,1.2987,0,0
2023-05-26,sz.000166,4.67,4.75,4.62,4.74,59612454,280653144.58,0.2645,1.2821,0,0
2023-05-29,sz.000166,4.74,4.76,4.68,4.72,53400825,251976845.28,0.237,-0.4219,0,0
2023-05-30,sz.000166,4.7,4.77,4.67,4.72,43865297,207010703.5,0.1946,0.0,0,0
2023-05-31,sz.000166,4.72,4.75,4.68,4.72,45377288,213838437.12,0.2014,0.0,0,0
2023-06-01,sz.000166,4.72,4.78,4.66,4.67,51580040,243186654.62,0.2289,-1.0593,0,0
2023-06-02,sz.000166,4.67,4.71,4.64,4.69,41053372,192173146.42,0.1822,0.4283,0,0
2023-06-05,sz.000166,4.7,4.71,4.62,4.63,38901836,181261288.57,0.1726,-1.2793,0,0
2023-06-06,sz.000166,4.62,4.65,4.53,4.54,51542025,236619844.25,0.2287,-1.9438,0,0
2023-06-07,sz.000166,4.54,4.6,4.53,4.55,34232609,156092159.59,0.1519,0.2203,0,0
2023-06-08,sz.000166,4.55,4.63,4.53,4.62,37304196,171167612.36,0.1655,1.5385,0,0
2023-06-09,sz.000166,4.62,4.63,4.56,4.58,35229184,161533602.88,0.1563,-0.8658,0,0
2023-06-12,sz.000166,4.57,4.58,4.48,4.49,45290378,204818637.17,0.201,-1.9651,0,0
2023-06-13,sz.000166,4.49,4.52,4.48,4.5,27262390,122651345.64,0.121,0.2227,0,0
2023-06-14,sz.000166,4.52,4.57,4.5,4.51,35017627,158616472.38,0.1554,0.2222,0,0
2023-06-15,sz.000166,4.51,4.61,4.5,4.58,48859107,222638296.77,0.2168,1.5521,0,0
2023-06-16,sz.000166,4.58,4.67,4.57,4.64,53467796,246958708.33,0.2373,1.31,0,0
2023-06-19,sz.000166,4.64,4.65,4.58,4.61,31220712,143794913.3,0.1385,-0.6466,0,0
2023-06-20,sz.000166,4.6,4.65,4.57,4.6,33734701,155750913.11,0.1497,-0.2169,0,0
2023-06-21,sz.000166,4.6,4.62,4.53,4.54,33880970,155080770.13,0.1503,-1.3043,0,0
2023-06-26,sz.000166,4.51,4.53,4.42,4.43,56165889,251039566.68,0.2492,-2.4229,0,0
2023-06-27,sz.000166,4.43,4.48,4.43,4.47,25574786,114086186.66,0.1135,0.9029,0,0
2023-06-28,sz.000166,4.48,4.5,4.43,4.49,36634588,163413091.2,0.1626,0.4474,0,0
2023-06-29,sz.000166,4.49,4.55,4.46,4.54,33648918,151744581.98,0.1493,1.1136,0,0
2023-06-30,sz.000166,4.53,4.63,4.51,4.62,42548630,195115243.17,0.1888,1.7621,0,0
2023-07-03,sz.000166,4.64,4.66,4.6,4.65,37070541,171822186.82,0.1645,0.6494,0,0
2023-07-04,sz.000166,4.63,4.65,4.59,4.61,26824729,123869928.04,0.119,-0.8602,0,0
2023-07-05,sz.000166,4.6,4.62,4.55,4.56,26838855,122691388.17,0.1191,-1.0846,0,0
2023-07-06,sz.000166,4.56,4.61,4.54,4.55,25559923,116881411.38,0.1134,-0.2193,0,0
2023-07-07,sz.000166,4.55,4.62,4.53,4.61,23969544,109922618.99,0.1064,1.3187,0,0
2023-07-10,sz.000166,4.62,4.7,4.62,4.69,49756388,232480336.64,0.2208,1.7354,0,0
2023-07-11,sz.000166,4.68,4.71,4.66,4.66,26708858,124845261.58,0.1185,-0.6397,0,0
2023-07-12,sz.000166,4.67,4.7,4.62,4.64,27381440,127680876.89,0.1215,-0.4292,0,0
2023-07-13,sz.000166,4.66,4.71,4.6,4.7,41940826,196764089.28,0.1861,1.2931,0,0
2023-07-14,sz.000166,4.7,4.72,4.68,4.7,27317021,128269643.08,0.1212,0.0,0,0
2023-07-17,sz.000166,4.69,4.71,4.65,4.69,25527130,119515821.81,0.1133,-0.2128,0,0
2023-07-18,sz.000166,4.68,4.71,4.66,4.67,23637716,110678309.48,0.1049,-0.4264,0,0
2023-07-19,sz.000166,4.66,4.7,4.66,4.68,43328098,202702466.0,0.1923,0.2141,0,0
2023-07-20,sz.000166,4.7,4.71,4.64,4.65,28890630,135331911.95,0.1282,-0.641,0,0
2023-07-21,sz.000166,4.65,4.69,4.63,4.66,24698513,115099103.33,0.1096,0.2151,0,0
2023-07-24,sz.000166,4.65,4.69,4.61,4.65,41086819,191218863.74,0.1823,-0.2146,0,0
2023-07-25,sz.000166,4.82,4.9,4.72,4.86,152979555,737486859.64,0.6788,4.5161,0,0
2023-07-26,sz.000166,4.86,4.91,4.8,4.83,64864752,314629048.29,0.2878,-0.6173,0,0
2023-07-27,sz.000166,4.84,4.86,4.79,4.8,43066643,207906049.45,0.1911,-0.6211,0,0
2023-07-28,sz.000166,4.8,5.13,4.78,5.09,236420428,1181821789.3,1.0491,6.0417,0,0
2023-07-31,sz.000166,5.12,5.23,5.03,5.04,220846174,1129763905.52,0.98,-0.9823,0,0
2023-08-01,sz.000166,5.02,5.1,4.97,5.0,165928560,833439970.07,0.7363,-0.7937,0,0
2023-08-02,sz.000166,4.99,5.08,4.97,4.99,97884861,490019002.6,0.4344,-0.2,0,0
2023-08-03,sz.000166,5.01,5.12,4.93,5.1,147057424,742571162.12,0.6526,2.2044,0,0
2023-08-04,sz.000166,5.16,5.32,5.1,5.16,315663899,1642935843.77,1.4007,1.1765,0,0
2023-08-07,sz.000166,5.1,5.14,5.01,5.11,142606586,726560991.5,0.6328,-0.969,0,0
2023-08-08,sz.000166,5.06,5.21,4.96,5.11,167265750,852770226.76,0.7422,0.0,0,0
2023-08-09,sz.000166,5.11,5.15,5.06,5.08,90940641,463187949.42,0.4035,-0.5871,0,0
2023-08-10,sz.000166,5.09,5.14,5.06,5.13,98865997,504334478.99,0.4387,0.9843,0,0
2023-08-11,sz.000166,5.1,5.1,4.92,4.93,129712267,646566743.86,0.5756,-3.3333,0,0
2023-08-14,sz.000166,4.85,4.88,4.79,4.83,111208490,537567631.08,0.4935,-2.0284,0,0
2023-08-15,sz.000166,4.82,4.88,4.8,4.88,87105461,422384763.49,0.3865,1.0352,0,0
2023-08-16,sz.000166,4.87,5.0,4.82,4.93,91747469,451576223.77,0.4071,1.0246,0,0
2023-08-17,sz.000166,4.93,4.94,4.82,4.9,99690522,486578068.9,0.4424,-0.6085,0,0
2023-08-18,sz.000166,4.9,4.97,4.8,4.82,73308734,358352217.49,0.3253,-1.6327,0,0
2023-08-21,sz.000166,4.79,4.84,4.64,4.64,105916577,500086205.02,0.47,-3.7344,0,0
2023-08-22,sz.000166,4.68,4.71,4.62,4.69,104439121,486839299.63,0.4634,1.0776,0,0
2023-08-23,sz.000166,4.66,4.69,4.58,4.59,91575643,424217904.64,0.4064,-2.1322,0,0
2023-08-24,sz.000166,4.65,4.69,4.59,4.61,71010760,328964416.95,0.3151,0.4357,0,0
2023-08-25,sz.000166,4.6,4.69,4.58,4.65,76794168,356957838.75,0.3408,0.8677,0,0
2023-08-28,sz.000166,5.12,5.12,4.66,4.67,357620238,1736944046.34,1.5869,0.4301,0,0
2023-08-29,sz.000166,4.62,4.67,4.48,4.56,225724008,1031336992.78,1.0016,-2.3555,0,0
2023-08-30,sz.000166,4.54,4.54,4.44,4.44,131646964,590855267.32,0.5842,-2.6316,0,0
2023-08-31,sz.000166,4.46,4.49,4.36,4.36,91537099,403937595.79,0.4062,-1.8018,0,0
2023-09-01,sz.000166,4.38,4.41,4.35,4.37,73761836,322308704.49,0.3273,0.2294,0,0
2023-09-04,sz.000166,4.39,4.44,4.35,4.43,90923842,400582087.9,0.4035,1.373,0,0
2023-09-05,sz.000166,4.42,4.43,4.34,4.36,89265035,390017633.55,0.3961,-1.5801,0,0
2023-09-06,sz.000166,4.34,4.38,4.32,4.36,57286297,249216018.01,0.2542,0.0,0,0
2023-09-07,sz.000166,4.36,4.39,4.32,4.32,59357537,258297687.79,0.2634,-0.9174,0,0
2023-09-08,sz.000166,4.32,4.35,4.3,4.33,46046856,199077911.63,0.2043,0.2315,0,0
2023-09-11,sz.000166,4.33,4.41,4.32,4.38,82298663,358930480.46,0.3652,1.1547,0,0
2023-09-12,sz.000166,4.38,4.4,4.36,4.36,40636370,177746284.84,0.1803,-0.4566,0,0
2023-09-13,sz.000166,4.37,4.37,4.3,4.32,59530107,257455542.95,0.2642,-0.9174,0,0
2023-09-14,sz.000166,4.33,4.36,4.31,4.35,57871002,251097783.99,0.2568,0.6944,0,0
2023-09-15,sz.000166,4.36,4.39,4.34,4.35,72861496,317783110.39,0.3233,0.0,0,0
2023-09-18,sz.000166,4.34,4.37,4.32,4.36,43790290,190561806.21,0.1943,0.2299,0,0
2023-09-19,sz.000166,4.37,4.38,4.34,4.35,59994303,261338361.26,0.2662,-0.2294,0,0
2023-09-20,sz.000166,4.35,4.37,4.32,4.35,39122917,170153033.19,0.1736,0.0,0,0
2023-09-21,sz.000166,4.35,4.37,4.3,4.3,57848371,250589227.06,0.2567,-1.1494,0,0
2023-09-22,sz.000166,4.29,4.43,4.29,4.41,116851901,511728426.62,0.5185,2.5581,0,0
2023-09-25,sz.000166,4.4,4.4,4.35,4.36,54977951,240146007.16,0.244,-1.1338,0,0
2023-09-26,sz.000166,4.36,4.38,4.34,4.35,37936990,165401266.87,0.1683,-0.2294,0,0
2023-09-27,sz.000166,4.35,4.37,4.33,4.34,45814666,199265681.48,0.2033,-0.2299,0,0
2023-09-28,sz.000166,4.35,4.37,4.32,4.33,56005034,243024985.51,0.2485,-0.2304,0,0
2023-10-09,sz.000166,4.32,4.39,4.28,4.37,91419832,397528294.87,0.4057,0.9238,0,0
2023-10-10,sz.000166,4.37,4.39,4.3,4.31,64898351,281766028.14,0.288,-1.373,0,0
2023-10-11,sz.000166,4.32,4.37,4.3,4.31,53361529,231134645.46,0.2368,0.0,0,0
2023-10-12,sz.000166,4.38,4.45,4.35,4.39,75823997,332865762.81,0.3365,1.8561,0,0
2023-10-13,sz.000166,4.35,4.4,4.33,4.38,52659551,229811236.16,0.2337,-0.2278,0,0
2023-10-16,sz.000166,4.37,4.43,4.33,4.39,67076297,294294463.77,0.2976,0.2283,0,0
2023-10-17,sz.000166,4.41,4.46,4.38,4.43,87370917,386795514.62,0.3877,0.9112,0,0
2023-10-18,sz.000166,4.42,4.44,4.37,4.38,64984558,286129153.42,0.2884,-1.1287,0,0
2023-10-19,sz.000166,4.36,4.41,4.34,4.34,64341467,281358872.7,0.2855,-0.9132,0,0
2023-10-20,sz.000166,4.32,4.37,4.31,4.33,48584231,210816326.67,0.2156,-0.2304,0,0
2023-10-23,sz.000166,4.31,4.32,4.19,4.2,70351680,298061993.52,0.3122,-3.0023,0,0
2023-10-24,sz.000166,4.22,4.36,4.21,4.35,76667230,328946734.68,0.3402,3.5714,0,0
2023-10-25,sz.000166,4.39,4.41,4.36,4.37,69839566,306142265.16,0.3099,0.4598,0,0
2023-10-26,sz.000166,4.35,4.41,4.34,4.39,44519246,194739423.67,0.1976,0.4577,0,0
2023-10-27,sz.000166,4.38,4.45,4.37,4.43,59728918,263775958.63,0.265,0.9112,0,0
2023-10-30,sz.000166,4.43,4.43,4.38,4.39,50963145,224189962.13,0.2261,-0.9029,0,0
2023-10-31,sz.000166,4.38,4.42,4.37,4.39,37884397,166241680.23,0.1681,0.0,0,0
2023-11-01,sz.000166,4.42,4.44,4.37,4.37,53531002,235195193.13,0.2375,-0.4556,0,0
2023-11-02,sz.000166,4.38,4.41,4.35,4.35,42193328,184743080.8,0.1872,-0.4577,0,0
2023-11-03,sz.000166,4.35,4.4,4.35,4.38,40044217,175277364.07,0.1777,0.6897,0,0
2023-11-06,sz.000166,4.5,4.56,4.46,4.54,149183384,673829043.71,0.662,3.653,0,0
2023-11-07,sz.000166,4.52,4.61,4.5,4.59,107298953,491223117.4,0.4761,1.1013,0,0
2023-11-08,sz.000166,4.59,4.62,4.5,4.53,99659478,454665781.0,0.4422,-1.3072,0,0
2023-11-09,sz.000166,4.52,4.54,4.49,4.51,51215745,231116025.64,0.2273,-0.4415,0,0
2023-11-10,sz.000166,4.51,4.54,4.5,4.53,51219554,231624559.32,0.2273,0.4435,0,0
2023-11-13,sz.000166,4.51,4.52,4.47,4.5,55036835,247474069.14,0.2442,-0.6623,0,0
2023-11-14,sz.000166,4.5,4.72,4.49,4.61,183860696,850941033.78,0.8159,2.4444,0,0
2023-11-15,sz.000166,4.65,4.71,4.61,4.63,129847499,604384868.63,0.5762,0.4338,0,0
2023-11-16,sz.000166,4.62,4.66,4.59,4.6,66441716,307718153.34,0.2948,-0.6479,0,0
2023-11-17,sz.000166,4.59,4.63,4.58,4.62,53007361,244056519.72,0.2352,0.4348,0,0
2023-11-20,sz.000166,4.62,4.64,4.53,4.57,62639603,286347933.72,0.278,-1.0823,0,0
2023-11-21,sz.000166,4.58,4.64,4.54,4.57,58093644,266610821.88,0.2578,0.0,0,0
2023-11-22,sz.000166,4.55,4.59,4.53,4.53,38641867,176103164.45,0.1715,-0.8753,0,0
2023-11-23,sz.000166,4.54,4.56,4.51,4.54,38609956,175109289.69,0.1713,0.2208,0,0
2023-11-24,sz.000166,4.55,4.62,4.52,4.56,63895431,292182596.26,0.2835,0.4405,0,0
2023-11-27,sz.000166,4.54,4.58,4.49,4.56,73048534,330651714.96,0.3241,0.0,0,0
2023-11-28,sz.000166,4.55,4.58,4.52,4.55,45775669,208304175.82,0.2031,-0.2193,0,0
2023-11-29,sz.000166,4.55,4.57,4.48,4.49,54029897,244189110.63,0.2398,-1.3187,0,0
2023-11-30,sz.000166,4.5,4.53,4.48,4.51,45021289,203138321.65,0.1998,0.4454,0,0
2023-12-01,sz.000166,4.52,4.59,4.51,4.58,62656161,285332218.8,0.278,1.5521,0,0
2023-12-04,sz.000166,4.57,4.63,4.56,4.6,59583243,273868859.97,0.2644,0.4367,0,0
2023-12-05,sz.000166,4.59,4.59,4.49,4.5,71267215,324277143.95,0.3162,-2.1739,0,0
2023-12-06,sz.000166,4.5,4.52,4.46,4.47,47707914,213926852.81,0.2117,-0.6667,0,0
2023-12-07,sz.000166,4.47,4.57,4.45,4.55,67301382,304699506.04,0.2986,1.7897,0,0
2023-12-08,sz.000166,4.55,4.58,4.51,4.52,57488829,261262316.1,0.2551,-0.6593,0,0
2023-12-11,sz.000166,4.52,4.59,4.43,4.58,78826468,354815686.32,0.3498,1.3274,0,0
2023-12-12,sz.000166,4.57,4.59,4.55,4.58,43982158,201055821.53,0.1952,0.0,0,0
2023-12-13,sz.000166,4.58,4.6,4.54,4.54,41955004,191493822.27,0.1862,-0.8734,0,0
2023-12-14,sz.000166,4.56,4.58,4.51,4.52,34264940,155564479.75,0.152,-0.4405,0,0
2023-12-15,sz.000166,4.53,4.55,4.48,4.48,44359649,200075462.07,0.1968,-0.885,0,0
2023-12-18,sz.000166,4.48,4.52,4.45,4.47,49457128,221819872.51,0.2195,-0.2232,0,0
2023-12-19,sz.000166,4.47,4.49,4.43,4.46,41191985,183838843.53,0.1828,-0.2237,0,0
2023-12-20,sz.000166,4.46,4.47,4.36,4.36,53453811,235559193.18,0.2372,-2.2422,0,0
2023-12-21,sz.000166,4.35,4.37,4.32,4.34,51876972,225425515.75,0.2302,-0.4587,0,0
2023-12-22,sz.000166,4.34,4.44,4.32,4.39,78516093,344735676.0,0.3484,1.1521,0,0
2023-12-25,sz.000166,4.37,4.42,4.36,4.41,33647787,147917470.26,0.1493,0.4556,0,0
2023-12-26,sz.000166,4.4,4.41,4.35,4.36,30555748,133782690.5,0.1356,-1.1338,0,0
2023-12-27,sz.000166,4.36,4.42,4.33,4.4,36641208,160539816.57,0.1626,0.9174,0,0
2023-12-28,sz.000166,4.4,4.48,4.39,4.46,63995217,284128518.03,0.284,1.3636,0,0
2023-12-29,sz.000166,4.45,4.47,4.43,4.44,50953137,226706149.55,0.2261,-0.4484,0,0
2024-01-02,sz.000166,4.44,4.45,4.37,4.37,56673262,249410592.59,0.2515,-1.5766,0,0
2024-01-03,sz.000166,4.37,4.41,4.36,4.38,39034279,171087462.53,0.1732,0.2288,0,0
2024-01-04,sz.000166,4.37,4.38,4.32,4.34,41428300,179980099.34,0.1838,-0.9132,0,0
2024-01-05,sz.000166,4.35,4.45,4.33,4.37,71990524,316500288.97,0.3195,0.6912,0,0
2024-01-08,sz.000166,4.36,4.36,4.25,4.26,61364895,263262114.35,0.2723,-2.5172,0,0
2024-01-09,sz.000166,4.26,4.29,4.2,4.24,44229411,187877082.86,0.1963,-0.4695,0,0
2024-01-10,sz.000166,4.24,4.28,4.21,4.23,35675624,151418868.58,0.1583,-0.2358,0,0
2024-01-11,sz.000166,4.22,4.27,4.21,4.24,47130804,199778544.19,0.2091,0.2364,0,0
2024-01-12,sz.000166,4.24,4.3,4.23,4.24,44578732,189765341.57,0.1978,0.0,0,0
2024-01-15,sz.000166,4.23,4.25,4.19,4.2,45894171,193655940.1,0.2037,-0.9434,0,0
2024-01-16,sz.000166,4.2,4.25,4.18,4.24,52159636,219799365.94,0.2315,0.9524,0,0
2024-01-17,sz.000166,4.23,4.26,4.19,4.19,39896869,168902430.3,0.177,-1.1792,0,0
2024-01-18,sz.000166,4.18,4.21,4.06,4.2,77249439,319104127.62,0.3428,0.2387,0,0
2024-01-19,sz.000166,4.18,4.2,4.14,4.17,47867061,199740032.95,0.2124,-0.7143,0,0
2024-01-22,sz.000166,4.18,4.26,4.09,4.13,95273798,400750124.79,0.4228,-0.9592,0,0
2024-01-23,sz.000166,4.13,4.21,4.08,4.18,63115326,262025549.2,0.2801,1.2107,0,0
2024-01-24,sz.000166,4.2,4.36,4.16,4.32,98735371,420174327.73,0.4381,3.3493,0,0
2024-01-25,sz.000166,4.3,4.43,4.29,4.43,116408611,509220631.49,0.5166,2.5463,0,0
2024-01-26,sz.000166,4.41,4.47,4.37,4.44,103242355,456506414.84,0.4581,0.2257,0,0
2024-01-29,sz.000166,4.44,4.52,4.43,4.47,95636468,427827638.76,0.4244,0.6757,0,0
2024-01-30,sz.000166,4.43,4.5,4.4,4.41,64634081,287787288.77,0.2868,-1.3423,0,0
2024-01-31,sz.000166,4.41,4.45,4.35,4.37,72367887,318595725.62,0.3211,-0.907,0,0
2024-02-01,sz.000166,4.36,4.43,4.34,4.35,74820904,327699817.74,0.332,-0.4577,0,0
2024-02-02,sz.000166,4.36,4.41,4.21,4.33,95433838,414381505.56,0.4235,-0.4598,0,0
2024-02-05,sz.000166,4.34,4.4,4.21,4.29,114645808,493743856.07,0.5087,-0.9238,0,0
2024-02-06,sz.000166,4.26,4.54,4.23,4.5,135935727,600847220.8,0.6032,4.8951,0,0
2024-02-07,sz.000166,4.5,4.57,4.46,4.53,150927098,681325480.45,0.6697,0.6667,0,0
2024-02-08,sz.000166,4.54,4.58,4.43,4.48,159931399,717662996.83,0.7097,-1.1038,0,0
2024-02-19,sz.000166,4.45,4.45,4.36,4.4,121509015,533460271.85,0.5392,-1.7857,0,0
2024-02-20,sz.000166,4.39,4.47,4.37,4.46,89270930,395128850.06,0.3961,1.3636,0,0
2024-02-21,sz.000166,4.46,4.56,4.41,4.5,102040885,459458522.91,0.4528,0.8969,0,0
2024-02-22,sz.000166,4.49,4.55,4.48,4.55,75040166,339016175.28,0.333,1.1111,0,0
2024-02-23,sz.000166,4.54,4.56,4.5,4.54,70443800,319225133.28,0.3126,-0.2198,0,0
2024-02-26,sz.000166,4.53,4.58,4.51,4.51,78132844,354454973.64,0.3467,-0.6608,0,0
2024-02-27,sz.000166,4.49,4.57,4.49,4.57,81793630,370843910.38,0.363,1.3304,0,0
2024-02-28,sz.000166,4.58,4.67,4.51,4.52,126187356,580364167.23,0.5599,-1.0941,0,0
2024-02-29,sz.000166,4.49,4.58,4.49,4.58,89354085,405278938.35,0.3965,1.3274,0,0
2024-03-01,sz.000166,4.57,4.59,4.52,4.56,81800545,372034239.34,0.363,-0.4367,0,0
2024-03-04,sz.000166,4.58,4.59,4.5,4.52,75427360,341765930.03,0.3347,-0.8772,0,0
2024-03-05,sz.000166,4.51,4.53,4.49,4.51,64801204,292066610.89,0.2876,-0.2212,0,0
2024-03-06,sz.000166,4.51,4.57,4.49,4.52,62425077,282355334.12,0.277,0.2217,0,0
2024-03-07,sz.000166,4.52,4.55,4.48,4.48,65307735,294704565.3,0.2898,-0.885,0,0
2024-03-08,sz.000166,4.48,4.5,4.45,4.48,42248798,189120107.34,0.1875,0.0,0,0
2024-03-11,sz.000166,4.5,4.57,4.5,4.57,89639522,407703324.4,0.3978,2.0089,0,0
2024-03-12,sz.000166,4.58,4.62,4.55,4.58,67587079,309445442.08,0.2999,0.2188,0,0
2024-03-13,sz.000166,4.58,4.59,4.51,4.52,48046581,217885629.17,0.2132,-1.31,0,0
2024-03-14,sz.000166,4.52,4.55,4.47,4.49,55046252,248094584.84,0.2443,-0.6637,0,0
2024-03-15,sz.000166,4.49,4.54,4.44,4.51,64653252,289858598.65,0.2869,0.4454,0,0
2024-03-18,sz.000166,4.54,4.62,4.53,4.6,100241641,458988083.71,0.4448,1.9956,0,0
2024-03-19,sz.000166,4.61,4.61,4.56,4.57,61995838,284083573.09,0.2751,-0.6522,0,0
2024-03-20,sz.000166,4.59,4.59,4.53,4.56,48890635,222898937.0,0.2169,-0.2188,0,0
2024-03-21,sz.000166,4.59,4.61,4.55,4.57,61246603,280524463.82,0.2718,0.2193,0,0
2024-03-22,sz.000166,4.56,4.57,4.47,4.5,60005950,270979177.65,0.2663,-1.5317,0,0
2024-03-25,sz.000166,4.48,4.51,4.44,4.45,66608403,297890838.35,0.2956,-1.1111,0,0
2024-03-26,sz.000166,4.45,4.49,4.42,4.47,49217126,218999423.18,0.2184,0.4494,0,0
2024-03-27,sz.000166,4.46,4.5,4.43,4.45,50393346,224950065.16,0.2236,-0.4474,0,0
2024-03-28,sz.000166,4.43,4.47,4.38,4.42,71591266,316175569.81,0.3177,-0.6742,0,0
2024-03-29,sz.000166,4.4,4.46,4.4,4.46,60025786,265717412.88,0.2664,0.905,0,0
2024-04-01,sz.000166,4.49,4.54,4.48,4.53,70502425,318775706.9,0.3129,1.5695,0,0
2024-04-02,sz.000166,4.53,4.58,4.5,4.51,73287731,332236523.59,0.3252,-0.4415,0,0
2024-04-03,sz.000166,4.5,4.54,4.5,4.53,45314426,205053279.81,0.2011,0.4435,0,0
2024-04-08,sz.000166,4.51,4.54,4.45,4.49,66620232,299775565.96,0.2956,-0.883,0,0
2024-04-09,sz.000166,4.49,4.51,4.45,4.46,52986610,237361551.94,0.2351,-0.6682,0,0
2024-04-10,sz.000166,4.46,4.48,4.4,4.44,56321550,250270773.86,0.2499,-0.4484,0,0
2024-04-11,sz.000166,4.42,4.48,4.41,4.43,53602278,238312857.51,0.2379,-0.2252,0,0
2024-04-12,sz.000166,4.43,4.44,4.34,4.35,52952445,232184693.42,0.235,-1.8059,0,0
2024-04-15,sz.000166,4.33,4.48,4.33,4.47,81658935,361876586.67,0.3624,2.7586,0,0
2024-04-16,sz.000166,4.46,4.5,4.42,4.44,79322920,353695891.0,0.352,-0.6711,0,0
2024-04-17,sz.000166,4.44,4.47,4.38,4.46,85176916,376764537.56,0.378,0.4505,0,0
2024-04-18,sz.000166,4.45,4.58,4.44,4.54,101857328,460527745.29,0.452,1.7937,0,0
2024-04-19,sz.000166,4.52,4.62,4.51,4.56,88289623,403457931.22,0.3918,0.4405,0,0
2024-04-22,sz.000166,4.55,4.63,4.55,4.57,62655884,287695192.4,0.278,0.2193,0,0
2024-04-23,sz.000166,4.58,4.59,4.55,4.56,47459212,216737228.02,0.2106,-0.2188,0,0
2024-04-24,sz.000166,4.56,4.58,4.52,4.55,47863707,217549930.72,0.2124,-0.2193,0,0
2024-04-25,sz.000166,4.53,4.6,4.51,4.58,50606759,230993752.93,0.2246,0.6593,0,0
2024-04-26,sz.000166,4.71,4.82,4.61,4.8,207783244,978579570.49,0.922,4.8035,0,0
2024-04-29,sz.000166,4.81,4.86,4.75,4.78,175861469,844366275.09,0.7804,-0.4167,0,0
2024-04-30,sz.000166,4.75,4.77,4.67,4.7,96707121,455619159.97,0.4291,-1.6736,0,0
2024-05-06,sz.000166,4.75,4.78,4.67,4.68,105286232,496527205.58,0.4672,-0.4255,0,0
2024-05-07,sz.000166,4.68,4.69,4.64,4.67,76818152,358158704.49,0.3409,-0.2137,0,0
2024-05-08,sz.000166,4.66,4.68,4.6,4.61,68412453,316648486.5,0.3036,-1.2848,0,0
2024-05-09,sz.000166,4.62,4.66,4.62,4.64,60478518,280573948.94,0.2684,0.6508,0,0
2024-05-10,sz.000166,4.64,4.7,4.64,4.69,67710017,316499659.99,0.3005,1.0776,0,0
2024-05-13,sz.000166,4.68,4.73,4.62,4.7,71437835,334268937.55,0.317,0.2132,0,0
2024-05-14,sz.000166,4.71,4.72,4.66,4.71,61658890,289165840.56,0.2736,0.2128,0,0
2024-05-15,sz.000166,4.73,4.74,4.61,4.61,68982042,321093279.88,0.3061,-2.1231,0,0
2024-05-16,sz.000166,4.62,4.65,4.58,4.6,52884760,244045495.06,0.2347,-0.2169,0,0
2024-05-17,sz.000166,4.6,4.68,4.58,4.66,57163241,264600321.68,0.2537,1.3043,0,0
2024-05-20,sz.000166,4.67,4.71,4.65,4.65,69488137,325085490.94,0.3083,-0.2146,0,0
2024-05-21,sz.000166,4.65,4.66,4.62,4.64,51703021,239818980.24,0.2294,-0.2151,0,0
2024-05-22,sz.000166,4.65,4.66,4.62,4.64,46453961,215558470.49,0.2061,0.0,0,0
2024-05-23,sz.000166,4.64,4.64,4.57,4.59,59632418,274291511.73,0.2646,-1.0776,0,0
2024-05-24,sz.000166,4.58,4.61,4.53,4.54,45065147,206345068.45,0.2,-1.0893,0,0
2024-05-27,sz.000166,4.54,4.61,4.53,4.6,55802493,255174183.12,0.2476,1.3216,0,0
2024-05-28,sz.000166,4.6,4.61,4.53,4.55,41525461,189643498.33,0.1843,-1.087,0,0
2024-05-29,sz.000166,4.53,4.59,4.53,4.56,38216161,174502607.12,0.1696,0.2198,0,0
2024-05-30,sz.000166,4.56,4.58,4.52,4.55,38387481,174697931.44,0.1703,-0.2193,0,0
2024-05-31,sz.000166,4.56,4.61,4.54,4.55,48682014,222585940.29,0.216,0.0,0,0
2024-06-03,sz.000166,4.55,4.59,4.52,4.56,56994448,259772437.61,0.2529,0.2198,0,0
2024-06-04,sz.000166,4.55,4.57,4.46,4.48,77124355,347520065.85,0.3422,-1.7544,0,0
2024-06-05,sz.000166,4.48,4.54,4.45,4.49,65185831,293719495.71,0.2893,0.2232,0,0
2024-06-06,sz.000166,4.49,4.52,4.45,4.47,57362111,256725113.86,0.2545,-0.4454,0,0
2024-06-07,sz.000166,4.47,4.49,4.4,4.49,59019445,263217215.98,0.2619,0.4474,0,0
2024-06-11,sz.000166,4.47,4.51,4.45,4.45,45917570,205482924.9,0.2038,-0.8909,0,0
2024-06-12,sz.000166,4.45,4.46,4.41,4.43,41921910,185695718.15,0.186,-0.4494,0,0
2024-06-13,sz.000166,4.43,4.48,4.42,4.45,46572400,207337218.58,0.2067,0.4515,0,0
2024-06-14,sz.000166,4.44,4.51,4.35,4.5,116937179,518574989.98,0.5189,1.1236,0,0
2024-06-17,sz.000166,4.46,4.55,4.44,4.55,88195765,398247495.31,0.3914,1.1111,0,0
2024-06-18,sz.000166,4.54,4.58,4.52,4.54,53349190,242741136.24,0.2367,-0.2198,0,0
2024-06-19,sz.000166,4.55,4.57,4.53,4.54,44406893,201976681.39,0.1971,0.0,0,0
2024-06-20,sz.000166,4.53,4.55,4.48,4.5,40238081,181354910.7,0.1786,-0.8811,0,0
2024-06-21,sz.000166,4.5,4.52,4.45,4.47,58326679,261078221.48,0.2588,-0.6667,0,0
2024-06-24,sz.000166,4.46,4.48,4.4,4.4,48802674,216355085.44,0.2166,-1.566,0,0
2024-06-25,sz.000166,4.41,4.42,4.33,4.33,58235344,254322709.75,0.2584,-1.5909,0,0
2024-06-26,sz.000166,4.33,4.42,4.33,4.41,55708731,244119138.65,0.2472,1.8476,0,0
2024-06-27,sz.000166,4.41,4.44,4.38,4.4,46328284,204267191.16,0.2056,-0.2268,0,0
2024-06-28,sz.000166,4.39,4.43,4.29,4.31,86032488,375462549.77,0.3818,-2.0455,0,0
2024-07-01,sz.000166,4.31,4.34,4.24,4.32,55757538,240039117.1,0.2474,0.232,0,0
2024-07-02,sz.000166,4.32,4.41,4.32,4.35,60691847,265463003.43,0.2693,0.6944,0,0
2024-07-03,sz.000166,4.37,4.39,4.32,4.33,34237042,148742954.61,0.1519,-0.4598,0,0
2024-07-04,sz.000166,4.33,4.35,4.27,4.28,43352968,186505102.37,0.1924,-1.1547,0,0
2024-07-05,sz.000166,4.28,4.31,4.24,4.26,56507163,241054293.79,0.2507,-0.4673,0,0
2024-07-08,sz.000166,4.25,4.28,4.18,4.19,50644165,214106174.09,0.2247,-1.6432,0,0
2024-07-09,sz.000166,4.21,4.25,4.16,4.22,60426274,254589720.87,0.2681,0.716,0,0
2024-07-10,sz.000166,4.21,4.29,4.2,4.26,53278726,226848233.5,0.2364,0.9479,0,0
2024-07-11,sz.000166,4.3,4.33,4.26,4.29,56366821,242407147.15,0.2501,0.7042,0,0
2024-07-12,sz.000166,4.29,4.3,4.25,4.28,37556284,160740642.42,0.1667,-0.2331,0,0
2024-07-15,sz.000166,4.28,4.32,4.27,4.29,32087406,137873917.42,0.1424,0.2336,0,0
2024-07-16,sz.000166,4.29,4.35,4.28,4.31,47693293,206134633.55,0.2116,0.4662,0,0
2024-07-17,sz.000166,4.31,4.35,4.31,4.32,45142805,195412676.95,0.2003,0.232,0,0
2024-07-18,sz.000166,4.32,4.35,4.27,4.34,53404707,230764268.26,0.237,0.463,0,0
2024-07-19,sz.000166,4.34,4.39,4.32,4.38,56206429,245409052.92,0.2494,0.9217,0,0
2024-07-22,sz.000166,4.4,4.43,4.33,4.36,54039638,236454246.72,0.2398,-0.4566,0,0
2024-07-23,sz.000166,4.36,4.4,4.32,4.33,52817520,230484489.6,0.2344,-0.6881,0,0
2024-07-24,sz.000166,4.3,4.34,4.28,4.3,42230593,181943444.8,0.1874,-0.6928,0,0
2024-07-25,sz.000166,4.3,4.35,4.29,4.31,46674629,201764333.34,0.2071,0.2326,0,0
2024-07-26,sz.000166,4.33,4.39,4.32,4.36,54891152,239265620.57,0.2436,1.1601,0,0
2024-07-29,sz.000166,4.36,4.43,4.36,4.4,51232896,225681303.49,0.2273,0.9174,0,0
2024-07-30,sz.000166,4.41,4.42,4.37,4.42,46677786,205266428.15,0.2071,0.4545,0,0
2024-07-31,sz.000166,4.41,4.62,4.4,4.58,127734735,578945943.1,0.5668,3.6199,0,0
2024-08-01,sz.000166,4.55,4.64,4.53,4.63,115721832,532199788.09,0.5135,1.0917,0,0
2024-08-02,sz.000166,4.61,4.65,4.56,4.57,61860005,284269631.54,0.2745,-1.2959,0,0
2024-08-05,sz.000166,4.56,4.61,4.53,4.54,62377844,284853015.5,0.2768,-0.6565,0,0
2024-08-06,sz.000166,4.55,4.59,4.49,4.52,45342788,205365899.88,0.2012,-0.4405,0,0
2024-08-07,sz.000166,4.54,4.58,4.51,4.55,39925857,181356627.92,0.1772,0.6637,0,0
2024-08-08,sz.000166,4.55,4.62,4.54,4.59,51053273,233992252.43,0.2265,0.8791,0,0
2024-08-09,sz.000166,4.6,4.62,4.56,4.58,36902234,169319267.38,0.1638,-0.2179,0,0
2024-08-12,sz.000166,4.57,4.59,4.55,4.58,29653261,135537986.32,0.1316,0.0,0,0
2024-08-13,sz.000166,4.59,4.64,4.56,4.63,40094659,184417787.84,0.1779,1.0917,0,0
2024-08-14,sz.000166,4.63,4.66,4.61,4.62,41546755,192389648.25,0.1844,-0.216,0,0
2024-08-15,sz.000166,4.6,4.67,4.56,4.6,67582969,312232996.76,0.2999,-0.4329,0,0
2024-08-16,sz.000166,4.6,4.64,4.58,4.62,51390967,237206378.23,0.228,0.4348,0,0
2024-08-19,sz.000166,4.62,4.65,4.61,4.63,44112328,204180014.81,0.1957,0.2165,0,0
2024-08-20,sz.000166,4.59,4.6,4.52,4.53,50002770,227997809.01,0.2219,-0.8753,0,0
2024-08-21,sz.000166,4.56,4.6,4.52,4.55,48379767,220710215.32,0.2147,0.4415,0,0
2024-08-22,sz.000166,4.56,4.58,4.5,4.5,44393573,201390271.17,0.197,-1.0989,0,0
2024-08-23,sz.000166,4.52,4.57,4.5,4.55,42317705,191901053.73,0.1878,1.1111,0,0
2024-08-26,sz.000166,4.55,4.58,4.5,4.53,45467679,206605129.19,0.2018,-0.4396,0,0
2024-08-27,sz.000166,4.53,4.54,4.47,4.5,31600367,142199418.53,0.1402,-0.6623,0,0
2024-08-28,sz.000166,4.5,4.51,4.45,4.47,34686024,155393435.93,0.1539,-0.6667,0,0
2024-08-29,sz.000166,4.46,4.54,4.46,4.47,48090900,216290736.11,0.2134,0.0,0,0
2024-08-30,sz.000166,4.47,4.57,4.46,4.52,79405598,359779007.04,0.3524,1.1186,0,0
2024-09-02,sz.000166,4.5,4.5,4.2,4.2,138202739,590317081.09,0.6133,-7.0796,0,0
2024-09-03,sz.000166,4.23,4.3,4.22,4.27,86761073,369686200.25,0.385,1.6667,0,0
2024-09-04,sz.000166,4.25,4.32,4.25,4.3,61222978,263010458.49,0.2717,0.7026,0,0
2024-09-05,sz.000166,4.3,4.33,4.26,4.31,42349797,181862044.37,0.1879,0.2326,0,0
2024-09-06,sz.000166,4.37,4.47,4.32,4.41,102903979,453524846.88,0.4566,2.3202,0,0
2024-09-09,sz.000166,4.34,4.43,4.33,4.35,60976675,266591873.39,0.2706,-1.3605,0,0
2024-09-10,sz.000166,4.36,4.37,4.27,4.31,49618847,213876346.27,0.2202,-0.9195,0,0
2024-09-11,sz.000166,4.29,4.31,4.22,4.25,40219059,171326814.82,0.1785,-1.3921,0,0
2024-09-12,sz.000166,4.25,4.27,4.21,4.23,34790120,147533097.18,0.1544,-0.4706,0,0
2024-09-13,sz.000166,4.24,4.28,4.22,4.23,38854394,165064402.16,0.1724,0.0,0,0
2024-09-18,sz.000166,4.23,4.23,4.16,4.2,42717154,179144271.06,0.1896,-0.7092,0,0
2024-09-19,sz.000166,4.22,4.28,4.19,4.23,55704399,235971805.18,0.2472,0.7143,0,0
2024-09-20,sz.000166,4.23,4.26,4.17,4.24,58374713,246283435.87,0.259,0.2364,0,0
2024-09-23,sz.000166,4.24,4.26,4.21,4.24,44651903,189292582.64,0.1981,0.0,0,0
2024-09-24,sz.000166,4.28,4.53,4.26,4.52,143253588,632003387.62,0.6357,6.6038,0,0
2024-09-25,sz.000166,4.59,4.77,4.59,4.65,170943544,800688365.31,0.7586,2.8761,0,0
2024-09-26,sz.000166,4.63,4.85,4.61,4.84,168494779,795750757.42,0.7477,4.086,0,0
2024-09-27,sz.000166,4.94,5.2,4.83,5.2,281506188,1408962866.13,1.2492,7.438,0,0
2024-09-30,sz.000166,5.63,5.72,5.35,5.72,494083452,2773797737.77,2.1925,10.0,1,0
2024-10-08,sz.000166,6.29,6.29,6.29,6.29,134810911,847960630.19,0.5982,9.965,1,0
2024-10-09,sz.000166,6.27,6.44,5.66,5.67,784854694,4791308639.09,3.4827,-9.8569,0,1
2024-10-10,sz.000166,5.75,5.84,5.4,5.5,400098966,2232578225.63,1.7754,-2.9982,0,0
2024-10-11,sz.000166,5.41,5.49,5.28,5.35,259778082,1396884898.59,1.1528,-2.7273,0,0
2024-10-14,sz.000166,5.34,5.36,5.11,5.32,255806274,1344887996.96,1.1351,-0.5607,0,0
2024-10-15,sz.000166,5.29,5.31,5.13,5.14,167163063,875568172.01,0.7418,-3.3835,0,0
2024-10-16,sz.000166,5.07,5.22,5.06,5.13,160251740,824254342.74,0.7111,-0.1946,0,0
2024-10-17,sz.000166,5.2,5.32,5.09,5.1,187366044,974587225.23,0.8314,-0.5848,0,0
2024-10-18,sz.000166,5.07,5.6,5.03,5.35,353992502,1869028645.9,1.5708,4.902,0,0
2024-10-21,sz.000166,5.32,5.32,5.2,5.25,218337394,1147991250.61,0.9689,-1.8692,0,0
2024-10-22,sz.000166,5.24,5.31,5.23,5.28,141967017,746876837.98,0.63,0.5714,0,0
2024-10-23,sz.000166,5.29,5.4,5.23,5.29,199182822,1059064438.57,0.8839,0.1894,0,0
2024-10-24,sz.000166,5.26,5.32,5.21,5.26,119840169,631102392.98,0.5318,-0.5671,0,0
2024-10-25,sz.000166,5.26,5.37,5.25,5.3,142113597,753717623.28,0.6306,0.7605,0,0
2024-10-28,sz.000166,5.29,5.32,5.26,5.32,115107707,609325234.24,0.5108,0.3774,0,0
2024-10-29,sz.000166,5.34,5.4,5.21,5.23,155200166,821707639.21,0.6887,-1.6917,0,0
2024-10-30,sz.000166,5.24,5.27,5.17,5.23,109647036,572239968.26,0.4866,0.0,0,0
2024-10-31,sz.000166,5.23,5.41,5.22,5.33,227698694,1214916461.9,1.0104,1.912,0,0
2024-11-01,sz.000166,5.34,5.41,5.28,5.29,173964771,929593307.09,0.772,-0.7505,0,0
2024-11-04,sz.000166,5.34,5.52,5.31,5.51,211931583,1151202422.33,0.9404,4.1588,0,0
2024-11-05,sz.000166,5.52,5.74,5.43,5.69,291617788,1644102519.24,1.294,3.2668,0,0
2024-11-06,sz.000166,5.73,5.82,5.61,5.66,288998492,1650535861.0,1.2824,-0.5272,0,0
2024-11-07,sz.000166,5.6,6.04,5.59,5.99,332872755,1936954878.16,1.4771,5.8304,0,0
2024-11-08,sz.000166,6.11,6.12,5.83,5.85,264843075,1572259526.17,1.1752,-2.3372,0,0
2024-11-11,sz.000166,5.77,5.83,5.69,5.8,189619323,1092760265.43,0.8414,-0.8547,0,0
2024-11-12,sz.000166,5.77,5.87,5.63,5.68,162618791,935889769.14,0.7216,-2.069,0,0
2024-11-13,sz.000166,5.65,5.74,5.58,5.69,131319139,743357817.29,0.5827,0.1761,0,0
2024-11-14,sz.000166,5.66,5.78,5.62,5.66,133594178,761869982.86,0.5928,-0.5272,0,0
2024-11-15,sz.000166,5.63,5.72,5.44,5.44,155332090,866071089.66,0.6893,-3.8869,0,0
2024-11-18,sz.000166,5.45,5.56,5.37,5.44,135345183,740126802.1,0.6006,0.0,0,0
2024-11-19,sz.000166,5.45,5.51,5.38,5.51,101046294,551126514.38,0.4484,1.2868,0,0
2024-11-20,sz.000166,5.47,5.53,5.43,5.49,80239680,440177353.05,0.3561,-0.363,0,0
2024-11-21,sz.000166,5.49,5.54,5.45,5.52,85259010,468768713.67,0.3783,0.5464,0,0
2024-11-22,sz.000166,5.51,5.52,5.26,5.28,111338901,601128917.26,0.4941,-4.3478,0,0
2024-11-25,sz.000166,5.28,5.3,5.19,5.27,87365005,459467752.05,0.3877,-0.1894,0,0
2024-11-26,sz.000166,5.26,5.36,5.25,5.27,64615097,342333991.97,0.2867,0.0,0,0
2024-11-27,sz.000166,5.26,5.35,5.22,5.35,81678538,431764723.44,0.3624,1.518,0,0
2024-11-28,sz.000166,5.35,5.38,5.3,5.31,68590220,366080700.05,0.3044,-0.7477,0,0
2024-11-29,sz.000166,5.3,5.51,5.28,5.36,143576771,773779949.37,0.6371,0.9416,0,0
2024-12-02,sz.000166,5.32,5.46,5.31,5.44,110869833,600203172.95,0.492,1.4925,0,0
2024-12-03,sz.000166,5.43,5.47,5.37,5.44,88422930,478497466.52,0.3924,0.0,0,0
2024-12-04,sz.000166,5.42,5.46,5.35,5.38,74927211,404953023.14,0.3325,-1.1029,0,0
2024-12-05,sz.000166,5.36,5.45,5.35,5.43,77257460,418519856.77,0.3428,0.9294,0,0
2024-12-06,sz.000166,5.43,5.55,5.4,5.52,113692568,624852687.49,0.5045,1.6575,0,0
2024-12-09,sz.000166,5.5,5.53,5.4,5.45,86354808,472193955.44,0.3832,-1.2681,0,0
2024-12-10,sz.000166,5.7,5.72,5.46,5.48,151084449,841455144.38,0.6704,0.5505,0,0
2024-12-11,sz.000166,5.47,5.54,5.46,5.51,85558068,471722157.96,0.3797,0.5474,0,0
2024-12-12,sz.000166,5.52,5.62,5.49,5.58,107737002,597864163.54,0.4781,1.2704,0,0
2024-12-13,sz.000166,5.53,5.53,5.41,5.44,127280477,695936316.03,0.5648,-2.509,0,0
2024-12-16,sz.000166,5.42,5.44,5.35,5.38,76263097,410829783.63,0.3384,-1.1029,0,0
2024-12-17,sz.000166,5.36,5.41,5.33,5.37,73621443,395701788.9,0.3267,-0.1859,0,0
2024-12-18,sz.000166,5.37,5.46,5.36,5.38,82913618,448861781.09,0.3679,0.5607,0,0
2024-12-19,sz.000166,5.35,5.38,5.3,5.37,71808198,383809642.82,0.3186,-0.1859,0,0
2024-12-20,sz.000166,5.37,5.45,5.35,5.41,67651253,365336906.2,0.3002,0.7449,0,0
2024-12-23,sz.000166,5.41,5.46,5.35,5.36,70808173,382933436.17,0.3142,-0.9242,0,0
2024-12-24,sz.000166,5.36,5.51,5.36,5.49,116215931,633714300.08,0.5157,2.4254,0,0
2024-12-25,sz.000166,5.49,5.51,5.42,5.49,72648809,396767370.11,0.3224,0.0,0,0
2024-12-26,sz.000166,5.48,5.48,5.42,5.43,70065145,381392376.01,0.3109,-1.0929,0,0
2024-12-27,sz.000166,5.44,5.63,5.43,5.53,177107943,980038521.3,0.7859,1.8416,0,0
2024-12-30,sz.000166,5.53,5.62,5.51,5.59,110161683,614385630.12,0.4888,1.085,0,0
2024-12-31,sz.000166,5.59,5.61,5.35,5.35,121871276,666714782.88,0.5408,-4.2934,0,0
2025-01-02,sz.000166,5.34,5.35,5.01,5.06,170593498,881074736.58,0.757,-5.4206,0,0
2025-01-03,sz.000166,5.07,5.08,4.95,4.97,96188824,481981881.8,0.4268,-1.7787,0,0
2025-01-06,sz.000166,4.96,5.02,4.93,4.98,77574491,385686170.21,0.3442,0.2012,0,0
2025-01-07,sz.000166,4.98,5.05,4.96,5.03,63602553,317768330.1,0.2822,1.004,0,0
2025-01-08,sz.000166,5.02,5.03,4.89,5.01,85710907,425665565.92,0.3803,-0.3976,0,0
2025-01-09,sz.000166,4.97,5.0,4.9,4.92,62168986,307549492.04,0.2759,-1.7964,0,0
2025-01-10,sz.000166,4.91,4.96,4.87,4.87,57605631,283261984.23,0.2556,-1.0163,0,0
2025-01-13,sz.000166,4.82,4.94,4.8,4.92,60152916,294673938.16,0.2669,1.0267,0,0
2025-01-14,sz.000166,4.92,5.06,4.91,5.04,98824853,494921116.05,0.4385,2.439,0,0
2025-01-15,sz.000166,5.04,5.13,5.01,5.1,90432706,460344077.58,0.4013,1.1905,0,0
2025-01-16,sz.000166,5.13,5.15,5.02,5.06,64792948,328838408.64,0.2875,-0.7843,0,0
2025-01-17,sz.000166,5.04,5.11,5.03,5.07,48161110,244558753.85,0.2137,0.1976,0,0
2025-01-20,sz.000166,5.11,5.15,5.06,5.07,54336645,276887847.86,0.2411,0.0,0,0
2025-01-21,sz.000166,5.11,5.11,5.05,5.08,46863983,238019116.31,0.208,0.1972,0,0
2025-01-22,sz.000166,5.05,5.08,5.0,5.07,54448429,274613674.35,0.2416,-0.1969,0,0
2025-01-23,sz.000166,5.15,5.22,5.1,5.11,92115310,474717443.51,0.4088,0.789,0,0
2025-01-24,sz.000166,5.09,5.16,5.08,5.09,80329394,411278626.93,0.3565,-0.3914,0,0
2025-01-27,sz.000166,5.09,5.11,5.01,5.01,67400339,340463376.12,0.2991,-1.5717,0,0
2025-02-05,sz.000166,5.04,5.08,5.01,5.03,61281045,309246656.27,0.2719,0.3992,0,0
2025-02-06,sz.000166,5.02,5.06,4.95,5.06,101397992,508058754.53,0.4499,0.5964,0,0
2025-02-07,sz.000166,5.04,5.23,5.03,5.15,130375744,669150645.08,0.5785,1.7787,0,0
2025-02-10,sz.000166,5.15,5.22,5.14,5.18,67660392,350122614.2,0.3002,0.5825,0,0
2025-02-11,sz.000166,5.17,5.18,5.09,5.13,57683233,295528214.16,0.256,-0.9653,0,0
2025-02-12,sz.000166,5.13,5.21,5.1,5.19,68764158,353665391.38,0.3051,1.1696,0,0
2025-02-13,sz.000166,5.19,5.23,5.15,5.16,80450219,417151595.38,0.357,-0.578,0,0
2025-02-14,sz.000166,5.15,5.18,5.12,5.17,51730366,266771924.16,0.2296,0.1938,0,0
2025-02-17,sz.000166,5.27,5.33,5.2,5.23,125203953,659679800.68,0.5556,1.1605,0,0
2025-02-18,sz.000166,5.22,5.23,5.1,5.12,76185324,393661389.15,0.3381,-2.1033,0,0
2025-02-19,sz.000166,5.11,5.19,5.09,5.17,76018323,391444585.12,0.3373,0.9766,0,0
2025-02-20,sz.000166,5.16,5.17,5.11,5.13,59237900,304112889.39,0.2629,-0.7737,0,0
2025-02-21,sz.000166,5.14,5.24,5.1,5.22,112036577,580577988.67,0.4972,1.7544,0,0
2025-02-24,sz.000166,5.19,5.25,5.15,5.18,73176606,380704095.32,0.3247,-0.7663,0,0
2025-02-25,sz.000166,5.15,5.2,5.12,5.15,58606815,302457223.97,0.2601,-0.5792,0,0
2025-02-26,sz.000166,5.15,5.26,5.13,5.24,98794840,512219962.57,0.4384,1.7476,0,0
2025-02-27,sz.000166,5.21,5.32,5.16,5.27,140134861,733923919.22,0.6218,0.5725,0,0
2025-02-28,sz.000166,5.23,5.32,5.07,5.1,127604148,660993159.11,0.5662,-3.2258,0,0
2025-03-03,sz.000166,5.1,5.16,5.06,5.07,91161680,465766609.52,0.4045,-0.5882,0,0
2025-03-04,sz.000166,5.06,5.13,5.05,5.11,68178824,346937014.65,0.3025,0.789,0,0
2025-03-05,sz.000166,5.11,5.13,5.06,5.12,62173363,316858349.77,0.2759,0.1957,0,0
2025-03-06,sz.000166,5.13,5.22,5.11,5.2,114806864,593812978.75,0.5094,1.5625,0,0
2025-03-07,sz.000166,5.17,5.17,5.07,5.08,90345887,462392308.25,0.4009,-2.3077,0,0
2025-03-10,sz.000166,5.09,5.09,5.02,5.04,62236283,313985077.14,0.2762,-0.7874,0,0
2025-03-11,sz.000166,5.0,5.05,4.99,5.05,71476275,358761362.74,0.3172,0.1984,0,0
2025-03-12,sz.000166,5.05,5.13,5.03,5.06,81672320,414142920.86,0.3624,0.198,0,0
2025-03-13,sz.000166,5.05,5.1,5.01,5.04,60731593,306778705.29,0.2695,-0.3953,0,0
2025-03-14,sz.000166,5.05,5.2,5.04,5.17,140052074,720068231.56,0.6215,2.5794,0,0
2025-03-17,sz.000166,5.18,5.18,5.13,5.14,72472223,372986877.11,0.3216,-0.5803,0,0
2025-03-18,sz.000166,5.16,5.17,5.12,5.14,56739268,291464582.61,0.2518,0.0,0,0
2025-03-19,sz.000166,5.14,5.16,5.11,5.14,51598563,264884477.66,0.229,0.0,0,0
2025-03-20,sz.000166,5.14,5.15,5.09,5.11,47167965,241240475.25,0.2093,-0.5837,0,0
2025-03-21,sz.000166,5.1,5.13,5.02,5.03,72032594,364904939.77,0.3196,-1.5656,0,0
2025-03-24,sz.000166,5.04,5.05,4.96,5.01,71247939,356409173.09,0.3162,-0.3976,0,0
2025-03-25,sz.000166,5.01,5.03,4.97,5.01,49908086,249805937.1,0.2215,0.0,0,0
2025-03-26,sz.000166,5.02,5.05,5.0,5.05,49743419,250243137.04,0.2207,0.7984,0,0
2025-03-27,sz.000166,5.03,5.08,5.01,5.07,59319983,299906497.17,0.2632,0.396,0,0
2025-03-28,sz.000166,5.07,5.12,5.06,5.09,71032212,361452031.74,0.3152,0.3945,0,0
2025-03-31,sz.000166,5.09,5.11,4.93,4.93,95731460,477942262.95,0.4248,-3.1434,0,0
2025-04-01,sz.000166,4.96,4.97,4.91,4.93,68565780,338404728.26,0.3043,0.0,0,0
2025-04-02,sz.000166,4.92,4.97,4.92,4.95,55519412,274514468.71,0.2464,0.4057,0,0
2025-04-03,sz.000166,4.92,4.99,4.91,4.96,69865769,346264520.24,0.31,0.202,0,0
2025-04-07,sz.000166,4.8,4.8,4.46,4.47,174430068,794767678.95,0.774,-9.879,0,1
2025-04-08,sz.000166,4.5,4.6,4.47,4.58,135356807,614991515.21,0.6006,2.4609,0,0
2025-04-09,sz.000166,4.56,4.66,4.52,4.63,117806940,541302471.84,0.5228,1.0917,0,0
2025-04-10,sz.000166,4.7,4.74,4.65,4.72,91468852,430466537.93,0.4059,1.9438,0,0
2025-04-11,sz.000166,4.69,4.74,4.67,4.69,61346038,288093379.57,0.2722,-0.6356,0,0
2025-04-14,sz.000166,4.71,4.73,4.69,4.71,52567293,247632936.23,0.2333,0.4264,0,0
2025-04-15,sz.000166,4.7,4.71,4.65,4.69,44779121,209412467.91,0.1987,-0.4246,0,0
2025-04-16,sz.000166,4.68,4.7,4.6,4.68,60514972,281303652.64,0.2685,-0.2132,0,0
2025-04-17,sz.000166,4.66,4.7,4.65,4.69,47184851,220874565.37,0.2094,0.2137,0,0
2025-04-18,sz.000166,4.68,4.75,4.66,4.73,46041533,216950213.41,0.2043,0.8529,0,0
2025-04-21,sz.000166,4.73,4.76,4.71,4.73,37369520,176887706.9,0.1658,0.0,0,0
2025-04-22,sz.000166,4.72,4.76,4.72,4.73,42452686,201085932.37,0.1884,0.0,0,0
2025-04-23,sz.000166,4.74,4.76,4.69,4.71,50971504,240622401.6,0.2262,-0.4228,0,0
2025-04-24,sz.000166,4.72,4.74,4.69,4.72,43170800,203754578.96,0.1916,0.2123,0,0
2025-04-25,sz.000166,4.72,4.77,4.72,4.74,49104798,233193094.8,0.2179,0.4237,0,0
2025-04-28,sz.000166,4.74,4.74,4.67,4.72,47837783,225574374.59,0.2123,-0.4219,0,0
2025-04-29,sz.000166,4.72,4.75,4.68,4.69,45260479,212982010.25,0.2008,-0.6356,0,0
2025-04-30,sz.000166,4.71,4.77,4.7,4.72,42673151,201881621.7,0.1894,0.6397,0,0
2025-05-06,sz.000166,4.75,4.78,4.74,4.76,68014941,323807609.15,0.3018,0.8475,0,0
2025-05-07,sz.000166,4.83,4.89,4.76,4.77,82994979,399109274.14,0.3683,0.2101,0,0
2025-05-08,sz.000166,4.76,4.81,4.75,4.78,51211805,245228223.95,0.2272,0.2096,0,0
2025-05-09,sz.000166,4.78,4.78,4.73,4.74,44561320,211527234.98,0.1977,-0.8368,0,0
2025-05-12,sz.000166,4.76,4.82,4.74,4.81,63699672,304636839.36,0.2827,1.4768,0,0
2025-05-13,sz.000166,4.83,4.83,4.78,4.8,46156483,221724256.35,0.2048,-0.2079,0,0
2025-05-14,sz.000166,4.79,4.97,4.77,4.92,125007797,609558184.15,0.5547,2.5,0,0
2025-05-15,sz.000166,4.89,4.92,4.83,4.84,67104888,326393952.54,0.2978,-1.626,0,0
2025-05-16,sz.000166,4.83,4.84,4.74,4.75,71853220,342838330.5,0.3188,-1.8595,0,0
2025-05-19,sz.000166,4.74,4.78,4.74,4.76,42708550,203319799.23,0.1895,0.2105,0,0
2025-05-20,sz.000166,4.76,4.8,4.75,4.77,44465813,212207961.26,0.1973,0.2101,0,0
2025-05-21,sz.000166,4.77,4.8,4.76,4.78,40746186,195006643.16,0.1808,0.2096,0,0
2025-05-22,sz.000166,4.77,4.78,4.73,4.74,39634776,188100372.42,0.1759,-0.8368,0,0
2025-05-23,sz.000166,4.74,4.77,4.68,4.69,53187110,251535165.85,0.236,-1.0549,0,0
2025-05-26,sz.000166,4.68,4.7,4.65,4.67,35830433,167423572.43,0.159,-0.4264,0,0
2025-05-27,sz.000166,4.67,4.7,4.65,4.69,35616253,166636213.73,0.158,0.4283,0,0
2025-05-28,sz.000166,4.68,4.7,4.65,4.67,32400865,151417731.86,0.1438,-0.4264,0,0
2025-05-29,sz.000166,4.67,4.72,4.65,4.71,45898250,215672900.29,0.2037,0.8565,0,0
2025-05-30,sz.000166,4.7,4.75,4.67,4.73,58855528,277455983.53,0.2612,0.4246,0,0
2025-06-03,sz.000166,4.72,4.8,4.7,4.79,74194117,353443049.13,0.3292,1.2685,0,0
2025-06-04,sz.000166,4.79,4.85,4.78,4.83,71500944,344598192.19,0.3173,0.8351,0,0
2025-06-05,sz.000166,4.83,4.87,4.82,4.86,67436262,326754272.98,0.2992,0.6211,0,0
2025-06-06,sz.000166,4.86,4.88,4.79,4.8,47081422,227240430.14,0.2089,-1.2346,0,0
2025-06-09,sz.000166,4.84,4.93,4.83,4.88,91062368,444762266.67,0.4041,1.6667,0,0
2025-06-10,sz.000166,4.88,4.88,4.79,4.83,67129249,324642914.02,0.2979,-1.0246,0,0
2025-06-11,sz.000166,4.84,4.95,4.83,4.9,103284588,507117181.79,0.4583,1.4493,0,0
2025-06-12,sz.000166,4.89,4.92,4.87,4.88,56502975,276260594.6,0.2507,-0.4082,0,0
2025-06-13,sz.000166,4.87,4.88,4.82,4.85,67792005,328272966.54,0.3008,-0.6148,0,0
2025-06-16,sz.000166,4.83,4.89,4.82,4.88,53338007,259009041.42,0.2367,0.6186,0,0
2025-06-17,sz.000166,4.87,4.9,4.85,4.9,56680746,276566450.58,0.2515,0.4098,0,0
2025-06-18,sz.000166,4.9,4.91,4.8,4.83,64560913,312066605.16,0.2865,-1.4286,0,0
2025-06-19,sz.000166,4.82,4.82,4.75,4.78,68444859,326979349.18,0.3037,-1.0352,0,0
2025-06-20,sz.000166,4.78,4.83,4.77,4.78,59864318,287420287.74,0.2656,0.0,0,0
2025-06-23,sz.000166,4.76,4.88,4.75,4.86,76788451,370817536.74,0.3407,1.6736,0,0
2025-06-24,sz.000166,4.88,4.97,4.86,4.93,122194542,602009535.47,0.5422,1.4403,0,0
2025-06-25,sz.000166,4.94,5.11,4.92,5.09,216612427,1089418658.58,0.9612,3.2454,0,0
2025-06-26,sz.000166,5.12,5.14,5.04,5.06,134743305,684425365.66,0.5979,-0.5894,0,0
2025-06-27,sz.000166,5.08,5.25,5.06,5.07,161213578,829966101.32,0.7154,0.1976,0,0
2025-06-30,sz.000166,5.09,5.09,5.0,5.02,83619271,420785226.33,0.3711,-0.9862,0,0
2025-07-01,sz.000166,5.03,5.04,4.97,4.99,61961393,309281677.42,0.275,-0.5976,0,0
2025-07-02,sz.000166,5.0,5.02,4.98,4.99,54960219,274650450.44,0.2439,0.0,0,0
2025-07-03,sz.000166,5.0,5.04,4.99,5.02,61236521,307177487.23,0.2717,0.6012,0,0
2025-07-04,sz.000166,5.02,5.08,4.97,5.03,79476010,399537783.55,0.3527,0.1992,0,0
2025-07-07,sz.000166,5.01,5.04,5.0,5.02,45575461,228696519.35,0.2022,-0.1988,0,0
2025-07-08,sz.000166,5.02,5.08,5.01,5.06,74372752,375313301.16,0.33,0.7968,0,0
2025-07-09,sz.000166,5.07,5.11,5.05,5.06,73485296,373377504.56,0.3261,0.0,0,0
2025-07-10,sz.000166,5.05,5.14,5.04,5.12,84633652,432362614.7,0.3756,1.1858,0,0
2025-07-11,sz.000166,5.15,5.38,5.13,5.28,215872583,1136399324.36,0.9579,3.125,0,0
2025-07-14,sz.000166,5.28,5.29,5.2,5.22,95409001,498947769.23,0.4234,-1.1364,0,0
2025-07-15,sz.000166,5.26,5.28,5.16,5.21,96561847,503072119.88,0.4285,-0.1916,0,0
2025-07-16,sz.000166,5.19,5.24,5.14,5.18,90629740,469411030.35,0.4022,-0.5758,0,0
2025-07-17,sz.000166,5.18,5.24,5.16,5.23,63241720,328521109.35,0.2806,0.9653,0,0
2025-07-18,sz.000166,5.23,5.25,5.21,5.25,63764725,333710937.09,0.283,0.3824,0,0
2025-07-21,sz.000166,5.25,5.37,5.24,5.35,98989108,527039848.61,0.4393,1.9048,0,0
2025-07-22,sz.000166,5.35,5.38,5.28,5.38,84101498,449134443.32,0.3732,0.5607,0,0
2025-07-23,sz.000166,5.38,5.45,5.35,5.36,122281809,660426503.25,0.5426,-0.3717,0,0
2025-07-24,sz.000166,5.36,5.5,5.34,5.48,140161014,763233450.19,0.622,2.2388,0,0
2025-07-25,sz.000166,5.49,5.51,5.42,5.44,93627857,510520262.93,0.4155,-0.7299,0,0
2025-07-28,sz.000166,5.43,5.52,5.39,5.46,94973016,518860537.91,0.4214,0.3676,0,0
2025-07-29,sz.000166,5.43,5.47,5.35,5.46,97714403,527874837.05,0.4336,0.0,0,0
2025-07-30,sz.000166,5.44,5.48,5.37,5.42,76909259,417841286.41,0.3413,-0.7326,0,0
2025-07-31,sz.000166,5.4,5.41,5.26,5.3,94115693,501930441.26,0.4176,-2.214,0,0
2025-08-01,sz.000166,5.28,5.33,5.24,5.27,73501287,388033011.87,0.3262,-0.566,0,0
2025-08-04,sz.000166,5.25,5.29,5.22,5.27,69433086,364366847.29,0.3081,0.0,0,0
2025-08-05,sz.000166,5.29,5.36,5.28,5.34,71868029,382096000.53,0.3189,1.3283,0,0
2025-08-06,sz.000166,5.32,5.36,5.3,5.34,53938020,287591648.4,0.2393,0.0,0,0
2025-08-07,sz.000166,5.36,5.4,5.32,5.38,72925066,391754345.55,0.3236,0.7491,0,0
2025-08-08,sz.000166,5.37,5.39,5.32,5.36,54346602,291050140.43,0.2412,-0.3717,0,0
2025-08-11,sz.000166,5.35,5.42,5.34,5.39,84966926,457881175.5,0.377,0.5597,0,0
2025-08-12,sz.000166,5.39,5.42,5.37,5.41,67475461,364218881.19,0.2994,0.3711,0,0
2025-08-13,sz.000166,5.38,5.48,5.36,5.41,126982387,688541588.22,0.5635,0.9328,0,0
2025-08-14,sz.000166,5.41,5.49,5.38,5.4,133769239,727640366.68,0.5936,-0.1848,0,0
2025-08-15,sz.000166,5.39,5.58,5.37,5.54,199607095,1100238823.25,0.8857,2.5926,0,0
2025-08-18,sz.000166,5.58,5.65,5.51,5.58,195340238,1091789492.85,0.8668,0.722,0,0
2025-08-19,sz.000166,5.56,5.59,5.5,5.51,118901767,657987587.44,0.5276,-1.2545,0,0
2025-08-20,sz.000166,5.49,5.57,5.45,5.57,136220626,751060247.82,0.6045,1.0889,0,0
2025-08-21,sz.000166,5.63,5.64,5.52,5.55,107934254,602120597.43,0.479,-0.3591,0,0
2025-08-22,sz.000166,5.53,5.7,5.52,5.69,176005120,988684876.27,0.781,2.5225,0,0
2025-08-25,sz.000166,5.72,5.78,5.65,5.73,180364475,1029492010.29,0.8004,0.703,0,0
2025-08-26,sz.000166,5.69,5.73,5.65,5.68,104496701,594149578.64,0.4637,-0.8726,0,0
2025-08-27,sz.000166,5.66,5.7,5.48,5.48,184097822,1032024368.64,0.8169,-3.5211,0,0
2025-08-28,sz.000166,5.48,5.55,5.41,5.54,154486753,848590379.77,0.6855,1.0949,0,0
2025-08-29,sz.000166,5.55,5.61,5.43,5.46,285729564,1575247462.28,1.2679,-1.444,0,0
2025-09-01,sz.000166,5.49,5.53,5.37,5.42,192235726,1043186910.39,0.853,-0.7326,0,0
2025-09-02,sz.000166,5.43,5.43,5.31,5.38,162658497,873438720.62,0.7218,-0.738,0,0
2025-09-03,sz.000166,5.4,5.44,5.22,5.24,136714397,726437763.9,0.6067,-2.6022,0,0
2025-09-04,sz.000166,5.24,5.29,5.2,5.26,129717594,681071793.18,0.5756,0.3817,0,0
2025-09-05,sz.000166,5.26,5.3,5.21,5.28,110143935,577703531.35,0.4888,0.3802,0,0
2025-09-08,sz.000166,5.26,5.31,5.24,5.27,109940011,578866021.32,0.4879,-0.1894,0,0
2025-09-09,sz.000166,5.25,5.3,5.23,5.25,110129842,579439188.87,0.4887,-0.3795,0,0
2025-09-10,sz.000166,5.25,5.28,5.21,5.24,80268990,421227827.29,0.3562,-0.1905,0,0
2025-09-11,sz.000166,5.24,5.39,5.22,5.38,137493102,731047253.85,0.6101,2.6718,0,0
2025-09-12,sz.000166,5.37,5.39,5.27,5.3,104231006,555539554.7,0.4625,-1.487,0,0
2025-09-15,sz.000166,5.3,5.33,5.27,5.3,77220736,409714024.18,0.3427,0.0,0,0
2025-09-16,sz.000166,5.29,5.33,5.24,5.31,90830257,479906143.35,0.4031,0.1887,0,0
2025-09-17,sz.000166,5.3,5.37,5.28,5.36,96637287,515032206.73,0.4288,0.9416,0,0
2025-09-18,sz.000166,5.33,5.35,5.17,5.2,144634951,761931284.77,0.6418,-2.9851,0,0
2025-09-19,sz.000166,5.2,5.21,5.14,5.15,81815040,422641710.62,0.363,-0.9615,0,0
2025-09-22,sz.000166,5.15,5.2,5.13,5.19,72881000,376200285.0,0.3234,0.7767,0,0
2025-09-23,sz.000166,5.17,5.17,5.08,5.15,93817186,480765909.58,0.4163,-0.7707,0,0
2025-09-24,sz.000166,5.13,5.22,5.12,5.2,77948809,403420851.65,0.3459,0.9709,0,0
2025-09-25,sz.000166,5.19,5.23,5.16,5.17,63967586,331755012.47,0.2839,-0.5769,0,0
2025-09-26,sz.000166,5.16,5.22,5.14,5.17,64332552,333513284.82,0.2855,0.0,0,0
2025-09-29,sz.000166,5.17,5.43,5.15,5.35,213002011,1130586071.04,0.9452,3.4816,0,0
2025-09-30,sz.000166,5.32,5.36,5.3,5.33,112998415,601922488.14,0.5014,-0.3738,0,0
2025-10-09,sz.000166,5.35,5.43,5.3,5.41,129464996,696230116.72,0.5745,1.5009,0,0
2025-10-10,sz.000166,5.37,5.48,5.36,5.42,149272049,810276885.72,0.6624,0.1848,0,0
2025-10-13,sz.000166,5.3,5.38,5.28,5.36,130571895,695826112.36,0.5794,-1.107,0,0
2025-10-14,sz.000166,5.37,5.46,5.36,5.38,129500614,700058347.38,0.5747,0.3731,0,0
2025-10-15,sz.000166,5.39,5.45,5.35,5.44,118022246,637938100.39,0.5237,1.1152,0,0
2025-10-16,sz.000166,5.42,5.48,5.4,5.45,106816687,581229538.17,0.474,0.1838,0,0
2025-10-17,sz.000166,5.44,5.48,5.32,5.34,114272357,617032054.61,0.5071,-2.0183,0,0
2025-10-20,sz.000166,5.38,5.39,5.31,5.32,84739877,452299493.05,0.376,-0.3745,0,0
2025-10-21,sz.000166,5.33,5.45,5.32,5.37,101201500,544490520.2,0.4491,0.9398,0,0
2025-10-22,sz.000166,5.37,5.39,5.33,5.37,59959785,321584225.42,0.2661,0.0,0,0
2025-10-23,sz.000166,5.37,5.44,5.32,5.43,82961013,446272666.46,0.3681,1.1173,0,0
2025-10-24,sz.000166,5.43,5.48,5.41,5.46,90518616,492645084.77,0.4017,0.5525,0,0
2025-10-27,sz.000166,5.5,5.55,5.48,5.52,136691020,753439142.04,0.6066,1.0989,0,0
2025-10-28,sz.000166,5.51,5.53,5.44,5.46,88844652,486738161.17,0.3942,-1.087,0,0
2025-10-29,sz.000166,5.45,5.55,5.44,5.55,120551500,665023185.63,0.5349,1.6484,0,0
2025-10-30,sz.000166,5.54,5.54,5.45,5.45,113825032,625347993.51,0.5051,-1.8018,0,0
2025-10-31,sz.000166,5.55,5.59,5.47,5.47,159141650,878495539.5,0.7062,0.367,0,0
2025-11-03,sz.000166,5.45,5.47,5.4,5.47,93265243,507456788.63,0.4139,0.0,0,0
2025-11-04,sz.000166,5.46,5.48,5.42,5.46,71633926,390313389.38,0.3179,-0.1828,0,0
2025-11-05,sz.000166,5.43,5.48,5.42,5.45,58761132,320574262.79,0.2607,-0.1832,0,0
2025-11-06,sz.000166,5.46,5.55,5.45,5.51,103579193,570932806.43,0.4596,1.1009,0,0
2025-11-07,sz.000166,5.49,5.51,5.46,5.47,65784628,360739892.29,0.2919,-0.726,0,0
2025-11-10,sz.000166,5.47,5.55,5.46,5.53,89035997,490312800.79,0.3951,1.0969,0,0
2025-11-11,sz.000166,5.53,5.54,5.45,5.47,80267066,440134768.13,0.3562,-1.085,0,0
2025-11-12,sz.000166,5.46,5.48,5.39,5.42,92784886,503687113.86,0.4117,-0.9141,0,0
2025-11-13,sz.000166,5.42,5.48,5.41,5.46,87364086,475698630.74,0.3877,0.738,0,0
2025-11-14,sz.000166,5.44,5.49,5.41,5.42,65801587,358782813.69,0.292,-0.7326,0,0
2025-11-17,sz.000166,5.41,5.42,5.33,5.35,86786966,464796310.99,0.3851,-1.2915,0,0
2025-11-18,sz.000166,5.33,5.35,5.3,5.32,67168406,357606655.23,0.2981,-0.5607,0,0
2025-11-19,sz.000166,5.3,5.34,5.29,5.32,60387820,321232447.34,0.268,0.0,0,0
2025-11-20,sz.000166,5.48,5.54,5.35,5.35,170592343,930462713.62,0.757,0.5639,0,0
2025-11-21,sz.000166,5.31,5.36,5.16,5.17,128986411,677076691.96,0.5724,-3.3645,0,0
2025-11-24,sz.000166,5.18,5.2,5.12,5.14,103170764,532166397.96,0.4578,-0.5803,0,0
2025-11-25,sz.000166,5.15,5.18,5.12,5.14,65708361,338664741.71,0.2916,0.0,0,0
2025-11-26,sz.000166,5.15,5.19,5.13,5.14,64865708,334239992.82,0.2878,0.0,0,0
2025-11-27,sz.000166,5.14,5.17,5.12,5.14,55532215,285770937.68,0.2464,0.0,0,0
2025-11-28,sz.000166,5.13,5.16,5.11,5.15,54984910,282283223.79,0.244,0.1946,0,0
2025-12-01,sz.000166,5.14,5.19,5.13,5.18,61976182,320299351.44,0.275,0.5825,0,0
2025-12-02,sz.000166,5.17,5.18,5.11,5.12,64911765,333123442.79,0.288,-1.1583,0,0
2025-12-03,sz.000166,5.12,5.14,5.05,5.06,73167590,372128694.03,0.3247,-1.1719,0,0
2025-12-04,sz.000166,5.06,5.11,5.05,5.09,56728456,288129914.07,0.2517,0.5929,0,0
2025-12-05,sz.000166,5.08,5.21,5.07,5.19,116022334,597077887.09,0.5148,1.9646,0,0
2025-12-08,sz.000166,5.25,5.35,5.23,5.27,166413950,883110404.9,0.7385,1.5414,0,0
2025-12-09,sz.000166,5.25,5.28,5.21,5.24,100590589,527314073.62,0.4464,-0.5693,0,0
2025-12-10,sz.000166,5.22,5.25,5.17,5.24,73499515,382717914.95,0.3261,0.0,0,0
2025-12-11,sz.000166,5.24,5.25,5.18,5.19,69941991,364674833.63,0.3104,-0.9542,0,0
2025-12-12,sz.000166,5.19,5.24,5.18,5.23,83267715,433999954.65,0.3695,0.7707,0,0
2025-12-15,sz.000166,5.2,5.3,5.18,5.25,81389450,427315994.15,0.3612,0.3824,0,0
2025-12-16,sz.000166,5.24,5.27,5.2,5.21,67403692,352233252.08,0.2991,-0.7619,0,0
2025-12-17,sz.000166,5.22,5.34,5.17,5.3,111548464,585159908.34,0.495,1.7274,0,0
2025-12-18,sz.000166,5.33,5.34,5.24,5.28,84940149,447803701.93,0.3769,-0.3774,0,0
2025-12-19,sz.000166,5.27,5.32,5.24,5.28,73861759,390832229.32,0.3278,0.0,0,0
2025-12-22,sz.000166,5.27,5.31,5.25,5.27,60181576,317822945.74,0.2671,-0.1894,0,0
2025-12-23,sz.000166,5.27,5.29,5.23,5.24,58485756,307670289.47,0.2595,-0.5693,0,0
2025-12-24,sz.000166,5.22,5.28,5.21,5.27,64866437,340563484.55,0.2878,1.1516,0,0
2025-12-25,sz.000166,5.26,5.33,5.26,5.3,71524847,379482401.2,0.3174,0.5693,0,0
2025-12-26,sz.000166,5.29,5.36,5.27,5.32,90994325,483909711.46,0.4038,0.3774,0,0
2025-12-29,sz.000166,5.33,5.33,5.27,5.3,70257466,372387030.05,0.3118,-0.3759,0,0
2025-12-30,sz.000166,5.28,5.32,5.27,5.28,63064661,333688224.59,0.2798,-0.3774,0,0
2025-12-31,sz.000166,5.29,5.32,5.26,5.27,69436706,367033713.04,0.3081,-0.1894,0,0
2026-01-05,sz.000166,5.26,5.32,5.25,5.29,121977271,644805452.65,0.5413,0.3795,0,0
2026-01-06,sz.000166,5.29,5.49,5.28,5.49,232572529,1262267651.33,1.032,3.7807,0,0
2026-01-07,sz.000166,5.49,5.49,5.39,5.43,118653951,644792752.67,0.5265,-1.0929,0,0
2026-01-08,sz.000166,5.4,5.41,5.3,5.32,157275968,840193171.37,0.6979,-2.0258,0,0
2026-01-09,sz.000166,5.33,5.38,5.31,5.35,116899553,624704829.61,0.5187,0.5639,0,0
2026-01-12,sz.000166,5.36,5.46,5.33,5.43,156356465,843980069.65,0.6938,1.4953,0,0
2026-01-13,sz.000166,5.44,5.48,5.35,5.37,121008425,655107291.26,0.537,-1.105,0,0
2026-01-14,sz.000166,5.35,5.46,5.31,5.34,155037722,835436653.27,0.688,-0.5587,0,0
2026-01-15,sz.000166,5.32,5.34,5.23,5.25,132607353,700632810.44,0.5884,-1.6854,0,0
2026-01-16,sz.000166,5.27,5.29,5.18,5.18,110788317,579696879.4,0.4916,-1.3333,0,0
2026-01-19,sz.000166,5.18,5.21,5.1,5.14,157232059,807839619.42,0.6977,-0.7722,0,0
2026-01-20,sz.000166,5.14,5.18,5.13,5.17,110189714,568605011.71,0.489,0.5837,0,0
2026-01-21,sz.000166,5.15,5.17,5.1,5.12,102557865,526999372.01,0.4551,-0.9671,0,0
2026-01-22,sz.000166,5.13,5.16,5.11,5.12,83660232,429337362.92,0.3712,0.0,0,0
2026-01-23,sz.000166,5.13,5.14,5.09,5.1,124059753,634709375.57,0.5505,-0.3906,0,0
2026-01-26,sz.000166,5.1,5.19,5.1,5.13,158001024,811928260.61,0.7011,0.5882,0,0
2026-01-27,sz.000166,5.14,5.14,5.06,5.07,132305562,673286041.84,0.5871,-1.1696,0,0
2026-01-28,sz.000166,5.09,5.15,5.07,5.11,172687505,883214790.66,0.7663,0.789,0,0
2026-01-29,sz.000166,5.11,5.18,5.04,5.17,210289653,1072877650.86,0.9331,1.1742,0,0
2026-01-30,sz.000166,5.14,5.16,5.07,5.07,145934075,744680514.5,0.6476,-1.9342,0,0
2026-02-02,sz.000166,5.09,5.13,5.02,5.03,141215403,716447355.1,0.6266,-0.789,0,0
2026-02-03,sz.000166,5.05,5.07,4.98,5.02,129239915,648105327.6,0.5735,-0.1988,0,0
2026-02-04,sz.000166,5.01,5.09,5.0,5.08,112498365,568064973.85,0.4992,1.1952,0,0
2026-02-05,sz.000166,5.08,5.12,5.05,5.1,96180739,489487329.11,0.4268,0.3937,0,0
2026-02-06,sz.000166,5.07,5.12,5.05,5.07,74232340,377423897.45,0.3294,-0.5882,0,0
2026-02-09,sz.000166,5.1,5.13,5.09,5.11,72515298,370443065.15,0.3218,0.789,0,0
2026-02-10,sz.000166,5.11,5.12,5.09,5.1,62753908,320628967.29,0.2785,-0.1957,0,0
2026-02-11,sz.000166,5.1,5.12,5.09,5.09,52088235,265964208.4,0.2311,-0.1961,0,0
2026-02-12,sz.000166,5.1,5.1,5.05,5.06,65393298,331614230.9,0.2902,-0.5894,0,0
2026-02-13,sz.000166,5.06,5.09,5.01,5.02,76552485,387107122.6,0.3397,-0.7905,0,0
2026-02-24,sz.000166,5.05,5.06,5.01,5.01,77059325,387282617.57,0.3419,-0.1992,0,0
2026-02-25,sz.000166,5.02,5.09,5.01,5.04,109227389,552005014.73,0.4847,0.5988,0,0
2026-02-26,sz.000166,5.05,5.05,4.99,5.0,88779500,444769042.75,0.394,-0.7937,0,0
2026-02-27,sz.000166,4.99,5.02,4.98,5.01,84037640,420391999.15,0.3729,0.2,0,0
2026-03-02,sz.000166,4.98,4.99,4.92,4.97,106294273,527283034.15,0.4717,-0.7984,0,0
2026-03-03,sz.000166,4.98,5.03,4.93,4.95,123424861,614728589.78,0.5477,-0.4024,0,0
2026-03-04,sz.000166,4.92,4.93,4.81,4.81,137040169,665134263.44,0.6081,-2.8283,0,0
2026-03-05,sz.000166,4.85,4.87,4.83,4.84,62072736,300892527.07,0.2754,0.6237,0,0
2026-03-06,sz.000166,4.84,4.9,4.83,4.9,67560966,329066666.0,0.2998,1.2397,0,0
2026-03-09,sz.000166,4.85,4.88,4.83,4.85,82137621,399016113.69,0.3645,-1.0204,0,0
2026-03-10,sz.000166,4.87,4.9,4.86,4.88,57951334,282740344.62,0.2572,0.6186,0,0
2026-03-11,sz.000166,4.89,4.92,4.86,4.9,65467129,320185092.02,0.2905,0.4098,0,0
2026-03-12,sz.000166,4.89,4.97,4.89,4.96,95938536,474088977.02,0.4257,1.2245,0,0
2026-03-13,sz.000166,4.94,4.99,4.91,4.93,77574224,383808475.88,0.3442,-0.6048,0,0
2026-03-16,sz.000166,4.94,4.96,4.91,4.95,65828030,325041157.83,0.2921,0.4057,0,0
2026-03-17,sz.000166,4.95,5.04,4.94,4.98,104686820,523260221.29,0.4645,0.6061,0,0
2026-03-18,sz.000166,4.96,4.97,4.92,4.95,72111464,356600617.35,0.32,-0.6024,0,0
2026-03-19,sz.000166,4.93,4.99,4.92,4.93,100271535,495627179.79,0.4449,-0.404,0,0
2026-03-20,sz.000166,4.94,4.96,4.88,4.89,76162284,374812745.73,0.338,-0.8114,0,0
2026-03-23,sz.000166,4.84,4.85,4.63,4.67,132990433,628565295.58,0.5901,-4.499,0,0
2026-03-24,sz.000166,4.71,4.76,4.65,4.73,76101519,358668301.3,0.3377,1.2848,0,0
2026-03-25,sz.000166,4.73,4.81,4.72,4.77,75494001,359786224.98,0.335,0.8457,0,0
2026-03-26,sz.000166,4.77,4.78,4.68,4.69,61718253,291691507.79,0.2739,-1.6771,0,0
2026-03-27,sz.000166,4.66,4.75,4.66,4.73,59617134,281173301.58,0.2645,0.8529,0,0
2026-03-30,sz.000166,4.67,4.72,4.65,4.7,77194417,362165932.8,0.3425,-0.6342,0,0
2026-03-31,sz.000166,4.7,4.77,4.67,4.68,74225704,350657982.36,0.3294,-0.4255,0,0
2026-04-01,sz.000166,4.74,4.77,4.71,4.74,66167667,313457827.25,0.2936,1.2821,0,0
2026-04-02,sz.000166,4.73,4.73,4.66,4.67,71664371,335722639.64,0.318,-1.4768,0,0
2026-04-03,sz.000166,4.68,4.69,4.63,4.64,50171600,233730923.6,0.2226,-0.6424,0,0
2026-04-07,sz.000166,4.65,4.66,4.59,4.62,54987975,254152956.37,0.244,-0.431,0,0
2026-04-08,sz.000166,4.69,4.75,4.67,4.74,98771818,465089736.15,0.4383,2.5974,0,0
2026-04-09,sz.000166,4.71,4.71,4.63,4.64,75115197,350286147.96,0.3333,-2.1097,0,0
2026-04-10,sz.000166,4.67,4.8,4.67,4.72,145305129,690444824.65,0.6448,1.7241,0,0
2026-04-13,sz.000166,4.69,4.78,4.67,4.75,82709228,392032925.34,0.367,0.6356,0,0
2026-04-14,sz.000166,4.77,4.79,4.72,4.77,56272550,267546728.1,0.2497,0.4211,0,0
2026-04-15,sz.000166,4.78,4.79,4.74,4.75,54121574,257496520.6,0.2402,-0.4193,0,0
2026-04-16,sz.000166,4.77,4.79,4.74,4.75,70175423,334304691.4,0.3114,0.0,0,0
2026-04-17,sz.000166,4.75,4.76,4.71,4.74,58809149,278471638.79,0.261,-0.2105,0,0
2026-04-20,sz.000166,4.74,4.75,4.72,4.74,52069327,246620711.19,0.2311,0.0,0,0
2026-04-21,sz.000166,4.73,4.73,4.68,4.7,56358284,264814488.75,0.2501,-0.8439,0,0
2026-04-22,sz.000166,4.68,4.75,4.67,4.69,80967473,381111073.95,0.3593,-0.2128,0,0
2026-04-23,sz.000166,4.69,4.7,4.63,4.65,81265532,379072461.27,0.3606,-0.8529,0,0
2026-04-24,sz.000166,4.64,4.65,4.6,4.63,58436768,270380459.33,0.2593,-0.4301,0,0
2026-04-27,sz.000166,4.63,4.66,4.61,4.62,59115150,273914558.22,0.2623,-0.216,0,0
2026-04-28,sz.000166,4.63,4.72,4.61,4.68,96070131,449374689.68,0.4263,1.2987,0,0
2026-04-29,sz.000166,4.68,4.75,4.67,4.74,76473218,360362544.67,0.3393,1.2821,0,0
2026-04-30,sz.000166,4.72,4.8,4.71,4.74,105158300,500192851.74,0.4666,0.0,0,0
2026-05-06,sz.000166,4.75,4.8,4.74,4.78,87355687,417176523.23,0.3876,0.8439,0,0
2026-05-07,sz.000166,4.8,4.8,4.73,4.75,75303211,357918354.96,0.3342,-0.6276,0,0
2026-05-08,sz.000166,4.74,4.78,4.72,4.74,69020095,327469152.49,0.3063,-0.2105,0,0
2026-05-11,sz.000166,4.74,4.79,4.71,4.77,99136522,470704881.65,0.4399,0.6329,0,0
2026-05-12,sz.000166,4.77,4.82,4.75,4.78,110420224,528178884.37,0.49,0.2096,0,0
2026-05-13,sz.000166,4.78,4.78,4.7,4.75,99049091,468597257.52,0.4395,-0.6276,0,0
2026-05-14,sz.000166,4.75,4.77,4.66,4.67,87691699,413614838.75,0.3891,-1.6842,0,0
2026-05-15,sz.000166,4.66,4.67,4.52,4.54,131127566,602172956.57,0.5819,-2.7837,0,0
2026-05-18,sz.000166,4.52,4.53,4.43,4.47,102479083,458727953.15,0.4547,-1.5419,0,0
2026-05-19,sz.000166,4.46,4.52,4.45,4.52,94659657,425051364.29,0.42,1.1186,0,0
2026-05-20,sz.000166,4.49,4.51,4.45,4.47,65256333,292424599.86,0.2896,-1.1062,0,0
2026-05-21,sz.000166,4.49,4.62,4.46,4.47,137649002,627367051.96,0.6108,0.0,0,0
2026-05-22,sz.000166,4.49,4.5,4.4,4.42,97620717,432468455.67,0.4332,-1.1186,0,0
2026-05-25,sz.000166,4.44,4.47,4.41,4.45,73147050,324787402.64,0.3246,0.6787,0,0
2026-05-26,sz.000166,4.45,4.55,4.43,4.5,106360217,478496045.26,0.472,1.1236,0,0
2026-05-27,sz.000166,4.49,4.56,4.42,4.45,83306327,373110083.96,0.3697,-1.1111,0,0
2026-05-28,sz.000166,4.46,4.47,4.34,4.36,97185839,426413700.61,0.4313,-2.0225,0,0
2026-05-29,sz.000166,4.36,4.46,4.34,4.41,118937061,524810023.26,0.5278,1.1468,0,0
2026-06-01,sz.000166,4.41,4.45,4.36,4.43,98722245,435509731.78,0.4381,0.4535,0,0
2026-06-02,sz.000166,4.43,4.48,4.41,4.46,91041083,405088496.04,0.404,0.6772,0,0
2026-06-03,sz.000166,4.46,4.46,4.38,4.41,96888512,428153192.49,0.4299,-1.1211,0,0
2026-06-04,sz.000166,4.39,4.43,4.28,4.32,89850623,390975275.35,0.3987,-2.0408,0,0
2026-06-05,sz.000166,4.31,4.4,4.31,4.33,86675162,377500348.87,0.3846,0.2315,0,0
2026-06-08,sz.000166,4.3,4.32,4.24,4.26,100865486,430989761.13,0.4476,-1.6166,0,0
2026-06-09,sz.000166,4.29,4.31,4.23,4.3,78075622,333896831.98,0.3465,0.939,0,0
2026-06-10,sz.000166,4.28,4.39,4.27,4.38,105491344,459057572.36,0.4681,1.8605,0,0
2026-06-11,sz.000166,4.36,4.46,4.35,4.42,107774590,475503177.41,0.4782,0.9132,0,0
2026-06-12,sz.000166,4.43,4.54,4.41,4.53,148805617,669178544.61,0.6603,2.4887,0,0
2026-06-15,sz.000166,4.55,4.69,4.53,4.59,158488748,730443998.18,0.7033,1.3245,0,0
2026-06-16,sz.000166,4.57,4.61,4.54,4.6,101645828,465152409.76,0.451,0.2179,0,0
2026-06-17,sz.000166,4.59,4.61,4.55,4.57,108536450,496856656.58,0.4816,-0.6522,0,0
2026-06-18,sz.000166,4.56,4.57,4.4,4.41,108974585,486980916.25,0.4836,-3.5011,0,0
2026-06-22,sz.000166,4.4,4.66,4.39,4.63,189642539,859800616.27,0.8415,4.9887,0,0
2026-06-23,sz.000166,4.61,4.72,4.58,4.61,189587558,883171793.36,0.8413,-0.432,0,0
2026-06-24,sz.000166,4.57,4.67,4.47,4.5,164246526,746830329.0,0.7288,-2.3861,0,0
2026-06-25,sz.000166,4.48,4.65,4.44,4.6,198118954,903705333.47,0.8791,2.2222,0,0
2026-06-26,sz.000166,4.57,4.63,4.39,4.4,162733129,730554223.42,0.7221,-4.3478,0,0
