date,code,open,high,low,close,volume,amount,turnover,pct_change,is_limit_up,is_limit_down
2019-07-01,sz.000034,13.18,13.75,13.15,13.71,11159842,151280568.04,2.280074,6.279073,0,0
2019-07-02,sz.000034,13.75,13.75,13.38,13.44,8965961,121303251.86,1.831841,-1.969369,0,0
2019-07-03,sz.000034,13.35,13.46,13.07,13.14,5242832,69074333.52,1.071166,-2.232137,0,0
2019-07-04,sz.000034,13.19,13.25,13.01,13.1,3897490,51045382.6,0.796298,-0.304414,0,0
2019-07-05,sz.000034,13.1,13.5,12.97,13.32,5650590,74624335.73,1.154475,1.679384,0,0
2019-07-08,sz.000034,13.2,13.2,12.62,12.7,5432836,69855360.47,1.119074,-4.654654,0,0
2019-07-09,sz.000034,12.67,12.79,12.57,12.71,2170300,27492237.06,0.447046,0.078742,0,0
2019-07-10,sz.000034,12.68,12.83,12.62,12.63,1995619,25364664.16,0.411064,-0.629425,0,0
2019-07-11,sz.000034,12.73,12.79,12.39,12.5,2709279,34094473.55,0.558067,-1.029296,0,0
2019-07-12,sz.000034,12.52,12.59,12.36,12.5,2402179,29941914.44,0.494809,0.0,0,0
2019-07-15,sz.000034,12.5,12.66,12.13,12.63,3182034,39694519.2,0.655446,1.040001,0,0
2019-07-16,sz.000034,12.6,12.73,12.56,12.66,2400527,30382171.62,0.494469,0.237528,0,0
2019-07-17,sz.000034,12.66,12.73,12.55,12.57,3096579,39070228.28,0.637844,-0.710902,0,0
2019-07-18,sz.000034,12.52,12.66,12.39,12.55,2230003,27910975.56,0.459344,-0.159105,0,0
2019-07-19,sz.000034,12.55,12.68,12.43,12.55,2498986,31488934.84,0.51475,0.0,0,0
2019-07-22,sz.000034,12.55,12.6,12.23,12.27,2860089,35273311.41,0.589131,-2.231074,0,0
2019-07-23,sz.000034,12.26,12.5,12.21,12.44,2343382,28914672.68,0.482698,1.385486,0,0
2019-07-24,sz.000034,12.44,12.78,12.43,12.68,4357062,55142647.08,0.897483,1.929266,0,0
2019-07-25,sz.000034,12.68,12.86,12.58,12.7,3011179,38307265.72,0.620253,0.157725,0,0
2019-07-26,sz.000034,12.65,13.29,12.65,13.1,6103199,79414190.94,1.2572,3.1496,0,0
2019-07-29,sz.000034,13.17,13.57,13.07,13.31,6188571,82231571.27,1.274743,1.603054,0,0
2019-07-30,sz.000034,13.22,13.43,13.22,13.37,4785149,63895594.21,0.9857,0.4508,0,0
2019-07-31,sz.000034,13.36,13.43,13.24,13.39,3768083,50346104.88,0.7762,0.1496,0,0
2019-08-01,sz.000034,13.7,13.97,13.32,13.41,9928519,134822683.72,2.0451,0.1494,0,0
2019-08-02,sz.000034,13.0,13.45,12.95,13.37,7396512,98270673.38,1.5236,-0.2983,0,0
2019-08-05,sz.000034,13.34,13.61,13.25,13.25,5484002,73516534.62,1.1296,-0.8975,0,0
2019-08-06,sz.000034,12.97,13.25,12.66,13.18,5968143,77793574.01,1.2293,-0.5283,0,0
2019-08-07,sz.000034,13.2,13.39,12.84,12.98,4509500,59017125.0,0.9289,-1.5175,0,0
2019-08-08,sz.000034,13.04,13.08,12.58,12.65,5395600,68483300.0,1.1114,-2.5424,0,0
2019-08-09,sz.000034,12.55,12.77,12.34,12.56,5619741,70584374.5,1.1576,-0.7115,0,0
2019-08-12,sz.000034,12.53,12.71,12.24,12.69,4389493,54703901.06,0.9042,1.035,0,0
2019-08-13,sz.000034,12.6,12.6,12.38,12.42,3023604,37693667.96,0.6228,-2.1277,0,0
2019-08-14,sz.000034,12.6,12.77,12.58,12.67,4384300,55605101.0,0.9031,2.0129,0,0
2019-08-15,sz.000034,12.33,12.93,12.27,12.82,4140306,52136395.34,0.8528,1.1839,0,0
2019-08-16,sz.000034,12.76,13.22,12.64,13.08,6677217,86690709.59,1.3754,2.0281,0,0
2019-08-19,sz.000034,13.65,14.26,13.35,14.15,23404817,323366395.38,4.821,8.1804,0,0
2019-08-20,sz.000034,14.12,14.66,14.0,14.08,21761477,310773221.21,4.4825,-0.4947,0,0
2019-08-21,sz.000034,14.06,14.25,13.87,14.05,12819708,180351217.0,2.6406,-0.2131,0,0
2019-08-22,sz.000034,14.1,14.5,14.02,14.5,15375764,219136193.94,3.1672,3.2028,0,0
2019-08-23,sz.000034,14.82,14.82,13.87,13.98,15891146,226799052.71,3.2733,-3.5862,0,0
2019-08-26,sz.000034,13.65,15.03,13.55,14.93,23781797,344001238.3,4.8987,6.7954,0,0
2019-08-27,sz.000034,14.92,14.98,14.66,14.73,15892405,235220868.74,3.2736,-1.3396,0,0
2019-08-28,sz.000034,14.73,14.93,14.35,14.35,11809449,171410117.16,2.4326,-2.5798,0,0
2019-08-29,sz.000034,14.35,14.62,14.26,14.42,9457108,136671420.39,1.948,0.4878,0,0
2019-08-30,sz.000034,14.58,14.58,13.83,13.99,11401847,161884220.98,2.3486,-2.982,0,0
2019-09-02,sz.000034,14.2,14.75,14.11,14.64,16221397,235325971.56,3.3413,4.6462,0,0
2019-09-03,sz.000034,14.66,14.97,14.44,14.97,18267664,268141045.83,3.7628,2.2541,0,0
2019-09-04,sz.000034,14.85,15.82,14.85,15.54,25478038,393777173.24,5.2481,3.8076,0,0
2019-09-05,sz.000034,16.0,16.88,15.66,16.19,31626798,510906253.97,6.5146,4.1828,0,0
2019-09-06,sz.000034,16.28,17.81,16.28,17.5,38327105,662622708.69,7.8947,8.0914,0,0
2019-09-09,sz.000034,17.81,17.89,17.17,17.73,31946263,559713044.26,6.5804,1.3143,0,0
2019-09-10,sz.000034,17.82,19.12,17.5,17.6,39335354,720171868.14,8.1024,-0.7332,0,0
2019-09-11,sz.000034,18.05,18.58,17.7,18.34,32631274,592304877.4,6.7215,4.2045,0,0
2019-09-12,sz.000034,18.13,18.18,17.38,17.78,25970410,459716909.54,5.3495,-3.0534,0,0
2019-09-16,sz.000034,17.82,18.18,17.49,17.73,18460557,329254299.46,3.8026,-0.2812,0,0
2019-09-17,sz.000034,17.81,17.92,17.17,17.59,17379868,305271787.73,3.58,-0.7896,0,0
2019-09-18,sz.000034,17.75,17.75,16.92,17.35,14499548,250470690.3,2.9867,-1.3644,0,0
2019-09-19,sz.000034,17.38,17.76,17.11,17.76,14187771,247118048.43,2.9224,2.3631,0,0
2019-09-20,sz.000034,17.81,17.87,16.93,17.13,21002191,362863768.21,4.3261,-3.5473,0,0
2019-09-23,sz.000034,17.01,17.17,16.66,16.92,11372875,192437742.46,2.3426,-1.2259,0,0
2019-09-24,sz.000034,16.96,17.35,16.88,17.06,15913525,272848126.31,3.2779,0.8274,0,0
2019-09-25,sz.000034,16.94,17.09,16.63,16.82,10999884,185813606.73,2.2658,-1.4068,0,0
2019-09-26,sz.000034,16.94,16.95,15.55,15.8,19200205,307406473.2,3.9549,-6.0642,0,0
2019-09-27,sz.000034,15.78,16.56,15.72,16.23,14664831,239476644.86,3.0207,2.7215,0,0
2019-09-30,sz.000034,16.5,16.5,15.81,15.84,8847818,142291035.92,1.8225,-2.403,0,0
2019-10-08,sz.000034,15.86,16.27,15.74,15.8,9143782,146312696.27,1.8835,-0.2525,0,0
2019-10-09,sz.000034,15.8,16.03,15.5,15.97,9241103,145970119.08,1.9035,1.0759,0,0
2019-10-10,sz.000034,15.97,16.28,15.97,16.14,11336237,182845053.44,2.3351,1.0645,0,0
2019-10-11,sz.000034,16.12,16.18,15.68,15.95,10858760,172685099.44,2.2367,-1.1772,0,0
2019-10-14,sz.000034,16.2,16.8,16.13,16.6,15838405,261801021.54,3.2624,4.0752,0,0
2019-10-15,sz.000034,15.9,15.9,14.94,14.94,29316053,444948367.27,6.0386,-10.0,0,1
2019-10-16,sz.000034,15.0,15.76,14.97,15.45,22820634,353053675.31,4.7007,3.4137,0,0
2019-10-17,sz.000034,15.51,16.06,15.46,15.59,10910775,171673084.16,2.2474,0.9062,0,0
2019-10-18,sz.000034,15.54,15.68,15.2,15.32,7824954,120519504.95,1.6118,-1.7319,0,0
2019-10-21,sz.000034,15.22,15.31,14.65,15.04,9949340,148208345.48,2.0494,-1.8277,0,0
2019-10-22,sz.000034,15.07,15.35,14.87,15.17,11492076,173299809.17,2.3672,0.8644,0,0
2019-10-23,sz.000034,15.32,15.52,14.79,14.82,17615131,265052483.54,3.6284,-2.3072,0,0
2019-10-24,sz.000034,14.76,15.11,14.72,15.08,11096789,166366288.3,2.2858,1.7544,0,0
2019-10-25,sz.000034,15.05,15.07,14.68,14.98,9241487,137734625.78,1.9036,-0.6631,0,0
2019-10-28,sz.000034,15.54,16.12,15.38,16.06,25385617,400471432.06,5.229,7.2096,0,0
2019-10-29,sz.000034,16.04,16.72,15.82,15.87,24111144,392364471.93,4.9665,-1.1831,0,0
2019-10-30,sz.000034,15.81,16.2,15.7,15.77,11954190,190316278.04,2.4624,-0.6301,0,0
2019-10-31,sz.000034,15.95,16.11,15.65,15.8,11328615,179864739.38,2.3335,0.1902,0,0
2019-11-01,sz.000034,15.71,15.75,15.3,15.65,10542686,163931631.11,2.1716,-0.9494,0,0
2019-11-04,sz.000034,15.7,16.07,15.56,15.88,11560471,183531834.83,2.3813,1.4697,0,0
2019-11-05,sz.000034,15.98,16.07,15.62,15.91,7980797,126663555.65,1.6439,0.1889,0,0
2019-11-06,sz.000034,16.06,16.51,15.95,16.13,17098302,277797082.75,3.522,1.3828,0,0
2019-11-07,sz.000034,15.93,16.2,15.71,16.2,13249332,211473469.32,2.7291,0.434,0,0
2019-11-08,sz.000034,16.23,16.42,15.81,15.88,12667764,203844131.54,2.6093,-1.9753,0,0
2019-11-11,sz.000034,15.82,15.82,15.04,15.08,12313732,188834648.87,2.5364,-5.0378,0,0
2019-11-12,sz.000034,15.09,15.26,14.81,15.14,6655468,100213083.76,1.3709,0.3979,0,0
2019-11-13,sz.000034,15.14,15.33,14.92,15.18,6665790,100957929.57,1.373,0.2642,0,0
2019-11-14,sz.000034,15.22,15.35,15.01,15.21,7233884,109910619.41,1.4901,0.1976,0,0
2019-11-15,sz.000034,15.26,15.26,14.8,14.8,6941648,104144975.04,1.4299,-2.6956,0,0
2019-11-18,sz.000034,14.9,15.36,14.9,15.22,9891308,150307537.49,2.0374,2.8378,0,0
2019-11-19,sz.000034,15.7,16.74,15.6,16.74,39540879,649009646.57,8.1448,9.9869,1,0
2019-11-20,sz.000034,16.91,18.15,16.78,17.52,47537432,826377514.48,9.7919,4.6595,0,0
2019-11-21,sz.000034,17.31,17.66,17.06,17.2,26752909,463092067.43,5.5107,-1.8265,0,0
2019-11-22,sz.000034,17.25,17.48,16.66,16.9,23332057,398034901.75,4.806,-1.7442,0,0
2019-11-25,sz.000034,16.89,17.19,16.44,16.91,17175129,289805218.85,3.5378,0.0592,0,0
2019-11-26,sz.000034,16.8,17.12,16.63,16.79,12106690,203873734.66,2.4938,-0.7096,0,0
2019-11-27,sz.000034,16.7,17.27,16.64,16.97,15006614,254822141.68,3.0911,1.0721,0,0
2019-11-28,sz.000034,16.87,17.3,16.85,17.09,13132981,223866606.12,2.7052,0.7071,0,0
2019-11-29,sz.000034,17.07,17.07,16.32,16.61,18074258,299379863.77,3.723,-2.8087,0,0
2019-12-02,sz.000034,16.9,18.27,16.9,18.27,30023204,528898880.76,6.1843,9.994,1,0
2019-12-03,sz.000034,18.95,19.58,18.62,19.32,56471497,1074267518.92,11.6322,5.7471,0,0
2019-12-04,sz.000034,19.15,19.25,18.75,18.97,31207949,591203682.5,6.4283,-1.8116,0,0
2019-12-05,sz.000034,19.05,19.59,18.82,19.07,34308539,658300084.61,7.067,0.5272,0,0
2019-12-06,sz.000034,18.95,20.15,18.9,19.79,34067607,665505479.74,7.0174,3.7756,0,0
2019-12-09,sz.000034,19.74,20.7,19.6,20.21,35361112,712211832.82,7.2838,2.1223,0,0
2019-12-10,sz.000034,20.01,20.11,19.55,19.97,22290080,442759590.01,4.5914,-1.1875,0,0
2019-12-11,sz.000034,19.96,20.4,19.55,19.55,20466995,405985217.24,4.2159,-2.1032,0,0
2019-12-12,sz.000034,19.5,21.44,19.5,20.77,36740488,751793219.13,7.5679,6.2404,0,0
2019-12-13,sz.000034,20.5,21.15,20.32,20.79,26323914,546284483.25,5.4223,0.0963,0,0
2019-12-16,sz.000034,20.7,22.39,20.65,21.91,34977473,747506477.75,7.2048,5.3872,0,0
2019-12-17,sz.000034,22.02,22.84,21.55,21.6,32015682,704762607.05,6.5947,-1.4149,0,0
2019-12-18,sz.000034,21.51,22.45,21.47,21.74,27452472,601749769.29,5.6548,0.6481,0,0
2019-12-19,sz.000034,21.51,21.99,21.26,21.61,16737513,362296895.42,3.4477,-0.598,0,0
2019-12-20,sz.000034,21.62,21.8,20.58,20.58,23740745,497876825.09,4.8902,-4.7663,0,0
2019-12-23,sz.000034,20.31,20.9,20.01,20.11,19145247,390525588.25,3.9436,-2.2838,0,0
2019-12-24,sz.000034,20.33,20.75,20.11,20.66,13745936,281764584.95,2.8314,2.735,0,0
2019-12-25,sz.000034,20.68,21.09,20.48,20.78,17045544,354651080.85,3.5111,0.5808,0,0
2019-12-26,sz.000034,20.6,20.85,20.3,20.6,13005634,266966265.05,2.6789,-0.8662,0,0
2019-12-27,sz.000034,20.73,21.48,20.35,20.4,24589059,514965003.74,5.0649,-0.9709,0,0
2019-12-30,sz.000034,20.0,20.17,19.28,20.14,19464521,384626477.92,4.0094,-1.2745,0,0
2019-12-31,sz.000034,20.12,20.25,19.62,19.85,13145100,260929867.75,2.7077,-1.4399,0,0
2020-01-02,sz.000034,19.95,20.76,19.87,20.59,17321895,353160869.22,3.568,3.728,0,0
2020-01-03,sz.000034,20.64,21.24,20.33,20.6,21744199,450649246.37,4.4789,0.0486,0,0
2020-01-06,sz.000034,20.55,20.71,19.9,20.13,22846719,464841484.62,4.706,-2.2816,0,0
2020-01-07,sz.000034,20.0,20.84,19.97,20.83,21814889,444985751.49,4.4935,3.4774,0,0
2020-01-08,sz.000034,20.55,20.63,19.81,19.87,21716428,438876615.21,4.4732,-4.6087,0,0
2020-01-09,sz.000034,20.27,21.86,20.26,21.58,48893981,1039515654.88,10.0713,8.6059,0,0
2020-01-10,sz.000034,21.87,21.87,20.91,20.91,31578456,670431066.38,6.5046,-3.1047,0,0
2020-01-13,sz.000034,21.07,21.57,20.89,21.56,22326366,474882921.21,4.5989,3.1086,0,0
2020-01-14,sz.000034,21.52,22.27,21.25,21.62,23146613,501952837.32,4.7678,0.2783,0,0
2020-01-15,sz.000034,21.5,23.75,21.22,23.71,41298551,934916165.45,8.5068,9.667,0,0
2020-01-16,sz.000034,23.4,23.75,23.05,23.35,24580855,573370619.4,5.0632,-1.5183,0,0
2020-01-17,sz.000034,23.76,24.9,23.19,23.88,29420938,709006571.56,6.0602,2.2698,0,0
2020-01-20,sz.000034,23.52,25.39,23.33,24.62,25381077,618616839.14,5.2281,3.0988,0,0
2020-01-21,sz.000034,24.43,25.0,23.91,24.33,17171563,418130677.58,3.5371,-1.1779,0,0
2020-01-22,sz.000034,24.08,24.75,23.35,24.6,18644043,450269576.82,3.8404,1.1097,0,0
2020-01-23,sz.000034,24.28,24.28,22.15,22.76,29256991,684041096.32,6.0265,-7.4797,0,0
2020-02-03,sz.000034,20.48,20.48,20.48,20.48,2042300,41826304.0,0.4207,-10.0176,0,1
2020-02-04,sz.000034,18.7,20.8,18.7,20.21,27243806,544024631.51,5.6118,-1.3184,0,0
2020-02-05,sz.000034,20.47,21.52,20.38,20.69,25531185,534119977.79,5.259,2.3751,0,0
2020-02-06,sz.000034,20.75,22.3,20.49,21.93,27220512,587668670.34,5.607,5.9932,0,0
2020-02-07,sz.000034,22.23,23.59,21.91,23.42,33141884,757683415.91,6.8267,6.7943,0,0
2020-02-10,sz.000034,23.3,24.59,23.01,23.96,30717865,731588112.01,6.3274,2.3057,0,0
2020-02-11,sz.000034,23.82,23.96,23.25,23.25,19875637,469284900.25,4.0941,-2.9633,0,0
2020-02-12,sz.000034,23.45,24.63,23.26,24.52,28709330,690189608.22,5.9136,5.4624,0,0
2020-02-13,sz.000034,24.33,24.73,23.59,23.77,23053876,553627332.76,4.7487,-3.0587,0,0
2020-02-14,sz.000034,23.64,25.0,23.51,24.82,29544965,721718996.52,6.0858,4.4173,0,0
2020-02-17,sz.000034,25.02,25.98,24.49,25.9,26969518,678266961.96,5.5553,4.3513,0,0
2020-02-18,sz.000034,25.58,26.2,25.24,25.87,24777532,637005938.07,5.1038,-0.1158,0,0
2020-02-19,sz.000034,26.02,26.45,25.0,25.16,23938637,616718097.86,4.931,-2.7445,0,0
2020-02-20,sz.000034,24.96,25.28,23.91,24.97,28203031,696392703.09,5.8094,-0.7552,0,0
2020-02-21,sz.000034,24.98,26.4,24.86,25.82,27691446,712288196.18,5.704,3.4041,0,0
2020-02-24,sz.000034,26.0,28.4,25.82,28.4,44857426,1239615595.36,9.2399,9.9923,1,0
2020-02-25,sz.000034,29.0,31.0,27.51,30.65,53041662,1555542390.14,10.9257,7.9225,0,0
2020-02-26,sz.000034,29.28,29.63,27.59,27.65,36591296,1050132482.09,7.5372,-9.7879,0,0
2020-02-27,sz.000034,28.48,29.49,26.8,28.37,30772914,869622660.18,6.3387,2.604,0,0
2020-02-28,sz.000034,26.89,27.8,25.53,25.84,32609200,864292984.96,6.717,-8.9179,0,0
2020-03-02,sz.000034,26.55,28.42,26.5,28.3,30063087,829297702.74,6.1925,9.5201,0,0
2020-03-03,sz.000034,29.3,31.1,28.5,29.0,38860710,1153237336.03,8.0047,2.4735,0,0
2020-03-04,sz.000034,28.93,30.56,28.35,29.34,29429228,869794552.53,6.0619,1.1724,0,0
2020-03-05,sz.000034,30.22,30.6,28.28,29.03,27663985,810137457.83,5.6983,-1.0566,0,0
2020-03-06,sz.000034,27.9,28.9,27.7,27.98,15914957,448683931.06,3.2782,-3.617,0,0
2020-03-09,sz.000034,27.03,27.6,25.93,26.15,24303937,646326752.65,5.0062,-6.5404,0,0
2020-03-10,sz.000034,26.0,27.64,25.7,27.45,20211399,540300234.03,4.1632,4.9713,0,0
2020-03-11,sz.000034,27.65,28.74,27.11,27.54,17511896,489668216.33,3.6072,0.3279,0,0
2020-03-12,sz.000034,26.85,27.56,26.01,26.7,15251547,407652133.19,3.1416,-3.0501,0,0
2020-03-13,sz.000034,25.5,27.97,24.97,27.6,21225095,566112007.11,4.372,3.3708,0,0
2020-03-16,sz.000034,29.0,30.3,28.36,28.5,43541363,1281357340.96,8.9688,3.2609,0,0
2020-03-17,sz.000034,30.2,30.77,28.0,30.13,39639740,1181558891.55,8.1651,5.7193,0,0
2020-03-18,sz.000034,30.39,33.14,29.78,31.8,64413833,2079265687.6,13.3883,5.5426,0,0
2020-03-19,sz.000034,32.3,33.15,30.6,32.81,53055144,1689745587.05,10.9285,3.1761,0,0
2020-03-20,sz.000034,32.5,33.1,30.7,31.13,36887388,1169767607.2,7.5982,-5.1204,0,0
2020-03-23,sz.000034,30.11,30.5,28.02,28.27,36195379,1057502173.17,7.4556,-9.1873,0,0
2020-03-24,sz.000034,29.1,30.04,27.4,29.58,34581283,1003945792.34,7.1232,4.6339,0,0
2020-03-25,sz.000034,30.45,30.88,29.48,29.83,27684742,836297095.01,5.7026,0.8452,0,0
2020-03-26,sz.000034,29.4,30.93,28.9,30.07,21808329,655504329.77,4.4922,0.8046,0,0
2020-03-27,sz.000034,29.1,29.76,27.06,27.06,56117834,1546412809.64,11.5593,-10.01,0,1
2020-03-30,sz.000034,25.71,26.35,24.35,24.79,36753462,912410011.75,7.5706,-8.3888,0,0
2020-03-31,sz.000034,25.7,25.94,25.01,25.13,19512727,497102372.42,4.0557,1.3715,0,0
2020-04-01,sz.000034,25.07,25.75,24.63,24.66,17614866,444260237.96,3.6612,-1.8703,0,0
2020-04-02,sz.000034,24.8,27.06,24.38,26.44,25608664,651010732.15,5.3227,7.2182,0,0
2020-04-03,sz.000034,26.26,26.35,25.0,25.25,19166391,492506327.0,3.9837,-4.5008,0,0
2020-04-07,sz.000034,25.98,26.47,25.8,26.14,22343789,584184668.38,4.6441,3.5248,0,0
2020-04-08,sz.000034,25.88,26.39,25.81,25.92,12949611,338003785.54,2.6916,-0.8416,0,0
2020-04-09,sz.000034,26.2,26.3,25.36,25.57,14956325,385476880.14,3.1087,-1.3503,0,0
2020-04-10,sz.000034,25.46,25.55,23.79,24.58,21566812,528968017.81,4.4826,-3.8717,0,0
2020-04-13,sz.000034,24.3,24.3,23.5,23.69,12248217,290867398.1,2.5458,-3.6208,0,0
2020-04-14,sz.000034,23.94,25.1,23.84,25.02,19611845,478790192.59,4.0763,5.6142,0,0
2020-04-15,sz.000034,24.76,25.73,24.62,24.93,18750148,470383224.4,3.8972,-0.3597,0,0
2020-04-16,sz.000034,25.02,25.41,24.64,25.26,16103374,404676377.88,3.3471,1.3237,0,0
2020-04-17,sz.000034,25.79,26.05,25.08,25.23,20379355,521447489.23,4.2358,-0.1188,0,0
2020-04-20,sz.000034,25.5,26.85,25.18,26.8,26766815,701067927.47,5.5634,6.2227,0,0
2020-04-21,sz.000034,26.34,27.68,26.02,27.67,28540722,770863594.45,5.9322,3.2463,0,0
2020-04-22,sz.000034,27.02,27.26,26.67,26.97,17550414,472665444.8,3.6478,-2.5298,0,0
2020-04-23,sz.000034,27.0,27.01,25.99,26.03,14985833,395337581.95,3.1148,-3.4853,0,0
2020-04-24,sz.000034,26.24,26.46,24.44,24.64,20799765,525175018.59,4.3232,-5.34,0,0
2020-04-27,sz.000034,24.89,24.89,24.09,24.19,15353360,374066857.83,3.1912,-1.8263,0,0
2020-04-28,sz.000034,24.16,24.32,22.08,23.47,23906989,554261018.13,4.969,-2.9764,0,0
2020-04-29,sz.000034,23.42,23.44,22.62,22.91,18441787,423807470.84,3.8331,-2.386,0,0
2020-04-30,sz.000034,23.55,24.95,23.4,24.82,24919009,607321719.76,5.1794,9.3392,0,0
2020-05-06,sz.000034,24.4,26.03,24.35,25.6,29237037,741758669.65,6.0769,3.1426,0,0
2020-05-07,sz.000034,26.0,26.35,25.62,25.96,19541457,506306363.73,4.0617,1.4062,0,0
2020-05-08,sz.000034,27.02,28.2,27.0,27.38,37568456,1031832194.39,7.8086,5.47,0,0
2020-05-11,sz.000034,28.21,28.45,26.53,26.82,29146943,798267661.49,6.0582,-2.0453,0,0
2020-05-12,sz.000034,27.0,27.82,26.42,27.64,26418912,721685022.43,5.4911,3.0574,0,0
2020-05-13,sz.000034,27.41,28.28,27.36,27.8,25097539,699023705.67,5.2165,0.5789,0,0
2020-05-14,sz.000034,27.5,27.76,27.27,27.36,13585764,373398875.81,2.8238,-1.5827,0,0
2020-05-15,sz.000034,27.6,28.78,27.34,27.94,23614764,661958993.91,4.9083,2.1199,0,0
2020-05-18,sz.000034,27.59,27.6,25.15,25.15,52528520,1343309744.31,10.918,-9.9857,0,1
2020-05-19,sz.000034,24.9,25.23,23.96,25.2,43651331,1069898071.43,9.0729,0.1988,0,0
2020-05-20,sz.000034,24.68,25.08,24.25,24.39,19797109,488343293.1,4.1148,-3.2143,0,0
2020-05-21,sz.000034,24.51,24.63,23.85,23.94,17609410,426160875.31,3.6601,-1.845,0,0
2020-05-22,sz.000034,23.97,24.16,22.84,23.17,19689188,460860734.7,4.0924,-3.2164,0,0
2020-05-25,sz.000034,23.13,23.29,22.69,22.96,11405478,261289173.94,2.3706,-0.9063,0,0
2020-05-26,sz.000034,23.11,23.65,23.09,23.55,13184894,308968443.24,2.7405,2.5697,0,0
2020-05-27,sz.000034,23.66,23.66,22.77,22.83,12748172,292986272.45,2.6497,-3.0573,0,0
2020-05-28,sz.000034,22.65,23.16,22.24,22.98,12730111,288558496.64,2.6459,0.657,0,0
2020-05-29,sz.000034,22.88,23.28,22.6,22.85,12133886,278873358.9,2.522,-0.5657,0,0
2020-06-01,sz.000034,23.71,24.84,23.6,24.68,26886329,654769796.21,5.477,8.0088,0,0
2020-06-02,sz.000034,24.75,24.75,24.12,24.33,19497824,475086821.88,3.9719,-1.4182,0,0
2020-06-03,sz.000034,24.45,24.51,23.95,23.99,15772446,381048445.77,3.213,-1.3975,0,0
2020-06-04,sz.000034,23.98,24.08,23.22,23.25,16668382,392022139.01,3.3955,-3.0846,0,0
2020-06-05,sz.000034,23.34,23.78,23.15,23.39,11307927,264824320.56,2.3035,0.6021,0,0
2020-06-08,sz.000034,23.61,23.77,23.17,23.32,11359969,266397689.79,2.3141,-0.2993,0,0
2020-06-09,sz.000034,23.4,23.44,22.7,23.08,14943628,342112996.27,3.0442,-1.0292,0,0
2020-06-10,sz.000034,22.9,23.3,22.74,23.1,9345627,214965032.7,1.9038,0.0867,0,0
2020-06-11,sz.000034,23.15,23.78,23.06,23.31,16965497,398401147.93,3.456,0.9091,0,0
2020-06-12,sz.000034,22.8,23.24,22.65,23.1,10711724,246616008.68,2.1821,-0.9009,0,0
2020-06-15,sz.000034,22.95,23.18,22.58,22.6,14272814,326089378.62,2.9075,-2.1645,0,0
2020-06-16,sz.000034,22.8,23.78,22.8,23.78,19769847,460317387.77,4.0273,5.2212,0,0
2020-06-17,sz.000034,23.8,23.88,23.09,23.3,15026656,350600779.9,3.0611,-2.0185,0,0
2020-06-18,sz.000034,23.35,23.64,23.02,23.37,14294731,333966208.32,2.912,0.3004,0,0
2020-06-19,sz.000034,23.42,23.54,23.16,23.37,11287567,263728065.51,2.2994,0.0,0,0
2020-06-22,sz.000034,23.3,23.77,23.3,23.53,12633797,297475831.97,2.5736,0.6846,0,0
2020-06-23,sz.000034,23.57,23.68,23.11,23.27,14615496,340489544.11,2.9773,-1.105,0,0
2020-06-24,sz.000034,23.39,24.22,23.34,23.68,25691228,612041628.71,5.2336,1.7619,0,0
2020-06-29,sz.000034,23.86,24.48,23.84,24.16,25025565,605215479.06,5.098,2.027,0,0
2020-06-30,sz.000034,24.2,24.58,24.0,24.34,23397220,569115503.1,4.7663,0.745,0,0
2020-07-01,sz.000034,24.27,24.37,23.68,24.05,19682418,472825638.42,4.0095,-1.1915,0,0
2020-07-02,sz.000034,24.03,24.48,23.82,24.37,19560819,473967399.51,3.9847,1.3306,0,0
2020-07-03,sz.000034,24.48,25.18,24.2,25.04,27705903,685034993.42,5.644,2.7493,0,0
2020-07-06,sz.000034,25.15,26.15,25.09,25.92,29730630,762162164.29,6.0564,3.5144,0,0
2020-07-07,sz.000034,26.3,27.17,25.78,26.19,37667089,991485611.77,7.6732,1.0417,0,0
2020-07-08,sz.000034,26.4,26.88,25.98,26.75,26692939,708908987.73,5.4376,2.1382,0,0
2020-07-09,sz.000034,26.75,28.67,26.75,28.19,37625809,1043325833.79,7.6648,5.3832,0,0
2020-07-10,sz.000034,28.31,28.62,27.35,27.5,32771559,916483301.33,6.6759,-2.4477,0,0
2020-07-13,sz.000034,27.24,27.85,27.16,27.79,29391960,810838138.17,5.9874,1.0545,0,0
2020-07-14,sz.000034,27.99,28.48,26.33,26.85,31785228,867502404.21,6.475,-3.3825,0,0
2020-07-15,sz.000034,26.86,27.1,25.09,25.1,36606821,944754423.51,7.4572,-6.5177,0,0
2020-07-16,sz.000034,25.2,25.55,23.73,24.0,24442698,607294581.64,4.9792,-4.3825,0,0
2020-07-17,sz.000034,23.52,23.9,22.4,22.92,32808180,756467032.36,6.6834,-4.5,0,0
2020-07-20,sz.000034,23.07,23.7,22.76,23.7,21238911,492449674.76,4.3174,3.4031,0,0
2020-07-21,sz.000034,23.44,23.75,23.16,23.4,15372685,359829771.18,3.1249,-1.2658,0,0
2020-07-22,sz.000034,23.25,23.99,23.13,23.43,22077266,519332558.44,4.4878,0.1282,0,0
2020-07-23,sz.000034,23.22,23.33,22.73,23.25,16716564,385299740.52,3.3981,-0.7682,0,0
2020-07-24,sz.000034,23.23,23.49,22.07,22.3,17185711,391049708.52,3.4934,-4.086,0,0
2020-07-27,sz.000034,22.29,22.44,21.76,21.87,13388028,294087454.53,2.7215,-1.9283,0,0
2020-07-28,sz.000034,22.08,22.27,21.89,22.19,8167990,180220754.48,1.6604,1.4632,0,0
2020-07-29,sz.000034,22.12,23.15,22.03,23.08,16859503,384046333.44,3.4271,4.0108,0,0
2020-07-30,sz.000034,23.41,23.65,22.85,22.91,14116892,328188794.98,2.8696,-0.7366,0,0
2020-07-31,sz.000034,22.77,24.14,22.73,23.83,20300694,478376549.28,4.1266,4.0157,0,0
2020-08-03,sz.000034,23.56,24.07,23.51,24.03,20916362,499473014.98,4.2518,0.8393,0,0
2020-08-04,sz.000034,24.05,24.13,23.18,23.37,18061112,425262836.65,3.6714,-2.7466,0,0
2020-08-05,sz.000034,23.54,23.79,23.16,23.35,12553962,293709773.97,2.5519,-0.0856,0,0
2020-08-06,sz.000034,23.4,23.86,22.67,23.45,17899889,415753348.27,3.6386,0.4283,0,0
2020-08-07,sz.000034,23.37,23.37,22.46,23.02,16017814,367037247.71,3.256,-1.8337,0,0
2020-08-10,sz.000034,23.36,24.57,23.35,24.12,30615460,739769648.21,6.2234,4.7785,0,0
2020-08-11,sz.000034,24.12,24.14,23.17,23.26,19130994,452605611.73,3.8889,-3.5655,0,0
2020-08-12,sz.000034,22.98,23.22,22.2,22.6,17040356,383727789.1,3.4639,-2.8375,0,0
2020-08-13,sz.000034,22.62,22.8,22.37,22.58,8536070,192733629.2,1.7352,-0.0885,0,0
2020-08-14,sz.000034,22.58,22.8,22.4,22.8,7904444,178912160.11,1.6068,0.9743,0,0
2020-08-17,sz.000034,22.72,23.36,22.65,23.18,12071437,277687806.74,2.4538,1.6667,0,0
2020-08-18,sz.000034,22.7,22.7,21.82,22.33,29065628,645944638.06,5.9083,-3.667,0,0
2020-08-19,sz.000034,22.22,22.22,21.91,22.01,10776102,237924824.61,2.1905,-1.433,0,0
2020-08-20,sz.000034,21.86,22.28,21.78,22.06,6884860,151893439.54,1.3995,0.2272,0,0
2020-08-21,sz.000034,22.07,22.25,21.9,21.96,7566395,166492665.57,1.5381,-0.4533,0,0
2020-08-24,sz.000034,22.09,22.33,21.88,22.18,9147132,202374220.64,1.8594,1.0018,0,0
2020-08-25,sz.000034,22.21,22.28,22.0,22.09,6314307,139667331.84,1.2835,-0.4058,0,0
2020-08-26,sz.000034,22.03,22.43,21.88,22.06,9247982,204224342.49,1.8799,-0.1358,0,0
2020-08-27,sz.000034,22.0,22.42,21.8,22.3,10236883,227302287.95,2.0809,1.0879,0,0
2020-08-28,sz.000034,22.38,22.4,22.18,22.34,7307602,162874080.33,1.4855,0.1794,0,0
2020-08-31,sz.000034,22.2,22.58,22.1,22.12,11127271,248178859.44,2.2619,-0.9848,0,0
2020-09-01,sz.000034,22.07,22.43,21.79,22.37,11823891,260642399.59,2.3847,1.1302,0,0
2020-09-02,sz.000034,22.4,23.8,22.21,23.72,28143384,649919544.64,5.676,6.0349,0,0
2020-09-03,sz.000034,23.72,26.09,23.71,25.63,86771169,2194726403.87,17.5001,8.0523,0,0
2020-09-04,sz.000034,24.96,26.5,24.61,26.44,52512722,1331884878.95,10.5908,3.1604,0,0
2020-09-07,sz.000034,26.1,26.69,25.46,25.69,27189433,707666685.1,5.4836,-2.8366,0,0
2020-09-08,sz.000034,25.72,25.96,23.12,23.12,52781884,1262331940.89,10.6451,-10.0039,0,1
2020-09-09,sz.000034,22.5,23.26,22.03,22.74,24639906,557556950.78,4.9694,-1.6436,0,0
2020-09-10,sz.000034,22.88,23.01,21.2,21.2,19642320,433537624.38,3.9615,-6.7722,0,0
2020-09-11,sz.000034,21.2,22.12,20.78,21.96,16835736,361688235.24,3.3954,3.5849,0,0
2020-09-14,sz.000034,22.1,24.16,22.0,24.16,39475960,936891104.23,7.9616,10.0182,1,0
2020-09-15,sz.000034,24.66,24.85,23.4,23.83,36592689,887658772.42,7.3801,-1.3659,0,0
2020-09-16,sz.000034,24.57,24.59,23.2,23.43,18706369,440377057.87,3.7727,-1.6786,0,0
2020-09-17,sz.000034,23.51,23.99,23.22,23.6,19096263,452055308.07,3.8514,0.7256,0,0
2020-09-18,sz.000034,23.6,23.91,23.03,23.88,17944425,422117612.45,3.6191,1.1864,0,0
2020-09-21,sz.000034,24.06,25.08,24.0,24.51,21860213,535876384.94,4.4088,2.6382,0,0
2020-09-22,sz.000034,24.29,25.35,24.11,24.94,25555337,637797555.39,5.154,1.7544,0,0
2020-09-23,sz.000034,24.91,25.16,24.35,24.85,15619232,387469175.53,3.1501,-0.3609,0,0
2020-09-24,sz.000034,24.61,25.05,23.92,23.92,14498215,353883327.73,2.924,-3.7425,0,0
2020-09-25,sz.000034,24.4,24.45,23.7,23.92,10166781,243786701.33,2.0504,0.0,0,0
2020-09-28,sz.000034,24.28,24.68,22.78,22.89,15590739,368515426.75,3.1444,-4.306,0,0
2020-09-29,sz.000034,23.48,25.18,23.08,24.96,24025545,587755870.41,4.8455,9.0433,0,0
2020-09-30,sz.000034,25.42,25.93,24.38,25.25,29615359,745502781.26,5.9729,1.1619,0,0
2020-10-09,sz.000034,26.7,27.78,26.5,26.86,44443061,1205937698.35,8.9633,6.3762,0,0
2020-10-12,sz.000034,27.0,29.55,26.97,29.3,58495323,1669472478.06,11.7974,9.0841,0,0
2020-10-13,sz.000034,29.2,29.78,28.29,28.99,31970271,927472325.14,6.4478,-1.058,0,0
2020-10-14,sz.000034,28.77,31.89,28.28,29.81,55882072,1670256186.41,11.2704,2.8286,0,0
2020-10-15,sz.000034,28.1,28.9,27.28,27.34,41791845,1167439741.79,8.4286,-8.2858,0,0
2020-10-16,sz.000034,27.21,30.07,27.08,30.07,43282741,1251574206.85,8.7293,9.9854,1,0
2020-10-19,sz.000034,31.0,31.53,29.8,30.5,43824108,1345483874.18,8.8385,1.43,0,0
2020-10-20,sz.000034,30.49,30.67,29.23,29.88,23944882,716964067.18,4.8292,-2.0328,0,0
2020-10-21,sz.000034,29.85,29.85,26.99,27.36,40834041,1148148584.21,8.2355,-8.4337,0,0
2020-10-22,sz.000034,27.61,28.4,27.06,27.8,21326773,592970869.42,4.3012,1.6082,0,0
2020-10-23,sz.000034,27.85,28.18,26.88,27.18,15010513,411338269.55,3.0273,-2.2302,0,0
2020-10-26,sz.000034,27.42,27.45,25.93,26.41,16794422,446935036.68,3.3871,-2.833,0,0
2020-10-27,sz.000034,26.45,27.06,26.16,26.48,11268430,299270852.2,2.2726,0.2651,0,0
2020-10-28,sz.000034,26.62,26.63,25.5,26.05,13836849,359019420.37,2.7906,-1.6239,0,0
2020-10-29,sz.000034,25.56,26.42,25.2,26.11,13357690,346422956.01,2.694,0.2303,0,0
2020-10-30,sz.000034,26.11,26.68,25.61,25.61,14157712,370444017.95,2.8553,-1.915,0,0
2020-11-02,sz.000034,25.95,26.6,25.0,25.84,14622038,376635026.79,2.949,0.8981,0,0
2020-11-03,sz.000034,25.98,27.16,25.65,26.88,17954047,478399850.65,3.621,4.0248,0,0
2020-11-04,sz.000034,27.01,28.82,26.61,28.43,25600322,717674741.48,5.1631,5.7664,0,0
2020-11-05,sz.000034,28.44,29.94,27.6,29.75,38901610,1116587106.66,7.8457,4.643,0,0
2020-11-06,sz.000034,29.95,30.88,29.04,29.46,34058636,1017310103.97,6.869,-0.9748,0,0
2020-11-09,sz.000034,28.53,29.92,27.32,28.8,46951218,1335463295.62,9.4692,-2.2403,0,0
2020-11-10,sz.000034,28.5,31.68,27.7,31.68,77318657,2343135209.7,15.5937,10.0,1,0
2020-11-11,sz.000034,31.0,34.85,30.11,33.64,104190796,3481987956.31,21.0133,6.1869,0,0
2020-11-12,sz.000034,32.5,36.66,32.23,35.8,73739997,2583257874.07,14.872,6.4209,0,0
2020-11-13,sz.000034,33.96,34.78,32.22,32.22,74502920,2470229299.48,15.0258,-10.0,0,1
2020-11-16,sz.000034,31.11,32.2,29.61,31.36,62117693,1898430322.35,12.528,-2.6691,0,0
2020-11-17,sz.000034,28.22,28.22,28.22,28.22,5957900,168131938.0,1.2016,-10.0128,0,1
2020-11-18,sz.000034,25.43,26.47,25.4,25.57,87506563,2245191601.07,17.6484,-9.3905,0,0
2020-11-19,sz.000034,24.73,25.35,24.25,24.89,48760526,1204818021.71,9.8341,-2.6594,0,0
2020-11-20,sz.000034,24.85,25.09,24.43,25.01,30098349,745708320.25,6.0703,0.4821,0,0
2020-11-23,sz.000034,25.0,25.0,24.25,24.32,33029045,810368870.95,6.6613,-2.7589,0,0
2020-11-24,sz.000034,24.05,24.52,23.88,24.11,21182755,511616176.9,4.2722,-0.8635,0,0
2020-11-25,sz.000034,24.1,24.22,23.06,23.09,33459983,785882155.7,6.7482,-4.2306,0,0
2020-11-26,sz.000034,23.42,24.98,23.27,24.68,46406269,1123126067.5,9.3593,6.8861,0,0
2020-11-27,sz.000034,24.49,24.49,23.84,24.08,22542008,543438635.32,4.5463,-2.4311,0,0
2020-11-30,sz.000034,23.83,24.45,23.59,23.91,17226404,414878537.24,3.4742,-0.706,0,0
2020-12-01,sz.000034,23.8,24.3,23.73,24.06,15840070,380316396.28,3.185,0.6274,0,0
2020-12-02,sz.000034,24.1,24.98,24.1,24.92,27160414,669849026.0,5.4612,3.5744,0,0
2020-12-03,sz.000034,24.71,24.84,24.32,24.6,16378062,401800809.88,3.2932,-1.2841,0,0
2020-12-04,sz.000034,24.48,24.58,24.05,24.27,13297047,322369601.13,2.6737,-1.3415,0,0
2020-12-07,sz.000034,24.15,24.43,24.05,24.06,12342682,298742989.28,2.4818,-0.8653,0,0
2020-12-08,sz.000034,24.07,24.14,23.56,23.58,14205129,336938645.84,2.8562,-1.995,0,0
2020-12-09,sz.000034,23.57,23.98,23.31,23.32,12446997,293177803.33,2.5027,-1.1026,0,0
2020-12-10,sz.000034,23.11,23.3,22.78,22.85,14349103,330158883.09,2.8852,-2.0154,0,0
2020-12-11,sz.000034,23.0,23.12,22.1,22.38,15670677,351372771.14,3.1509,-2.0569,0,0
2020-12-14,sz.000034,22.37,22.64,22.07,22.5,9281028,208133333.08,1.8661,0.5362,0,0
2020-12-15,sz.000034,22.6,22.87,22.51,22.59,8790183,199160683.87,1.7675,0.4,0,0
2020-12-16,sz.000034,22.6,22.6,21.76,21.83,15470184,340841830.13,3.1106,-3.3643,0,0
2020-12-17,sz.000034,21.61,22.11,21.26,22.07,13051784,283201950.27,2.6243,1.0994,0,0
2020-12-18,sz.000034,22.06,22.24,21.57,21.63,10922907,238618095.51,2.1963,-1.9937,0,0
2020-12-21,sz.000034,21.66,22.15,21.52,21.76,10931443,238722533.64,2.198,0.601,0,0
2020-12-22,sz.000034,21.63,21.64,20.52,20.56,23054767,483394638.9,4.6356,-5.5147,0,0
2020-12-23,sz.000034,20.35,20.6,20.16,20.3,14726367,299517474.44,2.961,-1.2646,0,0
2020-12-24,sz.000034,20.29,20.35,19.55,19.64,14445415,286848960.17,2.9046,-3.2512,0,0
2020-12-25,sz.000034,19.84,21.45,19.68,21.0,25184639,520872257.49,5.0639,6.9246,0,0
2020-12-28,sz.000034,21.01,21.31,20.37,21.19,19001308,398570999.72,3.8206,0.9048,0,0
2020-12-29,sz.000034,21.04,22.27,21.04,21.42,17024336,370777204.23,3.4231,1.0854,0,0
2020-12-30,sz.000034,21.43,21.65,21.03,21.24,10195948,216281144.96,2.0501,-0.8403,0,0
2020-12-31,sz.000034,21.31,21.96,21.25,21.46,10572267,228200708.64,2.1258,1.0358,0,0
2021-01-04,sz.000034,22.28,22.73,21.81,21.85,18393765,408515193.35,3.6985,1.8173,0,0
2021-01-05,sz.000034,22.28,22.49,21.9,22.15,15058779,333996972.4,3.0279,1.373,0,0
2021-01-06,sz.000034,22.0,22.0,21.0,21.41,17485219,374001068.88,3.5158,-3.3409,0,0
2021-01-07,sz.000034,21.22,21.4,20.5,20.66,14068574,292562972.34,2.8288,-3.503,0,0
2021-01-08,sz.000034,20.66,21.35,20.47,21.15,13019054,274640122.71,2.6178,2.3717,0,0
2021-01-11,sz.000034,21.0,21.37,20.6,20.73,11670030,244769643.61,2.3465,-1.9858,0,0
2021-01-12,sz.000034,20.74,20.91,20.3,20.8,11470105,236380571.53,2.3063,0.3377,0,0
2021-01-13,sz.000034,20.78,20.86,20.27,20.38,11342942,231799921.53,2.2807,-2.0192,0,0
2021-01-14,sz.000034,20.39,21.05,20.0,20.75,11727166,241005450.79,2.358,1.8155,0,0
2021-01-15,sz.000034,20.76,20.79,20.09,20.2,10512908,213879768.83,2.1138,-2.6506,0,0
2021-01-18,sz.000034,20.03,20.82,19.93,20.66,11478354,235740987.21,2.308,2.2772,0,0
2021-01-19,sz.000034,20.75,20.75,20.16,20.2,10659213,217182617.82,2.1433,-2.2265,0,0
2021-01-20,sz.000034,20.22,20.25,19.9,20.01,8992895,179973256.8,1.8082,-0.9406,0,0
2021-01-21,sz.000034,20.18,20.48,20.01,20.24,9914059,201424229.9,1.9934,1.1494,0,0
2021-01-22,sz.000034,20.24,20.24,19.7,19.86,11074949,219572666.06,2.2269,-1.8775,0,0
2021-01-25,sz.000034,19.75,19.9,19.17,19.2,11742087,228039133.02,2.361,-3.3233,0,0
2021-01-26,sz.000034,19.15,19.43,18.7,18.74,11303345,214468150.98,2.2728,-2.3958,0,0
2021-01-27,sz.000034,18.76,19.2,18.54,18.94,9095211,172172800.43,1.8288,1.0672,0,0
2021-01-28,sz.000034,18.71,19.05,18.15,18.21,9278960,171825967.96,1.8657,-3.8543,0,0
2021-01-29,sz.000034,18.42,18.49,17.53,17.75,11387380,202530175.84,2.2897,-2.5261,0,0
2021-02-01,sz.000034,17.75,17.98,17.39,17.79,7751257,137042195.59,1.5586,0.2254,0,0
2021-02-02,sz.000034,17.83,18.13,17.63,18.05,6889518,123671796.29,1.3853,1.4615,0,0
2021-02-03,sz.000034,18.0,18.08,17.55,17.6,7102774,126076374.45,1.4282,-2.4931,0,0
2021-02-04,sz.000034,17.54,17.6,16.68,17.01,10111322,172238805.6,2.0331,-3.3523,0,0
2021-02-05,sz.000034,16.97,17.45,16.54,16.62,7491913,127354775.59,1.5064,-2.2928,0,0
2021-02-08,sz.000034,16.54,17.08,16.38,16.84,6540834,109671998.25,1.3152,1.3237,0,0
2021-02-09,sz.000034,16.76,17.0,16.46,16.93,8194361,137484705.5,1.6476,0.5344,0,0
2021-02-10,sz.000034,16.9,17.48,16.74,17.36,9875779,170188653.63,1.9857,2.5399,0,0
2021-02-18,sz.000034,17.57,18.91,17.57,18.61,15516740,285443570.3,3.12,7.2005,0,0
2021-02-19,sz.000034,18.67,18.82,18.2,18.77,10767506,199401649.94,2.165,0.8598,0,0
2021-02-22,sz.000034,18.76,19.15,18.52,18.53,12188437,230053593.24,2.4507,-1.2786,0,0
2021-02-23,sz.000034,18.48,18.63,18.05,18.18,7337933,133953436.64,1.4754,-1.8888,0,0
2021-02-24,sz.000034,18.24,18.86,18.1,18.39,8991731,166418308.0,1.808,1.1551,0,0
2021-02-25,sz.000034,18.37,18.54,17.83,17.97,8016837,144562813.53,1.612,-2.2838,0,0
2021-02-26,sz.000034,17.61,18.15,17.52,17.73,5762134,102730985.7,1.1586,-1.3356,0,0
2021-03-01,sz.000034,18.01,18.68,17.9,18.49,9049178,166451841.21,1.8195,4.2865,0,0
2021-03-02,sz.000034,18.65,18.76,18.26,18.4,6492359,119452347.98,1.3054,-0.4867,0,0
2021-03-03,sz.000034,18.51,18.6,18.28,18.46,7124030,131309403.97,1.4324,0.3261,0,0
2021-03-04,sz.000034,18.4,18.85,18.3,18.62,10664713,198474542.96,2.1444,0.8667,0,0
2021-03-05,sz.000034,18.49,18.85,18.37,18.72,8037618,150113163.18,1.6161,0.5371,0,0
2021-03-08,sz.000034,18.86,19.06,18.44,18.48,9918575,185890784.55,1.9943,-1.2821,0,0
2021-03-09,sz.000034,18.46,18.46,17.29,17.62,10601718,189268905.19,2.1317,-4.6537,0,0
2021-03-10,sz.000034,17.74,17.88,16.81,16.88,10886424,186476002.69,2.1889,-4.1998,0,0
2021-03-11,sz.000034,16.85,17.15,16.69,17.0,9178865,155205710.98,1.8456,0.7109,0,0
2021-03-12,sz.000034,17.16,17.17,16.66,16.82,6788311,114297464.81,1.3649,-1.0588,0,0
2021-03-15,sz.000034,16.85,16.9,16.53,16.61,5714348,95363496.56,1.149,-1.2485,0,0
2021-03-16,sz.000034,16.71,16.99,16.62,16.96,6415072,108047286.43,1.2899,2.1072,0,0
2021-03-17,sz.000034,16.99,17.2,16.75,17.01,5432532,92333993.39,1.0923,0.2948,0,0
2021-03-18,sz.000034,17.06,17.12,16.89,16.91,4336647,73528590.04,0.872,-0.5879,0,0
2021-03-19,sz.000034,16.81,17.03,16.68,16.83,4274512,72062111.81,0.8595,-0.4731,0,0
2021-03-22,sz.000034,16.82,17.12,16.75,17.03,4154343,70385602.58,0.8353,1.1884,0,0
2021-03-23,sz.000034,17.0,17.38,16.96,17.22,6433486,110494161.46,1.2936,1.1157,0,0
2021-03-24,sz.000034,17.1,17.45,17.03,17.32,6350659,109624360.52,1.2769,0.5807,0,0
2021-03-25,sz.000034,17.32,17.39,17.02,17.2,5321272,91404387.77,1.07,-0.6928,0,0
2021-03-26,sz.000034,17.2,17.3,17.05,17.25,5044300,86663907.25,1.0143,0.2907,0,0
2021-03-29,sz.000034,17.29,17.62,17.22,17.23,5023507,87455933.78,1.0101,-0.1159,0,0
2021-03-30,sz.000034,17.2,17.22,16.69,16.83,7932437,133945402.6,1.595,-2.3215,0,0
2021-03-31,sz.000034,17.1,18.51,17.08,18.51,21933502,395456361.27,4.4094,9.9822,1,0
2021-04-01,sz.000034,18.9,18.9,18.2,18.28,18786290,346636185.88,3.7764,-1.2426,0,0
2021-04-02,sz.000034,18.33,18.6,17.95,18.0,11543088,210284494.52,2.3204,-1.5317,0,0
2021-04-06,sz.000034,18.28,18.5,18.13,18.21,8101893,148305163.2,1.6287,1.1667,0,0
2021-04-07,sz.000034,18.2,18.24,17.95,18.07,7766956,140098646.99,1.5613,-0.7688,0,0
2021-04-08,sz.000034,18.08,18.12,17.8,17.91,6020804,108114082.64,1.2103,-0.8854,0,0
2021-04-09,sz.000034,17.9,17.96,17.65,17.7,6209151,110184418.37,1.2482,-1.1725,0,0
2021-04-12,sz.000034,17.67,18.05,17.47,17.73,7117473,126289507.37,1.4308,0.1695,0,0
2021-04-13,sz.000034,17.89,18.36,17.54,17.71,10315346,185259922.89,2.0736,-0.1128,0,0
2021-04-14,sz.000034,17.61,17.7,16.95,17.56,7725165,134089352.02,1.5529,-0.847,0,0
2021-04-15,sz.000034,17.49,17.56,17.21,17.39,5510322,95493478.07,1.1077,-0.9681,0,0
2021-04-16,sz.000034,17.32,17.86,17.24,17.77,6510024,114736742.1,1.3087,2.1852,0,0
2021-04-19,sz.000034,17.84,18.15,17.81,18.15,8147670,146806623.13,1.6379,2.1384,0,0
2021-04-20,sz.000034,18.03,18.13,17.71,17.75,7304018,130932690.63,1.4683,-2.2039,0,0
2021-04-21,sz.000034,17.61,17.68,17.45,17.54,4870340,85457896.77,0.979,-1.1831,0,0
2021-04-22,sz.000034,17.75,18.15,17.65,17.99,9142243,163725476.43,1.8378,2.5656,0,0
2021-04-23,sz.000034,17.97,17.97,17.23,17.34,11159083,194822320.45,2.2432,-3.6131,0,0
2021-04-26,sz.000034,17.4,17.46,17.22,17.25,6178010,107082719.25,1.2419,-0.519,0,0
2021-04-27,sz.000034,17.2,17.24,16.88,17.13,5724807,97545827.54,1.1508,-0.6957,0,0
2021-04-28,sz.000034,17.39,17.65,17.27,17.42,5502482,95918174.08,1.1061,1.6929,0,0
2021-04-29,sz.000034,17.29,17.45,17.15,17.27,4082148,70629800.87,0.8206,-0.8611,0,0
2021-04-30,sz.000034,17.15,17.23,16.81,16.9,5056441,85896397.32,1.0165,-1.0539,0,0
2021-05-06,sz.000034,16.9,17.09,16.78,16.9,3835696,64782032.8,0.7711,0.0,0,0
2021-05-07,sz.000034,16.4,16.77,16.32,16.59,5992121,99464472.83,1.2045,-1.8343,0,0
2021-05-10,sz.000034,16.65,16.76,16.44,16.55,4189234,69414099.66,0.8421,-0.2411,0,0
2021-05-11,sz.000034,16.47,16.85,16.34,16.74,4952849,81987804.71,0.9956,1.148,0,0
2021-05-12,sz.000034,16.6,17.15,16.5,17.02,5611106,95040036.25,1.128,1.6726,0,0
2021-05-13,sz.000034,16.88,17.18,16.79,16.87,4900923,83174029.14,0.9852,-0.8813,0,0
2021-05-14,sz.000034,16.87,17.7,16.79,17.5,11150383,192910942.5,2.2415,3.7344,0,0
2021-05-17,sz.000034,17.4,17.4,17.12,17.15,7703428,133025740.79,1.5486,-2.0,0,0
2021-05-18,sz.000034,17.16,17.24,17.04,17.14,4023228,68904220.67,0.8088,-0.0583,0,0
2021-05-19,sz.000034,17.05,17.34,16.95,17.1,4938915,84565660.68,0.9928,-0.2334,0,0
2021-05-20,sz.000034,17.0,17.16,16.83,16.92,5078400,86099273.42,1.0209,-1.0526,0,0
2021-05-21,sz.000034,16.97,17.09,16.85,16.86,3180682,53836506.18,0.6394,-0.3546,0,0
2021-05-24,sz.000034,16.86,17.64,16.79,17.6,13425845,233558543.51,2.6989,4.3891,0,0
2021-05-25,sz.000034,17.59,17.89,17.47,17.76,12690402,224387811.54,2.551,0.9091,0,0
2021-05-26,sz.000034,17.84,18.14,17.65,17.69,11046517,197032589.74,2.2206,-0.3941,0,0
2021-05-27,sz.000034,17.6,17.94,17.58,17.82,7588191,135428082.53,1.5254,0.7349,0,0
2021-05-28,sz.000034,17.84,18.13,17.61,18.13,12166568,218008589.72,2.4457,1.7396,0,0
2021-05-31,sz.000034,18.23,18.34,17.9,18.06,10215298,185077998.07,2.0535,-0.3861,0,0
2021-06-01,sz.000034,18.08,18.18,17.88,18.06,7685500,138554477.48,1.541,0.0,0,0
2021-06-02,sz.000034,18.09,18.14,17.5,17.58,8051032,142615443.31,1.6143,-2.6578,0,0
2021-06-03,sz.000034,17.7,18.99,17.62,18.14,19596238,360939613.27,3.9292,3.1854,0,0
2021-06-04,sz.000034,17.99,18.25,17.77,17.84,11300193,202408481.46,2.2658,-1.6538,0,0
2021-06-07,sz.000034,17.8,18.19,17.73,17.99,10290879,184886398.99,2.0634,0.8408,0,0
2021-06-08,sz.000034,18.14,18.42,17.88,18.05,13000298,235836199.21,2.6067,0.3335,0,0
2021-06-09,sz.000034,17.9,18.13,17.66,17.78,9241000,165021081.12,1.8529,-1.4958,0,0
2021-06-10,sz.000034,17.77,19.56,17.72,19.56,40348424,771096295.58,8.0902,10.0112,1,0
2021-06-11,sz.000034,19.58,20.25,19.4,20.03,51412330,1021046325.55,10.3086,2.4029,0,0
2021-06-15,sz.000034,19.8,19.88,19.08,19.6,24802976,483595960.72,4.9732,-2.1468,0,0
2021-06-16,sz.000034,19.55,19.57,18.72,18.81,21621780,411773301.52,4.3354,-4.0306,0,0
2021-06-17,sz.000034,18.96,19.47,18.74,19.4,19693767,376929447.83,3.9488,3.1366,0,0
2021-06-18,sz.000034,19.27,19.73,18.92,19.37,18631118,360394719.75,3.7357,-0.1546,0,0
2021-06-21,sz.000034,19.01,19.65,19.0,19.37,14096561,271762449.43,2.8265,0.0,0,0
2021-06-22,sz.000034,19.59,19.64,18.93,19.13,12968166,248762649.88,2.6002,-1.239,0,0
2021-06-23,sz.000034,19.13,19.46,18.74,19.33,14443682,276636214.1,2.8961,1.0455,0,0
2021-06-24,sz.000034,19.19,19.2,18.8,18.87,10835286,205452331.4,2.1726,-2.3797,0,0
2021-06-25,sz.000034,18.74,20.09,18.74,19.98,29881737,588037709.56,5.9916,5.8824,0,0
2021-06-28,sz.000034,19.9,19.9,19.37,19.61,19558682,382751040.25,3.9217,-1.8519,0,0
2021-06-29,sz.000034,19.61,21.57,19.55,20.84,60398501,1267105819.33,12.1105,6.2723,0,0
2021-06-30,sz.000034,20.76,22.54,20.69,21.85,54490835,1186062034.51,10.9259,4.8464,0,0
2021-07-01,sz.000034,22.37,22.37,20.3,20.38,37713371,795470615.52,7.5619,-6.7277,0,0
2021-07-02,sz.000034,20.69,22.42,19.81,22.42,54518602,1167188249.02,10.9315,10.0098,1,0
2021-07-05,sz.000034,22.44,23.08,21.78,23.03,61422129,1378903703.79,12.3157,2.7208,0,0
2021-07-06,sz.000034,22.88,22.88,21.83,22.07,33376735,740212023.63,6.6923,-4.1685,0,0
2021-07-07,sz.000034,21.7,22.01,21.14,21.83,22456072,486594709.93,4.5027,-1.0874,0,0
2021-07-08,sz.000034,21.62,22.37,21.0,22.2,30781767,670710999.02,6.172,1.6949,0,0
2021-07-09,sz.000034,21.84,22.1,21.33,21.55,19596447,425365826.47,3.9293,-2.9279,0,0
2021-07-12,sz.000034,21.77,22.16,21.3,21.99,22818354,497084150.12,4.5753,2.0418,0,0
2021-07-13,sz.000034,22.04,22.66,20.85,21.09,31104343,669009598.25,6.2367,-4.0928,0,0
2021-07-14,sz.000034,21.0,21.0,19.93,20.0,28748907,581044986.4,5.7644,-5.1683,0,0
2021-07-15,sz.000034,19.34,19.48,18.0,18.02,47392447,865406510.87,9.5026,-9.9,0,1
2021-07-16,sz.000034,18.0,18.22,17.8,17.83,18037973,324194948.45,3.6168,-1.0544,0,0
2021-07-19,sz.000034,17.76,18.14,17.21,18.14,15313256,270543178.12,3.0704,1.7386,0,0
2021-07-20,sz.000034,17.83,18.1,17.69,17.89,9256974,165186810.92,1.8561,-1.3782,0,0
2021-07-21,sz.000034,17.91,18.27,17.9,18.02,11106043,200830561.53,2.2269,0.7267,0,0
2021-07-22,sz.000034,18.02,18.02,17.5,17.65,12688520,224726591.19,2.5442,-2.0533,0,0
2021-07-23,sz.000034,17.6,17.92,17.25,17.27,12500828,218328289.36,2.5065,-2.153,0,0
2021-07-26,sz.000034,17.21,17.21,16.65,16.8,12154381,205106175.72,2.4371,-2.7215,0,0
2021-07-27,sz.000034,16.8,17.29,16.76,17.01,11791588,201352815.87,2.3643,1.25,0,0
2021-07-28,sz.000034,17.0,17.0,16.37,16.77,7384640,123115766.09,1.4807,-1.4109,0,0
2021-07-29,sz.000034,17.08,18.4,17.08,17.83,25137811,449099347.39,5.0404,6.3208,0,0
2021-07-30,sz.000034,18.26,18.91,17.7,18.75,28331757,521686236.66,5.6808,5.1598,0,0
2021-08-02,sz.000034,18.2,18.3,17.49,17.86,27881418,496484986.24,5.5905,-4.7467,0,0
2021-08-03,sz.000034,17.83,18.13,17.63,17.85,12260654,218705232.91,2.4584,-0.056,0,0
2021-08-04,sz.000034,17.81,17.88,17.63,17.8,8290341,147032771.42,1.6623,-0.2801,0,0
2021-08-05,sz.000034,17.88,17.89,17.25,17.3,10713286,187397801.58,2.1481,-2.809,0,0
2021-08-06,sz.000034,17.41,17.68,17.03,17.48,6648114,115652185.29,1.3324,1.0405,0,0
2021-08-09,sz.000034,17.46,17.65,17.21,17.5,6048544,105467426.55,1.2123,0.1144,0,0
2021-08-10,sz.000034,17.5,17.55,17.27,17.36,7380004,128194927.38,1.4791,-0.8,0,0
2021-08-11,sz.000034,17.31,17.33,17.09,17.12,7828501,134630512.0,1.569,-1.3825,0,0
2021-08-12,sz.000034,17.13,17.5,17.13,17.28,7160414,124079013.02,1.4351,0.9346,0,0
2021-08-13,sz.000034,17.36,17.36,17.0,17.06,7994791,136826921.41,1.6023,-1.2731,0,0
2021-08-16,sz.000034,17.07,17.07,16.81,16.93,5826337,98662063.39,1.1677,-0.762,0,0
2021-08-17,sz.000034,16.88,17.13,16.72,16.81,7888366,133238484.95,1.581,-0.7088,0,0
2021-08-18,sz.000034,16.81,16.84,16.66,16.82,5927812,99292568.26,1.1881,0.0595,0,0
2021-08-19,sz.000034,16.88,17.17,16.83,16.92,6417499,109333135.65,1.2862,0.5945,0,0
2021-08-20,sz.000034,16.81,16.9,16.63,16.79,6041680,100952954.92,1.2109,-0.7683,0,0
2021-08-23,sz.000034,16.75,16.95,16.72,16.91,5132409,86577757.6,1.0273,0.7147,0,0
2021-08-24,sz.000034,16.9,17.13,16.87,17.01,5704798,97134410.74,1.1419,0.5914,0,0
2021-08-25,sz.000034,16.96,16.96,16.69,16.77,7011104,117407234.8,1.4033,-1.4109,0,0
2021-08-26,sz.000034,16.72,16.83,16.6,16.62,5233536,87182346.0,1.0475,-0.8945,0,0
2021-08-27,sz.000034,16.53,16.63,16.24,16.51,8662721,141791600.99,1.7339,-0.6619,0,0
2021-08-30,sz.000034,16.28,16.43,15.45,15.99,12347816,196522513.95,2.4715,-3.1496,0,0
2021-08-31,sz.000034,15.78,15.93,15.6,15.79,6356709,99995505.12,1.2724,-1.2508,0,0
2021-09-01,sz.000034,15.79,16.16,15.7,16.08,6233836,99466776.55,1.2478,1.8366,0,0
2021-09-02,sz.000034,16.11,16.18,15.91,16.0,4238713,67791387.72,0.8484,-0.4975,0,0
2021-09-03,sz.000034,16.0,16.67,15.99,16.4,7714050,126076132.62,1.544,2.5,0,0
2021-09-06,sz.000034,16.6,16.81,16.4,16.66,6699289,111557686.14,1.3409,1.5854,0,0
2021-09-07,sz.000034,16.68,16.71,16.42,16.54,5241733,86517382.89,1.0492,-0.7203,0,0
2021-09-08,sz.000034,16.6,16.68,16.46,16.65,5542526,91787839.38,1.1094,0.6651,0,0
2021-09-09,sz.000034,16.63,16.63,16.41,16.42,5079420,83657832.04,1.0167,-1.3814,0,0
2021-09-10,sz.000034,16.42,16.59,16.31,16.49,5011230,82471395.64,1.003,0.4263,0,0
2021-09-13,sz.000034,16.49,16.49,16.1,16.13,6738334,109466351.19,1.3487,-2.1831,0,0
2021-09-14,sz.000034,16.13,17.35,16.06,16.78,16340628,275008665.09,3.2707,4.0298,0,0
2021-09-15,sz.000034,16.8,16.82,16.24,16.26,7512515,123915439.25,1.5037,-3.0989,0,0
2021-09-16,sz.000034,16.24,16.36,16.01,16.03,5947959,95962420.6,1.1905,-1.4145,0,0
2021-09-17,sz.000034,16.03,16.08,15.56,15.78,6557112,103155731.33,1.3125,-1.5596,0,0
2021-09-22,sz.000034,15.76,15.76,15.53,15.6,3653183,57003663.21,0.7312,-1.1407,0,0
2021-09-23,sz.000034,15.65,16.14,15.64,15.94,5262895,84009904.81,1.0534,2.1795,0,0
2021-09-24,sz.000034,16.08,16.24,15.84,15.9,4943989,79175398.72,0.9896,-0.2509,0,0
2021-09-27,sz.000034,16.1,16.1,15.6,15.63,5071906,79896328.22,1.0152,-1.6981,0,0
2021-09-28,sz.000034,15.59,15.8,15.52,15.65,2300940,36037173.05,0.4606,0.128,0,0
2021-09-29,sz.000034,15.59,15.64,15.21,15.26,3845586,59113356.06,0.7697,-2.492,0,0
2021-09-30,sz.000034,15.26,15.38,15.16,15.38,1958132,30017102.62,0.3919,0.7864,0,0
2021-10-08,sz.000034,15.37,15.65,15.37,15.55,2020074,31396016.54,0.4043,1.1053,0,0
2021-10-11,sz.000034,15.54,15.66,15.51,15.56,2478023,38597819.25,0.496,0.0643,0,0
2021-10-12,sz.000034,15.56,15.64,15.24,15.28,3029441,46627832.46,0.6064,-1.7995,0,0
2021-10-13,sz.000034,15.34,15.45,15.21,15.36,2392127,36627868.59,0.4788,0.5236,0,0
2021-10-14,sz.000034,15.41,15.45,15.17,15.32,2202954,33746270.67,0.4409,-0.2604,0,0
2021-10-15,sz.000034,15.6,15.68,15.34,15.35,3501422,54236430.38,0.7008,0.1958,0,0
2021-10-18,sz.000034,15.21,15.29,15.03,15.18,3638991,55060274.55,0.7284,-1.1075,0,0
2021-10-19,sz.000034,15.15,15.25,15.14,15.17,2582023,39187838.67,0.5168,-0.0659,0,0
2021-10-20,sz.000034,15.35,15.5,15.2,15.26,4143215,63519636.99,0.8293,0.5933,0,0
2021-10-21,sz.000034,15.2,15.21,14.89,14.91,5151333,77387246.92,1.0311,-2.2936,0,0
2021-10-22,sz.000034,15.14,15.35,15.0,15.05,4285642,64958003.92,0.8578,0.939,0,0
2021-10-25,sz.000034,14.99,15.05,14.76,14.95,3294758,48967954.78,0.6583,-0.6645,0,0
2021-10-26,sz.000034,14.95,15.47,14.86,15.23,6419544,97334622.27,1.2828,1.8729,0,0
2021-10-27,sz.000034,15.22,15.22,14.88,14.93,3214748,48101370.64,0.6424,-1.9698,0,0
2021-10-28,sz.000034,14.93,15.1,14.89,14.9,3606479,53950140.94,0.7207,-0.2009,0,0
2021-10-29,sz.000034,14.91,15.0,14.87,14.9,2643065,39464704.9,0.5282,0.0,0,0
2021-11-01,sz.000034,14.91,15.08,14.85,15.0,2871426,43004785.34,0.5325,0.6711,0,0
2021-11-02,sz.000034,15.05,15.05,14.76,14.94,4028967,60175278.67,0.7472,-0.4,0,0
2021-11-03,sz.000034,14.94,15.03,14.83,14.98,1919700,28725356.0,0.356,0.2677,0,0
2021-11-04,sz.000034,15.09,15.42,15.09,15.29,6085420,92944771.36,1.1286,2.0694,0,0
2021-11-05,sz.000034,15.18,15.75,15.18,15.6,7304721,113556754.61,1.3547,2.0275,0,0
2021-11-08,sz.000034,15.68,15.68,15.3,15.54,4319190,66961105.21,0.801,-0.3846,0,0
2021-11-09,sz.000034,15.55,15.65,15.43,15.59,3647741,56708614.18,0.6765,0.3218,0,0
2021-11-10,sz.000034,15.53,15.74,15.46,15.6,3884028,60502589.42,0.7203,0.0641,0,0
2021-11-11,sz.000034,15.58,15.6,15.38,15.48,4631995,71748996.64,0.859,-0.7692,0,0
2021-11-12,sz.000034,15.45,15.75,15.42,15.58,4518879,70469788.09,0.838,0.646,0,0
2021-11-15,sz.000034,15.62,16.19,15.62,16.08,8417426,134680328.28,1.561,3.2092,0,0
2021-11-16,sz.000034,16.07,16.26,15.94,15.97,7160002,115271257.07,1.3278,-0.6841,0,0
2021-11-17,sz.000034,15.92,16.06,15.8,15.97,4072338,64740358.35,0.7552,0.0,0,0
2021-11-18,sz.000034,15.96,16.0,15.63,15.63,4861100,76642853.1,0.9015,-2.129,0,0
2021-11-19,sz.000034,15.68,15.79,15.51,15.69,3729400,58409595.19,0.6916,0.3839,0,0
2021-11-22,sz.000034,15.6,15.74,15.58,15.7,2923280,45844631.72,0.5421,0.0637,0,0
2021-11-23,sz.000034,15.71,15.73,15.45,15.53,4791765,74468332.8,0.8886,-1.0828,0,0
2021-11-24,sz.000034,15.49,15.64,15.42,15.49,2952125,45809508.43,0.5475,-0.2576,0,0
2021-11-25,sz.000034,15.5,15.62,15.5,15.52,2619300,40727919.34,0.4858,0.1937,0,0
2021-11-26,sz.000034,15.54,15.59,15.28,15.46,5235248,80691850.66,0.9709,-0.3866,0,0
2021-11-29,sz.000034,15.3,15.43,15.12,15.31,4228152,64506098.63,0.7841,-0.9702,0,0
2021-11-30,sz.000034,15.35,15.83,15.31,15.72,6295076,98613927.24,1.1674,2.678,0,0
2021-12-01,sz.000034,15.8,16.2,15.66,16.04,8044925,128724944.94,1.492,2.0356,0,0
2021-12-02,sz.000034,16.07,16.08,15.65,15.73,5914883,93586936.75,1.0969,-1.9327,0,0
2021-12-03,sz.000034,15.82,16.0,15.77,15.83,3911682,62058103.64,0.7254,0.6357,0,0
2021-12-06,sz.000034,15.93,15.95,15.65,15.68,5162004,81400847.15,0.9573,-0.9476,0,0
2021-12-07,sz.000034,15.67,15.83,15.53,15.58,3400102,53170944.7,0.6306,-0.6378,0,0
2021-12-08,sz.000034,15.66,15.66,15.47,15.63,4240250,65987655.33,0.7864,0.3209,0,0
2021-12-09,sz.000034,15.57,15.73,15.55,15.63,3916274,61277542.06,0.7263,0.0,0,0
2021-12-10,sz.000034,15.58,15.62,15.47,15.49,3926590,60959894.73,0.7282,-0.8957,0,0
2021-12-13,sz.000034,15.47,15.57,15.46,15.48,2917060,45246984.68,0.541,-0.0646,0,0
2021-12-14,sz.000034,15.48,15.56,15.42,15.52,2933144,45461587.69,0.544,0.2584,0,0
2021-12-15,sz.000034,15.5,15.69,15.45,15.51,3747033,58351457.7,0.6949,-0.0644,0,0
2021-12-16,sz.000034,15.48,15.65,15.45,15.64,4219011,65621692.88,0.7824,0.8382,0,0
2021-12-17,sz.000034,15.6,15.9,15.55,15.55,5679159,89014594.1,1.0532,-0.5754,0,0
2021-12-20,sz.000034,15.49,15.51,15.1,15.33,6160277,94168654.55,1.1424,-1.4148,0,0
2021-12-21,sz.000034,15.35,15.39,15.22,15.39,3385537,51863520.6,0.6279,0.3914,0,0
2021-12-22,sz.000034,15.43,16.93,15.41,16.93,31631284,522673684.69,5.8661,10.0065,1,0
2021-12-23,sz.000034,16.93,16.93,16.29,16.37,27055954,446898000.69,5.0176,-3.3077,0,0
2021-12-24,sz.000034,16.46,16.46,15.68,15.74,14354421,229327824.74,2.6621,-3.8485,0,0
2021-12-27,sz.000034,15.8,15.88,15.54,15.66,9396200,146882779.11,1.7425,-0.5083,0,0
2021-12-28,sz.000034,15.73,15.83,15.64,15.72,8507163,133852292.45,1.5777,0.3831,0,0
2021-12-29,sz.000034,15.66,15.96,15.42,15.77,9382638,147205658.04,1.74,0.3181,0,0
2021-12-30,sz.000034,15.76,15.95,15.7,15.76,8083174,127939337.1,1.499,-0.0634,0,0
2021-12-31,sz.000034,15.79,15.99,15.69,15.83,8346946,132319190.57,1.548,0.4442,0,0
2022-01-04,sz.000034,15.88,16.24,15.85,16.17,10571545,169991070.79,1.9605,2.1478,0,0
2022-01-05,sz.000034,16.35,16.8,16.12,16.42,16410743,268396110.84,3.0434,1.5461,0,0
2022-01-06,sz.000034,16.32,16.6,16.1,16.35,11774585,192766036.84,2.1836,-0.4263,0,0
2022-01-07,sz.000034,16.26,16.65,16.21,16.3,10634963,175026816.65,1.9723,-0.3058,0,0
2022-01-10,sz.000034,16.4,16.4,15.88,16.29,8265449,133971886.51,1.5328,-0.0613,0,0
2022-01-11,sz.000034,16.3,16.57,15.99,16.02,8477800,137027376.31,1.5722,-1.6575,0,0
2022-01-12,sz.000034,16.05,16.26,16.0,16.07,5844887,94157077.68,1.0839,0.3121,0,0
2022-01-13,sz.000034,15.88,16.3,15.85,15.88,9178652,147223042.72,1.7022,-1.1823,0,0
2022-01-14,sz.000034,15.71,16.0,15.62,15.72,6396102,101134567.83,1.1862,-1.0076,0,0
2022-01-17,sz.000034,15.88,17.29,15.85,17.29,44394606,755710580.27,8.2331,9.9873,1,0
2022-01-18,sz.000034,19.02,19.02,18.18,18.5,82253252,1546940265.48,15.2541,6.9983,0,0
2022-01-19,sz.000034,18.5,19.1,18.33,18.52,48169627,896028916.72,8.9332,0.1081,0,0
2022-01-20,sz.000034,18.3,19.9,18.1,19.1,57440774,1098574236.26,10.6525,3.1317,0,0
2022-01-21,sz.000034,18.68,19.7,18.58,18.86,35565332,676903829.05,6.5957,-1.2565,0,0
2022-01-24,sz.000034,18.76,19.5,18.6,18.73,22928701,435519529.37,4.2522,-0.6893,0,0
2022-01-25,sz.000034,18.42,18.72,17.46,17.62,30381215,542988130.67,5.6343,-5.9263,0,0
2022-01-26,sz.000034,17.93,18.06,16.62,16.75,23474986,400482096.03,4.3535,-4.9376,0,0
2022-01-27,sz.000034,16.72,16.83,15.41,15.45,23714677,376314195.85,4.3979,-7.7612,0,0
2022-01-28,sz.000034,15.47,15.68,14.96,15.04,19776014,301832273.86,3.6675,-2.6537,0,0
2022-02-07,sz.000034,15.4,15.45,14.96,15.2,13323077,201860862.34,2.4708,1.0638,0,0
2022-02-08,sz.000034,15.19,15.27,14.79,15.22,19059669,286560375.4,3.5347,0.1316,0,0
2022-02-09,sz.000034,15.22,16.12,15.15,16.09,27689721,435651301.4,5.1351,5.7162,0,0
2022-02-10,sz.000034,16.0,16.19,15.76,15.97,18366546,293055029.66,3.4061,-0.7458,0,0
2022-02-11,sz.000034,15.82,16.4,15.76,15.85,16943894,272077548.49,3.1423,-0.7514,0,0
2022-02-14,sz.000034,15.67,15.85,15.28,15.82,9212271,144226535.21,1.7084,-0.1893,0,0
2022-02-15,sz.000034,15.78,15.89,15.53,15.71,8804781,137979656.37,1.6329,-0.6953,0,0
2022-02-16,sz.000034,15.9,16.08,15.57,15.64,9518840,150029180.9,1.7658,-0.4456,0,0
2022-02-17,sz.000034,15.59,15.75,15.25,15.34,13824560,214067357.57,2.5645,-1.9182,0,0
2022-02-18,sz.000034,15.85,16.41,15.7,16.36,28634679,460992008.21,5.3119,6.6493,0,0
2022-02-21,sz.000034,16.88,18.0,16.63,17.58,45348098,779386402.8,8.4123,7.4572,0,0
2022-02-22,sz.000034,17.1,17.37,16.79,17.02,28327470,482842652.84,5.2549,-3.1854,0,0
2022-02-23,sz.000034,17.03,17.53,16.81,17.37,22152178,380697373.02,4.1093,2.0564,0,0
2022-02-24,sz.000034,17.26,17.6,16.1,16.42,24841161,416441443.37,4.6082,-5.4692,0,0
2022-02-25,sz.000034,16.7,16.89,16.45,16.6,13253714,220895454.95,2.4586,1.0962,0,0
2022-02-28,sz.000034,16.6,16.73,16.06,16.27,16615049,270592112.0,3.0822,-1.988,0,0
2022-03-01,sz.000034,16.3,16.39,16.0,16.17,13862781,223968144.0,2.5716,-0.6146,0,0
2022-03-02,sz.000034,16.0,16.23,15.93,16.07,10544658,169798940.0,1.9561,-0.6184,0,0
2022-03-03,sz.000034,16.14,16.2,15.73,15.87,12721985,202604347.0,2.36,-1.2446,0,0
2022-03-04,sz.000034,15.77,15.82,15.46,15.52,11389461,178013463.0,2.1128,-2.2054,0,0
2022-03-07,sz.000034,15.5,15.68,15.12,15.22,12530797,192353379.0,2.3245,-1.933,0,0
2022-03-08,sz.000034,15.26,15.55,15.0,15.32,14393456,220110763.0,2.6701,0.657,0,0
2022-03-09,sz.000034,15.23,15.28,14.18,14.86,20709561,305398960.0,3.8417,-3.0026,0,0
2022-03-10,sz.000034,15.16,15.27,14.77,14.9,10617271,159386667.0,1.9696,0.2692,0,0
2022-03-11,sz.000034,14.6,14.92,14.3,14.87,10023307,146543364.0,1.8594,-0.2013,0,0
2022-03-14,sz.000034,14.7,14.87,14.41,14.42,8127044,118569313.0,1.5076,-3.0262,0,0
2022-03-15,sz.000034,14.42,14.42,13.48,13.49,11856708,165931503.0,2.2015,-6.4494,0,0
2022-03-16,sz.000034,13.78,14.09,13.36,14.02,10247867,141072158.0,1.9028,3.9288,0,0
2022-03-17,sz.000034,14.09,14.38,14.09,14.13,8365187,118940358.0,1.5532,0.7846,0,0
2022-03-18,sz.000034,14.1,14.34,14.01,14.33,5516115,78328917.68,1.0242,1.4154,0,0
2022-03-21,sz.000034,14.28,14.39,14.0,14.11,6854950,97081329.94,1.2728,-1.5352,0,0
2022-03-22,sz.000034,14.0,14.34,13.98,14.2,5560327,78950486.74,1.0324,0.6378,0,0
2022-03-23,sz.000034,14.3,14.31,14.08,14.16,4704074,66621953.67,0.8734,-0.2817,0,0
2022-03-24,sz.000034,14.11,14.13,13.75,13.82,6201897,86104062.82,1.1515,-2.4011,0,0
2022-03-25,sz.000034,14.09,14.09,13.77,13.81,4620200,64244890.73,0.8578,-0.0724,0,0
2022-03-28,sz.000034,13.7,14.08,13.51,14.01,6661963,92471621.05,1.237,1.4482,0,0
2022-03-29,sz.000034,14.02,14.54,13.94,14.42,12399737,177137272.18,2.3023,2.9265,0,0
2022-03-30,sz.000034,14.4,14.49,14.2,14.4,8167228,117230570.72,1.5164,-0.1387,0,0
2022-03-31,sz.000034,14.33,14.57,14.19,14.41,6853080,98677532.59,1.2724,0.0694,0,0
2022-04-01,sz.000034,14.31,15.85,14.22,15.18,22589998,345540394.6,4.1944,5.3435,0,0
2022-04-06,sz.000034,15.43,15.49,15.16,15.27,11260210,172141535.5,2.0907,0.5929,0,0
2022-04-07,sz.000034,15.18,15.25,14.6,14.6,7881378,117642161.6,1.4634,-4.3877,0,0
2022-04-08,sz.000034,15.29,15.29,14.52,14.79,8046875,119233082.0,1.4941,1.3014,0,0
2022-04-11,sz.000034,14.66,15.72,14.63,15.19,19744527,300504888.02,3.666,2.7045,0,0
2022-04-12,sz.000034,15.2,15.96,15.2,15.68,19113456,298922545.11,3.5489,3.2258,0,0
2022-04-13,sz.000034,15.58,15.97,15.26,15.27,12144153,190034250.38,2.2548,-2.6148,0,0
2022-04-14,sz.000034,15.4,15.68,15.33,15.4,7741966,120109978.75,1.4375,0.8513,0,0
2022-04-15,sz.000034,15.16,15.25,14.6,14.78,12909446,191218300.79,2.3969,-4.026,0,0
2022-04-18,sz.000034,14.66,15.27,14.01,14.99,11855697,175121009.72,2.2013,1.4208,0,0
2022-04-19,sz.000034,15.13,15.38,14.8,14.88,8074141,121029368.25,1.4992,-0.7338,0,0
2022-04-20,sz.000034,15.19,15.44,14.8,14.95,9478468,143011922.07,1.7599,0.4704,0,0
2022-04-21,sz.000034,14.81,14.96,14.18,14.19,7922789,115250476.32,1.4711,-5.0836,0,0
2022-04-22,sz.000034,14.19,14.39,14.06,14.16,5672109,80752159.94,1.0532,-0.2114,0,0
2022-04-25,sz.000034,13.8,13.94,13.02,13.09,8945186,120511938.51,1.6609,-7.5565,0,0
2022-04-26,sz.000034,13.17,13.27,12.45,12.64,6625063,85672033.85,1.2301,-3.4377,0,0
2022-04-27,sz.000034,12.51,13.24,12.46,13.23,5498078,70672912.99,1.0208,4.6677,0,0
2022-04-28,sz.000034,13.35,13.79,13.27,13.33,7756297,104988268.71,1.4401,0.7559,0,0
2022-04-29,sz.000034,13.5,13.81,13.28,13.76,7813440,105933130.56,1.4507,3.2258,0,0
2022-05-05,sz.000034,13.66,14.52,13.5,14.21,9107307,128364700.63,1.691,4.7163,0,0
2022-05-06,sz.000034,13.9,15.3,13.8,14.97,14432806,212533512.89,2.6798,5.3483,0,0
2022-05-09,sz.000034,14.66,14.98,14.61,14.67,8753988,129192329.72,1.6254,-2.004,0,0
2022-05-10,sz.000034,14.55,14.98,14.47,14.9,10447626,153623413.25,1.9398,1.5678,0,0
2022-05-11,sz.000034,14.88,15.05,14.57,14.58,9384996,139464793.77,1.7425,-2.1477,0,0
2022-05-12,sz.000034,14.49,14.9,14.49,14.68,5097244,74863738.18,0.9464,0.6859,0,0
2022-05-13,sz.000034,14.73,14.88,14.58,14.64,3646889,53533931.07,0.6771,-0.2725,0,0
2022-05-16,sz.000034,14.64,14.86,14.57,14.79,6003170,88469728.73,1.1146,1.0246,0,0
2022-05-17,sz.000034,14.53,14.74,14.44,14.59,7201247,104894863.0,1.3371,-1.3523,0,0
2022-05-18,sz.000034,14.7,15.1,14.69,14.88,8750964,130238205.05,1.6248,1.9877,0,0
2022-05-19,sz.000034,14.61,14.71,14.34,14.68,7632187,110677054.8,1.4171,-1.3441,0,0
2022-05-20,sz.000034,14.75,14.86,14.71,14.81,4946312,73123049.76,0.9184,0.8856,0,0
2022-05-23,sz.000034,14.83,15.16,14.78,14.99,6615890,99164611.58,1.2284,1.2154,0,0
2022-05-24,sz.000034,14.99,15.22,14.46,14.47,8351362,124296749.11,1.5506,-3.469,0,0
2022-05-25,sz.000034,14.43,15.15,14.34,15.0,9038739,134963681.34,1.6782,3.6628,0,0
2022-05-26,sz.000034,15.02,15.16,14.74,15.03,7270864,108805335.92,1.35,0.2,0,0
2022-05-27,sz.000034,15.2,15.3,14.95,15.11,7637466,115436490.34,1.4181,0.5323,0,0
2022-05-30,sz.000034,15.08,15.08,14.57,14.78,9784214,144091990.97,1.8167,-2.184,0,0
2022-05-31,sz.000034,14.75,15.05,14.59,15.01,9620430,142739697.69,1.7862,1.5562,0,0
2022-06-01,sz.000034,14.91,15.09,14.77,14.87,7517916,112187374.35,1.3959,-0.9327,0,0
2022-06-02,sz.000034,14.82,15.06,14.67,15.01,6868033,102284084.6,1.2752,0.9415,0,0
2022-06-06,sz.000034,15.03,15.62,14.95,15.47,12077449,185700521.3,2.2424,3.0646,0,0
2022-06-07,sz.000034,15.47,15.6,15.1,15.42,8783189,134638677.81,1.6308,-0.3232,0,0
2022-06-08,sz.000034,15.49,16.34,15.44,15.9,21482295,343919713.99,3.9886,3.1128,0,0
2022-06-09,sz.000034,15.9,15.99,15.21,15.28,14138206,219716051.02,2.6251,-3.8994,0,0
2022-06-10,sz.000034,15.12,15.43,15.09,15.38,7305477,111892524.99,1.3564,0.6545,0,0
2022-06-13,sz.000034,15.21,15.53,15.17,15.3,8314346,127328016.57,1.5437,-0.5202,0,0
2022-06-14,sz.000034,15.15,15.19,14.72,15.17,8526448,127526428.66,1.5831,-0.8497,0,0
2022-06-15,sz.000034,15.29,15.69,15.12,15.44,11770887,181967201.47,2.1855,1.7798,0,0
2022-06-16,sz.000034,15.45,16.04,15.35,15.66,10984746,172788319.75,2.0396,1.4249,0,0
2022-06-17,sz.000034,15.53,15.69,15.15,15.35,9613603,147762904.93,1.785,-1.9796,0,0
2022-06-20,sz.000034,15.25,15.46,15.15,15.27,8016983,122521403.23,1.4885,-0.5212,0,0
2022-06-21,sz.000034,15.28,15.58,15.15,15.34,8023145,123497538.0,1.4897,0.4584,0,0
2022-06-22,sz.000034,15.34,15.42,14.81,14.82,9337995,140221728.68,1.7338,-3.3898,0,0
2022-06-23,sz.000034,14.83,15.1,14.8,15.08,5551373,83112564.13,1.0307,1.7544,0,0
2022-06-24,sz.000034,15.19,15.46,15.14,15.24,7692771,117576403.04,1.4283,1.061,0,0
2022-06-27,sz.000034,15.4,15.4,15.07,15.18,7908109,120215215.02,1.4683,-0.3937,0,0
2022-06-28,sz.000034,15.21,15.38,15.06,15.38,6915589,105513885.12,1.284,1.3175,0,0
2022-06-29,sz.000034,15.42,15.55,15.08,15.1,8001681,122460263.79,1.4857,-1.8205,0,0
2022-06-30,sz.000034,15.28,15.45,15.19,15.22,7002473,107147855.01,1.3002,0.7947,0,0
2022-07-01,sz.000034,15.37,15.48,15.27,15.37,6719823,103237726.08,1.2477,0.9855,0,0
2022-07-04,sz.000034,15.37,15.47,15.23,15.36,5848563,89663366.85,1.0843,-0.0651,0,0
2022-07-05,sz.000034,15.4,15.55,15.21,15.52,10493137,161060880.55,1.9453,1.0417,0,0
2022-07-06,sz.000034,15.53,15.54,15.05,15.2,9147998,139316389.04,1.6959,-2.0619,0,0
2022-07-07,sz.000034,15.19,15.4,15.14,15.35,6327152,96815132.53,1.173,0.9868,0,0
2022-07-08,sz.000034,15.38,15.85,15.32,15.54,11211643,174827103.76,2.0785,1.2378,0,0
2022-07-11,sz.000034,15.46,15.62,15.23,15.32,7280575,112186043.4,1.3497,-1.4157,0,0
2022-07-12,sz.000034,15.8,15.85,15.42,15.46,17615946,274966605.39,3.2658,0.9138,0,0
2022-07-13,sz.000034,15.4,15.49,15.08,15.19,12199540,185279266.51,2.2617,-1.7464,0,0
2022-07-14,sz.000034,15.18,16.18,15.0,15.63,19054387,297181755.29,3.5325,2.8966,0,0
2022-07-15,sz.000034,15.68,15.71,15.21,15.22,10576843,162939034.27,1.9608,-2.6232,0,0
2022-07-18,sz.000034,15.26,16.06,15.17,16.06,18855344,297366548.09,3.4956,5.5191,0,0
2022-07-19,sz.000034,16.01,16.65,15.91,16.48,22980128,375464037.26,4.2602,2.6152,0,0
2022-07-20,sz.000034,16.44,16.68,16.35,16.4,14449016,238702312.93,2.6787,-0.4854,0,0
2022-07-21,sz.000034,16.6,17.29,16.54,17.08,26478996,451086465.78,4.9089,4.1463,0,0
2022-07-22,sz.000034,17.08,17.45,16.81,17.26,21594908,371079812.7,4.0034,1.0539,0,0
2022-07-25,sz.000034,17.2,17.57,17.07,17.49,14547277,252716418.05,2.6853,1.3326,0,0
2022-07-26,sz.000034,17.6,19.24,17.59,19.24,62728915,1188361263.18,11.5794,10.0057,1,0
2022-07-27,sz.000034,19.74,20.22,19.37,19.89,52328627,1033479127.93,9.6595,3.3784,0,0
2022-07-28,sz.000034,19.55,19.6,18.93,19.12,37488409,718221142.72,6.9201,-3.8713,0,0
2022-07-29,sz.000034,19.02,19.16,18.15,18.48,32711637,609819270.14,6.0384,-3.3473,0,0
2022-08-01,sz.000034,18.48,19.0,18.2,18.76,26988617,504052457.59,4.9819,1.5152,0,0
2022-08-02,sz.000034,18.19,18.33,17.25,18.04,36055588,640166842.58,6.6556,-3.838,0,0
2022-08-03,sz.000034,18.17,19.5,18.08,18.91,38030968,719930088.41,7.0203,4.8226,0,0
2022-08-04,sz.000034,19.0,19.18,18.54,18.92,19953812,376145921.25,3.6833,0.0529,0,0
2022-08-05,sz.000034,18.77,19.49,18.77,19.24,17885596,343054686.33,3.3016,1.6913,0,0
2022-08-08,sz.000034,19.55,21.16,19.3,21.16,41812528,853722149.61,7.7121,9.9792,1,0
2022-08-09,sz.000034,21.16,21.16,19.67,20.21,31607880,638297054.09,5.8299,-4.4896,0,0
2022-08-10,sz.000034,20.23,20.37,19.7,19.97,15132110,302065892.09,2.791,-1.1875,0,0
2022-08-11,sz.000034,20.16,20.16,19.81,20.04,12384578,247576752.74,2.2843,0.3505,0,0
2022-08-12,sz.000034,20.12,20.43,19.6,19.68,13249979,265657847.03,2.4439,-1.7964,0,0
2022-08-15,sz.000034,19.79,20.3,19.14,19.88,13227786,261186377.06,2.4398,1.0163,0,0
2022-08-16,sz.000034,19.85,20.55,19.76,20.44,12908229,262040772.83,2.3808,2.8169,0,0
2022-08-17,sz.000034,20.43,20.48,19.88,20.03,7711381,154735327.67,1.4223,-2.0059,0,0
2022-08-18,sz.000034,20.04,20.06,19.47,19.88,10353625,204010818.41,1.9097,-0.7489,0,0
2022-08-19,sz.000034,19.8,20.19,19.2,19.21,9750692,190369010.61,1.7985,-3.3702,0,0
2022-08-22,sz.000034,19.21,19.75,19.03,19.48,8717817,169702905.32,1.6079,1.4055,0,0
2022-08-23,sz.000034,19.42,19.45,18.9,19.14,9427497,180510432.97,1.7388,-1.7454,0,0
2022-08-24,sz.000034,19.15,19.9,18.98,19.25,16309607,315703395.93,3.0082,0.5747,0,0
2022-08-25,sz.000034,19.39,19.62,18.98,19.24,10018581,193167006.27,1.8479,-0.0519,0,0
2022-08-26,sz.000034,19.26,20.88,19.23,19.42,23366219,468579691.74,4.3098,0.9356,0,0
2022-08-29,sz.000034,19.17,19.55,19.02,19.36,9701030,187485854.6,1.7893,-0.309,0,0
2022-08-30,sz.000034,19.28,19.99,19.16,19.53,10854490,211520347.92,2.002,0.8781,0,0
2022-08-31,sz.000034,19.41,19.41,17.58,17.58,27427152,495821151.33,5.0588,-9.9846,0,1
2022-09-01,sz.000034,17.15,18.05,16.87,17.32,27644432,483313863.64,5.0988,-1.479,0,0
2022-09-02,sz.000034,17.42,18.32,17.38,17.97,15454858,276420047.31,2.8506,3.7529,0,0
2022-09-05,sz.000034,17.97,18.09,17.47,17.85,9973471,176665103.39,1.8395,-0.6678,0,0
2022-09-06,sz.000034,17.86,18.0,17.4,17.73,11438922,201815918.59,2.1098,-0.6723,0,0
2022-09-07,sz.000034,17.57,17.89,17.35,17.56,10803630,189629390.58,1.9927,-0.9588,0,0
2022-09-08,sz.000034,17.74,18.17,17.44,17.78,15614273,279259222.33,2.88,1.2528,0,0
2022-09-09,sz.000034,17.76,17.95,17.49,17.63,7355556,129869102.56,1.3567,-0.8436,0,0
2022-09-13,sz.000034,17.62,17.97,17.46,17.56,5915501,104421032.57,1.0911,-0.3971,0,0
2022-09-14,sz.000034,17.03,17.46,17.01,17.43,7036517,121844574.77,1.2978,-0.7403,0,0
2022-09-15,sz.000034,17.52,18.1,16.9,17.05,13854059,242539637.46,2.5553,-2.1801,0,0
2022-09-16,sz.000034,16.95,18.7,16.95,17.7,19566398,349696605.61,3.6089,3.8123,0,0
2022-09-19,sz.000034,17.92,18.07,17.11,17.24,12824500,223921087.15,2.3654,-2.5989,0,0
2022-09-20,sz.000034,17.3,17.54,16.65,16.77,11822001,200464415.19,2.1805,-2.7262,0,0
2022-09-21,sz.000034,16.7,17.45,16.3,17.37,14452069,246617804.71,2.6656,3.5778,0,0
2022-09-22,sz.000034,17.11,18.25,17.06,17.72,15042941,267881814.38,2.7746,2.015,0,0
2022-09-23,sz.000034,17.8,17.8,17.04,17.2,11433891,198102278.54,2.1089,-2.9345,0,0
2022-09-26,sz.000034,17.17,17.17,16.42,16.47,14392636,239055334.36,2.6546,-4.2442,0,0
2022-09-27,sz.000034,16.51,17.1,16.51,17.0,11506451,193494277.59,2.1223,3.218,0,0
2022-09-28,sz.000034,17.02,17.23,16.62,16.63,7310660,123293875.59,1.3484,-2.1765,0,0
2022-09-29,sz.000034,16.85,16.94,16.2,16.37,7542348,124946176.8,1.3911,-1.5634,0,0
2022-09-30,sz.000034,16.43,16.55,16.0,16.04,5799838,93979181.87,1.0697,-2.0159,0,0
2022-10-10,sz.000034,16.19,17.44,16.19,16.9,17726340,299802138.01,3.2695,5.3616,0,0
2022-10-11,sz.000034,16.81,18.06,16.47,17.86,21296230,371788430.14,3.928,5.6805,0,0
2022-10-12,sz.000034,17.77,19.65,17.72,19.65,31474175,595935211.81,5.8052,10.0224,1,0
2022-10-13,sz.000034,20.45,21.62,20.3,21.62,31644442,672829700.44,5.8366,10.0254,1,0
2022-10-14,sz.000034,22.46,22.55,21.49,22.35,59382863,1310984216.34,10.9528,3.3765,0,0
2022-10-17,sz.000034,22.0,23.26,21.68,22.2,50538782,1132278843.48,9.3216,-0.6711,0,0
2022-10-18,sz.000034,22.0,22.86,21.68,22.7,30304756,675902106.09,5.5895,2.2523,0,0
2022-10-19,sz.000034,21.96,22.29,21.09,21.81,33508064,726633365.29,6.1804,-3.9207,0,0
2022-10-20,sz.000034,21.72,23.39,21.5,22.6,40008400,902510249.75,7.3793,3.6222,0,0
2022-10-21,sz.000034,22.6,23.62,22.07,23.3,36903183,846143005.58,6.8066,3.0973,0,0
2022-10-24,sz.000034,23.0,25.05,22.8,24.0,38744903,932570263.85,7.1463,3.0043,0,0
2022-10-25,sz.000034,23.6,24.24,23.1,23.74,19250326,454054942.57,3.5506,-1.0833,0,0
2022-10-26,sz.000034,24.0,26.11,23.8,25.85,35050877,896873674.42,6.4649,8.888,0,0
2022-10-27,sz.000034,25.26,25.98,24.86,25.55,27397268,699764448.16,5.0533,-1.1605,0,0
2022-10-28,sz.000034,25.01,26.49,24.91,25.46,19031835,490161726.38,3.5103,-0.3523,0,0
2022-10-31,sz.000034,26.01,27.55,25.88,26.79,32172182,858940034.62,5.92,5.2239,0,0
2022-11-01,sz.000034,26.92,27.2,25.68,26.55,24846929,652909614.06,4.5721,-0.8959,0,0
2022-11-02,sz.000034,26.1,26.2,24.82,25.09,47852552,1212100611.36,8.8053,-5.4991,0,0
2022-11-03,sz.000034,24.77,25.3,24.5,24.86,26291006,653210403.75,4.8378,-0.9167,0,0
2022-11-04,sz.000034,24.87,25.16,24.53,24.95,19551476,485106953.74,3.5977,0.362,0,0
2022-11-07,sz.000034,25.06,25.58,24.5,24.71,14814430,368824417.37,2.726,-0.9619,0,0
2022-11-08,sz.000034,24.72,25.0,24.18,24.85,16721235,412937940.91,3.0769,0.5666,0,0
2022-11-09,sz.000034,24.64,24.78,23.56,24.22,18347079,443458343.08,3.376,-2.5352,0,0
2022-11-10,sz.000034,24.25,24.8,23.65,23.91,14174212,341961801.97,2.6082,-1.2799,0,0
2022-11-11,sz.000034,24.35,24.55,22.64,23.0,29775503,690105003.36,5.479,-3.8059,0,0
2022-11-14,sz.000034,23.0,23.46,22.71,23.06,24284158,560428724.23,4.4685,0.2609,0,0
2022-11-15,sz.000034,23.0,25.37,22.9,25.37,41383571,1012482838.21,7.615,10.0173,1,0
2022-11-16,sz.000034,26.3,26.69,24.37,24.97,35826412,915453312.72,6.5924,-1.5767,0,0
2022-11-17,sz.000034,24.84,25.95,24.62,25.8,30071794,761795403.24,5.5335,3.324,0,0
2022-11-18,sz.000034,25.53,26.48,24.81,25.0,28222289,723840932.81,5.1932,-3.1008,0,0
2022-11-21,sz.000034,24.73,25.14,24.25,24.9,13847699,341481626.67,2.5481,-0.4,0,0
2022-11-22,sz.000034,24.6,25.17,24.3,24.56,11268412,278309081.82,2.0735,-1.3655,0,0
2022-11-23,sz.000034,24.5,25.22,23.65,24.18,17732049,429339003.28,3.2629,-1.5472,0,0
2022-11-24,sz.000034,24.0,24.2,23.56,23.97,10745572,256279978.3,1.9773,-0.8685,0,0
2022-11-25,sz.000034,23.9,24.23,23.3,23.42,8686479,205160117.03,1.5984,-2.2945,0,0
2022-11-28,sz.000034,23.15,23.8,22.65,22.9,13515653,311811217.47,2.487,-2.2203,0,0
2022-11-29,sz.000034,22.91,23.1,22.57,23.03,11247194,257396094.9,2.0696,0.5677,0,0
2022-11-30,sz.000034,22.91,22.97,21.93,22.47,13178854,295192037.21,2.425,-2.4316,0,0
2022-12-01,sz.000034,22.71,23.55,22.11,23.3,28103268,642405242.66,5.1713,3.6938,0,0
2022-12-02,sz.000034,22.9,23.61,22.08,22.17,28602545,653182150.74,5.2631,-4.8498,0,0
2022-12-05,sz.000034,22.35,23.95,22.1,23.52,29280969,680654747.54,5.388,6.0893,0,0
2022-12-06,sz.000034,23.5,23.8,22.52,22.74,18048747,412681480.2,3.3211,-3.3163,0,0
2022-12-07,sz.000034,22.7,22.88,22.11,22.29,12686258,284208010.51,2.3344,-1.9789,0,0
2022-12-08,sz.000034,22.25,22.53,21.97,22.38,9448875,210717438.24,1.7387,0.4038,0,0
2022-12-09,sz.000034,22.24,22.38,21.48,21.75,14478041,316172534.9,2.6641,-2.815,0,0
2022-12-12,sz.000034,21.6,23.44,21.58,22.99,18796199,425818021.23,3.4587,5.7011,0,0
2022-12-13,sz.000034,23.0,23.23,21.76,21.81,14757876,326476502.49,2.7156,-5.1327,0,0
2022-12-14,sz.000034,21.76,22.2,21.68,21.8,7628326,167004540.84,1.4037,-0.0459,0,0
2022-12-15,sz.000034,21.66,22.29,21.33,21.67,10302233,225830177.01,1.8957,-0.5963,0,0
2022-12-16,sz.000034,21.58,21.79,20.9,21.1,12778481,270502912.96,2.3514,-2.6304,0,0
2022-12-19,sz.000034,21.88,22.27,21.08,21.27,12684912,274511828.77,2.3138,0.8057,0,0
2022-12-20,sz.000034,21.38,21.8,20.39,20.57,13610184,282141445.5,2.4826,-3.291,0,0
2022-12-21,sz.000034,20.6,21.37,20.5,21.19,10572226,221216639.46,1.9285,3.0141,0,0
2022-12-22,sz.000034,21.38,21.65,20.85,21.02,9662543,205085309.21,1.7625,-0.8023,0,0
2022-12-23,sz.000034,20.92,22.42,20.91,21.82,14263847,312750832.77,2.6019,3.8059,0,0
2022-12-26,sz.000034,21.54,22.3,21.46,21.66,10522116,229850450.66,1.9193,-0.7333,0,0
2022-12-27,sz.000034,21.8,23.2,21.8,22.27,16961547,381186116.22,3.0939,2.8163,0,0
2022-12-28,sz.000034,21.89,22.08,21.35,21.45,13157437,284745343.46,2.4,-3.6821,0,0
2022-12-29,sz.000034,21.4,22.48,21.29,21.86,15184832,333579948.11,2.7698,1.9114,0,0
2022-12-30,sz.000034,21.86,22.55,21.55,21.94,14894063,329595866.8,2.7168,0.366,0,0
2023-01-03,sz.000034,22.09,23.99,21.82,23.75,28288767,654511632.81,5.1601,8.2498,0,0
2023-01-04,sz.000034,24.08,24.21,23.35,23.89,18653267,442327785.42,3.4025,0.5895,0,0
2023-01-05,sz.000034,23.8,24.27,23.55,23.84,15953273,381082235.84,2.91,-0.2093,0,0
2023-01-06,sz.000034,23.86,23.89,22.87,23.03,17929800,416098943.67,3.2706,-3.3977,0,0
2023-01-09,sz.000034,23.09,23.15,22.53,22.65,14940126,339846932.09,2.7252,-1.65,0,0
2023-01-10,sz.000034,22.97,23.88,22.26,23.56,24454963,569325830.75,4.4608,4.0177,0,0
2023-01-11,sz.000034,23.38,23.64,22.62,22.74,15792327,364668630.83,2.8807,-3.4805,0,0
2023-01-12,sz.000034,22.76,24.16,22.46,23.68,20724686,483131551.93,3.7804,4.1337,0,0
2023-01-13,sz.000034,23.44,23.6,22.63,22.96,19082340,436777044.71,3.4808,-3.0405,0,0
2023-01-16,sz.000034,23.03,24.15,22.88,23.35,24044277,565634516.44,4.3859,1.6986,0,0
2023-01-17,sz.000034,23.58,23.99,23.02,23.69,15682530,370447942.54,2.8606,1.4561,0,0
2023-01-18,sz.000034,23.69,24.94,23.37,24.67,22839281,558222568.14,4.1661,4.1368,0,0
2023-01-19,sz.000034,24.74,25.38,24.19,24.47,24624173,608463178.82,4.4917,-0.8107,0,0
2023-01-20,sz.000034,24.52,26.35,24.43,25.51,25428415,651648147.51,4.6384,4.2501,0,0
2023-01-30,sz.000034,26.1,26.25,25.03,25.72,19171412,488045258.28,3.497,0.8232,0,0
2023-01-31,sz.000034,25.1,25.37,24.35,24.48,23386045,578022523.22,4.2658,-4.8212,0,0
2023-02-01,sz.000034,24.58,25.11,24.36,25.11,19070215,471446605.36,3.4786,2.5735,0,0
2023-02-02,sz.000034,24.8,25.55,24.63,24.77,18849939,471196190.93,3.4384,-1.354,0,0
2023-02-03,sz.000034,24.52,25.13,24.35,24.96,17598370,434747421.1,3.2101,0.7671,0,0
2023-02-06,sz.000034,24.99,25.87,24.97,25.81,26558430,676227705.28,4.8445,3.4054,0,0
2023-02-07,sz.000034,25.12,25.25,24.58,24.81,22946350,570132877.99,4.1856,-3.8745,0,0
2023-02-08,sz.000034,24.99,24.99,23.51,23.55,24532513,589566698.66,4.4725,-5.0786,0,0
2023-02-09,sz.000034,23.4,24.59,22.88,24.45,26984837,640670484.81,4.9196,3.8217,0,0
2023-02-10,sz.000034,24.6,24.98,23.87,24.03,21881414,534654765.46,3.9892,-1.7178,0,0
2023-02-13,sz.000034,24.04,24.37,23.57,24.16,23846810,570391976.76,4.3475,0.541,0,0
2023-02-14,sz.000034,24.24,25.3,24.24,24.75,29259572,725932183.89,5.3343,2.4421,0,0
2023-02-15,sz.000034,25.74,27.23,25.74,27.23,23091658,620666254.1,4.2098,10.0202,1,0
2023-02-16,sz.000034,28.8,29.3,26.22,26.47,96671631,2657954121.78,17.6241,-2.791,0,0
2023-02-17,sz.000034,26.64,26.82,24.11,24.18,67918448,1705012139.44,12.3822,-8.6513,0,0
2023-02-20,sz.000034,24.05,26.6,23.82,26.6,70405100,1794761790.99,12.8355,10.0083,1,0
2023-02-21,sz.000034,27.44,28.49,26.45,26.79,79034427,2166942327.89,14.4054,0.7143,0,0
2023-02-22,sz.000034,26.78,26.87,25.26,26.35,45715444,1191176116.58,8.3325,-1.6424,0,0
2023-02-23,sz.000034,26.11,26.24,25.21,25.28,34556772,881625017.45,6.2986,-4.0607,0,0
2023-02-24,sz.000034,25.29,27.68,25.13,27.01,65707207,1739783869.92,11.9763,6.8434,0,0
2023-02-27,sz.000034,26.89,27.49,26.25,26.3,45878478,1230647013.55,8.3622,-2.6287,0,0
2023-02-28,sz.000034,27.05,27.18,25.97,26.63,45201620,1205848442.19,8.2388,1.2548,0,0
2023-03-01,sz.000034,26.5,28.2,26.5,27.74,60014924,1656294609.23,10.9388,4.1682,0,0
2023-03-02,sz.000034,27.42,27.76,27.05,27.32,43223336,1184817924.71,7.8782,-1.5141,0,0
2023-03-03,sz.000034,26.78,29.15,26.3,28.34,65979058,1860649488.67,12.0259,3.7335,0,0
2023-03-06,sz.000034,28.34,28.34,27.34,27.61,43429954,1205206510.84,7.9159,-2.5759,0,0
2023-03-07,sz.000034,27.35,27.5,25.91,26.2,39243747,1047598355.94,7.1529,-5.1068,0,0
2023-03-08,sz.000034,26.21,26.63,26.15,26.59,24515818,646577105.49,4.4684,1.4885,0,0
2023-03-09,sz.000034,26.42,26.49,25.34,25.95,33833521,872669836.45,6.1668,-2.4069,0,0
2023-03-10,sz.000034,25.5,25.82,25.12,25.17,23084267,588572782.26,4.2075,-3.0058,0,0
2023-03-13,sz.000034,25.23,26.43,25.21,26.42,32696398,850725977.92,5.9595,4.9662,0,0
2023-03-14,sz.000034,26.11,26.26,25.5,25.9,23258613,603575385.25,4.2393,-1.9682,0,0
2023-03-15,sz.000034,26.15,26.34,25.47,25.57,20490767,530565546.98,3.7348,-1.2741,0,0
2023-03-16,sz.000034,25.19,25.68,24.71,25.24,20635416,518289046.94,3.7612,-1.2906,0,0
2023-03-17,sz.000034,25.7,27.76,25.6,27.76,47535166,1293941771.05,8.6641,9.9842,1,0
2023-03-20,sz.000034,27.76,28.66,27.1,27.83,74267792,2092709764.99,13.5366,0.2522,0,0
2023-03-21,sz.000034,27.55,28.41,27.3,28.0,38250166,1066212567.42,6.9718,0.6109,0,0
2023-03-22,sz.000034,28.0,30.24,27.6,29.76,66132099,1942349177.7,12.0538,6.2857,0,0
2023-03-23,sz.000034,29.38,30.77,29.25,30.45,48042568,1440633581.23,8.7566,2.3185,0,0
2023-03-24,sz.000034,30.08,32.1,29.6,31.15,52012878,1602301327.68,9.4803,2.2989,0,0
2023-03-27,sz.000034,32.7,34.27,32.01,33.65,67308687,2235558635.41,12.2682,8.0257,0,0
2023-03-28,sz.000034,32.8,32.93,31.3,31.45,45911473,1469607505.27,8.3682,-6.5379,0,0
2023-03-29,sz.000034,31.47,32.06,30.58,31.11,46418688,1453689339.85,8.4606,-1.0811,0,0
2023-03-30,sz.000034,30.85,31.69,29.83,30.23,35329755,1084666530.72,6.4395,-2.8287,0,0
2023-03-31,sz.000034,30.29,31.77,29.42,31.49,49921561,1527829901.53,9.0972,4.168,0,0
2023-04-03,sz.000034,31.49,32.98,30.5,32.69,64949137,2062085750.08,11.8356,3.8107,0,0
2023-04-04,sz.000034,33.49,33.49,31.2,31.6,52835948,1696738619.67,9.6283,-3.3344,0,0
2023-04-06,sz.000034,30.42,31.25,30.1,30.66,44900521,1370788778.35,8.1822,-2.9747,0,0
2023-04-07,sz.000034,30.7,31.46,30.08,31.25,31441834,971239564.06,5.7296,1.9243,0,0
2023-04-10,sz.000034,30.8,30.82,28.13,28.44,55059878,1614581455.88,10.0335,-8.992,0,0
2023-04-11,sz.000034,28.4,28.97,27.92,28.82,33061962,944138765.99,6.0249,1.3361,0,0
2023-04-12,sz.000034,29.0,30.56,28.88,30.0,42970881,1282216449.57,7.8306,4.0944,0,0
2023-04-13,sz.000034,29.51,29.8,28.85,28.9,30339084,886484897.25,5.5287,-3.6667,0,0
2023-04-14,sz.000034,28.94,29.2,27.89,28.5,25372018,721456850.14,4.6235,-1.3841,0,0
2023-04-17,sz.000034,28.37,28.73,27.84,28.19,21924452,618194932.32,3.9953,-1.0877,0,0
2023-04-18,sz.000034,28.28,29.54,27.8,29.26,34545060,998417649.51,6.2951,3.7957,0,0
2023-04-19,sz.000034,29.1,31.5,28.8,30.34,54852093,1655142662.02,9.9957,3.691,0,0
2023-04-20,sz.000034,30.94,31.45,29.83,31.28,50770487,1563498368.63,9.2519,3.0982,0,0
2023-04-21,sz.000034,30.85,30.85,28.63,29.34,42644185,1259930562.31,7.7575,-6.202,0,0
2023-04-24,sz.000034,28.88,29.58,28.42,29.16,22558912,653221823.31,4.1038,-0.6135,0,0
2023-04-25,sz.000034,29.05,29.35,27.89,28.72,23806163,682731337.78,4.3307,-1.5089,0,0
2023-04-26,sz.000034,28.5,28.8,25.85,26.16,42253471,1125912576.85,7.6865,-8.9136,0,0
2023-04-27,sz.000034,25.85,26.15,25.08,25.5,24285069,621646930.36,4.4178,-2.5229,0,0
2023-04-28,sz.000034,25.3,26.98,25.16,26.66,25325590,666671283.8,4.6049,4.549,0,0
2023-05-04,sz.000034,27.04,27.67,26.7,27.3,24448579,664997751.8,4.4454,2.4006,0,0
2023-05-05,sz.000034,27.25,27.42,26.4,26.92,16046359,431879707.89,2.9176,-1.3919,0,0
2023-05-08,sz.000034,27.18,27.33,26.3,26.81,20231543,543781625.89,3.6786,-0.4086,0,0
2023-05-09,sz.000034,26.74,26.97,26.31,26.52,16842116,447845636.99,3.0623,-1.0817,0,0
2023-05-10,sz.000034,26.08,26.29,25.23,25.59,17939915,460667318.18,3.2619,-1.8788,0,0
2023-05-11,sz.000034,25.6,25.81,24.97,25.01,16073800,406037346.06,2.9226,-2.2665,0,0
2023-05-12,sz.000034,24.95,25.35,24.82,24.99,11894056,298289408.38,2.1626,-0.08,0,0
2023-05-15,sz.000034,24.99,25.25,23.95,24.86,17240182,422209619.16,3.1347,-0.5202,0,0
2023-05-16,sz.000034,24.86,24.88,23.88,23.95,15696578,379803659.82,2.854,-3.6605,0,0
2023-05-17,sz.000034,23.9,24.54,23.75,24.33,11883068,289002692.27,2.1607,1.5866,0,0
2023-05-18,sz.000034,24.35,25.28,24.34,25.23,21688842,542301211.85,3.9436,3.6991,0,0
2023-05-19,sz.000034,25.0,25.34,24.83,25.15,12777972,319943615.9,2.3234,-0.3171,0,0
2023-05-22,sz.000034,24.67,24.99,24.28,24.7,11403453,280370410.24,2.0734,-1.7893,0,0
2023-05-23,sz.000034,24.87,24.93,24.17,24.2,12870170,314946353.99,2.3401,-2.0243,0,0
2023-05-24,sz.000034,24.08,24.47,23.77,24.22,9950296,239997783.32,1.8092,0.0826,0,0
2023-05-25,sz.000034,24.7,26.2,24.5,25.07,27275693,688491886.64,4.9594,3.5095,0,0
2023-05-26,sz.000034,24.84,26.14,24.72,26.1,26688332,683013021.72,4.8526,4.1085,0,0
2023-05-29,sz.000034,26.11,26.28,25.83,26.17,18388360,478804409.17,3.3435,0.2682,0,0
2023-05-30,sz.000034,26.01,27.28,25.69,27.26,26117540,695235542.69,4.7489,4.1651,0,0
2023-05-31,sz.000034,27.05,28.48,26.99,28.32,30312515,835706702.17,5.5116,3.8885,0,0
2023-06-01,sz.000034,27.8,28.34,27.67,27.96,27587401,770671136.53,5.0161,-1.2712,0,0
2023-06-02,sz.000034,27.9,28.09,27.08,27.29,23267877,636535947.19,4.2307,-2.3963,0,0
2023-06-05,sz.000034,27.36,27.99,27.2,27.55,22358128,617295156.92,4.0653,0.9527,0,0
2023-06-06,sz.000034,27.5,27.5,26.4,26.82,22051551,594832990.61,4.0095,-2.6497,0,0
2023-06-07,sz.000034,26.7,27.14,26.42,27.01,12097687,325543547.05,2.1997,0.7084,0,0
2023-06-08,sz.000034,27.0,27.95,26.45,27.88,35837681,983408634.89,6.5162,3.221,0,0
2023-06-09,sz.000034,27.8,29.21,27.58,29.06,48798114,1387472729.44,8.8728,4.2324,0,0
2023-06-12,sz.000034,29.0,30.17,28.69,29.7,48987843,1442733370.06,8.9073,2.2023,0,0
2023-06-13,sz.000034,29.4,29.68,28.7,29.19,39009063,1138598091.56,7.0929,-1.7172,0,0
2023-06-14,sz.000034,29.03,29.16,28.2,28.89,38333001,1100279550.1,6.9699,-1.0277,0,0
2023-06-15,sz.000034,28.96,29.28,28.56,28.63,25519018,737090949.72,4.64,-0.9,0,0
2023-06-16,sz.000034,28.62,29.84,28.35,29.72,39706681,1160310319.98,7.2197,3.8072,0,0
2023-06-19,sz.000034,29.83,30.27,29.13,29.92,41452064,1235778095.73,7.5371,0.6729,0,0
2023-06-20,sz.000034,29.7,31.0,29.46,30.92,41628939,1262686500.21,7.5692,3.3422,0,0
2023-06-21,sz.000034,30.52,30.52,28.19,28.23,41684495,1214164191.91,7.5793,-8.6999,0,0
2023-06-26,sz.000034,27.6,27.77,25.95,26.02,32104021,857554154.91,5.8373,-7.8286,0,0
2023-06-27,sz.000034,26.02,26.5,25.96,26.22,16904318,442936527.33,3.0736,0.7686,0,0
2023-06-28,sz.000034,26.9,28.06,26.15,26.49,23748492,638928481.99,4.3181,1.0297,0,0
2023-06-29,sz.000034,26.5,26.8,26.13,26.55,17229366,456101588.41,3.1327,0.2265,0,0
2023-06-30,sz.000034,26.3,26.85,25.89,26.59,17758832,467897446.25,3.2286,0.1507,0,0
2023-07-03,sz.000034,26.6,28.98,25.93,28.34,40706359,1119929991.43,7.4015,6.5814,0,0
2023-07-04,sz.000034,28.33,28.5,27.88,28.36,21685835,611188075.5,3.9431,0.0706,0,0
2023-07-05,sz.000034,28.18,28.65,27.47,27.52,15992326,448514767.43,2.9078,-2.9619,0,0
2023-07-06,sz.000034,27.34,28.74,27.21,28.18,22801476,645169762.65,4.1459,2.3983,0,0
2023-07-07,sz.000034,28.32,28.33,27.08,28.05,20491125,567970771.53,3.7258,-0.4613,0,0
2023-07-10,sz.000034,27.88,28.37,27.44,27.55,16013523,446291152.5,2.9117,-1.7825,0,0
2023-07-11,sz.000034,27.36,28.2,27.25,27.65,11779613,326576561.89,2.1418,0.363,0,0
2023-07-12,sz.000034,27.49,27.51,26.0,26.02,23920262,635919423.77,4.3493,-5.8951,0,0
2023-07-13,sz.000034,26.21,26.39,25.77,26.21,14567905,380233354.48,2.6488,0.7302,0,0
2023-07-14,sz.000034,26.2,27.13,26.13,26.74,15055055,402026061.07,2.7374,2.0221,0,0
2023-07-17,sz.000034,26.69,27.1,26.53,26.79,9135058,245130936.75,1.661,0.187,0,0
2023-07-18,sz.000034,26.77,26.99,26.16,26.18,11020079,291768318.77,2.0037,-2.277,0,0
2023-07-19,sz.000034,26.48,26.58,25.9,26.08,7593020,199291278.39,1.3806,-0.382,0,0
2023-07-20,sz.000034,26.06,26.24,25.46,25.52,9768168,252278347.79,1.7761,-2.1472,0,0
2023-07-21,sz.000034,25.36,25.66,24.92,25.04,9482128,239330020.14,1.7241,-1.8809,0,0
2023-07-24,sz.000034,25.04,26.25,24.98,25.74,12871491,331636797.44,2.3404,2.7955,0,0
2023-07-25,sz.000034,25.9,26.03,25.5,25.78,11694975,300991710.83,2.1265,0.1554,0,0
2023-07-26,sz.000034,25.76,25.76,24.98,25.07,10226945,257603160.0,1.8595,-2.7541,0,0
2023-07-27,sz.000034,25.07,25.3,24.73,24.77,7169226,178968568.92,1.3036,-1.1966,0,0
2023-07-28,sz.000034,25.0,25.68,24.86,25.22,11633348,294686176.24,2.1152,1.8167,0,0
2023-07-31,sz.000034,24.8,25.47,24.58,25.15,10698376,268549330.11,1.9452,-0.2776,0,0
2023-08-01,sz.000034,25.11,25.67,24.92,25.53,10646762,270506851.14,1.9359,1.5109,0,0
2023-08-02,sz.000034,25.51,25.55,25.06,25.32,6219748,157502185.78,1.1309,-0.8226,0,0
2023-08-03,sz.000034,25.2,25.28,24.86,25.0,9643263,241271315.13,1.7534,-1.2638,0,0
2023-08-04,sz.000034,24.96,26.18,24.96,25.99,19723821,507223115.13,3.5863,3.96,0,0
2023-08-07,sz.000034,26.19,27.99,25.99,27.6,39095793,1070759630.97,7.1086,6.1947,0,0
2023-08-08,sz.000034,27.5,27.8,27.3,27.48,17335203,478026118.09,3.152,-0.4348,0,0
2023-08-09,sz.000034,28.2,29.69,27.96,28.43,54748930,1580112881.42,9.9548,3.4571,0,0
2023-08-10,sz.000034,28.5,28.7,27.85,28.07,18029675,507612611.35,3.2783,-1.2663,0,0
2023-08-11,sz.000034,28.12,29.52,28.12,28.27,24036661,692932032.77,4.3705,0.7125,0,0
2023-08-14,sz.000034,28.02,30.15,27.9,29.79,40223286,1184246371.12,7.3136,5.3767,0,0
2023-08-15,sz.000034,29.68,29.96,28.57,29.02,24617896,718884238.17,4.4762,-2.5848,0,0
2023-08-16,sz.000034,28.85,29.05,28.23,28.42,17061807,488477247.63,3.1023,-2.0675,0,0
2023-08-17,sz.000034,28.41,29.25,27.92,28.8,21295998,613566878.33,3.8722,1.3371,0,0
2023-08-18,sz.000034,28.8,29.48,27.8,27.85,20252053,575457610.8,3.6824,-3.2986,0,0
2023-08-21,sz.000034,28.0,30.45,28.0,29.51,40902200,1214730210.38,7.4371,5.9605,0,0
2023-08-22,sz.000034,30.03,30.8,29.05,30.33,43421493,1294767539.8,7.8952,2.7787,0,0
2023-08-23,sz.000034,29.8,32.0,29.79,30.73,47187924,1463607490.05,8.58,1.3188,0,0
2023-08-24,sz.000034,31.2,31.48,29.59,29.78,31646262,953008400.18,5.7541,-3.0914,0,0
2023-08-25,sz.000034,29.26,29.88,28.36,28.6,24434427,707012730.01,4.4428,-3.9624,0,0
2023-08-28,sz.000034,30.42,30.42,28.8,28.94,23906202,699897228.09,4.3468,1.1888,0,0
2023-08-29,sz.000034,28.8,30.8,28.68,30.47,30122591,900186350.86,5.4771,5.2868,0,0
2023-08-30,sz.000034,30.59,33.52,30.44,32.87,59058266,1933777887.74,10.7383,7.8766,0,0
2023-08-31,sz.000034,32.45,32.46,31.3,31.78,35816504,1140568105.93,6.5115,-3.3161,0,0
2023-09-01,sz.000034,31.65,31.97,30.51,30.95,19377346,603592339.91,3.5228,-2.6117,0,0
2023-09-04,sz.000034,31.12,32.22,30.61,32.2,32123817,1003367424.96,5.8401,4.0388,0,0
2023-09-05,sz.000034,32.26,33.25,29.24,29.51,55438524,1723631986.34,10.0788,-8.354,0,0
2023-09-06,sz.000034,29.75,29.9,28.3,29.17,30586890,889093659.39,5.5607,-1.1522,0,0
2023-09-07,sz.000034,29.16,30.38,29.03,29.14,27096662,802186177.44,4.9262,-0.1028,0,0
2023-09-08,sz.000034,29.0,31.63,28.89,30.48,33301359,1007056980.08,6.0542,4.5985,0,0
2023-09-11,sz.000034,30.2,30.58,29.27,29.83,27656218,824383052.53,5.0279,-2.1325,0,0
2023-09-12,sz.000034,30.0,31.77,29.99,31.06,35847086,1115784798.27,6.517,4.1234,0,0
2023-09-13,sz.000034,30.8,30.85,29.18,29.35,26175423,777422674.27,4.7587,-5.5055,0,0
2023-09-14,sz.000034,29.22,29.7,28.82,29.07,16768382,490422811.35,3.0485,-0.954,0,0
2023-09-15,sz.000034,29.16,29.25,27.91,28.05,23743486,671628244.56,4.3166,-3.5088,0,0
2023-09-18,sz.000034,27.89,28.05,26.8,26.96,29464738,804087993.02,5.3567,-3.8859,0,0
2023-09-19,sz.000034,26.79,27.42,26.38,26.58,21604660,578587252.37,3.9277,-1.4095,0,0
2023-09-20,sz.000034,26.9,28.5,26.9,27.29,33589772,934117719.26,6.1066,2.6712,0,0
2023-09-21,sz.000034,27.13,29.19,26.93,28.08,33273029,941573862.09,6.0491,2.8948,0,0
2023-09-22,sz.000034,27.9,29.04,27.69,28.66,30233518,863027560.65,5.4965,2.0655,0,0
2023-09-25,sz.000034,28.66,28.72,28.23,28.4,17329317,492510305.4,3.1505,-0.9072,0,0
2023-09-26,sz.000034,28.2,28.62,27.88,27.91,16138179,454295831.9,2.9339,-1.7254,0,0
2023-09-27,sz.000034,27.76,28.16,27.43,27.45,16925058,468422662.72,3.077,-1.6482,0,0
2023-09-28,sz.000034,27.62,27.73,26.92,27.61,19302879,528793793.24,3.5093,0.5829,0,0
2023-10-09,sz.000034,27.4,29.06,27.28,28.45,25712009,730415738.44,4.6745,3.0424,0,0
2023-10-10,sz.000034,28.5,29.18,27.91,28.75,27472032,785193523.17,4.9944,1.0545,0,0
2023-10-11,sz.000034,28.6,29.12,28.16,28.35,22645334,646890176.36,4.1169,-1.3913,0,0
2023-10-12,sz.000034,28.49,28.88,27.62,28.24,15717176,442429813.06,2.8574,-0.388,0,0
2023-10-13,sz.000034,27.98,28.0,27.55,27.7,13054757,362310973.36,2.3734,-1.9122,0,0
2023-10-16,sz.000034,28.1,30.28,27.91,29.58,45966196,1350383962.12,8.3567,6.787,0,0
2023-10-17,sz.000034,29.59,29.99,28.83,29.02,27062698,792210811.08,4.92,-1.8932,0,0
2023-10-18,sz.000034,30.64,31.92,30.64,30.92,60384458,1890676412.75,10.9779,6.5472,0,0
2023-10-19,sz.000034,31.0,31.31,29.33,29.35,45383391,1370947813.22,8.2507,-5.0776,0,0
2023-10-20,sz.000034,29.23,29.75,28.01,28.13,31025129,891341630.87,5.6404,-4.1567,0,0
2023-10-23,sz.000034,28.14,28.85,27.4,27.74,23575496,665042921.85,4.286,-1.3864,0,0
2023-10-24,sz.000034,28.25,28.28,26.2,26.97,34265139,923888128.12,6.2294,-2.7758,0,0
2023-10-25,sz.000034,27.13,29.66,27.13,29.01,44651946,1288820362.26,8.1178,7.564,0,0
2023-10-26,sz.000034,28.64,29.5,28.17,29.28,29753118,863055007.06,5.4091,0.9307,0,0
2023-10-27,sz.000034,29.2,30.11,28.82,29.55,32254739,956090267.94,5.8639,0.9221,0,0
2023-10-30,sz.000034,30.14,32.51,29.55,32.51,57662394,1808331519.62,10.4831,10.0169,1,0
2023-10-31,sz.000034,32.7,32.8,30.7,31.07,57916000,1829126790.06,10.5292,-4.4294,0,0
2023-11-01,sz.000034,31.07,31.27,30.26,30.45,30878002,946572043.77,5.6136,-1.9955,0,0
2023-11-02,sz.000034,30.55,30.66,29.5,29.55,25716625,768536820.36,4.6753,-2.9557,0,0
2023-11-03,sz.000034,29.56,30.6,29.56,30.23,27662996,837931022.79,5.0292,2.3012,0,0
2023-11-06,sz.000034,30.7,31.16,30.45,30.55,29094071,895121366.89,5.2893,1.0586,0,0
2023-11-07,sz.000034,30.58,31.8,30.5,31.8,36628599,1148147293.7,6.6591,4.0917,0,0
2023-11-08,sz.000034,33.0,34.98,31.91,33.91,95271248,3240876420.83,17.3204,6.6352,0,0
2023-11-09,sz.000034,33.36,33.82,32.56,32.74,60532479,2009228117.41,11.0048,-3.4503,0,0
2023-11-10,sz.000034,33.1,33.12,31.64,31.73,40583895,1308357509.2,7.3782,-3.0849,0,0
2023-11-13,sz.000034,31.93,34.88,31.7,33.69,58870621,1973410088.96,10.7027,6.1771,0,0
2023-11-14,sz.000034,33.75,34.2,33.31,33.98,39307679,1326822672.07,7.1462,0.8608,0,0
2023-11-15,sz.000034,34.65,35.88,33.8,34.0,58679736,2037687288.15,10.668,0.0589,0,0
2023-11-16,sz.000034,33.6,36.96,33.45,35.15,61337557,2168260019.83,11.1512,3.3824,0,0
2023-11-17,sz.000034,35.34,36.39,34.92,35.51,43468284,1545374515.71,7.9026,1.0242,0,0
2023-11-20,sz.000034,35.78,36.0,34.81,35.12,45683604,1608720222.12,8.3053,-1.0983,0,0
2023-11-21,sz.000034,35.0,35.0,33.5,33.88,44716945,1522721367.89,8.1296,-3.5308,0,0
2023-11-22,sz.000034,33.6,33.82,32.87,33.0,28452148,948324211.08,5.1726,-2.5974,0,0
2023-11-23,sz.000034,32.99,34.09,32.7,33.91,30950926,1037937646.96,5.6269,2.7576,0,0
2023-11-24,sz.000034,33.63,33.65,31.78,32.18,36643352,1188555052.85,6.6618,-5.1017,0,0
2023-11-27,sz.000034,31.8,32.67,31.79,32.19,20106302,649006359.28,3.6553,0.0311,0,0
2023-11-28,sz.000034,32.25,32.45,31.8,32.15,16076079,515480518.43,2.9226,-0.1243,0,0
2023-11-29,sz.000034,32.06,32.53,31.41,31.85,17556446,560939071.49,3.1918,-0.9331,0,0
2023-11-30,sz.000034,31.79,31.9,31.11,31.69,19235604,605436218.79,3.497,-0.5024,0,0
2023-12-01,sz.000034,31.65,32.78,31.41,32.54,28495735,921774961.27,5.1805,2.6822,0,0
2023-12-04,sz.000034,32.49,33.98,32.38,33.06,29468700,982137213.55,5.3574,1.598,0,0
2023-12-05,sz.000034,32.84,32.84,31.22,31.25,25123905,798376174.73,4.5675,-5.4749,0,0
2023-12-06,sz.000034,31.08,31.54,31.03,31.25,12979661,405570674.75,2.3597,0.0,0,0
2023-12-07,sz.000034,31.07,31.91,31.03,31.75,16148174,507799611.27,2.9357,1.6,0,0
2023-12-08,sz.000034,31.6,33.37,31.57,32.69,27363065,892557773.7,4.9746,2.9606,0,0
2023-12-11,sz.000034,32.49,32.93,32.08,32.79,17336809,564086752.49,3.1518,0.3059,0,0
2023-12-12,sz.000034,32.51,33.31,32.51,32.86,17113973,564187418.1,3.1113,0.2135,0,0
2023-12-13,sz.000034,32.6,32.8,31.5,31.53,20976880,671158706.72,3.8136,-4.0475,0,0
2023-12-14,sz.000034,31.79,32.1,31.31,31.49,13516062,427878665.21,2.4572,-0.1269,0,0
2023-12-15,sz.000034,31.52,31.66,30.88,30.98,14694933,458889638.52,2.6715,-1.6196,0,0
2023-12-18,sz.000034,30.75,31.48,30.36,30.66,13909943,431112065.96,2.5288,-1.0329,0,0
2023-12-19,sz.000034,30.9,31.01,30.31,30.88,14231419,437394589.16,2.5873,0.7175,0,0
2023-12-20,sz.000034,30.9,30.9,28.9,29.06,30778050,909026960.38,5.5955,-5.8938,0,0
2023-12-21,sz.000034,28.61,30.01,28.6,29.74,21291050,625440176.95,3.8707,2.34,0,0
2023-12-22,sz.000034,29.78,29.91,28.65,28.82,17665437,513547132.71,3.2116,-3.0935,0,0
2023-12-25,sz.000034,28.86,29.55,28.86,29.11,14140401,413264884.51,2.5707,1.0062,0,0
2023-12-26,sz.000034,29.18,29.18,27.9,28.22,12968630,367369737.39,2.3577,-3.0574,0,0
2023-12-27,sz.000034,28.42,29.04,28.33,28.88,13786490,395731641.8,2.5064,2.3388,0,0
2023-12-28,sz.000034,28.76,29.43,28.18,29.27,18548917,537906361.4,3.3722,1.3504,0,0
2023-12-29,sz.000034,29.11,30.1,28.93,29.91,18770075,556067455.4,3.4124,2.1865,0,0
2024-01-02,sz.000034,29.82,29.82,29.14,29.25,14214627,417908079.04,2.5842,-2.2066,0,0
2024-01-03,sz.000034,29.06,29.23,28.13,28.6,18470635,527549121.56,3.358,-2.2222,0,0
2024-01-04,sz.000034,28.61,29.18,28.35,28.9,13524976,390262966.65,2.4588,1.049,0,0
2024-01-05,sz.000034,28.66,28.69,27.71,27.83,17702311,497856649.14,3.2183,-3.7024,0,0
2024-01-08,sz.000034,27.6,28.28,27.17,27.17,13276223,365621551.62,2.4136,-2.3715,0,0
2024-01-09,sz.000034,27.28,27.6,26.9,27.1,13336000,362796794.42,2.4245,-0.2576,0,0
2024-01-10,sz.000034,26.91,27.2,26.25,26.69,13441900,358790526.27,2.4437,-1.5129,0,0
2024-01-11,sz.000034,26.64,28.07,26.61,27.87,22881727,630828685.33,4.1599,4.4211,0,0
2024-01-12,sz.000034,27.73,27.86,27.21,27.23,14187620,389027437.02,2.5793,-2.2964,0,0
2024-01-15,sz.000034,27.01,27.35,26.68,26.91,9598145,259085989.81,1.7449,-1.1752,0,0
2024-01-16,sz.000034,26.86,26.91,26.07,26.65,14662929,387118980.89,2.6657,-0.9662,0,0
2024-01-17,sz.000034,26.49,26.84,25.96,26.0,10321255,273229749.15,1.8764,-2.439,0,0
2024-01-18,sz.000034,25.63,26.38,25.37,26.35,20209588,522474931.93,3.6741,1.3462,0,0
2024-01-19,sz.000034,26.35,27.15,26.09,26.53,19604836,522091143.02,3.5642,0.6831,0,0
2024-01-22,sz.000034,26.88,27.1,24.65,24.91,20525727,529676162.93,3.7316,-6.1063,0,0
2024-01-23,sz.000034,24.76,25.94,24.7,25.64,17899576,455541461.96,3.2542,2.9305,0,0
2024-01-24,sz.000034,25.68,25.88,24.58,25.49,17522889,440106422.84,3.1857,-0.585,0,0
2024-01-25,sz.000034,25.49,26.85,24.83,26.66,22744905,595267202.49,4.135,4.59,0,0
2024-01-26,sz.000034,26.47,26.55,25.78,25.87,17176206,448285796.66,3.1226,-2.9632,0,0
2024-01-29,sz.000034,26.3,27.0,25.3,25.42,19492907,508555598.82,3.5438,-1.7395,0,0
2024-01-30,sz.000034,25.0,25.54,24.36,24.4,12496165,311120522.23,2.2718,-4.0126,0,0
2024-01-31,sz.000034,24.29,24.35,22.86,22.93,21969362,515815957.47,3.994,-6.0246,0,0
2024-02-01,sz.000034,22.77,24.58,22.71,23.8,25863336,617439648.2,4.702,3.7942,0,0
2024-02-02,sz.000034,23.69,24.11,21.75,22.52,23001241,528087080.58,4.1794,-5.3782,0,0
2024-02-05,sz.000034,22.19,22.32,20.27,20.63,24851645,524157858.8,4.5156,-8.3925,0,0
2024-02-06,sz.000034,20.25,22.59,20.15,22.33,27707942,599719660.95,5.0346,8.2404,0,0
2024-02-07,sz.000034,22.4,23.94,22.33,23.42,28863787,675973414.46,5.2446,4.8813,0,0
2024-02-08,sz.000034,23.85,25.0,23.5,24.81,24601778,606167909.48,4.4702,5.9351,0,0
2024-02-19,sz.000034,26.56,26.81,25.46,26.79,33286853,874534296.93,6.0483,7.9807,0,0
2024-02-20,sz.000034,26.33,26.45,25.85,26.29,18449735,483895949.99,3.3523,-1.8664,0,0
2024-02-21,sz.000034,25.95,27.07,25.61,26.21,21488048,568093421.18,3.9044,-0.3043,0,0
2024-02-22,sz.000034,27.09,28.19,27.09,27.6,32306856,891787182.58,5.8702,5.3033,0,0
2024-02-23,sz.000034,28.45,29.2,28.22,28.65,30210995,864044512.6,5.4894,3.8043,0,0
2024-02-26,sz.000034,28.97,30.8,28.2,29.8,39861286,1182036082.63,7.2428,4.014,0,0
2024-02-27,sz.000034,29.32,31.95,29.2,31.5,40204427,1235151338.96,7.3052,5.7047,0,0
2024-02-28,sz.000034,31.47,32.08,29.28,29.35,46110973,1420965121.83,8.3784,-6.8254,0,0
2024-02-29,sz.000034,29.35,30.92,29.35,30.6,32963200,1001196751.1,5.9895,4.2589,0,0
2024-03-01,sz.000034,30.84,32.39,30.65,31.9,40653673,1287276529.56,7.3868,4.2484,0,0
2024-03-04,sz.000034,32.58,34.8,32.03,33.98,60726823,2024327832.14,11.0341,6.5204,0,0
2024-03-05,sz.000034,33.2,34.28,32.68,32.93,45302870,1511805207.46,8.2316,-3.0901,0,0
2024-03-06,sz.000034,32.72,33.21,32.28,32.73,31860771,1039377860.67,5.7891,-0.6073,0,0
2024-03-07,sz.000034,32.55,33.2,31.02,31.13,44809321,1430816629.17,8.1419,-4.8885,0,0
2024-03-08,sz.000034,31.5,32.28,30.86,32.07,31593112,1000506233.27,5.7405,3.0196,0,0
2024-03-11,sz.000034,31.58,34.1,31.28,33.9,41655893,1364996756.82,7.5689,5.7063,0,0
2024-03-12,sz.000034,33.5,33.6,32.01,32.29,44192636,1439274253.68,8.0299,-4.7493,0,0
2024-03-13,sz.000034,32.59,32.99,32.11,32.36,32691344,1065547579.25,5.9401,0.2168,0,0
2024-03-14,sz.000034,32.0,32.45,31.43,31.99,25241786,806360331.99,4.5865,-1.1434,0,0
2024-03-15,sz.000034,32.05,32.33,31.31,32.32,21639669,690093392.98,3.932,1.0316,0,0
2024-03-18,sz.000034,32.25,33.21,31.97,32.82,33562951,1095697697.45,6.0984,1.547,0,0
2024-03-19,sz.000034,32.5,33.31,32.31,32.56,24222839,793675161.86,4.4013,-0.7922,0,0
2024-03-20,sz.000034,32.53,33.36,32.35,32.66,25366872,832222518.1,4.6092,0.3071,0,0
2024-03-21,sz.000034,32.81,33.12,31.99,32.14,25009463,812262767.6,4.5443,-1.5922,0,0
2024-03-22,sz.000034,32.02,32.61,31.62,32.27,25169731,811299306.51,4.5734,0.4045,0,0
2024-03-25,sz.000034,32.57,33.73,32.26,32.3,43081316,1424833345.6,7.8279,0.093,0,0
2024-03-26,sz.000034,32.29,33.07,31.08,31.5,41992126,1345209319.73,7.63,-2.4768,0,0
2024-03-27,sz.000034,31.13,31.39,29.97,29.99,23322152,711569734.28,4.2377,-4.7937,0,0
2024-03-28,sz.000034,29.99,31.44,29.81,31.09,26655471,825286770.8,4.8433,3.6679,0,0
2024-03-29,sz.000034,30.51,30.51,28.66,29.52,47120155,1387426212.14,8.5649,-5.0499,0,0
2024-04-01,sz.000034,29.62,30.26,29.51,30.0,26541051,793909543.04,4.8243,1.626,0,0
2024-04-02,sz.000034,29.91,29.92,28.85,29.05,22389542,653054089.54,4.0697,-3.1667,0,0
2024-04-03,sz.000034,28.99,28.99,27.88,28.38,22993145,651643156.76,4.1794,-2.3064,0,0
2024-04-08,sz.000034,28.28,29.22,28.13,28.5,21124361,606247260.26,3.8397,0.4228,0,0
2024-04-09,sz.000034,28.5,28.72,27.89,28.17,15745621,442996078.35,2.862,-1.1579,0,0
2024-04-10,sz.000034,28.04,28.17,27.22,27.48,13962718,385508337.53,2.538,-2.4494,0,0
2024-04-11,sz.000034,27.3,28.37,27.22,27.81,21400987,597742487.9,3.89,1.2009,0,0
2024-04-12,sz.000034,28.1,28.94,28.0,28.31,23985266,684799980.89,4.3597,1.7979,0,0
2024-04-15,sz.000034,28.32,28.58,27.2,27.75,24376326,678083417.01,4.4308,-1.9781,0,0
2024-04-16,sz.000034,27.65,27.76,26.58,26.75,19747559,533527709.62,3.5895,-3.6036,0,0
2024-04-17,sz.000034,27.15,28.05,27.11,28.05,26487500,733957216.61,4.8146,4.8598,0,0
2024-04-18,sz.000034,27.7,28.45,27.21,27.78,23842039,663045743.28,4.3337,-0.9626,0,0
2024-04-19,sz.000034,27.63,27.95,27.1,27.38,15350659,422002691.43,2.7902,-1.4399,0,0
2024-04-22,sz.000034,26.59,27.2,25.69,26.91,16271178,435435400.42,2.9576,-1.7166,0,0
2024-04-23,sz.000034,27.22,27.67,26.71,26.96,11139002,300983016.36,2.0247,0.1858,0,0
2024-04-24,sz.000034,27.2,28.85,26.91,28.7,30190317,849953507.73,5.4876,6.454,0,0
2024-04-25,sz.000034,28.49,28.67,28.08,28.21,14139032,401055707.66,2.57,-1.7073,0,0
2024-04-26,sz.000034,28.63,30.38,28.63,30.15,37115685,1107735931.91,6.7464,6.877,0,0
2024-04-29,sz.000034,30.82,31.75,30.69,31.1,35471719,1108007212.11,6.4476,3.1509,0,0
2024-04-30,sz.000034,31.1,31.38,30.5,30.84,20665193,639019181.8,3.7563,-0.836,0,0
2024-05-06,sz.000034,31.19,31.72,30.51,30.7,24146580,749817109.29,4.3891,0.9868,0,0
2024-05-07,sz.000034,30.75,30.98,29.77,29.99,23283516,703382501.18,4.2322,-2.3127,0,0
2024-05-08,sz.000034,29.69,29.8,29.0,29.15,15814172,463199515.02,2.8745,-2.8009,0,0
2024-05-09,sz.000034,29.0,29.36,28.77,29.2,18723924,545059335.72,3.4034,0.1715,0,0
2024-05-10,sz.000034,29.2,29.2,28.27,28.46,16349021,466333367.39,2.9717,-2.5342,0,0
2024-05-13,sz.000034,28.15,28.33,27.67,28.14,15177079,425030789.41,2.7587,-1.1244,0,0
2024-05-14,sz.000034,28.28,29.02,28.27,28.92,19916954,571869994.87,3.6202,2.7719,0,0
2024-05-15,sz.000034,28.7,29.05,28.45,28.83,14264185,411053187.02,2.5928,-0.3112,0,0
2024-05-16,sz.000034,29.21,29.65,28.72,29.0,23686055,692117806.16,4.3053,0.5897,0,0
2024-05-17,sz.000034,29.55,30.56,29.18,30.4,42640888,1278806249.07,7.7507,4.8276,0,0
2024-05-20,sz.000034,30.0,30.98,29.66,30.8,32978381,1004926923.19,5.9944,1.3158,0,0
2024-05-21,sz.000034,30.75,31.37,30.25,30.32,20008953,613305418.37,3.637,-1.5584,0,0
2024-05-22,sz.000034,30.31,30.56,29.96,30.3,14344547,433721303.31,2.6074,-0.066,0,0
2024-05-23,sz.000034,30.68,31.2,30.01,30.05,21094055,642749167.38,3.8342,-0.8251,0,0
2024-05-24,sz.000034,29.99,30.45,29.2,29.28,17427785,517319815.61,3.1678,-2.5624,0,0
2024-05-27,sz.000034,29.2,29.97,29.17,29.63,16816495,497305901.2,3.0567,1.1954,0,0
2024-05-28,sz.000034,29.52,29.77,28.8,28.87,14031054,409686624.39,2.5504,-2.565,0,0
2024-05-29,sz.000034,28.81,29.1,28.52,28.82,9550106,275037623.17,1.7359,-0.1732,0,0
2024-05-30,sz.000034,28.66,28.95,28.25,28.75,8362221,239491446.7,1.52,-0.2429,0,0
2024-05-31,sz.000034,28.75,29.81,28.64,29.15,14977377,440258431.41,2.7224,1.3913,0,0
2024-06-03,sz.000034,29.16,29.89,28.8,29.59,17781458,524120215.4,3.2321,1.5094,0,0
2024-06-04,sz.000034,29.4,29.66,28.92,29.65,13260107,388665785.34,2.4103,0.2028,0,0
2024-06-05,sz.000034,29.41,29.83,29.2,29.25,12091984,357602593.84,2.1979,-1.3491,0,0
2024-06-06,sz.000034,29.39,29.94,29.1,29.72,19477405,577078032.29,3.5404,1.6068,0,0
2024-06-07,sz.000034,29.7,29.77,27.7,28.4,29807186,846077894.94,5.418,-4.4415,0,0
2024-06-11,sz.000034,28.0,28.54,27.9,28.39,14745749,415156419.86,2.6803,-0.0352,0,0
2024-06-12,sz.000034,28.24,28.96,28.18,28.4,13788185,394089843.5,2.5062,0.0352,0,0
2024-06-13,sz.000034,28.5,29.14,28.46,28.53,17576154,506143305.59,3.1948,0.4577,0,0
2024-06-14,sz.000034,28.3,28.48,27.15,27.4,38097095,1043973179.82,6.9248,-3.9607,0,0
2024-06-17,sz.000034,27.31,27.31,24.66,24.66,48992045,1229521382.99,8.9051,-10.0,0,1
2024-06-18,sz.000034,24.25,24.54,23.43,24.2,57431565,1383460062.58,10.4392,-1.8654,0,0
2024-06-19,sz.000034,24.2,24.38,23.78,23.81,28431360,682172085.03,5.1679,-1.6116,0,0
2024-06-20,sz.000034,23.66,23.76,22.8,23.0,30006926,694985320.29,5.4543,-3.4019,0,0
2024-06-21,sz.000034,22.89,23.22,22.7,23.04,17038497,392391137.73,3.097,0.1739,0,0
2024-06-24,sz.000034,22.82,23.47,22.48,22.56,23143828,533181318.02,4.2068,-2.0833,0,0
2024-06-25,sz.000034,22.55,22.69,21.65,21.92,21571593,475068345.4,3.921,-2.8369,0,0
2024-06-26,sz.000034,21.93,22.94,21.83,22.86,23490325,524749183.55,4.2698,4.2883,0,0
2024-06-27,sz.000034,22.87,22.87,22.2,22.22,17909165,402973869.65,3.2553,-2.7997,0,0
2024-06-28,sz.000034,22.75,23.38,22.64,22.89,30713237,707902631.51,5.5759,3.0153,0,0
2024-07-01,sz.000034,22.8,23.05,22.25,22.72,21050902,475024345.1,3.8217,-0.7427,0,0
2024-07-02,sz.000034,22.72,23.1,22.65,22.8,20310926,463512502.13,3.6874,0.3521,0,0
2024-07-03,sz.000034,22.7,22.71,22.3,22.37,14162244,317470254.11,2.5711,-1.886,0,0
2024-07-04,sz.000034,22.36,22.5,21.71,21.78,14057037,310145062.95,2.552,-2.6375,0,0
2024-07-05,sz.000034,21.7,22.15,21.56,22.0,13608663,297217972.93,2.4706,1.0101,0,0
2024-07-08,sz.000034,22.12,22.14,21.33,21.43,13887887,301040113.85,2.5213,-2.5909,0,0
2024-07-09,sz.000034,21.4,22.4,21.22,22.39,21468540,470775609.04,3.8975,4.4797,0,0
2024-07-10,sz.000034,22.27,22.83,22.16,22.43,17514099,394641374.36,3.1796,0.1787,0,0
2024-07-11,sz.000034,22.84,23.9,22.59,23.57,33558006,785108561.51,6.0924,5.0825,0,0
2024-07-12,sz.000034,23.25,23.31,22.91,23.03,18090616,416902625.0,3.2843,-2.291,0,0
2024-07-15,sz.000034,23.01,23.04,22.52,22.67,12860448,292784173.23,2.3348,-1.5632,0,0
2024-07-16,sz.000034,22.66,23.89,22.47,23.75,34162923,798229888.98,6.2022,4.764,0,0
2024-07-17,sz.000034,24.35,25.33,24.35,24.48,51387426,1277910866.5,9.3292,3.0737,0,0
2024-07-18,sz.000034,24.48,24.72,23.8,24.4,24349498,588333339.68,4.4206,-0.3268,0,0
2024-07-19,sz.000034,24.3,24.65,24.18,24.25,19364700,472233685.13,3.5156,-0.6148,0,0
2024-07-22,sz.000034,24.2,24.38,23.69,24.17,19171813,460632882.96,3.4806,-0.3299,0,0
2024-07-23,sz.000034,24.1,24.13,23.32,23.38,13328922,316831244.96,2.4198,-3.2685,0,0
2024-07-24,sz.000034,23.34,23.7,22.9,22.93,13222320,307642667.54,2.4005,-1.9247,0,0
2024-07-25,sz.000034,22.68,23.06,22.47,22.78,11992400,272658694.13,2.1772,-0.6542,0,0
2024-07-26,sz.000034,22.86,23.27,22.68,23.06,12315716,282767015.46,2.2359,1.2291,0,0
2024-07-29,sz.000034,23.07,23.29,22.58,22.93,11249481,257957134.67,2.0423,-0.5637,0,0
2024-07-30,sz.000034,22.9,22.98,22.15,22.75,15713838,354313275.68,2.8528,-0.785,0,0
2024-07-31,sz.000034,22.67,23.74,22.65,23.6,20745745,484992162.38,3.7663,3.7363,0,0
2024-08-01,sz.000034,23.61,23.94,23.35,23.51,15324056,361766205.85,2.782,-0.3814,0,0
2024-08-02,sz.000034,23.18,23.4,22.73,22.81,15329722,352929576.88,2.7831,-2.9775,0,0
2024-08-05,sz.000034,22.56,23.58,22.47,22.63,23785012,545410471.39,4.3181,-0.7891,0,0
2024-08-06,sz.000034,22.92,23.17,22.59,22.96,14364417,328120463.89,2.6078,1.4582,0,0
2024-08-07,sz.000034,23.99,24.0,23.25,23.32,28848307,680853070.75,5.2373,1.5679,0,0
2024-08-08,sz.000034,23.0,23.08,22.36,22.88,19747818,448139036.58,3.5852,-1.8868,0,0
2024-08-09,sz.000034,22.92,23.06,22.48,22.49,12101556,274800773.12,2.197,-1.7045,0,0
2024-08-12,sz.000034,22.32,22.46,22.09,22.27,7442428,165531246.2,1.3511,-0.9782,0,0
2024-08-13,sz.000034,22.23,22.46,21.91,22.34,8736400,193651490.0,1.5861,0.3143,0,0
2024-08-14,sz.000034,22.35,22.47,22.1,22.2,7295701,162341508.57,1.3245,-0.6267,0,0
2024-08-15,sz.000034,22.08,22.6,21.93,22.31,10839239,242357190.88,1.9678,0.4955,0,0
2024-08-16,sz.000034,22.39,23.07,22.33,22.81,18600250,422997786.38,3.3768,2.2411,0,0
2024-08-19,sz.000034,22.87,23.87,22.87,23.63,30349928,713478943.76,5.5099,3.5949,0,0
2024-08-20,sz.000034,23.5,23.5,22.79,22.92,19366782,445153836.71,3.516,-3.0047,0,0
2024-08-21,sz.000034,22.88,23.47,22.8,22.9,15316360,354031308.2,2.7806,-0.0873,0,0
2024-08-22,sz.000034,23.23,23.92,23.07,23.38,32009318,753269363.29,5.8112,2.0961,0,0
2024-08-23,sz.000034,23.02,24.99,22.95,24.52,53626233,1296212890.46,9.7357,4.876,0,0
2024-08-26,sz.000034,24.7,24.76,24.11,24.25,34958278,851514229.27,6.3466,-1.1011,0,0
2024-08-27,sz.000034,23.92,24.3,23.2,23.33,27317095,646075577.66,4.9593,-3.7938,0,0
2024-08-28,sz.000034,23.28,24.17,22.58,23.79,25835664,607789788.08,4.6904,1.9717,0,0
2024-08-29,sz.000034,23.5,24.08,23.43,23.79,23999893,571166030.1,4.3571,0.0,0,0
2024-08-30,sz.000034,23.75,24.89,23.68,24.59,37543384,922416091.57,6.8159,3.3628,0,0
2024-09-02,sz.000034,24.77,25.05,24.03,24.07,28651694,703166643.17,5.2046,-2.1147,0,0
2024-09-03,sz.000034,24.1,26.48,24.09,25.81,66284563,1695682429.68,12.0406,7.2289,0,0
2024-09-04,sz.000034,25.43,25.85,24.83,25.0,40867709,1031369646.55,7.4236,-3.1383,0,0
2024-09-05,sz.000034,25.45,25.54,24.97,25.12,28965828,730654829.95,5.2616,0.48,0,0
2024-09-06,sz.000034,25.02,25.12,24.47,24.58,21060838,520311742.78,3.8257,-2.1497,0,0
2024-09-09,sz.000034,24.3,24.7,24.17,24.3,14484078,353209464.56,2.631,-1.1391,0,0
2024-09-10,sz.000034,24.31,25.39,23.92,25.24,31615323,784368851.31,5.7429,3.8683,0,0
2024-09-11,sz.000034,25.01,25.12,24.45,24.67,18068885,446939196.09,3.2822,-2.2583,0,0
2024-09-12,sz.000034,24.8,24.94,24.35,24.37,14758535,363240882.77,2.6809,-1.2161,0,0
2024-09-13,sz.000034,24.38,24.61,23.73,23.96,18057761,435436307.95,3.2802,-1.6824,0,0
2024-09-18,sz.000034,23.8,24.18,23.19,23.65,16578647,390052953.75,3.0115,-1.2938,0,0
2024-09-19,sz.000034,23.86,24.31,23.42,24.15,17741272,425708421.44,3.2227,2.1142,0,0
2024-09-20,sz.000034,24.13,24.85,24.03,24.68,23526101,577637812.92,4.2735,2.1946,0,0
2024-09-23,sz.000034,24.75,25.18,24.35,24.42,23005796,568900218.76,4.179,-1.0535,0,0
2024-09-24,sz.000034,24.41,25.19,24.0,25.18,32390268,801340270.96,5.8837,3.1122,0,0
2024-09-25,sz.000034,25.34,25.96,25.02,25.03,33390786,851126332.61,6.0654,-0.5957,0,0
2024-09-26,sz.000034,25.07,25.97,24.93,25.97,28064324,715735950.52,5.0979,3.7555,0,0
2024-09-27,sz.000034,26.4,28.48,26.18,27.98,45193121,1235810815.45,8.2093,7.7397,0,0
2024-09-30,sz.000034,29.38,30.78,29.0,30.78,55978481,1683567700.43,10.1685,10.0071,1,0
2024-10-08,sz.000034,33.86,33.86,31.2,33.86,60379727,2013258517.8,10.968,10.0065,1,0
2024-10-09,sz.000034,33.7,35.0,32.01,33.0,68557973,2318305369.98,12.4451,-2.5399,0,0
2024-10-10,sz.000034,33.4,33.81,31.01,31.05,48070817,1538963442.5,8.7261,-5.9091,0,0
2024-10-11,sz.000034,30.7,31.27,29.03,29.56,34413986,1027147245.15,6.247,-4.7987,0,0
2024-10-14,sz.000034,29.79,30.93,29.25,30.93,32738575,987858753.08,5.9429,4.6346,0,0
2024-10-15,sz.000034,30.6,32.38,30.07,31.11,44414006,1390133828.93,8.0623,0.582,0,0
2024-10-16,sz.000034,30.16,31.36,30.04,30.76,22991514,705185969.0,4.1736,-1.125,0,0
2024-10-17,sz.000034,31.38,32.1,30.98,31.09,34694060,1096413650.49,6.2979,1.0728,0,0
2024-10-18,sz.000034,30.89,33.36,30.72,32.64,46101061,1484564025.98,8.3685,4.9855,0,0
2024-10-21,sz.000034,33.02,34.36,32.64,33.68,47532554,1601028000.95,8.6284,3.1863,0,0
2024-10-22,sz.000034,34.15,34.29,32.57,32.97,41617317,1390549166.68,7.5546,-2.1081,0,0
2024-10-23,sz.000034,32.98,33.26,32.2,32.4,30527573,1001309471.51,5.5416,-1.7288,0,0
2024-10-24,sz.000034,32.1,32.52,31.8,32.42,18971375,610470631.17,3.4438,0.0617,0,0
2024-10-25,sz.000034,32.45,32.79,32.03,32.4,20837762,674113365.98,3.7826,-0.0617,0,0
2024-10-28,sz.000034,32.2,32.29,31.72,32.09,19583440,626454601.99,3.5549,-0.9568,0,0
2024-10-29,sz.000034,32.17,33.24,31.86,32.24,30454676,989904992.4,5.5283,0.4674,0,0
2024-10-30,sz.000034,32.29,33.35,32.16,33.35,37996871,1248875242.84,6.8742,3.4429,0,0
2024-10-31,sz.000034,34.15,36.66,32.53,35.38,75638036,2633053467.65,13.684,6.087,0,0
2024-11-01,sz.000034,34.9,37.97,34.6,34.76,73205344,2646081947.28,13.2439,-1.7524,0,0
2024-11-04,sz.000034,34.24,36.49,34.06,36.0,47038170,1673623502.1,8.5099,3.5673,0,0
2024-11-05,sz.000034,36.0,37.24,35.31,37.14,53120889,1939590764.56,9.6103,3.1667,0,0
2024-11-06,sz.000034,37.4,37.4,35.8,36.17,48650030,1773797260.48,8.8015,-2.6117,0,0
2024-11-07,sz.000034,35.58,36.08,34.87,36.07,36570758,1294135798.29,6.6162,-0.2765,0,0
2024-11-08,sz.000034,36.38,38.92,36.18,37.43,57572081,2175644931.82,10.4156,3.7704,0,0
2024-11-11,sz.000034,37.64,41.08,37.02,39.82,59561641,2319155204.87,10.7756,6.3853,0,0
2024-11-12,sz.000034,39.38,39.43,37.47,38.2,45352454,1742666411.93,8.2049,-4.0683,0,0
2024-11-13,sz.000034,37.81,38.57,37.11,37.92,27627418,1043515664.92,4.9982,-0.733,0,0
2024-11-14,sz.000034,37.51,37.87,36.23,36.3,24201036,894320395.6,4.3783,-4.2722,0,0
2024-11-15,sz.000034,36.07,37.16,35.42,35.47,24669470,896594325.46,4.4631,-2.2865,0,0
2024-11-18,sz.000034,35.67,35.89,33.88,34.09,28830061,1003031854.55,5.2158,-3.8906,0,0
2024-11-19,sz.000034,34.3,35.23,33.78,35.07,22700431,782200660.92,4.1068,2.8747,0,0
2024-11-20,sz.000034,34.89,35.92,34.61,35.41,20968410,738069272.43,3.7935,0.9695,0,0
2024-11-21,sz.000034,35.11,35.74,34.78,35.28,16972758,598562894.77,3.0706,-0.3671,0,0
2024-11-22,sz.000034,35.09,35.92,33.6,33.67,26744015,931922804.14,4.8384,-4.5635,0,0
2024-11-25,sz.000034,33.55,33.9,31.82,32.61,27707745,902990774.56,5.0127,-3.1482,0,0
2024-11-26,sz.000034,32.37,33.24,32.37,32.46,14485993,474098949.26,2.6207,-0.46,0,0
2024-11-27,sz.000034,32.28,33.33,31.69,33.33,20676257,672811444.56,3.7406,2.6802,0,0
2024-11-28,sz.000034,33.55,34.18,33.31,33.34,20000929,673301127.12,3.6185,0.03,0,0
2024-11-29,sz.000034,33.27,34.31,32.9,33.99,22808412,770741875.92,4.1264,1.9496,0,0
2024-12-02,sz.000034,34.08,35.09,33.91,34.99,22646116,786283089.16,4.097,2.942,0,0
2024-12-03,sz.000034,34.9,35.2,34.09,34.65,16982569,588089893.3,3.0724,-0.9717,0,0
2024-12-04,sz.000034,34.7,34.77,33.63,33.82,15944610,543476588.2,2.8846,-2.3954,0,0
2024-12-05,sz.000034,33.7,34.34,33.64,34.01,13628164,464441169.85,2.4655,0.5618,0,0
2024-12-06,sz.000034,34.13,35.25,34.02,34.87,20198100,700798396.92,3.6541,2.5287,0,0
2024-12-09,sz.000034,34.86,35.5,34.5,35.18,17995873,629999643.79,3.2557,0.889,0,0
2024-12-10,sz.000034,36.0,36.13,34.7,34.89,22946400,816610600.0,4.1513,-0.8243,0,0
2024-12-11,sz.000034,34.7,35.78,34.56,35.47,17928552,633494887.79,3.2435,1.6624,0,0
2024-12-12,sz.000034,35.48,35.72,34.5,35.07,20152090,705241349.12,3.6458,-1.1277,0,0
2024-12-13,sz.000034,34.69,34.96,33.95,34.12,24988990,860381109.68,4.5209,-2.7089,0,0
2024-12-16,sz.000034,33.92,34.12,33.27,33.46,15617416,526151082.04,2.8254,-1.9343,0,0
2024-12-17,sz.000034,33.37,33.97,32.97,33.01,14210722,475121217.43,2.5709,-1.3449,0,0
2024-12-18,sz.000034,33.22,34.88,33.01,34.58,23370128,796781529.85,4.228,4.7561,0,0
2024-12-19,sz.000034,33.88,35.96,33.33,35.56,37437638,1308424874.72,6.773,2.834,0,0
2024-12-20,sz.000034,35.16,35.98,35.03,35.57,26579983,944946539.24,4.8087,0.0281,0,0
2024-12-23,sz.000034,35.57,36.05,34.61,34.75,20368450,716157190.12,3.6849,-2.3053,0,0
2024-12-24,sz.000034,34.9,35.48,34.56,35.24,18500429,647686731.21,3.347,1.4101,0,0
2024-12-25,sz.000034,35.23,35.36,34.1,34.61,18394461,638834079.64,3.3278,-1.7877,0,0
2024-12-26,sz.000034,34.4,36.29,34.33,36.12,35509306,1271921695.85,6.4241,4.3629,0,0
2024-12-27,sz.000034,36.02,36.34,35.21,35.53,29026488,1041314740.83,5.2513,-1.6334,0,0
2024-12-30,sz.000034,35.81,37.06,35.5,37.06,43378230,1591654264.51,7.8477,4.3062,0,0
2024-12-31,sz.000034,37.05,37.33,34.9,35.05,41523765,1497734746.87,7.5122,-5.4236,0,0
2025-01-02,sz.000034,34.8,34.83,32.12,33.0,32372412,1082523978.57,5.8566,-5.8488,0,0
2025-01-03,sz.000034,33.0,33.09,31.46,31.5,19651537,630874773.02,3.5556,-4.5455,0,0
2025-01-06,sz.000034,31.2,32.05,30.7,31.05,16372717,511035552.59,2.9623,-1.4286,0,0
2025-01-07,sz.000034,31.2,32.35,31.08,32.25,18101283,573386613.88,3.2751,3.8647,0,0
2025-01-08,sz.000034,31.86,32.0,30.25,31.4,20784007,648989283.68,3.7605,-2.6357,0,0
2025-01-09,sz.000034,31.13,32.11,31.05,31.5,14942053,474575587.02,2.7035,0.3185,0,0
2025-01-10,sz.000034,31.32,31.93,30.8,30.8,14739648,463056629.8,2.6669,-2.2222,0,0
2025-01-13,sz.000034,30.26,31.06,30.0,30.7,11371836,346838579.32,2.0575,-0.3247,0,0
2025-01-14,sz.000034,30.99,32.36,30.65,32.3,21347807,678759615.17,3.8625,5.2117,0,0
2025-01-15,sz.000034,32.3,32.76,32.01,32.24,17907108,580437909.01,3.24,-0.1858,0,0
2025-01-16,sz.000034,32.63,33.32,32.27,32.58,17151667,561767368.01,3.1033,1.0546,0,0
2025-01-17,sz.000034,32.58,32.8,32.07,32.51,12779248,414825699.09,2.3122,-0.2149,0,0
2025-01-20,sz.000034,32.75,32.95,32.42,32.56,12983688,424438171.23,2.3492,0.1538,0,0
2025-01-21,sz.000034,32.82,33.27,32.55,33.26,18250426,601619711.35,3.3021,2.1499,0,0
2025-01-22,sz.000034,33.35,33.6,33.02,33.22,15625551,520100505.84,2.8272,-0.1203,0,0
2025-01-23,sz.000034,33.55,34.01,32.66,32.66,19337500,645730659.36,3.4988,-1.6857,0,0
2025-01-24,sz.000034,32.57,33.64,32.56,33.58,20689052,687872876.39,3.7433,2.8169,0,0
2025-01-27,sz.000034,33.85,34.0,32.62,32.62,16307631,540729504.42,2.9506,-2.8588,0,0
2025-02-05,sz.000034,33.98,35.37,33.7,34.92,46324628,1612761512.28,8.3816,7.0509,0,0
2025-02-06,sz.000034,34.7,36.64,34.39,36.25,48833643,1745863046.4,8.8356,3.8087,0,0
2025-02-07,sz.000034,36.25,39.88,36.07,39.88,112206393,4356471671.24,20.3017,10.0138,1,0
2025-02-10,sz.000034,42.85,43.87,42.2,43.87,73804742,3218705918.01,13.3536,10.005,1,0
2025-02-11,sz.000034,43.87,46.49,43.35,43.7,164315314,7355762850.43,29.7299,-0.3875,0,0
2025-02-12,sz.000034,42.53,45.87,42.53,44.92,110889986,4960949259.95,20.0635,2.7918,0,0
2025-02-13,sz.000034,44.5,49.41,43.3,48.13,137881801,6374928611.34,24.9472,7.146,0,0
2025-02-14,sz.000034,47.08,52.94,46.28,52.94,80990584,4065225402.83,14.6538,9.9938,1,0
2025-02-17,sz.000034,58.23,58.23,53.77,54.22,161954075,9204308731.65,29.3027,2.4178,0,0
2025-02-18,sz.000034,52.8,59.0,52.28,56.7,144435785,8054843456.89,26.1331,4.574,0,0
2025-02-19,sz.000034,56.92,57.3,53.86,57.2,126659816,7013911956.26,22.5223,0.8818,0,0
2025-02-20,sz.000034,56.0,60.49,55.55,56.03,113441885,6546596705.93,20.1719,-2.0455,0,0
2025-02-21,sz.000034,57.0,60.42,54.12,57.06,139667527,7978250017.38,24.8353,1.8383,0,0
2025-02-24,sz.000034,56.0,59.85,54.76,57.85,110031674,6350832905.64,19.5655,1.3845,0,0
2025-02-25,sz.000034,54.7,57.95,52.11,53.7,105413434,5784826847.88,18.7443,-7.1737,0,0
2025-02-26,sz.000034,53.92,54.4,51.08,51.3,94815548,4934636504.74,16.8598,-4.4693,0,0
2025-02-27,sz.000034,51.29,51.6,47.86,48.76,97110714,4782832120.78,17.2679,-4.9513,0,0
2025-02-28,sz.000034,48.99,50.2,48.01,48.64,83716520,4114043455.69,14.8862,-0.2461,0,0
2025-03-03,sz.000034,49.32,49.67,46.82,47.89,62045724,2989596018.26,11.0328,-1.5419,0,0
2025-03-04,sz.000034,47.02,47.76,46.58,47.33,53549600,2525580258.48,9.522,-1.1693,0,0
2025-03-05,sz.000034,47.76,49.17,46.0,48.7,89078705,4248058719.54,15.8397,2.8946,0,0
2025-03-06,sz.000034,49.0,52.34,48.6,52.33,114425379,5773515318.93,20.3468,7.4538,0,0
2025-03-07,sz.000034,51.51,51.95,48.87,49.21,85800559,4335327519.43,15.2568,-5.9622,0,0
2025-03-10,sz.000034,48.03,48.46,46.79,47.43,54809642,2598902251.42,9.7461,-3.6172,0,0
2025-03-11,sz.000034,46.1,48.33,46.1,48.2,42803620,2031380065.75,7.6112,1.6234,0,0
2025-03-12,sz.000034,48.94,50.35,48.27,48.7,59722233,2945048643.15,10.6196,1.0373,0,0
2025-03-13,sz.000034,48.57,49.16,46.88,47.57,43362262,2079348297.11,7.7106,-2.3203,0,0
2025-03-14,sz.000034,47.1,48.35,46.66,48.0,38458720,1832553564.87,6.8386,0.9039,0,0
2025-03-17,sz.000034,48.03,48.89,47.0,48.29,32305676,1558558868.32,5.7445,0.6042,0,0
2025-03-18,sz.000034,48.6,49.29,47.84,48.19,34728843,1686504567.94,6.1754,-0.2071,0,0
2025-03-19,sz.000034,48.98,48.98,47.85,47.98,30537887,1475176855.16,5.4302,-0.4358,0,0
2025-03-20,sz.000034,47.5,49.04,46.8,47.35,36488317,1747375058.87,6.4882,-1.313,0,0
2025-03-21,sz.000034,46.8,46.86,44.95,45.07,47082990,2152420367.15,8.3722,-4.8152,0,0
2025-03-24,sz.000034,45.2,45.45,43.38,44.75,37932815,1682094464.12,6.7451,-0.71,0,0
2025-03-25,sz.000034,44.5,44.84,42.93,43.08,28884506,1262363440.24,5.1362,-3.7318,0,0
2025-03-26,sz.000034,43.08,43.9,42.94,43.05,21718007,938877734.11,3.6568,-0.0696,0,0
2025-03-27,sz.000034,43.1,43.97,42.8,43.18,26336243,1143746237.34,4.4344,0.302,0,0
2025-03-28,sz.000034,43.21,43.65,42.71,42.71,19078082,820899814.2,3.2123,-1.0885,0,0
2025-03-31,sz.000034,41.0,41.96,40.0,41.12,39547130,1612267301.45,6.6536,-3.7228,0,0
2025-04-01,sz.000034,41.45,41.8,40.47,40.51,21903116,895635118.73,3.6851,-1.4835,0,0
2025-04-02,sz.000034,40.85,40.93,40.26,40.43,15705609,636340548.54,2.6424,-0.1975,0,0
2025-04-03,sz.000034,40.0,41.5,39.93,40.39,27069394,1103564287.05,4.5543,-0.0989,0,0
2025-04-07,sz.000034,37.83,38.78,36.35,36.35,17729173,654868906.79,2.9829,-10.0025,0,1
2025-04-08,sz.000034,35.0,35.98,32.72,33.9,52655807,1784492270.75,8.8591,-6.74,0,0
2025-04-09,sz.000034,33.31,35.09,31.61,34.72,43574381,1475358592.79,7.3312,2.4189,0,0
2025-04-10,sz.000034,36.0,37.11,35.68,36.3,41773248,1522161256.24,7.0282,4.5507,0,0
2025-04-11,sz.000034,35.6,37.39,35.6,36.86,34063551,1247965800.8,5.7311,1.5427,0,0
2025-04-14,sz.000034,37.7,38.12,36.94,37.21,29864185,1120677607.09,5.0245,0.9495,0,0
2025-04-15,sz.000034,37.79,38.05,36.73,37.07,19623085,729588585.08,3.3015,-0.3762,0,0
2025-04-16,sz.000034,37.39,38.4,36.0,36.58,26425386,976952835.25,4.446,-1.3218,0,0
2025-04-17,sz.000034,36.12,37.95,36.12,36.9,32183544,1201998747.7,5.4148,0.8748,0,0
2025-04-18,sz.000034,36.64,37.94,36.58,37.15,24777337,924354972.08,4.1687,0.6775,0,0
2025-04-21,sz.000034,37.15,37.78,36.7,37.76,26228285,981385063.8,4.4128,1.642,0,0
2025-04-22,sz.000034,37.79,38.06,36.93,36.95,21392137,797341738.86,3.5991,-2.1451,0,0
2025-04-23,sz.000034,37.33,37.95,37.23,37.42,25980559,975743853.36,4.3711,1.272,0,0
2025-04-24,sz.000034,37.42,37.5,36.34,36.54,19542957,718918568.52,3.288,-2.3517,0,0
2025-04-25,sz.000034,36.6,37.79,36.56,37.24,25485782,950933442.41,4.2879,1.9157,0,0
2025-04-28,sz.000034,37.56,38.7,37.56,37.68,34069050,1293965741.12,5.732,1.1815,0,0
2025-04-29,sz.000034,37.69,39.2,37.4,38.41,41286544,1588915765.33,6.9463,1.9374,0,0
2025-04-30,sz.000034,38.7,41.5,38.03,40.75,62772319,2535844607.37,10.5612,6.0922,0,0
2025-05-06,sz.000034,41.8,43.07,41.2,42.72,62955666,2663727597.44,10.592,4.8344,0,0
2025-05-07,sz.000034,43.38,43.48,41.23,41.7,55864070,2345412070.58,9.3989,-2.3876,0,0
2025-05-08,sz.000034,41.48,43.11,41.43,42.28,41868166,1774582343.31,7.0441,1.3909,0,0
2025-05-09,sz.000034,42.0,42.12,41.0,41.08,30787231,1273786446.46,5.1798,-2.8382,0,0
2025-05-12,sz.000034,41.29,41.53,40.75,41.11,24882737,1020369431.77,4.1864,0.7104,0,0
2025-05-13,sz.000034,41.6,41.65,40.38,40.59,26496654,1083487592.67,4.458,-1.2649,0,0
2025-05-14,sz.000034,40.41,41.2,40.21,40.74,22726385,924338054.33,3.8236,0.3695,0,0
2025-05-15,sz.000034,40.72,40.73,39.19,39.21,22117280,875026911.33,3.7211,-3.7555,0,0
2025-05-16,sz.000034,39.0,39.58,38.82,39.19,15319032,602074144.6,2.5774,-0.051,0,0
2025-05-19,sz.000034,39.42,39.45,38.3,38.71,14977975,578816144.29,2.52,-1.2248,0,0
2025-05-20,sz.000034,38.77,39.16,38.22,38.81,15451367,598595856.4,2.5996,0.2583,0,0
2025-05-21,sz.000034,38.7,41.5,38.32,40.93,59622678,2406650828.99,10.0313,5.4625,0,0
2025-05-22,sz.000034,40.2,40.23,39.23,39.34,33326047,1323831610.54,5.607,-3.8847,0,0
2025-05-23,sz.000034,39.06,39.34,37.76,37.76,25099992,969067671.61,4.223,-4.0163,0,0
2025-05-26,sz.000034,38.0,38.7,37.76,38.16,16039802,611622195.24,2.6986,1.0593,0,0
2025-05-27,sz.000034,38.05,38.05,37.09,37.29,17105536,639342323.77,2.8779,-2.2799,0,0
2025-05-28,sz.000034,37.31,37.48,36.73,36.79,14714834,544373182.95,2.4757,-1.3408,0,0
2025-05-29,sz.000034,36.8,38.2,36.8,37.99,24587415,928142734.93,4.1367,3.2618,0,0
2025-05-30,sz.000034,37.89,37.89,36.89,37.09,15905845,591303758.33,2.6761,-2.369,0,0
2025-06-03,sz.000034,36.46,37.27,36.39,36.95,10020474,370944085.05,1.6859,-0.3775,0,0
2025-06-04,sz.000034,36.63,37.65,36.63,37.31,14399238,537570704.77,2.4226,0.9743,0,0
2025-06-05,sz.000034,37.37,38.39,37.15,38.29,26566910,1005805901.99,4.4698,2.6266,0,0
2025-06-06,sz.000034,38.2,38.49,37.8,38.11,16799273,639843971.9,2.8264,-0.4701,0,0
2025-06-09,sz.000034,38.18,38.5,38.05,38.29,14251115,545685091.14,2.3977,0.4723,0,0
2025-06-10,sz.000034,38.45,38.46,37.0,37.33,19718874,740972902.91,3.3176,-2.5072,0,0
2025-06-11,sz.000034,37.4,37.79,37.29,37.4,11373259,426565254.97,1.9135,0.1875,0,0
2025-06-12,sz.000034,37.16,37.59,37.01,37.17,11217955,418426416.45,1.8874,-0.615,0,0
2025-06-13,sz.000034,37.0,37.0,36.04,36.13,17600081,641056219.94,2.9611,-2.798,0,0
2025-06-16,sz.000034,35.99,36.55,35.85,36.33,10981472,398718621.37,1.8476,0.5536,0,0
2025-06-17,sz.000034,36.35,36.55,36.06,36.16,9877001,357702679.15,1.6618,-0.4679,0,0
2025-06-18,sz.000034,36.07,36.6,35.97,36.45,13060485,474106925.66,2.1974,0.802,0,0
2025-06-19,sz.000034,36.5,37.28,35.88,35.98,15912103,581272787.13,2.6771,-1.2894,0,0
2025-06-20,sz.000034,35.9,36.3,35.26,35.38,13075764,465724642.28,2.1999,-1.6676,0,0
2025-06-23,sz.000034,34.88,35.83,34.85,35.69,10746936,381231883.26,1.8081,0.8762,0,0
2025-06-24,sz.000034,35.91,36.86,35.9,36.78,19618137,717549960.99,3.3007,3.0541,0,0
2025-06-25,sz.000034,36.79,37.5,36.64,37.48,23332385,867090922.97,3.9256,1.9032,0,0
2025-06-26,sz.000034,37.5,38.19,37.33,37.34,24328157,916906597.46,4.0931,-0.3735,0,0
2025-06-27,sz.000034,37.67,37.9,37.22,37.49,19519102,734462295.24,3.284,0.4017,0,0
2025-06-30,sz.000034,37.52,37.8,37.48,37.64,15928900,599215998.95,2.68,0.4001,0,0
2025-07-01,sz.000034,37.58,37.58,36.79,37.1,17909763,664632679.56,3.0132,-1.4346,0,0
2025-07-02,sz.000034,37.0,37.06,36.05,36.23,15265612,556124153.28,2.5684,-2.345,0,0
2025-07-03,sz.000034,36.0,37.17,35.93,36.65,15252808,557958918.63,2.5662,1.1593,0,0
2025-07-04,sz.000034,36.66,37.08,36.42,36.5,15912839,584429734.59,2.6773,-0.4093,0,0
2025-07-07,sz.000034,36.4,36.5,36.02,36.05,10522324,380211890.31,1.7703,-1.2329,0,0
2025-07-08,sz.000034,36.05,37.38,36.03,36.87,21890428,806610989.29,3.683,2.2746,0,0
2025-07-09,sz.000034,36.89,37.04,36.54,36.68,12192782,448805496.54,2.0514,-0.5153,0,0
2025-07-10,sz.000034,36.66,37.15,36.52,36.88,14638089,539127148.08,2.4628,0.5453,0,0
2025-07-11,sz.000034,36.99,37.5,36.55,37.36,21297755,791684841.37,3.5833,1.3015,0,0
2025-07-14,sz.000034,37.4,37.49,36.95,37.12,12783259,474414136.76,2.1507,-0.6424,0,0
2025-07-15,sz.000034,37.12,38.54,37.03,38.36,45227573,1721218360.09,7.6094,3.3405,0,0
2025-07-16,sz.000034,38.88,39.27,38.22,38.43,39188908,1519168842.39,6.5934,0.1825,0,0
2025-07-17,sz.000034,38.22,39.44,38.08,39.34,36616830,1426100474.55,6.1606,2.3679,0,0
2025-07-18,sz.000034,39.18,39.45,38.81,39.05,27860294,1089178436.75,4.6874,-0.7372,0,0
2025-07-21,sz.000034,38.88,39.03,38.45,38.81,20414308,790347624.36,3.4346,-0.6146,0,0
2025-07-22,sz.000034,38.7,38.77,38.12,38.24,19447168,745248660.32,3.2719,-1.4687,0,0
2025-07-23,sz.000034,38.2,38.6,38.05,38.25,15439286,591360298.71,2.5976,0.0262,0,0
2025-07-24,sz.000034,38.3,38.62,38.12,38.62,16368921,627754182.93,2.754,0.9673,0,0
2025-07-25,sz.000034,38.97,39.77,38.74,39.76,38551327,1513628359.28,6.4861,2.9518,0,0
2025-07-28,sz.000034,40.98,40.98,39.31,39.42,40443689,1611969099.08,6.8045,-0.8551,0,0
2025-07-29,sz.000034,39.27,39.8,38.76,39.47,20495435,804006758.04,3.4483,0.1268,0,0
2025-07-30,sz.000034,39.38,39.4,38.44,38.6,19096263,742539116.67,3.2129,-2.2042,0,0
2025-07-31,sz.000034,38.5,42.46,38.5,41.4,106307133,4373533800.11,17.8857,7.2539,0,0
2025-08-01,sz.000034,41.08,41.08,39.59,40.35,65717641,2648654288.82,11.0567,-2.5362,0,0
2025-08-04,sz.000034,39.83,40.68,39.65,40.12,29352060,1171887190.21,4.9384,-0.57,0,0
2025-08-05,sz.000034,40.2,40.46,39.25,39.79,39754123,1576816341.63,6.6885,-0.8225,0,0
2025-08-06,sz.000034,39.6,41.23,39.49,41.02,52061916,2113002859.74,8.7592,3.0912,0,0
2025-08-07,sz.000034,41.3,41.56,40.75,40.93,44268574,1819797870.71,7.448,-0.2194,0,0
2025-08-08,sz.000034,40.75,40.93,39.65,39.67,34112671,1365205343.62,5.7393,-3.0784,0,0
2025-08-11,sz.000034,39.9,41.14,39.87,40.44,30748661,1245928410.99,5.1733,1.941,0,0
2025-08-12,sz.000034,40.46,40.99,39.84,40.84,35619306,1442847160.83,5.9928,0.9891,0,0
2025-08-13,sz.000034,40.92,41.68,40.55,41.48,45574014,1882923282.53,7.6676,1.5671,0,0
2025-08-14,sz.000034,41.49,42.88,41.23,41.5,58522657,2457661480.09,9.8462,0.0482,0,0
2025-08-15,sz.000034,41.1,42.29,40.94,42.15,42118076,1764458973.57,7.0862,1.5663,0,0
2025-08-18,sz.000034,42.94,45.07,42.17,44.24,69489675,3030033187.88,11.6914,4.9585,0,0
2025-08-19,sz.000034,44.33,46.6,43.67,44.67,72454448,3262510730.91,12.1902,0.972,0,0
2025-08-20,sz.000034,44.5,46.15,43.51,45.79,64682560,2898331667.39,10.8826,2.5073,0,0
2025-08-21,sz.000034,45.99,47.88,45.05,45.57,71165125,3291652622.75,11.9732,-0.4805,0,0
2025-08-22,sz.000034,46.42,47.59,46.15,47.42,72573297,3404051047.32,12.2102,4.0597,0,0
2025-08-25,sz.000034,48.05,49.4,46.34,47.19,79372683,3777382112.24,13.3541,-0.485,0,0
2025-08-26,sz.000034,47.28,49.3,47.28,48.48,73210652,3556485378.34,12.3174,2.7336,0,0
2025-08-27,sz.000034,48.6,49.38,47.43,47.43,69654125,3360148664.24,11.719,-2.1658,0,0
2025-08-28,sz.000034,46.08,46.66,44.3,46.14,84126493,3807814618.62,13.984,-2.7198,0,0
2025-08-29,sz.000034,45.88,45.88,44.61,44.84,47226830,2123036168.49,7.8503,-2.8175,0,0
2025-09-01,sz.000034,46.12,47.22,45.91,46.68,67812553,3160190339.63,11.2722,4.1035,0,0
2025-09-02,sz.000034,46.6,46.6,43.61,43.78,51191031,2285576707.1,8.5093,-6.2125,0,0
2025-09-03,sz.000034,44.21,44.55,42.52,42.63,30560605,1328645484.9,5.08,-2.6268,0,0
2025-09-04,sz.000034,42.98,43.19,40.2,41.18,34710148,1450454304.83,5.7697,-3.4014,0,0
2025-09-05,sz.000034,41.21,42.83,40.72,42.62,30259550,1265435221.19,5.0299,3.4968,0,0
2025-09-08,sz.000034,42.7,42.7,41.8,42.29,23582163,995362125.9,3.92,-0.7743,0,0
2025-09-09,sz.000034,42.1,42.11,41.0,41.09,19521061,809215758.93,3.2449,-2.8376,0,0
2025-09-10,sz.000034,41.92,42.85,41.3,42.09,26292904,1106035631.0,4.3706,2.4337,0,0
2025-09-11,sz.000034,46.15,46.2,43.86,44.76,74289998,3330406310.63,12.3489,6.3435,0,0
2025-09-12,sz.000034,44.33,45.45,43.86,43.88,53595240,2387763007.73,8.9089,-1.966,0,0
2025-09-15,sz.000034,43.18,44.25,42.95,43.44,28775875,1249787000.11,4.7833,-1.0027,0,0
2025-09-16,sz.000034,43.59,43.98,43.19,43.9,24465363,1069255626.93,4.0668,1.0589,0,0
2025-09-17,sz.000034,43.94,44.0,43.23,43.53,26879163,1171745064.12,4.468,-0.8428,0,0
2025-09-18,sz.000034,43.58,47.44,43.54,45.34,88759381,4030221149.96,14.7541,4.1581,0,0
2025-09-19,sz.000034,45.8,46.64,44.73,45.15,54948492,2511328141.04,9.1338,-0.4191,0,0
2025-09-22,sz.000034,45.66,46.08,44.84,45.62,43670054,1995950488.51,7.2591,1.041,0,0
2025-09-23,sz.000034,45.95,46.32,43.08,44.03,45801429,2033226732.98,7.6134,-3.4853,0,0
2025-09-24,sz.000034,43.5,45.87,43.1,45.08,38765419,1724009266.68,6.4438,2.3847,0,0
2025-09-25,sz.000034,45.11,47.29,45.11,46.64,67259766,3126177696.63,11.1803,3.4605,0,0
2025-09-26,sz.000034,46.01,46.15,44.65,44.65,40879615,1853572460.65,6.7952,-4.2667,0,0
2025-09-29,sz.000034,44.55,45.02,43.86,44.48,24315194,1080355455.29,4.0418,-0.3807,0,0
2025-09-30,sz.000034,44.86,45.36,44.63,44.85,24149457,1085671017.87,4.0143,0.8318,0,0
2025-10-09,sz.000034,45.12,46.23,44.81,46.06,38576870,1765069451.59,6.4125,2.6979,0,0
2025-10-10,sz.000034,45.65,45.65,43.75,43.86,33909933,1508650951.02,5.6367,-4.7764,0,0
2025-10-13,sz.000034,39.47,41.57,39.47,40.65,47548819,1929949457.03,7.9038,-7.3187,0,0
2025-10-14,sz.000034,40.94,41.09,38.57,38.6,38493728,1530417252.57,6.3986,-5.0431,0,0
2025-10-15,sz.000034,38.61,39.57,37.88,39.35,20159022,782933969.93,3.3509,1.943,0,0
2025-10-16,sz.000034,39.18,39.8,38.68,39.55,18518415,724695982.33,3.0782,0.5083,0,0
2025-10-17,sz.000034,39.29,39.29,37.68,37.83,17457635,670012495.94,2.9019,-4.3489,0,0
2025-10-20,sz.000034,38.5,38.77,37.9,38.18,11170964,428375861.11,1.8569,0.9252,0,0
2025-10-21,sz.000034,38.28,39.11,38.14,38.92,15533747,601991049.14,2.5821,1.9382,0,0
2025-10-22,sz.000034,38.72,39.5,38.46,39.12,14264199,557730572.08,2.3711,0.5139,0,0
2025-10-23,sz.000034,39.38,39.39,38.2,39.09,11500626,444911252.69,1.9117,-0.0767,0,0
2025-10-24,sz.000034,39.21,39.56,39.21,39.45,18498206,728499065.33,3.0749,0.921,0,0
2025-10-27,sz.000034,39.55,40.05,39.21,39.48,19376690,767058734.83,3.2209,0.076,0,0
2025-10-28,sz.000034,39.3,40.36,39.08,40.36,25364130,1009167057.11,4.2162,2.229,0,0
2025-10-29,sz.000034,40.37,44.4,40.33,42.95,90885002,3924683363.44,15.1074,6.4172,0,0
2025-10-30,sz.000034,42.02,42.07,40.6,41.14,57609093,2380952389.56,9.5257,-4.2142,0,0
2025-10-31,sz.000034,41.0,43.88,40.66,43.03,53719045,2287963528.29,8.8825,4.5941,0,0
2025-11-03,sz.000034,42.8,44.33,42.6,43.49,44137453,1921674599.08,7.2982,1.069,0,0
2025-11-04,sz.000034,43.23,43.59,41.81,42.07,31685074,1348595660.59,5.2392,-3.2651,0,0
2025-11-05,sz.000034,41.11,43.25,41.1,42.87,31870878,1349630096.82,5.2699,1.9016,0,0
2025-11-06,sz.000034,42.8,44.9,42.32,44.88,57700638,2526323687.65,9.5409,4.6886,0,0
2025-11-07,sz.000034,44.12,44.7,43.7,44.18,39900459,1759109021.95,6.5976,-1.5597,0,0
2025-11-10,sz.000034,45.01,46.8,44.17,44.9,51617903,2340507119.66,8.5351,1.6297,0,0
2025-11-11,sz.000034,44.85,46.18,43.4,45.05,64386170,2900359845.9,10.6463,0.3341,0,0
2025-11-12,sz.000034,44.41,44.6,43.0,44.19,42500738,1859049712.47,7.0275,-1.909,0,0
2025-11-13,sz.000034,43.84,44.43,42.72,43.38,34832658,1512523981.06,5.7596,-1.833,0,0
2025-11-14,sz.000034,43.21,44.95,42.86,43.66,35971620,1584015458.68,5.948,0.6455,0,0
2025-11-17,sz.000034,44.32,45.55,44.16,44.87,40895936,1834027424.74,6.7622,2.7714,0,0
2025-11-18,sz.000034,44.68,45.16,43.51,43.63,25663726,1136117105.07,4.2435,-2.7635,0,0
2025-11-19,sz.000034,43.83,43.94,42.02,42.35,21835664,933497811.19,3.6106,-2.9338,0,0
2025-11-20,sz.000034,42.8,43.27,41.85,42.04,16731776,707324964.51,2.7666,-0.732,0,0
2025-11-21,sz.000034,41.56,41.94,39.8,40.02,21552724,874663714.64,3.5638,-4.8049,0,0
2025-11-24,sz.000034,40.35,41.07,39.27,40.5,17496884,702875513.12,2.8931,1.1994,0,0
2025-11-25,sz.000034,40.75,41.73,40.25,40.31,18351167,751424291.55,3.0344,-0.4691,0,0
2025-11-26,sz.000034,40.19,41.3,39.91,39.99,19819861,804296804.02,3.2772,-0.7938,0,0
2025-11-27,sz.000034,40.39,40.59,39.45,39.53,19870189,794185073.05,3.2856,-1.1503,0,0
2025-11-28,sz.000034,39.46,39.83,39.21,39.72,12777661,505167408.52,2.1128,0.4806,0,0
2025-12-01,sz.000034,39.72,42.5,39.44,41.27,33730754,1390035410.16,5.5774,3.9023,0,0
2025-12-02,sz.000034,41.51,42.24,40.89,41.13,20725956,857823368.33,3.4271,-0.3392,0,0
2025-12-03,sz.000034,41.06,41.06,38.83,39.01,30321854,1200389006.16,5.0138,-5.1544,0,0
2025-12-04,sz.000034,38.88,39.1,38.35,39.1,12719437,493793110.01,2.1032,0.2307,0,0
2025-12-05,sz.000034,39.15,39.19,38.22,39.09,15259620,591207208.26,2.5232,-0.0256,0,0
2025-12-08,sz.000034,39.12,40.13,39.12,39.53,15679806,620113495.87,2.5927,1.1256,0,0
2025-12-09,sz.000034,40.12,41.0,39.33,39.41,17599538,703193499.47,2.9101,-0.3036,0,0
2025-12-10,sz.000034,39.01,39.39,38.65,39.2,12663830,493171635.54,2.094,-0.5329,0,0
2025-12-11,sz.000034,39.21,39.22,38.41,38.45,12066974,466803133.09,1.9953,-1.9133,0,0
2025-12-12,sz.000034,38.4,38.87,38.28,38.75,9595237,370813280.8,1.5866,0.7802,0,0
2025-12-15,sz.000034,38.38,38.66,38.05,38.11,9165717,350926949.71,1.5156,-1.6516,0,0
2025-12-16,sz.000034,38.09,38.09,36.79,37.0,13180792,490044903.13,2.1795,-2.9126,0,0
2025-12-17,sz.000034,37.03,37.89,36.75,37.69,10953749,408543338.87,1.8112,1.8649,0,0
2025-12-18,sz.000034,37.37,38.0,37.28,37.44,8089440,305025695.55,1.3376,-0.6633,0,0
2025-12-19,sz.000034,37.46,37.97,37.46,37.86,8013311,303005471.24,1.325,1.1218,0,0
2025-12-22,sz.000034,37.86,38.3,37.73,37.79,13999058,532034780.53,2.3148,-0.1849,0,0
2025-12-23,sz.000034,37.83,38.45,37.58,37.66,23301161,883647209.53,3.8529,-0.344,0,0
2025-12-24,sz.000034,37.68,38.29,37.54,38.22,14578332,553992034.5,2.4105,1.487,0,0
2025-12-25,sz.000034,38.08,38.65,38.0,38.45,13992186,537982510.81,2.3136,0.6018,0,0
2025-12-26,sz.000034,38.45,38.92,38.21,38.44,15646335,603910495.85,2.5871,-0.026,0,0
2025-12-29,sz.000034,40.21,40.88,38.99,39.24,31696622,1262696173.57,5.2411,2.0812,0,0
2025-12-30,sz.000034,39.19,40.15,39.0,39.28,17692419,698445013.24,2.9255,0.1019,0,0
2025-12-31,sz.000034,39.28,39.49,38.83,38.91,13694410,535005645.43,2.2644,-0.942,0,0
2026-01-05,sz.000034,39.0,39.58,38.82,39.57,16000432,629862368.82,2.6457,1.6962,0,0
2026-01-06,sz.000034,39.62,39.99,39.35,39.96,21162739,841114209.13,3.4993,0.9856,0,0
2026-01-07,sz.000034,40.1,40.18,39.44,39.57,19345710,768302956.91,3.1988,-0.976,0,0
2026-01-08,sz.000034,39.49,40.88,39.44,40.23,31635035,1275510984.57,5.2309,1.6679,0,0
2026-01-09,sz.000034,40.05,41.11,39.93,41.1,29186482,1186691631.75,4.826,2.1626,0,0
2026-01-12,sz.000034,41.4,42.48,41.12,42.4,41573744,1748826233.87,6.8743,3.163,0,0
2026-01-13,sz.000034,42.58,42.61,40.76,40.83,33021015,1371014069.73,5.4601,-3.7028,0,0
2026-01-14,sz.000034,41.35,42.68,41.08,41.88,39197756,1644135491.66,6.4814,2.5716,0,0
2026-01-15,sz.000034,42.06,42.58,41.4,41.72,26440577,1108231699.46,4.372,-0.382,0,0
2026-01-16,sz.000034,41.5,41.89,40.22,41.12,28737666,1179263476.2,4.7518,-1.4382,0,0
2026-01-19,sz.000034,40.86,41.08,40.22,40.39,19104645,774640845.24,3.159,-1.7753,0,0
2026-01-20,sz.000034,40.39,40.68,39.41,39.79,18408933,734644689.3,3.0439,-1.4855,0,0
2026-01-21,sz.000034,39.22,40.48,39.22,40.0,14831636,593507263.59,2.4524,0.5278,0,0
2026-01-22,sz.000034,40.5,41.95,40.3,40.62,24808192,1017635692.4,4.1021,1.55,0,0
2026-01-23,sz.000034,40.6,40.72,40.06,40.38,17962506,724111087.37,2.9701,-0.5908,0,0
2026-01-26,sz.000034,40.5,41.64,39.24,39.77,25664303,1034058760.53,4.2436,-1.5106,0,0
2026-01-27,sz.000034,39.77,40.07,38.58,39.44,20444024,798654120.21,3.3804,-0.8298,0,0
2026-01-28,sz.000034,40.04,40.8,39.75,39.8,27561456,1109739308.48,4.5573,0.9128,0,0
2026-01-29,sz.000034,39.46,40.1,38.5,38.84,20503692,805047549.93,3.3903,-2.4121,0,0
2026-01-30,sz.000034,38.6,39.2,37.71,38.04,17083470,653654615.31,2.8248,-2.0597,0,0
2026-02-02,sz.000034,37.88,38.2,36.72,36.75,18820417,704686625.55,3.112,-3.3912,0,0
2026-02-03,sz.000034,37.17,37.59,36.53,37.53,17853933,663476971.5,2.9522,2.1224,0,0
2026-02-04,sz.000034,37.22,37.22,36.21,36.73,18192618,666346037.5,3.0082,-2.1316,0,0
2026-02-05,sz.000034,36.49,36.49,35.86,35.96,13886016,501101216.41,2.2961,-2.0964,0,0
2026-02-06,sz.000034,35.6,36.36,35.28,35.85,11595868,416163689.28,1.9174,-0.3059,0,0
2026-02-09,sz.000034,36.44,36.93,36.36,36.89,15080798,552935589.8,2.4936,2.901,0,0
2026-02-10,sz.000034,37.1,38.25,37.0,37.7,21219249,801048568.33,3.5086,2.1957,0,0
2026-02-11,sz.000034,37.6,38.18,37.36,37.49,11801073,446055745.38,1.9513,-0.557,0,0
2026-02-12,sz.000034,37.85,38.47,37.68,38.23,19161212,730391677.86,3.1683,1.9739,0,0
2026-02-13,sz.000034,37.89,38.93,37.7,37.96,17144728,657067932.24,2.8349,-0.7063,0,0
2026-02-24,sz.000034,38.8,38.9,37.27,37.5,14268491,537140724.06,2.3593,-1.2118,0,0
2026-02-25,sz.000034,37.55,38.0,37.26,37.37,13390303,501734118.36,2.2141,-0.3467,0,0
2026-02-26,sz.000034,37.49,38.8,37.31,38.47,25911106,989064635.9,4.2844,2.9435,0,0
2026-02-27,sz.000034,38.1,41.97,38.02,40.63,63249061,2556253621.65,10.4583,5.6148,0,0
2026-03-02,sz.000034,39.99,41.15,39.67,39.89,33722363,1354540380.55,5.576,-1.8213,0,0
2026-03-03,sz.000034,39.87,40.14,37.61,37.71,32051340,1235232540.78,5.2997,-5.465,0,0
2026-03-04,sz.000034,37.5,38.75,37.32,37.56,20777672,790747047.34,3.4356,-0.3978,0,0
2026-03-05,sz.000034,38.5,38.58,37.33,37.59,19459235,736570595.46,3.2176,0.0799,0,0
2026-03-06,sz.000034,37.37,38.68,37.13,38.65,26933720,1024102470.47,4.4535,2.8199,0,0
2026-03-09,sz.000034,38.0,40.37,37.43,40.01,47096803,1830222663.43,7.7875,3.5188,0,0
2026-03-10,sz.000034,40.5,40.5,39.3,39.63,32287144,1284606355.5,5.3387,-0.9498,0,0
2026-03-11,sz.000034,39.9,40.28,39.25,39.33,31514971,1251016148.21,5.211,-0.757,0,0
2026-03-12,sz.000034,39.26,40.68,39.12,39.37,37224570,1485060044.85,6.1551,0.1017,0,0
2026-03-13,sz.000034,38.31,38.49,36.95,37.4,34412416,1292401039.12,5.6901,-5.0038,0,0
2026-03-16,sz.000034,37.2,37.38,36.31,36.91,19758456,724726795.44,3.2671,-1.3102,0,0
2026-03-17,sz.000034,37.17,37.38,35.9,35.92,17802165,649387580.55,2.9436,-2.6822,0,0
2026-03-18,sz.000034,36.2,37.9,35.88,37.8,26808618,991593413.46,4.4328,5.2339,0,0
2026-03-19,sz.000034,36.95,38.17,36.9,37.41,18929295,708757581.86,3.13,-1.0317,0,0
2026-03-20,sz.000034,37.45,37.66,35.52,35.61,25273818,915530219.47,4.1791,-4.8115,0,0
2026-03-23,sz.000034,34.7,35.16,32.81,33.02,22856243,773740148.26,3.7793,-7.2732,0,0
2026-03-24,sz.000034,33.55,33.79,32.42,33.63,14521055,481329997.06,2.4011,1.8474,0,0
2026-03-25,sz.000034,33.8,35.87,33.8,35.46,26667113,940319143.31,4.4094,5.4416,0,0
2026-03-26,sz.000034,35.3,35.47,33.73,33.93,17090140,588717674.53,2.8259,-4.3147,0,0
2026-03-27,sz.000034,33.38,35.05,33.22,34.82,12696028,433476802.06,2.0993,2.623,0,0
2026-03-30,sz.000034,34.04,35.14,33.19,34.81,15964904,545458861.62,2.6398,-0.0287,0,0
2026-03-31,sz.000034,34.54,34.65,33.36,33.37,16902420,572710144.0,2.7877,-4.1367,0,0
2026-04-01,sz.000034,34.0,34.37,33.79,34.11,14893696,507242843.93,2.4564,2.2176,0,0
2026-04-02,sz.000034,33.8,33.87,31.98,32.26,22862009,748567240.74,3.7706,-5.4236,0,0
2026-04-03,sz.000034,32.51,32.65,31.79,32.06,12196857,393016111.15,2.0116,-0.62,0,0
2026-04-07,sz.000034,32.03,32.71,31.8,32.02,9447800,304519968.84,1.5582,-0.1248,0,0
2026-04-08,sz.000034,32.96,34.15,32.87,34.08,22629889,758995842.48,3.7323,6.4335,0,0
2026-04-09,sz.000034,34.25,35.32,34.12,34.75,26347628,914185541.13,4.3455,1.966,0,0
2026-04-10,sz.000034,34.95,36.1,34.95,35.31,22798571,810517279.44,3.7602,1.6115,0,0
2026-04-13,sz.000034,34.7,35.64,34.68,34.98,12837583,450382923.08,2.1173,-0.9346,0,0
2026-04-14,sz.000034,35.65,35.85,35.0,35.32,13801661,489053395.42,2.2763,0.972,0,0
2026-04-15,sz.000034,35.43,35.5,34.78,34.9,14849306,521745607.67,2.4491,-1.1891,0,0
2026-04-16,sz.000034,34.92,36.1,34.9,35.93,21292206,759622950.97,3.5117,2.9513,0,0
2026-04-17,sz.000034,36.61,37.82,36.58,36.69,31093585,1154513792.82,5.1282,2.1152,0,0
2026-04-20,sz.000034,37.92,38.36,37.1,37.53,27852021,1053671101.37,4.5936,2.2895,0,0
2026-04-21,sz.000034,37.28,37.28,36.15,36.53,19369500,707304584.01,3.1946,-2.6645,0,0
2026-04-22,sz.000034,36.43,37.6,36.05,37.44,21432994,791626683.36,3.5349,2.4911,0,0
2026-04-23,sz.000034,37.12,37.56,36.5,36.69,16074984,593732983.25,2.6512,-2.0032,0,0
2026-04-24,sz.000034,36.88,38.5,35.59,37.53,39977960,1493038905.33,6.5935,2.2895,0,0
2026-04-27,sz.000034,38.0,38.0,35.87,36.85,29948230,1109589097.13,4.9393,-1.8119,0,0
2026-04-28,sz.000034,37.59,39.02,37.32,37.99,47906655,1828014844.28,7.9012,3.0936,0,0
2026-04-29,sz.000034,37.0,37.87,36.5,37.44,26446431,989173757.69,4.3618,-1.4477,0,0
2026-04-30,sz.000034,37.3,38.23,36.89,37.67,23413676,882477893.4,3.8616,0.6143,0,0
2026-05-06,sz.000034,38.12,40.28,38.12,39.43,45415713,1780574959.71,7.4904,4.6722,0,0
2026-05-07,sz.000034,39.83,42.3,39.48,41.4,62590060,2555167072.98,10.3229,4.9962,0,0
2026-05-08,sz.000034,41.0,41.05,39.94,40.02,37563566,1515576085.96,6.1953,-3.3333,0,0
2026-05-11,sz.000034,40.55,43.75,39.94,42.62,78462098,3302587929.82,12.9407,6.4968,0,0
2026-05-12,sz.000034,42.2,42.69,41.05,41.79,38841950,1622101641.21,6.4039,-1.9474,0,0
2026-05-13,sz.000034,41.1,43.19,40.16,42.84,39913018,1688870141.81,6.5805,2.5126,0,0
2026-05-14,sz.000034,43.1,43.12,40.4,40.9,43200192,1788845848.22,7.1225,-4.5285,0,0
2026-05-15,sz.000034,41.4,41.68,40.24,40.72,37614440,1539379952.1,6.2015,-0.4401,0,0
2026-05-18,sz.000034,41.1,42.2,40.31,41.57,38074270,1585198146.1,6.2773,2.0874,0,0
2026-05-19,sz.000034,29.6,31.1,29.24,30.96,70830918,2151989922.21,8.3414,4.4534,0,0
2026-05-20,sz.000034,30.96,31.34,29.75,30.19,61636752,1861858902.3,7.2587,-2.4871,0,0
2026-05-21,sz.000034,30.46,30.53,27.97,28.01,66852535,1951018775.31,7.8729,-7.2209,0,0
2026-05-22,sz.000034,28.3,29.25,27.87,29.07,49569857,1424713165.67,5.8376,3.7844,0,0
2026-05-25,sz.000034,29.5,29.8,28.88,29.52,56391143,1655234408.6,6.6409,1.548,0,0
2026-05-26,sz.000034,29.2,29.2,27.43,27.87,65632260,1844399259.19,7.7292,-5.5894,0,0
2026-05-27,sz.000034,27.57,27.83,25.82,25.88,56078778,1491687562.64,6.6041,-7.1403,0,0
2026-05-28,sz.000034,26.0,26.51,25.25,26.27,38977875,1008016569.97,4.5902,1.507,0,0
2026-05-29,sz.000034,27.5,28.32,25.61,25.84,60456327,1613709986.06,7.1196,-1.6368,0,0
2026-06-01,sz.000034,26.39,27.75,26.38,26.59,68965928,1868270184.52,8.1218,2.9025,0,0
2026-06-02,sz.000034,26.7,26.8,25.67,26.05,41445591,1080746865.93,4.8808,-2.0308,0,0
2026-06-03,sz.000034,25.73,26.8,25.35,25.58,49082603,1275812382.16,5.7802,-1.8042,0,0
2026-06-04,sz.000034,25.0,25.35,24.7,24.9,29884244,747154241.56,3.5193,-2.6583,0,0
2026-06-05,sz.000034,24.7,25.29,23.99,24.44,37071559,910994693.24,4.3657,-1.8474,0,0
2026-06-08,sz.000034,23.5,23.95,22.8,23.06,33238930,777777920.49,3.9144,-5.6465,0,0
2026-06-09,sz.000034,23.3,23.49,22.79,23.45,25109554,582078398.14,2.957,1.6912,0,0
2026-06-10,sz.000034,23.4,24.21,22.98,23.17,30767826,723422421.71,3.6234,-1.194,0,0
2026-06-11,sz.000034,23.08,23.08,22.05,22.15,29497126,660696588.77,3.4737,-4.4022,0,0
2026-06-12,sz.000034,22.65,22.86,22.25,22.33,25634565,576837092.97,3.0189,0.8126,0,0
2026-06-15,sz.000034,22.51,24.07,22.51,24.06,40499283,948370778.99,4.7694,7.7474,0,0
2026-06-16,sz.000034,23.84,26.47,23.75,26.47,66666833,1699013415.25,7.851,10.0166,1,0
2026-06-17,sz.000034,26.38,26.95,26.01,26.69,53351149,1414603047.95,6.2829,0.8311,0,0
2026-06-18,sz.000034,26.57,26.99,26.28,26.58,36914182,980767223.44,4.3472,-0.4121,0,0
2026-06-22,sz.000034,26.42,27.24,25.46,26.26,33700843,881936347.61,3.9688,-1.2039,0,0
2026-06-23,sz.000034,26.01,26.14,25.02,25.14,33092905,841749426.25,3.8972,-4.265,0,0
2026-06-24,sz.000034,25.0,25.58,24.46,25.4,30169330,753731376.24,3.5529,1.0342,0,0
2026-06-25,sz.000034,25.7,27.94,25.5,27.94,42980627,1189681396.64,5.0616,10.0,1,0
2026-06-26,sz.000034,27.45,28.21,26.41,26.62,85395165,2315682845.4,10.0566,-4.7244,0,0
