date,code,open,high,low,close,volume,amount,turnover,pct_change,is_limit_up,is_limit_down
2019-07-01,sz.000739,10.12,10.28,9.92,10.17,13241540,133788545.8,1.154627,3.458801,0,0
2019-07-02,sz.000739,10.23,10.53,10.13,10.51,17624706,183225933.25,1.536827,3.343168,0,0
2019-07-03,sz.000739,10.39,10.6,10.23,10.31,10746162,111585495.56,0.937037,-1.902948,0,0
2019-07-04,sz.000739,10.33,10.41,10.12,10.18,6962069,70992547.29,0.607074,-1.260913,0,0
2019-07-05,sz.000739,10.21,10.33,10.11,10.22,5753899,58736144.84,0.501725,0.392927,0,0
2019-07-08,sz.000739,10.19,10.19,9.81,9.91,9383328,92934993.64,0.818201,-3.033272,0,0
2019-07-09,sz.000739,9.93,10.06,9.84,9.88,6292438,62420621.3,0.548684,-0.302722,0,0
2019-07-10,sz.000739,9.91,9.96,9.74,9.79,6907413,67859443.15,0.602308,-0.910933,0,0
2019-07-11,sz.000739,9.72,9.96,9.66,9.72,7334640,71892938.85,0.639561,-0.715012,0,0
2019-07-12,sz.000739,9.81,9.86,9.63,9.68,6418190,62224699.67,0.559649,-0.411522,0,0
2019-07-15,sz.000739,9.7,9.89,9.55,9.86,7935245,77616089.6,0.691932,1.859497,0,0
2019-07-16,sz.000739,9.86,9.96,9.81,9.87,3446407,34068718.05,0.300517,0.101422,0,0
2019-07-17,sz.000739,9.83,9.83,9.66,9.73,5319430,51918844.0,0.46384,-1.418443,0,0
2019-07-18,sz.000739,9.73,9.74,9.46,9.46,5569606,53302944.43,0.485655,-2.774918,0,0
2019-07-19,sz.000739,9.55,9.73,9.46,9.64,4930246,47415637.85,0.429904,1.902752,0,0
2019-07-22,sz.000739,9.65,9.65,9.34,9.36,4570563,43089457.47,0.398541,-2.904571,0,0
2019-07-23,sz.000739,9.42,9.53,9.37,9.47,3215325,30430165.36,0.280368,1.17522,0,0
2019-07-24,sz.000739,9.51,9.64,9.43,9.62,3929546,37685652.88,0.342646,1.583945,0,0
2019-07-25,sz.000739,9.54,9.62,9.36,9.38,8440290,79441522.34,0.735971,-2.4948,0,0
2019-07-26,sz.000739,9.4,9.56,9.38,9.48,5528298,52459069.46,0.4821,1.0661,0,0
2019-07-29,sz.000739,9.58,9.68,9.48,9.62,4795776,46031183.58,0.418179,1.476797,0,0
2019-07-30,sz.000739,9.78,10.28,9.74,10.14,18797913,189801992.61,1.6391,5.4054,0,0
2019-07-31,sz.000739,10.2,10.23,10.09,10.15,9672497,98149732.64,0.8434,0.0986,0,0
2019-08-01,sz.000739,10.12,10.29,9.96,10.13,10400605,105579793.24,0.9069,-0.197,0,0
2019-08-02,sz.000739,10.03,10.54,10.0,10.3,17317155,179016606.33,1.51,1.6782,0,0
2019-08-05,sz.000739,10.35,10.42,10.16,10.19,9405588,96764060.69,0.8201,-1.068,0,0
2019-08-06,sz.000739,10.02,10.43,9.93,10.38,11379138,116303298.53,0.9922,1.8646,0,0
2019-08-07,sz.000739,10.32,10.46,10.06,10.33,10151028,104012250.47,0.8851,-0.4817,0,0
2019-08-08,sz.000739,10.31,10.68,10.29,10.59,12665439,133869248.73,1.1044,2.5169,0,0
2019-08-09,sz.000739,10.59,10.74,10.37,10.37,9645810,101652435.8,0.8411,-2.0774,0,0
2019-08-12,sz.000739,10.37,10.57,10.34,10.52,7233061,75832654.9,0.6307,1.4465,0,0
2019-08-13,sz.000739,10.5,10.77,10.45,10.73,8191699,87281983.04,0.7143,1.9962,0,0
2019-08-14,sz.000739,10.8,11.03,10.74,11.0,9882877,107850353.57,0.8618,2.5163,0,0
2019-08-15,sz.000739,10.8,11.22,10.77,11.2,10805131,119366755.37,0.9422,1.8182,0,0
2019-08-16,sz.000739,11.37,11.45,10.83,10.89,19708695,218231744.66,1.7185,-2.7679,0,0
2019-08-19,sz.000739,10.99,11.65,10.98,11.49,20057573,228083824.25,1.749,5.5096,0,0
2019-08-20,sz.000739,11.5,11.61,11.35,11.48,12761000,146608230.52,1.1127,-0.087,0,0
2019-08-21,sz.000739,11.36,11.37,10.76,10.9,22657950,248838159.6,1.9757,-5.0523,0,0
2019-08-22,sz.000739,11.05,11.14,10.86,10.96,11971220,131421053.81,1.0439,0.5505,0,0
2019-08-23,sz.000739,10.85,10.96,10.43,10.83,20214320,216434767.62,1.7626,-1.1861,0,0
2019-08-26,sz.000739,10.55,10.94,10.51,10.86,11905298,127927082.08,1.0381,0.277,0,0
2019-08-27,sz.000739,10.86,11.2,10.85,11.15,12355727,136648214.54,1.0774,2.6703,0,0
2019-08-28,sz.000739,11.02,11.21,10.76,10.97,11306038,124044067.77,0.9859,-1.6143,0,0
2019-08-29,sz.000739,11.08,11.1,10.91,10.97,4727521,51952385.67,0.4122,0.0,0,0
2019-08-30,sz.000739,10.96,11.05,10.8,10.8,5929613,64837342.3,0.517,-1.5497,0,0
2019-09-02,sz.000739,10.76,11.19,10.75,11.06,9166059,101526291.22,0.7993,2.4074,0,0
2019-09-03,sz.000739,11.17,11.34,10.94,11.28,8164741,91155796.01,0.7119,1.9891,0,0
2019-09-04,sz.000739,11.23,11.55,11.09,11.5,11967732,136402898.67,1.0436,1.9504,0,0
2019-09-05,sz.000739,11.45,11.85,11.3,11.52,14658444,169847167.97,1.2782,0.1739,0,0
2019-09-06,sz.000739,11.55,11.77,11.43,11.66,8821270,102424361.24,0.7692,1.2153,0,0
2019-09-09,sz.000739,11.91,12.25,11.7,12.2,21243872,256781916.57,1.8524,4.6312,0,0
2019-09-10,sz.000739,12.19,12.56,11.98,12.22,12854547,157972443.34,1.1209,0.1639,0,0
2019-09-11,sz.000739,12.45,12.51,12.07,12.34,10415446,127608961.25,0.9082,0.982,0,0
2019-09-12,sz.000739,12.24,12.29,11.94,12.14,8983411,108687002.31,0.7833,-1.6207,0,0
2019-09-16,sz.000739,12.19,12.26,11.99,12.05,5964223,72297997.76,0.5201,-0.7414,0,0
2019-09-17,sz.000739,12.1,12.5,12.02,12.09,14150460,173015418.05,1.2339,0.3319,0,0
2019-09-18,sz.000739,11.9,12.38,11.86,12.32,8889899,108436064.83,0.7752,1.9024,0,0
2019-09-19,sz.000739,12.28,12.32,11.74,11.9,11299828,134939778.87,0.9853,-3.4091,0,0
2019-09-20,sz.000739,11.94,12.94,11.92,12.4,27470256,344665478.32,2.3953,4.2017,0,0
2019-09-23,sz.000739,12.54,12.59,11.7,11.95,21977147,263803872.82,1.9163,-3.629,0,0
2019-09-24,sz.000739,11.9,11.95,11.73,11.75,11311573,133783997.21,0.9863,-1.6736,0,0
2019-09-25,sz.000739,11.86,12.54,11.86,12.25,18471103,226201402.37,1.6106,4.2553,0,0
2019-09-26,sz.000739,12.29,12.35,11.26,11.77,22076226,259191478.01,1.925,-3.9184,0,0
2019-09-27,sz.000739,12.27,12.47,11.86,12.35,19941343,243963308.76,1.7388,4.9278,0,0
2019-09-30,sz.000739,12.4,12.41,11.8,11.83,11309488,135274198.02,0.9862,-4.2105,0,0
2019-10-08,sz.000739,11.8,12.13,11.78,11.94,7632600,91665094.11,0.6655,0.9298,0,0
2019-10-09,sz.000739,11.95,12.64,11.77,12.64,17653873,218924284.13,1.5394,5.8627,0,0
2019-10-10,sz.000739,12.79,12.89,12.41,12.89,14230769,180688805.7,1.2409,1.9778,0,0
2019-10-11,sz.000739,12.88,13.36,12.65,12.95,12448965,161591934.22,1.0855,0.4655,0,0
2019-10-14,sz.000739,12.97,13.28,12.84,12.96,9086986,118557426.07,0.7924,0.0772,0,0
2019-10-15,sz.000739,13.1,13.5,12.94,13.17,12931256,170910431.1,1.1276,1.6204,0,0
2019-10-16,sz.000739,13.17,13.35,12.89,12.91,12757588,166442540.71,1.1124,-1.9742,0,0
2019-10-17,sz.000739,12.99,13.17,12.82,12.91,9951488,128678051.66,0.8677,0.0,0,0
2019-10-18,sz.000739,12.95,13.88,12.91,13.53,24031291,324844209.12,2.0955,4.8025,0,0
2019-10-21,sz.000739,13.53,13.86,12.65,13.05,23476490,307857902.29,2.0471,-3.5477,0,0
2019-10-22,sz.000739,13.0,13.06,12.72,13.05,13630158,175779640.21,1.1885,0.0,0,0
2019-10-23,sz.000739,13.01,13.02,12.51,12.64,15066917,190632357.59,1.3138,-3.1418,0,0
2019-10-24,sz.000739,12.57,12.72,12.31,12.41,9885430,123349382.97,0.862,-1.8196,0,0
2019-10-25,sz.000739,12.53,12.64,12.11,12.62,9517472,118209525.14,0.8299,1.6922,0,0
2019-10-28,sz.000739,12.54,13.05,12.14,12.92,19089159,240585677.46,1.6645,2.3772,0,0
2019-10-29,sz.000739,12.79,12.95,12.61,12.85,7269694,93259722.51,0.6339,-0.5418,0,0
2019-10-30,sz.000739,12.85,12.85,12.62,12.74,5086769,64804014.28,0.4436,-0.856,0,0
2019-10-31,sz.000739,12.78,13.18,12.74,13.04,10497257,136582253.08,0.9153,2.3548,0,0
2019-11-01,sz.000739,12.9,13.04,12.75,12.92,8649340,111458811.97,0.7542,-0.9202,0,0
2019-11-04,sz.000739,12.92,13.13,12.84,13.1,9072484,117922616.86,0.7911,1.3932,0,0
2019-11-05,sz.000739,13.08,13.08,12.67,12.76,12694254,162858539.66,1.1069,-2.5954,0,0
2019-11-06,sz.000739,12.6,12.63,12.17,12.23,14592576,180394138.78,1.2724,-4.1536,0,0
2019-11-07,sz.000739,12.31,13.09,12.24,12.98,23818931,306199100.66,2.0769,6.1325,0,0
2019-11-08,sz.000739,13.12,13.31,12.57,12.65,16520552,211633876.39,1.4405,-2.5424,0,0
2019-11-11,sz.000739,12.6,12.6,11.83,12.13,14598963,177790975.07,1.273,-4.1107,0,0
2019-11-12,sz.000739,12.22,12.29,11.7,11.82,12418358,147691078.21,1.0828,-2.5557,0,0
2019-11-13,sz.000739,11.82,12.06,11.75,11.83,6410962,75914067.15,0.559,0.0846,0,0
2019-11-14,sz.000739,11.82,12.3,11.81,12.29,10359944,125024837.14,0.9034,3.8884,0,0
2019-11-15,sz.000739,12.22,12.7,12.09,12.47,13129397,164111789.91,1.1448,1.4646,0,0
2019-11-18,sz.000739,12.47,12.65,12.2,12.34,10157446,125558550.08,0.8857,-1.0425,0,0
2019-11-19,sz.000739,12.35,12.65,12.23,12.53,8622360,107937560.11,0.7518,1.5397,0,0
2019-11-20,sz.000739,12.62,12.75,12.37,12.57,9273612,116505840.75,0.8086,0.3192,0,0
2019-11-21,sz.000739,12.65,12.68,12.4,12.65,5223019,65683179.85,0.4554,0.6364,0,0
2019-11-22,sz.000739,12.72,12.85,12.35,12.4,8478030,106536405.43,0.7393,-1.9763,0,0
2019-11-25,sz.000739,12.44,12.74,11.9,12.72,11666096,144672905.88,1.0173,2.5807,0,0
2019-11-26,sz.000739,12.58,12.91,12.35,12.89,12687781,161125851.63,1.1063,1.3365,0,0
2019-11-27,sz.000739,12.75,13.11,12.66,13.08,10697454,138576162.21,0.9328,1.474,0,0
2019-11-28,sz.000739,13.11,13.9,13.05,13.62,22881200,311173906.32,1.9952,4.1284,0,0
2019-11-29,sz.000739,13.81,14.05,13.21,13.69,19370833,264462867.38,1.6891,0.5139,0,0
2019-12-02,sz.000739,13.68,13.95,13.39,13.57,14729020,200879940.78,1.2843,-0.8766,0,0
2019-12-03,sz.000739,13.6,13.69,13.3,13.43,10786501,145055565.76,0.9406,-1.0317,0,0
2019-12-04,sz.000739,13.61,13.61,13.27,13.35,7424049,99364798.94,0.6474,-0.5957,0,0
2019-12-05,sz.000739,13.43,13.95,13.42,13.59,12346089,168899732.51,1.0765,1.7978,0,0
2019-12-06,sz.000739,13.48,13.69,13.35,13.42,8966038,120523841.8,0.7818,-1.2509,0,0
2019-12-09,sz.000739,13.49,13.53,13.0,13.11,13629308,179330099.6,1.1884,-2.31,0,0
2019-12-10,sz.000739,13.14,13.19,12.92,13.02,10327688,134443971.07,0.9005,-0.6865,0,0
2019-12-11,sz.000739,13.04,13.1,12.9,12.98,8290923,107750724.59,0.7229,-0.3072,0,0
2019-12-12,sz.000739,13.09,13.25,12.95,13.2,9128648,119804337.05,0.796,1.6949,0,0
2019-12-13,sz.000739,13.28,13.8,13.1,13.74,17443766,235130911.4,1.521,4.0909,0,0
2019-12-16,sz.000739,13.73,13.8,13.44,13.68,17580270,239149868.14,1.533,-0.4367,0,0
2019-12-17,sz.000739,13.56,13.61,13.3,13.59,15014883,202015621.87,1.3093,-0.6579,0,0
2019-12-18,sz.000739,13.45,13.49,13.28,13.33,9304670,124336466.17,0.8113,-1.9132,0,0
2019-12-19,sz.000739,13.42,13.42,13.05,13.09,8572367,112767442.76,0.7475,-1.8004,0,0
2019-12-20,sz.000739,13.1,13.23,12.76,12.87,10428661,135197251.37,0.9094,-1.6807,0,0
2019-12-23,sz.000739,12.86,12.94,12.6,12.66,6856227,87487403.26,0.5978,-1.6317,0,0
2019-12-24,sz.000739,12.68,12.82,12.61,12.79,4374962,55594346.29,0.3815,1.0269,0,0
2019-12-25,sz.000739,12.77,12.89,12.59,12.85,8469978,107631199.81,0.7386,0.4691,0,0
2019-12-26,sz.000739,12.78,13.3,12.73,13.25,12407399,162491861.33,1.0819,3.1128,0,0
2019-12-27,sz.000739,13.3,13.3,12.82,13.06,8050152,105057237.14,0.702,-1.434,0,0
2019-12-30,sz.000739,12.94,12.94,12.4,12.48,16225795,204028793.64,1.4148,-4.441,0,0
2019-12-31,sz.000739,12.47,13.03,12.47,12.97,15493759,199184372.29,1.351,3.9263,0,0
2020-01-02,sz.000739,13.04,13.28,12.71,13.19,16234754,211604943.61,1.4156,1.6962,0,0
2020-01-03,sz.000739,13.19,13.3,13.0,13.01,6771950,88898541.04,0.5905,-1.3647,0,0
2020-01-06,sz.000739,13.0,13.0,12.61,12.65,14675463,186452970.04,1.2797,-2.7671,0,0
2020-01-07,sz.000739,12.8,13.66,12.75,13.42,32430996,432163441.75,2.8279,6.087,0,0
2020-01-08,sz.000739,13.42,13.46,13.1,13.25,15354850,203619245.33,1.3389,-1.2668,0,0
2020-01-09,sz.000739,13.29,13.66,13.29,13.66,14570974,197071263.85,1.2706,3.0943,0,0
2020-01-10,sz.000739,13.78,13.88,13.5,13.65,10937541,149439760.93,0.9537,-0.0732,0,0
2020-01-13,sz.000739,13.7,13.94,13.7,13.81,10750364,148414848.69,0.9374,1.1722,0,0
2020-01-14,sz.000739,13.81,13.89,13.6,13.62,6067201,83102570.09,0.529,-1.3758,0,0
2020-01-15,sz.000739,13.63,14.12,13.53,13.99,14439073,200815553.49,1.259,2.7166,0,0
2020-01-16,sz.000739,14.02,14.5,13.8,14.41,14789312,210933865.77,1.2896,3.0021,0,0
2020-01-17,sz.000739,14.41,14.64,14.18,14.45,15685114,226459815.22,1.3677,0.2776,0,0
2020-01-20,sz.000739,14.75,15.3,14.36,14.81,19750849,291118183.55,1.7222,2.4914,0,0
2020-01-21,sz.000739,15.19,16.16,15.17,15.89,36794920,575566090.04,3.2084,7.2924,0,0
2020-01-22,sz.000739,16.23,16.27,15.0,15.25,24388200,372945854.78,2.1266,-4.0277,0,0
2020-01-23,sz.000739,15.22,15.51,14.2,14.5,19053421,281555103.64,1.6614,-4.918,0,0
2020-02-03,sz.000739,13.05,15.19,13.05,13.47,32076733,449878769.71,2.797,-7.1034,0,0
2020-02-04,sz.000739,13.67,14.17,13.25,14.03,28424352,392918212.4,2.4785,4.1574,0,0
2020-02-05,sz.000739,14.03,15.1,13.78,15.1,33676553,494844200.96,2.9365,7.6265,0,0
2020-02-06,sz.000739,14.8,16.45,14.75,15.9,38693134,609820287.46,3.3739,5.298,0,0
2020-02-07,sz.000739,16.6,17.38,15.6,16.12,45632053,751804039.08,3.979,1.3837,0,0
2020-02-10,sz.000739,16.08,16.08,14.7,15.06,31660884,480277260.79,2.7607,-6.5757,0,0
2020-02-11,sz.000739,14.93,15.41,14.65,15.21,25376786,380572950.47,2.2128,0.996,0,0
2020-02-12,sz.000739,15.13,15.3,14.86,15.14,18674450,282136465.44,1.6284,-0.4602,0,0
2020-02-13,sz.000739,15.0,15.06,14.43,14.44,21443672,313928431.49,1.8698,-4.6235,0,0
2020-02-14,sz.000739,14.6,14.68,14.19,14.31,13432369,193614005.91,1.1713,-0.9003,0,0
2020-02-17,sz.000739,14.3,14.98,14.2,14.86,20900844,304142777.73,1.8225,3.8435,0,0
2020-02-18,sz.000739,15.07,15.19,14.49,14.79,16794496,247536047.13,1.4644,-0.4711,0,0
2020-02-19,sz.000739,14.86,14.86,14.35,14.39,12052098,174423303.42,1.0509,-2.7045,0,0
2020-02-20,sz.000739,14.39,14.68,14.25,14.58,11767035,170064237.92,1.0261,1.3204,0,0
2020-02-21,sz.000739,14.65,15.45,14.5,15.38,24024586,363217815.85,2.0949,5.487,0,0
2020-02-24,sz.000739,15.45,15.92,15.39,15.8,23522636,368884745.72,2.0511,2.7308,0,0
2020-02-25,sz.000739,15.41,16.54,15.37,16.47,28495967,460747280.73,2.4848,4.2405,0,0
2020-02-26,sz.000739,16.3,16.37,15.53,15.64,23391712,371770423.53,2.0397,-5.0395,0,0
2020-02-27,sz.000739,15.77,16.23,15.6,15.9,15485673,247914846.43,1.3503,1.6624,0,0
2020-02-28,sz.000739,15.96,16.32,15.42,15.73,19277755,307939064.53,1.681,-1.0692,0,0
2020-03-02,sz.000739,16.07,16.89,16.0,16.88,19812970,328812942.29,1.7276,7.3109,0,0
2020-03-03,sz.000739,17.14,17.98,16.8,17.03,27252145,473179789.54,2.3763,0.8886,0,0
2020-03-04,sz.000739,16.95,17.73,16.95,17.46,19162912,333022134.36,1.671,2.5249,0,0
2020-03-05,sz.000739,17.75,18.4,17.34,18.0,20635769,372954210.5,1.7994,3.0928,0,0
2020-03-06,sz.000739,17.98,18.59,17.5,17.69,19672268,352424666.32,1.7154,-1.7222,0,0
2020-03-09,sz.000739,17.59,18.41,17.21,17.84,26142651,468508364.32,2.2796,0.8479,0,0
2020-03-10,sz.000739,17.52,18.1,16.61,17.82,20074851,347592827.32,1.7505,-0.1121,0,0
2020-03-11,sz.000739,17.5,17.79,17.25,17.53,11652443,203093679.21,1.0161,-1.6274,0,0
2020-03-12,sz.000739,17.65,17.99,16.48,16.86,24853926,421701976.78,2.1672,-3.822,0,0
2020-03-13,sz.000739,16.12,16.8,15.6,16.62,17366506,284258025.96,1.5143,-1.4235,0,0
2020-03-16,sz.000739,17.28,17.52,16.48,16.99,22167656,378279056.76,1.933,2.2262,0,0
2020-03-17,sz.000739,16.77,17.18,16.16,16.75,19744429,329106011.36,1.7217,-1.4126,0,0
2020-03-18,sz.000739,16.78,18.35,16.78,17.54,24414699,431253120.12,2.1289,4.7164,0,0
2020-03-19,sz.000739,17.49,17.8,16.78,17.65,16525363,285525571.34,1.441,0.6271,0,0
2020-03-20,sz.000739,17.7,18.45,17.4,18.45,20313582,365919421.64,1.7713,4.5326,0,0
2020-03-23,sz.000739,17.99,19.2,17.76,18.71,21459101,399119809.64,1.8712,1.4092,0,0
2020-03-24,sz.000739,18.89,18.91,17.66,18.26,20399894,373473203.27,1.7788,-2.4051,0,0
2020-03-25,sz.000739,18.42,18.9,17.81,18.34,15745147,288160856.79,1.3729,0.4381,0,0
2020-03-26,sz.000739,18.15,18.78,17.96,18.16,13963254,255460678.75,1.2176,-0.9815,0,0
2020-03-27,sz.000739,18.5,19.0,18.19,18.69,18118067,336628090.11,1.5798,2.9185,0,0
2020-03-30,sz.000739,18.66,19.47,18.5,19.3,24678574,473092320.86,2.1519,3.2638,0,0
2020-03-31,sz.000739,19.18,19.84,18.93,19.84,20621104,400041592.57,1.7981,2.7979,0,0
2020-04-01,sz.000739,19.78,19.97,18.51,18.7,20471405,393359522.33,1.7851,-5.746,0,0
2020-04-02,sz.000739,18.4,18.81,17.4,18.81,26632300,480286911.83,2.3223,0.5882,0,0
2020-04-03,sz.000739,18.41,18.98,18.28,18.63,13277636,247888647.27,1.1578,-0.9569,0,0
2020-04-07,sz.000739,18.63,19.25,18.45,18.99,18903581,356144062.73,1.6483,1.9324,0,0
2020-04-08,sz.000739,18.86,18.99,18.26,18.41,13786218,255590447.16,1.2021,-3.0542,0,0
2020-04-09,sz.000739,18.59,20.08,18.42,19.85,24582616,477039499.28,2.1435,7.8218,0,0
2020-04-10,sz.000739,19.86,20.28,18.58,18.86,18690792,362019686.61,1.6298,-4.9874,0,0
2020-04-13,sz.000739,18.86,19.45,18.6,18.8,14389428,273245725.22,1.2547,-0.3181,0,0
2020-04-14,sz.000739,18.8,19.26,18.21,18.98,16657380,312086439.46,1.4525,0.9574,0,0
2020-04-15,sz.000739,18.97,19.05,18.22,18.28,23381733,433161384.79,2.0388,-3.6881,0,0
2020-04-16,sz.000739,18.27,18.4,17.55,17.78,21596004,385239151.05,1.8831,-2.7352,0,0
2020-04-17,sz.000739,17.83,18.2,17.34,17.73,24828062,440361788.61,2.1649,-0.2812,0,0
2020-04-20,sz.000739,17.96,19.09,17.91,18.37,28848572,535697060.87,2.5155,3.6097,0,0
2020-04-21,sz.000739,18.37,18.65,18.0,18.18,16098130,294494587.56,1.4037,-1.0343,0,0
2020-04-22,sz.000739,17.98,18.35,17.6,18.22,12978955,234413544.89,1.1317,0.22,0,0
2020-04-23,sz.000739,18.27,18.6,18.03,18.11,15358300,282386680.08,1.3392,-0.6037,0,0
2020-04-24,sz.000739,18.26,18.29,17.4,17.48,14372931,253858473.71,1.2533,-3.4787,0,0
2020-04-27,sz.000739,17.6,17.85,16.99,17.63,15094644,264767042.08,1.3162,0.8581,0,0
2020-04-28,sz.000739,17.63,18.09,17.21,18.01,12751603,226447989.59,1.1119,2.1554,0,0
2020-04-29,sz.000739,17.79,17.98,17.25,17.4,15971994,280472446.76,1.3927,-3.387,0,0
2020-04-30,sz.000739,17.51,17.77,17.31,17.71,15101435,264761684.56,1.3168,1.7816,0,0
2020-05-06,sz.000739,17.5,17.94,17.25,17.91,15238168,269086446.02,1.3287,1.1293,0,0
2020-05-07,sz.000739,17.9,18.24,17.53,17.98,14218297,255450654.84,1.2398,0.3908,0,0
2020-05-08,sz.000739,18.09,19.08,17.9,18.64,19830714,368040736.21,1.7292,3.6707,0,0
2020-05-11,sz.000739,18.75,18.94,17.65,17.92,24671049,447874501.85,2.1512,-3.8627,0,0
2020-05-12,sz.000739,17.75,18.03,17.66,17.99,7271897,130118269.31,0.6341,0.3906,0,0
2020-05-13,sz.000739,18.0,19.05,17.9,19.05,21877535,409711315.52,1.9077,5.8922,0,0
2020-05-14,sz.000739,18.95,19.14,18.11,18.13,21721219,399605033.94,1.894,-4.8294,0,0
2020-05-15,sz.000739,18.12,18.35,17.75,17.99,14466100,259146287.91,1.2614,-0.7722,0,0
2020-05-18,sz.000739,17.9,18.25,17.66,17.93,13780713,247591887.35,1.2016,-0.3335,0,0
2020-05-19,sz.000739,17.9,18.18,17.68,17.76,11880895,212268720.55,1.036,-0.0563,0,0
2020-05-20,sz.000739,17.76,17.87,17.19,17.31,15086569,261993756.62,1.3155,-2.5338,0,0
2020-05-21,sz.000739,17.39,17.62,17.2,17.4,10134005,176327716.5,0.8837,0.5199,0,0
2020-05-22,sz.000739,17.41,17.54,17.2,17.31,8687868,150949379.36,0.7576,-0.5172,0,0
2020-05-25,sz.000739,17.39,18.08,17.22,17.93,13417126,238388044.97,1.1699,3.5817,0,0
2020-05-26,sz.000739,17.91,18.25,17.85,18.23,9936215,180309099.8,0.8664,1.6732,0,0
2020-05-27,sz.000739,18.25,18.25,17.43,17.55,8881652,156984945.13,0.7745,-3.7301,0,0
2020-05-28,sz.000739,17.55,17.78,17.38,17.65,8004641,140883228.01,0.698,0.5698,0,0
2020-05-29,sz.000739,17.5,18.25,17.5,18.08,15175174,273574028.18,1.3232,2.4363,0,0
2020-06-01,sz.000739,18.16,19.07,18.16,18.95,18555978,348350555.61,1.618,4.812,0,0
2020-06-02,sz.000739,18.95,19.11,18.45,18.6,11935600,223131074.02,1.0408,-1.847,0,0
2020-06-03,sz.000739,18.7,18.95,18.36,18.4,10155578,188302562.25,0.8855,-1.0753,0,0
2020-06-04,sz.000739,18.52,18.91,18.21,18.8,9571394,177928816.83,0.8346,2.1739,0,0
2020-06-05,sz.000739,18.8,20.0,18.76,19.89,20682284,404912898.3,1.8034,5.7979,0,0
2020-06-08,sz.000739,20.0,20.13,19.47,19.75,11068805,219120464.77,0.9652,-0.7039,0,0
2020-06-09,sz.000739,19.79,20.6,19.58,20.5,19109977,387965430.61,1.6663,3.7975,0,0
2020-06-10,sz.000739,20.35,22.13,20.21,21.5,23684978,506065301.81,2.0653,4.878,0,0
2020-06-11,sz.000739,21.51,22.53,21.33,22.38,20877938,460494307.4,1.8205,4.093,0,0
2020-06-12,sz.000739,21.81,22.83,21.81,22.1,17448719,390355014.93,1.5215,-1.2511,0,0
2020-06-15,sz.000739,22.48,23.12,22.01,22.28,11691633,261693458.27,1.0195,0.8145,0,0
2020-06-16,sz.000739,22.19,22.85,22.04,22.58,15093583,338369727.69,1.3161,1.3465,0,0
2020-06-17,sz.000739,22.58,23.26,22.31,22.72,16046682,365204654.79,1.3992,0.62,0,0
2020-06-18,sz.000739,22.4,22.7,21.46,21.96,16839374,369231074.66,1.4683,-3.3451,0,0
2020-06-19,sz.000739,22.19,22.65,22.0,22.11,12813246,285820010.13,1.1173,0.6831,0,0
2020-06-22,sz.000739,22.15,22.47,21.75,22.01,10356375,227893102.68,0.903,-0.4523,0,0
2020-06-23,sz.000739,22.02,22.44,21.9,22.43,9522476,211319505.19,0.8303,1.9082,0,0
2020-06-24,sz.000739,22.2,22.44,21.66,22.0,9467534,207928102.62,0.8255,-1.9171,0,0
2020-06-29,sz.000739,22.23,22.66,21.9,22.41,8619641,192358677.6,0.7516,1.8636,0,0
2020-06-30,sz.000739,22.44,23.48,22.12,23.29,14455654,334172032.06,1.2605,3.9268,0,0
2020-07-01,sz.000739,23.27,23.35,22.6,23.0,13433601,307805084.21,1.1714,-1.2452,0,0
2020-07-02,sz.000739,24.29,25.3,24.26,25.3,16086481,402238962.38,1.4027,10.0,1,0
2020-07-03,sz.000739,25.68,25.68,23.71,24.71,31587167,774169075.08,2.7543,-2.332,0,0
2020-07-06,sz.000739,24.6,25.07,24.25,24.89,17320093,427481267.33,1.5103,0.7285,0,0
2020-07-07,sz.000739,24.5,24.64,23.15,24.05,26201409,630360586.85,2.2847,-3.3748,0,0
2020-07-08,sz.000739,24.0,24.23,23.51,23.82,17470506,415470215.22,1.5234,-0.9563,0,0
2020-07-09,sz.000739,23.75,24.55,23.62,24.18,18900877,456943470.31,1.6481,1.5113,0,0
2020-07-10,sz.000739,24.13,24.74,24.07,24.23,19495331,475695474.38,1.6999,0.2068,0,0
2020-07-13,sz.000739,24.16,24.85,24.16,24.63,17255414,423621749.64,1.5046,1.6508,0,0
2020-07-14,sz.000739,24.74,24.87,23.48,24.14,19518227,467441579.47,1.7019,-1.9894,0,0
2020-07-15,sz.000739,24.12,24.97,24.02,24.58,20397531,502505727.89,1.7786,1.8227,0,0
2020-07-16,sz.000739,24.68,24.83,22.52,22.7,19563912,459566766.18,1.7059,-7.6485,0,0
2020-07-17,sz.000739,22.57,23.8,22.15,23.4,15218239,353113939.36,1.327,3.0837,0,0
2020-07-20,sz.000739,23.78,23.8,22.58,22.98,12122942,277489157.74,1.0571,-1.7949,0,0
2020-07-21,sz.000739,22.91,24.08,22.88,24.0,12530077,297672129.16,1.0926,4.4386,0,0
2020-07-22,sz.000739,24.0,24.71,23.88,24.59,13635415,331862031.1,1.189,2.4583,0,0
2020-07-23,sz.000739,24.31,24.49,23.3,24.3,15880428,381243289.33,1.3847,-1.1793,0,0
2020-07-24,sz.000739,24.15,24.55,23.2,23.3,17246449,411206470.19,1.5038,-4.1152,0,0
2020-07-27,sz.000739,23.78,24.03,22.92,23.28,12837691,299051748.54,1.1194,-0.0858,0,0
2020-07-28,sz.000739,23.29,23.64,22.69,23.31,12387726,286656740.8,1.0802,0.1289,0,0
2020-07-29,sz.000739,23.35,24.8,23.22,24.43,15431557,375189924.35,1.3456,4.8048,0,0
2020-07-30,sz.000739,24.68,24.75,23.59,23.7,14823137,355365840.26,1.2925,-2.9881,0,0
2020-07-31,sz.000739,23.61,24.36,23.51,23.8,13093897,312476273.42,1.1418,0.4219,0,0
2020-08-03,sz.000739,24.05,24.94,23.75,24.82,20296391,498328921.45,1.7698,4.2857,0,0
2020-08-04,sz.000739,24.9,25.8,24.51,24.7,20510660,515259547.82,1.7885,-0.4835,0,0
2020-08-05,sz.000739,24.55,26.13,24.36,25.93,22916993,585403731.62,1.9983,4.9798,0,0
2020-08-06,sz.000739,25.93,26.76,25.65,26.14,17338785,452734241.82,1.5119,0.8099,0,0
2020-08-07,sz.000739,25.95,26.52,24.27,24.87,17872893,448670690.88,1.5585,-4.8585,0,0
2020-08-10,sz.000739,24.79,24.83,23.71,24.52,12034912,291716385.76,1.0494,-1.4073,0,0
2020-08-11,sz.000739,24.53,25.29,24.35,24.35,8124012,201085240.47,0.7084,-0.6933,0,0
2020-08-12,sz.000739,24.18,24.47,23.0,23.45,11495568,269702133.84,1.0024,-3.6961,0,0
2020-08-13,sz.000739,23.5,23.59,22.71,22.73,8422709,193963676.12,0.7344,-3.0704,0,0
2020-08-14,sz.000739,22.79,23.38,22.52,23.32,9388072,215075442.83,0.8186,2.5957,0,0
2020-08-17,sz.000739,23.38,23.98,22.92,23.91,9886437,232593306.26,0.8621,2.53,0,0
2020-08-18,sz.000739,23.94,26.3,23.9,26.3,31317337,812302783.29,2.7308,9.9958,1,0
2020-08-19,sz.000739,25.79,27.58,25.6,27.09,28065773,751466215.99,2.4473,3.0038,0,0
2020-08-20,sz.000739,26.83,27.81,26.6,26.9,18311107,497326383.23,1.5967,-0.7014,0,0
2020-08-21,sz.000739,27.51,27.7,26.68,27.14,12689884,345252454.08,1.1065,0.8922,0,0
2020-08-24,sz.000739,27.05,27.35,26.61,26.88,12296068,331193040.0,1.0722,-0.958,0,0
2020-08-25,sz.000739,27.11,27.6,26.87,27.05,8815125,239968647.14,0.7687,0.6324,0,0
2020-08-26,sz.000739,27.19,27.94,26.93,27.48,12865785,354297516.45,1.1219,1.5896,0,0
2020-08-27,sz.000739,28.09,28.6,27.46,27.88,9555056,265822671.79,0.8332,1.4556,0,0
2020-08-28,sz.000739,27.95,28.8,27.6,28.5,16817726,474896322.92,1.4665,2.2238,0,0
2020-08-31,sz.000739,28.57,29.1,28.02,28.45,10882084,310338085.77,0.9489,-0.1754,0,0
2020-09-01,sz.000739,28.32,28.66,27.8,28.18,8640398,242913814.87,0.7534,-0.949,0,0
2020-09-02,sz.000739,28.24,28.34,27.65,27.95,7818515,218446295.73,0.6818,-0.8162,0,0
2020-09-03,sz.000739,27.88,28.27,27.65,27.75,5639358,157277969.67,0.4917,-0.7156,0,0
2020-09-04,sz.000739,27.0,27.58,26.5,27.41,8101062,219220692.3,0.7064,-1.2252,0,0
2020-09-07,sz.000739,27.38,27.64,25.69,25.88,10297701,272739446.49,0.8979,-5.5819,0,0
2020-09-08,sz.000739,25.88,26.11,25.35,25.67,8243017,211951794.04,0.7188,-0.8114,0,0
2020-09-09,sz.000739,25.53,25.79,24.61,24.8,9495021,236829828.47,0.8279,-3.3892,0,0
2020-09-10,sz.000739,25.18,25.33,24.22,24.45,6021686,149061344.83,0.5251,-1.4113,0,0
2020-09-11,sz.000739,24.45,25.1,24.33,24.84,6049863,149990811.2,0.5275,1.5951,0,0
2020-09-14,sz.000739,25.01,25.13,24.08,24.32,8902960,217675740.62,0.7763,-2.0934,0,0
2020-09-15,sz.000739,24.32,24.68,24.1,24.5,6932038,169236919.62,0.6045,0.7401,0,0
2020-09-16,sz.000739,24.44,24.75,23.7,24.02,8771489,210866484.02,0.7649,-1.9592,0,0
2020-09-17,sz.000739,24.15,24.33,23.63,23.92,7027229,167994732.86,0.6128,-0.4163,0,0
2020-09-18,sz.000739,24.13,24.14,23.48,23.86,7563906,179679001.5,0.6596,-0.2508,0,0
2020-09-21,sz.000739,23.67,24.23,23.42,23.53,12205978,290375390.06,1.0643,-1.3831,0,0
2020-09-22,sz.000739,23.41,24.42,23.34,23.59,10850953,260074872.97,0.9462,0.255,0,0
2020-09-23,sz.000739,24.0,25.04,23.75,24.7,11319850,277863628.37,0.9871,4.7054,0,0
2020-09-24,sz.000739,24.67,25.08,24.16,24.41,7830549,192256212.09,0.6828,-1.1741,0,0
2020-09-25,sz.000739,24.45,24.91,24.26,24.62,6478086,158748280.0,0.5649,0.8603,0,0
2020-09-28,sz.000739,24.9,24.99,22.65,23.49,19563617,458908984.37,1.7059,-4.5898,0,0
2020-09-29,sz.000739,23.3,24.5,22.73,23.82,12615342,298762527.26,1.1,1.4049,0,0
2020-09-30,sz.000739,23.85,24.43,23.64,23.84,7883449,189569078.99,0.6874,0.084,0,0
2020-10-09,sz.000739,24.19,24.41,23.08,23.36,22081732,516497823.07,1.9255,-2.0134,0,0
2020-10-12,sz.000739,23.37,23.57,23.07,23.48,14795231,345805372.83,1.2901,0.5137,0,0
2020-10-13,sz.000739,23.5,24.14,23.48,23.7,10721193,255315362.75,0.9349,0.937,0,0
2020-10-14,sz.000739,23.75,24.06,23.3,23.39,10482367,248076919.55,0.914,-1.308,0,0
2020-10-15,sz.000739,23.45,23.66,22.55,22.76,19258344,439548406.56,1.6793,-2.6935,0,0
2020-10-16,sz.000739,22.9,23.12,22.26,22.5,16570563,373934200.08,1.4449,-1.1424,0,0
2020-10-19,sz.000739,22.71,22.71,21.75,21.8,12824202,283437274.31,1.1182,-3.1111,0,0
2020-10-20,sz.000739,21.83,22.73,21.4,22.61,17278507,383005459.6,1.5066,3.7156,0,0
2020-10-21,sz.000739,22.68,22.83,21.91,22.3,14782402,329617713.19,1.289,-1.3711,0,0
2020-10-22,sz.000739,22.12,22.29,20.66,21.3,29701346,629849306.94,2.5899,-4.4843,0,0
2020-10-23,sz.000739,21.78,22.07,21.0,21.25,14941628,322287818.69,1.3029,-0.2347,0,0
2020-10-26,sz.000739,20.94,21.63,20.58,21.54,8026571,170853886.13,0.6999,1.3647,0,0
2020-10-27,sz.000739,21.41,21.68,21.12,21.26,10191156,217017729.98,0.8886,-1.2999,0,0
2020-10-28,sz.000739,21.2,21.33,20.9,21.14,12591303,265501323.3,1.0979,-0.5644,0,0
2020-10-29,sz.000739,20.98,21.18,20.56,20.88,13610021,284151876.74,1.1868,-1.2299,0,0
2020-10-30,sz.000739,21.09,21.09,20.36,20.4,12819613,264443761.42,1.1178,-2.2989,0,0
2020-11-02,sz.000739,20.25,20.48,19.5,20.01,29284685,582026081.73,2.5535,-1.9118,0,0
2020-11-03,sz.000739,20.88,21.7,20.7,21.39,24078525,511016283.33,2.0996,6.8966,0,0
2020-11-04,sz.000739,21.21,21.65,20.75,20.99,12424163,261507531.74,1.0834,-1.87,0,0
2020-11-05,sz.000739,21.19,21.77,21.03,21.34,10733151,229749805.22,0.9359,1.6675,0,0
2020-11-06,sz.000739,21.4,21.83,20.8,21.14,9908864,209126513.22,0.864,-0.9372,0,0
2020-11-09,sz.000739,21.27,21.64,21.07,21.17,13458877,288177705.28,1.1736,0.1419,0,0
2020-11-10,sz.000739,21.21,21.35,20.65,20.93,11101471,233086873.03,0.968,-1.1337,0,0
2020-11-11,sz.000739,20.67,20.85,20.35,20.45,8158486,167768041.08,0.7114,-2.2934,0,0
2020-11-12,sz.000739,20.63,21.3,20.52,20.85,9514969,199073683.98,0.8297,1.956,0,0
2020-11-13,sz.000739,20.79,21.12,20.46,20.79,5601543,115993105.98,0.4884,-0.2878,0,0
2020-11-16,sz.000739,20.57,21.75,20.57,21.25,13560439,289166502.38,1.1824,2.2126,0,0
2020-11-17,sz.000739,21.27,21.66,21.1,21.24,10693686,227863513.93,0.9325,-0.0471,0,0
2020-11-18,sz.000739,21.33,22.59,21.33,21.9,16441071,362352752.83,1.4336,3.1073,0,0
2020-11-19,sz.000739,21.84,22.55,21.46,22.35,13260947,294436012.74,1.1563,2.0548,0,0
2020-11-20,sz.000739,22.25,22.67,21.85,22.1,11031932,244724176.85,0.962,-1.1186,0,0
2020-11-23,sz.000739,22.3,22.32,21.47,21.62,12160016,263681455.82,1.0603,-2.1719,0,0
2020-11-24,sz.000739,21.6,21.76,21.28,21.59,6821834,147069354.54,0.5948,-0.1388,0,0
2020-11-25,sz.000739,21.74,21.74,20.6,20.93,11691126,244530937.92,1.0194,-3.057,0,0
2020-11-26,sz.000739,20.93,20.96,20.2,20.68,8330510,170968577.58,0.7264,-1.1945,0,0
2020-11-27,sz.000739,20.88,21.52,20.61,20.89,9304417,195988422.8,0.8113,1.0155,0,0
2020-11-30,sz.000739,21.08,21.08,20.26,20.85,7569125,157261884.9,0.6601,-0.1915,0,0
2020-12-01,sz.000739,20.84,21.87,20.55,21.75,16574116,356978346.93,1.4453,4.3165,0,0
2020-12-02,sz.000739,21.66,22.2,21.44,21.98,12023143,263029803.78,1.0485,1.0575,0,0
2020-12-03,sz.000739,22.0,23.58,21.99,23.12,20636788,476929178.48,1.7513,5.1865,0,0
2020-12-04,sz.000739,22.9,23.94,22.81,23.45,13700566,321021254.88,1.1626,1.4273,0,0
2020-12-07,sz.000739,23.2,23.7,23.05,23.2,7854149,182680805.3,0.6665,-1.0661,0,0
2020-12-08,sz.000739,23.2,23.5,23.0,23.2,6208734,144277288.49,0.5269,0.0,0,0
2020-12-09,sz.000739,23.08,23.25,22.43,22.96,9137874,208900213.82,0.7754,-1.0345,0,0
2020-12-10,sz.000739,22.97,23.2,22.62,23.0,5123618,117622635.48,0.4348,0.1742,0,0
2020-12-11,sz.000739,23.09,23.3,22.61,22.7,6140862,140775316.41,0.5211,-1.3043,0,0
2020-12-14,sz.000739,22.74,23.56,22.37,23.48,6641056,153433158.83,0.5636,3.4361,0,0
2020-12-15,sz.000739,23.5,24.55,23.2,24.11,12432840,298362745.13,1.0551,2.6831,0,0
2020-12-16,sz.000739,23.97,24.61,23.67,24.17,8637549,208671252.71,0.733,0.2489,0,0
2020-12-17,sz.000739,24.21,25.1,24.01,24.08,9807173,240417622.31,0.8322,-0.3724,0,0
2020-12-18,sz.000739,24.38,24.38,22.9,23.08,12586722,292305342.92,1.0681,-4.1528,0,0
2020-12-21,sz.000739,23.16,24.44,22.6,24.17,14324316,338219557.21,1.2156,4.7227,0,0
2020-12-22,sz.000739,24.17,24.4,23.6,23.78,7566187,181106522.38,0.6421,-1.6136,0,0
2020-12-23,sz.000739,23.68,23.81,23.1,23.34,10364419,242695427.39,0.8795,-1.8503,0,0
2020-12-24,sz.000739,23.5,23.6,22.4,22.55,9168200,208494420.73,0.778,-3.3847,0,0
2020-12-25,sz.000739,22.45,22.99,22.25,22.44,7235935,163396535.3,0.614,-0.4878,0,0
2020-12-28,sz.000739,22.44,22.99,22.3,22.85,8170831,186087817.62,0.6934,1.8271,0,0
2020-12-29,sz.000739,22.68,23.0,22.18,22.72,5855544,132657487.05,0.4969,-0.5689,0,0
2020-12-30,sz.000739,22.6,22.84,22.16,22.25,7769380,174165930.26,0.6593,-2.0687,0,0
2020-12-31,sz.000739,22.25,23.32,22.19,23.28,9728282,224281989.3,0.8256,4.6292,0,0
2021-01-04,sz.000739,23.68,23.71,22.65,23.31,9218132,212565923.93,0.7823,0.1289,0,0
2021-01-05,sz.000739,23.1,23.91,22.63,23.79,13417190,311403654.28,1.1386,2.0592,0,0
2021-01-06,sz.000739,23.71,23.71,22.45,23.48,15145353,351025725.38,1.2852,-1.3031,0,0
2021-01-07,sz.000739,23.28,23.6,22.4,22.73,16560215,378497667.95,1.4053,-3.1942,0,0
2021-01-08,sz.000739,22.61,23.08,22.46,22.62,9773654,221886109.96,0.8294,-0.4839,0,0
2021-01-11,sz.000739,22.6,22.74,22.01,22.36,10242102,228297881.32,0.8692,-1.1494,0,0
2021-01-12,sz.000739,22.37,22.65,21.91,22.26,11489320,255560141.95,0.975,-0.4472,0,0
2021-01-13,sz.000739,22.09,22.21,21.2,21.91,11784351,255501426.52,1.0,-1.5723,0,0
2021-01-14,sz.000739,21.8,22.76,21.53,22.48,9528205,211428441.53,0.8086,2.6016,0,0
2021-01-15,sz.000739,22.34,22.49,21.55,21.57,8291389,180784145.61,0.7036,-4.048,0,0
2021-01-18,sz.000739,21.45,21.67,20.86,21.32,7356548,156774890.49,0.6243,-1.159,0,0
2021-01-19,sz.000739,21.33,22.04,21.33,21.4,8866379,192278274.91,0.7524,0.3752,0,0
2021-01-20,sz.000739,21.68,23.54,21.45,23.54,13795698,317778848.19,1.1707,10.0,1,0
2021-01-21,sz.000739,23.96,24.91,23.85,24.79,20907071,510342536.77,1.7742,5.3101,0,0
2021-01-22,sz.000739,25.0,25.18,24.4,25.11,14153206,351537753.45,1.2011,1.2908,0,0
2021-01-25,sz.000739,25.12,25.28,24.54,24.68,14505673,358566192.04,1.231,-1.7125,0,0
2021-01-26,sz.000739,25.0,25.0,23.62,23.94,21803304,522739252.87,1.8502,-2.9984,0,0
2021-01-27,sz.000739,23.8,24.62,23.69,24.35,11767727,285695182.57,0.9986,1.7126,0,0
2021-01-28,sz.000739,24.18,24.35,23.2,23.58,11169685,264402022.7,0.9479,-3.1622,0,0
2021-01-29,sz.000739,23.85,23.95,22.2,22.51,16393223,375229803.88,1.3911,-4.5377,0,0
2021-02-01,sz.000739,22.51,23.46,22.51,23.31,11411808,264252887.86,0.9684,3.554,0,0
2021-02-02,sz.000739,23.2,23.9,22.95,23.6,11255133,264818504.48,0.9551,1.2441,0,0
2021-02-03,sz.000739,23.53,25.05,23.46,24.55,11867862,288710285.15,1.0071,4.0254,0,0
2021-02-04,sz.000739,24.4,24.67,23.74,23.96,10521376,253568812.75,0.8929,-2.4033,0,0
2021-02-05,sz.000739,24.99,25.25,23.7,23.89,10616675,258177813.75,0.9009,-0.2922,0,0
2021-02-08,sz.000739,23.3,24.13,23.15,23.41,10369009,243667564.82,0.8799,-2.0092,0,0
2021-02-09,sz.000739,23.57,23.8,22.65,23.62,9622395,224260690.79,0.8166,0.8971,0,0
2021-02-10,sz.000739,24.01,24.08,22.82,23.62,12417712,291253918.28,1.0538,0.0,0,0
2021-02-18,sz.000739,23.95,23.95,22.81,22.83,10197677,236628703.6,0.8654,-3.3446,0,0
2021-02-19,sz.000739,22.49,22.75,22.29,22.6,8620294,194121056.3,0.7315,-1.0074,0,0
2021-02-22,sz.000739,22.55,23.82,22.15,23.2,23679219,549450583.48,2.0094,2.6549,0,0
2021-02-23,sz.000739,23.11,25.52,22.91,25.52,24036229,591835419.74,2.0397,10.0,1,0
2021-02-24,sz.000739,25.5,26.19,24.92,24.95,32998254,843962195.47,2.8003,-2.2335,0,0
2021-02-25,sz.000739,25.31,26.0,24.71,25.75,16861788,429550836.14,1.4309,3.2064,0,0
2021-02-26,sz.000739,25.26,27.08,25.11,25.15,21480005,557359103.89,1.8228,-2.3301,0,0
2021-03-01,sz.000739,25.55,26.99,25.19,26.68,21143784,558260710.58,1.7943,6.0835,0,0
2021-03-02,sz.000739,26.51,26.72,25.72,26.24,11444196,300244640.24,0.9712,-1.6492,0,0
2021-03-03,sz.000739,25.7,26.66,25.2,25.98,10270799,266958411.43,0.8716,-0.9909,0,0
2021-03-04,sz.000739,25.8,25.94,24.67,24.9,9929324,249808930.41,0.8426,-4.157,0,0
2021-03-05,sz.000739,24.51,25.29,24.24,24.99,9024385,223257258.61,0.7658,0.3614,0,0
2021-03-08,sz.000739,25.2,25.62,24.73,25.21,8665421,217578871.83,0.7354,0.8804,0,0
2021-03-09,sz.000739,24.81,25.06,23.66,24.26,13654537,331912064.91,1.1587,-3.7683,0,0
2021-03-10,sz.000739,24.26,24.66,23.51,24.19,9271358,223186251.65,0.7868,-0.2885,0,0
2021-03-11,sz.000739,24.17,25.08,23.85,24.98,7249700,177820766.53,0.6152,3.2658,0,0
2021-03-12,sz.000739,25.54,27.0,25.5,26.31,21665827,567594264.61,1.8386,5.3243,0,0
2021-03-15,sz.000739,26.37,26.95,24.98,25.28,13112049,337041418.24,1.1127,-3.9149,0,0
2021-03-16,sz.000739,25.03,26.16,24.82,26.1,11452359,292245573.39,0.9719,3.2437,0,0
2021-03-17,sz.000739,26.05,28.0,25.79,27.9,15077301,411808467.02,1.2795,6.8966,0,0
2021-03-18,sz.000739,27.61,27.85,27.2,27.48,8424027,231525831.13,0.7149,-1.5054,0,0
2021-03-19,sz.000739,27.02,29.02,26.76,28.0,12348252,346019090.79,1.0479,1.8923,0,0
2021-03-22,sz.000739,27.68,27.9,26.89,27.33,11853556,324475535.53,1.0059,-2.3929,0,0
2021-03-23,sz.000739,27.24,28.09,26.32,26.66,14712074,397450934.28,1.2485,-2.4515,0,0
2021-03-24,sz.000739,26.5,26.9,25.9,26.14,11269365,296056115.8,0.9563,-1.9505,0,0
2021-03-25,sz.000739,26.01,27.58,25.85,27.09,15345634,412521162.43,1.3022,3.6343,0,0
2021-03-26,sz.000739,27.25,28.08,26.78,27.35,15552657,426741620.71,1.3198,0.9598,0,0
2021-03-29,sz.000739,27.35,28.15,26.8,28.11,12997252,359279976.01,1.103,2.7788,0,0
2021-03-30,sz.000739,27.77,29.17,27.68,27.9,14945111,424349146.64,1.2683,-0.7471,0,0
2021-03-31,sz.000739,28.15,28.47,27.23,28.45,10184380,285559274.59,0.8643,1.9713,0,0
2021-04-01,sz.000739,28.37,28.49,27.83,28.25,8177768,230872734.74,0.694,-0.703,0,0
2021-04-02,sz.000739,28.38,29.58,28.04,29.45,15010061,435415378.43,1.2738,4.2478,0,0
2021-04-06,sz.000739,29.1,30.03,28.29,28.87,10983969,317797981.02,0.9321,-1.9694,0,0
2021-04-07,sz.000739,28.88,28.88,27.2,27.55,16104738,447019434.33,1.3667,-4.5722,0,0
2021-04-08,sz.000739,27.21,28.76,27.15,28.36,12020486,338799902.83,1.0201,2.9401,0,0
2021-04-09,sz.000739,28.1,28.61,27.55,28.01,7710149,214962527.78,0.6543,-1.2341,0,0
2021-04-12,sz.000739,28.0,28.1,26.5,26.83,13762235,372041369.93,1.1679,-4.2128,0,0
2021-04-13,sz.000739,26.74,27.55,26.56,26.91,11016608,297633912.52,0.9349,0.2982,0,0
2021-04-14,sz.000739,26.87,28.15,26.79,27.33,12571039,345614518.77,1.0668,1.5608,0,0
2021-04-15,sz.000739,27.34,27.85,26.92,27.71,7563505,207120457.14,0.6418,1.3904,0,0
2021-04-16,sz.000739,27.7,28.2,27.12,28.18,7864998,218406027.92,0.6674,1.6961,0,0
2021-04-19,sz.000739,28.0,29.15,27.82,28.65,9866427,282374321.18,0.8373,1.6678,0,0
2021-04-20,sz.000739,29.1,29.8,28.51,28.95,15846076,460278520.51,1.3447,1.0471,0,0
2021-04-21,sz.000739,28.98,29.6,28.78,29.38,10998700,322003583.41,0.9334,1.4853,0,0
2021-04-22,sz.000739,29.5,29.63,28.82,29.06,8767809,256452759.82,0.744,-1.0892,0,0
2021-04-23,sz.000739,29.02,29.54,29.0,29.46,8970834,262884113.92,0.7613,1.3765,0,0
2021-04-26,sz.000739,30.93,31.46,28.73,28.92,29092468,871845443.05,2.4688,-1.833,0,0
2021-04-27,sz.000739,28.59,29.52,28.48,29.47,15748437,457610636.97,1.3364,1.9018,0,0
2021-04-28,sz.000739,29.5,30.89,29.31,30.56,18809183,568175118.23,1.5962,3.6987,0,0
2021-04-29,sz.000739,30.1,30.28,29.51,30.1,9757807,291660533.82,0.8281,-0.7256,0,0
2021-04-30,sz.000739,30.17,31.15,29.92,31.1,12624893,387231047.87,1.0714,3.3223,0,0
2021-05-06,sz.000739,30.7,30.72,28.71,29.77,14243491,423095826.48,1.2087,-4.2765,0,0
2021-05-07,sz.000739,29.86,30.35,28.58,28.86,9957846,290557621.54,0.845,-3.0568,0,0
2021-05-10,sz.000739,28.74,29.24,26.59,27.6,28357182,780107508.21,2.4064,-4.3659,0,0
2021-05-11,sz.000739,27.4,28.31,27.02,28.18,11897782,328883267.95,1.0097,2.1014,0,0
2021-05-12,sz.000739,28.08,28.23,27.5,27.9,8107446,225472214.66,0.688,-0.9936,0,0
2021-05-13,sz.000739,27.59,27.9,27.01,27.85,8415511,231865087.28,0.7141,-0.1792,0,0
2021-05-14,sz.000739,27.85,28.99,27.38,28.68,12032305,341774641.5,1.0211,2.9803,0,0
2021-05-17,sz.000739,28.61,29.44,28.54,29.39,10284122,300686025.81,0.8727,2.4756,0,0
2021-05-18,sz.000739,29.2,29.37,28.11,28.25,10784960,307592402.63,0.9152,-3.8789,0,0
2021-05-19,sz.000739,28.1,28.44,27.45,28.03,12400782,345316469.56,1.0523,-0.7788,0,0
2021-05-20,sz.000739,27.8,29.69,27.76,29.6,16104669,467002801.75,1.3667,5.6011,0,0
2021-05-21,sz.000739,29.88,29.91,29.06,29.49,7730076,227798909.64,0.656,-0.3716,0,0
2021-05-24,sz.000739,29.32,29.47,28.46,29.16,9578023,276503284.67,0.8128,-1.119,0,0
2021-05-25,sz.000739,29.24,29.77,28.89,29.61,12600083,369016581.79,1.0693,1.5432,0,0
2021-05-26,sz.000739,29.57,29.68,28.07,28.27,18451885,526704153.02,1.5658,-4.5255,0,0
2021-05-27,sz.000739,28.4,28.4,25.6,26.01,47573602,1275656448.09,4.0371,-7.9943,0,0
2021-05-28,sz.000739,26.0,26.01,23.7,24.95,55173109,1356125882.0,4.682,-4.0754,0,0
2021-05-31,sz.000739,24.9,26.26,24.77,26.08,29788226,765460347.81,2.5279,4.5291,0,0
2021-06-01,sz.000739,26.25,27.25,25.94,26.72,21503818,573286188.21,1.8248,2.454,0,0
2021-06-02,sz.000739,26.73,27.2,26.38,26.85,17319535,464818773.26,1.4698,0.4865,0,0
2021-06-03,sz.000739,26.58,26.6,25.8,26.09,14709007,385817582.86,1.2482,-2.8305,0,0
2021-06-04,sz.000739,25.83,26.78,25.83,26.58,9637275,255056893.59,0.8178,1.8781,0,0
2021-06-07,sz.000739,26.58,27.05,26.32,26.83,7845215,209932077.86,0.6658,0.9406,0,0
2021-06-08,sz.000739,26.83,26.91,26.45,26.6,6669862,177650305.02,0.566,-0.8572,0,0
2021-06-09,sz.000739,26.92,26.92,25.63,25.84,9631921,251022876.25,0.8174,-2.8571,0,0
2021-06-10,sz.000739,25.72,26.3,25.25,26.18,12210980,314832516.85,1.0362,1.3158,0,0
2021-06-11,sz.000739,26.32,26.44,25.38,25.6,8019753,205365061.76,0.6806,-2.2154,0,0
2021-06-15,sz.000739,25.68,25.69,25.03,25.06,6437354,162208390.18,0.5463,-2.1094,0,0
2021-06-16,sz.000739,25.2,25.28,24.48,24.53,6281388,155851618.97,0.533,-2.1149,0,0
2021-06-17,sz.000739,24.43,25.26,24.3,25.13,6650368,165790392.38,0.5644,2.446,0,0
2021-06-18,sz.000739,25.13,25.49,24.8,25.4,5630813,142611535.33,0.4778,1.0744,0,0
2021-06-21,sz.000739,25.4,26.42,25.09,26.28,9795019,255101337.95,0.8312,3.4646,0,0
2021-06-22,sz.000739,26.2,26.37,25.77,25.8,7895732,205181180.62,0.67,-1.8265,0,0
2021-06-23,sz.000739,25.8,25.95,24.81,25.4,11692516,295941351.92,0.9922,-1.5504,0,0
2021-06-24,sz.000739,26.0,26.11,25.3,25.44,11892295,305015301.56,1.0092,0.1575,0,0
2021-06-25,sz.000739,25.34,27.98,25.34,27.98,25754056,703438690.82,2.1855,9.9843,1,0
2021-06-28,sz.000739,28.03,29.72,27.78,29.58,27005228,782345532.0,2.2917,5.7184,0,0
2021-06-29,sz.000739,29.3,30.21,29.13,29.85,15572121,464904079.28,1.3215,0.9128,0,0
2021-06-30,sz.000739,30.05,30.18,29.2,29.4,9480270,280462375.89,0.8045,-1.5075,0,0
2021-07-01,sz.000739,29.41,29.7,28.5,28.51,8092034,235441971.82,0.6867,-3.0272,0,0
2021-07-02,sz.000739,28.74,29.2,27.65,28.1,10049206,283365414.81,0.8528,-1.4381,0,0
2021-07-05,sz.000739,28.09,28.27,27.15,27.65,11593883,319238105.31,0.9839,-1.6014,0,0
2021-07-06,sz.000739,27.8,27.85,26.45,27.12,10284316,278026523.94,0.8727,-1.9168,0,0
2021-07-07,sz.000739,27.12,27.96,26.81,27.51,9364256,257953762.33,0.7947,1.4381,0,0
2021-07-08,sz.000739,27.79,28.01,27.23,27.57,9696379,267308954.63,0.8228,0.2181,0,0
2021-07-09,sz.000739,27.36,27.8,27.01,27.6,6436691,176513184.96,0.5462,0.1088,0,0
2021-07-12,sz.000739,27.7,29.92,27.4,29.62,15177489,441245155.49,1.288,7.3188,0,0
2021-07-13,sz.000739,29.38,30.18,29.2,29.59,9022094,268484465.95,0.7656,-0.1013,0,0
2021-07-14,sz.000739,29.64,30.56,29.47,30.18,10372424,312972558.99,0.8802,1.9939,0,0
2021-07-15,sz.000739,30.07,30.07,28.75,29.2,11074337,322766592.79,0.9398,-3.2472,0,0
2021-07-16,sz.000739,29.43,29.47,28.66,28.87,5371783,156132136.91,0.4559,-1.1301,0,0
2021-07-19,sz.000739,28.8,29.88,28.8,29.42,6832484,201317730.29,0.5798,1.9051,0,0
2021-07-20,sz.000739,29.35,29.73,29.11,29.55,5675015,167508824.84,0.4816,0.4419,0,0
2021-07-21,sz.000739,29.32,30.4,29.32,29.69,10097676,302560620.46,0.8569,0.4738,0,0
2021-07-22,sz.000739,29.69,29.91,29.33,29.62,5726589,168866709.57,0.486,-0.2358,0,0
2021-07-23,sz.000739,29.59,29.59,28.0,28.42,8274206,236717374.01,0.7022,-4.0513,0,0
2021-07-26,sz.000739,28.11,28.34,26.88,27.7,8406795,231391819.84,0.7134,-2.5334,0,0
2021-07-27,sz.000739,27.92,28.58,27.3,27.48,8167292,226791533.36,0.6931,-0.7942,0,0
2021-07-28,sz.000739,27.36,27.99,27.22,27.54,7188840,198632666.53,0.6101,0.2183,0,0
2021-07-29,sz.000739,27.9,28.46,27.6,27.92,6026262,168971954.45,0.5114,1.3798,0,0
2021-07-30,sz.000739,27.8,28.68,27.59,27.62,7316160,204684935.55,0.6209,-1.0745,0,0
2021-08-02,sz.000739,27.45,28.33,27.25,28.13,5021201,139941011.12,0.4261,1.8465,0,0
2021-08-03,sz.000739,28.01,29.7,27.93,29.3,12855294,374930183.4,1.0909,4.1593,0,0
2021-08-04,sz.000739,29.05,29.9,28.77,29.7,8704314,257176791.78,0.7387,1.3652,0,0
2021-08-05,sz.000739,29.66,29.89,28.96,29.41,5689074,167008886.6,0.4828,-0.9764,0,0
2021-08-06,sz.000739,29.35,29.41,28.37,28.5,7099784,203837232.99,0.6025,-3.0942,0,0
2021-08-09,sz.000739,28.51,28.73,28.05,28.11,9598711,271793372.71,0.8146,-1.3684,0,0
2021-08-10,sz.000739,28.11,28.38,27.81,28.0,7009122,196495075.46,0.5948,-0.3913,0,0
2021-08-11,sz.000739,28.04,28.38,27.54,28.3,4301656,121040391.48,0.365,1.0714,0,0
2021-08-12,sz.000739,28.27,28.81,27.88,28.09,6870420,193867718.99,0.583,-0.742,0,0
2021-08-13,sz.000739,28.06,30.9,27.92,30.9,28471125,863189313.2,2.4161,10.0036,1,0
2021-08-16,sz.000739,30.86,32.95,30.32,31.83,28725102,915696797.66,2.4376,3.0097,0,0
2021-08-17,sz.000739,31.83,32.5,30.77,30.94,13733446,433480805.19,1.1654,-2.7961,0,0
2021-08-18,sz.000739,30.94,31.39,30.1,30.44,9574333,292817888.25,0.8125,-1.616,0,0
2021-08-19,sz.000739,30.55,33.48,30.55,33.48,28163744,931768746.59,2.39,9.9869,1,0
2021-08-20,sz.000739,33.55,34.48,32.3,32.68,31530245,1044001168.27,2.6757,-2.3895,0,0
2021-08-23,sz.000739,32.74,33.28,31.0,32.59,13608693,441436774.05,1.1548,-0.2754,0,0
2021-08-24,sz.000739,32.63,33.19,31.88,32.17,12807460,416373726.19,1.0869,-1.2887,0,0
2021-08-25,sz.000739,32.74,32.95,31.6,32.13,7204796,230595980.1,0.6114,-0.1243,0,0
2021-08-26,sz.000739,32.1,32.25,31.2,31.3,7793041,246034258.89,0.6613,-2.5833,0,0
2021-08-27,sz.000739,31.61,32.37,31.02,31.59,8609999,272653234.86,0.7307,0.9265,0,0
2021-08-30,sz.000739,31.77,32.29,31.3,32.06,6929805,221851595.43,0.5881,1.4878,0,0
2021-08-31,sz.000739,32.06,32.19,31.0,31.6,8185771,257583300.89,0.6947,-1.4348,0,0
2021-09-01,sz.000739,31.2,33.18,31.03,32.95,13953983,455983030.21,1.1841,4.2722,0,0
2021-09-02,sz.000739,32.7,34.35,32.56,33.89,13423579,451859321.71,1.1391,2.8528,0,0
2021-09-03,sz.000739,33.6,33.77,32.23,33.2,8869593,291701884.52,0.7527,-2.036,0,0
2021-09-06,sz.000739,33.0,35.95,32.72,35.4,13659531,477950266.59,1.1592,6.6265,0,0
2021-09-07,sz.000739,35.48,37.32,34.21,34.51,18667664,660453865.62,1.5842,-2.5141,0,0
2021-09-08,sz.000739,35.1,35.1,33.8,34.0,6374131,218576728.91,0.5409,-1.4778,0,0
2021-09-09,sz.000739,33.91,34.35,33.3,33.78,7745732,261179124.42,0.6573,-0.6471,0,0
2021-09-10,sz.000739,33.59,34.03,32.86,33.52,5644605,189048113.28,0.479,-0.7697,0,0
2021-09-13,sz.000739,33.46,35.0,33.45,33.84,6490471,221326282.75,0.5508,0.9547,0,0
2021-09-14,sz.000739,33.55,35.26,33.5,34.45,11415386,395594708.1,0.9687,1.8026,0,0
2021-09-15,sz.000739,34.64,37.9,34.1,36.95,24648094,912309355.52,2.0917,7.2569,0,0
2021-09-16,sz.000739,36.27,39.0,36.2,38.25,16138458,613735920.71,1.3695,3.5183,0,0
2021-09-17,sz.000739,38.17,39.99,37.4,39.49,15698286,612400322.96,1.3322,3.2418,0,0
2021-09-22,sz.000739,38.85,41.6,38.58,40.83,10476040,421793715.01,0.889,3.3933,0,0
2021-09-23,sz.000739,40.83,40.83,37.91,38.93,17144383,665201573.21,1.4549,-4.6534,0,0
2021-09-24,sz.000739,39.3,40.45,38.1,40.18,12003217,473450601.48,1.0186,3.2109,0,0
2021-09-27,sz.000739,38.8,41.1,38.74,39.85,9450265,378660944.71,0.802,-0.8213,0,0
2021-09-28,sz.000739,39.8,40.39,38.78,39.17,11438403,450196264.4,0.9707,-1.7064,0,0
2021-09-29,sz.000739,39.33,39.38,36.83,37.49,18103410,679959021.62,1.5363,-4.289,0,0
2021-09-30,sz.000739,37.55,38.77,37.2,38.18,8360500,318589276.97,0.7095,1.8405,0,0
2021-10-08,sz.000739,38.56,39.6,37.56,38.22,7142244,275438801.75,0.6061,0.1048,0,0
2021-10-11,sz.000739,38.48,38.94,35.65,37.12,13647499,503965078.53,1.1581,-2.8781,0,0
2021-10-12,sz.000739,37.11,38.78,36.4,37.39,10380766,391805847.65,0.8809,0.7274,0,0
2021-10-13,sz.000739,37.55,40.21,37.4,39.98,13966966,551677367.5,1.1852,6.927,0,0
2021-10-14,sz.000739,40.03,41.5,39.03,39.92,10107765,406093792.15,0.8578,-0.1501,0,0
2021-10-15,sz.000739,40.12,40.28,38.74,39.11,7422072,291609622.75,0.6298,-2.0291,0,0
2021-10-18,sz.000739,39.11,39.11,37.38,38.1,8766466,333500221.07,0.7439,-2.5825,0,0
2021-10-19,sz.000739,38.6,40.56,37.79,40.05,8793418,350109679.02,0.7462,5.1181,0,0
2021-10-20,sz.000739,39.82,40.1,38.4,39.36,6402341,249905435.51,0.5433,-1.7228,0,0
2021-10-21,sz.000739,39.6,39.75,38.67,39.29,4381602,171622831.92,0.3718,-0.1778,0,0
2021-10-22,sz.000739,35.36,35.36,35.36,35.36,1494700,52852592.0,0.1268,-10.0025,0,1
2021-10-25,sz.000739,34.0,34.17,31.86,32.53,42174423,1367583533.59,3.579,-8.0034,0,0
2021-10-26,sz.000739,32.2,32.85,31.87,32.27,16656177,538963738.79,1.4135,-0.7993,0,0
2021-10-27,sz.000739,32.35,33.08,32.0,32.62,9323917,304156118.41,0.7912,1.0846,0,0
2021-10-28,sz.000739,32.44,33.7,32.29,33.6,8907264,294092632.92,0.7559,3.0043,0,0
2021-10-29,sz.000739,33.7,35.83,33.61,34.72,9512317,332402895.06,0.8072,3.3333,0,0
2021-11-01,sz.000739,34.43,34.48,32.4,33.69,12580077,420480173.63,1.0676,-2.9666,0,0
2021-11-02,sz.000739,33.88,34.87,33.36,33.99,8134131,278292637.56,0.6903,0.8905,0,0
2021-11-03,sz.000739,34.17,35.77,33.71,34.01,7416587,257753090.01,0.6294,0.0588,0,0
2021-11-04,sz.000739,34.3,36.35,33.86,35.81,10586003,377620950.37,0.8983,5.2926,0,0
2021-11-05,sz.000739,36.26,36.66,34.26,35.0,9326624,327262049.81,0.7915,-2.2619,0,0
2021-11-08,sz.000739,35.45,35.54,33.52,33.78,9335797,318033956.19,0.7922,-3.4857,0,0
2021-11-09,sz.000739,34.12,36.8,33.91,35.34,10947744,388601641.04,0.929,4.6181,0,0
2021-11-10,sz.000739,36.59,38.87,36.59,37.69,23590521,893882237.97,2.0019,6.6497,0,0
2021-11-11,sz.000739,38.53,39.76,37.23,37.61,14602379,560349304.68,1.2392,-0.2123,0,0
2021-11-12,sz.000739,37.61,38.38,37.28,37.98,4951875,187998699.73,0.4202,0.9838,0,0
2021-11-15,sz.000739,38.19,38.31,37.3,38.21,5009176,189690751.93,0.4251,0.6056,0,0
2021-11-16,sz.000739,37.6,40.1,37.6,39.17,7366376,289537100.93,0.6251,2.5124,0,0
2021-11-17,sz.000739,39.27,40.6,39.0,40.03,8954216,357351319.91,0.7599,2.1956,0,0
2021-11-18,sz.000739,40.1,40.34,39.33,39.45,4491966,178362195.21,0.3812,-1.4489,0,0
2021-11-19,sz.000739,39.32,39.5,36.6,39.33,10024278,386688423.43,0.8507,-0.3042,0,0
2021-11-22,sz.000739,39.21,40.32,38.73,39.65,6576485,259907404.93,0.5581,0.8136,0,0
2021-11-23,sz.000739,39.65,40.25,38.87,39.59,5556999,220210269.62,0.4716,-0.1513,0,0
2021-11-24,sz.000739,39.55,41.8,39.09,41.31,8972489,364121472.91,0.7614,4.3445,0,0
2021-11-25,sz.000739,41.38,41.7,40.26,40.62,4973654,203323612.73,0.4221,-1.6703,0,0
2021-11-26,sz.000739,40.34,41.2,39.65,39.83,6414682,257634108.49,0.5444,-1.9449,0,0
2021-11-29,sz.000739,40.37,41.87,40.0,41.45,16759873,693617896.3,1.4223,4.0673,0,0
2021-11-30,sz.000739,41.29,41.7,40.01,41.32,9672050,393584142.59,0.8208,-0.3136,0,0
2021-12-01,sz.000739,41.74,41.8,40.41,40.97,5748364,236392544.1,0.4878,-0.847,0,0
2021-12-02,sz.000739,40.99,41.29,38.74,39.52,9582828,378383359.14,0.8132,-3.5392,0,0
2021-12-03,sz.000739,39.57,39.7,38.5,39.07,6623772,259707505.8,0.5621,-1.1387,0,0
2021-12-06,sz.000739,38.99,39.58,37.8,38.95,6395957,246210598.04,0.5428,-0.3071,0,0
2021-12-07,sz.000739,39.07,39.31,37.7,38.15,5733869,219259083.32,0.4866,-2.0539,0,0
2021-12-08,sz.000739,38.57,38.78,37.8,38.71,7851207,300074490.63,0.6663,1.4679,0,0
2021-12-09,sz.000739,38.02,39.05,37.85,39.04,7012207,270471599.65,0.5951,0.8525,0,0
2021-12-10,sz.000739,38.78,38.9,36.5,36.72,12092865,449505011.42,1.0262,-5.9426,0,0
2021-12-13,sz.000739,36.6,36.98,36.08,36.33,6201064,225748392.9,0.5262,-1.0621,0,0
2021-12-14,sz.000739,36.57,36.61,35.9,36.03,4927450,178161698.48,0.4181,-0.8258,0,0
2021-12-15,sz.000739,36.26,36.26,34.68,34.81,10335056,364241263.76,0.877,-3.3861,0,0
2021-12-16,sz.000739,34.9,36.26,34.68,35.56,12110688,430868236.84,1.0277,2.1546,0,0
2021-12-17,sz.000739,36.0,37.18,35.89,36.29,9971258,363691646.89,0.8462,2.0529,0,0
2021-12-20,sz.000739,36.29,36.6,34.61,35.08,7646936,270046263.56,0.6489,-3.3343,0,0
2021-12-21,sz.000739,35.08,36.55,34.99,36.22,6364681,229454555.87,0.5401,3.2497,0,0
2021-12-22,sz.000739,36.36,36.42,35.6,36.2,5391693,194260231.05,0.4575,-0.0552,0,0
2021-12-23,sz.000739,36.0,36.31,35.45,35.9,5220365,187336689.47,0.443,-0.8287,0,0
2021-12-24,sz.000739,35.77,36.0,35.25,35.4,4084682,144902539.3,0.3466,-1.3928,0,0
2021-12-27,sz.000739,35.2,36.3,35.02,35.4,6097267,217268816.9,0.5174,0.0,0,0
2021-12-28,sz.000739,35.25,35.51,33.4,35.29,22069827,755667584.93,1.8729,-0.3107,0,0
2021-12-29,sz.000739,34.85,36.29,34.21,34.45,13083719,458130907.7,1.1103,-2.3803,0,0
2021-12-30,sz.000739,34.46,36.06,34.3,35.35,10442640,369778789.76,0.8862,2.6125,0,0
2021-12-31,sz.000739,35.6,35.7,34.88,35.09,7968490,280291693.8,0.6762,-0.7355,0,0
2022-01-04,sz.000739,35.07,35.07,32.13,32.72,15037839,495562522.79,1.2761,-6.7541,0,0
2022-01-05,sz.000739,32.57,33.28,31.89,32.01,11978740,389466924.38,1.0165,-2.1699,0,0
2022-01-06,sz.000739,31.68,32.82,31.19,32.61,16375057,522963776.01,1.3896,1.8744,0,0
2022-01-07,sz.000739,32.64,32.98,32.04,32.17,7383185,239230189.44,0.6265,-1.3493,0,0
2022-01-10,sz.000739,31.95,32.3,31.03,31.26,15641027,491240966.59,1.3273,-2.8287,0,0
2022-01-11,sz.000739,31.46,32.66,31.26,31.65,13427912,430132328.24,1.1395,1.2476,0,0
2022-01-12,sz.000739,31.65,33.5,31.45,33.05,9671073,318598707.52,0.8207,4.4234,0,0
2022-01-13,sz.000739,32.97,32.97,31.7,31.89,8980574,287289731.26,0.7621,-3.5098,0,0
2022-01-14,sz.000739,31.51,32.02,31.25,31.83,9530510,301474979.51,0.8088,-0.1881,0,0
2022-01-17,sz.000739,31.83,33.4,31.83,32.77,9206163,302130024.52,0.7812,2.9532,0,0
2022-01-18,sz.000739,33.1,33.28,31.83,32.6,10083329,326475881.4,0.8557,-0.5188,0,0
2022-01-19,sz.000739,32.2,32.26,30.67,31.23,10963541,342803028.5,0.9304,-4.2025,0,0
2022-01-20,sz.000739,31.23,31.89,30.57,31.03,8964428,279102864.98,0.7607,-0.6404,0,0
2022-01-21,sz.000739,30.62,30.8,29.2,29.6,21135081,626123973.51,1.7935,-4.6084,0,0
2022-01-24,sz.000739,29.6,31.04,29.45,30.28,9939881,301092208.86,0.8435,2.2973,0,0
2022-01-25,sz.000739,30.35,30.55,29.4,29.5,5886544,176884905.0,0.4995,-2.576,0,0
2022-01-26,sz.000739,29.44,29.7,28.88,28.94,5686000,165965188.81,0.4825,-1.8983,0,0
2022-01-27,sz.000739,29.1,29.45,28.4,28.49,6514431,187641832.97,0.5528,-1.5549,0,0
2022-01-28,sz.000739,28.82,28.82,27.91,28.07,6679699,188639286.73,0.5668,-1.4742,0,0
2022-02-07,sz.000739,28.55,28.88,27.84,28.0,5927150,167497408.97,0.503,-0.2494,0,0
2022-02-08,sz.000739,27.42,27.99,26.69,27.27,8992648,244478524.83,0.7631,-2.6071,0,0
2022-02-09,sz.000739,27.4,27.49,26.35,26.75,17190754,457078978.96,1.4588,-1.9069,0,0
2022-02-10,sz.000739,26.66,26.92,25.78,26.0,15921047,416706469.78,1.3511,-2.8037,0,0
2022-02-11,sz.000739,25.83,26.02,25.06,25.17,16732448,426486130.81,1.4199,-3.1923,0,0
2022-02-14,sz.000739,25.58,26.5,25.32,26.06,15409609,400649780.33,1.3077,3.536,0,0
2022-02-15,sz.000739,26.5,28.18,25.88,28.11,18568133,512186668.35,1.5757,7.8665,0,0
2022-02-16,sz.000739,28.32,28.32,27.11,27.21,9211035,253762291.99,0.7817,-3.2017,0,0
2022-02-17,sz.000739,26.88,27.15,26.31,26.82,10859484,289495723.0,0.9215,-1.4333,0,0
2022-02-18,sz.000739,26.82,27.1,26.46,27.0,6692234,179438731.17,0.5679,0.6711,0,0
2022-02-21,sz.000739,27.3,27.65,26.6,27.14,9105034,246962550.35,0.7727,0.5185,0,0
2022-02-22,sz.000739,27.0,27.0,26.09,26.4,7467063,196818803.86,0.6337,-2.7266,0,0
2022-02-23,sz.000739,26.42,27.84,26.32,27.67,13124000,358680515.78,1.1137,4.8106,0,0
2022-02-24,sz.000739,27.3,27.81,26.58,26.84,12124616,329101233.05,1.0289,-2.9996,0,0
2022-02-25,sz.000739,26.9,28.45,26.87,28.16,20508195,574369994.65,1.7403,4.918,0,0
2022-02-28,sz.000739,28.16,28.67,27.7,28.36,11781056,331806464.0,0.9998,0.7102,0,0
2022-03-01,sz.000739,28.8,29.7,28.76,29.24,19665630,577109792.0,1.6688,3.103,0,0
2022-03-02,sz.000739,28.91,29.6,28.34,28.7,13188197,381291632.0,1.1192,-1.8468,0,0
2022-03-03,sz.000739,28.67,30.31,28.64,29.69,17524894,521694832.0,1.4872,3.4495,0,0
2022-03-04,sz.000739,29.84,31.33,29.51,29.76,20890524,636137328.0,1.7728,0.2358,0,0
2022-03-07,sz.000739,31.15,32.43,29.71,31.23,42865344,1338823872.0,3.6376,4.9395,0,0
2022-03-08,sz.000739,32.5,33.0,30.58,30.93,35294774,1119242224.0,2.9951,-0.9606,0,0
2022-03-09,sz.000739,30.24,30.97,28.03,29.23,25956694,764466784.0,2.2027,-5.4963,0,0
2022-03-10,sz.000739,31.0,32.15,30.32,32.15,35042183,1104601232.0,2.9737,9.9897,1,0
2022-03-11,sz.000739,32.5,34.16,31.49,33.28,53055030,1748335008.0,4.5023,3.5148,0,0
2022-03-14,sz.000739,34.3,36.61,33.3,35.0,69181126,2426323472.0,5.8708,5.1683,0,0
2022-03-15,sz.000739,34.06,34.68,33.01,33.66,36578588,1243429488.0,3.1041,-3.8286,0,0
2022-03-16,sz.000739,33.67,34.8,31.6,33.3,44132620,1461339408.0,3.7451,-1.0695,0,0
2022-03-17,sz.000739,33.0,36.63,32.5,33.49,72483711,2573152448.0,6.151,0.5706,0,0
2022-03-18,sz.000739,33.13,33.56,30.5,33.56,57006031,1843789730.06,4.8376,0.209,0,0
2022-03-21,sz.000739,33.91,36.92,33.0,36.92,50851467,1779360620.74,4.3153,10.0119,1,0
2022-03-22,sz.000739,36.16,36.25,33.23,33.89,55123773,1908883638.56,4.6779,-8.2069,0,0
2022-03-23,sz.000739,32.95,34.54,32.7,33.97,30652577,1029085322.04,2.6012,0.2361,0,0
2022-03-24,sz.000739,33.0,35.53,32.3,34.77,34068644,1175068901.5,2.8911,2.355,0,0
2022-03-25,sz.000739,34.39,34.44,33.38,33.95,20143276,682583637.59,1.7094,-2.3584,0,0
2022-03-28,sz.000739,33.53,34.35,31.4,32.58,22710726,743437104.84,1.9273,-4.0353,0,0
2022-03-29,sz.000739,32.48,32.51,31.31,31.59,23299333,742040754.05,1.9772,-3.0387,0,0
2022-03-30,sz.000739,31.31,32.68,30.65,31.9,22446253,711508885.74,1.9048,0.9813,0,0
2022-03-31,sz.000739,31.65,32.78,31.2,31.26,17064109,543821012.13,1.4481,-2.0063,0,0
2022-04-01,sz.000739,30.79,31.26,29.69,29.87,24124246,728816763.57,2.0472,-4.4466,0,0
2022-04-06,sz.000739,31.3,31.5,29.58,29.73,22930213,697065050.54,1.9459,-0.4687,0,0
2022-04-07,sz.000739,29.11,29.53,28.23,28.51,18950599,544651147.45,1.6082,-4.1036,0,0
2022-04-08,sz.000739,28.8,29.01,27.36,27.6,17209571,480081128.9,1.4604,-3.1919,0,0
2022-04-11,sz.000739,27.59,27.78,26.3,26.9,14016303,379675008.94,1.1894,-2.5362,0,0
2022-04-12,sz.000739,27.02,27.2,26.28,27.0,12207365,326523387.75,1.0359,0.3717,0,0
2022-04-13,sz.000739,26.52,26.63,24.3,24.3,36934772,916441310.32,3.1343,-10.0,0,1
2022-04-14,sz.000739,24.01,24.65,23.7,24.3,20329938,493158643.92,1.7252,0.0,0,0
2022-04-15,sz.000739,24.35,25.4,23.55,24.91,20023784,492703030.73,1.6992,2.5103,0,0
2022-04-18,sz.000739,24.0,24.59,23.74,24.06,11073288,266891810.69,0.9397,-2.3143,0,0
2022-04-19,sz.000739,24.2,24.3,23.1,23.55,14412276,339330826.7,1.223,-2.1197,0,0
2022-04-20,sz.000739,23.43,23.63,22.48,22.8,14689661,336255798.52,1.2466,-3.1847,0,0
2022-04-21,sz.000739,22.65,22.72,21.65,21.8,16865552,371743838.35,1.4312,-4.386,0,0
2022-04-22,sz.000739,21.8,21.8,20.98,21.39,17152534,365957553.36,1.4556,-1.8807,0,0
2022-04-25,sz.000739,21.2,21.3,19.31,19.38,18727878,378351131.69,1.5893,-9.3969,0,0
2022-04-26,sz.000739,19.38,20.77,19.38,19.9,22162767,445466084.13,1.8808,2.6832,0,0
2022-04-27,sz.000739,17.91,18.79,17.91,18.73,47955203,870521291.93,4.0695,-5.8794,0,0
2022-04-28,sz.000739,18.22,18.37,16.99,17.42,37331193,652517903.75,3.168,-6.9941,0,0
2022-04-29,sz.000739,17.62,18.75,17.54,18.59,29912290,545446861.72,2.5384,6.7164,0,0
2022-05-05,sz.000739,18.63,20.2,18.08,19.65,36684183,712071909.9,3.1131,5.702,0,0
2022-05-06,sz.000739,20.0,21.15,19.91,20.67,36637880,757559766.33,3.1091,5.1908,0,0
2022-05-09,sz.000739,20.76,22.74,20.42,22.59,39228203,863858328.7,3.3289,9.2888,0,0
2022-05-10,sz.000739,22.96,23.98,22.17,22.43,53527289,1224166444.5,4.5424,-0.7083,0,0
2022-05-11,sz.000739,23.23,24.67,22.9,24.44,66876963,1607002367.07,5.6752,8.9612,0,0
2022-05-12,sz.000739,24.45,25.43,23.8,24.5,50952629,1250075913.68,4.3239,0.2455,0,0
2022-05-13,sz.000739,25.0,26.05,24.15,26.05,41684906,1038714367.99,3.5374,6.3265,0,0
2022-05-16,sz.000739,26.6,26.64,23.45,23.45,56278548,1376505939.72,4.7758,-9.9808,0,1
2022-05-17,sz.000739,23.0,23.64,22.38,23.24,42317001,967068210.52,3.5911,-0.8955,0,0
2022-05-18,sz.000739,24.13,25.2,23.36,23.55,45040471,1095201266.45,3.8222,1.3339,0,0
2022-05-19,sz.000739,22.87,24.75,22.68,24.3,30572327,727862743.07,2.5944,3.1847,0,0
2022-05-20,sz.000739,25.57,26.37,23.65,24.81,53701086,1351559392.7,4.5571,2.0988,0,0
2022-05-23,sz.000739,24.25,24.7,23.7,24.11,28853006,692333250.21,2.4485,-2.8214,0,0
2022-05-24,sz.000739,24.12,24.16,22.3,22.35,36285587,831416373.44,3.0792,-7.2999,0,0
2022-05-25,sz.000739,22.24,22.85,22.02,22.69,18454142,414283499.71,1.566,1.5213,0,0
2022-05-26,sz.000739,22.24,23.0,21.8,21.89,24206937,536814054.22,2.0542,-3.5258,0,0
2022-05-27,sz.000739,22.1,22.43,21.2,21.4,25503490,555341504.95,2.1642,-2.2385,0,0
2022-05-30,sz.000739,21.44,21.54,20.9,21.19,20072307,424337803.38,1.7034,-0.9813,0,0
2022-05-31,sz.000739,21.15,21.19,20.35,20.74,31859163,659271611.09,2.7036,-2.1236,0,0
2022-06-01,sz.000739,20.83,21.04,20.39,20.5,21169576,436777669.05,1.7965,-1.1572,0,0
2022-06-02,sz.000739,20.51,20.75,19.9,20.64,16232107,332149263.98,1.3775,0.6829,0,0
2022-06-06,sz.000739,20.64,21.37,20.4,20.95,20649976,431138365.95,1.7524,1.5019,0,0
2022-06-07,sz.000739,21.01,22.49,20.95,22.06,33436596,732994564.09,2.8375,5.2983,0,0
2022-06-08,sz.000739,22.03,22.49,21.47,21.95,25889889,566137420.7,2.197,-0.4986,0,0
2022-06-09,sz.000739,22.05,22.15,21.0,21.0,19059512,406706504.08,1.6174,-4.328,0,0
2022-06-10,sz.000739,20.8,21.49,20.71,21.3,14138790,299728392.71,1.1998,1.4286,0,0
2022-06-13,sz.000739,21.05,21.65,20.92,21.34,13303911,282347190.49,1.129,0.1878,0,0
2022-06-14,sz.000739,21.15,21.49,20.5,21.15,14241141,298075688.75,1.2085,-0.8903,0,0
2022-06-15,sz.000739,21.07,21.62,20.99,21.01,16756513,356527348.81,1.422,-0.6619,0,0
2022-06-16,sz.000739,21.09,21.45,20.88,21.3,16439620,349637348.38,1.3951,1.3803,0,0
2022-06-17,sz.000739,21.31,22.66,21.19,22.49,31057907,689655278.04,2.6356,5.5869,0,0
2022-06-20,sz.000739,22.7,23.44,22.5,23.05,23739808,543944965.11,2.0146,2.49,0,0
2022-06-21,sz.000739,22.79,22.96,21.2,21.54,37114510,810994193.53,3.1496,-6.551,0,0
2022-06-22,sz.000739,21.51,21.56,20.7,20.78,22138395,465384146.94,1.8787,-3.5283,0,0
2022-06-23,sz.000739,20.6,20.65,19.4,20.09,35922520,714935324.09,3.0484,-3.3205,0,0
2022-06-24,sz.000739,20.11,20.84,20.11,20.44,23795391,488128076.29,2.0193,1.7422,0,0
2022-06-27,sz.000739,20.5,21.14,19.96,20.03,25268884,514353978.6,2.1443,-2.0059,0,0
2022-06-28,sz.000739,20.4,20.9,19.91,20.67,28661870,586215960.28,2.4323,3.1952,0,0
2022-06-29,sz.000739,20.6,21.25,20.4,20.49,24742345,515050982.21,2.0997,-0.8708,0,0
2022-06-30,sz.000739,20.53,20.86,20.2,20.64,15961664,328731997.24,1.3545,0.7321,0,0
2022-07-01,sz.000739,20.56,21.14,20.55,21.03,15761206,329555083.14,1.3375,1.8895,0,0
2022-07-04,sz.000739,21.15,22.36,20.91,22.23,33873907,742329625.45,2.8746,5.7061,0,0
2022-07-05,sz.000739,22.26,22.39,21.36,21.81,24268058,527624329.48,2.0594,-1.8893,0,0
2022-07-06,sz.000739,21.86,22.38,21.1,21.39,23770899,514884647.52,2.0172,-1.9257,0,0
2022-07-07,sz.000739,21.23,21.31,20.5,20.69,23936162,497829271.34,2.0312,-3.2726,0,0
2022-07-08,sz.000739,20.8,21.13,20.44,20.89,17016691,354396654.89,1.4441,0.9667,0,0
2022-07-11,sz.000739,20.9,21.05,20.38,20.5,14578710,299657876.3,1.2372,-1.8669,0,0
2022-07-12,sz.000739,20.62,20.65,19.59,19.59,22347413,443068689.47,1.8964,-4.439,0,0
2022-07-13,sz.000739,19.65,19.8,19.2,19.54,12663966,247005172.94,1.0747,-0.2552,0,0
2022-07-14,sz.000739,19.6,20.26,19.56,19.75,15211224,302328080.08,1.2908,1.0747,0,0
2022-07-15,sz.000739,19.73,19.73,19.01,19.08,15025531,289927772.02,1.2751,-3.3924,0,0
2022-07-18,sz.000739,19.0,19.38,18.45,19.35,12401948,235274981.26,1.0524,1.4151,0,0
2022-07-19,sz.000739,19.29,19.83,19.19,19.8,11586114,226544847.13,0.9832,2.3256,0,0
2022-07-20,sz.000739,19.77,20.17,19.7,19.82,11696944,232516378.34,0.9926,0.101,0,0
2022-07-21,sz.000739,19.74,20.05,19.58,19.59,9135874,180192937.07,0.7753,-1.1604,0,0
2022-07-22,sz.000739,19.6,19.73,19.0,19.16,11536139,222569925.12,0.979,-2.195,0,0
2022-07-25,sz.000739,19.16,19.44,19.07,19.24,6198721,119130734.98,0.526,0.4175,0,0
2022-07-26,sz.000739,19.18,19.43,18.8,19.26,9724006,186285288.88,0.8252,0.104,0,0
2022-07-27,sz.000739,19.26,19.62,19.03,19.03,11308561,218033378.03,0.9599,-1.1942,0,0
2022-07-28,sz.000739,19.49,20.49,19.49,20.24,28234300,566170122.9,2.3966,6.3584,0,0
2022-07-29,sz.000739,20.44,20.62,19.18,19.3,28322262,559749689.56,2.4041,-4.6443,0,0
2022-08-01,sz.000739,19.3,19.3,18.61,18.77,16251296,307776867.51,1.3795,-2.7461,0,0
2022-08-02,sz.000739,18.69,18.69,17.65,17.83,21273802,381500122.89,1.8058,-5.008,0,0
2022-08-03,sz.000739,17.9,18.53,17.81,17.87,12644282,229601658.02,1.0733,0.2243,0,0
2022-08-04,sz.000739,17.91,18.24,17.88,18.23,10279432,186115779.35,0.8726,2.0145,0,0
2022-08-05,sz.000739,18.25,18.63,18.25,18.52,9219405,170253553.31,0.7826,1.5908,0,0
2022-08-08,sz.000739,18.75,19.19,18.56,18.83,13513588,255701366.35,1.1471,1.6739,0,0
2022-08-09,sz.000739,18.83,19.23,18.43,19.19,13029324,246411861.4,1.106,1.9118,0,0
2022-08-10,sz.000739,19.19,19.28,18.71,18.84,7886829,149080997.01,0.6695,-1.8239,0,0
2022-08-11,sz.000739,18.85,19.34,18.85,19.23,13632866,261958453.01,1.1572,2.0701,0,0
2022-08-12,sz.000739,19.3,19.48,19.15,19.25,9193020,177662673.62,0.7803,0.104,0,0
2022-08-15,sz.000739,19.15,19.29,18.89,19.17,8380743,159891027.85,0.7114,-0.4156,0,0
2022-08-16,sz.000739,19.17,19.23,18.98,19.01,7133870,136088022.53,0.6055,-0.8346,0,0
2022-08-17,sz.000739,19.01,19.22,18.77,18.9,6522869,123366126.1,0.5537,-0.5786,0,0
2022-08-18,sz.000739,18.88,18.88,18.45,18.78,9268008,172660120.93,0.7867,-0.6349,0,0
2022-08-19,sz.000739,18.76,18.87,18.42,18.44,7691892,143219166.0,0.6529,-1.8104,0,0
2022-08-22,sz.000739,18.45,18.62,18.1,18.56,6767291,124688587.36,0.5744,0.6508,0,0
2022-08-23,sz.000739,18.59,18.69,18.22,18.29,7764100,142294950.0,0.659,-1.4547,0,0
2022-08-24,sz.000739,18.2,18.34,17.68,17.73,11572033,207518903.5,0.9823,-3.0618,0,0
2022-08-25,sz.000739,17.76,17.9,17.56,17.78,8107324,143649629.78,0.6882,0.282,0,0
2022-08-26,sz.000739,17.81,18.14,17.66,17.93,6867758,123291055.95,0.583,0.8436,0,0
2022-08-29,sz.000739,17.7,18.11,17.58,17.99,6141413,110115771.64,0.5213,0.3346,0,0
2022-08-30,sz.000739,18.09,18.23,17.83,18.05,5548161,99736477.07,0.4709,0.3335,0,0
2022-08-31,sz.000739,18.12,18.47,17.9,18.04,11105650,201332068.86,0.9427,-0.0554,0,0
2022-09-01,sz.000739,18.0,18.54,17.95,18.16,10861345,198919655.04,0.922,0.6652,0,0
2022-09-02,sz.000739,18.15,18.38,17.82,18.02,8628461,155534391.56,0.7324,-0.7709,0,0
2022-09-05,sz.000739,18.02,18.18,17.71,17.98,9042441,162577656.39,0.7676,-0.222,0,0
2022-09-06,sz.000739,17.94,18.06,17.75,18.06,7658753,137575653.18,0.6501,0.4449,0,0
2022-09-07,sz.000739,18.03,18.03,17.77,17.8,7725903,137784633.04,0.6558,-1.4396,0,0
2022-09-08,sz.000739,17.82,17.88,17.56,17.59,7325836,129291776.05,0.6218,-1.1798,0,0
2022-09-09,sz.000739,17.67,17.98,17.65,17.85,7126464,127058322.32,0.6049,1.4781,0,0
2022-09-13,sz.000739,17.82,17.89,17.55,17.68,6030639,106760478.55,0.5119,-0.9524,0,0
2022-09-14,sz.000739,17.49,17.49,17.05,17.3,9655047,166111488.75,0.8196,-2.1493,0,0
2022-09-15,sz.000739,17.34,17.9,17.04,17.12,12388889,216126415.3,1.0516,-1.0405,0,0
2022-09-16,sz.000739,17.12,17.23,16.6,16.62,10913011,184927548.98,0.9263,-2.9206,0,0
2022-09-19,sz.000739,16.49,16.78,16.16,16.64,7739116,127493240.92,0.6569,0.1203,0,0
2022-09-20,sz.000739,16.71,16.91,16.55,16.61,6567671,109428948.91,0.5575,-0.1803,0,0
2022-09-21,sz.000739,16.58,16.59,16.24,16.42,5122981,83910382.26,0.4349,-1.1439,0,0
2022-09-22,sz.000739,16.31,16.42,15.92,15.98,7593018,122524549.09,0.6445,-2.6797,0,0
2022-09-23,sz.000739,15.99,16.15,15.49,15.82,9104434,144000703.37,0.7728,-1.0013,0,0
2022-09-26,sz.000739,15.69,15.85,15.36,15.47,10459137,163031629.46,0.8878,-2.2124,0,0
2022-09-27,sz.000739,15.48,16.27,15.41,16.23,12036369,192215436.74,1.0217,4.9127,0,0
2022-09-28,sz.000739,16.21,16.39,15.9,15.96,9506754,153123087.59,0.807,-1.6636,0,0
2022-09-29,sz.000739,16.06,16.65,16.05,16.35,13040317,214268521.58,1.1069,2.4436,0,0
2022-09-30,sz.000739,16.27,16.65,16.2,16.42,8497476,139624129.27,0.7213,0.4281,0,0
2022-10-10,sz.000739,16.57,16.83,16.45,16.55,15357858,255454098.63,1.3036,0.7917,0,0
2022-10-11,sz.000739,16.45,16.71,16.12,16.62,9144733,150379944.54,0.7762,0.423,0,0
2022-10-12,sz.000739,16.6,16.77,16.23,16.77,9371695,154413146.52,0.7955,0.9025,0,0
2022-10-13,sz.000739,16.65,17.73,16.64,17.47,13321825,232385522.44,1.1308,4.1741,0,0
2022-10-14,sz.000739,17.49,19.22,17.49,19.16,32695527,613492300.47,2.7753,9.6737,0,0
2022-10-17,sz.000739,19.3,20.15,19.29,19.75,31448188,623063068.7,2.6694,3.0793,0,0
2022-10-18,sz.000739,19.76,21.18,19.58,20.86,45071878,930458288.37,3.8259,5.6203,0,0
2022-10-19,sz.000739,20.8,21.04,20.28,20.62,21790965,447561889.42,1.8497,-1.1505,0,0
2022-10-20,sz.000739,20.5,21.0,20.24,20.68,19252533,398060125.88,1.6342,0.291,0,0
2022-10-21,sz.000739,20.5,20.97,20.49,20.87,16241924,337057232.12,1.3787,0.9188,0,0
2022-10-24,sz.000739,20.88,21.15,20.46,20.49,15901603,328513955.07,1.3498,-1.8208,0,0
2022-10-25,sz.000739,20.4,20.44,19.69,19.93,19430640,388897327.47,1.6493,-2.733,0,0
2022-10-26,sz.000739,20.12,21.52,19.82,21.35,24044821,507134538.8,2.041,7.1249,0,0
2022-10-27,sz.000739,21.3,21.49,20.75,21.3,12922666,273225244.4,1.0969,-0.2342,0,0
2022-10-28,sz.000739,21.18,21.66,20.55,20.69,9104726,191108569.83,0.7728,-2.8638,0,0
2022-10-31,sz.000739,20.38,21.2,20.3,20.82,10358350,215104672.36,0.8793,0.6283,0,0
2022-11-01,sz.000739,20.66,21.67,20.41,21.6,15879128,335249294.14,1.3479,3.7464,0,0
2022-11-02,sz.000739,21.58,21.8,21.09,21.09,13016794,279390266.69,1.1049,-2.3611,0,0
2022-11-03,sz.000739,20.77,21.18,20.55,20.93,10827444,225307409.03,0.9191,-0.7587,0,0
2022-11-04,sz.000739,20.8,21.42,20.79,21.1,16363596,345164571.39,1.389,0.8122,0,0
2022-11-07,sz.000739,21.09,21.74,20.89,21.58,14542709,310456343.44,1.2344,2.2749,0,0
2022-11-08,sz.000739,21.7,22.48,21.25,22.15,21051662,465240997.8,1.7869,2.6413,0,0
2022-11-09,sz.000739,22.5,23.4,22.05,23.1,25362835,579942214.65,2.1529,4.2889,0,0
2022-11-10,sz.000739,22.99,23.11,22.1,22.31,14662370,330866861.32,1.2446,-3.4199,0,0
2022-11-11,sz.000739,22.68,23.37,21.6,21.8,21829925,494967940.0,1.853,-2.286,0,0
2022-11-14,sz.000739,21.51,22.96,21.3,22.49,19111393,428806967.52,1.6222,3.1651,0,0
2022-11-15,sz.000739,22.56,22.88,21.85,22.51,10993825,246757160.07,0.9332,0.0889,0,0
2022-11-16,sz.000739,22.55,22.95,22.1,22.72,11647478,264071041.59,0.9887,0.9329,0,0
2022-11-17,sz.000739,22.72,23.17,22.35,22.57,8183965,185077691.69,0.6947,-0.6602,0,0
2022-11-18,sz.000739,22.3,22.95,22.28,22.7,11437125,259430090.81,0.9708,0.576,0,0
2022-11-21,sz.000739,22.5,22.95,22.18,22.86,12966315,292763284.41,1.1006,0.7048,0,0
2022-11-22,sz.000739,22.87,23.03,21.69,21.79,17549108,388724396.07,1.4896,-4.6807,0,0
2022-11-23,sz.000739,21.8,22.25,21.17,21.97,12463280,269844610.07,1.0579,0.8261,0,0
2022-11-24,sz.000739,21.9,22.1,21.41,21.69,6890127,149259052.81,0.5849,-1.2745,0,0
2022-11-25,sz.000739,21.45,21.71,20.9,21.27,7729058,163970650.37,0.6561,-1.9364,0,0
2022-11-28,sz.000739,21.27,21.43,20.51,20.84,9256486,192839367.38,0.7857,-2.0216,0,0
2022-11-29,sz.000739,21.01,21.35,20.91,20.92,7207000,152352714.38,0.6118,0.3839,0,0
2022-11-30,sz.000739,21.04,21.15,20.42,20.6,8783020,181675150.85,0.7455,-1.5296,0,0
2022-12-01,sz.000739,20.91,21.49,20.57,21.18,9588316,201609479.67,0.8139,2.8155,0,0
2022-12-02,sz.000739,21.1,21.28,20.64,20.73,6389598,133546999.63,0.5424,-2.1246,0,0
2022-12-05,sz.000739,20.75,21.52,20.68,21.15,10437034,221336810.86,0.8859,2.026,0,0
2022-12-06,sz.000739,21.02,21.32,20.76,20.88,7298700,153412857.64,0.6195,-1.2766,0,0
2022-12-07,sz.000739,20.75,21.52,20.42,21.4,10354701,219499125.14,0.8789,2.4904,0,0
2022-12-08,sz.000739,21.41,21.68,21.08,21.43,7865100,167831211.2,0.6676,0.1402,0,0
2022-12-09,sz.000739,21.4,21.58,21.03,21.48,8284895,176699929.4,0.7033,0.2333,0,0
2022-12-12,sz.000739,21.39,22.24,21.39,21.83,12900136,282439228.12,1.095,1.6294,0,0
2022-12-13,sz.000739,21.77,21.77,20.75,21.25,12309200,259104246.44,1.0448,-2.6569,0,0
2022-12-14,sz.000739,21.47,21.58,20.48,20.73,8352534,173887694.87,0.709,-2.4471,0,0
2022-12-15,sz.000739,20.43,20.99,20.42,20.74,7490392,155239446.04,0.6358,0.0482,0,0
2022-12-16,sz.000739,20.69,21.8,20.61,21.46,12052954,257374288.67,1.0231,3.4716,0,0
2022-12-19,sz.000739,21.55,21.59,20.01,20.39,12343776,252220631.23,1.0478,-4.986,0,0
2022-12-20,sz.000739,20.11,20.38,19.75,19.88,7095030,141719219.7,0.6023,-2.5012,0,0
2022-12-21,sz.000739,19.88,20.34,19.73,19.95,4561500,91211054.93,0.3872,0.3521,0,0
2022-12-22,sz.000739,19.95,20.71,19.75,20.47,10270880,209415141.14,0.8718,2.6065,0,0
2022-12-23,sz.000739,20.47,21.23,20.02,20.68,8221258,169121011.14,0.6979,1.0259,0,0
2022-12-26,sz.000739,20.6,20.69,19.91,20.08,7039772,142370366.79,0.5976,-2.9014,0,0
2022-12-27,sz.000739,20.07,20.14,19.43,19.95,9465938,187287887.88,0.8035,-0.6474,0,0
2022-12-28,sz.000739,20.0,21.12,19.95,20.81,11791712,244708517.86,1.0009,4.3108,0,0
2022-12-29,sz.000739,20.6,21.78,20.5,21.63,12487365,265991338.45,1.06,3.9404,0,0
2022-12-30,sz.000739,21.65,21.9,21.38,21.54,7422882,160688693.23,0.6301,-0.4161,0,0
2023-01-03,sz.000739,21.54,22.2,21.49,21.76,13668302,298499443.37,1.1602,1.0214,0,0
2023-01-04,sz.000739,22.1,22.8,21.84,21.95,18822885,418205288.39,1.5978,0.8732,0,0
2023-01-05,sz.000739,21.81,22.3,21.2,22.13,8332427,183664806.31,0.7073,0.82,0,0
2023-01-06,sz.000739,22.0,22.24,21.86,22.16,6328383,139937551.37,0.5372,0.1356,0,0
2023-01-09,sz.000739,22.13,23.5,22.0,23.47,23547299,542926073.47,1.9988,5.9116,0,0
2023-01-10,sz.000739,23.48,24.65,23.03,24.5,21296204,512444482.1,1.8077,4.3886,0,0
2023-01-11,sz.000739,25.49,25.75,24.1,24.7,25293946,630230849.52,2.147,0.8163,0,0
2023-01-12,sz.000739,24.58,25.0,24.2,24.81,13004175,320149494.56,1.1038,0.4453,0,0
2023-01-13,sz.000739,24.87,25.28,24.62,25.09,9121717,228534388.68,0.7743,1.1286,0,0
2023-01-16,sz.000739,25.0,25.55,24.88,24.94,11508475,288798608.68,0.9769,-0.5978,0,0
2023-01-17,sz.000739,25.07,25.36,24.49,24.75,10364945,256576526.35,0.8798,-0.7618,0,0
2023-01-18,sz.000739,24.73,24.73,24.18,24.27,7495679,182498476.25,0.6363,-1.9394,0,0
2023-01-19,sz.000739,24.26,25.28,24.06,24.95,10423027,259333184.13,0.8847,2.8018,0,0
2023-01-20,sz.000739,24.95,25.3,24.79,24.96,8758673,219013077.49,0.7435,0.0401,0,0
2023-01-30,sz.000739,24.9,25.12,24.1,24.49,10817000,265873387.15,0.9182,-1.883,0,0
2023-01-31,sz.000739,24.2,24.48,24.03,24.3,9044582,219557794.57,0.7677,-0.7758,0,0
2023-02-01,sz.000739,24.3,24.56,23.73,23.78,9963218,238303558.08,0.8457,-2.1399,0,0
2023-02-02,sz.000739,23.89,24.5,23.72,24.21,12203211,295567970.46,1.0359,1.8082,0,0
2023-02-03,sz.000739,24.34,24.37,23.37,23.64,7291418,172706060.0,0.6189,-2.3544,0,0
2023-02-06,sz.000739,23.65,23.69,23.1,23.17,6588417,153564722.12,0.5592,-1.9882,0,0
2023-02-07,sz.000739,23.47,23.64,22.75,22.97,6161893,142203822.37,0.523,-0.8632,0,0
2023-02-08,sz.000739,23.08,23.35,22.78,22.88,5154496,118278273.1,0.4375,-0.3918,0,0
2023-02-09,sz.000739,22.7,23.41,22.69,23.16,5900092,136352371.93,0.5008,1.2238,0,0
2023-02-10,sz.000739,23.26,23.32,22.72,22.88,5444458,124724189.48,0.4621,-1.209,0,0
2023-02-13,sz.000739,22.8,24.19,22.79,23.98,13396931,319045096.22,1.1372,4.8077,0,0
2023-02-14,sz.000739,23.98,24.48,23.71,23.88,6151416,147677864.38,0.5222,-0.417,0,0
2023-02-15,sz.000739,23.91,24.09,23.04,23.12,5604748,130969521.27,0.4758,-3.1826,0,0
2023-02-16,sz.000739,23.16,23.76,22.87,23.01,6433102,149688243.81,0.5461,-0.4758,0,0
2023-02-17,sz.000739,23.08,23.34,22.82,23.13,4163411,96227116.17,0.3534,0.5215,0,0
2023-02-20,sz.000739,23.29,23.7,22.66,23.6,8375651,194584985.75,0.711,2.032,0,0
2023-02-21,sz.000739,23.6,24.13,23.28,23.62,5381900,127639020.11,0.4568,0.0847,0,0
2023-02-22,sz.000739,23.62,24.43,23.4,24.25,9135000,220161587.23,0.7754,2.6672,0,0
2023-02-23,sz.000739,24.3,25.0,23.76,23.92,8726585,210794265.08,0.7407,-1.3608,0,0
2023-02-24,sz.000739,24.0,24.62,23.74,24.4,7504346,182540289.25,0.637,2.0067,0,0
2023-02-27,sz.000739,24.49,24.62,23.15,23.58,11227077,264383604.18,0.953,-3.3607,0,0
2023-02-28,sz.000739,23.82,24.14,23.6,23.99,5582156,133466747.62,0.4738,1.7388,0,0
2023-03-01,sz.000739,24.16,24.18,23.26,23.65,6808268,160093957.88,0.5779,-1.4173,0,0
2023-03-02,sz.000739,23.55,23.6,23.27,23.36,4138469,96757104.51,0.3513,-1.2262,0,0
2023-03-03,sz.000739,23.34,23.49,23.21,23.3,3039392,70975516.6,0.258,-0.2568,0,0
2023-03-06,sz.000739,23.2,23.73,23.1,23.59,4602439,108113225.61,0.3907,1.2446,0,0
2023-03-07,sz.000739,23.59,24.4,23.38,23.8,8573197,204675055.8,0.7277,0.8902,0,0
2023-03-08,sz.000739,23.7,24.25,23.44,23.6,5383719,127669668.61,0.457,-0.8403,0,0
2023-03-09,sz.000739,23.62,24.2,23.51,24.19,9699170,232541732.08,0.8233,2.5,0,0
2023-03-10,sz.000739,24.04,24.08,21.87,22.6,24487054,556197699.88,2.0785,-6.573,0,0
2023-03-13,sz.000739,22.5,23.13,22.24,22.92,15047568,342376468.12,1.2773,1.4159,0,0
2023-03-14,sz.000739,22.83,23.06,21.98,22.05,8373301,187456811.01,0.7108,-3.7958,0,0
2023-03-15,sz.000739,22.05,22.64,22.0,22.2,10470475,232840389.08,0.8888,0.6803,0,0
2023-03-16,sz.000739,21.98,22.35,21.43,21.59,10336683,225649449.55,0.8774,-2.7477,0,0
2023-03-17,sz.000739,21.69,22.1,21.42,21.59,10496713,228605341.97,0.891,0.0,0,0
2023-03-20,sz.000739,21.66,21.66,20.88,21.38,9198491,195945134.59,0.7808,-0.9727,0,0
2023-03-21,sz.000739,21.41,22.07,21.31,21.95,6188965,135138181.4,0.5253,2.666,0,0
2023-03-22,sz.000739,21.95,22.6,21.85,22.15,6946104,154883659.16,0.5896,0.9112,0,0
2023-03-23,sz.000739,22.85,23.83,22.16,22.37,18219330,416948945.2,1.5465,0.9932,0,0
2023-03-24,sz.000739,22.48,22.63,21.61,21.85,9867651,217559389.63,0.8376,-2.3245,0,0
2023-03-27,sz.000739,21.76,22.42,21.4,21.65,11263619,246819072.35,0.9561,-0.9153,0,0
2023-03-28,sz.000739,21.56,21.84,21.48,21.6,8490077,183758274.22,0.7207,-0.2309,0,0
2023-03-29,sz.000739,21.5,21.84,21.43,21.53,6520316,140746541.27,0.5535,-0.3241,0,0
2023-03-30,sz.000739,21.49,21.61,21.1,21.39,6749065,143997159.45,0.5729,-0.6503,0,0
2023-03-31,sz.000739,21.4,21.91,21.2,21.3,9053323,194745930.17,0.7685,-0.4208,0,0
2023-04-03,sz.000739,21.26,21.85,21.21,21.69,10492739,226846527.17,0.8907,1.831,0,0
2023-04-04,sz.000739,21.65,21.83,21.0,21.32,8458849,180315468.71,0.718,-1.7059,0,0
2023-04-06,sz.000739,21.02,22.05,21.02,21.49,9409926,203486634.9,0.7987,0.7974,0,0
2023-04-07,sz.000739,21.53,22.0,21.36,21.72,7477651,162544558.92,0.6347,1.0703,0,0
2023-04-10,sz.000739,21.75,21.93,21.45,21.82,9312751,201777453.58,0.7905,0.4604,0,0
2023-04-11,sz.000739,21.72,22.22,21.57,22.12,8062562,176686362.2,0.6844,1.3749,0,0
2023-04-12,sz.000739,22.16,22.29,21.59,21.66,8032431,175697350.09,0.6818,-2.0796,0,0
2023-04-13,sz.000739,21.57,22.25,21.4,22.18,11560622,254005174.7,0.9813,2.4007,0,0
2023-04-14,sz.000739,22.18,22.53,21.88,22.08,8301091,184309091.05,0.7046,-0.4509,0,0
2023-04-17,sz.000739,22.13,22.4,21.74,22.03,10465151,229653785.73,0.8883,-0.2264,0,0
2023-04-18,sz.000739,22.6,23.2,22.22,22.38,17419324,393610143.71,1.4786,1.5887,0,0
2023-04-19,sz.000739,22.32,22.35,21.07,21.19,16502161,354023362.13,1.4008,-5.3172,0,0
2023-04-20,sz.000739,21.4,21.69,20.63,20.86,15224942,320517591.32,1.2923,-1.5573,0,0
2023-04-21,sz.000739,20.8,20.99,20.5,20.56,9802963,203507709.93,0.8321,-1.4382,0,0
2023-04-24,sz.000739,20.73,20.86,20.21,20.39,7427371,152392771.21,0.6305,-0.8268,0,0
2023-04-25,sz.000739,20.13,20.35,19.01,19.47,17017829,332872735.9,1.4445,-4.512,0,0
2023-04-26,sz.000739,19.36,20.19,19.35,20.0,11246006,224433045.5,0.9546,2.7221,0,0
2023-04-27,sz.000739,20.01,20.45,19.78,20.35,7067931,143049698.34,0.6,1.75,0,0
2023-04-28,sz.000739,20.37,20.99,20.15,20.67,8702295,179285160.81,0.7387,1.5725,0,0
2023-05-04,sz.000739,20.64,21.15,20.5,21.03,7667813,160872963.86,0.6509,1.7417,0,0
2023-05-05,sz.000739,21.0,21.06,20.08,20.31,8749761,178229757.65,0.7427,-3.4237,0,0
2023-05-08,sz.000739,20.31,20.52,19.91,20.06,6130154,123286092.87,0.5203,-1.2309,0,0
2023-05-09,sz.000739,20.01,20.15,19.8,19.86,5378475,107222106.78,0.4565,-0.997,0,0
2023-05-10,sz.000739,19.76,19.96,19.44,19.64,6278293,123099895.2,0.5329,-1.1078,0,0
2023-05-11,sz.000739,19.69,19.96,19.48,19.62,3445666,67751509.22,0.2925,-0.1018,0,0
2023-05-12,sz.000739,19.56,19.75,19.42,19.42,4258523,83141098.99,0.3615,-1.0194,0,0
2023-05-15,sz.000739,19.28,19.73,19.1,19.69,4602944,89304552.4,0.3907,1.3903,0,0
2023-05-16,sz.000739,19.71,19.9,19.55,19.69,6153500,121190533.58,0.5223,0.0,0,0
2023-05-17,sz.000739,19.6,19.66,19.28,19.51,4356953,84739397.35,0.3698,-0.9142,0,0
2023-05-18,sz.000739,19.51,19.59,19.05,19.16,4684118,90008167.36,0.3976,-1.794,0,0
2023-05-19,sz.000739,19.1,19.4,18.95,19.2,7849697,150531266.21,0.6663,0.2088,0,0
2023-05-22,sz.000739,18.91,19.57,18.9,19.34,7468590,144055136.07,0.634,2.2739,0,0
2023-05-23,sz.000739,19.45,19.99,19.37,19.72,7427160,146985848.31,0.6304,1.9648,0,0
2023-05-24,sz.000739,19.7,19.85,19.36,19.7,5591569,109937227.81,0.4746,-0.1014,0,0
2023-05-25,sz.000739,19.7,19.71,19.26,19.43,3859529,75010195.87,0.3276,-1.3706,0,0
2023-05-26,sz.000739,19.33,19.43,18.97,19.15,10249000,196226608.0,0.87,-1.4411,0,0
2023-05-29,sz.000739,19.14,19.46,19.1,19.36,7238183,140006374.18,0.6144,1.0966,0,0
2023-05-30,sz.000739,19.33,19.45,18.63,18.87,9134049,172214975.94,0.7753,-2.531,0,0
2023-05-31,sz.000739,18.95,19.19,18.45,18.55,9409387,175876256.86,0.7987,-1.6958,0,0
2023-06-01,sz.000739,18.46,18.81,18.4,18.49,6788274,126242369.92,0.5762,-0.3235,0,0
2023-06-02,sz.000739,18.41,18.65,18.3,18.65,4912908,91099811.1,0.417,0.8653,0,0
2023-06-05,sz.000739,18.55,18.77,18.02,18.31,7893109,143877225.57,0.67,-1.8231,0,0
2023-06-06,sz.000739,18.38,18.41,18.03,18.08,5567730,101268521.37,0.4726,-1.2561,0,0
2023-06-07,sz.000739,18.05,18.23,17.91,17.93,4006188,72150843.0,0.3401,-0.8296,0,0
2023-06-08,sz.000739,17.88,18.04,17.75,17.81,3627519,64906067.39,0.3079,-0.6693,0,0
2023-06-09,sz.000739,17.82,18.11,17.71,17.92,4348542,77950463.72,0.3691,0.6176,0,0
2023-06-12,sz.000739,17.94,18.24,17.77,18.05,8066822,145857490.09,0.6847,0.7254,0,0
2023-06-13,sz.000739,18.09,18.23,17.69,17.71,7998075,143117129.59,0.6789,-1.8837,0,0
2023-06-14,sz.000739,17.8,18.05,17.55,17.88,6580903,117714987.04,0.5586,0.9599,0,0
2023-06-15,sz.000739,17.8,18.31,17.71,18.3,7137753,129010092.12,0.6059,2.349,0,0
2023-06-16,sz.000739,18.34,18.64,18.03,18.23,7792865,142399156.79,0.6615,-0.3825,0,0
2023-06-19,sz.000739,18.24,18.38,18.08,18.21,4831900,88026296.0,0.4101,-0.1097,0,0
2023-06-20,sz.000739,18.2,18.33,18.06,18.06,4190902,76230128.3,0.3557,-0.8237,0,0
2023-06-21,sz.000739,18.0,18.12,17.59,17.65,8873330,157455029.24,0.7532,-2.2702,0,0
2023-06-26,sz.000739,17.61,17.8,17.34,17.66,5920271,104050733.98,0.5025,0.0567,0,0
2023-06-27,sz.000739,17.7,17.99,17.47,17.72,4438830,78754750.2,0.3768,0.3398,0,0
2023-06-28,sz.000739,17.75,17.8,17.35,17.49,5622898,98363018.16,0.4773,-1.298,0,0
2023-06-29,sz.000739,17.38,17.64,17.19,17.23,6408857,110994866.27,0.544,-1.4866,0,0
2023-06-30,sz.000739,17.21,18.21,17.2,17.74,11426137,203563371.6,0.9699,2.96,0,0
2023-07-03,sz.000739,17.73,18.0,17.48,17.78,8224255,146068973.81,0.6981,0.2255,0,0
2023-07-04,sz.000739,17.83,17.95,17.51,17.8,7672000,135838391.0,0.6512,0.1125,0,0
2023-07-05,sz.000739,17.76,17.88,17.63,17.7,4230308,74908739.36,0.3591,-0.5618,0,0
2023-07-06,sz.000739,17.7,17.71,17.36,17.38,4269508,74689773.86,0.3624,-1.8079,0,0
2023-07-07,sz.000739,17.39,17.53,17.31,17.38,3105300,54033847.0,0.2636,0.0,0,0
2023-07-10,sz.000739,17.42,17.65,17.32,17.41,6676582,116602596.71,0.5667,0.1726,0,0
2023-07-11,sz.000739,17.43,17.45,17.25,17.45,4988102,86534290.04,0.4234,0.2298,0,0
2023-07-12,sz.000739,17.46,17.49,17.08,17.11,5826294,100460497.19,0.4946,-1.9484,0,0
2023-07-13,sz.000739,17.11,17.45,17.1,17.31,6939773,120009130.91,0.5891,1.1689,0,0
2023-07-14,sz.000739,17.31,17.34,17.1,17.11,5995300,103182993.91,0.5089,-1.1554,0,0
2023-07-17,sz.000739,17.09,17.09,16.55,16.8,7764831,129931052.1,0.6591,-1.8118,0,0
2023-07-18,sz.000739,16.87,16.95,16.5,16.65,10138840,168486889.16,0.8606,-0.8929,0,0
2023-07-19,sz.000739,16.58,16.73,16.57,16.66,4165535,69275657.64,0.3536,0.0601,0,0
2023-07-20,sz.000739,16.67,17.1,16.59,16.88,8267104,139902238.58,0.7017,1.3205,0,0
2023-07-21,sz.000739,16.81,17.15,16.7,16.94,5385735,91324884.11,0.4572,0.3555,0,0
2023-07-24,sz.000739,16.95,17.18,16.9,17.06,4620217,78770702.81,0.3922,0.7084,0,0
2023-07-25,sz.000739,17.1,17.35,17.05,17.25,6255661,107606309.11,0.531,1.1137,0,0
2023-07-26,sz.000739,17.25,17.82,17.21,17.67,9899788,174135282.65,0.8403,2.4348,0,0
2023-07-27,sz.000739,17.67,17.85,17.55,17.59,7828961,138290283.71,0.6646,-0.4527,0,0
2023-07-28,sz.000739,17.59,17.69,17.48,17.62,4739343,83409030.58,0.4023,0.1706,0,0
2023-07-31,sz.000739,17.67,17.84,17.55,17.63,8821254,155835528.06,0.7488,0.0568,0,0
2023-08-01,sz.000739,17.66,17.88,17.55,17.68,9223406,163506262.9,0.7829,0.2836,0,0
2023-08-02,sz.000739,17.62,17.71,17.49,17.54,6939384,122149014.12,0.589,-0.7919,0,0
2023-08-03,sz.000739,17.5,18.03,17.45,17.91,12472862,222354091.83,1.0587,2.1095,0,0
2023-08-04,sz.000739,17.91,18.13,17.5,17.55,8184820,144459795.6,0.6948,-2.0101,0,0
2023-08-07,sz.000739,17.5,17.56,16.97,17.07,10511920,180659414.98,0.8923,-2.735,0,0
2023-08-08,sz.000739,17.08,17.3,16.81,17.23,6984734,119373090.23,0.5929,0.9373,0,0
2023-08-09,sz.000739,17.21,17.58,17.12,17.41,7655709,133360518.72,0.6498,1.0447,0,0
2023-08-10,sz.000739,17.4,17.69,17.31,17.63,7048257,123727906.33,0.5983,1.2636,0,0
2023-08-11,sz.000739,17.6,17.76,17.41,17.45,6984026,122791897.84,0.5928,-1.021,0,0
2023-08-14,sz.000739,17.37,17.46,17.09,17.39,5480700,94534262.49,0.4652,-0.3438,0,0
2023-08-15,sz.000739,17.68,18.45,17.58,18.36,29992552,543315306.71,2.5459,5.5779,0,0
2023-08-16,sz.000739,18.22,18.37,17.98,18.03,20580896,374174786.06,1.747,-1.7974,0,0
2023-08-17,sz.000739,18.05,18.13,17.6,17.83,15816240,280993931.92,1.3425,-1.1093,0,0
2023-08-18,sz.000739,17.77,17.78,17.4,17.42,13204200,231898155.84,1.1208,-2.2995,0,0
2023-08-21,sz.000739,17.4,17.4,16.6,16.63,16101703,270932248.91,1.3668,-4.535,0,0
2023-08-22,sz.000739,16.68,16.79,15.92,16.45,16367400,266107605.71,1.3893,-1.0824,0,0
2023-08-23,sz.000739,16.35,16.48,16.06,16.12,6912106,112431136.76,0.5867,-2.0061,0,0
2023-08-24,sz.000739,16.11,16.79,15.97,16.68,10720960,176015274.48,0.91,3.4739,0,0
2023-08-25,sz.000739,16.6,16.9,16.35,16.48,7099978,117783714.37,0.6027,-1.199,0,0
2023-08-28,sz.000739,17.48,17.49,16.76,16.88,12206992,208037904.67,1.0362,2.4272,0,0
2023-08-29,sz.000739,16.81,17.85,16.75,17.71,13306233,231905278.45,1.1295,4.9171,0,0
2023-08-30,sz.000739,17.68,17.72,17.34,17.5,7230016,126498187.64,0.6137,-1.1858,0,0
2023-08-31,sz.000739,17.47,17.66,17.42,17.55,4951221,86831903.52,0.4203,0.2857,0,0
2023-09-01,sz.000739,17.55,17.65,17.38,17.54,5995420,104919468.32,0.5089,-0.057,0,0
2023-09-04,sz.000739,17.59,17.66,17.46,17.54,5618311,98477688.17,0.4769,0.0,0,0
2023-09-05,sz.000739,17.47,17.57,17.4,17.49,5647800,98696123.84,0.4794,-0.2851,0,0
2023-09-06,sz.000739,17.4,17.48,17.16,17.21,6021138,104086551.1,0.5111,-1.6009,0,0
2023-09-07,sz.000739,17.19,17.24,16.77,16.78,4876571,82572852.88,0.4139,-2.4985,0,0
2023-09-08,sz.000739,16.86,16.93,16.52,16.52,4518970,75425201.67,0.3836,-1.5495,0,0
2023-09-11,sz.000739,16.53,17.15,16.53,16.99,7808095,132208944.92,0.6628,2.845,0,0
2023-09-12,sz.000739,16.96,17.63,16.88,17.48,10540345,182863627.69,0.8947,2.884,0,0
2023-09-13,sz.000739,17.47,17.6,17.28,17.43,6574173,114362942.58,0.558,-0.286,0,0
2023-09-14,sz.000739,17.43,17.65,17.28,17.59,6680106,116911299.86,0.567,0.918,0,0
2023-09-15,sz.000739,17.51,18.05,17.5,17.91,11915965,212910198.88,1.0115,1.8192,0,0
2023-09-18,sz.000739,17.89,18.08,17.7,17.94,6759470,120826019.83,0.5738,0.1675,0,0
2023-09-19,sz.000739,17.9,18.09,17.72,17.86,6213448,110923397.07,0.5274,-0.4459,0,0
2023-09-20,sz.000739,17.77,18.0,17.68,17.79,4964800,88581638.0,0.4214,-0.3919,0,0
2023-09-21,sz.000739,17.77,17.79,17.52,17.65,4773079,84159225.3,0.4052,-0.787,0,0
2023-09-22,sz.000739,17.61,17.87,17.44,17.86,7262360,128242528.4,0.6165,1.1898,0,0
2023-09-25,sz.000739,17.8,18.08,17.66,17.97,10469443,188087300.29,0.8887,0.6159,0,0
2023-09-26,sz.000739,17.9,18.08,17.7,17.79,7358395,131509497.47,0.6246,-1.0017,0,0
2023-09-27,sz.000739,17.83,18.25,17.81,18.2,14580008,264054161.6,1.2376,2.3047,0,0
2023-09-28,sz.000739,18.28,18.31,17.95,17.99,9052373,163706864.26,0.7684,-1.1538,0,0
2023-10-09,sz.000739,17.96,18.15,17.68,18.07,8638646,155070960.88,0.7333,0.4447,0,0
2023-10-10,sz.000739,18.05,18.05,17.65,17.71,5599600,99572048.0,0.4753,-1.9923,0,0
2023-10-11,sz.000739,17.72,18.35,17.66,18.04,12636339,228181833.17,1.0726,1.8634,0,0
2023-10-12,sz.000739,18.04,18.52,17.99,18.4,14807173,270521319.24,1.2569,1.9956,0,0
2023-10-13,sz.000739,18.33,19.15,18.22,19.05,31265975,590302476.82,2.654,3.5326,0,0
2023-10-16,sz.000739,19.3,19.7,19.01,19.32,42335460,817703643.35,3.5936,1.4173,0,0
2023-10-17,sz.000739,19.1,19.28,18.74,19.2,21193462,402254738.66,1.799,-0.6211,0,0
2023-10-18,sz.000739,19.2,19.2,18.37,18.66,15757372,293215479.63,1.3375,-2.8125,0,0
2023-10-19,sz.000739,17.69,17.69,16.79,16.86,31951712,541511769.97,2.7122,-9.6463,0,0
2023-10-20,sz.000739,16.6,16.85,16.48,16.52,15440889,256128369.85,1.3107,-2.0166,0,0
2023-10-23,sz.000739,16.44,16.44,15.72,15.87,15285660,245483404.57,1.2975,-3.9346,0,0
2023-10-24,sz.000739,15.99,16.11,15.5,15.6,16931166,265431656.51,1.4372,-1.7013,0,0
2023-10-25,sz.000739,15.71,15.79,15.51,15.66,14502099,226792029.5,1.231,0.3846,0,0
2023-10-26,sz.000739,15.5,15.79,15.36,15.68,10224330,159052027.72,0.8679,0.1277,0,0
2023-10-27,sz.000739,15.57,16.95,15.41,16.87,24606882,403142264.34,2.0887,7.5893,0,0
2023-10-30,sz.000739,16.97,17.55,16.66,17.41,22138212,382491661.49,1.8792,3.2009,0,0
2023-10-31,sz.000739,17.34,17.63,17.1,17.23,13504229,233536420.99,1.1463,-1.0339,0,0
2023-11-01,sz.000739,17.22,17.25,16.83,17.06,10062131,171276307.63,0.8541,-0.9867,0,0
2023-11-02,sz.000739,17.1,17.24,16.98,17.01,7941114,135696696.79,0.6741,-0.2931,0,0
2023-11-03,sz.000739,17.01,17.27,16.85,16.87,10124853,172497692.24,0.8594,-0.823,0,0
2023-11-06,sz.000739,17.3,17.45,17.11,17.26,12652361,218557838.69,1.074,2.3118,0,0
2023-11-07,sz.000739,17.28,17.38,16.97,17.0,8843541,151704954.67,0.7507,-1.5064,0,0
2023-11-08,sz.000739,17.0,17.53,16.96,17.46,13242284,229559795.89,1.1241,2.7059,0,0
2023-11-09,sz.000739,17.63,17.69,16.91,17.0,10915117,187462311.16,0.9265,-2.6346,0,0
2023-11-10,sz.000739,16.8,17.2,16.7,16.94,8864208,150262621.0,0.7524,-0.3529,0,0
2023-11-13,sz.000739,17.14,17.15,16.75,16.95,7712045,130178274.06,0.6546,0.059,0,0
2023-11-14,sz.000739,16.9,17.07,16.76,16.78,7507026,126817524.75,0.6372,-1.0029,0,0
2023-11-15,sz.000739,16.93,17.05,16.82,16.88,7300955,123559904.29,0.6197,0.5959,0,0
2023-11-16,sz.000739,16.86,16.91,16.55,16.59,7164724,119378346.65,0.6082,-1.718,0,0
2023-11-17,sz.000739,16.53,16.69,16.39,16.62,6098084,100948167.72,0.5176,0.1808,0,0
2023-11-20,sz.000739,16.63,16.8,16.56,16.7,6330204,105602984.15,0.5373,0.4813,0,0
2023-11-21,sz.000739,16.7,16.95,16.6,16.8,8703107,146164713.15,0.7388,0.5988,0,0
2023-11-22,sz.000739,16.73,16.77,16.5,16.51,5437800,90337140.0,0.4616,-1.7262,0,0
2023-11-23,sz.000739,16.54,16.95,16.48,16.93,8668323,145655680.69,0.7358,2.5439,0,0
2023-11-24,sz.000739,17.02,17.19,16.74,16.93,9066155,153806160.74,0.7696,0.0,0,0
2023-11-27,sz.000739,16.96,17.01,16.61,16.61,6924909,115710292.38,0.5878,-1.8901,0,0
2023-11-28,sz.000739,16.56,16.82,16.32,16.75,5762185,95766068.0,0.4891,0.8429,0,0
2023-11-29,sz.000739,16.72,16.89,16.61,16.62,6217154,104236323.75,0.5277,-0.7761,0,0
2023-11-30,sz.000739,16.63,16.75,16.46,16.68,4376686,72710552.81,0.3715,0.361,0,0
2023-12-01,sz.000739,16.61,16.7,16.4,16.45,6330199,104538187.23,0.5373,-1.3789,0,0
2023-12-04,sz.000739,16.45,16.45,15.82,16.08,18131678,290824233.28,1.5391,-2.2492,0,0
2023-12-05,sz.000739,16.05,16.16,15.73,15.79,10927600,173820687.0,0.9276,-1.8035,0,0
2023-12-06,sz.000739,15.78,16.08,15.7,15.89,7067673,112071487.97,0.5999,0.6333,0,0
2023-12-07,sz.000739,15.89,15.9,15.63,15.7,5612395,88227698.42,0.4764,-1.1957,0,0
2023-12-08,sz.000739,15.64,15.83,15.43,15.47,10352398,161044394.41,0.8787,-1.465,0,0
2023-12-11,sz.000739,15.4,15.59,15.19,15.47,9614225,147811757.8,0.8161,0.0,0,0
2023-12-12,sz.000739,15.49,15.73,15.41,15.65,7987413,124796204.8,0.678,1.1635,0,0
2023-12-13,sz.000739,15.68,15.98,15.52,15.66,8186689,129163417.21,0.6949,0.0639,0,0
2023-12-14,sz.000739,15.75,15.87,15.5,15.5,5825845,91163509.49,0.4945,-1.0217,0,0
2023-12-15,sz.000739,15.52,15.59,15.28,15.32,4965025,76556075.57,0.4214,-1.1613,0,0
2023-12-18,sz.000739,15.32,15.37,15.12,15.17,4262453,64936530.55,0.3618,-0.9791,0,0
2023-12-19,sz.000739,15.13,15.17,14.88,15.04,6030732,90290529.1,0.5119,-0.857,0,0
2023-12-20,sz.000739,15.02,15.16,14.8,14.81,4228110,63119521.82,0.3589,-1.5293,0,0
2023-12-21,sz.000739,14.75,15.02,14.59,14.84,6926164,102597792.81,0.5879,0.2026,0,0
2023-12-22,sz.000739,14.82,14.89,14.64,14.73,4725442,69666434.68,0.4011,-0.7412,0,0
2023-12-25,sz.000739,14.71,15.27,14.71,15.15,6896204,103290744.59,0.5854,2.8513,0,0
2023-12-26,sz.000739,15.14,15.2,14.72,14.86,5096984,75966879.98,0.4327,-1.9142,0,0
2023-12-27,sz.000739,14.89,14.95,14.72,14.91,5385892,79889742.91,0.4572,0.3365,0,0
2023-12-28,sz.000739,14.9,15.27,14.77,15.15,7543948,113644517.49,0.6404,1.6097,0,0
2023-12-29,sz.000739,15.12,15.47,15.08,15.39,7110055,109092456.15,0.6035,1.5842,0,0
2024-01-02,sz.000739,15.42,15.6,15.23,15.49,7146190,110364369.8,0.6066,0.6498,0,0
2024-01-03,sz.000739,15.36,15.64,15.29,15.41,6625945,102423884.3,0.5624,-0.5165,0,0
2024-01-04,sz.000739,15.45,15.45,15.22,15.31,3886265,59439063.17,0.3299,-0.6489,0,0
2024-01-05,sz.000739,15.28,15.38,14.89,14.97,5772524,87055326.36,0.49,-2.2208,0,0
2024-01-08,sz.000739,14.91,14.92,14.47,14.47,6837815,100007313.32,0.5804,-3.34,0,0
2024-01-09,sz.000739,14.49,14.75,14.25,14.65,6591085,95723354.32,0.5595,1.244,0,0
2024-01-10,sz.000739,14.63,14.76,14.3,14.36,5744367,83457964.8,0.4876,-1.9795,0,0
2024-01-11,sz.000739,14.67,14.76,14.3,14.65,7057822,102843551.23,0.5991,2.0195,0,0
2024-01-12,sz.000739,14.65,14.73,14.48,14.48,4104584,59857284.91,0.3484,-1.1604,0,0
2024-01-15,sz.000739,14.42,14.6,14.33,14.39,4133373,59695961.1,0.3509,-0.6215,0,0
2024-01-16,sz.000739,14.36,14.44,14.09,14.34,7894735,112704454.59,0.6701,-0.3475,0,0
2024-01-17,sz.000739,14.25,14.54,13.69,13.7,9582374,134053235.46,0.8134,-4.463,0,0
2024-01-18,sz.000739,13.65,13.98,13.43,13.94,10605485,144659743.37,0.9002,1.7518,0,0
2024-01-19,sz.000739,13.9,14.04,13.58,13.59,6146300,84671713.0,0.5217,-2.5108,0,0
2024-01-22,sz.000739,13.63,13.68,12.77,12.81,10467066,138303926.28,0.8885,-5.7395,0,0
2024-01-23,sz.000739,12.81,13.48,12.72,13.35,10639462,139874184.01,0.9031,4.2155,0,0
2024-01-24,sz.000739,13.35,13.56,12.82,13.29,8622100,113518031.56,0.7319,-0.4494,0,0
2024-01-25,sz.000739,13.39,13.77,13.3,13.69,6868000,93238758.0,0.583,3.0098,0,0
2024-01-26,sz.000739,13.7,13.83,13.19,13.3,8294826,112007498.58,0.7041,-2.8488,0,0
2024-01-29,sz.000739,13.15,13.35,12.86,12.94,8787316,114622914.66,0.7459,-2.7068,0,0
2024-01-30,sz.000739,12.88,13.1,12.69,12.72,6770987,87120327.64,0.5747,-1.7002,0,0
2024-01-31,sz.000739,12.6,12.69,12.04,12.15,11253923,138596953.43,0.9553,-4.4811,0,0
2024-02-01,sz.000739,12.15,12.29,11.92,11.98,11638560,140750781.44,0.9879,-1.3992,0,0
2024-02-02,sz.000739,11.94,12.05,11.1,11.49,13697746,159908359.66,1.1627,-4.0902,0,0
2024-02-05,sz.000739,11.51,11.58,10.66,11.04,17566682,194804083.84,1.4911,-3.9164,0,0
2024-02-06,sz.000739,11.0,12.14,10.88,12.14,15623855,182861039.24,1.3262,9.9638,1,0
2024-02-07,sz.000739,12.68,13.35,12.38,13.35,21931055,288583194.83,1.8616,9.9671,1,0
2024-02-08,sz.000739,13.94,14.44,13.46,13.5,33016608,460237713.17,2.8026,1.1236,0,0
2024-02-19,sz.000739,13.95,13.95,13.31,13.6,20843031,283835232.27,1.7692,0.7407,0,0
2024-02-20,sz.000739,13.37,14.01,13.3,13.72,16727756,229674186.65,1.4199,0.8824,0,0
2024-02-21,sz.000739,13.4,13.92,13.23,13.61,16522130,225318184.1,1.4025,-0.8017,0,0
2024-02-22,sz.000739,13.49,13.71,13.49,13.68,10182106,138618897.34,0.8643,0.5143,0,0
2024-02-23,sz.000739,13.64,13.64,13.25,13.58,14853591,199689152.87,1.2608,-0.731,0,0
2024-02-26,sz.000739,13.56,13.88,13.41,13.62,14652890,199932617.48,1.2438,0.2946,0,0
2024-02-27,sz.000739,13.62,13.78,13.5,13.78,14343034,195139849.02,1.2175,1.1747,0,0
2024-02-28,sz.000739,13.85,14.25,13.51,13.52,23756212,331955445.53,2.0165,-1.8868,0,0
2024-02-29,sz.000739,13.42,14.1,13.42,13.98,26753780,369689562.74,2.271,3.4024,0,0
2024-03-01,sz.000739,14.02,14.16,13.75,14.01,17131275,239162136.49,1.4542,0.2146,0,0
2024-03-04,sz.000739,13.96,14.55,13.9,14.17,21163244,299896289.44,1.7964,1.142,0,0
2024-03-05,sz.000739,14.02,14.12,13.83,13.88,15094441,210370049.69,1.2813,-2.0466,0,0
2024-03-06,sz.000739,13.95,14.05,13.68,13.89,12400456,171991061.48,1.0526,0.072,0,0
2024-03-07,sz.000739,13.76,13.92,13.51,13.52,11857954,162624354.71,1.0065,-2.6638,0,0
2024-03-08,sz.000739,13.46,13.68,12.94,13.27,21869303,289126075.24,1.8563,-1.8491,0,0
2024-03-11,sz.000739,13.22,13.66,13.12,13.64,20824961,278224341.14,1.7677,2.7882,0,0
2024-03-12,sz.000739,13.59,13.97,13.58,13.81,17692403,244028200.25,1.5018,1.2463,0,0
2024-03-13,sz.000739,13.81,13.88,13.58,13.74,12298135,168580582.34,1.0439,-0.5069,0,0
2024-03-14,sz.000739,14.07,14.22,13.72,13.82,21834523,304039852.66,1.8534,0.5822,0,0
2024-03-15,sz.000739,13.76,14.04,13.62,13.86,13319248,184073538.45,1.1306,0.2894,0,0
2024-03-18,sz.000739,13.83,13.9,13.63,13.89,16170046,223058863.46,1.3726,0.2165,0,0
2024-03-19,sz.000739,13.87,13.88,13.56,13.56,14393076,197368826.32,1.2217,-2.3758,0,0
2024-03-20,sz.000739,13.55,13.7,13.38,13.67,11828882,160297317.72,1.0041,0.8112,0,0
2024-03-21,sz.000739,13.7,13.74,13.5,13.51,11202925,152471948.75,0.9509,-1.1704,0,0
2024-03-22,sz.000739,13.51,13.53,13.03,13.09,14113745,186219928.92,1.198,-3.1088,0,0
2024-03-25,sz.000739,13.05,13.25,12.76,12.77,10598736,137638238.59,0.8997,-2.4446,0,0
2024-03-26,sz.000739,12.68,12.82,12.46,12.55,15147136,190374548.69,1.2857,-1.7228,0,0
2024-03-27,sz.000739,12.52,12.68,12.23,12.26,11532201,143868729.6,0.9789,-2.3108,0,0
2024-03-28,sz.000739,12.37,12.7,12.35,12.45,14333181,179454882.85,1.2166,1.5498,0,0
2024-03-29,sz.000739,12.48,12.55,12.38,12.55,7953107,99227527.08,0.6751,0.8032,0,0
2024-04-01,sz.000739,12.6,12.91,12.59,12.86,11362936,144935165.92,0.9645,2.4701,0,0
2024-04-02,sz.000739,12.8,13.07,12.69,13.03,12827286,165094460.85,1.0888,1.3219,0,0
2024-04-03,sz.000739,12.89,13.1,12.81,12.83,11110066,143560261.66,0.9431,-1.5349,0,0
2024-04-08,sz.000739,12.81,12.81,12.4,12.4,10719175,134263768.6,0.9099,-3.3515,0,0
2024-04-09,sz.000739,12.36,12.74,12.32,12.72,9246870,115884324.36,0.7849,2.5806,0,0
2024-04-10,sz.000739,12.88,13.35,12.85,13.3,34351257,451887787.2,2.9158,4.5597,0,0
2024-04-11,sz.000739,13.1,13.52,13.03,13.24,22720180,302019302.1,1.9286,-0.4511,0,0
2024-04-12,sz.000739,13.15,13.33,12.73,12.85,19783662,255911310.84,1.6793,-2.9456,0,0
2024-04-15,sz.000739,12.85,13.26,12.79,13.01,17511419,228179346.61,1.4864,1.2451,0,0
2024-04-16,sz.000739,12.95,13.29,12.88,12.9,22037602,288313719.48,1.8706,-0.8455,0,0
2024-04-17,sz.000739,12.86,13.0,12.66,13.0,21814938,280094454.81,1.8517,0.7752,0,0
2024-04-18,sz.000739,12.87,13.18,12.75,12.9,16883669,219413233.03,1.4331,-0.7692,0,0
2024-04-19,sz.000739,12.8,12.84,12.49,12.69,14730572,186173379.53,1.2504,-1.6279,0,0
2024-04-22,sz.000739,12.68,13.14,12.66,13.05,16632312,216458503.62,1.4118,2.8369,0,0
2024-04-23,sz.000739,13.05,13.56,13.0,13.53,21835858,290322474.52,1.8535,3.6782,0,0
2024-04-24,sz.000739,13.46,13.55,13.24,13.49,13041343,174540061.41,1.107,-0.2956,0,0
2024-04-25,sz.000739,13.47,13.8,13.4,13.6,12858768,175625588.0,1.0915,0.8154,0,0
2024-04-26,sz.000739,13.49,13.67,13.42,13.64,14075796,190837484.76,1.1948,0.2941,0,0
2024-04-29,sz.000739,13.64,14.1,13.56,13.92,19612815,271176960.89,1.6648,2.0528,0,0
2024-04-30,sz.000739,13.87,14.31,13.72,14.11,16804977,236141594.29,1.4265,1.3649,0,0
2024-05-06,sz.000739,14.6,14.92,14.25,14.85,27471671,402627410.96,2.3319,5.2445,0,0
2024-05-07,sz.000739,14.8,15.15,14.62,14.96,22836395,339894421.13,1.9384,0.7407,0,0
2024-05-08,sz.000739,14.85,16.08,14.77,15.66,44548761,684784625.38,3.7814,4.6791,0,0
2024-05-09,sz.000739,15.28,15.89,15.1,15.6,39790982,619721575.65,3.3776,-0.3831,0,0
2024-05-10,sz.000739,15.55,15.89,15.32,15.64,26027682,407994926.36,2.2093,0.2564,0,0
2024-05-13,sz.000739,15.6,16.07,15.31,15.35,22776987,354042141.45,1.9334,-1.8542,0,0
2024-05-14,sz.000739,15.35,15.78,15.15,15.71,18789627,292744543.38,1.5949,2.3453,0,0
2024-05-15,sz.000739,15.6,16.15,15.4,15.79,16118200,254365088.0,1.3682,0.5092,0,0
2024-05-16,sz.000739,15.72,16.15,15.7,15.83,16182560,257818738.37,1.3736,0.2533,0,0
2024-05-17,sz.000739,15.91,15.92,15.4,15.55,14339216,222930616.05,1.2172,-1.7688,0,0
2024-05-20,sz.000739,15.4,15.75,15.4,15.66,10011484,156512046.29,0.8498,0.7074,0,0
2024-05-21,sz.000739,15.65,15.8,15.45,15.77,8995903,140839690.09,0.7636,0.7024,0,0
2024-05-22,sz.000739,15.72,15.9,15.6,15.7,6971023,109854025.35,0.5917,-0.4439,0,0
2024-05-23,sz.000739,15.48,15.48,14.98,15.03,8724170,132155789.41,0.7405,-2.3392,0,0
2024-05-24,sz.000739,15.15,15.28,14.91,14.95,9149147,137827495.82,0.7766,-0.5323,0,0
2024-05-27,sz.000739,15.01,15.09,14.61,15.0,11524260,170968760.62,0.9782,0.3344,0,0
2024-05-28,sz.000739,14.88,15.07,14.7,14.75,9095932,134978760.8,0.7721,-1.6667,0,0
2024-05-29,sz.000739,14.72,14.82,14.51,14.59,9398274,137555256.25,0.7978,-1.0847,0,0
2024-05-30,sz.000739,14.53,14.75,14.45,14.59,6259743,91176838.44,0.5313,0.0,0,0
2024-05-31,sz.000739,14.59,14.86,14.51,14.54,4769842,69636150.26,0.4049,-0.3427,0,0
2024-06-03,sz.000739,14.56,14.71,14.34,14.41,6878104,99543378.36,0.5838,-0.8941,0,0
2024-06-04,sz.000739,14.41,14.93,14.39,14.88,10034900,147626558.0,0.8518,3.2616,0,0
2024-06-05,sz.000739,14.88,15.04,14.72,14.72,5798568,86383619.45,0.4961,-1.0753,0,0
2024-06-06,sz.000739,14.87,14.88,14.48,14.53,7972111,116619208.78,0.682,-1.2908,0,0
2024-06-07,sz.000739,14.55,14.71,14.51,14.61,7096458,103517811.39,0.6071,0.5506,0,0
2024-06-11,sz.000739,14.32,14.7,14.19,14.67,6822580,98911282.2,0.5837,0.4107,0,0
2024-06-12,sz.000739,14.58,14.77,14.34,14.48,10221000,148228739.0,0.8744,-1.2952,0,0
2024-06-13,sz.000739,14.41,14.49,14.22,14.28,8264056,118255770.9,0.707,-1.3812,0,0
2024-06-14,sz.000739,14.26,14.46,14.14,14.4,7865836,112511641.61,0.6729,0.8403,0,0
2024-06-17,sz.000739,14.28,14.64,14.25,14.57,6495324,94249860.84,0.5557,1.1806,0,0
2024-06-18,sz.000739,14.64,14.66,14.42,14.63,8771966,127645341.1,0.7505,0.4118,0,0
2024-06-19,sz.000739,14.5,14.69,14.33,14.35,4576447,66001376.45,0.3915,-1.9139,0,0
2024-06-20,sz.000739,14.39,14.55,14.03,14.04,5589803,79409975.27,0.4782,-2.1603,0,0
2024-06-21,sz.000739,13.99,14.3,13.91,14.11,5996500,84476916.0,0.513,0.4986,0,0
2024-06-24,sz.000739,14.1,14.1,13.52,13.79,10555647,145344763.96,0.9031,-2.2679,0,0
2024-06-25,sz.000739,13.8,13.89,13.51,13.57,5283100,72261916.21,0.452,-1.5954,0,0
2024-06-26,sz.000739,13.59,13.94,13.59,13.92,3891500,53529240.0,0.3329,2.5792,0,0
2024-06-27,sz.000739,13.9,13.9,13.52,13.56,4023288,54812224.8,0.3442,-2.5862,0,0
2024-06-28,sz.000739,13.57,13.8,13.51,13.57,5559200,75997550.0,0.4756,0.0737,0,0
2024-07-01,sz.000739,13.56,13.92,13.37,13.7,7455300,101766996.0,0.6378,0.958,0,0
2024-07-02,sz.000739,13.73,13.75,13.44,13.52,4708796,63800229.04,0.4028,-1.3139,0,0
2024-07-03,sz.000739,13.47,13.56,13.16,13.25,5931097,78973223.92,0.5074,-1.997,0,0
2024-07-04,sz.000739,13.3,13.4,12.9,12.94,4617914,60244341.8,0.3951,-2.3396,0,0
2024-07-05,sz.000739,12.95,13.45,12.9,13.4,7784480,102614461.2,0.666,3.5549,0,0
2024-07-08,sz.000739,13.35,13.44,12.81,12.85,6998408,91020196.48,0.5987,-4.1045,0,0
2024-07-09,sz.000739,12.85,13.05,12.7,13.0,7672200,99012627.0,0.6564,1.1673,0,0
2024-07-10,sz.000739,12.95,13.28,12.86,13.01,5794125,75802024.61,0.4957,0.0769,0,0
2024-07-11,sz.000739,13.2,13.56,13.12,13.55,6857032,92061053.84,0.5866,4.1507,0,0
2024-07-12,sz.000739,13.53,13.67,13.42,13.53,4611921,62368621.8,0.3946,-0.1476,0,0
2024-07-15,sz.000739,13.48,13.59,13.31,13.42,5899489,79409260.28,0.5047,-0.813,0,0
2024-07-16,sz.000739,13.42,13.73,13.35,13.68,6641280,90016944.28,0.5682,1.9374,0,0
2024-07-17,sz.000739,13.71,13.97,13.61,13.83,7636700,105481681.0,0.6533,1.0965,0,0
2024-07-18,sz.000739,13.8,13.96,13.7,13.9,5359540,74203430.6,0.4585,0.5061,0,0
2024-07-19,sz.000739,13.85,14.1,13.81,13.97,5474848,76401971.64,0.4684,0.5036,0,0
2024-07-22,sz.000739,13.98,14.35,13.95,14.28,7585789,107565700.89,0.649,2.219,0,0
2024-07-23,sz.000739,14.26,14.35,14.05,14.09,8361100,118831094.0,0.7153,-1.3305,0,0
2024-07-24,sz.000739,14.03,14.2,13.72,13.79,6226800,86959065.0,0.5327,-2.1292,0,0
2024-07-25,sz.000739,13.75,13.98,13.63,13.96,6497600,89925045.0,0.5559,1.2328,0,0
2024-07-26,sz.000739,13.93,14.15,13.87,14.06,4562600,64157194.0,0.3903,0.7163,0,0
2024-07-29,sz.000739,14.04,14.06,13.66,13.77,5036971,69396409.06,0.4309,-2.0626,0,0
2024-07-30,sz.000739,13.75,13.89,13.53,13.61,4448042,60748328.78,0.3805,-1.1619,0,0
2024-07-31,sz.000739,13.58,14.45,13.49,14.38,9061117,127960116.61,0.7752,5.6576,0,0
2024-08-01,sz.000739,14.35,14.66,14.22,14.63,7344500,106520512.4,0.6283,1.7385,0,0
2024-08-02,sz.000739,14.55,14.99,14.5,14.78,8220073,121952990.68,0.7032,1.0253,0,0
2024-08-05,sz.000739,14.77,15.27,14.71,14.83,12637564,189921226.14,1.0812,0.3383,0,0
2024-08-06,sz.000739,14.91,15.46,14.86,15.42,12382391,189089209.75,1.0593,3.9784,0,0
2024-08-07,sz.000739,15.39,15.4,15.07,15.11,10934839,166567619.29,0.9355,-2.0104,0,0
2024-08-08,sz.000739,15.1,15.55,15.03,15.46,11593798,178372718.1,0.9919,2.3163,0,0
2024-08-09,sz.000739,15.4,15.52,14.87,14.9,15289100,230953071.16,1.308,-3.6223,0,0
2024-08-12,sz.000739,14.97,15.38,14.84,15.17,11607444,176710753.72,0.993,1.8121,0,0
2024-08-13,sz.000739,15.16,15.24,14.91,15.06,6671244,100536591.24,0.5707,-0.7251,0,0
2024-08-14,sz.000739,15.08,15.15,14.92,15.03,5123300,77096227.0,0.4383,-0.1992,0,0
2024-08-15,sz.000739,15.01,15.14,14.81,14.87,8567748,127927474.32,0.733,-1.0645,0,0
2024-08-16,sz.000739,15.31,15.65,14.96,15.57,18684066,286954242.44,1.5985,4.7075,0,0
2024-08-19,sz.000739,15.74,15.98,15.45,15.49,17456090,273107416.3,1.4934,-0.5138,0,0
2024-08-20,sz.000739,15.5,15.5,14.87,14.93,10204398,153526454.1,0.873,-3.6152,0,0
2024-08-21,sz.000739,14.99,15.2,14.83,14.92,7151573,107398348.02,0.6118,-0.067,0,0
2024-08-22,sz.000739,15.0,15.03,14.69,14.87,6363236,94513149.46,0.5444,-0.3351,0,0
2024-08-23,sz.000739,14.85,14.96,14.7,14.84,6127483,90818799.38,0.5242,-0.2017,0,0
2024-08-26,sz.000739,14.52,15.04,14.45,14.88,7224423,106691902.55,0.6181,0.2695,0,0
2024-08-27,sz.000739,14.82,14.98,14.7,14.82,4698423,69647509.2,0.402,-0.4032,0,0
2024-08-28,sz.000739,14.74,15.07,14.74,14.92,4031197,60224768.52,0.3449,0.6748,0,0
2024-08-29,sz.000739,14.87,15.1,14.75,14.81,6754194,100505606.14,0.5778,-0.7373,0,0
2024-08-30,sz.000739,14.79,15.15,14.76,14.86,8082044,120875489.48,0.6914,0.3376,0,0
2024-09-02,sz.000739,14.8,15.16,14.68,14.95,8744381,130904545.49,0.7481,0.6057,0,0
2024-09-03,sz.000739,15.09,15.52,14.86,15.26,10122313,154966647.29,0.866,2.0736,0,0
2024-09-04,sz.000739,15.17,15.81,15.01,15.45,9962346,155187240.61,0.8523,1.2451,0,0
2024-09-05,sz.000739,15.49,15.68,15.39,15.55,4831983,75214760.43,0.4134,0.6472,0,0
2024-09-06,sz.000739,15.55,15.63,15.13,15.17,3919598,60131205.98,0.3353,-2.4437,0,0
2024-09-09,sz.000739,15.16,15.39,15.12,15.19,5206010,79281605.26,0.4454,0.1318,0,0
2024-09-10,sz.000739,15.17,15.25,14.69,14.95,8065955,119685378.81,0.6901,-1.58,0,0
2024-09-11,sz.000739,14.88,15.14,14.82,14.98,4375100,65613464.47,0.3743,0.2007,0,0
2024-09-12,sz.000739,15.07,15.12,14.78,14.85,4580052,68306601.91,0.3918,-0.8678,0,0
2024-09-13,sz.000739,14.85,14.9,14.62,14.63,4573410,67359405.01,0.3913,-1.4815,0,0
2024-09-18,sz.000739,14.63,14.8,14.53,14.72,5127151,75219687.92,0.4386,0.6152,0,0
2024-09-19,sz.000739,14.89,14.9,14.54,14.6,5192760,76100029.4,0.4443,-0.8152,0,0
2024-09-20,sz.000739,14.59,14.63,14.23,14.41,4434966,63746693.42,0.3794,-1.3014,0,0
2024-09-23,sz.000739,14.53,14.65,14.12,14.17,6506200,93216675.0,0.5566,-1.6655,0,0
2024-09-24,sz.000739,14.33,14.45,13.9,14.45,9875500,140620936.25,0.8449,1.976,0,0
2024-09-25,sz.000739,14.58,14.8,14.32,14.37,10708800,156139932.0,0.9162,-0.5536,0,0
2024-09-26,sz.000739,14.31,14.74,14.07,14.73,13113593,188375328.66,1.1219,2.5052,0,0
2024-09-27,sz.000739,14.95,16.1,14.92,15.78,17195184,266803136.15,1.4711,7.1283,0,0
2024-09-30,sz.000739,16.18,17.33,16.15,17.24,22757219,382414022.4,1.947,9.2522,0,0
2024-10-08,sz.000739,18.96,18.96,17.0,18.07,27170955,491154421.56,2.3246,4.8144,0,0
2024-10-09,sz.000739,18.01,18.41,17.2,17.37,20825186,370907401.35,1.7817,-3.8738,0,0
2024-10-10,sz.000739,17.37,18.09,17.25,17.79,18992298,337466159.34,1.6249,2.418,0,0
2024-10-11,sz.000739,17.71,17.75,16.39,16.64,16197769,273189071.86,1.3858,-6.4643,0,0
2024-10-14,sz.000739,16.61,16.8,15.98,16.57,15975291,262592443.54,1.3667,-0.4207,0,0
2024-10-15,sz.000739,16.57,16.78,16.35,16.38,8594900,142282625.96,0.7353,-1.1467,0,0
2024-10-16,sz.000739,16.2,16.6,16.1,16.25,7320103,119464448.26,0.6263,-0.7937,0,0
2024-10-17,sz.000739,16.31,16.52,16.16,16.16,6882000,112463737.42,0.5888,-0.5538,0,0
2024-10-18,sz.000739,15.7,16.37,15.14,16.02,35122621,550807362.7,3.0049,-0.8663,0,0
2024-10-21,sz.000739,16.06,16.19,15.6,15.81,26599844,422132691.16,2.2757,-1.3109,0,0
2024-10-22,sz.000739,15.81,16.15,15.72,16.02,19245803,307582725.9,1.6465,1.3283,0,0
2024-10-23,sz.000739,16.16,16.35,15.98,16.25,23361591,378240572.66,1.9987,1.4357,0,0
2024-10-24,sz.000739,16.29,16.56,16.24,16.24,22421869,366862974.17,1.9183,-0.0615,0,0
2024-10-25,sz.000739,16.25,16.59,15.84,16.48,22757106,370277773.58,1.9469,1.4778,0,0
2024-10-28,sz.000739,16.55,16.89,16.38,16.89,21208642,353154001.57,1.8145,2.4879,0,0
2024-10-29,sz.000739,17.02,17.18,16.55,16.57,20144614,338061751.47,1.7234,-1.8946,0,0
2024-10-30,sz.000739,16.44,16.65,16.15,16.33,12875199,210684737.5,1.1015,-1.4484,0,0
2024-10-31,sz.000739,16.23,16.36,16.05,16.14,14185257,229674343.24,1.2136,-1.1635,0,0
2024-11-01,sz.000739,16.09,16.29,15.92,16.1,12026948,194051421.07,1.0289,-0.2478,0,0
2024-11-04,sz.000739,16.1,16.47,16.05,16.28,13678376,221600805.27,1.1702,1.118,0,0
2024-11-05,sz.000739,16.21,16.47,16.08,16.43,18495026,302273392.78,1.5823,0.9214,0,0
2024-11-06,sz.000739,16.46,17.05,16.31,16.68,23685693,395352300.45,2.0264,1.5216,0,0
2024-11-07,sz.000739,16.51,17.1,16.5,17.0,16832027,284364490.36,1.44,1.9185,0,0
2024-11-08,sz.000739,17.1,17.24,16.69,16.79,19721190,332205817.54,1.6872,-1.2353,0,0
2024-11-11,sz.000739,16.68,16.98,16.57,16.97,14827941,249177429.83,1.2686,1.0721,0,0
2024-11-12,sz.000739,17.05,17.52,16.93,17.13,21525245,371616278.32,1.8416,0.9428,0,0
2024-11-13,sz.000739,17.15,17.25,16.72,16.95,12439551,210760052.63,1.0642,-1.0508,0,0
2024-11-14,sz.000739,16.86,17.08,16.61,16.66,9945281,167411407.95,0.8509,-1.7109,0,0
2024-11-15,sz.000739,16.63,16.73,16.27,16.32,10731247,177503615.37,0.9181,-2.0408,0,0
2024-11-18,sz.000739,16.32,16.46,15.98,16.11,10124069,164339478.71,0.8661,-1.2868,0,0
2024-11-19,sz.000739,16.01,16.29,15.97,16.24,6917849,111864398.3,0.5918,0.807,0,0
2024-11-20,sz.000739,16.25,16.62,16.2,16.47,10115800,166307853.0,0.8654,1.4163,0,0
2024-11-21,sz.000739,16.4,16.5,16.17,16.29,6195200,100931908.0,0.53,-1.0929,0,0
2024-11-22,sz.000739,16.23,16.27,15.7,15.72,9865217,157460721.63,0.844,-3.4991,0,0
2024-11-25,sz.000739,15.7,15.83,15.4,15.6,6703833,104547302.02,0.5735,-0.7634,0,0
2024-11-26,sz.000739,15.5,15.86,15.31,15.36,8055610,124964100.1,0.6892,-1.5385,0,0
2024-11-27,sz.000739,15.39,15.83,15.34,15.82,9070784,141313922.24,0.776,2.9948,0,0
2024-11-28,sz.000739,15.84,16.37,15.8,16.15,13305098,215449548.21,1.1383,2.086,0,0
2024-11-29,sz.000739,16.15,16.72,16.12,16.62,18284693,300023548.0,1.5643,2.9102,0,0
2024-12-02,sz.000739,16.63,16.87,16.53,16.63,11907171,198559566.92,1.0187,0.0602,0,0
2024-12-03,sz.000739,16.63,16.8,16.53,16.63,10937860,182215309.0,0.9358,0.0,0,0
2024-12-04,sz.000739,16.57,16.58,16.15,16.21,6983932,114225744.86,0.5975,-2.5256,0,0
2024-12-05,sz.000739,16.16,16.2,15.92,16.1,5709599,91645043.95,0.4885,-0.6786,0,0
2024-12-06,sz.000739,16.08,16.48,15.96,16.44,7249700,117995885.05,0.6202,2.1118,0,0
2024-12-09,sz.000739,16.61,16.73,16.32,16.46,8739103,144371489.19,0.7477,0.1217,0,0
2024-12-10,sz.000739,16.75,16.84,16.39,16.45,8980155,149116953.7,0.7683,-0.0608,0,0
2024-12-11,sz.000739,16.38,16.75,16.35,16.61,6610884,109733206.5,0.5656,0.9726,0,0
2024-12-12,sz.000739,16.57,16.74,16.46,16.64,5910402,98185017.83,0.5057,0.1806,0,0
2024-12-13,sz.000739,16.56,16.56,16.26,16.27,6582527,107770525.96,0.5632,-2.2236,0,0
2024-12-16,sz.000739,16.38,16.4,15.97,16.09,5517900,88923995.0,0.4721,-1.1063,0,0
2024-12-17,sz.000739,16.06,16.09,15.81,15.92,4622155,73621446.1,0.3954,-1.0566,0,0
2024-12-18,sz.000739,15.92,16.06,15.88,15.94,3177580,50747655.0,0.2719,0.1256,0,0
2024-12-19,sz.000739,15.85,15.98,15.62,15.98,5157854,81581246.33,0.4413,0.2509,0,0
2024-12-20,sz.000739,15.92,16.13,15.91,15.94,4104057,65760878.58,0.3511,-0.2503,0,0
2024-12-23,sz.000739,15.99,16.1,15.75,15.78,5562107,88412626.33,0.4759,-1.0038,0,0
2024-12-24,sz.000739,15.78,16.12,15.77,16.07,5645026,90409430.88,0.483,1.8378,0,0
2024-12-25,sz.000739,16.11,16.23,15.96,16.23,6449425,104039450.27,0.5518,0.9956,0,0
2024-12-26,sz.000739,16.16,16.18,15.85,15.91,6594879,105303984.94,0.5642,-1.9717,0,0
2024-12-27,sz.000739,15.9,16.1,15.75,15.93,5311879,84608400.74,0.4544,0.1257,0,0
2024-12-30,sz.000739,15.94,16.49,15.93,16.4,11305783,183852481.28,0.9672,2.9504,0,0
2024-12-31,sz.000739,16.39,16.59,16.16,16.26,8546942,139638611.68,0.7312,-0.8537,0,0
2025-01-02,sz.000739,16.11,16.33,15.47,15.56,9794154,155065063.5,0.8379,-4.305,0,0
2025-01-03,sz.000739,15.98,16.25,15.72,15.75,15708208,251627431.02,1.3439,1.2211,0,0
2025-01-06,sz.000739,16.15,16.55,16.08,16.35,20556995,335219325.04,1.7587,3.8095,0,0
2025-01-07,sz.000739,16.3,16.3,15.31,15.62,18895206,293977439.62,1.6165,-4.4648,0,0
2025-01-08,sz.000739,15.52,15.71,15.18,15.28,12143600,187596194.0,1.0389,-2.1767,0,0
2025-01-09,sz.000739,15.28,15.63,15.03,15.36,8128199,125492971.62,0.6954,0.5236,0,0
2025-01-10,sz.000739,15.28,15.39,15.01,15.02,6836424,103712251.15,0.5849,-2.2135,0,0
2025-01-13,sz.000739,14.91,15.1,14.81,14.95,5824524,87064582.28,0.4983,-0.466,0,0
2025-01-14,sz.000739,15.01,15.44,14.94,15.39,7829458,119046168.88,0.6698,2.9431,0,0
2025-01-15,sz.000739,15.39,15.42,15.11,15.23,5428216,82430588.12,0.4644,-1.0396,0,0
2025-01-16,sz.000739,15.25,15.45,15.07,15.15,5011000,76395790.0,0.4287,-0.5253,0,0
2025-01-17,sz.000739,15.07,15.23,15.01,15.18,3641510,55049578.53,0.3115,0.198,0,0
2025-01-20,sz.000739,15.18,15.7,15.18,15.45,10379249,160770249.14,0.888,1.7787,0,0
2025-01-21,sz.000739,15.5,15.54,15.21,15.43,3860141,59254414.22,0.3302,-0.1294,0,0
2025-01-22,sz.000739,15.32,15.4,15.13,15.31,3722015,56823241.42,0.3184,-0.7777,0,0
2025-01-23,sz.000739,15.42,15.52,15.25,15.26,5926117,91192840.42,0.507,-0.3266,0,0
2025-01-24,sz.000739,15.2,15.31,14.91,15.05,9707005,146267352.43,0.8305,-1.3761,0,0
2025-01-27,sz.000739,15.06,15.34,15.06,15.15,5999665,91167089.73,0.5133,0.6645,0,0
2025-02-05,sz.000739,15.2,15.31,15.01,15.14,7005305,106061770.1,0.5993,-0.066,0,0
2025-02-06,sz.000739,15.14,15.2,14.95,15.18,7601800,114639530.0,0.6504,0.2642,0,0
2025-02-07,sz.000739,15.19,15.38,15.09,15.32,9396659,143452493.28,0.8039,0.9223,0,0
2025-02-10,sz.000739,15.33,15.63,15.31,15.51,9176879,142129393.45,0.7851,1.2402,0,0
2025-02-11,sz.000739,15.47,15.48,15.27,15.37,5930003,90945249.86,0.5073,-0.9026,0,0
2025-02-12,sz.000739,15.37,15.39,15.13,15.26,7511762,114295558.95,0.6427,-0.7157,0,0
2025-02-13,sz.000739,15.21,15.28,15.13,15.17,5299579,80565918.49,0.4534,-0.5898,0,0
2025-02-14,sz.000739,15.14,15.35,15.07,15.19,8361826,126953531.08,0.7154,0.1318,0,0
2025-02-17,sz.000739,15.2,15.3,15.01,15.09,8039258,121753562.06,0.6878,-0.6583,0,0
2025-02-18,sz.000739,15.1,15.15,14.83,14.87,8372409,125450768.87,0.7163,-1.4579,0,0
2025-02-19,sz.000739,14.85,15.02,14.78,14.94,6791840,101205585.95,0.5811,0.4707,0,0
2025-02-20,sz.000739,15.19,15.46,15.13,15.21,12535714,191633296.03,1.0724,1.8072,0,0
2025-02-21,sz.000739,15.37,15.69,15.33,15.64,14180282,220590888.01,1.2131,2.8271,0,0
2025-02-24,sz.000739,15.69,16.65,15.68,16.54,32348985,527859012.9,2.7675,5.7545,0,0
2025-02-25,sz.000739,16.48,16.7,16.23,16.46,13024237,214298543.76,1.1142,-0.4837,0,0
2025-02-26,sz.000739,16.39,16.75,16.25,16.68,10816767,178830606.77,0.9254,1.3366,0,0
2025-02-27,sz.000739,16.68,17.07,16.56,16.92,15716686,265346018.67,1.3446,1.4388,0,0
2025-02-28,sz.000739,16.86,17.17,16.8,16.92,13758668,233626498.64,1.1771,0.0,0,0
2025-03-03,sz.000739,16.93,17.38,16.9,17.12,13377875,230261338.41,1.1445,1.182,0,0
2025-03-04,sz.000739,17.0,17.58,16.95,17.53,15807474,274575026.17,1.3524,2.3949,0,0
2025-03-05,sz.000739,17.48,17.66,17.21,17.35,11402165,198173639.49,0.9755,-1.0268,0,0
2025-03-06,sz.000739,17.31,17.35,16.91,17.1,14265393,243371336.52,1.2204,-1.4409,0,0
2025-03-07,sz.000739,17.06,17.15,16.92,17.07,6247179,106366566.74,0.5345,-0.1754,0,0
2025-03-10,sz.000739,17.22,17.34,17.11,17.23,7684203,132453065.63,0.6574,0.9373,0,0
2025-03-11,sz.000739,16.43,16.6,15.51,15.54,40897966,641240620.89,3.4989,-9.8085,0,1
2025-03-12,sz.000739,15.54,15.6,15.23,15.27,25162491,385813926.6,2.1527,-1.7375,0,0
2025-03-13,sz.000739,15.36,15.38,15.08,15.15,19190658,291629655.06,1.6418,-0.7859,0,0
2025-03-14,sz.000739,15.17,15.28,15.05,15.28,20272361,308151698.42,1.7343,0.8581,0,0
2025-03-17,sz.000739,15.33,15.35,15.16,15.24,19127030,291168557.33,1.6363,-0.2618,0,0
2025-03-18,sz.000739,15.3,15.35,15.2,15.31,21967485,335414676.35,1.8793,0.4593,0,0
2025-03-19,sz.000739,15.27,15.35,15.21,15.3,12701140,194136022.62,1.0866,-0.0653,0,0
2025-03-20,sz.000739,15.3,15.32,15.18,15.19,12434617,189525806.09,1.0638,-0.719,0,0
2025-03-21,sz.000739,15.18,15.24,15.06,15.07,10664317,161477243.52,0.9123,-0.79,0,0
2025-03-24,sz.000739,15.07,15.1,14.79,14.94,13089614,195262121.84,1.1198,-0.8626,0,0
2025-03-25,sz.000739,14.9,15.13,14.84,15.1,9300676,139658321.22,0.7957,1.071,0,0
2025-03-26,sz.000739,15.11,15.42,15.07,15.33,17929247,274242240.18,1.5339,1.5232,0,0
2025-03-27,sz.000739,15.21,15.39,15.09,15.33,12766579,195085758.15,1.0922,0.0,0,0
2025-03-28,sz.000739,15.35,15.47,15.23,15.24,11052752,169535612.72,0.9456,-0.5871,0,0
2025-03-31,sz.000739,15.13,15.23,14.93,15.04,10474910,157704788.74,0.8961,-1.3123,0,0
2025-04-01,sz.000739,15.04,15.58,15.03,15.43,21093867,325260241.51,1.8046,2.5931,0,0
2025-04-02,sz.000739,15.33,15.5,15.27,15.29,8802000,135106345.0,0.753,-0.9073,0,0
2025-04-03,sz.000739,15.19,15.43,15.13,15.39,9764171,149734425.56,0.8353,0.654,0,0
2025-04-07,sz.000739,14.51,14.86,13.85,13.85,18499285,262652899.45,1.5826,-10.0065,0,1
2025-04-08,sz.000739,13.85,14.05,13.6,13.85,13690300,188668917.0,1.1712,0.0,0,0
2025-04-09,sz.000739,13.62,13.92,12.96,13.85,12095569,163400060.46,1.0348,0.0,0,0
2025-04-10,sz.000739,13.93,14.17,13.85,13.92,10227700,143253328.72,0.875,0.5054,0,0
2025-04-11,sz.000739,13.78,13.94,13.67,13.79,11810354,163011004.15,1.0104,-0.9339,0,0
2025-04-14,sz.000739,13.9,14.05,13.88,13.95,9672980,134963703.36,0.8275,1.1603,0,0
2025-04-15,sz.000739,13.98,14.0,13.72,13.82,8748592,120775851.52,0.7485,-0.9319,0,0
2025-04-16,sz.000739,13.75,13.75,13.22,13.36,15335177,205825656.29,1.3119,-3.3285,0,0
2025-04-17,sz.000739,13.3,13.54,13.27,13.42,5314902,71418303.04,0.4547,0.4491,0,0
2025-04-18,sz.000739,13.42,13.65,13.31,13.57,9130002,123246205.82,0.7811,1.1177,0,0
2025-04-21,sz.000739,13.48,13.64,13.36,13.61,8205924,111294235.38,0.702,0.2948,0,0
2025-04-22,sz.000739,13.56,13.8,13.53,13.69,8026127,109866851.35,0.6866,0.5878,0,0
2025-04-23,sz.000739,13.79,13.85,13.64,13.73,6722846,92324093.72,0.5751,0.2922,0,0
2025-04-24,sz.000739,13.75,13.95,13.71,13.76,8593242,118837084.62,0.7352,0.2185,0,0
2025-04-25,sz.000739,13.75,13.84,13.63,13.66,5878198,80524218.72,0.5029,-0.7267,0,0
2025-04-28,sz.000739,13.66,13.66,13.5,13.57,4914854,66658496.32,0.4205,-0.6589,0,0
2025-04-29,sz.000739,13.58,13.69,13.52,13.63,4027150,54861852.5,0.3445,0.4422,0,0
2025-04-30,sz.000739,13.62,13.79,13.62,13.72,4720900,64800786.97,0.4039,0.6603,0,0
2025-05-06,sz.000739,13.78,14.07,13.78,13.99,8987500,125368922.0,0.7689,1.9679,0,0
2025-05-07,sz.000739,14.12,14.18,13.9,14.01,6571200,92060083.24,0.5622,0.143,0,0
2025-05-08,sz.000739,13.99,14.03,13.91,13.96,7741650,108100987.0,0.6623,-0.3569,0,0
2025-05-09,sz.000739,13.99,13.99,13.77,13.89,8100254,112262139.09,0.693,-0.5014,0,0
2025-05-12,sz.000739,13.97,14.03,13.82,13.96,8005842,111432574.4,0.6849,0.504,0,0
2025-05-13,sz.000739,14.01,14.05,13.89,13.92,8162773,114063846.4,0.6983,-0.2865,0,0
2025-05-14,sz.000739,13.89,14.02,13.83,13.95,7905875,110078633.72,0.6764,0.2155,0,0
2025-05-15,sz.000739,13.95,13.99,13.91,13.93,6188231,86303650.83,0.5294,-0.1434,0,0
2025-05-16,sz.000739,13.95,14.1,13.82,14.04,11848869,165867210.45,1.0137,0.7897,0,0
2025-05-19,sz.000739,14.12,14.15,13.76,13.81,14543866,201088211.66,1.2442,-1.6382,0,0
2025-05-20,sz.000739,13.82,14.26,13.82,14.14,19830597,280391442.1,1.6965,2.3896,0,0
2025-05-21,sz.000739,14.09,14.22,14.04,14.11,11959902,168866335.05,1.0232,-0.2122,0,0
2025-05-22,sz.000739,13.8,13.8,13.61,13.68,9106799,124647983.69,0.7791,-0.5814,0,0
2025-05-23,sz.000739,13.72,14.04,13.7,13.85,16798632,233469052.47,1.4371,1.2427,0,0
2025-05-26,sz.000739,13.85,13.93,13.6,13.67,14028354,191996134.92,1.2001,-1.2996,0,0
2025-05-27,sz.000739,13.66,13.79,13.6,13.73,9136364,125121984.8,0.7816,0.4389,0,0
2025-05-28,sz.000739,13.7,13.77,13.61,13.64,7227493,98664384.66,0.6183,-0.6555,0,0
2025-05-29,sz.000739,13.61,13.93,13.58,13.92,13939386,192697996.58,1.1925,2.0528,0,0
2025-05-30,sz.000739,13.85,14.19,13.8,14.0,14569514,204688486.45,1.2464,0.5747,0,0
2025-06-03,sz.000739,13.91,14.43,13.88,14.39,19549668,279356581.98,1.6725,2.7857,0,0
2025-06-04,sz.000739,14.42,14.44,14.23,14.31,13375360,191384538.87,1.1443,-0.5559,0,0
2025-06-05,sz.000739,14.32,14.4,14.03,14.11,13439600,190223961.0,1.1498,-1.3976,0,0
2025-06-06,sz.000739,14.21,14.39,14.14,14.21,9911411,141025508.98,0.8479,0.7087,0,0
2025-06-09,sz.000739,14.21,14.59,14.21,14.48,21060509,304581024.66,1.8018,1.9001,0,0
2025-06-10,sz.000739,14.5,14.77,14.3,14.53,21250584,308975217.13,1.818,0.3453,0,0
2025-06-11,sz.000739,14.55,14.82,14.42,14.7,15962700,234110986.0,1.3656,1.17,0,0
2025-06-12,sz.000739,14.74,14.95,14.66,14.93,17253024,255516663.01,1.476,1.5646,0,0
2025-06-13,sz.000739,14.89,15.0,14.44,14.53,19141388,280427948.12,1.6376,-2.6792,0,0
2025-06-16,sz.000739,14.43,14.58,14.29,14.36,13753500,198005322.0,1.1766,-1.17,0,0
2025-06-17,sz.000739,14.4,14.59,14.1,14.19,17660000,252328572.46,1.5108,-1.1838,0,0
2025-06-18,sz.000739,14.14,14.14,13.86,14.1,11396801,159537025.05,0.975,-0.6342,0,0
2025-06-19,sz.000739,14.09,14.1,13.9,13.96,8125501,113626326.02,0.6951,-0.9929,0,0
2025-06-20,sz.000739,13.96,14.08,13.88,13.9,5845610,81496148.52,0.5001,-0.4298,0,0
2025-06-23,sz.000739,13.84,13.89,13.64,13.85,11659042,160313727.91,1.0068,-0.3597,0,0
2025-06-24,sz.000739,13.91,14.06,13.9,13.99,8661810,121183733.5,0.748,1.0108,0,0
2025-06-25,sz.000739,14.02,14.15,13.93,14.11,9643300,135497368.0,0.8327,0.8578,0,0
2025-06-26,sz.000739,14.11,14.11,13.89,13.95,10804400,150888779.0,0.933,-1.1339,0,0
2025-06-27,sz.000739,13.93,14.1,13.91,14.05,7365182,103274156.92,0.636,0.7168,0,0
2025-06-30,sz.000739,14.08,14.09,13.93,14.0,10276231,143764368.38,0.8874,-0.3559,0,0
2025-07-01,sz.000739,14.02,14.25,14.01,14.19,10637878,150266476.04,0.9186,1.3571,0,0
2025-07-02,sz.000739,14.24,14.42,14.09,14.15,14285773,203130579.16,1.2337,-0.2819,0,0
2025-07-03,sz.000739,14.2,14.45,14.12,14.39,13362194,191667053.27,1.1539,1.6961,0,0
2025-07-04,sz.000739,14.35,14.51,14.35,14.44,10725930,154789007.2,0.9262,0.3475,0,0
2025-07-07,sz.000739,14.44,14.49,14.2,14.26,10129000,144777736.0,0.8747,-1.2465,0,0
2025-07-08,sz.000739,14.26,14.44,14.23,14.35,9425518,135180845.48,0.8139,0.6311,0,0
2025-07-09,sz.000739,14.34,14.39,14.15,14.27,8617199,122923595.02,0.7441,-0.5575,0,0
2025-07-10,sz.000739,14.25,14.39,14.22,14.35,6160760,88286554.8,0.532,0.5606,0,0
2025-07-11,sz.000739,14.36,14.94,14.36,14.84,27565171,408035168.75,2.3804,3.4146,0,0
2025-07-14,sz.000739,14.79,14.84,14.67,14.68,8591018,126539408.78,0.7419,-1.0782,0,0
2025-07-15,sz.000739,14.68,14.78,14.48,14.61,8908590,129898096.2,0.7693,-0.4768,0,0
2025-07-16,sz.000739,14.61,14.81,14.52,14.8,7988610,117614693.4,0.6899,1.3005,0,0
2025-07-17,sz.000739,14.78,14.84,14.68,14.81,8496500,125655623.0,0.7337,0.0676,0,0
2025-07-18,sz.000739,14.84,15.28,14.71,15.2,18451975,276910984.4,1.5934,2.6334,0,0
2025-07-21,sz.000739,15.14,15.22,14.92,15.18,14907760,225000723.8,1.2874,-0.1316,0,0
2025-07-22,sz.000739,15.15,15.49,15.12,15.24,14691263,224596574.7,1.2687,0.3953,0,0
2025-07-23,sz.000739,15.26,15.77,15.12,15.33,19296093,297994101.75,1.6663,0.5906,0,0
2025-07-24,sz.000739,15.36,16.03,15.26,15.78,25739994,403706816.73,2.2228,2.9354,0,0
2025-07-25,sz.000739,15.95,16.3,15.8,16.05,28368399,456960655.43,2.4498,1.711,0,0
2025-07-28,sz.000739,16.01,16.2,15.87,16.05,18824090,301140154.84,1.6256,0.0,0,0
2025-07-29,sz.000739,16.08,16.86,15.94,16.72,37008240,611290108.53,3.1959,4.1745,0,0
2025-07-30,sz.000739,16.6,16.71,16.22,16.44,24938077,411336092.99,2.1535,-1.6746,0,0
2025-07-31,sz.000739,16.38,16.47,16.01,16.09,25742359,417351729.03,2.223,-2.129,0,0
2025-08-01,sz.000739,16.01,16.42,15.86,15.99,21335130,342818872.64,1.8424,-0.6215,0,0
2025-08-04,sz.000739,15.91,16.11,15.51,16.11,17802893,281536338.73,1.5374,0.7505,0,0
2025-08-05,sz.000739,16.11,16.19,15.9,16.08,12713926,204051797.52,1.0979,-0.1862,0,0
2025-08-06,sz.000739,16.08,16.19,15.76,15.82,13878974,220475142.42,1.1985,-1.6169,0,0
2025-08-07,sz.000739,15.8,15.91,15.61,15.67,11095120,174500022.2,0.9581,-0.9482,0,0
2025-08-08,sz.000739,15.64,15.74,15.55,15.69,8335203,130594380.95,0.7198,0.1276,0,0
2025-08-11,sz.000739,15.76,16.95,15.75,16.76,30873174,506865071.95,2.6661,6.8196,0,0
2025-08-12,sz.000739,16.71,16.8,16.39,16.49,16719391,275702833.04,1.4438,-1.611,0,0
2025-08-13,sz.000739,16.48,16.62,16.25,16.5,16706837,274284630.06,1.4427,0.0606,0,0
2025-08-14,sz.000739,16.61,16.75,16.23,16.24,16556000,271514391.0,1.4297,-1.5758,0,0
2025-08-15,sz.000739,16.2,16.41,16.16,16.35,10957262,178729362.86,0.9462,0.6773,0,0
2025-08-18,sz.000739,16.36,16.51,16.23,16.51,17027354,278787306.92,1.4704,0.9786,0,0
2025-08-19,sz.000739,16.49,16.76,16.26,16.3,15455997,254886726.15,1.3347,-1.272,0,0
2025-08-20,sz.000739,16.08,16.36,15.98,16.33,14670927,237610014.89,1.2669,0.184,0,0
2025-08-21,sz.000739,16.35,16.68,16.35,16.6,18173915,300497563.15,1.5694,1.6534,0,0
2025-08-22,sz.000739,16.61,16.62,16.23,16.44,14070450,230437291.21,1.2151,-0.9639,0,0
2025-08-25,sz.000739,16.48,16.69,16.41,16.65,17263384,285734177.16,1.4908,1.2774,0,0
2025-08-26,sz.000739,16.6,16.72,16.43,16.44,11561061,191131613.83,0.9984,-1.2613,0,0
2025-08-27,sz.000739,16.45,16.59,15.98,15.99,14991300,244674252.71,1.2946,-2.7372,0,0
2025-08-28,sz.000739,16.0,16.12,15.52,15.86,18217937,288116433.48,1.5732,-0.813,0,0
2025-08-29,sz.000739,15.86,15.98,15.75,15.9,12191650,193202460.62,1.0528,0.2522,0,0
2025-09-01,sz.000739,15.9,16.24,15.78,16.06,16281120,261524619.6,1.406,1.0063,0,0
2025-09-02,sz.000739,16.07,16.21,15.76,15.98,15500780,247847388.8,1.3386,-0.4981,0,0
2025-09-03,sz.000739,16.01,16.42,15.91,15.97,18260085,295448393.0,1.5769,-0.0626,0,0
2025-09-04,sz.000739,15.98,16.18,15.6,15.81,14199022,226111375.65,1.2262,-1.0019,0,0
2025-09-05,sz.000739,15.84,16.17,15.66,16.04,13552833,216178184.08,1.1704,1.4548,0,0
2025-09-08,sz.000739,16.07,16.32,16.0,16.22,11822774,191343550.32,1.021,1.1222,0,0
2025-09-09,sz.000739,16.23,16.23,15.72,15.83,12667403,201943017.02,1.0939,-2.4044,0,0
2025-09-10,sz.000739,15.82,16.08,15.75,15.83,8537203,135647185.49,0.7372,0.0,0,0
2025-09-11,sz.000739,15.74,16.15,15.45,16.12,12510908,198633922.33,1.0804,1.832,0,0
2025-09-12,sz.000739,16.14,16.44,15.9,16.17,13456069,217255640.04,1.162,0.3102,0,0
2025-09-15,sz.000739,16.17,16.79,16.09,16.65,21456045,354568868.4,1.8528,2.9685,0,0
2025-09-16,sz.000739,16.63,16.7,16.31,16.51,13479879,222331134.65,1.1641,-0.8408,0,0
2025-09-17,sz.000739,16.21,16.57,16.12,16.47,17487172,287239977.56,1.5101,1.9183,0,0
2025-09-18,sz.000739,16.55,16.97,16.46,16.65,21355601,357432101.03,1.8442,1.0929,0,0
2025-09-19,sz.000739,16.66,16.68,16.34,16.49,10739300,177096285.9,0.9274,-0.961,0,0
2025-09-22,sz.000739,16.52,16.69,15.87,15.96,13320900,214860223.0,1.1503,-3.2141,0,0
2025-09-23,sz.000739,15.95,15.99,15.44,15.71,11271500,176443058.0,0.9734,-1.5664,0,0
2025-09-24,sz.000739,15.71,16.1,15.61,15.98,7782595,123664884.48,0.6721,1.7187,0,0
2025-09-25,sz.000739,16.0,16.96,16.0,16.53,21467699,356237461.06,1.8538,3.4418,0,0
2025-09-26,sz.000739,16.5,16.67,16.07,16.47,12780821,210184837.83,1.1037,-0.363,0,0
2025-09-29,sz.000739,16.45,16.54,16.16,16.44,11464368,187216080.56,0.99,-0.1821,0,0
2025-09-30,sz.000739,16.44,16.5,16.32,16.38,8552290,140136795.4,0.7385,-0.365,0,0
2025-10-09,sz.000739,16.42,16.43,16.03,16.29,10871001,176082907.09,0.9388,-0.5495,0,0
2025-10-10,sz.000739,16.25,16.29,16.03,16.11,9063250,146322352.82,0.7827,-1.105,0,0
2025-10-13,sz.000739,15.78,15.88,15.52,15.81,11202000,175702700.0,0.9674,-1.8622,0,0
2025-10-14,sz.000739,15.89,16.27,15.87,15.98,10287641,165134593.42,0.8884,1.0753,0,0
2025-10-15,sz.000739,15.98,16.36,15.95,16.26,8997152,145912913.17,0.777,1.7522,0,0
2025-10-16,sz.000739,16.22,16.48,16.2,16.25,8090675,132029412.13,0.6987,-0.0615,0,0
2025-10-17,sz.000739,16.22,16.33,15.86,15.93,7404500,118960111.03,0.6394,-1.9692,0,0
2025-10-20,sz.000739,15.95,16.28,15.82,15.97,10235398,163906363.41,0.8839,0.2511,0,0
2025-10-21,sz.000739,16.0,16.18,15.94,16.07,7858531,126233715.32,0.6786,0.6262,0,0
2025-10-22,sz.000739,15.5,15.5,14.89,15.2,28394592,429508047.62,2.452,-5.4138,0,0
2025-10-23,sz.000739,15.19,15.24,15.0,15.22,9090540,137457414.8,0.785,0.1316,0,0
2025-10-24,sz.000739,15.27,15.5,15.22,15.34,9428661,145118293.6,0.8142,0.7884,0,0
2025-10-27,sz.000739,15.5,15.93,15.46,15.59,11075036,174579730.44,0.9564,1.6297,0,0
2025-10-28,sz.000739,15.6,15.63,15.41,15.45,5661960,87593966.97,0.4889,-0.898,0,0
2025-10-29,sz.000739,15.43,15.7,15.27,15.67,6903767,106752127.74,0.5962,1.4239,0,0
2025-10-30,sz.000739,15.67,15.67,15.29,15.34,7663338,117953911.47,0.6618,-2.1059,0,0
2025-10-31,sz.000739,15.35,15.59,15.31,15.54,7882163,122008457.85,0.6807,1.3038,0,0
2025-11-03,sz.000739,15.72,15.8,15.26,15.32,9963758,153393100.56,0.8604,-1.4157,0,0
2025-11-04,sz.000739,15.35,15.35,14.95,15.02,11079440,166728233.08,0.9568,-1.9582,0,0
2025-11-05,sz.000739,14.95,15.17,14.92,15.09,6710718,101135227.13,0.5795,0.466,0,0
2025-11-06,sz.000739,15.11,15.24,15.02,15.14,6811244,102925627.07,0.5882,0.3313,0,0
2025-11-07,sz.000739,15.14,15.35,15.1,15.23,6856139,104700833.01,0.5921,0.5945,0,0
2025-11-10,sz.000739,15.27,15.48,15.26,15.43,7803076,120135342.28,0.6738,1.3132,0,0
2025-11-11,sz.000739,15.44,15.58,15.31,15.56,7220019,111793980.64,0.6235,0.8425,0,0
2025-11-12,sz.000739,15.56,15.68,15.46,15.46,6990400,108832375.0,0.6037,-0.6427,0,0
2025-11-13,sz.000739,15.46,15.62,15.41,15.58,6172785,95944085.65,0.5331,0.7762,0,0
2025-11-14,sz.000739,15.53,15.87,15.51,15.73,8453225,133356133.54,0.73,0.9628,0,0
2025-11-17,sz.000739,15.76,15.77,15.36,15.47,7758148,120230697.28,0.67,-1.6529,0,0
2025-11-18,sz.000739,15.44,15.57,15.32,15.38,5422801,83627741.4,0.4683,-0.5818,0,0
2025-11-19,sz.000739,15.4,15.48,15.23,15.29,7129851,109588390.09,0.6157,-0.5852,0,0
2025-11-20,sz.000739,15.51,15.86,15.51,15.62,10227316,160182177.44,0.8832,2.1583,0,0
2025-11-21,sz.000739,15.65,15.98,15.6,15.84,17061877,270781650.57,1.4734,1.4085,0,0
2025-11-24,sz.000739,15.9,16.07,15.73,15.83,9673639,153525161.6,0.8354,-0.0631,0,0
2025-11-25,sz.000739,15.84,16.2,15.65,16.11,11185957,178976598.6,0.966,1.7688,0,0
2025-11-26,sz.000739,16.09,16.36,15.96,16.09,11205127,181013462.19,0.9676,-0.1241,0,0
2025-11-27,sz.000739,16.06,16.1,15.92,16.02,6642039,106340055.23,0.5736,-0.4351,0,0
2025-11-28,sz.000739,15.96,16.04,15.85,16.0,6629732,105822568.72,0.5725,-0.1248,0,0
2025-12-01,sz.000739,15.96,16.21,15.92,16.18,6998393,112750616.63,0.6043,1.125,0,0
2025-12-02,sz.000739,16.13,16.32,16.1,16.15,5477199,88727785.8,0.473,-0.1854,0,0
2025-12-03,sz.000739,16.13,16.35,16.12,16.26,6078071,98752376.2,0.5249,0.6811,0,0
2025-12-04,sz.000739,16.25,16.29,16.14,16.25,4658663,75581511.46,0.4023,-0.0615,0,0
2025-12-05,sz.000739,16.21,16.27,16.05,16.11,5328279,85902598.42,0.4601,-0.8615,0,0
2025-12-08,sz.000739,16.14,16.24,16.08,16.16,4922700,79544057.7,0.4251,0.3104,0,0
2025-12-09,sz.000739,16.15,16.35,15.93,15.93,5836913,94131709.16,0.504,-1.4233,0,0
2025-12-10,sz.000739,15.98,16.12,15.67,16.1,6066820,96781002.6,0.5239,1.0672,0,0
2025-12-11,sz.000739,16.12,16.24,16.0,16.08,4793611,77255359.4,0.414,-0.1242,0,0
2025-12-12,sz.000739,16.08,16.19,15.95,16.17,6683000,107640768.0,0.5771,0.5597,0,0
2025-12-15,sz.000739,16.17,16.25,16.08,16.22,5176200,83775138.7,0.447,0.3092,0,0
2025-12-16,sz.000739,16.18,16.22,15.94,16.06,5102980,81935551.1,0.4407,-0.9864,0,0
2025-12-17,sz.000739,16.04,16.35,16.04,16.35,6232167,101090581.38,0.5382,1.8057,0,0
2025-12-18,sz.000739,16.3,16.81,16.23,16.75,9849178,163869856.48,0.8505,2.4465,0,0
2025-12-19,sz.000739,16.69,16.87,16.53,16.8,8097396,135859117.7,0.6993,0.2985,0,0
2025-12-22,sz.000739,16.77,16.78,16.53,16.61,6894705,114710867.95,0.5954,-1.131,0,0
2025-12-23,sz.000739,16.63,16.89,16.62,16.72,5094496,85334648.06,0.4399,0.6623,0,0
2025-12-24,sz.000739,16.7,16.8,16.43,16.65,6273031,103770155.4,0.5417,-0.4187,0,0
2025-12-25,sz.000739,16.61,16.74,16.44,16.49,5337163,88336528.56,0.4609,-0.961,0,0
2025-12-26,sz.000739,16.49,16.51,16.31,16.4,6228521,102205144.45,0.5379,-0.5458,0,0
2025-12-29,sz.000739,16.41,16.46,16.06,16.17,5804301,94076459.08,0.5012,-1.4024,0,0
2025-12-30,sz.000739,16.11,16.31,16.05,16.27,4404301,71553703.23,0.3803,0.6184,0,0
2025-12-31,sz.000739,16.26,16.38,16.14,16.27,5265697,85456478.49,0.4547,0.0,0,0
2026-01-05,sz.000739,16.25,16.32,16.11,16.31,7497307,121652864.27,0.6474,0.2459,0,0
2026-01-06,sz.000739,16.32,16.35,16.05,16.19,9884299,159956874.05,0.8536,-0.7357,0,0
2026-01-07,sz.000739,16.25,16.48,16.19,16.46,8408011,137726812.68,0.7261,1.6677,0,0
2026-01-08,sz.000739,16.46,16.62,16.3,16.3,7770400,127486504.0,0.671,-0.9721,0,0
2026-01-09,sz.000739,16.29,16.38,16.17,16.37,7055880,114879999.4,0.6093,0.4294,0,0
2026-01-12,sz.000739,16.43,16.45,16.14,16.25,8487451,137888781.13,0.7329,-0.733,0,0
2026-01-13,sz.000739,16.3,17.88,16.27,17.79,42549339,746220004.23,3.6744,9.4769,0,0
2026-01-14,sz.000739,17.5,17.66,17.18,17.55,33273136,579621236.91,2.8733,-1.3491,0,0
2026-01-15,sz.000739,17.47,18.51,17.4,18.13,27075670,487139512.49,2.3381,3.3048,0,0
2026-01-16,sz.000739,18.14,18.15,17.62,17.64,16099835,286427435.86,1.3903,-2.7027,0,0
2026-01-19,sz.000739,17.56,18.26,17.22,18.22,16049481,286773242.13,1.386,3.288,0,0
2026-01-20,sz.000739,18.15,18.65,17.78,18.45,15873722,287935446.37,1.3708,1.2623,0,0
2026-01-21,sz.000739,18.35,18.59,18.2,18.28,10561173,193728313.79,0.912,-0.9214,0,0
2026-01-22,sz.000739,18.24,18.48,17.97,18.28,10592408,193166635.01,0.9147,0.0,0,0
2026-01-23,sz.000739,18.28,18.69,18.18,18.5,9814128,181069331.46,0.8475,1.2035,0,0
2026-01-26,sz.000739,18.58,19.59,18.51,19.36,19825145,379098052.22,1.712,4.6486,0,0
2026-01-27,sz.000739,19.38,19.45,18.77,19.12,12996393,248107604.26,1.1223,-1.2397,0,0
2026-01-28,sz.000739,19.12,19.17,18.53,18.76,12128036,227065773.08,1.0473,-1.8828,0,0
2026-01-29,sz.000739,18.64,19.49,18.6,19.15,13015258,249448204.51,1.1239,2.0789,0,0
2026-01-30,sz.000739,18.98,19.17,18.19,18.36,11751180,217624011.56,1.0148,-4.1253,0,0
2026-02-02,sz.000739,18.3,18.45,17.8,17.84,8328200,150431483.0,0.7192,-2.8322,0,0
2026-02-03,sz.000739,18.16,18.46,17.99,18.22,7826349,142825932.31,0.6758,2.13,0,0
2026-02-04,sz.000739,18.33,19.02,18.16,18.98,12139037,226282967.51,1.0483,4.1712,0,0
2026-02-05,sz.000739,18.99,19.25,18.66,18.8,7758130,146332547.83,0.67,-0.9484,0,0
2026-02-06,sz.000739,18.71,19.3,18.56,18.79,8744321,165652125.04,0.7551,-0.0532,0,0
2026-02-09,sz.000739,18.96,19.29,18.66,18.75,6642488,125176432.24,0.5736,-0.2129,0,0
2026-02-10,sz.000739,18.76,18.9,18.5,18.51,4917973,91529406.99,0.4247,-1.28,0,0
2026-02-11,sz.000739,18.53,18.84,18.38,18.73,6866794,127874812.92,0.593,1.1885,0,0
2026-02-12,sz.000739,18.75,18.76,18.37,18.55,7071666,131288501.81,0.6107,-0.961,0,0
2026-02-13,sz.000739,18.55,18.85,18.17,18.17,6005474,110930568.28,0.5186,-2.0485,0,0
2026-02-24,sz.000739,18.3,18.54,18.0,18.07,7955286,144568931.88,0.687,-0.5504,0,0
2026-02-25,sz.000739,18.13,18.4,18.06,18.37,6338101,115732677.16,0.5473,1.6602,0,0
2026-02-26,sz.000739,18.37,18.42,18.06,18.16,6369800,115739715.0,0.5501,-1.1432,0,0
2026-02-27,sz.000739,18.16,18.35,18.03,18.07,5450926,98829177.0,0.4707,-0.4956,0,0
2026-03-02,sz.000739,17.83,18.08,17.63,17.84,8417000,149956078.0,0.7269,-1.2728,0,0
2026-03-03,sz.000739,17.96,18.22,17.42,17.48,9112100,161798038.0,0.7869,-2.0179,0,0
2026-03-04,sz.000739,17.4,17.66,17.02,17.07,6643960,114565320.35,0.5737,-2.3455,0,0
2026-03-05,sz.000739,17.34,17.35,16.93,17.1,6085519,104014981.04,0.5255,0.1757,0,0
2026-03-06,sz.000739,17.0,17.8,17.0,17.69,7706529,135232317.52,0.6655,3.4503,0,0
2026-03-09,sz.000739,17.53,17.73,17.22,17.59,6342079,111130782.12,0.5477,-0.5653,0,0
2026-03-10,sz.000739,17.68,18.1,17.57,17.97,6088381,108565921.79,0.5258,2.1603,0,0
2026-03-11,sz.000739,18.15,18.83,18.0,18.53,11768456,218561210.48,1.0163,3.1163,0,0
2026-03-12,sz.000739,18.63,18.68,18.31,18.34,4496800,82810499.6,0.3883,-1.0254,0,0
2026-03-13,sz.000739,18.34,18.42,17.99,18.0,3533146,64147733.54,0.3051,-1.8539,0,0
2026-03-16,sz.000739,18.01,18.35,17.86,18.15,5095404,92355262.56,0.44,0.8333,0,0
2026-03-17,sz.000739,18.3,18.65,18.1,18.24,5616183,103298322.43,0.485,0.4959,0,0
2026-03-18,sz.000739,18.36,18.38,18.09,18.29,5292900,96625846.0,0.4571,0.2741,0,0
2026-03-19,sz.000739,18.12,18.26,17.8,17.85,5080522,91371784.03,0.4387,-2.4057,0,0
2026-03-20,sz.000739,17.85,18.05,16.18,16.52,26159967,436995627.54,2.259,-7.451,0,0
2026-03-23,sz.000739,16.23,16.54,16.03,16.4,13674776,222557354.76,1.1809,-0.7264,0,0
2026-03-24,sz.000739,16.58,16.74,16.2,16.69,6741500,110968468.2,0.5822,1.7683,0,0
2026-03-25,sz.000739,16.67,16.96,16.61,16.77,5839520,98178896.69,0.5043,0.4793,0,0
2026-03-26,sz.000739,16.86,17.66,16.76,17.06,8561198,147483805.65,0.7393,1.7293,0,0
2026-03-27,sz.000739,16.89,17.74,16.89,17.55,8438361,147619552.52,0.7287,2.8722,0,0
2026-03-30,sz.000739,17.38,18.16,17.38,17.88,10098548,180961798.79,0.8721,1.8803,0,0
2026-03-31,sz.000739,17.99,18.4,17.83,17.83,7227100,129983182.07,0.6241,-0.2796,0,0
2026-04-01,sz.000739,18.05,18.54,17.88,18.41,9879482,180808319.36,0.8531,3.2529,0,0
2026-04-02,sz.000739,18.61,18.7,18.19,18.43,12338926,227566640.47,1.0655,0.1086,0,0
2026-04-03,sz.000739,18.07,18.25,17.57,17.6,11092421,197957893.2,0.9579,-4.5035,0,0
2026-04-07,sz.000739,17.66,17.97,17.32,17.7,7190600,127431087.0,0.6209,0.5682,0,0
2026-04-08,sz.000739,18.0,18.39,17.81,18.11,8730560,157785955.18,0.7539,2.3164,0,0
2026-04-09,sz.000739,17.92,18.27,17.71,17.76,6919100,123960528.0,0.5975,-1.9326,0,0
2026-04-10,sz.000739,17.77,18.06,17.71,17.82,6661400,119141501.0,0.5752,0.3378,0,0
2026-04-13,sz.000739,17.71,17.81,17.4,17.49,6009472,105790912.56,0.5189,-1.8519,0,0
2026-04-14,sz.000739,17.5,17.65,17.28,17.51,5872600,102459992.0,0.5071,0.1144,0,0
2026-04-15,sz.000739,17.61,17.88,17.37,17.85,8800238,155774476.64,0.7599,1.9417,0,0
2026-04-16,sz.000739,17.96,18.18,17.72,18.06,8128720,146258050.02,0.702,1.1765,0,0
2026-04-17,sz.000739,18.0,18.01,17.45,17.78,6526999,115786264.26,0.5636,-1.5504,0,0
2026-04-20,sz.000739,17.76,17.78,17.17,17.18,9328700,161863209.0,0.8056,-3.3746,0,0
2026-04-21,sz.000739,17.37,18.63,17.21,18.0,16318229,294286940.07,1.4092,4.773,0,0
2026-04-22,sz.000739,17.86,18.6,17.85,18.4,12314922,224926432.14,1.0635,2.2222,0,0
2026-04-23,sz.000739,18.26,18.78,18.09,18.48,12468000,230357209.0,1.0767,0.4348,0,0
2026-04-24,sz.000739,18.53,18.63,18.26,18.35,10457773,192763285.03,0.9031,-0.7035,0,0
2026-04-27,sz.000739,18.29,18.83,18.29,18.79,12772603,237870663.66,1.103,2.3978,0,0
2026-04-28,sz.000739,18.7,19.35,18.61,18.81,11719477,221667653.92,1.012,0.1064,0,0
2026-04-29,sz.000739,18.6,18.88,18.37,18.47,8348177,154330286.08,0.7209,-0.592,0,0
2026-04-30,sz.000739,18.46,18.51,17.93,18.27,11073193,201857159.54,0.9562,-1.0828,0,0
2026-05-06,sz.000739,18.3,18.7,17.71,17.9,14589183,262868841.28,1.2599,-2.0252,0,0
2026-05-07,sz.000739,17.9,17.94,17.24,17.45,13473498,235400842.3,1.1635,-2.514,0,0
2026-05-08,sz.000739,17.5,17.64,17.27,17.52,8945309,156379160.82,0.7725,0.4011,0,0
2026-05-11,sz.000739,17.43,19.27,17.26,19.27,28099665,518307396.42,2.4266,9.9886,1,0
2026-05-12,sz.000739,19.35,19.48,18.4,18.48,27344393,511577904.98,2.3613,-4.0996,0,0
2026-05-13,sz.000739,18.57,18.67,17.85,18.03,20080626,362199933.28,1.7341,-2.4351,0,0
2026-05-14,sz.000739,17.99,18.1,17.31,17.31,18820117,330728625.27,1.6252,-3.9933,0,0
2026-05-15,sz.000739,17.15,17.37,16.42,16.6,20383507,343373957.67,1.7602,-4.1017,0,0
2026-05-18,sz.000739,16.47,16.93,16.43,16.71,15971400,265830539.0,1.3792,0.6627,0,0
2026-05-19,sz.000739,16.66,16.85,16.1,16.4,13853745,226918825.45,1.1963,-1.8552,0,0
2026-05-20,sz.000739,16.32,16.92,16.23,16.82,16359573,271325151.67,1.4127,2.561,0,0
2026-05-21,sz.000739,16.99,17.42,16.84,16.98,14751477,252145497.18,1.2739,0.9512,0,0
2026-05-22,sz.000739,17.1,17.15,16.72,16.91,8817038,149039982.8,0.7614,-0.4122,0,0
2026-05-25,sz.000739,16.91,17.29,16.73,17.25,9828691,168192709.64,0.8488,2.0106,0,0
2026-05-26,sz.000739,17.11,17.53,16.99,17.22,10490041,181448608.54,0.9059,-0.1739,0,0
2026-05-27,sz.000739,17.14,17.15,16.55,16.79,12085007,203137940.83,1.0436,-2.4971,0,0
2026-05-28,sz.000739,16.77,16.87,16.3,16.52,7442200,122846986.0,0.6427,-1.6081,0,0
2026-05-29,sz.000739,16.53,16.94,16.49,16.61,7484700,124966323.92,0.6463,0.5448,0,0
2026-06-01,sz.000739,16.55,16.95,16.49,16.8,8835000,148264884.74,0.7629,1.1439,0,0
2026-06-02,sz.000739,16.7,16.83,16.36,16.45,7596610,125175588.72,0.656,-2.0833,0,0
2026-06-03,sz.000739,16.4,16.7,16.04,16.45,8601893,140619779.46,0.7428,0.0,0,0
2026-06-04,sz.000739,16.4,16.54,15.9,16.05,7528797,121297098.1,0.6502,-2.4316,0,0
2026-06-05,sz.000739,16.2,16.66,16.1,16.13,7785947,127337204.48,0.6724,0.4984,0,0
2026-06-08,sz.000739,15.95,16.15,15.44,15.85,9685667,152379732.34,0.8364,-1.7359,0,0
2026-06-09,sz.000739,15.85,15.89,15.31,15.5,6924683,107380950.37,0.598,-2.2082,0,0
2026-06-10,sz.000739,15.43,15.65,15.28,15.63,4586300,71017975.0,0.3961,0.8387,0,0
2026-06-11,sz.000739,15.5,15.62,15.19,15.41,6842355,104919964.32,0.5909,-1.4075,0,0
2026-06-12,sz.000739,15.62,16.29,15.42,16.07,8972500,143354575.0,0.7748,4.2829,0,0
2026-06-15,sz.000739,16.06,16.5,16.06,16.46,8060929,131313807.97,0.6961,2.4269,0,0
2026-06-16,sz.000739,16.39,16.5,16.15,16.35,6002620,97749071.6,0.5184,-0.6683,0,0
2026-06-17,sz.000739,16.23,16.35,16.17,16.29,3591066,58324683.86,0.3101,-0.367,0,0
2026-06-18,sz.000739,16.23,16.68,16.09,16.37,7227569,118743972.08,0.6241,0.4911,0,0
2026-06-22,sz.000739,16.25,16.4,15.65,16.37,8988990,143134477.21,0.7762,0.0,0,0
2026-06-23,sz.000739,16.44,17.07,16.32,16.8,10433218,175562441.67,0.901,2.6268,0,0
2026-06-24,sz.000739,16.77,17.15,16.54,16.82,8745900,148150131.0,0.7553,0.119,0,0
2026-06-25,sz.000739,16.7,16.74,15.8,16.46,13303068,216143259.43,1.1488,-2.1403,0,0
2026-06-26,sz.000739,16.36,16.61,15.96,15.96,6610103,107459458.73,0.5708,-3.0377,0,0
