date,code,open,high,low,close,volume,amount,turnover,pct_change,is_limit_up,is_limit_down
2019-07-01,sz.000955,4.5,4.56,4.47,4.54,10105600,45720298.12,1.879768,2.71493,0,0
2019-07-02,sz.000955,4.54,4.69,4.52,4.59,15619110,71955086.3,2.905349,1.101326,0,0
2019-07-03,sz.000955,4.57,4.59,4.49,4.56,8257223,37515241.77,1.535946,-0.653599,0,0
2019-07-04,sz.000955,4.57,4.59,4.45,4.53,8022423,36289971.79,1.492271,-0.657889,0,0
2019-07-05,sz.000955,4.5,4.55,4.48,4.51,4346743,19642083.33,0.808548,-0.441501,0,0
2019-07-08,sz.000955,4.51,4.51,4.22,4.28,9781638,42424527.74,1.819507,-5.099778,0,0
2019-07-09,sz.000955,4.3,4.33,4.24,4.29,5011747,21457000.06,0.932247,0.233639,0,0
2019-07-10,sz.000955,4.28,4.3,4.19,4.21,8588099,36301731.8,1.597494,-1.8648,0,0
2019-07-11,sz.000955,4.23,4.29,4.2,4.23,5626480,23836364.6,1.046595,0.475059,0,0
2019-07-12,sz.000955,4.22,4.35,4.12,4.31,9745910,41011976.4,1.812861,1.891251,0,0
2019-07-15,sz.000955,4.25,4.27,4.14,4.27,9176209,38682081.36,1.706889,-0.928073,0,0
2019-07-16,sz.000955,4.34,4.47,4.29,4.44,16914644,74184961.81,3.146335,3.981266,0,0
2019-07-17,sz.000955,4.41,4.42,4.32,4.32,11060634,48166090.66,2.057416,-2.7027,0,0
2019-07-18,sz.000955,4.28,4.29,4.19,4.19,8244150,34814287.0,1.533515,-3.009262,0,0
2019-07-19,sz.000955,4.19,4.26,4.18,4.18,5042054,21228362.6,0.937885,-0.238669,0,0
2019-07-22,sz.000955,4.2,4.2,3.9,3.99,9147694,36763768.3,1.701585,-4.545451,0,0
2019-07-23,sz.000955,4.0,4.07,3.98,4.07,6587741,26516824.4,1.225402,2.005017,0,0
2019-07-24,sz.000955,4.06,4.21,4.04,4.16,8809401,36463763.12,1.638658,2.211294,0,0
2019-07-25,sz.000955,4.16,4.2,4.12,4.19,5238400,21758143.0,0.974408,0.721159,0,0
2019-07-26,sz.000955,4.15,4.26,4.13,4.24,7214901,30284559.14,1.3421,1.1933,0,0
2019-07-29,sz.000955,4.22,4.27,4.16,4.21,6186710,25961464.6,1.150805,-0.707541,0,0
2019-07-30,sz.000955,4.21,4.24,4.18,4.22,4599901,19390705.53,0.8556,0.2375,0,0
2019-07-31,sz.000955,4.2,4.22,4.14,4.15,4212700,17574573.91,0.7836,-1.6588,0,0
2019-08-01,sz.000955,4.14,4.21,4.12,4.15,4185821,17422591.13,0.7786,0.0,0,0
2019-08-02,sz.000955,4.06,4.1,4.01,4.07,5252302,21309493.1,0.977,-1.9277,0,0
2019-08-05,sz.000955,4.03,4.1,3.99,4.0,5951500,24004613.4,1.1071,-1.7199,0,0
2019-08-06,sz.000955,3.92,3.93,3.77,3.84,9871864,38064370.76,1.8363,-4.0,0,0
2019-08-07,sz.000955,3.91,4.02,3.85,3.95,8058701,31791142.95,1.499,2.8646,0,0
2019-08-08,sz.000955,3.93,3.98,3.91,3.95,3798900,15011467.0,0.7066,0.0,0,0
2019-08-09,sz.000955,3.97,3.99,3.82,3.83,5636102,21887193.64,1.0484,-3.038,0,0
2019-08-12,sz.000955,3.85,3.96,3.83,3.94,4188075,16335347.0,0.779,2.8721,0,0
2019-08-13,sz.000955,3.91,4.04,3.89,3.95,5603364,22254065.8,1.0423,0.2538,0,0
2019-08-14,sz.000955,3.99,4.02,3.91,3.93,4466700,17738814.0,0.8309,-0.5063,0,0
2019-08-15,sz.000955,3.83,3.94,3.83,3.92,5197164,20174551.68,0.9667,-0.2545,0,0
2019-08-16,sz.000955,3.91,3.97,3.9,3.93,4929702,19435866.86,0.917,0.2551,0,0
2019-08-19,sz.000955,3.98,4.01,3.93,4.0,5795281,23074962.19,1.078,1.7812,0,0
2019-08-20,sz.000955,4.01,4.05,4.0,4.02,7384200,29675489.0,1.3736,0.5,0,0
2019-08-21,sz.000955,4.01,4.04,3.99,4.03,4526802,18189745.0,0.842,0.2488,0,0
2019-08-22,sz.000955,4.04,4.04,3.97,4.02,7734830,30998983.02,1.4388,-0.2481,0,0
2019-08-23,sz.000955,4.02,4.12,4.01,4.07,10332168,41895718.21,1.9219,1.2438,0,0
2019-08-26,sz.000955,4.0,4.0,3.91,3.94,10062005,39693966.15,1.8717,-3.1941,0,0
2019-08-27,sz.000955,3.96,4.05,3.94,4.04,11253504,45141225.09,2.0933,2.5381,0,0
2019-08-28,sz.000955,4.04,4.22,4.01,4.14,18580407,76909842.46,3.4562,2.4752,0,0
2019-08-29,sz.000955,4.13,4.18,4.08,4.1,10646690,43947537.7,1.9804,-0.9662,0,0
2019-08-30,sz.000955,4.13,4.15,3.97,4.01,11681200,47456869.0,2.1728,-2.1951,0,0
2019-09-02,sz.000955,4.0,4.11,4.0,4.09,8763800,35634661.0,1.6302,1.995,0,0
2019-09-03,sz.000955,4.1,4.12,4.05,4.08,8612930,35141007.7,1.6021,-0.2445,0,0
2019-09-04,sz.000955,4.07,4.13,4.06,4.12,8279260,33878346.2,1.54,0.9804,0,0
2019-09-05,sz.000955,4.14,4.21,4.1,4.14,12175460,50741722.0,2.2648,0.4854,0,0
2019-09-06,sz.000955,4.16,4.18,4.12,4.18,6529169,27139543.06,1.2145,0.9662,0,0
2019-09-09,sz.000955,4.2,4.3,4.17,4.26,11296699,47719714.23,2.1013,1.9139,0,0
2019-09-10,sz.000955,4.28,4.35,4.21,4.3,12569619,53815229.14,2.3381,0.939,0,0
2019-09-11,sz.000955,4.32,4.34,4.23,4.24,8349984,35724994.58,1.5532,-1.3954,0,0
2019-09-12,sz.000955,4.29,4.33,4.24,4.3,9452605,40509344.45,1.7583,1.4151,0,0
2019-09-16,sz.000955,4.31,4.34,4.26,4.28,9117760,39124462.8,1.696,-0.4651,0,0
2019-09-17,sz.000955,4.31,4.37,4.13,4.16,13314777,56782241.55,2.4767,-2.8037,0,0
2019-09-18,sz.000955,4.17,4.2,4.1,4.13,7639840,31648193.8,1.4211,-0.7211,0,0
2019-09-19,sz.000955,4.13,4.17,4.08,4.16,7032140,28968023.0,1.3081,0.7264,0,0
2019-09-20,sz.000955,4.16,4.17,4.09,4.11,5530770,22846453.0,1.0288,-1.2019,0,0
2019-09-23,sz.000955,4.08,4.09,3.94,3.98,9253530,36986150.5,1.7213,-3.163,0,0
2019-09-24,sz.000955,4.0,4.03,3.99,4.0,7087490,28388530.0,1.3184,0.5025,0,0
2019-09-25,sz.000955,4.0,4.0,3.89,3.91,6973608,27355455.56,1.2972,-2.25,0,0
2019-09-26,sz.000955,3.93,3.93,3.82,3.88,6845673,26462807.32,1.2734,-0.7673,0,0
2019-09-27,sz.000955,3.87,4.1,3.8,3.95,8546365,33452900.97,1.5897,1.8041,0,0
2019-09-30,sz.000955,3.93,3.95,3.88,3.88,6939141,27183370.61,1.2908,-1.7722,0,0
2019-10-08,sz.000955,3.88,3.93,3.81,3.89,5376868,20864645.52,1.0002,0.2577,0,0
2019-10-09,sz.000955,3.87,4.05,3.84,4.01,6755743,26691255.06,1.2567,3.0848,0,0
2019-10-10,sz.000955,3.98,4.02,3.95,3.98,5489230,21837989.4,1.0211,-0.7481,0,0
2019-10-11,sz.000955,3.98,4.0,3.94,3.98,4140580,16452994.6,0.7702,0.0,0,0
2019-10-14,sz.000955,3.99,4.04,3.99,4.02,5476400,22017505.0,1.0187,1.005,0,0
2019-10-15,sz.000955,4.03,4.03,3.95,4.03,5597601,22339566.98,1.0412,0.2488,0,0
2019-10-16,sz.000955,4.03,4.15,4.03,4.06,9016630,36874480.8,1.6772,0.7444,0,0
2019-10-17,sz.000955,4.03,4.05,3.96,3.96,4585854,18331839.32,0.853,-2.4631,0,0
2019-10-18,sz.000955,3.95,4.01,3.86,3.89,4905380,19230207.2,0.9125,-1.7677,0,0
2019-10-21,sz.000955,3.86,3.98,3.85,3.98,5205223,20431898.53,0.9682,2.3136,0,0
2019-10-22,sz.000955,3.97,4.03,3.94,4.01,4474842,17855293.7,0.8324,0.7538,0,0
2019-10-23,sz.000955,4.03,4.08,3.98,4.06,6881012,27755022.12,1.28,1.2469,0,0
2019-10-24,sz.000955,4.05,4.05,3.94,3.98,5969142,23791778.74,1.1103,-1.9704,0,0
2019-10-25,sz.000955,3.99,4.04,3.95,4.03,4401262,17594485.52,0.8187,1.2563,0,0
2019-10-28,sz.000955,4.05,4.09,4.01,4.06,6055002,24566237.14,1.1263,0.7444,0,0
2019-10-29,sz.000955,4.08,4.08,4.0,4.0,5890760,23779215.6,1.0958,-1.4778,0,0
2019-10-30,sz.000955,4.0,4.03,3.89,4.03,7963215,31481312.55,1.4813,0.75,0,0
2019-10-31,sz.000955,3.99,4.0,3.9,3.91,4814212,18910971.8,0.8955,-2.9777,0,0
2019-11-01,sz.000955,3.9,3.93,3.85,3.92,3736883,14581848.89,0.6951,0.2558,0,0
2019-11-04,sz.000955,3.93,4.03,3.89,4.0,4942125,19475870.55,0.9193,2.0408,0,0
2019-11-05,sz.000955,3.97,4.03,3.94,3.95,5151919,20478865.84,0.9583,-1.25,0,0
2019-11-06,sz.000955,3.94,3.98,3.87,3.92,6767463,26477079.41,1.2588,-0.7595,0,0
2019-11-07,sz.000955,3.9,3.93,3.87,3.88,4898414,19076945.18,0.9112,-1.0204,0,0
2019-11-08,sz.000955,3.91,3.96,3.85,3.85,6951800,27104643.0,1.2931,-0.7732,0,0
2019-11-11,sz.000955,3.85,3.86,3.69,3.73,8523400,32017844.82,1.5855,-3.1169,0,0
2019-11-12,sz.000955,3.72,3.76,3.65,3.73,4174449,15491599.83,0.7765,0.0,0,0
2019-11-13,sz.000955,3.73,3.83,3.65,3.76,5525478,20590764.52,1.0278,0.8043,0,0
2019-11-14,sz.000955,3.74,3.79,3.72,3.75,2708733,10176697.06,0.5039,-0.266,0,0
2019-11-15,sz.000955,3.73,3.76,3.68,3.68,3898000,14474549.0,0.7251,-1.8667,0,0
2019-11-18,sz.000955,3.66,3.74,3.66,3.72,2607930,9696734.4,0.4851,1.087,0,0
2019-11-19,sz.000955,3.71,3.8,3.71,3.79,4922600,18522105.0,0.9157,1.8817,0,0
2019-11-20,sz.000955,3.79,3.81,3.75,3.76,3792300,14309606.0,0.7054,-0.7916,0,0
2019-11-21,sz.000955,3.85,4.12,3.85,3.87,19741000,78482136.0,3.6721,2.9255,0,0
2019-11-22,sz.000955,3.86,4.0,3.86,3.89,11860549,46536785.2,2.2062,0.5168,0,0
2019-11-25,sz.000955,3.87,3.94,3.79,3.88,7184030,27840137.4,1.3363,-0.2571,0,0
2019-11-26,sz.000955,3.88,3.93,3.83,3.91,3971700,15415616.0,0.7388,0.7732,0,0
2019-11-27,sz.000955,3.89,3.93,3.87,3.92,4829200,18856240.0,0.8983,0.2558,0,0
2019-11-28,sz.000955,3.9,3.91,3.84,3.85,3336701,12908165.86,0.6207,-1.7857,0,0
2019-11-29,sz.000955,3.82,3.87,3.81,3.83,3247881,12442619.23,0.6041,-0.5195,0,0
2019-12-02,sz.000955,3.83,3.86,3.76,3.78,3503700,13359068.0,0.6517,-1.3055,0,0
2019-12-03,sz.000955,3.75,3.82,3.73,3.81,3574084,13449386.32,0.6648,0.7937,0,0
2019-12-04,sz.000955,3.77,3.87,3.76,3.83,5591811,21350391.51,1.0401,0.5249,0,0
2019-12-05,sz.000955,3.84,4.05,3.81,3.94,12904412,50718442.98,2.4004,2.8721,0,0
2019-12-06,sz.000955,3.89,4.01,3.88,4.0,9551194,37833972.87,1.7766,1.5228,0,0
2019-12-09,sz.000955,4.04,4.06,3.99,3.99,7776859,31306768.48,1.4466,-0.25,0,0
2019-12-10,sz.000955,4.02,4.03,3.94,3.97,4749000,18861963.36,0.8834,-0.5013,0,0
2019-12-11,sz.000955,3.93,3.96,3.9,3.94,4691100,18458074.0,0.8726,-0.7557,0,0
2019-12-12,sz.000955,3.94,3.98,3.89,3.92,6289290,24631128.1,1.1699,-0.5076,0,0
2019-12-13,sz.000955,3.94,3.97,3.92,3.94,4578295,18039068.25,0.8516,0.5102,0,0
2019-12-16,sz.000955,3.97,4.08,3.93,4.04,10519820,42147903.1,1.9568,2.5381,0,0
2019-12-17,sz.000955,4.02,4.06,4.0,4.05,8944657,36181988.6,1.6638,0.2475,0,0
2019-12-18,sz.000955,4.05,4.1,4.04,4.06,8609500,34971629.0,1.6015,0.2469,0,0
2019-12-19,sz.000955,4.06,4.11,4.03,4.09,8133728,33174787.05,1.513,0.7389,0,0
2019-12-20,sz.000955,4.1,4.35,4.1,4.2,25068399,105907924.86,4.663,2.6895,0,0
2019-12-23,sz.000955,4.62,4.62,4.62,4.62,3285869,15180714.78,0.6112,10.0,1,0
2019-12-24,sz.000955,5.08,5.08,5.08,5.08,1955237,9932603.96,0.3637,9.9567,1,0
2019-12-25,sz.000955,5.59,5.59,5.59,5.59,2264430,12658163.7,0.4212,10.0394,1,0
2019-12-26,sz.000955,6.15,6.15,6.15,6.15,3058462,18809541.3,0.5689,10.0179,1,0
2019-12-27,sz.000955,6.77,6.77,6.77,6.77,9626221,65169516.17,1.7906,10.0813,1,0
2019-12-30,sz.000955,7.1,7.45,6.89,7.45,203623258,1490243762.07,37.8765,10.0443,1,0
2019-12-31,sz.000955,7.47,8.2,7.47,8.2,140687301,1113641508.87,26.1696,10.0671,1,0
2020-01-02,sz.000955,8.6,9.02,8.32,9.02,212885199,1870901955.34,39.5993,10.0,1,0
2020-01-03,sz.000955,8.75,8.99,8.31,8.43,161187763,1389781427.14,29.9829,-6.541,0,0
2020-01-06,sz.000955,8.01,8.58,7.9,8.33,131031554,1074594220.24,24.3735,-1.1862,0,0
2020-01-07,sz.000955,8.43,8.43,7.71,7.94,125144274,1000772133.6,23.2784,-4.6819,0,0
2020-01-08,sz.000955,7.8,8.09,7.6,7.61,96478405,754573231.0,17.9462,-4.1562,0,0
2020-01-09,sz.000955,7.71,7.77,7.24,7.39,117379262,877782910.02,21.834,-2.8909,0,0
2020-01-10,sz.000955,7.37,7.52,7.25,7.5,79809070,589966213.89,14.8455,1.4885,0,0
2020-01-13,sz.000955,7.49,7.66,7.36,7.55,70675597,531037824.1,13.1465,0.6667,0,0
2020-01-14,sz.000955,7.68,7.94,7.52,7.62,106481420,823933306.24,19.8069,0.9271,0,0
2020-01-15,sz.000955,7.54,7.54,7.01,7.2,81305772,586788873.69,15.1239,-5.5118,0,0
2020-01-16,sz.000955,7.25,7.48,7.1,7.45,68671740,500071286.64,12.7738,3.4722,0,0
2020-01-17,sz.000955,7.34,7.44,7.12,7.12,53285030,386564487.78,9.9117,-4.4295,0,0
2020-01-20,sz.000955,7.6,7.83,7.3,7.35,90904200,682973225.33,16.9093,3.2303,0,0
2020-01-21,sz.000955,7.64,8.09,7.51,8.09,100181706,781632854.39,18.635,10.068,1,0
2020-01-22,sz.000955,8.14,8.6,7.35,7.38,158762036,1288177044.54,29.5317,-8.7763,0,0
2020-01-23,sz.000955,7.6,7.85,7.12,7.31,98396450,737111517.26,18.303,-0.9485,0,0
2020-02-03,sz.000955,8.04,8.04,7.35,8.04,101583571,807673187.85,18.8958,9.9863,1,0
2020-02-04,sz.000955,8.38,8.84,7.82,8.84,122824455,1047315012.19,22.8469,9.9503,1,0
2020-02-05,sz.000955,9.18,9.72,9.0,9.72,51011226,484028603.4,9.4887,9.9548,1,0
2020-02-06,sz.000955,10.69,10.69,10.5,10.69,14855694,158504426.66,2.7633,9.9794,1,0
2020-02-07,sz.000955,11.76,11.76,11.02,11.76,104169106,1214373387.92,19.3768,10.0094,1,0
2020-02-10,sz.000955,12.94,12.94,10.6,11.3,208747763,2514353388.36,38.8297,-3.9116,0,0
2020-02-11,sz.000955,10.35,10.82,10.17,10.17,46213830,478991020.22,8.5963,-10.0,0,1
2020-02-12,sz.000955,9.15,9.9,9.15,9.58,146321327,1379291865.37,27.2176,-5.8014,0,0
2020-02-13,sz.000955,10.0,10.19,9.15,9.61,142076139,1390939236.46,26.4279,0.3131,0,0
2020-02-14,sz.000955,9.3,9.44,8.66,9.01,115531107,1043196934.8,21.4902,-6.2435,0,0
2020-02-17,sz.000955,9.05,9.38,8.88,9.21,79126241,726027632.07,14.7185,2.2198,0,0
2020-02-18,sz.000955,9.23,9.6,9.17,9.45,88251342,830120846.64,16.4159,2.6059,0,0
2020-02-19,sz.000955,9.2,9.27,8.9,8.99,76344868,693354403.63,14.2011,-4.8677,0,0
2020-02-20,sz.000955,8.88,8.89,8.5,8.55,82596564,714818083.41,15.364,-4.8943,0,0
2020-02-21,sz.000955,8.59,8.93,8.59,8.73,76541873,670665126.71,14.2377,2.1053,0,0
2020-02-24,sz.000955,9.42,9.6,9.27,9.6,73325434,698485598.55,13.6394,9.9656,1,0
2020-02-25,sz.000955,10.5,10.56,10.19,10.56,86045330,903893588.43,16.0055,10.0,1,0
2020-02-26,sz.000955,11.09,11.62,9.66,10.9,205912713,2256819910.47,38.3023,3.2197,0,0
2020-02-27,sz.000955,10.47,11.4,10.08,10.29,138551485,1469945461.88,25.7723,-5.5963,0,0
2020-02-28,sz.000955,10.55,11.32,10.52,11.32,158658806,1745691212.56,29.5125,10.0097,1,0
2020-03-02,sz.000955,11.69,12.45,11.0,12.45,202941833,2431343844.27,37.7497,9.9823,1,0
2020-03-03,sz.000955,11.65,13.39,11.44,12.0,179575106,2201520073.49,33.4032,-3.6145,0,0
2020-03-04,sz.000955,12.17,12.7,11.82,12.05,141804294,1733001689.35,26.3774,0.4167,0,0
2020-03-05,sz.000955,11.68,12.08,11.2,11.6,121529959,1410557884.85,22.6061,-3.7344,0,0
2020-03-06,sz.000955,11.91,12.76,11.91,12.76,127350453,1590677241.3,23.6888,10.0,1,0
2020-03-09,sz.000955,13.01,14.04,12.96,14.04,109264925,1498582349.37,20.3246,10.0313,1,0
2020-03-10,sz.000955,14.0,14.95,12.64,13.21,207422664,2790763708.35,38.5832,-5.9117,0,0
2020-03-11,sz.000955,12.23,13.9,12.01,13.23,148879176,1919391191.38,27.6934,0.1514,0,0
2020-03-12,sz.000955,13.74,14.12,12.5,12.53,114973759,1514710364.7,21.3866,-5.291,0,0
2020-03-13,sz.000955,11.52,11.96,11.28,11.28,99412364,1139229604.89,18.4919,-9.9761,0,1
2020-03-16,sz.000955,11.55,12.33,11.41,11.77,116426349,1388959072.97,21.6568,4.344,0,0
2020-03-17,sz.000955,11.0,11.2,10.59,10.71,97701754,1047689158.92,18.1737,-9.006,0,0
2020-03-18,sz.000955,10.44,10.89,9.92,10.11,77604451,796748969.22,14.4354,-5.6022,0,0
2020-03-19,sz.000955,9.88,9.89,9.1,9.1,81775633,761833883.14,15.2113,-9.9901,0,1
2020-03-20,sz.000955,9.2,9.64,9.15,9.45,72958213,688914449.09,13.5711,3.8461,0,0
2020-03-23,sz.000955,9.49,9.75,8.55,8.67,70224809,637581113.91,13.0627,-8.254,0,0
2020-03-24,sz.000955,8.79,8.94,8.03,8.37,67949493,571178616.55,12.6395,-3.4602,0,0
2020-03-25,sz.000955,8.58,9.16,8.3,8.97,74234460,645542547.73,13.8085,7.1685,0,0
2020-03-26,sz.000955,8.94,9.17,8.54,8.66,70441702,620755030.02,13.103,-3.456,0,0
2020-03-27,sz.000955,8.78,8.93,8.44,8.63,68926858,599726675.8,12.8213,-0.3464,0,0
2020-03-30,sz.000955,8.72,9.18,8.66,8.84,73015938,647968781.84,13.5819,2.4334,0,0
2020-03-31,sz.000955,8.42,8.57,8.14,8.36,59227261,494829811.97,11.017,-5.4299,0,0
2020-04-01,sz.000955,8.33,8.47,8.02,8.13,44920732,368512304.52,8.3558,-2.7512,0,0
2020-04-02,sz.000955,8.25,8.39,7.88,8.33,52216645,426475236.65,9.7129,2.46,0,0
2020-04-03,sz.000955,8.32,9.01,8.25,8.98,81680221,712508821.38,15.1935,7.8031,0,0
2020-04-07,sz.000955,9.19,9.5,8.75,9.23,87303228,796415621.46,16.2395,2.784,0,0
2020-04-08,sz.000955,9.0,9.32,8.82,8.98,69522272,626792736.76,12.932,-2.7086,0,0
2020-04-09,sz.000955,8.75,9.23,8.69,9.11,60644135,545725165.27,11.2806,1.4477,0,0
2020-04-10,sz.000955,9.04,9.26,8.81,8.83,46955548,423346948.17,8.7343,-3.0735,0,0
2020-04-13,sz.000955,9.05,9.71,8.95,9.71,76098796,721918187.2,14.1553,9.966,1,0
2020-04-14,sz.000955,9.8,10.59,9.72,10.17,126716428,1279866402.12,23.5708,4.7374,0,0
2020-04-15,sz.000955,10.42,11.19,10.25,11.19,62757085,680281223.03,11.6736,10.0295,1,0
2020-04-16,sz.000955,11.7,12.13,10.71,10.9,146143648,1689557762.86,27.1845,-2.5916,0,0
2020-04-17,sz.000955,10.63,11.86,10.63,11.6,127528066,1423752089.63,23.7218,6.422,0,0
2020-04-20,sz.000955,11.3,11.57,10.44,11.1,93928752,1037918429.72,17.4719,-4.3103,0,0
2020-04-21,sz.000955,10.96,11.23,10.52,10.56,74123089,799070334.74,13.7878,-4.8649,0,0
2020-04-22,sz.000955,10.63,10.64,10.2,10.36,56853613,588877235.44,10.5755,-1.8939,0,0
2020-04-23,sz.000955,10.57,11.08,10.42,10.69,77448711,835088545.65,14.4064,3.1853,0,0
2020-04-24,sz.000955,10.5,10.5,9.77,9.98,63996716,643660215.35,11.9042,-6.6417,0,0
2020-04-27,sz.000955,9.91,10.15,9.33,9.42,46054973,448379959.97,8.5668,-5.6112,0,0
2020-04-28,sz.000955,9.58,9.58,8.58,9.16,47780418,431783372.57,8.8878,-2.7601,0,0
2020-04-29,sz.000955,9.17,9.28,8.82,8.95,35636629,322428976.71,6.6289,-2.2926,0,0
2020-04-30,sz.000955,9.09,9.28,8.88,9.22,38523647,352238136.9,7.1659,3.0168,0,0
2020-05-06,sz.000955,9.19,9.36,9.01,9.29,32366222,298877038.05,6.0205,0.7592,0,0
2020-05-07,sz.000955,9.37,9.85,9.2,9.56,47215550,451285294.1,8.7827,2.9064,0,0
2020-05-08,sz.000955,9.55,9.63,9.32,9.39,30739341,290138960.1,5.7179,-1.7782,0,0
2020-05-11,sz.000955,9.3,9.48,9.12,9.18,28215814,260722562.6,5.2485,-2.2364,0,0
2020-05-12,sz.000955,9.18,9.23,8.97,9.14,21841901,198495878.15,4.0629,-0.4357,0,0
2020-05-13,sz.000955,9.15,9.86,9.06,9.57,51128793,485620386.29,9.5106,4.7046,0,0
2020-05-14,sz.000955,9.42,9.42,9.08,9.1,39654628,365241716.37,7.3763,-4.9112,0,0
2020-05-15,sz.000955,9.14,9.23,8.97,9.03,25612602,231931726.06,4.7643,-0.7692,0,0
2020-05-18,sz.000955,9.03,9.06,8.76,8.89,26816103,237939165.58,4.9881,-1.5504,0,0
2020-05-19,sz.000955,8.89,8.94,8.44,8.64,34351466,298354676.42,6.3898,-2.8121,0,0
2020-05-20,sz.000955,8.6,8.77,8.46,8.53,23271511,199460060.14,4.3288,-1.2732,0,0
2020-05-21,sz.000955,8.54,8.62,8.34,8.35,20114163,170116840.14,3.7415,-2.1102,0,0
2020-05-22,sz.000955,8.36,8.36,7.9,7.98,28236411,227427794.56,5.2523,-4.4311,0,0
2020-05-25,sz.000955,7.96,8.29,7.86,8.12,21481799,173831812.95,3.9959,1.7544,0,0
2020-05-26,sz.000955,8.13,8.53,8.07,8.51,27177297,225562238.47,5.0553,4.803,0,0
2020-05-27,sz.000955,8.5,8.61,8.32,8.37,22205041,187428606.64,4.1304,-1.6451,0,0
2020-05-28,sz.000955,8.36,8.41,8.05,8.24,17716497,145663532.07,3.2955,-1.5532,0,0
2020-05-29,sz.000955,8.15,8.5,8.13,8.41,26622850,222939131.02,4.9522,2.0631,0,0
2020-06-01,sz.000955,8.4,8.68,8.3,8.65,34745830,296286285.4,6.4632,2.8537,0,0
2020-06-02,sz.000955,9.0,9.44,8.91,9.01,80169691,734523070.59,14.9126,4.1619,0,0
2020-06-03,sz.000955,8.81,9.23,8.8,9.05,41708489,377372228.15,7.7583,0.444,0,0
2020-06-04,sz.000955,9.0,9.02,8.77,8.97,31109311,277041677.13,5.7867,-0.884,0,0
2020-06-05,sz.000955,8.97,8.97,8.68,8.71,26706726,234424050.1,4.9678,-2.8986,0,0
2020-06-08,sz.000955,8.69,8.98,8.61,8.85,28743610,253400244.08,5.3467,1.6074,0,0
2020-06-09,sz.000955,8.85,8.88,8.66,8.69,20457600,178590326.4,3.8054,-1.8079,0,0
2020-06-10,sz.000955,8.61,8.84,8.61,8.69,19724606,172551204.37,3.669,0.0,0,0
2020-06-11,sz.000955,8.68,8.79,8.53,8.54,20566170,177751892.6,3.8256,-1.7261,0,0
2020-06-12,sz.000955,8.33,9.09,8.26,9.0,54170405,482932516.9,10.0764,5.3864,0,0
2020-06-15,sz.000955,9.5,9.88,9.09,9.65,78396956,739206092.75,14.5828,7.2222,0,0
2020-06-16,sz.000955,9.46,9.54,9.21,9.26,48354396,449728636.96,8.9945,-4.0414,0,0
2020-06-17,sz.000955,9.29,9.65,9.26,9.41,51359576,487936781.46,9.5535,1.6199,0,0
2020-06-18,sz.000955,9.4,9.42,9.1,9.13,34257347,315545274.35,6.3723,-2.9756,0,0
2020-06-19,sz.000955,9.09,9.13,8.94,8.97,24051100,216221373.0,4.4738,-1.7525,0,0
2020-06-22,sz.000955,9.0,9.06,8.8,8.9,23927500,212621448.0,4.4508,-0.7804,0,0
2020-06-23,sz.000955,8.89,9.04,8.71,8.72,22002430,195287785.6,4.0927,-2.0225,0,0
2020-06-24,sz.000955,8.44,8.64,8.2,8.51,29466023,249095903.57,5.481,-2.4083,0,0
2020-06-29,sz.000955,8.5,8.68,8.41,8.6,22035910,188652107.8,4.099,1.0576,0,0
2020-06-30,sz.000955,8.54,8.84,8.54,8.8,22279065,193517721.76,4.1442,2.3256,0,0
2020-07-01,sz.000955,8.81,8.88,8.67,8.83,19851741,174387296.58,3.6927,0.3409,0,0
2020-07-02,sz.000955,8.84,8.95,8.75,8.81,18705501,165241689.11,3.4795,-0.2265,0,0
2020-07-03,sz.000955,8.86,9.18,8.83,9.05,28374097,255953327.96,5.2779,2.7242,0,0
2020-07-06,sz.000955,8.99,9.47,8.91,9.38,43825902,405537075.28,8.1522,3.6464,0,0
2020-07-07,sz.000955,9.45,10.32,9.39,10.32,76911592,766999385.7,14.3065,10.0213,1,0
2020-07-08,sz.000955,10.38,10.68,9.9,10.37,78216641,802316943.49,14.5493,0.4845,0,0
2020-07-09,sz.000955,10.3,11.08,10.21,10.9,70124071,752293666.75,13.044,5.1109,0,0
2020-07-10,sz.000955,10.9,11.8,10.69,11.2,76431064,854209754.66,14.2171,2.7523,0,0
2020-07-13,sz.000955,11.79,11.8,11.28,11.32,94972798,1088083248.52,17.6661,1.0714,0,0
2020-07-14,sz.000955,11.25,11.34,10.29,10.52,78096935,840307561.28,14.527,-7.0671,0,0
2020-07-15,sz.000955,10.52,10.83,10.09,10.62,58137008,612273987.0,10.8142,0.9506,0,0
2020-07-16,sz.000955,10.5,10.61,9.86,10.09,43407763,443253671.73,8.0744,-4.9906,0,0
2020-07-17,sz.000955,9.94,10.23,9.89,10.03,23514439,237009277.26,4.374,-0.5947,0,0
2020-07-20,sz.000955,10.07,10.5,9.96,10.39,33156667,337902651.29,6.1676,3.5892,0,0
2020-07-21,sz.000955,10.3,10.4,10.05,10.12,24440200,249270123.84,4.5462,-2.5987,0,0
2020-07-22,sz.000955,10.17,10.27,10.06,10.11,20423200,207129446.05,3.799,-0.0988,0,0
2020-07-23,sz.000955,10.05,10.39,9.66,10.25,38986641,392169439.7,7.252,1.3848,0,0
2020-07-24,sz.000955,10.15,10.21,9.53,9.53,29159430,288323430.7,5.424,-7.0244,0,0
2020-07-27,sz.000955,9.35,9.74,9.35,9.53,15827985,151416341.75,2.9442,0.0,0,0
2020-07-28,sz.000955,9.58,9.8,9.49,9.8,19927846,191938734.33,3.7068,2.8332,0,0
2020-07-29,sz.000955,9.73,9.95,9.61,9.87,19078766,186941867.89,3.5489,0.7143,0,0
2020-07-30,sz.000955,9.89,9.95,9.66,9.71,20527210,201475267.4,3.8183,-1.6211,0,0
2020-07-31,sz.000955,9.72,9.93,9.52,9.88,27059212,263902089.64,5.0334,1.7508,0,0
2020-08-03,sz.000955,9.97,10.18,9.8,10.07,29173770,292772420.22,5.4267,1.9231,0,0
2020-08-04,sz.000955,10.11,10.42,9.88,10.33,47019006,479060337.92,8.7461,2.5819,0,0
2020-08-05,sz.000955,10.23,10.44,10.1,10.37,29497951,303355825.0,5.487,0.3872,0,0
2020-08-06,sz.000955,10.35,10.35,10.11,10.2,24750489,252553501.48,4.6039,-1.6393,0,0
2020-08-07,sz.000955,10.15,10.22,9.82,10.17,23913403,240396399.6,4.4482,-0.2941,0,0
2020-08-10,sz.000955,10.16,10.26,9.92,9.94,18969603,190372778.19,3.5286,-2.2616,0,0
2020-08-11,sz.000955,9.81,9.99,9.41,9.41,30580427,293470489.47,5.6883,-5.332,0,0
2020-08-12,sz.000955,9.39,9.57,9.32,9.51,16748258,158473826.76,3.1154,1.0627,0,0
2020-08-13,sz.000955,9.57,10.45,9.46,10.23,52038228,527572286.27,9.6798,7.571,0,0
2020-08-14,sz.000955,10.25,10.45,10.11,10.19,34626323,355568792.33,6.4409,-0.391,0,0
2020-08-17,sz.000955,10.28,10.44,10.19,10.39,32539442,336269835.7,6.0527,1.9627,0,0
2020-08-18,sz.000955,10.39,10.48,10.09,10.13,34242168,350558941.9,6.3695,-2.5024,0,0
2020-08-19,sz.000955,10.13,10.18,9.77,9.9,33702200,333268160.27,6.269,-2.2705,0,0
2020-08-20,sz.000955,9.83,10.1,9.66,9.75,21224200,208944235.0,3.948,-1.5152,0,0
2020-08-21,sz.000955,9.79,10.09,9.75,10.01,21141841,209265791.75,3.9327,2.6667,0,0
2020-08-24,sz.000955,10.09,10.15,9.76,9.87,16350600,161390173.8,3.0414,-1.3986,0,0
2020-08-25,sz.000955,9.93,10.06,9.77,9.95,23178030,229500759.2,4.3114,0.8105,0,0
2020-08-26,sz.000955,9.95,10.03,9.67,9.7,17634792,173292316.96,3.2803,-2.5126,0,0
2020-08-27,sz.000955,9.7,9.93,9.52,9.73,14826050,144359246.29,2.7578,0.3093,0,0
2020-08-28,sz.000955,9.69,9.88,9.63,9.85,13872575,136076431.25,2.5805,1.2333,0,0
2020-08-31,sz.000955,9.87,9.92,9.73,9.74,12926800,127087872.0,2.4046,-1.1168,0,0
2020-09-01,sz.000955,9.73,9.74,9.37,9.5,18851143,178610600.64,3.5066,-2.4641,0,0
2020-09-02,sz.000955,9.53,9.53,9.11,9.19,20991550,194259472.88,3.9047,-3.2632,0,0
2020-09-03,sz.000955,9.16,9.41,9.02,9.26,18250857,168083956.89,3.3949,0.7617,0,0
2020-09-04,sz.000955,9.17,9.24,9.03,9.06,13451657,122372267.42,2.5022,-2.1598,0,0
2020-09-07,sz.000955,9.08,9.15,8.82,8.87,12452421,112259884.39,2.3163,-2.0971,0,0
2020-09-08,sz.000955,8.87,8.95,8.67,8.83,12542357,110387292.46,2.333,-0.451,0,0
2020-09-09,sz.000955,8.77,8.93,8.55,8.55,14469100,125772628.0,2.6914,-3.171,0,0
2020-09-10,sz.000955,8.68,8.68,8.3,8.3,13812005,116848550.13,2.5692,-2.924,0,0
2020-09-11,sz.000955,8.31,8.65,8.21,8.65,13622101,115136742.32,2.5339,4.2169,0,0
2020-09-14,sz.000955,8.72,9.34,8.57,9.26,29765249,269266334.42,5.5367,7.052,0,0
2020-09-15,sz.000955,9.28,9.44,9.08,9.27,20082432,186834793.89,3.7356,0.108,0,0
2020-09-16,sz.000955,9.27,9.44,9.2,9.35,15743323,147547934.27,2.9285,0.863,0,0
2020-09-17,sz.000955,9.33,9.33,8.74,8.82,24535600,219022878.6,4.5639,-5.6684,0,0
2020-09-18,sz.000955,8.88,8.97,8.62,8.89,15471771,135841267.35,2.8779,0.7937,0,0
2020-09-21,sz.000955,8.88,8.97,8.76,8.77,11176430,98705922.8,2.079,-1.3498,0,0
2020-09-22,sz.000955,8.77,9.12,8.77,8.87,17155972,152908833.92,3.1912,1.1403,0,0
2020-09-23,sz.000955,8.91,8.92,8.63,8.9,12428700,109433503.0,2.3119,0.3382,0,0
2020-09-24,sz.000955,8.83,8.83,8.5,8.64,12780941,110672975.03,2.3774,-2.9213,0,0
2020-09-25,sz.000955,8.65,8.71,8.42,8.49,7145400,60903276.3,1.3291,-1.7361,0,0
2020-09-28,sz.000955,8.54,8.58,8.26,8.4,9704426,81183907.8,1.8051,-1.0601,0,0
2020-09-29,sz.000955,8.42,8.42,7.99,8.15,17503725,143273974.55,3.2559,-2.9762,0,0
2020-09-30,sz.000955,8.13,8.75,8.05,8.49,28672400,242643583.0,5.3334,4.1718,0,0
2020-10-09,sz.000955,8.65,8.78,8.55,8.67,14479430,125669876.3,2.6934,2.1201,0,0
2020-10-12,sz.000955,8.72,8.85,8.72,8.78,15425100,135536844.0,2.8693,1.2687,0,0
2020-10-13,sz.000955,8.73,8.85,8.55,8.75,12517780,108965298.4,2.3285,-0.3417,0,0
2020-10-14,sz.000955,8.81,9.08,8.78,8.83,21250661,190235087.64,3.9529,0.9143,0,0
2020-10-15,sz.000955,8.9,9.17,8.65,8.99,28045745,250164979.55,5.2169,1.812,0,0
2020-10-16,sz.000955,9.0,9.08,8.74,8.85,19824000,175813657.12,3.6875,-1.5573,0,0
2020-10-19,sz.000955,8.85,8.92,8.61,8.62,13678557,119603663.39,2.5444,-2.5989,0,0
2020-10-20,sz.000955,8.57,8.73,8.5,8.69,10673400,92049236.0,1.9854,0.8121,0,0
2020-10-21,sz.000955,8.69,8.74,8.54,8.56,10439696,89949906.76,1.9419,-1.496,0,0
2020-10-22,sz.000955,8.55,8.56,8.4,8.45,8404960,71053717.6,1.5634,-1.285,0,0
2020-10-23,sz.000955,8.49,8.53,8.28,8.34,7767200,65162901.7,1.4448,-1.3018,0,0
2020-10-26,sz.000955,8.43,8.43,8.2,8.34,7376200,61266836.7,1.3721,0.0,0,0
2020-10-27,sz.000955,8.3,8.38,8.22,8.31,6196030,51338335.0,1.1525,-0.3597,0,0
2020-10-28,sz.000955,8.31,8.32,8.1,8.26,7594173,62264885.31,1.4126,-0.6017,0,0
2020-10-29,sz.000955,8.19,8.55,8.06,8.37,12521896,105316133.44,2.3292,1.3317,0,0
2020-10-30,sz.000955,8.33,8.38,8.09,8.11,10418791,85184577.18,1.938,-3.1063,0,0
2020-11-02,sz.000955,8.09,8.11,7.87,7.9,9651707,76879148.34,1.7953,-2.5894,0,0
2020-11-03,sz.000955,7.95,8.04,7.85,8.03,8480401,67771316.35,1.5775,1.6456,0,0
2020-11-04,sz.000955,8.05,8.06,7.9,7.94,5941780,47294726.2,1.1052,-1.1208,0,0
2020-11-05,sz.000955,8.02,8.13,7.94,8.12,10666475,85662600.25,1.9841,2.267,0,0
2020-11-06,sz.000955,8.11,8.11,7.88,7.92,9645930,76760240.0,1.7943,-2.4631,0,0
2020-11-09,sz.000955,7.98,8.15,7.95,8.07,12805713,103519516.3,2.382,1.8939,0,0
2020-11-10,sz.000955,8.07,8.12,7.96,8.01,9367083,75373193.56,1.7424,-0.7435,0,0
2020-11-11,sz.000955,7.97,8.0,7.8,7.81,9664605,75955951.0,1.7977,-2.4969,0,0
2020-11-12,sz.000955,7.85,7.86,7.62,7.67,9045701,69619045.67,1.6826,-1.7926,0,0
2020-11-13,sz.000955,7.65,7.72,7.54,7.7,6368757,48591878.36,1.1847,0.3911,0,0
2020-11-16,sz.000955,7.77,8.07,7.77,7.96,11897092,94424571.37,2.213,3.3766,0,0
2020-11-17,sz.000955,7.96,7.98,7.7,7.77,9267371,72057869.19,1.7239,-2.3869,0,0
2020-11-18,sz.000955,7.76,7.79,7.64,7.68,7511800,57867509.0,1.3973,-1.1583,0,0
2020-11-19,sz.000955,7.69,7.71,7.56,7.65,6883900,52626896.0,1.2805,-0.3906,0,0
2020-11-20,sz.000955,7.67,7.69,7.57,7.68,9762993,74392236.96,1.816,0.3922,0,0
2020-11-23,sz.000955,7.71,7.85,7.65,7.73,12770901,99065700.75,2.3756,0.651,0,0
2020-11-24,sz.000955,7.74,7.74,7.57,7.61,13047609,99480127.92,2.427,-1.5524,0,0
2020-11-25,sz.000955,7.61,7.62,7.46,7.46,10326700,77693879.8,1.9209,-1.9711,0,0
2020-11-26,sz.000955,7.46,7.46,7.22,7.24,10908863,79523043.41,2.0292,-2.9491,0,0
2020-11-27,sz.000955,7.19,7.24,7.06,7.14,10976090,78179122.14,2.0417,-1.3812,0,0
2020-11-30,sz.000955,7.14,7.22,7.07,7.19,9545217,68335332.61,1.7755,0.7003,0,0
2020-12-01,sz.000955,7.14,7.29,7.1,7.28,8704174,62965189.37,1.6191,1.2517,0,0
2020-12-02,sz.000955,7.34,7.35,7.26,7.29,6666313,48669510.32,1.24,0.1374,0,0
2020-12-03,sz.000955,7.29,7.37,7.16,7.35,10190801,74349721.34,1.8956,0.823,0,0
2020-12-04,sz.000955,7.31,7.35,7.23,7.25,7730300,56299343.0,1.4379,-1.3605,0,0
2020-12-07,sz.000955,7.36,7.42,7.27,7.38,10726799,79007410.05,1.9953,1.7931,0,0
2020-12-08,sz.000955,7.42,7.48,7.33,7.44,10023827,74440060.72,1.8646,0.813,0,0
2020-12-09,sz.000955,7.4,7.44,7.15,7.17,9562212,69616599.83,1.7787,-3.629,0,0
2020-12-10,sz.000955,7.18,7.18,7.07,7.08,6370350,45252954.0,1.185,-1.2552,0,0
2020-12-11,sz.000955,7.05,7.11,6.82,6.9,9975009,68981215.66,1.8555,-2.5424,0,0
2020-12-14,sz.000955,6.82,6.92,6.77,6.87,5254500,36006463.0,0.9774,-0.4348,0,0
2020-12-15,sz.000955,6.85,6.93,6.78,6.82,6317900,43138114.0,1.1752,-0.7278,0,0
2020-12-16,sz.000955,6.84,6.89,6.61,6.62,7964800,53473779.92,1.4816,-2.9326,0,0
2020-12-17,sz.000955,6.62,6.92,6.51,6.88,11631011,78257149.06,2.1635,3.9275,0,0
2020-12-18,sz.000955,6.77,6.87,6.66,6.74,7575295,51128483.04,1.4091,-2.0349,0,0
2020-12-21,sz.000955,6.71,6.75,6.63,6.63,10598300,70717669.78,1.9714,-1.632,0,0
2020-12-22,sz.000955,6.63,7.29,6.58,7.29,38641296,277796598.93,7.1878,9.9548,1,0
2020-12-23,sz.000955,7.29,7.29,7.06,7.15,32130974,228821473.56,5.9768,-1.9204,0,0
2020-12-24,sz.000955,7.09,7.09,6.84,6.86,22021975,152961603.9,4.0964,-4.0559,0,0
2020-12-25,sz.000955,6.89,7.05,6.88,6.97,15467522,107531883.7,2.8772,1.6035,0,0
2020-12-28,sz.000955,7.0,7.67,6.98,7.67,19829919,148296783.97,3.6886,10.043,1,0
2020-12-29,sz.000955,7.69,8.44,7.38,8.18,77638592,616440721.66,14.4418,6.6493,0,0
2020-12-30,sz.000955,7.85,8.04,7.67,7.91,44358164,349345976.06,8.2512,-3.3007,0,0
2020-12-31,sz.000955,7.9,8.33,7.82,8.02,38068676,305781070.81,7.0813,1.3906,0,0
2021-01-04,sz.000955,7.92,8.12,7.79,7.95,32176253,254793896.99,5.9852,-0.8728,0,0
2021-01-05,sz.000955,7.87,8.06,7.7,7.73,26833342,210228277.36,4.9913,-2.7673,0,0
2021-01-06,sz.000955,7.75,8.22,7.73,8.02,40372512,322391472.81,7.5098,3.7516,0,0
2021-01-07,sz.000955,7.85,7.88,7.36,7.52,33116968,252886893.54,6.1602,-6.2344,0,0
2021-01-08,sz.000955,7.36,7.67,7.2,7.5,20543580,152343173.0,3.8214,-0.266,0,0
2021-01-11,sz.000955,7.47,7.84,7.35,7.74,27059042,206067282.82,5.0333,3.2,0,0
2021-01-12,sz.000955,7.63,7.78,7.53,7.59,19059633,145525039.26,3.5453,-1.938,0,0
2021-01-13,sz.000955,7.54,7.59,7.3,7.3,18246090,135278181.29,3.394,-3.8208,0,0
2021-01-14,sz.000955,7.21,7.27,6.9,6.99,17141501,121539711.38,3.1885,-4.2466,0,0
2021-01-15,sz.000955,7.0,7.19,6.97,7.1,11652800,82630288.0,2.1676,1.5737,0,0
2021-01-18,sz.000955,7.1,7.31,7.1,7.16,12116100,87400390.4,2.2538,0.8451,0,0
2021-01-19,sz.000955,7.15,7.29,7.02,7.19,15206239,109261236.7,2.8286,0.419,0,0
2021-01-20,sz.000955,7.16,7.16,7.0,7.04,11105922,78269621.56,2.0658,-2.0862,0,0
2021-01-21,sz.000955,7.09,7.74,7.08,7.62,37087448,278411410.82,6.8987,8.2386,0,0
2021-01-22,sz.000955,7.4,7.83,7.37,7.69,35571949,271207927.4,6.6168,0.9186,0,0
2021-01-25,sz.000955,7.7,7.72,7.51,7.62,18813412,142918550.74,3.4995,-0.9103,0,0
2021-01-26,sz.000955,7.6,7.6,7.1,7.2,17344053,127062501.09,3.2262,-5.5118,0,0
2021-01-27,sz.000955,7.29,7.42,7.15,7.34,13248397,96588833.18,2.4644,1.9444,0,0
2021-01-28,sz.000955,7.18,7.33,7.04,7.06,12383847,88487152.49,2.3036,-3.8147,0,0
2021-01-29,sz.000955,7.12,7.13,6.62,6.82,15454373,105542586.23,2.8747,-3.3994,0,0
2021-02-01,sz.000955,6.98,7.32,6.9,7.06,18413774,131459193.06,3.4252,3.5191,0,0
2021-02-02,sz.000955,7.0,7.05,6.88,6.92,11333706,78724024.67,2.1082,-1.983,0,0
2021-02-03,sz.000955,6.88,6.89,6.67,6.69,11834293,79821275.55,2.2013,-3.3237,0,0
2021-02-04,sz.000955,6.68,6.68,6.21,6.35,13044014,83961420.94,2.4264,-5.0822,0,0
2021-02-05,sz.000955,6.27,6.53,6.27,6.36,10406455,66613512.25,1.9357,0.1575,0,0
2021-02-08,sz.000955,6.37,6.41,6.23,6.26,7527000,47328089.0,1.4001,-1.5723,0,0
2021-02-09,sz.000955,6.26,6.41,6.25,6.35,8436480,53373235.7,1.5693,1.4377,0,0
2021-02-10,sz.000955,6.38,6.41,6.3,6.32,8470166,53671728.81,1.5756,-0.4724,0,0
2021-02-18,sz.000955,6.38,6.6,6.36,6.48,11914382,77237535.44,2.2162,2.5316,0,0
2021-02-19,sz.000955,6.53,6.71,6.43,6.67,12515654,82395678.02,2.3281,2.9321,0,0
2021-02-22,sz.000955,6.7,6.88,6.66,6.68,14238350,96678616.0,2.6485,0.1499,0,0
2021-02-23,sz.000955,6.67,6.67,6.43,6.49,14521902,94813110.02,2.7013,-2.8443,0,0
2021-02-24,sz.000955,6.5,6.59,6.46,6.51,9817201,64049617.53,1.8261,0.3082,0,0
2021-02-25,sz.000955,6.53,6.56,6.38,6.4,9507601,61258141.58,1.7685,-1.6897,0,0
2021-02-26,sz.000955,6.38,6.52,6.16,6.46,8027100,51567859.29,1.4931,0.9375,0,0
2021-03-01,sz.000955,6.49,6.63,6.49,6.62,10124700,66604578.0,1.8833,2.4768,0,0
2021-03-02,sz.000955,6.65,6.68,6.43,6.46,9801000,63810765.0,1.8231,-2.4169,0,0
2021-03-03,sz.000955,6.48,6.72,6.48,6.66,13479331,89167821.68,2.5073,3.096,0,0
2021-03-04,sz.000955,6.67,6.78,6.6,6.63,12434100,83047151.0,2.3129,-0.4505,0,0
2021-03-05,sz.000955,6.45,6.56,6.28,6.55,12659060,81387849.2,2.3547,-1.2066,0,0
2021-03-08,sz.000955,6.51,6.59,6.37,6.38,10664801,69156477.46,1.9838,-2.5954,0,0
2021-03-09,sz.000955,6.4,6.43,5.74,6.08,12872531,78964046.91,2.3945,-4.7022,0,0
2021-03-10,sz.000955,6.11,6.12,5.9,5.9,8614415,51553779.4,1.6024,-2.9605,0,0
2021-03-11,sz.000955,5.91,6.01,5.87,5.97,6135647,36554462.7,1.1413,1.1864,0,0
2021-03-12,sz.000955,5.99,6.01,5.89,5.9,6089900,36102789.97,1.1328,-1.1725,0,0
2021-03-15,sz.000955,5.9,5.99,5.83,5.94,6220201,36876946.95,1.157,0.678,0,0
2021-03-16,sz.000955,5.95,6.04,5.92,6.02,6767001,40539739.01,1.2587,1.3468,0,0
2021-03-17,sz.000955,6.02,6.1,5.98,6.1,6253100,37889716.0,1.1632,1.3289,0,0
2021-03-18,sz.000955,6.08,6.16,5.99,6.03,7626400,46235897.0,1.4186,-1.1475,0,0
2021-03-19,sz.000955,6.02,6.1,5.91,6.06,7412300,44704592.0,1.3788,0.4975,0,0
2021-03-22,sz.000955,6.05,6.1,6.01,6.1,6663143,40398803.18,1.2394,0.6601,0,0
2021-03-23,sz.000955,6.11,6.13,5.99,6.02,6439000,38773458.0,1.1977,-1.3115,0,0
2021-03-24,sz.000955,5.99,6.01,5.87,5.91,8369200,49543938.0,1.5568,-1.8272,0,0
2021-03-25,sz.000955,5.93,6.03,5.92,5.94,7424900,44357640.0,1.3811,0.5076,0,0
2021-03-26,sz.000955,5.99,6.06,5.93,6.05,9494300,57193361.0,1.7661,1.8519,0,0
2021-03-29,sz.000955,6.08,6.08,5.94,5.94,8868401,53095264.0,1.6496,-1.8182,0,0
2021-03-30,sz.000955,5.81,5.84,5.57,5.63,22371541,126240579.92,4.1614,-5.2189,0,0
2021-03-31,sz.000955,5.62,5.8,5.57,5.66,16898761,96315875.66,3.1434,0.5329,0,0
2021-04-01,sz.000955,5.66,5.76,5.62,5.72,10874500,61971552.9,2.0228,1.0601,0,0
2021-04-02,sz.000955,5.74,5.79,5.66,5.75,9604610,54987335.04,1.7866,0.5245,0,0
2021-04-06,sz.000955,5.75,6.15,5.73,6.02,20766702,123952198.26,3.8629,4.6957,0,0
2021-04-07,sz.000955,6.01,6.15,5.94,6.12,16415340,99092319.9,3.0535,1.6611,0,0
2021-04-08,sz.000955,6.04,6.14,6.01,6.05,14274650,86658903.3,2.6553,-1.1438,0,0
2021-04-09,sz.000955,6.1,6.46,6.06,6.31,35068680,219567239.4,6.5232,4.2975,0,0
2021-04-12,sz.000955,6.48,6.88,6.36,6.58,46498163,307236316.69,8.6493,4.2789,0,0
2021-04-13,sz.000955,6.42,6.42,6.16,6.2,26666623,166726008.55,4.9603,-5.7751,0,0
2021-04-14,sz.000955,6.09,6.33,6.09,6.23,15885975,98717171.9,2.955,0.4839,0,0
2021-04-15,sz.000955,6.18,6.47,6.1,6.28,19661664,123458392.8,3.6573,0.8026,0,0
2021-04-16,sz.000955,6.25,6.86,6.13,6.65,38547932,249764361.39,7.1704,5.8917,0,0
2021-04-19,sz.000955,6.7,6.75,6.47,6.52,37501256,247040262.76,6.9757,-1.9549,0,0
2021-04-20,sz.000955,6.5,6.55,6.22,6.23,28290340,180131416.19,5.2624,-4.4479,0,0
2021-04-21,sz.000955,6.17,6.47,6.15,6.35,23053161,145375246.33,4.2882,1.9262,0,0
2021-04-22,sz.000955,6.27,6.32,6.15,6.17,17522952,108791696.65,3.2595,-2.8346,0,0
2021-04-23,sz.000955,6.1,6.15,5.9,5.92,18886200,113110067.5,3.5131,-4.0519,0,0
2021-04-26,sz.000955,5.9,6.04,5.86,5.94,10356801,61836723.98,1.9265,0.3378,0,0
2021-04-27,sz.000955,5.99,6.01,5.77,5.93,12063101,70860948.9,2.2439,-0.1684,0,0
2021-04-28,sz.000955,5.91,6.08,5.79,5.98,12289920,72621855.87,2.2861,0.8432,0,0
2021-04-29,sz.000955,5.93,5.96,5.8,5.81,9396500,55361778.7,1.7479,-2.8428,0,0
2021-04-30,sz.000955,5.78,5.87,5.72,5.79,6267973,36248020.67,1.1659,-0.3442,0,0
2021-05-06,sz.000955,5.77,5.77,5.62,5.67,8465300,48076435.0,1.5747,-2.0725,0,0
2021-05-07,sz.000955,5.67,5.73,5.6,5.68,7102400,40154198.0,1.3211,0.1764,0,0
2021-05-10,sz.000955,5.68,5.85,5.68,5.8,9731970,56170680.1,1.8103,2.1127,0,0
2021-05-11,sz.000955,5.82,5.82,5.63,5.72,8143213,46455368.84,1.5147,-1.3793,0,0
2021-05-12,sz.000955,5.7,5.74,5.63,5.73,6594932,37474664.42,1.2267,0.1748,0,0
2021-05-13,sz.000955,5.72,5.81,5.66,5.72,7597200,43673602.0,1.4132,-0.1745,0,0
2021-05-14,sz.000955,5.75,5.76,5.7,5.75,7024315,40271251.97,1.3066,0.5245,0,0
2021-05-17,sz.000955,5.73,5.74,5.64,5.65,7948300,45163325.7,1.4785,-1.7391,0,0
2021-05-18,sz.000955,5.66,5.66,5.6,5.62,5554860,31196593.6,1.0333,-0.531,0,0
2021-05-19,sz.000955,5.62,5.71,5.61,5.65,5015650,28380340.0,0.933,0.5338,0,0
2021-05-20,sz.000955,5.66,5.66,5.51,5.53,8902500,49442669.0,1.656,-2.1239,0,0
2021-05-21,sz.000955,5.5,5.56,5.5,5.52,3997650,22062847.5,0.7436,-0.1808,0,0
2021-05-24,sz.000955,5.51,5.55,5.5,5.54,3609600,19968777.0,0.6714,0.3623,0,0
2021-05-25,sz.000955,5.55,5.79,5.52,5.7,12441800,70848943.0,2.3143,2.8881,0,0
2021-05-26,sz.000955,5.7,5.74,5.61,5.74,10707503,60948556.08,1.9917,0.7018,0,0
2021-05-27,sz.000955,5.71,5.79,5.69,5.74,6642330,38085925.9,1.2356,0.0,0,0
2021-05-28,sz.000955,5.76,5.82,5.7,5.78,10176900,58635415.0,1.893,0.6969,0,0
2021-05-31,sz.000955,5.73,5.78,5.71,5.75,5825467,33408638.26,1.0836,-0.519,0,0
2021-06-01,sz.000955,5.81,5.84,5.73,5.77,8723430,50424232.78,1.6227,0.3478,0,0
2021-06-02,sz.000955,5.73,5.75,5.66,5.68,7501201,42739398.91,1.3953,-1.5598,0,0
2021-06-03,sz.000955,5.68,5.7,5.64,5.64,5865620,33211861.8,1.0911,-0.7042,0,0
2021-06-04,sz.000955,5.65,5.65,5.59,5.6,5636700,31627641.0,1.0485,-0.7092,0,0
2021-06-07,sz.000955,5.57,5.6,5.52,5.57,7144510,39710163.3,1.329,-0.5357,0,0
2021-06-08,sz.000955,5.57,5.64,5.54,5.62,7782811,43620953.68,1.4477,0.8977,0,0
2021-06-09,sz.000955,5.61,5.61,5.53,5.55,6515000,36263405.1,1.2119,-1.2456,0,0
2021-06-10,sz.000955,5.55,5.72,5.54,5.68,11731773,66095854.89,2.1823,2.3423,0,0
2021-06-11,sz.000955,5.68,5.77,5.65,5.73,13084375,74733787.0,2.4339,0.8803,0,0
2021-06-15,sz.000955,5.73,5.75,5.66,5.66,8636100,49130381.7,1.6064,-1.2216,0,0
2021-06-16,sz.000955,5.66,5.71,5.59,5.61,7295232,41198800.2,1.357,-0.8834,0,0
2021-06-17,sz.000955,5.6,5.66,5.54,5.56,6685400,37345315.6,1.2436,-0.8913,0,0
2021-06-18,sz.000955,5.54,5.69,5.51,5.67,7635396,42840821.68,1.4203,1.9784,0,0
2021-06-21,sz.000955,5.68,5.72,5.65,5.7,5760803,32842378.04,1.0716,0.5291,0,0
2021-06-22,sz.000955,5.72,5.74,5.64,5.67,7361590,41874626.5,1.3693,-0.5263,0,0
2021-06-23,sz.000955,5.65,5.65,5.55,5.6,8337500,46528944.0,1.5509,-1.2346,0,0
2021-06-24,sz.000955,5.6,5.6,5.55,5.56,5031901,28003091.57,0.936,-0.7143,0,0
2021-06-25,sz.000955,5.57,5.59,5.52,5.58,5637600,31275421.0,1.0487,0.3597,0,0
2021-06-28,sz.000955,5.57,5.59,5.53,5.56,5253836,29166487.77,0.9773,-0.3584,0,0
2021-06-29,sz.000955,5.55,5.55,5.43,5.45,8068300,44295103.99,1.5008,-1.9784,0,0
2021-06-30,sz.000955,5.44,5.45,5.31,5.32,9756100,52450251.0,1.8148,-2.3853,0,0
2021-07-01,sz.000955,5.32,5.42,5.28,5.37,6747101,36173075.22,1.255,0.9398,0,0
2021-07-02,sz.000955,5.38,5.38,5.11,5.17,10781090,56190799.3,2.0054,-3.7244,0,0
2021-07-05,sz.000955,5.17,5.24,5.13,5.18,4596190,23786078.24,0.8549,0.1934,0,0
2021-07-06,sz.000955,5.19,5.19,5.05,5.12,7888883,40276300.86,1.4674,-1.1583,0,0
2021-07-07,sz.000955,5.09,5.14,5.07,5.13,5385030,27522765.4,1.0017,0.1953,0,0
2021-07-08,sz.000955,5.12,5.15,5.05,5.07,5623540,28531584.4,1.046,-1.1696,0,0
2021-07-09,sz.000955,5.05,5.06,4.93,5.0,7381278,36743667.13,1.373,-1.3807,0,0
2021-07-12,sz.000955,5.06,5.15,5.02,5.08,8643551,43918248.48,1.6078,1.6,0,0
2021-07-13,sz.000955,5.13,5.28,5.1,5.27,11526289,60032502.59,2.144,3.7402,0,0
2021-07-14,sz.000955,5.27,5.27,5.14,5.17,6678700,34660682.0,1.2423,-1.8975,0,0
2021-07-15,sz.000955,5.1,5.12,4.94,5.0,9316500,46623993.44,1.733,-3.2882,0,0
2021-07-16,sz.000955,4.99,5.03,4.95,4.96,5536500,27557691.1,1.0299,-0.8,0,0
2021-07-19,sz.000955,4.95,4.96,4.74,4.78,8822400,42346918.0,1.6411,-3.629,0,0
2021-07-20,sz.000955,4.77,4.8,4.73,4.77,4060500,19328326.0,0.7553,-0.2092,0,0
2021-07-21,sz.000955,4.77,4.85,4.76,4.81,4920900,23667915.3,0.9153,0.8386,0,0
2021-07-22,sz.000955,4.8,4.81,4.75,4.77,4601048,21955201.09,0.8559,-0.8316,0,0
2021-07-23,sz.000955,4.77,4.77,4.58,4.61,9878890,45881270.6,1.8376,-3.3543,0,0
2021-07-26,sz.000955,4.61,4.61,4.42,4.48,7657014,34406858.69,1.4243,-2.82,0,0
2021-07-27,sz.000955,4.46,4.57,4.41,4.41,5662330,25259075.2,1.0533,-1.5625,0,0
2021-07-28,sz.000955,4.41,4.85,4.21,4.85,17189820,79200236.86,3.1975,9.9773,1,0
2021-07-29,sz.000955,4.93,5.11,4.75,5.1,32863564,163481503.34,6.113,5.1546,0,0
2021-07-30,sz.000955,4.93,5.1,4.82,4.98,22221166,110170743.07,4.1334,-2.3529,0,0
2021-08-02,sz.000955,5.01,5.17,4.9,4.96,17685500,88762116.4,3.2897,-0.4016,0,0
2021-08-03,sz.000955,4.98,5.06,4.93,5.04,14049591,70382384.49,2.6134,1.6129,0,0
2021-08-04,sz.000955,5.03,5.04,4.89,4.91,11311723,55766407.02,2.1041,-2.5794,0,0
2021-08-05,sz.000955,4.93,4.93,4.69,4.76,12377000,59366003.6,2.3023,-3.055,0,0
2021-08-06,sz.000955,4.75,4.75,4.63,4.67,6989630,32758917.28,1.3002,-1.8908,0,0
2021-08-09,sz.000955,4.68,4.74,4.66,4.7,5506940,25890876.81,1.0244,0.6424,0,0
2021-08-10,sz.000955,4.71,4.88,4.65,4.83,12582200,60270533.27,2.3404,2.766,0,0
2021-08-11,sz.000955,4.8,4.83,4.69,4.75,7975500,37978563.0,1.4835,-1.6563,0,0
2021-08-12,sz.000955,4.79,4.79,4.68,4.71,6974020,32885486.4,1.2973,-0.8421,0,0
2021-08-13,sz.000955,4.68,4.93,4.67,4.87,17351823,84383995.48,3.2277,3.397,0,0
2021-08-16,sz.000955,4.85,4.85,4.74,4.76,9049440,43273744.4,1.6833,-2.2587,0,0
2021-08-17,sz.000955,4.76,4.77,4.55,4.58,10302812,47816879.84,1.9165,-3.7815,0,0
2021-08-18,sz.000955,4.59,4.6,4.52,4.57,4853712,22131092.84,0.9029,-0.2183,0,0
2021-08-19,sz.000955,4.55,4.6,4.53,4.55,3154512,14385084.6,0.5868,-0.4376,0,0
2021-08-20,sz.000955,4.53,4.54,4.4,4.44,6800600,30345673.76,1.265,-2.4176,0,0
2021-08-23,sz.000955,4.43,4.52,4.43,4.48,5827610,26103901.3,1.084,0.9009,0,0
2021-08-24,sz.000955,4.48,4.49,4.45,4.47,4944900,22078452.0,0.9198,-0.2232,0,0
2021-08-25,sz.000955,4.47,4.5,4.43,4.49,4264001,19062776.45,0.7932,0.4474,0,0
2021-08-26,sz.000955,4.47,4.48,4.42,4.44,5207613,23154884.85,0.9685,-1.1136,0,0
2021-08-27,sz.000955,4.43,4.43,4.34,4.36,5788301,25254899.36,1.0765,-1.8018,0,0
2021-08-30,sz.000955,4.33,4.45,4.33,4.37,4893000,21459388.0,0.91,0.2294,0,0
2021-08-31,sz.000955,4.37,4.57,4.3,4.53,13295560,59074952.4,2.4727,3.6613,0,0
2021-09-01,sz.000955,4.49,4.56,4.43,4.48,8518560,38170506.0,1.5843,-1.1038,0,0
2021-09-02,sz.000955,4.48,4.52,4.43,4.49,5923430,26550961.4,1.1017,0.2232,0,0
2021-09-03,sz.000955,4.52,4.71,4.5,4.64,15583762,72044691.45,2.8983,3.3408,0,0
2021-09-06,sz.000955,4.64,4.72,4.61,4.68,7631158,35606409.5,1.4193,0.8621,0,0
2021-09-07,sz.000955,4.69,4.74,4.67,4.7,7387750,34761801.5,1.374,0.4274,0,0
2021-09-08,sz.000955,4.71,4.83,4.68,4.76,10250365,48744643.0,1.9064,1.2766,0,0
2021-09-09,sz.000955,4.78,4.85,4.76,4.77,8123901,38985427.77,1.5109,0.2101,0,0
2021-09-10,sz.000955,4.76,4.81,4.66,4.7,9417701,44481016.7,1.7515,-1.4675,0,0
2021-09-13,sz.000955,4.68,5.16,4.66,4.99,28985403,143334910.54,5.3908,6.1702,0,0
2021-09-14,sz.000955,5.0,5.06,4.79,4.8,16774425,81969895.33,3.1197,-3.8076,0,0
2021-09-15,sz.000955,4.81,4.87,4.73,4.8,6628700,31762316.0,1.2328,0.0,0,0
2021-09-16,sz.000955,4.84,4.88,4.7,4.71,7746725,37125844.3,1.4408,-1.875,0,0
2021-09-17,sz.000955,4.72,4.74,4.62,4.65,6302531,29365150.15,1.1722,-1.2739,0,0
2021-09-22,sz.000955,4.61,4.71,4.59,4.67,4682200,21858668.0,0.8708,0.4301,0,0
2021-09-23,sz.000955,4.68,4.74,4.67,4.7,3741616,17621399.68,0.6959,0.6424,0,0
2021-09-24,sz.000955,4.72,4.73,4.54,4.55,6773600,31265360.0,1.2598,-3.1915,0,0
2021-09-27,sz.000955,4.55,4.58,4.38,4.45,6128500,27326239.0,1.1398,-2.1978,0,0
2021-09-28,sz.000955,4.45,4.5,4.43,4.46,3479680,15525598.8,0.6472,0.2247,0,0
2021-09-29,sz.000955,4.44,4.48,4.37,4.38,4525441,19962763.52,0.8417,-1.7937,0,0
2021-09-30,sz.000955,4.36,4.48,4.36,4.47,2800930,12436136.1,0.5209,2.0548,0,0
2021-10-08,sz.000955,4.49,4.63,4.48,4.62,6030321,27634908.81,1.1215,3.3557,0,0
2021-10-11,sz.000955,4.64,4.68,4.58,4.63,3788621,17496367.44,0.7046,0.2165,0,0
2021-10-12,sz.000955,4.6,4.62,4.5,4.55,3982493,18146203.08,0.7407,-1.7279,0,0
2021-10-13,sz.000955,4.55,4.57,4.46,4.54,2913400,13129068.79,0.5418,-0.2198,0,0
2021-10-14,sz.000955,4.58,4.59,4.49,4.55,3730980,16937163.0,0.6939,0.2203,0,0
2021-10-15,sz.000955,4.55,4.55,4.47,4.5,3808705,17137222.4,0.7084,-1.0989,0,0
2021-10-18,sz.000955,4.5,4.5,4.44,4.46,2883911,12878707.37,0.5364,-0.8889,0,0
2021-10-19,sz.000955,4.46,4.48,4.43,4.46,2376261,10588372.45,0.4419,0.0,0,0
2021-10-20,sz.000955,4.45,4.55,4.4,4.5,3726930,16666200.3,0.6931,0.8969,0,0
2021-10-21,sz.000955,4.47,4.49,4.4,4.41,3095201,13740333.4,0.5757,-2.0,0,0
2021-10-22,sz.000955,4.38,4.43,4.38,4.41,2171700,9587381.0,0.4039,0.0,0,0
2021-10-25,sz.000955,4.41,4.42,4.36,4.39,2908800,12748219.0,0.541,-0.4535,0,0
2021-10-26,sz.000955,4.39,4.42,4.34,4.34,2793200,12182795.0,0.5195,-1.139,0,0
2021-10-27,sz.000955,4.35,4.36,4.22,4.23,3708208,15779546.84,0.6897,-2.5346,0,0
2021-10-28,sz.000955,4.26,4.26,4.11,4.17,3235918,13489328.98,0.6018,-1.4184,0,0
2021-10-29,sz.000955,4.16,4.26,4.12,4.24,2738526,11521985.21,0.5093,1.6787,0,0
2021-11-01,sz.000955,4.26,4.32,4.25,4.27,1952481,8366216.61,0.3631,0.7075,0,0
2021-11-02,sz.000955,4.26,4.32,4.15,4.19,3444511,14611099.98,0.6406,-1.8735,0,0
2021-11-03,sz.000955,4.19,4.28,4.17,4.27,2344661,9969523.25,0.4361,1.9093,0,0
2021-11-04,sz.000955,4.26,4.29,4.23,4.29,2537800,10830038.0,0.472,0.4684,0,0
2021-11-05,sz.000955,4.28,4.42,4.27,4.35,4592671,20038933.76,0.8542,1.3986,0,0
2021-11-08,sz.000955,4.36,4.39,4.31,4.34,2250900,9761093.0,0.4186,-0.2299,0,0
2021-11-09,sz.000955,4.33,4.37,4.31,4.34,2240310,9722283.1,0.4167,0.0,0,0
2021-11-10,sz.000955,4.35,4.38,4.3,4.37,2366801,10267029.34,0.4402,0.6912,0,0
2021-11-11,sz.000955,4.37,4.45,4.36,4.39,3000400,13196475.0,0.558,0.4577,0,0
2021-11-12,sz.000955,4.39,4.41,4.34,4.36,2658600,11592340.0,0.4945,-0.6834,0,0
2021-11-15,sz.000955,4.38,4.44,4.3,4.42,5289701,23131811.35,0.9838,1.3761,0,0
2021-11-16,sz.000955,4.44,4.48,4.4,4.42,3887350,17242925.5,0.723,0.0,0,0
2021-11-17,sz.000955,4.4,4.44,4.38,4.43,2542352,11207373.3,0.4728,0.2262,0,0
2021-11-18,sz.000955,4.43,4.43,4.32,4.33,3987700,17447004.0,0.7416,-2.2573,0,0
2021-11-19,sz.000955,4.34,4.39,4.32,4.38,3132631,13653734.73,0.5826,1.1547,0,0
2021-11-22,sz.000955,4.37,4.43,4.33,4.42,5575130,24454305.39,1.0369,0.9132,0,0
2021-11-23,sz.000955,4.41,4.78,4.4,4.63,18809320,86726590.7,3.4982,4.7511,0,0
2021-11-24,sz.000955,4.62,4.62,4.53,4.57,6768960,30895507.8,1.2589,-1.2959,0,0
2021-11-25,sz.000955,4.57,5.03,4.53,5.03,39079108,189720087.49,7.268,10.0656,1,0
2021-11-26,sz.000955,5.15,5.28,4.9,4.92,40273967,205645777.2,7.4902,-2.1869,0,0
2021-11-29,sz.000955,4.91,5.26,4.9,5.08,26838302,137141349.63,4.9915,3.252,0,0
2021-11-30,sz.000955,5.0,5.06,4.84,4.92,20355881,100458291.25,3.7858,-3.1496,0,0
2021-12-01,sz.000955,4.88,4.96,4.78,4.9,12799189,62113496.23,2.3804,-0.4065,0,0
2021-12-02,sz.000955,4.9,4.97,4.79,4.81,10659797,51641298.0,1.9825,-1.8367,0,0
2021-12-03,sz.000955,4.81,4.83,4.73,4.76,7873660,37502417.0,1.4644,-1.0395,0,0
2021-12-06,sz.000955,4.75,4.82,4.69,4.73,8341000,39546216.0,1.5513,-0.6303,0,0
2021-12-07,sz.000955,4.74,4.77,4.67,4.76,6263630,29612600.4,1.1649,0.6342,0,0
2021-12-08,sz.000955,4.75,4.79,4.71,4.74,5259880,24942962.4,0.9782,-0.4202,0,0
2021-12-09,sz.000955,4.71,4.76,4.7,4.73,4410201,20843364.72,0.8202,-0.211,0,0
2021-12-10,sz.000955,4.73,4.79,4.7,4.72,6011201,28501985.76,1.118,-0.2114,0,0
2021-12-13,sz.000955,4.72,4.82,4.7,4.75,6781581,32259723.76,1.2613,0.6356,0,0
2021-12-14,sz.000955,4.76,4.89,4.75,4.85,10837570,52550609.7,2.0156,2.1053,0,0
2021-12-15,sz.000955,4.97,5.11,4.86,4.89,13324697,66041710.4,2.4782,0.8247,0,0
2021-12-16,sz.000955,4.89,4.92,4.81,4.84,7527200,36383488.0,1.3999,-1.0225,0,0
2021-12-17,sz.000955,4.84,4.9,4.79,4.85,6466281,31265755.23,1.2026,0.2066,0,0
2021-12-20,sz.000955,4.88,4.91,4.81,4.83,5087103,24647241.74,0.9461,-0.4124,0,0
2021-12-21,sz.000955,4.84,5.01,4.8,4.95,10046760,49308971.0,1.8685,2.4845,0,0
2021-12-22,sz.000955,4.93,4.99,4.9,4.91,6253850,30839740.5,1.1631,-0.8081,0,0
2021-12-23,sz.000955,4.93,5.06,4.9,4.96,10971330,54751282.52,2.0405,1.0183,0,0
2021-12-24,sz.000955,5.05,5.05,4.76,4.78,10007892,48496931.84,1.8613,-3.629,0,0
2021-12-27,sz.000955,4.79,4.83,4.75,4.78,4321208,20664523.16,0.8037,0.0,0,0
2021-12-28,sz.000955,4.78,4.84,4.72,4.82,5017200,24034608.0,0.9331,0.8368,0,0
2021-12-29,sz.000955,4.8,4.94,4.76,4.9,9086200,44355009.16,1.6899,1.6598,0,0
2021-12-30,sz.000955,4.9,4.94,4.87,4.89,5393990,26383243.1,1.0032,-0.2041,0,0
2021-12-31,sz.000955,4.91,4.93,4.87,4.92,6162193,30237082.8,1.1461,0.6135,0,0
2022-01-04,sz.000955,4.91,5.41,4.9,5.41,16922418,90061355.58,3.1473,9.9593,1,0
2022-01-05,sz.000955,5.95,5.95,5.63,5.95,87983912,520366974.87,16.3635,9.9815,1,0
2022-01-06,sz.000955,5.5,6.1,5.5,5.94,81928602,472408477.35,15.2373,-0.1681,0,0
2022-01-07,sz.000955,5.81,5.83,5.35,5.41,57230036,316725329.42,10.6438,-8.9226,0,0
2022-01-10,sz.000955,5.41,5.61,5.4,5.42,28481954,155744614.38,5.2971,0.1848,0,0
2022-01-11,sz.000955,5.51,5.59,5.31,5.41,24754547,134361968.16,4.6039,-0.1845,0,0
2022-01-12,sz.000955,5.35,5.46,5.22,5.44,20528825,110535697.47,3.818,0.5545,0,0
2022-01-13,sz.000955,5.43,5.6,5.36,5.37,23737336,129282051.84,4.4147,-1.2868,0,0
2022-01-14,sz.000955,5.33,5.8,5.23,5.6,41771610,230825596.71,7.7688,4.2831,0,0
2022-01-17,sz.000955,5.63,5.91,5.51,5.8,52138297,297779020.96,9.6968,3.5714,0,0
2022-01-18,sz.000955,5.65,5.7,5.35,5.38,32205900,176043919.34,5.9897,-7.2414,0,0
2022-01-19,sz.000955,5.37,5.47,5.29,5.45,15236400,82137766.0,2.8337,1.3011,0,0
2022-01-20,sz.000955,5.4,5.44,5.1,5.14,20817000,108655253.58,3.8716,-5.6881,0,0
2022-01-21,sz.000955,5.11,5.2,4.97,5.01,14128131,71570115.55,2.6276,-2.5292,0,0
2022-01-24,sz.000955,5.0,5.02,4.87,4.9,10615997,52524312.15,1.9744,-2.1956,0,0
2022-01-25,sz.000955,4.96,4.96,4.67,4.68,13529051,64544080.78,2.5162,-4.4898,0,0
2022-01-26,sz.000955,4.67,4.78,4.66,4.71,6848260,32217933.8,1.2737,0.641,0,0
2022-01-27,sz.000955,4.68,4.74,4.51,4.52,11199900,51869979.0,2.083,-4.034,0,0
2022-01-28,sz.000955,4.54,4.81,4.54,4.75,10431300,48978532.0,1.94,5.0885,0,0
2022-02-07,sz.000955,4.82,4.87,4.75,4.78,7246500,34780026.0,1.3477,0.6316,0,0
2022-02-08,sz.000955,4.76,4.95,4.76,4.93,9032100,44157037.0,1.6798,3.1381,0,0
2022-02-09,sz.000955,4.97,4.98,4.9,4.96,7262360,35847589.0,1.3507,0.6085,0,0
2022-02-10,sz.000955,4.96,4.96,4.86,4.88,6476300,31676792.0,1.2045,-1.6129,0,0
2022-02-11,sz.000955,4.91,4.91,4.68,4.7,8205400,39057622.0,1.5261,-3.6885,0,0
2022-02-14,sz.000955,4.72,5.17,4.71,5.17,21102538,105262641.49,3.9247,10.0,1,0
2022-02-15,sz.000955,5.26,5.33,5.06,5.2,28647321,148776256.2,5.3279,0.5803,0,0
2022-02-16,sz.000955,5.2,5.22,5.06,5.12,14338300,73461648.0,2.6667,-1.5385,0,0
2022-02-17,sz.000955,5.08,5.15,4.99,5.01,12424804,62811868.07,2.3108,-2.1484,0,0
2022-02-18,sz.000955,4.99,5.25,4.97,5.16,17341220,89009691.97,3.2252,2.994,0,0
2022-02-21,sz.000955,5.13,5.25,5.1,5.23,15113990,78347542.1,2.8109,1.3566,0,0
2022-02-22,sz.000955,5.25,5.25,5.06,5.09,10846801,55535949.07,2.0173,-2.6769,0,0
2022-02-23,sz.000955,5.12,5.14,5.06,5.1,7986750,40752851.0,1.4854,0.1965,0,0
2022-02-24,sz.000955,5.08,5.11,4.81,4.9,14378664,71226946.72,2.6742,-3.9216,0,0
2022-02-25,sz.000955,4.9,5.0,4.87,4.91,7355800,36242652.0,1.368,0.2041,0,0
2022-02-28,sz.000955,4.92,4.92,4.76,4.87,6822974,33058141.0,1.269,-0.8147,0,0
2022-03-01,sz.000955,4.87,4.95,4.83,4.9,6617600,32411688.0,1.2308,0.616,0,0
2022-03-02,sz.000955,4.91,4.99,4.88,4.93,5019600,24761001.0,0.9336,0.6122,0,0
2022-03-03,sz.000955,4.95,5.07,4.92,5.07,9361080,46839525.0,1.741,2.8398,0,0
2022-03-04,sz.000955,5.06,5.06,4.92,4.94,7070701,35191856.0,1.315,-2.5641,0,0
2022-03-07,sz.000955,4.9,5.1,4.87,4.98,9949650,49772111.0,1.8505,0.8097,0,0
2022-03-08,sz.000955,5.02,5.02,4.73,4.76,9111200,44027032.0,1.6945,-4.4177,0,0
2022-03-09,sz.000955,4.74,4.8,4.4,4.61,8767930,40539230.0,1.6307,-3.1513,0,0
2022-03-10,sz.000955,4.71,4.89,4.7,4.85,10912900,52706021.0,2.0296,5.2061,0,0
2022-03-11,sz.000955,4.8,5.16,4.72,5.07,14705408,72840979.0,2.7349,4.5361,0,0
2022-03-14,sz.000955,5.13,5.21,4.95,4.97,13222100,67108406.0,2.4591,-1.9724,0,0
2022-03-15,sz.000955,4.96,5.15,4.9,4.9,18913520,94620340.0,3.5176,-1.4085,0,0
2022-03-16,sz.000955,5.0,5.15,4.97,5.15,25332736,128955064.0,4.7114,5.102,0,0
2022-03-17,sz.000955,5.16,5.23,5.1,5.14,20753100,106956169.0,3.8597,-0.1942,0,0
2022-03-18,sz.000955,5.1,5.15,5.06,5.14,10354500,52967695.0,1.9258,0.0,0,0
2022-03-21,sz.000955,5.15,5.23,5.11,5.2,14608650,75608828.0,2.717,1.1673,0,0
2022-03-22,sz.000955,5.14,5.22,5.1,5.14,10778116,55473763.92,2.0045,-1.1538,0,0
2022-03-23,sz.000955,5.14,5.15,5.04,5.06,8526800,43338436.0,1.5858,-1.5564,0,0
2022-03-24,sz.000955,5.03,5.05,4.93,4.94,7218600,35896717.0,1.3425,-2.3715,0,0
2022-03-25,sz.000955,4.95,5.4,4.95,5.19,19230374,99750021.4,3.5765,5.0607,0,0
2022-03-28,sz.000955,5.17,5.59,5.13,5.33,35359099,189336395.7,6.5762,2.6975,0,0
2022-03-29,sz.000955,5.33,5.4,5.14,5.19,21140000,110647798.0,3.9317,-2.6266,0,0
2022-03-30,sz.000955,5.22,5.24,5.1,5.21,12171866,62932500.88,2.2638,0.3854,0,0
2022-03-31,sz.000955,5.2,5.42,5.13,5.3,20991080,111448768.6,3.904,1.7274,0,0
2022-04-01,sz.000955,5.23,5.57,5.18,5.54,36920132,199596003.3,6.8665,4.5283,0,0
2022-04-06,sz.000955,5.42,5.84,5.37,5.82,43597168,246063248.55,8.1083,5.0542,0,0
2022-04-07,sz.000955,5.85,5.86,5.49,5.5,35593424,200957251.2,6.6197,-5.4983,0,0
2022-04-08,sz.000955,5.55,5.57,5.21,5.29,24299187,129581783.64,4.5192,-3.8182,0,0
2022-04-11,sz.000955,5.27,5.34,5.08,5.17,18143500,94190398.0,3.3744,-2.2684,0,0
2022-04-12,sz.000955,5.15,5.39,5.11,5.33,15598333,81767824.61,2.901,3.0948,0,0
2022-04-13,sz.000955,5.32,5.35,4.95,4.95,22507804,114150705.84,4.1861,-7.1295,0,0
2022-04-14,sz.000955,4.95,5.22,4.95,5.0,13557120,68732368.2,2.5214,1.0101,0,0
2022-04-15,sz.000955,5.01,5.03,4.77,4.78,14955300,72562237.0,2.7814,-4.4,0,0
2022-04-18,sz.000955,4.78,4.85,4.65,4.8,7357400,35090990.0,1.3683,0.4184,0,0
2022-04-19,sz.000955,4.79,4.82,4.72,4.82,5515601,26383433.77,1.0258,0.4167,0,0
2022-04-20,sz.000955,4.82,4.93,4.75,4.76,6590200,31888210.0,1.2257,-1.2448,0,0
2022-04-21,sz.000955,4.76,4.89,4.62,4.64,9691621,46038540.38,1.8025,-2.521,0,0
2022-04-22,sz.000955,4.64,4.89,4.6,4.82,12935602,61852496.38,2.4058,3.8793,0,0
2022-04-25,sz.000955,4.72,4.77,4.34,4.37,14805600,67388080.0,2.7536,-9.3361,0,0
2022-04-26,sz.000955,4.4,4.44,4.07,4.11,10396808,43904994.56,1.9336,-5.9497,0,0
2022-04-27,sz.000955,4.09,4.16,3.88,4.15,11514700,46104781.0,2.1415,0.9732,0,0
2022-04-28,sz.000955,4.13,4.13,3.91,3.98,8410800,33660518.0,1.5643,-4.0964,0,0
2022-04-29,sz.000955,3.93,4.13,3.93,4.08,7386181,29961525.48,1.3737,2.5126,0,0
2022-05-05,sz.000955,4.04,4.14,3.98,4.08,6591302,26842101.18,1.2259,0.0,0,0
2022-05-06,sz.000955,4.0,4.07,3.92,4.03,4973980,19965348.2,0.9251,-1.2255,0,0
2022-05-09,sz.000955,3.98,4.12,3.98,4.11,3906680,15958559.0,0.7266,1.9851,0,0
2022-05-10,sz.000955,4.07,4.16,4.03,4.14,4047100,16603116.0,0.7527,0.7299,0,0
2022-05-11,sz.000955,4.14,4.23,4.07,4.07,8140268,33943898.6,1.5139,-1.6908,0,0
2022-05-12,sz.000955,4.07,4.17,4.04,4.17,5891355,24404595.15,1.0957,2.457,0,0
2022-05-13,sz.000955,4.18,4.23,4.1,4.16,5577300,23180584.0,1.0373,-0.2398,0,0
2022-05-16,sz.000955,4.15,4.2,4.13,4.17,3764101,15704627.15,0.7001,0.2404,0,0
2022-05-17,sz.000955,4.18,4.19,4.08,4.12,4478521,18423554.9,0.8329,-1.199,0,0
2022-05-18,sz.000955,4.12,4.23,4.01,4.17,6562600,27377178.0,1.2205,1.2136,0,0
2022-05-19,sz.000955,4.12,4.2,4.1,4.17,4356535,18121302.4,0.8102,0.0,0,0
2022-05-20,sz.000955,4.17,4.29,4.17,4.25,6915600,29225549.0,1.2862,1.9185,0,0
2022-05-23,sz.000955,4.26,4.33,4.25,4.33,5793121,24865844.3,1.0774,1.8824,0,0
2022-05-24,sz.000955,4.31,4.33,4.1,4.1,7502400,31527021.0,1.3953,-5.3118,0,0
2022-05-25,sz.000955,4.1,4.22,4.1,4.2,4304700,17946249.0,0.8006,2.439,0,0
2022-05-26,sz.000955,4.2,4.24,4.09,4.21,4040930,16850468.5,0.7515,0.2381,0,0
2022-05-27,sz.000955,4.25,4.25,4.15,4.18,3590800,15019517.0,0.6678,-0.7126,0,0
2022-05-30,sz.000955,4.16,4.23,4.16,4.21,3689100,15453334.0,0.6861,0.7177,0,0
2022-05-31,sz.000955,4.22,4.26,4.18,4.25,3887700,16416743.0,0.723,0.9501,0,0
2022-06-01,sz.000955,4.25,4.36,4.2,4.36,9688330,41730265.2,1.8019,2.5882,0,0
2022-06-02,sz.000955,4.36,4.37,4.26,4.36,5508930,23786574.2,1.0246,0.0,0,0
2022-06-06,sz.000955,4.35,4.41,4.31,4.39,5765123,25174388.64,1.0722,0.6881,0,0
2022-06-07,sz.000955,4.39,4.4,4.27,4.34,4768210,20651521.2,0.8868,-1.139,0,0
2022-06-08,sz.000955,4.34,4.35,4.24,4.34,4764500,20514669.0,0.8861,0.0,0,0
2022-06-09,sz.000955,4.33,4.33,4.25,4.28,3868930,16576832.1,0.7196,-1.3825,0,0
2022-06-10,sz.000955,4.25,4.35,4.25,4.33,4197030,18132267.1,0.7806,1.1682,0,0
2022-06-13,sz.000955,4.31,4.37,4.27,4.34,3392501,14635665.03,0.6309,0.2309,0,0
2022-06-14,sz.000955,4.3,4.34,4.2,4.34,5447100,23287987.0,1.0131,0.0,0,0
2022-06-15,sz.000955,4.36,4.39,4.32,4.34,4957016,21623433.44,0.9219,0.0,0,0
2022-06-16,sz.000955,4.34,4.39,4.33,4.37,4014400,17504369.0,0.7466,0.6912,0,0
2022-06-17,sz.000955,4.35,4.36,4.28,4.34,3274100,14171264.0,0.6089,-0.6865,0,0
2022-06-20,sz.000955,4.32,4.43,4.32,4.41,6594000,28945626.0,1.2264,1.6129,0,0
2022-06-21,sz.000955,4.45,4.45,4.32,4.43,6311250,27708818.5,1.1738,0.4535,0,0
2022-06-22,sz.000955,4.42,4.42,4.31,4.32,4405500,19167933.0,0.8193,-2.4831,0,0
2022-06-23,sz.000955,4.3,4.39,4.3,4.39,3900300,16997618.0,0.7254,1.6204,0,0
2022-06-24,sz.000955,4.43,4.44,4.37,4.38,4030957,17702387.65,0.7497,-0.2278,0,0
2022-06-27,sz.000955,4.35,4.41,4.35,4.36,4034400,17659301.0,0.7503,-0.4566,0,0
2022-06-28,sz.000955,4.36,4.44,4.35,4.41,5996294,26419716.24,1.1152,1.1468,0,0
2022-06-29,sz.000955,4.44,4.51,4.38,4.38,9108200,40566106.8,1.694,-0.6803,0,0
2022-06-30,sz.000955,4.39,4.65,4.39,4.47,12906334,58273517.54,2.4004,2.0548,0,0
2022-07-01,sz.000955,4.45,4.49,4.38,4.49,6726240,29900145.4,1.251,0.4474,0,0
2022-07-04,sz.000955,4.48,4.5,4.41,4.44,5213160,23129968.8,0.9696,-1.1136,0,0
2022-07-05,sz.000955,4.45,4.54,4.35,4.4,6999956,30972063.21,1.3019,-0.9009,0,0
2022-07-06,sz.000955,4.39,4.47,4.33,4.44,8789515,38684051.8,1.6347,0.9091,0,0
2022-07-07,sz.000955,4.41,4.42,4.36,4.38,5349800,23449957.0,0.995,-1.3514,0,0
2022-07-08,sz.000955,4.38,4.45,4.36,4.43,5317700,23426564.0,0.989,1.1416,0,0
2022-07-11,sz.000955,4.44,4.45,4.36,4.38,4733000,20795267.0,0.8803,-1.1287,0,0
2022-07-12,sz.000955,4.38,4.39,4.24,4.25,6674782,28774079.14,1.2414,-2.968,0,0
2022-07-13,sz.000955,4.25,4.3,4.22,4.29,4428600,18917005.0,0.8236,0.9412,0,0
2022-07-14,sz.000955,4.3,4.32,4.27,4.3,3498400,15053764.0,0.6506,0.2331,0,0
2022-07-15,sz.000955,4.28,4.28,4.07,4.08,8254100,34202119.0,1.5351,-5.1163,0,0
2022-07-18,sz.000955,4.08,4.24,4.08,4.22,5646440,23746658.0,1.0501,3.4314,0,0
2022-07-19,sz.000955,4.2,4.29,4.2,4.27,4229443,18011386.71,0.7866,1.1848,0,0
2022-07-20,sz.000955,4.29,4.33,4.27,4.32,3700900,15935225.0,0.6883,1.171,0,0
2022-07-21,sz.000955,4.32,4.42,4.29,4.34,5588253,24386632.62,1.0393,0.463,0,0
2022-07-22,sz.000955,4.34,4.41,4.31,4.34,3952213,17255336.81,0.735,0.0,0,0
2022-07-25,sz.000955,4.37,4.43,4.32,4.39,5311920,23337069.8,0.9879,1.1521,0,0
2022-07-26,sz.000955,4.39,4.43,4.34,4.42,4463620,19607949.2,0.8302,0.6834,0,0
2022-07-27,sz.000955,4.42,4.57,4.41,4.52,8524834,38406717.02,1.5855,2.2624,0,0
2022-07-28,sz.000955,4.52,4.55,4.46,4.48,5206701,23433463.5,0.9684,-0.885,0,0
2022-07-29,sz.000955,4.5,4.51,4.43,4.47,3782821,16902638.87,0.7035,-0.2232,0,0
2022-08-01,sz.000955,4.47,4.52,4.42,4.45,3927900,17480660.0,0.7305,-0.4474,0,0
2022-08-02,sz.000955,4.41,4.46,4.17,4.28,7214000,30820559.8,1.3417,-3.8202,0,0
2022-08-03,sz.000955,4.28,4.39,4.18,4.19,5448300,23289682.0,1.0133,-2.1028,0,0
2022-08-04,sz.000955,4.24,4.32,4.23,4.32,3860101,16527281.27,0.7179,3.1026,0,0
2022-08-05,sz.000955,4.32,4.4,4.28,4.4,4390299,19093285.69,0.8165,1.8519,0,0
2022-08-08,sz.000955,4.39,4.52,4.36,4.5,5725300,25556210.01,1.0648,2.2727,0,0
2022-08-09,sz.000955,4.51,4.51,4.45,4.46,4713030,21098712.1,0.8765,-0.8889,0,0
2022-08-10,sz.000955,4.48,4.51,4.42,4.48,4828100,21562535.1,0.8979,0.4484,0,0
2022-08-11,sz.000955,4.52,4.59,4.49,4.51,4750490,21526301.6,0.8835,0.6696,0,0
2022-08-12,sz.000955,4.57,4.63,4.53,4.57,7255899,33261096.4,1.3495,1.3304,0,0
2022-08-15,sz.000955,4.62,4.62,4.51,4.58,4855600,22138203.0,0.9031,0.2188,0,0
2022-08-16,sz.000955,4.59,4.62,4.55,4.59,4468000,20528998.0,0.831,0.2183,0,0
2022-08-17,sz.000955,4.71,5.05,4.68,4.72,39611722,192894022.52,7.3671,2.8322,0,0
2022-08-18,sz.000955,4.65,4.75,4.61,4.62,20650851,96112877.6,3.8407,-2.1186,0,0
2022-08-19,sz.000955,4.62,4.68,4.56,4.56,9294303,42904844.17,1.7286,-1.2987,0,0
2022-08-22,sz.000955,4.54,4.6,4.52,4.55,5693600,25907049.0,1.0589,-0.2193,0,0
2022-08-23,sz.000955,4.52,4.62,4.5,4.6,5415201,24661092.54,1.0071,1.0989,0,0
2022-08-24,sz.000955,4.57,4.62,4.36,4.4,12827900,57389186.0,2.3858,-4.3478,0,0
2022-08-25,sz.000955,4.43,4.46,4.34,4.44,7581785,33394056.3,1.4101,0.9091,0,0
2022-08-26,sz.000955,4.47,4.52,4.4,4.43,4735445,21137473.25,0.8807,-0.2252,0,0
2022-08-29,sz.000955,4.41,4.61,4.33,4.59,12528600,56637242.0,2.3306,3.6117,0,0
2022-08-30,sz.000955,4.55,4.64,4.51,4.54,12322372,56216136.22,2.2923,-1.0893,0,0
2022-08-31,sz.000955,4.53,4.56,4.4,4.42,6213100,27712788.0,1.1558,-2.6432,0,0
2022-09-01,sz.000955,4.42,4.47,4.35,4.37,4692830,20671276.1,0.873,-1.1312,0,0
2022-09-02,sz.000955,4.39,4.81,4.37,4.65,35040278,163328936.77,6.5183,6.4073,0,0
2022-09-05,sz.000955,4.66,4.8,4.58,4.75,26195760,123052432.03,4.873,2.1505,0,0
2022-09-06,sz.000955,4.69,4.74,4.6,4.67,13230336,61562558.12,2.4612,-1.6842,0,0
2022-09-07,sz.000955,4.7,4.85,4.66,4.74,14411998,68539113.54,2.681,1.4989,0,0
2022-09-08,sz.000955,4.73,4.78,4.64,4.68,9141500,42833141.0,1.7005,-1.2658,0,0
2022-09-09,sz.000955,4.67,4.73,4.57,4.58,6869300,31713219.0,1.2779,-2.1368,0,0
2022-09-13,sz.000955,4.6,4.68,4.55,4.57,6718298,30904792.88,1.2498,-0.2183,0,0
2022-09-14,sz.000955,4.48,4.58,4.45,4.52,5288700,23941121.0,0.9838,-1.0941,0,0
2022-09-15,sz.000955,4.54,4.57,4.3,4.4,7809800,34564777.0,1.4528,-2.6549,0,0
2022-09-16,sz.000955,4.4,4.43,4.21,4.23,7561000,32465642.0,1.4065,-3.8636,0,0
2022-09-19,sz.000955,4.22,4.23,4.08,4.14,5825400,24100496.0,1.0837,-2.1277,0,0
2022-09-20,sz.000955,4.15,4.48,4.15,4.41,12492500,54358897.0,2.3239,6.5217,0,0
2022-09-21,sz.000955,4.41,4.52,4.3,4.49,11720850,51819117.5,2.1804,1.8141,0,0
2022-09-22,sz.000955,4.46,4.62,4.46,4.54,9384600,42820145.0,1.7458,1.1136,0,0
2022-09-23,sz.000955,4.76,4.79,4.34,4.35,13209350,59080521.0,2.4573,-4.185,0,0
2022-09-26,sz.000955,4.29,4.37,4.2,4.2,7923161,33757644.01,1.4739,-3.4483,0,0
2022-09-27,sz.000955,4.19,4.43,4.19,4.4,7015360,30249804.6,1.305,4.7619,0,0
2022-09-28,sz.000955,4.43,4.59,4.37,4.46,12397700,55862685.0,2.3063,1.3636,0,0
2022-09-29,sz.000955,4.49,4.59,4.42,4.52,9878412,44547129.3,1.8376,1.3453,0,0
2022-09-30,sz.000955,4.5,4.56,4.39,4.5,7892300,35301654.0,1.4682,-0.4425,0,0
2022-10-10,sz.000955,4.52,4.7,4.47,4.55,11897451,54684099.13,2.2132,1.1111,0,0
2022-10-11,sz.000955,4.5,4.6,4.42,4.54,8740100,39325866.0,1.6259,-0.2198,0,0
2022-10-12,sz.000955,4.54,4.58,4.44,4.58,5992600,27022559.0,1.1148,0.8811,0,0
2022-10-13,sz.000955,4.56,4.7,4.49,4.68,10395800,48029612.0,1.9339,2.1834,0,0
2022-10-14,sz.000955,4.67,4.8,4.63,4.73,11350601,53827241.77,2.1115,1.0684,0,0
2022-10-17,sz.000955,4.72,4.96,4.65,4.88,14668201,71289995.88,2.7286,3.1712,0,0
2022-10-18,sz.000955,4.88,4.91,4.76,4.87,12984100,62915292.0,2.4154,-0.2049,0,0
2022-10-19,sz.000955,4.87,5.36,4.77,5.36,48178764,251924661.06,8.9624,10.0616,1,0
2022-10-20,sz.000955,5.36,5.55,5.02,5.06,76192761,397444760.63,14.1737,-5.597,0,0
2022-10-21,sz.000955,5.0,5.01,4.74,4.75,46908708,227498371.86,8.7262,-6.1265,0,0
2022-10-24,sz.000955,4.79,4.79,4.4,4.42,32959169,149909107.66,6.1312,-6.9474,0,0
2022-10-25,sz.000955,4.44,4.44,4.18,4.24,24618790,104946105.11,4.5797,-4.0724,0,0
2022-10-26,sz.000955,4.24,4.32,4.22,4.28,15705904,67121455.0,2.9217,0.9434,0,0
2022-10-27,sz.000955,4.27,4.3,4.24,4.25,11116000,47455578.57,2.0678,-0.7009,0,0
2022-10-28,sz.000955,4.22,4.23,4.05,4.07,16594600,68281628.0,3.087,-4.2353,0,0
2022-10-31,sz.000955,4.0,4.03,3.93,3.98,11134620,44287658.97,2.0713,-2.2113,0,0
2022-11-01,sz.000955,3.98,4.06,3.98,4.06,9714122,38953773.19,1.8071,2.0101,0,0
2022-11-02,sz.000955,4.06,4.1,4.02,4.07,10094941,41015076.87,1.8779,0.2463,0,0
2022-11-03,sz.000955,4.05,4.16,4.03,4.16,9365745,38453627.7,1.7423,2.2113,0,0
2022-11-04,sz.000955,4.16,4.22,4.13,4.19,7307300,30507618.0,1.3593,0.7212,0,0
2022-11-07,sz.000955,4.19,4.24,4.18,4.23,7484267,31587050.53,1.3923,0.9547,0,0
2022-11-08,sz.000955,4.22,4.3,4.22,4.29,8560492,36516343.68,1.5925,1.4184,0,0
2022-11-09,sz.000955,4.29,4.37,4.28,4.3,8041081,34702849.11,1.4958,0.2331,0,0
2022-11-10,sz.000955,4.28,4.42,4.27,4.4,10130801,44309101.4,1.8846,2.3256,0,0
2022-11-11,sz.000955,4.44,4.73,4.4,4.58,26429494,121545071.58,4.9165,4.0909,0,0
2022-11-14,sz.000955,4.59,4.82,4.55,4.78,21010332,99066438.82,3.9084,4.3668,0,0
2022-11-15,sz.000955,4.8,4.82,4.56,4.57,23237187,107401390.71,4.3227,-4.3933,0,0
2022-11-16,sz.000955,4.58,4.9,4.57,4.71,19189100,90665117.0,3.5696,3.0635,0,0
2022-11-17,sz.000955,4.69,4.81,4.67,4.79,13659518,65009831.08,2.541,1.6985,0,0
2022-11-18,sz.000955,4.79,5.05,4.74,4.92,22044098,109157933.12,4.1007,2.714,0,0
2022-11-21,sz.000955,4.89,4.96,4.8,4.95,13065300,63716321.0,2.4305,0.6098,0,0
2022-11-22,sz.000955,4.96,4.98,4.85,4.88,10247800,50318455.0,1.9063,-1.4141,0,0
2022-11-23,sz.000955,4.9,4.9,4.71,4.75,13214960,63064490.0,2.4583,-2.6639,0,0
2022-11-24,sz.000955,4.8,4.95,4.76,4.83,9189980,44593599.01,1.7096,1.6842,0,0
2022-11-25,sz.000955,4.82,4.88,4.73,4.76,6322800,30198607.0,1.1762,-1.4493,0,0
2022-11-28,sz.000955,4.76,4.8,4.66,4.72,6397900,30162012.0,1.1902,-0.8403,0,0
2022-11-29,sz.000955,4.75,4.84,4.7,4.72,9607700,45826537.0,1.7873,0.0,0,0
2022-11-30,sz.000955,4.72,4.77,4.69,4.73,6230828,29444405.0,1.1591,0.2119,0,0
2022-12-01,sz.000955,4.74,4.82,4.73,4.79,10395821,49720962.75,1.9339,1.2685,0,0
2022-12-02,sz.000955,4.78,4.9,4.76,4.89,11359100,55135986.0,2.1131,2.0877,0,0
2022-12-05,sz.000955,4.91,4.97,4.83,4.86,9118900,44523560.0,1.6963,-0.6135,0,0
2022-12-06,sz.000955,4.88,4.9,4.69,4.73,7844300,37427529.0,1.4592,-2.6749,0,0
2022-12-07,sz.000955,4.72,5.13,4.7,5.01,25602856,126967995.15,4.7628,5.9197,0,0
2022-12-08,sz.000955,4.94,5.14,4.86,5.0,21413585,106534947.67,3.9834,-0.1996,0,0
2022-12-09,sz.000955,5.03,5.09,4.91,4.91,12462600,61964295.0,2.3183,-1.8,0,0
2022-12-12,sz.000955,5.03,5.21,5.03,5.14,24202400,124042616.0,4.5022,4.6843,0,0
2022-12-13,sz.000955,5.21,5.35,5.11,5.18,25963100,135422440.0,4.8298,0.7782,0,0
2022-12-14,sz.000955,5.13,5.24,5.01,5.12,16624132,85356429.16,3.0925,-1.1583,0,0
2022-12-15,sz.000955,5.12,5.17,4.95,4.97,13644200,68553234.0,2.5382,-2.9297,0,0
2022-12-16,sz.000955,4.99,5.13,4.98,5.04,11799520,59826004.8,2.195,1.4085,0,0
2022-12-19,sz.000955,5.06,5.28,5.03,5.07,18409851,94381229.13,3.4247,0.5952,0,0
2022-12-20,sz.000955,4.98,5.09,4.88,4.93,10745600,53036451.0,1.9989,-2.7613,0,0
2022-12-21,sz.000955,4.96,5.08,4.84,5.05,12765720,63967567.0,2.3747,2.4341,0,0
2022-12-22,sz.000955,5.04,5.09,4.92,4.92,6888800,34349634.0,1.2815,-2.5743,0,0
2022-12-23,sz.000955,4.99,5.0,4.79,4.82,7820600,37988050.0,1.4548,-2.0325,0,0
2022-12-26,sz.000955,4.73,4.89,4.73,4.84,5647101,27188386.8,1.0505,0.4149,0,0
2022-12-27,sz.000955,4.85,4.87,4.7,4.75,6919199,32890816.28,1.2871,-1.8595,0,0
2022-12-28,sz.000955,4.77,4.92,4.7,4.85,9844605,47626362.42,1.8313,2.1053,0,0
2022-12-29,sz.000955,4.96,5.16,4.82,4.96,14788501,74212163.06,2.751,2.268,0,0
2022-12-30,sz.000955,5.0,5.06,4.96,4.99,6963495,34758821.43,1.2954,0.6048,0,0
2023-01-03,sz.000955,5.01,5.2,4.95,5.17,11608604,59122112.08,2.1595,3.6072,0,0
2023-01-04,sz.000955,5.17,5.44,5.13,5.35,22072094,118044400.36,4.1059,3.4816,0,0
2023-01-05,sz.000955,5.34,5.48,5.25,5.45,19937084,107457553.16,3.7088,1.8692,0,0
2023-01-06,sz.000955,5.4,5.5,5.32,5.47,14564294,78965134.84,2.7093,0.367,0,0
2023-01-09,sz.000955,5.38,5.47,5.33,5.38,13315600,71815686.0,2.477,-1.6453,0,0
2023-01-10,sz.000955,5.37,5.4,5.28,5.34,10072500,53882706.0,1.8737,-0.7435,0,0
2023-01-11,sz.000955,5.38,5.39,5.15,5.16,10931590,57246680.56,2.0335,-3.3708,0,0
2023-01-12,sz.000955,5.21,5.48,5.14,5.45,17781226,94949675.4,3.3077,5.6202,0,0
2023-01-13,sz.000955,5.43,5.49,5.26,5.28,12764796,67833267.96,2.3746,-3.1193,0,0
2023-01-16,sz.000955,5.29,5.53,5.28,5.39,13701299,74404048.53,2.5488,2.0833,0,0
2023-01-17,sz.000955,5.38,5.43,5.29,5.31,7969608,42567349.48,1.4825,-1.4842,0,0
2023-01-18,sz.000955,5.35,5.35,5.17,5.21,9424723,49347905.52,1.7532,-1.8832,0,0
2023-01-19,sz.000955,5.18,5.3,5.17,5.2,9374455,48805210.9,1.7439,-0.1919,0,0
2023-01-20,sz.000955,5.21,5.27,5.15,5.23,6692600,34776324.0,1.245,0.5769,0,0
2023-01-30,sz.000955,5.23,5.25,5.16,5.18,8241500,42691633.0,1.5331,-0.956,0,0
2023-01-31,sz.000955,5.11,5.45,5.09,5.24,16363130,86546251.4,3.0439,1.1583,0,0
2023-02-01,sz.000955,5.22,5.37,5.2,5.33,8782000,46581060.0,1.6337,1.7176,0,0
2023-02-02,sz.000955,5.32,5.36,5.25,5.33,6422801,34033359.4,1.1948,0.0,0,0
2023-02-03,sz.000955,5.29,5.35,5.23,5.3,7571201,39999778.3,1.4084,-0.5629,0,0
2023-02-06,sz.000955,5.29,5.35,5.24,5.33,6031420,32006781.7,1.122,0.566,0,0
2023-02-07,sz.000955,5.35,5.4,5.29,5.34,5604200,29904618.0,1.0425,0.1876,0,0
2023-02-08,sz.000955,5.35,5.52,5.3,5.34,12548880,67743689.2,2.3344,0.0,0,0
2023-02-09,sz.000955,5.39,5.39,5.26,5.31,9417100,50115421.0,1.7518,-0.5618,0,0
2023-02-10,sz.000955,5.3,5.45,5.29,5.4,10302414,55295306.62,1.9165,1.6949,0,0
2023-02-13,sz.000955,5.45,5.45,5.31,5.38,9710710,52137568.8,1.8064,-0.3704,0,0
2023-02-14,sz.000955,5.38,5.39,5.31,5.35,5262300,28106852.0,0.9789,-0.5576,0,0
2023-02-15,sz.000955,5.36,5.36,5.21,5.23,8267900,43402522.0,1.538,-2.243,0,0
2023-02-16,sz.000955,5.24,5.24,5.0,5.04,12861493,65993318.38,2.3925,-3.6329,0,0
2023-02-17,sz.000955,5.03,5.15,5.02,5.09,6821401,34669244.08,1.2689,0.9921,0,0
2023-02-20,sz.000955,5.04,5.11,4.95,5.03,6202110,31004248.8,1.1537,-1.1788,0,0
2023-02-21,sz.000955,5.04,5.04,4.91,4.94,6965400,34560314.0,1.2957,-1.7893,0,0
2023-02-22,sz.000955,4.93,4.94,4.85,4.89,6230593,30401732.84,1.159,-1.0121,0,0
2023-02-23,sz.000955,4.89,4.95,4.87,4.92,4976702,24439744.74,0.9258,0.6135,0,0
2023-02-24,sz.000955,4.94,5.01,4.87,4.96,5630202,27822180.9,1.0474,0.813,0,0
2023-02-27,sz.000955,4.98,5.0,4.9,4.91,4872800,24081542.07,0.9065,-1.0081,0,0
2023-02-28,sz.000955,4.91,5.06,4.91,5.06,8602502,42845634.86,1.6003,3.055,0,0
2023-03-01,sz.000955,5.07,5.2,5.02,5.11,9297400,47696652.0,1.7295,0.9881,0,0
2023-03-02,sz.000955,5.1,5.14,5.05,5.08,4938150,25089085.5,0.9186,-0.5871,0,0
2023-03-03,sz.000955,5.08,5.08,4.94,5.01,4974500,24841110.0,0.9254,-1.378,0,0
2023-03-06,sz.000955,5.01,5.02,4.88,4.91,6828300,33627740.0,1.2702,-1.996,0,0
2023-03-07,sz.000955,4.91,4.93,4.85,4.9,5312400,25957318.2,0.9882,-0.2037,0,0
2023-03-08,sz.000955,4.86,4.9,4.85,4.9,2840800,13850512.0,0.5285,0.0,0,0
2023-03-09,sz.000955,4.92,4.92,4.85,4.88,2784900,13597914.98,0.5181,-0.4082,0,0
2023-03-10,sz.000955,4.88,4.89,4.78,4.85,3784902,18270928.68,0.7041,-0.6148,0,0
2023-03-13,sz.000955,4.84,4.84,4.75,4.81,3032231,14531294.8,0.5641,-0.8247,0,0
2023-03-14,sz.000955,4.81,4.86,4.75,4.85,4781800,22957694.99,0.8895,0.8316,0,0
2023-03-15,sz.000955,4.87,4.95,4.83,4.89,4029490,19661540.6,0.7496,0.8247,0,0
2023-03-16,sz.000955,4.85,4.87,4.76,4.77,5556800,26677144.0,1.0337,-2.454,0,0
2023-03-17,sz.000955,4.77,4.81,4.62,4.68,6679200,31599639.9,1.2425,-1.8868,0,0
2023-03-20,sz.000955,4.68,4.82,4.68,4.72,6686300,31589804.0,1.2438,0.8547,0,0
2023-03-21,sz.000955,4.7,4.82,4.7,4.81,3592510,17145429.9,0.6683,1.9068,0,0
2023-03-22,sz.000955,4.81,4.85,4.78,4.83,3171201,15282612.83,0.5899,0.4158,0,0
2023-03-23,sz.000955,4.81,4.82,4.74,4.74,3793190,18042386.5,0.7056,-1.8634,0,0
2023-03-24,sz.000955,4.73,4.83,4.67,4.79,6037600,28594408.0,1.1231,1.0549,0,0
2023-03-27,sz.000955,4.79,4.93,4.77,4.93,8578992,41792358.73,1.5959,2.9228,0,0
2023-03-28,sz.000955,4.88,5.07,4.88,5.07,12291038,61506841.14,2.2864,2.8398,0,0
2023-03-29,sz.000955,5.06,5.13,5.01,5.11,11040500,56240813.0,2.0538,0.789,0,0
2023-03-30,sz.000955,5.13,5.13,4.88,4.91,6002800,29890780.0,1.1167,-3.9139,0,0
2023-03-31,sz.000955,4.95,5.05,4.92,5.02,5342310,26647852.2,0.9938,2.2403,0,0
2023-04-03,sz.000955,5.01,5.05,4.97,4.98,5068000,25332472.0,0.9428,-0.7968,0,0
2023-04-04,sz.000955,4.98,4.98,4.85,4.89,6214155,30411444.85,1.156,-1.8072,0,0
2023-04-06,sz.000955,4.89,5.03,4.87,4.93,4680200,23181208.0,0.8706,0.818,0,0
2023-04-07,sz.000955,4.91,5.01,4.88,4.97,4893300,24137363.0,0.9103,0.8114,0,0
2023-04-10,sz.000955,4.96,4.96,4.74,4.76,9116600,43902106.0,1.6959,-4.2254,0,0
2023-04-11,sz.000955,4.75,4.76,4.67,4.72,4109011,19328985.72,0.7644,-0.8403,0,0
2023-04-12,sz.000955,4.72,4.75,4.69,4.71,3335459,15738030.89,0.6205,-0.2119,0,0
2023-04-13,sz.000955,4.71,4.75,4.67,4.69,3225923,15157774.25,0.6001,-0.4246,0,0
2023-04-14,sz.000955,4.71,4.73,4.62,4.66,4385560,20479155.8,0.8158,-0.6397,0,0
2023-04-17,sz.000955,4.66,4.68,4.63,4.66,2207600,10266394.0,0.4107,0.0,0,0
2023-04-18,sz.000955,4.66,4.66,4.54,4.56,4352400,19901703.0,0.8097,-2.1459,0,0
2023-04-19,sz.000955,4.53,4.65,4.52,4.6,3203286,14743027.74,0.5959,0.8772,0,0
2023-04-20,sz.000955,4.6,4.6,4.48,4.5,3464400,15646580.0,0.6445,-2.1739,0,0
2023-04-21,sz.000955,4.51,4.52,4.41,4.42,2927660,13044057.0,0.5446,-1.7778,0,0
2023-04-24,sz.000955,4.44,4.51,4.4,4.47,2264201,10080320.44,0.4212,1.1312,0,0
2023-04-25,sz.000955,4.45,4.47,4.29,4.38,3347888,14586339.32,0.6228,-2.0134,0,0
2023-04-26,sz.000955,4.38,4.45,4.35,4.44,1893700,8369966.0,0.3523,1.3699,0,0
2023-04-27,sz.000955,4.46,4.6,4.4,4.53,4177300,18863283.0,0.7768,2.027,0,0
2023-04-28,sz.000955,4.52,4.66,4.51,4.64,3700700,17044562.0,0.6881,2.4283,0,0
2023-05-04,sz.000955,4.64,4.72,4.63,4.69,4109700,19234258.0,0.7642,1.0776,0,0
2023-05-05,sz.000955,4.69,4.69,4.62,4.66,2688400,12488368.0,0.4999,-0.6397,0,0
2023-05-08,sz.000955,4.65,4.68,4.58,4.61,2532300,11679932.0,0.4709,-1.073,0,0
2023-05-09,sz.000955,4.62,4.62,4.51,4.51,2730800,12416293.0,0.5078,-2.1692,0,0
2023-05-10,sz.000955,4.51,4.58,4.46,4.49,2942900,13290749.0,0.5472,-0.4435,0,0
2023-05-11,sz.000955,4.51,4.54,4.48,4.52,3741000,16869995.0,0.6956,0.6682,0,0
2023-05-12,sz.000955,4.52,4.6,4.5,4.52,4607600,20973352.0,0.8568,0.0,0,0
2023-05-15,sz.000955,4.51,4.52,4.39,4.48,3759988,16729655.36,0.6992,-0.885,0,0
2023-05-16,sz.000955,4.52,4.52,4.35,4.37,5387091,23650915.85,1.0017,-2.4554,0,0
2023-05-17,sz.000955,4.38,4.46,4.32,4.46,3376100,14917688.0,0.6278,2.0595,0,0
2023-05-18,sz.000955,4.46,4.49,4.41,4.43,1923100,8546749.0,0.3576,-0.6726,0,0
2023-05-19,sz.000955,4.41,4.53,4.38,4.51,3740800,16733112.0,0.6956,1.8059,0,0
2023-05-22,sz.000955,4.49,4.53,4.36,4.46,4295340,19102269.83,0.7987,-1.1086,0,0
2023-05-23,sz.000955,4.46,4.49,4.41,4.44,2493386,11114632.42,0.4636,-0.4484,0,0
2023-05-24,sz.000955,4.42,4.48,4.37,4.43,3789778,16802841.88,0.7047,-0.2252,0,0
2023-05-25,sz.000955,4.46,4.5,4.4,4.48,4483978,19898766.76,0.8338,1.1287,0,0
2023-05-26,sz.000955,4.48,4.49,4.38,4.44,3495000,15436726.0,0.6499,-0.8929,0,0
2023-05-29,sz.000955,4.44,4.48,4.37,4.41,2878000,12713879.7,0.5352,-0.6757,0,0
2023-05-30,sz.000955,4.42,4.47,4.37,4.45,3073500,13581847.0,0.5715,0.907,0,0
2023-05-31,sz.000955,4.45,4.45,4.39,4.4,2627200,11593323.0,0.4885,-1.1236,0,0
2023-06-01,sz.000955,4.4,4.43,4.32,4.38,2612200,11436215.99,0.4857,-0.4545,0,0
2023-06-02,sz.000955,4.38,4.43,4.38,4.41,2129800,9402811.0,0.396,0.6849,0,0
2023-06-05,sz.000955,4.43,4.44,4.38,4.44,2686700,11862685.0,0.4996,0.6803,0,0
2023-06-06,sz.000955,4.43,4.44,4.3,4.31,2872200,12537086.0,0.5341,-2.9279,0,0
2023-06-07,sz.000955,4.31,4.34,4.28,4.31,2500488,10773206.28,0.465,0.0,0,0
2023-06-08,sz.000955,4.28,4.3,4.21,4.23,3001508,12756243.68,0.5581,-1.8561,0,0
2023-06-09,sz.000955,4.22,4.25,4.18,4.19,2291231,9629819.58,0.4261,-0.9456,0,0
2023-06-12,sz.000955,4.2,4.25,4.11,4.21,4661445,19480727.1,0.8668,0.4773,0,0
2023-06-13,sz.000955,4.23,4.26,4.17,4.2,2100291,8836081.02,0.3905,-0.2375,0,0
2023-06-14,sz.000955,4.19,4.22,4.13,4.2,2066905,8641008.37,0.3843,0.0,0,0
2023-06-15,sz.000955,4.17,4.22,4.15,4.22,2871400,12024093.0,0.5339,0.4762,0,0
2023-06-16,sz.000955,4.22,4.26,4.17,4.18,3496700,14743398.0,0.6502,-0.9479,0,0
2023-06-19,sz.000955,4.21,4.24,4.1,4.11,4173900,17258488.0,0.7761,-1.6746,0,0
2023-06-20,sz.000955,4.09,4.13,4.08,4.1,2928700,12016090.0,0.5446,-0.2433,0,0
2023-06-21,sz.000955,4.1,4.15,4.04,4.06,3030500,12398331.0,0.5635,-0.9756,0,0
2023-06-26,sz.000955,4.04,4.06,3.99,4.0,4560860,18311439.0,0.8481,-1.4778,0,0
2023-06-27,sz.000955,4.01,4.18,4.01,4.18,4396190,18214719.88,0.8175,4.5,0,0
2023-06-28,sz.000955,4.18,4.19,4.08,4.17,2706700,11207450.0,0.5033,-0.2392,0,0
2023-06-29,sz.000955,4.18,4.31,4.18,4.23,3736801,15909342.28,0.6949,1.4388,0,0
2023-06-30,sz.000955,4.25,4.33,4.23,4.31,3770469,16219268.3,0.7011,1.8913,0,0
2023-07-03,sz.000955,4.34,4.34,4.27,4.29,2681200,11509543.0,0.4986,-0.464,0,0
2023-07-04,sz.000955,4.29,4.33,4.25,4.32,2481700,10691838.0,0.4615,0.6993,0,0
2023-07-05,sz.000955,4.31,4.33,4.27,4.29,1758800,7555295.0,0.327,-0.6944,0,0
2023-07-06,sz.000955,4.29,4.32,4.27,4.29,3158391,13552964.39,0.5873,0.0,0,0
2023-07-07,sz.000955,4.28,4.35,4.26,4.33,2526971,10888719.91,0.4699,0.9324,0,0
2023-07-10,sz.000955,4.33,4.36,4.3,4.33,1758000,7602740.1,0.3269,0.0,0,0
2023-07-11,sz.000955,4.35,4.39,4.32,4.37,2913800,12720987.0,0.5418,0.9238,0,0
2023-07-12,sz.000955,4.37,4.39,4.32,4.33,2229200,9700003.0,0.4145,-0.9153,0,0
2023-07-13,sz.000955,4.33,4.38,4.32,4.37,2735901,11906009.36,0.5087,0.9238,0,0
2023-07-14,sz.000955,4.38,4.41,4.32,4.34,1809601,7866545.35,0.3365,-0.6865,0,0
2023-07-17,sz.000955,4.34,4.36,4.26,4.34,2468600,10668786.0,0.459,0.0,0,0
2023-07-18,sz.000955,4.32,4.38,4.32,4.37,1781513,7763646.83,0.3313,0.6912,0,0
2023-07-19,sz.000955,4.36,4.49,4.35,4.48,4435500,19717944.0,0.8248,2.5172,0,0
2023-07-20,sz.000955,4.47,4.49,4.43,4.45,2048400,9128242.0,0.3809,-0.6696,0,0
2023-07-21,sz.000955,4.45,4.53,4.44,4.52,3393801,15292677.51,0.6311,1.573,0,0
2023-07-24,sz.000955,4.5,4.59,4.45,4.58,4886100,22211142.0,0.9086,1.3274,0,0
2023-07-25,sz.000955,4.6,4.72,4.58,4.66,5015500,23247229.0,0.9326,1.7467,0,0
2023-07-26,sz.000955,4.66,4.71,4.62,4.71,3513100,16482651.0,0.6533,1.073,0,0
2023-07-27,sz.000955,4.7,4.72,4.67,4.68,3641210,17098591.9,0.6771,-0.6369,0,0
2023-07-28,sz.000955,4.69,4.77,4.66,4.76,4866952,23072485.99,0.905,1.7094,0,0
2023-07-31,sz.000955,4.78,4.87,4.74,4.85,5971900,28721030.0,1.1105,1.8908,0,0
2023-08-01,sz.000955,4.88,4.92,4.82,4.86,6115921,29671100.43,1.1373,0.2062,0,0
2023-08-02,sz.000955,4.86,4.9,4.82,4.85,5177221,25164036.43,0.9627,-0.2058,0,0
2023-08-03,sz.000955,4.83,4.88,4.76,4.8,6634799,31881598.23,1.2337,-1.0309,0,0
2023-08-04,sz.000955,4.8,4.83,4.67,4.7,10069500,47618016.62,1.8724,-2.0833,0,0
2023-08-07,sz.000955,4.7,4.77,4.64,4.73,7511911,35282716.5,1.3968,0.6383,0,0
2023-08-08,sz.000955,4.72,4.82,4.69,4.74,7868502,37448365.44,1.4631,0.2114,0,0
2023-08-09,sz.000955,4.75,4.75,4.67,4.74,4697402,22125827.44,0.8735,0.0,0,0
2023-08-10,sz.000955,4.73,4.79,4.7,4.76,3206100,15224035.0,0.5962,0.4219,0,0
2023-08-11,sz.000955,4.77,4.77,4.65,4.67,3786600,17821765.0,0.7041,-1.8908,0,0
2023-08-14,sz.000955,4.68,4.85,4.63,4.8,5707900,27030704.0,1.0614,2.7837,0,0
2023-08-15,sz.000955,4.82,4.82,4.74,4.82,4564900,21866925.0,0.8488,0.4167,0,0
2023-08-16,sz.000955,4.78,4.9,4.76,4.85,5259801,25494968.86,0.9781,0.6224,0,0
2023-08-17,sz.000955,4.85,4.95,4.81,4.91,6903800,33703433.0,1.2838,1.2371,0,0
2023-08-18,sz.000955,4.92,5.08,4.92,5.05,14721300,74114444.0,2.7374,2.8513,0,0
2023-08-21,sz.000955,4.99,4.99,4.55,4.56,24843603,116177997.14,4.6197,-9.703,0,0
2023-08-22,sz.000955,4.57,4.84,4.56,4.65,17584277,82370165.7,3.2698,1.9737,0,0
2023-08-23,sz.000955,4.62,4.69,4.56,4.59,8592802,39675593.24,1.5978,-1.2903,0,0
2023-08-24,sz.000955,4.63,4.66,4.54,4.59,4156202,19074109.18,0.7728,0.0,0,0
2023-08-25,sz.000955,4.56,4.71,4.54,4.58,5615400,25883176.0,1.0442,-0.2179,0,0
2023-08-28,sz.000955,4.8,4.83,4.65,4.66,7890600,37351997.0,1.4673,1.7467,0,0
2023-08-29,sz.000955,4.66,4.74,4.6,4.66,6475200,30260760.0,1.2041,0.0,0,0
2023-08-30,sz.000955,4.64,4.73,4.6,4.61,4890000,22756977.0,0.9093,-1.073,0,0
2023-08-31,sz.000955,4.61,4.66,4.56,4.61,4746200,21863034.0,0.8826,0.0,0,0
2023-09-01,sz.000955,4.58,4.68,4.52,4.64,5236000,24116368.0,0.9736,0.6508,0,0
2023-09-04,sz.000955,4.64,4.88,4.64,4.87,9283600,44330555.0,1.7263,4.9569,0,0
2023-09-05,sz.000955,4.88,5.11,4.87,4.93,16376700,81544697.0,3.0452,1.232,0,0
2023-09-06,sz.000955,4.98,5.0,4.81,4.87,8992000,44008193.0,1.6721,-1.217,0,0
2023-09-07,sz.000955,4.87,4.97,4.77,4.78,6725000,32534538.0,1.2505,-1.848,0,0
2023-09-08,sz.000955,4.79,4.83,4.73,4.73,4648100,22131955.0,0.8643,-1.046,0,0
2023-09-11,sz.000955,4.74,4.85,4.67,4.81,5562900,26643159.0,1.0344,1.6913,0,0
2023-09-12,sz.000955,4.82,4.84,4.79,4.83,3739600,18022187.0,0.6954,0.4158,0,0
2023-09-13,sz.000955,4.83,4.83,4.75,4.81,3786818,18085018.97,0.7042,-0.4141,0,0
2023-09-14,sz.000955,4.8,4.83,4.77,4.8,3971860,19063721.4,0.7386,-0.2079,0,0
2023-09-15,sz.000955,4.79,4.95,4.76,4.93,7513792,36699929.52,1.3972,2.7083,0,0
2023-09-18,sz.000955,4.93,4.95,4.8,4.89,6162330,29976816.0,1.1459,-0.8114,0,0
2023-09-19,sz.000955,4.86,4.9,4.75,4.79,6949601,33401789.78,1.2923,-2.045,0,0
2023-09-20,sz.000955,4.76,4.8,4.67,4.73,7786100,36873085.0,1.4478,-1.2526,0,0
2023-09-21,sz.000955,4.7,4.76,4.66,4.67,4439147,20829981.36,0.8255,-1.2685,0,0
2023-09-22,sz.000955,4.68,4.76,4.64,4.74,5185900,24430144.84,0.9643,1.4989,0,0
2023-09-25,sz.000955,4.77,4.77,4.62,4.63,4202600,19600888.0,0.7815,-2.3207,0,0
2023-09-26,sz.000955,4.6,4.63,4.5,4.52,5574500,25279695.0,1.0366,-2.3758,0,0
2023-09-27,sz.000955,4.52,4.55,4.41,4.51,5297550,23831114.5,0.9851,-0.2212,0,0
2023-09-28,sz.000955,4.53,4.74,4.49,4.7,6568920,30457680.2,1.2215,4.2129,0,0
2023-10-09,sz.000955,4.7,4.74,4.51,4.53,6039620,27696306.6,1.1231,-3.617,0,0
2023-10-10,sz.000955,4.51,4.65,4.51,4.57,4396400,20150461.0,0.8175,0.883,0,0
2023-10-11,sz.000955,4.62,4.62,4.52,4.57,3265001,14884761.55,0.6071,0.0,0,0
2023-10-12,sz.000955,4.57,5.03,4.57,5.03,25733020,127495469.6,4.7851,10.0656,1,0
2023-10-13,sz.000955,5.05,5.15,4.72,4.91,53921121,265260778.75,10.0266,-2.3857,0,0
2023-10-16,sz.000955,4.84,4.95,4.76,4.85,34726942,167197226.1,6.4575,-1.222,0,0
2023-10-17,sz.000955,4.82,4.91,4.68,4.81,25748000,123411445.0,4.7878,-0.8247,0,0
2023-10-18,sz.000955,4.79,4.87,4.65,4.71,22916750,108371451.9,4.2614,-2.079,0,0
2023-10-19,sz.000955,4.63,4.63,4.33,4.45,22664664,101160543.76,4.2145,-5.5202,0,0
2023-10-20,sz.000955,4.41,4.54,4.41,4.48,13603222,60914388.18,2.5295,0.6742,0,0
2023-10-23,sz.000955,4.45,4.48,4.27,4.32,11884100,51502354.0,2.2098,-3.5714,0,0
2023-10-24,sz.000955,4.36,4.58,4.32,4.51,15656900,70253880.0,2.9114,4.3981,0,0
2023-10-25,sz.000955,4.52,4.64,4.49,4.63,13600400,62257995.0,2.529,2.6608,0,0
2023-10-26,sz.000955,4.62,4.64,4.5,4.59,10187400,46825536.0,1.8943,-0.8639,0,0
2023-10-27,sz.000955,4.6,4.88,4.58,4.8,20225600,96954952.0,3.761,4.5752,0,0
2023-10-30,sz.000955,4.74,4.91,4.74,4.86,19185370,93303271.36,3.5675,1.25,0,0
2023-10-31,sz.000955,4.86,5.05,4.83,4.97,17446946,86469427.88,3.2443,2.2634,0,0
2023-11-01,sz.000955,4.94,4.97,4.83,4.85,9724600,47442150.0,1.8083,-2.4145,0,0
2023-11-02,sz.000955,4.84,4.95,4.83,4.89,11523800,56316358.0,2.1429,0.8247,0,0
2023-11-03,sz.000955,4.89,4.95,4.81,4.9,12684100,62022770.0,2.3586,0.2045,0,0
2023-11-06,sz.000955,5.39,5.39,5.39,5.39,16514115,89011079.85,3.0708,10.0,1,0
2023-11-07,sz.000955,5.93,5.93,5.25,5.55,97161493,542073366.11,18.0672,2.9685,0,0
2023-11-08,sz.000955,5.57,5.7,5.32,5.43,67800488,373064506.39,12.6075,-2.1622,0,0
2023-11-09,sz.000955,5.31,5.4,5.09,5.17,41786825,216435275.74,7.7703,-4.7882,0,0
2023-11-10,sz.000955,5.12,5.16,5.01,5.07,20319401,103033137.32,3.7784,-1.9342,0,0
2023-11-13,sz.000955,5.07,5.14,5.04,5.1,12237700,62162882.0,2.2756,0.5917,0,0
2023-11-14,sz.000955,5.08,5.11,4.98,5.02,16551300,83039261.0,3.0777,-1.5686,0,0
2023-11-15,sz.000955,5.04,5.08,4.98,5.01,9535000,47849106.0,1.773,-0.1992,0,0
2023-11-16,sz.000955,5.0,5.05,4.98,5.01,10023439,50312404.39,1.8639,0.0,0,0
2023-11-17,sz.000955,5.0,5.06,4.98,5.06,10944471,55024424.58,2.0351,0.998,0,0
2023-11-20,sz.000955,5.09,5.57,5.06,5.57,40765017,217220121.42,7.5803,10.0791,1,0
2023-11-21,sz.000955,5.59,5.79,5.5,5.53,53958968,303072426.4,10.0337,-0.7181,0,0
2023-11-22,sz.000955,5.53,5.8,5.42,5.69,51723831,293528788.08,9.618,2.8933,0,0
2023-11-23,sz.000955,5.68,6.07,5.62,5.8,62398553,365145201.77,11.603,1.9332,0,0
2023-11-24,sz.000955,5.81,5.9,5.67,5.74,41002782,236674791.51,7.6245,-1.0345,0,0
2023-11-27,sz.000955,5.66,5.81,5.56,5.71,29605633,168509703.9,5.5052,-0.5226,0,0
2023-11-28,sz.000955,5.73,6.02,5.7,5.94,37362151,219066188.56,6.9475,4.028,0,0
2023-11-29,sz.000955,6.01,6.04,5.77,5.82,32679447,193139002.84,6.0767,-2.0202,0,0
2023-11-30,sz.000955,5.73,5.81,5.64,5.7,17927201,102304523.46,3.3336,-2.0619,0,0
2023-12-01,sz.000955,5.66,5.84,5.62,5.75,14292171,82091700.58,2.6576,0.8772,0,0
2023-12-04,sz.000955,5.84,6.3,5.77,6.0,40449502,244954183.44,7.5216,4.3478,0,0
2023-12-05,sz.000955,5.91,6.27,5.85,6.16,38503296,233517984.62,7.1597,2.6667,0,0
2023-12-06,sz.000955,6.19,6.77,6.19,6.44,61955847,401814032.05,11.5207,4.5455,0,0
2023-12-07,sz.000955,6.45,6.57,6.3,6.33,40052247,255716350.89,7.4477,-1.7081,0,0
2023-12-08,sz.000955,6.28,6.3,5.94,6.01,39469450,241582849.0,7.3393,-5.0553,0,0
2023-12-11,sz.000955,5.99,6.06,5.77,5.82,28101126,165485562.09,5.2254,-3.1614,0,0
2023-12-12,sz.000955,5.83,5.99,5.79,5.92,17706459,104089725.38,3.2925,1.7182,0,0
2023-12-13,sz.000955,5.89,5.97,5.82,5.93,12226200,72163871.0,2.2735,0.1689,0,0
2023-12-14,sz.000955,5.91,6.09,5.88,6.01,20091371,120554777.06,3.736,1.3491,0,0
2023-12-15,sz.000955,5.97,6.01,5.7,5.86,17913816,105171052.7,3.3311,-2.4958,0,0
2023-12-18,sz.000955,5.83,5.84,5.67,5.71,14232200,81877330.0,2.6465,-2.5597,0,0
2023-12-19,sz.000955,5.77,5.81,5.38,5.49,26787624,148020384.8,4.9812,-3.8529,0,0
2023-12-20,sz.000955,5.5,5.55,5.22,5.25,18438734,98567304.22,3.4287,-4.3716,0,0
2023-12-21,sz.000955,5.22,5.44,5.14,5.41,17417501,91918002.17,3.2388,3.0476,0,0
2023-12-22,sz.000955,5.4,5.54,5.3,5.33,18319600,99162337.0,3.4065,-1.4787,0,0
2023-12-25,sz.000955,5.31,5.39,5.18,5.3,15957500,84030923.0,2.9673,-0.5629,0,0
2023-12-26,sz.000955,5.28,5.38,5.09,5.16,18039246,94264426.06,3.3544,-2.6415,0,0
2023-12-27,sz.000955,5.16,5.17,4.95,5.12,22220671,112533607.0,4.1319,-0.7752,0,0
2023-12-28,sz.000955,5.12,5.2,5.05,5.07,15096800,76973458.0,2.8073,-0.9766,0,0
2023-12-29,sz.000955,5.06,5.15,5.01,5.08,12096300,61613307.0,2.2493,0.1972,0,0
2024-01-02,sz.000955,5.08,5.14,5.06,5.09,9360300,47802189.0,1.7405,0.1969,0,0
2024-01-03,sz.000955,5.11,5.11,4.96,5.0,9298213,46727884.26,1.729,-1.7682,0,0
2024-01-04,sz.000955,5.0,5.01,4.93,4.99,10992100,54620717.0,2.044,-0.2,0,0
2024-01-05,sz.000955,5.0,5.01,4.85,4.88,11308701,55645393.92,2.1029,-2.2044,0,0
2024-01-08,sz.000955,4.85,4.97,4.82,4.85,11269400,55045926.0,2.0955,-0.6148,0,0
2024-01-09,sz.000955,4.85,4.92,4.78,4.85,8436400,40964202.0,1.5687,0.0,0,0
2024-01-10,sz.000955,4.82,4.88,4.79,4.8,6194900,29940417.0,1.1519,-1.0309,0,0
2024-01-11,sz.000955,4.79,5.05,4.77,5.04,15795500,77999122.0,2.9372,5.0,0,0
2024-01-12,sz.000955,5.11,5.54,5.0,5.02,49493467,260201970.35,9.2033,-0.3968,0,0
2024-01-15,sz.000955,5.06,5.17,4.95,5.07,28410000,143971793.02,5.2828,0.996,0,0
2024-01-16,sz.000955,5.09,5.1,4.88,4.96,23775400,117956321.7,4.421,-2.1696,0,0
2024-01-17,sz.000955,5.04,5.25,4.91,4.91,31490281,160073484.67,5.8556,-1.0081,0,0
2024-01-18,sz.000955,4.87,5.35,4.86,5.25,62309461,322885985.55,11.5864,6.9246,0,0
2024-01-19,sz.000955,5.24,5.39,5.15,5.27,35639075,188335567.1,6.6271,0.381,0,0
2024-01-22,sz.000955,5.23,5.35,4.95,5.04,34259123,177337298.54,6.3705,-4.3643,0,0
2024-01-23,sz.000955,4.95,5.08,4.65,5.0,24444600,120124292.07,4.5455,-0.7937,0,0
2024-01-24,sz.000955,5.02,5.35,4.98,5.35,38996136,204634236.53,7.2513,7.0,0,0
2024-01-25,sz.000955,5.35,5.44,5.27,5.41,24636050,131995620.1,4.5811,1.1215,0,0
2024-01-26,sz.000955,5.36,5.73,5.34,5.49,29831093,164231936.47,5.5471,1.4787,0,0
2024-01-29,sz.000955,5.4,5.43,5.25,5.28,22848533,121856686.42,4.2487,-3.8251,0,0
2024-01-30,sz.000955,5.47,5.47,5.17,5.18,19931400,105305725.0,3.7062,-1.8939,0,0
2024-01-31,sz.000955,5.16,5.27,4.66,4.66,29309345,142421775.4,5.4501,-10.0386,0,1
2024-02-01,sz.000955,4.56,4.63,4.19,4.45,26288156,114992354.86,4.8883,-4.5064,0,0
2024-02-02,sz.000955,4.49,4.61,4.03,4.18,23992900,102360261.0,4.4615,-6.0674,0,0
2024-02-05,sz.000955,4.1,4.16,3.76,3.76,31020600,117961719.0,5.7683,-10.0478,0,1
2024-02-06,sz.000955,3.45,3.79,3.38,3.6,24783883,86984747.75,4.6086,-4.2553,0,0
2024-02-07,sz.000955,3.58,3.6,3.4,3.57,15312019,54187662.91,2.8473,-0.8333,0,0
2024-02-08,sz.000955,3.63,3.93,3.56,3.93,14218128,53747265.16,2.6439,10.084,1,0
2024-02-19,sz.000955,4.04,4.27,3.94,4.23,17261260,71506631.21,3.2097,7.6336,0,0
2024-02-20,sz.000955,4.19,4.25,4.06,4.19,7000000,29322174.0,1.3017,-0.9456,0,0
2024-02-21,sz.000955,4.16,4.39,4.13,4.2,9156000,38941604.0,1.7026,0.2387,0,0
2024-02-22,sz.000955,4.2,4.25,4.14,4.23,8364500,35105028.0,1.5554,0.7143,0,0
2024-02-23,sz.000955,4.24,4.59,4.16,4.51,14446800,62906216.0,2.6864,6.6194,0,0
2024-02-26,sz.000955,4.52,4.72,4.45,4.66,13699400,62749770.0,2.5474,3.3259,0,0
2024-02-27,sz.000955,4.6,4.83,4.55,4.8,12510300,58823036.0,2.3263,3.0043,0,0
2024-02-28,sz.000955,4.8,4.88,4.49,4.6,15435532,72445069.66,2.8702,-4.1667,0,0
2024-02-29,sz.000955,4.53,4.7,4.45,4.7,6297701,29276475.66,1.1711,2.1739,0,0
2024-03-01,sz.000955,4.7,4.74,4.61,4.7,6920500,32419110.0,1.2869,0.0,0,0
2024-03-04,sz.000955,4.7,5.17,4.64,5.17,22553590,112509963.7,4.1938,10.0,1,0
2024-03-05,sz.000955,5.4,5.58,5.18,5.35,38063381,204596372.03,7.0779,3.4816,0,0
2024-03-06,sz.000955,5.28,5.58,5.28,5.48,19905898,108780662.64,3.7015,2.4299,0,0
2024-03-07,sz.000955,5.48,5.63,5.45,5.5,15189116,83802742.16,2.8244,0.365,0,0
2024-03-08,sz.000955,5.45,5.8,5.45,5.73,16291607,92769138.76,3.0294,4.1818,0,0
2024-03-11,sz.000955,5.67,5.86,5.54,5.72,19707991,111958226.04,3.6647,-0.1745,0,0
2024-03-12,sz.000955,5.75,5.75,5.58,5.69,11931600,67397507.0,2.2187,-0.5245,0,0
2024-03-13,sz.000955,5.69,5.99,5.66,5.84,13840700,81317526.0,2.5737,2.6362,0,0
2024-03-14,sz.000955,5.78,5.93,5.73,5.87,9617755,56043350.2,1.7884,0.5137,0,0
2024-03-15,sz.000955,5.87,5.89,5.75,5.88,7510300,43699617.0,1.3965,0.1704,0,0
2024-03-18,sz.000955,5.89,5.91,5.76,5.82,9258755,53749023.1,1.7217,-1.0204,0,0
2024-03-19,sz.000955,5.83,5.86,5.51,5.64,18999380,107135113.2,3.5329,-3.0928,0,0
2024-03-20,sz.000955,5.65,5.71,5.59,5.62,7864800,44239758.0,1.4625,-0.3546,0,0
2024-03-21,sz.000955,5.62,6.15,5.62,5.84,26078912,154261404.28,4.8494,3.9146,0,0
2024-03-22,sz.000955,5.78,5.84,5.67,5.82,11595000,66825497.0,2.1561,-0.3425,0,0
2024-03-25,sz.000955,5.72,5.8,5.6,5.61,6695100,38127681.0,1.245,-3.6082,0,0
2024-03-26,sz.000955,5.57,5.73,5.56,5.6,8969852,50400912.61,1.6679,-0.1783,0,0
2024-03-27,sz.000955,5.55,5.66,5.51,5.56,8553433,47847557.15,1.5905,-0.7143,0,0
2024-03-28,sz.000955,5.56,5.72,5.52,5.56,8074233,45427445.49,1.5014,0.0,0,0
2024-03-29,sz.000955,5.63,5.63,5.51,5.58,6086100,33813298.0,1.1317,0.3597,0,0
2024-04-01,sz.000955,5.6,5.68,5.43,5.46,11403641,62815143.33,2.1205,-2.1505,0,0
2024-04-02,sz.000955,5.46,5.52,5.31,5.37,21205230,114458673.9,3.9431,-1.6484,0,0
2024-04-03,sz.000955,5.33,5.36,5.23,5.3,12384800,65438254.0,2.303,-1.3035,0,0
2024-04-08,sz.000955,5.3,5.31,4.94,4.98,14681910,74310262.2,2.7301,-6.0377,0,0
2024-04-09,sz.000955,4.97,5.07,4.86,5.07,11165600,55301466.0,2.0762,1.8072,0,0
2024-04-10,sz.000955,5.03,5.17,4.92,5.0,7307500,36692200.0,1.3588,-1.3807,0,0
2024-04-11,sz.000955,4.96,5.06,4.87,5.02,4554600,22821074.0,0.8469,0.4,0,0
2024-04-12,sz.000955,5.01,5.31,4.99,5.17,10575471,54430261.65,1.9665,2.988,0,0
2024-04-15,sz.000955,5.08,5.13,4.65,4.65,19123900,90327414.0,3.5561,-10.058,0,1
2024-04-16,sz.000955,4.5,4.5,4.19,4.19,3811000,16129581.0,0.7087,-9.8925,0,1
2024-04-17,sz.000955,3.77,4.48,3.77,4.39,25594455,105546383.75,4.7593,4.7733,0,0
2024-04-18,sz.000955,4.45,4.48,4.2,4.31,10174300,44129293.0,1.8919,-1.8223,0,0
2024-04-19,sz.000955,4.31,4.5,4.25,4.41,11239113,49193689.3,2.0899,2.3202,0,0
2024-04-22,sz.000955,4.47,4.49,4.29,4.41,6748801,29754507.41,1.2549,0.0,0,0
2024-04-23,sz.000955,4.41,4.49,4.3,4.31,7704400,33663433.0,1.4326,-2.2676,0,0
2024-04-24,sz.000955,4.31,4.41,4.31,4.37,4129400,17972330.0,0.7679,1.3921,0,0
2024-04-25,sz.000955,4.37,4.55,4.33,4.48,8237400,36666282.0,1.5317,2.5172,0,0
2024-04-26,sz.000955,4.47,4.51,4.41,4.43,6550183,29169789.67,1.218,-1.1161,0,0
2024-04-29,sz.000955,4.43,4.44,4.25,4.31,18334855,79531472.5,3.4094,-2.7088,0,0
2024-04-30,sz.000955,4.34,4.47,4.29,4.4,13148500,57638074.0,2.4451,2.0882,0,0
2024-05-06,sz.000955,4.42,4.48,4.34,4.45,12740301,56187853.42,2.3692,1.1364,0,0
2024-05-07,sz.000955,4.47,4.76,4.45,4.61,19819100,91480043.0,3.6856,3.5955,0,0
2024-05-08,sz.000955,4.58,4.6,4.47,4.48,9665983,43669599.67,1.7975,-2.82,0,0
2024-05-09,sz.000955,4.48,4.55,4.45,4.51,7309183,32967977.16,1.3592,0.6696,0,0
2024-05-10,sz.000955,4.53,4.57,4.41,4.43,5832300,26055969.0,1.0846,-1.7738,0,0
2024-05-13,sz.000955,4.45,4.45,4.23,4.25,7818600,33624672.0,1.454,-4.0632,0,0
2024-05-14,sz.000955,4.31,4.42,4.26,4.38,7937965,34577726.15,1.4762,3.0588,0,0
2024-05-15,sz.000955,4.38,4.47,4.31,4.45,5331500,23468909.0,0.9915,1.5982,0,0
2024-05-16,sz.000955,4.45,4.58,4.43,4.48,8339800,37470266.45,1.5509,0.6742,0,0
2024-05-17,sz.000955,4.49,4.52,4.42,4.47,5717900,25555606.0,1.0633,-0.2232,0,0
2024-05-20,sz.000955,4.46,4.5,4.3,4.35,8293501,36273174.46,1.5423,-2.6846,0,0
2024-05-21,sz.000955,4.34,4.34,4.21,4.21,7424600,31495054.0,1.3807,-3.2184,0,0
2024-05-22,sz.000955,4.21,4.27,4.18,4.21,6152700,25956436.0,1.1442,0.0,0,0
2024-05-23,sz.000955,4.21,4.21,4.07,4.11,7559580,31087622.4,1.4058,-2.3753,0,0
2024-05-24,sz.000955,4.15,4.15,3.98,3.99,8579201,34671027.07,1.5954,-2.9197,0,0
2024-05-27,sz.000955,4.03,4.04,3.91,3.94,6728571,26550469.74,1.2513,-1.2531,0,0
2024-05-28,sz.000955,3.94,3.95,3.86,3.93,5797800,22637913.0,1.0782,-0.2538,0,0
2024-05-29,sz.000955,3.9,4.04,3.89,3.94,6186600,24532795.0,1.1505,0.2545,0,0
2024-05-30,sz.000955,3.96,3.98,3.9,3.92,3898400,15370574.0,0.725,-0.5076,0,0
2024-05-31,sz.000955,3.94,4.03,3.92,4.0,5389300,21439010.0,1.0022,2.0408,0,0
2024-06-03,sz.000955,3.99,4.01,3.72,3.78,10975901,41965065.78,2.0411,-5.5,0,0
2024-06-04,sz.000955,3.79,3.79,3.66,3.71,7418000,27495079.0,1.3795,-1.8519,0,0
2024-06-05,sz.000955,3.34,3.61,3.34,3.48,23131351,79659210.54,4.3016,-6.1995,0,0
2024-06-06,sz.000955,3.47,3.64,3.13,3.13,26108500,84997727.0,4.8552,-10.0575,0,1
2024-06-07,sz.000955,3.13,3.3,3.04,3.17,23932600,75594687.0,4.4506,1.278,0,0
2024-06-11,sz.000955,3.18,3.19,3.02,3.15,15371500,47784630.0,2.8585,-0.6309,0,0
2024-06-12,sz.000955,3.16,3.3,3.13,3.29,13397241,43664110.2,2.4914,4.4444,0,0
2024-06-13,sz.000955,3.33,3.35,3.17,3.19,9369200,30179864.0,1.7423,-3.0395,0,0
2024-06-14,sz.000955,3.19,3.24,3.15,3.21,7245800,23155101.0,1.3475,0.627,0,0
2024-06-17,sz.000955,3.22,3.22,3.11,3.13,7703700,24348260.0,1.4326,-2.4922,0,0
2024-06-18,sz.000955,3.14,3.2,3.11,3.18,4490000,14213719.0,0.835,1.5974,0,0
2024-06-19,sz.000955,3.2,3.22,3.16,3.19,5620200,17981989.0,1.0451,0.3145,0,0
2024-06-20,sz.000955,3.21,3.21,3.08,3.09,6650300,20763372.0,1.2367,-3.1348,0,0
2024-06-21,sz.000955,3.09,3.14,3.04,3.05,6847500,21067099.0,1.2734,-1.2945,0,0
2024-06-24,sz.000955,3.05,3.05,2.88,2.91,10064571,29469098.29,1.8716,-4.5902,0,0
2024-06-25,sz.000955,2.92,2.96,2.84,2.85,9426000,27195422.0,1.7529,-2.0619,0,0
2024-06-26,sz.000955,2.85,3.0,2.82,2.98,11359700,33028035.0,2.1125,4.5614,0,0
2024-06-27,sz.000955,3.01,3.05,2.9,2.91,7575501,22477379.9,1.4088,-2.349,0,0
2024-06-28,sz.000955,2.93,2.98,2.9,2.93,5276301,15480356.92,0.9812,0.6873,0,0
2024-07-01,sz.000955,2.94,2.96,2.86,2.94,5157130,15029309.2,0.959,0.3413,0,0
2024-07-02,sz.000955,2.96,3.03,2.92,2.98,8572601,25749231.98,1.5942,1.3605,0,0
2024-07-03,sz.000955,2.98,3.04,2.96,2.98,6401930,19187466.31,1.1905,0.0,0,0
2024-07-04,sz.000955,2.99,3.0,2.89,2.9,7304802,21325239.8,1.3584,-2.6846,0,0
2024-07-05,sz.000955,2.88,2.97,2.83,2.95,4712801,13769930.93,0.8764,1.7241,0,0
2024-07-08,sz.000955,2.96,2.97,2.81,2.85,5937900,16916659.0,1.1042,-3.3898,0,0
2024-07-09,sz.000955,2.85,2.87,2.65,2.76,11072100,30293089.0,2.059,-3.1579,0,0
2024-07-10,sz.000955,2.79,2.79,2.7,2.72,6493300,17771446.0,1.2075,-1.4493,0,0
2024-07-11,sz.000955,2.75,2.97,2.75,2.94,8953729,25862751.39,1.6651,8.0882,0,0
2024-07-12,sz.000955,2.94,2.99,2.88,2.91,4966200,14559702.0,0.9235,-1.0204,0,0
2024-07-15,sz.000955,2.89,3.12,2.88,3.02,18269330,55017912.1,3.3974,3.7801,0,0
2024-07-16,sz.000955,3.0,3.05,2.94,3.04,11865600,35556808.0,2.2066,0.6623,0,0
2024-07-17,sz.000955,3.04,3.04,2.98,2.99,7931872,23764261.71,1.475,-1.6447,0,0
2024-07-18,sz.000955,2.96,2.99,2.9,2.93,7538471,22077693.74,1.4019,-2.0067,0,0
2024-07-19,sz.000955,2.91,2.97,2.89,2.93,6205700,18149505.0,1.154,0.0,0,0
2024-07-22,sz.000955,2.93,2.94,2.86,2.87,8842271,25531543.77,1.6443,-2.0478,0,0
2024-07-23,sz.000955,2.87,2.95,2.8,2.81,8971000,25787633.0,1.6683,-2.0906,0,0
2024-07-24,sz.000955,2.81,2.85,2.7,2.72,6488300,17919088.0,1.2066,-3.2028,0,0
2024-07-25,sz.000955,2.7,2.78,2.65,2.71,5320800,14437073.0,0.9895,-0.3676,0,0
2024-07-26,sz.000955,2.71,2.76,2.67,2.74,3338800,9123781.0,0.6209,1.107,0,0
2024-07-29,sz.000955,2.75,2.77,2.7,2.73,4559200,12469080.0,0.8478,-0.365,0,0
2024-07-30,sz.000955,2.74,2.88,2.73,2.81,6335700,17809952.0,1.1782,2.9304,0,0
2024-07-31,sz.000955,2.83,2.98,2.82,2.94,8511700,24735082.11,1.5829,4.6263,0,0
2024-08-01,sz.000955,2.92,3.0,2.9,2.96,5890800,17346609.0,1.0955,0.6803,0,0
2024-08-02,sz.000955,2.92,3.0,2.92,2.95,4726289,14022589.66,0.8789,-0.3378,0,0
2024-08-05,sz.000955,2.94,3.01,2.91,2.91,6619411,19578323.23,1.231,-1.3559,0,0
2024-08-06,sz.000955,2.95,2.97,2.91,2.96,4015300,11806477.0,0.7467,1.7182,0,0
2024-08-07,sz.000955,2.96,2.99,2.91,2.95,5180100,15322414.0,0.9633,-0.3378,0,0
2024-08-08,sz.000955,2.95,2.99,2.93,2.98,4667789,13843377.44,0.868,1.0169,0,0
2024-08-09,sz.000955,2.99,3.0,2.93,2.94,4061989,12031528.33,0.7554,-1.3423,0,0
2024-08-12,sz.000955,2.97,2.99,2.92,2.97,5887500,17407009.0,1.0949,1.0204,0,0
2024-08-13,sz.000955,2.98,3.01,2.91,2.97,5881600,17408732.0,1.0938,0.0,0,0
2024-08-14,sz.000955,2.96,2.99,2.94,2.95,3646800,10792940.0,0.6782,-0.6734,0,0
2024-08-15,sz.000955,2.95,2.99,2.91,2.97,5503000,16275729.0,1.0234,0.678,0,0
2024-08-16,sz.000955,2.98,3.01,2.92,2.94,5002400,14747865.0,0.9303,-1.0101,0,0
2024-08-19,sz.000955,2.93,3.2,2.91,3.12,18601760,57367483.6,3.4592,6.1224,0,0
2024-08-20,sz.000955,3.12,3.18,2.95,3.0,20207200,60977812.0,3.7578,-3.8462,0,0
2024-08-21,sz.000955,2.98,2.98,2.86,2.87,12174601,35295579.88,2.264,-4.3333,0,0
2024-08-22,sz.000955,2.89,2.97,2.87,2.88,9330700,27289120.0,1.7352,0.3484,0,0
2024-08-23,sz.000955,2.89,2.9,2.81,2.82,6594000,18785431.0,1.2262,-2.0833,0,0
2024-08-26,sz.000955,2.82,2.93,2.78,2.93,8173553,23654963.03,1.52,3.9007,0,0
2024-08-27,sz.000955,2.95,2.95,2.83,2.84,5461820,15677356.8,1.0157,-3.0717,0,0
2024-08-28,sz.000955,2.84,2.95,2.8,2.91,5529000,16022558.0,1.0276,2.4648,0,0
2024-08-29,sz.000955,2.88,2.95,2.86,2.94,5800930,16935503.0,1.0781,1.0309,0,0
2024-08-30,sz.000955,2.95,3.05,2.92,3.0,8772900,26367127.0,1.6305,2.0408,0,0
2024-09-02,sz.000955,2.99,3.09,2.98,2.99,8683400,26404523.0,1.6139,-0.3333,0,0
2024-09-03,sz.000955,3.03,3.05,2.97,2.99,5095680,15267462.6,0.9471,0.0,0,0
2024-09-04,sz.000955,3.02,3.02,2.94,2.95,4316900,12796487.0,0.8023,-1.3378,0,0
2024-09-05,sz.000955,2.96,3.0,2.95,2.99,4204001,12490625.97,0.7813,1.3559,0,0
2024-09-06,sz.000955,3.14,3.15,2.95,2.95,13164040,39925521.4,2.4466,-1.3378,0,0
2024-09-09,sz.000955,2.93,3.07,2.93,3.06,14183540,42954442.0,2.6361,3.7288,0,0
2024-09-10,sz.000955,3.08,3.33,3.07,3.13,26328530,83802453.9,4.8934,2.2876,0,0
2024-09-11,sz.000955,3.1,3.21,3.05,3.14,16990482,53052655.73,3.1578,0.3195,0,0
2024-09-12,sz.000955,3.31,3.45,3.31,3.45,10935630,37518037.5,2.0325,9.8726,1,0
2024-09-13,sz.000955,3.45,3.5,3.23,3.32,42457982,141479781.58,7.8912,-3.7681,0,0
2024-09-18,sz.000955,3.22,3.24,2.99,3.03,26533397,81492426.23,4.9314,-8.7349,0,0
2024-09-19,sz.000955,3.09,3.33,3.09,3.33,13006912,42827439.96,2.4174,9.901,1,0
2024-09-20,sz.000955,3.39,3.51,3.28,3.46,42922973,145284872.01,7.9776,3.9039,0,0
2024-09-23,sz.000955,3.39,3.39,3.3,3.34,21897070,73074908.1,4.0697,-3.4682,0,0
2024-09-24,sz.000955,3.34,3.6,3.31,3.5,34937827,121008368.46,6.4935,4.7904,0,0
2024-09-25,sz.000955,3.45,3.78,3.38,3.63,40183765,142627341.04,7.4685,3.7143,0,0
2024-09-26,sz.000955,3.56,3.68,3.5,3.66,26532557,95041384.26,4.9313,0.8264,0,0
2024-09-27,sz.000955,3.66,3.79,3.58,3.74,31650496,116351732.48,5.8825,2.1858,0,0
2024-09-30,sz.000955,3.84,4.05,3.73,4.02,39477232,153680784.84,7.3372,7.4866,0,0
2024-10-08,sz.000955,4.4,4.4,3.95,4.1,37809860,156826657.24,7.0273,1.99,0,0
2024-10-09,sz.000955,4.04,4.04,3.69,3.69,25410241,96518246.57,4.7227,-10.0,0,1
2024-10-10,sz.000955,3.63,3.73,3.47,3.55,22179601,79312627.63,4.1223,-3.794,0,0
2024-10-11,sz.000955,3.55,3.6,3.4,3.43,12821900,44589033.0,2.3831,-3.3803,0,0
2024-10-14,sz.000955,3.44,3.52,3.43,3.48,12252890,42616740.4,2.2773,1.4577,0,0
2024-10-15,sz.000955,3.5,3.51,3.42,3.43,11684086,40478910.06,2.1716,-1.4368,0,0
2024-10-16,sz.000955,3.38,3.67,3.34,3.63,23048396,81487304.32,4.2837,5.8309,0,0
2024-10-17,sz.000955,3.63,3.85,3.62,3.78,26085043,98043185.2,4.8481,4.1322,0,0
2024-10-18,sz.000955,3.78,3.95,3.7,3.92,20680056,79413745.14,3.8436,3.7037,0,0
2024-10-21,sz.000955,3.91,3.94,3.85,3.87,16464555,64153693.15,3.0601,-1.2755,0,0
2024-10-22,sz.000955,3.87,4.13,3.86,3.96,17303530,68820353.5,3.216,2.3256,0,0
2024-10-23,sz.000955,3.96,4.0,3.91,3.95,12127500,47873844.0,2.254,-0.2525,0,0
2024-10-24,sz.000955,3.95,4.02,3.89,4.01,10255390,40736940.0,1.906,1.519,0,0
2024-10-25,sz.000955,4.03,4.29,4.03,4.19,19626080,82098217.13,3.6477,4.4888,0,0
2024-10-28,sz.000955,4.16,4.31,4.1,4.27,18105290,76978615.8,3.365,1.9093,0,0
2024-10-29,sz.000955,4.3,4.32,4.11,4.12,14855111,62215974.26,2.7609,-3.5129,0,0
2024-10-30,sz.000955,4.13,4.29,4.07,4.24,16956590,70887969.1,3.1515,2.9126,0,0
2024-10-31,sz.000955,4.24,4.46,4.2,4.35,20900350,91495207.0,3.8845,2.5943,0,0
2024-11-01,sz.000955,4.46,4.47,4.22,4.25,19359853,83493938.37,3.5982,-2.2989,0,0
2024-11-04,sz.000955,4.18,4.32,4.18,4.3,10901700,46371956.42,2.0262,1.1765,0,0
2024-11-05,sz.000955,4.38,4.73,4.31,4.73,20138776,93344999.48,3.743,10.0,1,0
2024-11-06,sz.000955,4.83,5.0,4.7,4.78,53861675,261042669.98,10.0106,1.0571,0,0
2024-11-07,sz.000955,4.76,5.15,4.7,5.08,39059212,194575035.28,7.2595,6.2762,0,0
2024-11-08,sz.000955,5.05,5.09,4.76,4.99,38680201,190253428.87,7.189,-1.7717,0,0
2024-11-11,sz.000955,4.94,4.97,4.68,4.79,21879802,104520884.26,4.0665,-4.008,0,0
2024-11-12,sz.000955,4.78,4.91,4.73,4.79,15398902,74258639.66,2.862,0.0,0,0
2024-11-13,sz.000955,4.77,4.81,4.58,4.68,11889580,55524584.0,2.2098,-2.2965,0,0
2024-11-14,sz.000955,4.7,4.83,4.65,4.74,12449977,59227099.06,2.3139,1.2821,0,0
2024-11-15,sz.000955,4.74,4.78,4.49,4.49,10892191,50547852.76,2.0244,-5.2743,0,0
2024-11-18,sz.000955,4.55,4.59,4.31,4.36,13078001,57910622.35,2.4307,-2.8953,0,0
2024-11-19,sz.000955,4.33,4.41,4.25,4.32,10035965,43521344.15,1.8653,-0.9174,0,0
2024-11-20,sz.000955,4.34,4.49,4.31,4.45,7935400,34995586.0,1.4749,3.0093,0,0
2024-11-21,sz.000955,4.45,4.54,4.39,4.47,7549380,33582960.2,1.4031,0.4494,0,0
2024-11-22,sz.000955,4.49,4.51,4.33,4.35,8945915,39511756.8,1.6627,-2.6846,0,0
2024-11-25,sz.000955,4.35,4.55,4.35,4.5,9202000,41031167.0,1.7103,3.4483,0,0
2024-11-26,sz.000955,4.48,4.58,4.46,4.51,8273100,37434586.0,1.5376,0.2222,0,0
2024-11-27,sz.000955,4.5,4.55,4.32,4.55,9292716,41424609.48,1.7271,0.8869,0,0
2024-11-28,sz.000955,4.54,5.01,4.53,4.81,55883538,275521008.58,10.3864,5.7143,0,0
2024-11-29,sz.000955,4.77,4.93,4.68,4.78,42554406,204724607.18,7.9091,-0.6237,0,0
2024-12-02,sz.000955,5.26,5.26,5.26,5.26,8821300,46400038.0,1.6395,10.0418,1,0
2024-12-03,sz.000955,5.79,5.79,5.79,5.79,3998101,23149004.79,0.7431,10.076,1,0
2024-12-04,sz.000955,5.79,5.9,5.21,5.44,91119186,506728917.35,16.9352,-6.0449,0,0
2024-12-05,sz.000955,5.07,5.98,4.9,5.98,71977712,406355266.71,13.3776,9.9265,1,0
2024-12-06,sz.000955,6.1,6.58,5.68,6.27,151479856,935962845.91,28.1538,4.8495,0,0
2024-12-09,sz.000955,5.64,5.9,5.64,5.64,73098833,415040817.8,13.586,-10.0478,0,1
2024-12-10,sz.000955,5.67,5.78,5.21,5.32,68872138,373948790.33,12.8004,-5.6738,0,0
2024-12-11,sz.000955,5.33,5.85,5.22,5.74,101529139,572452907.42,18.87,7.8947,0,0
2024-12-12,sz.000955,5.48,5.58,5.39,5.51,72036520,394662429.33,13.3886,-4.007,0,0
2024-12-13,sz.000955,5.5,5.7,5.34,5.36,55342449,305995819.09,10.2858,-2.7223,0,0
2024-12-16,sz.000955,5.33,5.55,5.29,5.44,40430900,219443146.0,7.5144,1.4925,0,0
2024-12-17,sz.000955,5.46,5.46,5.0,5.0,37453100,192290017.0,6.961,-8.0882,0,0
2024-12-18,sz.000955,5.0,5.12,4.84,4.9,29476127,145353810.66,5.4784,-2.0,0,0
2024-12-19,sz.000955,4.81,4.86,4.68,4.82,21964469,104903612.88,4.0823,-1.6327,0,0
2024-12-20,sz.000955,4.81,5.0,4.81,4.92,18401841,90540677.19,3.4201,2.0747,0,0
2024-12-23,sz.000955,4.92,4.92,4.51,4.52,23824816,110454310.68,4.428,-8.1301,0,0
2024-12-24,sz.000955,4.55,4.63,4.32,4.42,20214400,89148622.0,3.757,-2.2124,0,0
2024-12-25,sz.000955,4.43,4.43,4.11,4.22,20866401,87959158.2,3.8782,-4.5249,0,0
2024-12-26,sz.000955,4.2,4.29,4.16,4.18,12707719,53493329.39,2.3618,-0.9479,0,0
2024-12-27,sz.000955,4.22,4.49,4.16,4.36,23379660,102478240.06,4.3453,4.3062,0,0
2024-12-30,sz.000955,4.36,4.39,4.11,4.18,18387690,76656918.7,3.4175,-4.1284,0,0
2024-12-31,sz.000955,4.19,4.28,4.13,4.14,15075200,63278848.0,2.8018,-0.9569,0,0
2025-01-02,sz.000955,4.15,4.33,4.1,4.15,19118300,80795303.3,3.5533,0.2415,0,0
2025-01-03,sz.000955,4.18,4.19,3.88,3.89,19152151,76261154.04,3.5596,-6.2651,0,0
2025-01-06,sz.000955,3.84,3.91,3.66,3.86,12154229,46426242.61,2.259,-0.7712,0,0
2025-01-07,sz.000955,3.88,3.99,3.86,3.99,12297200,48384713.0,2.2855,3.3679,0,0
2025-01-08,sz.000955,3.95,4.04,3.85,4.0,13231500,52162285.0,2.4592,0.2506,0,0
2025-01-09,sz.000955,3.99,4.04,3.95,4.01,8912640,35730661.0,1.6565,0.25,0,0
2025-01-10,sz.000955,4.02,4.03,3.7,3.81,11416000,44531141.0,2.1218,-4.9875,0,0
2025-01-13,sz.000955,3.79,3.86,3.61,3.83,12803401,48149931.81,2.3796,0.5249,0,0
2025-01-14,sz.000955,3.83,4.08,3.83,4.08,17175564,69035914.6,3.1922,6.5274,0,0
2025-01-15,sz.000955,4.1,4.18,4.02,4.15,13016200,53445762.0,2.4192,1.7157,0,0
2025-01-16,sz.000955,4.14,4.28,4.12,4.25,12563300,52971638.0,2.335,2.4096,0,0
2025-01-17,sz.000955,4.27,4.28,4.07,4.08,13254940,54550783.6,2.4635,-4.0,0,0
2025-01-20,sz.000955,4.13,4.2,4.03,4.15,9705791,40116886.86,1.8039,1.7157,0,0
2025-01-21,sz.000955,4.18,4.23,4.04,4.06,8990041,36771575.44,1.6709,-2.1687,0,0
2025-01-22,sz.000955,4.07,4.08,3.96,3.99,6598613,26403148.59,1.2264,-1.7241,0,0
2025-01-23,sz.000955,4.04,4.16,3.99,4.0,9114600,37144145.4,1.694,0.2506,0,0
2025-01-24,sz.000955,4.0,4.01,3.92,4.0,9407890,37357907.0,1.7485,0.0,0,0
2025-01-27,sz.000955,4.05,4.15,4.0,4.01,9097102,37001816.18,1.6908,0.25,0,0
2025-02-05,sz.000955,4.02,4.14,4.02,4.1,10152405,41584783.5,1.8869,2.2444,0,0
2025-02-06,sz.000955,4.1,4.14,3.99,4.13,10125651,41262820.61,1.8819,0.7317,0,0
2025-02-07,sz.000955,4.16,4.41,4.14,4.29,21725800,93396172.4,4.0379,3.8741,0,0
2025-02-10,sz.000955,4.32,4.48,4.29,4.41,16709400,73041335.98,3.1056,2.7972,0,0
2025-02-11,sz.000955,4.41,4.45,4.33,4.41,11045012,48353047.28,2.0528,0.0,0,0
2025-02-12,sz.000955,4.41,4.47,4.34,4.39,10173800,44548050.0,1.8909,-0.4535,0,0
2025-02-13,sz.000955,4.4,4.42,4.31,4.37,9762500,42729535.0,1.8144,-0.4556,0,0
2025-02-14,sz.000955,4.39,4.41,4.31,4.32,9135800,39758381.0,1.698,-1.1442,0,0
2025-02-17,sz.000955,4.36,4.46,4.33,4.39,13012300,57184105.6,2.4184,1.6204,0,0
2025-02-18,sz.000955,4.37,4.4,4.14,4.15,14141201,60052516.24,2.6283,-5.467,0,0
2025-02-19,sz.000955,4.17,4.29,4.15,4.27,12209079,51596512.47,2.2692,2.8916,0,0
2025-02-20,sz.000955,4.26,4.32,4.22,4.22,8512840,36283873.0,1.5822,-1.171,0,0
2025-02-21,sz.000955,4.22,4.26,4.12,4.16,11544100,48082542.0,2.1456,-1.4218,0,0
2025-02-24,sz.000955,4.22,4.3,4.16,4.24,12782400,54154625.66,2.3757,1.9231,0,0
2025-02-25,sz.000955,4.19,4.34,4.18,4.24,11264494,48022747.88,2.0936,0.0,0,0
2025-02-26,sz.000955,4.24,4.33,4.24,4.3,10409810,44652052.2,1.9347,1.4151,0,0
2025-02-27,sz.000955,4.3,4.5,4.3,4.4,24568190,108200987.3,4.5662,2.3256,0,0
2025-02-28,sz.000955,4.39,4.41,4.21,4.21,14223880,61007474.9,2.6436,-4.3182,0,0
2025-03-03,sz.000955,4.31,4.51,4.24,4.44,27853004,122514509.6,5.1767,5.4632,0,0
2025-03-04,sz.000955,4.46,4.67,4.36,4.62,32586774,148823947.92,6.0565,4.0541,0,0
2025-03-05,sz.000955,4.6,4.63,4.5,4.59,17870302,81199992.14,3.3213,-0.6494,0,0
2025-03-06,sz.000955,4.66,4.66,4.54,4.57,17432430,80038849.7,3.24,-0.4357,0,0
2025-03-07,sz.000955,4.59,4.62,4.4,4.44,16034500,71794048.0,2.9801,-2.8446,0,0
2025-03-10,sz.000955,4.45,4.51,4.4,4.48,9670637,43120838.39,1.7974,0.9009,0,0
2025-03-11,sz.000955,4.42,4.53,4.38,4.51,8816000,39399947.0,1.6385,0.6696,0,0
2025-03-12,sz.000955,4.58,4.59,4.43,4.45,9801748,43813258.12,1.8217,-1.3304,0,0
2025-03-13,sz.000955,4.45,4.46,4.31,4.37,10922048,47673997.75,2.03,-1.7978,0,0
2025-03-14,sz.000955,4.37,4.58,4.35,4.57,15537190,69727287.8,2.8877,4.5767,0,0
2025-03-17,sz.000955,4.59,4.66,4.49,4.59,12715872,58256966.28,2.3633,0.4376,0,0
2025-03-18,sz.000955,4.62,4.67,4.52,4.59,10675200,48856547.0,1.9841,0.0,0,0
2025-03-19,sz.000955,4.56,4.59,4.48,4.51,9987631,45234903.05,1.8563,-1.7429,0,0
2025-03-20,sz.000955,4.53,4.59,4.48,4.53,6953200,31529035.0,1.2923,0.4435,0,0
2025-03-21,sz.000955,4.55,4.9,4.53,4.62,38178794,178090364.17,7.0958,1.9868,0,0
2025-03-24,sz.000955,4.6,4.6,4.29,4.35,22833881,100528685.75,4.2439,-5.8442,0,0
2025-03-25,sz.000955,4.34,4.37,4.22,4.3,13799529,59465812.2,2.5648,-1.1494,0,0
2025-03-26,sz.000955,4.27,4.45,4.26,4.38,13045816,57371604.72,2.4247,1.8605,0,0
2025-03-27,sz.000955,4.35,4.44,4.17,4.41,16551202,71530189.84,3.0762,0.6849,0,0
2025-03-28,sz.000955,4.39,4.42,4.21,4.22,10706000,45815861.0,1.9898,-4.3084,0,0
2025-03-31,sz.000955,4.22,4.22,3.98,4.04,12945200,52545787.0,2.406,-4.2654,0,0
2025-04-01,sz.000955,4.06,4.25,4.06,4.12,12310993,51343898.16,2.2881,1.9802,0,0
2025-04-02,sz.000955,4.17,4.17,4.09,4.12,9336800,38571327.0,1.7353,0.0,0,0
2025-04-03,sz.000955,4.09,4.27,4.07,4.18,14611079,61093352.54,2.7156,1.4563,0,0
2025-04-07,sz.000955,3.99,4.0,3.76,3.76,11497800,43729881.0,2.137,-10.0478,0,1
2025-04-08,sz.000955,3.63,3.73,3.47,3.61,15800402,56466404.32,2.9366,-3.9894,0,0
2025-04-09,sz.000955,3.53,3.97,3.32,3.82,29195600,107758642.0,5.4262,5.8172,0,0
2025-04-10,sz.000955,3.84,3.92,3.82,3.85,16977721,65739099.06,3.1554,0.7853,0,0
2025-04-11,sz.000955,3.83,3.95,3.77,3.88,10030393,39111545.56,1.8642,0.7792,0,0
2025-04-14,sz.000955,4.0,4.17,3.96,4.08,17437100,71142782.0,3.2408,5.1546,0,0
2025-04-15,sz.000955,4.08,4.12,4.0,4.07,11598400,46996307.0,2.1557,-0.2451,0,0
2025-04-16,sz.000955,4.03,4.06,3.89,3.98,10080400,40017162.0,1.8735,-2.2113,0,0
2025-04-17,sz.000955,3.95,4.08,3.95,4.03,8095200,32632887.0,1.5046,1.2563,0,0
2025-04-18,sz.000955,4.0,4.1,3.95,4.02,10584000,42581621.0,1.9671,-0.2481,0,0
2025-04-21,sz.000955,4.04,4.14,3.97,4.11,9725520,39797377.8,1.8076,2.2388,0,0
2025-04-22,sz.000955,4.15,4.19,4.11,4.14,7572960,31433307.4,1.4075,0.7299,0,0
2025-04-23,sz.000955,4.17,4.22,4.15,4.18,7380613,30860705.49,1.3717,0.9662,0,0
2025-04-24,sz.000955,4.2,4.27,4.17,4.23,9652900,40725464.0,1.7941,1.1962,0,0
2025-04-25,sz.000955,4.22,4.25,4.12,4.12,12429800,52090807.0,2.3102,-2.6005,0,0
2025-04-28,sz.000955,4.13,4.15,4.05,4.08,8510864,34737429.2,1.5818,-0.9709,0,0
2025-04-29,sz.000955,4.12,4.19,4.05,4.1,7204900,29796384.0,1.3391,0.4902,0,0
2025-04-30,sz.000955,4.09,4.25,4.09,4.19,7750300,32500342.0,1.4405,2.1951,0,0
2025-05-06,sz.000955,4.2,4.31,4.18,4.31,8594314,36689648.22,1.5973,2.864,0,0
2025-05-07,sz.000955,4.33,4.44,4.3,4.36,11025700,48118894.8,2.0492,1.1601,0,0
2025-05-08,sz.000955,4.32,4.48,4.3,4.45,9624800,42441683.0,1.7888,2.0642,0,0
2025-05-09,sz.000955,4.45,4.76,4.43,4.7,38086661,175365780.61,7.0787,5.618,0,0
2025-05-12,sz.000955,4.75,4.75,4.43,4.5,29692150,133648099.18,5.5185,-4.2553,0,0
2025-05-13,sz.000955,4.51,4.59,4.46,4.47,19371821,87181367.34,3.6004,-0.6667,0,0
2025-05-14,sz.000955,4.45,4.49,4.38,4.44,15483970,68634555.7,2.8778,-0.6711,0,0
2025-05-15,sz.000955,4.44,4.63,4.4,4.46,12243151,54755565.6,2.2755,0.4505,0,0
2025-05-16,sz.000955,4.42,4.48,4.39,4.44,9303801,41215013.42,1.7292,-0.4484,0,0
2025-05-19,sz.000955,4.48,4.64,4.44,4.62,18786901,85761540.56,3.4917,4.0541,0,0
2025-05-20,sz.000955,4.63,4.82,4.57,4.73,19088671,89227275.8,3.5478,2.381,0,0
2025-05-21,sz.000955,4.74,4.76,4.59,4.67,10079601,46880394.61,1.8734,-1.2685,0,0
2025-05-22,sz.000955,4.62,4.81,4.62,4.74,13288971,62777723.45,2.4699,1.4989,0,0
2025-05-23,sz.000955,4.75,4.79,4.54,4.56,9294500,43334948.0,1.7275,-3.7975,0,0
2025-05-26,sz.000955,4.56,4.65,4.51,4.54,6803000,31071590.0,1.2644,-0.4386,0,0
2025-05-27,sz.000955,4.52,4.61,4.52,4.58,6720050,30713880.5,1.249,0.8811,0,0
2025-05-28,sz.000955,4.58,4.63,4.49,4.52,6112000,27718559.0,1.136,-1.31,0,0
2025-05-29,sz.000955,4.52,4.67,4.49,4.63,9073550,41885569.0,1.6864,2.4336,0,0
2025-05-30,sz.000955,4.6,4.72,4.58,4.66,9274150,43182067.5,1.7237,0.6479,0,0
2025-06-03,sz.000955,4.64,4.74,4.6,4.63,8290700,38734525.0,1.5409,-0.6438,0,0
2025-06-04,sz.000955,4.63,4.72,4.58,4.72,9727360,45254590.8,1.8079,1.9438,0,0
2025-06-05,sz.000955,4.72,4.72,4.6,4.64,9391500,43603160.0,1.7455,-1.6949,0,0
2025-06-06,sz.000955,4.7,5.03,4.68,4.76,29732602,142155949.5,5.526,2.5862,0,0
2025-06-09,sz.000955,4.75,4.81,4.63,4.75,20005300,94898737.0,3.7181,-0.2101,0,0
2025-06-10,sz.000955,4.79,4.83,4.66,4.73,13579900,64318617.0,2.5239,-0.4211,0,0
2025-06-11,sz.000955,4.71,4.74,4.64,4.65,9674710,45398430.9,1.7981,-1.6913,0,0
2025-06-12,sz.000955,4.68,4.68,4.54,4.58,11891800,54619435.0,2.2102,-1.5054,0,0
2025-06-13,sz.000955,4.56,4.64,4.44,4.48,11284730,50735333.2,2.0974,-2.1834,0,0
2025-06-16,sz.000955,4.44,4.52,4.43,4.49,7472835,33497352.85,1.3889,0.2232,0,0
2025-06-17,sz.000955,4.49,4.57,4.47,4.51,6944000,31306593.5,1.2906,0.4454,0,0
2025-06-18,sz.000955,4.48,4.65,4.44,4.49,13516700,61075116.0,2.5122,-0.4435,0,0
2025-06-19,sz.000955,4.49,4.5,4.34,4.35,9845200,43286106.0,1.8298,-3.118,0,0
2025-06-20,sz.000955,4.35,4.39,4.3,4.33,5943000,25843553.0,1.1046,-0.4598,0,0
2025-06-23,sz.000955,4.3,4.44,4.22,4.42,9257600,40656175.0,1.7206,2.0785,0,0
2025-06-24,sz.000955,4.44,4.57,4.43,4.55,7730500,34931141.0,1.4368,2.9412,0,0
2025-06-25,sz.000955,4.54,4.62,4.52,4.6,8104944,37085592.64,1.5064,1.0989,0,0
2025-06-26,sz.000955,4.6,4.66,4.55,4.65,9844400,45538402.0,1.8297,1.087,0,0
2025-06-27,sz.000955,4.65,4.68,4.6,4.65,6182300,28690573.0,1.149,0.0,0,0
2025-06-30,sz.000955,4.66,4.7,4.64,4.7,7324661,34252261.48,1.3613,1.0753,0,0
2025-07-01,sz.000955,4.68,4.74,4.63,4.71,8769975,41087743.88,1.63,0.2128,0,0
2025-07-02,sz.000955,4.69,4.74,4.66,4.69,8279300,38852846.0,1.5388,-0.4246,0,0
2025-07-03,sz.000955,4.7,4.73,4.62,4.69,7119190,33446915.09,1.3232,0.0,0,0
2025-07-04,sz.000955,4.69,4.76,4.69,4.71,11131101,52584792.73,2.0688,0.4264,0,0
2025-07-07,sz.000955,4.69,4.87,4.68,4.79,15732400,75268442.0,2.924,1.6985,0,0
2025-07-08,sz.000955,4.79,4.86,4.76,4.86,12075400,58147701.0,2.2443,1.4614,0,0
2025-07-09,sz.000955,4.86,5.08,4.86,4.94,25789758,128185400.64,4.7932,1.6461,0,0
2025-07-10,sz.000955,4.92,5.03,4.91,4.98,14583590,72231469.0,2.7105,0.8097,0,0
2025-07-11,sz.000955,5.02,5.05,4.91,4.97,12137161,60181808.34,2.2558,-0.2008,0,0
2025-07-14,sz.000955,4.95,5.2,4.93,5.19,21845202,111646374.2,4.0601,4.4266,0,0
2025-07-15,sz.000955,5.18,5.19,4.99,5.06,20373008,103263651.24,3.7865,-2.5048,0,0
2025-07-16,sz.000955,5.09,5.44,5.04,5.27,35033770,184970804.5,6.5113,4.1502,0,0
2025-07-17,sz.000955,5.24,5.33,5.16,5.3,16510401,86739199.26,3.0686,0.5693,0,0
2025-07-18,sz.000955,5.3,5.45,5.19,5.37,20403540,108074951.0,3.7922,1.3208,0,0
2025-07-21,sz.000955,5.34,5.54,5.29,5.38,23130680,124931970.33,4.299,0.1862,0,0
2025-07-22,sz.000955,5.44,5.48,5.32,5.45,27095757,146402496.15,5.036,1.3011,0,0
2025-07-23,sz.000955,5.4,5.43,5.11,5.14,31206890,162835236.0,5.8001,-5.6881,0,0
2025-07-24,sz.000955,5.11,5.65,5.1,5.65,47185386,256587910.09,8.7698,9.9222,1,0
2025-07-25,sz.000955,5.58,5.58,5.1,5.14,75987835,395890487.84,14.123,-9.0265,0,0
2025-07-28,sz.000955,5.1,5.21,4.96,4.97,40854100,207040523.0,7.5931,-3.3074,0,0
2025-07-29,sz.000955,5.04,5.31,4.86,4.89,36279800,181141190.0,6.7429,-1.6097,0,0
2025-07-30,sz.000955,4.89,4.96,4.81,4.92,27471110,134611590.8,5.1057,0.6135,0,0
2025-07-31,sz.000955,4.92,4.97,4.8,4.82,22757301,110873024.85,4.2296,-2.0325,0,0
2025-08-01,sz.000955,4.83,4.88,4.79,4.83,13983100,67715247.0,2.5989,0.2075,0,0
2025-08-04,sz.000955,4.8,4.87,4.75,4.84,12452300,60132520.99,2.3144,0.207,0,0
2025-08-05,sz.000955,4.85,4.94,4.84,4.88,16009530,78325431.7,2.9755,0.8264,0,0
2025-08-06,sz.000955,4.89,4.9,4.82,4.9,13821500,67307065.0,2.5688,0.4098,0,0
2025-08-07,sz.000955,4.9,4.91,4.84,4.86,11293930,54961379.8,2.0991,-0.8163,0,0
2025-08-08,sz.000955,4.88,5.02,4.83,5.01,18290100,90134974.0,3.3994,3.0864,0,0
2025-08-11,sz.000955,5.02,5.19,4.95,5.13,24273400,124109621.0,4.5114,2.3952,0,0
2025-08-12,sz.000955,5.14,5.22,5.1,5.17,16543001,85193854.11,3.0747,0.7797,0,0
2025-08-13,sz.000955,5.18,5.19,5.12,5.15,11809101,60840408.15,2.1948,-0.3868,0,0
2025-08-14,sz.000955,5.15,5.17,4.95,4.97,17616702,88574262.02,3.2742,-3.4951,0,0
2025-08-15,sz.000955,4.96,5.02,4.94,4.98,12273500,61020441.0,2.2811,0.2012,0,0
2025-08-18,sz.000955,4.98,5.07,4.92,4.95,16980600,84720596.0,3.156,-0.6024,0,0
2025-08-19,sz.000955,4.96,5.01,4.92,4.98,14716100,73134856.0,2.7351,0.6061,0,0
2025-08-20,sz.000955,4.95,4.99,4.93,4.99,11657000,57788925.0,2.1665,0.2008,0,0
2025-08-21,sz.000955,5.0,5.03,4.96,5.0,15789300,78727711.0,2.9346,0.2004,0,0
2025-08-22,sz.000955,5.03,5.08,4.9,4.99,19548500,96969241.0,3.6336,-0.2,0,0
2025-08-25,sz.000955,4.99,5.01,4.91,4.95,16856500,83581220.0,3.1332,-0.8016,0,0
2025-08-26,sz.000955,4.95,5.08,4.88,5.03,18826000,94258830.0,3.4993,1.6162,0,0
2025-08-27,sz.000955,5.01,5.06,4.86,4.86,17297001,85802484.98,3.2151,-3.3797,0,0
2025-08-28,sz.000955,4.88,4.94,4.68,4.83,16133100,77723751.0,2.9988,-0.6173,0,0
2025-08-29,sz.000955,4.83,4.84,4.76,4.77,11237200,53859178.0,2.0887,-1.2422,0,0
2025-09-01,sz.000955,4.74,4.9,4.72,4.82,11091980,53622476.1,2.0617,1.0482,0,0
2025-09-02,sz.000955,4.85,4.86,4.71,4.78,11555050,54989179.0,2.1478,-0.8299,0,0
2025-09-03,sz.000955,4.8,4.86,4.68,4.71,10496530,49899113.1,1.9511,-1.4644,0,0
2025-09-04,sz.000955,4.73,4.84,4.69,4.73,14761300,70534031.0,2.7438,0.4246,0,0
2025-09-05,sz.000955,4.75,4.79,4.64,4.79,10434501,49277864.69,1.9395,1.2685,0,0
2025-09-08,sz.000955,4.79,4.85,4.76,4.84,9089762,43742201.22,1.6896,1.0438,0,0
2025-09-09,sz.000955,4.85,4.87,4.78,4.8,7942730,38226764.2,1.4764,-0.8264,0,0
2025-09-10,sz.000955,4.8,4.89,4.79,4.85,10280550,49804543.0,1.9109,1.0417,0,0
2025-09-11,sz.000955,4.86,4.86,4.73,4.83,12552270,59948533.9,2.3332,-0.4124,0,0
2025-09-12,sz.000955,4.84,4.95,4.81,4.93,13912010,67964942.5,2.5859,2.0704,0,0
2025-09-15,sz.000955,4.89,4.95,4.86,4.92,9059400,44453152.0,1.6839,-0.2028,0,0
2025-09-16,sz.000955,4.94,5.11,4.91,5.09,19446901,97503899.02,3.6147,3.4553,0,0
2025-09-17,sz.000955,5.1,5.12,5.02,5.07,16750950,84816221.0,3.1136,-0.3929,0,0
2025-09-18,sz.000955,5.1,5.12,4.96,5.05,18701899,94441290.29,3.4762,-0.3945,0,0
2025-09-19,sz.000955,5.04,5.07,4.93,4.99,10835252,54156739.04,2.014,-1.1881,0,0
2025-09-22,sz.000955,5.01,5.01,4.92,4.97,7669400,37978807.5,1.4256,-0.4008,0,0
2025-09-23,sz.000955,4.98,4.98,4.78,4.89,10172780,49467561.3,1.8909,-1.6097,0,0
2025-09-24,sz.000955,4.86,5.13,4.85,5.11,20892550,105171111.5,3.8834,4.499,0,0
2025-09-25,sz.000955,5.11,5.15,5.03,5.12,18331030,93705344.8,3.4073,0.1957,0,0
2025-09-26,sz.000955,5.07,5.43,5.03,5.26,32747682,173048359.84,6.087,2.7344,0,0
2025-09-29,sz.000955,5.21,5.45,5.17,5.43,28486800,152448458.0,5.295,3.2319,0,0
2025-09-30,sz.000955,5.4,5.52,5.36,5.51,21722183,118743153.99,4.0376,1.4733,0,0
2025-10-09,sz.000955,5.45,5.5,5.26,5.32,18743593,99520488.47,3.484,-3.4483,0,0
2025-10-10,sz.000955,5.36,5.77,5.29,5.49,23035758,126783456.98,4.2818,3.1955,0,0
2025-10-13,sz.000955,5.29,5.55,5.25,5.47,20333158,110385800.26,3.7794,-0.3643,0,0
2025-10-14,sz.000955,5.45,5.6,5.39,5.43,18018700,99086297.0,3.3492,-0.7313,0,0
2025-10-15,sz.000955,5.44,5.46,5.37,5.44,11199018,60678127.22,2.0816,0.1842,0,0
2025-10-16,sz.000955,5.45,5.58,5.39,5.54,24105227,132621457.91,4.4806,1.8382,0,0
2025-10-17,sz.000955,5.48,5.64,5.43,5.53,27844900,154876945.52,5.1757,-0.1805,0,0
2025-10-20,sz.000955,5.59,6.03,5.57,5.81,39521036,229876420.16,7.346,5.0633,0,0
2025-10-21,sz.000955,5.75,5.87,5.64,5.84,30420537,176007747.17,5.6544,0.5164,0,0
2025-10-22,sz.000955,5.78,5.84,5.6,5.61,23778703,135058148.82,4.4199,-3.9384,0,0
2025-10-23,sz.000955,5.6,5.72,5.5,5.6,18614738,104163937.36,3.46,-0.1783,0,0
2025-10-24,sz.000955,5.58,5.7,5.44,5.48,16943900,93775807.98,3.1495,-2.1429,0,0
2025-10-27,sz.000955,5.53,5.56,5.41,5.44,16722300,91425192.99,3.1083,-0.7299,0,0
2025-10-28,sz.000955,5.5,5.76,5.46,5.55,20507700,115096861.0,3.8119,2.0221,0,0
2025-10-29,sz.000955,5.56,5.76,5.51,5.67,28358800,160731712.0,5.2712,2.1622,0,0
2025-10-30,sz.000955,5.61,5.73,5.5,5.64,21064800,117850844.0,3.9154,-0.5291,0,0
2025-10-31,sz.000955,5.76,6.2,5.75,6.2,31307420,189824871.0,5.8193,9.9291,1,0
2025-11-03,sz.000955,6.36,6.82,6.24,6.82,51480153,340138268.05,9.5689,10.0,1,0
2025-11-04,sz.000955,7.3,7.5,6.85,7.07,155970659,1122059280.67,28.9912,3.6657,0,0
2025-11-05,sz.000955,6.85,7.5,6.73,7.03,136899850,981598433.81,25.4464,-0.5658,0,0
2025-11-06,sz.000955,6.83,7.03,6.48,6.66,102487586,688633228.02,19.05,-5.2632,0,0
2025-11-07,sz.000955,7.13,7.15,6.56,6.66,86958832,592416417.17,16.1636,0.0,0,0
2025-11-10,sz.000955,6.61,6.76,6.3,6.51,76871588,502825984.21,14.2886,-2.2523,0,0
2025-11-11,sz.000955,6.49,7.16,6.46,6.9,88762586,607357127.51,16.4988,5.9908,0,0
2025-11-12,sz.000955,6.82,6.99,6.71,6.75,51362202,349027096.78,9.547,-2.1739,0,0
2025-11-13,sz.000955,6.66,6.84,6.55,6.71,41218501,278084550.97,7.6615,-0.5926,0,0
2025-11-14,sz.000955,6.91,7.38,6.85,7.38,33666405,245676302.9,6.2578,9.9851,1,0
2025-11-17,sz.000955,8.12,8.12,7.52,7.65,157782271,1247045142.01,29.3279,3.6585,0,0
2025-11-18,sz.000955,7.53,8.42,7.36,8.42,125347783,995124437.85,23.2991,10.0654,1,0
2025-11-19,sz.000955,8.3,8.77,7.77,7.84,136676195,1130825816.74,25.4048,-6.8884,0,0
2025-11-20,sz.000955,7.4,8.23,7.15,7.87,112714500,858226968.69,20.9509,0.3827,0,0
2025-11-21,sz.000955,7.59,8.0,7.29,7.5,81306088,617070428.75,15.1129,-4.7014,0,0
2025-11-24,sz.000955,7.5,7.88,6.91,7.04,68095792,494239193.41,12.6574,-6.1333,0,0
2025-11-25,sz.000955,7.07,7.52,6.91,7.29,66420314,475333376.98,12.3459,3.5511,0,0
2025-11-26,sz.000955,7.16,7.48,7.02,7.07,70546259,512826412.99,13.1129,-3.0178,0,0
2025-11-27,sz.000955,6.95,7.01,6.58,6.73,62490850,422604995.5,11.6156,-4.8091,0,0
2025-11-28,sz.000955,6.72,7.11,6.55,7.06,53416180,369962373.6,9.9288,4.9034,0,0
2025-12-01,sz.000955,6.97,7.04,6.85,6.89,36700500,253806344.7,6.8217,-2.4079,0,0
2025-12-02,sz.000955,6.86,7.3,6.73,7.17,57386816,405717407.09,10.6668,4.0639,0,0
2025-12-03,sz.000955,7.16,7.43,7.04,7.07,66406100,481463381.98,12.3433,-1.3947,0,0
2025-12-04,sz.000955,7.1,7.42,6.78,6.84,47274558,329017555.56,8.7872,-3.2532,0,0
2025-12-05,sz.000955,6.89,7.05,6.57,6.81,46290759,315638428.79,8.6043,-0.4386,0,0
2025-12-08,sz.000955,6.82,7.15,6.76,7.1,48998040,342054564.0,9.1076,4.2584,0,0
2025-12-09,sz.000955,7.0,7.04,6.56,6.56,54402500,363470457.2,10.1121,-7.6056,0,0
2025-12-10,sz.000955,6.62,7.22,6.55,7.22,79209666,547695996.19,14.7232,10.061,1,0
2025-12-11,sz.000955,7.4,7.56,6.86,6.97,79878173,571295641.14,14.8474,-3.4626,0,0
2025-12-12,sz.000955,6.96,6.97,6.59,6.68,57671730,387261101.31,10.7198,-4.1607,0,0
2025-12-15,sz.000955,6.58,6.75,6.26,6.56,41136730,268721429.8,7.6463,-1.7964,0,0
2025-12-16,sz.000955,6.56,6.92,6.15,6.21,45765392,293021037.64,8.5067,-5.3354,0,0
2025-12-17,sz.000955,6.12,6.12,5.73,5.93,38671746,227767896.17,7.1882,-4.5089,0,0
2025-12-18,sz.000955,5.96,6.02,5.74,5.75,30289301,177071345.78,5.6301,-3.0354,0,0
2025-12-19,sz.000955,5.85,6.2,5.65,6.07,53316675,315096390.94,9.9103,5.5652,0,0
2025-12-22,sz.000955,6.19,6.68,6.19,6.68,36710757,238708817.96,6.8236,10.0494,1,0
2025-12-23,sz.000955,7.03,7.18,6.67,6.71,97212077,671061667.18,18.0587,0.4491,0,0
2025-12-24,sz.000955,6.63,6.87,6.48,6.72,65732700,438384400.6,12.2109,0.149,0,0
2025-12-25,sz.000955,6.75,6.86,6.6,6.66,40620301,271787920.33,7.5459,-0.8929,0,0
2025-12-26,sz.000955,6.7,7.05,6.64,6.8,70721040,485833855.6,13.1375,2.1021,0,0
2025-12-29,sz.000955,6.8,7.15,6.58,6.6,56643200,383825763.0,10.5224,-2.9412,0,0
2025-12-30,sz.000955,6.6,6.61,6.2,6.23,45298700,285943088.0,8.4149,-5.6061,0,0
2025-12-31,sz.000955,6.32,6.36,6.06,6.22,29494904,183034614.68,5.4791,-0.1605,0,0
2026-01-05,sz.000955,6.23,6.25,5.95,6.0,31956801,191990919.99,5.9365,-3.537,0,0
2026-01-06,sz.000955,6.0,6.13,5.98,6.02,26227573,158549069.45,4.8722,0.3333,0,0
2026-01-07,sz.000955,5.98,6.06,5.87,5.9,29039472,172452805.96,5.3945,-1.9934,0,0
2026-01-08,sz.000955,5.87,6.01,5.85,5.92,24184600,143642744.0,4.4927,0.339,0,0
2026-01-09,sz.000955,5.91,5.95,5.83,5.92,27225421,160481931.09,5.0575,0.0,0,0
2026-01-12,sz.000955,5.94,6.08,5.92,5.98,37441259,224012514.99,6.9553,1.0135,0,0
2026-01-13,sz.000955,5.97,5.99,5.76,5.77,32700000,192100559.0,6.0745,-3.5117,0,0
2026-01-14,sz.000955,5.76,5.83,5.63,5.71,28897572,165977928.4,5.3682,-1.0399,0,0
2026-01-15,sz.000955,5.68,5.69,5.56,5.62,20843801,116934593.63,3.8721,-1.5762,0,0
2026-01-16,sz.000955,5.61,5.64,5.45,5.55,21309000,117954722.0,3.9585,-1.2456,0,0
2026-01-19,sz.000955,5.54,5.72,5.51,5.7,22591500,127582079.0,4.1967,2.7027,0,0
2026-01-20,sz.000955,5.7,5.7,5.55,5.58,17139001,95890057.55,3.1838,-2.1053,0,0
2026-01-21,sz.000955,5.54,5.62,5.47,5.6,13035000,72775709.0,2.4215,0.3584,0,0
2026-01-22,sz.000955,5.68,5.78,5.61,5.75,22183860,126354100.6,4.121,2.6786,0,0
2026-01-23,sz.000955,5.73,5.83,5.71,5.82,16234340,94010815.5,3.0158,1.2174,0,0
2026-01-26,sz.000955,5.82,5.89,5.67,5.73,21390100,122805892.0,3.9735,-1.5464,0,0
2026-01-27,sz.000955,5.78,5.82,5.58,5.65,18172890,103193314.4,3.3759,-1.3962,0,0
2026-01-28,sz.000955,5.67,5.72,5.61,5.64,15653430,88646709.8,2.9079,-0.177,0,0
2026-01-29,sz.000955,5.66,5.83,5.63,5.7,20853200,119352343.0,3.8738,1.0638,0,0
2026-01-30,sz.000955,5.67,5.85,5.65,5.74,21561200,123817555.0,4.0053,0.7018,0,0
2026-02-02,sz.000955,5.66,5.74,5.53,5.54,25165100,141702186.0,4.6748,-3.4843,0,0
2026-02-03,sz.000955,5.57,5.68,5.53,5.67,14715500,82575539.0,2.7336,2.3466,0,0
2026-02-04,sz.000955,5.67,5.76,5.61,5.71,14406100,81990682.0,2.6762,0.7055,0,0
2026-02-05,sz.000955,5.68,5.82,5.66,5.74,19054300,109882825.0,3.5396,0.5254,0,0
2026-02-06,sz.000955,5.75,5.88,5.67,5.81,21460230,124226961.2,3.9866,1.2195,0,0
2026-02-09,sz.000955,5.86,5.92,5.82,5.88,15774602,92794657.72,2.9304,1.2048,0,0
2026-02-10,sz.000955,5.87,5.89,5.79,5.8,13776180,80374680.0,2.5591,-1.3605,0,0
2026-02-11,sz.000955,5.8,5.85,5.74,5.78,10205330,59194951.8,1.8958,-0.3448,0,0
2026-02-12,sz.000955,5.77,5.84,5.62,5.63,13808500,78382341.0,2.5651,-2.5952,0,0
2026-02-13,sz.000955,5.65,5.76,5.63,5.69,11373600,64906125.0,2.1128,1.0657,0,0
2026-02-24,sz.000955,5.71,5.77,5.64,5.75,12892200,73895071.99,2.3949,1.0545,0,0
2026-02-25,sz.000955,5.76,5.92,5.75,5.88,14923300,87606983.0,2.7722,2.2609,0,0
2026-02-26,sz.000955,5.86,5.87,5.74,5.78,14678801,84858649.75,2.7268,-1.7007,0,0
2026-02-27,sz.000955,5.78,5.88,5.74,5.87,11960700,69463969.0,2.2219,1.5571,0,0
2026-03-02,sz.000955,5.74,5.79,5.42,5.47,33217300,184091945.0,6.1706,-6.8143,0,0
2026-03-03,sz.000955,5.51,5.6,5.33,5.34,20247872,110740176.48,3.7614,-2.3766,0,0
2026-03-04,sz.000955,5.32,5.41,5.27,5.35,14322900,76501627.0,2.6607,0.1873,0,0
2026-03-05,sz.000955,5.41,5.46,5.35,5.36,10141100,54702779.0,1.8839,0.1869,0,0
2026-03-06,sz.000955,5.32,5.53,5.3,5.52,12244830,66733096.5,2.2747,2.9851,0,0
2026-03-09,sz.000955,5.49,5.54,5.3,5.42,15079000,81374064.0,2.8012,-1.8116,0,0
2026-03-10,sz.000955,5.44,5.52,5.44,5.49,10438929,57191862.63,1.9392,1.2915,0,0
2026-03-11,sz.000955,5.51,5.51,5.34,5.38,13922200,75157487.0,2.5863,-2.0036,0,0
2026-03-12,sz.000955,5.37,5.41,5.3,5.31,11257701,60151553.31,2.0913,-1.3011,0,0
2026-03-13,sz.000955,5.31,5.39,5.25,5.27,11599400,61744953.0,2.1548,-0.7533,0,0
2026-03-16,sz.000955,5.26,5.4,5.23,5.32,11533329,61291017.99,2.1425,0.9488,0,0
2026-03-17,sz.000955,5.34,5.37,5.2,5.2,14614400,77376508.0,2.7149,-2.2556,0,0
2026-03-18,sz.000955,5.21,5.27,5.16,5.26,10025482,52269386.58,1.8624,1.1538,0,0
2026-03-19,sz.000955,5.2,5.22,5.08,5.1,14002800,71980881.0,2.6012,-3.0418,0,0
2026-03-20,sz.000955,5.11,5.13,4.88,4.88,20093489,99763933.41,3.7327,-4.3137,0,0
2026-03-23,sz.000955,4.77,4.87,4.59,4.63,19803023,93776744.26,3.6787,-5.123,0,0
2026-03-24,sz.000955,4.76,4.9,4.62,4.88,23204700,110514537.4,4.3106,5.3996,0,0
2026-03-25,sz.000955,4.93,5.04,4.89,5.03,15508137,77318974.37,2.8809,3.0738,0,0
2026-03-26,sz.000955,5.01,5.09,4.87,4.89,13040193,64531287.84,2.4224,-2.7833,0,0
2026-03-27,sz.000955,4.87,4.97,4.83,4.95,11773920,58066945.58,2.1872,1.227,0,0
2026-03-30,sz.000955,4.93,5.07,4.87,5.04,15080501,75139556.94,2.8014,1.8182,0,0
2026-03-31,sz.000955,5.08,5.09,4.92,4.92,11308829,56564563.68,2.1008,-2.381,0,0
2026-04-01,sz.000955,4.99,5.04,4.92,4.99,11169600,55511664.0,2.0749,1.4228,0,0
2026-04-02,sz.000955,4.96,4.98,4.87,4.89,10147800,49848099.0,1.8851,-2.004,0,0
2026-04-03,sz.000955,4.89,4.9,4.67,4.72,11157700,52878304.0,2.0727,-3.4765,0,0
2026-04-07,sz.000955,4.72,4.92,4.69,4.86,11399000,55122979.0,2.1175,2.9661,0,0
2026-04-08,sz.000955,4.94,5.04,4.94,5.0,12932800,64752314.0,2.4025,2.8807,0,0
2026-04-09,sz.000955,5.0,5.07,4.89,4.91,11076160,54875530.8,2.0576,-1.8,0,0
2026-04-10,sz.000955,4.93,5.02,4.91,4.97,8461800,42121251.0,1.5719,1.222,0,0
2026-04-13,sz.000955,4.94,5.04,4.91,5.02,10077980,50230105.0,1.8721,1.006,0,0
2026-04-14,sz.000955,5.04,5.06,4.95,5.01,9255300,46181352.0,1.7193,-0.1992,0,0
2026-04-15,sz.000955,5.0,5.04,4.89,4.9,8881100,43854516.0,1.6498,-2.1956,0,0
2026-04-16,sz.000955,4.91,5.08,4.86,5.05,13459715,67342619.3,2.5004,3.0612,0,0
2026-04-17,sz.000955,5.1,5.15,4.94,5.03,16884800,84829650.0,3.1366,-0.396,0,0
2026-04-20,sz.000955,5.01,5.16,4.96,5.14,13933700,70917999.0,2.5884,2.1869,0,0
2026-04-21,sz.000955,5.12,5.24,5.1,5.12,17093200,88199948.14,3.1753,-0.3891,0,0
2026-04-22,sz.000955,5.12,5.12,4.98,5.02,11960400,60009169.0,2.2218,-1.9531,0,0
2026-04-23,sz.000955,5.02,5.19,4.95,4.99,12889781,64522978.41,2.3945,-0.5976,0,0
2026-04-24,sz.000955,4.96,5.08,4.88,5.04,11914800,59429854.0,2.2134,1.002,0,0
2026-04-27,sz.000955,5.0,5.16,4.88,5.14,17922500,90067599.0,3.3294,1.9841,0,0
2026-04-28,sz.000955,5.11,5.15,5.04,5.08,9564820,48752558.9,1.7768,-1.1673,0,0
2026-04-29,sz.000955,5.04,5.22,5.04,5.18,13288700,68835949.0,2.4686,1.9685,0,0
2026-04-30,sz.000955,5.21,5.28,5.15,5.2,9562500,49819296.0,1.7764,0.3861,0,0
2026-05-06,sz.000955,5.22,5.26,5.14,5.18,11792127,61235416.59,2.1906,-0.3846,0,0
2026-05-07,sz.000955,5.18,5.21,5.13,5.13,10470700,54106932.0,1.9451,-0.9653,0,0
2026-05-08,sz.000955,5.15,5.25,5.12,5.23,11237400,58603705.0,2.0875,1.9493,0,0
2026-05-11,sz.000955,5.24,5.26,5.1,5.2,15371100,79403071.0,2.8554,-0.5736,0,0
2026-05-12,sz.000955,5.15,5.15,4.68,4.82,39095091,189922681.96,7.2625,-7.3077,0,0
2026-05-13,sz.000955,4.86,5.0,4.79,4.95,23154700,113551667.0,4.3013,2.6971,0,0
2026-05-14,sz.000955,5.0,5.02,4.79,4.8,13284809,64267769.26,2.4679,-3.0303,0,0
2026-05-15,sz.000955,4.8,4.84,4.7,4.72,14317301,68001645.72,2.6597,-1.6667,0,0
2026-05-18,sz.000955,4.77,4.8,4.62,4.78,12536799,59221866.24,2.3289,1.2712,0,0
2026-05-19,sz.000955,4.78,4.81,4.65,4.74,10868000,51343119.0,2.0189,-0.8368,0,0
2026-05-20,sz.000955,4.69,4.72,4.59,4.65,11794800,54667060.0,2.1911,-1.8987,0,0
2026-05-21,sz.000955,4.68,4.72,4.49,4.5,13600600,62886491.0,2.5265,-3.2258,0,0
2026-05-22,sz.000955,4.52,4.61,4.43,4.57,10781800,48739609.0,2.0029,1.5556,0,0
2026-05-25,sz.000955,4.62,4.67,4.42,4.45,10840600,48731376.0,2.0138,-2.6258,0,0
2026-05-26,sz.000955,4.48,4.49,4.32,4.37,11391100,49926345.0,2.1161,-1.7978,0,0
2026-05-27,sz.000955,4.37,4.41,4.21,4.26,11812100,50332007.0,2.1943,-2.5172,0,0
2026-05-28,sz.000955,4.24,4.35,4.18,4.33,12446634,53273049.22,2.3122,1.6432,0,0
2026-05-29,sz.000955,4.33,4.76,4.22,4.27,23831900,103888309.5,4.4271,-1.3857,0,0
2026-06-01,sz.000955,4.28,4.46,4.19,4.45,19038801,83530121.43,3.5368,4.2155,0,0
2026-06-02,sz.000955,4.45,4.48,4.2,4.23,18806700,79959525.0,3.4936,-4.9438,0,0
2026-06-03,sz.000955,4.21,4.25,4.15,4.19,9301229,39072863.43,1.7278,-0.9456,0,0
2026-06-04,sz.000955,4.17,4.21,4.08,4.11,10168170,41962736.4,1.8889,-1.9093,0,0
2026-06-05,sz.000955,4.11,4.25,4.08,4.17,14700420,61423970.8,2.7308,1.4599,0,0
2026-06-08,sz.000955,4.05,4.22,3.98,4.07,14539500,59504182.0,2.7009,-2.3981,0,0
2026-06-09,sz.000955,4.09,4.13,4.0,4.07,9855537,40080907.48,1.8308,0.0,0,0
2026-06-10,sz.000955,4.06,4.1,3.95,4.03,10194912,40816914.88,1.8939,-0.9828,0,0
2026-06-11,sz.000955,4.0,4.04,3.92,3.99,8602000,34090115.0,1.598,-0.9926,0,0
2026-06-12,sz.000955,4.0,4.09,3.93,4.06,11611400,46909118.0,2.157,1.7544,0,0
2026-06-15,sz.000955,4.08,4.18,3.96,4.0,11603630,46847707.4,2.1556,-1.4778,0,0
2026-06-16,sz.000955,3.99,4.26,3.91,4.21,22554130,92476451.9,4.1898,5.25,0,0
2026-06-17,sz.000955,4.16,4.63,4.04,4.63,44736036,194279700.72,8.3104,9.9762,1,0
2026-06-18,sz.000955,4.56,5.08,4.49,4.97,61866636,301708922.52,11.4927,7.3434,0,0
2026-06-22,sz.000955,4.98,5.1,4.76,4.84,28610230,138702803.35,5.3148,-2.6157,0,0
2026-06-23,sz.000955,4.86,5.15,4.86,5.05,32639600,163290531.0,6.0633,4.3388,0,0
2026-06-24,sz.000955,4.99,5.08,4.87,4.98,20229949,100353006.47,3.758,-1.3861,0,0
2026-06-25,sz.000955,4.98,5.02,4.72,4.74,22340289,107511402.6,4.1501,-4.8193,0,0
2026-06-26,sz.000955,4.76,4.76,4.4,4.44,21326500,96644781.0,3.9617,-6.3291,0,0
