date,code,open,high,low,close,volume,amount,turnover,pct_change,is_limit_up,is_limit_down
2019-07-01,sz.000026,7.88,7.94,7.82,7.93,3212396,25364329.5,0.900546,2.0592,0,0
2019-07-02,sz.000026,7.9,7.97,7.89,7.93,2407238,19099681.2,0.674833,0.0,0,0
2019-07-03,sz.000026,7.94,7.94,7.78,7.84,3070571,24065715.09,0.860788,-1.134927,0,0
2019-07-04,sz.000026,7.8,7.88,7.8,7.88,2794550,21950788.5,0.78341,0.510204,0,0
2019-07-05,sz.000026,7.88,7.94,7.77,7.92,3473300,27238275.0,0.973687,0.507614,0,0
2019-07-08,sz.000026,7.9,7.9,7.56,7.61,4379700,33621320.0,1.227782,-3.91414,0,0
2019-07-09,sz.000026,7.61,7.63,7.48,7.59,3598308,27184144.63,1.008731,-0.262812,0,0
2019-07-10,sz.000026,7.55,7.61,7.54,7.56,1663568,12599180.72,0.466356,-0.39526,0,0
2019-07-11,sz.000026,7.57,7.65,7.56,7.63,2753400,20972090.0,0.771874,0.925928,0,0
2019-07-12,sz.000026,7.65,7.69,7.62,7.67,2084454,15979625.76,0.584345,0.524246,0,0
2019-07-15,sz.000026,7.68,7.73,7.56,7.69,2192501,16803995.87,0.614634,0.260756,0,0
2019-07-16,sz.000026,7.68,7.84,7.66,7.75,4101581,31851915.61,1.149816,0.780233,0,0
2019-07-17,sz.000026,7.75,7.76,7.67,7.68,2589544,19957517.12,0.725939,-0.903228,0,0
2019-07-18,sz.000026,7.68,7.68,7.58,7.62,1869001,14238845.58,0.523946,-0.781249,0,0
2019-07-19,sz.000026,7.63,7.73,7.61,7.69,2100975,16122111.73,0.588976,0.918637,0,0
2019-07-22,sz.000026,7.69,7.69,7.46,7.53,2916967,21972072.52,0.817727,-2.080622,0,0
2019-07-23,sz.000026,7.57,7.57,7.49,7.53,1966723,14787295.27,0.551341,0.0,0,0
2019-07-24,sz.000026,7.54,7.63,7.54,7.58,2048124,15540149.68,0.57416,0.664007,0,0
2019-07-25,sz.000026,7.58,7.62,7.55,7.6,1534123,11634528.97,0.430068,0.263852,0,0
2019-07-26,sz.000026,7.56,7.59,7.52,7.58,1450643,10959612.41,0.4067,-0.2632,0,0
2019-07-29,sz.000026,7.53,7.57,7.45,7.49,2712180,20340024.8,0.760318,-1.187337,0,0
2019-07-30,sz.000026,7.5,7.54,7.48,7.49,2480664,18612872.82,0.6954,0.0,0,0
2019-07-31,sz.000026,7.47,7.49,7.37,7.38,2900130,21482282.32,0.813,-1.4686,0,0
2019-08-01,sz.000026,7.35,7.42,7.31,7.42,2655290,19539369.68,0.7444,0.542,0,0
2019-08-02,sz.000026,7.29,7.31,7.2,7.22,3190830,23138968.5,0.8945,-2.6954,0,0
2019-08-05,sz.000026,7.21,7.22,6.98,7.03,3288100,23386440.0,0.9218,-2.6316,0,0
2019-08-06,sz.000026,6.98,7.14,6.93,7.0,3963526,27759086.22,1.1111,-0.4267,0,0
2019-08-07,sz.000026,7.04,7.11,6.98,6.99,2033700,14266521.0,0.5701,-0.1429,0,0
2019-08-08,sz.000026,7.02,7.06,7.0,7.02,1554617,10935988.17,0.4358,0.4292,0,0
2019-08-09,sz.000026,7.03,7.08,6.93,6.99,2458046,17228880.4,0.6891,-0.4274,0,0
2019-08-12,sz.000026,6.79,6.9,6.74,6.9,2508534,17101635.24,0.7032,1.62,0,0
2019-08-13,sz.000026,6.86,7.01,6.84,6.98,3481873,24207520.96,0.9761,1.1594,0,0
2019-08-14,sz.000026,7.03,7.04,6.95,6.96,1648170,11526962.77,0.462,-0.2865,0,0
2019-08-15,sz.000026,6.89,7.08,6.82,7.06,2751201,19257541.97,0.7713,1.4368,0,0
2019-08-16,sz.000026,7.02,7.33,7.02,7.19,4281135,30910264.14,1.2002,1.8414,0,0
2019-08-19,sz.000026,7.42,7.67,7.36,7.54,10801300,80909608.0,3.028,4.8679,0,0
2019-08-20,sz.000026,7.53,7.57,7.43,7.51,5897699,44236023.53,1.6533,-0.3979,0,0
2019-08-21,sz.000026,7.47,8.26,7.45,7.89,14806333,116834015.33,4.1507,5.0599,0,0
2019-08-22,sz.000026,7.93,8.16,7.74,7.98,9122597,72434409.05,2.5574,1.1407,0,0
2019-08-23,sz.000026,7.88,8.02,7.74,7.8,5400339,42427306.18,1.5139,-2.2556,0,0
2019-08-26,sz.000026,7.55,7.95,7.51,7.94,6835822,53102458.32,1.9163,1.7949,0,0
2019-08-27,sz.000026,7.88,8.24,7.88,7.99,7306470,58786292.5,2.0483,0.6297,0,0
2019-08-28,sz.000026,7.99,8.06,7.84,7.92,3857803,30645208.49,1.0815,-0.8761,0,0
2019-08-29,sz.000026,8.0,8.02,7.86,7.87,3191600,25286569.0,0.8947,-0.6313,0,0
2019-08-30,sz.000026,7.91,8.07,7.67,7.86,4853664,38325744.02,1.3607,-0.1271,0,0
2019-09-02,sz.000026,7.86,8.1,7.8,8.04,6345549,50721560.37,1.7789,2.2901,0,0
2019-09-03,sz.000026,8.01,8.28,8.0,8.18,8613365,70347696.61,2.4146,1.7413,0,0
2019-09-04,sz.000026,8.2,8.47,8.11,8.3,9094454,75193157.78,2.5495,1.467,0,0
2019-09-05,sz.000026,8.27,8.37,8.16,8.18,7821084,64646242.24,2.1925,-1.4458,0,0
2019-09-06,sz.000026,8.2,8.23,8.06,8.1,3817801,31029961.86,1.0703,-0.978,0,0
2019-09-09,sz.000026,8.19,8.33,8.1,8.31,4980359,41006143.08,1.3962,2.5926,0,0
2019-09-10,sz.000026,8.3,8.3,8.1,8.14,3173091,25942993.97,0.8895,-2.0457,0,0
2019-09-11,sz.000026,8.2,8.22,8.11,8.13,2175400,17769805.0,0.6098,-0.1229,0,0
2019-09-12,sz.000026,8.13,8.17,8.02,8.14,2324000,18851461.0,0.6515,0.123,0,0
2019-09-16,sz.000026,8.16,8.18,7.98,8.03,3050600,24660954.0,0.8552,-1.3514,0,0
2019-09-17,sz.000026,8.01,8.04,7.79,7.82,3258701,25676689.86,0.9135,-2.6152,0,0
2019-09-18,sz.000026,7.8,7.87,7.79,7.84,1469500,11500483.0,0.412,0.2558,0,0
2019-09-19,sz.000026,7.84,7.88,7.77,7.87,1750700,13687803.0,0.4908,0.3826,0,0
2019-09-20,sz.000026,7.8,7.94,7.8,7.86,1415900,11161842.0,0.3969,-0.1271,0,0
2019-09-23,sz.000026,7.82,7.86,7.64,7.73,2959426,22794232.64,0.8296,-1.6539,0,0
2019-09-24,sz.000026,7.74,7.85,7.68,7.77,2585674,20088451.56,0.7249,0.5175,0,0
2019-09-25,sz.000026,7.73,7.84,7.67,7.78,2267201,17561377.69,0.6356,0.1287,0,0
2019-09-26,sz.000026,7.74,7.79,7.46,7.51,2847583,21638853.79,0.7983,-3.4704,0,0
2019-09-27,sz.000026,7.55,8.0,7.5,7.87,5812630,45523382.2,1.6295,4.7936,0,0
2019-09-30,sz.000026,7.84,7.96,7.71,7.72,2634040,20585547.8,0.7384,-1.906,0,0
2019-10-08,sz.000026,8.28,8.29,7.9,7.93,9521372,76843432.58,2.6692,2.7202,0,0
2019-10-09,sz.000026,7.86,8.28,7.8,8.26,9988323,81228279.33,2.8001,4.1614,0,0
2019-10-10,sz.000026,8.18,8.21,8.1,8.19,5705634,46517187.43,1.5995,-0.8475,0,0
2019-10-11,sz.000026,8.19,8.23,8.07,8.09,3747200,30436032.0,1.0505,-1.221,0,0
2019-10-14,sz.000026,8.1,8.2,8.1,8.11,3861640,31476529.4,1.0826,0.2472,0,0
2019-10-15,sz.000026,8.11,8.15,7.96,8.08,3139473,25260918.28,0.8801,-0.3699,0,0
2019-10-16,sz.000026,8.08,8.11,7.95,7.97,2243933,17984004.01,0.6291,-1.3614,0,0
2019-10-17,sz.000026,7.97,7.99,7.76,7.84,2930850,23022446.92,0.8216,-1.6311,0,0
2019-10-18,sz.000026,7.87,7.98,7.73,7.79,3218844,25331776.2,0.9024,-0.6378,0,0
2019-10-21,sz.000026,7.77,7.97,7.73,7.94,2489640,19636727.2,0.6979,1.9255,0,0
2019-10-22,sz.000026,7.94,8.21,7.94,8.19,5442807,44301776.71,1.5258,3.1486,0,0
2019-10-23,sz.000026,8.18,8.23,8.08,8.12,3347900,27310213.0,0.9385,-0.8547,0,0
2019-10-24,sz.000026,8.09,8.22,8.07,8.12,3131083,25488832.37,0.8778,0.0,0,0
2019-10-25,sz.000026,8.14,8.18,8.01,8.12,3626700,29372818.0,1.0167,0.0,0,0
2019-10-28,sz.000026,8.11,8.16,7.97,8.07,7544641,60566779.8,2.115,-0.6158,0,0
2019-10-29,sz.000026,8.07,8.12,7.98,8.01,3612882,29082281.32,1.0128,-0.7435,0,0
2019-10-30,sz.000026,8.0,8.03,7.8,7.89,3016190,23779134.89,0.8455,-1.4981,0,0
2019-10-31,sz.000026,7.89,7.93,7.83,7.86,2030000,15989288.0,0.5691,-0.3802,0,0
2019-11-01,sz.000026,7.88,7.93,7.77,7.89,1759000,13855105.0,0.4931,0.3817,0,0
2019-11-04,sz.000026,7.89,8.08,7.86,8.06,3934936,31478094.43,1.1031,2.1546,0,0
2019-11-05,sz.000026,8.08,8.11,7.95,8.01,2308535,18566360.02,0.6472,-0.6203,0,0
2019-11-06,sz.000026,8.02,8.23,8.02,8.1,5359583,43643159.94,1.5025,1.1236,0,0
2019-11-07,sz.000026,8.14,8.25,8.06,8.18,3782784,30855050.88,1.0604,0.9877,0,0
2019-11-08,sz.000026,8.22,8.25,8.05,8.06,3088399,25127316.98,0.8658,-1.467,0,0
2019-11-11,sz.000026,8.05,8.05,7.83,7.91,3164830,25035558.6,0.8872,-1.861,0,0
2019-11-12,sz.000026,7.88,8.7,7.8,8.58,18591232,156518128.28,5.2118,8.4703,0,0
2019-11-13,sz.000026,8.38,8.44,8.23,8.37,15506737,129233791.05,4.3471,-2.4476,0,0
2019-11-14,sz.000026,8.29,8.68,8.15,8.6,15110876,127197870.35,4.2361,2.7479,0,0
2019-11-15,sz.000026,8.64,9.17,8.45,8.5,21800735,192190026.41,6.1115,-1.1628,0,0
2019-11-18,sz.000026,8.33,9.12,8.33,8.99,19780120,174338337.49,5.5451,5.7647,0,0
2019-11-19,sz.000026,8.88,8.98,8.75,8.9,13496034,119420865.86,3.7834,-1.0011,0,0
2019-11-20,sz.000026,8.88,8.88,8.64,8.72,9019401,78950138.17,2.5285,-2.0225,0,0
2019-11-21,sz.000026,8.6,8.69,8.52,8.64,5865458,50489332.14,1.6443,-0.9174,0,0
2019-11-22,sz.000026,8.64,8.84,8.38,8.38,8528226,73369764.0,2.3908,-3.0093,0,0
2019-11-25,sz.000026,8.36,8.47,8.26,8.42,4622500,38661356.0,1.2958,0.4773,0,0
2019-11-26,sz.000026,8.4,8.45,8.22,8.27,4454538,36988281.02,1.2488,-1.7815,0,0
2019-11-27,sz.000026,8.25,8.34,8.15,8.31,3728901,30803261.19,1.0453,0.4837,0,0
2019-11-28,sz.000026,8.31,8.33,8.16,8.26,3442681,28402468.82,0.9651,-0.6017,0,0
2019-11-29,sz.000026,8.25,8.47,8.2,8.44,5041015,42215842.54,1.4132,2.1792,0,0
2019-12-02,sz.000026,8.45,8.46,8.3,8.37,3798207,31739743.38,1.0648,-0.8294,0,0
2019-12-03,sz.000026,8.38,8.38,8.22,8.34,3172181,26295949.25,0.8893,-0.3584,0,0
2019-12-04,sz.000026,8.3,8.3,8.18,8.21,3567150,29330493.35,1.0,-1.5588,0,0
2019-12-05,sz.000026,8.22,8.32,8.21,8.3,3580882,29575272.55,1.0038,1.0962,0,0
2019-12-06,sz.000026,8.31,9.13,8.29,9.13,31661737,283694197.38,8.8759,10.0,1,0
2019-12-09,sz.000026,9.33,9.5,9.02,9.12,29717945,274878486.33,8.331,-0.1095,0,0
2019-12-10,sz.000026,9.14,9.89,9.03,9.57,31488476,298667727.67,8.8273,4.9342,0,0
2019-12-11,sz.000026,9.53,9.7,9.26,9.27,17597600,166096914.47,4.9332,-3.1348,0,0
2019-12-12,sz.000026,9.34,9.39,9.1,9.16,13094913,120860111.64,3.671,-1.1866,0,0
2019-12-13,sz.000026,9.22,9.42,9.14,9.4,15951334,148322081.28,4.4717,2.6201,0,0
2019-12-16,sz.000026,9.66,10.34,9.66,10.34,19531730,197305359.02,5.4754,10.0,1,0
2019-12-17,sz.000026,11.3,11.37,11.02,11.37,13065221,147392339.0,3.6626,9.9613,1,0
2019-12-18,sz.000026,12.51,12.51,12.12,12.51,33810379,422718844.05,9.4782,10.0264,1,0
2019-12-19,sz.000026,12.78,13.7,12.24,12.66,70139291,905103223.88,19.6625,1.199,0,0
2019-12-20,sz.000026,12.71,13.93,12.71,13.93,75744046,1025554045.14,21.2337,10.0316,1,0
2019-12-23,sz.000026,13.07,13.07,12.54,12.54,10492500,133856947.3,2.9414,-9.9785,0,1
2019-12-24,sz.000026,11.35,11.76,11.29,11.67,59659349,684758079.66,16.7246,-6.9378,0,0
2019-12-25,sz.000026,11.46,12.09,11.16,11.91,46777369,543098311.23,13.1133,2.0566,0,0
2019-12-26,sz.000026,11.77,11.78,11.23,11.46,34142134,393090199.38,9.5712,-3.7783,0,0
2019-12-27,sz.000026,11.5,11.97,11.2,11.2,37094858,428414323.43,10.399,-2.2688,0,0
2019-12-30,sz.000026,10.88,11.0,10.22,10.9,33957780,361838969.93,9.5195,-2.6786,0,0
2019-12-31,sz.000026,10.84,11.2,10.71,11.09,22476335,247176073.72,6.3009,1.7431,0,0
2020-01-02,sz.000026,11.26,11.52,11.02,11.31,27176156,306711280.59,7.6184,1.9838,0,0
2020-01-03,sz.000026,11.3,11.46,11.06,11.19,23559363,265656000.28,6.6045,-1.061,0,0
2020-01-06,sz.000026,11.17,11.55,10.99,11.5,25013244,282990690.63,7.0121,2.7703,0,0
2020-01-07,sz.000026,11.42,11.66,11.22,11.46,23426056,265608280.27,6.5671,-0.3478,0,0
2020-01-08,sz.000026,11.26,11.35,10.6,10.81,23712731,261718734.99,6.6475,-5.6719,0,0
2020-01-09,sz.000026,11.02,11.1,10.85,10.98,12360407,135303773.52,3.4651,1.5726,0,0
2020-01-10,sz.000026,11.03,12.03,10.9,11.44,33292301,383859871.99,9.333,4.1894,0,0
2020-01-13,sz.000026,11.42,12.48,11.3,12.16,33594059,401381342.55,9.4182,6.2937,0,0
2020-01-14,sz.000026,12.05,12.08,11.73,11.79,23176352,274578662.41,6.4976,-3.0428,0,0
2020-01-15,sz.000026,11.75,11.87,11.34,11.71,18205943,210567998.49,5.1041,-0.6785,0,0
2020-01-16,sz.000026,11.6,12.06,11.43,12.03,22655300,267498956.66,6.3515,2.7327,0,0
2020-01-17,sz.000026,11.91,11.96,11.58,11.6,14387672,169214112.44,4.0336,-3.5744,0,0
2020-01-20,sz.000026,11.37,11.53,11.3,11.45,11537132,131848508.31,3.2345,-1.2931,0,0
2020-01-21,sz.000026,11.42,11.47,10.85,10.91,16015540,177649539.4,4.49,-4.7162,0,0
2020-01-22,sz.000026,10.89,11.13,10.63,10.97,10351508,113203739.48,2.9021,0.55,0,0
2020-01-23,sz.000026,10.96,10.96,10.12,10.3,14988714,157168430.23,4.2021,-6.1076,0,0
2020-02-03,sz.000026,9.27,9.27,9.27,9.27,1259200,11672784.0,0.353,-10.0,0,1
2020-02-04,sz.000026,8.35,9.17,8.35,8.93,15004653,132814748.34,4.2066,-3.6677,0,0
2020-02-05,sz.000026,9.01,9.35,8.88,9.12,12849100,117442201.0,3.6023,2.1277,0,0
2020-02-06,sz.000026,9.14,9.45,9.02,9.35,12253768,113864866.47,3.4354,2.5219,0,0
2020-02-07,sz.000026,9.37,9.55,9.08,9.46,14576310,136205395.4,4.0865,1.1765,0,0
2020-02-10,sz.000026,9.38,9.74,9.3,9.69,14017261,133931548.2,3.9298,2.4313,0,0
2020-02-11,sz.000026,9.67,10.07,9.49,9.75,16670701,162312951.97,4.6737,0.6192,0,0
2020-02-12,sz.000026,9.59,9.79,9.53,9.71,12625400,122058668.0,3.5396,-0.4103,0,0
2020-02-13,sz.000026,9.6,9.65,9.25,9.36,14991463,141599108.66,4.2029,-3.6045,0,0
2020-02-14,sz.000026,9.42,9.55,9.27,9.39,8358363,78686983.35,2.3433,0.3205,0,0
2020-02-17,sz.000026,9.38,9.93,9.37,9.88,17983270,174967626.92,5.0417,5.2183,0,0
2020-02-18,sz.000026,9.98,10.26,9.83,10.17,19648498,197241576.37,5.5085,2.9352,0,0
2020-02-19,sz.000026,10.16,10.28,9.95,10.0,16280214,164813098.78,4.5642,-1.6716,0,0
2020-02-20,sz.000026,10.05,10.43,10.0,10.37,19307310,197924238.3,5.4129,3.7,0,0
2020-02-21,sz.000026,10.41,10.6,10.22,10.54,18849921,196506660.03,5.2846,1.6393,0,0
2020-02-24,sz.000026,10.46,10.48,10.2,10.34,15065041,155373274.03,4.2235,-1.8975,0,0
2020-02-25,sz.000026,9.99,10.2,9.64,10.12,15818434,158261861.24,4.4348,-2.1277,0,0
2020-02-26,sz.000026,10.1,10.37,9.86,9.91,13454800,136210577.0,3.7721,-2.0751,0,0
2020-02-27,sz.000026,9.87,10.09,9.74,9.84,8604800,85158915.0,2.4124,-0.7064,0,0
2020-02-28,sz.000026,9.37,9.54,8.94,8.99,12627300,116701820.98,3.5401,-8.6382,0,0
2020-03-02,sz.000026,9.06,9.43,9.0,9.35,9174064,84661284.1,2.572,4.0045,0,0
2020-03-03,sz.000026,9.46,9.67,9.32,9.4,9055782,85987237.01,2.5388,0.5348,0,0
2020-03-04,sz.000026,9.38,9.63,9.26,9.56,6971725,66079898.71,1.9545,1.7021,0,0
2020-03-05,sz.000026,9.65,9.8,9.57,9.79,9804985,95114448.59,2.7489,2.4059,0,0
2020-03-06,sz.000026,9.67,10.03,9.61,9.84,11601086,113638412.01,3.2524,0.5107,0,0
2020-03-09,sz.000026,9.62,9.7,9.26,9.26,9766801,92129981.33,2.7382,-5.8943,0,0
2020-03-10,sz.000026,9.1,9.52,8.96,9.51,9319454,86458255.48,2.6127,2.6998,0,0
2020-03-11,sz.000026,9.58,9.61,9.36,9.51,8932415,84653989.91,2.5042,0.0,0,0
2020-03-12,sz.000026,9.38,9.45,9.14,9.18,6669586,61614554.07,1.8698,-3.47,0,0
2020-03-13,sz.000026,8.81,9.09,8.7,8.9,8692636,77046191.41,2.437,-3.0501,0,0
2020-03-16,sz.000026,9.0,9.13,8.51,8.51,9449206,83655214.05,2.6491,-4.382,0,0
2020-03-17,sz.000026,8.6,8.74,8.3,8.68,6732166,57280421.14,1.8874,1.9977,0,0
2020-03-18,sz.000026,8.72,8.84,8.53,8.57,6023500,52309913.56,1.6887,-1.2673,0,0
2020-03-19,sz.000026,8.55,8.9,8.54,8.89,6497268,56547905.52,1.8215,3.734,0,0
2020-03-20,sz.000026,8.88,9.01,8.72,9.0,6812863,60704793.7,1.91,1.2373,0,0
2020-03-23,sz.000026,8.86,8.86,8.58,8.63,6041000,52689099.0,1.6936,-4.1111,0,0
2020-03-24,sz.000026,8.79,8.8,8.45,8.75,4887820,42355382.2,1.3703,1.3905,0,0
2020-03-25,sz.000026,8.86,8.96,8.8,8.89,5715500,50720787.6,1.6024,1.6,0,0
2020-03-26,sz.000026,8.85,8.97,8.73,8.9,5394187,47842636.23,1.5123,0.1125,0,0
2020-03-27,sz.000026,8.95,9.16,8.83,8.86,6300600,56715589.14,1.7664,-0.4494,0,0
2020-03-30,sz.000026,8.79,8.79,8.46,8.52,4876555,41848376.6,1.3672,-3.8375,0,0
2020-03-31,sz.000026,8.61,8.66,8.47,8.49,3463000,29566896.0,0.9709,-0.3521,0,0
2020-04-01,sz.000026,8.49,8.75,8.46,8.51,4700900,40395520.0,1.3179,0.2356,0,0
2020-04-02,sz.000026,8.46,8.66,8.45,8.63,3801955,32508665.6,1.0659,1.4101,0,0
2020-04-03,sz.000026,8.64,8.66,8.47,8.59,3591055,30786065.8,1.0068,-0.4635,0,0
2020-04-07,sz.000026,8.72,8.87,8.68,8.85,5792656,50887963.38,1.624,3.0268,0,0
2020-04-08,sz.000026,8.77,9.23,8.72,9.11,9214250,82978070.55,2.5832,2.9378,0,0
2020-04-09,sz.000026,9.11,9.46,9.05,9.29,10773315,99999267.25,3.0203,1.9759,0,0
2020-04-10,sz.000026,9.0,9.04,8.5,8.7,13397480,117965141.92,3.756,-6.3509,0,0
2020-04-13,sz.000026,8.66,8.86,8.53,8.77,7376941,63884601.16,2.0682,0.8046,0,0
2020-04-14,sz.000026,8.73,8.86,8.68,8.83,4160697,36459415.56,1.1665,0.6841,0,0
2020-04-15,sz.000026,8.79,8.79,8.55,8.58,4895010,42293166.4,1.3723,-2.8313,0,0
2020-04-16,sz.000026,8.55,8.63,8.53,8.59,2993600,25721008.0,0.8393,0.1166,0,0
2020-04-17,sz.000026,8.62,8.72,8.55,8.59,4073500,35116323.0,1.142,0.0,0,0
2020-04-20,sz.000026,8.57,8.7,8.53,8.66,2272700,19596090.0,0.6372,0.8149,0,0
2020-04-21,sz.000026,8.62,8.66,8.54,8.63,2518633,21625076.34,0.7061,-0.3464,0,0
2020-04-22,sz.000026,8.54,8.72,8.53,8.65,2394500,20699186.0,0.6713,0.2317,0,0
2020-04-23,sz.000026,8.61,8.85,8.6,8.75,5702048,49948712.5,1.5986,1.1561,0,0
2020-04-24,sz.000026,8.75,9.04,8.75,8.94,8276700,73738811.0,2.3204,2.1714,0,0
2020-04-27,sz.000026,8.92,8.92,8.78,8.91,3370400,29792248.0,0.9449,-0.3356,0,0
2020-04-28,sz.000026,8.85,8.88,8.32,8.54,4485600,38612821.19,1.2576,-4.1526,0,0
2020-04-29,sz.000026,8.49,8.64,8.27,8.31,3822800,32234947.0,1.0717,-2.6932,0,0
2020-04-30,sz.000026,8.32,8.45,8.14,8.41,6143600,50787836.2,1.7224,1.2034,0,0
2020-05-06,sz.000026,8.34,8.38,8.22,8.36,3334500,27682644.0,0.9348,-0.5945,0,0
2020-05-07,sz.000026,8.36,8.42,8.31,8.35,2236500,18710143.0,0.627,-0.1196,0,0
2020-05-08,sz.000026,8.39,8.48,8.33,8.39,3437825,28909157.3,0.9638,0.479,0,0
2020-05-11,sz.000026,8.39,8.59,8.39,8.43,3557698,30087793.61,0.9974,0.4768,0,0
2020-05-12,sz.000026,8.43,8.5,8.23,8.28,2750800,22934667.0,0.7712,-1.7794,0,0
2020-05-13,sz.000026,8.28,8.3,8.0,8.15,4821828,39072730.96,1.3517,-1.57,0,0
2020-05-14,sz.000026,8.15,8.97,8.1,8.97,20014674,176002743.01,5.6108,10.0614,1,0
2020-05-15,sz.000026,9.0,9.55,8.89,9.14,23108918,213634523.85,6.4782,1.8952,0,0
2020-05-18,sz.000026,9.09,9.35,9.04,9.12,13728928,125899392.12,3.8487,-0.2188,0,0
2020-05-19,sz.000026,9.17,9.24,9.0,9.15,8912500,81361073.71,2.4985,0.3289,0,0
2020-05-20,sz.000026,9.5,9.75,9.16,9.21,17187800,161696712.45,4.8183,0.6557,0,0
2020-05-21,sz.000026,9.11,9.19,8.87,9.05,12707128,114615731.16,3.5622,-1.7372,0,0
2020-05-22,sz.000026,9.05,9.06,8.4,8.43,10241200,88054893.0,2.871,-6.8508,0,0
2020-05-25,sz.000026,8.39,8.39,8.17,8.35,5669980,46765845.6,1.5895,-0.949,0,0
2020-05-26,sz.000026,8.32,8.51,8.29,8.46,3903328,32798896.1,1.0942,1.3174,0,0
2020-05-27,sz.000026,8.46,8.5,8.31,8.38,4070029,34172914.99,1.141,-0.9456,0,0
2020-05-28,sz.000026,8.37,8.44,8.21,8.3,3430980,28508642.79,0.9618,-0.9547,0,0
2020-05-29,sz.000026,8.26,8.45,8.22,8.36,3365800,28107504.0,0.9436,0.7229,0,0
2020-06-01,sz.000026,8.4,8.73,8.4,8.68,4976640,42640398.8,1.3951,3.8278,0,0
2020-06-02,sz.000026,8.72,8.86,8.64,8.78,4812102,42247895.14,1.349,1.1521,0,0
2020-06-03,sz.000026,8.79,8.95,8.63,8.84,6065096,53372756.06,1.7003,0.6834,0,0
2020-06-04,sz.000026,8.88,9.07,8.77,8.89,5243396,46759994.49,1.4699,0.5656,0,0
2020-06-05,sz.000026,8.85,8.91,8.7,8.76,3270140,28764837.8,0.9167,-1.4623,0,0
2020-06-08,sz.000026,8.88,8.88,8.73,8.76,2948700,25925028.0,0.8266,0.0,0,0
2020-06-09,sz.000026,8.76,8.8,8.66,8.79,2487401,21720235.92,0.6973,0.3425,0,0
2020-06-10,sz.000026,8.77,8.79,8.65,8.68,1716335,14954851.45,0.4811,-1.2514,0,0
2020-06-11,sz.000026,8.71,8.83,8.6,8.8,3654800,31813905.98,1.0246,1.3825,0,0
2020-06-12,sz.000026,8.69,8.77,8.62,8.73,2591600,22533809.0,0.7265,-0.7955,0,0
2020-06-15,sz.000026,8.73,9.04,8.68,8.88,4681401,41742704.87,1.3124,1.7182,0,0
2020-06-16,sz.000026,8.87,9.2,8.86,9.17,6198535,56300426.6,1.7377,3.2658,0,0
2020-06-17,sz.000026,9.17,9.3,9.09,9.15,4945222,45377583.29,1.3863,-0.2181,0,0
2020-06-18,sz.000026,9.15,9.29,8.97,9.14,5527477,50204668.77,1.5495,-0.1093,0,0
2020-06-19,sz.000026,9.09,9.12,9.0,9.08,3599700,32615438.99,1.0091,-0.6565,0,0
2020-06-22,sz.000026,9.15,9.17,9.0,9.05,2952500,26799593.0,0.8277,-0.3304,0,0
2020-06-23,sz.000026,9.05,9.08,9.0,9.03,2360335,21318449.7,0.6617,-0.221,0,0
2020-06-24,sz.000026,9.03,9.04,8.87,8.92,3019002,26942510.82,0.8463,-1.2182,0,0
2020-06-29,sz.000026,8.89,8.92,8.69,8.77,3061000,26795701.0,0.8581,-1.6816,0,0
2020-06-30,sz.000026,8.78,8.96,8.76,8.93,3372700,29849710.0,0.9455,1.8244,0,0
2020-07-01,sz.000026,8.7,8.81,8.65,8.78,3866936,33801770.37,1.084,0.5727,0,0
2020-07-02,sz.000026,8.79,8.96,8.79,8.92,5052563,44757066.21,1.4164,1.5945,0,0
2020-07-03,sz.000026,8.88,9.15,8.88,9.08,7131797,64295723.61,1.9993,1.7937,0,0
2020-07-06,sz.000026,9.24,9.97,9.24,9.81,12853258,124197316.93,3.6032,8.0397,0,0
2020-07-07,sz.000026,9.8,10.17,9.73,9.91,12189504,121113667.82,3.4171,1.0194,0,0
2020-07-08,sz.000026,9.8,10.82,9.8,10.55,16843808,176064722.1,4.7219,6.4581,0,0
2020-07-09,sz.000026,10.53,10.71,10.0,10.32,15179788,157618955.57,4.2554,-2.1801,0,0
2020-07-10,sz.000026,10.32,11.35,10.3,11.35,23591863,263013933.51,6.6136,9.9806,1,0
2020-07-13,sz.000026,12.49,12.49,12.49,12.49,2171601,27123296.49,0.6088,10.044,1,0
2020-07-14,sz.000026,13.5,13.59,12.0,12.82,58477798,748667178.54,16.3934,2.6421,0,0
2020-07-15,sz.000026,12.75,14.1,12.61,13.0,36517314,485551241.61,10.2371,1.4041,0,0
2020-07-16,sz.000026,12.64,12.97,11.7,11.7,30171643,361565668.85,8.4582,-10.0,0,1
2020-07-17,sz.000026,11.46,12.29,11.22,12.15,19489241,228655218.49,5.4635,3.8462,0,0
2020-07-20,sz.000026,12.14,13.37,12.06,13.15,20904504,266436901.88,5.8603,8.2305,0,0
2020-07-21,sz.000026,13.28,13.9,12.71,13.36,22021034,293867040.06,6.1733,1.597,0,0
2020-07-22,sz.000026,13.35,14.58,13.0,14.36,21818340,303533529.41,6.1164,7.485,0,0
2020-07-23,sz.000026,14.0,15.0,13.55,14.35,16085182,227409353.28,4.5092,-0.0696,0,0
2020-07-24,sz.000026,14.78,15.7,14.18,14.2,25389128,375775081.34,7.1175,-1.0453,0,0
2020-07-27,sz.000026,14.92,15.5,14.45,15.15,17932716,268035049.97,5.0272,6.6901,0,0
2020-07-28,sz.000026,15.4,15.56,14.68,15.03,14889246,225294688.88,4.174,-0.7921,0,0
2020-07-29,sz.000026,14.75,15.39,14.62,15.28,12507112,188418644.59,3.5062,1.6633,0,0
2020-07-30,sz.000026,15.92,16.81,15.5,16.81,20489555,334664084.13,5.7439,10.0131,1,0
2020-07-31,sz.000026,17.0,18.49,16.85,18.49,18528136,329384191.86,5.1941,9.9941,1,0
2020-08-03,sz.000026,19.1,19.58,17.91,18.56,24801825,462017381.66,6.9528,0.3786,0,0
2020-08-04,sz.000026,18.17,18.48,17.18,17.44,23516800,417582529.52,6.5926,-6.0345,0,0
2020-08-05,sz.000026,17.55,18.38,17.18,18.18,14375771,257231341.74,4.03,4.2431,0,0
2020-08-06,sz.000026,18.22,18.29,17.3,17.62,11273790,199165822.28,3.1604,-3.0803,0,0
2020-08-07,sz.000026,17.61,17.76,16.96,17.5,10172097,176021632.04,2.8516,-0.681,0,0
2020-08-10,sz.000026,17.58,18.55,17.11,17.48,12880059,228612945.87,3.6107,-0.1143,0,0
2020-08-11,sz.000026,17.5,17.69,16.4,16.42,17048486,290021365.65,4.7793,-6.0641,0,0
2020-08-12,sz.000026,16.53,16.99,15.68,16.45,15459447,249795560.4,4.3338,0.1827,0,0
2020-08-13,sz.000026,16.25,16.53,16.02,16.21,8840934,143944701.06,2.4784,-1.459,0,0
2020-08-14,sz.000026,16.55,16.6,15.78,16.4,10818553,176434940.81,3.0328,1.1721,0,0
2020-08-17,sz.000026,16.2,17.56,16.12,16.48,14255800,240153832.75,3.9964,0.4878,0,0
2020-08-18,sz.000026,16.48,16.76,15.87,16.2,11321516,183673129.98,3.1738,-1.699,0,0
2020-08-19,sz.000026,16.11,16.49,15.61,15.84,8240873,132526268.3,2.3102,-2.2222,0,0
2020-08-20,sz.000026,15.8,15.88,15.0,15.29,10332098,159549243.4,2.8964,-3.4722,0,0
2020-08-21,sz.000026,15.3,16.18,15.3,15.78,12957695,203837738.09,3.6325,3.2047,0,0
2020-08-24,sz.000026,15.9,17.3,15.72,16.83,15928286,264201340.95,4.4653,6.654,0,0
2020-08-25,sz.000026,16.91,17.14,16.43,16.51,11148640,185592319.87,3.1254,-1.9014,0,0
2020-08-26,sz.000026,16.5,17.26,16.0,16.22,11148369,185530200.86,3.1253,-1.7565,0,0
2020-08-27,sz.000026,16.22,16.64,15.8,15.95,6768601,108922869.21,1.8975,-1.6646,0,0
2020-08-28,sz.000026,15.9,16.25,15.6,16.14,6373901,101451194.9,1.7868,1.1912,0,0
2020-08-31,sz.000026,16.23,16.85,16.16,16.44,7448500,122738323.0,2.0881,1.8587,0,0
2020-09-01,sz.000026,16.35,16.98,16.18,16.58,6777110,111931813.8,1.8999,0.8516,0,0
2020-09-02,sz.000026,16.75,17.48,16.5,17.25,13416395,229301020.35,3.7611,4.041,0,0
2020-09-03,sz.000026,17.49,18.98,17.19,18.98,25211996,466518298.04,7.0678,10.029,1,0
2020-09-04,sz.000026,18.67,19.41,17.6,19.11,22992313,421474998.63,6.4455,0.6849,0,0
2020-09-07,sz.000026,18.86,19.15,17.97,18.05,13480809,249295252.77,3.7791,-5.5468,0,0
2020-09-08,sz.000026,17.8,17.92,16.85,17.3,13359242,230856005.77,3.7451,-4.1551,0,0
2020-09-09,sz.000026,16.99,17.03,16.26,16.4,9268044,153866039.4,2.5982,-5.2023,0,0
2020-09-10,sz.000026,16.46,16.87,16.0,16.1,5138440,85116351.0,1.4405,-1.8293,0,0
2020-09-11,sz.000026,16.38,17.47,16.1,17.47,9505761,161252730.34,2.6648,8.5093,0,0
2020-09-14,sz.000026,17.46,17.55,16.63,17.0,6011640,101975723.78,1.6853,-2.6903,0,0
2020-09-15,sz.000026,17.28,17.96,16.5,17.6,8201203,144260592.48,2.2991,3.5294,0,0
2020-09-16,sz.000026,17.85,17.85,17.35,17.5,4842842,85050859.28,1.3576,-0.5682,0,0
2020-09-17,sz.000026,17.68,18.35,17.4,17.45,6954731,124532405.68,1.9497,-0.2857,0,0
2020-09-18,sz.000026,17.47,18.27,17.47,18.21,6654909,119475279.8,1.8656,4.3553,0,0
2020-09-21,sz.000026,18.05,18.15,17.22,17.47,7537335,132402611.62,2.113,-4.0637,0,0
2020-09-22,sz.000026,17.44,17.49,16.86,16.93,4440608,76467074.34,1.2449,-3.091,0,0
2020-09-23,sz.000026,17.1,18.35,16.95,17.88,8565144,151953402.08,2.4011,5.6113,0,0
2020-09-24,sz.000026,17.7,17.95,17.2,17.24,5504333,96172202.85,1.5431,-3.5794,0,0
2020-09-25,sz.000026,17.41,17.84,16.95,17.26,4023500,69402990.9,1.1279,0.116,0,0
2020-09-28,sz.000026,17.3,17.32,16.4,16.69,6162656,102984243.58,1.7276,-3.3024,0,0
2020-09-29,sz.000026,16.61,16.69,15.98,16.21,6849410,111434745.2,1.9201,-2.876,0,0
2020-09-30,sz.000026,16.42,16.62,16.06,16.49,4119718,67304559.86,1.1549,1.7273,0,0
2020-10-09,sz.000026,16.63,18.14,16.21,16.56,16404916,281240649.07,4.5989,0.4245,0,0
2020-10-12,sz.000026,16.68,17.15,16.3,16.84,10893343,182164457.23,3.0538,1.6908,0,0
2020-10-13,sz.000026,16.91,17.7,16.73,17.5,10688351,184283137.17,2.9963,3.9192,0,0
2020-10-14,sz.000026,17.46,17.46,16.1,16.29,13573811,225138559.09,3.8052,-6.9143,0,0
2020-10-15,sz.000026,16.3,16.47,15.16,15.89,11573553,180918571.69,3.2445,-2.4555,0,0
2020-10-16,sz.000026,15.55,16.43,15.46,16.4,7720235,124092059.5,2.1643,3.2096,0,0
2020-10-19,sz.000026,16.25,16.52,15.85,16.25,5013584,81106214.11,1.4055,-0.9146,0,0
2020-10-20,sz.000026,16.11,16.75,15.12,15.25,20850775,330692153.51,5.8452,-6.1538,0,0
2020-10-21,sz.000026,15.41,15.8,14.31,14.7,13999683,208846212.06,3.9246,-3.6066,0,0
2020-10-22,sz.000026,15.1,15.1,13.77,14.04,19007909,269377384.91,5.3286,-4.4898,0,0
2020-10-23,sz.000026,14.18,14.42,13.9,14.22,11332880,161011394.87,3.177,1.2821,0,0
2020-10-26,sz.000026,14.2,14.23,13.67,14.06,5899105,82781360.55,1.6537,-1.1252,0,0
2020-10-27,sz.000026,14.27,14.35,14.08,14.2,5455934,77627715.62,1.5295,0.9957,0,0
2020-10-28,sz.000026,14.2,14.26,13.89,14.03,5949200,83853447.0,1.6678,-1.1972,0,0
2020-10-29,sz.000026,14.06,14.21,13.78,14.18,6616400,92680416.4,1.8548,1.0691,0,0
2020-10-30,sz.000026,14.17,14.19,13.64,13.79,6596045,91358405.3,1.8491,-2.7504,0,0
2020-11-02,sz.000026,13.8,13.88,13.3,13.48,10109800,136437117.0,2.8341,-2.248,0,0
2020-11-03,sz.000026,13.54,14.11,13.54,13.94,8579562,118602817.24,2.4051,3.4125,0,0
2020-11-04,sz.000026,13.98,14.16,13.66,13.94,8380968,116845046.2,2.3495,0.0,0,0
2020-11-05,sz.000026,13.94,14.25,13.73,13.94,8778600,121992466.6,2.4609,0.0,0,0
2020-11-06,sz.000026,13.98,13.98,13.54,13.8,6576701,90112123.05,1.8437,-1.0043,0,0
2020-11-09,sz.000026,13.79,14.0,13.68,13.78,8585523,118680322.23,2.4068,-0.1449,0,0
2020-11-10,sz.000026,13.7,13.74,12.4,12.4,27196969,348774688.92,7.6243,-10.0145,0,1
2020-11-11,sz.000026,12.43,13.08,12.33,12.54,22543299,283205818.09,6.3197,1.129,0,0
2020-11-12,sz.000026,12.33,13.15,12.31,12.9,14995754,193218080.61,4.2038,2.8708,0,0
2020-11-13,sz.000026,12.74,12.85,12.36,12.55,11415359,143025472.36,3.2001,-2.7132,0,0
2020-11-16,sz.000026,12.54,12.68,12.21,12.5,7293489,90709624.17,2.0446,-0.3984,0,0
2020-11-17,sz.000026,12.47,12.51,12.15,12.32,6921399,85070741.81,1.9403,-1.44,0,0
2020-11-18,sz.000026,12.38,12.43,12.13,12.2,6751078,82725411.88,1.8926,-0.974,0,0
2020-11-19,sz.000026,12.25,12.59,12.08,12.54,9211239,113773466.35,2.5822,2.7869,0,0
2020-11-20,sz.000026,12.49,12.99,12.35,12.88,8920550,113493573.33,2.5007,2.7113,0,0
2020-11-23,sz.000026,13.0,13.36,12.72,13.15,8909345,116368333.55,2.4976,2.0963,0,0
2020-11-24,sz.000026,13.2,13.2,12.77,12.82,5827801,75278305.84,1.6337,-2.5095,0,0
2020-11-25,sz.000026,12.88,12.93,12.49,12.53,5814628,73731327.48,1.63,-2.2621,0,0
2020-11-26,sz.000026,12.52,12.66,12.3,12.4,3814199,47528534.4,1.0693,-1.0375,0,0
2020-11-27,sz.000026,12.49,12.53,12.14,12.32,5784101,71013318.49,1.6215,-0.6452,0,0
2020-11-30,sz.000026,12.41,12.43,12.08,12.11,6619650,80861573.33,1.8557,-1.7045,0,0
2020-12-01,sz.000026,12.27,12.55,12.15,12.55,9122755,113305250.03,2.5574,3.6334,0,0
2020-12-02,sz.000026,12.6,12.74,12.35,12.42,5896545,73597079.56,1.653,-1.0359,0,0
2020-12-03,sz.000026,12.49,12.54,12.33,12.47,4784500,59618980.96,1.3413,0.4026,0,0
2020-12-04,sz.000026,12.52,12.7,12.34,12.63,4197821,52574205.52,1.1768,1.2831,0,0
2020-12-07,sz.000026,12.7,12.76,12.54,12.63,5963590,75456975.45,1.6718,0.0,0,0
2020-12-08,sz.000026,12.63,12.71,12.4,12.5,4967787,62449177.21,1.3926,-1.0293,0,0
2020-12-09,sz.000026,12.57,12.6,12.08,12.08,5368240,65998142.39,1.5049,-3.36,0,0
2020-12-10,sz.000026,12.05,12.24,11.9,12.12,5791720,69884682.0,1.6236,0.3311,0,0
2020-12-11,sz.000026,12.06,12.15,11.52,11.64,4582100,53848756.0,1.2845,-3.9604,0,0
2020-12-14,sz.000026,11.6,11.68,11.29,11.49,6328361,72614802.38,1.7741,-1.2887,0,0
2020-12-15,sz.000026,11.46,11.74,11.43,11.5,4761811,54997833.6,1.3349,0.087,0,0
2020-12-16,sz.000026,11.59,11.71,11.44,11.55,4696398,54295063.46,1.3166,0.4348,0,0
2020-12-17,sz.000026,11.46,12.05,11.34,11.87,6420086,75007771.54,1.7998,2.7706,0,0
2020-12-18,sz.000026,11.89,12.18,11.73,11.81,6880776,82078900.98,1.9289,-0.5055,0,0
2020-12-21,sz.000026,11.82,11.97,11.49,11.64,6109458,71075170.47,1.7127,-1.4395,0,0
2020-12-22,sz.000026,11.56,11.63,11.2,11.36,6436334,73184531.29,1.8043,-2.4055,0,0
2020-12-23,sz.000026,11.26,11.4,11.07,11.23,5401701,60862168.13,1.5143,-1.1444,0,0
2020-12-24,sz.000026,11.3,11.32,10.88,11.03,6049900,66923774.53,1.696,-1.7809,0,0
2020-12-25,sz.000026,11.06,11.15,10.78,10.87,4167790,45395363.58,1.1684,-1.4506,0,0
2020-12-28,sz.000026,10.87,10.96,10.6,10.65,4742500,51251257.29,1.3295,-2.0239,0,0
2020-12-29,sz.000026,10.65,11.21,10.65,10.95,6752923,74136879.66,1.8931,2.8169,0,0
2020-12-30,sz.000026,10.97,11.73,10.8,11.57,8733403,99260295.64,2.4483,5.6621,0,0
2020-12-31,sz.000026,11.57,11.63,11.09,11.43,9628085,109541712.35,2.6991,-1.21,0,0
2021-01-04,sz.000026,11.33,12.17,11.28,11.83,10303482,120609775.78,2.8884,3.4996,0,0
2021-01-05,sz.000026,11.82,12.26,11.6,12.11,12140815,145552721.45,3.4035,2.3669,0,0
2021-01-06,sz.000026,12.02,12.06,11.7,11.78,8164324,96534948.83,2.2887,-2.725,0,0
2021-01-07,sz.000026,11.63,11.77,11.09,11.26,8271482,93823159.14,2.3188,-4.4143,0,0
2021-01-08,sz.000026,11.09,11.43,10.89,11.26,7856482,88318497.6,2.2024,0.0,0,0
2021-01-11,sz.000026,11.29,11.47,10.93,11.0,6180800,68758683.84,1.7327,-2.3091,0,0
2021-01-12,sz.000026,10.98,11.29,10.87,11.19,4862462,54151948.16,1.3631,1.7273,0,0
2021-01-13,sz.000026,11.19,11.24,10.93,10.97,5171840,57150387.0,1.4498,-1.966,0,0
2021-01-14,sz.000026,10.84,10.97,10.75,10.91,5673381,61460468.01,1.5904,-0.5469,0,0
2021-01-15,sz.000026,10.82,11.63,10.77,11.49,10744491,121695945.32,3.0121,5.3162,0,0
2021-01-18,sz.000026,11.42,12.17,11.42,11.84,12985691,154931152.76,3.6403,3.0461,0,0
2021-01-19,sz.000026,11.88,12.61,11.85,12.46,13758313,169188196.48,3.8569,5.2365,0,0
2021-01-20,sz.000026,12.53,12.66,12.01,12.63,11279317,140030822.61,3.162,1.3644,0,0
2021-01-21,sz.000026,12.51,13.11,12.47,12.73,11907295,152493721.67,3.338,0.7918,0,0
2021-01-22,sz.000026,12.68,12.78,12.42,12.65,7262215,91674699.47,2.0359,-0.6284,0,0
2021-01-25,sz.000026,12.54,12.68,12.23,12.32,7583104,93947279.56,2.1258,-2.6087,0,0
2021-01-26,sz.000026,12.27,12.34,11.85,11.89,8965750,108214911.47,2.5134,-3.4903,0,0
2021-01-27,sz.000026,11.9,13.08,11.9,13.08,8915835,112934801.61,2.4994,10.0084,1,0
2021-01-28,sz.000026,13.44,13.44,12.55,12.8,15648404,200355159.32,4.3868,-2.1407,0,0
2021-01-29,sz.000026,12.75,12.85,12.12,12.54,10430124,129771448.08,2.9239,-2.0313,0,0
2021-02-01,sz.000026,12.63,13.04,12.2,12.6,10958032,136861573.5,3.0603,0.4785,0,0
2021-02-02,sz.000026,12.5,12.55,11.92,12.15,12854972,155469008.05,3.59,-3.5714,0,0
2021-02-03,sz.000026,12.14,12.65,12.0,12.33,12100132,149819551.49,3.3792,1.4815,0,0
2021-02-04,sz.000026,12.32,12.32,11.2,11.23,13097889,151857679.82,3.6579,-8.9213,0,0
2021-02-05,sz.000026,11.61,12.35,11.6,12.35,8111790,98460411.3,2.274,9.9733,1,0
2021-02-08,sz.000026,12.67,13.23,12.4,13.1,24988404,322889891.42,7.0051,6.0729,0,0
2021-02-09,sz.000026,13.06,13.13,12.64,13.08,16393918,211526157.81,4.5958,-0.1527,0,0
2021-02-10,sz.000026,13.02,13.93,12.96,13.49,15856001,211332232.6,4.445,3.1346,0,0
2021-02-18,sz.000026,13.68,14.52,13.53,14.13,14441711,204016537.06,4.0485,4.7443,0,0
2021-02-19,sz.000026,14.09,14.45,13.67,13.96,14177385,199060185.62,3.9744,-1.2031,0,0
2021-02-22,sz.000026,14.08,14.28,13.5,13.5,16215859,223676387.83,4.5459,-3.2951,0,0
2021-02-23,sz.000026,13.44,13.71,13.16,13.58,9828877,132466843.08,2.7554,0.5926,0,0
2021-02-24,sz.000026,13.5,13.52,12.99,13.23,9344676,123489509.16,2.6196,-2.5773,0,0
2021-02-25,sz.000026,13.18,13.28,12.85,13.15,8341339,108668767.06,2.3384,-0.6047,0,0
2021-02-26,sz.000026,12.99,13.1,12.63,13.01,7027909,90753017.86,1.9702,-1.0646,0,0
2021-03-01,sz.000026,13.1,13.87,13.1,13.82,12602437,171310585.23,3.5329,6.226,0,0
2021-03-02,sz.000026,13.89,13.91,13.45,13.81,8813991,120239052.5,2.4709,-0.0724,0,0
2021-03-03,sz.000026,13.82,14.3,13.68,14.25,12627367,176792874.16,3.5399,3.1861,0,0
2021-03-04,sz.000026,14.25,14.67,13.93,14.34,13827654,198082011.45,3.8764,0.6316,0,0
2021-03-05,sz.000026,14.06,14.53,13.83,13.93,9581853,135333394.72,2.6861,-2.8591,0,0
2021-03-08,sz.000026,14.05,14.43,14.0,14.04,8155854,115780868.47,2.2864,0.7897,0,0
2021-03-09,sz.000026,14.32,14.42,13.51,13.98,9744399,136710747.43,2.7317,-0.4274,0,0
2021-03-10,sz.000026,14.04,14.27,13.25,13.32,8887286,120732632.69,2.4914,-4.721,0,0
2021-03-11,sz.000026,13.52,14.48,13.19,14.26,11136202,156337541.85,3.1219,7.0571,0,0
2021-03-12,sz.000026,14.3,14.45,14.05,14.43,7866502,112175344.64,2.2053,1.1921,0,0
2021-03-15,sz.000026,14.25,15.75,14.24,15.7,18143298,275353803.76,5.0862,8.8011,0,0
2021-03-16,sz.000026,15.51,15.68,15.04,15.65,12214809,186715989.3,3.4242,-0.3185,0,0
2021-03-17,sz.000026,15.39,15.5,15.1,15.19,7015925,106949201.02,1.9668,-2.9393,0,0
2021-03-18,sz.000026,15.16,15.61,14.8,15.3,9453065,143414784.51,2.65,0.7242,0,0
2021-03-19,sz.000026,15.1,15.45,14.91,15.17,5249635,79661256.99,1.4717,-0.8497,0,0
2021-03-22,sz.000026,15.18,16.09,15.0,16.0,10663273,167750909.42,2.9893,5.4713,0,0
2021-03-23,sz.000026,16.0,16.12,15.53,16.0,7478408,118540549.3,2.0965,0.0,0,0
2021-03-24,sz.000026,15.9,16.4,15.41,16.0,8709801,138506842.59,2.4417,0.0,0,0
2021-03-25,sz.000026,16.0,16.22,15.49,15.49,6491027,102612590.7,1.8197,-3.1875,0,0
2021-03-26,sz.000026,15.45,15.7,15.11,15.5,6908161,106802462.38,1.9366,0.0646,0,0
2021-03-29,sz.000026,15.36,15.62,15.15,15.5,5185374,79796664.15,1.4536,0.0,0,0
2021-03-30,sz.000026,15.53,15.56,15.09,15.27,5576230,84920711.9,1.5632,-1.4839,0,0
2021-03-31,sz.000026,15.23,15.91,15.1,15.79,6281404,97706013.1,1.7609,3.4054,0,0
2021-04-01,sz.000026,16.34,17.0,15.95,16.12,15509857,254531914.12,4.348,2.0899,0,0
2021-04-02,sz.000026,16.41,16.45,15.65,15.69,8759423,139180311.3,2.4556,-2.6675,0,0
2021-04-06,sz.000026,15.81,16.09,15.39,15.7,6527401,102925377.3,1.8299,0.0637,0,0
2021-04-07,sz.000026,15.76,16.25,15.6,15.95,7316453,116516378.43,2.0511,1.5924,0,0
2021-04-08,sz.000026,15.85,15.94,15.53,15.79,4309236,67829496.16,1.208,-1.0031,0,0
2021-04-09,sz.000026,15.79,16.11,15.71,15.95,4721605,75204243.45,1.3236,1.0133,0,0
2021-04-12,sz.000026,16.12,16.18,14.56,14.92,12609371,191251461.24,3.5348,-6.4577,0,0
2021-04-13,sz.000026,15.13,15.38,14.36,14.48,8939707,132934644.16,2.4974,-2.9491,0,0
2021-04-14,sz.000026,14.32,15.31,14.32,15.27,10849241,162776648.67,3.0309,5.4558,0,0
2021-04-15,sz.000026,15.35,15.58,15.16,15.45,7883995,121376887.87,2.2025,1.1788,0,0
2021-04-16,sz.000026,15.4,16.2,15.18,16.02,8832909,139814122.95,2.4676,3.6893,0,0
2021-04-19,sz.000026,16.02,16.25,15.63,16.11,7963300,127862353.49,2.2246,0.5618,0,0
2021-04-20,sz.000026,16.2,16.83,15.99,16.63,9517235,157541734.71,2.6588,3.2278,0,0
2021-04-21,sz.000026,16.59,16.77,16.31,16.65,4975455,82334298.25,1.39,0.1203,0,0
2021-04-22,sz.000026,16.8,16.83,16.4,16.63,4842695,80549520.44,1.3529,-0.1201,0,0
2021-04-23,sz.000026,16.61,16.76,16.45,16.49,5419098,89816160.59,1.5139,-0.8419,0,0
2021-04-26,sz.000026,16.69,16.69,15.97,16.06,5968878,97248002.16,1.6675,-2.6076,0,0
2021-04-27,sz.000026,16.1,16.23,15.8,15.99,4564750,73049803.92,1.2752,-0.4359,0,0
2021-04-28,sz.000026,16.03,16.88,16.0,16.8,6439551,106942531.26,1.799,5.0657,0,0
2021-04-29,sz.000026,16.81,16.93,16.35,16.52,5202288,86273259.37,1.4533,-1.6667,0,0
2021-04-30,sz.000026,16.27,16.73,16.14,16.66,5124517,84515829.11,1.4316,0.8475,0,0
2021-05-06,sz.000026,16.5,16.8,16.14,16.48,5682025,93314115.24,1.5873,-1.0804,0,0
2021-05-07,sz.000026,16.49,16.96,16.3,16.35,7293668,121399764.94,2.0376,-0.7888,0,0
2021-05-10,sz.000026,16.36,16.51,16.0,16.24,4460777,72559013.17,1.2462,-0.6728,0,0
2021-05-11,sz.000026,16.19,16.29,15.48,15.8,4653652,73595396.89,1.3001,-2.7094,0,0
2021-05-12,sz.000026,15.67,16.79,15.67,16.74,5945609,97172692.81,1.661,5.9494,0,0
2021-05-13,sz.000026,16.6,16.85,16.0,16.28,5139092,84246495.3,1.4357,-2.7479,0,0
2021-05-14,sz.000026,16.22,16.42,16.03,16.09,4016071,65101769.54,1.1219,-1.1671,0,0
2021-05-17,sz.000026,16.0,16.36,15.4,15.49,8753001,137763544.82,2.4453,-3.729,0,0
2021-05-18,sz.000026,15.49,15.99,15.42,15.49,5943400,93023584.0,1.6604,0.0,0,0
2021-05-19,sz.000026,15.46,15.52,14.99,15.02,6522426,98880872.12,1.8221,-3.0342,0,0
2021-05-20,sz.000026,14.88,15.14,14.64,14.87,3907283,58056829.53,1.0915,-0.9987,0,0
2021-05-21,sz.000026,14.98,15.08,14.51,14.73,5470652,80677990.04,1.5283,-0.9415,0,0
2021-05-24,sz.000026,14.98,15.45,14.82,15.0,7975816,120253155.92,2.2281,1.833,0,0
2021-05-25,sz.000026,14.86,15.1,14.8,14.99,6655072,99612916.28,1.8592,-0.0667,0,0
2021-05-26,sz.000026,15.06,15.22,14.84,14.91,5243899,78697860.5,1.4649,-0.5337,0,0
2021-05-27,sz.000026,14.87,15.0,14.76,14.86,4616137,68595516.66,1.2896,-0.3353,0,0
2021-05-28,sz.000026,14.87,15.1,14.72,14.79,5543334,82364207.58,1.5486,-0.4711,0,0
2021-05-31,sz.000026,14.83,14.96,14.42,14.86,8008367,117948000.88,2.2372,0.4733,0,0
2021-06-01,sz.000026,14.58,14.63,14.21,14.5,7546306,109390782.16,2.1082,0.346,0,0
2021-06-02,sz.000026,14.61,15.06,14.11,14.43,11940410,174486220.24,3.3357,-0.4828,0,0
2021-06-03,sz.000026,14.39,14.51,13.95,13.98,6267990,89241002.32,1.751,-3.1185,0,0
2021-06-04,sz.000026,13.91,14.46,13.91,14.0,7856032,111019544.19,2.1947,0.1431,0,0
2021-06-07,sz.000026,14.19,14.6,13.95,14.46,5711727,81805073.27,1.5956,3.2857,0,0
2021-06-08,sz.000026,14.49,15.4,14.41,15.34,12297474,186170267.12,3.4355,6.0858,0,0
2021-06-09,sz.000026,15.23,15.4,14.83,15.27,6964974,105688623.36,1.9458,-0.4563,0,0
2021-06-10,sz.000026,15.44,15.45,14.95,15.06,3608722,54366200.89,1.0081,-1.3752,0,0
2021-06-11,sz.000026,15.1,15.14,14.64,14.81,3902021,57678014.34,1.0901,-1.66,0,0
2021-06-15,sz.000026,14.76,14.79,14.19,14.22,3827288,54860218.45,1.0692,-3.9838,0,0
2021-06-16,sz.000026,14.21,14.37,13.86,13.98,3551480,49830294.0,0.9922,-1.6878,0,0
2021-06-17,sz.000026,14.08,14.22,13.92,14.13,2818896,39660344.95,0.7875,1.073,0,0
2021-06-18,sz.000026,14.09,14.09,13.5,13.75,4181948,57896893.04,1.1683,-2.6893,0,0
2021-06-21,sz.000026,13.75,13.85,13.45,13.74,5147280,70052708.95,1.438,-0.0727,0,0
2021-06-22,sz.000026,13.74,13.77,13.24,13.47,7599386,102530553.62,2.123,-1.9651,0,0
2021-06-23,sz.000026,13.46,13.72,13.2,13.65,5812832,78630922.19,1.6239,1.3363,0,0
2021-06-24,sz.000026,13.66,13.66,13.24,13.29,4245527,56637706.43,1.186,-2.6374,0,0
2021-06-25,sz.000026,13.27,13.52,13.19,13.41,4075414,54552297.46,1.1385,0.9029,0,0
2021-06-28,sz.000026,13.4,13.75,13.4,13.66,4766780,64902732.06,1.3317,1.8643,0,0
2021-06-29,sz.000026,13.66,13.75,13.56,13.62,4000616,54579546.28,1.1176,-0.2928,0,0
2021-06-30,sz.000026,13.58,14.13,13.43,13.92,6939237,96036982.69,1.9386,2.2026,0,0
2021-07-01,sz.000026,13.88,14.08,13.59,13.67,4820601,66804871.19,1.3467,-1.796,0,0
2021-07-02,sz.000026,13.79,13.8,13.31,13.66,5210181,70598120.87,1.4557,-0.0732,0,0
2021-07-05,sz.000026,14.0,14.11,13.42,14.02,10041078,138911285.71,2.8055,2.6354,0,0
2021-07-06,sz.000026,14.11,14.49,13.98,14.1,6866891,96734767.1,1.9186,0.5706,0,0
2021-07-07,sz.000026,14.12,14.71,14.05,14.52,7071130,102572250.74,1.9757,2.9787,0,0
2021-07-08,sz.000026,14.56,15.09,14.45,14.6,8102663,119561959.37,2.2639,0.551,0,0
2021-07-09,sz.000026,14.51,14.64,14.34,14.4,5974413,86475383.88,1.6692,-1.3699,0,0
2021-07-12,sz.000026,14.47,14.74,14.4,14.61,5457390,79726279.64,1.5248,1.4583,0,0
2021-07-13,sz.000026,14.63,14.69,14.13,14.28,7529134,107758401.13,2.1036,-2.2587,0,0
2021-07-14,sz.000026,14.22,14.57,14.17,14.26,4141406,59408834.33,1.1571,-0.1401,0,0
2021-07-15,sz.000026,14.37,14.5,14.0,14.42,4688180,66753056.79,1.3099,1.122,0,0
2021-07-16,sz.000026,14.54,14.54,14.06,14.07,4021324,57007869.84,1.1235,-2.4272,0,0
2021-07-19,sz.000026,14.07,14.14,13.59,13.83,3301164,45611931.52,0.9223,-1.7058,0,0
2021-07-20,sz.000026,13.59,13.8,13.48,13.74,2949061,40197483.65,0.824,-0.6508,0,0
2021-07-21,sz.000026,13.74,13.89,13.5,13.54,3468007,47250339.5,0.969,-1.4556,0,0
2021-07-22,sz.000026,13.55,13.78,13.46,13.61,3133905,42713386.87,0.8756,0.517,0,0
2021-07-23,sz.000026,13.6,13.61,13.0,13.25,5496561,72880288.65,1.5357,-2.6451,0,0
2021-07-26,sz.000026,13.23,13.23,12.49,12.69,6261774,79817615.14,1.7495,-4.2264,0,0
2021-07-27,sz.000026,12.73,12.73,12.21,12.21,6136951,76361235.55,1.7147,-3.7825,0,0
2021-07-28,sz.000026,12.21,12.3,11.64,12.14,4023127,48321949.96,1.1241,-0.5733,0,0
2021-07-29,sz.000026,12.28,12.44,12.12,12.26,4174133,51187552.93,1.1662,0.9885,0,0
2021-07-30,sz.000026,12.15,12.32,11.77,12.17,5173587,62217312.12,1.4455,-0.7341,0,0
2021-08-02,sz.000026,12.13,12.52,12.04,12.32,4472287,54981558.02,1.2495,1.2325,0,0
2021-08-03,sz.000026,12.22,12.67,12.2,12.43,4225730,52683088.49,1.1807,0.8929,0,0
2021-08-04,sz.000026,12.47,12.55,12.14,12.18,5407126,66401399.45,1.5107,-2.0113,0,0
2021-08-05,sz.000026,12.24,12.43,11.98,12.32,5043889,61819232.41,1.4093,1.1494,0,0
2021-08-06,sz.000026,12.32,12.5,12.2,12.37,4040300,49882797.0,1.1289,0.4058,0,0
2021-08-09,sz.000026,12.38,12.75,12.23,12.72,5187157,65115503.55,1.4493,2.8294,0,0
2021-08-10,sz.000026,12.75,12.93,12.62,12.84,4397215,56400082.68,1.2286,0.9434,0,0
2021-08-11,sz.000026,12.84,12.98,12.65,12.81,4210802,53736771.42,1.1765,-0.2336,0,0
2021-08-12,sz.000026,12.71,12.93,12.71,12.79,2574800,33026745.0,0.7194,-0.1561,0,0
2021-08-13,sz.000026,12.8,12.84,12.6,12.69,3412238,43298289.0,0.9534,-0.7819,0,0
2021-08-16,sz.000026,12.69,12.96,12.58,12.85,3159608,40400951.6,0.8828,1.2608,0,0
2021-08-17,sz.000026,12.85,12.87,12.44,12.52,3774276,47838059.69,1.0545,-2.5681,0,0
2021-08-18,sz.000026,12.44,12.67,12.44,12.67,2707282,34043326.83,0.7564,1.1981,0,0
2021-08-19,sz.000026,12.6,12.6,12.23,12.45,5115102,63119787.42,1.4291,-1.7364,0,0
2021-08-20,sz.000026,12.5,12.74,12.3,12.34,5071067,63166553.47,1.4168,-0.8835,0,0
2021-08-23,sz.000026,12.34,12.89,12.3,12.69,7316879,92747277.67,2.0443,2.8363,0,0
2021-08-24,sz.000026,12.75,12.8,12.55,12.67,5677237,71875449.63,1.5862,-0.1576,0,0
2021-08-25,sz.000026,12.69,13.15,12.56,12.98,7487372,96911513.56,2.092,2.4467,0,0
2021-08-26,sz.000026,13.03,13.06,12.73,12.75,5107994,65570156.68,1.4272,-1.772,0,0
2021-08-27,sz.000026,12.69,12.86,12.63,12.76,3968900,50524649.0,1.1089,0.0784,0,0
2021-08-30,sz.000026,12.78,12.87,12.47,12.48,6177634,78157057.69,1.726,-2.1944,0,0
2021-08-31,sz.000026,12.42,12.83,12.34,12.72,5869723,74514309.63,1.64,1.9231,0,0
2021-09-01,sz.000026,12.72,12.72,12.38,12.55,5810718,72752271.73,1.6235,-1.3365,0,0
2021-09-02,sz.000026,12.48,12.67,12.46,12.62,3552000,44707020.0,0.9924,0.5578,0,0
2021-09-03,sz.000026,12.62,12.83,12.55,12.69,6147572,78137392.32,1.7176,0.5547,0,0
2021-09-06,sz.000026,12.67,12.92,12.63,12.88,5407810,69168474.8,1.5109,1.4972,0,0
2021-09-07,sz.000026,12.94,12.94,12.78,12.88,4847836,62246255.13,1.3545,0.0,0,0
2021-09-08,sz.000026,12.9,12.94,12.8,12.94,4920765,63374546.17,1.3749,0.4658,0,0
2021-09-09,sz.000026,12.92,12.95,12.76,12.85,5218148,67035884.93,1.4579,-0.6955,0,0
2021-09-10,sz.000026,12.85,13.42,12.82,13.1,10755683,141714004.3,3.0051,1.9455,0,0
2021-09-13,sz.000026,13.12,13.18,12.85,12.92,6086921,78623512.32,1.7007,-1.374,0,0
2021-09-14,sz.000026,12.92,12.94,12.48,12.54,5993590,76252881.97,1.6746,-2.9412,0,0
2021-09-15,sz.000026,12.5,12.5,12.18,12.22,6726252,82875599.71,1.8793,-2.5518,0,0
2021-09-16,sz.000026,12.21,12.45,12.2,12.27,4311886,53125488.53,1.2047,0.4092,0,0
2021-09-17,sz.000026,12.27,12.33,11.88,12.0,5296895,63726495.58,1.4799,-2.2005,0,0
2021-09-22,sz.000026,11.86,11.94,11.65,11.72,6085697,71498270.67,1.7003,-2.3333,0,0
2021-09-23,sz.000026,11.81,12.22,11.76,12.08,6110190,73460315.04,1.7072,3.0717,0,0
2021-09-24,sz.000026,12.06,12.07,11.75,11.82,4282399,50750233.85,1.1965,-2.1523,0,0
2021-09-27,sz.000026,11.8,11.8,11.42,11.48,3700469,42939451.01,1.0339,-2.8765,0,0
2021-09-28,sz.000026,11.49,11.63,11.4,11.55,3238881,37230353.24,0.9049,0.6098,0,0
2021-09-29,sz.000026,11.51,11.75,11.41,11.5,4369896,50517303.23,1.2209,-0.4329,0,0
2021-09-30,sz.000026,11.5,11.66,11.5,11.63,3376399,39086403.81,0.9434,1.1304,0,0
2021-10-08,sz.000026,11.88,11.88,11.64,11.74,4070348,47768844.48,1.1372,0.9458,0,0
2021-10-11,sz.000026,11.7,11.82,11.59,11.63,3793635,44347359.38,1.0599,-0.937,0,0
2021-10-12,sz.000026,11.97,12.09,11.73,11.85,8777493,104306113.82,2.4524,1.8917,0,0
2021-10-13,sz.000026,11.92,12.1,11.62,11.83,5848114,68910682.5,1.634,-0.1688,0,0
2021-10-14,sz.000026,11.77,12.12,11.74,11.94,5719637,68408537.99,1.5981,0.9298,0,0
2021-10-15,sz.000026,11.89,11.89,11.74,11.82,3502128,41344478.87,0.9785,-1.005,0,0
2021-10-18,sz.000026,11.83,11.88,11.49,11.7,7399886,85817705.21,2.0675,-1.0152,0,0
2021-10-19,sz.000026,11.67,11.85,11.6,11.78,4743810,55611714.82,1.3254,0.6838,0,0
2021-10-20,sz.000026,11.78,11.93,11.72,11.83,4389483,51902639.97,1.2264,0.4244,0,0
2021-10-21,sz.000026,11.81,11.83,11.53,11.54,5627126,65374483.4,1.5722,-2.4514,0,0
2021-10-22,sz.000026,11.58,12.0,11.49,11.85,8656442,101988870.3,2.4186,2.6863,0,0
2021-10-25,sz.000026,11.88,11.95,11.53,11.68,6320074,73423490.93,1.7658,-1.4346,0,0
2021-10-26,sz.000026,11.6,11.66,11.45,11.51,6292348,72516385.91,1.7581,-1.4555,0,0
2021-10-27,sz.000026,11.49,11.5,10.73,10.86,8770581,96372817.24,2.4505,-5.6473,0,0
2021-10-28,sz.000026,10.81,10.82,10.37,10.43,5289461,55824855.8,1.4779,-3.9595,0,0
2021-10-29,sz.000026,10.38,10.92,10.38,10.79,5684688,60878936.77,1.5883,3.4516,0,0
2021-11-01,sz.000026,10.76,11.32,10.7,11.26,6960689,77518868.14,1.9448,4.3559,0,0
2021-11-02,sz.000026,11.25,11.39,10.83,10.95,5473379,60452974.81,1.5293,-2.7531,0,0
2021-11-03,sz.000026,10.95,10.98,10.74,10.89,2591488,28127298.92,0.7241,-0.5479,0,0
2021-11-04,sz.000026,10.89,11.02,10.78,10.97,2878761,31521629.36,0.8043,0.7346,0,0
2021-11-05,sz.000026,11.0,11.22,10.89,11.1,3262888,36252640.68,0.9115,1.1851,0,0
2021-11-08,sz.000026,11.04,11.13,10.93,11.0,3347264,36923596.95,0.9351,-0.9009,0,0
2021-11-09,sz.000026,10.94,11.13,10.78,11.04,2476200,27293562.0,0.6917,0.3636,0,0
2021-11-10,sz.000026,11.0,11.05,10.84,11.03,2740700,29971896.0,0.7656,-0.0906,0,0
2021-11-11,sz.000026,11.0,11.33,10.95,11.23,4070922,45647154.42,1.1372,1.8132,0,0
2021-11-12,sz.000026,11.2,11.31,11.14,11.25,3700123,41577367.05,1.0337,0.1781,0,0
2021-11-15,sz.000026,11.27,11.75,11.23,11.66,6963222,80420520.92,1.9452,3.6444,0,0
2021-11-16,sz.000026,11.66,11.84,11.55,11.63,5072701,59251183.72,1.4171,-0.2573,0,0
2021-11-17,sz.000026,11.63,11.74,11.57,11.66,3835701,44659569.57,1.0715,0.258,0,0
2021-11-18,sz.000026,11.67,11.77,11.61,11.73,3819001,44708125.53,1.0669,0.6003,0,0
2021-11-19,sz.000026,11.75,11.78,11.5,11.69,3583978,41649336.56,1.0012,-0.341,0,0
2021-11-22,sz.000026,11.65,12.25,11.65,11.99,8869250,106449590.96,2.4777,2.5663,0,0
2021-11-23,sz.000026,11.95,12.04,11.83,11.94,4075041,48673816.49,1.1384,-0.417,0,0
2021-11-24,sz.000026,11.93,12.2,11.88,12.05,4119501,49722691.07,1.1508,0.9213,0,0
2021-11-25,sz.000026,12.07,12.17,11.95,12.01,3700584,44632976.03,1.0338,-0.332,0,0
2021-11-26,sz.000026,12.0,12.0,11.79,11.83,4605801,54650227.83,1.2867,-1.4988,0,0
2021-11-29,sz.000026,11.63,11.75,11.45,11.54,5449228,63043704.94,1.5223,-2.4514,0,0
2021-11-30,sz.000026,11.65,12.03,11.6,11.94,8759543,103550212.85,2.4471,3.4662,0,0
2021-12-01,sz.000026,11.94,12.05,11.83,11.9,4338800,51729361.05,1.2121,-0.335,0,0
2021-12-02,sz.000026,11.9,11.97,11.68,11.69,3404789,40173944.31,0.9512,-1.7647,0,0
2021-12-03,sz.000026,11.77,11.77,11.61,11.72,2887689,33782918.3,0.8067,0.2566,0,0
2021-12-06,sz.000026,11.73,11.82,11.35,11.41,6095049,70181086.46,1.7027,-2.6451,0,0
2021-12-07,sz.000026,11.47,11.62,11.4,11.48,3935331,45315745.09,1.0994,0.6135,0,0
2021-12-08,sz.000026,11.51,11.67,11.41,11.64,3506841,40537017.57,0.9797,1.3937,0,0
2021-12-09,sz.000026,11.7,11.82,11.5,11.76,5057280,59198689.07,1.4128,1.0309,0,0
2021-12-10,sz.000026,11.72,12.65,11.66,12.19,14631066,178836993.71,4.0873,3.6565,0,0
2021-12-13,sz.000026,12.52,12.57,11.81,11.98,12285110,147968039.27,3.4319,-1.7227,0,0
2021-12-14,sz.000026,11.96,11.96,11.75,11.77,8162162,96223616.34,2.2802,-1.7529,0,0
2021-12-15,sz.000026,11.77,11.84,11.65,11.7,5376918,63148560.7,1.5021,-0.5947,0,0
2021-12-16,sz.000026,11.74,11.78,11.67,11.77,4812556,56433441.96,1.3444,0.5983,0,0
2021-12-17,sz.000026,11.75,11.78,11.6,11.64,3471605,40462936.05,0.9698,-1.1045,0,0
2021-12-20,sz.000026,11.58,11.62,11.39,11.42,5252827,60389455.91,1.4674,-1.89,0,0
2021-12-21,sz.000026,11.48,11.61,11.41,11.61,3603405,41545956.8,1.0066,1.6637,0,0
2021-12-22,sz.000026,11.67,11.92,11.63,11.79,7349191,86776959.75,2.0531,1.5504,0,0
2021-12-23,sz.000026,11.79,11.84,11.67,11.72,4047300,47572102.0,1.1306,-0.5937,0,0
2021-12-24,sz.000026,11.72,11.76,11.44,11.45,5989686,69038744.88,1.6733,-2.3038,0,0
2021-12-27,sz.000026,11.41,11.56,11.41,11.52,2146800,24663955.0,0.5997,0.6114,0,0
2021-12-28,sz.000026,11.56,11.62,11.51,11.58,2205212,25507900.84,0.616,0.5208,0,0
2021-12-29,sz.000026,11.58,11.59,11.4,11.42,4739143,54220264.88,1.3239,-1.3817,0,0
2021-12-30,sz.000026,11.42,11.69,11.37,11.66,5334295,61721927.86,1.4902,2.1016,0,0
2021-12-31,sz.000026,11.69,11.92,11.63,11.85,6370070,75098168.41,1.7795,1.6295,0,0
2022-01-04,sz.000026,11.9,12.68,11.84,12.59,22174313,275703950.08,6.1946,6.2447,0,0
2022-01-05,sz.000026,12.62,12.68,12.06,12.22,13470529,166345252.86,3.7631,-2.9388,0,0
2022-01-06,sz.000026,12.24,12.42,12.16,12.34,6203289,76249555.92,1.7329,0.982,0,0
2022-01-07,sz.000026,12.38,12.4,12.15,12.16,6787093,83343498.1,1.896,-1.4587,0,0
2022-01-10,sz.000026,12.2,12.46,11.99,12.35,5112241,62714167.92,1.4281,1.5625,0,0
2022-01-11,sz.000026,12.35,12.56,12.28,12.41,4982000,61856552.0,1.3918,0.4858,0,0
2022-01-12,sz.000026,12.49,12.53,12.25,12.3,4928348,60655694.58,1.3768,-0.8864,0,0
2022-01-13,sz.000026,12.29,12.47,12.22,12.22,5667596,69935430.8,1.5833,-0.6504,0,0
2022-01-14,sz.000026,12.2,12.28,11.97,12.0,4813500,58257455.0,1.3447,-1.8003,0,0
2022-01-17,sz.000026,12.03,12.36,11.98,12.34,6198431,75446016.96,1.7316,2.8333,0,0
2022-01-18,sz.000026,12.32,12.39,11.78,11.8,11200413,134033527.61,3.1289,-4.376,0,0
2022-01-19,sz.000026,11.79,12.12,11.78,12.0,5996100,71801716.0,1.6751,1.6949,0,0
2022-01-20,sz.000026,12.09,12.09,11.6,11.7,6850200,80597552.0,1.9137,-2.5,0,0
2022-01-21,sz.000026,11.7,11.79,11.62,11.75,3238700,37971741.0,0.9048,0.4274,0,0
2022-01-24,sz.000026,11.7,11.71,11.46,11.49,4096300,47253216.0,1.1443,-2.2128,0,0
2022-01-25,sz.000026,11.47,11.56,10.92,10.93,5493700,61487550.0,1.5347,-4.8738,0,0
2022-01-26,sz.000026,10.95,11.11,10.93,11.08,3370100,37167582.41,0.9415,1.3724,0,0
2022-01-27,sz.000026,11.06,11.15,10.7,10.7,4205859,45652882.97,1.1749,-3.4296,0,0
2022-01-28,sz.000026,10.75,11.07,10.71,11.02,3360800,36702588.0,0.9387,2.9907,0,0
2022-02-07,sz.000026,11.15,11.17,10.93,11.11,5128732,56679227.2,1.4275,0.8167,0,0
2022-02-08,sz.000026,11.02,11.42,11.02,11.28,4721627,53122980.8,1.3142,1.5302,0,0
2022-02-09,sz.000026,11.29,11.48,11.22,11.42,5532402,62790688.28,1.5399,1.2411,0,0
2022-02-10,sz.000026,11.41,11.41,11.25,11.34,3032700,34338524.0,0.8441,-0.7005,0,0
2022-02-11,sz.000026,11.29,11.37,11.13,11.16,4442700,49987968.0,1.2366,-1.5873,0,0
2022-02-14,sz.000026,11.14,11.22,11.01,11.07,4055000,45021299.0,1.1287,-0.8065,0,0
2022-02-15,sz.000026,11.1,11.18,10.98,11.14,3377600,37533412.36,0.9401,0.6323,0,0
2022-02-16,sz.000026,11.18,11.27,11.14,11.18,3835391,42950190.93,1.0675,0.3591,0,0
2022-02-17,sz.000026,11.18,11.22,11.13,11.13,3638900,40664709.67,1.0128,-0.4472,0,0
2022-02-18,sz.000026,11.06,11.21,11.02,11.21,2751102,30626172.77,0.7657,0.7188,0,0
2022-02-21,sz.000026,11.21,11.7,11.11,11.66,9844488,113295475.78,2.7401,4.0143,0,0
2022-02-22,sz.000026,11.6,11.71,11.31,11.44,6847466,78687084.66,1.9059,-1.8868,0,0
2022-02-23,sz.000026,11.44,11.51,11.39,11.43,4773069,54665762.17,1.3285,-0.0874,0,0
2022-02-24,sz.000026,11.4,11.42,10.91,11.06,6563504,73495586.21,1.8269,-3.2371,0,0
2022-02-25,sz.000026,11.15,11.25,10.97,11.1,3640010,40567543.5,1.0132,0.3617,0,0
2022-02-28,sz.000026,11.07,11.1,10.77,10.88,4470349,48665887.0,1.2443,-1.982,0,0
2022-03-01,sz.000026,10.91,11.02,10.89,11.0,3217962,35232710.0,0.8957,1.1029,0,0
2022-03-02,sz.000026,10.95,11.06,10.9,11.05,2542981,27926867.0,0.7078,0.4545,0,0
2022-03-03,sz.000026,11.1,11.15,10.99,11.07,3705800,41012284.0,1.0315,0.181,0,0
2022-03-04,sz.000026,11.0,11.1,10.9,10.93,3048400,33526453.0,0.8485,-1.2647,0,0
2022-03-07,sz.000026,10.91,11.03,10.79,10.84,4525574,49265184.0,1.2596,-0.8234,0,0
2022-03-08,sz.000026,10.87,10.92,10.44,10.53,4609791,48974975.0,1.2831,-2.8598,0,0
2022-03-09,sz.000026,10.5,10.58,9.8,10.27,5460293,55750659.0,1.5198,-2.4691,0,0
2022-03-10,sz.000026,10.3,10.47,10.15,10.19,6761076,69712640.0,1.8886,-0.779,0,0
2022-03-11,sz.000026,10.0,10.14,9.75,10.07,5798584,57577775.0,1.6198,-1.1776,0,0
2022-03-14,sz.000026,9.98,10.03,9.69,9.7,5830400,57315795.0,1.6286,-3.6743,0,0
2022-03-15,sz.000026,9.65,9.65,9.02,9.05,7635192,70867314.0,2.1328,-6.701,0,0
2022-03-16,sz.000026,9.15,9.32,8.89,9.27,5589144,51085452.0,1.5612,2.4309,0,0
2022-03-17,sz.000026,9.4,9.78,9.3,9.48,5997882,57106611.0,1.6754,2.2654,0,0
2022-03-18,sz.000026,9.43,9.63,9.41,9.57,3591443,34309848.21,1.0032,0.9494,0,0
2022-03-21,sz.000026,9.6,9.68,9.35,9.49,5035800,47761079.0,1.4067,-0.8359,0,0
2022-03-22,sz.000026,9.46,9.73,9.38,9.67,4902617,46807889.72,1.3695,1.8967,0,0
2022-03-23,sz.000026,9.67,9.7,9.57,9.64,2274481,21938353.23,0.6353,-0.3102,0,0
2022-03-24,sz.000026,9.64,9.69,9.48,9.52,3611073,34549396.04,1.0087,-1.2448,0,0
2022-03-25,sz.000026,9.55,9.8,9.53,9.71,5091679,49432398.79,1.4223,1.9958,0,0
2022-03-28,sz.000026,9.61,9.74,9.49,9.59,3682481,35312798.55,1.0287,-1.2358,0,0
2022-03-29,sz.000026,9.64,9.64,9.4,9.45,2785900,26442716.0,0.7782,-1.4599,0,0
2022-03-30,sz.000026,9.53,9.67,9.4,9.63,2644900,25298444.0,0.7388,1.9048,0,0
2022-03-31,sz.000026,9.6,9.78,9.58,9.72,2880500,27955902.0,0.8046,0.9346,0,0
2022-04-01,sz.000026,9.65,9.77,9.58,9.73,3115625,30167512.75,0.8703,0.1029,0,0
2022-04-06,sz.000026,9.73,10.08,9.69,10.0,4328900,43150772.0,1.2092,2.7749,0,0
2022-04-07,sz.000026,9.96,9.97,9.76,9.76,3174690,31300793.9,0.8868,-2.4,0,0
2022-04-08,sz.000026,9.73,9.81,9.57,9.77,2224500,21572178.0,0.6214,0.1025,0,0
2022-04-11,sz.000026,9.75,9.82,9.45,9.56,3328200,32126959.0,0.9297,-2.1494,0,0
2022-04-12,sz.000026,9.58,9.8,9.46,9.8,2891227,27796699.04,0.8076,2.5105,0,0
2022-04-13,sz.000026,9.73,9.74,9.57,9.58,2708687,26113466.19,0.7566,-2.2449,0,0
2022-04-14,sz.000026,9.65,9.8,9.55,9.73,2947887,28586185.64,0.8235,1.5658,0,0
2022-04-15,sz.000026,9.7,9.73,9.52,9.57,2573827,24735467.28,0.719,-1.6444,0,0
2022-04-18,sz.000026,9.53,9.65,9.38,9.6,2215591,21078540.5,0.6189,0.3135,0,0
2022-04-19,sz.000026,9.55,9.74,9.53,9.74,2240297,21616015.14,0.6258,1.4583,0,0
2022-04-20,sz.000026,9.73,10.16,9.66,10.0,7689650,76728084.6,2.148,2.6694,0,0
2022-04-21,sz.000026,9.95,10.06,9.59,9.6,4933662,48418062.49,1.3782,-4.0,0,0
2022-04-22,sz.000026,9.53,9.89,9.52,9.86,4152300,40504655.0,1.1599,2.7083,0,0
2022-04-25,sz.000026,9.5,9.59,8.87,8.87,7538700,68360194.25,2.1058,-10.0406,0,1
2022-04-26,sz.000026,8.7,8.84,8.41,8.42,4896590,42254705.0,1.3678,-5.0733,0,0
2022-04-27,sz.000026,8.36,8.65,8.07,8.65,3489538,29199497.4,0.9748,2.7316,0,0
2022-04-28,sz.000026,8.55,8.87,8.42,8.58,2389157,20612800.05,0.6674,-0.8092,0,0
2022-04-29,sz.000026,8.66,8.94,8.46,8.91,3214969,28294622.3,0.8981,3.8462,0,0
2022-05-05,sz.000026,8.92,9.08,8.76,8.95,2184300,19543407.0,0.6102,0.4489,0,0
2022-05-06,sz.000026,8.81,8.84,8.7,8.79,1956890,17199062.2,0.5466,-1.7877,0,0
2022-05-09,sz.000026,8.78,8.93,8.71,8.91,1519300,13480807.0,0.4244,1.3652,0,0
2022-05-10,sz.000026,8.79,9.01,8.72,8.98,2748100,24439749.0,0.7676,0.7856,0,0
2022-05-11,sz.000026,8.92,9.19,8.91,8.98,2974700,27005421.18,0.8309,0.0,0,0
2022-05-12,sz.000026,8.96,9.1,8.91,9.04,2487291,22460859.55,0.6948,0.6682,0,0
2022-05-13,sz.000026,9.06,9.09,8.94,9.01,2433901,21923371.01,0.6799,-0.3319,0,0
2022-05-16,sz.000026,9.05,9.09,8.91,8.98,2863301,25704739.95,0.7998,-0.333,0,0
2022-05-17,sz.000026,8.97,8.98,8.75,8.87,2581300,22839355.0,0.7211,-1.2249,0,0
2022-05-18,sz.000026,8.88,9.05,8.82,8.99,3042301,27263959.99,0.8498,1.3529,0,0
2022-05-19,sz.000026,8.85,8.97,8.81,8.92,3006024,26724583.32,0.8397,-0.7786,0,0
2022-05-20,sz.000026,8.92,9.13,8.92,9.1,4386901,39729738.99,1.2254,2.0179,0,0
2022-05-23,sz.000026,9.14,9.14,9.03,9.09,3004856,27291260.13,0.8394,-0.1099,0,0
2022-05-24,sz.000026,9.1,9.18,8.76,8.78,4416500,39698471.0,1.2337,-3.4103,0,0
2022-05-25,sz.000026,8.75,8.99,8.75,8.97,2659021,23709445.95,0.7428,2.164,0,0
2022-05-26,sz.000026,9.07,9.17,8.97,9.09,4928537,44725397.55,1.3767,1.3378,0,0
2022-05-27,sz.000026,10.0,10.0,10.0,10.0,3241121,32411210.0,0.9054,10.011,1,0
2022-05-30,sz.000026,11.0,11.0,10.66,11.0,17931628,196803790.4,5.009,10.0,1,0
2022-05-31,sz.000026,11.0,11.05,10.33,10.5,30020565,319690272.16,8.3858,-4.5455,0,0
2022-06-01,sz.000026,10.4,11.55,10.4,10.88,27053074,296367481.44,7.5569,3.619,0,0
2022-06-02,sz.000026,10.9,11.22,10.62,10.75,20574993,223723926.05,5.7473,-1.1949,0,0
2022-06-06,sz.000026,10.65,10.65,10.21,10.38,14073349,145417870.32,3.9312,-3.4419,0,0
2022-06-07,sz.000026,10.43,10.68,10.25,10.51,12558052,131015500.22,3.5079,1.2524,0,0
2022-06-08,sz.000026,10.36,10.42,10.0,10.33,10756632,110261586.35,3.0047,-1.7127,0,0
2022-06-09,sz.000026,10.34,10.7,10.27,10.59,12804532,135113583.32,3.5768,2.5169,0,0
2022-06-10,sz.000026,10.12,10.27,10.02,10.17,8836482,89929714.48,2.4683,-1.1662,0,0
2022-06-13,sz.000026,10.05,10.15,9.86,10.06,6523586,65222988.58,1.8223,-1.0816,0,0
2022-06-14,sz.000026,9.98,10.02,9.76,10.01,4673800,46307517.0,1.3056,-0.497,0,0
2022-06-15,sz.000026,10.05,10.46,10.03,10.37,10653885,109497825.46,2.976,3.5964,0,0
2022-06-16,sz.000026,10.36,10.37,10.2,10.26,5081686,52202112.44,1.4195,-1.0608,0,0
2022-06-17,sz.000026,10.18,10.34,10.11,10.23,4440395,45372234.1,1.2404,-0.2924,0,0
2022-06-20,sz.000026,10.16,10.27,10.1,10.23,3623436,36881656.35,1.0122,0.0,0,0
2022-06-21,sz.000026,10.25,10.42,10.09,10.15,4147857,42438862.41,1.1586,-0.782,0,0
2022-06-22,sz.000026,10.1,10.15,9.92,9.96,3685697,36993589.62,1.0295,-1.8719,0,0
2022-06-23,sz.000026,9.97,10.3,9.93,10.29,5745979,58464293.34,1.6051,3.3133,0,0
2022-06-24,sz.000026,10.25,10.27,10.1,10.17,5190100,52776462.0,1.4498,-1.1662,0,0
2022-06-27,sz.000026,10.19,10.32,10.12,10.18,3912600,39906248.0,1.0929,0.0983,0,0
2022-06-28,sz.000026,10.1,10.32,10.04,10.32,6106192,62556285.14,1.7057,1.3752,0,0
2022-06-29,sz.000026,10.28,10.46,10.18,10.29,6464293,66864282.74,1.8057,-0.2907,0,0
2022-06-30,sz.000026,10.32,10.78,10.22,10.69,9291937,98464606.4,2.5956,3.8873,0,0
2022-07-01,sz.000026,10.68,10.68,10.32,10.35,5224310,54679721.2,1.4593,-3.1805,0,0
2022-07-04,sz.000026,10.32,10.39,10.15,10.28,3739060,38227231.4,1.0445,-0.6763,0,0
2022-07-05,sz.000026,10.28,10.32,10.05,10.14,3311701,33646186.22,0.9251,-1.3619,0,0
2022-07-06,sz.000026,10.07,10.17,9.89,9.98,3943300,39421322.0,1.1015,-1.5779,0,0
2022-07-07,sz.000026,10.01,10.13,9.98,10.09,2392000,24031530.0,0.6682,1.1022,0,0
2022-07-08,sz.000026,10.05,10.12,10.01,10.01,1760400,17715469.0,0.4917,-0.7929,0,0
2022-07-11,sz.000026,9.99,10.07,9.82,9.98,1698700,16918568.0,0.4745,-0.2997,0,0
2022-07-12,sz.000026,9.97,10.07,9.87,9.88,1974260,19677665.4,0.5515,-1.002,0,0
2022-07-13,sz.000026,9.9,9.99,9.81,9.93,1458700,14493498.0,0.4058,0.5061,0,0
2022-07-14,sz.000026,9.91,10.03,9.88,9.99,2057100,20498269.0,0.5723,0.6042,0,0
2022-07-15,sz.000026,9.97,9.99,9.36,9.41,5649900,54498680.0,1.5719,-5.8058,0,0
2022-07-18,sz.000026,9.4,9.85,9.39,9.81,3796300,36836261.0,1.0562,4.2508,0,0
2022-07-19,sz.000026,9.78,9.88,9.75,9.85,2152400,21124541.0,0.5988,0.4077,0,0
2022-07-20,sz.000026,9.85,9.89,9.77,9.87,2492607,24478456.6,0.6935,0.203,0,0
2022-07-21,sz.000026,9.92,9.92,9.73,9.74,1953600,19112794.0,0.5435,-1.3171,0,0
2022-07-22,sz.000026,9.72,9.78,9.55,9.65,1919460,18543115.4,0.534,-0.924,0,0
2022-07-25,sz.000026,9.67,9.72,9.56,9.57,1841300,17729284.0,0.5123,-0.829,0,0
2022-07-26,sz.000026,9.57,9.63,9.42,9.63,1540400,14677053.0,0.4286,0.627,0,0
2022-07-27,sz.000026,9.61,9.61,9.5,9.59,1931001,18467783.57,0.5372,-0.4154,0,0
2022-07-28,sz.000026,9.59,9.73,9.58,9.67,1944100,18799951.0,0.5409,0.8342,0,0
2022-07-29,sz.000026,9.69,9.74,9.53,9.74,2998500,28889869.0,0.8342,0.7239,0,0
2022-08-01,sz.000026,9.73,9.77,9.58,9.76,2678100,25947272.0,0.7451,0.2053,0,0
2022-08-02,sz.000026,9.72,9.73,9.18,9.33,3582427,33595674.89,0.9967,-4.4057,0,0
2022-08-03,sz.000026,9.3,9.43,9.19,9.34,3132595,29221758.56,0.8715,0.1072,0,0
2022-08-04,sz.000026,9.36,9.48,9.24,9.46,2781473,26040405.14,0.7738,1.2848,0,0
2022-08-05,sz.000026,9.48,9.6,9.41,9.58,2257100,21484497.0,0.628,1.2685,0,0
2022-08-08,sz.000026,9.57,10.22,9.53,9.93,8576981,85478577.9,2.3862,3.6534,0,0
2022-08-09,sz.000026,9.96,9.96,9.68,9.8,4096600,40112520.0,1.1397,-1.3092,0,0
2022-08-10,sz.000026,9.78,10.78,9.74,10.78,13071682,136349118.96,3.6367,10.0,1,0
2022-08-11,sz.000026,10.8,10.88,10.41,10.48,17680581,187097799.73,4.919,-2.7829,0,0
2022-08-12,sz.000026,10.41,10.58,10.34,10.43,7459098,77791908.68,2.0752,-0.4771,0,0
2022-08-15,sz.000026,10.37,10.43,10.25,10.33,5096454,52583428.36,1.4179,-0.9588,0,0
2022-08-16,sz.000026,10.34,10.4,10.26,10.32,3830104,39529030.32,1.0656,-0.0968,0,0
2022-08-17,sz.000026,10.31,10.37,10.23,10.31,3356300,34549667.0,0.9338,-0.0969,0,0
2022-08-18,sz.000026,10.26,10.37,10.22,10.32,3430746,35388862.8,0.9545,0.097,0,0
2022-08-19,sz.000026,10.36,10.5,10.18,10.2,4488296,46376079.44,1.2487,-1.1628,0,0
2022-08-22,sz.000026,10.05,10.23,9.91,10.23,4579124,46286342.84,1.274,0.2941,0,0
2022-08-23,sz.000026,10.2,10.32,10.08,10.26,3259172,33218233.28,0.9067,0.2933,0,0
2022-08-24,sz.000026,10.3,10.34,10.03,10.08,3919272,39820078.88,1.0904,-1.7544,0,0
2022-08-25,sz.000026,10.15,10.16,9.9,10.15,3110163,31268913.19,0.8653,0.6944,0,0
2022-08-26,sz.000026,10.16,10.22,9.96,10.0,2928360,29558726.0,0.8147,-1.4778,0,0
2022-08-29,sz.000026,9.9,10.09,9.81,10.07,2151600,21489231.0,0.5986,0.7,0,0
2022-08-30,sz.000026,10.09,10.21,10.04,10.14,2747772,27838451.88,0.7645,0.6951,0,0
2022-08-31,sz.000026,10.08,10.13,9.87,9.93,3018800,30054240.0,0.8399,-2.071,0,0
2022-09-01,sz.000026,10.0,10.09,9.89,9.95,1588800,15840379.0,0.442,0.2014,0,0
2022-09-02,sz.000026,9.96,10.14,9.9,10.09,2183992,21923235.88,0.6076,1.407,0,0
2022-09-05,sz.000026,10.11,10.16,10.0,10.12,1527198,15390692.8,0.4249,0.2973,0,0
2022-09-06,sz.000026,10.09,10.2,10.08,10.18,2524802,25620862.34,0.7024,0.5929,0,0
2022-09-07,sz.000026,10.21,10.24,10.11,10.15,2829302,28783735.42,0.7871,-0.2947,0,0
2022-09-08,sz.000026,10.14,10.14,10.01,10.05,2176920,21920793.58,0.6056,-0.9852,0,0
2022-09-09,sz.000026,9.98,10.13,9.97,10.04,2639532,26492125.5,0.7343,-0.0995,0,0
2022-09-13,sz.000026,10.07,10.28,10.01,10.17,2990000,30422473.0,0.8319,1.2948,0,0
2022-09-14,sz.000026,9.98,10.14,9.9,10.07,2316504,23185078.58,0.6445,-0.9833,0,0
2022-09-15,sz.000026,10.13,10.21,9.79,9.9,3258600,32542983.0,0.9066,-1.6882,0,0
2022-09-16,sz.000026,9.9,9.91,9.47,9.53,3378500,32663187.0,0.9399,-3.7374,0,0
2022-09-19,sz.000026,9.45,9.5,9.24,9.31,1734800,16202052.5,0.4826,-2.3085,0,0
2022-09-20,sz.000026,9.35,9.58,9.35,9.58,1579390,14988114.9,0.4394,2.9001,0,0
2022-09-21,sz.000026,9.55,9.64,9.41,9.58,1192900,11356294.0,0.3319,0.0,0,0
2022-09-22,sz.000026,9.5,9.63,9.45,9.46,1172700,11152167.0,0.3263,-1.2526,0,0
2022-09-23,sz.000026,9.56,9.56,9.27,9.3,1114291,10433499.03,0.31,-1.6913,0,0
2022-09-26,sz.000026,9.28,9.28,9.02,9.07,1870800,17136136.0,0.5205,-2.4731,0,0
2022-09-27,sz.000026,9.18,9.47,9.08,9.44,1877800,17468921.0,0.5224,4.0794,0,0
2022-09-28,sz.000026,9.41,9.44,9.19,9.22,1696600,15817981.0,0.472,-2.3305,0,0
2022-09-29,sz.000026,9.29,9.44,8.96,9.01,1979600,18013648.0,0.5507,-2.2777,0,0
2022-09-30,sz.000026,8.99,9.03,8.88,8.9,1240900,11128823.0,0.3452,-1.2209,0,0
2022-10-10,sz.000026,9.0,9.0,8.69,8.72,1262800,11145979.0,0.3513,-2.0225,0,0
2022-10-11,sz.000026,8.72,8.86,8.62,8.8,1260540,11008690.8,0.3507,0.9174,0,0
2022-10-12,sz.000026,8.79,9.07,8.75,9.05,1488240,13288630.8,0.414,2.8409,0,0
2022-10-13,sz.000026,9.06,9.15,9.0,9.04,1334101,12104494.03,0.3712,-0.1105,0,0
2022-10-14,sz.000026,9.08,9.2,9.08,9.12,1511501,13840125.15,0.4205,0.885,0,0
2022-10-17,sz.000026,9.08,9.25,9.07,9.25,1357069,12483300.66,0.3776,1.4254,0,0
2022-10-18,sz.000026,9.29,9.3,9.2,9.21,1182600,10927612.0,0.329,-0.4324,0,0
2022-10-19,sz.000026,9.25,9.25,9.05,9.12,1559491,14222513.2,0.4339,-0.9772,0,0
2022-10-20,sz.000026,9.13,9.18,9.01,9.07,2031857,18455860.03,0.5653,-0.5482,0,0
2022-10-21,sz.000026,9.08,9.13,9.03,9.07,1126083,10221260.49,0.3133,0.0,0,0
2022-10-24,sz.000026,9.08,9.13,8.82,8.85,2458180,22068401.36,0.6839,-2.4256,0,0
2022-10-25,sz.000026,8.83,9.21,8.73,9.15,2772884,24806700.42,0.7715,3.3898,0,0
2022-10-26,sz.000026,9.15,9.34,9.06,9.3,3659512,33780662.11,1.0181,1.6393,0,0
2022-10-27,sz.000026,9.3,9.56,9.23,9.41,4156459,39168943.11,1.1564,1.1828,0,0
2022-10-28,sz.000026,9.36,9.38,9.07,9.17,2428401,22457413.23,0.6756,-2.5505,0,0
2022-10-31,sz.000026,9.18,9.31,9.09,9.28,1806000,16685123.0,0.5025,1.1996,0,0
2022-11-01,sz.000026,9.28,9.41,9.23,9.41,1971868,18440627.21,0.5486,1.4009,0,0
2022-11-02,sz.000026,9.41,9.56,9.35,9.54,2885069,27382316.5,0.8027,1.3815,0,0
2022-11-03,sz.000026,9.45,9.6,9.42,9.56,1697367,16163808.84,0.4722,0.2096,0,0
2022-11-04,sz.000026,9.54,9.72,9.52,9.63,2969800,28635753.0,0.8262,0.7322,0,0
2022-11-07,sz.000026,9.64,9.75,9.56,9.71,1820591,17588986.7,0.5065,0.8307,0,0
2022-11-08,sz.000026,9.67,9.74,9.62,9.72,1317060,12738600.0,0.3664,0.103,0,0
2022-11-09,sz.000026,9.7,9.74,9.63,9.64,1774960,17176007.8,0.4938,-0.823,0,0
2022-11-10,sz.000026,9.61,9.81,9.56,9.77,2488099,24229858.37,0.6922,1.3485,0,0
2022-11-11,sz.000026,9.86,9.93,9.76,9.89,3404810,33556888.45,0.9473,1.2282,0,0
2022-11-14,sz.000026,9.89,10.34,9.8,10.1,5247613,52739673.63,1.4599,2.1234,0,0
2022-11-15,sz.000026,10.07,10.28,9.93,10.19,4708564,47530822.2,1.31,0.8911,0,0
2022-11-16,sz.000026,10.21,10.29,10.1,10.2,2427800,24765841.0,0.6754,0.0981,0,0
2022-11-17,sz.000026,10.19,10.25,10.11,10.23,1846900,18822205.0,0.5138,0.2941,0,0
2022-11-18,sz.000026,10.25,10.58,10.21,10.49,5645500,58764336.78,1.5706,2.5415,0,0
2022-11-21,sz.000026,10.59,10.59,10.3,10.52,3449700,36071466.99,0.9597,0.286,0,0
2022-11-22,sz.000026,10.56,10.61,10.39,10.56,4880700,51220306.0,1.3579,0.3802,0,0
2022-11-23,sz.000026,10.62,10.62,10.29,10.36,3791437,39377005.1,1.0548,-1.8939,0,0
2022-11-24,sz.000026,10.39,10.55,10.31,10.39,3162191,32985884.21,0.8798,0.2896,0,0
2022-11-25,sz.000026,10.39,10.41,10.24,10.28,2464098,25430919.0,0.6855,-1.0587,0,0
2022-11-28,sz.000026,10.28,10.28,10.04,10.15,2492600,25275705.0,0.6935,-1.2646,0,0
2022-11-29,sz.000026,10.23,10.48,10.12,10.45,3734360,38664691.0,1.0389,2.9557,0,0
2022-11-30,sz.000026,10.45,10.5,10.37,10.44,2204560,22992964.0,0.6133,-0.0957,0,0
2022-12-01,sz.000026,10.61,11.48,10.38,11.48,22355811,253292132.28,6.2197,9.9617,1,0
2022-12-02,sz.000026,10.91,11.69,10.75,11.17,28801499,318426384.57,8.0129,-2.7003,0,0
2022-12-05,sz.000026,11.01,11.32,10.95,11.28,17092734,190410476.61,4.7554,0.9848,0,0
2022-12-06,sz.000026,11.25,11.25,10.85,10.9,10511505,115465062.18,2.9244,-3.3688,0,0
2022-12-07,sz.000026,10.95,10.98,10.73,10.82,7464192,80817624.43,2.0766,-0.7339,0,0
2022-12-08,sz.000026,10.82,10.95,10.66,10.94,6739325,72980350.02,1.875,1.1091,0,0
2022-12-09,sz.000026,10.99,10.99,10.59,10.73,6474200,69322982.0,1.8012,-1.9196,0,0
2022-12-12,sz.000026,10.74,10.81,10.64,10.75,3569000,38337821.0,0.9929,0.1864,0,0
2022-12-13,sz.000026,10.61,10.77,10.54,10.64,5570100,59245141.0,1.5497,-1.0233,0,0
2022-12-14,sz.000026,10.58,10.68,10.5,10.53,3194100,33762643.0,0.8886,-1.0338,0,0
2022-12-15,sz.000026,10.5,10.62,10.38,10.43,3799491,39736679.86,1.0571,-0.9497,0,0
2022-12-16,sz.000026,10.36,10.46,10.26,10.35,3217800,33267034.0,0.8952,-0.767,0,0
2022-12-19,sz.000026,10.39,10.43,10.04,10.11,2925659,29746004.16,0.8139,-2.3188,0,0
2022-12-20,sz.000026,10.17,10.19,9.96,10.11,2401859,24196511.49,0.6682,0.0,0,0
2022-12-21,sz.000026,10.12,10.2,10.05,10.09,1827959,18491497.67,0.5085,-0.1978,0,0
2022-12-22,sz.000026,10.19,10.26,10.0,10.08,2555201,25871570.09,0.7108,-0.0991,0,0
2022-12-23,sz.000026,10.05,10.26,9.88,10.21,4323096,43681326.45,1.2027,1.2897,0,0
2022-12-26,sz.000026,10.28,10.3,9.98,10.09,4190902,42276474.75,1.1659,-1.1753,0,0
2022-12-27,sz.000026,10.06,10.43,10.0,10.36,4736100,48598655.0,1.3175,2.6759,0,0
2022-12-28,sz.000026,10.29,10.6,10.27,10.44,4903100,51129180.92,1.364,0.7722,0,0
2022-12-29,sz.000026,10.31,10.39,10.16,10.19,3148060,32258169.0,0.8758,-2.3946,0,0
2022-12-30,sz.000026,10.26,10.45,10.07,10.44,4093653,42234318.14,1.1388,2.4534,0,0
2023-01-03,sz.000026,10.42,10.54,10.33,10.54,3965691,41560883.27,1.1032,0.9579,0,0
2023-01-04,sz.000026,10.58,10.8,10.45,10.73,4727800,50506335.0,1.3152,1.8027,0,0
2023-01-05,sz.000026,10.77,10.77,10.56,10.66,3221121,34261536.69,0.8961,-0.6524,0,0
2023-01-06,sz.000026,10.66,10.69,10.49,10.55,2860800,30294278.0,0.7959,-1.0319,0,0
2023-01-09,sz.000026,10.59,10.67,10.48,10.63,2922700,30956179.0,0.8131,0.7583,0,0
2023-01-10,sz.000026,10.65,10.65,10.5,10.53,2124800,22417594.0,0.5911,-0.9407,0,0
2023-01-11,sz.000026,10.52,10.54,10.36,10.38,2100700,21915826.0,0.5844,-1.4245,0,0
2023-01-12,sz.000026,11.42,11.42,10.66,10.7,23166485,257826180.98,6.4447,3.0829,0,0
2023-01-13,sz.000026,10.64,10.76,10.29,10.57,13836389,144814294.98,3.8492,-1.215,0,0
2023-01-16,sz.000026,10.46,10.89,10.4,10.7,8209700,87723742.0,2.2839,1.2299,0,0
2023-01-17,sz.000026,10.77,11.77,10.65,11.77,24513511,281639454.11,6.8195,10.0,1,0
2023-01-18,sz.000026,12.95,12.95,12.94,12.95,25387000,328761228.0,7.0625,10.0255,1,0
2023-01-19,sz.000026,13.01,13.5,11.93,12.0,57141955,718189937.87,15.8964,-7.3359,0,0
2023-01-20,sz.000026,11.98,12.2,11.27,11.47,35800910,415973030.91,9.9595,-4.4167,0,0
2023-01-30,sz.000026,11.67,12.62,11.5,12.25,46728944,574177537.05,12.9996,6.8003,0,0
2023-01-31,sz.000026,12.06,12.14,11.71,11.92,27230716,322432584.65,7.5036,-2.6939,0,0
2023-02-01,sz.000026,11.82,13.11,11.75,13.11,52174041,663452230.82,14.3769,9.9832,1,0
2023-02-02,sz.000026,13.22,13.55,12.39,12.49,52694505,671975187.95,14.5204,-4.7292,0,0
2023-02-03,sz.000026,12.58,13.65,12.58,12.82,44233368,576179646.98,12.1888,2.6421,0,0
2023-02-06,sz.000026,12.8,12.9,12.01,12.47,30903019,381015911.93,8.5156,-2.7301,0,0
2023-02-07,sz.000026,12.24,12.33,11.93,12.2,24079493,290991000.47,6.6353,-2.1652,0,0
2023-02-08,sz.000026,12.01,12.09,11.86,11.9,15895638,190128414.6,4.3802,-2.459,0,0
2023-02-09,sz.000026,11.88,12.08,11.77,12.05,13532623,162047382.94,3.729,1.2605,0,0
2023-02-10,sz.000026,12.04,12.17,11.9,12.07,12320747,148437009.1,3.3951,0.166,0,0
2023-02-13,sz.000026,12.15,12.47,12.09,12.18,15441224,188668397.04,4.2549,0.9114,0,0
2023-02-14,sz.000026,12.2,12.27,11.84,11.93,12985104,155118349.26,3.5781,-2.0525,0,0
2023-02-15,sz.000026,11.82,11.91,11.56,11.72,12723809,148426564.84,3.5061,-1.7603,0,0
2023-02-16,sz.000026,11.7,11.75,11.2,11.35,11922203,137744307.69,3.2853,-3.157,0,0
2023-02-17,sz.000026,11.36,11.45,11.28,11.35,6390798,72598538.3,1.761,0.0,0,0
2023-02-20,sz.000026,11.44,11.61,11.2,11.6,7685400,88283568.0,2.1178,2.2026,0,0
2023-02-21,sz.000026,11.55,11.68,11.51,11.63,6105700,70764326.02,1.6825,0.2586,0,0
2023-02-22,sz.000026,11.58,11.63,11.51,11.6,3308900,38314511.0,0.9118,-0.258,0,0
2023-02-23,sz.000026,11.61,11.69,11.46,11.56,4358300,50452151.0,1.201,-0.3448,0,0
2023-02-24,sz.000026,11.61,11.61,11.46,11.54,3308800,38111642.0,0.9118,-0.173,0,0
2023-02-27,sz.000026,11.53,11.59,11.41,11.53,3438527,39513091.5,0.9475,-0.0867,0,0
2023-02-28,sz.000026,11.56,11.7,11.49,11.65,4928500,57101098.0,1.3581,1.0408,0,0
2023-03-01,sz.000026,11.6,11.68,11.55,11.68,4661500,54200827.0,1.2845,0.2575,0,0
2023-03-02,sz.000026,11.62,11.76,11.61,11.66,4627222,54112429.13,1.2751,-0.1712,0,0
2023-03-03,sz.000026,11.63,11.71,11.57,11.67,4837781,56360041.85,1.3331,0.0858,0,0
2023-03-06,sz.000026,11.73,11.98,11.68,11.87,11008450,130280746.59,3.0335,1.7138,0,0
2023-03-07,sz.000026,11.93,11.93,11.52,11.54,8564756,100438896.14,2.3601,-2.7801,0,0
2023-03-08,sz.000026,11.54,11.61,11.44,11.6,4089254,47185454.74,1.1268,0.5199,0,0
2023-03-09,sz.000026,11.63,11.64,11.38,11.53,4052977,46578832.5,1.1168,-0.6034,0,0
2023-03-10,sz.000026,11.48,11.49,11.27,11.37,4547880,51584298.2,1.2532,-1.3877,0,0
2023-03-13,sz.000026,11.33,11.43,11.17,11.38,3734009,42236849.89,1.0289,0.088,0,0
2023-03-14,sz.000026,11.39,11.51,11.25,11.43,4260900,48491762.0,1.1741,0.4394,0,0
2023-03-15,sz.000026,11.38,11.7,11.38,11.61,8787651,101980852.11,2.4215,1.5748,0,0
2023-03-16,sz.000026,11.58,11.74,11.45,11.62,6686600,77699699.0,1.8425,0.0861,0,0
2023-03-17,sz.000026,11.7,11.7,11.5,11.62,5733684,66435122.05,1.58,0.0,0,0
2023-03-20,sz.000026,11.48,11.53,11.07,11.11,8854969,98968695.4,2.4424,-4.389,0,0
2023-03-21,sz.000026,11.19,11.42,11.08,11.32,5635902,63609505.7,1.5545,1.8902,0,0
2023-03-22,sz.000026,11.34,11.45,11.31,11.36,3209939,36486450.76,0.8854,0.3534,0,0
2023-03-23,sz.000026,11.34,11.34,11.16,11.22,4663383,52367845.26,1.2863,-1.2324,0,0
2023-03-24,sz.000026,11.28,11.47,11.16,11.43,5604377,63493707.34,1.5458,1.8717,0,0
2023-03-27,sz.000026,11.38,11.5,11.14,11.2,5646900,63564959.0,1.5575,-2.0122,0,0
2023-03-28,sz.000026,11.17,11.19,11.01,11.05,3793101,42036488.1,1.0462,-1.3393,0,0
2023-03-29,sz.000026,11.14,11.14,10.85,10.85,3487200,38147676.0,0.9618,-1.81,0,0
2023-03-30,sz.000026,10.92,10.98,10.82,10.98,2677121,29183954.43,0.7384,1.1982,0,0
2023-03-31,sz.000026,10.98,11.05,10.9,11.03,2722800,29869720.0,0.751,0.4554,0,0
2023-04-03,sz.000026,11.04,11.08,10.97,11.06,4010800,44189428.0,1.1063,0.272,0,0
2023-04-04,sz.000026,11.09,11.11,10.87,10.93,3510239,38485159.93,0.9682,-1.1754,0,0
2023-04-06,sz.000026,10.9,10.92,10.78,10.87,3163761,34246783.8,0.8726,-0.5489,0,0
2023-04-07,sz.000026,10.8,11.16,10.79,11.04,4035601,44437190.07,1.1131,1.5639,0,0
2023-04-10,sz.000026,11.09,11.19,11.01,11.03,3767499,41732937.86,1.0392,-0.0906,0,0
2023-04-11,sz.000026,11.14,11.14,10.93,11.08,2745000,30324729.0,0.7571,0.4533,0,0
2023-04-12,sz.000026,11.2,11.42,11.07,11.27,5386760,60884977.6,1.4858,1.7148,0,0
2023-04-13,sz.000026,11.3,11.48,11.23,11.43,5172100,58859387.0,1.4266,1.4197,0,0
2023-04-14,sz.000026,11.46,11.48,11.19,11.41,4832600,54952606.0,1.3329,-0.175,0,0
2023-04-17,sz.000026,11.47,11.56,11.34,11.49,4789700,54997633.6,1.3211,0.7011,0,0
2023-04-18,sz.000026,11.53,11.55,11.35,11.4,4022200,45966703.0,1.1094,-0.7833,0,0
2023-04-19,sz.000026,11.36,11.5,11.27,11.46,3952568,45104513.1,1.0902,0.5263,0,0
2023-04-20,sz.000026,11.42,11.47,11.29,11.47,3434000,39047369.6,0.9472,0.0873,0,0
2023-04-21,sz.000026,11.47,11.57,11.25,11.33,3450700,39303081.0,0.9518,-1.2206,0,0
2023-04-24,sz.000026,11.4,11.4,10.95,11.14,4076400,45159211.6,1.1244,-1.677,0,0
2023-04-25,sz.000026,11.25,11.4,10.9,11.21,5991601,66870049.0,1.6526,0.6284,0,0
2023-04-26,sz.000026,11.21,11.55,11.03,11.45,5486300,62336735.0,1.5132,2.1409,0,0
2023-04-27,sz.000026,11.45,11.69,11.34,11.62,5845502,67546667.82,1.6123,1.4847,0,0
2023-04-28,sz.000026,11.6,11.83,11.58,11.76,5871100,68828347.62,1.6194,1.2048,0,0
2023-05-04,sz.000026,11.83,11.87,11.69,11.85,5471419,64501860.15,1.5091,0.7653,0,0
2023-05-05,sz.000026,11.86,11.86,11.67,11.75,4038570,47423664.8,1.1139,-0.8439,0,0
2023-05-08,sz.000026,11.75,11.8,11.61,11.76,5968107,69791930.83,1.6461,0.0851,0,0
2023-05-09,sz.000026,11.74,11.95,11.64,11.74,7109974,83951272.75,1.9611,-0.1701,0,0
2023-05-10,sz.000026,11.74,12.43,11.68,12.06,15868437,192380168.79,4.3769,2.7257,0,0
2023-05-11,sz.000026,12.1,12.33,12.01,12.25,12439400,152074836.01,3.4311,1.5755,0,0
2023-05-12,sz.000026,12.26,12.41,12.1,12.25,8480965,104179424.43,2.3392,0.0,0,0
2023-05-15,sz.000026,12.24,12.25,11.85,12.13,7458134,89488289.26,2.0571,-0.9796,0,0
2023-05-16,sz.000026,12.18,12.18,11.85,11.9,4050301,48437662.88,1.1172,-1.8961,0,0
2023-05-17,sz.000026,11.92,12.08,11.81,12.01,2995592,35870075.68,0.8262,0.9244,0,0
2023-05-18,sz.000026,12.08,12.08,11.97,12.01,3301138,39686588.74,0.9105,0.0,0,0
2023-05-19,sz.000026,12.03,12.03,11.84,11.9,3305939,39386826.59,0.9118,-0.9159,0,0
2023-05-22,sz.000026,11.9,11.9,11.66,11.75,3364582,39495356.98,0.928,-1.2605,0,0
2023-05-23,sz.000026,11.74,11.78,11.55,11.6,2494238,29099952.36,0.688,-1.2766,0,0
2023-05-24,sz.000026,11.55,11.61,11.43,11.45,2654612,30565141.64,0.7322,-1.2931,0,0
2023-05-25,sz.000026,11.44,11.56,11.35,11.52,3244638,37147003.62,0.8949,0.6114,0,0
2023-05-26,sz.000026,11.55,11.62,11.31,11.55,2521200,28960084.8,0.6954,0.2604,0,0
2023-05-29,sz.000026,11.64,11.78,11.55,11.62,3267400,38081349.32,0.9012,0.6061,0,0
2023-05-30,sz.000026,11.62,11.76,11.54,11.75,3014600,35207501.0,0.8315,1.1188,0,0
2023-05-31,sz.000026,11.68,12.22,11.68,12.03,6591340,79258913.62,1.818,2.383,0,0
2023-06-01,sz.000026,12.01,12.57,11.88,12.42,10807658,133113862.1,2.981,3.2419,0,0
2023-06-02,sz.000026,12.43,12.5,12.3,12.37,7082500,87846325.0,1.9535,-0.4026,0,0
2023-06-05,sz.000026,12.42,12.78,12.4,12.67,7433639,94044777.24,2.0504,2.4252,0,0
2023-06-06,sz.000026,12.7,12.77,12.18,12.24,9057040,112856659.8,2.4981,-3.3938,0,0
2023-06-07,sz.000026,12.33,12.39,12.11,12.35,3730201,45724773.03,1.0289,0.8987,0,0
2023-06-08,sz.000026,12.36,12.36,12.1,12.18,3467710,42277382.1,0.9565,-1.3765,0,0
2023-06-09,sz.000026,12.18,12.33,12.1,12.18,2901891,35437716.0,0.8004,0.0,0,0
2023-06-12,sz.000026,12.2,12.24,12.04,12.09,3410801,41377200.05,0.9408,-0.7389,0,0
2023-06-13,sz.000026,12.14,12.24,12.06,12.16,2917680,35438329.6,0.8048,0.579,0,0
2023-06-14,sz.000026,12.2,12.35,12.12,12.26,3672591,44957659.36,1.013,0.8224,0,0
2023-06-15,sz.000026,12.1,12.14,11.88,11.95,3669100,43884683.0,1.012,-0.4996,0,0
2023-06-16,sz.000026,12.06,12.4,11.96,12.2,6474118,78821083.52,1.7857,2.0921,0,0
2023-06-19,sz.000026,12.1,12.13,11.86,11.98,5494500,65667115.0,1.5155,-1.8033,0,0
2023-06-20,sz.000026,12.05,12.05,11.79,11.86,3815881,45225471.99,1.0525,-1.0017,0,0
2023-06-21,sz.000026,11.89,11.89,11.59,11.6,3314978,38739560.48,0.9143,-2.1922,0,0
2023-06-26,sz.000026,11.6,11.64,11.28,11.35,3683120,42114999.6,1.0159,-2.1552,0,0
2023-06-27,sz.000026,11.41,11.84,11.41,11.8,4413100,51753402.0,1.2172,3.9648,0,0
2023-06-28,sz.000026,11.78,11.83,11.49,11.74,3397291,39647701.34,0.937,-0.5085,0,0
2023-06-29,sz.000026,11.74,12.02,11.66,11.94,3969100,47290255.0,1.0948,1.7036,0,0
2023-06-30,sz.000026,12.01,12.19,11.93,12.06,3488500,42150479.0,0.9622,1.005,0,0
2023-07-03,sz.000026,12.06,12.18,12.0,12.14,3552900,42977153.0,0.98,0.6633,0,0
2023-07-04,sz.000026,12.14,12.23,12.05,12.14,2387120,28957889.2,0.6584,0.0,0,0
2023-07-05,sz.000026,12.11,12.15,12.0,12.07,2387900,28831579.0,0.6586,-0.5766,0,0
2023-07-06,sz.000026,12.03,12.14,11.96,12.08,2282800,27524741.0,0.6296,0.0829,0,0
2023-07-07,sz.000026,12.08,12.08,11.83,11.97,2518300,30122577.0,0.6946,-0.9106,0,0
2023-07-10,sz.000026,11.97,12.1,11.87,11.94,2077200,24789304.0,0.5729,-0.2506,0,0
2023-07-11,sz.000026,11.98,12.2,11.88,12.19,3476000,41980234.0,0.9588,2.0938,0,0
2023-07-12,sz.000026,12.19,12.26,11.89,11.95,2814700,33947027.0,0.7764,-1.9688,0,0
2023-07-13,sz.000026,11.95,12.15,11.93,12.11,2898700,35031796.0,0.7995,1.3389,0,0
2023-07-14,sz.000026,12.23,12.24,12.0,12.16,3174762,38498005.48,0.8757,0.4129,0,0
2023-07-17,sz.000026,12.14,12.21,11.89,12.14,2548100,30617394.0,0.7028,-0.1645,0,0
2023-07-18,sz.000026,12.13,12.13,11.99,12.06,1794600,21618114.0,0.495,-0.659,0,0
2023-07-19,sz.000026,12.07,12.34,12.01,12.22,4209700,51495720.0,1.1611,1.3267,0,0
2023-07-20,sz.000026,12.27,12.3,12.0,12.05,3251602,39348656.26,0.8969,-1.3912,0,0
2023-07-21,sz.000026,12.01,12.15,11.93,11.97,2943700,35382820.94,0.8119,-0.6639,0,0
2023-07-24,sz.000026,12.0,12.07,11.86,11.98,2179380,26115930.8,0.6011,0.0835,0,0
2023-07-25,sz.000026,12.08,12.23,12.04,12.21,3277900,39850098.0,0.9041,1.9199,0,0
2023-07-26,sz.000026,12.24,12.24,12.05,12.14,2756000,33395533.0,0.7602,-0.5733,0,0
2023-07-27,sz.000026,12.17,12.19,12.01,12.09,2752500,33250276.0,0.7592,-0.4119,0,0
2023-07-28,sz.000026,11.95,12.22,11.92,12.19,3239500,39244975.0,0.8935,0.8271,0,0
2023-07-31,sz.000026,12.22,12.4,12.17,12.37,4440400,54509438.0,1.2248,1.4766,0,0
2023-08-01,sz.000026,12.35,12.69,12.27,12.34,5842600,72416269.0,1.6115,-0.2425,0,0
2023-08-02,sz.000026,12.23,12.35,12.14,12.26,3723000,45505909.0,1.0269,-0.6483,0,0
2023-08-03,sz.000026,12.16,12.26,12.07,12.18,2591500,31462777.0,0.7148,-0.6525,0,0
2023-08-04,sz.000026,12.18,12.26,12.0,12.05,4322800,52243075.0,1.1923,-1.0673,0,0
2023-08-07,sz.000026,12.0,12.05,11.71,11.76,4415000,52167016.0,1.2178,-2.4066,0,0
2023-08-08,sz.000026,11.78,11.88,11.62,11.85,3622580,42703665.0,0.9992,0.7653,0,0
2023-08-09,sz.000026,11.79,11.84,11.56,11.58,3583700,41704769.0,0.9885,-2.2785,0,0
2023-08-10,sz.000026,11.61,11.65,11.53,11.58,2625600,30426683.0,0.7242,0.0,0,0
2023-08-11,sz.000026,11.53,11.65,11.31,11.34,3412800,39037450.0,0.9413,-2.0725,0,0
2023-08-14,sz.000026,11.29,11.37,11.14,11.3,2860201,32233166.28,0.7889,-0.3527,0,0
2023-08-15,sz.000026,11.31,11.42,11.25,11.38,2979800,33832818.0,0.8219,0.708,0,0
2023-08-16,sz.000026,11.31,11.4,11.24,11.29,2101700,23755661.0,0.5797,-0.7909,0,0
2023-08-17,sz.000026,11.29,11.5,11.18,11.5,2115800,24051253.0,0.5836,1.8601,0,0
2023-08-18,sz.000026,11.48,11.55,11.25,11.28,2134700,24285665.0,0.5888,-1.913,0,0
2023-08-21,sz.000026,11.28,11.43,11.22,11.24,2019400,22845229.0,0.557,-0.3546,0,0
2023-08-22,sz.000026,11.33,11.33,11.03,11.22,3207902,35781923.28,0.8848,-0.1779,0,0
2023-08-23,sz.000026,11.36,11.48,11.2,11.3,5588100,63542361.0,1.5413,0.713,0,0
2023-08-24,sz.000026,11.3,11.33,11.0,11.19,4704180,52651955.4,1.2975,-0.9735,0,0
2023-08-25,sz.000026,11.23,11.23,10.91,10.97,4238901,46790600.97,1.1692,-1.966,0,0
2023-08-28,sz.000026,11.5,11.56,11.23,11.26,7709000,88077451.02,2.1263,2.6436,0,0
2023-08-29,sz.000026,11.25,11.51,11.15,11.51,3885600,44291239.0,1.0717,2.2202,0,0
2023-08-30,sz.000026,11.49,11.67,11.46,11.6,3305900,38281147.41,0.9118,0.7819,0,0
2023-08-31,sz.000026,11.56,11.62,11.44,11.51,2447800,28183764.02,0.6752,-0.7759,0,0
2023-09-01,sz.000026,11.48,11.65,11.46,11.63,2517186,29129419.42,0.6943,1.0426,0,0
2023-09-04,sz.000026,11.65,12.0,11.63,11.97,5725600,67979035.0,1.5792,2.9235,0,0
2023-09-05,sz.000026,11.94,11.98,11.79,11.85,3114601,36900516.81,0.8591,-1.0025,0,0
2023-09-06,sz.000026,11.87,11.92,11.76,11.92,2960402,35127487.6,0.8165,0.5907,0,0
2023-09-07,sz.000026,11.92,11.94,11.74,11.79,2432679,28808547.04,0.671,-1.0906,0,0
2023-09-08,sz.000026,11.7,11.82,11.66,11.75,2704500,31714887.0,0.746,-0.3393,0,0
2023-09-11,sz.000026,11.74,11.85,11.64,11.81,3027800,35585784.0,0.8351,0.5106,0,0
2023-09-12,sz.000026,11.81,11.85,11.7,11.76,2988501,35187712.73,0.8243,-0.4234,0,0
2023-09-13,sz.000026,11.79,11.79,11.54,11.65,1815191,21147138.51,0.5007,-0.9354,0,0
2023-09-14,sz.000026,11.59,11.67,11.51,11.6,2502400,29007530.5,0.6902,-0.4292,0,0
2023-09-15,sz.000026,11.65,11.76,11.55,11.65,3093300,36043222.0,0.8532,0.431,0,0
2023-09-18,sz.000026,11.71,11.79,11.57,11.75,2896836,33819203.6,0.799,0.8584,0,0
2023-09-19,sz.000026,11.78,11.78,11.56,11.6,1807837,21009873.46,0.4986,-1.2766,0,0
2023-09-20,sz.000026,11.55,11.64,11.49,11.53,1915000,22113052.0,0.5282,-0.6034,0,0
2023-09-21,sz.000026,11.5,11.54,11.36,11.47,1801200,20630462.0,0.4968,-0.5204,0,0
2023-09-22,sz.000026,11.46,11.66,11.35,11.63,2289606,26425111.26,0.6315,1.3949,0,0
2023-09-25,sz.000026,11.6,11.68,11.52,11.56,1638439,18954772.05,0.4519,-0.6019,0,0
2023-09-26,sz.000026,11.61,11.61,11.42,11.5,2341137,26902506.13,0.6457,-0.519,0,0
2023-09-27,sz.000026,11.53,11.55,11.39,11.45,2857000,32700912.0,0.788,-0.4348,0,0
2023-09-28,sz.000026,11.49,11.66,11.42,11.66,3100299,35921814.38,0.8551,1.8341,0,0
2023-10-09,sz.000026,11.59,11.64,11.2,11.3,5850478,66188922.44,1.6137,-3.0875,0,0
2023-10-10,sz.000026,11.28,11.33,11.11,11.18,3743400,41884916.09,1.0325,-1.0619,0,0
2023-10-11,sz.000026,11.23,11.31,11.16,11.23,3496161,39225857.59,0.9643,0.4472,0,0
2023-10-12,sz.000026,11.21,11.31,11.2,11.27,2486100,27947349.0,0.6857,0.3562,0,0
2023-10-13,sz.000026,11.27,11.27,10.94,11.04,4331400,47813895.0,1.1947,-2.0408,0,0
2023-10-16,sz.000026,11.0,11.17,10.97,11.08,3407618,37684180.08,0.9399,0.3623,0,0
2023-10-17,sz.000026,11.14,11.14,10.94,11.07,3503300,38573416.82,0.9663,-0.0903,0,0
2023-10-18,sz.000026,11.06,11.06,10.79,10.85,3385171,36801234.19,0.9337,-1.9874,0,0
2023-10-19,sz.000026,10.85,10.87,10.7,10.75,2201300,23724473.0,0.6072,-0.9217,0,0
2023-10-20,sz.000026,10.78,10.79,10.63,10.69,2200620,23527411.8,0.607,-0.5581,0,0
2023-10-23,sz.000026,10.61,10.67,10.02,10.15,7117534,72991640.16,1.9632,-5.0514,0,0
2023-10-24,sz.000026,10.15,10.25,9.96,10.19,7765477,78817707.55,2.1419,0.3941,0,0
2023-10-25,sz.000026,10.21,10.36,10.12,10.24,4506014,46243795.01,1.2429,0.4907,0,0
2023-10-26,sz.000026,10.18,10.29,10.09,10.28,4131771,42018479.07,1.1396,0.3906,0,0
2023-10-27,sz.000026,10.25,10.5,10.19,10.48,3952633,41085967.42,1.0902,1.9455,0,0
2023-10-30,sz.000026,10.49,10.6,10.4,10.59,4648780,48956559.6,1.2822,1.0496,0,0
2023-10-31,sz.000026,10.62,10.66,10.54,10.64,2637200,27955758.99,0.7274,0.4721,0,0
2023-11-01,sz.000026,10.63,10.66,10.56,10.65,2957063,31376180.52,0.8156,0.094,0,0
2023-11-02,sz.000026,10.64,10.68,10.5,10.55,2955900,31210695.0,0.8153,-0.939,0,0
2023-11-03,sz.000026,10.54,10.71,10.42,10.66,2421298,25718127.69,0.6678,1.0427,0,0
2023-11-06,sz.000026,10.73,10.81,10.64,10.8,2993300,32120552.0,0.8256,1.3133,0,0
2023-11-07,sz.000026,10.8,11.88,10.7,11.88,21286503,244718164.64,5.8713,10.0,1,0
2023-11-08,sz.000026,11.84,12.0,11.52,11.93,24654050,289229852.92,6.8001,0.4209,0,0
2023-11-09,sz.000026,11.94,11.98,11.46,11.7,13081700,152201066.28,3.6082,-1.9279,0,0
2023-11-10,sz.000026,11.64,12.58,11.48,12.19,23500569,284892835.99,6.482,4.188,0,0
2023-11-13,sz.000026,12.21,12.53,11.87,12.31,16839273,205905342.77,4.6446,0.9844,0,0
2023-11-14,sz.000026,12.5,12.65,11.99,12.34,15502307,190098841.35,4.2759,0.2437,0,0
2023-11-15,sz.000026,12.34,12.45,12.24,12.27,7916801,97394833.33,2.1836,-0.5673,0,0
2023-11-16,sz.000026,12.24,12.29,11.85,11.94,12593960,151157072.0,3.4737,-2.6895,0,0
2023-11-17,sz.000026,11.95,12.15,11.8,12.11,6983900,83606213.5,1.9263,1.4238,0,0
2023-11-20,sz.000026,12.05,12.41,12.04,12.32,6432700,78603618.0,1.7743,1.7341,0,0
2023-11-21,sz.000026,12.36,12.38,12.19,12.25,5246400,64382500.79,1.4471,-0.5682,0,0
2023-11-22,sz.000026,12.23,12.3,12.14,12.16,4015900,49018201.0,1.1077,-0.7347,0,0
2023-11-23,sz.000026,12.16,12.24,12.09,12.2,4155700,50551378.0,1.1462,0.3289,0,0
2023-11-24,sz.000026,12.18,12.4,12.07,12.11,4458200,54366053.0,1.2297,-0.7377,0,0
2023-11-27,sz.000026,12.17,12.18,11.98,12.03,3492900,42035416.0,0.9634,-0.6606,0,0
2023-11-28,sz.000026,11.99,12.08,11.91,12.01,3928652,47141012.12,1.0836,-0.1663,0,0
2023-11-29,sz.000026,12.04,12.08,11.8,11.87,5941422,70899116.36,1.6388,-1.1657,0,0
2023-11-30,sz.000026,11.99,11.99,11.63,11.74,5437900,63944589.0,1.4999,-1.0952,0,0
2023-12-01,sz.000026,11.73,11.9,11.67,11.89,5062500,59970436.0,1.3963,1.2777,0,0
2023-12-04,sz.000026,11.85,11.95,11.78,11.84,4282400,50802629.0,1.1812,-0.4205,0,0
2023-12-05,sz.000026,11.8,11.81,11.63,11.67,2770500,32425519.0,0.7642,-1.4358,0,0
2023-12-06,sz.000026,11.62,11.82,11.6,11.8,3503400,41080889.0,0.9663,1.114,0,0
2023-12-07,sz.000026,11.79,11.85,11.65,11.8,3301200,38810180.36,0.9105,0.0,0,0
2023-12-08,sz.000026,11.82,11.84,11.5,11.53,4196900,48774855.0,1.1576,-2.2881,0,0
2023-12-11,sz.000026,11.48,11.65,11.43,11.63,3219100,37275521.0,0.8879,0.8673,0,0
2023-12-12,sz.000026,11.62,11.93,11.55,11.85,3473900,40972902.0,0.9582,1.8917,0,0
2023-12-13,sz.000026,11.82,11.82,11.62,11.64,2893836,33847860.28,0.7982,-1.7722,0,0
2023-12-14,sz.000026,11.68,11.85,11.63,11.69,3769908,44327719.48,1.0398,0.4296,0,0
2023-12-15,sz.000026,11.75,11.75,11.55,11.59,2991300,34703777.0,0.8251,-0.8554,0,0
2023-12-18,sz.000026,11.55,11.62,11.38,11.44,3159700,36274663.0,0.8715,-1.2942,0,0
2023-12-19,sz.000026,11.49,11.55,11.35,11.46,2463400,28123034.0,0.6795,0.1748,0,0
2023-12-20,sz.000026,11.47,11.49,11.29,11.3,2178200,24809460.0,0.6008,-1.3962,0,0
2023-12-21,sz.000026,11.33,11.45,11.14,11.43,2794525,31676549.75,0.7708,1.1504,0,0
2023-12-22,sz.000026,11.42,11.43,11.21,11.25,3099300,35033754.0,0.8549,-1.5748,0,0
2023-12-25,sz.000026,11.2,11.28,10.98,11.12,3412800,37872685.0,0.9413,-1.1556,0,0
2023-12-26,sz.000026,11.13,11.13,10.92,10.96,2586500,28443080.0,0.7134,-1.4388,0,0
2023-12-27,sz.000026,10.88,11.09,10.84,10.95,3243801,35394856.88,0.8947,-0.0912,0,0
2023-12-28,sz.000026,10.95,11.02,10.81,10.94,5532198,60403492.18,1.5259,-0.0913,0,0
2023-12-29,sz.000026,10.92,10.99,10.82,10.96,5160300,56415720.0,1.4233,0.1828,0,0
2024-01-02,sz.000026,10.96,11.12,10.95,11.03,4892792,54049371.08,1.3495,0.6387,0,0
2024-01-03,sz.000026,10.98,11.03,10.87,10.97,3909800,42760979.0,1.0784,-0.544,0,0
2024-01-04,sz.000026,10.97,11.03,10.91,11.0,3418320,37521701.8,0.9428,0.2735,0,0
2024-01-05,sz.000026,10.99,11.06,10.71,10.82,3864100,42199934.0,1.0658,-1.6364,0,0
2024-01-08,sz.000026,10.83,10.83,10.5,10.56,3962600,42194698.0,1.093,-2.403,0,0
2024-01-09,sz.000026,10.54,10.75,10.51,10.72,4053800,43200611.0,1.1181,1.5152,0,0
2024-01-10,sz.000026,10.71,10.8,10.53,10.71,3365400,35922815.0,0.9282,-0.0933,0,0
2024-01-11,sz.000026,10.69,10.94,10.66,10.88,3969900,42934028.0,1.095,1.5873,0,0
2024-01-12,sz.000026,10.83,11.0,10.76,10.78,3013299,32733250.1,0.8311,-0.9191,0,0
2024-01-15,sz.000026,10.78,10.85,10.66,10.78,2904130,31269828.89,0.801,0.0,0,0
2024-01-16,sz.000026,10.81,10.83,10.51,10.68,3008408,32083189.06,0.8298,-0.9276,0,0
2024-01-17,sz.000026,10.66,10.73,10.43,10.47,3324700,35267482.0,0.917,-1.9663,0,0
2024-01-18,sz.000026,10.42,10.42,9.95,10.23,5261662,53360913.9,1.4513,-2.2923,0,0
2024-01-19,sz.000026,10.2,11.25,10.16,10.51,15537690,167302497.16,4.2856,2.737,0,0
2024-01-22,sz.000026,10.51,10.71,9.78,9.81,15165552,155595917.68,4.183,-6.6603,0,0
2024-01-23,sz.000026,9.8,9.95,9.48,9.8,9304498,90150921.45,2.5664,-0.1019,0,0
2024-01-24,sz.000026,9.82,10.14,9.67,10.13,7141400,70865885.0,1.9698,3.3673,0,0
2024-01-25,sz.000026,10.18,10.9,10.14,10.7,9377264,99453236.72,2.5865,5.6269,0,0
2024-01-26,sz.000026,10.74,10.81,10.52,10.55,6270700,66728308.0,1.7296,-1.4019,0,0
2024-01-29,sz.000026,10.55,10.89,10.35,10.36,7450800,79156116.0,2.0551,-1.8009,0,0
2024-01-30,sz.000026,10.38,10.48,10.0,10.08,5375382,55225399.63,1.4826,-2.7027,0,0
2024-01-31,sz.000026,10.04,10.07,9.46,9.51,7919879,77056672.84,2.1845,-5.6548,0,0
2024-02-01,sz.000026,9.48,9.48,9.07,9.18,7053879,65269844.44,1.9456,-3.47,0,0
2024-02-02,sz.000026,9.27,9.38,8.5,8.86,7168500,64515762.0,1.9772,-3.4858,0,0
2024-02-05,sz.000026,8.75,8.76,7.98,8.17,10593209,87246282.59,2.9218,-7.7878,0,0
2024-02-06,sz.000026,8.0,8.73,7.8,8.54,9546739,78506738.5,2.6332,4.5288,0,0
2024-02-07,sz.000026,8.45,8.7,8.11,8.3,10654595,89408554.04,2.9388,-2.8103,0,0
2024-02-08,sz.000026,8.31,9.03,8.19,8.99,11548001,99441102.26,3.1852,8.3133,0,0
2024-02-19,sz.000026,9.1,9.52,9.09,9.27,9646582,89363886.57,2.6607,3.1146,0,0
2024-02-20,sz.000026,9.25,9.25,9.05,9.23,3852803,35284776.05,1.0627,-0.4315,0,0
2024-02-21,sz.000026,9.17,9.57,9.1,9.27,5340700,49943980.0,1.4731,0.4334,0,0
2024-02-22,sz.000026,9.2,9.48,9.2,9.47,4214300,39432585.0,1.1624,2.1575,0,0
2024-02-23,sz.000026,9.47,9.56,9.35,9.56,4445600,42091536.0,1.2262,0.9504,0,0
2024-02-26,sz.000026,9.55,9.77,9.49,9.59,4893100,47167661.0,1.3496,0.3138,0,0
2024-02-27,sz.000026,9.57,9.82,9.52,9.82,4376701,42375745.74,1.2072,2.3983,0,0
2024-02-28,sz.000026,9.81,9.95,9.29,9.32,8825501,85166867.87,2.4343,-5.0916,0,0
2024-02-29,sz.000026,9.24,9.62,9.2,9.62,5803876,54836430.08,1.6008,3.2189,0,0
2024-03-01,sz.000026,9.62,9.72,9.53,9.65,4267376,41050032.64,1.177,0.3119,0,0
2024-03-04,sz.000026,9.61,9.68,9.48,9.68,4037834,38707889.72,1.1137,0.3109,0,0
2024-03-05,sz.000026,9.58,9.68,9.51,9.55,3059500,29360873.0,0.8439,-1.343,0,0
2024-03-06,sz.000026,9.56,9.74,9.49,9.64,3482100,33504505.0,0.9604,0.9424,0,0
2024-03-07,sz.000026,9.66,9.86,9.62,9.66,4403400,42789129.0,1.2146,0.2075,0,0
2024-03-08,sz.000026,9.77,9.82,9.62,9.73,2978500,28916982.0,0.8215,0.7246,0,0
2024-03-11,sz.000026,9.69,9.84,9.65,9.8,3676210,35802616.3,1.014,0.7194,0,0
2024-03-12,sz.000026,9.82,9.98,9.74,9.98,4106080,40452138.4,1.1325,1.8367,0,0
2024-03-13,sz.000026,9.97,10.07,9.78,9.99,5878100,58284901.0,1.6213,0.1002,0,0
2024-03-14,sz.000026,10.21,10.38,10.07,10.17,10437862,106690344.4,2.879,1.8018,0,0
2024-03-15,sz.000026,10.17,10.46,10.1,10.23,7012580,71522577.13,1.9342,0.59,0,0
2024-03-18,sz.000026,10.25,10.4,10.19,10.37,6899006,71000112.68,1.9029,1.3685,0,0
2024-03-19,sz.000026,10.38,10.67,10.33,10.55,8214188,86582798.48,2.2656,1.7358,0,0
2024-03-20,sz.000026,10.55,10.98,10.51,10.8,7822346,83987615.18,2.1576,2.3697,0,0
2024-03-21,sz.000026,10.78,10.98,10.59,10.87,7604800,81835398.94,2.0976,0.6481,0,0
2024-03-22,sz.000026,10.89,11.08,10.68,10.86,7450600,80907535.3,2.055,-0.092,0,0
2024-03-25,sz.000026,10.8,10.85,10.46,10.46,7602170,80996758.7,2.0968,-3.6832,0,0
2024-03-26,sz.000026,10.5,10.66,10.41,10.6,5106102,53807745.04,1.4084,1.3384,0,0
2024-03-27,sz.000026,10.63,10.65,10.33,10.35,4101300,43066195.0,1.1312,-2.3585,0,0
2024-03-28,sz.000026,10.35,10.62,10.32,10.46,4722367,49593909.34,1.3025,1.0628,0,0
2024-03-29,sz.000026,10.47,10.69,10.46,10.63,4591600,48579457.0,1.2665,1.6252,0,0
2024-04-01,sz.000026,10.63,10.89,10.63,10.87,5331860,57359359.3,1.4706,2.2578,0,0
2024-04-02,sz.000026,10.79,11.08,10.79,10.89,5447567,59724241.96,1.5026,0.184,0,0
2024-04-03,sz.000026,10.88,11.04,10.83,10.95,3744500,40980238.0,1.0328,0.551,0,0
2024-04-08,sz.000026,10.86,10.97,10.71,10.71,4787333,51912866.04,1.3204,-2.1918,0,0
2024-04-09,sz.000026,10.68,10.93,10.65,10.87,3223800,34819058.0,0.8892,1.4939,0,0
2024-04-10,sz.000026,10.91,11.04,10.65,10.76,4105700,44509462.0,1.1324,-1.012,0,0
2024-04-11,sz.000026,10.67,10.84,10.64,10.76,3852000,41458868.0,1.0625,0.0,0,0
2024-04-12,sz.000026,10.75,10.95,10.72,10.84,4254800,46192877.91,1.1736,0.7435,0,0
2024-04-15,sz.000026,10.75,10.78,10.35,10.63,7181500,75892272.47,1.9808,-1.9373,0,0
2024-04-16,sz.000026,10.58,10.58,9.96,10.03,7988736,81102830.32,2.2035,-5.6444,0,0
2024-04-17,sz.000026,10.12,10.68,10.04,10.66,6629767,69358377.09,1.8286,6.2812,0,0
2024-04-18,sz.000026,10.61,10.87,10.6,10.69,5197770,55966648.2,1.4337,0.2814,0,0
2024-04-19,sz.000026,10.7,10.82,10.63,10.71,3215267,34452279.89,0.8868,0.1871,0,0
2024-04-22,sz.000026,10.79,10.89,10.62,10.77,4234100,45606755.33,1.1679,0.5602,0,0
2024-04-23,sz.000026,10.7,10.94,10.69,10.88,4146967,44929656.28,1.1438,1.0214,0,0
2024-04-24,sz.000026,10.83,10.89,10.71,10.87,3884100,42034747.0,1.0713,-0.0919,0,0
2024-04-25,sz.000026,10.39,10.39,10.09,10.2,11671962,118919757.75,3.2194,-6.1638,0,0
2024-04-26,sz.000026,10.22,10.32,10.1,10.28,7610933,77812407.18,2.0993,0.7843,0,0
2024-04-29,sz.000026,10.24,10.45,10.22,10.39,4867500,50409107.0,1.3426,1.07,0,0
2024-04-30,sz.000026,10.39,10.47,10.21,10.25,4395400,45230617.0,1.2123,-1.3474,0,0
2024-05-06,sz.000026,10.31,10.4,10.27,10.36,4800767,49597678.14,1.3242,1.0732,0,0
2024-05-07,sz.000026,10.36,10.37,10.23,10.35,3645767,37568782.77,1.0056,-0.0965,0,0
2024-05-08,sz.000026,10.36,10.38,10.1,10.12,5090000,51941147.0,1.4039,-2.2222,0,0
2024-05-09,sz.000026,10.13,10.31,10.11,10.27,4240720,43365778.8,1.1697,1.4822,0,0
2024-05-10,sz.000026,10.33,10.33,10.14,10.19,4232400,43151524.66,1.1674,-0.779,0,0
2024-05-13,sz.000026,10.15,10.17,9.96,10.08,3847099,38694557.95,1.0611,-1.0795,0,0
2024-05-14,sz.000026,10.07,10.27,10.06,10.24,3685367,37544012.04,1.0161,1.5873,0,0
2024-05-15,sz.000026,10.23,10.29,10.12,10.2,2897867,29549945.42,0.799,-0.3906,0,0
2024-05-16,sz.000026,10.2,10.25,10.13,10.18,3866928,39384095.54,1.0661,-0.1961,0,0
2024-05-17,sz.000026,10.17,10.22,10.05,10.2,4503429,45598586.22,1.2416,0.1965,0,0
2024-05-20,sz.000026,10.17,10.24,10.15,10.22,3862700,39394885.0,1.065,0.1961,0,0
2024-05-21,sz.000026,10.22,10.22,10.05,10.1,3986896,40298422.64,1.0992,-1.1742,0,0
2024-05-22,sz.000026,10.12,10.14,10.07,10.13,2464100,24909727.0,0.6794,0.297,0,0
2024-05-23,sz.000026,10.12,10.12,9.91,9.95,3808400,38108520.06,1.05,-1.7769,0,0
2024-05-24,sz.000026,9.95,10.0,9.81,9.81,2326200,23043687.0,0.6413,-1.407,0,0
2024-05-27,sz.000026,9.88,9.93,9.7,9.9,2614800,25631692.0,0.7209,0.9174,0,0
2024-05-28,sz.000026,9.91,9.92,9.7,9.76,3375100,33053906.0,0.9305,-1.4141,0,0
2024-05-29,sz.000026,9.76,9.83,9.67,9.79,2983300,29106281.0,0.8225,0.3074,0,0
2024-05-30,sz.000026,9.74,9.8,9.63,9.7,2634800,25529750.01,0.7264,-0.9193,0,0
2024-05-31,sz.000026,9.7,9.75,9.55,9.71,3250200,31427616.0,0.8961,0.1031,0,0
2024-06-03,sz.000026,9.68,9.68,9.37,9.43,3385400,32132974.0,0.9334,-2.8836,0,0
2024-06-04,sz.000026,9.53,9.59,9.39,9.58,2585100,24564006.0,0.7127,1.5907,0,0
2024-06-05,sz.000026,9.61,9.62,9.36,9.36,1939800,18363901.6,0.5348,-2.2965,0,0
2024-06-06,sz.000026,9.45,9.45,9.18,9.19,2684370,24871019.1,0.7401,-1.8162,0,0
2024-06-07,sz.000026,9.25,9.66,9.25,9.62,4359700,41251167.0,1.202,4.679,0,0
2024-06-11,sz.000026,9.55,9.66,9.38,9.51,4142262,39261970.62,1.142,-1.1435,0,0
2024-06-12,sz.000026,9.15,9.2,9.06,9.15,2966970,27076368.97,0.818,0.4391,0,0
2024-06-13,sz.000026,9.15,9.31,9.14,9.24,2873770,26541365.8,0.7923,0.9836,0,0
2024-06-14,sz.000026,9.2,9.28,9.16,9.19,2016500,18556839.0,0.556,-0.5411,0,0
2024-06-17,sz.000026,9.19,9.19,9.04,9.07,1969500,17874769.0,0.543,-1.3058,0,0
2024-06-18,sz.000026,9.08,9.15,9.05,9.12,1553000,14147404.0,0.4282,0.5513,0,0
2024-06-19,sz.000026,9.11,9.16,9.07,9.09,1518300,13816229.01,0.4186,-0.3289,0,0
2024-06-20,sz.000026,9.04,9.11,8.91,8.97,1764400,15867155.57,0.4865,-1.3201,0,0
2024-06-21,sz.000026,8.91,9.04,8.91,9.04,1008600,9073023.0,0.2781,0.7804,0,0
2024-06-24,sz.000026,9.08,9.08,8.65,8.7,2491542,21867174.02,0.6869,-3.7611,0,0
2024-06-25,sz.000026,8.74,8.88,8.66,8.79,2048428,18001244.07,0.5648,1.0345,0,0
2024-06-26,sz.000026,8.78,8.98,8.67,8.98,1792300,15899232.0,0.4941,2.1615,0,0
2024-06-27,sz.000026,8.98,8.98,8.72,8.77,1842800,16262356.0,0.5081,-2.3385,0,0
2024-06-28,sz.000026,8.77,8.91,8.7,8.81,3334900,29390870.0,0.9194,0.4561,0,0
2024-07-01,sz.000026,8.76,8.84,8.66,8.83,1686700,14794850.0,0.465,0.227,0,0
2024-07-02,sz.000026,8.83,9.04,8.83,8.9,2169800,19368902.0,0.5982,0.7928,0,0
2024-07-03,sz.000026,8.93,9.32,8.92,9.03,4401800,40136247.0,1.2136,1.4607,0,0
2024-07-04,sz.000026,8.98,9.04,8.73,8.8,3371200,29904164.0,0.9295,-2.5471,0,0
2024-07-05,sz.000026,8.79,8.88,8.66,8.88,1382100,12145757.0,0.3811,0.9091,0,0
2024-07-08,sz.000026,8.89,8.89,8.61,8.68,1811200,15790037.0,0.4994,-2.2523,0,0
2024-07-09,sz.000026,8.65,8.86,8.6,8.84,2060802,18020819.5,0.5682,1.8433,0,0
2024-07-10,sz.000026,8.83,8.88,8.78,8.83,1652282,14585027.42,0.4555,-0.1131,0,0
2024-07-11,sz.000026,8.9,9.07,8.88,9.06,2626783,23590594.11,0.7242,2.6048,0,0
2024-07-12,sz.000026,9.08,9.11,8.98,9.03,1471100,13320091.0,0.4056,-0.3311,0,0
2024-07-15,sz.000026,9.03,9.03,8.9,8.98,1044800,9354590.0,0.2881,-0.5537,0,0
2024-07-16,sz.000026,8.98,8.98,8.83,8.91,1612400,14351185.0,0.4445,-0.7795,0,0
2024-07-17,sz.000026,8.89,8.91,8.78,8.84,1933700,17078021.0,0.5331,-0.7856,0,0
2024-07-18,sz.000026,8.82,8.85,8.68,8.84,1763900,15457917.0,0.4863,0.0,0,0
2024-07-19,sz.000026,8.8,8.87,8.76,8.83,1247900,11003876.0,0.3441,-0.1131,0,0
2024-07-22,sz.000026,8.84,8.85,8.73,8.83,1477501,12962828.78,0.4074,0.0,0,0
2024-07-23,sz.000026,8.77,8.82,8.68,8.7,1093400,9546104.0,0.3015,-1.4723,0,0
2024-07-24,sz.000026,8.67,8.7,8.55,8.61,1558100,13416768.0,0.4296,-1.0345,0,0
2024-07-25,sz.000026,8.62,8.69,8.52,8.66,1017000,8762870.0,0.2804,0.5807,0,0
2024-07-26,sz.000026,8.64,8.81,8.64,8.81,1565200,13709814.0,0.4315,1.7321,0,0
2024-07-29,sz.000026,8.8,8.84,8.75,8.77,889300,7822334.0,0.2452,-0.454,0,0
2024-07-30,sz.000026,8.77,9.02,8.74,8.9,1997100,17714077.0,0.5506,1.4823,0,0
2024-07-31,sz.000026,8.92,9.1,8.89,9.1,3032000,27409855.0,0.8359,2.2472,0,0
2024-08-01,sz.000026,9.1,9.11,8.99,9.04,2134267,19318221.39,0.5884,-0.6593,0,0
2024-08-02,sz.000026,9.01,9.08,8.91,8.96,2335244,21008701.12,0.6438,-0.885,0,0
2024-08-05,sz.000026,8.92,9.03,8.8,8.84,1659297,14796480.97,0.4575,-1.3393,0,0
2024-08-06,sz.000026,8.88,9.0,8.88,8.98,1466400,13108491.0,0.4043,1.5837,0,0
2024-08-07,sz.000026,9.04,9.04,8.93,8.99,1478297,13285082.09,0.4076,0.1114,0,0
2024-08-08,sz.000026,8.95,9.05,8.89,9.04,1624000,14640745.0,0.4477,0.5562,0,0
2024-08-09,sz.000026,9.07,9.09,8.96,8.98,1758386,15852073.34,0.4848,-0.6637,0,0
2024-08-12,sz.000026,8.95,8.97,8.86,8.91,1271307,11332080.02,0.3505,-0.7795,0,0
2024-08-13,sz.000026,8.93,8.97,8.85,8.94,1060586,9449836.4,0.2924,0.3367,0,0
2024-08-14,sz.000026,8.93,8.99,8.85,8.89,1536652,13701788.81,0.4237,-0.5593,0,0
2024-08-15,sz.000026,8.89,8.97,8.8,8.9,1306300,11645610.0,0.3602,0.1125,0,0
2024-08-16,sz.000026,8.9,9.04,8.84,8.89,2557100,22802696.0,0.705,-0.1124,0,0
2024-08-19,sz.000026,8.85,8.95,8.83,8.91,1597329,14211174.81,0.4404,0.225,0,0
2024-08-20,sz.000026,8.91,8.91,8.66,8.74,2489447,21807831.09,0.6864,-1.908,0,0
2024-08-21,sz.000026,8.75,8.82,8.58,8.67,2293159,19943799.17,0.6322,-0.8009,0,0
2024-08-22,sz.000026,8.7,9.08,8.62,8.76,5420136,47903070.07,1.4944,1.0381,0,0
2024-08-23,sz.000026,8.6,8.88,8.55,8.75,4325700,37543018.92,1.1926,-0.1142,0,0
2024-08-26,sz.000026,8.71,8.8,8.62,8.76,1867798,16290881.5,0.515,0.1143,0,0
2024-08-27,sz.000026,8.66,8.76,8.64,8.7,2041800,17754593.0,0.5629,-0.6849,0,0
2024-08-28,sz.000026,8.72,8.87,8.7,8.81,2163802,19034140.58,0.5966,1.2644,0,0
2024-08-29,sz.000026,8.84,9.01,8.78,9.01,3534801,31666092.96,0.9746,2.2701,0,0
2024-08-30,sz.000026,9.05,9.37,9.04,9.17,8204387,75211671.58,2.262,1.7758,0,0
2024-09-02,sz.000026,9.09,9.13,8.92,8.95,5336508,47989175.36,1.4713,-2.3991,0,0
2024-09-03,sz.000026,8.96,9.05,8.9,9.03,3122831,27991703.31,0.861,0.8939,0,0
2024-09-04,sz.000026,8.96,9.0,8.88,8.95,2356400,21041770.0,0.6497,-0.8859,0,0
2024-09-05,sz.000026,8.95,9.02,8.9,8.98,2226040,19940597.8,0.6137,0.3352,0,0
2024-09-06,sz.000026,9.0,9.02,8.85,8.9,2359200,21085954.0,0.6504,-0.8909,0,0
2024-09-09,sz.000026,8.89,8.91,8.78,8.85,1490800,13161231.0,0.411,-0.5618,0,0
2024-09-10,sz.000026,8.88,8.89,8.69,8.87,2079100,18309147.0,0.5732,0.226,0,0
2024-09-11,sz.000026,8.83,8.87,8.76,8.81,1460202,12858613.56,0.4026,-0.6764,0,0
2024-09-12,sz.000026,8.8,8.85,8.75,8.8,1428973,12569496.94,0.394,-0.1135,0,0
2024-09-13,sz.000026,8.8,8.83,8.71,8.77,1641403,14395131.4,0.4525,-0.3409,0,0
2024-09-18,sz.000026,8.76,8.78,8.58,8.77,1756649,15239865.78,0.4843,0.0,0,0
2024-09-19,sz.000026,8.8,8.95,8.76,8.93,2590200,23037477.0,0.7141,1.8244,0,0
2024-09-20,sz.000026,8.96,8.98,8.84,8.91,1581800,14083319.0,0.4361,-0.224,0,0
2024-09-23,sz.000026,8.89,8.94,8.85,8.93,1456500,12977706.0,0.4016,0.2245,0,0
2024-09-24,sz.000026,8.96,9.12,8.9,9.12,4161131,37584008.1,1.1472,2.1277,0,0
2024-09-25,sz.000026,9.2,9.36,9.12,9.19,5317800,49157870.0,1.4661,0.7675,0,0
2024-09-26,sz.000026,9.18,9.4,9.14,9.4,4549400,42346351.0,1.2543,2.2851,0,0
2024-09-27,sz.000026,9.59,9.83,9.44,9.73,8379601,80496604.6,2.3103,3.5106,0,0
2024-09-30,sz.000026,9.97,10.57,9.77,10.43,14149140,144066506.99,3.901,7.1942,0,0
2024-10-08,sz.000026,11.46,11.46,10.38,10.95,15658237,170111616.5,4.317,4.9856,0,0
2024-10-09,sz.000026,10.7,10.75,9.96,9.96,9850501,101279999.72,2.7158,-9.0411,0,0
2024-10-10,sz.000026,10.0,10.23,9.81,10.06,7906570,79607431.7,2.1799,1.004,0,0
2024-10-11,sz.000026,10.08,10.1,9.58,9.71,6851109,67193553.6,1.8889,-3.4791,0,0
2024-10-14,sz.000026,9.71,9.87,9.6,9.84,5221814,51018723.02,1.4397,1.3388,0,0
2024-10-15,sz.000026,9.82,9.85,9.59,9.63,4921300,47909880.0,1.3568,-2.1341,0,0
2024-10-16,sz.000026,9.58,9.72,9.54,9.65,3289330,31704100.5,0.9069,0.2077,0,0
2024-10-17,sz.000026,9.68,9.78,9.53,9.53,3139371,30344474.67,0.8655,-1.2435,0,0
2024-10-18,sz.000026,9.57,9.94,9.5,9.81,6780439,65845330.41,1.8694,2.9381,0,0
2024-10-21,sz.000026,9.84,9.88,9.71,9.78,8227577,80554001.52,2.2684,-0.3058,0,0
2024-10-22,sz.000026,9.77,10.43,9.75,10.16,13545132,135051453.02,3.7345,3.8855,0,0
2024-10-23,sz.000026,10.09,10.15,9.98,9.99,6460800,64885832.29,1.7813,-1.6732,0,0
2024-10-24,sz.000026,9.98,10.35,9.96,10.19,8367000,85239088.0,2.3068,2.002,0,0
2024-10-25,sz.000026,10.35,10.49,10.24,10.45,8100543,84222382.49,2.2334,2.5515,0,0
2024-10-28,sz.000026,10.44,10.6,10.33,10.57,8850422,92552514.21,2.4401,1.1483,0,0
2024-10-29,sz.000026,10.53,10.66,10.3,10.34,7466990,78235594.61,2.0587,-2.176,0,0
2024-10-30,sz.000026,10.28,10.47,10.21,10.33,5105433,52803604.21,1.4076,-0.0967,0,0
2024-10-31,sz.000026,10.33,11.25,10.3,10.83,15887621,170764758.45,4.3803,4.8403,0,0
2024-11-01,sz.000026,10.85,10.94,10.28,10.41,9888154,103923634.76,2.7262,-3.8781,0,0
2024-11-04,sz.000026,10.35,10.65,10.35,10.58,5112302,53667121.83,1.4095,1.633,0,0
2024-11-05,sz.000026,10.6,10.9,10.53,10.79,8820200,94420791.0,2.4318,1.9849,0,0
2024-11-06,sz.000026,10.8,10.86,10.64,10.75,6841722,73564832.94,1.8863,-0.3707,0,0
2024-11-07,sz.000026,10.7,10.88,10.62,10.88,10419924,112444151.48,2.8728,1.2093,0,0
2024-11-08,sz.000026,10.88,10.93,10.63,10.77,8599422,92773811.16,2.3709,-1.011,0,0
2024-11-11,sz.000026,10.82,10.84,10.68,10.78,7492485,80637715.03,2.0657,0.0929,0,0
2024-11-12,sz.000026,10.76,10.85,10.51,10.61,9604000,102744033.0,2.6479,-1.577,0,0
2024-11-13,sz.000026,10.53,10.73,10.47,10.7,6183400,65728460.0,1.7048,0.8483,0,0
2024-11-14,sz.000026,10.71,10.71,10.39,10.43,5404604,56930973.56,1.4901,-2.5234,0,0
2024-11-15,sz.000026,10.45,10.57,10.27,10.28,5169400,53960929.0,1.4252,-1.4382,0,0
2024-11-18,sz.000026,10.42,10.61,10.19,10.3,8652218,90226473.25,2.3855,0.1946,0,0
2024-11-19,sz.000026,10.3,10.38,10.11,10.37,5286900,54277901.0,1.4576,0.6796,0,0
2024-11-20,sz.000026,10.38,10.48,10.29,10.47,4939100,51391315.0,1.3617,0.9643,0,0
2024-11-21,sz.000026,10.41,10.55,10.39,10.5,7245700,75801978.0,1.9977,0.2865,0,0
2024-11-22,sz.000026,10.51,10.55,10.09,10.1,5169754,53434501.92,1.4253,-3.8095,0,0
2024-11-25,sz.000026,10.07,10.3,10.05,10.27,4216300,43090847.0,1.1625,1.6832,0,0
2024-11-26,sz.000026,10.23,10.39,10.23,10.35,4666727,48203512.89,1.2866,0.779,0,0
2024-11-27,sz.000026,10.3,10.45,10.12,10.45,4967900,51256118.0,1.3697,0.9662,0,0
2024-11-28,sz.000026,10.45,11.18,10.43,10.71,14996701,162823759.73,4.1347,2.488,0,0
2024-11-29,sz.000026,10.72,10.8,10.61,10.7,9193091,98499176.52,2.5346,-0.0934,0,0
2024-12-02,sz.000026,10.71,10.95,10.71,10.87,8043501,87106322.84,2.2176,1.5888,0,0
2024-12-03,sz.000026,10.88,11.04,10.82,11.01,9026101,98868134.98,2.4885,1.2879,0,0
2024-12-04,sz.000026,10.97,11.33,10.87,11.1,11571900,128605111.0,3.1904,0.8174,0,0
2024-12-05,sz.000026,11.07,11.19,10.98,11.11,6388001,70817803.48,1.7612,0.0901,0,0
2024-12-06,sz.000026,11.12,11.28,11.02,11.18,7669900,85351496.0,2.1146,0.6301,0,0
2024-12-09,sz.000026,11.18,11.26,10.85,10.96,8964200,99041412.0,2.4715,-1.9678,0,0
2024-12-10,sz.000026,11.18,11.19,10.89,10.97,8529400,93848982.33,2.3516,0.0912,0,0
2024-12-11,sz.000026,10.95,11.4,10.92,11.35,10795312,121409626.05,2.9763,3.464,0,0
2024-12-12,sz.000026,11.29,11.51,11.27,11.45,7465800,85144564.0,2.0584,0.8811,0,0
2024-12-13,sz.000026,11.46,11.78,11.3,11.53,9706307,112161909.5,2.6761,0.6987,0,0
2024-12-16,sz.000026,11.54,11.69,11.25,11.35,7125000,81502783.0,1.9644,-1.5611,0,0
2024-12-17,sz.000026,11.32,11.43,10.83,10.92,7263100,79846144.0,2.0025,-3.7885,0,0
2024-12-18,sz.000026,10.96,11.2,10.81,11.04,5228410,57665568.52,1.4415,1.0989,0,0
2024-12-19,sz.000026,10.99,11.03,10.79,10.96,4979000,54306884.0,1.3727,-0.7246,0,0
2024-12-20,sz.000026,10.93,11.16,10.93,11.03,4130700,45642866.0,1.1389,0.6387,0,0
2024-12-23,sz.000026,11.12,11.12,10.47,10.51,7047601,75401401.65,1.9431,-4.7144,0,0
2024-12-24,sz.000026,10.55,10.74,10.43,10.7,5714200,60447094.0,1.5754,1.8078,0,0
2024-12-25,sz.000026,10.68,10.69,10.35,10.5,4982301,52242663.43,1.3736,-1.8692,0,0
2024-12-26,sz.000026,10.48,10.71,10.45,10.68,3879700,41308989.0,1.0697,1.7143,0,0
2024-12-27,sz.000026,10.77,10.88,10.65,10.81,3748200,40487400.0,1.0334,1.2172,0,0
2024-12-30,sz.000026,10.72,10.75,10.58,10.6,3427100,36473646.0,0.9449,-1.9426,0,0
2024-12-31,sz.000026,10.64,10.67,10.33,10.37,4759340,49831779.36,1.3122,-2.1698,0,0
2025-01-02,sz.000026,10.37,10.6,10.19,10.3,4707700,49057275.0,1.2979,-0.675,0,0
2025-01-03,sz.000026,10.32,10.38,9.79,9.83,5175700,51812322.0,1.427,-4.5631,0,0
2025-01-06,sz.000026,9.8,9.87,9.48,9.73,4777900,46334414.0,1.3173,-1.0173,0,0
2025-01-07,sz.000026,9.75,9.87,9.65,9.86,3324624,32448983.52,0.9166,1.3361,0,0
2025-01-08,sz.000026,9.83,9.87,9.5,9.8,3663800,35621399.37,1.0101,-0.6085,0,0
2025-01-09,sz.000026,9.73,9.82,9.64,9.7,4794600,46573277.0,1.3219,-1.0204,0,0
2025-01-10,sz.000026,9.68,9.72,9.43,9.45,5307600,50747115.0,1.4633,-2.5773,0,0
2025-01-13,sz.000026,9.39,9.54,9.18,9.52,4345699,40820703.58,1.1981,0.7407,0,0
2025-01-14,sz.000026,9.53,9.8,9.51,9.8,4568500,44239549.0,1.2596,2.9412,0,0
2025-01-15,sz.000026,9.75,9.91,9.72,9.84,3819500,37478286.0,1.0531,0.4082,0,0
2025-01-16,sz.000026,9.89,10.05,9.83,9.91,3047300,30295891.0,0.8402,0.7114,0,0
2025-01-17,sz.000026,9.91,9.91,9.79,9.86,3004200,29575775.0,0.8283,-0.5045,0,0
2025-01-20,sz.000026,9.99,10.05,9.87,9.99,2864199,28600724.01,0.7897,1.3185,0,0
2025-01-21,sz.000026,10.05,10.06,9.83,9.93,2475501,24497787.86,0.6825,-0.6006,0,0
2025-01-22,sz.000026,9.9,9.93,9.73,9.79,2528800,24753977.0,0.6972,-1.4099,0,0
2025-01-23,sz.000026,9.84,9.92,9.77,9.8,2918424,28783997.4,0.8046,0.1021,0,0
2025-01-24,sz.000026,9.79,9.97,9.72,9.96,3134567,30885321.25,0.8642,1.6327,0,0
2025-01-27,sz.000026,9.99,10.19,9.96,10.03,2898900,29278182.0,0.7992,0.7028,0,0
2025-02-05,sz.000026,10.09,10.09,9.87,9.96,3015934,30057201.68,0.8268,-0.6979,0,0
2025-02-06,sz.000026,9.96,10.12,9.9,10.12,4827954,48314648.92,1.3236,1.6064,0,0
2025-02-07,sz.000026,10.1,10.36,10.07,10.21,7026740,71550518.8,1.9264,0.8893,0,0
2025-02-10,sz.000026,10.23,10.42,10.16,10.37,7101360,72974555.0,1.9468,1.5671,0,0
2025-02-11,sz.000026,10.4,10.55,10.36,10.49,5676378,59322234.6,1.5562,1.1572,0,0
2025-02-12,sz.000026,10.45,10.54,10.32,10.47,5694964,59314479.98,1.5613,-0.1907,0,0
2025-02-13,sz.000026,10.43,10.49,10.33,10.36,5898800,61422721.0,1.6171,-1.0506,0,0
2025-02-14,sz.000026,10.4,10.4,10.27,10.32,3407660,35183323.2,0.9342,-0.3861,0,0
2025-02-17,sz.000026,10.35,10.4,10.28,10.38,4317800,44628324.0,1.1837,0.5814,0,0
2025-02-18,sz.000026,10.38,10.43,10.13,10.19,3603540,37133448.0,0.9879,-1.8304,0,0
2025-02-19,sz.000026,10.2,10.34,10.15,10.33,4280802,43803945.38,1.1736,1.3739,0,0
2025-02-20,sz.000026,10.36,10.53,10.26,10.52,6690983,69871583.23,1.8343,1.8393,0,0
2025-02-21,sz.000026,10.46,10.67,10.38,10.52,7382924,77521961.11,2.024,0.0,0,0
2025-02-24,sz.000026,10.52,10.55,10.33,10.39,7188260,74895728.4,1.9706,-1.2357,0,0
2025-02-25,sz.000026,10.35,10.42,10.26,10.33,4317387,44593767.64,1.1836,-0.5775,0,0
2025-02-26,sz.000026,10.3,10.49,10.3,10.42,5770294,60095123.23,1.5819,0.8712,0,0
2025-02-27,sz.000026,10.45,11.19,10.41,11.13,18859720,205282217.25,5.1703,6.8138,0,0
2025-02-28,sz.000026,11.0,11.25,10.86,10.92,13022982,143360262.65,3.5702,-1.8868,0,0
2025-03-03,sz.000026,10.98,11.07,10.75,10.86,7912138,85995328.4,2.1691,-0.5495,0,0
2025-03-04,sz.000026,10.86,10.92,10.8,10.89,6941542,75308853.35,1.903,0.2762,0,0
2025-03-05,sz.000026,10.89,10.95,10.73,10.89,5443961,59052023.03,1.4924,0.0,0,0
2025-03-06,sz.000026,10.92,11.09,10.83,10.96,9907410,108731753.6,2.7161,0.6428,0,0
2025-03-07,sz.000026,10.98,11.16,10.91,10.99,5740860,63274093.6,1.5738,0.2737,0,0
2025-03-10,sz.000026,11.05,11.1,10.89,11.01,5023883,55130564.95,1.3773,0.182,0,0
2025-03-11,sz.000026,10.92,11.07,10.85,11.07,6249180,68457842.6,1.7132,0.545,0,0
2025-03-12,sz.000026,11.07,11.4,11.01,11.11,13028143,144792729.49,3.5716,0.3613,0,0
2025-03-13,sz.000026,11.11,11.11,10.75,10.94,6561400,71579638.0,1.7988,-1.5302,0,0
2025-03-14,sz.000026,10.93,11.08,10.83,11.03,10823601,118405578.97,2.9672,0.8227,0,0
2025-03-17,sz.000026,11.03,11.26,11.03,11.11,15392421,171579233.47,4.2198,0.7253,0,0
2025-03-18,sz.000026,11.08,11.12,10.94,11.09,9620006,105871633.08,2.6373,-0.18,0,0
2025-03-19,sz.000026,11.1,11.59,11.09,11.45,18340143,208923860.3,5.0279,3.2462,0,0
2025-03-20,sz.000026,11.34,11.49,11.28,11.37,9112460,103706265.78,2.4981,-0.6987,0,0
2025-03-21,sz.000026,11.46,11.47,11.06,11.12,7513643,84281603.16,2.0598,-2.1988,0,0
2025-03-24,sz.000026,11.15,11.39,10.89,11.09,8188600,91077279.0,2.2449,-0.2698,0,0
2025-03-25,sz.000026,11.09,11.37,11.0,11.24,6701180,75161498.4,1.8371,1.3526,0,0
2025-03-26,sz.000026,11.23,11.33,11.14,11.29,6327600,71165392.0,1.7347,0.4448,0,0
2025-03-27,sz.000026,11.3,11.3,11.04,11.16,5453400,60776237.0,1.495,-1.1515,0,0
2025-03-28,sz.000026,11.15,11.18,11.0,11.05,4415900,48876640.0,1.2106,-0.9857,0,0
2025-03-31,sz.000026,11.0,11.1,10.83,10.96,5817400,63683425.0,1.5948,-0.8145,0,0
2025-04-01,sz.000026,10.95,11.18,10.95,11.03,4121900,45666840.0,1.13,0.6387,0,0
2025-04-02,sz.000026,11.0,11.15,10.94,11.07,3574200,39491335.0,0.9799,0.3626,0,0
2025-04-03,sz.000026,10.96,11.05,10.88,10.98,3884000,42586133.0,1.0648,-0.813,0,0
2025-04-07,sz.000026,10.38,10.58,9.88,9.88,7650900,76742736.0,2.0975,-10.0182,0,1
2025-04-08,sz.000026,9.87,9.94,9.34,9.52,10325480,98937480.8,2.8307,-3.6437,0,0
2025-04-09,sz.000026,9.43,9.84,8.99,9.76,8541034,80655973.1,2.3415,2.521,0,0
2025-04-10,sz.000026,9.85,10.21,9.85,9.99,9049200,90837655.0,2.4808,2.3566,0,0
2025-04-11,sz.000026,10.0,10.18,9.96,10.07,4678600,47150499.0,1.2826,0.8008,0,0
2025-04-14,sz.000026,10.15,10.34,10.13,10.26,4351934,44632937.52,1.1931,1.8868,0,0
2025-04-15,sz.000026,10.22,10.39,10.19,10.39,4328340,44666017.2,1.1866,1.2671,0,0
2025-04-16,sz.000026,10.39,10.43,10.13,10.34,4075200,41879522.0,1.1172,-0.4812,0,0
2025-04-17,sz.000026,10.31,10.48,10.28,10.38,5307800,55212425.0,1.4551,0.3868,0,0
2025-04-18,sz.000026,10.29,10.37,10.13,10.16,4979768,50843121.84,1.3652,-2.1195,0,0
2025-04-21,sz.000026,10.16,10.26,10.08,10.26,3699700,37694373.0,1.0143,0.9843,0,0
2025-04-22,sz.000026,10.23,10.34,10.2,10.34,3295000,33818320.0,0.9033,0.7797,0,0
2025-04-23,sz.000026,10.39,10.44,10.32,10.37,3540100,36752368.0,0.9705,0.2901,0,0
2025-04-24,sz.000026,10.3,10.47,10.26,10.3,4843400,50217255.0,1.3278,-0.675,0,0
2025-04-25,sz.000026,10.28,10.35,10.15,10.3,4402100,45239510.0,1.2068,0.0,0,0
2025-04-28,sz.000026,10.3,10.38,10.12,10.17,3963300,40485107.0,1.0865,-1.2621,0,0
2025-04-29,sz.000026,10.19,10.35,10.08,10.31,3421790,35209291.3,0.9381,1.3766,0,0
2025-04-30,sz.000026,10.27,10.37,10.17,10.21,4638100,47535113.0,1.2715,-0.9699,0,0
2025-05-06,sz.000026,10.22,10.3,10.18,10.3,4520801,46281309.19,1.2394,0.8815,0,0
2025-05-07,sz.000026,10.43,10.54,10.31,10.41,5596880,58256755.4,1.5344,1.068,0,0
2025-05-08,sz.000026,10.35,10.57,10.31,10.56,4536371,47455759.18,1.2436,1.4409,0,0
2025-05-09,sz.000026,11.53,11.62,11.08,11.62,22443568,259447602.52,6.1528,10.0379,1,0
2025-05-12,sz.000026,12.06,12.78,11.88,12.14,64516718,801107820.86,17.687,4.475,0,0
2025-05-13,sz.000026,11.9,12.1,11.42,11.63,42096280,493464004.78,11.5405,-4.201,0,0
2025-05-14,sz.000026,11.52,12.07,11.52,11.64,25651224,299515261.96,7.0322,0.086,0,0
2025-05-15,sz.000026,11.53,11.64,11.18,11.25,20487326,231010314.67,5.6165,-3.3505,0,0
2025-05-16,sz.000026,11.21,12.37,11.15,12.08,33387174,394683680.55,9.153,7.3778,0,0
2025-05-19,sz.000026,12.86,13.05,12.56,12.76,32432763,414451551.51,8.8913,5.6291,0,0
2025-05-20,sz.000026,12.83,13.44,12.65,13.05,24423332,318379826.04,6.6956,2.2727,0,0
2025-05-21,sz.000026,13.13,13.18,12.62,12.93,14497185,187155177.45,3.9743,-0.9195,0,0
2025-05-22,sz.000026,13.03,13.41,12.81,13.13,17958177,236777898.98,4.9232,1.5468,0,0
2025-05-23,sz.000026,13.12,13.12,12.43,12.54,18933757,240760833.54,5.1906,-4.4935,0,0
2025-05-26,sz.000026,12.68,13.79,12.68,13.65,41805951,565442802.29,11.4609,8.8517,0,0
2025-05-27,sz.000026,13.75,14.54,13.4,14.17,38564510,538500206.46,10.5723,3.8095,0,0
2025-05-28,sz.000026,13.78,14.48,13.77,14.34,28402922,401032208.44,7.7865,4.1394,0,0
2025-05-29,sz.000026,14.3,14.45,13.85,14.38,23325617,331026450.45,6.3946,0.2789,0,0
2025-05-30,sz.000026,14.37,14.47,13.88,14.2,14867780,209856022.5,4.0759,-1.2517,0,0
2025-06-03,sz.000026,14.17,14.95,14.0,14.71,15109063,219014181.37,4.1421,3.5915,0,0
2025-06-04,sz.000026,14.72,14.83,14.38,14.8,11745288,171800276.92,3.2199,0.6118,0,0
2025-06-05,sz.000026,13.93,13.93,13.32,13.32,8814000,117894776.41,2.4163,-10.0,0,1
2025-06-06,sz.000026,13.32,13.32,12.51,12.94,29075109,372972558.68,7.9708,-2.8529,0,0
2025-06-09,sz.000026,12.92,13.28,12.71,13.11,16196660,211247529.6,4.4402,1.3138,0,0
2025-06-10,sz.000026,13.25,13.25,11.98,12.45,29633628,368260467.77,8.1239,-5.0343,0,0
2025-06-11,sz.000026,12.53,12.56,12.33,12.39,11808701,146580884.43,3.2373,-0.4819,0,0
2025-06-12,sz.000026,12.41,12.49,12.23,12.31,9572500,117963684.0,2.6243,-0.6457,0,0
2025-06-13,sz.000026,12.3,12.43,11.8,11.89,14432367,173564721.85,3.9566,-3.4119,0,0
2025-06-16,sz.000026,11.97,11.98,11.83,11.89,8129000,96677577.0,2.2285,0.0,0,0
2025-06-17,sz.000026,11.9,11.93,11.58,11.76,12976900,151669434.0,3.5576,-1.0934,0,0
2025-06-18,sz.000026,11.7,11.78,11.48,11.75,10872171,126594276.92,2.9806,-0.085,0,0
2025-06-19,sz.000026,11.65,11.74,11.42,11.46,7579261,87627093.84,2.0778,-2.4681,0,0
2025-06-20,sz.000026,11.5,11.56,11.22,11.25,7057300,80021020.0,1.9347,-1.8325,0,0
2025-06-23,sz.000026,11.23,11.59,11.12,11.51,12789446,145941914.03,3.5062,2.3111,0,0
2025-06-24,sz.000026,11.56,11.72,11.48,11.53,13144460,152061416.2,3.6035,0.1738,0,0
2025-06-25,sz.000026,11.61,12.06,11.58,11.88,19345790,229377516.76,5.3036,3.0356,0,0
2025-06-26,sz.000026,11.83,13.07,11.79,13.07,26271000,328360654.96,7.2021,10.0168,1,0
2025-06-27,sz.000026,13.1,14.38,12.71,14.38,52496711,730161383.18,14.3918,10.023,1,0
2025-06-30,sz.000026,15.82,15.82,15.82,15.82,8455915,133772575.3,2.3182,10.0139,1,0
2025-07-01,sz.000026,17.4,17.4,16.11,16.51,85202609,1451644272.87,23.3579,4.3616,0,0
2025-07-02,sz.000026,16.28,18.16,16.1,18.16,87000161,1548791482.15,23.8507,9.9939,1,0
2025-07-03,sz.000026,17.7,18.99,17.3,18.8,69440730,1260458208.62,19.0369,3.5242,0,0
2025-07-04,sz.000026,18.52,18.94,16.92,17.48,61529795,1086097853.09,16.8681,-7.0213,0,0
2025-07-07,sz.000026,17.1,17.81,16.82,17.16,36648655,632357508.24,10.0471,-1.8307,0,0
2025-07-08,sz.000026,17.38,17.39,16.48,16.77,28745465,481605731.67,7.8805,-2.2727,0,0
2025-07-09,sz.000026,16.94,18.45,16.55,17.4,64121939,1135253195.72,17.5788,3.7567,0,0
2025-07-10,sz.000026,17.18,17.34,16.08,16.48,41481201,684864874.34,11.3719,-5.2874,0,0
2025-07-11,sz.000026,16.25,16.75,16.07,16.45,26052214,424707560.85,7.1421,-0.182,0,0
2025-07-14,sz.000026,16.4,16.75,16.25,16.46,20378080,335069956.2,5.5866,0.0608,0,0
2025-07-15,sz.000026,16.66,17.5,16.17,16.45,27577150,458776433.0,7.5602,-0.0608,0,0
2025-07-16,sz.000026,16.29,16.72,15.93,16.41,20212573,329287376.94,5.5412,-0.2432,0,0
2025-07-17,sz.000026,16.41,17.86,16.26,17.61,39211032,673308158.6,10.7495,7.3126,0,0
2025-07-18,sz.000026,17.5,17.76,16.95,17.16,25856497,445364659.74,7.0885,-2.5554,0,0
2025-07-21,sz.000026,17.72,18.88,17.26,18.51,43045332,786863605.22,11.8007,7.8671,0,0
2025-07-22,sz.000026,18.0,19.16,17.55,17.75,35081784,640517700.65,9.6175,-4.1059,0,0
2025-07-23,sz.000026,17.22,17.71,17.06,17.37,21986656,380835168.22,6.0276,-2.1408,0,0
2025-07-24,sz.000026,17.28,17.67,17.01,17.48,15691999,272154758.66,4.3019,0.6333,0,0
2025-07-25,sz.000026,17.48,17.64,17.22,17.44,10169117,177177955.6,2.7878,-0.2288,0,0
2025-07-28,sz.000026,17.6,18.78,17.17,17.42,30777861,553800377.28,8.4376,-0.1147,0,0
2025-07-29,sz.000026,17.1,17.93,16.81,17.88,21114364,366804245.54,5.7884,2.6406,0,0
2025-07-30,sz.000026,17.86,17.99,16.68,16.9,19665047,337897840.63,5.3911,-5.481,0,0
2025-07-31,sz.000026,16.9,17.09,16.51,16.6,14395510,241102420.5,3.9465,-1.7751,0,0
2025-08-01,sz.000026,16.59,16.85,16.18,16.45,14094400,231587443.0,3.8639,-0.9036,0,0
2025-08-04,sz.000026,16.76,18.0,16.34,17.67,31566799,542062621.05,8.6539,7.4164,0,0
2025-08-05,sz.000026,17.87,17.95,16.9,16.96,30734289,529344520.9,8.4257,-4.0181,0,0
2025-08-06,sz.000026,16.8,17.56,16.79,17.15,26017999,447638203.79,7.1327,1.1203,0,0
2025-08-07,sz.000026,17.15,18.87,17.14,18.87,41870448,763652539.68,11.4786,10.0292,1,0
2025-08-08,sz.000026,19.45,19.65,17.51,17.72,55482814,1017782583.03,15.2104,-6.0943,0,0
2025-08-11,sz.000026,17.38,19.49,17.38,19.49,14424986,274870187.14,3.9546,9.9887,1,0
2025-08-12,sz.000026,20.01,21.44,19.5,21.44,56265119,1139731870.45,15.4248,10.0051,1,0
2025-08-13,sz.000026,21.99,23.07,20.5,21.73,68524461,1487931334.66,18.7857,1.3526,0,0
2025-08-14,sz.000026,21.29,21.5,19.56,19.63,50088103,1015723785.87,13.7314,-9.6641,0,0
2025-08-15,sz.000026,19.5,20.11,19.07,19.99,33275388,653388768.71,9.1223,1.8339,0,0
2025-08-18,sz.000026,19.67,19.87,18.76,19.73,36201179,699521833.69,9.9244,-1.3007,0,0
2025-08-19,sz.000026,19.74,19.74,18.95,18.99,25959750,496887808.96,7.1168,-3.7506,0,0
2025-08-20,sz.000026,18.95,19.25,18.8,19.12,16102125,307350299.85,4.4143,0.6846,0,0
2025-08-21,sz.000026,19.15,19.24,18.5,18.97,18156650,341858355.1,4.9776,-0.7845,0,0
2025-08-22,sz.000026,18.98,18.99,18.45,18.82,17294205,323331321.0,4.7411,-0.7907,0,0
2025-08-25,sz.000026,18.69,19.66,18.58,19.46,29220319,558506199.82,8.0152,3.4006,0,0
2025-08-26,sz.000026,19.3,19.4,19.01,19.09,16409670,314659192.11,4.5012,-1.9013,0,0
2025-08-27,sz.000026,19.2,19.2,18.3,18.3,13483717,254642892.01,3.6986,-4.1383,0,0
2025-08-28,sz.000026,18.0,18.35,16.84,17.58,22938263,401551835.12,6.292,-3.9344,0,0
2025-08-29,sz.000026,17.54,17.8,17.18,17.47,11076790,193098443.73,3.0384,-0.6257,0,0
2025-09-01,sz.000026,17.61,17.92,17.42,17.54,9905589,174692004.83,2.7171,0.4007,0,0
2025-09-02,sz.000026,17.71,18.38,16.8,18.12,23656620,413013692.48,6.489,3.3067,0,0
2025-09-03,sz.000026,17.86,17.86,16.87,16.92,13644675,236540227.2,3.7427,-6.6225,0,0
2025-09-04,sz.000026,16.98,16.98,16.01,16.21,10174900,167989758.0,2.791,-4.1962,0,0
2025-09-05,sz.000026,16.28,16.82,16.08,16.71,8346372,137605927.16,2.2894,3.0845,0,0
2025-09-08,sz.000026,16.71,16.84,16.56,16.82,7258703,121202518.0,1.9911,0.6583,0,0
2025-09-09,sz.000026,16.82,17.39,16.7,17.08,12005726,205696489.71,3.2932,1.5458,0,0
2025-09-10,sz.000026,17.04,17.15,16.81,17.0,5896298,100243269.7,1.6174,-0.4684,0,0
2025-09-11,sz.000026,17.12,17.12,16.78,17.03,6846800,115934105.1,1.8781,0.1765,0,0
2025-09-12,sz.000026,17.1,17.13,16.81,17.08,7620782,129426650.04,2.0904,0.2936,0,0
2025-09-15,sz.000026,17.01,17.07,16.8,16.95,5285200,89478085.0,1.4497,-0.7611,0,0
2025-09-16,sz.000026,17.04,17.98,16.86,17.88,17549484,308703925.09,4.8138,5.4867,0,0
2025-09-17,sz.000026,17.73,18.0,17.5,17.81,8426075,149694626.0,2.3113,-0.3915,0,0
2025-09-18,sz.000026,17.83,17.94,17.08,17.35,9427500,165765578.0,2.586,-2.5828,0,0
2025-09-19,sz.000026,17.41,17.41,16.9,17.04,5002000,85427292.0,1.3721,-1.7867,0,0
2025-09-22,sz.000026,17.18,17.18,16.47,16.63,7051600,117525312.0,1.9343,-2.4061,0,0
2025-09-23,sz.000026,16.63,16.72,16.04,16.53,6214333,101521850.6,1.7046,-0.6013,0,0
2025-09-24,sz.000026,16.68,16.68,16.32,16.51,4757700,78296310.0,1.305,-0.121,0,0
2025-09-25,sz.000026,16.42,16.88,16.33,16.56,6670190,110868091.1,1.8296,0.3028,0,0
2025-09-26,sz.000026,16.45,16.56,16.25,16.42,3759300,61638359.3,1.0312,-0.8454,0,0
2025-09-29,sz.000026,16.4,16.42,16.09,16.27,4018105,65279490.0,1.1022,-0.9135,0,0
2025-09-30,sz.000026,16.44,16.49,16.2,16.32,3466200,56731190.0,0.9508,0.3073,0,0
2025-10-09,sz.000026,16.45,16.45,16.18,16.4,4311700,70422966.0,1.1827,0.4902,0,0
2025-10-10,sz.000026,16.32,16.68,16.28,16.45,4087100,67410078.0,1.1211,0.3049,0,0
2025-10-13,sz.000026,16.0,16.55,15.57,16.5,5304040,85550137.0,1.4549,0.304,0,0
2025-10-14,sz.000026,16.69,16.74,16.31,16.44,5583083,92436677.58,1.5314,-0.3636,0,0
2025-10-15,sz.000026,16.53,16.98,16.3,16.73,6364200,106143403.0,1.7457,1.764,0,0
2025-10-16,sz.000026,16.76,16.97,16.52,16.6,5614020,94173043.4,1.5399,-0.777,0,0
2025-10-17,sz.000026,16.74,16.74,16.08,16.21,4345645,70931517.79,1.192,-2.3494,0,0
2025-10-20,sz.000026,16.32,16.62,16.2,16.46,4077600,67152914.0,1.1185,1.5423,0,0
2025-10-21,sz.000026,16.51,18.11,16.42,17.73,25156964,439357389.56,6.9006,7.7157,0,0
2025-10-22,sz.000026,17.62,17.62,16.85,17.05,17868784,304668847.08,4.9014,-3.8353,0,0
2025-10-23,sz.000026,17.1,17.1,16.65,16.8,7728000,129772701.0,2.1198,-1.4663,0,0
2025-10-24,sz.000026,16.87,16.91,16.65,16.7,6204665,103925670.1,1.7019,-0.5952,0,0
2025-10-27,sz.000026,16.65,17.0,16.52,16.74,6353100,106421759.4,1.7427,0.2395,0,0
2025-10-28,sz.000026,16.75,16.75,16.23,16.4,8097800,133010842.0,2.2212,-2.0311,0,0
2025-10-29,sz.000026,16.37,16.48,16.25,16.47,3958300,64866926.0,1.0858,0.4268,0,0
2025-10-30,sz.000026,16.49,16.49,16.16,16.24,5026801,81848497.33,1.3789,-1.3965,0,0
2025-10-31,sz.000026,16.37,16.41,16.21,16.34,3363781,54925650.94,0.9227,0.6158,0,0
2025-11-03,sz.000026,16.48,16.48,16.18,16.34,4536800,73897979.0,1.2444,0.0,0,0
2025-11-04,sz.000026,16.34,16.37,16.12,16.26,3261680,52926620.8,0.8947,-0.4896,0,0
2025-11-05,sz.000026,16.07,16.29,16.0,16.28,2716403,44025022.78,0.7451,0.123,0,0
2025-11-06,sz.000026,16.28,16.35,16.1,16.23,4269800,69281461.0,1.1712,-0.3071,0,0
2025-11-07,sz.000026,16.14,16.18,15.89,16.05,5091765,81634811.3,1.3967,-1.1091,0,0
2025-11-10,sz.000026,16.13,16.13,15.79,16.03,3864000,61575849.0,1.0599,-0.1246,0,0
2025-11-11,sz.000026,16.1,16.1,15.86,15.96,3583965,57241480.9,0.9831,-0.4367,0,0
2025-11-12,sz.000026,15.9,16.0,15.79,15.8,3319100,52618199.0,0.9104,-1.0025,0,0
2025-11-13,sz.000026,15.83,15.91,15.53,15.85,5590023,87830641.2,1.5333,0.3165,0,0
2025-11-14,sz.000026,15.81,16.16,15.72,15.86,3771785,60292571.13,1.0346,0.0631,0,0
2025-11-17,sz.000026,15.91,16.03,15.78,15.96,2604185,41465697.55,0.7143,0.6305,0,0
2025-11-18,sz.000026,16.02,16.02,15.82,15.88,1972700,31363058.0,0.5411,-0.5013,0,0
2025-11-19,sz.000026,15.88,15.95,15.53,15.67,2931750,46014172.13,0.8042,-1.3224,0,0
2025-11-20,sz.000026,15.78,15.78,15.1,15.23,4905501,75228574.38,1.3456,-2.8079,0,0
2025-11-21,sz.000026,15.1,15.32,14.74,14.96,5691017,85464996.23,1.5611,-1.7728,0,0
2025-11-24,sz.000026,14.96,15.41,14.8,15.28,3771893,57276271.66,1.0346,2.139,0,0
2025-11-25,sz.000026,15.3,15.45,15.23,15.28,3110800,47719003.0,0.8533,0.0,0,0
2025-11-26,sz.000026,15.35,15.43,15.21,15.23,2331700,35696216.0,0.6396,-0.3272,0,0
2025-11-27,sz.000026,15.18,15.4,15.12,15.28,2161400,33073259.5,0.5929,0.3283,0,0
2025-11-28,sz.000026,15.26,15.36,15.13,15.35,2356201,35893702.31,0.6463,0.4581,0,0
2025-12-01,sz.000026,15.4,15.75,15.35,15.5,3954900,61437106.0,1.0848,0.9772,0,0
2025-12-02,sz.000026,15.5,15.5,15.14,15.22,3473500,53062375.0,0.9528,-1.8065,0,0
2025-12-03,sz.000026,15.15,15.28,15.03,15.1,2399200,36257788.0,0.6581,-0.7884,0,0
2025-12-04,sz.000026,15.11,15.18,14.9,15.07,2780300,41864671.5,0.7626,-0.1987,0,0
2025-12-05,sz.000026,15.07,15.22,14.94,15.14,3590297,54207100.52,0.9848,0.4645,0,0
2025-12-08,sz.000026,15.08,15.29,15.07,15.25,3089200,46963897.0,0.8474,0.7266,0,0
2025-12-09,sz.000026,15.25,15.49,15.19,15.23,3134700,48102113.0,0.8599,-0.1311,0,0
2025-12-10,sz.000026,15.23,15.38,15.12,15.33,2350300,35898228.0,0.6447,0.6566,0,0
2025-12-11,sz.000026,15.39,15.4,14.88,14.91,4545400,68197367.0,1.2468,-2.7397,0,0
2025-12-12,sz.000026,14.91,15.02,14.68,14.93,4385100,65150643.0,1.2028,0.1341,0,0
2025-12-15,sz.000026,14.87,15.1,14.8,15.0,3307900,49593271.0,0.9074,0.4689,0,0
2025-12-16,sz.000026,15.06,15.06,14.75,14.81,2442200,36291461.0,0.6699,-1.2667,0,0
2025-12-17,sz.000026,14.86,15.05,14.61,15.03,3244000,48119622.0,0.8898,1.4855,0,0
2025-12-18,sz.000026,15.03,15.43,14.9,15.31,4305821,65897062.58,1.1811,1.8629,0,0
2025-12-19,sz.000026,15.41,15.68,15.27,15.53,5511479,85598707.69,1.5118,1.437,0,0
2025-12-22,sz.000026,15.61,15.61,15.27,15.33,4018501,61742232.41,1.1023,-1.2878,0,0
2025-12-23,sz.000026,15.3,15.3,15.01,15.12,2825605,42793977.65,0.7751,-1.3699,0,0
2025-12-24,sz.000026,15.17,15.2,14.98,15.15,5985500,90184824.0,1.6418,0.1984,0,0
2025-12-25,sz.000026,15.15,15.6,15.12,15.43,6157500,94934937.0,1.689,1.8482,0,0
2025-12-26,sz.000026,15.37,15.47,15.12,15.22,4015900,61319411.0,1.1016,-1.361,0,0
2025-12-29,sz.000026,15.23,15.24,15.03,15.12,3339255,50438493.27,0.916,-0.657,0,0
2025-12-30,sz.000026,15.24,15.24,14.82,14.89,4925500,73490355.0,1.3511,-1.5212,0,0
2025-12-31,sz.000026,14.99,16.38,14.96,16.38,21468334,339476336.72,5.8888,10.0067,1,0
2026-01-05,sz.000026,16.57,16.57,16.15,16.4,22564968,368280218.68,6.1896,0.1221,0,0
2026-01-06,sz.000026,16.4,16.77,16.38,16.7,18661386,309941613.02,5.1188,1.8293,0,0
2026-01-07,sz.000026,16.71,17.28,16.55,16.75,17725197,300719855.02,4.862,0.2994,0,0
2026-01-08,sz.000026,16.74,17.77,16.63,17.18,19317406,330973952.68,5.2988,2.5672,0,0
2026-01-09,sz.000026,17.18,17.47,16.78,17.4,19341672,330226424.09,5.3054,1.2806,0,0
2026-01-12,sz.000026,17.4,17.67,17.13,17.41,16898117,293890087.6,4.6352,0.0575,0,0
2026-01-13,sz.000026,17.65,17.65,16.68,16.76,14279290,242688267.58,3.9168,-3.7335,0,0
2026-01-14,sz.000026,16.75,17.3,16.71,16.95,12857261,219179262.15,3.5268,1.1337,0,0
2026-01-15,sz.000026,16.94,16.95,16.48,16.6,8028702,133482881.6,2.2023,-2.0649,0,0
2026-01-16,sz.000026,16.59,16.72,16.45,16.64,6504018,107930837.27,1.7841,0.241,0,0
2026-01-19,sz.000026,16.63,17.36,16.63,17.25,13844428,237549617.6,3.7975,3.6659,0,0
2026-01-20,sz.000026,17.25,17.25,16.6,16.78,8880000,149846227.0,2.4358,-2.7246,0,0
2026-01-21,sz.000026,16.7,16.77,16.45,16.64,5744660,95600206.32,1.5758,-0.8343,0,0
2026-01-22,sz.000026,16.7,16.85,16.52,16.68,5416470,90289724.6,1.4857,0.2404,0,0
2026-01-23,sz.000026,16.7,17.1,16.57,16.93,7679108,129841389.4,2.1064,1.4988,0,0
2026-01-26,sz.000026,16.93,16.99,16.36,16.6,8920045,148569238.25,2.4468,-1.9492,0,0
2026-01-27,sz.000026,16.51,16.61,15.92,16.23,8212700,132882994.0,2.2528,-2.2289,0,0
2026-01-28,sz.000026,16.32,16.33,15.89,16.08,8089100,130406770.0,2.2188,-0.9242,0,0
2026-01-29,sz.000026,16.06,16.13,15.79,15.95,7441300,118663477.0,2.0412,-0.8085,0,0
2026-01-30,sz.000026,15.95,15.98,15.6,15.86,4141500,65452991.0,1.136,-0.5643,0,0
2026-02-02,sz.000026,15.69,15.75,15.36,15.39,5131102,79977443.27,1.4075,-2.9634,0,0
2026-02-03,sz.000026,15.65,15.65,15.24,15.47,3963400,61022936.0,1.0872,0.5198,0,0
2026-02-04,sz.000026,15.5,15.81,15.41,15.67,4099399,64133004.25,1.1245,1.2928,0,0
2026-02-05,sz.000026,15.66,15.69,15.49,15.54,2761701,43007304.6,0.7575,-0.8296,0,0
2026-02-06,sz.000026,15.56,15.63,15.38,15.47,3737601,58022616.54,1.0252,-0.4505,0,0
2026-02-09,sz.000026,15.61,15.65,15.45,15.65,3523100,54853458.0,0.9664,1.1635,0,0
2026-02-10,sz.000026,15.68,15.9,15.63,15.65,4712600,74183330.0,1.2927,0.0,0,0
2026-02-11,sz.000026,15.75,15.92,15.57,15.69,3375800,53193966.0,0.926,0.2556,0,0
2026-02-12,sz.000026,15.77,15.77,15.38,15.44,4899201,75843134.45,1.3439,-1.5934,0,0
2026-02-13,sz.000026,15.37,15.58,15.36,15.43,2621640,40586915.2,0.7191,-0.0648,0,0
2026-02-24,sz.000026,15.62,15.82,15.5,15.72,4758640,74790104.6,1.3053,1.8795,0,0
2026-02-25,sz.000026,15.81,15.81,15.61,15.68,3792100,59495399.0,1.0402,-0.2545,0,0
2026-02-26,sz.000026,15.79,16.07,15.73,15.87,4972558,79067070.98,1.364,1.2117,0,0
2026-02-27,sz.000026,15.95,15.96,15.71,15.83,3913600,61717170.0,1.0735,-0.252,0,0
2026-03-02,sz.000026,15.65,15.8,15.33,15.59,6124700,95217137.99,1.68,-1.5161,0,0
2026-03-03,sz.000026,15.65,15.69,14.86,14.91,5951276,90484332.36,1.6324,-4.3618,0,0
2026-03-04,sz.000026,14.77,14.98,14.66,14.82,3644322,53984924.47,0.9996,-0.6036,0,0
2026-03-05,sz.000026,15.05,15.14,14.89,14.99,3622880,54388817.2,0.9938,1.1471,0,0
2026-03-06,sz.000026,15.01,15.38,14.89,15.32,3515990,53319102.0,0.9644,2.2015,0,0
2026-03-09,sz.000026,15.05,15.39,15.03,15.16,3901900,59153818.79,1.0703,-1.0444,0,0
2026-03-10,sz.000026,15.28,15.77,15.18,15.54,3933076,60877560.04,1.0788,2.5066,0,0
2026-03-11,sz.000026,15.7,15.7,15.35,15.44,3231017,49905396.83,0.8863,-0.6435,0,0
2026-03-12,sz.000026,15.45,15.56,15.32,15.4,3211863,49599935.35,0.881,-0.2591,0,0
2026-03-13,sz.000026,15.37,15.4,15.01,15.1,3749276,56985858.04,1.0284,-1.9481,0,0
2026-03-16,sz.000026,14.95,15.01,14.18,14.56,8890507,128628034.01,2.4387,-3.5762,0,0
2026-03-17,sz.000026,14.63,14.63,14.23,14.34,3126400,45141522.0,0.8576,-1.511,0,0
2026-03-18,sz.000026,14.34,14.55,14.25,14.52,2814700,40529076.97,0.7721,1.2552,0,0
2026-03-19,sz.000026,14.3,14.48,14.04,14.12,2962200,42090131.0,0.8125,-2.7548,0,0
2026-03-20,sz.000026,14.17,14.28,13.88,13.93,3235309,45544312.43,0.8875,-1.3456,0,0
2026-03-23,sz.000026,13.5,13.73,13.03,13.16,5055350,67575018.0,1.3867,-5.5276,0,0
2026-03-24,sz.000026,13.52,13.78,13.31,13.74,5479800,74330097.0,1.5031,4.4073,0,0
2026-03-25,sz.000026,13.78,14.75,13.69,14.36,7745201,110820418.59,2.1245,4.5124,0,0
2026-03-26,sz.000026,14.45,14.68,14.07,14.2,3655963,52497796.56,1.0028,-1.1142,0,0
2026-03-27,sz.000026,14.08,14.37,13.95,14.34,3536800,50261775.0,0.9702,0.9859,0,0
2026-03-30,sz.000026,14.09,14.33,14.04,14.17,1792500,25370356.0,0.4917,-1.1855,0,0
2026-03-31,sz.000026,14.28,14.39,13.84,13.92,2761300,38788032.0,0.7574,-1.7643,0,0
2026-04-01,sz.000026,14.1,14.15,13.9,14.07,2417700,33858373.0,0.6632,1.0776,0,0
2026-04-02,sz.000026,14.08,14.6,14.01,14.41,6764144,96712655.45,1.8554,2.4165,0,0
2026-04-03,sz.000026,14.54,14.68,14.12,14.4,4352801,62488385.36,1.194,-0.0694,0,0
2026-04-07,sz.000026,14.55,14.55,14.15,14.29,2583909,36981700.09,0.7088,-0.7639,0,0
2026-04-08,sz.000026,14.45,14.75,14.37,14.73,4370580,63833913.4,1.1989,3.0791,0,0
2026-04-09,sz.000026,14.65,14.74,14.48,14.63,3075200,44910161.0,0.8435,-0.6789,0,0
2026-04-10,sz.000026,14.7,15.41,14.6,14.92,7438700,111971270.0,2.0405,1.9822,0,0
2026-04-13,sz.000026,15.75,16.41,15.16,16.41,11222737,179274295.34,3.0784,9.9866,1,0
2026-04-14,sz.000026,17.0,17.51,15.93,16.2,25635246,423038820.72,7.0318,-1.2797,0,0
2026-04-15,sz.000026,16.12,17.82,15.91,17.82,36613569,627411164.71,10.0432,10.0,1,0
2026-04-16,sz.000026,17.5,17.89,17.06,17.73,36385984,634260250.73,9.9808,-0.5051,0,0
2026-04-17,sz.000026,17.5,18.05,17.5,17.62,18766046,332260948.24,5.1476,-0.6204,0,0
2026-04-20,sz.000026,17.44,17.88,17.33,17.8,18398146,324563779.28,5.0467,1.0216,0,0
2026-04-21,sz.000026,17.7,18.78,17.6,18.78,29373242,537401963.69,8.0572,5.5056,0,0
2026-04-22,sz.000026,18.0,18.4,16.92,17.4,27274366,482437230.93,7.4814,-7.3482,0,0
2026-04-23,sz.000026,17.01,19.14,17.01,18.09,29037426,529785865.38,7.965,3.9655,0,0
2026-04-24,sz.000026,18.0,18.64,17.9,18.41,21818276,399794647.87,5.9848,1.7689,0,0
2026-04-27,sz.000026,18.4,18.96,17.9,18.2,20728565,377757474.98,5.6859,-1.1407,0,0
2026-04-28,sz.000026,18.02,18.23,17.69,17.77,14639878,261206851.62,4.0158,-2.3626,0,0
2026-04-29,sz.000026,17.76,18.28,17.6,18.09,12001300,216444851.0,3.292,1.8008,0,0
2026-04-30,sz.000026,17.93,18.27,17.7,18.13,13312401,240442155.1,3.6516,0.2211,0,0
2026-05-06,sz.000026,18.2,18.24,17.77,17.85,15015557,270210220.29,4.1188,-1.5444,0,0
2026-05-07,sz.000026,17.9,18.81,17.85,18.72,20914446,387325964.36,5.7369,4.8739,0,0
2026-05-08,sz.000026,18.48,20.2,18.25,19.9,30402291,584846265.54,8.3394,6.3034,0,0
2026-05-11,sz.000026,19.8,21.05,19.65,20.14,28467203,576359715.12,7.8086,1.206,0,0
2026-05-12,sz.000026,20.2,21.08,19.8,20.51,21211841,433551872.12,5.8185,1.8371,0,0
2026-05-13,sz.000026,20.25,20.28,19.66,20.19,20400800,408156089.0,5.596,-1.5602,0,0
2026-05-14,sz.000026,20.18,20.96,20.05,20.28,18530000,379618990.0,5.0828,0.4458,0,0
2026-05-15,sz.000026,20.29,21.0,19.67,20.22,22496801,460804517.1,6.1709,-0.2959,0,0
2026-05-18,sz.000026,20.0,20.3,19.7,20.2,13552701,270292600.81,3.7175,-0.0989,0,0
2026-05-19,sz.000026,20.5,22.22,20.35,22.22,24140855,517498877.36,6.6219,10.0,1,0
2026-05-20,sz.000026,22.47,22.5,21.26,21.8,22200806,482263444.56,6.0897,-1.8902,0,0
2026-05-21,sz.000026,22.0,23.98,21.8,23.23,40800955,955737543.78,11.1918,6.5596,0,0
2026-05-22,sz.000026,23.5,25.55,23.5,25.55,23917319,588024673.27,6.5606,9.9871,1,0
2026-05-25,sz.000026,25.55,27.79,25.23,27.04,43334189,1152157629.14,11.8867,5.8317,0,0
2026-05-26,sz.000026,25.25,25.59,24.34,24.34,28830237,712751016.45,7.9082,-9.9852,0,1
2026-05-27,sz.000026,23.74,24.24,21.93,22.59,42463200,975449751.0,11.6478,-7.1898,0,0
2026-05-28,sz.000026,22.19,23.23,21.67,23.06,26738270,597229720.98,7.3344,2.0806,0,0
2026-05-29,sz.000026,23.2,25.22,23.01,23.95,27339340,665502372.6,7.4993,3.8595,0,0
2026-06-01,sz.000026,23.9,24.11,22.71,22.8,17799353,413308996.85,4.8824,-4.8017,0,0
2026-06-02,sz.000026,22.81,23.08,22.1,22.39,14435710,323766171.7,3.9598,-1.7982,0,0
2026-06-03,sz.000026,22.17,22.99,21.9,22.38,12507900,280605065.0,3.431,-0.0447,0,0
2026-06-04,sz.000026,22.28,22.41,21.3,21.56,14163720,306283749.83,3.8851,-3.664,0,0
2026-06-05,sz.000026,21.36,23.25,21.01,22.56,19988401,443437633.68,5.4829,4.6382,0,0
2026-06-08,sz.000026,21.99,22.14,21.08,21.35,13519800,292152000.0,3.7085,-5.3635,0,0
2026-06-09,sz.000026,21.66,22.08,21.22,21.9,9997400,216155185.0,2.7423,2.5761,0,0
2026-06-10,sz.000026,21.73,21.73,20.66,21.26,9970714,210705387.51,2.735,-2.3875,0,0
2026-06-11,sz.000026,20.99,21.49,20.79,20.97,7500400,158088378.0,2.0574,-1.3641,0,0
2026-06-12,sz.000026,21.2,21.58,20.22,20.41,11600500,239526996.0,3.182,-2.6705,0,0
2026-06-15,sz.000026,20.41,20.91,20.14,20.66,10688000,219295121.0,2.9317,1.2249,0,0
2026-06-16,sz.000026,20.66,21.08,20.41,20.76,8926183,185065236.59,2.4485,0.484,0,0
2026-06-17,sz.000026,20.98,21.83,20.68,21.32,13530201,287952081.18,3.7114,2.6975,0,0
2026-06-18,sz.000026,21.2,21.5,20.37,21.31,11574429,243341909.73,3.1749,-0.0469,0,0
2026-06-22,sz.000026,21.3,21.99,20.61,21.81,15019164,319654712.84,4.1198,2.3463,0,0
2026-06-23,sz.000026,21.79,22.01,20.98,21.65,14635495,315453897.0,4.0146,-0.7336,0,0
2026-06-24,sz.000026,21.61,22.15,20.81,21.82,14745701,318234308.75,4.0448,0.7852,0,0
2026-06-25,sz.000026,21.65,22.15,20.58,20.82,14136117,297992847.24,3.8776,-4.583,0,0
2026-06-26,sz.000026,20.65,20.75,19.63,19.72,11919518,239941798.27,3.2696,-5.2834,0,0
