date,code,open,high,low,close,volume,amount,turnover,pct_change,is_limit_up,is_limit_down
2020-09-21,sz.003006,7.93,9.52,7.93,9.52,196574,1865841.48,0.4595,44.0242,1,0
2020-09-22,sz.003006,10.47,10.47,10.47,10.47,53956,564919.32,0.1261,9.979,1,0
2020-09-23,sz.003006,11.52,11.52,11.52,11.52,28265,325612.8,0.0661,10.0287,1,0
2020-09-24,sz.003006,12.67,12.67,12.67,12.67,151462,1919023.54,0.3541,9.9826,1,0
2020-09-25,sz.003006,13.94,13.94,13.94,13.94,157215,2191577.1,0.3675,10.0237,1,0
2020-09-28,sz.003006,15.33,15.33,15.33,15.33,698320,10705245.6,1.6324,9.9713,1,0
2020-09-29,sz.003006,16.86,16.86,16.86,16.86,452382,7627160.52,1.0575,9.9804,1,0
2020-09-30,sz.003006,18.55,18.55,17.86,18.55,13746400,254647341.95,32.1344,10.0237,1,0
2020-10-09,sz.003006,19.48,20.41,17.74,18.66,27891928,528745261.22,65.2019,0.593,0,0
2020-10-12,sz.003006,18.65,18.98,17.91,18.6,20310205,372436886.8,47.4784,-0.3215,0,0
2020-10-13,sz.003006,18.6,19.28,18.29,19.2,19413011,364102175.92,45.381,3.2258,0,0
2020-10-14,sz.003006,19.5,20.68,19.01,19.52,20654168,406091655.3,48.2824,1.6667,0,0
2020-10-15,sz.003006,18.22,18.48,17.57,17.57,16263322,289956862.72,38.0181,-9.9898,0,1
2020-10-16,sz.003006,17.15,17.25,16.72,16.85,9396897,159054784.61,21.9668,-4.0979,0,0
2020-10-19,sz.003006,16.68,17.26,16.6,16.94,6748959,114162499.12,15.7768,0.5341,0,0
2020-10-20,sz.003006,16.72,17.14,16.57,16.99,5647089,95699044.28,13.201,0.2952,0,0
2020-10-21,sz.003006,17.2,18.11,17.01,17.41,11405952,199967406.78,26.6633,2.472,0,0
2020-10-22,sz.003006,18.25,19.15,18.0,19.15,7326107,137679955.53,17.126,9.9943,1,0
2020-10-23,sz.003006,19.7,19.99,18.12,18.22,18228584,344024691.28,42.6123,-4.8564,0,0
2020-10-26,sz.003006,18.23,18.76,17.45,17.75,9522756,171839996.99,22.261,-2.5796,0,0
2020-10-27,sz.003006,17.75,18.07,17.17,17.35,7329255,127977368.78,17.1333,-2.2535,0,0
2020-10-28,sz.003006,17.35,17.84,17.21,17.68,6334238,111445036.85,14.8073,1.902,0,0
2020-10-29,sz.003006,17.25,19.45,17.25,18.71,15626832,292098766.17,36.5302,5.8258,0,0
2020-10-30,sz.003006,18.88,19.55,18.53,19.31,13407698,255493580.41,31.3427,3.2068,0,0
2020-11-02,sz.003006,19.02,21.24,18.49,20.45,15024783,293643039.83,35.1229,5.9037,0,0
2020-11-03,sz.003006,19.81,20.99,19.6,20.19,11811831,238405185.55,27.6121,-1.2714,0,0
2020-11-04,sz.003006,19.98,20.13,19.21,19.34,8524853,167382269.04,19.9282,-4.21,0,0
2020-11-05,sz.003006,19.41,19.94,19.19,19.49,6828407,133857629.61,15.9625,0.7756,0,0
2020-11-06,sz.003006,19.36,20.56,19.32,19.88,8025706,159820133.27,18.7614,2.001,0,0
2020-11-09,sz.003006,19.55,21.48,19.52,20.97,9394786,193770064.14,21.9618,5.4829,0,0
2020-11-10,sz.003006,20.85,22.04,20.27,21.71,11850277,251638162.21,27.7019,3.5289,0,0
2020-11-11,sz.003006,21.32,21.76,20.77,21.22,8049947,171029130.04,18.818,-2.257,0,0
2020-11-12,sz.003006,21.0,21.45,20.35,21.01,5275380,109981163.98,12.3321,-0.9896,0,0
2020-11-13,sz.003006,21.01,21.55,20.8,21.55,5483663,116224951.27,12.8189,2.5702,0,0
2020-11-16,sz.003006,21.42,22.21,20.13,20.23,10691074,225966564.48,24.9921,-6.1253,0,0
2020-11-17,sz.003006,19.92,20.44,19.39,19.84,6519723,129048621.72,15.2409,-1.9278,0,0
2020-11-18,sz.003006,19.91,20.5,19.78,20.44,4677412,94246996.58,10.9342,3.0242,0,0
2020-11-19,sz.003006,20.29,20.8,19.72,20.07,5220182,104704807.34,12.203,-1.8102,0,0
2020-11-20,sz.003006,20.0,20.66,19.89,20.48,5188102,105401507.24,12.128,2.0429,0,0
2020-11-23,sz.003006,20.52,21.96,20.25,21.84,7714400,163508486.0,18.0337,6.6406,0,0
2020-11-24,sz.003006,21.51,21.85,21.27,21.67,4167709,89929335.58,9.7427,-0.7784,0,0
2020-11-25,sz.003006,21.8,22.95,21.44,21.44,7866651,173820890.84,18.3896,-1.0614,0,0
2020-11-26,sz.003006,21.26,21.9,21.2,21.78,4241907,91427443.64,9.9161,1.5858,0,0
2020-11-27,sz.003006,21.58,22.0,20.97,21.4,3856508,82745585.28,9.0152,-1.7447,0,0
2020-11-30,sz.003006,21.53,21.69,20.72,20.79,3683772,77390701.5,8.6114,-2.8505,0,0
2020-12-01,sz.003006,20.7,20.97,20.37,20.6,3265048,67261634.52,7.6326,-0.9139,0,0
2020-12-02,sz.003006,20.69,21.11,20.31,20.99,3364353,69672066.43,7.8647,1.8932,0,0
2020-12-03,sz.003006,20.8,20.99,20.44,20.62,2571768,53189446.84,6.0119,-1.7627,0,0
2020-12-04,sz.003006,20.48,21.77,20.41,21.64,5495261,116813128.66,12.8461,4.9467,0,0
2020-12-07,sz.003006,21.67,22.72,21.45,22.4,5280364,117438907.64,12.3437,3.512,0,0
2020-12-08,sz.003006,22.4,22.88,21.84,22.35,4181316,93283245.4,9.7745,-0.2232,0,0
2020-12-09,sz.003006,22.48,22.87,21.38,21.4,3415401,75194132.99,7.9841,-4.2506,0,0
2020-12-10,sz.003006,21.34,23.22,21.34,22.76,5714555,127829526.1,13.3587,6.3551,0,0
2020-12-11,sz.003006,22.61,23.3,22.31,22.69,5235930,119235860.2,12.2398,-0.3076,0,0
2020-12-14,sz.003006,22.86,24.08,22.5,23.77,6587096,154430103.76,15.3984,4.7598,0,0
2020-12-15,sz.003006,23.46,25.83,23.3,24.83,8718743,214743161.67,20.3815,4.4594,0,0
2020-12-16,sz.003006,24.55,25.78,24.12,24.21,7945812,196757237.8,18.5746,-2.497,0,0
2020-12-17,sz.003006,24.35,26.38,24.09,25.72,7696032,194373380.68,17.9907,6.2371,0,0
2020-12-18,sz.003006,25.63,26.36,25.3,26.3,6428832,166013243.52,15.0284,2.2551,0,0
2020-12-21,sz.003006,26.45,28.93,26.16,28.9,8337251,228448974.7,19.4897,9.8859,1,0
2020-12-22,sz.003006,28.3,29.15,27.48,27.65,7388392,208333830.23,17.2716,-4.3253,0,0
2020-12-23,sz.003006,27.35,28.86,24.89,25.1,11188728,297130173.23,26.1555,-9.2224,0,0
2020-12-24,sz.003006,25.15,25.33,23.71,24.75,7328162,180085163.4,17.1308,-1.3944,0,0
2020-12-25,sz.003006,24.35,25.2,23.89,24.75,4817386,118805924.5,11.2614,0.0,0,0
2020-12-28,sz.003006,24.71,24.74,23.72,23.87,4846620,117475947.0,11.3298,-3.5556,0,0
2020-12-29,sz.003006,23.88,24.5,21.6,23.9,6022768,139479049.36,14.0792,0.1257,0,0
2020-12-30,sz.003006,23.72,24.0,23.31,23.65,3126672,74097642.76,7.3091,-1.046,0,0
2020-12-31,sz.003006,23.66,25.33,23.36,25.15,4328552,106389389.28,10.1187,6.3425,0,0
2021-01-04,sz.003006,25.39,26.67,25.08,26.2,4818996,125508121.16,11.2652,4.175,0,0
2021-01-05,sz.003006,26.33,27.1,25.92,26.21,3725480,98001385.76,8.7089,0.0382,0,0
2021-01-06,sz.003006,26.22,26.96,25.4,25.9,3571534,93076643.32,8.349,-1.1828,0,0
2021-01-07,sz.003006,25.66,25.69,24.0,24.15,4987785,123063838.96,11.6598,-6.7568,0,0
2021-01-08,sz.003006,24.25,25.26,23.14,24.83,3762800,92690267.52,8.7962,2.8157,0,0
2021-01-11,sz.003006,24.6,24.75,23.66,23.78,2661320,64211111.96,6.2213,-4.2288,0,0
2021-01-12,sz.003006,23.51,25.0,23.51,24.48,2372896,57872942.52,5.547,2.9437,0,0
2021-01-13,sz.003006,24.36,24.67,23.0,23.09,2685112,63417256.53,6.2769,-5.6781,0,0
2021-01-14,sz.003006,22.99,22.99,21.93,22.1,2697160,60441095.28,6.305,-4.2876,0,0
2021-01-15,sz.003006,21.92,22.8,21.8,22.45,1687249,37685214.05,3.9442,1.5837,0,0
2021-01-18,sz.003006,22.01,22.75,22.01,22.43,1353960,30336777.32,3.1651,-0.0891,0,0
2021-01-19,sz.003006,22.43,23.33,22.22,22.63,1837525,41833150.57,4.2955,0.8917,0,0
2021-01-20,sz.003006,22.8,22.95,22.06,22.93,1596956,35951687.92,3.7331,1.3257,0,0
2021-01-21,sz.003006,22.8,22.97,21.88,22.02,3827569,85437398.94,8.9476,-3.9686,0,0
2021-01-22,sz.003006,21.9,21.9,20.21,20.71,4194759,87254571.83,9.8059,-5.9491,0,0
2021-01-25,sz.003006,20.51,20.51,19.69,19.88,2868997,57265456.6,6.7067,-4.0077,0,0
2021-01-26,sz.003006,19.72,20.19,19.38,20.0,2062438,41070098.29,4.8213,0.6036,0,0
2021-01-27,sz.003006,19.8,20.0,19.11,19.18,1928637,37680210.09,4.5085,-4.1,0,0
2021-01-28,sz.003006,18.88,19.4,18.64,19.0,1471640,28055357.77,3.4402,-0.9385,0,0
2021-01-29,sz.003006,19.0,19.18,17.7,18.07,2345151,42736987.13,5.4822,-4.8947,0,0
2021-02-01,sz.003006,18.4,19.88,18.3,19.88,2375756,45538940.47,5.5537,10.0166,1,0
2021-02-02,sz.003006,20.28,21.83,20.28,21.5,5962965,125952232.14,13.9394,8.1489,0,0
2021-02-03,sz.003006,21.28,21.73,20.5,20.73,2798800,58317934.96,6.5426,-3.5814,0,0
2021-02-04,sz.003006,20.46,20.79,19.4,19.61,3616028,71944069.2,8.453,-5.4028,0,0
2021-02-05,sz.003006,20.0,20.42,18.93,18.94,2250856,43919206.16,5.2617,-3.4166,0,0
2021-02-08,sz.003006,18.9,19.87,17.8,18.4,3354956,63168839.2,7.8428,-2.8511,0,0
2021-02-09,sz.003006,18.33,18.8,18.0,18.39,2554704,46996266.96,5.972,-0.0543,0,0
2021-02-10,sz.003006,18.38,18.77,18.08,18.4,2425210,44552730.06,5.6693,0.0544,0,0
2021-02-18,sz.003006,18.8,19.51,18.58,19.13,3539624,67426397.56,8.2744,3.9674,0,0
2021-02-19,sz.003006,19.14,21.04,18.62,20.33,5563232,112907470.02,13.005,6.2729,0,0
2021-02-22,sz.003006,20.04,20.32,19.42,20.28,4061837,80957106.46,9.4952,-0.2459,0,0
2021-02-23,sz.003006,20.02,21.9,19.71,21.42,5893823,123227781.89,13.7778,5.6213,0,0
2021-02-24,sz.003006,21.31,22.49,20.22,20.31,5678520,121263938.92,13.2745,-5.1821,0,0
2021-02-25,sz.003006,20.5,20.65,19.61,20.13,2618391,52438814.17,6.1209,-0.8863,0,0
2021-02-26,sz.003006,19.55,20.43,19.5,20.02,1945307,38956300.83,4.5475,-0.5464,0,0
2021-03-01,sz.003006,20.14,20.78,20.12,20.37,1822892,37165698.32,4.2613,1.7483,0,0
2021-03-02,sz.003006,20.45,20.46,19.75,20.15,1649812,32942434.96,3.8567,-1.08,0,0
2021-03-03,sz.003006,20.15,20.52,19.85,20.33,1574516,31899073.68,3.6807,0.8933,0,0
2021-03-04,sz.003006,20.28,20.38,19.05,19.18,2607909,50979779.52,6.0964,-5.6567,0,0
2021-03-05,sz.003006,19.16,20.3,18.92,20.23,2569773,51014190.99,6.0073,5.4745,0,0
2021-03-08,sz.003006,20.39,20.99,19.9,20.07,2025231,41431009.18,4.7343,-0.7909,0,0
2021-03-09,sz.003006,19.9,19.9,19.12,19.3,1567800,30552474.0,3.665,-3.8366,0,0
2021-03-10,sz.003006,19.51,19.75,18.85,19.05,1437996,27483205.0,3.3615,-1.2953,0,0
2021-03-11,sz.003006,18.95,19.26,18.81,19.2,745904,14242015.48,1.7437,0.7874,0,0
2021-03-12,sz.003006,18.99,19.22,18.78,19.12,933904,17753381.24,2.1832,-0.4167,0,0
2021-03-15,sz.003006,19.1,19.1,18.47,18.73,1104726,20677363.38,2.5825,-2.0397,0,0
2021-03-16,sz.003006,18.88,19.04,18.6,18.92,596127,11223735.01,1.3935,1.0144,0,0
2021-03-17,sz.003006,18.92,19.32,18.63,19.28,900212,17142858.64,2.1044,1.9027,0,0
2021-03-18,sz.003006,19.28,19.77,19.06,19.5,1235741,24046278.86,2.8887,1.1411,0,0
2021-03-19,sz.003006,19.16,20.24,19.0,19.97,2178200,43160695.48,5.0919,2.4103,0,0
2021-03-22,sz.003006,19.73,20.1,19.71,19.94,1150200,22931670.0,2.6888,-0.1502,0,0
2021-03-23,sz.003006,19.94,19.98,19.09,19.13,1320004,25595513.76,3.0857,-4.0622,0,0
2021-03-24,sz.003006,19.13,19.35,18.93,19.02,793900,15138784.0,1.8559,-0.575,0,0
2021-03-25,sz.003006,18.99,19.28,18.9,19.22,671608,12852107.48,1.57,1.0515,0,0
2021-03-26,sz.003006,19.1,19.9,19.0,19.55,1629700,31691923.44,3.8097,1.717,0,0
2021-03-29,sz.003006,19.57,21.51,19.38,21.51,3114608,64830598.08,7.2809,10.0256,1,0
2021-03-30,sz.003006,21.46,22.57,20.86,21.7,7027944,152140737.38,16.429,0.8833,0,0
2021-03-31,sz.003006,21.22,21.85,20.71,21.71,3881427,82266899.87,9.0735,0.0461,0,0
2021-04-01,sz.003006,21.21,21.71,20.74,21.6,2997097,63906100.43,7.0062,-0.5067,0,0
2021-04-02,sz.003006,21.68,22.94,21.21,22.58,6552882,145391287.76,15.3184,4.537,0,0
2021-04-06,sz.003006,22.09,22.9,21.61,22.55,4344882,97023037.64,10.1569,-0.1329,0,0
2021-04-07,sz.003006,22.28,24.81,21.82,23.43,7102642,164462967.99,16.6036,3.9024,0,0
2021-04-08,sz.003006,22.9,22.9,22.0,22.03,4864363,108870246.4,11.3712,-5.9752,0,0
2021-04-09,sz.003006,22.35,23.59,21.95,23.4,6141652,140563564.49,14.3571,6.2188,0,0
2021-04-12,sz.003006,24.57,24.7,21.63,21.8,7216942,162976438.88,16.8708,-6.8376,0,0
2021-04-13,sz.003006,21.6,21.68,20.66,21.0,3583771,75651206.19,8.3776,-3.6697,0,0
2021-04-14,sz.003006,20.65,22.26,20.57,21.44,3594178,77372693.06,8.402,2.0952,0,0
2021-04-15,sz.003006,22.8,23.58,22.43,22.53,10535577,244337849.09,24.6286,5.084,0,0
2021-04-16,sz.003006,22.53,23.26,22.0,22.35,8770092,198923173.41,20.5015,-0.7989,0,0
2021-04-19,sz.003006,22.0,22.33,21.3,21.54,6288400,136848113.0,14.7001,-3.6242,0,0
2021-04-20,sz.003006,21.86,22.12,21.07,21.5,4591548,99023546.63,10.7335,-0.1857,0,0
2021-04-21,sz.003006,21.25,22.15,21.1,21.94,4179948,90565675.92,9.7713,2.0465,0,0
2021-04-22,sz.003006,21.95,21.95,21.13,21.23,3542700,75787333.0,8.2816,-3.2361,0,0
2021-04-23,sz.003006,21.24,21.24,20.38,20.52,3217000,66479823.0,7.5203,-3.3443,0,0
2021-04-26,sz.003006,20.56,21.19,20.56,20.76,2325534,48453052.79,5.4363,1.1696,0,0
2021-04-27,sz.003006,20.91,22.84,20.81,22.84,6551599,144261800.39,15.3154,10.0193,1,0
2021-04-28,sz.003006,23.18,23.41,22.45,23.24,8243448,189561855.82,19.2704,1.7513,0,0
2021-04-29,sz.003006,23.19,23.87,23.01,23.48,6593389,154271555.21,15.4131,1.0327,0,0
2021-04-30,sz.003006,23.48,23.99,23.23,23.78,3835400,90861415.0,8.9659,1.2777,0,0
2021-05-06,sz.003006,23.88,24.24,23.45,23.75,3180308,75421804.76,7.4345,-0.1262,0,0
2021-05-07,sz.003006,23.75,23.86,23.24,23.4,2831100,66596594.0,6.6182,-1.4737,0,0
2021-05-10,sz.003006,23.68,24.4,23.5,24.01,3271796,78287291.52,7.6484,2.6068,0,0
2021-05-11,sz.003006,23.8,24.2,23.31,24.01,2712855,64408950.77,6.3417,0.0,0,0
2021-05-12,sz.003006,23.81,25.76,23.7,25.27,3968644,98550776.5,9.2773,5.2478,0,0
2021-05-13,sz.003006,24.98,25.78,24.92,25.02,2434294,61477312.0,5.6906,-0.9893,0,0
2021-05-14,sz.003006,25.22,26.75,25.06,26.44,3727863,97222970.38,8.7145,5.6755,0,0
2021-05-17,sz.003006,26.3,27.34,25.88,26.97,3095700,82740702.0,7.2367,2.0045,0,0
2021-05-18,sz.003006,26.97,27.6,26.43,27.46,2784848,75360592.92,6.51,1.8168,0,0
2021-05-19,sz.003006,27.26,27.52,26.58,26.71,2293180,61783435.0,5.3607,-2.7312,0,0
2021-05-20,sz.003006,26.16,27.35,25.55,25.75,4540246,119074558.25,10.6136,-3.5942,0,0
2021-05-21,sz.003006,25.75,26.4,25.41,25.69,2707544,70144132.0,6.3293,-0.233,0,0
2021-05-24,sz.003006,25.68,26.78,25.62,25.95,2554613,66559644.55,5.9718,1.0121,0,0
2021-05-25,sz.003006,25.97,26.25,25.4,26.15,2109991,54670298.5,4.9324,0.7707,0,0
2021-05-26,sz.003006,25.9,28.5,25.9,28.19,4421534,121376830.86,10.336,7.8011,0,0
2021-05-27,sz.003006,27.81,28.17,27.4,27.6,2688344,74517108.37,6.2844,-2.0929,0,0
2021-05-28,sz.003006,27.23,27.73,26.92,27.3,1703333,46435273.43,3.9818,0.0,0,0
2021-05-31,sz.003006,27.31,27.4,26.47,27.34,1748269,47222561.3,4.0869,0.1465,0,0
2021-06-01,sz.003006,28.5,29.02,26.43,26.58,4825200,133344128.82,11.2797,-2.7798,0,0
2021-06-02,sz.003006,26.08,27.57,26.01,26.63,2526762,67468323.22,5.9067,0.1881,0,0
2021-06-03,sz.003006,26.38,27.66,26.2,26.68,2283522,61639052.59,5.3381,0.1878,0,0
2021-06-04,sz.003006,26.69,27.13,25.95,26.63,1666539,44141629.84,3.8958,-0.1874,0,0
2021-06-07,sz.003006,26.8,27.88,26.47,27.83,2611296,71826405.32,6.1043,4.5062,0,0
2021-06-08,sz.003006,27.83,28.55,27.41,28.4,2285704,64168170.92,5.3432,2.0481,0,0
2021-06-09,sz.003006,28.19,28.23,27.01,27.62,1687900,46598179.0,3.9457,-2.7465,0,0
2021-06-10,sz.003006,27.64,27.76,26.4,27.01,1760848,47526166.84,4.1163,-2.2085,0,0
2021-06-11,sz.003006,26.9,27.39,26.17,26.3,1843282,49091957.6,4.309,-2.6287,0,0
2021-06-15,sz.003006,26.49,26.49,24.92,25.6,2437930,62207753.11,5.6991,-2.6616,0,0
2021-06-16,sz.003006,25.68,26.15,24.72,24.79,1618018,40961468.06,3.7824,-3.1641,0,0
2021-06-17,sz.003006,25.09,26.0,24.81,25.7,1520558,38905715.36,3.5545,3.6708,0,0
2021-06-18,sz.003006,25.96,26.46,25.57,25.85,1159750,30210741.5,2.7111,0.5837,0,0
2021-06-21,sz.003006,25.8,27.0,25.8,26.88,1803538,48063651.44,4.2161,3.9845,0,0
2021-06-22,sz.003006,26.88,27.27,26.34,26.42,1157525,30855506.0,2.7059,-1.7113,0,0
2021-06-23,sz.003006,26.42,26.68,25.7,26.07,1286472,33662209.18,3.0073,-1.3248,0,0
2021-06-24,sz.003006,26.29,26.29,25.11,25.35,1000898,25427518.42,2.3398,-2.7618,0,0
2021-06-25,sz.003006,25.35,26.06,24.5,25.12,1662798,42183490.16,3.8871,-0.9073,0,0
2021-06-28,sz.003006,25.11,25.51,25.04,25.21,969596,24444427.0,2.2666,0.3583,0,0
2021-06-29,sz.003006,25.07,25.21,24.34,24.46,1257000,31074874.0,2.9384,-2.975,0,0
2021-06-30,sz.003006,24.67,24.67,23.3,23.7,1552944,36906056.12,3.6303,-3.1071,0,0
2021-07-01,sz.003006,23.7,23.87,22.5,22.8,2229293,51279857.7,5.2113,-3.7975,0,0
2021-07-02,sz.003006,22.8,23.3,22.33,22.56,1334055,30463388.34,3.1186,-1.0526,0,0
2021-07-05,sz.003006,22.56,23.07,22.46,22.68,1029895,23487694.63,2.4075,0.5319,0,0
2021-07-06,sz.003006,22.79,22.95,21.8,22.05,2067956,45901212.0,4.8342,-2.7778,0,0
2021-07-07,sz.003006,22.13,23.13,22.03,23.04,1524802,34595684.21,3.5645,4.4898,0,0
2021-07-08,sz.003006,23.1,23.27,21.6,21.67,3520139,77871425.47,8.2289,-5.9462,0,0
2021-07-09,sz.003006,21.71,21.9,21.21,21.65,1370589,29502106.76,3.204,-0.0923,0,0
2021-07-12,sz.003006,21.91,22.36,21.6,22.32,1556638,34375553.98,3.6389,3.0947,0,0
2021-07-13,sz.003006,22.76,23.23,22.36,23.21,2065419,47291336.95,4.8282,3.9875,0,0
2021-07-14,sz.003006,23.2,23.2,22.54,22.54,1771820,40395628.4,4.1419,-2.8867,0,0
2021-07-15,sz.003006,22.58,22.85,22.07,22.2,1132869,25317541.44,2.6483,-1.5084,0,0
2021-07-16,sz.003006,22.19,22.57,21.81,22.32,1117311,24797432.41,2.6119,0.5405,0,0
2021-07-19,sz.003006,22.23,22.5,21.76,22.44,1089282,24119920.89,2.5464,0.5376,0,0
2021-07-20,sz.003006,22.15,22.95,21.99,22.86,1183805,26735612.25,2.7673,1.8717,0,0
2021-07-21,sz.003006,23.26,23.93,23.13,23.15,1980300,46407038.0,4.6293,1.2686,0,0
2021-07-22,sz.003006,23.11,23.17,22.2,22.44,1660500,37405700.0,3.8817,-3.067,0,0
2021-07-23,sz.003006,22.26,22.4,21.71,21.85,1251450,27539264.5,2.9255,-2.6292,0,0
2021-07-26,sz.003006,21.9,21.9,20.51,20.92,1707671,36076262.62,3.992,-4.2563,0,0
2021-07-27,sz.003006,20.75,21.33,20.51,20.56,1040544,21814412.72,2.4324,-1.7208,0,0
2021-07-28,sz.003006,20.86,21.27,19.71,21.16,1726445,35828531.55,4.0358,2.9183,0,0
2021-07-29,sz.003006,21.9,22.66,21.53,22.2,2738577,60645800.19,6.4019,4.9149,0,0
2021-07-30,sz.003006,21.99,22.77,21.6,22.39,1813754,40548355.32,4.2399,0.8559,0,0
2021-08-02,sz.003006,21.96,22.67,21.61,22.39,1795290,39836298.04,4.1968,0.0,0,0
2021-08-03,sz.003006,22.99,23.73,22.55,23.61,3791345,88022634.38,8.8629,5.4489,0,0
2021-08-04,sz.003006,23.87,25.71,23.66,25.25,5967434,146789984.86,13.9498,6.9462,0,0
2021-08-05,sz.003006,25.0,27.11,24.69,26.42,5953307,154212458.25,13.9168,4.6337,0,0
2021-08-06,sz.003006,25.94,26.24,24.48,25.0,5378136,134378905.09,12.5723,-5.3747,0,0
2021-08-09,sz.003006,24.91,25.54,24.03,24.85,3278286,81283673.38,7.6635,-0.6,0,0
2021-08-10,sz.003006,24.53,25.14,24.11,25.08,3593440,88290620.08,8.4002,0.9256,0,0
2021-08-11,sz.003006,25.09,25.17,24.6,24.88,2595036,64389539.71,6.0663,-0.7974,0,0
2021-08-12,sz.003006,25.17,26.15,24.92,25.02,3455970,88015860.69,8.0789,0.5627,0,0
2021-08-13,sz.003006,24.95,26.49,24.95,26.12,3977704,103243596.6,9.2985,4.3965,0,0
2021-08-16,sz.003006,26.71,27.1,25.92,26.13,4380065,116507891.24,10.2391,0.0383,0,0
2021-08-17,sz.003006,25.84,27.44,25.52,26.82,4507909,120722526.54,10.538,2.6406,0,0
2021-08-18,sz.003006,26.48,27.3,25.75,26.48,3777952,99984312.87,8.8316,-1.2677,0,0
2021-08-19,sz.003006,26.02,26.89,25.71,25.9,2396334,62597960.5,5.6018,-2.1903,0,0
2021-08-20,sz.003006,25.91,26.33,24.91,26.28,2477846,63967426.16,5.7924,1.4672,0,0
2021-08-23,sz.003006,26.31,26.95,25.9,26.61,2418726,64242117.67,5.6542,1.2557,0,0
2021-08-24,sz.003006,26.56,26.78,26.11,26.24,2178693,57517135.14,5.093,-1.3905,0,0
2021-08-25,sz.003006,25.98,26.17,25.4,25.64,2438504,62647172.14,5.7004,-2.2866,0,0
2021-08-26,sz.003006,25.24,25.95,24.8,24.89,2013465,51014605.2,4.7068,-2.9251,0,0
2021-08-27,sz.003006,24.87,25.35,24.6,25.22,1399581,35107850.73,3.2717,1.3258,0,0
2021-08-30,sz.003006,25.17,26.2,24.81,25.83,2569555,65735500.78,6.0067,2.4187,0,0
2021-08-31,sz.003006,25.58,25.75,23.25,23.25,3574869,85527407.48,8.3568,-9.9884,0,1
2021-09-01,sz.003006,22.8,23.15,21.72,22.75,3059242,68839175.47,7.1515,-2.1505,0,0
2021-09-02,sz.003006,22.7,22.9,22.1,22.18,1900257,42600100.89,4.4422,-2.5055,0,0
2021-09-03,sz.003006,22.18,22.66,21.86,22.56,1394594,31201959.62,3.2601,1.7133,0,0
2021-09-06,sz.003006,22.41,23.07,21.94,22.88,1627450,36726717.04,3.8044,1.4184,0,0
2021-09-07,sz.003006,22.87,22.97,22.31,22.53,1524216,34414983.45,3.5631,-1.5297,0,0
2021-09-08,sz.003006,22.6,22.6,22.18,22.39,1306005,29184260.3,3.053,-0.6214,0,0
2021-09-09,sz.003006,22.45,22.48,21.35,21.6,2390100,52051224.52,5.5872,-3.5284,0,0
2021-09-10,sz.003006,21.59,21.92,21.28,21.73,1654030,35724015.7,3.8666,0.6019,0,0
2021-09-13,sz.003006,21.75,21.75,20.93,21.06,1648227,34973169.08,3.853,-3.0833,0,0
2021-09-14,sz.003006,21.22,21.3,20.9,20.91,1391600,29362556.0,3.2531,-0.7123,0,0
2021-09-15,sz.003006,20.91,21.02,20.39,20.79,1456928,29978804.92,3.4058,-0.5739,0,0
2021-09-16,sz.003006,20.7,20.96,20.0,20.06,1645648,33485340.75,3.847,-3.5113,0,0
2021-09-17,sz.003006,20.06,20.9,19.2,20.81,3173315,63539714.15,7.4181,3.7388,0,0
2021-09-22,sz.003006,20.0,20.38,18.73,19.14,3786334,72693742.89,1.7573,-8.025,0,0
2021-09-23,sz.003006,19.0,20.38,19.0,19.83,3821030,75633305.78,1.7734,3.605,0,0
2021-09-24,sz.003006,19.83,19.83,19.0,19.34,2416237,46734264.09,1.1214,-2.471,0,0
2021-09-27,sz.003006,19.42,19.69,19.12,19.36,1799220,34831356.79,0.835,0.1034,0,0
2021-09-28,sz.003006,19.2,19.8,19.1,19.42,1468356,28548787.22,0.6815,0.3099,0,0
2021-09-29,sz.003006,19.3,19.48,18.91,18.95,1356109,25998695.23,0.6294,-2.4202,0,0
2021-09-30,sz.003006,18.8,19.32,18.8,19.06,796265,15184828.38,0.3696,0.5805,0,0
2021-10-08,sz.003006,19.3,19.97,19.11,19.73,1536132,30102253.47,0.7129,3.5152,0,0
2021-10-11,sz.003006,19.75,20.19,19.74,20.03,1341122,26824341.52,0.6224,1.5205,0,0
2021-10-12,sz.003006,20.2,20.3,19.63,20.15,1878200,37573690.0,0.8717,0.5991,0,0
2021-10-13,sz.003006,20.15,20.55,19.97,20.45,1669424,33926198.92,0.7748,1.4888,0,0
2021-10-14,sz.003006,20.48,20.74,20.3,20.51,1233948,25300761.96,0.5727,0.2934,0,0
2021-10-15,sz.003006,20.49,20.52,19.9,20.11,1988084,40097322.73,0.9227,-1.9503,0,0
2021-10-18,sz.003006,19.29,20.1,19.0,19.87,2413020,46908612.68,1.1199,-1.1934,0,0
2021-10-19,sz.003006,19.84,20.05,19.53,19.9,1039100,20632369.0,0.4823,0.151,0,0
2021-10-20,sz.003006,19.88,20.18,19.57,19.58,1175900,23190615.0,0.5457,-1.608,0,0
2021-10-21,sz.003006,19.57,19.67,19.04,19.27,1637982,31560833.8,0.7602,-1.5832,0,0
2021-10-22,sz.003006,19.26,19.66,19.15,19.29,1449300,28090764.96,0.6726,0.1038,0,0
2021-10-25,sz.003006,19.21,19.48,18.76,19.22,1501292,28768821.92,0.6968,-0.3629,0,0
2021-10-26,sz.003006,19.24,19.5,19.05,19.24,1540500,29626652.18,0.715,0.1041,0,0
2021-10-27,sz.003006,19.16,19.16,17.32,17.49,4780000,85516311.23,2.2184,-9.0956,0,0
2021-10-28,sz.003006,17.34,17.71,16.98,17.28,1575398,27435469.94,0.7312,-1.2007,0,0
2021-10-29,sz.003006,17.29,18.25,17.25,18.02,2226548,39750409.4,1.0334,4.2824,0,0
2021-11-01,sz.003006,18.02,18.13,17.72,17.92,1861346,33351446.54,0.8639,-0.5549,0,0
2021-11-02,sz.003006,17.81,18.3,17.54,17.83,1615640,29026596.8,0.7498,-0.5022,0,0
2021-11-03,sz.003006,18.1,18.1,17.63,17.88,983334,17535583.84,0.4564,0.2804,0,0
2021-11-04,sz.003006,17.94,18.06,17.72,18.04,1266000,22700378.0,0.5876,0.8949,0,0
2021-11-05,sz.003006,18.29,18.67,17.82,17.9,2529792,46181301.2,1.1741,-0.7761,0,0
2021-11-08,sz.003006,18.0,18.16,17.53,17.89,1592944,28370359.0,0.7393,-0.0559,0,0
2021-11-09,sz.003006,17.93,17.93,17.42,17.8,1538400,27178887.0,0.714,-0.5031,0,0
2021-11-10,sz.003006,17.77,17.9,17.5,17.7,1003232,17731027.88,0.4656,-0.5618,0,0
2021-11-11,sz.003006,17.8,17.8,17.5,17.66,1070500,18870279.0,0.4968,-0.226,0,0
2021-11-12,sz.003006,17.66,17.69,17.52,17.55,1068400,18791052.52,0.4959,-0.6229,0,0
2021-11-15,sz.003006,17.6,18.18,17.55,18.08,2793748,50216231.88,1.2966,3.0199,0,0
2021-11-16,sz.003006,18.03,18.19,17.6,17.71,2241500,40105872.0,1.0403,-2.0465,0,0
2021-11-17,sz.003006,17.73,17.8,17.42,17.5,1974948,34681379.84,0.9166,-1.1858,0,0
2021-11-18,sz.003006,17.5,17.55,17.05,17.14,2919300,50309034.52,1.3549,-2.0571,0,0
2021-11-19,sz.003006,17.07,17.21,16.71,16.85,3604190,60662314.5,1.6727,-1.6919,0,0
2021-11-22,sz.003006,16.85,17.3,16.76,17.11,3437404,58416401.0,1.5953,1.543,0,0
2021-11-23,sz.003006,17.0,17.12,16.81,17.0,2180465,36961588.75,1.012,-0.6429,0,0
2021-11-24,sz.003006,17.09,17.6,16.66,17.59,7315708,125823116.88,3.3953,3.4706,0,0
2021-11-25,sz.003006,17.59,17.71,17.02,17.16,4680500,80863375.68,2.1723,-2.4446,0,0
2021-11-26,sz.003006,16.98,17.33,16.97,17.2,2443600,41864312.2,1.1341,0.2331,0,0
2021-11-29,sz.003006,16.95,17.06,16.82,16.96,1804245,30528559.09,0.8374,-1.3953,0,0
2021-11-30,sz.003006,16.96,17.09,16.88,16.98,1699015,28829197.32,0.7885,0.1179,0,0
2021-12-01,sz.003006,17.48,18.68,17.48,18.68,13530010,247914854.98,6.2794,10.0118,1,0
2021-12-02,sz.003006,19.28,19.6,18.11,18.19,12078928,225197788.23,5.6059,-2.6231,0,0
2021-12-03,sz.003006,18.23,18.4,17.85,17.99,5747400,103615995.81,2.6674,-1.0995,0,0
2021-12-06,sz.003006,18.11,18.35,17.8,18.09,4508142,81526104.6,2.0923,0.5559,0,0
2021-12-07,sz.003006,18.21,18.46,17.82,18.43,4936000,89658025.01,2.2908,1.8795,0,0
2021-12-08,sz.003006,18.39,18.39,18.03,18.35,3418919,62242582.66,1.5867,-0.4341,0,0
2021-12-09,sz.003006,18.4,18.77,18.21,18.35,3862834,71252233.56,1.7928,0.0,0,0
2021-12-10,sz.003006,18.18,18.65,18.12,18.54,3815939,70254471.66,1.771,1.0354,0,0
2021-12-13,sz.003006,18.6,19.01,18.46,18.8,3773181,70738171.7,1.7512,1.4024,0,0
2021-12-14,sz.003006,18.83,18.86,18.43,18.66,2692161,50045858.5,1.2494,-0.7447,0,0
2021-12-15,sz.003006,18.53,18.6,18.3,18.36,2133424,39284542.65,0.9901,-1.6077,0,0
2021-12-16,sz.003006,18.25,18.47,18.03,18.38,2834115,51435526.2,1.3153,0.1089,0,0
2021-12-17,sz.003006,18.22,18.25,18.04,18.1,1416008,25658945.61,0.6572,-1.5234,0,0
2021-12-20,sz.003006,18.05,18.05,17.55,17.6,1872901,33206693.58,0.8692,-2.7624,0,0
2021-12-21,sz.003006,17.51,17.76,17.51,17.65,1458796,25761629.32,0.677,0.2841,0,0
2021-12-22,sz.003006,17.72,17.95,17.65,17.89,1714975,30517778.5,0.7959,1.3598,0,0
2021-12-23,sz.003006,17.94,17.95,17.53,17.57,1568433,27636898.81,0.7279,-1.7887,0,0
2021-12-24,sz.003006,17.59,17.64,17.23,17.34,1288600,22359963.2,0.598,-1.309,0,0
2021-12-27,sz.003006,17.31,17.75,17.14,17.66,1124852,19682154.12,0.5221,1.8454,0,0
2021-12-28,sz.003006,17.8,17.93,17.5,17.87,1747600,31040292.67,0.8111,1.1891,0,0
2021-12-29,sz.003006,17.83,17.99,17.7,17.82,1057007,18831817.09,0.4906,-0.2798,0,0
2021-12-30,sz.003006,17.8,18.19,17.8,18.07,1892563,34135448.64,0.8784,1.4029,0,0
2021-12-31,sz.003006,18.18,18.19,17.89,17.93,1154008,20812721.51,0.5356,-0.7748,0,0
2022-01-04,sz.003006,17.95,19.04,17.8,18.8,4745619,88199276.42,2.2025,4.8522,0,0
2022-01-05,sz.003006,18.79,18.85,18.37,18.61,2720427,50492993.98,1.2626,-1.0106,0,0
2022-01-06,sz.003006,18.61,18.68,18.45,18.53,1845631,34221359.02,0.8566,-0.4299,0,0
2022-01-07,sz.003006,18.55,18.68,18.1,18.24,2414375,44508759.5,1.1205,-1.565,0,0
2022-01-10,sz.003006,18.18,18.6,18.11,18.58,1610178,29681271.04,0.7473,1.864,0,0
2022-01-11,sz.003006,18.86,18.89,18.15,18.19,2444800,45300349.0,1.1346,-2.099,0,0
2022-01-12,sz.003006,18.46,19.05,18.16,18.67,3801428,71053000.64,1.7643,2.6388,0,0
2022-01-13,sz.003006,18.72,18.72,18.3,18.39,1676500,30878372.0,0.7781,-1.4997,0,0
2022-01-14,sz.003006,18.2,18.47,18.1,18.12,1500900,27406189.0,0.6966,-1.4682,0,0
2022-01-17,sz.003006,18.12,18.39,17.77,17.95,2217727,39894948.05,1.0293,-0.9382,0,0
2022-01-18,sz.003006,17.95,18.17,17.5,17.57,1984761,35157219.29,0.9211,-2.117,0,0
2022-01-19,sz.003006,17.52,17.84,17.51,17.7,1228064,21677918.36,0.57,0.7399,0,0
2022-01-20,sz.003006,17.69,17.69,17.1,17.18,2042471,35347779.89,0.9479,-2.9379,0,0
2022-01-21,sz.003006,17.2,17.69,17.08,17.38,1591848,27613237.6,0.7388,1.1641,0,0
2022-01-24,sz.003006,17.31,17.45,17.1,17.16,1045448,18002340.06,0.4852,-1.2658,0,0
2022-01-25,sz.003006,17.19,17.28,15.53,15.62,3644087,58946644.89,1.6912,-8.9744,0,0
2022-01-26,sz.003006,15.66,16.24,15.55,15.8,1653904,26174902.4,0.7676,1.1524,0,0
2022-01-27,sz.003006,15.84,15.91,15.0,15.08,1666600,25567795.0,0.7735,-4.557,0,0
2022-01-28,sz.003006,15.34,15.57,15.11,15.37,1385169,21244583.56,0.6429,1.9231,0,0
2022-02-07,sz.003006,15.47,16.0,15.44,15.5,1599904,24973905.0,0.7425,0.8458,0,0
2022-02-08,sz.003006,15.5,15.7,15.38,15.64,1335804,20821681.64,0.62,0.9032,0,0
2022-02-09,sz.003006,15.68,15.83,15.58,15.68,1917376,30063980.44,0.8899,0.2558,0,0
2022-02-10,sz.003006,15.78,15.78,15.32,15.4,2084500,32201308.0,0.9674,-1.7857,0,0
2022-02-11,sz.003006,15.31,15.36,15.09,15.1,2096400,31835401.0,0.973,-1.9481,0,0
2022-02-14,sz.003006,14.77,15.25,14.77,15.09,2075662,31178393.62,0.9633,-0.0662,0,0
2022-02-15,sz.003006,15.09,15.29,14.93,15.24,1520462,23057155.16,0.7057,0.994,0,0
2022-02-16,sz.003006,15.39,15.59,15.23,15.5,1871262,28908787.52,0.8685,1.706,0,0
2022-02-17,sz.003006,15.51,15.51,15.31,15.36,1710518,26331473.07,0.7939,-0.9032,0,0
2022-02-18,sz.003006,15.3,15.45,15.26,15.44,1199800,18404037.0,0.5568,0.5208,0,0
2022-02-21,sz.003006,15.39,15.73,15.33,15.6,1955000,30359963.0,0.9073,1.0363,0,0
2022-02-22,sz.003006,15.5,15.75,15.06,15.2,2420148,37329706.12,1.1232,-2.5641,0,0
2022-02-23,sz.003006,15.28,15.45,15.2,15.39,1386930,21305399.6,0.6437,1.25,0,0
2022-02-24,sz.003006,15.34,15.55,14.66,14.85,2951300,44341622.88,1.3697,-3.5088,0,0
2022-02-25,sz.003006,14.89,15.24,14.89,15.02,1705548,25700487.32,0.7916,1.1448,0,0
2022-02-28,sz.003006,15.11,15.14,14.71,15.12,1392248,20751357.0,0.6462,0.6658,0,0
2022-03-01,sz.003006,15.1,15.21,15.02,15.18,935900,14160376.0,0.4344,0.3968,0,0
2022-03-02,sz.003006,15.18,15.26,15.08,15.21,1102400,16754722.0,0.5116,0.1976,0,0
2022-03-03,sz.003006,15.22,15.45,15.14,15.24,1731619,26455332.0,0.8037,0.1972,0,0
2022-03-04,sz.003006,15.22,15.82,15.15,15.6,3310347,51624746.0,1.5364,2.3622,0,0
2022-03-07,sz.003006,15.66,16.63,15.53,16.6,7173581,116108246.0,3.3293,6.4103,0,0
2022-03-08,sz.003006,16.29,16.29,15.01,15.46,5179597,80643713.0,2.4039,-6.8675,0,0
2022-03-09,sz.003006,15.19,15.19,14.26,14.68,4392508,64808323.0,2.0386,-5.0453,0,0
2022-03-10,sz.003006,15.0,15.48,14.7,14.79,3607711,54299317.0,1.6744,0.7493,0,0
2022-03-11,sz.003006,14.47,14.91,14.2,14.8,2636200,38402928.0,1.2235,0.0676,0,0
2022-03-14,sz.003006,14.73,14.83,14.08,14.12,2038672,29412092.0,0.9462,-4.5946,0,0
2022-03-15,sz.003006,14.03,14.03,12.97,13.01,3315816,44637564.0,1.5389,-7.8612,0,0
2022-03-16,sz.003006,13.28,13.42,12.8,13.41,2797700,36765444.0,1.2984,3.0746,0,0
2022-03-17,sz.003006,13.53,13.79,13.44,13.57,2985875,40658192.0,1.3858,1.1931,0,0
2022-03-18,sz.003006,13.56,13.66,13.26,13.35,2152500,28754625.0,0.999,-1.6212,0,0
2022-03-21,sz.003006,13.32,13.43,12.97,13.18,2902900,38215624.0,1.3473,-1.2734,0,0
2022-03-22,sz.003006,13.18,13.31,12.8,13.1,2645263,34453420.3,1.2277,-0.607,0,0
2022-03-23,sz.003006,13.12,13.31,13.07,13.15,1999116,26335933.65,0.9278,0.3817,0,0
2022-03-24,sz.003006,13.11,13.11,12.86,12.9,1570353,20340476.29,0.7288,-1.9011,0,0
2022-03-25,sz.003006,12.91,13.22,12.91,13.05,1794800,23467490.0,0.833,1.1628,0,0
2022-03-28,sz.003006,13.04,13.17,12.49,13.03,2673875,34335440.43,1.241,-0.1533,0,0
2022-03-29,sz.003006,13.26,13.47,13.06,13.31,3584299,47628236.39,1.6635,2.1489,0,0
2022-03-30,sz.003006,13.36,13.49,13.2,13.38,2358405,31381072.43,1.0946,0.5259,0,0
2022-03-31,sz.003006,13.48,13.48,13.19,13.2,2018300,26926344.0,0.9367,-1.3453,0,0
2022-04-01,sz.003006,13.21,13.21,12.91,13.06,1881527,24539017.0,0.8732,-1.0606,0,0
2022-04-06,sz.003006,13.06,13.25,12.99,13.12,1311276,17221668.12,0.6086,0.4594,0,0
2022-04-07,sz.003006,13.07,13.2,12.75,12.77,1531300,19857742.0,0.7107,-2.6677,0,0
2022-04-08,sz.003006,12.88,12.88,12.32,12.38,1728400,21575951.49,0.8022,-3.054,0,0
2022-04-11,sz.003006,12.37,12.5,11.91,12.01,1955400,23814855.0,0.9075,-2.9887,0,0
2022-04-12,sz.003006,11.99,12.29,11.83,12.21,1604200,19328771.0,0.7445,1.6653,0,0
2022-04-13,sz.003006,12.18,12.22,11.79,11.98,1659513,19892378.44,0.7702,-1.8837,0,0
2022-04-14,sz.003006,12.01,12.16,11.89,12.03,1967400,23655511.0,0.9131,0.4174,0,0
2022-04-15,sz.003006,12.03,12.33,11.86,11.96,1880000,22666036.0,0.8725,-0.5819,0,0
2022-04-18,sz.003006,11.96,12.02,11.62,11.99,1204100,14258674.0,0.5588,0.2508,0,0
2022-04-19,sz.003006,12.04,12.19,11.9,12.16,1131195,13697613.6,0.525,1.4178,0,0
2022-04-20,sz.003006,12.27,12.59,12.17,12.28,1933293,23995970.04,0.8973,0.9868,0,0
2022-04-21,sz.003006,11.96,12.22,11.2,11.45,3827121,44825936.62,1.7762,-6.759,0,0
2022-04-22,sz.003006,11.39,11.45,10.96,11.24,2893658,32375617.59,1.343,-1.8341,0,0
2022-04-25,sz.003006,11.23,11.23,10.18,10.21,2551609,27036027.2,1.1842,-9.1637,0,0
2022-04-26,sz.003006,10.18,10.38,9.75,9.77,2448067,24611555.74,1.1362,-4.3095,0,0
2022-04-27,sz.003006,9.7,9.96,9.45,9.94,2548900,24699146.0,1.183,1.74,0,0
2022-04-28,sz.003006,9.54,9.73,9.11,9.26,2989266,27930301.96,1.3873,-3.9419,0,0
2022-04-29,sz.003006,9.34,9.99,9.34,9.91,2736200,26647331.44,1.2699,7.0194,0,0
2022-05-05,sz.003006,9.81,10.2,9.62,10.11,2056200,20564094.0,0.9543,2.0182,0,0
2022-05-06,sz.003006,9.89,10.38,9.8,10.16,1765900,17947584.0,0.8196,0.4946,0,0
2022-05-09,sz.003006,10.33,10.59,10.06,10.44,2225400,23170859.0,1.0328,2.7559,0,0
2022-05-10,sz.003006,10.32,10.46,10.22,10.39,1975000,20426605.0,0.9166,-0.4789,0,0
2022-05-11,sz.003006,10.56,10.76,10.41,10.43,2483300,26352139.68,1.1525,0.385,0,0
2022-05-12,sz.003006,10.35,10.55,10.25,10.43,1376334,14304711.9,0.6388,0.0,0,0
2022-05-13,sz.003006,10.44,10.63,10.26,10.41,1154400,12027545.0,0.5358,-0.1918,0,0
2022-05-16,sz.003006,10.49,10.66,10.35,10.41,1320700,13843864.0,0.6129,0.0,0,0
2022-05-17,sz.003006,10.38,10.39,10.07,10.26,1600581,16358808.29,0.7428,-1.4409,0,0
2022-05-18,sz.003006,10.26,10.44,10.24,10.32,1079834,11177122.58,0.5012,0.5848,0,0
2022-05-19,sz.003006,10.24,10.54,10.2,10.53,1983400,20644260.56,0.9205,2.0349,0,0
2022-05-20,sz.003006,10.54,10.72,10.43,10.62,1443044,15303088.12,0.6697,0.8547,0,0
2022-05-23,sz.003006,10.7,10.71,10.55,10.58,1438866,15291740.9,0.6678,-0.3766,0,0
2022-05-24,sz.003006,10.59,10.73,10.02,10.08,2488896,25871834.62,1.1551,-4.7259,0,0
2022-05-25,sz.003006,10.0,10.27,10.0,10.13,1816250,18410162.5,0.8429,0.496,0,0
2022-05-26,sz.003006,10.17,10.64,9.92,10.23,3982850,40649174.0,1.8485,0.9872,0,0
2022-05-27,sz.003006,10.3,10.5,10.17,10.42,3060400,31762875.2,1.4204,1.8573,0,0
2022-05-30,sz.003006,10.46,10.66,10.37,10.65,2394266,25221364.61,1.1112,2.2073,0,0
2022-05-31,sz.003006,10.54,10.78,10.5,10.78,2091609,22307167.49,0.9707,1.2207,0,0
2022-06-01,sz.003006,10.75,11.02,10.66,10.89,2108605,22893297.15,0.9786,1.0204,0,0
2022-06-02,sz.003006,10.98,11.22,10.63,11.21,2793866,30697583.22,1.2967,2.9385,0,0
2022-06-06,sz.003006,11.16,11.55,11.07,11.44,2562448,29072981.7,1.1892,2.0517,0,0
2022-06-07,sz.003006,11.45,11.57,11.18,11.42,2010013,22811581.56,0.9329,-0.1748,0,0
2022-06-08,sz.003006,11.42,11.53,11.03,11.23,1738210,19597980.3,0.8067,-1.6637,0,0
2022-06-09,sz.003006,11.13,11.18,10.86,10.91,1653210,18187590.7,0.7673,-2.8495,0,0
2022-06-10,sz.003006,10.92,11.13,10.88,11.0,2329801,25577204.06,1.0813,0.8249,0,0
2022-06-13,sz.003006,10.92,12.1,10.87,11.3,10257301,119585676.61,4.7605,2.7273,0,0
2022-06-14,sz.003006,11.13,11.15,10.43,10.77,8199893,87956144.09,3.8056,-4.6903,0,0
2022-06-15,sz.003006,10.79,11.67,10.79,11.03,7841871,87773276.64,3.6395,2.4141,0,0
2022-06-16,sz.003006,11.13,12.13,11.03,12.13,6518900,76890392.57,3.0255,9.9728,1,0
2022-06-17,sz.003006,11.99,12.95,11.81,12.72,16295358,202097738.22,7.5628,4.864,0,0
2022-06-20,sz.003006,12.43,12.45,12.01,12.19,9580116,116904283.08,4.4462,-4.1667,0,0
2022-06-21,sz.003006,12.15,12.3,12.02,12.22,6041500,73390770.83,2.8039,0.2461,0,0
2022-06-22,sz.003006,12.08,12.21,11.72,11.77,6080456,72182406.45,2.822,-3.6825,0,0
2022-06-23,sz.003006,11.75,11.94,11.5,11.94,5422300,63521491.76,2.5165,1.4444,0,0
2022-06-24,sz.003006,11.89,12.06,11.78,11.85,4285540,51016182.24,1.9889,-0.7538,0,0
2022-06-27,sz.003006,11.9,12.09,11.85,12.08,5298026,63420717.92,2.4588,1.9409,0,0
2022-06-28,sz.003006,12.12,12.12,11.74,12.03,4584108,54715615.15,2.1275,-0.4139,0,0
2022-06-29,sz.003006,12.01,12.08,11.61,11.73,3541988,41978261.6,1.6439,-2.4938,0,0
2022-06-30,sz.003006,11.74,12.6,11.73,12.34,8653400,105966135.43,4.0161,5.2003,0,0
2022-07-01,sz.003006,12.35,12.55,12.04,12.11,4112135,50020948.05,1.9085,-1.8639,0,0
2022-07-04,sz.003006,12.04,12.2,11.91,12.08,3215800,38863853.84,1.4925,-0.2477,0,0
2022-07-05,sz.003006,12.1,12.14,11.65,11.84,3081148,36468124.66,1.43,-1.9868,0,0
2022-07-06,sz.003006,11.9,11.97,11.7,11.92,2736284,32436611.66,1.2699,0.6757,0,0
2022-07-07,sz.003006,11.85,12.06,11.63,11.65,2479193,29095680.4,1.1506,-2.2651,0,0
2022-07-08,sz.003006,11.66,11.85,11.45,11.46,2721693,31653046.85,1.2632,-1.6309,0,0
2022-07-11,sz.003006,11.46,11.54,11.19,11.35,3108214,35110322.93,1.4425,-0.9599,0,0
2022-07-12,sz.003006,11.36,11.4,10.8,10.85,3997100,44031229.0,1.8551,-4.4053,0,0
2022-07-13,sz.003006,10.98,11.14,10.82,11.11,1589854,17480619.52,0.7379,2.3963,0,0
2022-07-14,sz.003006,11.09,11.18,11.01,11.05,1448700,16072575.12,0.6724,-0.5401,0,0
2022-07-15,sz.003006,11.11,11.14,10.81,10.87,1855900,20390498.75,0.8613,-1.629,0,0
2022-07-18,sz.003006,10.88,11.28,10.88,11.23,2244022,25022882.18,1.0415,3.3119,0,0
2022-07-19,sz.003006,11.25,11.36,11.01,11.16,2584948,28829531.68,1.1997,-0.6233,0,0
2022-07-20,sz.003006,11.23,11.4,11.14,11.39,2502554,28327908.1,1.1615,2.0609,0,0
2022-07-21,sz.003006,11.47,11.49,11.26,11.29,1642949,18644973.21,0.7625,-0.878,0,0
2022-07-22,sz.003006,11.26,11.42,11.0,11.08,1945084,21701777.12,0.9027,-1.8601,0,0
2022-07-25,sz.003006,11.08,11.18,10.87,11.0,1902008,20897631.76,0.8827,-0.722,0,0
2022-07-26,sz.003006,10.9,11.05,10.84,11.02,1606856,17586543.92,0.7458,0.1818,0,0
2022-07-27,sz.003006,11.06,11.23,10.87,11.21,2159036,23940478.12,1.002,1.7241,0,0
2022-07-28,sz.003006,11.27,11.27,11.11,11.16,1830692,20476013.8,0.8496,-0.446,0,0
2022-07-29,sz.003006,11.19,11.23,10.96,11.0,1886720,20916646.4,0.8756,-1.4337,0,0
2022-08-01,sz.003006,11.0,11.07,10.9,10.95,1828842,20099425.68,0.8488,-0.4545,0,0
2022-08-02,sz.003006,10.94,10.94,10.18,10.52,3936792,41246240.24,1.8271,-3.9269,0,0
2022-08-03,sz.003006,10.48,10.67,10.26,10.3,2351942,24722757.02,1.0916,-2.0913,0,0
2022-08-04,sz.003006,10.38,10.54,10.28,10.46,1505125,15662642.75,0.6985,1.5534,0,0
2022-08-05,sz.003006,10.49,10.75,10.45,10.73,1714556,18220626.96,0.7957,2.5813,0,0
2022-08-08,sz.003006,10.73,10.83,10.59,10.59,2249820,23981108.8,1.0442,-1.3048,0,0
2022-08-09,sz.003006,10.61,10.69,10.42,10.57,2101268,22117568.32,0.9752,-0.1889,0,0
2022-08-10,sz.003006,10.61,10.78,10.5,10.7,1791007,19121161.9,0.8312,1.2299,0,0
2022-08-11,sz.003006,10.71,10.95,10.69,10.94,2162319,23519206.66,1.0035,2.243,0,0
2022-08-12,sz.003006,10.99,11.05,10.86,10.93,2073850,22716482.0,0.9625,-0.0914,0,0
2022-08-15,sz.003006,10.89,10.89,10.22,10.33,7132803,73951805.91,3.3104,-5.4895,0,0
2022-08-16,sz.003006,10.37,10.37,10.01,10.06,6491355,65418156.11,3.0127,-2.6137,0,0
2022-08-17,sz.003006,10.12,10.34,10.09,10.15,5128885,52126416.26,2.3803,0.8946,0,0
2022-08-18,sz.003006,10.15,10.18,9.9,9.96,4336812,43178113.64,2.0127,-1.8719,0,0
2022-08-19,sz.003006,9.96,10.05,9.92,9.97,2802220,27954896.22,1.3005,0.1004,0,0
2022-08-22,sz.003006,10.0,10.14,9.8,10.09,3246575,32550950.55,1.5068,1.2036,0,0
2022-08-23,sz.003006,10.09,10.18,9.98,10.15,3369318,34036562.48,1.5637,0.5946,0,0
2022-08-24,sz.003006,10.18,10.38,10.03,10.09,4160054,42444628.32,1.9307,-0.5911,0,0
2022-08-25,sz.003006,10.13,10.64,10.05,10.6,7177208,74764580.64,3.331,5.0545,0,0
2022-08-26,sz.003006,10.67,10.84,10.41,10.6,5064100,53627085.0,2.3503,0.0,0,0
2022-08-29,sz.003006,10.55,11.22,10.45,11.02,5439660,59523989.51,2.5246,3.9623,0,0
2022-08-30,sz.003006,10.92,11.15,10.86,11.07,3513685,38694900.25,1.6307,0.4537,0,0
2022-08-31,sz.003006,11.08,11.17,10.87,10.95,2604700,28611789.1,1.2089,-1.084,0,0
2022-09-01,sz.003006,10.9,11.03,10.68,10.78,2861400,30909645.0,1.328,-1.5525,0,0
2022-09-02,sz.003006,10.76,11.05,10.68,10.98,2609900,28423090.0,1.2113,1.8553,0,0
2022-09-05,sz.003006,10.98,11.25,10.85,11.1,2541254,28095883.78,1.1794,1.0929,0,0
2022-09-06,sz.003006,11.13,11.13,10.95,11.0,2040500,22504900.0,0.947,-0.9009,0,0
2022-09-07,sz.003006,11.49,11.6,11.03,11.26,5073837,56894197.57,2.3548,2.3636,0,0
2022-09-08,sz.003006,11.24,11.31,11.0,11.19,3963322,44226984.86,1.8394,-0.6217,0,0
2022-09-09,sz.003006,11.19,11.35,11.12,11.21,2046476,23016584.83,0.9498,0.1787,0,0
2022-09-13,sz.003006,11.22,11.4,11.18,11.3,1812300,20417760.0,0.8411,0.8029,0,0
2022-09-14,sz.003006,11.17,11.25,11.11,11.14,1485400,16565980.0,0.6894,-1.4159,0,0
2022-09-15,sz.003006,11.13,11.25,10.87,11.0,2556900,28133423.0,1.1867,-1.2567,0,0
2022-09-16,sz.003006,11.0,11.06,10.62,10.62,2251900,24346417.0,1.0451,-3.4545,0,0
2022-09-19,sz.003006,11.02,11.16,10.46,10.66,3614390,38705088.34,1.6775,0.3766,0,0
2022-09-20,sz.003006,11.13,11.73,10.84,11.33,30535972,349257402.88,14.1719,6.2852,0,0
2022-09-21,sz.003006,10.76,10.76,10.2,10.2,19007630,194648853.47,8.8216,-9.9735,0,1
2022-09-22,sz.003006,9.8,10.09,9.71,9.72,10369888,102174384.85,4.8127,-4.7059,0,0
2022-09-23,sz.003006,9.72,9.96,9.53,9.62,7106793,68715601.06,3.2983,-1.0288,0,0
2022-09-26,sz.003006,9.8,10.19,9.46,9.6,16770330,165909070.98,7.7832,-0.2079,0,0
2022-09-27,sz.003006,9.6,9.66,9.05,9.37,10769000,100072382.95,4.998,-2.3958,0,0
2022-09-28,sz.003006,9.21,9.37,9.0,9.0,5666593,51973281.66,2.6299,-3.9488,0,0
2022-09-29,sz.003006,9.05,9.08,8.56,8.74,5786831,51455854.71,2.6857,-2.8889,0,0
2022-09-30,sz.003006,8.79,8.95,8.68,8.71,4830809,42522009.49,2.242,-0.3432,0,0
2022-10-10,sz.003006,8.74,8.87,8.57,8.6,3243809,28300192.36,1.5055,-1.2629,0,0
2022-10-11,sz.003006,8.63,8.7,8.35,8.43,5533976,46588059.51,2.5684,-1.9767,0,0
2022-10-12,sz.003006,8.44,8.91,8.36,8.88,7806535,67587865.95,3.6231,5.3381,0,0
2022-10-13,sz.003006,9.09,9.25,8.57,8.63,12734251,112340360.59,5.91,-2.8153,0,0
2022-10-14,sz.003006,8.58,8.9,8.56,8.74,9686285,84599751.94,4.4955,1.2746,0,0
2022-10-17,sz.003006,8.65,8.87,8.61,8.83,5868410,51461488.6,2.7236,1.0297,0,0
2022-10-18,sz.003006,8.85,8.89,8.73,8.84,4243099,37357094.3,1.9692,0.1133,0,0
2022-10-19,sz.003006,8.8,8.95,8.7,8.87,5057109,44614333.49,2.347,0.3394,0,0
2022-10-20,sz.003006,8.83,9.0,8.77,8.81,6460444,57501133.1,2.9983,-0.6764,0,0
2022-10-21,sz.003006,8.78,8.83,8.51,8.78,5563758,48326220.26,2.5822,-0.3405,0,0
2022-10-24,sz.003006,8.79,8.99,8.43,8.46,4943403,42918238.49,2.2943,-3.6446,0,0
2022-10-25,sz.003006,8.66,9.31,8.61,9.31,10811391,99260635.64,5.0176,10.0473,1,0
2022-10-26,sz.003006,9.48,10.24,9.36,10.24,14568274,145597168.29,6.7612,9.9893,1,0
2022-10-27,sz.003006,10.74,11.26,10.56,11.26,34110029,378203152.2,15.8307,9.9609,1,0
2022-10-28,sz.003006,10.92,11.2,10.13,10.13,26657320,280262018.01,12.3718,-10.0355,0,1
2022-10-31,sz.003006,9.96,10.45,9.72,10.2,19276991,195936189.19,8.9466,0.691,0,0
2022-11-01,sz.003006,10.27,10.99,10.26,10.85,20476453,217704561.68,9.5033,6.3725,0,0
2022-11-02,sz.003006,11.0,11.94,10.6,11.47,21357448,241279835.73,9.9121,5.7143,0,0
2022-11-03,sz.003006,11.11,12.05,11.11,11.74,13657539,158714367.61,6.3386,2.354,0,0
2022-11-04,sz.003006,11.61,11.99,11.41,11.76,10266768,119769947.52,4.7649,0.1704,0,0
2022-11-07,sz.003006,11.65,12.88,11.43,12.24,13479613,162286965.0,6.256,4.0816,0,0
2022-11-08,sz.003006,12.3,12.49,11.95,12.21,7106380,86783548.73,3.2981,-0.2451,0,0
2022-11-09,sz.003006,12.11,13.43,12.0,13.43,12114931,155601340.63,5.6226,9.9918,1,0
2022-11-10,sz.003006,13.8,14.77,13.11,14.43,16948641,241941507.9,7.866,7.446,0,0
2022-11-11,sz.003006,14.43,14.75,13.68,13.73,14453037,204566466.69,6.7077,-4.851,0,0
2022-11-14,sz.003006,13.73,13.95,13.5,13.57,7182187,98235311.37,3.3333,-1.1653,0,0
2022-11-15,sz.003006,13.6,14.17,13.26,13.87,6754400,92866537.35,3.1348,2.2108,0,0
2022-11-16,sz.003006,13.83,13.84,13.31,13.46,5949910,80219588.4,2.7614,-2.956,0,0
2022-11-17,sz.003006,13.42,13.63,13.19,13.3,6313954,84266029.14,2.9303,-1.1887,0,0
2022-11-18,sz.003006,13.25,13.43,12.92,13.0,5584382,73348254.88,2.5917,-2.2556,0,0
2022-11-21,sz.003006,13.13,13.13,12.66,12.82,5358088,68706913.76,2.4867,-1.3846,0,0
2022-11-22,sz.003006,12.81,13.12,12.52,12.64,4448316,56805984.28,2.0645,-1.4041,0,0
2022-11-23,sz.003006,12.64,12.68,12.28,12.4,3968200,49293267.98,1.8417,-1.8987,0,0
2022-11-24,sz.003006,12.39,13.35,12.39,13.06,9261600,120636954.04,4.2984,5.3226,0,0
2022-11-25,sz.003006,13.19,13.32,12.74,13.03,5959800,77319674.05,2.766,-0.2297,0,0
2022-11-28,sz.003006,12.91,13.29,12.75,12.91,5488900,71001429.0,2.5474,-0.921,0,0
2022-11-29,sz.003006,12.91,13.55,12.78,13.31,5108301,67528395.85,2.3708,3.0984,0,0
2022-11-30,sz.003006,13.29,13.64,13.01,13.45,4641618,61872368.54,2.1542,1.0518,0,0
2022-12-01,sz.003006,13.44,14.11,13.37,13.71,5860190,80615994.05,2.7198,1.9331,0,0
2022-12-02,sz.003006,13.71,15.06,13.55,14.19,8704717,125890551.11,4.0399,3.5011,0,0
2022-12-05,sz.003006,13.85,14.7,13.6,13.81,7609152,105613683.88,3.5315,-2.6779,0,0
2022-12-06,sz.003006,13.65,13.82,13.4,13.4,4606500,62752421.0,2.1379,-2.9689,0,0
2022-12-07,sz.003006,13.6,14.13,13.42,13.63,4783857,65529103.77,2.2202,1.7164,0,0
2022-12-08,sz.003006,13.65,14.28,13.55,13.85,5134120,71691517.0,2.3828,1.6141,0,0
2022-12-09,sz.003006,13.9,14.26,13.53,14.26,3798718,52596622.46,1.763,2.9603,0,0
2022-12-12,sz.003006,13.98,14.14,13.44,13.91,5515834,75695853.14,2.5599,-2.4544,0,0
2022-12-13,sz.003006,13.92,14.1,13.8,13.98,2529971,35225579.62,1.1742,0.5032,0,0
2022-12-14,sz.003006,13.94,14.86,13.77,14.6,5596571,80781013.07,2.5974,4.4349,0,0
2022-12-15,sz.003006,14.58,14.7,13.99,14.32,4499721,64197531.11,2.0883,-1.9178,0,0
2022-12-16,sz.003006,14.31,14.58,13.97,14.04,3427918,48650347.08,1.5909,-1.9553,0,0
2022-12-19,sz.003006,14.08,14.59,13.76,13.85,2854716,39965858.76,1.3249,-1.3533,0,0
2022-12-20,sz.003006,13.92,13.95,13.6,13.64,2463925,33843198.75,1.1435,-1.5162,0,0
2022-12-21,sz.003006,13.74,13.79,13.4,13.47,2456200,33214600.0,1.1399,-1.2463,0,0
2022-12-22,sz.003006,13.58,13.72,13.3,13.45,2522000,34094042.0,1.1705,-0.1485,0,0
2022-12-23,sz.003006,13.44,13.44,12.97,13.09,2811906,36918574.0,1.305,-2.6766,0,0
2022-12-26,sz.003006,13.09,13.45,13.03,13.41,2395574,31744212.28,1.1118,2.4446,0,0
2022-12-27,sz.003006,13.5,14.1,13.23,13.84,3600300,49566897.0,1.6709,3.2066,0,0
2022-12-28,sz.003006,13.83,14.0,13.46,13.65,1966839,26912806.96,0.9128,-1.3728,0,0
2022-12-29,sz.003006,13.68,14.34,13.5,13.93,3058339,42761906.66,1.4194,2.0513,0,0
2022-12-30,sz.003006,13.92,14.14,13.63,13.81,2222800,30587553.0,1.0316,-0.8615,0,0
2023-01-03,sz.003006,13.83,14.03,13.61,13.67,2601000,35735149.0,1.2071,-1.0138,0,0
2023-01-04,sz.003006,13.91,15.04,13.7,14.27,16291916,236604510.64,7.5612,4.3892,0,0
2023-01-05,sz.003006,14.14,14.31,13.46,14.26,13110762,181632269.1,6.0848,-0.0701,0,0
2023-01-06,sz.003006,13.98,14.73,13.91,14.32,7614416,109282896.7,3.5339,0.4208,0,0
2023-01-09,sz.003006,14.46,14.56,13.91,14.16,4592998,65052056.6,2.1316,-1.1173,0,0
2023-01-10,sz.003006,14.21,15.58,14.21,15.26,13255489,203223308.73,6.152,7.7684,0,0
2023-01-11,sz.003006,15.21,15.67,14.75,15.56,13153136,200092924.76,6.1045,1.9659,0,0
2023-01-12,sz.003006,15.48,15.75,14.88,15.7,8158998,124627334.04,3.7866,0.8997,0,0
2023-01-13,sz.003006,15.7,15.78,15.24,15.52,7055048,109659066.84,3.2743,-1.1465,0,0
2023-01-16,sz.003006,15.45,15.73,15.3,15.55,4190100,64896649.0,1.9447,0.1933,0,0
2023-01-17,sz.003006,15.4,16.07,15.3,16.05,6013600,94518527.0,2.791,3.2154,0,0
2023-01-18,sz.003006,16.54,17.59,16.16,16.66,7545742,127412161.7,3.502,3.8006,0,0
2023-01-19,sz.003006,16.66,17.62,16.53,17.19,7343542,126840660.72,3.4082,3.1813,0,0
2023-01-20,sz.003006,17.19,17.75,16.94,17.25,4896159,85293072.4,2.2723,0.349,0,0
2023-01-30,sz.003006,17.73,18.0,17.35,17.67,5204101,92147266.94,2.4153,2.4348,0,0
2023-01-31,sz.003006,17.55,17.71,17.1,17.24,3195305,55472959.8,1.483,-2.4335,0,0
2023-02-01,sz.003006,17.12,17.43,16.84,17.29,3720701,63818814.5,1.7268,0.29,0,0
2023-02-02,sz.003006,17.49,18.28,17.26,17.9,5494638,98680669.4,2.5501,3.5281,0,0
2023-02-03,sz.003006,17.99,18.08,17.38,17.88,2139800,37946860.0,0.9931,-0.1117,0,0
2023-02-06,sz.003006,17.89,18.73,17.55,18.41,4340800,79160568.0,2.0146,2.9642,0,0
2023-02-07,sz.003006,18.41,18.41,17.59,17.98,2654552,47522843.0,1.232,-2.3357,0,0
2023-02-08,sz.003006,17.61,17.9,17.41,17.74,1689409,29799883.72,0.7841,-1.3348,0,0
2023-02-09,sz.003006,17.69,17.69,17.17,17.34,2360480,40932690.83,1.0955,-2.2548,0,0
2023-02-10,sz.003006,17.27,17.44,16.86,17.29,2388899,41014058.6,1.1087,-0.2884,0,0
2023-02-13,sz.003006,17.28,18.84,17.2,18.7,5323246,96956951.51,2.4706,8.155,0,0
2023-02-14,sz.003006,18.82,18.82,18.3,18.52,2447567,45271466.14,1.1359,-0.9626,0,0
2023-02-15,sz.003006,18.52,18.68,17.7,17.96,2310969,41618873.93,1.0725,-3.0238,0,0
2023-02-16,sz.003006,17.97,18.1,17.52,17.62,2240300,39746589.0,1.0397,-1.8931,0,0
2023-02-17,sz.003006,17.62,18.85,17.6,17.98,4001283,73310245.84,1.857,2.0431,0,0
2023-02-20,sz.003006,18.0,19.05,17.98,18.76,3400997,63326992.41,1.5784,4.3382,0,0
2023-02-21,sz.003006,18.9,18.99,18.41,18.88,2770500,51832657.48,1.2858,0.6397,0,0
2023-02-22,sz.003006,18.98,19.99,18.56,19.74,3784854,73280683.0,1.7566,4.5551,0,0
2023-02-23,sz.003006,19.73,20.08,19.31,19.4,2636171,51614788.18,1.2235,-1.7224,0,0
2023-02-24,sz.003006,19.35,20.07,19.35,20.01,3466306,68327130.0,1.6087,3.1443,0,0
2023-02-27,sz.003006,19.86,20.11,19.14,19.35,3465900,67439797.0,1.6085,-3.2984,0,0
2023-02-28,sz.003006,19.34,19.54,19.13,19.21,1479557,28560257.82,0.6867,-0.7235,0,0
2023-03-01,sz.003006,19.06,19.34,18.73,18.98,2537897,47980774.79,1.1779,-1.1973,0,0
2023-03-02,sz.003006,19.0,19.54,18.8,19.31,2269407,43754235.35,1.0532,1.7387,0,0
2023-03-03,sz.003006,19.29,19.58,19.02,19.29,1252748,24126223.08,0.5814,-0.1036,0,0
2023-03-06,sz.003006,19.09,19.18,18.6,19.04,2484296,46823996.48,1.153,-1.296,0,0
2023-03-07,sz.003006,18.96,19.5,18.91,19.12,2123000,40817955.0,0.9853,0.4202,0,0
2023-03-08,sz.003006,19.12,19.29,18.64,18.8,1208342,22804135.58,0.5608,-1.6736,0,0
2023-03-09,sz.003006,18.79,19.52,18.56,19.37,1850800,35488729.0,0.859,3.0319,0,0
2023-03-10,sz.003006,19.36,19.47,19.0,19.19,1579000,30377861.0,0.7328,-0.9293,0,0
2023-03-13,sz.003006,19.36,19.71,18.81,19.54,1605600,31053004.48,0.7452,1.8239,0,0
2023-03-14,sz.003006,19.63,19.72,19.26,19.55,1286800,25101329.12,0.5972,0.0512,0,0
2023-03-15,sz.003006,19.57,19.57,18.38,18.38,4312900,81294121.0,2.0016,-5.9847,0,0
2023-03-16,sz.003006,18.28,18.8,18.13,18.35,3573870,66064755.2,1.6587,-0.1632,0,0
2023-03-17,sz.003006,18.46,18.69,17.8,17.93,2383050,43283769.5,1.106,-2.2888,0,0
2023-03-20,sz.003006,17.92,18.26,17.5,17.94,6509247,116137870.2,3.021,0.0558,0,0
2023-03-21,sz.003006,17.94,18.27,17.89,18.14,2045397,37067411.52,0.9493,1.1148,0,0
2023-03-22,sz.003006,18.11,18.6,18.06,18.26,2088300,38293712.0,0.9692,0.6615,0,0
2023-03-23,sz.003006,18.26,18.5,18.0,18.19,1479400,27007007.0,0.6866,-0.3834,0,0
2023-03-24,sz.003006,18.19,18.62,17.73,17.75,2344986,42446184.66,1.0883,-2.4189,0,0
2023-03-27,sz.003006,17.9,17.9,17.35,17.89,4047300,71532697.0,1.8784,0.7887,0,0
2023-03-28,sz.003006,17.9,18.64,17.9,18.15,3119635,56892267.95,1.4478,1.4533,0,0
2023-03-29,sz.003006,18.19,18.67,17.99,18.46,2628400,48185252.0,1.2199,1.708,0,0
2023-03-30,sz.003006,18.37,18.44,17.88,18.22,2344200,42500577.0,1.088,-1.3001,0,0
2023-03-31,sz.003006,18.11,18.55,18.05,18.13,1626496,29726492.4,0.7549,-0.494,0,0
2023-04-03,sz.003006,18.22,18.47,17.89,18.27,3363600,61195685.0,1.5611,0.7722,0,0
2023-04-04,sz.003006,18.18,19.04,18.13,18.82,2770900,51304125.58,1.286,3.0104,0,0
2023-04-06,sz.003006,18.83,20.0,18.8,19.07,3685700,71543304.0,1.7106,1.3284,0,0
2023-04-07,sz.003006,19.15,19.43,18.8,19.08,1619200,30846115.0,0.7515,0.0524,0,0
2023-04-10,sz.003006,19.01,20.24,18.48,19.83,3977785,78347034.1,1.8461,3.9308,0,0
2023-04-11,sz.003006,19.75,20.02,19.1,19.21,3284000,63690865.0,1.5241,-3.1266,0,0
2023-04-12,sz.003006,19.3,19.44,18.88,19.34,2134000,40967472.0,0.9904,0.6767,0,0
2023-04-13,sz.003006,19.34,19.71,19.2,19.37,1804300,35062172.0,0.8374,0.1551,0,0
2023-04-14,sz.003006,19.49,19.61,18.78,19.2,2130682,40746303.58,0.9889,-0.8776,0,0
2023-04-17,sz.003006,19.03,19.9,19.03,19.45,2602246,50914010.32,1.2077,1.3021,0,0
2023-04-18,sz.003006,19.9,21.12,19.66,19.82,6714115,136118970.81,3.1139,1.9023,0,0
2023-04-19,sz.003006,19.95,19.99,18.84,19.06,5588314,107768845.94,2.5918,-3.8345,0,0
2023-04-20,sz.003006,18.87,19.27,18.29,18.52,4194874,78056324.82,1.9455,-2.8332,0,0
2023-04-21,sz.003006,18.69,18.97,18.36,18.46,3244871,60637914.73,1.5049,-0.324,0,0
2023-04-24,sz.003006,18.45,18.46,17.8,18.12,4121804,74765045.52,1.9116,-1.8418,0,0
2023-04-25,sz.003006,18.45,18.95,17.9,18.31,2849597,52737457.82,1.3216,1.0486,0,0
2023-04-26,sz.003006,18.34,18.44,17.19,17.44,4894342,86892655.06,2.2699,-3.1649,0,0
2023-04-27,sz.003006,17.54,18.94,17.33,18.73,5613528,103244520.6,2.6035,7.3968,0,0
2023-04-28,sz.003006,18.5,18.9,18.1,18.43,3785149,70066158.48,1.7555,-1.6017,0,0
2023-05-04,sz.003006,18.58,19.1,18.26,19.04,3882761,72711678.58,1.8008,3.3098,0,0
2023-05-05,sz.003006,18.98,19.05,17.98,18.36,3230561,59072350.03,1.4983,-3.5714,0,0
2023-05-08,sz.003006,18.51,18.76,17.66,18.24,3660034,66406153.39,1.6975,-0.6536,0,0
2023-05-09,sz.003006,17.89,18.1,17.49,17.75,2896900,51395444.0,1.3435,-2.6864,0,0
2023-05-10,sz.003006,17.79,18.05,17.45,18.0,1788369,31769167.94,0.8294,1.4085,0,0
2023-05-11,sz.003006,18.0,18.24,17.65,17.84,1986765,35510958.0,0.9214,-0.8889,0,0
2023-05-12,sz.003006,17.9,18.2,17.72,17.89,1903758,34240998.62,0.8829,0.2803,0,0
2023-05-15,sz.003006,17.85,17.96,17.53,17.75,3988550,70672741.64,1.8498,-0.7826,0,0
2023-05-16,sz.003006,17.86,17.87,16.75,16.98,7819649,133804846.95,3.6266,-4.338,0,0
2023-05-17,sz.003006,17.11,17.38,16.6,17.33,3473856,59761454.56,1.6111,2.0612,0,0
2023-05-18,sz.003006,17.33,17.58,16.81,17.34,2213600,38005173.0,1.0266,0.0577,0,0
2023-05-19,sz.003006,17.32,18.05,17.12,17.78,2713815,47917674.11,1.2586,2.5375,0,0
2023-05-22,sz.003006,17.87,18.45,17.63,18.1,2872077,51883307.75,1.332,1.7998,0,0
2023-05-23,sz.003006,18.1,18.1,17.69,17.78,1531820,27373954.86,0.7104,-1.768,0,0
2023-05-24,sz.003006,17.87,17.9,17.48,17.61,1310337,23116466.57,0.6077,-0.9561,0,0
2023-05-25,sz.003006,17.45,17.69,17.07,17.33,1658100,28689429.0,0.769,-1.59,0,0
2023-05-26,sz.003006,17.5,18.17,17.24,17.99,2143300,38010245.88,0.994,3.8084,0,0
2023-05-29,sz.003006,18.1,18.43,17.48,17.96,4245997,76229888.28,1.9692,-0.1668,0,0
2023-05-30,sz.003006,17.96,18.25,17.53,17.75,2560901,45571775.65,1.1877,-1.1693,0,0
2023-05-31,sz.003006,17.83,17.85,17.18,17.44,2536901,44183724.34,1.1766,-1.7465,0,0
2023-06-01,sz.003006,17.48,17.8,17.38,17.5,2415535,42438621.22,1.1203,0.344,0,0
2023-06-02,sz.003006,17.67,17.84,16.89,17.25,3940013,68030589.48,1.8273,-1.4286,0,0
2023-06-05,sz.003006,17.36,17.68,17.09,17.64,3474280,60415861.4,1.6113,2.2609,0,0
2023-06-06,sz.003006,17.49,17.7,17.18,17.23,1606900,28013191.0,0.7453,-2.3243,0,0
2023-06-07,sz.003006,17.2,17.48,17.18,17.33,1642500,28449874.0,0.7618,0.5804,0,0
2023-06-08,sz.003006,17.49,17.59,16.8,16.94,2113100,36027073.0,0.98,-2.2504,0,0
2023-06-09,sz.003006,17.03,17.12,16.6,16.79,2659500,44836704.0,1.2334,-0.8855,0,0
2023-06-12,sz.003006,16.81,17.35,16.42,17.26,2501000,42385997.0,1.1599,2.7993,0,0
2023-06-13,sz.003006,17.26,17.3,16.65,16.71,2315600,39085014.0,1.0739,-3.1866,0,0
2023-06-14,sz.003006,16.7,17.16,16.61,17.07,2662800,45145268.07,1.235,2.1544,0,0
2023-06-15,sz.003006,16.91,17.02,16.65,16.74,3006300,50475047.0,1.3943,-1.9332,0,0
2023-06-16,sz.003006,16.82,17.25,16.65,17.09,2580669,43975781.6,1.1969,2.0908,0,0
2023-06-19,sz.003006,17.16,17.28,16.78,16.81,2250400,38066108.0,1.0437,-1.6384,0,0
2023-06-20,sz.003006,16.78,17.8,16.73,17.29,3836281,66337398.46,1.7792,2.8554,0,0
2023-06-21,sz.003006,17.3,17.94,16.91,17.34,3212459,56060673.0,1.4899,0.2892,0,0
2023-06-26,sz.003006,17.19,17.39,16.61,16.66,4540273,76884231.18,2.1057,-3.9216,0,0
2023-06-27,sz.003006,16.79,17.28,16.63,17.12,2459400,41960489.0,1.1406,2.7611,0,0
2023-06-28,sz.003006,17.01,17.25,16.95,17.09,1471600,25169611.89,0.6825,-0.1752,0,0
2023-06-29,sz.003006,17.1,17.84,17.04,17.43,1849100,32457310.0,0.8576,1.9895,0,0
2023-06-30,sz.003006,17.43,17.84,17.24,17.28,1517320,26484388.95,0.7037,-0.8606,0,0
2023-07-03,sz.003006,17.33,17.67,17.12,17.56,2886081,50317892.36,1.3385,1.6204,0,0
2023-07-04,sz.003006,17.6,17.92,17.49,17.64,2451500,43254795.6,1.137,0.4556,0,0
2023-07-05,sz.003006,17.59,18.03,17.45,17.5,2568391,45561153.78,1.1912,-0.7937,0,0
2023-07-06,sz.003006,17.5,17.91,17.47,17.53,1482800,26198822.77,0.6877,0.1714,0,0
2023-07-07,sz.003006,17.54,17.77,17.3,17.73,1619382,28474660.96,0.751,1.1409,0,0
2023-07-10,sz.003006,17.75,17.79,16.53,16.63,5016354,84703492.0,2.3265,-6.2042,0,0
2023-07-11,sz.003006,16.63,17.12,15.0,15.13,11022545,171274293.05,5.1121,-9.0198,0,0
2023-07-12,sz.003006,15.3,16.51,15.27,16.04,11317671,181237175.37,5.249,6.0145,0,0
2023-07-13,sz.003006,16.09,16.58,15.82,15.92,8182398,132033153.78,3.7949,-0.7481,0,0
2023-07-14,sz.003006,15.82,16.12,15.6,15.7,4970149,78616613.08,2.3051,-1.3819,0,0
2023-07-17,sz.003006,15.55,15.82,15.33,15.75,3126629,48929277.76,1.4501,0.3185,0,0
2023-07-18,sz.003006,15.8,15.8,15.1,15.51,5252966,80653146.72,2.4362,-1.5238,0,0
2023-07-19,sz.003006,15.56,15.75,15.28,15.58,3120313,48634875.95,1.4472,0.4513,0,0
2023-07-20,sz.003006,15.58,16.05,15.51,15.64,2980372,47060541.98,1.3822,0.3851,0,0
2023-07-21,sz.003006,15.62,16.26,15.5,15.95,3315796,53078485.77,1.5378,1.9821,0,0
2023-07-24,sz.003006,16.03,16.05,15.52,15.64,3976805,62351534.5,1.8444,-1.9436,0,0
2023-07-25,sz.003006,15.51,15.94,15.51,15.79,3759905,59179284.55,1.7438,0.9591,0,0
2023-07-26,sz.003006,15.78,15.92,15.5,15.6,2655568,41618432.08,1.2316,-1.2033,0,0
2023-07-27,sz.003006,15.61,15.63,15.38,15.4,1439200,22310211.0,0.6675,-1.2821,0,0
2023-07-28,sz.003006,15.41,16.07,15.33,15.99,3358512,53048545.15,1.5576,3.8312,0,0
2023-07-31,sz.003006,16.06,16.14,15.8,15.99,3037545,48507301.8,1.4088,0.0,0,0
2023-08-01,sz.003006,15.91,16.06,15.76,15.83,1653751,26269092.0,0.767,-1.0006,0,0
2023-08-02,sz.003006,15.87,15.9,15.62,15.8,1580523,24912301.02,0.733,-0.1895,0,0
2023-08-03,sz.003006,15.8,15.82,15.57,15.79,1181400,18565811.0,0.5479,-0.0633,0,0
2023-08-04,sz.003006,15.79,16.03,15.66,15.82,1687700,26835396.0,0.7827,0.19,0,0
2023-08-07,sz.003006,15.89,15.89,15.52,15.76,1732300,27105675.0,0.8034,-0.3793,0,0
2023-08-08,sz.003006,15.69,15.78,15.54,15.77,1698935,26594156.9,0.7879,0.0635,0,0
2023-08-09,sz.003006,15.76,15.86,15.55,15.77,1228400,19324476.0,0.5697,0.0,0,0
2023-08-10,sz.003006,15.72,15.72,15.38,15.56,1936206,30057048.9,0.898,-1.3316,0,0
2023-08-11,sz.003006,15.57,15.73,15.26,15.28,3142482,48525623.99,1.4574,-1.7995,0,0
2023-08-14,sz.003006,15.5,15.6,14.97,15.48,4915499,74715448.53,2.2797,1.3089,0,0
2023-08-15,sz.003006,15.6,15.6,14.88,14.97,3932568,59351511.2,1.8239,-3.2946,0,0
2023-08-16,sz.003006,14.89,15.09,14.48,14.59,3129290,46052598.66,1.4513,-2.5384,0,0
2023-08-17,sz.003006,14.55,14.67,14.29,14.5,4002520,57925997.56,1.8563,-0.6169,0,0
2023-08-18,sz.003006,14.55,14.84,14.19,14.2,3421000,49209262.0,1.5866,-2.069,0,0
2023-08-21,sz.003006,14.16,14.5,14.02,14.22,2862200,41087160.0,1.3274,0.1408,0,0
2023-08-22,sz.003006,14.13,14.37,13.95,14.13,2473200,34957634.0,1.147,-0.6329,0,0
2023-08-23,sz.003006,14.16,14.34,13.85,13.85,3329800,46711805.35,1.5443,-1.9816,0,0
2023-08-24,sz.003006,13.87,14.13,13.7,13.85,5318100,74078353.18,2.4664,0.0,0,0
2023-08-25,sz.003006,13.79,13.99,13.5,13.58,4805200,65822178.0,2.2286,-1.9495,0,0
2023-08-28,sz.003006,14.4,14.4,13.69,14.18,9398950,132797114.52,4.3591,4.4183,0,0
2023-08-29,sz.003006,14.12,14.37,13.9,14.05,3744200,52920754.0,1.7365,-0.9168,0,0
2023-08-30,sz.003006,14.06,14.3,13.86,14.01,3848553,54096156.0,1.7849,-0.2847,0,0
2023-08-31,sz.003006,13.94,14.03,13.86,13.89,2151200,29966898.0,0.9977,-0.8565,0,0
2023-09-01,sz.003006,13.99,14.22,13.91,14.06,3453108,48607470.24,1.6015,1.2239,0,0
2023-09-04,sz.003006,14.18,14.9,14.11,14.75,7799700,113635802.34,3.6174,4.9075,0,0
2023-09-05,sz.003006,14.69,14.87,14.21,14.45,4705100,67807401.0,2.1821,-2.0339,0,0
2023-09-06,sz.003006,14.34,14.56,14.25,14.39,4198700,60501308.0,1.9473,-0.4152,0,0
2023-09-07,sz.003006,14.34,14.89,14.16,14.27,4694600,67954252.0,2.1773,-0.8339,0,0
2023-09-08,sz.003006,14.18,14.31,13.96,14.27,2784100,39407450.0,1.2912,0.0,0,0
2023-09-11,sz.003006,14.23,14.65,13.97,14.49,4222499,60789372.51,1.9583,1.5417,0,0
2023-09-12,sz.003006,14.45,14.54,14.13,14.21,2800561,39831299.54,1.2989,-1.9324,0,0
2023-09-13,sz.003006,14.13,14.28,13.91,14.0,2175480,30520726.0,1.009,-1.4778,0,0
2023-09-14,sz.003006,13.96,14.17,13.74,13.87,2101580,29070932.4,0.9747,-0.9286,0,0
2023-09-15,sz.003006,14.09,14.19,13.75,14.04,3034880,42558773.6,1.4075,1.2257,0,0
2023-09-18,sz.003006,14.05,14.24,13.76,14.21,2778800,39138858.0,1.2888,1.2108,0,0
2023-09-19,sz.003006,14.21,14.49,14.0,14.19,2701302,38335297.25,1.2528,-0.1407,0,0
2023-09-20,sz.003006,14.2,14.84,14.17,14.66,4467444,65416688.15,2.0719,3.3122,0,0
2023-09-21,sz.003006,14.62,14.64,13.9,14.43,5517600,78487733.16,2.559,-1.5689,0,0
2023-09-22,sz.003006,14.28,14.5,13.95,14.43,4653647,66499152.76,2.1583,0.0,0,0
2023-09-25,sz.003006,14.45,14.47,14.07,14.1,2821707,40131893.99,0.6594,-2.2869,0,0
2023-09-26,sz.003006,14.14,14.4,14.08,14.18,2414012,34275594.4,0.5641,0.5674,0,0
2023-09-27,sz.003006,14.11,14.82,14.11,14.73,4740477,69503075.58,1.1078,3.8787,0,0
2023-09-28,sz.003006,14.74,15.09,14.57,14.75,3877979,57579152.1,0.9062,0.1358,0,0
2023-10-09,sz.003006,14.65,14.97,14.5,14.68,4904000,72170572.0,1.146,-0.4746,0,0
2023-10-10,sz.003006,14.73,15.02,14.48,14.9,4774200,70519368.36,1.1157,1.4986,0,0
2023-10-11,sz.003006,14.9,15.65,14.84,14.95,4931133,74563741.28,1.1523,0.3356,0,0
2023-10-12,sz.003006,15.0,15.72,14.98,15.6,6161785,95399089.53,1.4399,4.3478,0,0
2023-10-13,sz.003006,15.73,16.57,15.73,16.16,5949151,96493969.22,1.3902,3.5897,0,0
2023-10-16,sz.003006,16.12,16.35,15.72,15.82,6457895,102857017.6,1.5091,-2.104,0,0
2023-10-17,sz.003006,15.8,16.25,15.66,16.1,4262326,68042411.86,0.996,1.7699,0,0
2023-10-18,sz.003006,16.03,16.26,15.76,15.91,3539911,56636698.46,0.8272,-1.1801,0,0
2023-10-19,sz.003006,15.87,16.41,15.76,16.21,4078400,66042869.0,0.9531,1.8856,0,0
2023-10-20,sz.003006,15.97,16.12,15.81,15.91,3636678,57846957.56,0.8498,-1.8507,0,0
2023-10-23,sz.003006,15.55,16.69,15.52,16.1,7149148,116017950.98,1.6706,1.1942,0,0
2023-10-24,sz.003006,15.93,16.64,15.93,16.54,7480773,122126253.95,1.7481,2.7329,0,0
2023-10-25,sz.003006,16.41,16.81,16.01,16.65,7389050,120818812.26,1.7267,0.6651,0,0
2023-10-26,sz.003006,16.41,17.41,16.4,16.93,6015653,102147341.08,1.4058,1.6817,0,0
2023-10-27,sz.003006,17.0,17.77,16.75,17.63,4659747,81358759.7,1.0889,4.1347,0,0
2023-10-30,sz.003006,17.42,17.66,16.67,16.87,5879548,100437808.32,1.374,-4.3108,0,0
2023-10-31,sz.003006,16.73,17.14,16.73,16.91,2616270,44234339.98,0.6114,0.2371,0,0
2023-11-01,sz.003006,16.87,17.04,16.7,16.94,2303100,38877517.96,0.5382,0.1774,0,0
2023-11-02,sz.003006,16.77,17.0,16.46,16.64,4284064,71209415.29,1.0011,-1.771,0,0
2023-11-03,sz.003006,16.61,16.86,16.4,16.68,2131230,35458092.85,0.498,0.2404,0,0
2023-11-06,sz.003006,16.69,16.8,16.23,16.6,3529252,58070288.59,0.8247,-0.4796,0,0
2023-11-07,sz.003006,16.56,16.69,16.39,16.55,1395079,23127276.38,0.326,-0.3012,0,0
2023-11-08,sz.003006,16.57,17.29,16.46,17.29,3092669,52598762.56,0.7227,4.4713,0,0
2023-11-09,sz.003006,17.4,17.69,16.92,17.52,4515336,78373276.53,1.0552,1.3302,0,0
2023-11-10,sz.003006,17.41,17.48,17.02,17.06,1685597,28988421.54,0.3939,-2.6256,0,0
2023-11-13,sz.003006,17.03,17.17,16.45,17.08,3985946,66811911.64,0.9315,0.1172,0,0
2023-11-14,sz.003006,17.03,17.2,16.79,17.03,3058289,51924891.88,0.7147,-0.2927,0,0
2023-11-15,sz.003006,17.08,17.11,16.67,16.81,1980548,33302122.07,0.4628,-1.2918,0,0
2023-11-16,sz.003006,16.78,16.94,16.55,16.7,1722850,28734495.5,0.4026,-0.6544,0,0
2023-11-17,sz.003006,16.6,16.73,16.55,16.67,1374611,22867070.27,0.3212,-0.1796,0,0
2023-11-20,sz.003006,16.66,16.76,16.45,16.57,2102146,34841870.76,0.4912,-0.5999,0,0
2023-11-21,sz.003006,16.56,16.81,16.42,16.7,1564000,26093130.0,0.3655,0.7846,0,0
2023-11-22,sz.003006,16.62,16.74,16.35,16.38,1264200,20815922.0,0.2954,-1.9162,0,0
2023-11-23,sz.003006,16.36,16.75,16.3,16.68,1409495,23309282.95,0.3294,1.8315,0,0
2023-11-24,sz.003006,16.68,16.69,16.3,16.5,2138531,35183847.16,0.4997,-1.0791,0,0
2023-11-27,sz.003006,16.48,16.75,16.42,16.57,1953690,32380537.6,0.4565,0.4242,0,0
2023-11-28,sz.003006,16.64,16.73,16.41,16.7,1726612,28595921.68,0.4035,0.7846,0,0
2023-11-29,sz.003006,16.72,16.9,16.51,16.72,1482392,24797642.04,0.3464,0.1198,0,0
2023-11-30,sz.003006,16.85,16.85,16.35,16.45,2021803,33313661.28,0.4725,-1.6148,0,0
2023-12-01,sz.003006,16.43,16.53,16.02,16.07,2594200,41955440.0,0.6062,-2.31,0,0
2023-12-04,sz.003006,16.05,16.24,15.87,15.9,1826300,29141825.0,0.4268,-1.0579,0,0
2023-12-05,sz.003006,15.86,15.97,15.66,15.66,1585100,25075901.0,0.3704,-1.5094,0,0
2023-12-06,sz.003006,15.6,15.94,15.56,15.81,1999664,31579739.96,0.4673,0.9579,0,0
2023-12-07,sz.003006,15.76,15.81,15.43,15.53,1705133,26539776.73,0.3985,-1.771,0,0
2023-12-08,sz.003006,15.41,15.57,15.27,15.39,1786942,27548652.79,0.4176,-0.9015,0,0
2023-12-11,sz.003006,15.37,15.99,15.28,15.8,3493007,54984289.54,0.8163,2.6641,0,0
2023-12-12,sz.003006,15.88,16.13,15.56,15.91,2128707,33790800.47,0.4974,0.6962,0,0
2023-12-13,sz.003006,15.87,15.93,15.73,15.82,941515,14910352.55,0.22,-0.5657,0,0
2023-12-14,sz.003006,15.82,16.32,15.8,16.05,2360680,38081867.05,0.5517,1.4539,0,0
2023-12-15,sz.003006,16.05,16.16,15.81,15.96,1694825,27090309.13,0.3961,-0.5607,0,0
2023-12-18,sz.003006,15.89,16.08,15.69,15.78,1775751,28151343.42,0.415,-1.1278,0,0
2023-12-19,sz.003006,15.66,15.89,15.61,15.75,1115700,17568422.0,0.2607,-0.1901,0,0
2023-12-20,sz.003006,15.71,15.88,15.41,15.45,1634859,25529170.46,0.382,-1.9048,0,0
2023-12-21,sz.003006,15.47,15.6,15.2,15.52,1513582,23253057.52,0.3537,0.4531,0,0
2023-12-22,sz.003006,15.54,15.85,15.4,15.54,2834678,44338952.02,0.6624,0.1289,0,0
2023-12-25,sz.003006,15.43,15.76,15.17,15.63,1821800,28314665.0,0.4257,0.5792,0,0
2023-12-26,sz.003006,15.61,15.62,15.09,15.16,1098711,16754303.86,0.2568,-3.007,0,0
2023-12-27,sz.003006,15.17,15.61,15.08,15.51,1400500,21526439.0,0.3273,2.3087,0,0
2023-12-28,sz.003006,15.46,15.53,14.68,14.76,4634513,69118699.83,1.083,-4.8356,0,0
2023-12-29,sz.003006,14.78,15.5,14.48,15.16,4534900,68150366.0,1.0597,2.71,0,0
2024-01-02,sz.003006,15.17,15.41,14.95,15.33,2018700,30757390.0,0.4717,1.1214,0,0
2024-01-03,sz.003006,15.21,15.38,15.06,15.18,1351804,20500184.6,0.3159,-0.9785,0,0
2024-01-04,sz.003006,15.13,15.24,14.81,15.16,1242119,18763929.57,0.2903,-0.1318,0,0
2024-01-05,sz.003006,15.18,15.44,14.91,15.1,2841891,43121695.82,0.6641,-0.3958,0,0
2024-01-08,sz.003006,15.01,15.04,14.58,14.63,1922600,28416211.4,0.4493,-3.1126,0,0
2024-01-09,sz.003006,14.64,14.97,14.53,14.71,1445222,21304058.62,0.3377,0.5468,0,0
2024-01-10,sz.003006,14.69,14.86,14.5,14.8,1451600,21360822.9,0.3392,0.6118,0,0
2024-01-11,sz.003006,14.94,15.16,14.72,15.01,1344122,20187181.94,0.3141,1.4189,0,0
2024-01-12,sz.003006,14.95,15.39,14.75,14.8,1931202,28967560.96,0.4513,-1.3991,0,0
2024-01-15,sz.003006,14.82,15.07,14.75,15.02,1395600,20871351.0,0.3261,1.4865,0,0
2024-01-16,sz.003006,14.97,15.13,14.52,14.72,1754436,25909032.08,0.41,-1.9973,0,0
2024-01-17,sz.003006,14.69,14.9,14.38,14.39,1269700,18617573.0,0.2967,-2.2418,0,0
2024-01-18,sz.003006,14.31,14.41,13.88,14.28,2102300,29633190.0,0.4913,-0.7644,0,0
2024-01-19,sz.003006,14.2,14.64,14.14,14.45,3412700,49320957.98,0.7975,1.1905,0,0
2024-01-22,sz.003006,14.37,14.81,14.0,14.07,6538210,93756827.68,1.5279,-2.6298,0,0
2024-01-23,sz.003006,14.03,14.14,13.77,13.94,2934015,40891208.35,0.6856,-0.924,0,0
2024-01-24,sz.003006,13.93,14.49,13.91,14.35,3418558,48529775.85,0.7989,2.9412,0,0
2024-01-25,sz.003006,14.39,15.17,14.39,15.07,3573937,53246886.83,0.8352,5.0174,0,0
2024-01-26,sz.003006,15.17,15.38,14.91,14.97,1567349,23670955.84,0.3663,-0.6636,0,0
2024-01-29,sz.003006,15.06,15.2,14.52,14.56,1599500,23612958.35,0.3738,-2.7388,0,0
2024-01-30,sz.003006,14.51,14.57,14.01,14.03,1650480,23618573.19,0.3857,-3.6401,0,0
2024-01-31,sz.003006,14.1,14.29,13.75,13.83,2476198,34707691.74,0.5786,-1.4255,0,0
2024-02-01,sz.003006,13.83,14.0,13.38,13.58,2374900,32398078.0,0.555,-1.8077,0,0
2024-02-02,sz.003006,13.59,13.69,12.26,12.87,4842000,62697777.0,1.1315,-5.2283,0,0
2024-02-05,sz.003006,12.55,13.87,11.8,13.1,6085899,77205255.3,1.4222,1.7871,0,0
2024-02-06,sz.003006,12.87,14.41,12.62,13.79,6344356,86667193.84,1.4826,5.2672,0,0
2024-02-07,sz.003006,13.64,14.48,13.54,14.09,4671750,65787232.05,1.0917,2.1755,0,0
2024-02-08,sz.003006,13.8,15.14,13.75,14.9,5502557,81378812.56,1.2859,5.7488,0,0
2024-02-19,sz.003006,15.08,15.45,14.58,15.13,3105213,46695447.33,0.7256,1.5436,0,0
2024-02-20,sz.003006,15.08,15.08,14.61,14.85,2120400,31310360.0,0.4955,-1.8506,0,0
2024-02-21,sz.003006,14.84,15.25,14.56,14.75,4279500,63539396.58,1.0001,-0.6734,0,0
2024-02-22,sz.003006,14.61,14.81,14.18,14.55,2939750,42570988.38,0.687,-1.3559,0,0
2024-02-23,sz.003006,14.55,14.88,14.23,14.85,2215478,32251590.42,0.5177,2.0619,0,0
2024-02-26,sz.003006,14.82,14.99,14.66,14.7,1810621,26801648.33,0.4231,-1.0101,0,0
2024-02-27,sz.003006,14.72,15.61,14.55,15.56,3909064,59506227.8,0.9135,5.8503,0,0
2024-02-28,sz.003006,15.46,16.43,15.39,15.69,5707600,90303182.0,1.3338,0.8355,0,0
2024-02-29,sz.003006,15.62,16.35,15.55,16.2,4005492,64049233.42,0.936,3.2505,0,0
2024-03-01,sz.003006,16.25,16.47,16.0,16.15,3367471,54695755.12,0.7869,-0.3086,0,0
2024-03-04,sz.003006,15.97,16.27,15.72,15.93,3407454,54183459.98,0.7963,-1.3622,0,0
2024-03-05,sz.003006,15.72,15.99,15.52,15.91,1821200,28816556.0,0.4256,-0.1255,0,0
2024-03-06,sz.003006,16.06,16.48,15.82,15.96,3688817,59379259.17,0.862,0.3143,0,0
2024-03-07,sz.003006,15.89,15.98,15.32,15.32,2574200,40193646.08,0.6016,-4.01,0,0
2024-03-08,sz.003006,15.31,15.47,15.1,15.2,1471647,22440529.87,0.3439,-0.7833,0,0
2024-03-11,sz.003006,15.2,15.88,15.05,15.86,3228810,49935234.6,0.7545,4.3421,0,0
2024-03-12,sz.003006,15.84,15.9,15.49,15.67,3492210,54634276.1,0.8161,-1.198,0,0
2024-03-13,sz.003006,15.75,16.3,15.68,16.14,4032610,64580601.55,0.9424,2.9994,0,0
2024-03-14,sz.003006,16.09,16.53,16.09,16.19,2161803,35178347.13,0.5052,0.3098,0,0
2024-03-15,sz.003006,16.29,16.6,16.13,16.59,1753748,28766827.84,0.4098,2.4707,0,0
2024-03-18,sz.003006,16.6,16.72,16.16,16.71,2384433,39409318.8,0.5572,0.7233,0,0
2024-03-19,sz.003006,16.61,16.68,16.29,16.31,1564000,25706176.0,0.3655,-2.3938,0,0
2024-03-20,sz.003006,16.37,16.5,16.24,16.44,1389900,22725998.0,0.3248,0.7971,0,0
2024-03-21,sz.003006,16.45,16.54,16.27,16.38,860000,14103911.0,0.201,-0.365,0,0
2024-03-22,sz.003006,16.37,16.38,16.06,16.26,1575700,25550323.0,0.3682,-0.7326,0,0
2024-03-25,sz.003006,16.5,16.85,16.2,16.27,2651397,43646238.83,0.6196,0.0615,0,0
2024-03-26,sz.003006,16.21,17.3,16.0,16.95,3807371,64214704.14,0.8897,4.1795,0,0
2024-03-27,sz.003006,16.92,17.6,16.75,17.13,3676732,63101839.28,0.8592,1.0619,0,0
2024-03-28,sz.003006,16.8,17.2,16.5,16.67,3253170,54708994.13,0.7602,-2.6853,0,0
2024-03-29,sz.003006,16.73,16.98,16.52,16.88,1839397,30889169.54,0.4298,1.2597,0,0
2024-04-01,sz.003006,16.85,17.07,16.4,16.62,2768717,46180442.68,0.647,-1.5403,0,0
2024-04-02,sz.003006,16.65,17.13,16.54,16.91,3557312,60085232.06,0.8313,1.7449,0,0
2024-04-03,sz.003006,16.91,17.44,16.89,17.13,2524100,43380460.0,0.5898,1.301,0,0
2024-04-08,sz.003006,17.15,17.29,16.76,16.93,2180000,36898606.8,0.5094,-1.1675,0,0
2024-04-09,sz.003006,17.2,17.8,17.2,17.59,7419749,130388100.16,1.7339,3.8984,0,0
2024-04-10,sz.003006,17.57,17.77,17.31,17.45,2853173,49988363.64,0.6667,-0.7959,0,0
2024-04-11,sz.003006,17.2,17.67,17.13,17.3,2121356,36878731.75,0.4951,-0.8596,0,0
2024-04-12,sz.003006,17.27,17.6,17.08,17.46,1239766,21547245.14,0.2894,0.9249,0,0
2024-04-15,sz.003006,17.3,17.55,16.99,17.27,2932143,50728096.99,0.6844,-1.0882,0,0
2024-04-16,sz.003006,17.3,17.51,16.91,16.92,2004650,34418289.0,0.4679,-2.0266,0,0
2024-04-17,sz.003006,16.91,17.79,16.88,17.75,2779400,48446997.0,0.6487,4.9054,0,0
2024-04-18,sz.003006,17.59,18.72,17.59,18.49,4562354,83711004.26,1.0649,4.169,0,0
2024-04-19,sz.003006,18.3,18.36,17.6,18.28,3783750,68185735.67,0.8832,-1.1357,0,0
2024-04-22,sz.003006,19.39,20.11,19.39,20.11,6533400,131269503.5,1.5249,10.0109,1,0
2024-04-23,sz.003006,20.11,21.89,19.7,21.13,16575208,344544694.56,3.8688,5.0721,0,0
2024-04-24,sz.003006,20.45,20.45,19.65,20.28,8851378,177813317.13,2.066,-1.4577,0,0
2024-04-25,sz.003006,20.02,20.84,19.9,20.65,5028075,103304768.43,1.1736,1.8245,0,0
2024-04-26,sz.003006,20.68,21.64,20.55,21.27,6460669,136733940.7,1.508,3.0024,0,0
2024-04-29,sz.003006,21.11,21.3,20.67,21.12,6123860,128051980.5,1.4294,-0.7052,0,0
2024-04-30,sz.003006,21.11,21.76,20.69,21.6,3597578,77430600.2,0.8397,2.2727,0,0
2024-05-06,sz.003006,21.69,22.17,21.64,22.05,5084204,111893824.52,1.1867,2.0833,0,0
2024-05-07,sz.003006,21.81,22.88,21.7,22.26,4434450,99356804.5,1.035,0.9524,0,0
2024-05-08,sz.003006,22.0,22.72,21.93,22.6,3714800,83556685.0,0.8671,1.5274,0,0
2024-05-09,sz.003006,22.35,23.15,22.35,23.0,3480889,79691347.82,0.8125,1.7699,0,0
2024-05-10,sz.003006,23.25,24.0,21.98,22.3,8283515,186380927.77,1.9334,-3.0435,0,0
2024-05-13,sz.003006,22.0,23.17,22.0,23.06,7268103,165972450.5,1.6964,3.4081,0,0
2024-05-14,sz.003006,23.06,24.47,22.81,23.94,6949730,165140066.3,1.6221,3.8161,0,0
2024-05-15,sz.003006,23.83,24.87,23.72,24.02,4105906,99548017.82,0.9583,0.3342,0,0
2024-05-16,sz.003006,24.12,24.23,23.48,23.58,3284491,77978109.7,0.7666,-1.8318,0,0
2024-05-17,sz.003006,23.54,24.04,23.3,23.55,3917740,92332767.0,0.9144,-0.1272,0,0
2024-05-20,sz.003006,23.33,23.8,23.1,23.7,4045040,94772368.6,0.9441,0.6369,0,0
2024-05-21,sz.003006,23.7,24.1,23.5,23.95,2228197,53315490.18,0.5201,1.0549,0,0
2024-05-22,sz.003006,23.86,24.06,23.27,23.66,2844029,66926330.7,0.6638,-1.2109,0,0
2024-05-23,sz.003006,23.55,23.65,23.1,23.52,3308652,77195806.69,0.7719,-0.5917,0,0
2024-05-24,sz.003006,23.5,23.72,23.23,23.33,1946772,45759163.6,0.4542,-0.8078,0,0
2024-05-27,sz.003006,23.21,23.9,23.14,23.9,2643840,62229806.8,0.6168,2.4432,0,0
2024-05-28,sz.003006,23.99,24.19,23.38,23.52,1883790,44648347.0,0.4395,-1.59,0,0
2024-05-29,sz.003006,23.48,23.79,23.24,23.65,1611320,38074250.4,0.3759,0.5527,0,0
2024-05-30,sz.003006,23.48,24.36,23.48,23.76,3575817,85283427.66,0.8342,0.4651,0,0
2024-05-31,sz.003006,23.71,23.85,23.33,23.61,1714720,40343397.0,0.4,-0.6313,0,0
2024-06-03,sz.003006,23.53,23.96,23.11,23.4,2714640,63749727.2,0.6333,-0.8895,0,0
2024-06-04,sz.003006,23.47,23.87,22.94,23.73,4411420,103544918.2,1.0292,1.4103,0,0
2024-06-05,sz.003006,23.7,24.17,23.2,23.26,2196180,51928742.8,0.5124,-1.9806,0,0
2024-06-06,sz.003006,23.49,23.49,23.0,23.21,1770350,41128125.5,0.413,-0.215,0,0
2024-06-07,sz.003006,23.43,23.43,22.76,23.13,2587100,59571806.5,0.6036,-0.3447,0,0
2024-06-11,sz.003006,23.13,23.82,22.96,23.74,2760340,64778809.4,0.644,2.6373,0,0
2024-06-12,sz.003006,23.88,24.68,23.75,23.95,3486680,84008319.8,0.8134,0.8846,0,0
2024-06-13,sz.003006,23.78,24.39,23.11,23.45,3058920,72246722.0,0.7136,-2.0877,0,0
2024-06-14,sz.003006,23.39,23.59,23.2,23.45,2029540,47462327.2,0.4735,0.0,0,0
2024-06-17,sz.003006,23.48,24.0,23.21,23.9,2549630,60712757.0,0.5948,1.919,0,0
2024-06-18,sz.003006,23.84,24.04,23.55,23.98,1894420,45139577.6,0.442,0.3347,0,0
2024-06-19,sz.003006,24.2,24.39,23.99,24.17,1933500,46682354.16,0.4511,0.7923,0,0
2024-06-20,sz.003006,24.0,24.18,23.8,24.0,1659340,39850710.4,0.3871,-0.7034,0,0
2024-06-21,sz.003006,23.81,24.35,23.14,23.55,3407632,80422795.88,0.795,-1.875,0,0
2024-06-24,sz.003006,23.41,24.84,23.24,24.18,4788180,115635280.4,1.117,2.6752,0,0
2024-06-25,sz.003006,24.18,24.48,23.71,24.0,3391000,81473617.8,0.7911,-0.7444,0,0
2024-06-26,sz.003006,23.87,24.64,23.81,24.62,3031620,73564753.2,0.7073,2.5833,0,0
2024-06-27,sz.003006,24.63,24.67,23.47,23.53,4114700,98166503.4,0.9599,-4.4273,0,0
2024-06-28,sz.003006,23.27,24.03,23.2,23.7,3011700,71622379.0,0.7026,0.7225,0,0
2024-07-01,sz.003006,23.8,24.15,23.56,24.05,3173380,75941932.6,0.7403,1.4768,0,0
2024-07-02,sz.003006,24.05,24.1,23.2,23.88,4181880,99003426.8,0.9756,-0.7069,0,0
2024-07-03,sz.003006,23.68,23.9,23.41,23.66,2495040,59005722.0,0.5821,-0.9213,0,0
2024-07-04,sz.003006,23.6,24.28,23.5,23.55,2608146,62236144.66,0.6085,-0.4649,0,0
2024-07-05,sz.003006,23.49,23.84,22.95,23.75,3429054,79827921.1,0.8,0.8493,0,0
2024-07-08,sz.003006,23.68,23.8,23.0,23.07,2676818,62406722.34,0.6245,-2.8632,0,0
2024-07-09,sz.003006,22.98,23.49,22.79,23.4,2293118,53309027.66,0.535,1.4304,0,0
2024-07-10,sz.003006,23.26,23.88,23.26,23.47,2013340,47329809.2,0.4697,0.2991,0,0
2024-07-11,sz.003006,23.59,23.85,23.23,23.79,1705000,40233578.0,0.3978,1.3634,0,0
2024-07-12,sz.003006,23.78,23.83,23.0,23.41,1903347,44507632.34,0.444,-1.5973,0,0
2024-07-15,sz.003006,23.25,23.69,23.15,23.27,2273297,53036161.98,0.5303,-0.598,0,0
2024-07-16,sz.003006,23.2,23.25,22.0,22.45,6121115,137748708.15,1.428,-3.5239,0,0
2024-07-17,sz.003006,22.35,22.46,22.09,22.24,3363000,75003614.0,0.7846,-0.9354,0,0
2024-07-18,sz.003006,22.15,22.44,21.9,22.21,2773900,61654284.0,0.6471,-0.1349,0,0
2024-07-19,sz.003006,22.24,22.28,21.42,21.47,4016020,87402812.4,0.9369,-3.3318,0,0
2024-07-22,sz.003006,21.25,22.1,21.25,21.9,4903997,106752265.51,1.1441,2.0028,0,0
2024-07-23,sz.003006,21.7,21.88,20.96,20.99,2156497,45911505.97,0.5031,-4.1553,0,0
2024-07-24,sz.003006,20.8,21.11,20.59,20.71,2598797,54093838.27,0.6063,-1.334,0,0
2024-07-25,sz.003006,20.71,20.8,20.27,20.66,2351900,48275391.0,0.5487,-0.2414,0,0
2024-07-26,sz.003006,20.45,20.85,19.97,20.74,3564385,72928915.4,0.8315,0.3872,0,0
2024-07-29,sz.003006,20.68,20.95,20.3,20.62,2743254,56542266.42,0.64,-0.5786,0,0
2024-07-30,sz.003006,20.52,20.56,20.02,20.26,1531310,30973097.55,0.3572,-1.7459,0,0
2024-07-31,sz.003006,20.22,21.29,20.02,21.19,4031900,84362815.0,0.9406,4.5903,0,0
2024-08-01,sz.003006,21.29,21.36,20.74,20.86,2905300,61094519.0,0.6778,-1.5573,0,0
2024-08-02,sz.003006,21.06,21.25,20.3,20.66,3553640,73203079.42,0.829,-0.9588,0,0
2024-08-05,sz.003006,20.56,21.09,20.23,20.36,2351000,48416538.0,0.5485,-1.4521,0,0
2024-08-06,sz.003006,20.51,21.29,20.45,20.98,2614380,54479162.6,0.6099,3.0452,0,0
2024-08-07,sz.003006,20.98,21.49,20.66,21.4,1898117,40126258.07,0.4428,2.0019,0,0
2024-08-08,sz.003006,21.44,22.45,21.26,22.0,4560291,100085416.01,1.0639,2.8037,0,0
2024-08-09,sz.003006,22.04,22.43,21.6,21.75,3465900,75697258.2,0.8086,-1.1364,0,0
2024-08-12,sz.003006,21.21,22.72,21.21,22.05,7556940,167335886.66,1.763,1.3793,0,0
2024-08-13,sz.003006,22.5,22.57,21.8,22.04,3957880,87141782.8,0.9233,-0.0454,0,0
2024-08-14,sz.003006,22.25,22.25,21.48,21.53,3282200,71327758.0,0.7657,-2.314,0,0
2024-08-15,sz.003006,21.43,21.68,21.01,21.19,2480286,52850617.9,0.5786,-1.5792,0,0
2024-08-16,sz.003006,20.88,21.64,20.88,21.27,2734916,58085516.8,0.638,0.3775,0,0
2024-08-19,sz.003006,20.96,21.8,20.91,21.7,2793141,59976214.31,0.6516,2.0216,0,0
2024-08-20,sz.003006,21.61,21.76,20.98,21.21,2153640,45737410.6,0.5024,-2.2581,0,0
2024-08-21,sz.003006,21.19,21.59,20.98,21.42,1921600,41111384.0,0.4483,0.9901,0,0
2024-08-22,sz.003006,21.58,22.15,21.35,21.84,2588700,56512537.0,0.6039,1.9608,0,0
2024-08-23,sz.003006,21.81,22.12,21.33,21.62,1802900,38921294.86,0.4206,-1.0073,0,0
2024-08-26,sz.003006,21.62,21.7,21.12,21.39,1222300,26091163.0,0.2852,-1.0638,0,0
2024-08-27,sz.003006,21.26,21.5,20.96,21.37,1799640,38241996.53,0.4198,-0.0935,0,0
2024-08-28,sz.003006,21.2,21.8,21.18,21.45,1376000,29567824.0,0.321,0.3744,0,0
2024-08-29,sz.003006,21.45,21.98,21.16,21.92,1838128,39833543.92,0.4288,2.1911,0,0
2024-08-30,sz.003006,21.96,22.86,21.48,22.6,3149918,70655886.42,0.7349,3.1022,0,0
2024-09-02,sz.003006,22.6,22.96,22.23,22.85,3775710,85625843.24,0.8808,1.1062,0,0
2024-09-03,sz.003006,22.69,23.08,22.56,22.73,2519300,57401898.0,0.5877,-0.5252,0,0
2024-09-04,sz.003006,22.72,23.15,22.51,22.72,2166172,49416777.04,0.5054,-0.044,0,0
2024-09-05,sz.003006,22.72,22.96,22.51,22.88,1242753,28293482.38,0.2899,0.7042,0,0
2024-09-06,sz.003006,22.88,23.05,22.65,22.71,1268675,28995169.5,0.296,-0.743,0,0
2024-09-09,sz.003006,22.63,23.25,22.57,22.73,2365872,54139414.36,0.5519,0.0881,0,0
2024-09-10,sz.003006,22.72,22.95,22.51,22.69,1553600,35228407.0,0.3624,-0.176,0,0
2024-09-11,sz.003006,22.64,23.3,22.57,23.2,1258066,29064401.59,0.2935,2.2477,0,0
2024-09-12,sz.003006,23.27,23.68,23.08,23.13,2109803,49219075.2,0.4922,-0.3017,0,0
2024-09-13,sz.003006,23.03,23.63,23.02,23.31,1388916,32537408.67,0.324,0.7782,0,0
2024-09-18,sz.003006,23.33,24.24,23.0,23.8,2819695,67066874.7,0.6578,2.1021,0,0
2024-09-19,sz.003006,23.8,24.1,23.59,23.75,1733837,41189436.27,0.4045,-0.2101,0,0
2024-09-20,sz.003006,23.87,23.87,22.73,22.84,2629886,60562759.72,0.6135,-3.8316,0,0
2024-09-23,sz.003006,22.8,23.15,22.62,22.88,1500123,34322497.72,0.35,0.1751,0,0
2024-09-24,sz.003006,22.87,23.4,22.71,23.4,2559070,59245486.06,0.597,2.2727,0,0
2024-09-25,sz.003006,23.5,23.71,22.7,22.72,3640248,84216068.6,0.8492,-2.906,0,0
2024-09-26,sz.003006,22.58,23.76,22.58,23.76,4019948,92335006.32,0.9378,4.5775,0,0
2024-09-27,sz.003006,23.88,25.78,23.39,24.29,6361323,154497557.98,1.484,2.2306,0,0
2024-09-30,sz.003006,25.4,26.72,24.51,26.69,6516332,170493776.25,1.5202,9.8806,1,0
2024-10-08,sz.003006,29.36,29.36,25.68,27.34,7257537,197517619.11,1.6931,2.4354,0,0
2024-10-09,sz.003006,26.94,29.1,26.09,27.38,7390933,205288637.43,1.7242,0.1463,0,0
2024-10-10,sz.003006,27.4,28.17,25.89,26.03,9866324,265299513.9,2.3017,-4.9306,0,0
2024-10-11,sz.003006,26.02,26.38,24.51,24.93,5774500,144863090.0,1.3471,-4.2259,0,0
2024-10-14,sz.003006,24.99,25.52,24.08,25.35,4538300,113387609.27,1.0588,1.6847,0,0
2024-10-15,sz.003006,25.35,25.86,24.64,24.9,4613591,116165021.5,1.0763,-1.7751,0,0
2024-10-16,sz.003006,24.78,25.48,24.41,24.82,3153929,78854251.1,0.7358,-0.3213,0,0
2024-10-17,sz.003006,25.12,25.9,24.78,25.0,2679100,67415792.0,0.625,0.7252,0,0
2024-10-18,sz.003006,25.0,26.06,24.93,25.69,4921335,125614613.75,1.1481,2.76,0,0
2024-10-21,sz.003006,25.68,27.16,24.5,26.31,9749044,253752662.49,2.2744,2.4134,0,0
2024-10-22,sz.003006,26.42,27.5,26.42,27.27,5522800,149998083.22,1.2884,3.6488,0,0
2024-10-23,sz.003006,27.29,28.0,26.81,26.99,4608434,125555211.38,1.0751,-1.0268,0,0
2024-10-24,sz.003006,26.88,27.8,26.73,27.36,4257993,116649335.89,0.9934,1.3709,0,0
2024-10-25,sz.003006,27.36,27.69,27.02,27.33,3448516,94115900.96,0.8045,-0.1096,0,0
2024-10-28,sz.003006,27.26,27.78,26.91,27.37,3010780,82445927.0,0.7024,0.1464,0,0
2024-10-29,sz.003006,27.73,28.07,27.23,27.27,2644566,72999462.18,0.617,-0.3654,0,0
2024-10-30,sz.003006,27.25,27.53,26.36,26.7,3518312,94019614.6,0.8208,-2.0902,0,0
2024-10-31,sz.003006,26.68,26.7,25.8,25.89,2967589,77421180.39,0.6923,-3.0337,0,0
2024-11-01,sz.003006,25.72,26.48,25.26,25.85,3988017,103419589.65,0.9304,-0.1545,0,0
2024-11-04,sz.003006,25.97,26.22,25.35,25.94,3251820,83759968.4,0.7586,0.3482,0,0
2024-11-05,sz.003006,25.88,25.88,25.12,25.6,4745100,120640398.0,1.107,-1.3107,0,0
2024-11-06,sz.003006,25.55,25.76,25.3,25.52,3181280,81233147.2,0.7422,-0.3125,0,0
2024-11-07,sz.003006,25.33,26.44,25.32,25.99,2881198,74805482.86,0.6722,1.8417,0,0
2024-11-08,sz.003006,26.05,26.3,25.7,25.89,2587444,67239617.84,0.6036,-0.3848,0,0
2024-11-11,sz.003006,26.07,26.08,25.32,25.46,2389319,61035898.74,0.5574,-1.6609,0,0
2024-11-12,sz.003006,25.49,25.78,25.01,25.25,1941419,49432395.11,0.4529,-0.8248,0,0
2024-11-13,sz.003006,25.25,26.12,25.09,25.93,3368256,86739742.88,0.7858,2.6931,0,0
2024-11-14,sz.003006,25.92,26.25,25.5,25.68,2385624,61480926.25,0.5565,-0.9641,0,0
2024-11-15,sz.003006,25.58,26.98,25.49,26.58,4816240,128134948.91,1.1236,3.5047,0,0
2024-11-18,sz.003006,26.59,27.59,26.11,26.68,4537961,121931349.97,1.0587,0.3762,0,0
2024-11-19,sz.003006,26.58,27.88,26.4,27.69,4581366,124719336.83,1.0688,3.7856,0,0
2024-11-20,sz.003006,27.7,27.71,26.6,26.97,2977350,80301856.56,0.6946,-2.6002,0,0
2024-11-21,sz.003006,26.97,27.32,26.42,27.05,2757654,74235146.18,0.6433,0.2966,0,0
2024-11-22,sz.003006,27.21,27.63,25.75,25.9,3217140,85315960.85,0.7505,-4.2514,0,0
2024-11-25,sz.003006,25.65,26.24,25.32,26.17,3424100,88353589.0,0.7988,1.0425,0,0
2024-11-26,sz.003006,26.08,26.46,25.31,25.41,2102740,54223591.4,0.4906,-2.9041,0,0
2024-11-27,sz.003006,25.42,25.71,25.01,25.61,1652295,41932259.15,0.3855,0.7871,0,0
2024-11-28,sz.003006,25.61,25.77,25.09,25.29,1665600,42335527.0,0.3886,-1.2495,0,0
2024-11-29,sz.003006,25.24,26.39,25.08,25.85,2044900,53034017.0,0.4771,2.2143,0,0
2024-12-02,sz.003006,25.99,26.53,25.18,26.31,2932900,76264144.0,0.6842,1.7795,0,0
2024-12-03,sz.003006,26.3,26.66,25.98,26.36,2336700,61568867.0,0.5451,0.19,0,0
2024-12-04,sz.003006,26.23,26.36,25.3,25.42,3129156,80497966.96,0.73,-3.566,0,0
2024-12-05,sz.003006,25.23,25.48,24.62,25.15,3545393,88532186.86,0.8271,-1.0622,0,0
2024-12-06,sz.003006,25.07,25.47,24.59,24.86,4426300,110253995.0,1.0326,-1.1531,0,0
2024-12-09,sz.003006,24.97,25.18,24.67,24.8,2624727,65361520.67,0.6123,-0.2414,0,0
2024-12-10,sz.003006,25.18,25.83,25.09,25.22,3862842,98444787.04,0.9012,1.6935,0,0
2024-12-11,sz.003006,25.11,26.2,25.11,25.8,3579946,92533958.8,0.8352,2.2998,0,0
2024-12-12,sz.003006,25.93,27.29,25.9,27.23,4146575,110990579.57,0.9674,5.5426,0,0
2024-12-13,sz.003006,27.37,27.37,26.3,26.88,3699200,98667567.0,0.863,-1.2853,0,0
2024-12-16,sz.003006,26.78,27.0,25.72,25.86,3599966,93974522.08,0.8398,-3.7946,0,0
2024-12-17,sz.003006,25.91,26.3,25.61,25.75,2249376,58251975.6,0.5248,-0.4254,0,0
2024-12-18,sz.003006,25.78,25.87,25.08,25.31,1520500,38683042.0,0.3547,-1.7087,0,0
2024-12-19,sz.003006,25.19,25.76,24.84,25.6,1638300,41697608.0,0.3822,1.1458,0,0
2024-12-20,sz.003006,25.6,26.26,25.15,25.29,2928040,75033238.8,0.6831,-1.2109,0,0
2024-12-23,sz.003006,25.17,25.28,23.24,23.9,7848500,188671829.0,1.831,-5.4962,0,0
2024-12-24,sz.003006,23.8,24.56,23.62,24.31,2963069,71575200.27,0.6913,1.7155,0,0
2024-12-25,sz.003006,24.27,24.35,23.2,23.76,3479800,82142407.0,0.8118,-2.2624,0,0
2024-12-26,sz.003006,23.75,24.05,23.55,23.74,1716371,40820706.59,0.4004,-0.0842,0,0
2024-12-27,sz.003006,23.74,23.78,23.21,23.47,3059640,71746502.31,0.7138,-1.1373,0,0
2024-12-30,sz.003006,23.24,23.89,23.21,23.3,2615600,61757544.0,0.6102,-0.7243,0,0
2024-12-31,sz.003006,23.35,24.5,23.27,23.99,3493100,84104530.0,0.8149,2.9614,0,0
2025-01-02,sz.003006,24.0,24.2,22.9,23.14,4060100,95541983.0,0.9472,-3.5431,0,0
2025-01-03,sz.003006,23.11,23.59,22.29,22.4,3566280,80782927.4,0.832,-3.1979,0,0
2025-01-06,sz.003006,22.41,22.68,21.53,22.36,3553375,78985793.36,0.829,-0.1786,0,0
2025-01-07,sz.003006,22.33,22.69,22.13,22.5,2783927,62373210.69,0.6495,0.6261,0,0
2025-01-08,sz.003006,22.5,22.56,21.6,22.15,3069040,67661478.8,0.716,-1.5556,0,0
2025-01-09,sz.003006,22.12,22.38,21.67,22.12,3088800,68274125.0,0.7206,-0.1354,0,0
2025-01-10,sz.003006,22.09,22.38,21.68,21.7,1856600,40961198.0,0.4331,-1.8987,0,0
2025-01-13,sz.003006,21.64,22.28,21.4,21.91,3273500,71593540.0,0.7637,0.9677,0,0
2025-01-14,sz.003006,21.86,22.38,21.53,22.35,4065700,89415828.0,0.9485,2.0082,0,0
2025-01-15,sz.003006,22.35,23.47,22.19,22.97,3998444,91635693.75,0.9328,2.774,0,0
2025-01-16,sz.003006,22.99,24.36,22.99,23.81,4292977,102335618.6,1.0015,3.6569,0,0
2025-01-17,sz.003006,23.79,24.06,23.53,23.99,2344700,55945017.0,0.547,0.756,0,0
2025-01-20,sz.003006,24.08,24.42,23.53,23.98,2164300,51764589.0,0.5049,-0.0417,0,0
2025-01-21,sz.003006,23.98,24.2,23.6,23.96,1491400,35583773.0,0.3479,-0.0834,0,0
2025-01-22,sz.003006,23.97,24.13,23.46,23.55,2481862,58815238.58,0.579,-1.7112,0,0
2025-01-23,sz.003006,23.78,24.0,22.44,22.93,7134200,163566520.9,1.6644,-2.6327,0,0
2025-01-24,sz.003006,23.05,23.78,22.58,23.68,3857500,89340160.85,0.8999,3.2708,0,0
2025-01-27,sz.003006,23.74,24.04,23.35,23.42,2015900,47598788.0,0.4703,-1.098,0,0
2025-02-05,sz.003006,23.21,23.55,22.33,22.62,2844561,64320842.06,0.6636,-3.4159,0,0
2025-02-06,sz.003006,22.53,22.94,22.16,22.87,2347200,52909916.0,0.5476,1.1052,0,0
2025-02-07,sz.003006,22.79,23.15,22.46,22.63,2513400,57149855.0,0.5864,-1.0494,0,0
2025-02-10,sz.003006,22.65,24.16,22.03,23.37,4689356,108321239.52,1.094,3.27,0,0
2025-02-11,sz.003006,23.39,23.78,22.86,23.07,2386100,55620332.0,0.5567,-1.2837,0,0
2025-02-12,sz.003006,23.03,23.28,22.51,23.22,2764750,63306496.5,0.645,0.6502,0,0
2025-02-13,sz.003006,23.2,23.83,22.73,23.63,3074800,71883700.0,0.7173,1.7657,0,0
2025-02-14,sz.003006,23.78,24.21,23.3,23.8,2642144,62899255.6,0.6164,0.7194,0,0
2025-02-17,sz.003006,23.94,23.94,22.6,22.65,3177102,72811010.2,0.7412,-4.8319,0,0
2025-02-18,sz.003006,22.63,22.78,22.11,22.25,1538373,34553641.58,0.3589,-1.766,0,0
2025-02-19,sz.003006,22.08,22.47,21.91,22.36,2502783,55454371.72,0.5839,0.4944,0,0
2025-02-20,sz.003006,22.29,22.99,22.05,22.9,2331300,52744910.0,0.5439,2.415,0,0
2025-02-21,sz.003006,22.9,23.25,22.71,22.99,2150000,49547803.0,0.5016,0.393,0,0
2025-02-24,sz.003006,22.99,23.09,22.6,22.63,2555950,58220386.5,0.5963,-1.5659,0,0
2025-02-25,sz.003006,22.52,23.81,22.33,23.48,4058877,94760812.28,0.9469,3.7561,0,0
2025-02-26,sz.003006,23.41,24.3,23.23,23.39,2183977,51684055.7,0.5095,-0.3833,0,0
2025-02-27,sz.003006,23.39,24.9,23.21,24.68,3233882,78172729.03,0.7544,5.5152,0,0
2025-02-28,sz.003006,24.6,25.11,24.45,24.66,2080600,51588035.0,0.4854,-0.081,0,0
2025-03-03,sz.003006,24.57,25.46,23.86,24.3,3960477,97657164.77,0.9239,-1.4599,0,0
2025-03-04,sz.003006,24.3,24.75,23.61,23.8,3187640,76521650.2,0.7437,-2.0576,0,0
2025-03-05,sz.003006,23.9,24.38,23.61,24.22,2866400,68895085.0,0.6687,1.7647,0,0
2025-03-06,sz.003006,24.16,25.0,24.16,24.53,2938900,72216447.4,0.6856,1.2799,0,0
2025-03-07,sz.003006,24.5,24.84,24.05,24.77,2195930,53685181.1,0.5123,0.9784,0,0
2025-03-10,sz.003006,24.75,25.49,24.56,25.29,2931574,73970208.12,0.6839,2.0993,0,0
2025-03-11,sz.003006,25.25,27.81,25.08,26.75,6090320,160589771.0,1.4208,5.773,0,0
2025-03-12,sz.003006,26.71,27.0,25.85,25.98,4544300,119905152.0,1.0602,-2.8785,0,0
2025-03-13,sz.003006,26.02,26.33,25.13,25.34,5241700,133516416.0,1.2228,-2.4634,0,0
2025-03-14,sz.003006,25.35,25.9,25.16,25.53,4499448,114828690.68,1.0497,0.7498,0,0
2025-03-17,sz.003006,22.98,23.57,22.98,23.14,26261542,605085762.96,6.1266,-9.3615,0,0
2025-03-18,sz.003006,22.7,23.84,22.7,23.49,16332443,379733805.41,3.8102,1.5125,0,0
2025-03-19,sz.003006,23.45,23.45,22.94,22.97,8053223,185951314.99,1.8788,-2.2137,0,0
2025-03-20,sz.003006,22.97,23.37,22.91,23.06,5795400,134103700.0,1.352,0.3918,0,0
2025-03-21,sz.003006,23.3,24.39,23.09,23.72,9445338,224874262.64,2.2035,2.8621,0,0
2025-03-24,sz.003006,24.08,24.47,23.56,23.98,6270760,150404837.4,1.4632,1.0961,0,0
2025-03-25,sz.003006,23.98,24.0,23.1,23.31,7186741,167417051.27,1.6769,-2.794,0,0
2025-03-26,sz.003006,23.11,23.39,23.0,23.16,4131400,95884599.0,0.964,-0.6435,0,0
2025-03-27,sz.003006,23.2,24.08,23.01,23.72,4812080,113938929.2,1.1228,2.418,0,0
2025-03-28,sz.003006,23.73,24.16,23.42,23.85,3070800,73470917.0,0.7165,0.5481,0,0
2025-03-31,sz.003006,23.63,25.08,23.63,24.71,8053060,198270145.3,1.879,3.6059,0,0
2025-04-01,sz.003006,24.72,25.2,24.3,24.4,5440170,134832042.0,1.2694,-1.2546,0,0
2025-04-02,sz.003006,24.41,25.59,24.32,25.35,4961427,124919440.8,1.1576,3.8934,0,0
2025-04-03,sz.003006,25.18,25.19,24.54,24.85,3704624,92048997.79,0.8644,-1.9724,0,0
2025-04-07,sz.003006,23.9,24.68,22.4,23.72,6977950,166379634.95,1.6282,-4.5473,0,0
2025-04-08,sz.003006,23.72,24.94,23.48,24.75,10354439,251016811.42,2.416,4.3423,0,0
2025-04-09,sz.003006,24.74,24.96,23.84,24.35,7781150,190335191.0,1.8192,-1.6162,0,0
2025-04-10,sz.003006,24.39,25.48,24.23,25.0,5627500,140624612.0,1.3157,2.6694,0,0
2025-04-11,sz.003006,24.82,25.3,24.58,24.96,5340800,133727165.0,1.2468,-0.16,0,0
2025-04-14,sz.003006,24.96,26.59,24.96,25.93,8026400,207679331.0,1.8738,3.8862,0,0
2025-04-15,sz.003006,25.78,27.0,25.66,26.63,6598000,175091135.0,1.5403,2.6996,0,0
2025-04-16,sz.003006,26.44,26.8,26.13,26.3,3381070,89335864.6,0.7893,-1.2392,0,0
2025-04-17,sz.003006,26.3,27.88,26.02,27.01,6443839,174967452.95,1.5043,2.6996,0,0
2025-04-18,sz.003006,26.94,27.73,26.31,26.92,4537561,122423553.3,1.0593,-0.3332,0,0
2025-04-21,sz.003006,27.7,29.61,27.7,29.61,17352588,503952866.01,4.051,9.9926,1,0
2025-04-22,sz.003006,30.96,32.3,29.34,30.65,15413515,469371892.28,3.5983,3.5123,0,0
2025-04-23,sz.003006,29.92,30.18,29.03,29.33,9804800,289710804.21,2.2889,-2.5581,0,0
2025-04-24,sz.003006,29.23,32.16,29.03,32.12,11207572,350557355.8,2.6164,9.5124,0,0
2025-04-25,sz.003006,32.12,32.12,30.73,31.04,6409481,200163665.62,1.4963,-3.3624,0,0
2025-04-28,sz.003006,30.91,31.59,30.2,31.28,3643748,112599235.28,0.8506,0.7732,0,0
2025-04-29,sz.003006,31.28,34.38,30.8,32.82,7487666,241916150.72,1.748,4.9233,0,0
2025-04-30,sz.003006,32.9,33.98,31.75,31.98,8885829,292284670.77,2.0744,-2.5594,0,0
2025-05-06,sz.003006,31.72,32.63,31.4,32.57,4520268,144941788.08,1.0553,1.8449,0,0
2025-05-07,sz.003006,32.59,33.0,31.72,31.96,3889996,125243279.24,0.9081,-1.8729,0,0
2025-05-08,sz.003006,31.78,31.9,30.46,31.1,7760946,239705747.04,1.8118,-2.6909,0,0
2025-05-09,sz.003006,30.89,32.3,30.74,31.89,4584700,146213952.52,1.0703,2.5402,0,0
2025-05-12,sz.003006,31.57,32.13,31.25,32.0,3464736,110161591.45,0.8088,0.3449,0,0
2025-05-13,sz.003006,32.02,32.48,31.38,32.25,3090400,99004611.0,0.7215,0.7813,0,0
2025-05-14,sz.003006,32.0,32.51,31.61,32.2,3284061,105367485.42,0.7667,-0.155,0,0
2025-05-15,sz.003006,32.2,33.17,31.7,32.93,7678700,248940151.0,1.7932,2.2671,0,0
2025-05-16,sz.003006,32.52,32.8,31.67,31.85,5512539,176248562.58,1.2863,-3.2797,0,0
2025-05-19,sz.003006,31.78,32.9,31.26,32.69,4401420,142254177.47,1.027,2.6374,0,0
2025-05-20,sz.003006,33.0,34.99,32.69,33.27,8724640,295075700.47,2.0357,1.7742,0,0
2025-05-21,sz.003006,32.93,34.04,32.5,32.57,5575477,183229146.18,1.3009,-2.104,0,0
2025-05-22,sz.003006,32.66,33.34,32.21,32.35,4082380,132727854.0,0.9526,-0.6755,0,0
2025-05-23,sz.003006,32.31,32.8,31.92,31.92,2201050,71091131.0,0.5136,-1.3292,0,0
2025-05-26,sz.003006,32.18,32.52,31.34,31.75,3532620,112542357.4,0.8243,-0.5326,0,0
2025-05-27,sz.003006,31.76,31.9,30.82,31.62,4589665,144359487.65,1.0709,-0.4094,0,0
2025-05-28,sz.003006,31.78,32.18,30.6,31.1,6683039,208090892.41,1.5594,-1.6445,0,0
2025-05-29,sz.003006,31.08,31.21,30.7,30.95,3741314,116004839.38,0.873,-0.4823,0,0
2025-05-30,sz.003006,30.98,31.76,30.51,30.57,4204741,129857063.31,0.9811,-1.2278,0,0
2025-06-03,sz.003006,30.19,31.62,29.8,31.27,6656042,205961130.6,1.5531,2.2898,0,0
2025-06-04,sz.003006,31.27,32.1,30.95,31.84,3953527,125210685.47,0.9225,1.8228,0,0
2025-06-05,sz.003006,31.81,31.93,30.39,30.57,4064289,126007002.18,0.9483,-3.9887,0,0
2025-06-06,sz.003006,30.58,30.86,30.21,30.83,3667951,111875238.47,0.8559,0.8505,0,0
2025-06-09,sz.003006,30.53,30.53,29.62,29.72,5449820,163093208.4,1.2716,-3.6004,0,0
2025-06-10,sz.003006,29.72,30.14,28.97,30.1,6661440,196650168.0,1.5543,1.2786,0,0
2025-06-11,sz.003006,29.97,29.97,29.0,29.21,3808860,112105823.6,0.8887,-2.9568,0,0
2025-06-12,sz.003006,29.19,29.36,28.88,28.99,4193560,121875507.8,0.9785,-0.7532,0,0
2025-06-13,sz.003006,29.17,29.2,27.51,28.33,6102124,173781777.84,1.4238,-2.2766,0,0
2025-06-16,sz.003006,28.3,28.33,27.24,27.4,7967171,220001457.6,1.859,-3.2827,0,0
2025-06-17,sz.003006,27.45,27.87,26.37,26.61,6717692,180929205.44,1.5675,-2.8832,0,0
2025-06-18,sz.003006,26.45,26.75,25.68,26.03,5176874,134337984.53,1.2079,-2.1796,0,0
2025-06-19,sz.003006,25.81,26.26,25.25,25.49,4524693,115783810.15,1.0558,-2.0745,0,0
2025-06-20,sz.003006,25.52,26.0,25.17,25.96,7745120,198945463.41,1.8072,1.8439,0,0
2025-06-23,sz.003006,25.91,26.39,25.51,25.95,7461332,193356692.12,1.741,-0.0385,0,0
2025-06-24,sz.003006,25.95,27.08,25.91,26.85,6971100,186715217.45,1.6266,3.4682,0,0
2025-06-25,sz.003006,26.84,27.4,26.34,26.44,4359700,116131156.0,1.0173,-1.527,0,0
2025-06-26,sz.003006,26.43,26.9,26.2,26.7,3484200,92985991.6,0.813,0.9834,0,0
2025-06-27,sz.003006,26.59,27.09,26.0,26.73,5877300,156670480.0,1.3714,0.1124,0,0
2025-06-30,sz.003006,26.86,27.84,26.58,27.38,7872846,216077654.38,1.837,2.4317,0,0
2025-07-01,sz.003006,27.5,28.69,27.41,28.19,6665236,188357292.0,1.5552,2.9584,0,0
2025-07-02,sz.003006,28.2,28.25,27.21,27.41,3564320,98296124.32,0.8317,-2.7669,0,0
2025-07-03,sz.003006,27.38,28.2,27.23,27.69,3943500,109360173.41,0.9201,1.0215,0,0
2025-07-04,sz.003006,27.59,27.59,26.76,26.9,4347545,117330894.9,1.0144,-2.853,0,0
2025-07-07,sz.003006,26.9,27.1,26.52,26.77,2363200,63370615.0,0.5514,-0.4833,0,0
2025-07-08,sz.003006,26.75,26.93,26.08,26.72,4346420,115462458.2,1.0142,-0.1868,0,0
2025-07-09,sz.003006,26.68,27.1,26.6,26.99,2974140,79981223.86,0.694,1.0105,0,0
2025-07-10,sz.003006,27.0,27.06,26.3,26.46,2381510,63143803.6,0.5557,-1.9637,0,0
2025-07-11,sz.003006,26.56,26.75,25.98,26.13,3337450,87420918.5,0.7787,-1.2472,0,0
2025-07-14,sz.003006,25.78,26.15,25.22,25.48,7143025,182526355.45,1.6667,-2.4876,0,0
2025-07-15,sz.003006,25.5,25.51,24.13,24.48,10715539,264171111.29,2.5003,-3.9246,0,0
2025-07-16,sz.003006,24.62,25.34,24.34,25.01,6520402,163196105.18,1.5214,2.165,0,0
2025-07-17,sz.003006,25.08,25.14,24.71,24.89,3403304,84697475.44,0.7941,-0.4798,0,0
2025-07-18,sz.003006,24.9,25.44,24.8,25.0,4345450,108477723.5,1.0139,0.4419,0,0
2025-07-21,sz.003006,25.07,25.58,25.0,25.28,5040749,128034941.45,1.1762,1.12,0,0
2025-07-22,sz.003006,25.28,26.79,25.04,26.47,9574172,249986979.04,2.234,4.7073,0,0
2025-07-23,sz.003006,26.46,26.85,26.01,26.5,6661576,176556697.66,1.5544,0.1133,0,0
2025-07-24,sz.003006,26.36,26.75,26.21,26.55,3507197,92770933.2,0.8183,0.1887,0,0
2025-07-25,sz.003006,26.54,29.21,26.33,29.21,10646540,295704988.88,2.4842,10.0188,1,0
2025-07-28,sz.003006,27.66,27.97,26.84,27.3,12914982,350961288.87,3.0135,-6.5389,0,0
2025-07-29,sz.003006,27.77,28.12,26.7,26.97,7483777,203134749.46,1.7462,-1.2088,0,0
2025-07-30,sz.003006,26.8,26.8,25.85,25.99,9317779,244163113.85,2.1741,-3.6337,0,0
2025-07-31,sz.003006,25.81,25.99,25.4,25.55,6230800,159357378.64,1.4538,-1.693,0,0
2025-08-01,sz.003006,25.4,26.03,25.16,25.95,5755654,147538617.94,1.343,1.5656,0,0
2025-08-04,sz.003006,25.96,26.68,25.8,26.04,6019592,157667169.0,1.4046,0.3468,0,0
2025-08-05,sz.003006,25.88,26.13,25.5,25.63,4575712,117550502.6,1.0677,-1.5745,0,0
2025-08-06,sz.003006,25.66,26.03,25.27,26.0,4595388,118047249.11,1.0723,1.4436,0,0
2025-08-07,sz.003006,26.0,26.95,25.82,26.77,7558080,200070635.21,1.7635,2.9615,0,0
2025-08-08,sz.003006,26.78,27.4,26.63,26.75,6081689,163961701.82,1.4191,-0.0747,0,0
2025-08-11,sz.003006,28.0,28.2,26.85,27.19,9655111,264848874.46,2.2529,1.6449,0,0
2025-08-12,sz.003006,27.15,27.78,27.0,27.25,4975468,136273014.0,1.1609,0.2207,0,0
2025-08-13,sz.003006,27.39,29.15,27.38,29.0,10613346,304709297.11,2.4764,6.422,0,0
2025-08-14,sz.003006,28.92,29.86,28.56,29.55,7320067,215641350.24,1.708,1.8966,0,0
2025-08-15,sz.003006,29.5,30.07,28.6,29.68,7017212,207548707.08,1.6373,0.4399,0,0
2025-08-18,sz.003006,29.1,30.5,28.5,30.23,8834489,263096808.13,2.0614,1.8531,0,0
2025-08-19,sz.003006,30.24,30.94,29.11,30.2,7170046,214381404.59,1.673,-0.0992,0,0
2025-08-20,sz.003006,29.91,30.2,28.61,29.58,6505413,190385743.03,1.5179,-2.053,0,0
2025-08-21,sz.003006,29.29,29.52,28.71,29.5,4875300,142535840.8,1.1376,-0.2705,0,0
2025-08-22,sz.003006,29.3,29.85,28.6,28.64,5428637,157070045.55,1.2667,-2.9153,0,0
2025-08-25,sz.003006,28.65,29.0,27.82,28.48,5802084,165065907.8,1.3538,-0.5587,0,0
2025-08-26,sz.003006,28.48,29.47,28.21,29.3,5485531,160302346.53,1.28,2.8792,0,0
2025-08-27,sz.003006,29.36,29.37,28.21,28.3,3146130,90189812.1,0.7341,-3.413,0,0
2025-08-28,sz.003006,28.02,29.3,28.02,29.19,4060457,116419674.75,0.9474,3.1449,0,0
2025-08-29,sz.003006,28.93,30.83,28.93,30.68,4615243,139647391.35,1.0769,5.1045,0,0
2025-09-01,sz.003006,30.7,30.85,29.35,30.12,4993876,149156104.39,1.1652,-1.8253,0,0
2025-09-02,sz.003006,30.09,30.2,29.4,30.1,2320305,69282231.73,0.5414,-0.0664,0,0
2025-09-03,sz.003006,30.12,30.88,29.86,30.19,3047913,92993112.97,0.7112,0.299,0,0
2025-09-04,sz.003006,30.3,32.5,29.8,31.74,4377056,136305107.71,1.0213,5.1342,0,0
2025-09-05,sz.003006,31.51,31.8,30.81,31.51,3271407,102307313.2,0.7633,-0.7246,0,0
2025-09-08,sz.003006,31.12,31.4,30.25,30.4,3616347,110774246.17,0.8438,-3.5227,0,0
2025-09-09,sz.003006,30.25,30.49,29.5,29.95,2430748,72798587.76,0.5672,-1.4803,0,0
2025-09-10,sz.003006,29.81,29.95,29.11,29.28,1911743,56220275.78,0.4461,-2.2371,0,0
2025-09-11,sz.003006,29.22,29.48,28.64,29.46,2139300,62354169.0,0.4992,0.6148,0,0
2025-09-12,sz.003006,29.4,29.6,28.47,28.72,3883500,112091255.0,0.9061,-2.5119,0,0
2025-09-15,sz.003006,28.5,28.68,28.1,28.2,3500002,98994684.4,0.8167,-1.8106,0,0
2025-09-16,sz.003006,28.19,28.96,27.84,28.68,3649396,104040584.32,0.8515,1.7021,0,0
2025-09-17,sz.003006,28.6,29.5,28.51,29.2,3028840,88453014.4,0.7067,1.8131,0,0
2025-09-18,sz.003006,29.2,29.2,27.99,28.23,3379988,96409813.34,0.7887,-3.3219,0,0
2025-09-19,sz.003006,28.23,29.19,28.06,28.83,2951678,85018353.98,0.6887,2.1254,0,0
2025-09-22,sz.003006,28.83,28.94,27.92,28.16,2173207,61116350.34,0.5071,-2.324,0,0
2025-09-23,sz.003006,28.08,28.19,27.03,27.62,2078500,57001932.0,0.485,-1.9176,0,0
2025-09-24,sz.003006,27.6,27.6,26.78,26.9,3787530,102159719.7,0.8838,-2.6068,0,0
2025-09-25,sz.003006,26.86,26.88,25.89,26.08,5038404,132243228.72,1.1756,-3.0483,0,0
2025-09-26,sz.003006,25.81,26.33,25.6,25.85,3702210,95926805.0,0.8638,-0.8819,0,0
2025-09-29,sz.003006,25.88,26.09,25.36,25.73,2582900,66445627.0,0.6027,-0.4642,0,0
2025-09-30,sz.003006,25.73,26.5,25.62,26.39,3000341,78486017.82,0.7001,2.5651,0,0
2025-10-09,sz.003006,26.4,26.46,25.71,26.04,2030837,52750032.53,0.4739,-1.3263,0,0
2025-10-10,sz.003006,26.06,26.47,25.25,25.35,3431500,88208261.0,0.8007,-2.6498,0,0
2025-10-13,sz.003006,24.52,25.29,24.51,24.68,4346299,107830916.22,1.0141,-2.643,0,0
2025-10-14,sz.003006,24.68,25.17,24.31,24.46,4583272,113232446.36,1.0694,-0.8914,0,0
2025-10-15,sz.003006,24.46,25.12,24.2,25.03,6213120,153900474.4,1.4497,2.3303,0,0
2025-10-16,sz.003006,25.04,25.36,24.21,24.32,4366400,107007974.0,1.0188,-2.8366,0,0
2025-10-17,sz.003006,24.4,24.4,22.82,23.06,10243450,239627273.5,2.3901,-5.1809,0,0
2025-10-20,sz.003006,23.13,23.22,22.43,22.57,5348000,121630590.0,1.2479,-2.1249,0,0
2025-10-21,sz.003006,22.68,23.16,22.0,23.05,4422124,100819777.0,1.0318,2.1267,0,0
2025-10-22,sz.003006,23.04,23.37,22.3,22.6,7637836,173157143.8,1.7822,-1.9523,0,0
2025-10-23,sz.003006,22.67,23.57,22.6,23.22,7370351,170887289.6,1.7197,2.7434,0,0
2025-10-24,sz.003006,23.25,23.35,22.6,22.77,6380887,145809794.64,1.4889,-1.938,0,0
2025-10-27,sz.003006,23.13,23.65,22.91,23.4,8170058,190815260.98,1.9063,2.7668,0,0
2025-10-28,sz.003006,23.55,23.65,22.95,23.45,5183700,120598364.0,1.2095,0.2137,0,0
2025-10-29,sz.003006,23.49,23.76,23.21,23.7,3904500,91907157.0,0.911,1.0661,0,0
2025-10-30,sz.003006,23.73,23.8,23.35,23.4,3143467,73984630.52,0.7335,-1.2658,0,0
2025-10-31,sz.003006,23.42,23.52,23.26,23.33,2836945,66317241.78,0.662,-0.2991,0,0
2025-11-03,sz.003006,23.41,23.43,22.39,22.58,6729275,152277345.36,1.5702,-3.2147,0,0
2025-11-04,sz.003006,22.53,22.75,22.08,22.36,3955800,88466310.0,0.923,-0.9743,0,0
2025-11-05,sz.003006,22.17,22.48,22.11,22.18,3333846,74126122.12,0.7779,-0.805,0,0
2025-11-06,sz.003006,22.19,22.42,22.08,22.33,2849800,63387264.0,0.665,0.6763,0,0
2025-11-07,sz.003006,22.35,22.7,22.19,22.46,2988914,67193747.74,0.6974,0.5822,0,0
2025-11-10,sz.003006,22.46,23.15,22.26,23.0,6171000,140404950.69,1.4399,2.4043,0,0
2025-11-11,sz.003006,22.97,22.99,22.26,22.3,5376400,120618920.0,1.2545,-3.0435,0,0
2025-11-12,sz.003006,22.24,22.6,22.21,22.29,3844484,86245219.84,0.897,-0.0448,0,0
2025-11-13,sz.003006,22.33,22.37,22.07,22.25,3297190,73224994.2,0.7693,-0.1795,0,0
2025-11-14,sz.003006,22.18,22.58,22.14,22.26,3230924,72227238.48,0.7539,0.0449,0,0
2025-11-17,sz.003006,22.22,22.29,21.52,21.66,6295677,136808353.41,1.469,-2.6954,0,0
2025-11-18,sz.003006,21.63,22.39,21.62,22.07,5314924,117508398.76,1.2401,1.8929,0,0
2025-11-19,sz.003006,22.0,22.08,21.25,21.42,4691962,101014585.52,1.0948,-2.9452,0,0
2025-11-20,sz.003006,21.47,21.5,21.0,21.15,3096000,65720021.0,0.7224,-1.2605,0,0
2025-11-21,sz.003006,21.14,21.33,20.78,20.78,3128350,65644284.8,0.7299,-1.7494,0,0
2025-11-24,sz.003006,20.84,21.04,20.76,20.94,2780396,58224089.64,0.6488,0.77,0,0
2025-11-25,sz.003006,20.99,21.52,20.78,21.33,3865231,82064224.31,0.9019,1.8625,0,0
2025-11-26,sz.003006,21.25,21.57,21.21,21.29,2226038,47604235.24,0.5194,-0.1875,0,0
2025-11-27,sz.003006,21.28,21.65,21.2,21.39,2721488,58368953.34,0.635,0.4697,0,0
2025-11-28,sz.003006,21.39,21.44,21.03,21.22,2207270,46646371.52,0.515,-0.7948,0,0
2025-12-01,sz.003006,21.2,21.59,21.11,21.49,2372505,50729056.01,0.5536,1.2724,0,0
2025-12-02,sz.003006,21.43,21.48,21.23,21.29,2074215,44212816.18,0.484,-0.9307,0,0
2025-12-03,sz.003006,21.34,21.38,20.85,20.95,2980607,62678679.76,0.6955,-1.597,0,0
2025-12-04,sz.003006,20.95,20.99,19.77,19.9,8424449,169313046.57,1.9657,-5.0119,0,0
2025-12-05,sz.003006,20.06,20.22,19.66,20.2,3932982,78495782.6,0.9177,1.5075,0,0
2025-12-08,sz.003006,20.23,20.6,20.21,20.27,3956515,80796141.08,0.9232,0.3465,0,0
2025-12-09,sz.003006,20.28,20.45,19.98,20.05,2391330,48226486.16,0.558,-1.0853,0,0
2025-12-10,sz.003006,20.03,20.34,19.9,20.05,2229495,44765470.35,0.5202,0.0,0,0
2025-12-11,sz.003006,20.01,20.24,19.7,19.92,3003867,59721003.91,0.7009,-0.6484,0,0
2025-12-12,sz.003006,19.95,20.11,19.71,19.85,2945657,58642741.02,0.6873,-0.3514,0,0
2025-12-15,sz.003006,19.89,20.67,19.85,20.36,5659577,114805571.01,1.3206,2.5693,0,0
2025-12-16,sz.003006,20.38,21.29,20.34,21.15,7621504,160715291.8,1.7783,3.8802,0,0
2025-12-17,sz.003006,20.99,21.98,20.63,21.79,8958735,193477035.17,2.0904,3.026,0,0
2025-12-18,sz.003006,21.8,21.82,21.38,21.39,4059653,87638009.84,0.9472,-1.8357,0,0
2025-12-19,sz.003006,21.4,21.86,21.21,21.66,3910245,84477134.11,0.9124,1.2623,0,0
2025-12-22,sz.003006,21.67,21.69,21.46,21.5,2270526,48932227.0,0.5298,-0.7387,0,0
2025-12-23,sz.003006,21.56,21.56,20.82,21.06,4473239,93958831.22,1.0438,-2.0465,0,0
2025-12-24,sz.003006,20.94,21.09,20.7,20.93,3573899,74657261.15,0.8339,-0.6173,0,0
2025-12-25,sz.003006,20.94,21.35,20.88,21.15,3156578,66564564.72,0.7365,1.0511,0,0
2025-12-26,sz.003006,21.11,21.29,20.92,21.03,2621100,55256108.0,0.6116,-0.5674,0,0
2025-12-29,sz.003006,20.93,21.2,20.64,21.16,3680100,77364535.0,0.8587,0.6182,0,0
2025-12-30,sz.003006,21.25,22.48,21.16,21.94,8088500,177954028.6,1.8873,3.6862,0,0
2025-12-31,sz.003006,21.94,22.29,21.59,21.84,3660478,80054335.34,0.8541,-0.4558,0,0
2026-01-05,sz.003006,21.83,22.08,21.47,21.94,6113638,133756252.07,1.4265,0.4579,0,0
2026-01-06,sz.003006,21.94,21.94,21.42,21.61,5102654,110373544.94,1.1906,-1.5041,0,0
2026-01-07,sz.003006,21.6,21.6,20.94,21.13,5567800,117852303.0,1.2991,-2.2212,0,0
2026-01-08,sz.003006,20.93,21.39,20.83,21.19,3763500,79585077.0,0.8781,0.284,0,0
2026-01-09,sz.003006,21.22,21.48,21.0,21.22,4678100,99167661.0,1.0916,0.1416,0,0
2026-01-12,sz.003006,21.23,21.61,20.65,21.36,10744199,226696710.89,2.507,0.6598,0,0
2026-01-13,sz.003006,21.33,21.79,20.96,21.01,10005499,214185434.43,2.3346,-1.6386,0,0
2026-01-14,sz.003006,20.99,21.33,20.86,21.24,7700458,162641046.42,1.7968,1.0947,0,0
2026-01-15,sz.003006,21.16,21.39,20.67,20.95,6700448,139947186.6,1.5634,-1.3653,0,0
2026-01-16,sz.003006,20.93,21.01,20.44,20.66,4619069,95465693.78,1.0778,-1.3842,0,0
2026-01-19,sz.003006,20.63,22.24,20.63,21.61,13043253,283471360.74,3.0434,4.5983,0,0
2026-01-20,sz.003006,21.61,22.95,21.54,22.51,16785100,377080950.0,3.9165,4.1647,0,0
2026-01-21,sz.003006,22.3,23.1,21.91,22.96,13308183,301632224.37,3.1052,1.9991,0,0
2026-01-22,sz.003006,22.92,22.92,22.2,22.31,6183558,139051989.7,1.4428,-2.831,0,0
2026-01-23,sz.003006,22.32,22.4,22.04,22.28,5362740,119162451.71,1.2513,-0.1345,0,0
2026-01-26,sz.003006,22.2,22.2,21.58,21.68,7131648,155318112.83,1.664,-2.693,0,0
2026-01-27,sz.003006,21.68,21.92,21.28,21.46,4126248,88815897.92,0.9628,-1.0148,0,0
2026-01-28,sz.003006,21.45,21.48,21.02,21.11,5783028,122669196.28,1.3494,-1.6309,0,0
2026-01-29,sz.003006,21.1,21.51,20.8,21.22,3689999,78381447.18,0.861,0.5211,0,0
2026-01-30,sz.003006,20.86,20.98,20.22,20.72,7758101,160010679.55,1.8102,-2.3563,0,0
2026-02-02,sz.003006,20.61,21.87,20.59,21.34,8632299,184406994.34,2.0142,2.9923,0,0
2026-02-03,sz.003006,21.46,21.7,21.01,21.66,5164007,110812119.39,1.2049,1.4995,0,0
2026-02-04,sz.003006,21.66,21.78,21.35,21.72,4116448,88906194.6,0.9605,0.277,0,0
2026-02-05,sz.003006,21.74,22.88,21.61,22.66,11244200,253729429.0,2.6236,4.3278,0,0
2026-02-06,sz.003006,22.51,22.64,21.84,22.03,6029598,133533195.18,1.4069,-2.7802,0,0
2026-02-09,sz.003006,22.06,22.17,21.67,21.85,3432600,74921788.8,0.8009,-0.8171,0,0
2026-02-10,sz.003006,21.85,21.86,21.48,21.8,3047300,65993103.0,0.711,-0.2288,0,0
2026-02-11,sz.003006,21.73,22.39,21.55,22.32,5589975,123418068.0,1.3043,2.3853,0,0
2026-02-12,sz.003006,22.2,22.22,21.53,21.76,5292376,115379599.6,1.2349,-2.509,0,0
2026-02-13,sz.003006,21.65,21.9,21.37,21.38,3402366,73481658.08,0.7939,-1.7463,0,0
2026-02-24,sz.003006,21.48,21.54,21.13,21.19,2880181,61100882.19,0.672,-0.8887,0,0
2026-02-25,sz.003006,21.2,21.54,21.11,21.21,3543727,75454268.83,0.8269,0.0944,0,0
2026-02-26,sz.003006,21.26,21.34,20.93,21.02,3578500,75381127.0,0.835,-0.8958,0,0
2026-02-27,sz.003006,21.11,21.6,21.05,21.23,3085918,65607523.07,0.72,0.999,0,0
2026-03-02,sz.003006,21.0,21.02,19.94,20.03,9793988,198670299.6,2.2853,-5.6524,0,0
2026-03-03,sz.003006,20.03,20.7,19.99,20.28,5356797,109166784.92,1.2499,1.2481,0,0
2026-03-04,sz.003006,20.1,20.28,19.35,19.77,5327649,105081987.4,1.2431,-2.5148,0,0
2026-03-05,sz.003006,19.86,19.94,18.8,19.08,9872299,188707855.44,2.3035,-3.4901,0,0
2026-03-06,sz.003006,18.9,19.08,18.66,18.93,3835693,72627688.97,0.895,-0.7862,0,0
2026-03-09,sz.003006,18.68,18.71,17.68,17.86,7085058,127239704.47,1.6532,-5.6524,0,0
2026-03-10,sz.003006,18.06,18.8,18.06,18.64,7077871,131924557.98,1.6515,4.3673,0,0
2026-03-11,sz.003006,18.66,19.24,18.48,18.9,5902822,111986025.9,1.3773,1.3948,0,0
2026-03-12,sz.003006,18.9,19.19,18.5,18.68,4279287,80604993.91,0.9985,-1.164,0,0
2026-03-13,sz.003006,18.66,19.04,18.57,18.61,2595886,48799535.7,0.6057,-0.3747,0,0
2026-03-16,sz.003006,18.61,18.87,18.41,18.68,4056931,75556066.34,0.9466,0.3761,0,0
2026-03-17,sz.003006,18.68,19.0,18.57,18.73,3376700,63383746.0,0.7879,0.2677,0,0
2026-03-18,sz.003006,18.74,18.94,18.44,18.49,3256033,60509095.72,0.7597,-1.2814,0,0
2026-03-19,sz.003006,18.31,18.36,17.72,17.76,4580948,81988544.96,1.0689,-3.9481,0,0
2026-03-20,sz.003006,17.94,18.16,17.78,17.82,3512906,63247288.68,0.8197,0.3378,0,0
2026-03-23,sz.003006,17.61,17.64,16.77,17.0,4456350,76309297.08,1.0398,-4.6016,0,0
2026-03-24,sz.003006,17.2,17.29,16.91,17.24,3284500,56253382.0,0.7664,1.4118,0,0
2026-03-25,sz.003006,17.3,17.71,17.27,17.58,2659502,46690330.86,0.6205,1.9722,0,0
2026-03-26,sz.003006,17.59,17.87,17.15,17.23,2852060,49728923.8,0.6655,-1.9909,0,0
2026-03-27,sz.003006,17.02,17.6,17.02,17.53,2936400,51263608.0,0.6852,1.7411,0,0
2026-03-30,sz.003006,17.36,17.63,17.17,17.5,2749936,47859598.28,0.6416,-0.1711,0,0
2026-03-31,sz.003006,17.53,18.06,17.37,17.37,3807500,67335893.0,0.8884,-0.7429,0,0
2026-04-01,sz.003006,17.6,17.87,17.46,17.65,4700691,83047071.98,1.0968,1.612,0,0
2026-04-02,sz.003006,17.57,17.67,17.17,17.24,3167810,54910806.0,0.7392,-2.3229,0,0
2026-04-03,sz.003006,17.27,18.0,17.22,17.58,5940000,105359897.0,1.386,1.9722,0,0
2026-04-07,sz.003006,17.57,17.68,17.22,17.46,3273700,56984346.0,0.7639,-0.6826,0,0
2026-04-08,sz.003006,17.69,17.91,17.62,17.87,5240200,93093632.0,1.2227,2.3482,0,0
2026-04-09,sz.003006,17.75,17.94,17.32,17.46,4560400,80023400.0,1.0641,-2.2943,0,0
2026-04-10,sz.003006,17.55,17.83,17.5,17.62,3360500,59455530.0,0.7841,0.9164,0,0
2026-04-13,sz.003006,17.63,17.82,17.32,17.36,3867748,67659928.2,0.9025,-1.4756,0,0
2026-04-14,sz.003006,17.44,17.5,16.52,16.85,7575207,127056755.81,1.7675,-2.9378,0,0
2026-04-15,sz.003006,16.85,17.12,16.62,16.99,5377539,90866093.05,1.2548,0.8309,0,0
2026-04-16,sz.003006,16.98,17.02,16.78,16.95,3815700,64489046.0,0.8903,-0.2354,0,0
2026-04-17,sz.003006,16.92,16.93,16.56,16.66,4406500,73379926.0,1.0282,-1.7109,0,0
2026-04-20,sz.003006,17.17,18.33,17.17,18.33,6547482,118296151.06,1.5277,10.024,1,0
2026-04-21,sz.003006,18.84,19.61,18.53,19.49,24218778,465637466.18,5.651,6.3284,0,0
2026-04-22,sz.003006,19.11,19.35,18.87,18.93,11043345,210137180.94,2.5768,-2.8733,0,0
2026-04-23,sz.003006,18.9,19.5,18.68,19.22,10116419,193811257.2,2.3605,1.532,0,0
2026-04-24,sz.003006,19.08,19.17,18.69,18.73,6070000,114493875.0,1.4163,-2.5494,0,0
2026-04-27,sz.003006,18.73,19.02,18.42,18.52,6141400,114412471.0,1.433,-1.1212,0,0
2026-04-28,sz.003006,18.49,18.57,17.93,18.18,6745788,122673157.84,1.574,-1.8359,0,0
2026-04-29,sz.003006,18.11,19.28,17.97,18.81,9716149,182003415.91,2.2671,3.4653,0,0
2026-04-30,sz.003006,18.68,18.8,18.36,18.51,4875300,90298974.0,1.1376,-1.5949,0,0
2026-05-06,sz.003006,18.43,18.54,18.13,18.3,6781030,123956160.4,1.5822,-1.1345,0,0
2026-05-07,sz.003006,18.35,18.58,18.24,18.4,4538199,83445289.75,1.0589,0.5464,0,0
2026-05-08,sz.003006,18.39,18.42,18.0,18.21,6769397,122811875.48,1.5795,-1.0326,0,0
2026-05-11,sz.003006,18.18,18.19,17.41,17.76,9041400,159607154.06,2.1097,-2.4712,0,0
2026-05-12,sz.003006,17.76,17.82,17.3,17.39,6071100,106040980.0,1.4166,-2.0833,0,0
2026-05-13,sz.003006,17.41,17.89,17.3,17.46,5269632,92447243.59,1.2296,0.4025,0,0
2026-05-14,sz.003006,17.45,17.48,17.06,17.15,3999271,68767923.26,0.9332,-1.7755,0,0
2026-05-15,sz.003006,17.12,17.2,16.12,16.33,9978316,165008875.2,2.3283,-4.7813,0,0
2026-05-18,sz.003006,16.26,16.49,16.01,16.33,4933116,80372426.29,1.1511,0.0,0,0
2026-05-19,sz.003006,16.33,16.5,16.05,16.2,5209640,84392195.0,1.2156,-0.7961,0,0
2026-05-20,sz.003006,15.81,16.12,15.7,15.89,5094473,81052470.24,1.1887,0.5696,0,0
2026-05-21,sz.003006,15.9,16.0,15.58,15.59,8217510,129189526.0,1.9174,-1.888,0,0
2026-05-22,sz.003006,15.65,15.75,15.39,15.46,4339800,67354654.0,1.0126,-0.8339,0,0
2026-05-25,sz.003006,15.47,15.85,15.43,15.57,5482273,85638227.61,1.2792,0.7115,0,0
2026-05-26,sz.003006,15.52,15.53,14.85,15.09,10682182,161979271.33,2.4925,-3.0829,0,0
2026-05-27,sz.003006,15.36,16.16,15.36,16.07,12818449,203268158.98,2.991,6.4944,0,0
2026-05-28,sz.003006,15.95,16.43,15.86,16.2,8312700,134373279.0,1.9396,0.809,0,0
2026-05-29,sz.003006,16.2,17.38,16.16,17.08,11942909,201867712.16,2.7867,5.4321,0,0
2026-06-01,sz.003006,16.91,17.17,16.91,17.17,6300999,107533646.92,1.4702,0.5269,0,0
2026-06-02,sz.003006,17.05,17.26,16.55,16.64,5220800,87733266.0,1.2182,-3.0868,0,0
2026-06-03,sz.003006,16.61,16.61,16.2,16.31,4731100,77259789.0,1.1039,-1.9832,0,0
2026-06-04,sz.003006,16.34,16.44,15.77,15.96,5963809,95349434.83,1.3916,-2.1459,0,0
2026-06-05,sz.003006,15.96,16.47,15.83,16.0,5550450,89640284.5,1.2951,0.2506,0,0
2026-06-08,sz.003006,15.71,16.01,15.4,15.54,4231000,66006299.0,0.9872,-2.875,0,0
2026-06-09,sz.003006,15.65,15.73,14.99,15.17,5126200,78164603.0,1.1961,-2.381,0,0
2026-06-10,sz.003006,15.03,15.34,15.0,15.27,5154200,78272153.0,1.2026,0.6592,0,0
2026-06-11,sz.003006,15.34,15.34,14.91,15.09,2480300,37332259.0,0.5787,-1.1788,0,0
2026-06-12,sz.003006,15.09,15.58,14.77,15.5,5565488,84640555.78,1.2986,2.717,0,0
2026-06-15,sz.003006,15.42,16.29,15.42,16.17,6299902,101355063.3,1.47,4.3226,0,0
2026-06-16,sz.003006,16.16,16.16,15.37,15.49,5715000,88983552.0,1.3335,-4.2053,0,0
2026-06-17,sz.003006,15.41,15.54,15.03,15.09,3011800,45678846.0,0.7028,-2.5823,0,0
2026-06-18,sz.003006,15.1,15.18,14.66,14.81,4107800,60808739.71,0.9585,-1.8555,0,0
2026-06-22,sz.003006,14.67,14.67,13.83,14.29,9054502,128167803.39,2.1127,-3.5111,0,0
2026-06-23,sz.003006,14.29,14.82,14.26,14.51,5820900,84925471.0,1.3582,1.5395,0,0
2026-06-24,sz.003006,14.65,14.65,13.98,14.01,4049548,57355935.76,0.9449,-3.4459,0,0
2026-06-25,sz.003006,14.01,14.05,13.46,13.79,4239596,58223872.12,0.9892,-1.5703,0,0
2026-06-26,sz.003006,13.75,14.23,13.48,13.81,5833100,80708148.0,1.3611,0.145,0,0
