date,code,open,high,low,close,volume,amount,turnover,pct_change,is_limit_up,is_limit_down
2019-07-01,sz.300739,19.74,21.28,19.74,20.3,32810238,666168719.96,47.345221,4.209445,0,0
2019-07-02,sz.300739,19.28,19.66,18.77,19.06,21724584,416997728.55,31.348606,-6.108374,0,0
2019-07-03,sz.300739,18.8,19.25,18.71,19.0,9365747,177473255.13,13.514786,-0.314793,0,0
2019-07-04,sz.300739,18.75,19.0,18.13,18.64,8793534,162974093.22,12.689082,-1.89474,0,0
2019-07-05,sz.300739,18.7,19.06,18.48,18.91,8504860,160538283.13,12.272525,1.4485,0,0
2019-07-08,sz.300739,18.71,18.75,17.8,18.02,8921262,162155602.48,12.873394,-4.706501,0,0
2019-07-09,sz.300739,17.9,18.22,17.55,18.2,7034199,125983571.31,10.150359,0.998892,0,0
2019-07-10,sz.300739,18.05,18.38,17.88,18.05,5630034,102192431.98,8.124147,-0.824184,0,0
2019-07-11,sz.300739,18.2,18.65,18.04,18.47,8629804,158625267.92,12.45282,2.32687,0,0
2019-07-12,sz.300739,18.51,18.51,17.92,18.05,5663044,102628337.91,8.171781,-2.273958,0,0
2019-07-15,sz.300739,17.44,18.24,16.92,18.11,7978652,140381862.91,11.513206,0.332418,0,0
2019-07-16,sz.300739,17.92,18.88,17.91,18.44,9019501,166564653.86,13.015153,1.822197,0,0
2019-07-17,sz.300739,18.5,18.75,18.21,18.38,7560085,139988757.83,10.909214,-0.325387,0,0
2019-07-18,sz.300739,18.18,18.18,17.64,17.66,5947900,105946521.0,8.582828,-3.917298,0,0
2019-07-19,sz.300739,17.71,17.96,17.51,17.54,4344821,77052337.47,6.269583,-0.679496,0,0
2019-07-22,sz.300739,17.51,17.58,16.25,16.67,5801573,97604533.87,8.371678,-4.960096,0,0
2019-07-23,sz.300739,16.55,17.21,16.55,17.06,4153125,70608377.25,5.992965,2.339529,0,0
2019-07-24,sz.300739,17.19,17.58,17.18,17.3,5380736,93535756.79,7.76441,1.406798,0,0
2019-07-25,sz.300739,17.3,18.49,17.3,18.07,11936745,214850946.58,17.22474,4.45087,0,0
2019-07-26,sz.300739,17.9,18.07,17.75,17.96,6116861,109548527.73,8.8266,-0.6087,0,0
2019-07-29,sz.300739,18.07,18.68,17.93,18.59,10849300,200041775.31,15.655556,3.507801,0,0
2019-07-30,sz.300739,18.59,18.65,18.22,18.31,8111034,149724307.97,11.7042,-1.5062,0,0
2019-07-31,sz.300739,18.18,18.58,18.1,18.41,6126325,112540948.25,8.8403,0.5462,0,0
2019-08-01,sz.300739,18.3,18.4,18.0,18.38,5159314,94000341.64,7.4449,-0.163,0,0
2019-08-02,sz.300739,17.92,18.05,17.52,17.83,6303550,112234158.25,9.096,-2.9924,0,0
2019-08-05,sz.300739,17.78,18.93,17.66,18.4,12598862,233208369.77,18.1802,3.1969,0,0
2019-08-06,sz.300739,17.88,18.26,17.02,18.21,11975642,211080957.51,17.2809,-1.0326,0,0
2019-08-07,sz.300739,18.22,18.44,17.52,17.6,7815200,141353312.25,11.2773,-3.3498,0,0
2019-08-08,sz.300739,17.73,18.29,17.5,18.24,8494685,152548715.2,12.2578,3.6364,0,0
2019-08-09,sz.300739,18.3,19.18,18.15,18.59,16362111,305885814.66,23.6105,1.9189,0,0
2019-08-12,sz.300739,18.51,20.45,18.5,20.45,21814000,424102542.86,31.4776,10.0054,0,0
2019-08-13,sz.300739,19.9,20.13,19.54,19.8,19418921,384938893.76,28.0215,-3.1785,0,0
2019-08-14,sz.300739,20.15,20.45,19.54,20.36,20609448,413892577.71,29.7395,2.8283,0,0
2019-08-15,sz.300739,19.6,20.86,19.42,20.79,14960922,302470514.93,21.5886,2.112,0,0
2019-08-16,sz.300739,20.59,21.91,19.96,20.02,22116483,462329565.15,31.9141,-3.7037,0,0
2019-08-19,sz.300739,20.9,22.02,20.6,22.02,27399860,587245364.57,39.538,9.99,0,0
2019-08-20,sz.300739,22.03,23.23,21.61,21.87,30253815,677394449.46,43.6563,-0.6812,0,0
2019-08-21,sz.300739,21.59,22.66,21.38,22.07,19159987,422720182.61,27.6479,0.9145,0,0
2019-08-22,sz.300739,22.03,22.1,21.26,21.69,13356812,289544379.83,19.2739,-1.7218,0,0
2019-08-23,sz.300739,21.65,21.65,20.63,20.87,12345268,259904027.22,17.8142,-3.7805,0,0
2019-08-26,sz.300739,20.5,21.19,20.42,20.97,10278373,214486607.99,14.8317,0.4791,0,0
2019-08-27,sz.300739,21.0,21.35,20.73,20.94,10917524,229766490.61,15.754,-0.1431,0,0
2019-08-28,sz.300739,20.74,21.4,20.43,21.18,12279185,257958373.91,17.7189,1.1461,0,0
2019-08-29,sz.300739,21.25,21.97,20.95,21.55,12393673,267612013.54,17.8841,1.7469,0,0
2019-08-30,sz.300739,21.36,21.7,20.36,20.64,10983213,230944301.41,15.8488,-4.2227,0,0
2019-09-02,sz.300739,20.55,21.52,20.45,21.28,8703816,183820232.11,12.5596,3.1008,0,0
2019-09-03,sz.300739,21.28,22.23,21.2,22.23,15047531,330036024.02,21.7136,4.4643,0,0
2019-09-04,sz.300739,22.16,23.16,21.7,22.5,16284160,365121674.39,23.4981,1.2146,0,0
2019-09-05,sz.300739,22.5,24.51,22.41,22.97,24238356,565427203.0,34.976,2.0889,0,0
2019-09-06,sz.300739,23.11,23.48,22.5,23.0,14527865,333016042.91,20.9637,0.1306,0,0
2019-09-09,sz.300739,23.09,23.97,22.98,23.7,15617492,364702821.52,22.5361,3.0435,0,0
2019-09-10,sz.300739,23.41,23.59,22.56,22.73,12336264,282823835.41,17.8012,-4.0928,0,0
2019-09-11,sz.300739,22.88,23.09,22.54,22.83,7491868,171083937.82,10.8108,0.4399,0,0
2019-09-12,sz.300739,22.8,22.99,22.56,22.9,6072523,138340453.83,8.7627,0.3066,0,0
2019-09-16,sz.300739,22.96,22.97,22.42,22.74,6209534,141232140.58,8.9604,-0.6987,0,0
2019-09-17,sz.300739,22.65,22.7,21.6,21.89,7865451,173631209.97,11.3499,-3.7379,0,0
2019-09-18,sz.300739,21.97,22.1,21.35,21.88,6148598,133351519.99,8.8724,-0.0457,0,0
2019-09-19,sz.300739,21.88,22.52,21.75,22.51,7336328,163279148.52,10.5863,2.8793,0,0
2019-09-20,sz.300739,22.41,22.76,22.2,22.37,6954366,156425719.96,10.0352,-0.6219,0,0
2019-09-23,sz.300739,22.19,22.39,21.6,22.39,5186672,113838339.4,7.4844,0.0894,0,0
2019-09-24,sz.300739,22.43,22.95,22.28,22.59,8955091,203298167.77,12.9222,0.8933,0,0
2019-09-25,sz.300739,22.38,22.38,20.9,20.94,9577032,205249517.06,13.8197,-7.3041,0,0
2019-09-26,sz.300739,20.92,21.19,19.6,19.89,7186495,145414879.63,10.3701,-5.0143,0,0
2019-09-27,sz.300739,19.85,20.33,19.85,19.91,3862903,77555595.54,5.5742,0.1006,0,0
2019-09-30,sz.300739,19.86,20.08,19.51,19.54,3811560,75482560.8,5.4296,-1.8584,0,0
2019-10-08,sz.300739,19.65,20.15,19.65,19.89,4109035,81988621.91,5.8533,1.7912,0,0
2019-10-09,sz.300739,19.72,20.6,19.48,20.58,4983330,100495625.1,7.0988,3.4691,0,0
2019-10-10,sz.300739,20.52,20.77,20.3,20.65,4029575,82950816.54,5.7401,0.3401,0,0
2019-10-11,sz.300739,20.8,21.14,20.5,20.63,4078082,84696281.17,5.8092,-0.0969,0,0
2019-10-14,sz.300739,20.57,20.97,20.45,20.77,5137470,106508380.54,7.3183,0.6786,0,0
2019-10-15,sz.300739,20.52,20.58,19.9,20.08,4129081,83141904.29,5.8819,-3.3221,0,0
2019-10-16,sz.300739,20.23,20.44,19.7,19.8,2876559,57646344.82,4.0977,-1.3944,0,0
2019-10-17,sz.300739,20.23,20.23,19.67,19.74,2414463,48050600.01,3.4394,-0.303,0,0
2019-10-18,sz.300739,19.6,19.88,18.91,19.09,3758752,72744074.31,5.3543,-3.2928,0,0
2019-10-21,sz.300739,19.1,19.45,18.4,19.44,3034422,57762513.74,4.3225,1.8334,0,0
2019-10-22,sz.300739,19.42,19.92,19.25,19.81,3722816,73408311.54,5.3032,1.9033,0,0
2019-10-23,sz.300739,19.98,19.98,19.4,19.58,2332973,45967424.79,3.3233,-1.161,0,0
2019-10-24,sz.300739,19.62,19.67,19.05,19.59,2327765,45180135.92,3.3159,0.0511,0,0
2019-10-25,sz.300739,19.5,19.55,18.99,19.27,4240551,81304081.5,6.0407,-1.6335,0,0
2019-10-28,sz.300739,19.34,19.97,19.16,19.94,4894502,96215273.19,6.9722,3.4769,0,0
2019-10-29,sz.300739,19.76,19.94,19.1,19.12,4625138,89907898.19,6.5885,-4.1123,0,0
2019-10-30,sz.300739,19.15,19.51,18.76,19.14,2864725,55112572.0,4.0808,0.1046,0,0
2019-10-31,sz.300739,19.19,19.29,18.69,18.71,2616425,49693746.0,3.7271,-2.2466,0,0
2019-11-01,sz.300739,18.94,18.96,18.69,18.84,2177613,41044193.16,3.102,0.6948,0,0
2019-11-04,sz.300739,18.9,19.21,18.8,19.19,2396376,45784969.59,3.4136,1.8578,0,0
2019-11-05,sz.300739,19.19,19.27,18.81,18.96,2333825,44307625.15,3.3245,-1.1985,0,0
2019-11-06,sz.300739,18.9,19.06,18.24,18.37,3407828,63372534.89,4.8545,-3.1118,0,0
2019-11-07,sz.300739,18.21,18.65,18.21,18.51,2620108,48571938.68,3.7323,0.7621,0,0
2019-11-08,sz.300739,18.7,18.8,18.28,18.31,2541750,47193449.15,3.6207,-1.0805,0,0
2019-11-11,sz.300739,18.1,18.17,17.28,17.34,3850375,67916424.5,5.4849,-5.2976,0,0
2019-11-12,sz.300739,17.49,17.53,16.98,17.42,3396404,58572502.73,4.8382,0.4614,0,0
2019-11-13,sz.300739,17.35,17.54,17.2,17.36,2404325,41745497.0,3.425,-0.3444,0,0
2019-11-14,sz.300739,17.58,17.96,17.3,17.83,3413306,60261156.49,4.8623,2.7074,0,0
2019-11-15,sz.300739,17.69,17.88,17.48,17.58,3000400,53060781.0,4.2741,-1.4021,0,0
2019-11-18,sz.300739,17.43,17.82,17.43,17.6,2013240,35527418.5,2.8679,0.1138,0,0
2019-11-19,sz.300739,17.56,18.14,17.53,18.06,3519345,63061245.34,5.0133,2.6136,0,0
2019-11-20,sz.300739,18.0,18.13,17.73,17.81,2366406,42351557.02,3.3709,-1.3843,0,0
2019-11-21,sz.300739,17.79,17.88,17.53,17.69,1796124,31811632.95,2.5586,-0.6738,0,0
2019-11-22,sz.300739,17.85,17.96,17.25,17.31,3086700,54367884.25,4.397,-2.1481,0,0
2019-11-25,sz.300739,17.36,17.43,16.53,16.62,2937725,49460066.5,4.1848,-3.9861,0,0
2019-11-26,sz.300739,16.72,16.91,16.44,16.6,1556231,25953203.38,2.2169,-0.1203,0,0
2019-11-27,sz.300739,16.6,16.89,16.16,16.73,2341061,38945826.7,3.3348,0.7831,0,0
2019-11-28,sz.300739,16.62,16.93,16.6,16.67,1509736,25287376.46,2.1506,-0.3586,0,0
2019-11-29,sz.300739,16.78,16.9,16.66,16.85,1822575,30589121.5,2.5963,1.0798,0,0
2019-12-02,sz.300739,16.7,17.36,16.7,17.19,3266485,55954126.75,4.6531,2.0178,0,0
2019-12-03,sz.300739,17.05,17.34,16.92,17.34,2995373,51384070.16,4.2669,0.8726,0,0
2019-12-04,sz.300739,17.15,17.42,17.13,17.2,2131959,36775323.64,3.037,-0.8074,0,0
2019-12-05,sz.300739,17.35,17.8,17.21,17.66,4789750,84217578.04,6.823,2.6744,0,0
2019-12-06,sz.300739,17.62,18.07,17.48,18.0,4887098,86920270.69,6.9617,1.9253,0,0
2019-12-09,sz.300739,18.08,18.14,17.77,17.85,3461097,62066609.56,4.9303,-0.8333,0,0
2019-12-10,sz.300739,17.97,18.13,17.66,18.04,3638452,65265597.8,5.183,1.0644,0,0
2019-12-11,sz.300739,18.07,18.2,17.8,17.82,2884550,51807820.5,4.109,-1.2195,0,0
2019-12-12,sz.300739,17.9,18.44,17.79,18.1,5331117,97091621.66,7.5942,1.5713,0,0
2019-12-13,sz.300739,18.23,18.37,17.92,18.29,3664458,66575657.55,5.22,1.0497,0,0
2019-12-16,sz.300739,18.29,18.74,18.2,18.69,4645228,86177834.02,6.6171,2.187,0,0
2019-12-17,sz.300739,18.69,18.89,18.61,18.74,4595480,86107114.08,6.5463,0.2675,0,0
2019-12-18,sz.300739,18.77,18.98,18.62,18.97,4606947,86859636.26,6.5626,1.2273,0,0
2019-12-19,sz.300739,19.07,19.18,18.65,18.78,3338222,62783257.22,4.7553,-1.0016,0,0
2019-12-20,sz.300739,18.75,18.81,18.28,18.58,3791280,70368869.94,5.4007,-1.065,0,0
2019-12-23,sz.300739,18.44,18.55,17.87,17.87,3373299,61271316.98,4.8053,-3.8213,0,0
2019-12-24,sz.300739,18.11,18.35,17.94,18.32,2764417,50203529.28,3.9379,2.5182,0,0
2019-12-25,sz.300739,18.3,19.08,18.25,18.81,4745116,88975166.64,6.7594,2.6747,0,0
2019-12-26,sz.300739,18.81,20.55,18.75,20.21,14003093,277674761.41,19.9474,7.4428,0,0
2019-12-27,sz.300739,19.95,20.08,19.3,19.43,9942988,195744610.07,14.1638,-3.8595,0,0
2019-12-30,sz.300739,19.2,19.3,18.55,19.01,6247652,117904045.24,8.8998,-2.1616,0,0
2019-12-31,sz.300739,19.0,19.18,18.65,19.06,5255976,99315300.49,7.4871,0.263,0,0
2020-01-02,sz.300739,19.1,19.83,19.0,19.74,7372405,143928390.15,10.502,3.5677,0,0
2020-01-03,sz.300739,19.81,20.99,19.63,20.41,12240115,249712749.09,17.4361,3.3941,0,0
2020-01-06,sz.300739,20.15,20.79,20.11,20.68,9358765,191235123.64,13.3316,1.3229,0,0
2020-01-07,sz.300739,20.7,21.17,20.45,21.06,9850333,205236174.72,14.0318,1.8375,0,0
2020-01-08,sz.300739,20.8,21.45,20.45,20.45,9197717,192455064.71,13.1022,-2.8965,0,0
2020-01-09,sz.300739,20.72,21.02,20.3,20.82,6728340,139585263.94,9.5845,1.8093,0,0
2020-01-10,sz.300739,20.71,21.12,20.68,21.06,5910778,123660514.06,8.4199,1.1527,0,0
2020-01-13,sz.300739,21.5,21.5,20.8,21.24,6712792,141598088.89,9.5624,0.8547,0,0
2020-01-14,sz.300739,21.3,21.3,20.5,20.6,5925523,123401908.4,8.4409,-3.0132,0,0
2020-01-15,sz.300739,20.65,21.04,20.52,21.0,4776813,99352049.27,6.8046,1.9417,0,0
2020-01-16,sz.300739,20.9,21.21,20.66,21.01,4840063,101482275.72,6.8947,0.0476,0,0
2020-01-17,sz.300739,21.01,21.09,20.38,20.45,4695706,97210303.55,6.689,-2.6654,0,0
2020-01-20,sz.300739,20.45,21.15,20.3,20.98,5785103,120845782.95,8.2409,2.5917,0,0
2020-01-21,sz.300739,20.89,21.33,20.67,20.78,4300778,90270327.62,6.1265,-0.9533,0,0
2020-01-22,sz.300739,20.92,22.22,20.46,21.98,10618754,229472591.4,15.1264,5.7748,0,0
2020-01-23,sz.300739,21.6,21.95,19.85,20.31,8830601,186510204.96,12.5792,-7.5978,0,0
2020-02-03,sz.300739,18.28,18.28,18.28,18.28,389000,7110920.0,0.5541,-9.9951,0,0
2020-02-04,sz.300739,16.45,18.08,16.45,17.85,9623424,168615547.68,13.7086,-2.3523,0,0
2020-02-05,sz.300739,17.78,18.74,17.78,18.26,5944311,109104638.69,8.4677,2.2969,0,0
2020-02-06,sz.300739,18.3,18.65,17.91,18.5,5062642,92986574.83,7.2117,1.3143,0,0
2020-02-07,sz.300739,18.49,19.38,18.31,19.22,5660265,107134991.7,8.0631,3.8919,0,0
2020-02-10,sz.300739,19.1,19.5,18.88,19.37,4740586,91054348.95,6.753,0.7804,0,0
2020-02-11,sz.300739,19.37,19.44,18.9,18.98,3887749,74347897.98,5.5381,-2.0134,0,0
2020-02-12,sz.300739,18.96,19.4,18.81,19.36,4988337,95493576.06,7.1059,2.0021,0,0
2020-02-13,sz.300739,19.46,19.68,19.07,19.23,4982495,96563234.7,7.0976,-0.6715,0,0
2020-02-14,sz.300739,19.03,21.15,19.03,20.5,16894673,349290284.98,24.0665,6.6043,0,0
2020-02-17,sz.300739,20.27,21.5,20.26,21.37,14877102,311556814.43,21.1925,4.2439,0,0
2020-02-18,sz.300739,21.15,22.3,21.03,22.15,14371046,310724024.47,20.4716,3.65,0,0
2020-02-19,sz.300739,22.5,22.7,21.44,21.85,11892000,261919846.81,16.9402,-1.3544,0,0
2020-02-20,sz.300739,21.85,22.35,21.58,22.31,9862727,217520460.92,14.0495,2.1053,0,0
2020-02-21,sz.300739,22.25,22.95,22.04,22.16,11799986,264109119.99,16.8091,-0.6723,0,0
2020-02-24,sz.300739,21.8,24.18,21.62,23.84,16822256,387787062.23,23.9633,7.5812,0,0
2020-02-25,sz.300739,23.1,23.64,21.72,23.35,16247138,373533119.34,23.1441,-2.0554,0,0
2020-02-26,sz.300739,22.8,22.81,21.02,21.05,13620570,298009871.25,19.4025,-9.8501,0,0
2020-02-27,sz.300739,21.2,21.63,21.0,21.13,7770677,165796449.12,11.0693,0.38,0,0
2020-02-28,sz.300739,19.64,20.33,19.2,19.3,9225646,183638005.46,13.1419,-8.6607,0,0
2020-03-02,sz.300739,19.79,20.95,19.6,20.63,7743718,157227212.74,11.0309,6.8912,0,0
2020-03-03,sz.300739,21.08,21.62,20.6,20.89,7750590,164186792.04,11.0407,1.2603,0,0
2020-03-04,sz.300739,20.47,21.34,20.3,20.94,5732798,119375147.32,8.1664,0.2394,0,0
2020-03-05,sz.300739,21.47,21.58,20.5,21.1,6465001,135684186.71,9.2094,0.7641,0,0
2020-03-06,sz.300739,20.71,21.21,20.51,20.72,4623701,96478418.42,6.5865,-1.801,0,0
2020-03-09,sz.300739,20.58,20.61,19.5,19.53,6517971,130360076.98,9.2849,-5.7432,0,0
2020-03-10,sz.300739,19.21,20.55,19.15,20.54,5781074,115511588.26,8.2351,5.1715,0,0
2020-03-11,sz.300739,20.5,20.97,20.08,20.1,5910132,121721795.82,8.419,-2.1422,0,0
2020-03-12,sz.300739,19.84,20.38,19.68,20.06,4745925,94892748.25,6.7606,-0.199,0,0
2020-03-13,sz.300739,18.84,20.2,18.7,19.94,6120451,118895644.77,8.7186,-0.5982,0,0
2020-03-16,sz.300739,20.06,20.28,18.38,18.51,6459376,125177458.55,9.2014,-7.1715,0,0
2020-03-17,sz.300739,19.0,19.05,17.94,18.63,4501286,83588778.25,6.4121,0.6483,0,0
2020-03-18,sz.300739,18.9,19.29,18.25,18.25,4524728,85337347.12,6.4455,-2.0397,0,0
2020-03-19,sz.300739,18.35,18.82,18.01,18.66,3689562,68122918.95,5.2558,2.2466,0,0
2020-03-20,sz.300739,18.93,18.96,18.45,18.83,3027200,56767528.77,4.3123,0.911,0,0
2020-03-23,sz.300739,18.1,18.53,17.86,18.15,4691382,85510181.59,6.6829,-3.6113,0,0
2020-03-24,sz.300739,18.6,19.69,18.4,19.69,7181426,136685189.84,10.23,8.4849,0,0
2020-03-25,sz.300739,19.98,20.11,19.25,19.72,7217476,142102130.47,10.2813,0.1524,0,0
2020-03-26,sz.300739,19.51,19.77,19.26,19.56,3933635,76831061.7,5.6035,-0.8114,0,0
2020-03-27,sz.300739,19.81,19.87,19.21,19.22,2651356,51571188.71,3.7769,-1.7382,0,0
2020-03-30,sz.300739,18.98,18.98,17.36,17.46,6089401,109208773.89,8.6744,-9.1571,0,0
2020-03-31,sz.300739,17.76,17.97,16.88,17.05,4667037,81321595.3,6.6482,-2.3482,0,0
2020-04-01,sz.300739,16.85,17.36,16.81,16.87,3327433,56861473.11,4.7399,-1.0557,0,0
2020-04-02,sz.300739,16.78,17.39,16.71,17.36,3190880,54523394.16,4.5454,2.9046,0,0
2020-04-03,sz.300739,17.37,17.49,16.99,17.05,2882238,49646563.53,4.1058,-1.7857,0,0
2020-04-07,sz.300739,17.44,17.73,17.33,17.58,4036948,70738517.54,5.7506,3.1085,0,0
2020-04-08,sz.300739,17.41,17.84,17.36,17.65,3199478,56440390.79,4.5577,0.3982,0,0
2020-04-09,sz.300739,18.1,19.42,18.1,19.42,6525532,124318245.89,9.2956,10.0283,0,0
2020-04-10,sz.300739,19.66,19.73,18.2,18.63,9728364,182450334.28,13.8581,-4.068,0,0
2020-04-13,sz.300739,18.78,18.78,18.02,18.32,3946880,72318881.72,5.6223,-1.664,0,0
2020-04-14,sz.300739,18.35,18.96,18.25,18.82,5342060,100111700.19,7.6098,2.7293,0,0
2020-04-15,sz.300739,18.82,18.93,18.44,18.45,4110117,76775997.52,5.8549,-1.966,0,0
2020-04-16,sz.300739,18.24,18.57,18.2,18.44,2981621,54846338.54,4.2473,-0.0542,0,0
2020-04-17,sz.300739,18.58,19.14,18.5,18.9,6140839,115981105.8,8.7476,2.4946,0,0
2020-04-20,sz.300739,18.89,19.06,18.61,19.03,3923389,74211606.75,5.5889,0.6878,0,0
2020-04-21,sz.300739,18.91,18.91,18.43,18.67,3449603,64375519.43,4.914,-1.8918,0,0
2020-04-22,sz.300739,18.42,18.94,18.33,18.9,3022494,56795277.12,4.3055,1.2319,0,0
2020-04-23,sz.300739,18.8,18.95,18.22,18.22,3474699,64200285.34,4.9497,-3.5979,0,0
2020-04-24,sz.300739,18.27,18.4,17.36,17.65,3214361,57155340.72,4.5789,-3.1284,0,0
2020-04-27,sz.300739,17.66,17.8,17.4,17.44,1846675,32472498.0,2.6306,-1.1898,0,0
2020-04-28,sz.300739,17.48,17.83,16.6,17.57,3304975,57356608.09,4.7079,0.7454,0,0
2020-04-29,sz.300739,17.5,18.48,17.3,18.28,4301777,78084243.08,6.1279,4.041,0,0
2020-04-30,sz.300739,18.48,19.12,18.44,18.89,6315620,119007268.51,8.9966,3.337,0,0
2020-05-06,sz.300739,18.66,19.28,18.66,19.2,6007313,114488926.16,8.5574,1.6411,0,0
2020-05-07,sz.300739,19.24,19.55,18.91,18.98,4985922,95577575.53,7.1025,-1.1458,0,0
2020-05-08,sz.300739,19.18,19.6,19.11,19.39,5688244,110278751.07,8.1029,2.1602,0,0
2020-05-11,sz.300739,19.5,19.8,19.24,19.48,5305145,103697903.45,7.5572,0.4642,0,0
2020-05-12,sz.300739,19.51,19.8,19.07,19.7,4860648,94787979.55,6.924,1.1294,0,0
2020-05-13,sz.300739,19.62,19.84,19.25,19.37,3521079,68597332.19,5.0158,-1.6751,0,0
2020-05-14,sz.300739,19.22,19.55,19.2,19.25,3227918,62602980.54,4.5982,-0.6195,0,0
2020-05-15,sz.300739,19.43,19.75,19.25,19.31,4167086,81156953.97,5.936,0.3117,0,0
2020-05-18,sz.300739,19.55,19.63,18.68,18.69,3898493,74007858.6,5.5534,-3.2108,0,0
2020-05-19,sz.300739,18.9,19.25,18.75,19.23,3045655,57996101.15,4.3385,2.8892,0,0
2020-05-20,sz.300739,19.21,19.21,18.76,18.82,2528999,47900728.75,3.6026,-2.1321,0,0
2020-05-21,sz.300739,18.94,19.0,18.28,18.33,2711656,50220464.62,3.8628,-2.6036,0,0
2020-05-22,sz.300739,18.33,18.54,17.83,18.1,2121261,38642298.24,3.0217,-1.2548,0,0
2020-05-25,sz.300739,18.12,18.18,17.79,17.88,1498800,26923683.06,2.135,-1.2155,0,0
2020-05-26,sz.300739,17.95,18.43,17.9,18.38,2094268,38218092.35,2.9833,2.7964,0,0
2020-05-27,sz.300739,18.46,18.48,18.15,18.29,1906467,34868046.09,2.7158,-0.4897,0,0
2020-05-28,sz.300739,18.2,18.33,17.64,18.33,2561092,46083793.32,3.6483,0.2187,0,0
2020-05-29,sz.300739,17.99,18.05,17.51,17.56,4458193,79236828.5,6.3507,-3.037,0,0
2020-06-01,sz.300739,17.66,18.76,17.58,18.49,6159583,113203028.2,8.7743,5.2961,0,0
2020-06-02,sz.300739,18.5,18.94,18.44,18.8,5473946,102559455.86,7.7976,1.6766,0,0
2020-06-03,sz.300739,18.8,19.55,18.64,19.15,8797035,169210337.41,12.5314,1.8617,0,0
2020-06-04,sz.300739,19.18,19.35,19.0,19.16,4333132,82937759.01,6.1726,0.0522,0,0
2020-06-05,sz.300739,19.1,19.25,18.87,19.02,2830969,53852533.31,4.0327,-0.7307,0,0
2020-06-08,sz.300739,19.23,19.38,18.71,18.86,2842110,54100745.1,4.0486,-0.8412,0,0
2020-06-09,sz.300739,18.86,19.34,18.75,19.27,4668811,89462785.06,6.6507,2.1739,0,0
2020-06-10,sz.300739,19.15,19.15,18.44,18.62,4863759,90802528.65,6.9284,-3.3731,0,0
2020-06-11,sz.300739,18.6,19.13,18.59,18.73,4078511,76817472.47,5.8098,0.5908,0,0
2020-06-12,sz.300739,18.27,18.56,18.23,18.33,3210899,58958654.61,4.5739,-2.1356,0,0
2020-06-15,sz.300739,18.22,18.78,18.1,18.32,3534676,65196332.96,5.0352,-0.0546,0,0
2020-06-16,sz.300739,18.4,20.08,18.4,20.08,12922748,254595488.44,18.4085,9.607,0,0
2020-06-17,sz.300739,19.9,20.3,19.71,20.09,9758867,195198259.55,13.9015,0.0498,0,0
2020-06-18,sz.300739,20.05,20.78,19.86,20.35,8845680,179643279.5,12.6007,1.2942,0,0
2020-06-19,sz.300739,20.36,20.56,20.12,20.22,5810225,118088162.2,8.2767,-0.6388,0,0
2020-06-22,sz.300739,20.31,20.57,19.93,20.27,5620351,113843426.82,8.0062,0.2473,0,0
2020-06-23,sz.300739,20.17,20.5,19.92,20.14,4211030,84632382.96,5.9986,-0.6413,0,0
2020-06-24,sz.300739,20.22,21.5,20.13,20.62,9845784,204547061.17,14.0253,2.3833,0,0
2020-06-29,sz.300739,20.4,20.57,19.95,20.12,5342743,108128238.87,7.6107,-2.4248,0,0
2020-06-30,sz.300739,20.2,21.07,20.18,20.91,7374101,153213642.03,10.5044,3.9264,0,0
2020-07-01,sz.300739,20.86,21.11,20.33,20.74,6206463,128050895.92,8.8411,-0.813,0,0
2020-07-02,sz.300739,20.79,20.88,20.45,20.83,5726442,118529948.09,8.1573,0.4339,0,0
2020-07-03,sz.300739,20.87,20.94,20.25,20.56,6691449,137125356.4,9.532,-1.2962,0,0
2020-07-06,sz.300739,20.75,21.56,20.6,21.49,9890250,209553963.64,14.0887,4.5233,0,0
2020-07-07,sz.300739,21.55,22.77,21.41,21.8,10633102,234092473.71,15.1469,1.4425,0,0
2020-07-08,sz.300739,21.75,22.35,21.7,22.13,7578283,167514772.26,10.7953,1.5138,0,0
2020-07-09,sz.300739,22.2,22.98,22.16,22.69,7909768,178645820.01,11.2675,2.5305,0,0
2020-07-10,sz.300739,22.6,23.1,22.2,22.28,7599875,172036026.4,10.826,-1.807,0,0
2020-07-13,sz.300739,22.85,24.13,22.51,23.72,10008104,233363039.95,14.2566,6.4632,0,0
2020-07-14,sz.300739,23.5,24.78,22.88,23.56,10719987,254106246.2,15.2706,-0.6745,0,0
2020-07-15,sz.300739,23.85,24.19,21.91,22.11,11277440,258696206.67,16.0647,-6.1545,0,0
2020-07-16,sz.300739,22.3,22.46,20.65,20.85,8146834,175477288.09,11.6052,-5.6988,0,0
2020-07-17,sz.300739,20.96,21.08,20.13,20.32,5780435,118881318.7,8.2342,-2.542,0,0
2020-07-20,sz.300739,20.56,21.17,20.08,21.05,6161931,127399846.55,8.7777,3.5925,0,0
2020-07-21,sz.300739,21.06,21.25,20.68,20.91,4769006,99857411.93,6.7935,-0.6651,0,0
2020-07-22,sz.300739,20.94,21.45,20.78,21.01,5203700,109927494.05,7.4127,0.4782,0,0
2020-07-23,sz.300739,20.81,21.27,20.26,21.19,6073538,126243127.11,8.6518,0.8567,0,0
2020-07-24,sz.300739,21.05,21.12,19.89,19.89,6594331,134686946.95,9.3936,-6.135,0,0
2020-07-27,sz.300739,19.98,20.25,19.71,19.89,3840698,76773288.62,5.4711,0.0,0,0
2020-07-28,sz.300739,19.93,20.4,19.93,20.25,3441327,69465865.53,4.9022,1.81,0,0
2020-07-29,sz.300739,20.25,20.94,20.01,20.92,5410868,111437343.27,7.7078,3.3086,0,0
2020-07-30,sz.300739,20.91,21.28,20.9,20.97,5963417,125927850.06,8.4949,0.239,0,0
2020-07-31,sz.300739,21.06,21.62,20.91,21.39,5074027,108295106.73,7.228,2.0029,0,0
2020-08-03,sz.300739,21.5,21.81,21.38,21.67,5757225,124348634.96,8.2012,1.309,0,0
2020-08-04,sz.300739,21.53,21.66,21.11,21.28,4524292,96613952.3,6.4449,-1.7997,0,0
2020-08-05,sz.300739,21.87,22.06,21.34,21.49,6475875,140176684.86,9.2249,0.9868,0,0
2020-08-06,sz.300739,21.42,22.32,21.27,22.13,8928091,194948916.73,12.7181,2.9781,0,0
2020-08-07,sz.300739,21.94,21.94,20.54,20.97,8532225,181165222.61,12.1542,-5.2418,0,0
2020-08-10,sz.300739,21.29,21.29,20.59,20.89,4384546,91588397.52,6.2458,-0.3815,0,0
2020-08-11,sz.300739,20.75,21.09,20.2,20.37,4643213,96143322.01,6.6143,-2.4892,0,0
2020-08-12,sz.300739,20.39,20.49,19.73,20.25,3993630,80192775.53,5.6889,-0.5891,0,0
2020-08-13,sz.300739,20.35,21.86,20.25,21.45,9644229,205998312.1,13.7382,5.9259,0,0
2020-08-14,sz.300739,21.18,21.45,20.9,21.34,5718705,121352008.25,8.1463,-0.5128,0,0
2020-08-17,sz.300739,21.55,21.79,21.18,21.67,6380575,137339238.61,9.0891,1.5464,0,0
2020-08-18,sz.300739,21.66,21.92,21.41,21.63,4642919,100240501.64,6.6138,-0.1846,0,0
2020-08-19,sz.300739,21.7,21.72,20.67,20.79,4595234,97135771.07,6.5459,-3.8835,0,0
2020-08-20,sz.300739,20.57,21.09,20.53,20.87,3352199,69977122.43,4.7752,0.3848,0,0
2020-08-21,sz.300739,21.0,22.54,21.0,22.0,11554014,253538204.96,16.4587,5.4145,0,0
2020-08-24,sz.300739,22.3,22.66,21.72,22.33,10545563,234528487.71,15.0222,1.5,0,0
2020-08-25,sz.300739,22.15,23.66,21.85,23.2,14565225,332676844.81,20.7482,3.8961,0,0
2020-08-26,sz.300739,22.9,23.16,22.17,22.45,9921776,224881767.98,14.1336,-3.2328,0,0
2020-08-27,sz.300739,22.34,26.58,21.81,25.4,20434184,497473897.55,29.1085,13.1403,0,0
2020-08-28,sz.300739,24.9,25.65,24.26,24.8,16235801,402399088.07,23.1279,-2.3622,0,0
2020-08-31,sz.300739,24.97,25.93,24.46,25.85,15192671,382054749.29,21.642,4.2339,0,0
2020-09-01,sz.300739,25.41,25.57,24.8,25.44,10647129,268096628.43,15.1669,-1.5861,0,0
2020-09-02,sz.300739,25.5,25.7,24.48,24.64,10788467,268551283.65,15.3682,-3.1447,0,0
2020-09-03,sz.300739,24.52,25.15,23.8,24.79,10921518,267982379.86,15.5577,0.6088,0,0
2020-09-04,sz.300739,24.4,27.88,24.11,26.61,20415153,539567520.84,29.0814,7.3417,0,0
2020-09-07,sz.300739,26.78,28.68,26.02,26.54,19601438,536746009.84,27.9223,-0.2631,0,0
2020-09-08,sz.300739,26.23,27.19,25.8,26.71,12652680,333289318.81,18.0238,0.6405,0,0
2020-09-09,sz.300739,26.28,26.3,23.2,23.52,16768024,413918006.88,23.8861,-11.9431,0,0
2020-09-10,sz.300739,23.68,23.95,21.5,21.93,11195739,251284693.91,15.9483,-6.7602,0,0
2020-09-11,sz.300739,21.95,22.98,21.78,22.69,8800818,198123703.04,12.5368,3.4656,0,0
2020-09-14,sz.300739,22.85,24.05,22.47,23.84,10605469,250514179.55,15.1075,5.0683,0,0
2020-09-15,sz.300739,23.75,24.25,23.35,23.94,9677316,230064710.28,13.7854,0.4195,0,0
2020-09-16,sz.300739,23.65,24.07,23.31,23.56,6636443,157272610.47,9.4536,-1.5873,0,0
2020-09-17,sz.300739,23.49,25.4,23.33,25.08,12915085,316509816.84,18.3976,6.4516,0,0
2020-09-18,sz.300739,24.9,25.56,24.4,24.96,10817226,269424756.81,15.4092,-0.4785,0,0
2020-09-21,sz.300739,24.96,25.13,24.37,24.48,6362741,156927131.08,9.0637,-1.9231,0,0
2020-09-22,sz.300739,24.21,24.59,23.7,23.87,6001278,144513632.91,8.5488,-2.4918,0,0
2020-09-23,sz.300739,23.99,25.95,23.99,25.0,11444372,288198038.45,16.3025,4.734,0,0
2020-09-24,sz.300739,24.75,25.49,24.43,24.67,10518222,263325655.99,14.9832,-1.32,0,0
2020-09-25,sz.300739,24.92,25.48,24.22,24.53,7806459,193358163.81,11.1203,-0.5675,0,0
2020-09-28,sz.300739,24.32,24.87,23.06,24.53,8956761,215812673.13,12.7589,0.0,0,0
2020-09-29,sz.300739,24.68,25.77,24.6,25.26,10288776,259909340.49,14.6564,2.9759,0,0
2020-09-30,sz.300739,25.42,25.51,24.62,24.75,7001211,175279733.86,9.9732,-2.019,0,0
2020-10-09,sz.300739,25.2,25.99,24.93,25.98,9700249,248001190.79,13.818,4.9697,0,0
2020-10-12,sz.300739,26.29,27.98,25.85,27.69,14089148,379656566.41,20.07,6.582,0,0
2020-10-13,sz.300739,26.9,27.59,26.3,27.3,12256255,329669624.33,17.4591,-1.4085,0,0
2020-10-14,sz.300739,26.99,29.88,26.87,28.71,16376855,468078477.24,23.3289,5.1648,0,0
2020-10-15,sz.300739,28.14,29.35,27.63,27.68,11921799,337937879.22,16.9826,-3.5876,0,0
2020-10-16,sz.300739,27.45,27.79,26.66,27.6,9088104,246954291.67,12.946,-0.289,0,0
2020-10-19,sz.300739,27.69,27.8,26.1,26.15,8785928,235761767.48,12.5156,-5.2536,0,0
2020-10-20,sz.300739,26.18,26.65,25.6,26.6,6960121,182209366.19,9.9147,1.7208,0,0
2020-10-21,sz.300739,26.47,26.5,25.68,25.87,5309128,138053055.72,7.5629,-2.7444,0,0
2020-10-22,sz.300739,25.87,26.75,25.67,26.36,6057281,159477490.49,8.6286,1.8941,0,0
2020-10-23,sz.300739,26.05,26.54,25.43,25.48,5546825,143772023.55,7.9015,-3.3384,0,0
2020-10-26,sz.300739,25.45,25.98,25.05,25.78,3699032,94849309.92,5.2693,1.1774,0,0
2020-10-27,sz.300739,25.58,26.17,25.33,26.08,4266701,110024394.39,6.0779,1.1637,0,0
2020-10-28,sz.300739,25.85,26.01,24.65,25.24,6005586,151318541.69,8.555,-3.2209,0,0
2020-10-29,sz.300739,24.83,25.39,24.35,25.0,4471131,111429310.87,6.3691,-0.9509,0,0
2020-10-30,sz.300739,25.4,26.78,24.75,25.01,9334853,239727740.99,13.2975,0.04,0,0
2020-11-02,sz.300739,25.3,25.8,24.76,25.71,5945572,150873212.73,8.4695,2.7989,0,0
2020-11-03,sz.300739,25.81,26.25,25.6,26.12,7155117,185908626.57,10.1925,1.5947,0,0
2020-11-04,sz.300739,26.15,26.5,24.85,26.38,8491166,217682260.86,12.0957,0.9954,0,0
2020-11-05,sz.300739,26.42,27.15,25.87,27.06,13259402,353587793.95,18.888,2.5777,0,0
2020-11-06,sz.300739,27.18,27.2,26.48,27.06,9509990,255307433.25,13.547,0.0,0,0
2020-11-09,sz.300739,27.2,28.57,26.87,28.14,15574301,434752438.52,22.1856,3.9911,0,0
2020-11-10,sz.300739,27.72,27.86,26.81,27.21,8371815,228892899.97,11.9257,-3.3049,0,0
2020-11-11,sz.300739,27.11,27.28,26.0,26.65,5971227,158009462.57,8.506,-2.0581,0,0
2020-11-12,sz.300739,26.65,26.92,25.36,25.49,4950871,128469676.78,7.0525,-4.3527,0,0
2020-11-13,sz.300739,25.5,26.12,25.12,25.75,3772451,96990888.24,5.3739,1.02,0,0
2020-11-16,sz.300739,25.61,25.92,25.11,25.33,4175830,105940345.7,5.9485,-1.6311,0,0
2020-11-17,sz.300739,25.4,25.41,23.46,24.56,7653424,184527109.7,10.9023,-3.0399,0,0
2020-11-18,sz.300739,24.35,25.4,24.2,25.33,4848184,120340819.13,6.9062,3.1352,0,0
2020-11-19,sz.300739,25.4,27.0,25.08,26.65,10907560,287722069.07,15.5378,5.2112,0,0
2020-11-20,sz.300739,26.83,27.04,25.85,26.2,6872440,180419733.49,9.7898,-1.6886,0,0
2020-11-23,sz.300739,26.46,26.46,25.4,25.79,8487493,219241762.85,12.0904,-1.5649,0,0
2020-11-24,sz.300739,25.79,25.83,24.29,24.3,7324471,181487216.16,10.4337,-5.7774,0,0
2020-11-25,sz.300739,24.29,24.56,23.51,24.4,5516110,133295403.31,7.8577,0.4115,0,0
2020-11-26,sz.300739,24.06,24.38,23.0,23.08,5063416,119500021.12,7.2128,-5.4098,0,0
2020-11-27,sz.300739,23.08,23.19,22.15,22.29,5635685,126682429.91,8.028,-3.4229,0,0
2020-11-30,sz.300739,22.3,22.58,21.85,22.18,3706553,82721790.15,5.28,-0.4935,0,0
2020-12-01,sz.300739,23.05,23.9,22.61,22.85,5045121,116482534.61,7.1868,3.0207,0,0
2020-12-02,sz.300739,22.44,23.0,22.26,22.65,4083724,92248501.0,5.8173,-0.8753,0,0
2020-12-03,sz.300739,22.51,23.1,22.22,22.73,4317352,98021989.84,6.1501,0.3532,0,0
2020-12-04,sz.300739,22.46,23.06,22.46,22.85,2986286,68147731.87,4.254,0.5279,0,0
2020-12-07,sz.300739,22.91,23.34,22.49,22.57,2781036,63562073.73,3.9616,-1.2254,0,0
2020-12-08,sz.300739,22.42,22.85,22.4,22.71,2188017,49461975.9,3.1168,0.6203,0,0
2020-12-09,sz.300739,22.51,22.6,21.5,21.51,4090339,90319129.6,5.8267,-5.284,0,0
2020-12-10,sz.300739,21.4,21.78,21.06,21.44,2675508,57414201.23,3.8113,-0.3254,0,0
2020-12-11,sz.300739,21.94,22.22,20.9,21.18,3696443,79617884.58,5.2656,-1.2127,0,0
2020-12-14,sz.300739,21.0,21.38,20.71,21.31,3010227,63649439.35,4.2881,0.6138,0,0
2020-12-15,sz.300739,20.92,21.19,20.4,20.75,3650604,75842366.6,5.2003,-2.6279,0,0
2020-12-16,sz.300739,20.66,20.76,19.82,19.94,3279126,66128361.16,4.6711,-3.9036,0,0
2020-12-17,sz.300739,19.94,20.51,19.48,20.42,3628785,72779035.42,5.1692,2.4072,0,0
2020-12-18,sz.300739,20.68,20.76,20.12,20.27,2539067,51828854.0,3.6169,-0.7346,0,0
2020-12-21,sz.300739,20.2,20.88,20.11,20.53,2507028,51574968.44,3.5713,1.2827,0,0
2020-12-22,sz.300739,21.79,21.79,20.46,20.65,4689433,98197302.63,6.6801,0.5845,0,0
2020-12-23,sz.300739,20.49,20.75,19.98,20.68,3829088,78002971.94,5.4545,0.1453,0,0
2020-12-24,sz.300739,20.43,20.87,19.75,20.02,3063362,61988917.64,4.3638,-3.1915,0,0
2020-12-25,sz.300739,19.99,20.13,19.5,19.5,2506423,49448694.5,3.5704,-2.5974,0,0
2020-12-28,sz.300739,19.3,19.3,18.5,18.88,3321163,62624838.01,4.731,-3.1795,0,0
2020-12-29,sz.300739,19.0,19.65,18.92,19.17,2498924,48265459.96,3.5597,1.536,0,0
2020-12-30,sz.300739,19.32,19.32,18.9,18.91,2295256,43795652.96,3.2696,-1.3563,0,0
2020-12-31,sz.300739,19.18,19.62,19.06,19.48,2497815,48381970.33,3.5581,3.0143,0,0
2021-01-04,sz.300739,19.4,19.91,19.31,19.8,2711766,53503342.2,3.8629,1.6427,0,0
2021-01-05,sz.300739,19.6,20.15,19.52,19.88,3558102,70554680.25,5.0685,0.404,0,0
2021-01-06,sz.300739,19.89,19.91,18.74,18.9,3804099,72810987.76,5.4189,-4.9296,0,0
2021-01-07,sz.300739,18.82,19.01,17.36,17.81,5532306,99642624.06,7.8808,-5.7672,0,0
2021-01-08,sz.300739,17.86,18.2,17.15,17.71,2999575,53456001.57,4.2729,-0.5615,0,0
2021-01-11,sz.300739,17.66,18.14,17.25,17.3,2730698,48260752.77,3.8899,-2.3151,0,0
2021-01-12,sz.300739,17.25,17.64,16.93,17.09,2598095,44599190.58,3.701,-1.2139,0,0
2021-01-13,sz.300739,17.04,17.59,16.56,17.28,3697085,63102792.19,5.2665,1.1118,0,0
2021-01-14,sz.300739,17.16,17.86,16.9,17.6,3890091,68099908.33,5.5414,1.8519,0,0
2021-01-15,sz.300739,17.51,17.88,17.42,17.83,3154024,55796171.83,4.4929,1.3068,0,0
2021-01-18,sz.300739,17.73,18.18,17.7,18.03,3315557,59695868.92,4.723,1.1217,0,0
2021-01-19,sz.300739,18.02,18.34,17.9,18.02,2809824,50912109.9,4.0026,-0.0555,0,0
2021-01-20,sz.300739,17.86,18.13,17.6,17.89,2383685,42433506.19,3.3956,-0.7214,0,0
2021-01-21,sz.300739,17.77,18.28,17.77,17.97,2486056,44892732.57,3.5414,0.4472,0,0
2021-01-22,sz.300739,18.04,18.1,17.27,17.48,2468914,43319295.6,3.517,-2.7268,0,0
2021-01-25,sz.300739,17.46,17.46,16.45,16.57,3097046,52048387.32,4.4117,-5.2059,0,0
2021-01-26,sz.300739,16.57,16.95,16.53,16.58,1938542,32303978.63,2.7615,0.0604,0,0
2021-01-27,sz.300739,16.6,16.95,16.3,16.86,2109627,35255872.01,3.0052,1.6888,0,0
2021-01-28,sz.300739,16.82,17.17,16.54,16.58,2483502,41895949.57,3.5378,-1.6607,0,0
2021-01-29,sz.300739,16.74,16.79,16.08,16.21,2404165,39282427.08,3.4247,-2.2316,0,0
2021-02-01,sz.300739,16.4,16.76,16.17,16.6,2109430,34865702.12,0.761,2.4059,0,0
2021-02-02,sz.300739,16.51,16.85,16.21,16.28,1988711,32759430.25,0.7174,-1.9277,0,0
2021-02-03,sz.300739,16.35,16.38,15.35,15.37,2923231,45977913.96,1.0546,-5.5897,0,0
2021-02-04,sz.300739,15.31,15.5,14.62,15.08,2688812,40194232.36,0.97,-1.8868,0,0
2021-02-05,sz.300739,15.01,15.42,14.55,14.55,1719021,25601166.6,0.6201,-3.5146,0,0
2021-02-08,sz.300739,14.6,14.96,14.31,14.72,1616980,23772808.1,0.5833,1.1684,0,0
2021-02-09,sz.300739,14.78,15.0,14.6,14.97,1368379,20253377.68,0.4936,1.6984,0,0
2021-02-10,sz.300739,14.97,15.28,14.8,15.17,1814182,27483441.68,0.6545,1.336,0,0
2021-02-18,sz.300739,15.26,15.56,15.0,15.46,2388413,36719895.18,0.8616,1.9117,0,0
2021-02-19,sz.300739,15.33,15.93,15.22,15.9,2372875,37286403.5,0.856,2.8461,0,0
2021-02-22,sz.300739,15.92,16.46,15.88,16.0,3126105,50546096.85,1.1277,0.6289,0,0
2021-02-23,sz.300739,15.81,16.07,15.58,15.75,1800600,28454792.39,0.6496,-1.5625,0,0
2021-02-24,sz.300739,15.76,16.24,15.72,15.98,2337764,37498035.6,0.8433,1.4603,0,0
2021-02-25,sz.300739,16.02,16.19,15.58,15.71,1528172,24072449.34,0.5513,-1.6896,0,0
2021-02-26,sz.300739,15.58,15.95,15.4,15.79,1927795,30433153.0,0.6955,0.5092,0,0
2021-03-01,sz.300739,15.92,16.52,15.92,16.52,3278912,53374319.67,1.1829,4.6232,0,0
2021-03-02,sz.300739,16.69,16.84,16.27,16.42,2703462,44517447.78,0.9753,-0.6053,0,0
2021-03-03,sz.300739,16.37,16.66,16.37,16.59,2164326,35749761.02,0.7808,1.0353,0,0
2021-03-04,sz.300739,16.51,16.68,16.17,16.22,2271225,37261645.25,0.8193,-2.2303,0,0
2021-03-05,sz.300739,16.11,16.5,16.11,16.43,1985564,32524423.26,0.7163,1.2947,0,0
2021-03-08,sz.300739,16.61,17.01,16.43,16.43,3295724,55115997.91,1.1889,0.0,0,0
2021-03-09,sz.300739,16.45,16.55,15.65,15.66,3114097,49807375.82,1.1234,-4.6865,0,0
2021-03-10,sz.300739,15.86,15.95,15.02,15.13,2225863,34132124.42,0.803,-3.3844,0,0
2021-03-11,sz.300739,15.22,15.56,14.91,15.47,2125475,32452563.25,0.7668,2.2472,0,0
2021-03-12,sz.300739,15.42,15.6,15.05,15.13,1699675,25908788.0,0.6132,-2.1978,0,0
2021-03-15,sz.300739,15.0,15.15,14.66,14.83,1909290,28343337.65,0.6888,-1.9828,0,0
2021-03-16,sz.300739,14.85,15.2,14.82,15.07,1806000,27051865.0,0.6515,1.6183,0,0
2021-03-17,sz.300739,15.08,15.62,14.96,15.6,3071857,47099483.92,1.1082,3.5169,0,0
2021-03-18,sz.300739,15.6,15.71,15.2,15.28,2297444,35305390.06,0.8288,-2.0513,0,0
2021-03-19,sz.300739,15.15,15.5,15.02,15.19,2382075,36276233.0,0.8593,-0.589,0,0
2021-03-22,sz.300739,15.04,15.35,15.03,15.26,1834443,27944704.52,0.6618,0.4608,0,0
2021-03-23,sz.300739,15.24,15.76,15.2,15.38,3547098,54857265.37,1.2796,0.7864,0,0
2021-03-24,sz.300739,15.26,15.43,15.1,15.2,1877905,28600178.55,0.6775,-1.1704,0,0
2021-03-25,sz.300739,15.32,15.33,14.72,14.74,2740999,41076545.39,0.9888,-3.0263,0,0
2021-03-26,sz.300739,14.75,15.03,14.45,15.03,3482215,51234625.0,1.2562,1.9674,0,0
2021-03-29,sz.300739,15.06,15.35,14.85,14.9,2875975,43483762.81,1.0375,-0.8649,0,0
2021-03-30,sz.300739,14.91,14.97,14.54,14.6,2016610,29621950.25,0.7275,-2.0134,0,0
2021-03-31,sz.300739,14.51,14.72,14.45,14.66,1124541,16416420.64,0.4057,0.411,0,0
2021-04-01,sz.300739,14.67,14.99,14.55,14.94,2024814,30020954.14,0.7305,1.91,0,0
2021-04-02,sz.300739,14.93,15.49,14.87,15.33,3837461,58633466.16,1.3844,2.6104,0,0
2021-04-06,sz.300739,15.44,15.54,15.24,15.5,2834154,43657491.7,1.0224,1.1089,0,0
2021-04-07,sz.300739,15.45,15.6,15.3,15.39,2380239,36672645.55,0.8587,-0.7097,0,0
2021-04-08,sz.300739,15.39,15.75,15.24,15.28,2813049,43490676.48,1.0148,-0.7147,0,0
2021-04-09,sz.300739,15.34,15.39,15.08,15.18,2057219,31228662.02,0.7421,-0.6545,0,0
2021-04-12,sz.300739,15.2,15.2,14.69,14.7,2110613,31438907.67,0.7614,-3.1621,0,0
2021-04-13,sz.300739,14.67,14.87,14.58,14.62,1407147,20679494.62,0.5076,-0.5442,0,0
2021-04-14,sz.300739,14.6,15.78,14.47,15.39,5173614,78723537.14,1.9029,5.2668,0,0
2021-04-15,sz.300739,15.35,16.38,15.2,15.94,7720411,122568327.74,2.8396,3.5737,0,0
2021-04-16,sz.300739,15.83,16.1,15.69,15.9,4352084,68951548.71,1.6007,-0.2509,0,0
2021-04-19,sz.300739,15.8,16.06,15.77,16.04,4450595,71002643.41,1.6369,0.8805,0,0
2021-04-20,sz.300739,16.08,16.43,15.84,16.18,4883067,78813026.39,1.796,0.8728,0,0
2021-04-21,sz.300739,16.0,16.06,15.7,15.91,3179431,50470269.51,1.1694,-1.6687,0,0
2021-04-22,sz.300739,15.81,16.05,15.74,15.85,2968218,47136079.32,1.0917,-0.3771,0,0
2021-04-23,sz.300739,15.82,15.87,15.5,15.57,2892287,45186421.33,1.0638,-1.7666,0,0
2021-04-26,sz.300739,15.57,15.87,15.39,15.7,2505841,39188974.32,0.9217,0.8349,0,0
2021-04-27,sz.300739,15.64,15.64,15.08,15.26,2457765,37659467.79,0.904,-2.8025,0,0
2021-04-28,sz.300739,15.0,15.0,13.81,14.09,6201842,88518609.59,2.2811,-7.6671,0,0
2021-04-29,sz.300739,13.94,14.03,13.58,13.58,3462193,47745246.74,1.2734,-3.6196,0,0
2021-04-30,sz.300739,13.57,13.58,13.13,13.35,2201878,29295149.2,0.8099,-1.6937,0,0
2021-05-06,sz.300739,13.35,13.59,13.26,13.42,1186760,15932812.58,0.4365,0.5243,0,0
2021-05-07,sz.300739,13.44,13.56,13.33,13.35,1401973,18868013.73,0.5157,-0.5216,0,0
2021-05-10,sz.300739,13.42,13.42,12.99,13.04,1856317,24306969.12,0.6828,-2.3221,0,0
2021-05-11,sz.300739,13.06,13.37,12.9,13.28,1529500,20130084.92,0.5626,1.8405,0,0
2021-05-12,sz.300739,13.33,13.57,13.1,13.52,1490074,19937436.49,0.5481,1.8072,0,0
2021-05-13,sz.300739,13.47,13.69,13.4,13.54,1538096,20854206.33,0.5657,0.1479,0,0
2021-05-14,sz.300739,13.46,13.71,13.46,13.7,1777150,24216399.25,0.6536,1.1817,0,0
2021-05-17,sz.300739,13.79,15.09,13.78,14.68,6564157,96215171.96,2.4143,7.1533,0,0
2021-05-18,sz.300739,14.2,14.55,14.08,14.48,3203600,46039271.96,1.1783,-1.3624,0,0
2021-05-19,sz.300739,14.51,14.62,14.23,14.36,2125793,30660809.71,0.7819,-0.8287,0,0
2021-05-20,sz.300739,14.33,14.52,14.25,14.27,1777133,25511853.58,0.6536,-0.6267,0,0
2021-05-21,sz.300739,14.3,14.47,13.98,14.15,2088060,29479210.0,0.768,-0.8409,0,0
2021-05-24,sz.300739,13.99,14.14,13.67,14.08,1818832,25247069.92,0.669,1.6606,0,0
2021-05-25,sz.300739,14.03,14.27,13.93,14.25,2365359,33339354.44,0.87,1.2074,0,0
2021-05-26,sz.300739,14.3,14.52,14.1,14.15,2358956,33692930.98,0.8676,-0.7018,0,0
2021-05-27,sz.300739,14.2,14.77,14.1,14.7,4126376,60137899.45,1.5177,3.8869,0,0
2021-05-28,sz.300739,14.59,14.9,14.38,14.43,2891857,42215786.38,1.0636,-1.8367,0,0
2021-05-31,sz.300739,14.53,14.57,14.3,14.47,2075141,29972004.86,0.7632,0.2772,0,0
2021-06-01,sz.300739,14.54,14.77,14.1,14.73,2856684,41607442.18,1.0507,1.7968,0,0
2021-06-02,sz.300739,14.65,14.73,14.17,14.21,2547475,36649133.84,0.937,-3.5302,0,0
2021-06-03,sz.300739,14.21,14.81,14.21,14.41,3075333,44886832.26,1.1311,1.4075,0,0
2021-06-04,sz.300739,14.34,15.5,14.32,15.3,8045227,121687975.34,2.9591,6.1763,0,0
2021-06-07,sz.300739,15.34,15.67,15.09,15.44,5009292,76722853.83,1.8424,0.915,0,0
2021-06-08,sz.300739,15.37,15.38,14.93,15.03,4465719,67526843.04,1.6425,-2.6554,0,0
2021-06-09,sz.300739,15.01,15.45,14.9,15.08,3376221,51169839.36,1.2418,0.3327,0,0
2021-06-10,sz.300739,14.99,15.26,14.78,15.24,3643557,55045608.14,1.3401,1.061,0,0
2021-06-11,sz.300739,15.17,15.17,14.61,14.63,3646577,54018661.77,1.3412,-4.0026,0,0
2021-06-15,sz.300739,14.4,14.4,13.75,13.82,3919990,54652230.87,1.4376,-5.5366,0,0
2021-06-16,sz.300739,13.87,14.45,13.87,14.02,2828365,40015476.88,1.0373,1.4472,0,0
2021-06-17,sz.300739,13.94,14.95,13.88,14.85,4179257,60435496.09,1.5327,5.9201,0,0
2021-06-18,sz.300739,14.79,16.0,14.61,15.75,9995402,154742116.25,3.6657,6.0606,0,0
2021-06-21,sz.300739,15.68,15.72,15.38,15.6,5967794,92637407.22,2.1886,-0.9524,0,0
2021-06-22,sz.300739,15.54,15.9,15.28,15.76,6397715,99712938.8,2.3463,1.0256,0,0
2021-06-23,sz.300739,15.76,17.6,15.65,17.12,13552853,226050312.61,4.9703,8.6294,0,0
2021-06-24,sz.300739,16.81,18.0,16.71,17.58,10768376,185347101.12,3.9492,2.6869,0,0
2021-06-25,sz.300739,17.28,17.3,16.68,16.85,6347949,107551007.58,2.328,-4.1524,0,0
2021-06-28,sz.300739,16.64,16.85,16.36,16.48,5578164,92239267.37,2.0457,-2.1958,0,0
2021-06-29,sz.300739,16.65,16.76,16.01,16.16,4491044,72974841.86,1.647,-1.9417,0,0
2021-06-30,sz.300739,16.25,16.98,16.16,16.69,6046332,100565848.34,2.2174,3.2797,0,0
2021-07-01,sz.300739,16.5,16.54,15.64,15.65,5435660,87089706.26,1.9935,-6.2313,0,0
2021-07-02,sz.300739,15.6,16.05,15.55,15.83,2883738,45605066.32,1.0576,1.1502,0,0
2021-07-05,sz.300739,15.85,16.39,15.85,16.24,3265010,52797071.4,1.1974,2.59,0,0
2021-07-06,sz.300739,16.19,16.47,15.81,16.03,3361981,54118126.82,1.233,-1.2931,0,0
2021-07-07,sz.300739,15.93,16.36,15.75,16.23,3200140,51494755.3,1.1736,1.2477,0,0
2021-07-08,sz.300739,16.1,16.97,16.1,16.7,6456057,107761658.95,2.3677,2.8959,0,0
2021-07-09,sz.300739,16.51,16.83,16.2,16.7,4915373,81192860.34,1.8026,0.0,0,0
2021-07-12,sz.300739,16.6,17.0,16.57,16.94,5278061,88969726.67,1.9357,1.4371,0,0
2021-07-13,sz.300739,16.81,16.92,16.41,16.6,4240262,70200147.31,1.5551,-2.0071,0,0
2021-07-14,sz.300739,16.68,16.68,15.78,15.95,4370189,70503622.83,1.6027,-3.9157,0,0
2021-07-15,sz.300739,15.88,16.14,15.18,15.42,4027621,62472945.46,1.4771,-3.3229,0,0
2021-07-16,sz.300739,15.42,15.78,15.42,15.6,2625745,40977823.0,0.963,1.1673,0,0
2021-07-19,sz.300739,15.58,15.97,15.36,15.68,2505081,39407324.11,0.9187,0.5128,0,0
2021-07-20,sz.300739,15.63,16.11,15.46,16.05,2700975,42798960.0,0.9905,2.3597,0,0
2021-07-21,sz.300739,16.0,16.2,15.84,15.99,3125765,50085786.15,1.1463,-0.3738,0,0
2021-07-22,sz.300739,15.88,16.69,15.81,16.69,5630119,92351487.77,2.0648,4.3777,0,0
2021-07-23,sz.300739,16.69,16.75,15.99,16.0,4075229,66475450.73,1.4945,-4.1342,0,0
2021-07-26,sz.300739,15.85,16.32,15.14,15.7,4071077,64238284.76,1.493,-1.875,0,0
2021-07-27,sz.300739,15.88,18.84,15.85,18.84,11151935,205467656.97,4.0898,20.0,1,0
2021-07-28,sz.300739,20.38,22.6,20.15,21.98,39122139,831444457.24,14.3475,16.6667,0,0
2021-07-29,sz.300739,20.98,25.41,20.66,24.41,43409787,970811825.41,15.9199,11.0555,0,0
2021-07-30,sz.300739,23.0,23.24,21.1,21.33,38122669,849916250.34,13.981,-12.6178,0,0
2021-08-02,sz.300739,20.97,25.6,20.68,25.6,47783104,1130805953.22,17.5238,20.0188,1,0
2021-08-03,sz.300739,26.99,27.25,22.79,23.32,46500245,1159643621.2,17.0533,-8.9063,0,0
2021-08-04,sz.300739,22.6,23.98,22.11,23.02,29803352,682377670.17,10.93,-1.2864,0,0
2021-08-05,sz.300739,22.4,22.4,21.3,21.53,23546688,510498116.16,8.6354,-6.4726,0,0
2021-08-06,sz.300739,21.88,22.86,20.51,22.31,24811809,540852656.37,9.0994,3.6229,0,0
2021-08-09,sz.300739,21.58,21.95,20.8,21.07,16801380,356694340.17,6.1617,-5.558,0,0
2021-08-10,sz.300739,21.08,21.49,20.7,21.2,15501756,326918478.13,5.3787,0.617,0,0
2021-08-11,sz.300739,20.85,21.34,20.62,21.06,12080138,253989702.61,4.1915,-0.6604,0,0
2021-08-12,sz.300739,20.82,22.37,20.79,21.94,21592043,472305804.58,7.4919,4.1785,0,0
2021-08-13,sz.300739,21.65,21.65,20.7,20.9,14384862,302364988.76,4.9912,-4.7402,0,0
2021-08-16,sz.300739,20.46,22.51,20.38,21.56,18090019,390544555.03,6.2768,3.1579,0,0
2021-08-17,sz.300739,21.29,21.92,19.5,19.61,15772717,323300503.61,5.4728,-9.0445,0,0
2021-08-18,sz.300739,19.55,19.95,18.83,19.19,11972213,230857532.64,4.1541,-2.1418,0,0
2021-08-19,sz.300739,19.26,19.49,18.5,18.95,8963556,169698865.19,3.1101,-1.2507,0,0
2021-08-20,sz.300739,18.8,18.94,18.2,18.5,8224952,152278985.17,2.8539,-2.3747,0,0
2021-08-23,sz.300739,18.45,19.27,18.45,19.1,8157956,154926897.02,2.8306,3.2432,0,0
2021-08-24,sz.300739,19.29,19.35,18.8,18.84,7940051,150956149.84,2.755,-1.3613,0,0
2021-08-25,sz.300739,18.47,18.87,18.16,18.28,9744173,179257338.13,3.381,-2.9724,0,0
2021-08-26,sz.300739,18.23,18.46,17.65,17.86,9199529,166212919.43,3.192,-2.2976,0,0
2021-08-27,sz.300739,17.87,17.99,16.97,17.15,9206800,158987889.59,3.1945,-3.9754,0,0
2021-08-30,sz.300739,17.35,17.38,16.58,16.75,7544035,128023851.31,2.6176,-2.3324,0,0
2021-08-31,sz.300739,17.01,17.01,16.1,16.35,6280499,102891609.43,2.1792,-2.3881,0,0
2021-09-01,sz.300739,16.39,16.74,15.9,16.54,9770973,159938415.6,3.3903,1.1621,0,0
2021-09-02,sz.300739,16.43,16.45,16.17,16.4,6442328,104930897.74,2.2353,-0.8464,0,0
2021-09-03,sz.300739,16.29,17.02,16.29,16.81,10642198,177793670.91,3.6926,2.5,0,0
2021-09-06,sz.300739,16.88,18.1,16.58,17.77,14952729,259529272.55,5.1882,5.7109,0,0
2021-09-07,sz.300739,17.55,17.79,17.32,17.52,9012548,157610646.87,3.1271,-1.4069,0,0
2021-09-08,sz.300739,17.39,17.71,17.27,17.53,6761611,118048283.79,2.3461,0.0571,0,0
2021-09-09,sz.300739,17.44,17.45,16.93,17.14,6382978,109325378.66,2.2147,-2.2248,0,0
2021-09-10,sz.300739,17.2,17.42,16.85,17.22,6456453,110968988.23,2.2402,0.4667,0,0
2021-09-13,sz.300739,17.33,17.33,16.61,16.72,5935281,99686713.37,2.0594,-2.9036,0,0
2021-09-14,sz.300739,16.84,17.04,16.52,16.6,4682866,78704287.86,1.6248,-0.7177,0,0
2021-09-15,sz.300739,16.6,16.82,16.37,16.75,3955004,65754430.21,1.3723,0.9036,0,0
2021-09-16,sz.300739,16.82,16.86,16.08,16.08,4782700,78819837.29,1.6595,-4.0,0,0
2021-09-17,sz.300739,16.05,16.27,15.52,15.82,4756249,75312130.68,1.6503,-1.6169,0,0
2021-09-22,sz.300739,15.55,15.82,15.5,15.64,2873462,44901246.68,0.997,-1.1378,0,0
2021-09-23,sz.300739,15.6,16.73,15.51,16.54,7542081,121892746.25,2.6169,5.7545,0,0
2021-09-24,sz.300739,16.16,16.23,15.66,15.73,5922833,94310838.9,2.0551,-4.8972,0,0
2021-09-27,sz.300739,16.0,16.1,15.21,15.21,3951141,61667851.33,1.371,-3.3058,0,0
2021-09-28,sz.300739,15.21,16.76,15.17,16.62,8737682,140100652.01,3.0318,9.2702,0,0
2021-09-29,sz.300739,16.0,16.38,15.73,15.82,7377224,118740108.51,2.5597,-4.8135,0,0
2021-09-30,sz.300739,15.87,16.34,15.87,16.1,4130084,66699903.8,1.433,1.7699,0,0
2021-10-08,sz.300739,16.17,17.36,16.1,17.19,9357088,157730290.56,3.2467,6.7702,0,0
2021-10-11,sz.300739,17.48,17.75,16.83,16.92,8225680,141630839.42,2.8541,-1.5707,0,0
2021-10-12,sz.300739,16.89,16.89,16.36,16.71,5385484,89337816.76,1.8684,-1.2411,0,0
2021-10-13,sz.300739,16.38,17.01,16.38,16.94,4986897,83941993.53,1.7301,1.3764,0,0
2021-10-14,sz.300739,17.0,17.05,16.41,16.51,4283775,70936620.34,1.4862,-2.5384,0,0
2021-10-15,sz.300739,16.51,16.6,15.96,16.11,4420983,71659018.35,1.5338,-2.4228,0,0
2021-10-18,sz.300739,16.1,16.28,15.7,16.16,3181849,50695937.46,1.1039,0.3104,0,0
2021-10-19,sz.300739,16.06,16.32,16.0,16.22,2663624,43079882.43,0.9241,0.3713,0,0
2021-10-20,sz.300739,16.22,16.23,15.74,15.79,3042636,48558441.66,1.0556,-2.651,0,0
2021-10-21,sz.300739,15.78,15.88,15.41,15.46,2888167,45088556.33,1.002,-2.0899,0,0
2021-10-22,sz.300739,15.49,16.08,15.45,15.9,3854948,61234788.78,1.3374,2.8461,0,0
2021-10-25,sz.300739,15.8,16.8,15.53,16.53,5997268,97683523.71,2.0807,3.9623,0,0
2021-10-26,sz.300739,16.46,16.85,16.29,16.73,6482677,107657085.38,2.2491,1.2099,0,0
2021-10-27,sz.300739,16.55,16.6,16.0,16.08,4745540,76999714.8,1.6464,-3.8852,0,0
2021-10-28,sz.300739,16.19,16.7,16.03,16.07,4869250,79678759.69,1.6893,-0.0622,0,0
2021-10-29,sz.300739,16.26,16.63,15.52,16.49,6239979,101317841.11,2.1649,2.6136,0,0
2021-11-01,sz.300739,16.6,17.8,16.52,17.55,13445466,233097144.39,4.6647,6.4281,0,0
2021-11-02,sz.300739,17.55,20.5,17.39,18.49,23621080,445155855.72,8.195,5.3561,0,0
2021-11-03,sz.300739,18.2,19.26,17.98,18.49,15936128,295392797.48,5.5288,0.0,0,0
2021-11-04,sz.300739,18.23,18.6,18.1,18.5,11867325,217942875.34,4.1172,0.0541,0,0
2021-11-05,sz.300739,18.39,19.2,18.26,18.85,13518241,252728322.9,4.6899,1.8919,0,0
2021-11-08,sz.300739,18.5,18.5,17.82,18.15,9449295,171864032.14,3.2783,-3.7135,0,0
2021-11-09,sz.300739,18.02,18.8,18.02,18.75,10431828,192604057.49,3.6192,3.3058,0,0
2021-11-10,sz.300739,18.55,19.1,18.42,18.86,10445509,196434291.94,3.6239,0.5867,0,0
2021-11-11,sz.300739,18.95,19.86,18.75,19.58,15379483,298451943.23,5.3357,3.8176,0,0
2021-11-12,sz.300739,19.45,22.58,18.97,20.85,25122213,511439955.56,8.7158,6.4862,0,0
2021-11-15,sz.300739,20.4,23.7,20.2,21.73,30560692,666496017.88,10.6026,4.2206,0,0
2021-11-16,sz.300739,21.3,22.28,20.3,21.0,21593681,455940184.58,7.4916,-3.3594,0,0
2021-11-17,sz.300739,20.58,20.98,20.3,20.78,11878230,245057900.35,4.121,-1.0476,0,0
2021-11-18,sz.300739,20.49,20.65,19.43,19.47,13624269,272212416.37,4.7267,-6.3041,0,0
2021-11-19,sz.300739,19.7,19.8,19.09,19.24,10041376,195039525.42,3.4837,-1.1813,0,0
2021-11-22,sz.300739,19.39,20.28,19.38,20.19,13065016,261238827.27,4.5327,4.9376,0,0
2021-11-23,sz.300739,20.0,20.58,19.71,19.98,11780223,236867593.06,4.087,-1.0401,0,0
2021-11-24,sz.300739,19.95,20.52,19.59,20.11,11071320,222990973.67,3.841,0.6507,0,0
2021-11-25,sz.300739,20.07,20.94,19.9,20.89,14197544,291887853.02,4.9256,3.8787,0,0
2021-11-26,sz.300739,20.7,21.2,19.72,19.77,12231741,249645921.11,4.2436,-5.3614,0,0
2021-11-29,sz.300739,19.0,19.49,18.65,19.22,7639494,146810494.1,2.6504,-2.782,0,0
2021-11-30,sz.300739,19.3,19.88,18.99,19.22,7231384,140249027.04,2.5088,0.0,0,0
2021-12-01,sz.300739,19.15,19.68,19.1,19.63,6494554,126380020.44,2.2532,2.1332,0,0
2021-12-02,sz.300739,19.85,19.85,18.88,18.88,6961026,134080481.07,2.415,-3.8207,0,0
2021-12-03,sz.300739,19.08,19.63,18.93,19.32,6642836,128563762.19,2.3046,2.3305,0,0
2021-12-06,sz.300739,19.35,19.4,18.25,18.52,7855879,146292503.49,2.7255,-4.1408,0,0
2021-12-07,sz.300739,18.79,18.81,17.92,18.05,4627820,84296101.08,1.6055,-2.5378,0,0
2021-12-08,sz.300739,18.53,18.68,18.3,18.46,4181590,77414218.91,1.4507,2.2715,0,0
2021-12-09,sz.300739,18.25,18.97,18.25,18.56,4662851,86903943.9,1.6177,0.5417,0,0
2021-12-10,sz.300739,18.52,18.77,18.42,18.45,3312155,61423820.6,1.1491,-0.5927,0,0
2021-12-13,sz.300739,18.4,19.07,18.39,18.93,6081059,114589081.2,2.1097,2.6016,0,0
2021-12-14,sz.300739,18.99,19.48,18.81,19.28,6867212,132105813.31,2.3825,1.8489,0,0
2021-12-15,sz.300739,19.25,19.45,18.87,19.07,5838885,111444664.19,2.0257,-1.0892,0,0
2021-12-16,sz.300739,19.07,19.35,18.98,19.35,4434346,85000896.4,1.5384,1.4683,0,0
2021-12-17,sz.300739,19.23,19.23,18.62,18.62,5500820,103512789.93,1.9084,-3.7726,0,0
2021-12-20,sz.300739,18.6,18.9,18.24,18.26,3683443,68213101.34,1.2779,-1.9334,0,0
2021-12-21,sz.300739,18.24,18.88,18.24,18.83,3785398,70525684.13,1.3133,3.1216,0,0
2021-12-22,sz.300739,18.88,19.36,18.66,19.01,5733533,109531774.84,1.9892,0.9559,0,0
2021-12-23,sz.300739,18.95,20.17,18.95,19.89,12228172,241958309.13,4.2424,4.6291,0,0
2021-12-24,sz.300739,19.98,20.3,19.45,19.85,8580836,170078931.07,2.977,-0.2011,0,0
2021-12-27,sz.300739,19.85,20.4,19.66,19.95,7246924,144997920.48,2.5142,0.5038,0,0
2021-12-28,sz.300739,19.8,20.1,19.38,19.53,6141716,120435630.46,2.1308,-2.1053,0,0
2021-12-29,sz.300739,19.4,19.46,19.14,19.25,4365929,84192295.9,1.5147,-1.4337,0,0
2021-12-30,sz.300739,19.23,19.78,19.18,19.35,5493336,107093701.16,1.9058,0.5195,0,0
2021-12-31,sz.300739,19.36,19.55,19.03,19.31,5022916,96498271.82,1.7426,-0.2067,0,0
2022-01-04,sz.300739,19.5,19.86,19.01,19.41,5454525,106098930.91,1.8924,0.5179,0,0
2022-01-05,sz.300739,19.36,19.41,18.32,18.48,8125054,151310712.92,2.8189,-4.7913,0,0
2022-01-06,sz.300739,18.3,18.47,17.77,18.03,6362463,114889997.88,2.2074,-2.4351,0,0
2022-01-07,sz.300739,18.08,18.28,17.3,17.36,5898037,104467216.8,2.0462,-3.716,0,0
2022-01-10,sz.300739,17.36,17.78,17.23,17.6,3412973,59887129.37,1.1841,1.3825,0,0
2022-01-11,sz.300739,17.6,17.7,17.33,17.4,3501461,61347955.38,1.2148,-1.1364,0,0
2022-01-12,sz.300739,17.46,17.7,17.45,17.64,3017482,53088861.71,1.0469,1.3793,0,0
2022-01-13,sz.300739,17.63,17.69,17.25,17.3,3062446,53407820.94,1.0625,-1.9274,0,0
2022-01-14,sz.300739,17.41,17.63,17.01,17.44,3023650,52851763.46,1.049,0.8092,0,0
2022-01-17,sz.300739,17.34,17.9,17.25,17.83,3897736,69113437.08,1.3522,2.2362,0,0
2022-01-18,sz.300739,17.84,17.92,17.45,17.53,3483466,61608961.93,1.2085,-1.6826,0,0
2022-01-19,sz.300739,17.49,17.65,17.28,17.6,2743367,47921966.63,0.9518,0.3993,0,0
2022-01-20,sz.300739,17.58,17.68,16.66,16.7,4147770,70864751.0,1.439,-5.1136,0,0
2022-01-21,sz.300739,16.73,16.98,16.58,16.79,2252838,37821922.95,0.7816,0.5389,0,0
2022-01-24,sz.300739,16.79,17.06,16.4,16.5,3417131,57236723.84,1.1855,-1.7272,0,0
2022-01-25,sz.300739,16.67,16.67,15.64,15.64,4945510,79048814.66,1.7158,-5.2121,0,0
2022-01-26,sz.300739,15.68,16.1,15.68,15.95,2639261,42021295.92,0.9156,1.9821,0,0
2022-01-27,sz.300739,15.98,16.05,15.19,15.2,2937850,45543063.02,1.0192,-4.7022,0,0
2022-01-28,sz.300739,15.39,15.96,15.34,15.68,3395025,53186029.75,1.1778,3.1579,0,0
2022-02-07,sz.300739,16.0,16.07,15.72,15.92,1873584,29775448.74,0.65,1.5306,0,0
2022-02-08,sz.300739,16.0,16.05,15.62,15.91,1825745,28920311.5,0.6334,-0.0628,0,0
2022-02-09,sz.300739,15.79,16.3,15.79,16.26,2496950,40240371.4,0.8663,2.1999,0,0
2022-02-10,sz.300739,16.0,16.15,15.85,16.04,3147358,50248016.47,1.0919,-1.353,0,0
2022-02-11,sz.300739,15.96,16.04,15.64,15.66,2520277,39894960.8,0.8744,-2.3691,0,0
2022-02-14,sz.300739,15.6,15.88,15.4,15.7,1721292,27065539.73,0.5972,0.2554,0,0
2022-02-15,sz.300739,15.69,15.9,15.58,15.76,1934801,30495240.75,0.6712,0.3822,0,0
2022-02-16,sz.300739,15.86,16.06,15.77,15.92,2106676,33567960.16,0.7309,1.0152,0,0
2022-02-17,sz.300739,15.84,16.02,15.79,15.82,1981200,31499487.63,0.6873,-0.6281,0,0
2022-02-18,sz.300739,15.65,15.93,15.58,15.9,1823200,28703498.98,0.6325,0.5057,0,0
2022-02-21,sz.300739,15.81,16.32,15.81,16.2,2727299,44002431.52,0.9462,1.8868,0,0
2022-02-22,sz.300739,16.0,16.19,15.86,16.06,2074148,33185334.77,0.7196,-0.8642,0,0
2022-02-23,sz.300739,16.06,16.62,16.01,16.54,4337693,71453535.35,1.5049,2.9888,0,0
2022-02-24,sz.300739,16.54,16.67,15.74,16.02,4555396,73849475.96,1.5804,-3.1439,0,0
2022-02-25,sz.300739,16.19,16.44,16.08,16.12,2117050,34388392.0,0.7345,0.6242,0,0
2022-02-28,sz.300739,16.09,16.18,15.71,16.11,2322397,37084088.0,0.8057,-0.062,0,0
2022-03-01,sz.300739,16.0,16.21,15.86,16.02,1658750,26580576.0,0.5755,-0.5587,0,0
2022-03-02,sz.300739,15.97,15.99,15.76,15.87,1447400,22979799.0,0.5021,-0.9363,0,0
2022-03-03,sz.300739,15.95,16.03,15.65,15.67,2193762,34635754.0,0.7611,-1.2602,0,0
2022-03-04,sz.300739,15.66,15.81,15.31,15.39,2050325,31895490.0,0.7113,-1.7869,0,0
2022-03-07,sz.300739,15.3,15.5,15.04,15.08,2229500,33869575.0,0.7735,-2.0143,0,0
2022-03-08,sz.300739,15.09,15.25,14.6,14.7,2194853,32667512.0,0.7615,-2.5199,0,0
2022-03-09,sz.300739,14.75,15.04,13.82,14.54,2766100,40095445.0,0.9596,-1.0884,0,0
2022-03-10,sz.300739,14.84,14.92,14.67,14.67,2133625,31607295.0,0.7402,0.8941,0,0
2022-03-11,sz.300739,14.55,14.91,14.32,14.86,1804400,26344154.0,0.626,1.2952,0,0
2022-03-14,sz.300739,14.72,14.73,14.35,14.35,1802200,26193644.0,0.6252,-3.432,0,0
2022-03-15,sz.300739,14.18,14.3,13.6,13.6,2582600,36092157.0,0.896,-5.2265,0,0
2022-03-16,sz.300739,13.89,14.09,13.36,14.01,3066037,42385566.0,1.0637,3.0147,0,0
2022-03-17,sz.300739,14.17,14.53,14.11,14.28,3218900,46229759.0,1.1167,1.9272,0,0
2022-03-18,sz.300739,14.2,14.6,14.16,14.47,2315925,33508659.5,0.8035,1.3305,0,0
2022-03-21,sz.300739,14.42,14.75,14.38,14.51,1851623,26929409.6,0.6424,0.2764,0,0
2022-03-22,sz.300739,14.47,14.6,14.36,14.52,1652400,23935268.75,0.5733,0.0689,0,0
2022-03-23,sz.300739,14.55,14.96,14.45,14.93,3839256,56751290.8,1.332,2.8237,0,0
2022-03-24,sz.300739,15.65,16.0,14.87,14.93,8172436,125600503.62,2.8353,0.0,0,0
2022-03-25,sz.300739,14.94,14.98,14.46,14.52,4651960,68364022.87,1.6139,-2.7461,0,0
2022-03-28,sz.300739,14.41,14.55,14.1,14.38,2301473,32891212.46,0.7985,-0.9642,0,0
2022-03-29,sz.300739,14.45,14.48,14.14,14.16,1464665,20915940.2,0.5081,-1.5299,0,0
2022-03-30,sz.300739,14.29,14.4,14.12,14.29,1441950,20581139.0,0.5003,0.9181,0,0
2022-03-31,sz.300739,14.23,14.35,14.13,14.16,1231699,17526012.32,0.4273,-0.9097,0,0
2022-04-01,sz.300739,14.1,14.31,13.89,14.25,1610270,22782838.6,0.5587,0.6356,0,0
2022-04-06,sz.300739,14.19,14.38,14.01,14.24,1421200,20206245.83,0.4913,-0.0702,0,0
2022-04-07,sz.300739,14.2,14.24,13.82,13.82,1564600,21876263.85,0.5408,-2.9494,0,0
2022-04-08,sz.300739,13.87,14.03,13.46,13.95,1608991,22192871.08,0.5562,0.9407,0,0
2022-04-11,sz.300739,13.83,13.88,13.03,13.03,2121760,28297977.69,0.7334,-6.595,0,0
2022-04-12,sz.300739,13.06,13.2,12.8,13.15,2004525,26117163.25,0.6929,0.921,0,0
2022-04-13,sz.300739,13.07,13.2,12.75,12.88,1691512,21877846.76,0.5847,-2.0532,0,0
2022-04-14,sz.300739,12.86,13.1,12.84,12.98,1140086,14793696.75,0.3941,0.7764,0,0
2022-04-15,sz.300739,12.88,12.9,12.55,12.7,1216900,15495466.0,0.4206,-2.1572,0,0
2022-04-18,sz.300739,12.64,13.12,12.42,13.0,1333625,17201703.5,0.461,2.3622,0,0
2022-04-19,sz.300739,13.0,13.12,12.86,12.96,902150,11703402.0,0.3118,-0.3077,0,0
2022-04-20,sz.300739,12.97,13.38,12.97,13.24,2498100,32988833.0,0.8635,2.1605,0,0
2022-04-21,sz.300739,13.3,13.75,12.7,12.77,3274905,43547199.47,1.132,-3.5498,0,0
2022-04-22,sz.300739,12.56,13.3,12.02,13.2,4028610,50985737.94,1.3925,3.3673,0,0
2022-04-25,sz.300739,12.99,13.41,12.36,12.43,3678303,47973206.75,1.2714,-5.8333,0,0
2022-04-26,sz.300739,12.45,13.09,12.03,12.59,3460218,43824310.83,1.1961,1.2872,0,0
2022-04-27,sz.300739,12.4,13.39,12.21,13.39,4993865,64923608.52,1.7262,6.3542,0,0
2022-04-28,sz.300739,13.4,13.5,12.6,12.97,4592611,59430811.46,1.5875,-3.1367,0,0
2022-04-29,sz.300739,13.36,13.89,13.2,13.77,6683787,90811988.75,2.3103,6.1681,0,0
2022-05-05,sz.300739,13.77,14.15,13.66,14.04,5145568,71683594.69,1.7786,1.9608,0,0
2022-05-06,sz.300739,13.8,14.18,13.69,13.97,3399100,47359557.44,1.1749,-0.4986,0,0
2022-05-09,sz.300739,13.73,14.25,13.73,14.0,2410183,33823452.86,0.8331,0.2147,0,0
2022-05-10,sz.300739,13.81,14.48,13.76,14.26,3847200,54785947.12,1.3298,1.8571,0,0
2022-05-11,sz.300739,14.26,14.78,14.21,14.31,5763700,83912707.07,1.9923,0.3506,0,0
2022-05-12,sz.300739,14.32,14.54,14.16,14.38,3973708,56885280.38,1.3736,0.4892,0,0
2022-05-13,sz.300739,14.31,14.55,14.3,14.43,2920479,42085426.67,1.0095,0.3477,0,0
2022-05-16,sz.300739,14.43,14.66,14.25,14.32,3009471,43478083.24,1.0403,-0.7623,0,0
2022-05-17,sz.300739,14.21,14.59,14.16,14.31,2805799,40076068.79,0.9699,-0.0698,0,0
2022-05-18,sz.300739,14.32,14.58,14.16,14.4,2588005,37338342.66,0.8946,0.6289,0,0
2022-05-19,sz.300739,14.14,14.7,14.0,14.65,3495257,50795928.99,1.2082,1.7361,0,0
2022-05-20,sz.300739,14.8,14.83,14.51,14.78,3873707,56864353.33,1.339,0.8874,0,0
2022-05-23,sz.300739,14.76,14.9,14.66,14.9,3665574,54285629.19,1.267,0.8119,0,0
2022-05-24,sz.300739,14.63,14.71,13.96,14.0,3724904,53496389.12,1.2876,-4.3062,0,0
2022-05-25,sz.300739,14.0,14.18,13.96,14.08,1907341,26801791.23,0.6593,0.5714,0,0
2022-05-26,sz.300739,14.13,14.25,13.72,14.1,1904678,26742973.44,0.6584,0.142,0,0
2022-05-27,sz.300739,14.1,14.34,13.88,13.97,2074950,29218228.5,0.7172,-0.922,0,0
2022-05-30,sz.300739,13.98,14.35,13.97,14.29,3053049,43505861.25,1.0553,2.2906,0,0
2022-05-31,sz.300739,14.27,14.63,14.21,14.57,3204299,46325017.66,1.1076,1.9594,0,0
2022-06-01,sz.300739,14.58,14.87,14.46,14.79,4711474,69284088.35,1.6286,1.51,0,0
2022-06-02,sz.300739,14.76,15.08,14.7,15.03,3545223,52985129.36,1.2254,1.6227,0,0
2022-06-06,sz.300739,15.0,15.23,15.0,15.1,3519831,53239056.41,1.2167,0.4657,0,0
2022-06-07,sz.300739,15.1,15.2,14.83,14.91,3279138,49036599.04,1.1335,-1.2583,0,0
2022-06-08,sz.300739,14.92,15.0,14.48,14.79,2953365,43447241.7,1.0209,-0.8048,0,0
2022-06-09,sz.300739,14.68,14.75,14.24,14.37,2098250,30224272.25,0.7253,-2.8398,0,0
2022-06-10,sz.300739,14.27,14.69,14.22,14.58,2456017,35753530.77,0.849,1.4614,0,0
2022-06-13,sz.300739,14.61,14.95,14.46,14.95,3428530,50794517.98,1.1851,2.5377,0,0
2022-06-14,sz.300739,14.85,15.04,14.54,14.97,3020075,44727353.33,1.0439,0.1338,0,0
2022-06-15,sz.300739,15.02,15.32,14.83,14.9,4106679,61741429.98,1.4195,-0.4676,0,0
2022-06-16,sz.300739,14.87,15.38,14.87,15.17,3503171,53219593.54,1.2109,1.8121,0,0
2022-06-17,sz.300739,15.08,15.26,14.91,15.12,2450339,36988438.92,0.847,-0.3296,0,0
2022-06-20,sz.300739,15.27,15.44,15.06,15.21,2547893,38810893.9,0.8792,0.5952,0,0
2022-06-21,sz.300739,15.22,15.44,15.05,15.28,2621803,40112021.39,0.9047,0.4602,0,0
2022-06-22,sz.300739,15.36,15.36,14.83,14.85,2197975,33026441.4,0.7584,-2.8141,0,0
2022-06-23,sz.300739,14.86,15.75,14.77,15.69,6120910,94834793.89,2.112,5.6566,0,0
2022-06-24,sz.300739,15.56,15.95,15.5,15.93,4982434,78492839.57,1.7192,1.5296,0,0
2022-06-27,sz.300739,16.03,16.15,15.66,15.84,3779622,59969262.94,1.3042,-0.565,0,0
2022-06-28,sz.300739,15.94,16.24,15.68,16.22,4964927,79545043.89,1.7132,2.399,0,0
2022-06-29,sz.300739,16.15,16.58,16.05,16.22,5859188,95715881.26,2.0217,0.0,0,0
2022-06-30,sz.300739,16.27,16.53,15.98,16.02,5799990,93789293.94,2.0013,-1.233,0,0
2022-07-01,sz.300739,16.03,16.45,16.02,16.08,4082301,66156686.51,1.4086,0.3745,0,0
2022-07-04,sz.300739,16.05,16.07,15.68,15.76,2891291,45754362.87,0.9977,-1.99,0,0
2022-07-05,sz.300739,15.78,15.97,15.28,15.6,3332675,51864976.5,1.15,-1.0152,0,0
2022-07-06,sz.300739,15.7,15.93,15.41,15.63,3642549,57168852.06,1.2569,0.1923,0,0
2022-07-07,sz.300739,15.64,16.01,15.46,15.96,3696290,58365026.35,1.2754,2.1113,0,0
2022-07-08,sz.300739,15.99,16.34,15.88,15.9,4400875,70917364.82,1.5185,-0.3759,0,0
2022-07-11,sz.300739,15.73,15.89,15.3,15.45,2632477,40896899.91,0.9083,-2.8302,0,0
2022-07-12,sz.300739,15.45,15.48,14.76,14.8,2878815,43192915.0,0.9933,-4.2071,0,0
2022-07-13,sz.300739,14.8,14.93,14.68,14.87,1971882,29220230.82,0.6804,0.473,0,0
2022-07-14,sz.300739,14.87,15.68,14.72,15.53,4826750,74125163.25,1.6655,4.4385,0,0
2022-07-15,sz.300739,15.42,15.77,15.04,15.37,3900732,60180429.79,1.346,-1.0303,0,0
2022-07-18,sz.300739,15.51,15.87,15.35,15.74,3834485,59971086.88,1.3231,2.4073,0,0
2022-07-19,sz.300739,15.77,16.17,15.77,16.03,4046358,64800408.52,1.3962,1.8424,0,0
2022-07-20,sz.300739,15.99,16.23,15.85,15.92,2937175,46973007.5,1.0135,-0.6862,0,0
2022-07-21,sz.300739,15.99,16.28,15.81,16.02,3921015,63061688.83,1.353,0.6281,0,0
2022-07-22,sz.300739,15.92,16.5,15.8,15.97,3612728,57991555.49,1.2466,-0.3121,0,0
2022-07-25,sz.300739,15.92,16.14,15.54,15.72,2902639,45732166.89,1.0016,-1.5654,0,0
2022-07-26,sz.300739,15.83,15.85,15.38,15.62,2414006,37576123.54,0.833,-0.6361,0,0
2022-07-27,sz.300739,15.76,16.13,15.53,15.88,2733850,43351939.38,0.9433,1.6645,0,0
2022-07-28,sz.300739,16.08,17.36,15.88,17.14,11889200,199985743.45,4.1024,7.9345,0,0
2022-07-29,sz.300739,16.89,16.92,16.37,16.43,10210318,169244283.67,3.5231,-4.1424,0,0
2022-08-01,sz.300739,16.43,17.12,16.05,17.1,8919762,149731890.58,3.0778,4.0779,0,0
2022-08-02,sz.300739,16.81,17.13,16.35,16.67,8786614,147262545.6,3.0319,-2.5146,0,0
2022-08-03,sz.300739,16.73,17.31,16.45,16.71,10115565,171500398.76,3.4904,0.24,0,0
2022-08-04,sz.300739,17.05,17.31,16.64,17.22,11006820,187510975.77,3.7979,3.0521,0,0
2022-08-05,sz.300739,17.1,17.95,16.9,17.72,14720004,257127266.23,5.0792,2.9036,0,0
2022-08-08,sz.300739,17.63,17.63,17.09,17.38,10299211,177709213.03,3.5538,-1.9187,0,0
2022-08-09,sz.300739,17.19,17.21,16.79,17.15,8212491,139540371.91,2.8337,-1.3234,0,0
2022-08-10,sz.300739,17.2,17.32,16.95,17.12,6703621,115133653.97,2.3131,-0.1749,0,0
2022-08-11,sz.300739,17.29,17.56,17.1,17.16,8316550,143989713.57,2.8697,0.2336,0,0
2022-08-12,sz.300739,17.25,17.32,16.65,16.69,7099751,120225606.46,2.4498,-2.7389,0,0
2022-08-15,sz.300739,16.76,16.88,16.48,16.86,4045201,67612165.68,1.3958,1.0186,0,0
2022-08-16,sz.300739,16.85,17.07,16.67,16.8,3826264,64344788.16,1.3203,-0.3559,0,0
2022-08-17,sz.300739,16.74,16.92,16.6,16.77,3802775,63834625.0,1.3122,-0.1786,0,0
2022-08-18,sz.300739,16.73,17.17,16.56,17.12,5312782,90139137.8,1.8332,2.0871,0,0
2022-08-19,sz.300739,17.12,17.32,16.61,16.61,4590241,77716343.9,1.5839,-2.979,0,0
2022-08-22,sz.300739,16.52,17.04,16.28,16.93,4267982,71834796.43,1.4727,1.9266,0,0
2022-08-23,sz.300739,16.86,17.03,16.6,16.71,3231526,54239741.39,1.115,-1.2995,0,0
2022-08-24,sz.300739,16.78,16.78,15.71,15.85,4781204,77010407.44,1.6498,-5.1466,0,0
2022-08-25,sz.300739,15.9,15.99,15.32,15.72,3802378,59232456.31,1.312,-0.8202,0,0
2022-08-26,sz.300739,15.9,16.15,15.42,15.44,4662060,73706180.52,1.6087,-1.7812,0,0
2022-08-29,sz.300739,15.3,15.58,15.12,15.32,3411770,52341608.82,1.1772,-0.7772,0,0
2022-08-30,sz.300739,15.44,15.63,15.19,15.35,3382596,52064006.93,1.1672,0.1958,0,0
2022-08-31,sz.300739,15.35,15.45,14.5,14.6,4423212,65798736.79,1.5262,-4.886,0,0
2022-09-01,sz.300739,14.62,14.68,14.25,14.33,3399364,49087702.02,1.173,-1.8493,0,0
2022-09-02,sz.300739,14.37,14.75,14.35,14.65,2753713,40134091.44,0.9502,2.2331,0,0
2022-09-05,sz.300739,14.7,14.88,14.52,14.62,3101300,45488496.68,1.0701,-0.2048,0,0
2022-09-06,sz.300739,14.78,14.93,14.5,14.91,3124494,46084052.3,1.0781,1.9836,0,0
2022-09-07,sz.300739,14.9,15.2,14.8,15.07,3041966,45774334.9,1.0496,1.0731,0,0
2022-09-08,sz.300739,15.07,15.16,14.75,14.78,2220300,33011472.0,0.7661,-1.9244,0,0
2022-09-09,sz.300739,14.94,14.94,14.54,14.71,2063511,30262684.15,0.712,-0.4736,0,0
2022-09-13,sz.300739,14.76,14.95,14.65,14.77,2357630,34846127.46,0.8135,0.4079,0,0
2022-09-14,sz.300739,14.5,14.67,14.25,14.6,1778317,25818226.71,0.6136,-1.151,0,0
2022-09-15,sz.300739,14.69,14.69,13.81,14.04,3143496,44538394.37,1.0847,-3.8356,0,0
2022-09-16,sz.300739,14.02,14.14,13.61,13.63,2317139,32035983.44,0.7995,-2.9202,0,0
2022-09-19,sz.300739,13.7,13.79,13.45,13.59,1799306,24450817.8,0.6209,-0.2935,0,0
2022-09-20,sz.300739,13.6,13.77,13.5,13.57,1799800,24522458.65,0.621,-0.1472,0,0
2022-09-21,sz.300739,13.59,13.83,13.29,13.75,2178104,29648159.1,0.7516,1.3265,0,0
2022-09-22,sz.300739,13.63,13.84,13.61,13.68,1271528,17477269.46,0.4387,-0.5091,0,0
2022-09-23,sz.300739,13.61,13.74,13.18,13.27,2236054,29950165.58,0.7716,-2.9971,0,0
2022-09-26,sz.300739,13.08,13.28,13.0,13.01,1583024,20754696.98,0.5462,-1.9593,0,0
2022-09-27,sz.300739,13.0,13.53,13.0,13.49,1933266,25770081.85,0.6671,3.6895,0,0
2022-09-28,sz.300739,13.49,13.52,13.08,13.08,1631608,21602824.72,0.563,-3.0393,0,0
2022-09-29,sz.300739,13.24,13.4,12.94,13.05,1604520,21042187.75,0.5536,-0.2294,0,0
2022-09-30,sz.300739,13.06,13.17,12.89,12.95,1874671,24400914.22,0.6469,-0.7663,0,0
2022-10-10,sz.300739,13.01,13.06,12.63,12.72,1988078,25456466.44,0.686,-1.7761,0,0
2022-10-11,sz.300739,12.7,12.93,12.5,12.82,1849660,23544812.8,0.6382,0.7862,0,0
2022-10-12,sz.300739,12.8,13.37,12.72,13.37,2277833,29707378.89,0.786,4.2902,0,0
2022-10-13,sz.300739,13.31,13.58,13.14,13.47,2238345,30126787.95,0.7723,0.7479,0,0
2022-10-14,sz.300739,13.55,13.75,13.45,13.62,2036613,27752647.4,0.7027,1.1136,0,0
2022-10-17,sz.300739,13.53,13.96,13.46,13.89,2099158,28939997.44,0.7243,1.9824,0,0
2022-10-18,sz.300739,13.99,14.47,13.89,14.1,3461629,48912410.93,1.1944,1.5119,0,0
2022-10-19,sz.300739,14.15,14.25,13.88,13.89,2740678,38424097.1,0.9457,-1.4894,0,0
2022-10-20,sz.300739,13.82,14.3,13.67,14.12,3382765,47545812.3,1.1672,1.6559,0,0
2022-10-21,sz.300739,14.12,14.23,13.96,14.05,1988950,28010291.0,0.6863,-0.4958,0,0
2022-10-24,sz.300739,14.1,14.39,13.97,14.15,3083573,43795462.67,1.064,0.7117,0,0
2022-10-25,sz.300739,14.16,14.4,13.93,13.99,4358692,61535253.04,1.504,-1.1307,0,0
2022-10-26,sz.300739,13.99,14.43,13.98,14.34,3703738,52784314.95,1.278,2.5018,0,0
2022-10-27,sz.300739,14.36,14.55,14.3,14.4,3537835,51038383.97,1.2207,0.4184,0,0
2022-10-28,sz.300739,14.42,14.42,13.81,13.88,3461254,48742013.98,1.1943,-3.6111,0,0
2022-10-31,sz.300739,13.75,14.29,13.68,14.13,3560935,50031645.75,1.2287,1.8012,0,0
2022-11-01,sz.300739,14.19,14.45,14.11,14.43,2994500,42858920.75,1.0333,2.1231,0,0
2022-11-02,sz.300739,14.44,14.67,14.37,14.44,3589187,52037913.09,1.2385,0.0693,0,0
2022-11-03,sz.300739,14.3,14.7,14.3,14.62,3214079,46714760.68,1.109,1.2465,0,0
2022-11-04,sz.300739,14.57,14.73,14.41,14.72,4034773,58956827.46,1.3922,0.684,0,0
2022-11-07,sz.300739,14.55,14.73,14.4,14.63,3814203,55643602.28,1.3161,-0.6114,0,0
2022-11-08,sz.300739,14.51,14.63,14.37,14.5,2538607,36674644.17,0.876,-0.8886,0,0
2022-11-09,sz.300739,14.55,14.55,14.35,14.46,2265903,32708786.44,0.7819,-0.2759,0,0
2022-11-10,sz.300739,14.36,14.52,14.28,14.3,2107157,30349237.14,0.7271,-1.1065,0,0
2022-11-11,sz.300739,14.52,14.72,14.29,14.31,2492474,36096932.18,0.86,0.0699,0,0
2022-11-14,sz.300739,14.3,14.49,14.11,14.37,2293495,32951642.94,0.7914,0.4193,0,0
2022-11-15,sz.300739,14.33,14.9,14.27,14.88,5413337,79732079.35,1.8679,3.5491,0,0
2022-11-16,sz.300739,14.88,14.95,14.69,14.71,3011011,44516006.75,1.039,-1.1425,0,0
2022-11-17,sz.300739,14.68,14.94,14.61,14.93,2862438,42291800.21,0.9877,1.4956,0,0
2022-11-18,sz.300739,14.83,15.03,14.62,14.64,2665926,39522669.89,0.9199,-1.9424,0,0
2022-11-21,sz.300739,14.59,14.69,14.45,14.63,1983803,28885012.56,0.6845,-0.0683,0,0
2022-11-22,sz.300739,14.65,14.88,14.52,14.54,2479518,36408786.29,0.8556,-0.6152,0,0
2022-11-23,sz.300739,14.54,14.56,14.03,14.32,2741103,39137362.6,0.9458,-1.5131,0,0
2022-11-24,sz.300739,14.47,14.59,14.27,14.32,1687611,24276305.25,0.5823,0.0,0,0
2022-11-25,sz.300739,14.4,14.45,14.05,14.05,1971650,28032829.0,0.6803,-1.8855,0,0
2022-11-28,sz.300739,13.94,13.96,13.65,13.83,2621041,36122191.98,0.9044,-1.5658,0,0
2022-11-29,sz.300739,13.83,14.17,13.82,14.08,1905381,26668414.84,0.6575,1.8077,0,0
2022-11-30,sz.300739,14.15,14.21,13.98,14.07,1451789,20461850.67,0.5009,-0.071,0,0
2022-12-01,sz.300739,14.22,14.36,14.09,14.13,2117553,30088256.22,0.7307,0.4264,0,0
2022-12-02,sz.300739,14.14,14.27,14.01,14.26,1795879,25516415.98,0.6197,0.92,0,0
2022-12-05,sz.300739,14.26,14.41,14.23,14.33,2057993,29434003.46,0.7101,0.4909,0,0
2022-12-06,sz.300739,14.33,14.45,14.15,14.22,2401487,34265349.38,0.8286,-0.7676,0,0
2022-12-07,sz.300739,14.19,14.22,14.1,14.16,1755555,24837651.65,0.6058,-0.4219,0,0
2022-12-08,sz.300739,14.08,14.16,13.85,13.85,1748752,24374908.26,0.6034,-2.1893,0,0
2022-12-09,sz.300739,13.81,13.95,13.69,13.71,1816076,24999444.6,0.6266,-1.0108,0,0
2022-12-12,sz.300739,13.65,13.91,13.6,13.79,1768430,24334282.05,0.6102,0.5835,0,0
2022-12-13,sz.300739,13.81,13.89,13.51,13.53,2030654,27736171.05,0.7007,-1.8854,0,0
2022-12-14,sz.300739,13.78,14.05,13.65,13.66,3664025,50699141.97,1.2643,0.9608,0,0
2022-12-15,sz.300739,13.66,14.21,13.57,14.12,5955542,83691402.93,2.055,3.3675,0,0
2022-12-16,sz.300739,14.12,14.13,13.67,13.7,3544940,48932765.48,1.2232,-2.9745,0,0
2022-12-19,sz.300739,13.63,13.75,13.3,13.35,2917537,39187317.95,1.0067,-2.5547,0,0
2022-12-20,sz.300739,13.43,13.5,13.27,13.35,1548831,20726070.23,0.5344,0.0,0,0
2022-12-21,sz.300739,13.35,13.43,13.03,13.12,1845268,24345375.76,0.6367,-1.7228,0,0
2022-12-22,sz.300739,13.13,13.26,12.9,12.93,1756771,22956183.45,0.6062,-1.4482,0,0
2022-12-23,sz.300739,12.81,13.06,12.7,12.78,1608116,20656983.04,0.5549,-1.1601,0,0
2022-12-26,sz.300739,12.79,13.14,12.77,13.1,2012977,26221960.35,0.6946,2.5039,0,0
2022-12-27,sz.300739,13.28,13.28,12.95,13.08,1254903,16400891.27,0.433,-0.1527,0,0
2022-12-28,sz.300739,13.08,13.09,12.75,12.82,1648975,21261190.0,0.569,-1.9878,0,0
2022-12-29,sz.300739,12.85,12.97,12.72,12.81,1507100,19379798.44,0.52,-0.078,0,0
2022-12-30,sz.300739,12.86,12.94,12.79,12.88,976045,12566771.48,0.3368,0.5464,0,0
2023-01-03,sz.300739,12.88,13.32,12.86,13.27,2327034,30614183.36,0.803,3.028,0,0
2023-01-04,sz.300739,13.31,13.51,13.21,13.29,2776131,37002353.62,0.9579,0.1507,0,0
2023-01-05,sz.300739,13.3,13.43,13.21,13.38,1765708,23579066.24,0.6093,0.6772,0,0
2023-01-06,sz.300739,13.33,13.54,13.32,13.36,1769350,23749029.79,0.6105,-0.1495,0,0
2023-01-09,sz.300739,13.47,13.65,13.39,13.48,2072995,28041599.7,0.7153,0.8982,0,0
2023-01-10,sz.300739,13.52,13.78,13.45,13.6,3268992,44615363.35,1.128,0.8902,0,0
2023-01-11,sz.300739,13.61,13.74,13.47,13.47,1975516,26861843.52,0.6817,-0.9559,0,0
2023-01-12,sz.300739,13.55,13.62,13.45,13.59,1688612,22874923.44,0.5827,0.8909,0,0
2023-01-13,sz.300739,13.57,13.65,13.46,13.6,1588615,21531487.1,0.5482,0.0736,0,0
2023-01-16,sz.300739,13.54,13.76,13.52,13.68,1797770,24607139.55,0.6203,0.5882,0,0
2023-01-17,sz.300739,13.74,13.86,13.68,13.76,2202592,30345069.23,0.76,0.5848,0,0
2023-01-18,sz.300739,13.85,13.88,13.71,13.81,1395327,19289883.98,0.4815,0.3634,0,0
2023-01-19,sz.300739,13.8,14.13,13.73,14.06,2712038,37908982.3,0.9358,1.8103,0,0
2023-01-20,sz.300739,14.08,14.16,13.98,14.07,1767744,24868850.24,0.61,0.0711,0,0
2023-01-30,sz.300739,14.22,14.34,14.16,14.24,2218285,31617006.37,0.7654,1.2082,0,0
2023-01-31,sz.300739,14.35,14.37,14.1,14.18,3419160,48454305.53,1.1798,-0.4213,0,0
2023-02-01,sz.300739,14.28,14.45,14.24,14.39,3297733,47315332.11,1.1379,1.481,0,0
2023-02-02,sz.300739,14.47,14.52,14.3,14.37,3023969,43601417.21,1.0434,-0.139,0,0
2023-02-03,sz.300739,14.37,14.53,14.21,14.44,3153544,45362641.18,1.0881,0.4871,0,0
2023-02-06,sz.300739,14.39,14.53,14.27,14.35,2430885,34958120.45,0.8388,-0.6233,0,0
2023-02-07,sz.300739,14.36,14.6,14.32,14.56,3439126,49862490.85,1.1867,1.4634,0,0
2023-02-08,sz.300739,14.57,14.69,14.45,14.5,2309139,33576838.67,0.7968,-0.4121,0,0
2023-02-09,sz.300739,14.42,14.85,14.35,14.82,4773394,70201228.63,1.6471,2.2069,0,0
2023-02-10,sz.300739,14.77,15.3,14.76,14.95,5783654,86802927.89,1.9957,0.8772,0,0
2023-02-13,sz.300739,15.04,15.06,14.85,14.95,2812434,41999480.03,0.9704,0.0,0,0
2023-02-14,sz.300739,15.0,15.06,14.86,14.94,2471613,36935643.71,0.8528,-0.0669,0,0
2023-02-15,sz.300739,15.0,15.15,14.9,15.1,3283744,49434356.49,1.1331,1.071,0,0
2023-02-16,sz.300739,15.1,15.11,14.47,14.64,3918450,58144967.94,1.3521,-3.0464,0,0
2023-02-17,sz.300739,14.64,14.74,14.42,14.45,2865928,41710043.96,0.9889,-1.2978,0,0
2023-02-20,sz.300739,14.46,14.68,14.31,14.66,2242775,32554961.5,0.7739,1.4533,0,0
2023-02-21,sz.300739,14.65,14.87,14.55,14.67,2268399,33362077.17,0.7827,0.0682,0,0
2023-02-22,sz.300739,14.61,14.78,14.55,14.7,1808052,26551783.25,0.6239,0.2045,0,0
2023-02-23,sz.300739,14.71,14.83,14.59,14.66,1554350,22840240.0,0.5363,-0.2721,0,0
2023-02-24,sz.300739,14.71,14.85,14.56,14.64,1462870,21507448.2,0.5048,-0.1364,0,0
2023-02-27,sz.300739,14.63,14.69,14.31,14.38,2400310,34739220.75,0.8282,-1.776,0,0
2023-02-28,sz.300739,14.49,14.7,14.41,14.61,2805600,40974733.43,0.9681,1.5994,0,0
2023-03-01,sz.300739,14.64,14.92,14.49,14.89,3749701,55607040.42,1.2938,1.9165,0,0
2023-03-02,sz.300739,14.94,15.01,14.76,14.79,2500659,37132300.92,0.8629,-0.6716,0,0
2023-03-03,sz.300739,14.85,15.09,14.75,14.91,3500571,52213646.44,1.2079,0.8114,0,0
2023-03-06,sz.300739,14.97,15.09,14.89,15.06,3982735,59761070.8,1.3743,1.006,0,0
2023-03-07,sz.300739,15.05,15.07,14.51,14.52,3693167,54498325.35,1.2743,-3.5857,0,0
2023-03-08,sz.300739,14.5,14.93,14.49,14.91,3529056,52206785.29,1.2177,2.686,0,0
2023-03-09,sz.300739,14.92,15.38,14.91,15.3,7052150,107463139.0,2.4334,2.6157,0,0
2023-03-10,sz.300739,15.06,15.28,14.97,15.01,4442473,67079549.67,1.5329,-1.8954,0,0
2023-03-13,sz.300739,14.99,15.07,14.77,14.97,3547282,52894311.32,1.224,-0.2665,0,0
2023-03-14,sz.300739,15.0,15.2,14.53,15.16,5123939,76276139.72,1.768,1.2692,0,0
2023-03-15,sz.300739,15.16,15.47,15.02,15.02,6390424,97246181.64,2.205,-0.9235,0,0
2023-03-16,sz.300739,14.91,15.24,14.78,14.84,4133475,61801420.25,1.4263,-1.1984,0,0
2023-03-17,sz.300739,15.0,15.31,14.92,15.13,4959131,75250405.11,1.7112,1.9542,0,0
2023-03-20,sz.300739,15.2,15.74,14.99,15.46,7347115,113062626.98,2.5351,2.1811,0,0
2023-03-21,sz.300739,15.42,15.63,15.25,15.6,5430434,84092211.48,1.8738,0.9056,0,0
2023-03-22,sz.300739,15.59,15.97,15.45,15.96,6950794,109681915.18,2.3984,2.3077,0,0
2023-03-23,sz.300739,15.84,16.1,15.76,16.01,6849211,109229646.97,2.3633,0.3133,0,0
2023-03-24,sz.300739,16.1,16.1,15.75,15.84,5709970,90738947.7,1.9702,-1.0618,0,0
2023-03-27,sz.300739,15.86,16.12,15.69,15.98,5720812,90979253.24,1.974,0.8838,0,0
2023-03-28,sz.300739,15.89,16.04,15.58,15.58,3616772,56859482.96,1.248,-2.5031,0,0
2023-03-29,sz.300739,15.58,15.95,15.5,15.89,4015134,63268446.25,1.3854,1.9897,0,0
2023-03-30,sz.300739,15.82,15.89,15.51,15.66,3252085,51030152.81,1.1221,-1.4475,0,0
2023-03-31,sz.300739,15.56,15.7,15.34,15.58,3622175,56219039.5,1.2498,-0.5109,0,0
2023-04-03,sz.300739,15.58,15.93,15.52,15.84,4421575,69808679.39,1.5257,1.6688,0,0
2023-04-04,sz.300739,15.77,15.96,15.66,15.79,3849204,60923103.4,1.3232,-0.3157,0,0
2023-04-06,sz.300739,15.75,17.06,15.65,16.83,15368502,255579591.68,5.2831,6.5864,0,0
2023-04-07,sz.300739,17.0,17.05,16.33,16.47,11134112,183734872.37,3.8274,-2.139,0,0
2023-04-10,sz.300739,16.35,16.74,16.23,16.38,7509981,123811256.95,2.5816,-0.5464,0,0
2023-04-11,sz.300739,16.34,16.42,15.98,16.15,5540610,89543109.19,1.9046,-1.4042,0,0
2023-04-12,sz.300739,16.1,16.38,16.05,16.25,5196948,84529428.27,1.7865,0.6192,0,0
2023-04-13,sz.300739,16.25,16.29,15.5,15.56,6839131,108026916.28,2.351,-4.2462,0,0
2023-04-14,sz.300739,15.57,15.8,15.28,15.74,5854645,91519484.3,2.0126,1.1568,0,0
2023-04-17,sz.300739,15.42,15.65,15.22,15.3,4473025,68844652.33,1.5376,-2.7954,0,0
2023-04-18,sz.300739,15.22,15.29,14.86,15.0,4266309,63966638.86,1.4666,-1.9608,0,0
2023-04-19,sz.300739,15.01,15.81,15.01,15.58,7502780,116597724.38,2.5791,3.8667,0,0
2023-04-20,sz.300739,15.53,15.89,15.51,15.87,4606815,72445050.66,1.5836,1.8614,0,0
2023-04-21,sz.300739,15.88,15.89,14.71,14.73,6367533,96606931.46,2.1889,-7.1834,0,0
2023-04-24,sz.300739,14.73,15.05,14.44,14.56,4183835,61527267.11,1.4382,-1.1541,0,0
2023-04-25,sz.300739,14.56,14.64,13.76,13.98,4450986,62585573.14,1.5301,-3.9835,0,0
2023-04-26,sz.300739,13.84,14.1,13.61,13.74,4154876,57432517.98,1.4283,-1.7167,0,0
2023-04-27,sz.300739,13.39,13.48,13.04,13.12,5978705,79133896.16,2.0552,-4.5124,0,0
2023-04-28,sz.300739,13.24,13.65,13.19,13.61,3921679,52875957.03,1.3481,3.7348,0,0
2023-05-04,sz.300739,13.62,13.68,13.24,13.39,3213932,43038452.98,1.1048,-1.6165,0,0
2023-05-05,sz.300739,13.4,13.43,13.13,13.31,3044092,40325266.05,1.0464,-0.5975,0,0
2023-05-08,sz.300739,13.32,13.43,13.2,13.43,2974970,39636121.9,1.0227,0.9016,0,0
2023-05-09,sz.300739,13.14,13.19,12.9,13.01,3596604,46900968.03,1.2364,-0.5352,0,0
2023-05-10,sz.300739,13.1,13.12,12.81,12.96,2268521,29324711.11,0.7798,-0.3843,0,0
2023-05-11,sz.300739,12.96,13.13,12.96,13.05,2384865,31146834.5,0.8198,0.6944,0,0
2023-05-12,sz.300739,13.1,13.15,12.91,12.94,1776175,23105197.25,0.6106,-0.8429,0,0
2023-05-15,sz.300739,12.92,13.02,12.77,13.02,1828550,23579423.5,0.6286,0.6182,0,0
2023-05-16,sz.300739,13.05,13.2,12.95,13.12,2370508,31021141.48,0.8149,0.768,0,0
2023-05-17,sz.300739,13.1,13.32,13.02,13.3,2811068,37124910.61,0.9663,1.372,0,0
2023-05-18,sz.300739,13.29,13.56,13.23,13.56,3631641,48890962.17,1.2484,1.9549,0,0
2023-05-19,sz.300739,13.5,13.86,13.45,13.81,3585909,49243191.29,1.2327,1.8437,0,0
2023-05-22,sz.300739,13.82,13.98,13.77,13.86,3169928,43991074.66,1.0897,0.3621,0,0
2023-05-23,sz.300739,13.86,13.9,13.62,13.7,2196309,30224084.78,0.755,-1.1544,0,0
2023-05-24,sz.300739,13.66,13.89,13.55,13.75,2111600,29008738.0,0.7259,0.365,0,0
2023-05-25,sz.300739,13.86,14.06,13.65,13.91,2085169,28822751.15,0.7168,1.1636,0,0
2023-05-26,sz.300739,13.92,14.24,13.78,14.19,3186908,44886890.06,1.0955,2.0129,0,0
2023-05-29,sz.300739,14.26,14.59,14.25,14.57,4592559,66369794.61,1.5787,2.6779,0,0
2023-05-30,sz.300739,14.5,14.53,14.18,14.49,3411000,48989838.39,1.1726,-0.5491,0,0
2023-05-31,sz.300739,14.48,14.78,14.4,14.7,3870200,56642660.22,1.3304,1.4493,0,0
2023-06-01,sz.300739,14.56,14.63,14.4,14.49,2953943,42906241.09,1.0154,-1.4286,0,0
2023-06-02,sz.300739,14.51,14.59,14.27,14.28,2187117,31412155.75,0.7518,-1.4493,0,0
2023-06-05,sz.300739,14.35,14.62,14.31,14.45,2632997,38126056.0,0.9051,1.1905,0,0
2023-06-06,sz.300739,14.45,14.53,14.0,14.04,2432502,34605406.12,0.8362,-2.8374,0,0
2023-06-07,sz.300739,14.11,14.37,13.94,14.27,2338125,33259052.8,0.8038,1.6382,0,0
2023-06-08,sz.300739,14.35,14.36,13.93,14.04,1889400,26599188.5,0.6495,-1.6118,0,0
2023-06-09,sz.300739,14.08,14.38,13.97,14.27,2436261,34513795.09,0.8375,1.6382,0,0
2023-06-12,sz.300739,14.27,14.56,14.22,14.45,2557500,36837626.25,0.8792,1.2614,0,0
2023-06-13,sz.300739,14.4,14.59,14.39,14.57,1961045,28467872.55,0.6741,0.8304,0,0
2023-06-14,sz.300739,14.55,14.58,14.28,14.5,2461449,35541394.07,0.8461,-0.4804,0,0
2023-06-15,sz.300739,14.43,15.21,14.43,15.03,7943936,118432062.94,2.7263,3.6552,0,0
2023-06-16,sz.300739,15.3,15.8,14.71,15.48,12798434,196238848.59,4.3923,2.994,0,0
2023-06-19,sz.300739,15.2,15.6,15.13,15.26,8862022,135110831.55,3.0413,-1.4212,0,0
2023-06-20,sz.300739,15.19,15.35,14.98,15.01,4902099,73895938.06,1.6823,-1.6383,0,0
2023-06-21,sz.300739,15.01,15.02,14.63,14.72,3824299,56667465.84,1.3125,-1.932,0,0
2023-06-26,sz.300739,14.62,14.83,14.1,14.12,3395679,48773033.15,1.1654,-4.0761,0,0
2023-06-27,sz.300739,14.2,14.5,14.17,14.48,2276109,32771364.08,0.7811,2.5496,0,0
2023-06-28,sz.300739,14.49,14.49,13.86,14.28,3279777,46322089.27,1.1256,-1.3812,0,0
2023-06-29,sz.300739,14.28,14.7,14.25,14.62,3186680,46461369.41,1.0936,2.381,0,0
2023-06-30,sz.300739,14.58,14.94,14.58,14.89,4019675,59406490.88,1.3795,1.8468,0,0
2023-07-03,sz.300739,14.59,15.07,14.58,14.66,3510207,51758215.34,1.2047,-1.5447,0,0
2023-07-04,sz.300739,14.59,14.97,14.52,14.88,2795947,41483783.81,0.9595,1.5007,0,0
2023-07-05,sz.300739,14.85,15.0,14.73,14.82,2842765,42371277.07,0.9756,-0.4032,0,0
2023-07-06,sz.300739,14.81,15.15,14.66,15.02,4522732,67989957.79,1.5521,1.3495,0,0
2023-07-07,sz.300739,14.93,15.07,14.59,14.69,2767699,40829164.07,0.9498,-2.1971,0,0
2023-07-10,sz.300739,14.68,14.84,14.3,14.43,2414574,34873865.62,0.8287,-1.7699,0,0
2023-07-11,sz.300739,14.38,15.05,14.38,14.88,3327054,49325666.35,1.1418,3.1185,0,0
2023-07-12,sz.300739,14.88,15.18,14.68,14.68,3395692,50656964.15,1.1654,-1.3441,0,0
2023-07-13,sz.300739,14.79,15.3,14.72,15.23,6113762,92739045.03,2.0982,3.7466,0,0
2023-07-14,sz.300739,15.24,15.49,15.15,15.38,5641215,86414656.85,1.936,0.9849,0,0
2023-07-17,sz.300739,15.3,15.34,15.07,15.2,3679149,55928102.39,1.2626,-1.1704,0,0
2023-07-18,sz.300739,15.17,15.54,15.17,15.34,4732112,72905193.46,1.624,0.9211,0,0
2023-07-19,sz.300739,15.06,15.43,15.06,15.2,2863880,43540460.2,0.9828,-0.9126,0,0
2023-07-20,sz.300739,15.21,15.24,14.55,14.62,3841426,56849599.6,1.3183,-3.8158,0,0
2023-07-21,sz.300739,14.55,14.77,14.2,14.22,2472675,35651419.03,0.8486,-2.736,0,0
2023-07-24,sz.300739,14.24,14.57,13.97,14.34,2962086,42367477.66,1.0166,0.8439,0,0
2023-07-25,sz.300739,14.41,14.6,14.27,14.52,2531819,36594254.92,0.8689,1.2552,0,0
2023-07-26,sz.300739,14.6,14.6,14.15,14.2,2337050,33308311.0,0.802,-2.2039,0,0
2023-07-27,sz.300739,14.24,14.27,13.93,13.97,2380849,33479159.06,0.8171,-1.6197,0,0
2023-07-28,sz.300739,13.95,14.05,13.66,13.9,1755672,24254839.42,0.6025,-0.5011,0,0
2023-07-31,sz.300739,13.93,14.09,13.8,13.97,1934328,27031560.22,0.6638,0.5036,0,0
2023-08-01,sz.300739,13.97,14.04,13.76,13.83,1829925,25305923.72,0.628,-1.0021,0,0
2023-08-02,sz.300739,13.83,13.93,13.7,13.92,1455901,20133176.33,0.4996,0.6508,0,0
2023-08-03,sz.300739,13.84,13.89,13.71,13.81,1530800,21096167.0,0.5254,-0.7902,0,0
2023-08-04,sz.300739,13.81,14.02,13.78,13.94,1906450,26561325.25,0.6543,0.9413,0,0
2023-08-07,sz.300739,13.94,14.1,13.92,14.01,1824632,25581855.93,0.6262,0.5022,0,0
2023-08-08,sz.300739,14.09,14.18,13.88,13.91,1711552,23949425.98,0.5874,-0.7138,0,0
2023-08-09,sz.300739,13.9,13.96,13.73,13.78,1542208,21305729.5,0.5293,-0.9346,0,0
2023-08-10,sz.300739,13.78,13.86,13.62,13.76,1237464,17037621.56,0.4247,-0.1451,0,0
2023-08-11,sz.300739,13.74,13.84,13.49,13.5,1522400,20754759.0,0.5225,-1.8895,0,0
2023-08-14,sz.300739,13.35,13.58,13.31,13.54,1412700,18984380.0,0.4848,0.2963,0,0
2023-08-15,sz.300739,13.55,13.67,13.35,13.46,889800,12000867.0,0.3054,-0.5908,0,0
2023-08-16,sz.300739,13.37,13.48,13.23,13.26,1211600,16177878.0,0.4158,-1.4859,0,0
2023-08-17,sz.300739,13.21,13.46,13.1,13.42,1503700,20056118.0,0.5161,1.2066,0,0
2023-08-18,sz.300739,13.46,13.58,13.27,13.27,1146977,15397589.13,0.3936,-1.1177,0,0
2023-08-21,sz.300739,13.36,13.46,13.2,13.24,1431900,19073149.25,0.4914,-0.2261,0,0
2023-08-22,sz.300739,13.3,13.58,13.06,13.45,2586225,34430193.75,0.8876,1.5861,0,0
2023-08-23,sz.300739,13.47,13.47,13.05,13.05,1972994,26035795.0,0.6771,-2.974,0,0
2023-08-24,sz.300739,13.1,13.32,13.05,13.14,1539784,20280283.26,0.5284,0.6897,0,0
2023-08-25,sz.300739,13.06,13.12,12.65,12.74,2185496,28115136.28,0.75,-3.0441,0,0
2023-08-28,sz.300739,13.46,13.46,12.9,12.98,2317847,30603178.03,0.7955,1.8838,0,0
2023-08-29,sz.300739,13.05,13.45,12.91,13.41,2490903,33114618.14,0.8548,3.3128,0,0
2023-08-30,sz.300739,13.41,13.85,13.35,13.76,3227633,44252670.22,1.1077,2.61,0,0
2023-08-31,sz.300739,13.7,13.96,13.65,13.86,3295625,45620469.98,1.131,0.7267,0,0
2023-09-01,sz.300739,13.86,14.03,13.8,13.87,2493875,34663584.5,0.8559,0.0722,0,0
2023-09-04,sz.300739,13.89,14.02,13.8,13.97,2253500,31355922.65,0.7734,0.721,0,0
2023-09-05,sz.300739,13.96,14.22,13.96,14.12,3108393,43931651.02,1.0668,1.0737,0,0
2023-09-06,sz.300739,14.04,14.57,14.0,14.55,3820721,54963875.52,1.3112,3.0453,0,0
2023-09-07,sz.300739,14.43,14.55,14.26,14.28,2695252,38782580.42,0.925,-1.8557,0,0
2023-09-08,sz.300739,14.29,14.53,14.2,14.43,2432037,35051107.9,0.8346,1.0504,0,0
2023-09-11,sz.300739,14.45,14.53,14.3,14.39,2168944,31325987.05,0.7444,-0.2772,0,0
2023-09-12,sz.300739,14.55,14.63,14.38,14.52,2612953,37902751.91,0.8967,0.9034,0,0
2023-09-13,sz.300739,14.52,14.57,14.12,14.22,3019778,43014964.76,1.0364,-2.0661,0,0
2023-09-14,sz.300739,14.3,14.42,14.03,14.14,2499700,35433036.5,0.8579,-0.5626,0,0
2023-09-15,sz.300739,14.13,14.28,13.98,14.08,2218200,31259461.0,0.7613,-0.4243,0,0
2023-09-18,sz.300739,14.09,14.2,13.91,14.06,1808100,25458872.0,0.6205,-0.142,0,0
2023-09-19,sz.300739,14.0,14.14,13.7,13.86,1953141,27020652.85,0.6703,-1.4225,0,0
2023-09-20,sz.300739,13.9,14.0,13.7,13.78,1498732,20725041.2,0.5143,-0.5772,0,0
2023-09-21,sz.300739,13.81,13.98,13.7,13.86,1365800,18929160.0,0.4687,0.5806,0,0
2023-09-22,sz.300739,13.73,14.38,13.73,14.36,2464700,34952612.96,0.8459,3.6075,0,0
2023-09-25,sz.300739,14.37,14.38,14.09,14.18,2087200,29615921.0,0.7163,-1.2535,0,0
2023-09-26,sz.300739,14.05,14.21,13.82,13.9,2391475,33307627.75,0.8207,-1.9746,0,0
2023-09-27,sz.300739,13.88,14.0,13.75,13.81,1637800,22759587.0,0.5621,-0.6475,0,0
2023-09-28,sz.300739,13.85,14.45,13.85,14.34,3400118,48416618.32,1.1669,3.8378,0,0
2023-10-09,sz.300739,14.34,14.62,14.33,14.51,2808602,40624968.9,0.9639,1.1855,0,0
2023-10-10,sz.300739,14.51,14.63,14.37,14.58,2810685,40809279.57,0.9646,0.4824,0,0
2023-10-11,sz.300739,14.64,14.77,14.51,14.65,3007083,44017518.59,1.032,0.4801,0,0
2023-10-12,sz.300739,14.67,14.79,14.56,14.68,1873600,27471935.0,0.643,0.2048,0,0
2023-10-13,sz.300739,14.69,14.95,14.63,14.89,3773788,56022512.76,1.2951,1.4305,0,0
2023-10-16,sz.300739,14.79,14.93,14.52,14.62,3129650,45787018.5,1.0741,-1.8133,0,0
2023-10-17,sz.300739,14.57,14.66,14.36,14.46,1952100,28202399.0,0.6699,-1.0944,0,0
2023-10-18,sz.300739,14.4,14.53,14.14,14.14,1791311,25526839.05,0.6148,-2.213,0,0
2023-10-19,sz.300739,14.01,14.77,14.01,14.37,4287258,62181949.55,1.4713,1.6266,0,0
2023-10-20,sz.300739,14.22,14.56,13.88,13.88,3579083,50445670.02,1.2283,-3.4099,0,0
2023-10-23,sz.300739,13.83,14.04,13.52,13.61,2638359,36223167.61,0.9055,-1.9452,0,0
2023-10-24,sz.300739,13.69,14.14,13.48,13.98,2814100,39050885.0,0.9658,2.7186,0,0
2023-10-25,sz.300739,14.01,14.18,13.76,13.95,2604100,36240849.0,0.8938,-0.2146,0,0
2023-10-26,sz.300739,13.9,14.13,13.71,14.1,1994600,27776934.0,0.6846,1.0753,0,0
2023-10-27,sz.300739,14.07,14.07,13.33,13.92,4489787,61610573.42,1.5339,-1.2766,0,0
2023-10-30,sz.300739,13.92,14.51,13.72,14.46,4694187,66870073.4,1.6037,3.8793,0,0
2023-10-31,sz.300739,14.41,14.52,14.26,14.41,2732853,39310805.88,0.9336,-0.3458,0,0
2023-11-01,sz.300739,14.38,14.58,14.28,14.54,2615790,37891557.6,0.8936,0.9022,0,0
2023-11-02,sz.300739,14.5,14.58,14.21,14.26,2334515,33590990.75,0.7976,-1.9257,0,0
2023-11-03,sz.300739,14.24,14.79,14.24,14.75,3805109,55763526.43,1.3,3.4362,0,0
2023-11-06,sz.300739,14.75,15.06,14.73,15.0,3657944,54616401.87,1.2497,1.6949,0,0
2023-11-07,sz.300739,14.96,15.14,14.9,15.04,2848928,42786871.19,0.9733,0.2667,0,0
2023-11-08,sz.300739,15.03,15.03,14.77,14.87,2350807,34983216.88,0.8031,-1.1303,0,0
2023-11-09,sz.300739,14.91,15.05,14.63,14.73,2325108,34408788.24,0.7943,-0.9415,0,0
2023-11-10,sz.300739,14.7,14.99,14.65,14.84,2639260,39149900.01,0.9017,0.7468,0,0
2023-11-13,sz.300739,14.96,15.11,14.78,15.07,3663521,54982131.75,1.2516,1.5499,0,0
2023-11-14,sz.300739,15.02,15.3,14.98,15.09,2958074,44754093.64,1.0106,0.1327,0,0
2023-11-15,sz.300739,15.15,15.43,15.08,15.33,6063500,92746547.1,2.0715,1.5905,0,0
2023-11-16,sz.300739,15.26,15.38,15.11,15.13,3070700,46796723.0,1.0491,-1.3046,0,0
2023-11-17,sz.300739,15.12,15.5,15.12,15.43,4380400,67329749.12,1.4965,1.9828,0,0
2023-11-20,sz.300739,15.4,15.5,15.18,15.34,3753612,57449458.48,1.2824,-0.5833,0,0
2023-11-21,sz.300739,15.29,15.42,14.9,14.93,4455438,67152227.56,1.5221,-2.6728,0,0
2023-11-22,sz.300739,14.88,15.08,14.81,14.87,2588712,38666150.06,0.8844,-0.4019,0,0
2023-11-23,sz.300739,14.83,15.2,14.78,15.11,2803600,42201838.0,0.9578,1.614,0,0
2023-11-24,sz.300739,15.11,15.17,14.83,14.93,2281376,34143935.92,0.7794,-1.1913,0,0
2023-11-27,sz.300739,14.88,15.45,14.86,15.45,5852998,89352711.13,1.9996,3.4829,0,0
2023-11-28,sz.300739,15.4,15.63,14.94,15.5,7117468,109569340.66,2.4316,0.3236,0,0
2023-11-29,sz.300739,15.61,15.65,15.38,15.48,3848850,59685557.0,1.3149,-0.129,0,0
2023-11-30,sz.300739,15.43,15.43,15.01,15.15,2410962,36575862.24,0.8237,-2.1318,0,0
2023-12-01,sz.300739,15.14,15.27,14.93,15.25,3046576,46031450.4,1.0408,0.6601,0,0
2023-12-04,sz.300739,15.25,15.25,15.02,15.05,2176150,32883112.5,0.7434,-1.3115,0,0
2023-12-05,sz.300739,15.08,15.08,14.68,14.69,2402387,35511827.03,0.8207,-2.392,0,0
2023-12-06,sz.300739,14.79,14.96,14.6,14.72,2108625,31206245.75,0.7204,0.2042,0,0
2023-12-07,sz.300739,14.72,14.94,14.65,14.78,1496100,22105006.86,0.5111,0.4076,0,0
2023-12-08,sz.300739,14.75,15.19,14.71,14.94,2690414,40411106.61,0.9191,1.0825,0,0
2023-12-11,sz.300739,14.9,15.11,14.75,15.1,2952995,44098620.85,1.0088,1.071,0,0
2023-12-12,sz.300739,15.15,15.16,14.96,15.08,1805762,27194636.48,0.6169,-0.1325,0,0
2023-12-13,sz.300739,15.08,15.27,14.99,15.14,2329825,35320551.25,0.7959,0.3979,0,0
2023-12-14,sz.300739,15.15,15.25,14.95,14.95,2051949,30939872.04,0.701,-1.255,0,0
2023-12-15,sz.300739,14.95,15.07,14.85,14.99,1737493,26004272.35,0.5936,0.2676,0,0
2023-12-18,sz.300739,14.96,14.96,14.66,14.78,2044325,30211378.05,0.6984,-1.4009,0,0
2023-12-19,sz.300739,14.76,15.1,14.7,15.05,1900876,28374251.72,0.6494,1.8268,0,0
2023-12-20,sz.300739,15.14,15.34,15.04,15.07,2832733,43023315.8,0.9678,0.1329,0,0
2023-12-21,sz.300739,15.1,15.27,14.55,15.11,2722100,40540932.0,0.93,0.2654,0,0
2023-12-22,sz.300739,15.16,15.16,14.71,14.75,2037125,30413688.0,0.696,-2.3825,0,0
2023-12-25,sz.300739,14.8,14.95,14.6,14.74,1297425,19083471.25,0.4432,-0.0678,0,0
2023-12-26,sz.300739,14.7,14.72,14.28,14.38,2364900,34037855.0,0.8079,-2.4423,0,0
2023-12-27,sz.300739,14.38,14.88,14.24,14.85,2680120,39306328.0,0.9156,3.2684,0,0
2023-12-28,sz.300739,14.85,15.0,14.61,14.62,2918809,43226175.15,0.9972,-1.5488,0,0
2023-12-29,sz.300739,14.67,15.35,14.54,15.31,4656145,70632812.76,1.5907,4.7196,0,0
2024-01-02,sz.300739,15.28,15.41,15.21,15.29,2401286,36731213.58,0.8204,-0.1306,0,0
2024-01-03,sz.300739,15.2,15.31,15.01,15.12,2501874,37843277.36,0.8547,-1.1118,0,0
2024-01-04,sz.300739,15.12,15.17,14.91,15.03,1833080,27485482.0,0.6262,-0.5952,0,0
2024-01-05,sz.300739,15.0,15.2,14.67,14.75,2338042,34851520.08,0.7988,-1.8629,0,0
2024-01-08,sz.300739,14.79,14.79,14.14,14.14,2541200,36479174.0,0.8682,-4.1356,0,0
2024-01-09,sz.300739,14.26,14.56,14.18,14.4,2696400,38775147.0,0.9212,1.8388,0,0
2024-01-10,sz.300739,14.3,14.36,13.91,14.14,2659537,37530798.75,0.9086,-1.8056,0,0
2024-01-11,sz.300739,14.13,14.48,14.05,14.39,2161742,31013842.85,0.7385,1.768,0,0
2024-01-12,sz.300739,14.34,14.51,14.25,14.29,1474497,21190287.16,0.5037,-0.6949,0,0
2024-01-15,sz.300739,14.2,14.4,14.01,14.29,1546397,21982437.28,0.5283,0.0,0,0
2024-01-16,sz.300739,14.22,14.25,13.85,14.08,1705364,23907282.64,0.5826,-1.4696,0,0
2024-01-17,sz.300739,14.07,14.12,13.75,14.02,1307304,18217113.2,0.4466,-0.4261,0,0
2024-01-18,sz.300739,13.69,13.79,13.12,13.49,3786475,50739784.25,1.2936,-3.7803,0,0
2024-01-19,sz.300739,13.47,13.66,13.29,13.33,2648175,35629496.25,0.9047,-1.1861,0,0
2024-01-22,sz.300739,13.29,13.46,12.44,12.6,2853665,37035810.0,0.9749,-5.4764,0,0
2024-01-23,sz.300739,12.53,12.64,12.11,12.33,3015492,37044830.72,1.0302,-2.1429,0,0
2024-01-24,sz.300739,12.36,12.58,11.96,12.55,2919320,35937946.51,0.9973,1.7843,0,0
2024-01-25,sz.300739,12.6,13.45,12.42,13.28,3753565,48833221.2,1.2823,5.8167,0,0
2024-01-26,sz.300739,13.25,13.51,13.13,13.19,2292709,30507028.65,0.7833,-0.6777,0,0
2024-01-29,sz.300739,13.13,13.28,12.57,12.68,2011971,25772725.54,0.6873,-3.8666,0,0
2024-01-30,sz.300739,12.6,12.66,12.15,12.17,2458018,30541712.35,0.8397,-4.0221,0,0
2024-01-31,sz.300739,12.18,12.18,11.23,11.29,3515525,40923511.75,1.201,-7.2309,0,0
2024-02-01,sz.300739,10.99,11.34,10.81,11.11,2869786,31851831.29,0.9804,-1.5943,0,0
2024-02-02,sz.300739,11.09,11.38,9.8,10.24,4652818,48701250.9,1.5895,-7.8308,0,0
2024-02-05,sz.300739,10.2,10.27,8.35,8.6,7738415,69551282.62,2.6436,-16.0156,0,0
2024-02-06,sz.300739,8.39,9.04,7.79,8.86,7045451,59438942.2,2.4069,3.0233,0,0
2024-02-07,sz.300739,8.75,9.16,8.27,8.47,6377534,55565791.5,2.1787,-4.4018,0,0
2024-02-08,sz.300739,8.44,9.64,8.1,9.5,7335051,64849927.69,2.5058,12.1606,0,0
2024-02-19,sz.300739,9.5,10.0,9.5,9.88,7109480,69455278.56,2.4288,4.0,0,0
2024-02-20,sz.300739,9.73,10.04,9.55,9.99,3942453,38845604.59,1.3468,1.1134,0,0
2024-02-21,sz.300739,9.99,10.62,9.82,10.19,3819215,39215009.68,1.3047,2.002,0,0
2024-02-22,sz.300739,10.2,10.57,10.17,10.51,3990680,41522321.3,1.3633,3.1403,0,0
2024-02-23,sz.300739,10.6,11.15,10.6,11.1,5077046,55351669.01,1.7345,5.6137,0,0
2024-02-26,sz.300739,11.12,11.46,10.9,11.23,4748550,52955291.4,1.6222,1.1712,0,0
2024-02-27,sz.300739,12.1,13.48,11.91,13.48,14498891,184551891.3,4.9532,20.0356,1,0
2024-02-28,sz.300739,14.36,15.98,13.57,15.01,35301865,523504566.34,12.0601,11.3501,0,0
2024-02-29,sz.300739,14.0,16.5,13.52,15.68,31575433,484247499.68,10.787,4.4637,0,0
2024-03-01,sz.300739,15.21,15.72,14.49,14.8,23801478,358002276.47,8.1312,-5.6122,0,0
2024-03-04,sz.300739,14.52,15.17,14.2,14.81,18354301,270461752.47,6.2703,0.0676,0,0
2024-03-05,sz.300739,14.3,14.72,13.85,13.98,16154277,229777272.87,5.5187,-5.6043,0,0
2024-03-06,sz.300739,13.7,14.05,13.48,13.78,11714243,160974977.65,4.0019,-1.4306,0,0
2024-03-07,sz.300739,13.8,14.83,13.8,14.32,19177033,276181197.18,6.5514,3.9187,0,0
2024-03-08,sz.300739,14.0,14.8,13.66,14.8,17554730,250110399.4,5.9972,3.352,0,0
2024-03-11,sz.300739,14.46,14.5,14.1,14.44,12678174,181013410.13,4.3312,-2.4324,0,0
2024-03-12,sz.300739,14.45,15.18,14.15,14.7,14697100,215897924.2,5.0209,1.8006,0,0
2024-03-13,sz.300739,14.54,14.87,14.25,14.25,11435846,165491296.45,3.9068,-3.0612,0,0
2024-03-14,sz.300739,14.2,14.32,13.7,14.1,9959041,139563961.87,3.4023,-1.0526,0,0
2024-03-15,sz.300739,13.98,14.12,13.79,14.12,6004057,83779757.98,2.0511,0.1418,0,0
2024-03-18,sz.300739,14.13,14.44,14.03,14.4,8656652,123213076.74,2.9573,1.983,0,0
2024-03-19,sz.300739,14.37,14.52,14.2,14.33,8325235,119490227.63,2.8441,-0.4861,0,0
2024-03-20,sz.300739,14.25,14.49,14.18,14.25,5859245,83746617.67,2.0017,-0.5583,0,0
2024-03-21,sz.300739,14.19,14.48,13.9,13.95,7562670,106704895.49,2.5836,-2.1053,0,0
2024-03-22,sz.300739,13.86,14.03,13.55,13.7,6182884,85102815.46,2.1122,-1.7921,0,0
2024-03-25,sz.300739,13.5,13.8,12.93,12.95,5560614,74125064.62,1.8997,-5.4745,0,0
2024-03-26,sz.300739,12.81,13.29,12.7,12.97,5459531,70796131.11,1.8651,0.1544,0,0
2024-03-27,sz.300739,12.92,12.94,12.31,12.31,4526061,56802295.81,1.5462,-5.0887,0,0
2024-03-28,sz.300739,12.31,13.01,12.31,12.85,5986507,76471472.94,2.0451,4.3867,0,0
2024-03-29,sz.300739,12.86,13.15,12.68,13.14,5435878,70456975.97,1.857,2.2568,0,0
2024-04-01,sz.300739,13.22,13.52,13.13,13.41,5363529,71746456.56,1.8272,2.0548,0,0
2024-04-02,sz.300739,13.39,13.44,13.06,13.18,3940996,52166851.57,1.3426,-1.7151,0,0
2024-04-03,sz.300739,13.19,13.25,12.8,13.06,3567063,46448426.97,1.2152,-0.9105,0,0
2024-04-08,sz.300739,12.92,13.0,12.44,12.44,3102200,39196861.0,1.0568,-4.7473,0,0
2024-04-09,sz.300739,12.45,12.65,12.37,12.57,1888002,23647267.48,0.6432,1.045,0,0
2024-04-10,sz.300739,12.58,12.58,12.02,12.15,2317497,28297700.61,0.7895,-3.3413,0,0
2024-04-11,sz.300739,12.07,12.36,12.02,12.12,1939800,23718501.0,0.6608,-0.2469,0,0
2024-04-12,sz.300739,12.22,13.14,12.02,12.76,5395200,66958282.0,1.838,5.2805,0,0
2024-04-15,sz.300739,12.6,12.78,11.61,12.07,8451726,101984924.63,2.8792,-5.4075,0,0
2024-04-16,sz.300739,12.0,12.05,10.65,10.84,8108359,89910671.61,2.7623,-10.1906,0,0
2024-04-17,sz.300739,11.5,11.8,11.1,11.7,7971108,91469674.01,2.7155,7.9336,0,0
2024-04-18,sz.300739,11.63,11.77,11.25,11.45,5746739,66210539.25,1.9577,-2.1368,0,0
2024-04-19,sz.300739,11.39,11.45,11.11,11.21,4303952,48330245.48,1.4662,-2.0961,0,0
2024-04-22,sz.300739,11.0,11.19,10.55,11.05,3376975,37011173.7,1.1504,-1.4273,0,0
2024-04-23,sz.300739,10.99,11.28,10.99,11.17,2946718,32978803.7,1.0039,1.086,0,0
2024-04-24,sz.300739,11.21,11.86,11.11,11.58,6213204,71175803.3,2.1166,3.6705,0,0
2024-04-25,sz.300739,11.53,11.69,11.4,11.52,3835900,44342971.0,1.3068,-0.5181,0,0
2024-04-26,sz.300739,11.45,11.96,11.37,11.86,4964475,58373352.5,1.6912,2.9514,0,0
2024-04-29,sz.300739,11.71,12.19,11.66,12.15,4209275,50490477.75,1.434,2.4452,0,0
2024-04-30,sz.300739,12.18,12.2,11.82,11.97,3395416,40775363.0,1.1567,-1.4815,0,0
2024-05-06,sz.300739,12.1,12.21,11.98,12.11,3223300,38965855.0,1.0981,1.1696,0,0
2024-05-07,sz.300739,12.13,12.22,12.02,12.09,2807900,33992021.0,0.9566,-0.1652,0,0
2024-05-08,sz.300739,12.02,12.1,11.82,11.86,2538600,30247258.0,0.8648,-1.9024,0,0
2024-05-09,sz.300739,11.92,12.1,11.86,11.97,2621400,31443943.0,0.893,0.9275,0,0
2024-05-10,sz.300739,11.99,12.0,11.46,11.49,3721281,43227920.67,1.2677,-4.01,0,0
2024-05-13,sz.300739,11.42,11.42,11.0,11.04,2893200,32231471.0,0.9856,-3.9164,0,0
2024-05-14,sz.300739,11.2,11.4,11.09,11.17,2081325,23346298.25,0.709,1.1775,0,0
2024-05-15,sz.300739,11.15,11.35,11.0,11.17,2269481,25522778.58,0.7731,0.0,0,0
2024-05-16,sz.300739,11.19,11.51,11.19,11.44,2901303,33173949.81,0.9884,2.4172,0,0
2024-05-17,sz.300739,11.45,11.8,11.3,11.8,3110300,36073427.0,1.0596,3.1469,0,0
2024-05-20,sz.300739,11.82,11.9,11.69,11.84,2685452,31721253.12,0.9149,0.339,0,0
2024-05-21,sz.300739,11.95,11.95,11.7,11.87,2263400,26801744.0,0.7711,0.2534,0,0
2024-05-22,sz.300739,11.87,12.01,11.76,11.98,2449400,29212419.0,0.8344,0.9267,0,0
2024-05-23,sz.300739,11.98,12.04,11.76,11.8,2401175,28522694.0,0.818,-1.5025,0,0
2024-05-24,sz.300739,11.75,11.85,11.57,11.6,2278331,26663608.75,0.7762,-1.6949,0,0
2024-05-27,sz.300739,11.7,11.72,11.2,11.58,2305531,26268480.0,0.7854,-0.1724,0,0
2024-05-28,sz.300739,11.54,11.84,11.32,11.44,2692225,31210899.25,0.9172,-1.209,0,0
2024-05-29,sz.300739,11.35,11.71,11.32,11.48,2610802,30147095.14,0.8894,0.3497,0,0
2024-05-30,sz.300739,11.24,11.65,11.12,11.56,4064100,46680705.0,1.3845,2.4823,0,0
2024-05-31,sz.300739,11.55,11.97,11.51,11.77,4523101,53394123.88,1.5409,1.8166,0,0
2024-06-03,sz.300739,11.81,12.11,11.58,12.03,7128800,84944494.99,2.4286,2.209,0,0
2024-06-04,sz.300739,11.86,11.98,11.16,11.39,8264601,94585075.37,2.8155,-5.32,0,0
2024-06-05,sz.300739,11.33,11.47,11.09,11.09,4204701,47280761.24,1.4324,-2.6339,0,0
2024-06-06,sz.300739,11.17,13.31,11.17,13.31,15811049,202441952.74,5.3863,20.018,1,0
2024-06-07,sz.300739,13.54,14.66,13.32,14.37,37759818,533975870.78,12.8636,7.9639,0,0
2024-06-11,sz.300739,14.04,14.32,13.11,14.15,26028240,357766653.71,8.867,-1.531,0,0
2024-06-12,sz.300739,13.7,15.18,13.7,14.67,29577723,422030843.33,10.0762,3.6749,0,0
2024-06-13,sz.300739,14.3,14.78,13.8,13.9,27709278,395893412.35,9.4397,-5.2488,0,0
2024-06-14,sz.300739,13.6,15.27,13.35,14.63,31884882,456305423.77,10.8622,5.2518,0,0
2024-06-17,sz.300739,14.46,17.0,14.22,16.58,39683546,610171434.42,13.519,13.3288,0,0
2024-06-18,sz.300739,15.8,18.6,15.65,17.48,44055319,732900173.03,15.0083,5.4282,0,0
2024-06-19,sz.300739,16.99,17.18,16.13,16.23,36902929,610757955.95,12.5717,-7.151,0,0
2024-06-20,sz.300739,15.8,16.66,15.48,15.64,31247933,502419665.56,10.6452,-3.6352,0,0
2024-06-21,sz.300739,15.19,15.3,14.27,14.77,24717906,365868072.37,8.4206,-5.5627,0,0
2024-06-24,sz.300739,14.53,15.22,14.43,14.58,19999103,296919350.51,6.6318,-1.2864,0,0
2024-06-25,sz.300739,14.63,15.29,14.1,15.2,26079040,385288689.25,8.6479,4.2524,0,0
2024-06-26,sz.300739,14.78,15.88,14.4,15.65,29659869,451015500.39,9.8353,2.9605,0,0
2024-06-27,sz.300739,15.2,15.46,13.86,13.9,25469001,377592231.61,8.4456,-11.1821,0,0
2024-06-28,sz.300739,13.8,14.5,13.51,14.15,18482019,261620148.3,6.1287,1.7986,0,0
2024-07-01,sz.300739,14.2,14.25,13.45,13.87,15912028,218736163.99,5.2765,-1.9788,0,0
2024-07-02,sz.300739,13.88,13.92,13.49,13.66,12718844,174155859.7,4.217,-1.5141,0,0
2024-07-03,sz.300739,13.4,13.58,13.01,13.24,14038893,185831387.44,4.6546,-3.0747,0,0
2024-07-04,sz.300739,13.11,13.49,12.77,12.81,11029765,144389475.77,3.6569,-3.2477,0,0
2024-07-05,sz.300739,12.76,12.77,12.25,12.43,11266045,140031091.77,3.7353,-2.9664,0,0
2024-07-08,sz.300739,12.42,12.52,11.85,11.93,9190163,111122231.47,3.047,-4.0225,0,0
2024-07-09,sz.300739,11.92,12.84,11.79,12.75,14363966,178160609.06,4.7624,6.8734,0,0
2024-07-10,sz.300739,12.69,13.35,12.6,12.99,16560579,215275774.95,5.4907,1.8824,0,0
2024-07-11,sz.300739,13.25,14.12,13.01,13.72,22156872,299385138.57,7.3462,5.6197,0,0
2024-07-12,sz.300739,13.69,13.79,13.36,13.59,13728581,186343587.89,4.5517,-0.9475,0,0
2024-07-15,sz.300739,13.46,14.06,13.35,13.5,14479000,197788870.55,4.8005,-0.6623,0,0
2024-07-16,sz.300739,13.41,13.83,13.25,13.59,12403322,167719209.64,4.1123,0.6667,0,0
2024-07-17,sz.300739,13.5,13.66,12.8,12.85,12512875,163843635.83,4.1487,-5.4452,0,0
2024-07-18,sz.300739,12.79,12.79,11.9,12.44,11367306,139918833.54,3.7689,-3.1907,0,0
2024-07-19,sz.300739,12.46,12.77,12.33,12.41,9035287,113478323.36,2.9957,-0.2412,0,0
2024-07-22,sz.300739,12.44,12.64,12.23,12.6,7153226,89312639.4,2.3717,1.531,0,0
2024-07-23,sz.300739,12.62,12.65,12.01,12.05,8222681,100789963.09,2.7262,-4.3651,0,0
2024-07-24,sz.300739,12.07,12.34,11.76,11.86,7615197,91515788.84,2.5248,-1.5768,0,0
2024-07-25,sz.300739,11.74,11.97,11.36,11.63,7533168,87240183.49,2.4976,-1.9393,0,0
2024-07-26,sz.300739,11.62,11.87,11.59,11.74,5910134,69360216.95,1.9595,0.9458,0,0
2024-07-29,sz.300739,11.92,11.98,11.6,11.84,5787009,68235262.56,1.9187,0.8518,0,0
2024-07-30,sz.300739,11.71,12.02,11.56,11.92,6109183,72281473.29,2.0255,0.6757,0,0
2024-07-31,sz.300739,11.8,12.38,11.78,12.37,7823977,95269182.64,2.5941,3.7752,0,0
2024-08-01,sz.300739,12.37,12.53,12.27,12.4,6760909,83894105.49,2.2416,0.2425,0,0
2024-08-02,sz.300739,12.22,12.38,11.98,11.98,5792490,70470549.35,1.9205,-3.3871,0,0
2024-08-05,sz.300739,11.83,11.95,11.2,11.22,7939925,91548995.24,2.6325,-6.3439,0,0
2024-08-06,sz.300739,11.43,11.52,11.2,11.36,4312912,48804292.2,1.43,1.2478,0,0
2024-08-07,sz.300739,11.32,11.63,11.28,11.45,3940487,45267198.41,1.3065,0.7923,0,0
2024-08-08,sz.300739,11.37,11.49,11.11,11.35,4252696,47996947.07,1.41,-0.8734,0,0
2024-08-09,sz.300739,11.71,11.78,11.43,11.46,4966250,57323371.3,1.6466,0.9692,0,0
2024-08-12,sz.300739,11.36,11.61,11.22,11.37,3763205,42948921.05,1.2477,-0.7853,0,0
2024-08-13,sz.300739,11.27,11.65,11.27,11.65,4357900,50274084.75,1.4449,2.4626,0,0
2024-08-14,sz.300739,11.63,11.79,11.56,11.64,4050709,47264177.94,1.343,-0.0858,0,0
2024-08-15,sz.300739,11.54,11.85,11.44,11.73,3994709,46797338.57,1.3245,0.7732,0,0
2024-08-16,sz.300739,11.77,12.18,11.77,11.91,7226900,86724173.0,2.3961,1.5345,0,0
2024-08-19,sz.300739,11.85,11.95,11.53,11.55,5446200,63755686.0,1.8057,-3.0227,0,0
2024-08-20,sz.300739,11.54,11.65,11.31,11.35,3608300,41239070.0,1.1963,-1.7316,0,0
2024-08-21,sz.300739,11.3,11.74,11.22,11.48,4112075,47445307.75,1.3634,1.1454,0,0
2024-08-22,sz.300739,11.49,11.55,11.18,11.2,3919925,44345195.5,1.2997,-2.439,0,0
2024-08-23,sz.300739,11.14,11.51,10.95,11.2,4385325,49113126.0,1.454,0.0,0,0
2024-08-26,sz.300739,11.26,11.5,11.15,11.43,4378101,49722093.25,1.4516,2.0536,0,0
2024-08-27,sz.300739,11.35,11.42,11.04,11.06,4095101,45714649.2,1.3577,-3.2371,0,0
2024-08-28,sz.300739,10.97,11.29,10.97,11.08,2982601,33243060.14,0.9889,0.1808,0,0
2024-08-29,sz.300739,11.03,11.37,10.9,11.27,3401446,38086805.94,1.1278,1.7148,0,0
2024-08-30,sz.300739,11.28,11.86,11.28,11.64,5839856,68109416.81,1.9362,3.2831,0,0
2024-09-02,sz.300739,11.7,11.77,11.27,11.28,4149425,47612253.5,1.3758,-3.0928,0,0
2024-09-03,sz.300739,11.28,11.47,11.2,11.36,3467120,39345036.6,1.1495,0.7092,0,0
2024-09-04,sz.300739,11.29,11.34,11.06,11.24,3388620,38001165.2,1.1235,-1.0563,0,0
2024-09-05,sz.300739,11.23,11.59,11.19,11.44,4469600,50998647.0,1.4819,1.7794,0,0
2024-09-06,sz.300739,11.41,11.45,11.08,11.09,4544600,50959517.0,1.5068,-3.0594,0,0
2024-09-09,sz.300739,11.05,11.14,10.91,10.95,3139600,34558271.0,1.0409,-1.2624,0,0
2024-09-10,sz.300739,11.04,11.25,10.84,11.19,3942139,43525451.49,1.307,2.1918,0,0
2024-09-11,sz.300739,11.11,11.16,10.9,10.95,2760700,30417753.0,0.9153,-2.1448,0,0
2024-09-12,sz.300739,11.03,11.16,10.8,10.8,3027936,33217870.32,1.0039,-1.3699,0,0
2024-09-13,sz.300739,10.78,11.01,10.63,10.63,3364720,36288704.1,1.1156,-1.5741,0,0
2024-09-18,sz.300739,10.63,10.76,10.18,10.43,3247125,33733841.34,1.0766,-1.8815,0,0
2024-09-19,sz.300739,10.5,10.71,10.4,10.68,2948661,31255936.27,0.9776,2.3969,0,0
2024-09-20,sz.300739,10.71,10.75,10.51,10.6,2421150,25672147.0,0.8027,-0.7491,0,0
2024-09-23,sz.300739,10.56,10.76,10.45,10.68,2772619,29600442.89,0.9193,0.7547,0,0
2024-09-24,sz.300739,10.78,11.11,10.58,11.11,5369220,58523371.0,1.7802,4.0262,0,0
2024-09-25,sz.300739,11.2,11.53,11.16,11.28,6147300,69739277.16,2.0381,1.5302,0,0
2024-09-26,sz.300739,11.21,11.6,11.18,11.6,4364044,49884295.76,1.4469,2.8369,0,0
2024-09-27,sz.300739,11.8,12.51,11.69,12.21,8772000,106008641.5,2.9084,5.2586,0,0
2024-09-30,sz.300739,12.67,14.5,12.38,14.07,18238944,243623581.14,6.0472,15.2334,0,0
2024-10-08,sz.300739,16.75,16.76,14.45,16.3,23362546,367370348.83,7.7459,15.8493,0,0
2024-10-09,sz.300739,15.59,15.59,13.88,13.88,17316432,256571143.31,5.7413,-14.8466,0,0
2024-10-10,sz.300739,14.2,14.58,13.87,13.93,10137361,144006399.35,3.3611,0.3602,0,0
2024-10-11,sz.300739,13.99,13.99,13.0,13.19,9097524,122090348.78,3.0163,-5.3123,0,0
2024-10-14,sz.300739,13.36,13.72,13.04,13.72,6680130,89794620.76,2.2148,4.0182,0,0
2024-10-15,sz.300739,13.69,14.24,13.52,13.61,8818077,122464273.07,2.9236,-0.8017,0,0
2024-10-16,sz.300739,13.45,13.67,13.26,13.45,6513060,87637661.63,2.1594,-1.1756,0,0
2024-10-17,sz.300739,13.51,13.93,13.51,13.54,7084450,97275174.5,2.3489,0.6691,0,0
2024-10-18,sz.300739,13.5,14.68,13.45,14.3,11962455,168857418.52,3.9662,5.613,0,0
2024-10-21,sz.300739,14.5,15.03,14.35,14.7,11842344,174182325.1,3.9264,2.7972,0,0
2024-10-22,sz.300739,14.78,15.14,14.5,14.71,9977250,148055703.57,3.308,0.068,0,0
2024-10-23,sz.300739,14.49,14.83,14.3,14.42,7515700,109716252.75,2.4918,-1.9714,0,0
2024-10-24,sz.300739,14.42,14.58,14.14,14.52,5584030,80370258.0,1.8514,0.6935,0,0
2024-10-25,sz.300739,14.6,14.82,14.48,14.68,6647718,97323313.82,2.2041,1.1019,0,0
2024-10-28,sz.300739,14.63,14.63,14.12,14.41,9231782,132201804.46,3.0599,-1.8392,0,0
2024-10-29,sz.300739,14.4,14.41,13.95,14.03,8720633,123363734.25,2.8904,-2.6371,0,0
2024-10-30,sz.300739,13.85,14.03,13.46,13.78,7665372,105305063.69,2.5407,-1.7819,0,0
2024-10-31,sz.300739,13.56,13.85,13.36,13.71,8972183,122531325.97,2.9738,-0.508,0,0
2024-11-01,sz.300739,13.63,13.64,12.77,12.79,9101375,119087404.01,3.0166,-6.7104,0,0
2024-11-04,sz.300739,12.9,13.27,12.77,13.27,5363940,70533198.8,1.7779,3.7529,0,0
2024-11-05,sz.300739,13.37,13.79,13.21,13.68,7138259,96805552.13,2.366,3.0897,0,0
2024-11-06,sz.300739,13.8,13.92,13.53,13.65,7243425,99538625.25,2.4008,-0.2193,0,0
2024-11-07,sz.300739,13.66,14.16,13.41,14.13,9246307,127958818.59,3.0647,3.5165,0,0
2024-11-08,sz.300739,14.23,14.44,14.07,14.11,9201761,130983863.41,3.0499,-0.1415,0,0
2024-11-11,sz.300739,14.09,14.67,14.09,14.62,9071737,131410870.52,3.0068,3.6145,0,0
2024-11-12,sz.300739,14.62,14.99,14.44,14.72,11069314,163051501.84,3.6689,0.684,0,0
2024-11-13,sz.300739,14.6,14.72,14.2,14.63,7036406,101942247.37,2.3322,-0.6114,0,0
2024-11-14,sz.300739,14.57,15.28,14.51,14.58,13403160,198644084.4,4.4424,-0.3418,0,0
2024-11-15,sz.300739,14.73,15.15,14.41,15.09,20249091,301496729.16,6.7115,3.4979,0,0
2024-11-18,sz.300739,15.02,15.09,13.51,13.75,17242498,241117118.98,5.715,-8.8801,0,0
2024-11-19,sz.300739,13.71,14.36,13.67,14.36,10338955,145268290.06,3.4268,4.4364,0,0
2024-11-20,sz.300739,14.32,14.53,14.18,14.36,9076952,130165648.62,3.0085,0.0,0,0
2024-11-21,sz.300739,14.29,14.51,14.1,14.34,8030650,115180428.0,2.6617,-0.1393,0,0
2024-11-22,sz.300739,14.22,14.65,13.69,13.72,9967368,141743845.68,3.3037,-4.3236,0,0
2024-11-25,sz.300739,13.71,13.89,13.36,13.89,6241000,85143425.25,2.0686,1.2391,0,0
2024-11-26,sz.300739,13.8,14.03,13.59,13.64,4284861,59065399.6,1.4202,-1.7999,0,0
2024-11-27,sz.300739,13.61,14.29,13.23,14.25,6621395,91251003.3,2.1946,4.4721,0,0
2024-11-28,sz.300739,14.26,14.45,14.14,14.2,5152118,73709157.16,1.7077,-0.3509,0,0
2024-11-29,sz.300739,14.2,14.51,13.96,14.34,5911820,84350790.6,1.9595,0.9859,0,0
2024-12-02,sz.300739,14.36,14.49,14.26,14.45,7285683,104833236.2,2.4148,0.7671,0,0
2024-12-03,sz.300739,14.49,14.49,14.18,14.4,6226600,89373601.17,2.0638,-0.346,0,0
2024-12-04,sz.300739,14.4,14.97,14.28,14.65,12388808,181417246.44,4.1062,1.7361,0,0
2024-12-05,sz.300739,14.32,14.95,14.3,14.75,11444798,169150340.75,3.7933,0.6826,0,0
2024-12-06,sz.300739,14.72,14.99,14.4,14.84,9139723,134498240.21,3.0293,0.6102,0,0
2024-12-09,sz.300739,14.73,15.07,14.55,14.81,7472727,110525817.44,2.4768,-0.2022,0,0
2024-12-10,sz.300739,15.2,15.25,14.66,14.72,10947312,163356942.13,3.6285,-0.6077,0,0
2024-12-11,sz.300739,14.66,14.96,14.66,14.96,7633564,113332292.96,2.5301,1.6304,0,0
2024-12-12,sz.300739,14.94,15.04,14.75,14.92,5629443,83762544.05,1.8659,-0.2674,0,0
2024-12-13,sz.300739,14.85,14.88,14.59,14.66,5623504,82870784.94,1.8639,-1.7426,0,0
2024-12-16,sz.300739,14.66,14.79,14.39,14.5,4376175,63843311.75,1.4505,-1.0914,0,0
2024-12-17,sz.300739,14.5,17.4,14.44,17.4,52366996,895090613.5,17.3569,20.0,1,0
2024-12-18,sz.300739,16.83,20.28,16.78,19.0,84330648,1557258392.58,27.9511,9.1954,0,0
2024-12-19,sz.300739,17.31,18.22,16.69,17.56,68936743,1192857178.75,22.1593,-7.5789,0,0
2024-12-20,sz.300739,16.92,18.69,16.92,18.5,70354040,1265808137.12,21.6821,5.3531,0,0
2024-12-23,sz.300739,18.05,18.43,16.84,17.86,51438363,900182031.67,15.8525,-3.4595,0,0
2024-12-24,sz.300739,17.75,17.89,16.9,17.35,36840998,639498004.62,11.0432,-2.8555,0,0
2024-12-25,sz.300739,17.21,17.73,16.91,17.49,38264216,666242220.07,11.4698,0.8069,0,0
2024-12-26,sz.300739,17.1,18.57,16.0,18.38,59669511,1034469659.17,17.8861,5.0886,0,0
2024-12-27,sz.300739,18.11,18.54,17.21,17.34,45989825,824308014.98,13.7856,-5.6583,0,0
2024-12-30,sz.300739,16.91,17.69,16.7,16.88,26031118,446155842.06,7.8029,-2.6528,0,0
2024-12-31,sz.300739,16.82,16.99,14.86,15.14,37305582,588780309.13,11.1824,-10.3081,0,0
2025-01-02,sz.300739,15.0,15.04,14.17,14.52,23535886,344030511.51,7.0549,-4.0951,0,0
2025-01-03,sz.300739,14.48,14.58,13.26,13.3,23476614,322959363.33,6.9032,-8.4022,0,0
2025-01-06,sz.300739,13.19,13.39,12.66,12.9,15974640,208114426.58,4.6973,-3.0075,0,0
2025-01-07,sz.300739,12.92,13.54,12.78,13.53,18605884,245836254.47,5.471,4.8837,0,0
2025-01-08,sz.300739,13.26,13.45,12.7,13.31,19246542,253101858.36,5.6594,-1.626,0,0
2025-01-09,sz.300739,13.2,14.35,13.2,13.94,30703664,428932598.99,9.0283,4.7333,0,0
2025-01-10,sz.300739,13.8,13.88,12.99,12.99,22479569,303296676.63,6.6101,-6.8149,0,0
2025-01-13,sz.300739,12.67,12.82,12.23,12.59,15844383,198187199.72,4.659,-3.0793,0,0
2025-01-14,sz.300739,12.71,13.55,12.59,13.54,21532584,283269818.36,6.3316,7.5457,0,0
2025-01-15,sz.300739,13.6,13.8,13.31,13.44,16393760,221605758.87,4.8205,-0.7386,0,0
2025-01-16,sz.300739,13.57,13.96,13.4,13.76,20660267,283508696.32,6.0751,2.381,0,0
2025-01-17,sz.300739,13.8,14.2,13.67,14.0,22587065,316359383.32,6.6417,1.7442,0,0
2025-01-20,sz.300739,14.1,14.5,14.0,14.32,21166554,301946443.42,6.224,2.2857,0,0
2025-01-21,sz.300739,14.3,14.38,13.93,14.06,17698403,248826761.2,5.2042,-1.8156,0,0
2025-01-22,sz.300739,14.05,14.4,13.9,14.07,15307173,216497649.51,4.501,0.0711,0,0
2025-01-23,sz.300739,14.3,14.64,13.96,13.96,17652143,252316054.53,5.1906,-0.7818,0,0
2025-01-24,sz.300739,13.53,13.88,13.42,13.77,16698591,229350723.97,4.9102,-1.361,0,0
2025-01-27,sz.300739,13.98,14.0,13.3,13.33,10992380,148665880.63,3.2323,-3.1954,0,0
2025-02-05,sz.300739,13.5,13.68,13.33,13.55,9834795,133178737.69,2.8919,1.6504,0,0
2025-02-06,sz.300739,13.57,14.2,13.47,14.2,14845374,206837824.7,4.3652,4.797,0,0
2025-02-07,sz.300739,14.19,14.47,14.04,14.31,19155503,273822075.56,5.6326,0.7746,0,0
2025-02-10,sz.300739,14.36,14.46,14.17,14.46,13633971,195329670.31,4.009,1.0482,0,0
2025-02-11,sz.300739,14.4,14.43,14.18,14.3,11932878,170719275.67,3.5088,-1.1065,0,0
2025-02-12,sz.300739,14.26,14.59,14.2,14.59,14169483,204871355.34,4.1665,2.028,0,0
2025-02-13,sz.300739,14.58,14.65,14.23,14.24,13088880,187846148.46,3.8488,-2.3989,0,0
2025-02-14,sz.300739,14.16,14.4,14.1,14.2,11635276,165832882.58,3.4213,-0.2809,0,0
2025-02-17,sz.300739,14.2,14.72,14.19,14.6,16108983,233669210.94,4.7367,2.8169,0,0
2025-02-18,sz.300739,14.7,15.04,14.15,14.23,22662025,331783562.91,6.6636,-2.5342,0,0
2025-02-19,sz.300739,14.22,14.72,14.11,14.71,17333598,250686335.12,5.0968,3.3732,0,0
2025-02-20,sz.300739,14.7,14.9,14.57,14.9,18171276,268548554.91,5.3431,1.2916,0,0
2025-02-21,sz.300739,14.97,15.37,14.75,15.29,28149965,426831667.14,8.2772,2.6174,0,0
2025-02-24,sz.300739,15.29,15.3,14.85,15.09,17201037,258293440.66,5.0578,-1.308,0,0
2025-02-25,sz.300739,14.82,15.38,14.78,15.21,18152540,275056689.94,5.3376,0.7952,0,0
2025-02-26,sz.300739,15.33,15.53,15.18,15.48,18169312,279482542.66,5.3425,1.7751,0,0
2025-02-27,sz.300739,15.5,15.57,14.91,15.26,17157942,260835919.04,5.0451,-1.4212,0,0
2025-02-28,sz.300739,15.0,15.2,14.11,14.21,16365503,238487854.11,4.8121,-6.8807,0,0
2025-03-03,sz.300739,14.15,14.44,13.73,14.13,11684431,165749649.63,3.4357,-0.563,0,0
2025-03-04,sz.300739,14.01,14.47,13.9,14.47,8841044,126401862.35,2.5996,2.4062,0,0
2025-03-05,sz.300739,14.47,14.94,14.33,14.89,12549958,183827948.57,3.6902,2.9026,0,0
2025-03-06,sz.300739,15.06,15.33,14.96,15.01,15806505,238342741.67,4.6478,0.8059,0,0
2025-03-07,sz.300739,14.99,14.99,14.64,14.74,10814856,160359958.8,3.18,-1.7988,0,0
2025-03-10,sz.300739,14.8,14.86,14.55,14.73,6743318,99138872.68,1.9828,-0.0678,0,0
2025-03-11,sz.300739,14.58,15.06,14.47,14.98,12448721,184926986.28,3.6604,1.6972,0,0
2025-03-12,sz.300739,15.0,15.23,14.92,15.08,12914061,194729287.49,3.7973,0.6676,0,0
2025-03-13,sz.300739,14.99,15.2,14.69,14.89,11485634,171243027.66,3.3772,-1.2599,0,0
2025-03-14,sz.300739,14.9,15.37,14.58,15.35,20588632,311912296.24,6.0539,3.0893,0,0
2025-03-17,sz.300739,15.34,15.35,15.08,15.3,13139663,200204214.15,3.8636,-0.3257,0,0
2025-03-18,sz.300739,15.31,15.48,15.15,15.46,14228577,218467156.62,4.1838,1.0458,0,0
2025-03-19,sz.300739,15.35,15.4,15.11,15.19,10925088,166188892.81,3.2124,-1.7464,0,0
2025-03-20,sz.300739,15.22,15.28,14.91,14.93,9603655,144898160.0,2.8239,-1.7117,0,0
2025-03-21,sz.300739,14.82,14.93,14.44,14.45,9826015,143917633.98,2.8892,-3.215,0,0
2025-03-24,sz.300739,14.5,14.74,13.53,14.09,12163254,171430587.83,3.5765,-2.4913,0,0
2025-03-25,sz.300739,14.01,14.1,13.7,13.81,7046258,97769063.82,2.0719,-1.9872,0,0
2025-03-26,sz.300739,13.75,14.24,13.72,13.95,6497117,91119614.87,1.9104,1.0138,0,0
2025-03-27,sz.300739,13.91,14.09,13.58,13.94,6637398,91980953.81,1.9517,-0.0717,0,0
2025-03-28,sz.300739,13.89,14.04,13.52,13.52,6571110,90275906.2,1.9322,-3.0129,0,0
2025-03-31,sz.300739,13.41,13.6,13.07,13.34,6795524,89976541.65,1.9982,-1.3314,0,0
2025-04-01,sz.300739,13.37,13.55,13.37,13.45,4178079,56270621.97,1.2285,0.8246,0,0
2025-04-02,sz.300739,13.39,13.67,13.39,13.45,4224782,57151789.91,1.2402,0.0,0,0
2025-04-03,sz.300739,13.27,13.48,13.0,13.13,6127934,80940685.09,1.7989,-2.3792,0,0
2025-04-07,sz.300739,12.4,12.4,10.5,10.5,13458347,150451233.32,3.9507,-20.0305,0,1
2025-04-08,sz.300739,10.63,11.17,10.5,10.76,10121269,109302220.17,2.9711,2.4762,0,0
2025-04-09,sz.300739,10.42,11.27,9.83,11.17,10911896,116424937.16,3.2032,3.8104,0,0
2025-04-10,sz.300739,11.45,11.78,11.38,11.39,9435597,109253827.95,2.7698,1.9696,0,0
2025-04-11,sz.300739,11.25,11.74,11.2,11.58,6769833,78254358.8,1.9873,1.6681,0,0
2025-04-14,sz.300739,12.0,12.29,11.74,11.81,7329530,87387049.49,2.1516,1.9862,0,0
2025-04-15,sz.300739,11.94,11.96,11.63,11.75,4233856,49682442.8,1.2429,-0.508,0,0
2025-04-16,sz.300739,11.68,11.78,11.21,11.51,5590223,64338662.45,1.641,-2.0426,0,0
2025-04-17,sz.300739,11.42,11.7,11.4,11.53,4294778,49857917.68,1.2607,0.1738,0,0
2025-04-18,sz.300739,11.53,11.76,11.42,11.64,5106651,59246673.23,1.4991,0.954,0,0
2025-04-21,sz.300739,11.75,11.81,11.51,11.81,4442400,52081530.0,1.3041,1.4605,0,0
2025-04-22,sz.300739,11.73,12.05,11.73,11.84,6147440,72998498.96,1.8046,0.254,0,0
2025-04-23,sz.300739,11.98,12.05,11.84,12.0,5768632,68950167.54,1.6934,1.3514,0,0
2025-04-24,sz.300739,12.03,12.03,11.55,11.61,7905100,92765810.0,2.3205,-3.25,0,0
2025-04-25,sz.300739,11.55,11.78,11.55,11.63,4643661,54211370.14,1.3632,0.1723,0,0
2025-04-28,sz.300739,11.63,11.65,11.34,11.46,5145725,58973751.5,1.5105,-1.4617,0,0
2025-04-29,sz.300739,11.62,12.01,11.57,11.89,7703819,91292117.55,2.2615,3.7522,0,0
2025-04-30,sz.300739,11.85,12.21,11.85,12.17,6934850,83960140.0,2.0357,2.3549,0,0
2025-05-06,sz.300739,12.28,12.7,12.26,12.68,8588689,107756716.74,2.5212,4.1906,0,0
2025-05-07,sz.300739,12.91,12.97,12.57,12.7,7710000,98248484.13,2.2633,0.1577,0,0
2025-05-08,sz.300739,12.71,12.98,12.66,12.91,6080858,78310946.57,1.785,1.6535,0,0
2025-05-09,sz.300739,12.86,12.91,12.7,12.75,5339202,68368090.73,1.5673,-1.2393,0,0
2025-05-12,sz.300739,12.85,13.08,12.85,13.05,5888578,76522585.66,1.7286,2.3529,0,0
2025-05-13,sz.300739,13.16,13.23,12.94,12.96,5255131,68738912.83,1.5426,-0.6897,0,0
2025-05-14,sz.300739,12.97,13.13,12.84,12.96,5238700,68012592.78,1.5378,0.0,0,0
2025-05-15,sz.300739,12.96,13.04,12.8,12.92,4311100,55561462.0,1.2655,-0.3086,0,0
2025-05-16,sz.300739,12.84,13.07,12.76,12.93,4017182,52187515.8,1.1792,0.0774,0,0
2025-05-19,sz.300739,12.9,12.99,12.75,12.97,4222690,54431628.41,1.2396,0.3094,0,0
2025-05-20,sz.300739,13.05,13.29,12.96,13.28,6111785,80472843.4,1.7941,2.3901,0,0
2025-05-21,sz.300739,13.26,13.26,13.03,13.09,3759813,49299663.19,1.1037,-1.4307,0,0
2025-05-22,sz.300739,13.06,13.25,12.93,12.96,4631508,60493297.28,1.3596,-0.9931,0,0
2025-05-23,sz.300739,12.9,13.02,12.66,12.68,4545700,58457384.0,1.3344,-2.1605,0,0
2025-05-26,sz.300739,12.68,12.98,12.65,12.97,3625343,46773124.87,1.0642,2.2871,0,0
2025-05-27,sz.300739,12.93,12.98,12.79,12.93,3161278,40692610.66,0.928,-0.3084,0,0
2025-05-28,sz.300739,12.94,13.03,12.8,12.89,2666839,34400437.76,0.7829,-0.3094,0,0
2025-05-29,sz.300739,12.89,13.21,12.89,13.2,5247600,68901858.0,1.5404,2.405,0,0
2025-05-30,sz.300739,13.09,13.13,12.87,12.93,4814800,62350650.0,1.4134,-1.0712,0,0
2025-06-03,sz.300739,12.83,13.09,12.77,13.0,4842900,62905142.0,1.4216,0.5414,0,0
2025-06-04,sz.300739,13.03,13.49,13.03,13.23,8493492,112573190.04,2.4933,1.7692,0,0
2025-06-05,sz.300739,13.23,13.72,13.14,13.63,10962128,147762572.43,3.2179,3.0234,0,0
2025-06-06,sz.300739,13.59,13.74,13.5,13.6,7239061,98317864.48,2.125,-0.2201,0,0
2025-06-09,sz.300739,13.63,13.69,13.56,13.61,6231095,84854323.51,1.8291,0.0735,0,0
2025-06-10,sz.300739,13.6,13.65,13.28,13.43,7084345,95313038.59,2.0796,-1.3226,0,0
2025-06-11,sz.300739,13.53,13.78,13.47,13.5,5929231,80609648.15,1.7405,0.5212,0,0
2025-06-12,sz.300739,13.43,13.75,13.43,13.57,5751425,78279718.25,1.6883,0.5185,0,0
2025-06-13,sz.300739,13.45,13.64,13.29,13.29,5850314,78475751.87,1.7174,-2.0634,0,0
2025-06-16,sz.300739,13.28,13.85,13.21,13.67,9102500,124240846.0,2.672,2.8593,0,0
2025-06-17,sz.300739,13.63,13.67,13.3,13.43,8313665,111622950.94,2.4405,-1.7557,0,0
2025-06-18,sz.300739,13.41,14.24,13.34,14.16,23267353,324221858.0,6.8302,5.4356,0,0
2025-06-19,sz.300739,14.16,14.56,13.9,13.96,20430560,288668724.36,5.9974,-1.4124,0,0
2025-06-20,sz.300739,14.0,14.67,13.95,14.28,25525707,364352520.46,7.4931,2.2923,0,0
2025-06-23,sz.300739,14.01,14.39,13.95,14.29,17341455,246336196.42,5.0906,0.07,0,0
2025-06-24,sz.300739,14.29,14.63,14.2,14.59,22091157,320867183.94,6.4849,2.0994,0,0
2025-06-25,sz.300739,14.5,14.7,14.31,14.46,15975092,230475022.54,4.6895,-0.891,0,0
2025-06-26,sz.300739,14.45,14.7,14.38,14.45,15385128,223369798.66,4.5163,-0.0692,0,0
2025-06-27,sz.300739,14.45,14.72,14.23,14.52,14177781,205864763.52,4.1619,0.4844,0,0
2025-06-30,sz.300739,14.65,14.87,14.58,14.84,14480891,213317454.04,4.2509,2.2039,0,0
2025-07-01,sz.300739,14.74,15.06,14.5,15.0,16320667,242145355.95,4.7909,1.0782,0,0
2025-07-02,sz.300739,15.05,15.09,14.5,14.58,11524020,168478112.33,3.3829,-2.8,0,0
2025-07-03,sz.300739,14.56,15.28,14.52,15.2,21604967,324911558.87,6.3422,4.2524,0,0
2025-07-04,sz.300739,15.13,15.54,14.95,15.05,18135892,274710612.72,5.3238,-0.9868,0,0
2025-07-07,sz.300739,14.82,15.15,14.8,14.9,10529009,157062266.26,3.0908,-0.9967,0,0
2025-07-08,sz.300739,14.89,15.6,14.87,15.48,21811875,335713406.75,6.4029,3.8926,0,0
2025-07-09,sz.300739,15.88,16.07,15.45,15.53,29727612,466492187.22,8.7266,0.323,0,0
2025-07-10,sz.300739,15.72,15.95,15.07,15.33,19423838,298177022.34,5.7019,-1.2878,0,0
2025-07-11,sz.300739,15.17,15.26,14.66,14.82,18620825,276103176.0,5.4662,-3.3268,0,0
2025-07-14,sz.300739,14.83,15.25,14.72,15.06,13682116,205684124.91,4.0164,1.6194,0,0
2025-07-15,sz.300739,15.02,17.71,15.0,16.46,64302270,1077504596.03,18.876,9.2961,0,0
2025-07-16,sz.300739,15.89,16.15,15.55,16.04,43833503,696344969.19,12.8674,-2.5516,0,0
2025-07-17,sz.300739,15.8,16.65,15.73,16.45,41951323,686621701.56,12.3148,2.5561,0,0
2025-07-18,sz.300739,16.4,16.56,15.81,15.88,29772514,479151711.01,8.7397,-3.465,0,0
2025-07-21,sz.300739,15.77,16.03,15.5,15.94,24620156,387864266.13,7.2273,0.3778,0,0
2025-07-22,sz.300739,15.9,16.32,15.51,15.59,22763617,359836136.66,6.6823,-2.1957,0,0
2025-07-23,sz.300739,15.49,15.58,15.25,15.38,13804478,212966316.78,4.0523,-1.347,0,0
2025-07-24,sz.300739,15.34,15.76,15.28,15.44,15048870,232725933.61,4.4176,0.3901,0,0
2025-07-25,sz.300739,15.46,15.65,15.32,15.38,13894975,214607569.75,4.0789,-0.3886,0,0
2025-07-28,sz.300739,15.42,16.22,15.41,16.12,31524775,501642486.76,9.2541,4.8114,0,0
2025-07-29,sz.300739,15.96,16.28,15.9,16.15,21346848,343422592.16,6.2664,0.1861,0,0
2025-07-30,sz.300739,16.1,16.19,15.81,15.98,15050900,240395815.5,4.4182,-1.0526,0,0
2025-07-31,sz.300739,16.03,16.38,15.67,15.74,22050144,353774413.48,6.4728,-1.5019,0,0
2025-08-01,sz.300739,15.54,15.82,15.36,15.5,16200112,252008731.62,4.7556,-1.5248,0,0
2025-08-04,sz.300739,15.21,15.63,15.17,15.55,11850902,182927104.04,3.4788,0.3226,0,0
2025-08-05,sz.300739,15.67,15.83,15.42,15.77,13358062,208901527.25,3.8774,1.4148,0,0
2025-08-06,sz.300739,15.6,16.12,15.51,15.87,14777783,234515288.24,4.2895,0.6341,0,0
2025-08-07,sz.300739,15.85,16.13,15.41,15.7,15123064,238019192.9,4.3897,-1.0712,0,0
2025-08-08,sz.300739,15.58,15.79,15.43,15.57,10386616,161644361.52,3.0149,-0.828,0,0
2025-08-11,sz.300739,15.55,16.17,15.52,16.08,18001231,286603305.79,5.2252,3.2755,0,0
2025-08-12,sz.300739,16.05,16.55,15.93,16.35,25197955,411207562.35,7.3142,1.6791,0,0
2025-08-13,sz.300739,16.41,16.53,16.21,16.5,22475657,368417193.01,6.524,0.9174,0,0
2025-08-14,sz.300739,16.48,16.49,15.8,15.8,19049428,305294440.64,5.5294,-4.2424,0,0
2025-08-15,sz.300739,15.79,16.87,15.78,16.87,37191586,618342751.61,10.7955,6.7722,0,0
2025-08-18,sz.300739,17.04,17.37,16.69,17.06,35026132,599019924.35,10.167,1.1263,0,0
2025-08-19,sz.300739,16.97,19.3,16.87,18.57,55380072,995328345.34,16.0751,8.8511,0,0
2025-08-20,sz.300739,18.09,18.09,17.26,17.75,39351404,693145495.38,11.4225,-4.4157,0,0
2025-08-21,sz.300739,17.61,17.76,16.96,17.05,27688383,477208198.26,8.0371,-3.9437,0,0
2025-08-22,sz.300739,17.04,17.65,16.96,17.11,27723265,477134219.5,8.0472,0.3519,0,0
2025-08-25,sz.300739,17.36,17.98,17.2,17.57,36229387,636547483.83,10.5162,2.6885,0,0
2025-08-26,sz.300739,17.39,17.62,17.21,17.29,22813756,397078862.29,6.6221,-1.5936,0,0
2025-08-27,sz.300739,17.12,17.45,16.64,16.64,23766386,406922744.66,6.8986,-3.7594,0,0
2025-08-28,sz.300739,16.93,18.19,16.93,18.1,58227190,1036682260.71,16.7356,8.774,0,0
2025-08-29,sz.300739,18.2,18.25,17.68,17.89,29117024,519626699.25,8.3688,-1.1602,0,0
2025-09-01,sz.300739,17.86,18.08,17.59,17.93,26670088,475439062.49,7.6655,0.2236,0,0
2025-09-02,sz.300739,17.86,18.25,17.13,17.82,38844799,689229497.32,11.0589,-0.6135,0,0
2025-09-03,sz.300739,17.6,18.07,17.2,17.35,27336063,481943565.36,7.7824,-2.6375,0,0
2025-09-04,sz.300739,17.36,17.89,16.09,16.42,29834283,507236160.77,8.4936,-5.3602,0,0
2025-09-05,sz.300739,16.5,17.27,16.32,17.22,20890261,351638309.62,5.9473,4.8721,0,0
2025-09-08,sz.300739,17.25,17.44,16.69,17.16,17871233,303947791.38,5.0878,-0.3484,0,0
2025-09-09,sz.300739,17.01,17.11,16.4,16.5,16446384,274408324.03,4.6822,-3.8462,0,0
2025-09-10,sz.300739,16.57,17.0,16.5,16.65,13906133,233112244.76,3.959,0.9091,0,0
2025-09-11,sz.300739,16.65,18.13,16.63,17.99,41843611,739901353.21,11.9126,8.048,0,0
2025-09-12,sz.300739,17.83,18.76,17.5,18.36,37612471,685966799.88,10.708,2.0567,0,0
2025-09-15,sz.300739,18.37,18.4,17.8,18.09,19315743,348743018.08,5.4991,-1.4706,0,0
2025-09-16,sz.300739,18.02,18.54,17.83,18.38,21636428,395536886.35,6.1598,1.6031,0,0
2025-09-17,sz.300739,18.3,18.49,18.02,18.16,18352531,334651100.7,5.5493,-1.197,0,0
2025-09-18,sz.300739,18.15,18.43,17.65,17.93,23558046,425268009.31,7.1233,-1.2665,0,0
2025-09-19,sz.300739,17.97,18.18,17.36,17.55,14890849,263520550.45,4.5026,-2.1194,0,0
2025-09-22,sz.300739,17.43,17.93,17.33,17.69,12475798,220035388.45,3.7723,0.7977,0,0
2025-09-23,sz.300739,17.75,18.05,16.82,17.36,17611143,305826839.34,5.3251,-1.8655,0,0
2025-09-24,sz.300739,17.13,17.49,16.8,17.44,13424980,231585661.4,4.0593,0.4608,0,0
2025-09-25,sz.300739,17.36,17.4,16.99,17.07,11535739,198095351.5,3.4881,-2.1216,0,0
2025-09-26,sz.300739,16.92,17.0,16.1,16.12,16674566,274327264.54,5.0419,-5.5653,0,0
2025-09-29,sz.300739,16.11,16.46,15.94,16.23,10962615,178144945.49,3.3148,0.6824,0,0
2025-09-30,sz.300739,16.39,16.57,16.11,16.29,11283559,184215022.38,3.4118,0.3697,0,0
2025-10-09,sz.300739,16.41,17.2,16.41,16.5,19438067,326683522.85,5.8775,1.2891,0,0
2025-10-10,sz.300739,16.4,16.4,15.82,16.06,15354022,247477462.88,4.6426,-2.6667,0,0
2025-10-13,sz.300739,15.42,16.06,14.81,15.95,12810868,199815104.87,3.8736,-0.6849,0,0
2025-10-14,sz.300739,15.99,16.3,15.26,15.32,11515208,181213702.2,3.4818,-3.9498,0,0
2025-10-15,sz.300739,15.4,15.59,15.23,15.59,9319155,143728494.98,2.8178,1.7624,0,0
2025-10-16,sz.300739,15.51,15.56,15.22,15.3,6284696,96683720.57,1.9003,-1.8602,0,0
2025-10-17,sz.300739,15.29,15.3,14.6,14.62,11192892,166887549.32,3.3844,-4.4444,0,0
2025-10-20,sz.300739,14.91,15.41,14.91,15.19,11835881,179913951.81,3.5788,3.8988,0,0
2025-10-21,sz.300739,15.18,15.78,15.03,15.68,9119292,141396161.16,2.7574,3.2258,0,0
2025-10-22,sz.300739,15.65,15.97,15.48,15.67,7938183,125064432.18,2.4003,-0.0638,0,0
2025-10-23,sz.300739,15.62,15.79,15.44,15.79,7442500,116061308.0,2.2504,0.7658,0,0
2025-10-24,sz.300739,15.95,16.29,15.82,16.28,10570475,170535230.5,3.1962,3.1032,0,0
2025-10-27,sz.300739,16.35,16.65,16.2,16.52,10728196,177071652.53,3.2439,1.4742,0,0
2025-10-28,sz.300739,16.45,17.6,16.4,17.2,21342139,366178772.65,6.4532,4.1162,0,0
2025-10-29,sz.300739,17.3,17.67,17.12,17.33,18541522,321081029.25,5.6064,0.7558,0,0
2025-10-30,sz.300739,17.63,17.94,17.22,17.4,20262550,356010116.53,6.1268,0.4039,0,0
2025-10-31,sz.300739,17.4,17.65,17.13,17.2,12530584,216423791.21,3.7889,-1.1494,0,0
2025-11-03,sz.300739,17.15,17.23,16.83,17.18,12518357,213436121.63,3.7852,-0.1163,0,0
2025-11-04,sz.300739,17.06,17.19,16.81,16.93,7289500,123828718.0,2.2041,-1.4552,0,0
2025-11-05,sz.300739,16.67,17.07,16.62,16.92,7149700,120358313.16,2.1618,-0.0591,0,0
2025-11-06,sz.300739,17.01,17.1,16.68,17.06,7795826,132008853.25,2.3572,0.8274,0,0
2025-11-07,sz.300739,16.97,16.99,16.67,16.8,6952580,117064257.01,2.1022,-1.524,0,0
2025-11-10,sz.300739,16.99,17.04,16.52,16.64,7212455,120231958.16,2.1808,-0.9524,0,0
2025-11-11,sz.300739,16.76,16.77,16.31,16.42,6628100,109202198.2,2.0041,-1.3221,0,0
2025-11-12,sz.300739,16.34,16.46,16.07,16.34,6581756,107020343.01,1.9901,-0.4872,0,0
2025-11-13,sz.300739,16.34,16.56,16.21,16.45,5974625,98243105.84,1.8065,0.6732,0,0
2025-11-14,sz.300739,16.36,16.49,16.12,16.27,5576320,91156389.56,1.6861,-1.0942,0,0
2025-11-17,sz.300739,16.27,16.38,16.15,16.29,4586444,74508612.52,1.3868,0.1229,0,0
2025-11-18,sz.300739,16.29,16.48,16.05,16.29,7715053,125659693.05,2.3328,0.0,0,0
2025-11-19,sz.300739,16.21,16.4,15.68,15.77,7084976,112635777.63,2.1423,-3.1921,0,0
2025-11-20,sz.300739,15.9,16.55,15.72,16.15,13303451,214268784.63,4.0225,2.4096,0,0
2025-11-21,sz.300739,15.83,16.48,15.59,15.96,20449962,329339412.46,6.1834,-1.1765,0,0
2025-11-24,sz.300739,16.0,16.36,15.62,16.02,17111101,273148137.1,5.1739,0.3759,0,0
2025-11-25,sz.300739,16.05,17.15,15.95,16.73,21950110,367771624.86,6.6234,4.432,0,0
2025-11-26,sz.300739,16.73,16.86,16.42,16.53,15072606,250663934.09,4.5481,-1.1955,0,0
2025-11-27,sz.300739,16.54,17.1,16.43,16.62,13600209,227579774.84,4.1038,0.5445,0,0
2025-11-28,sz.300739,16.56,17.05,16.48,17.01,14754285,248391465.01,4.4521,2.3466,0,0
2025-12-01,sz.300739,16.95,17.34,16.78,17.19,15089450,258258767.25,4.494,1.0582,0,0
2025-12-02,sz.300739,17.04,17.21,16.9,16.99,11124858,189471710.46,3.3132,-1.1635,0,0
2025-12-03,sz.300739,16.93,17.07,16.43,16.54,11117183,185213496.18,3.311,-2.6486,0,0
2025-12-04,sz.300739,16.48,16.56,16.06,16.17,8711571,141247625.88,2.5945,-2.237,0,0
2025-12-05,sz.300739,16.22,16.96,15.91,16.73,15376594,254928866.17,4.5795,3.4632,0,0
2025-12-08,sz.300739,16.69,17.32,16.59,17.24,16848761,288019803.12,5.018,3.0484,0,0
2025-12-09,sz.300739,17.11,17.86,17.09,17.66,25260676,443361657.59,7.4519,2.4362,0,0
2025-12-10,sz.300739,17.5,17.82,17.43,17.67,17170692,302232074.57,5.0653,0.0566,0,0
2025-12-11,sz.300739,17.65,18.05,17.43,17.61,20224369,359497697.85,5.9662,-0.3396,0,0
2025-12-12,sz.300739,17.58,17.81,17.25,17.45,17426154,305542640.21,5.1407,-0.9086,0,0
2025-12-15,sz.300739,17.39,17.78,17.22,17.55,12698572,223196223.08,3.7461,0.5731,0,0
2025-12-16,sz.300739,17.41,17.67,17.19,17.33,13331131,231615754.62,3.9327,-1.2536,0,0
2025-12-17,sz.300739,17.26,17.72,16.78,17.68,18018346,310942926.21,5.3154,2.0196,0,0
2025-12-18,sz.300739,17.47,17.51,17.1,17.14,13009780,224585456.88,3.7912,-3.0543,0,0
2025-12-19,sz.300739,17.24,17.39,16.63,16.66,16140002,271800541.55,4.7034,-2.8005,0,0
2025-12-22,sz.300739,16.69,18.5,16.69,18.11,42008672,751449349.7,12.2418,8.7035,0,0
2025-12-23,sz.300739,18.1,18.11,17.74,17.89,24523161,439108436.09,7.1463,-1.2148,0,0
2025-12-24,sz.300739,17.89,18.35,17.78,18.22,23398891,423932948.73,6.8187,1.8446,0,0
2025-12-25,sz.300739,18.21,18.41,17.95,18.37,23719836,432332358.16,6.9122,0.8233,0,0
2025-12-26,sz.300739,18.23,19.0,18.21,18.79,36370176,677570209.4,10.5987,2.2863,0,0
2025-12-29,sz.300739,18.55,18.65,18.18,18.47,25812473,475029614.19,7.522,-1.703,0,0
2025-12-30,sz.300739,18.37,18.49,18.19,18.27,16381727,300260134.65,4.7738,-1.0828,0,0
2025-12-31,sz.300739,18.31,19.09,18.31,18.38,20833848,388358320.76,6.0712,0.6021,0,0
2026-01-05,sz.300739,18.56,18.69,18.12,18.69,24344505,448532933.22,7.0943,1.6866,0,0
2026-01-06,sz.300739,18.56,18.67,18.27,18.49,16272756,300159263.9,4.7421,-1.0701,0,0
2026-01-07,sz.300739,18.49,18.84,18.42,18.69,18972173,353612322.27,5.5287,1.0817,0,0
2026-01-08,sz.300739,18.46,18.9,18.25,18.63,16070704,298399267.47,4.6832,-0.321,0,0
2026-01-09,sz.300739,18.6,19.15,18.34,18.8,22188015,416251377.45,6.4658,0.9125,0,0
2026-01-12,sz.300739,18.88,19.7,18.84,19.59,26941132,520689739.46,7.8509,4.2021,0,0
2026-01-13,sz.300739,19.6,19.68,18.25,18.38,26079687,487142686.04,7.5999,-6.1766,0,0
2026-01-14,sz.300739,18.47,19.01,18.28,18.65,23442092,435882334.62,6.8313,1.469,0,0
2026-01-15,sz.300739,18.53,18.74,18.12,18.7,15655592,287893674.63,4.5622,0.2681,0,0
2026-01-16,sz.300739,18.96,19.8,18.86,19.69,28531129,552807175.87,8.3143,5.2941,0,0
2026-01-19,sz.300739,19.84,19.85,19.1,19.38,17731247,343476691.91,5.1671,-1.5744,0,0
2026-01-20,sz.300739,19.25,19.35,18.31,18.54,19833528,371149378.41,5.7797,-4.3344,0,0
2026-01-21,sz.300739,18.42,19.46,18.32,19.39,21695386,416161138.18,6.3223,4.5847,0,0
2026-01-22,sz.300739,19.48,20.1,19.35,20.01,28933866,572346425.89,8.4316,3.1975,0,0
2026-01-23,sz.300739,20.0,20.18,19.64,19.88,18956375,375708363.45,5.5241,-0.6497,0,0
2026-01-26,sz.300739,19.8,19.96,19.45,19.9,15046140,296279902.96,4.3846,0.1006,0,0
2026-01-27,sz.300739,19.65,19.72,18.79,19.7,18995534,367200223.34,5.5355,-1.005,0,0
2026-01-28,sz.300739,19.7,19.78,19.1,19.33,13711136,264819205.82,3.9956,-1.8782,0,0
2026-01-29,sz.300739,19.25,19.26,18.38,18.4,17085038,320384811.74,4.9788,-4.8112,0,0
2026-01-30,sz.300739,18.81,19.33,18.2,18.94,21782712,410855521.06,6.3477,2.9348,0,0
2026-02-02,sz.300739,18.76,19.86,18.76,19.21,21638203,421206251.03,6.3056,1.4256,0,0
2026-02-03,sz.300739,19.41,20.6,19.37,20.27,27976357,562827868.74,8.1526,5.518,0,0
2026-02-04,sz.300739,20.0,20.45,19.71,20.2,19324398,388605585.05,5.6313,-0.3453,0,0
2026-02-05,sz.300739,19.9,20.55,19.63,19.7,13737762,273732531.89,4.0033,-2.4752,0,0
2026-02-06,sz.300739,19.48,20.48,19.31,19.92,18640242,371699225.55,5.432,1.1168,0,0
2026-02-09,sz.300739,20.2,20.99,19.94,20.71,25071075,511033287.21,7.306,3.9659,0,0
2026-02-10,sz.300739,20.42,21.1,20.36,20.64,21013229,436226529.47,6.1235,-0.338,0,0
2026-02-11,sz.300739,20.57,21.85,20.4,21.14,28048061,595021023.74,8.1735,2.4225,0,0
2026-02-12,sz.300739,21.13,21.75,20.8,21.75,28776485,614203255.03,8.3858,2.8855,0,0
2026-02-13,sz.300739,21.3,23.1,21.21,22.51,41664335,929961510.38,12.1414,3.4943,0,0
2026-02-24,sz.300739,22.96,25.89,22.67,25.03,49248415,1209268316.27,14.3515,11.195,0,0
2026-02-25,sz.300739,24.3,30.04,24.28,29.3,87647147,2427690189.3,25.5413,17.0595,0,0
2026-02-26,sz.300739,28.2,35.16,28.2,35.16,94764432,3034790465.26,27.6154,20.0,1,0
2026-02-27,sz.300739,32.7,33.04,31.69,32.31,78577209,2527596444.85,22.8982,-8.1058,0,0
2026-03-02,sz.300739,31.52,32.5,31.03,31.67,51223630,1623192535.66,14.9271,-1.9808,0,0
2026-03-03,sz.300739,31.3,31.55,27.69,28.26,62364206,1800213193.61,18.1736,-10.7673,0,0
2026-03-04,sz.300739,27.08,28.98,27.08,28.11,35560965,1000648767.49,10.3628,-0.5308,0,0
2026-03-05,sz.300739,28.42,31.74,28.31,30.01,70370746,2127303670.77,20.5068,6.7592,0,0
2026-03-06,sz.300739,29.86,30.99,29.61,30.2,52555717,1584568351.9,15.3153,0.6331,0,0
2026-03-09,sz.300739,29.3,30.4,28.6,29.94,39244214,1149754532.73,11.4362,-0.8609,0,0
2026-03-10,sz.300739,30.5,31.74,29.91,30.3,52596956,1617513899.35,15.3273,1.2024,0,0
2026-03-11,sz.300739,29.96,31.09,29.1,29.33,44357391,1316707547.79,12.9262,-3.2013,0,0
2026-03-12,sz.300739,29.13,29.85,27.81,28.4,36737784,1048696518.79,10.7058,-3.1708,0,0
2026-03-13,sz.300739,27.92,28.68,27.58,28.01,26068152,731733166.93,7.5965,-1.3732,0,0
2026-03-16,sz.300739,27.74,28.17,26.89,28.1,23884524,660320685.38,6.9602,0.3213,0,0
2026-03-17,sz.300739,28.01,28.2,26.03,26.12,32396395,866247007.65,9.4407,-7.0463,0,0
2026-03-18,sz.300739,26.61,27.67,26.47,27.18,25668654,694262540.15,7.4801,4.0582,0,0
2026-03-19,sz.300739,26.52,26.85,25.9,26.09,17900636,471990832.34,5.2164,-4.0103,0,0
2026-03-20,sz.300739,26.31,27.11,25.3,25.45,18991277,499149300.11,5.5343,-2.453,0,0
2026-03-23,sz.300739,24.79,25.0,23.15,24.1,23704816,575357857.58,6.9078,-5.3045,0,0
2026-03-24,sz.300739,24.3,24.82,23.65,24.79,19559160,473628846.22,5.6998,2.8631,0,0
2026-03-25,sz.300739,25.1,26.08,25.1,25.35,18977589,483904472.43,5.5303,2.259,0,0
2026-03-26,sz.300739,25.5,25.83,25.0,25.2,15799531,401397544.74,4.6042,-0.5917,0,0
2026-03-27,sz.300739,24.52,25.56,24.48,25.28,12279761,307645458.22,3.5785,0.3175,0,0
2026-03-30,sz.300739,24.78,25.1,24.48,25.04,10774599,267522965.76,3.1398,-0.9494,0,0
2026-03-31,sz.300739,24.86,25.44,24.4,24.41,11178868,277380810.55,3.2576,-2.516,0,0
2026-04-01,sz.300739,25.01,26.88,25.01,25.69,29812891,772272349.03,8.6878,5.2438,0,0
2026-04-02,sz.300739,25.3,25.62,24.43,24.7,17810678,443486956.45,5.1902,-3.8536,0,0
2026-04-03,sz.300739,25.21,25.5,24.54,25.0,16483572,414023776.43,4.8035,1.2146,0,0
2026-04-07,sz.300739,25.39,25.86,24.76,25.13,15823636,399970860.12,4.6112,0.52,0,0
2026-04-08,sz.300739,25.96,26.84,25.69,26.76,31977461,842051800.86,9.3186,6.4863,0,0
2026-04-09,sz.300739,26.09,27.2,26.0,27.06,34390239,923077808.45,10.0217,1.1211,0,0
2026-04-10,sz.300739,27.0,27.85,26.91,27.09,39784210,1088376429.96,11.5935,0.1109,0,0
2026-04-13,sz.300739,26.85,29.54,26.65,29.54,51953862,1461801456.33,15.1399,9.0439,0,0
2026-04-14,sz.300739,29.25,32.35,28.6,31.26,59348727,1799634954.1,17.2949,5.8226,0,0
2026-04-15,sz.300739,30.7,30.9,29.11,29.59,44971320,1347017920.07,13.1051,-5.3423,0,0
2026-04-16,sz.300739,29.2,29.56,28.69,28.82,34985551,1013652952.46,10.1952,-2.6022,0,0
2026-04-17,sz.300739,29.02,30.28,28.88,30.13,37285408,1114320122.51,10.8654,4.5455,0,0
2026-04-20,sz.300739,29.71,30.21,28.81,29.02,37073134,1091420890.11,10.8035,-3.684,0,0
2026-04-21,sz.300739,28.64,29.16,28.32,28.91,22872853,657152540.35,6.6654,-0.379,0,0
2026-04-22,sz.300739,28.88,30.31,28.71,30.31,35679988,1063699414.81,10.3975,4.8426,0,0
2026-04-23,sz.300739,30.2,30.26,28.6,28.92,28265826,830528920.4,8.237,-4.5859,0,0
2026-04-24,sz.300739,28.4,29.88,28.4,28.94,21269662,621492722.11,6.1982,0.0692,0,0
2026-04-27,sz.300739,28.94,29.3,28.1,29.09,23693057,682555713.11,6.9044,0.5183,0,0
2026-04-28,sz.300739,28.8,28.98,27.39,27.54,23577305,660731020.95,6.8707,-5.3283,0,0
2026-04-29,sz.300739,27.28,28.15,27.01,27.52,17767224,492597696.9,5.1776,-0.0726,0,0
2026-04-30,sz.300739,27.52,27.78,26.61,27.13,17543749,474778330.05,5.1124,-1.4172,0,0
2026-05-06,sz.300739,27.67,28.38,27.61,28.0,19011000,531218227.69,5.54,3.2068,0,0
2026-05-07,sz.300739,28.3,29.44,28.2,29.33,26418592,769118138.41,7.6987,4.75,0,0
2026-05-08,sz.300739,28.83,30.06,28.62,29.65,26470225,784804095.75,7.7137,1.091,0,0
2026-05-11,sz.300739,29.98,30.39,29.03,30.29,32851560,982865138.65,9.5733,2.1585,0,0
2026-05-12,sz.300739,30.4,30.49,29.55,30.3,24356603,730876442.5,7.0978,0.033,0,0
2026-05-13,sz.300739,29.66,30.8,29.5,30.43,27492523,833922143.99,8.0116,0.429,0,0
2026-05-14,sz.300739,30.6,30.72,29.3,29.31,21933071,657869175.13,6.3915,-3.6806,0,0
2026-05-15,sz.300739,29.32,29.96,27.9,28.25,19203190,551548251.92,5.596,-3.6165,0,0
2026-05-18,sz.300739,28.82,30.18,28.82,29.39,17420383,512538426.81,5.0765,4.0354,0,0
2026-05-19,sz.300739,29.56,29.73,28.27,29.67,18110662,526151319.14,5.2776,0.9527,0,0
2026-05-20,sz.300739,29.69,30.31,29.2,30.13,21014046,628756910.35,6.1237,1.5504,0,0
2026-05-21,sz.300739,30.54,32.53,30.31,30.78,44318501,1384776668.47,12.9149,2.1573,0,0
2026-05-22,sz.300739,31.0,33.44,30.82,33.28,44618220,1445473543.53,13.0022,8.1222,0,0
2026-05-25,sz.300739,33.99,34.58,32.2,32.85,38910167,1287498969.99,11.3388,-1.2921,0,0
2026-05-26,sz.300739,32.25,33.88,30.85,33.84,32561465,1051484577.26,9.4888,3.0137,0,0
2026-05-27,sz.300739,33.38,36.0,32.52,35.99,42302966,1448198404.38,12.3275,6.3534,0,0
2026-05-28,sz.300739,35.3,41.4,34.83,38.51,45504743,1711848782.94,13.2606,7.0019,0,0
2026-05-29,sz.300739,38.45,41.8,33.41,34.51,56716760,2170421941.18,16.5279,-10.3869,0,0
2026-06-01,sz.300739,34.65,35.57,31.41,31.6,42840251,1416931256.19,12.4841,-8.4323,0,0
2026-06-02,sz.300739,31.58,32.54,30.5,31.56,32581544,1029072044.14,9.4946,-0.1266,0,0
2026-06-03,sz.300739,32.01,32.43,29.75,30.33,36644110,1147908391.35,10.6785,-3.8973,0,0
2026-06-04,sz.300739,29.8,30.77,29.3,30.22,24061134,723586982.89,7.0117,-0.3627,0,0
2026-06-05,sz.300739,29.3,30.49,28.29,29.46,24424014,719412197.25,7.1174,-2.5149,0,0
2026-06-08,sz.300739,27.94,28.56,26.94,27.33,20357436,565065472.02,5.9324,-7.0092,0,0
2026-06-09,sz.300739,27.82,28.42,27.32,28.36,15945097,446955652.85,4.6466,3.7688,0,0
2026-06-10,sz.300739,27.89,28.15,26.18,26.71,17666117,479184797.81,5.1481,-5.8181,0,0
2026-06-11,sz.300739,26.32,27.09,26.1,26.82,13411816,357066601.73,3.9083,0.4118,0,0
2026-06-12,sz.300739,27.47,30.41,27.39,27.91,30588333,889694060.79,8.9138,4.0641,0,0
2026-06-15,sz.300739,28.48,29.68,28.08,29.65,22356027,655988932.16,6.5148,6.2343,0,0
2026-06-16,sz.300739,29.66,30.6,29.25,30.51,27522027,824130072.77,8.0202,2.9005,0,0
2026-06-17,sz.300739,30.0,32.77,29.9,32.37,37128978,1180305926.74,10.8198,6.0964,0,0
2026-06-18,sz.300739,32.3,34.54,31.45,33.99,34181433,1121073840.41,9.9608,5.0046,0,0
2026-06-22,sz.300739,33.76,33.8,31.8,32.93,29650603,972083468.4,8.6405,-3.1186,0,0
2026-06-23,sz.300739,32.3,32.43,30.71,31.54,21096682,662802618.73,6.1478,-4.2211,0,0
2026-06-24,sz.300739,31.0,32.36,30.9,31.98,20131252,639603720.77,5.8665,1.3951,0,0
2026-06-25,sz.300739,31.97,33.77,31.01,33.74,27076502,887600769.57,7.8904,5.5034,0,0
2026-06-26,sz.300739,33.14,35.08,32.77,33.77,31379977,1069729556.91,9.1445,0.0889,0,0
