date,code,open,high,low,close,volume,amount,turnover,pct_change,is_limit_up,is_limit_down
2019-07-01,sz.300686,14.99,15.98,14.98,15.98,11585973,180516204.65,13.155079,9.979352,0,0
2019-07-02,sz.300686,16.1,16.7,15.5,15.69,17733961,285897716.52,20.135698,-1.814768,0,0
2019-07-03,sz.300686,15.43,15.93,15.25,15.53,8883019,138207116.06,10.08606,-1.019757,0,0
2019-07-04,sz.300686,15.55,15.65,15.02,15.21,6591706,100600102.36,7.484431,-2.060526,0,0
2019-07-05,sz.300686,15.21,15.8,15.13,15.78,8579260,133277678.45,9.741162,3.747533,0,0
2019-07-08,sz.300686,15.63,16.25,15.51,16.2,12903600,205329981.14,14.651154,2.661603,0,0
2019-07-09,sz.300686,15.9,16.6,15.75,16.33,13220739,214735552.3,15.011244,0.802464,0,0
2019-07-10,sz.300686,16.21,16.63,16.0,16.23,9789456,159344021.98,11.115257,-0.612372,0,0
2019-07-11,sz.300686,16.3,16.98,16.18,16.91,17022806,282698613.54,19.328231,4.189774,0,0
2019-07-12,sz.300686,16.75,17.25,16.5,17.23,15423091,260635007.53,17.511864,1.89237,0,0
2019-07-15,sz.300686,16.14,16.88,16.14,16.35,17453185,286873462.92,19.816896,-5.107366,0,0
2019-07-16,sz.300686,16.35,16.8,16.25,16.45,11228462,185882505.05,12.74915,0.611623,0,0
2019-07-17,sz.300686,16.4,16.51,16.0,16.05,11384547,184472960.57,12.926374,-2.43162,0,0
2019-07-18,sz.300686,16.09,16.09,15.16,15.32,9801429,152721896.68,11.128851,-4.548284,0,0
2019-07-19,sz.300686,15.5,15.62,14.98,15.35,5289467,81675478.64,6.005828,0.195827,0,0
2019-07-22,sz.300686,15.45,15.58,14.33,15.25,5910588,88559448.99,6.711068,-0.651468,0,0
2019-07-23,sz.300686,15.14,15.61,15.03,15.6,5952571,91713690.91,6.758737,2.295084,0,0
2019-07-24,sz.300686,15.63,16.25,15.63,16.09,9757315,156325078.15,11.078763,3.141024,0,0
2019-07-25,sz.300686,16.05,16.45,15.96,16.3,9240442,149970612.9,10.491889,1.305153,0,0
2019-07-26,sz.300686,16.25,16.78,16.2,16.67,11305434,187090520.35,12.8365,2.2699,0,0
2019-07-29,sz.300686,17.72,18.34,17.13,17.37,32115167,573471201.96,36.464573,4.199165,0,0
2019-07-30,sz.300686,16.83,17.35,16.68,16.77,20495860,347453028.98,23.2716,-3.4542,0,0
2019-07-31,sz.300686,16.6,17.06,16.26,16.27,15797603,261501305.2,17.9371,-2.9815,0,0
2019-08-01,sz.300686,16.37,17.14,16.3,16.93,17004095,285272902.51,19.307,4.0565,0,0
2019-08-02,sz.300686,16.31,16.81,16.05,16.36,12344242,203151577.31,14.016,-3.3668,0,0
2019-08-05,sz.300686,16.19,17.58,16.19,17.02,18326680,313492243.16,20.8087,4.0342,0,0
2019-08-06,sz.300686,16.8,18.72,16.6,18.08,35794558,638648233.44,40.6423,6.228,0,0
2019-08-07,sz.300686,18.01,18.37,17.28,17.33,27575782,488473025.05,31.3104,-4.1482,0,0
2019-08-08,sz.300686,17.41,17.64,16.7,17.58,19430998,335032440.79,22.0626,1.4426,0,0
2019-08-09,sz.300686,17.32,18.26,17.32,17.96,22783269,406992568.94,25.8688,2.1615,0,0
2019-08-12,sz.300686,17.77,18.95,17.45,18.87,23735112,432002039.41,26.9496,5.0668,0,0
2019-08-13,sz.300686,18.48,19.16,18.25,18.32,20192564,374660134.8,22.9273,-2.9147,0,0
2019-08-14,sz.300686,18.7,19.18,18.43,18.71,21144586,398271701.0,24.0082,2.1288,0,0
2019-08-15,sz.300686,18.0,19.11,17.8,19.0,17114099,315928606.42,19.4319,1.55,0,0
2019-08-16,sz.300686,18.88,19.34,18.53,18.56,18549580,350503750.44,21.0618,-2.3158,0,0
2019-08-19,sz.300686,19.16,20.3,18.71,19.63,23149353,449058884.54,26.2845,5.7651,0,0
2019-08-20,sz.300686,19.65,21.5,19.45,20.8,27478854,566657159.2,31.2004,5.9603,0,0
2019-08-21,sz.300686,20.6,22.6,20.21,22.47,26789745,572395897.83,30.4179,8.0288,0,0
2019-08-22,sz.300686,22.06,22.46,21.55,22.09,21069722,463048326.56,23.9232,-1.6911,0,0
2019-08-23,sz.300686,21.98,21.99,21.3,21.64,14943953,322078827.21,16.9678,-2.0371,0,0
2019-08-26,sz.300686,20.91,21.37,20.62,21.04,12396933,260263291.77,14.0759,-2.7726,0,0
2019-08-27,sz.300686,21.26,21.66,20.67,20.8,14924871,315206803.73,16.9462,-1.1407,0,0
2019-08-28,sz.300686,20.56,21.25,20.01,21.09,13794696,285082295.12,15.6629,1.3942,0,0
2019-08-29,sz.300686,21.0,21.24,20.29,20.33,12491277,258078291.22,14.183,-3.6036,0,0
2019-08-30,sz.300686,20.54,20.55,19.11,19.11,15401844,305734756.52,17.4877,-6.001,0,0
2019-09-02,sz.300686,19.35,20.0,18.89,19.9,11815535,231409276.27,13.4157,4.134,0,0
2019-09-03,sz.300686,20.05,20.98,19.82,20.81,15674473,319499424.98,17.7973,4.5729,0,0
2019-09-04,sz.300686,20.6,20.97,20.1,20.72,12257400,251638493.22,13.9174,-0.4325,0,0
2019-09-05,sz.300686,20.76,21.66,20.33,21.19,17563492,369485011.11,19.9421,2.2683,0,0
2019-09-06,sz.300686,21.18,21.41,20.3,20.79,12858224,268596397.24,14.5996,-1.8877,0,0
2019-09-09,sz.300686,20.91,22.2,20.84,22.08,19048022,412932697.41,21.6277,6.2049,0,0
2019-09-10,sz.300686,21.7,21.95,21.2,21.49,13007713,279396056.66,14.7694,-2.6721,0,0
2019-09-11,sz.300686,21.59,21.78,20.74,20.83,11055413,233047498.43,12.5527,-3.0712,0,0
2019-09-12,sz.300686,20.85,21.04,20.13,20.66,9081507,186244874.06,10.3114,-0.8161,0,0
2019-09-16,sz.300686,20.66,20.95,20.22,20.84,7897630,163343022.3,8.9672,0.8713,0,0
2019-09-17,sz.300686,20.71,20.71,19.2,19.81,12166480,242292031.1,13.8142,-4.9424,0,0
2019-09-18,sz.300686,19.84,20.1,19.53,19.83,7482364,148375756.92,8.4957,0.101,0,0
2019-09-19,sz.300686,19.99,20.76,19.87,20.74,11344569,232217044.37,12.881,4.589,0,0
2019-09-20,sz.300686,20.74,21.38,20.42,21.19,12869130,270035944.57,14.612,2.1697,0,0
2019-09-23,sz.300686,20.99,21.36,20.44,21.15,9257530,193451501.81,10.5113,-0.1888,0,0
2019-09-24,sz.300686,21.45,21.65,20.64,20.64,11658357,246168144.31,13.2373,-2.4113,0,0
2019-09-25,sz.300686,20.64,20.95,19.93,19.98,9254718,188275798.45,10.5081,-3.1977,0,0
2019-09-26,sz.300686,20.18,20.18,19.2,19.45,8029112,157951452.83,9.1165,-2.6526,0,0
2019-09-27,sz.300686,19.51,20.36,19.23,20.09,7846723,156343951.99,8.9094,3.2905,0,0
2019-09-30,sz.300686,20.15,20.18,19.1,19.2,7606307,148128140.94,8.6364,-4.4301,0,0
2019-10-08,sz.300686,19.45,19.61,18.43,18.67,9021421,171383352.23,10.2432,-2.7604,0,0
2019-10-09,sz.300686,18.6,19.1,18.25,19.06,7715051,144856249.38,8.7599,2.0889,0,0
2019-10-10,sz.300686,19.08,19.88,19.02,19.83,10351742,202388027.39,11.7537,4.0399,0,0
2019-10-11,sz.300686,19.88,20.26,19.65,20.04,9121183,181835606.37,10.3565,1.059,0,0
2019-10-14,sz.300686,20.3,20.67,20.02,20.3,10445455,211631759.74,11.8601,1.2974,0,0
2019-10-15,sz.300686,19.34,19.34,18.27,18.28,15899930,296963762.46,18.0533,-9.9507,0,0
2019-10-16,sz.300686,18.36,20.11,18.36,20.11,24301791,478057092.77,27.593,10.0109,0,0
2019-10-17,sz.300686,20.23,20.86,19.88,20.52,25428392,519610639.7,28.8722,2.0388,0,0
2019-10-18,sz.300686,20.6,21.1,20.27,20.77,20615116,426308059.64,23.4071,1.2183,0,0
2019-10-21,sz.300686,20.66,20.72,19.4,19.84,14966688,296780724.0,16.9936,-4.4776,0,0
2019-10-22,sz.300686,20.0,21.28,20.0,21.1,21778970,452746602.62,24.7285,6.3508,0,0
2019-10-23,sz.300686,21.96,22.5,20.66,20.78,27251756,586538704.02,30.9425,-1.5166,0,0
2019-10-24,sz.300686,19.65,21.26,19.65,20.72,18974907,390210390.42,21.5447,-0.2887,0,0
2019-10-25,sz.300686,21.09,21.09,19.76,20.25,15867520,321387695.0,18.0165,-2.2683,0,0
2019-10-28,sz.300686,19.92,20.86,19.92,20.51,13373440,273243336.6,15.1846,1.284,0,0
2019-10-29,sz.300686,20.6,20.62,19.36,19.38,14379340,285859271.6,16.3268,-5.5095,0,0
2019-10-30,sz.300686,19.4,19.42,18.73,18.94,7674372,146256259.8,8.7137,-2.2704,0,0
2019-10-31,sz.300686,19.09,19.09,18.56,18.63,6164571,115860866.78,6.9994,-1.6368,0,0
2019-11-01,sz.300686,18.75,19.25,18.55,19.22,6945649,132221553.49,7.8863,3.1669,0,0
2019-11-04,sz.300686,19.03,19.28,19.01,19.06,7103020,135781873.88,8.065,-0.8325,0,0
2019-11-05,sz.300686,19.0,19.06,18.22,18.67,8929081,166013316.12,10.1384,-2.0462,0,0
2019-11-06,sz.300686,18.68,18.85,18.4,18.76,5289220,98700744.24,6.0055,0.4821,0,0
2019-11-07,sz.300686,18.78,18.86,18.51,18.85,5784992,108109081.21,6.5685,0.4797,0,0
2019-11-08,sz.300686,18.81,19.46,18.81,19.03,8613338,164914704.5,9.7799,0.9549,0,0
2019-11-11,sz.300686,18.8,18.8,18.03,18.2,5693882,104332370.94,6.465,-4.3615,0,0
2019-11-12,sz.300686,18.2,18.36,17.44,17.81,5911375,104761787.91,6.712,-2.1429,0,0
2019-11-13,sz.300686,17.8,17.8,17.08,17.21,5451938,94500027.91,6.1903,-3.3689,0,0
2019-11-14,sz.300686,17.24,17.64,17.2,17.43,5133962,89443306.68,5.8293,1.2783,0,0
2019-11-15,sz.300686,17.45,17.51,16.55,16.6,7494472,127552765.75,8.5095,-4.7619,0,0
2019-11-18,sz.300686,16.75,17.98,16.7,17.5,9569202,167323836.91,10.8652,5.4217,0,0
2019-11-19,sz.300686,17.59,17.75,17.4,17.7,6446702,113524631.4,7.3198,1.1429,0,0
2019-11-20,sz.300686,17.6,17.88,17.33,17.51,4989879,87747597.51,5.6657,-1.0734,0,0
2019-11-21,sz.300686,17.19,17.42,17.03,17.24,3964701,68406451.16,4.5016,-1.542,0,0
2019-11-22,sz.300686,17.37,17.66,16.85,17.0,5854861,100691911.89,6.6478,-1.3921,0,0
2019-11-25,sz.300686,16.85,17.03,16.3,16.53,4524180,74939083.0,5.1369,-2.7647,0,0
2019-11-26,sz.300686,16.65,16.84,16.19,16.25,4486000,73749001.0,5.0935,-1.6939,0,0
2019-11-27,sz.300686,16.7,16.7,16.24,16.43,4834600,79582484.6,5.4894,1.1077,0,0
2019-11-28,sz.300686,16.32,16.55,16.15,16.38,3481780,56863158.0,3.9533,-0.3043,0,0
2019-11-29,sz.300686,16.3,16.36,16.01,16.23,3463188,55975097.48,3.9322,-0.9157,0,0
2019-12-02,sz.300686,16.52,17.85,16.27,17.38,12696800,219153963.2,14.4163,7.0856,0,0
2019-12-03,sz.300686,17.0,17.38,16.88,17.33,6694900,114712373.4,7.6016,-0.2877,0,0
2019-12-04,sz.300686,17.1,17.69,17.1,17.26,5340257,92522307.82,6.0635,-0.4039,0,0
2019-12-05,sz.300686,17.28,17.78,17.23,17.63,8264480,144921191.0,9.3838,2.1437,0,0
2019-12-06,sz.300686,17.64,18.91,17.55,18.51,14158988,259939998.99,16.0766,4.9915,0,0
2019-12-09,sz.300686,18.61,19.92,18.58,19.53,16529634,320454811.27,18.7683,5.5105,0,0
2019-12-10,sz.300686,19.27,19.9,19.14,19.69,12237291,238591880.59,13.8946,0.8193,0,0
2019-12-11,sz.300686,19.78,19.78,19.12,19.34,9699602,187950680.27,11.0132,-1.7776,0,0
2019-12-12,sz.300686,19.3,19.65,18.95,19.39,10444124,201803748.02,11.8586,0.2585,0,0
2019-12-13,sz.300686,19.64,19.81,19.22,19.55,8933221,173988407.34,10.1431,0.8252,0,0
2019-12-16,sz.300686,19.6,20.98,19.6,20.61,15746399,322611806.75,17.879,5.422,0,0
2019-12-17,sz.300686,20.56,20.66,20.28,20.53,12488655,255206571.82,14.18,-0.3882,0,0
2019-12-18,sz.300686,20.7,21.38,20.37,20.71,15176050,316705545.76,17.2314,0.8768,0,0
2019-12-19,sz.300686,20.71,20.9,20.0,20.68,9863970,202630269.9,11.1999,-0.1449,0,0
2019-12-20,sz.300686,20.8,20.81,20.15,20.25,6781790,138712529.1,7.7003,-2.0793,0,0
2019-12-23,sz.300686,20.4,20.6,19.05,19.69,10631965,212299623.35,12.0719,-2.7654,0,0
2019-12-24,sz.300686,20.0,20.95,20.0,20.77,12115851,249929237.92,13.7567,5.485,0,0
2019-12-25,sz.300686,20.79,21.32,20.58,20.88,11009387,230444331.87,12.5004,0.5296,0,0
2019-12-26,sz.300686,21.01,21.45,20.53,21.1,11106772,233209977.17,12.611,1.0536,0,0
2019-12-27,sz.300686,21.1,21.86,20.63,20.63,12283494,261009507.28,13.9471,-2.2275,0,0
2019-12-30,sz.300686,20.03,21.65,19.78,21.48,14854047,312415959.24,16.8658,4.1202,0,0
2019-12-31,sz.300686,21.39,21.47,20.5,20.81,12471807,260331142.41,14.1609,-3.1192,0,0
2020-01-02,sz.300686,20.81,21.94,20.8,21.81,16625071,356378567.85,18.8766,4.8054,0,0
2020-01-03,sz.300686,21.66,23.75,21.46,22.79,22347624,504762632.31,25.3742,4.4934,0,0
2020-01-06,sz.300686,23.0,23.96,22.52,23.28,17587630,410480192.16,19.9695,2.1501,0,0
2020-01-07,sz.300686,23.5,24.98,22.5,24.3,19699407,465627860.02,22.3673,4.3814,0,0
2020-01-08,sz.300686,23.9,24.68,23.23,23.59,13337561,317317968.6,15.1439,-2.9218,0,0
2020-01-09,sz.300686,23.75,24.09,23.13,23.82,11836234,278812358.76,13.4392,0.975,0,0
2020-01-10,sz.300686,23.71,23.71,22.85,23.04,9951147,230603969.81,11.2988,-3.2746,0,0
2020-01-13,sz.300686,22.93,24.1,22.9,24.03,12307859,291638078.96,13.9747,4.2969,0,0
2020-01-14,sz.300686,23.99,24.5,23.56,23.82,10217388,244246347.85,11.6011,-0.8739,0,0
2020-01-15,sz.300686,23.81,24.05,23.46,23.85,7002002,165929798.18,7.9503,0.1259,0,0
2020-01-16,sz.300686,23.82,23.86,23.11,23.12,9084304,212274664.62,10.3146,-3.0608,0,0
2020-01-17,sz.300686,23.3,23.65,22.9,23.25,7443882,173304287.34,8.452,0.5623,0,0
2020-01-20,sz.300686,23.45,24.78,22.91,24.6,15522703,371722275.99,17.625,5.8065,0,0
2020-01-21,sz.300686,23.95,25.45,23.85,24.89,13352368,329429970.36,15.1607,1.1789,0,0
2020-01-22,sz.300686,24.39,24.39,22.4,23.93,18240660,424852063.71,20.711,-3.857,0,0
2020-01-23,sz.300686,23.22,23.7,21.54,21.91,14173398,320501023.08,16.0929,-8.4413,0,0
2020-02-03,sz.300686,19.72,19.72,19.72,19.72,748900,14768308.0,0.8503,-9.9954,0,0
2020-02-04,sz.300686,17.95,20.34,17.95,19.6,11583863,227158304.48,13.1527,-0.6085,0,0
2020-02-05,sz.300686,19.86,20.48,19.58,19.85,10531283,211254617.75,11.9576,1.2755,0,0
2020-02-06,sz.300686,20.1,20.49,19.69,20.28,9389659,189659584.0,10.6613,2.1662,0,0
2020-02-07,sz.300686,20.21,21.88,20.17,21.35,11456263,241950651.89,13.0078,5.2761,0,0
2020-02-10,sz.300686,20.9,22.4,20.9,22.4,12177396,266261228.31,13.8266,4.918,0,0
2020-02-11,sz.300686,22.35,23.06,21.72,22.38,12109964,271561255.32,13.75,-0.0893,0,0
2020-02-12,sz.300686,22.12,22.65,22.0,22.63,9399439,210241852.23,10.6724,1.1171,0,0
2020-02-13,sz.300686,22.6,22.61,21.82,21.96,9205372,204357494.43,10.4521,-2.9607,0,0
2020-02-14,sz.300686,23.0,24.16,22.7,24.16,28584868,684696251.97,32.4562,10.0182,0,0
2020-02-17,sz.300686,24.51,26.58,24.41,26.58,34775001,891816405.04,39.4846,10.0166,0,0
2020-02-18,sz.300686,25.59,28.68,25.2,27.44,32742590,885994410.03,37.177,3.2355,0,0
2020-02-19,sz.300686,26.94,27.39,26.02,26.09,19778411,524538124.49,22.457,-4.9198,0,0
2020-02-20,sz.300686,26.48,26.9,25.2,26.33,17314435,452350644.44,19.6594,0.9199,0,0
2020-02-21,sz.300686,26.14,27.64,26.13,26.98,20261783,543317171.98,23.0059,2.4687,0,0
2020-02-24,sz.300686,26.11,28.57,26.05,28.4,23962404,652565176.64,27.2077,5.2632,0,0
2020-02-25,sz.300686,27.26,27.9,25.85,27.55,23550364,640147570.05,26.7398,-2.993,0,0
2020-02-26,sz.300686,27.1,27.19,24.8,25.18,14872277,389286452.51,16.8865,-8.6025,0,0
2020-02-27,sz.300686,25.3,25.94,24.93,25.18,10555389,268379209.45,11.9849,0.0,0,0
2020-02-28,sz.300686,24.05,24.53,22.86,22.9,13064940,308833177.15,14.8343,-9.0548,0,0
2020-03-02,sz.300686,23.73,25.19,23.69,25.12,13191025,323629620.79,14.9775,9.6943,0,0
2020-03-03,sz.300686,25.68,25.98,24.86,25.06,13315237,339963539.87,15.1185,-0.2389,0,0
2020-03-04,sz.300686,25.33,25.78,24.61,25.55,10875737,275713510.94,12.3487,1.9553,0,0
2020-03-05,sz.300686,26.0,26.1,24.81,25.13,12642628,319607265.9,14.3548,-1.6438,0,0
2020-03-06,sz.300686,25.2,27.64,25.2,27.64,29970961,804945138.62,34.03,9.9881,0,0
2020-03-09,sz.300686,27.59,28.99,26.58,26.75,26711419,738701598.77,30.329,-3.22,0,0
2020-03-10,sz.300686,26.42,29.2,25.46,28.79,25097971,697910925.54,28.497,7.6262,0,0
2020-03-11,sz.300686,28.79,29.16,27.5,27.54,15797437,445836863.9,17.9369,-4.3418,0,0
2020-03-12,sz.300686,27.18,27.18,25.0,25.65,13930522,364077687.62,15.8172,-6.8628,0,0
2020-03-13,sz.300686,23.99,25.44,23.89,24.81,10918640,269125387.0,12.3974,-3.2749,0,0
2020-03-16,sz.300686,25.16,25.3,22.33,22.33,12361220,291869611.64,14.0353,-9.996,0,0
2020-03-17,sz.300686,23.0,23.27,21.02,22.58,8310987,185075079.26,9.4366,1.1196,0,0
2020-03-18,sz.300686,22.9,23.58,22.09,22.13,7930712,182237880.61,8.8284,-1.9929,0,0
2020-03-19,sz.300686,22.29,23.43,22.29,23.21,8368940,191269952.6,9.3163,4.8803,0,0
2020-03-20,sz.300686,23.43,23.62,22.63,23.11,6846527,158329637.23,7.6215,-0.4308,0,0
2020-03-23,sz.300686,22.16,22.59,21.23,21.55,7012991,153691417.22,7.8068,-6.7503,0,0
2020-03-24,sz.300686,22.06,22.35,20.86,21.98,6039286,131136217.31,6.7229,1.9954,0,0
2020-03-25,sz.300686,22.55,23.15,22.4,22.87,8588840,195461984.2,9.5611,4.0491,0,0
2020-03-26,sz.300686,22.49,22.65,22.12,22.28,4712660,105468071.8,5.2461,-2.5798,0,0
2020-03-27,sz.300686,22.59,22.69,21.82,21.83,4218560,93420328.6,4.6961,-2.0198,0,0
2020-03-30,sz.300686,21.38,21.48,19.88,20.48,6378600,130411069.2,7.1006,-6.1842,0,0
2020-03-31,sz.300686,20.83,21.15,20.37,20.45,4499700,93309011.2,5.009,-0.1465,0,0
2020-04-01,sz.300686,20.49,21.46,20.11,20.81,5719380,120034676.0,6.3668,1.7604,0,0
2020-04-02,sz.300686,20.96,21.93,20.55,21.9,6543069,139538822.7,7.2837,5.2379,0,0
2020-04-03,sz.300686,21.77,22.2,21.36,21.7,4623829,100258427.32,5.1472,-0.9132,0,0
2020-04-07,sz.300686,22.25,22.74,22.24,22.53,6136280,138058138.6,6.8309,3.8249,0,0
2020-04-08,sz.300686,22.59,23.1,22.27,22.52,5795320,131345059.4,6.4513,-0.0444,0,0
2020-04-09,sz.300686,22.81,22.86,22.41,22.48,4230540,95597602.2,4.7094,-0.1776,0,0
2020-04-10,sz.300686,22.6,22.67,21.35,21.7,6098618,133121473.91,6.789,-3.4697,0,0
2020-04-13,sz.300686,21.7,21.84,20.6,20.87,4924909,103688226.61,5.4824,-3.8249,0,0
2020-04-14,sz.300686,21.25,21.69,21.06,21.37,5363949,114740327.52,5.9711,2.3958,0,0
2020-04-15,sz.300686,21.47,21.68,21.0,21.15,4426560,94540274.6,4.9276,-1.0295,0,0
2020-04-16,sz.300686,20.92,21.34,20.65,21.14,4243640,89385010.6,4.724,-0.0473,0,0
2020-04-17,sz.300686,21.7,21.92,21.31,21.35,5694860,123064525.0,6.3395,0.9934,0,0
2020-04-20,sz.300686,21.02,21.45,20.82,21.35,5358920,113652118.8,5.9655,0.0,0,0
2020-04-21,sz.300686,21.22,21.34,20.45,20.85,5620363,116879159.1,6.2566,-2.3419,0,0
2020-04-22,sz.300686,20.68,20.78,20.22,20.63,4288943,88009884.75,4.7744,-1.0552,0,0
2020-04-23,sz.300686,20.64,20.7,20.0,20.02,4969540,100544262.6,5.5321,-2.9569,0,0
2020-04-24,sz.300686,20.0,20.1,18.91,19.12,5820222,113146525.2,6.479,-4.4955,0,0
2020-04-27,sz.300686,19.12,19.38,18.81,18.96,3515040,67173471.8,3.9129,-0.8368,0,0
2020-04-28,sz.300686,19.0,19.03,17.36,18.5,4973760,91140427.6,5.5368,-2.4262,0,0
2020-04-29,sz.300686,18.47,19.18,18.47,18.86,3945061,74631679.68,4.3916,1.9459,0,0
2020-04-30,sz.300686,19.2,19.77,19.03,19.71,4955880,96826418.02,5.5169,4.5069,0,0
2020-05-06,sz.300686,19.51,20.38,19.51,20.33,4828064,97124270.82,5.3746,3.1456,0,0
2020-05-07,sz.300686,20.57,20.82,20.17,20.35,4851924,99225296.0,5.4011,0.0984,0,0
2020-05-08,sz.300686,20.5,20.94,20.39,20.78,5436660,112694635.4,6.0521,2.113,0,0
2020-05-11,sz.300686,20.81,21.36,20.8,21.13,5264720,111127601.4,5.8607,1.6843,0,0
2020-05-12,sz.300686,21.0,21.35,20.83,21.34,4633960,98174404.4,5.1585,0.9939,0,0
2020-05-13,sz.300686,21.21,21.68,21.18,21.57,4019360,86373530.4,4.4743,1.0778,0,0
2020-05-14,sz.300686,21.59,22.13,21.51,21.74,4711280,102868901.0,5.2446,0.7881,0,0
2020-05-15,sz.300686,21.85,22.0,21.53,21.76,3612121,78792380.02,4.021,0.369,0,0
2020-05-18,sz.300686,21.56,22.12,21.21,21.51,4671177,101353410.12,5.1999,-1.1489,0,0
2020-05-19,sz.300686,21.74,21.91,21.42,21.8,3656540,79551536.6,4.0704,1.3482,0,0
2020-05-20,sz.300686,21.8,22.02,21.37,21.43,3457686,75027274.24,3.8491,-1.6972,0,0
2020-05-21,sz.300686,21.5,21.96,21.0,21.17,3773821,80930311.55,4.201,-1.2133,0,0
2020-05-22,sz.300686,21.04,21.55,20.56,20.76,3472691,72784405.15,3.8658,-1.9367,0,0
2020-05-25,sz.300686,20.57,21.05,20.45,20.81,2585405,53562586.75,2.8781,0.2408,0,0
2020-05-26,sz.300686,20.8,21.99,20.8,21.74,4926460,106714183.6,5.4841,4.469,0,0
2020-05-27,sz.300686,21.9,21.93,21.39,21.49,3128411,67441281.55,3.4825,-1.15,0,0
2020-05-28,sz.300686,21.61,21.68,20.41,21.01,3139600,65766557.0,3.495,-2.2336,0,0
2020-05-29,sz.300686,20.99,21.85,20.1,21.37,3706934,79619577.8,4.1265,1.7135,0,0
2020-06-01,sz.300686,21.33,22.9,21.33,22.71,7023331,158026458.63,7.8328,6.2705,0,0
2020-06-02,sz.300686,22.67,23.26,22.67,22.75,6632211,151931349.34,7.3966,0.1761,0,0
2020-06-03,sz.300686,22.69,23.16,22.27,22.7,6792603,154370720.71,7.5755,-0.2198,0,0
2020-06-04,sz.300686,22.73,23.53,22.73,23.1,6518053,150478299.89,7.2693,1.7621,0,0
2020-06-05,sz.300686,22.93,23.09,22.46,22.76,4031112,91631646.68,4.4957,-1.4719,0,0
2020-06-08,sz.300686,23.11,23.38,22.5,22.64,3668080,83725375.4,4.0909,-0.5272,0,0
2020-06-09,sz.300686,22.55,22.7,22.02,22.31,3189935,71077508.25,3.5576,-1.4576,0,0
2020-06-10,sz.300686,22.35,22.55,21.77,22.0,3890323,85668191.09,4.3387,-1.3895,0,0
2020-06-11,sz.300686,22.11,22.25,21.6,21.73,3678700,80746634.88,4.1027,-1.2273,0,0
2020-06-12,sz.300686,21.14,21.23,20.76,21.05,5496160,115404180.6,6.1296,-3.1293,0,0
2020-06-15,sz.300686,21.1,21.4,20.6,20.64,4374917,91962299.39,4.8792,-1.9477,0,0
2020-06-16,sz.300686,20.87,21.43,20.87,21.29,4623860,98192794.2,5.1568,3.1492,0,0
2020-06-17,sz.300686,21.38,21.68,21.07,21.35,4152700,88723921.4,4.6313,0.2818,0,0
2020-06-18,sz.300686,21.28,21.73,21.2,21.7,4581820,98602634.54,5.1099,1.6393,0,0
2020-06-19,sz.300686,21.95,22.46,21.45,22.25,7063983,155999408.13,7.8782,2.5346,0,0
2020-06-22,sz.300686,22.47,22.7,22.25,22.41,5793580,129980261.14,6.4613,0.7191,0,0
2020-06-23,sz.300686,22.49,22.6,22.23,22.32,3855070,86253885.4,4.2994,-0.4016,0,0
2020-06-24,sz.300686,22.44,23.24,22.35,23.0,7429880,169990351.0,8.2862,3.0466,0,0
2020-06-29,sz.300686,23.0,24.2,23.0,23.57,8275976,195863357.7,9.2298,2.4783,0,0
2020-06-30,sz.300686,23.48,24.38,23.48,24.06,8092011,193792432.12,9.0247,2.0789,0,0
2020-07-01,sz.300686,23.95,24.29,23.1,23.72,5830400,137837766.8,6.5024,-1.4131,0,0
2020-07-02,sz.300686,23.87,23.95,23.03,23.33,7753580,181546470.6,8.6472,-1.6442,0,0
2020-07-03,sz.300686,23.35,23.53,22.92,23.22,5482850,127069150.4,6.1148,-0.4715,0,0
2020-07-06,sz.300686,23.35,24.29,23.35,24.21,8546480,204266555.8,9.5315,4.2636,0,0
2020-07-07,sz.300686,24.4,25.12,24.02,24.55,8817540,217854959.2,9.8338,1.4044,0,0
2020-07-08,sz.300686,24.45,25.1,24.18,24.91,7002260,173398258.2,7.8093,1.4664,0,0
2020-07-09,sz.300686,24.8,25.49,24.67,25.2,8456542,212079537.71,9.4312,1.1642,0,0
2020-07-10,sz.300686,25.4,25.78,24.39,24.53,8267324,207369687.62,9.2202,-2.6587,0,0
2020-07-13,sz.300686,23.89,26.42,23.89,25.8,12369200,316904265.43,13.7948,5.1773,0,0
2020-07-14,sz.300686,26.0,26.3,24.26,24.87,9669460,242055472.09,10.7839,-3.6046,0,0
2020-07-15,sz.300686,24.85,24.98,23.05,23.28,8004400,190384555.0,8.927,-6.3932,0,0
2020-07-16,sz.300686,23.6,23.6,21.64,21.65,8202555,185186108.14,9.148,-7.0017,0,0
2020-07-17,sz.300686,21.75,22.13,21.23,21.56,5607980,121626951.99,6.2543,-0.4157,0,0
2020-07-20,sz.300686,21.95,22.35,21.6,22.35,4636620,102040523.4,5.171,3.6642,0,0
2020-07-21,sz.300686,22.42,22.72,22.09,22.53,4897243,109727961.13,5.4617,0.8054,0,0
2020-07-22,sz.300686,22.4,22.66,21.8,22.32,5534448,123896721.55,6.1723,-0.9321,0,0
2020-07-23,sz.300686,22.19,22.34,21.21,21.9,4887500,106432251.0,5.4508,-1.8817,0,0
2020-07-24,sz.300686,21.8,22.13,20.47,20.56,6044196,127994184.6,6.7408,-6.1187,0,0
2020-07-27,sz.300686,20.65,20.82,19.98,20.14,3883620,78757444.8,4.3312,-2.0428,0,0
2020-07-28,sz.300686,20.69,20.69,20.0,20.45,2827884,57668910.48,3.1538,1.5392,0,0
2020-07-29,sz.300686,20.39,21.19,20.14,21.15,4201809,87171588.53,4.6861,3.423,0,0
2020-07-30,sz.300686,21.15,21.27,20.52,20.6,4096076,85034049.6,4.5682,-2.6005,0,0
2020-07-31,sz.300686,20.66,22.39,20.66,22.12,10050486,218339396.58,11.2089,7.3786,0,0
2020-08-03,sz.300686,22.5,22.94,22.0,22.43,7961378,179243183.11,8.879,1.4014,0,0
2020-08-04,sz.300686,22.43,22.57,21.79,21.92,5406920,119116470.0,3.9978,-2.2737,0,0
2020-08-05,sz.300686,22.02,22.29,21.65,22.11,6128454,134531045.43,4.5313,0.8668,0,0
2020-08-06,sz.300686,22.11,22.77,21.82,22.58,8303716,185643183.84,6.1396,2.1257,0,0
2020-08-07,sz.300686,22.8,23.1,21.83,22.63,10000108,225134782.02,7.3939,0.2214,0,0
2020-08-10,sz.300686,22.2,22.2,20.51,20.8,12572716,263465945.13,9.296,-8.0866,0,0
2020-08-11,sz.300686,20.72,21.15,20.11,20.21,6500558,133725438.55,4.8064,-2.8365,0,0
2020-08-12,sz.300686,20.22,20.59,19.8,20.58,4877502,98029018.18,3.6063,1.8308,0,0
2020-08-13,sz.300686,20.44,20.62,20.13,20.29,3775256,76582685.36,2.7913,-1.4091,0,0
2020-08-14,sz.300686,20.3,20.39,20.01,20.35,4178991,84349468.79,3.0899,0.2957,0,0
2020-08-17,sz.300686,20.51,21.93,20.36,21.49,9222207,196522469.84,6.8187,5.602,0,0
2020-08-18,sz.300686,21.53,21.97,21.34,21.7,6330305,137107444.2,4.6805,0.9772,0,0
2020-08-19,sz.300686,21.51,21.68,20.82,21.01,5232661,110856307.3,3.8689,-3.1797,0,0
2020-08-20,sz.300686,20.88,21.07,20.36,20.73,3399020,70316175.2,2.5132,-1.3327,0,0
2020-08-21,sz.300686,20.96,22.16,20.78,21.45,6912441,149370390.09,5.1109,3.4732,0,0
2020-08-24,sz.300686,21.87,23.2,21.3,22.75,10768508,241486431.3,7.962,6.0606,0,0
2020-08-25,sz.300686,22.81,22.96,22.0,22.29,8515675,191102579.38,6.2963,-2.022,0,0
2020-08-26,sz.300686,22.4,22.71,21.5,21.79,7196900,158416789.4,5.3212,-2.2432,0,0
2020-08-27,sz.300686,21.6,22.65,21.34,22.4,6934234,153147000.44,5.127,2.7994,0,0
2020-08-28,sz.300686,22.23,23.1,21.6,22.6,8150712,182122811.12,6.0265,0.8929,0,0
2020-08-31,sz.300686,23.23,23.68,22.72,22.89,10711780,247923622.44,7.9201,1.2832,0,0
2020-09-01,sz.300686,23.4,23.9,23.0,23.58,11613143,272469991.91,8.5865,3.0144,0,0
2020-09-02,sz.300686,23.38,23.5,22.94,23.3,8922349,206899651.78,6.597,-1.1874,0,0
2020-09-03,sz.300686,22.88,22.88,21.81,21.98,9711135,214754847.62,7.1802,-5.6652,0,0
2020-09-04,sz.300686,21.53,22.39,21.36,22.2,5206664,114274028.55,3.8497,1.0009,0,0
2020-09-07,sz.300686,22.0,25.0,22.0,24.02,18746661,444667743.91,13.8609,8.1982,0,0
2020-09-08,sz.300686,24.58,24.84,23.08,24.15,11915623,283143372.42,8.8102,0.5412,0,0
2020-09-09,sz.300686,23.7,24.55,23.13,23.6,10229915,243460827.77,7.5638,-2.2774,0,0
2020-09-10,sz.300686,23.86,23.99,20.24,20.25,13459944,292485020.88,9.952,-14.1949,0,0
2020-09-11,sz.300686,19.81,20.55,19.5,20.36,7399890,148087481.85,5.4713,0.5432,0,0
2020-09-14,sz.300686,20.5,22.08,20.12,21.65,8182267,175687820.36,6.0498,6.336,0,0
2020-09-15,sz.300686,21.69,21.76,21.12,21.3,4697200,100079152.3,3.473,-1.6166,0,0
2020-09-16,sz.300686,21.51,22.2,20.66,20.99,5434290,115656578.5,4.018,-1.4554,0,0
2020-09-17,sz.300686,20.68,21.55,20.56,21.21,4753375,100750675.14,3.5146,1.0481,0,0
2020-09-18,sz.300686,21.03,21.39,20.78,21.25,4032989,85120298.98,2.9819,0.1886,0,0
2020-09-21,sz.300686,21.24,21.47,20.6,20.71,3981064,83202239.62,2.9435,-2.5412,0,0
2020-09-22,sz.300686,20.6,20.7,20.03,20.14,3330969,67787456.49,2.4629,-2.7523,0,0
2020-09-23,sz.300686,20.68,20.68,20.12,20.39,2210412,44960314.4,1.6343,1.2413,0,0
2020-09-24,sz.300686,20.45,20.45,19.72,20.08,2958343,59043327.0,2.1873,-1.5204,0,0
2020-09-25,sz.300686,20.08,20.25,19.46,19.62,3530290,69750606.7,2.6102,-2.2908,0,0
2020-09-28,sz.300686,19.61,19.75,19.02,19.11,2438970,47069976.87,1.8033,-2.5994,0,0
2020-09-29,sz.300686,19.38,20.19,19.3,19.93,3423981,67669441.07,2.5316,4.2909,0,0
2020-09-30,sz.300686,19.83,20.44,19.71,20.24,3445015,69494430.91,2.5472,1.5554,0,0
2020-10-09,sz.300686,20.62,20.68,20.28,20.55,3046396,62439175.8,2.2524,1.5316,0,0
2020-10-12,sz.300686,20.65,21.14,20.65,21.0,4102172,85773103.24,3.0331,2.1898,0,0
2020-10-13,sz.300686,21.0,21.05,20.6,20.95,3464540,72141404.2,2.5616,-0.2381,0,0
2020-10-14,sz.300686,20.91,20.91,20.25,20.56,3045407,62434267.46,2.2517,-1.8616,0,0
2020-10-15,sz.300686,20.49,20.69,20.16,20.17,2252079,45899239.57,1.6651,-1.8969,0,0
2020-10-16,sz.300686,20.17,20.38,19.88,19.98,2682455,53803795.7,1.9834,-0.942,0,0
2020-10-19,sz.300686,20.36,20.9,20.36,20.73,4968801,102589085.23,3.6738,3.7538,0,0
2020-10-20,sz.300686,20.8,21.46,20.3,21.26,6443700,135812343.6,4.7643,2.5567,0,0
2020-10-21,sz.300686,21.5,21.5,20.9,21.3,3956308,83991967.4,2.9252,0.1881,0,0
2020-10-22,sz.300686,21.06,21.7,21.06,21.5,4381850,93835639.28,3.2399,0.939,0,0
2020-10-23,sz.300686,21.5,21.92,21.16,21.65,6842737,147759437.11,5.0594,0.6977,0,0
2020-10-26,sz.300686,21.6,22.36,21.51,22.27,5918742,130445097.5,4.3762,2.8637,0,0
2020-10-27,sz.300686,22.02,22.49,22.02,22.28,4332881,96310669.04,3.2036,0.0449,0,0
2020-10-28,sz.300686,22.5,22.5,20.7,22.03,8266930,178079935.76,6.1124,-1.1221,0,0
2020-10-29,sz.300686,21.89,23.18,21.36,22.34,6709560,151558116.2,4.9609,1.4072,0,0
2020-10-30,sz.300686,22.77,22.79,21.5,21.93,4501382,99843946.86,3.3282,-1.8353,0,0
2020-11-02,sz.300686,21.84,22.51,21.6,22.08,4228360,93364638.8,3.1264,0.684,0,0
2020-11-03,sz.300686,22.45,22.45,21.77,21.9,3196399,70152490.99,2.3634,-0.8152,0,0
2020-11-04,sz.300686,21.9,22.4,21.72,21.89,2952223,64751715.13,2.1828,-0.0457,0,0
2020-11-05,sz.300686,22.09,22.5,21.55,22.49,4696360,103644051.8,3.4724,2.741,0,0
2020-11-06,sz.300686,22.79,23.17,22.15,22.92,8026800,182331942.6,5.9349,1.912,0,0
2020-11-09,sz.300686,22.76,23.88,22.7,23.32,9116460,212120799.2,6.7405,1.7452,0,0
2020-11-10,sz.300686,23.2,23.65,22.68,22.78,7296500,168894218.3,5.3949,-2.3156,0,0
2020-11-11,sz.300686,22.92,23.0,21.57,21.97,5404709,119130302.57,3.9961,-3.5558,0,0
2020-11-12,sz.300686,21.96,22.2,21.81,22.01,2589649,56943220.84,1.9147,0.1821,0,0
2020-11-13,sz.300686,21.9,24.16,21.62,23.5,10776672,250401167.6,7.9681,6.7697,0,0
2020-11-16,sz.300686,23.4,23.65,22.65,23.5,7944814,184302350.62,5.8742,0.0,0,0
2020-11-17,sz.300686,23.63,24.0,22.8,23.52,5558752,130261565.16,4.11,0.0851,0,0
2020-11-18,sz.300686,23.42,23.65,22.9,23.33,5181197,120432209.0,3.8309,-0.8078,0,0
2020-11-19,sz.300686,23.1,23.34,22.7,23.0,3469613,79785449.53,2.5654,-1.4145,0,0
2020-11-20,sz.300686,23.02,23.65,22.8,23.22,5103365,118403447.1,3.7733,0.9565,0,0
2020-11-23,sz.300686,23.07,23.07,22.1,22.78,5283298,119411706.91,3.9064,-1.8949,0,0
2020-11-24,sz.300686,22.61,23.03,22.27,22.32,3733820,83892616.6,2.7607,-2.0193,0,0
2020-11-25,sz.300686,22.61,22.65,21.95,21.98,3413260,75867820.6,2.5237,-1.5233,0,0
2020-11-26,sz.300686,21.97,22.06,21.45,21.55,2927560,63529553.0,2.1646,-1.9563,0,0
2020-11-27,sz.300686,21.75,21.82,21.08,21.4,1824252,38974549.64,1.3488,-0.6961,0,0
2020-11-30,sz.300686,21.56,22.58,21.15,22.36,4497020,99907495.4,3.325,4.486,0,0
2020-12-01,sz.300686,22.48,22.53,22.12,22.23,2472000,55051251.0,1.8277,-0.5814,0,0
2020-12-02,sz.300686,22.28,23.36,22.11,22.97,5510605,125653838.37,4.0744,3.3288,0,0
2020-12-03,sz.300686,22.88,23.25,22.64,23.03,5659642,130364062.6,4.1846,0.2612,0,0
2020-12-04,sz.300686,23.03,23.24,22.71,22.9,3641116,83479871.04,2.6922,-0.5645,0,0
2020-12-07,sz.300686,23.01,23.23,22.5,22.69,2670865,61229784.65,1.9748,-0.917,0,0
2020-12-08,sz.300686,22.63,22.77,22.22,22.25,2750504,61632097.3,2.0337,-1.9392,0,0
2020-12-09,sz.300686,22.21,22.45,21.05,21.11,4159918,89953752.83,3.0758,-5.1236,0,0
2020-12-10,sz.300686,21.01,21.11,20.51,20.59,2973012,61829059.74,2.1982,-2.4633,0,0
2020-12-11,sz.300686,20.79,20.8,19.92,20.39,2711176,55057789.56,2.0046,-0.9713,0,0
2020-12-14,sz.300686,20.5,20.92,20.31,20.56,2490384,51229630.32,1.8413,0.8337,0,0
2020-12-15,sz.300686,20.3,20.61,20.2,20.3,1508068,30738071.54,1.115,-1.2646,0,0
2020-12-16,sz.300686,20.27,20.68,20.15,20.51,1604920,32787819.44,1.1866,1.0345,0,0
2020-12-17,sz.300686,20.49,20.65,19.9,20.6,1935900,39386765.0,1.4314,0.4388,0,0
2020-12-18,sz.300686,20.26,20.73,20.16,20.37,1510232,30673640.16,1.1166,-1.1165,0,0
2020-12-21,sz.300686,20.04,20.57,20.04,20.41,1537629,31356552.89,1.1369,0.1964,0,0
2020-12-22,sz.300686,20.4,21.0,20.0,20.22,2841260,58072323.8,2.1008,-0.9309,0,0
2020-12-23,sz.300686,20.11,20.39,19.9,20.11,1930900,38861329.4,1.4277,-0.544,0,0
2020-12-24,sz.300686,20.05,20.18,19.04,19.23,3269269,63809639.59,2.4172,-4.3759,0,0
2020-12-25,sz.300686,19.38,20.59,19.19,20.4,3859425,77602917.25,2.8536,6.0842,0,0
2020-12-28,sz.300686,20.48,20.6,19.89,19.92,2167365,43614797.2,1.6025,-2.3529,0,0
2020-12-29,sz.300686,20.0,20.55,20.0,20.14,1729560,35016307.4,1.2788,1.1044,0,0
2020-12-30,sz.300686,20.14,20.14,19.68,19.8,1814309,36089433.6,1.3415,-1.6882,0,0
2020-12-31,sz.300686,19.71,20.15,19.71,20.05,1531959,30605234.28,1.1327,1.2626,0,0
2021-01-04,sz.300686,20.15,20.66,19.9,20.66,2692600,54705161.8,1.9909,3.0424,0,0
2021-01-05,sz.300686,20.5,20.8,20.13,20.54,3750498,76625404.65,2.773,-0.5808,0,0
2021-01-06,sz.300686,20.55,20.7,20.05,20.12,2184640,44165638.8,1.6153,-2.0448,0,0
2021-01-07,sz.300686,20.08,20.18,19.52,19.69,3156266,62279965.36,2.3337,-2.1372,0,0
2021-01-08,sz.300686,19.67,20.27,19.34,20.0,2362881,47134343.69,1.7471,1.5744,0,0
2021-01-11,sz.300686,20.0,20.2,18.68,18.92,4300056,82569272.6,3.1794,-5.4,0,0
2021-01-12,sz.300686,18.99,19.2,18.76,18.95,1585136,30055821.26,1.172,0.1586,0,0
2021-01-13,sz.300686,18.88,18.97,18.25,18.63,2036405,37841997.15,1.5057,-1.6887,0,0
2021-01-14,sz.300686,18.63,19.05,18.48,18.79,1303652,24537358.6,0.9639,0.8588,0,0
2021-01-15,sz.300686,18.99,19.36,18.76,19.0,1150361,21930646.69,0.8506,1.1176,0,0
2021-01-18,sz.300686,18.94,19.22,18.74,19.01,1351336,25706328.61,0.9992,0.0526,0,0
2021-01-19,sz.300686,18.89,19.18,18.89,19.01,1013840,19311269.6,0.7496,0.0,0,0
2021-01-20,sz.300686,18.9,19.18,18.71,19.05,1477100,28027103.6,1.0921,0.2104,0,0
2021-01-21,sz.300686,19.0,19.15,18.89,19.07,1579201,30032806.01,1.1676,0.105,0,0
2021-01-22,sz.300686,19.07,19.19,18.08,18.19,2994018,54823867.82,2.2137,-4.6146,0,0
2021-01-25,sz.300686,18.17,18.17,17.52,17.61,2035966,36025115.64,1.5054,-3.1886,0,0
2021-01-26,sz.300686,17.6,17.95,17.57,17.63,957706,16972168.42,0.7081,0.1136,0,0
2021-01-27,sz.300686,17.6,17.67,17.37,17.42,1128760,19711089.4,0.8346,-1.1912,0,0
2021-01-28,sz.300686,17.42,17.49,16.9,16.91,1385980,23800254.4,1.0248,-2.9277,0,0
2021-01-29,sz.300686,16.91,17.23,16.5,17.1,1612360,27162341.6,1.1921,1.1236,0,0
2021-02-01,sz.300686,17.07,17.56,16.9,17.52,1346880,23212525.6,0.9959,2.4561,0,0
2021-02-02,sz.300686,17.52,17.52,17.21,17.31,723840,12540641.8,0.5352,-1.1986,0,0
2021-02-03,sz.300686,17.16,17.58,17.04,17.16,1219101,21095934.38,0.9014,-0.8666,0,0
2021-02-04,sz.300686,16.99,17.01,16.21,16.81,1528080,25327744.6,1.1298,-2.0396,0,0
2021-02-05,sz.300686,16.82,17.19,16.75,16.99,943100,16058246.4,0.6973,1.0708,0,0
2021-02-08,sz.300686,17.01,17.05,16.71,17.01,619220,10490888.0,0.4578,0.1177,0,0
2021-02-09,sz.300686,16.82,17.5,16.82,17.41,779446,13487008.01,0.5763,2.3516,0,0
2021-02-10,sz.300686,17.23,17.69,17.23,17.59,630649,11066241.95,0.4663,1.0339,0,0
2021-02-18,sz.300686,17.88,17.96,17.65,17.73,866800,15439557.1,0.6409,0.7959,0,0
2021-02-19,sz.300686,17.7,18.08,17.58,18.07,970055,17319788.4,0.7172,1.9177,0,0
2021-02-22,sz.300686,18.45,19.59,18.35,18.85,3387561,64968155.95,2.5047,4.3165,0,0
2021-02-23,sz.300686,18.85,19.49,18.72,19.13,1954755,37484825.7,1.4453,1.4854,0,0
2021-02-24,sz.300686,19.15,19.28,18.56,18.69,1603875,30195670.29,1.1859,-2.3001,0,0
2021-02-25,sz.300686,18.72,19.16,18.55,18.55,1047340,19726416.62,0.7744,-0.7491,0,0
2021-02-26,sz.300686,18.66,19.92,18.66,19.27,2935266,56807970.02,2.1703,3.8814,0,0
2021-03-01,sz.300686,19.48,19.62,19.01,19.42,2036640,39239628.94,1.5059,0.7784,0,0
2021-03-02,sz.300686,19.42,19.55,18.82,18.9,1654151,31541368.41,1.223,-2.6777,0,0
2021-03-03,sz.300686,18.84,19.29,18.61,18.71,1990028,37584731.5,1.4714,-1.0053,0,0
2021-03-04,sz.300686,18.77,18.84,18.21,18.24,1359431,25116087.09,1.0051,-2.512,0,0
2021-03-05,sz.300686,18.06,19.0,18.06,18.93,1948337,36238698.83,1.4406,3.7829,0,0
2021-03-08,sz.300686,18.93,19.3,18.5,18.51,1689860,32026896.69,1.2494,-2.2187,0,0
2021-03-09,sz.300686,18.26,18.71,17.71,18.08,1557660,28257054.8,1.1517,-2.3231,0,0
2021-03-10,sz.300686,18.14,18.45,17.36,17.4,1295020,22898343.8,0.9575,-3.7611,0,0
2021-03-11,sz.300686,17.36,17.66,17.04,17.59,909931,15792321.54,0.6728,1.092,0,0
2021-03-12,sz.300686,17.48,17.7,17.28,17.6,675900,11806694.3,0.4997,0.0569,0,0
2021-03-15,sz.300686,17.72,17.72,17.28,17.49,592700,10360446.0,0.4382,-0.625,0,0
2021-03-16,sz.300686,17.49,17.63,17.05,17.12,1396640,24055131.0,1.0326,-2.1155,0,0
2021-03-17,sz.300686,17.15,17.25,16.88,17.0,1688945,28751227.55,1.2488,-0.7009,0,0
2021-03-18,sz.300686,17.06,17.22,16.83,16.87,1145736,19471629.64,0.8471,-0.7647,0,0
2021-03-19,sz.300686,16.9,16.93,16.4,16.69,1205354,20174949.14,0.8912,-1.067,0,0
2021-03-22,sz.300686,16.81,16.9,16.52,16.88,1281549,21551326.67,0.9476,1.1384,0,0
2021-03-23,sz.300686,16.88,17.06,16.66,16.82,1363596,23036532.16,1.0082,-0.3555,0,0
2021-03-24,sz.300686,16.73,16.82,16.39,16.45,1651969,27311399.96,1.2214,-2.1998,0,0
2021-03-25,sz.300686,16.44,16.52,16.06,16.14,1754900,28575984.0,1.2975,-1.8845,0,0
2021-03-26,sz.300686,16.17,16.54,16.08,16.51,1408100,22970749.0,1.0411,2.2924,0,0
2021-03-29,sz.300686,16.56,16.62,15.8,16.02,3072960,49540537.4,2.2721,-2.9679,0,0
2021-03-30,sz.300686,15.8,16.02,15.61,15.75,3234986,51091059.2,2.3919,-1.6854,0,0
2021-03-31,sz.300686,15.85,15.89,15.18,15.34,3546008,54714099.8,2.6218,-2.6032,0,0
2021-04-01,sz.300686,15.28,15.57,15.08,15.35,3136640,48100955.8,2.3192,0.0652,0,0
2021-04-02,sz.300686,15.45,16.03,15.42,15.8,3046540,47971154.2,2.2526,2.9316,0,0
2021-04-06,sz.300686,15.9,16.24,15.83,16.12,2866303,46159689.06,2.1193,2.0253,0,0
2021-04-07,sz.300686,16.19,16.2,15.9,16.05,1857283,29698442.69,1.3732,-0.4342,0,0
2021-04-08,sz.300686,16.02,16.2,15.85,15.88,1801270,28831795.0,1.3318,-1.0592,0,0
2021-04-09,sz.300686,15.79,16.63,15.79,16.63,4007520,65431152.2,2.9631,4.7229,0,0
2021-04-12,sz.300686,16.79,16.84,16.26,16.74,3691000,61206539.2,2.7291,0.6615,0,0
2021-04-13,sz.300686,16.74,16.83,16.44,16.76,2720260,45331086.8,2.0113,0.1195,0,0
2021-04-14,sz.300686,16.8,16.83,16.5,16.55,1869520,31119568.2,1.3823,-1.253,0,0
2021-04-15,sz.300686,16.7,16.7,16.43,16.52,1300460,21497259.8,0.9615,-0.1813,0,0
2021-04-16,sz.300686,16.46,17.08,16.36,16.92,2268721,38243270.42,1.6774,2.4213,0,0
2021-04-19,sz.300686,17.02,17.28,16.4,17.1,3729423,63198482.35,2.7575,1.0638,0,0
2021-04-20,sz.300686,17.1,17.17,16.81,16.89,1955000,33069205.0,1.4455,-1.2281,0,0
2021-04-21,sz.300686,16.82,17.01,16.7,16.87,1114540,18788052.8,0.8241,-0.1184,0,0
2021-04-22,sz.300686,16.89,17.1,16.78,16.92,1175300,19840612.0,0.869,0.2964,0,0
2021-04-23,sz.300686,16.8,16.82,16.36,16.43,1754706,28942610.23,1.2959,-2.896,0,0
2021-04-26,sz.300686,16.3,16.83,16.25,16.7,1735820,28879452.6,1.2819,1.6433,0,0
2021-04-27,sz.300686,16.46,16.81,16.16,16.36,1606760,26212529.0,1.1675,-2.0359,0,0
2021-04-28,sz.300686,16.25,16.42,16.11,16.3,884800,14416374.54,0.6429,-0.3667,0,0
2021-04-29,sz.300686,16.31,16.31,15.9,15.93,1669840,26871148.4,1.2133,-2.2699,0,0
2021-04-30,sz.300686,15.82,16.24,15.47,15.93,2713625,42927616.51,1.9717,0.0,0,0
2021-05-06,sz.300686,15.94,16.59,15.6,16.53,2010002,32946081.15,1.4605,3.7665,0,0
2021-05-07,sz.300686,16.78,16.78,16.02,16.04,1508276,24550935.04,1.0959,-2.9643,0,0
2021-05-10,sz.300686,15.89,16.07,15.67,15.68,1790236,28353433.56,1.3008,-2.2444,0,0
2021-05-11,sz.300686,15.69,16.56,15.68,16.31,2063081,33406669.82,1.499,4.0179,0,0
2021-05-12,sz.300686,16.06,16.31,15.88,16.18,1109500,17807563.0,0.8062,-0.7971,0,0
2021-05-13,sz.300686,16.0,16.17,15.95,16.07,822500,13198180.0,0.5976,-0.6799,0,0
2021-05-14,sz.300686,16.17,16.22,16.04,16.08,1037802,16706504.36,0.7541,0.0622,0,0
2021-05-17,sz.300686,16.2,16.28,15.52,15.69,1897682,29785708.94,1.3789,-2.4254,0,0
2021-05-18,sz.300686,15.68,15.74,15.51,15.59,884282,13816805.7,0.6425,-0.6373,0,0
2021-05-19,sz.300686,15.57,15.62,15.26,15.29,1908909,29344388.21,1.387,-1.9243,0,0
2021-05-20,sz.300686,15.31,15.42,15.11,15.16,2276300,34710767.0,1.654,-0.8502,0,0
2021-05-21,sz.300686,15.17,15.79,15.17,15.39,2033657,31601775.09,1.4777,1.5172,0,0
2021-05-24,sz.300686,15.38,15.53,15.0,15.38,1591342,24309551.46,1.1563,-0.065,0,0
2021-05-25,sz.300686,15.29,15.66,15.29,15.45,1355047,20928243.63,0.9846,0.4551,0,0
2021-05-26,sz.300686,15.45,15.97,15.45,15.78,1898817,29933979.32,1.3797,2.1359,0,0
2021-05-27,sz.300686,15.78,16.04,15.7,15.86,1611981,25633828.4,1.1713,0.507,0,0
2021-05-28,sz.300686,15.68,15.84,15.6,15.67,1080760,16961152.0,0.7853,-0.9482,0,0
2021-05-31,sz.300686,15.67,15.8,15.56,15.7,1187371,18605257.88,0.8627,0.1914,0,0
2021-06-01,sz.300686,15.7,15.97,15.58,15.88,1278300,20252543.8,0.9288,1.1465,0,0
2021-06-02,sz.300686,15.96,16.02,15.54,15.61,1213420,18990852.2,0.8817,-1.7003,0,0
2021-06-03,sz.300686,15.61,15.87,15.55,15.58,1005818,15795658.8,0.7308,-0.1922,0,0
2021-06-04,sz.300686,15.76,15.89,15.35,15.71,1799080,28042602.73,1.3072,0.8344,0,0
2021-06-07,sz.300686,15.69,16.19,15.61,15.98,2300090,36802566.8,1.6712,1.7187,0,0
2021-06-08,sz.300686,16.02,16.08,15.8,15.91,1384900,22006180.8,1.0063,-0.438,0,0
2021-06-09,sz.300686,15.83,16.08,15.69,15.73,1603033,25410757.91,1.1648,-1.1314,0,0
2021-06-10,sz.300686,15.67,15.97,15.54,15.92,3134660,49264095.81,2.2776,1.2079,0,0
2021-06-11,sz.300686,15.92,15.99,15.3,15.43,3654306,57026532.7,2.6552,-3.0779,0,0
2021-06-15,sz.300686,15.44,15.88,15.2,15.76,3343245,51955743.27,2.4292,2.1387,0,0
2021-06-16,sz.300686,15.79,15.96,15.63,15.9,3633353,57483060.1,2.64,0.8883,0,0
2021-06-17,sz.300686,15.85,16.42,15.8,16.39,4354831,70512494.74,3.1642,3.0818,0,0
2021-06-18,sz.300686,16.4,16.42,16.13,16.38,3205391,52084703.01,2.329,-0.061,0,0
2021-06-21,sz.300686,16.38,16.67,16.21,16.61,3691571,60864027.0,2.6823,1.4042,0,0
2021-06-22,sz.300686,16.62,16.65,16.21,16.36,2836522,46477835.51,2.061,-1.5051,0,0
2021-06-23,sz.300686,16.4,16.56,16.23,16.46,2989543,49051585.54,2.1722,0.6112,0,0
2021-06-24,sz.300686,16.49,16.89,16.28,16.44,3072405,50860038.95,2.2324,-0.1215,0,0
2021-06-25,sz.300686,16.39,16.56,16.05,16.32,3022790,49130659.02,2.1964,-0.7299,0,0
2021-06-28,sz.300686,16.32,16.38,16.16,16.3,1553349,25232242.05,1.1287,-0.1225,0,0
2021-06-29,sz.300686,16.3,16.57,16.06,16.55,3331800,54494563.15,2.4209,1.5337,0,0
2021-06-30,sz.300686,16.58,16.6,16.33,16.46,2351959,38695094.67,1.7089,-0.5438,0,0
2021-07-01,sz.300686,16.49,16.49,16.0,16.0,2207324,35885534.0,1.6038,-2.7947,0,0
2021-07-02,sz.300686,16.02,16.35,15.91,16.18,2056065,33168451.2,1.4939,1.125,0,0
2021-07-05,sz.300686,16.12,16.77,16.12,16.77,3081991,50927630.87,2.2394,3.6465,0,0
2021-07-06,sz.300686,16.77,16.86,16.15,16.5,3219767,52929413.86,2.3395,-1.61,0,0
2021-07-07,sz.300686,16.32,16.57,16.18,16.45,2054408,33642363.8,1.4927,-0.303,0,0
2021-07-08,sz.300686,16.38,16.88,16.38,16.87,4369780,73022364.65,3.1751,2.5532,0,0
2021-07-09,sz.300686,16.8,17.8,16.61,17.42,6863906,118634552.79,4.9873,3.2602,0,0
2021-07-12,sz.300686,17.5,17.55,17.27,17.31,3868642,67222619.84,2.811,-0.6315,0,0
2021-07-13,sz.300686,17.38,17.41,16.85,17.07,3181334,54265978.07,2.3116,-1.3865,0,0
2021-07-14,sz.300686,17.0,17.28,16.84,16.84,2331420,39665689.2,1.694,-1.3474,0,0
2021-07-15,sz.300686,16.84,16.93,15.9,16.11,4290538,69549563.28,3.1175,-4.3349,0,0
2021-07-16,sz.300686,16.11,16.17,15.73,15.8,2180800,34648081.0,1.5846,-1.9243,0,0
2021-07-19,sz.300686,15.81,16.06,15.4,15.93,1652386,26085672.72,1.2006,0.8228,0,0
2021-07-20,sz.300686,15.86,16.0,15.65,15.75,1176180,18498669.8,0.8583,-1.1299,0,0
2021-07-21,sz.300686,15.8,16.3,15.76,16.02,1927700,30971754.89,1.4067,1.7143,0,0
2021-07-22,sz.300686,16.06,16.25,15.71,15.8,3339089,53232760.3,1.6833,-1.3733,0,0
2021-07-23,sz.300686,15.89,15.89,15.03,15.15,5124688,78352889.65,2.5834,-4.1139,0,0
2021-07-26,sz.300686,15.21,15.38,14.97,15.27,1739870,26412125.7,0.8771,0.7921,0,0
2021-07-27,sz.300686,15.18,15.52,15.12,15.16,2200347,33761380.98,1.1092,-0.7204,0,0
2021-07-28,sz.300686,15.02,15.19,14.62,14.88,1762400,26229463.0,0.8885,-1.847,0,0
2021-07-29,sz.300686,14.91,15.53,14.91,15.37,1867952,28526754.64,0.9417,3.293,0,0
2021-07-30,sz.300686,15.37,15.54,15.22,15.46,1851121,28539069.92,0.9332,0.5856,0,0
2021-08-02,sz.300686,15.4,15.78,15.3,15.68,1896922,29620408.42,0.9563,1.423,0,0
2021-08-03,sz.300686,15.65,16.06,15.52,15.6,2605861,41152384.14,1.3137,-0.5102,0,0
2021-08-04,sz.300686,15.6,15.75,15.47,15.71,1453981,22765709.07,0.733,0.7051,0,0
2021-08-05,sz.300686,15.74,15.74,15.46,15.53,1642120,25533733.0,0.8278,-1.1458,0,0
2021-08-06,sz.300686,15.42,15.57,15.12,15.25,1810800,27621759.0,0.9129,-1.803,0,0
2021-08-09,sz.300686,15.25,15.37,15.15,15.33,1289677,19694422.55,0.6501,0.5246,0,0
2021-08-10,sz.300686,15.35,16.22,15.28,16.17,4974549,79349742.51,2.5078,5.4795,0,0
2021-08-11,sz.300686,15.95,16.2,15.94,16.06,2367800,37977788.6,1.1937,-0.6803,0,0
2021-08-12,sz.300686,15.98,16.25,15.87,16.06,2291140,36768416.8,1.155,0.0,0,0
2021-08-13,sz.300686,16.06,16.79,16.05,16.33,4808953,79124754.9,2.4243,1.6812,0,0
2021-08-16,sz.300686,16.34,16.4,16.01,16.17,3102419,50295943.4,1.564,-0.9798,0,0
2021-08-17,sz.300686,16.2,16.2,15.52,15.63,3130523,49604052.25,1.5782,-3.3395,0,0
2021-08-18,sz.300686,15.5,15.68,15.23,15.53,1976320,30559491.8,0.9963,-0.6398,0,0
2021-08-19,sz.300686,15.44,15.68,15.38,15.5,1576534,24473782.19,0.7948,-0.1932,0,0
2021-08-20,sz.300686,15.48,15.63,15.1,15.21,1874600,28552258.0,0.945,-1.871,0,0
2021-08-23,sz.300686,15.25,15.98,15.25,15.86,2905720,45713609.2,1.4648,4.2735,0,0
2021-08-24,sz.300686,15.88,16.05,15.7,15.77,2203540,34907082.0,1.1108,-0.5675,0,0
2021-08-25,sz.300686,15.7,15.85,15.37,15.5,2516823,39063705.67,1.2688,-1.7121,0,0
2021-08-26,sz.300686,15.49,15.49,15.05,15.12,2350380,35749775.0,1.1849,-2.4516,0,0
2021-08-27,sz.300686,15.11,15.11,14.81,14.95,2089376,31107170.9,1.0533,-1.1243,0,0
2021-08-30,sz.300686,14.95,15.25,14.86,14.99,2141334,32216127.68,1.0795,0.2676,0,0
2021-08-31,sz.300686,14.97,14.99,14.69,14.84,1771041,26191105.42,0.8928,-1.0007,0,0
2021-09-01,sz.300686,14.84,14.96,14.65,14.95,1904095,28206698.27,0.9599,0.7412,0,0
2021-09-02,sz.300686,14.88,15.35,14.77,15.18,2058589,31002461.21,1.0378,1.5385,0,0
2021-09-03,sz.300686,15.21,15.24,15.04,15.12,1487907,22505007.74,0.7501,-0.3953,0,0
2021-09-06,sz.300686,15.03,15.4,15.03,15.36,2497674,38045276.94,1.2591,1.5873,0,0
2021-09-07,sz.300686,15.3,15.43,15.25,15.3,2116006,32421285.52,1.0667,-0.3906,0,0
2021-09-08,sz.300686,15.38,15.44,15.27,15.44,2092270,32096858.5,1.0548,0.915,0,0
2021-09-09,sz.300686,15.44,15.49,15.2,15.24,1542527,23558193.5,0.7776,-1.2953,0,0
2021-09-10,sz.300686,15.23,15.35,15.14,15.14,1653644,25111898.01,0.8336,-0.6562,0,0
2021-09-13,sz.300686,15.14,15.15,14.9,14.96,1623273,24334722.81,0.8183,-1.1889,0,0
2021-09-14,sz.300686,14.96,15.07,14.83,14.83,1459834,21811596.5,0.7359,-0.869,0,0
2021-09-15,sz.300686,14.83,15.05,14.73,14.95,1097088,16341936.14,0.5531,0.8092,0,0
2021-09-16,sz.300686,14.9,15.03,14.7,14.74,1007000,14976149.53,0.5076,-1.4047,0,0
2021-09-17,sz.300686,14.74,14.88,14.56,14.68,1361420,19971194.58,0.6863,-0.4071,0,0
2021-09-22,sz.300686,14.69,14.75,14.44,14.5,1442900,20998671.0,0.7274,-1.2262,0,0
2021-09-23,sz.300686,14.58,14.86,14.5,14.82,1461942,21511558.04,0.737,2.2069,0,0
2021-09-24,sz.300686,14.82,14.82,14.51,14.52,1158440,16908258.2,0.584,-2.0243,0,0
2021-09-27,sz.300686,14.63,14.73,14.12,14.16,1561280,22386825.0,0.7871,-2.4793,0,0
2021-09-28,sz.300686,14.02,14.15,13.89,14.04,1135200,15892018.8,0.5723,-0.8475,0,0
2021-09-29,sz.300686,13.92,13.97,13.58,13.61,1116500,15306177.0,0.5628,-3.0627,0,0
2021-09-30,sz.300686,13.61,13.85,13.61,13.83,787901,10845884.76,0.3972,1.6165,0,0
2021-10-08,sz.300686,13.96,14.12,13.89,13.97,1212201,16971890.61,0.6111,1.0123,0,0
2021-10-11,sz.300686,14.08,14.13,13.7,13.77,1863628,25712938.28,0.9395,-1.4316,0,0
2021-10-12,sz.300686,13.8,13.8,13.12,13.37,1793780,24028494.33,0.9043,-2.9049,0,0
2021-10-13,sz.300686,13.38,13.46,13.2,13.41,854467,11390945.0,0.4308,0.2992,0,0
2021-10-14,sz.300686,13.41,13.51,13.3,13.46,750016,10082980.36,0.3781,0.3729,0,0
2021-10-15,sz.300686,13.5,13.51,13.15,13.16,1392908,18523995.2,0.7022,-2.2288,0,0
2021-10-18,sz.300686,13.22,13.23,12.76,12.9,1993960,25829259.0,1.0052,-1.9757,0,0
2021-10-19,sz.300686,12.95,15.48,12.95,15.48,18335552,274075458.14,9.2433,20.0,1,0
2021-10-20,sz.300686,14.59,15.01,14.34,14.37,20185156,294650192.31,10.1757,-7.1705,0,0
2021-10-21,sz.300686,14.39,15.5,14.2,14.82,17017627,252913657.14,8.5789,3.1315,0,0
2021-10-22,sz.300686,14.75,15.41,14.32,14.5,12719853,187774602.2,6.4123,-2.1592,0,0
2021-10-25,sz.300686,14.11,14.46,13.91,14.3,7691067,109454157.41,3.8772,-1.3793,0,0
2021-10-26,sz.300686,14.2,15.11,14.05,14.82,13087093,191477743.39,6.5974,3.6364,0,0
2021-10-27,sz.300686,14.63,14.69,14.21,14.58,7256850,104681026.31,3.6583,-1.6194,0,0
2021-10-28,sz.300686,14.1,14.12,13.19,13.36,8365787,113087861.08,4.2173,-8.3676,0,0
2021-10-29,sz.300686,13.38,14.27,13.3,13.73,6160200,84729264.85,3.1055,2.7695,0,0
2021-11-01,sz.300686,13.74,14.1,13.43,14.03,4924700,67884007.0,2.4826,2.185,0,0
2021-11-02,sz.300686,13.86,14.08,13.43,13.49,5000683,68672792.36,2.5209,-3.8489,0,0
2021-11-03,sz.300686,13.51,13.95,13.51,13.83,3841500,52792526.0,1.9366,2.5204,0,0
2021-11-04,sz.300686,13.98,14.04,13.55,13.85,4252221,58515858.75,2.1436,0.1446,0,0
2021-11-05,sz.300686,13.85,14.72,13.85,14.38,10299056,148328987.91,5.1919,3.8267,0,0
2021-11-08,sz.300686,14.5,14.57,14.03,14.39,6509697,93332073.65,3.2817,0.0695,0,0
2021-11-09,sz.300686,14.38,14.65,14.2,14.42,5660734,81736810.27,2.8537,0.2085,0,0
2021-11-10,sz.300686,14.37,14.88,14.12,14.83,8085922,118000463.69,4.0763,2.8433,0,0
2021-11-11,sz.300686,14.75,14.89,14.58,14.72,5409560,79458093.6,2.7271,-0.7417,0,0
2021-11-12,sz.300686,14.65,14.83,14.43,14.6,4136182,60202047.91,2.0851,-0.8152,0,0
2021-11-15,sz.300686,14.65,14.95,14.53,14.78,4465520,65847889.0,2.2512,1.2329,0,0
2021-11-16,sz.300686,14.7,14.88,14.45,14.48,4141000,60500457.0,2.0876,-2.0298,0,0
2021-11-17,sz.300686,14.48,14.68,14.4,14.65,3353660,48878228.4,1.6906,1.174,0,0
2021-11-18,sz.300686,14.67,14.73,14.31,14.37,3248829,46841562.31,1.6378,-1.9113,0,0
2021-11-19,sz.300686,14.3,14.56,14.24,14.48,2926060,42294097.6,1.4751,0.7655,0,0
2021-11-22,sz.300686,14.48,14.93,14.48,14.87,5927220,87662346.6,2.988,2.6934,0,0
2021-11-23,sz.300686,14.88,15.15,14.76,14.91,5396860,80484990.61,2.7207,0.269,0,0
2021-11-24,sz.300686,14.97,15.1,14.7,14.92,4163227,62096812.97,2.0988,0.0671,0,0
2021-11-25,sz.300686,14.93,15.15,14.81,14.91,3560460,53216493.2,1.7949,-0.067,0,0
2021-11-26,sz.300686,14.76,14.86,14.52,14.66,3422149,50166900.48,1.7252,-1.6767,0,0
2021-11-29,sz.300686,14.48,14.57,14.25,14.56,2748800,39627968.0,1.3857,-0.6821,0,0
2021-11-30,sz.300686,14.54,14.98,14.51,14.71,3809000,56380929.0,1.9202,1.0302,0,0
2021-12-01,sz.300686,14.64,15.2,14.64,15.19,5419880,81436106.4,2.7323,3.2631,0,0
2021-12-02,sz.300686,15.19,15.36,14.78,14.83,3961182,59238615.18,1.9969,-2.37,0,0
2021-12-03,sz.300686,14.95,15.08,14.7,14.78,3302570,48994071.0,1.6649,-0.3372,0,0
2021-12-06,sz.300686,14.7,14.8,14.02,14.12,5351970,76121700.4,2.698,-4.4655,0,0
2021-12-07,sz.300686,14.13,14.27,13.68,13.88,2552800,35489959.0,1.2869,-1.6997,0,0
2021-12-08,sz.300686,13.89,14.07,13.84,14.04,1675060,23451244.6,0.8444,1.1527,0,0
2021-12-09,sz.300686,14.0,14.22,13.98,14.08,1911020,27010759.1,0.9634,0.2849,0,0
2021-12-10,sz.300686,14.08,14.24,13.98,14.17,1778400,25143224.0,0.8965,0.6392,0,0
2021-12-13,sz.300686,14.16,14.32,14.09,14.3,1809792,25761637.12,0.9123,0.9174,0,0
2021-12-14,sz.300686,14.26,14.52,14.17,14.47,2088992,30087654.56,1.0531,1.1888,0,0
2021-12-15,sz.300686,14.39,14.64,14.3,14.35,2428680,35099667.8,1.2243,-0.8293,0,0
2021-12-16,sz.300686,14.3,14.53,14.28,14.53,2054200,29641756.0,1.0356,1.2544,0,0
2021-12-17,sz.300686,14.46,14.52,14.15,14.43,2637410,37667260.3,1.3296,-0.6882,0,0
2021-12-20,sz.300686,14.29,14.41,14.0,14.27,2433700,34550872.0,1.2269,-1.1088,0,0
2021-12-21,sz.300686,14.24,14.61,14.23,14.52,3420458,49468318.92,1.7243,1.7519,0,0
2021-12-22,sz.300686,14.66,14.88,14.45,14.78,3620400,53173636.0,1.8251,1.7906,0,0
2021-12-23,sz.300686,14.98,14.98,14.55,14.57,3057500,45086092.2,1.5413,-1.4208,0,0
2021-12-24,sz.300686,14.98,14.98,14.25,14.27,3198700,46568606.6,1.6125,-2.059,0,0
2021-12-27,sz.300686,14.21,14.4,14.08,14.11,2122987,30136331.7,1.0702,-1.1212,0,0
2021-12-28,sz.300686,14.14,14.6,14.14,14.51,2276987,32847276.62,1.1479,2.8349,0,0
2021-12-29,sz.300686,14.51,14.64,14.26,14.26,1876560,26902794.98,0.946,-1.7229,0,0
2021-12-30,sz.300686,14.2,14.78,14.2,14.65,3415567,49764927.27,1.7219,2.7349,0,0
2021-12-31,sz.300686,14.62,14.65,14.47,14.56,2065820,30045533.8,1.0414,-0.6143,0,0
2022-01-04,sz.300686,14.59,14.82,14.5,14.8,2925607,43100833.67,1.4749,1.6484,0,0
2022-01-05,sz.300686,14.78,14.82,14.41,14.68,2760541,40257290.67,1.3916,-0.8108,0,0
2022-01-06,sz.300686,14.61,14.77,14.5,14.72,2268400,33228578.0,1.1435,0.2725,0,0
2022-01-07,sz.300686,14.69,15.09,14.6,14.79,4745833,70590868.19,2.3925,0.4755,0,0
2022-01-10,sz.300686,14.92,14.94,14.52,14.85,2865100,42199784.8,1.4443,0.4057,0,0
2022-01-11,sz.300686,14.84,14.92,14.58,14.64,2789680,40939104.4,1.4063,-1.4141,0,0
2022-01-12,sz.300686,14.66,14.77,14.6,14.75,2305960,33868945.8,1.1625,0.7514,0,0
2022-01-13,sz.300686,14.75,14.84,14.51,14.55,2530056,37145696.56,1.2754,-1.3559,0,0
2022-01-14,sz.300686,14.49,15.2,14.4,14.72,4054510,60086672.5,2.044,1.1684,0,0
2022-01-17,sz.300686,14.72,15.1,14.6,15.06,4298106,64520301.18,2.1668,2.3098,0,0
2022-01-18,sz.300686,15.05,15.15,14.74,14.94,3840118,57278258.72,1.9359,-0.7968,0,0
2022-01-19,sz.300686,14.99,15.28,14.9,15.21,4771887,72107305.17,2.4056,1.8072,0,0
2022-01-20,sz.300686,15.18,15.18,14.56,14.75,4249920,62892073.72,2.1425,-3.0243,0,0
2022-01-21,sz.300686,14.69,14.75,14.16,14.22,2803300,40327012.0,1.4132,-3.5932,0,0
2022-01-24,sz.300686,14.24,14.29,13.8,13.89,2480000,34660706.0,1.2502,-2.3207,0,0
2022-01-25,sz.300686,13.88,13.95,13.26,13.27,3307801,44757644.38,1.6675,-4.4636,0,0
2022-01-26,sz.300686,13.36,14.27,13.36,13.9,4410166,61741277.68,2.2232,4.7476,0,0
2022-01-27,sz.300686,13.84,13.91,13.41,13.71,2691040,36663302.2,1.3566,-1.3669,0,0
2022-01-28,sz.300686,13.7,14.1,13.7,13.88,1418760,19766440.4,0.7152,1.24,0,0
2022-02-07,sz.300686,13.91,14.15,13.91,14.0,1130300,15816807.0,0.5698,0.8646,0,0
2022-02-08,sz.300686,14.01,14.1,13.84,14.1,1119600,15676798.0,0.5644,0.7143,0,0
2022-02-09,sz.300686,14.08,14.15,14.02,14.11,1391300,19595117.0,0.7014,0.0709,0,0
2022-02-10,sz.300686,14.05,14.11,13.79,13.9,1673500,23248713.0,0.8436,-1.4883,0,0
2022-02-11,sz.300686,13.87,13.87,13.49,13.56,1447500,19687030.0,0.7297,-2.446,0,0
2022-02-14,sz.300686,13.56,13.76,13.41,13.68,909000,12387846.0,0.4582,0.885,0,0
2022-02-15,sz.300686,13.58,13.89,13.57,13.64,1114400,15255890.0,0.5618,-0.2924,0,0
2022-02-16,sz.300686,13.68,13.81,13.66,13.72,933160,12808362.4,0.4704,0.5865,0,0
2022-02-17,sz.300686,13.71,13.77,13.51,13.53,1128721,15376407.73,0.569,-1.3848,0,0
2022-02-18,sz.300686,13.51,13.65,13.32,13.62,1263741,16997735.55,0.6371,0.6652,0,0
2022-02-21,sz.300686,13.65,13.86,13.55,13.83,1269900,17484972.0,0.6402,1.5419,0,0
2022-02-22,sz.300686,13.83,13.83,13.56,13.68,990161,13515854.26,0.4992,-1.0846,0,0
2022-02-23,sz.300686,13.78,13.95,13.71,13.88,1178900,16344876.0,0.5943,1.462,0,0
2022-02-24,sz.300686,13.8,13.94,13.23,13.4,2188188,29694972.14,1.1031,-3.4582,0,0
2022-02-25,sz.300686,13.48,13.65,13.41,13.46,1001100,13539345.0,0.5047,0.4478,0,0
2022-02-28,sz.300686,13.5,14.23,13.1,13.94,3230447,44057996.0,1.6285,3.5661,0,0
2022-03-01,sz.300686,13.81,14.09,13.78,13.91,1585500,22077579.0,0.7993,-0.2152,0,0
2022-03-02,sz.300686,13.88,13.88,13.6,13.77,1371400,18875181.0,0.6913,-1.0065,0,0
2022-03-03,sz.300686,13.9,13.95,13.71,13.82,841600,11629722.0,0.4243,0.3631,0,0
2022-03-04,sz.300686,13.82,13.89,13.5,13.52,1025100,14033422.0,0.5168,-2.1708,0,0
2022-03-07,sz.300686,13.6,13.6,13.19,13.25,1150960,15298740.0,0.5802,-1.997,0,0
2022-03-08,sz.300686,13.23,13.44,13.16,13.25,982260,13023247.0,0.4952,0.0,0,0
2022-03-09,sz.300686,13.3,13.37,12.49,12.92,1153520,14972516.0,0.5815,-2.4906,0,0
2022-03-10,sz.300686,13.16,13.4,12.98,12.99,829500,10927739.0,0.4182,0.5418,0,0
2022-03-11,sz.300686,12.95,13.06,12.62,13.02,912900,11666165.0,0.4602,0.2309,0,0
2022-03-14,sz.300686,13.06,14.5,12.82,13.69,3964020,54596705.0,1.9983,5.1459,0,0
2022-03-15,sz.300686,13.5,13.7,12.82,12.86,2747600,36332773.0,1.3851,-6.0628,0,0
2022-03-16,sz.300686,13.12,13.18,12.42,13.08,1870000,24025333.0,0.9427,1.7107,0,0
2022-03-17,sz.300686,13.15,13.4,13.03,13.16,2010760,26541091.0,1.0137,0.6116,0,0
2022-03-18,sz.300686,13.11,13.31,13.07,13.17,1167760,15391318.0,0.5887,0.076,0,0
2022-03-21,sz.300686,13.16,13.25,13.04,13.19,1198500,15792063.0,0.6042,0.1519,0,0
2022-03-22,sz.300686,13.1,13.47,13.08,13.3,1708400,22652151.0,0.8612,0.834,0,0
2022-03-23,sz.300686,13.37,13.38,13.18,13.3,1139300,15121178.0,0.5743,0.0,0,0
2022-03-24,sz.300686,13.37,13.37,12.88,12.89,1338200,17413357.0,0.6746,-3.0827,0,0
2022-03-25,sz.300686,12.99,13.08,12.72,12.75,1089100,14065799.0,0.549,-1.0861,0,0
2022-03-28,sz.300686,12.69,12.78,12.52,12.7,1152800,14633851.0,0.5811,-0.3922,0,0
2022-03-29,sz.300686,12.72,12.74,11.7,12.35,4191660,51167527.2,2.1124,-2.7559,0,0
2022-03-30,sz.300686,12.32,12.52,12.04,12.41,1587500,19483497.0,0.8,0.4858,0,0
2022-03-31,sz.300686,12.38,12.43,12.03,12.04,2376861,28913606.54,1.1978,-2.9815,0,0
2022-04-01,sz.300686,12.0,12.04,11.78,11.94,2140400,25463010.0,1.0787,-0.8306,0,0
2022-04-06,sz.300686,11.9,12.04,11.86,11.96,1339200,16016705.0,0.6749,0.1675,0,0
2022-04-07,sz.300686,11.95,11.96,11.8,11.87,1574920,18674324.8,0.7937,-0.7525,0,0
2022-04-08,sz.300686,11.88,11.91,11.41,11.5,1735414,20064976.12,0.8746,-3.1171,0,0
2022-04-11,sz.300686,11.49,11.49,10.78,10.85,1821095,20148352.45,0.9178,-5.6522,0,0
2022-04-12,sz.300686,10.98,11.13,10.65,11.1,1392340,15140400.0,0.7017,2.3041,0,0
2022-04-13,sz.300686,11.07,11.07,10.74,10.88,1055900,11505924.0,0.5321,-1.982,0,0
2022-04-14,sz.300686,10.9,11.03,10.83,10.88,674795,7374419.3,0.3401,0.0,0,0
2022-04-15,sz.300686,10.83,10.84,10.5,10.52,1381400,14620004.0,0.6962,-3.3088,0,0
2022-04-18,sz.300686,10.5,11.01,10.35,10.95,1378100,14871942.0,0.6945,4.0875,0,0
2022-04-19,sz.300686,10.9,11.13,10.74,11.07,1926160,21091094.56,0.9707,1.0959,0,0
2022-04-20,sz.300686,11.07,11.11,10.92,11.06,1293400,14239797.0,0.6518,-0.0903,0,0
2022-04-21,sz.300686,11.07,11.18,10.8,11.0,1511600,16628112.6,0.7618,-0.5425,0,0
2022-04-22,sz.300686,10.92,11.18,10.69,10.97,1338100,14676317.0,0.6743,-0.2727,0,0
2022-04-25,sz.300686,10.97,10.99,10.05,10.05,1973600,20508228.0,0.9946,-8.3865,0,0
2022-04-26,sz.300686,10.07,10.68,9.91,10.19,3247180,33527519.0,1.6364,1.393,0,0
2022-04-27,sz.300686,10.2,11.2,9.9,11.02,3076400,32668436.0,1.5504,8.1452,0,0
2022-04-28,sz.300686,10.8,11.29,10.67,10.95,2315060,25479535.0,1.1667,-0.6352,0,0
2022-04-29,sz.300686,11.09,11.16,10.91,11.13,1586800,17533256.0,0.7997,1.6438,0,0
2022-05-05,sz.300686,11.19,11.26,10.93,11.16,1230400,13720444.0,0.6201,0.2695,0,0
2022-05-06,sz.300686,11.06,11.3,10.81,11.19,1323900,14764372.0,0.6672,0.2688,0,0
2022-05-09,sz.300686,11.17,11.62,11.13,11.31,1295060,14820737.8,0.6527,1.0724,0,0
2022-05-10,sz.300686,11.2,11.45,11.17,11.28,995100,11271377.0,0.5015,-0.2653,0,0
2022-05-11,sz.300686,11.29,11.5,11.0,11.08,1486020,16821542.2,0.7489,-1.773,0,0
2022-05-12,sz.300686,10.95,11.25,10.88,11.23,1196860,13347964.4,0.6032,1.3538,0,0
2022-05-13,sz.300686,11.23,11.28,11.1,11.18,804500,8984159.0,0.4054,-0.4452,0,0
2022-05-16,sz.300686,11.2,11.28,11.0,11.04,946708,10530496.69,0.4771,-1.2522,0,0
2022-05-17,sz.300686,11.09,11.2,10.88,11.18,838995,9288197.5,0.4228,1.2681,0,0
2022-05-18,sz.300686,11.14,11.42,11.06,11.29,1098400,12400199.0,0.5535,0.9839,0,0
2022-05-19,sz.300686,11.15,11.36,11.08,11.33,879000,9883120.0,0.443,0.3543,0,0
2022-05-20,sz.300686,11.23,11.46,11.23,11.43,1012600,11519792.0,0.5103,0.8826,0,0
2022-05-23,sz.300686,11.43,11.57,11.4,11.49,872200,10002657.0,0.4396,0.5249,0,0
2022-05-24,sz.300686,11.45,11.54,10.85,10.85,1241100,13826941.0,0.6255,-5.5701,0,0
2022-05-25,sz.300686,11.15,11.15,10.81,10.98,811800,8872868.0,0.4091,1.1982,0,0
2022-05-26,sz.300686,11.01,11.23,10.67,11.05,1518560,16612957.6,0.7653,0.6375,0,0
2022-05-27,sz.300686,11.18,11.24,10.88,10.98,960700,10539846.0,0.4842,-0.2725,0,0
2022-05-30,sz.300686,10.89,11.14,10.85,10.94,692200,7559642.0,0.3488,-0.3643,0,0
2022-05-31,sz.300686,10.85,11.14,10.71,11.12,1222100,13440214.0,0.6159,1.6453,0,0
2022-06-01,sz.300686,11.16,11.3,11.02,11.3,1147515,12877256.15,0.5783,1.6187,0,0
2022-06-02,sz.300686,11.27,11.46,11.1,11.44,1995161,22662610.22,1.0055,1.2389,0,0
2022-06-06,sz.300686,11.5,11.77,11.46,11.72,1983461,23150112.15,0.9996,2.4476,0,0
2022-06-07,sz.300686,11.68,11.76,11.47,11.68,1675294,19506349.27,0.8443,-0.3413,0,0
2022-06-08,sz.300686,11.61,11.74,11.42,11.7,1364676,15841920.44,0.6877,0.1712,0,0
2022-06-09,sz.300686,11.67,11.7,11.45,11.51,1374260,15860367.8,0.6926,-1.6239,0,0
2022-06-10,sz.300686,11.41,11.62,11.4,11.51,1407620,16162760.2,0.7094,0.0,0,0
2022-06-13,sz.300686,11.43,11.54,11.24,11.39,1394380,15840491.8,0.7027,-1.0426,0,0
2022-06-14,sz.300686,11.37,11.37,10.88,11.28,1585033,17549426.89,0.7988,-0.9658,0,0
2022-06-15,sz.300686,11.28,11.51,11.16,11.19,1456940,16486868.8,0.7342,-0.7979,0,0
2022-06-16,sz.300686,11.19,11.35,11.12,11.25,1086200,12224439.0,0.5474,0.5362,0,0
2022-06-17,sz.300686,11.26,11.33,11.03,11.18,1297947,14481085.11,0.6541,-0.6222,0,0
2022-06-20,sz.300686,11.18,11.38,11.15,11.37,1465533,16535065.36,0.7386,1.6995,0,0
2022-06-21,sz.300686,11.36,11.5,11.2,11.46,1586900,18087964.0,0.7997,0.7916,0,0
2022-06-22,sz.300686,11.48,11.48,11.11,11.11,1385500,15536361.0,0.6982,-3.0541,0,0
2022-06-23,sz.300686,11.11,11.45,11.1,11.4,1678400,18997970.0,0.8458,2.6103,0,0
2022-06-24,sz.300686,11.34,11.72,11.34,11.68,3026353,35108061.38,1.5252,2.4561,0,0
2022-06-27,sz.300686,11.69,11.88,11.55,11.64,1699900,19796559.0,0.8567,-0.3425,0,0
2022-06-28,sz.300686,11.68,11.94,11.55,11.9,2092820,24727702.6,1.0547,2.2337,0,0
2022-06-29,sz.300686,11.9,12.08,11.68,11.7,1768912,20979041.2,0.8915,-1.6807,0,0
2022-06-30,sz.300686,11.71,11.87,11.6,11.63,1167100,13692155.0,0.5882,-0.5983,0,0
2022-07-01,sz.300686,11.65,12.5,11.45,12.15,3823695,45339371.45,1.927,4.4712,0,0
2022-07-04,sz.300686,11.98,11.98,11.49,11.6,5225143,60596493.62,2.6333,-4.5267,0,0
2022-07-05,sz.300686,11.53,11.63,11.27,11.43,2628417,30023216.31,1.3246,-1.4655,0,0
2022-07-06,sz.300686,11.44,11.53,11.32,11.4,1266840,14473554.6,0.6384,-0.2625,0,0
2022-07-07,sz.300686,11.4,11.53,11.36,11.38,1036800,11842466.18,0.5225,-0.1754,0,0
2022-07-08,sz.300686,11.35,11.78,11.34,11.44,3027920,34991117.0,1.5259,0.5272,0,0
2022-07-11,sz.300686,11.35,11.66,11.26,11.38,1784480,20412436.0,0.8993,-0.5245,0,0
2022-07-12,sz.300686,11.36,11.44,11.08,11.09,1784800,19948074.0,0.8995,-2.5483,0,0
2022-07-13,sz.300686,11.2,11.2,10.94,11.03,1639800,18093781.0,0.8264,-0.541,0,0
2022-07-14,sz.300686,11.0,11.58,10.9,11.36,3531221,40082082.91,1.7796,2.9918,0,0
2022-07-15,sz.300686,11.37,11.43,11.05,11.22,1834377,20598128.87,0.9244,-1.2324,0,0
2022-07-18,sz.300686,11.3,11.52,11.2,11.47,1628300,18585874.0,0.8206,2.2282,0,0
2022-07-19,sz.300686,11.47,11.71,11.4,11.68,2198700,25574783.0,1.1081,1.8309,0,0
2022-07-20,sz.300686,11.7,11.78,11.59,11.68,1736300,20261963.0,0.875,0.0,0,0
2022-07-21,sz.300686,11.63,11.78,11.59,11.66,1689000,19767483.0,0.8512,-0.1712,0,0
2022-07-22,sz.300686,11.77,11.77,11.47,11.57,1734100,20113875.0,0.8739,-0.7719,0,0
2022-07-25,sz.300686,11.63,11.72,11.38,11.46,1461877,16861899.51,0.7367,-0.9507,0,0
2022-07-26,sz.300686,11.35,11.51,11.31,11.5,1568080,17907328.6,0.7902,0.349,0,0
2022-07-27,sz.300686,11.46,11.66,11.46,11.61,1443740,16711483.4,0.7276,0.9565,0,0
2022-07-28,sz.300686,11.7,11.93,11.64,11.81,2534453,29945767.0,1.2773,1.7227,0,0
2022-07-29,sz.300686,11.82,11.87,11.65,11.72,1389240,16326223.0,0.7001,-0.7621,0,0
2022-08-01,sz.300686,11.72,12.05,11.57,11.99,2884640,34368537.0,1.4537,2.3038,0,0
2022-08-02,sz.300686,12.05,12.05,11.4,11.59,3021740,35110908.0,1.5228,-3.3361,0,0
2022-08-03,sz.300686,11.59,11.92,11.57,11.59,2050600,24190471.0,1.0334,0.0,0,0
2022-08-04,sz.300686,11.64,11.86,11.61,11.81,1718440,20216586.4,0.866,1.8982,0,0
2022-08-05,sz.300686,11.86,12.06,11.8,12.04,2530920,30301747.6,1.2755,1.9475,0,0
2022-08-08,sz.300686,11.96,12.28,11.9,12.28,2960400,35932576.0,1.4919,1.9934,0,0
2022-08-09,sz.300686,12.24,12.3,12.04,12.21,1796500,21788409.2,0.9054,-0.57,0,0
2022-08-10,sz.300686,12.32,12.48,12.17,12.37,2140920,26482669.0,1.0789,1.3104,0,0
2022-08-11,sz.300686,12.32,12.9,12.31,12.86,4181343,53187768.28,2.1072,3.9612,0,0
2022-08-12,sz.300686,12.86,13.39,12.64,12.7,5310280,68706842.6,2.6762,-1.2442,0,0
2022-08-15,sz.300686,12.5,12.87,12.45,12.54,2689400,33797603.0,1.3553,-1.2598,0,0
2022-08-16,sz.300686,12.54,12.62,12.41,12.44,2321400,29024245.0,1.1699,-0.7974,0,0
2022-08-17,sz.300686,12.52,12.52,12.36,12.41,1594100,19804098.0,0.8034,-0.2412,0,0
2022-08-18,sz.300686,12.44,12.85,12.27,12.79,2709700,34097142.0,1.3656,3.062,0,0
2022-08-19,sz.300686,12.83,12.93,12.4,12.43,2167700,27447553.8,1.0924,-2.8147,0,0
2022-08-22,sz.300686,12.4,12.7,12.27,12.48,1749400,21866251.48,0.8816,0.4023,0,0
2022-08-23,sz.300686,12.45,12.68,12.32,12.45,1661417,20714621.62,0.8373,-0.2404,0,0
2022-08-24,sz.300686,12.46,12.49,11.83,11.9,2390240,28749028.6,1.2046,-4.4177,0,0
2022-08-25,sz.300686,11.88,12.09,11.51,11.68,1562800,18260278.8,0.7874,-1.8487,0,0
2022-08-26,sz.300686,11.67,11.79,11.41,11.51,1659360,19198313.6,0.836,-1.4555,0,0
2022-08-29,sz.300686,11.49,11.74,11.21,11.71,1478500,17137244.0,0.7449,1.7376,0,0
2022-08-30,sz.300686,11.72,11.82,11.57,11.75,1572540,18417259.4,0.7923,0.3416,0,0
2022-08-31,sz.300686,11.7,11.77,11.44,11.68,2019926,23489166.4,1.0177,-0.5957,0,0
2022-09-01,sz.300686,11.68,11.74,11.46,11.62,1447817,16778882.14,0.7295,-0.5137,0,0
2022-09-02,sz.300686,11.62,11.8,11.58,11.77,1376769,16142053.44,0.6937,1.2909,0,0
2022-09-05,sz.300686,11.77,12.08,11.67,11.85,1890300,22438817.0,0.9524,0.6797,0,0
2022-09-06,sz.300686,11.82,11.94,11.65,11.75,1514669,17788210.3,0.7631,-0.8439,0,0
2022-09-07,sz.300686,11.66,11.8,11.56,11.61,1284100,14926610.0,0.647,-1.1915,0,0
2022-09-08,sz.300686,11.6,11.64,11.44,11.57,1094700,12591473.6,0.5516,-0.3445,0,0
2022-09-09,sz.300686,11.62,12.22,11.35,11.98,4789760,57065106.99,2.4133,3.5436,0,0
2022-09-13,sz.300686,12.04,12.39,11.87,12.3,3430620,41524216.0,1.7285,2.6711,0,0
2022-09-14,sz.300686,12.25,12.35,12.09,12.2,2029300,24733607.0,1.0224,-0.813,0,0
2022-09-15,sz.300686,12.28,12.28,12.02,12.14,2004060,24262651.8,1.0097,-0.4918,0,0
2022-09-16,sz.300686,12.2,12.7,11.99,12.52,4970480,62170524.2,2.5043,3.1301,0,0
2022-09-19,sz.300686,12.52,12.85,12.32,12.53,4167943,52479876.75,2.1,0.0799,0,0
2022-09-20,sz.300686,12.48,13.38,12.48,13.05,8979101,117378362.32,4.524,4.15,0,0
2022-09-21,sz.300686,12.9,13.87,12.75,13.8,12080116,163836846.19,6.0864,5.7471,0,0
2022-09-22,sz.300686,13.7,13.72,13.11,13.26,9981717,132805974.26,5.0292,-3.913,0,0
2022-09-23,sz.300686,13.04,13.6,13.04,13.31,7506883,100239823.79,3.7823,0.3771,0,0
2022-09-26,sz.300686,13.15,13.81,12.89,13.29,8489250,113132074.0,4.2772,-0.1503,0,0
2022-09-27,sz.300686,13.5,13.5,12.9,13.0,5329754,69672397.39,2.6853,-2.1821,0,0
2022-09-28,sz.300686,13.01,13.2,12.69,12.7,4392700,56580972.4,2.2132,-2.3077,0,0
2022-09-29,sz.300686,12.85,13.09,12.33,12.8,7617459,96845275.4,3.838,0.7874,0,0
2022-09-30,sz.300686,12.75,13.37,12.46,12.52,6541525,84088818.41,3.2959,-2.1875,0,0
2022-10-10,sz.300686,12.55,12.6,11.45,11.57,6927337,82892267.52,3.4903,-7.5879,0,0
2022-10-11,sz.300686,11.59,11.63,10.7,10.79,7511413,82967996.14,3.7845,-6.7416,0,0
2022-10-12,sz.300686,10.8,11.42,10.5,11.34,7001583,76419940.88,3.5277,5.0973,0,0
2022-10-13,sz.300686,11.18,12.15,11.06,11.63,7154944,83701944.67,3.6049,2.5573,0,0
2022-10-14,sz.300686,11.76,12.03,11.52,11.98,4490027,52807766.31,2.2622,3.0095,0,0
2022-10-17,sz.300686,12.05,13.41,11.98,13.35,8897850,115246393.18,4.4831,11.4357,0,0
2022-10-18,sz.300686,13.7,13.74,12.87,12.97,5392300,70200493.0,2.7168,-2.8464,0,0
2022-10-19,sz.300686,13.08,13.14,12.66,13.07,4007500,51765057.0,2.0191,0.771,0,0
2022-10-20,sz.300686,12.9,13.12,12.79,12.83,3276900,42387178.4,1.651,-1.8363,0,0
2022-10-21,sz.300686,12.96,13.09,12.7,12.89,2518500,32477457.0,1.2689,0.4677,0,0
2022-10-24,sz.300686,12.9,13.14,12.72,12.78,3289100,42515637.0,1.6581,-0.8534,0,0
2022-10-25,sz.300686,12.95,12.95,12.5,12.69,3399700,43187751.0,1.7139,-0.7042,0,0
2022-10-26,sz.300686,12.69,13.04,12.6,12.76,2636400,33878132.0,1.3291,0.5516,0,0
2022-10-27,sz.300686,12.58,12.79,12.28,12.28,3627301,45334225.4,1.8286,-3.7618,0,0
2022-10-28,sz.300686,12.1,12.5,11.98,11.98,2909400,35508063.0,1.4667,-2.443,0,0
2022-10-31,sz.300686,11.91,12.47,11.91,12.27,1745500,21422590.0,0.8799,2.4207,0,0
2022-11-01,sz.300686,12.27,12.58,12.08,12.34,1806500,22149658.89,0.9107,0.5705,0,0
2022-11-02,sz.300686,12.34,13.5,12.3,13.01,8053220,105137451.6,4.0598,5.4295,0,0
2022-11-03,sz.300686,12.86,13.3,12.7,13.21,5276511,69049481.68,2.66,1.5373,0,0
2022-11-04,sz.300686,13.35,15.03,13.34,14.71,18776414,272037069.45,9.4655,11.355,0,0
2022-11-07,sz.300686,15.03,15.84,14.59,14.73,16734904,251630335.72,8.4364,0.136,0,0
2022-11-08,sz.300686,15.08,15.48,14.38,14.5,11654231,174411002.89,5.8751,-1.5614,0,0
2022-11-09,sz.300686,14.51,16.56,14.08,16.11,20737409,323243138.17,10.4541,11.1034,0,0
2022-11-10,sz.300686,16.32,16.86,15.95,16.85,18176931,300101907.19,9.1633,4.5934,0,0
2022-11-11,sz.300686,16.95,18.2,15.86,16.15,25646956,434462832.77,12.9291,-4.1543,0,0
2022-11-14,sz.300686,16.2,16.71,15.95,16.37,10572227,171746001.26,5.3297,1.3622,0,0
2022-11-15,sz.300686,16.49,17.11,16.05,16.98,10674000,178758188.0,5.381,3.7263,0,0
2022-11-16,sz.300686,16.98,17.35,16.5,16.8,9938790,168189723.1,5.0103,-1.0601,0,0
2022-11-17,sz.300686,17.5,17.58,15.03,16.83,21541980,349063091.1,10.8597,0.1786,0,0
2022-11-18,sz.300686,17.0,17.78,16.63,17.02,20087643,347521827.57,10.1266,1.1289,0,0
2022-11-21,sz.300686,16.97,18.88,16.2,18.6,30989957,552530119.52,15.6226,9.2832,0,0
2022-11-22,sz.300686,18.2,19.5,17.85,18.74,25088201,466747931.32,12.6474,0.7527,0,0
2022-11-23,sz.300686,18.5,18.99,17.38,17.77,18238654,329940811.63,9.1944,-5.1761,0,0
2022-11-24,sz.300686,17.8,18.41,17.26,17.78,13765284,246433234.41,6.9393,0.0563,0,0
2022-11-25,sz.300686,17.28,17.83,16.7,16.9,13815540,236597906.86,6.9647,-4.9494,0,0
2022-11-28,sz.300686,16.43,17.66,16.43,17.3,13166200,227549204.3,6.6373,2.3669,0,0
2022-11-29,sz.300686,17.33,17.95,16.94,17.18,12412620,216454433.62,6.2574,-0.6936,0,0
2022-11-30,sz.300686,17.0,17.83,17.0,17.4,8002477,138999962.72,4.0342,1.2806,0,0
2022-12-01,sz.300686,17.38,18.68,17.0,17.88,20101570,360219504.38,10.1336,2.7586,0,0
2022-12-02,sz.300686,17.84,18.12,17.07,17.43,12164487,213031078.84,6.1323,-2.5168,0,0
2022-12-05,sz.300686,17.25,17.69,16.18,16.64,15799407,263999777.67,7.9648,-4.5324,0,0
2022-12-06,sz.300686,16.48,17.0,16.07,16.32,11446234,187340244.46,5.7703,-1.9231,0,0
2022-12-07,sz.300686,16.32,16.36,15.18,15.41,17857060,280024735.0,9.0021,-5.576,0,0
2022-12-08,sz.300686,15.61,15.63,15.0,15.11,9361977,142818343.8,4.7195,-1.9468,0,0
2022-12-09,sz.300686,15.11,15.26,14.91,15.15,5055000,76255359.0,2.5483,0.2647,0,0
2022-12-12,sz.300686,15.05,15.37,14.85,15.23,6378446,96442520.28,3.2155,0.5281,0,0
2022-12-13,sz.300686,15.24,15.48,14.64,14.71,6473146,97275998.18,3.2632,-3.4143,0,0
2022-12-14,sz.300686,14.72,14.88,14.16,14.25,7975900,115109248.0,4.0208,-3.1271,0,0
2022-12-15,sz.300686,14.3,14.49,14.02,14.41,4898446,70029423.04,2.4694,1.1228,0,0
2022-12-16,sz.300686,14.25,14.39,13.64,13.75,6128406,84869608.02,3.0894,-4.5802,0,0
2022-12-19,sz.300686,13.95,13.95,13.21,13.3,5733923,76886485.44,2.8906,-3.2727,0,0
2022-12-20,sz.300686,13.4,13.47,13.2,13.32,3670100,48893499.0,1.8502,0.1504,0,0
2022-12-21,sz.300686,13.4,13.4,12.8,12.96,4993300,64954531.0,2.5172,-2.7027,0,0
2022-12-22,sz.300686,13.0,13.04,12.32,12.42,7984350,100538519.0,4.0251,-4.1667,0,0
2022-12-23,sz.300686,12.39,12.48,11.92,12.02,6202800,75213242.0,3.1269,-3.2206,0,0
2022-12-26,sz.300686,12.04,12.6,12.0,12.51,7432002,91972700.86,3.7466,4.0765,0,0
2022-12-27,sz.300686,12.48,12.55,12.12,12.38,6419600,79004241.0,3.2362,-1.0392,0,0
2022-12-28,sz.300686,12.53,12.68,12.12,12.18,4538400,55540802.0,2.2879,-1.6155,0,0
2022-12-29,sz.300686,12.18,12.36,12.0,12.04,3781700,45945802.0,1.9064,-1.1494,0,0
2022-12-30,sz.300686,12.14,12.38,11.95,12.0,4026600,48741093.0,2.0299,-0.3322,0,0
2023-01-03,sz.300686,11.94,12.32,11.72,12.27,4780897,58157029.58,2.4101,2.25,0,0
2023-01-04,sz.300686,12.23,12.57,11.98,12.18,8576100,104654346.0,4.3234,-0.7335,0,0
2023-01-05,sz.300686,12.21,12.3,11.99,12.16,5865302,71176692.54,2.9568,-0.1642,0,0
2023-01-06,sz.300686,12.1,12.38,11.96,12.08,7895199,95880157.34,3.9801,-0.6579,0,0
2023-01-09,sz.300686,12.18,12.37,12.03,12.12,7695375,93691429.8,3.8794,0.3311,0,0
2023-01-10,sz.300686,12.07,12.29,12.04,12.17,5081646,61812836.43,2.5618,0.4125,0,0
2023-01-11,sz.300686,12.17,12.43,11.83,11.85,8853910,106575692.67,4.4634,-2.6294,0,0
2023-01-12,sz.300686,11.81,11.96,11.68,11.79,6441900,76142804.23,3.2475,-0.5063,0,0
2023-01-13,sz.300686,11.8,11.89,11.49,11.57,6031500,70059829.0,3.0406,-1.866,0,0
2023-01-16,sz.300686,11.54,11.88,11.51,11.76,5086677,59783157.05,2.5643,1.6422,0,0
2023-01-17,sz.300686,11.85,11.98,11.78,11.9,4823923,57432377.78,2.4318,1.1905,0,0
2023-01-18,sz.300686,11.9,11.98,11.77,11.9,2853700,33924052.0,1.4386,0.0,0,0
2023-01-19,sz.300686,11.97,12.16,11.8,12.08,4866800,58567833.2,2.4534,1.5126,0,0
2023-01-20,sz.300686,11.98,12.33,11.77,12.23,9240670,111866721.7,4.6584,1.2417,0,0
2023-01-30,sz.300686,12.4,12.49,12.18,12.45,8034692,99114708.64,4.0504,1.7989,0,0
2023-01-31,sz.300686,12.44,12.59,12.3,12.5,4205723,52469061.44,2.1202,0.4016,0,0
2023-02-01,sz.300686,12.57,12.84,12.4,12.81,6814772,86031187.64,3.4355,2.48,0,0
2023-02-02,sz.300686,12.88,12.97,12.62,12.68,6128520,78277773.17,3.0895,-1.0148,0,0
2023-02-03,sz.300686,12.7,12.85,12.45,12.78,5102800,64668472.0,2.5724,0.7886,0,0
2023-02-06,sz.300686,12.79,12.95,12.62,12.71,3933200,50112917.0,1.9828,-0.5477,0,0
2023-02-07,sz.300686,12.66,12.79,12.62,12.76,2840500,36118455.0,1.4319,0.3934,0,0
2023-02-08,sz.300686,12.77,13.29,12.75,12.95,8282800,107691560.0,4.1755,1.489,0,0
2023-02-09,sz.300686,12.95,13.04,12.78,13.03,5028500,65046649.0,2.535,0.6178,0,0
2023-02-10,sz.300686,13.03,13.16,12.83,12.92,4101400,53262667.0,2.0676,-0.8442,0,0
2023-02-13,sz.300686,12.86,12.97,12.8,12.92,3955347,50954093.36,1.994,0.0,0,0
2023-02-14,sz.300686,12.92,13.04,12.74,12.81,3901448,50150299.6,1.9668,-0.8514,0,0
2023-02-15,sz.300686,12.85,13.15,12.8,13.08,6153000,79929831.0,3.1018,2.1077,0,0
2023-02-16,sz.300686,13.08,13.13,12.47,12.58,6073260,77803550.2,3.0616,-3.8226,0,0
2023-02-17,sz.300686,12.62,12.7,12.3,12.37,4128520,51423159.4,2.0813,-1.6693,0,0
2023-02-20,sz.300686,12.37,12.5,12.14,12.49,3610020,44475622.0,1.8199,0.9701,0,0
2023-02-21,sz.300686,12.45,12.6,12.24,12.35,3558920,44089615.0,1.7941,-1.1209,0,0
2023-02-22,sz.300686,12.3,12.44,12.2,12.35,2732600,33663236.0,1.3776,0.0,0,0
2023-02-23,sz.300686,12.39,12.49,12.27,12.36,2551400,31599501.0,1.2862,0.081,0,0
2023-02-24,sz.300686,12.36,12.46,12.22,12.33,2163700,26659657.0,1.0908,-0.2427,0,0
2023-02-27,sz.300686,12.28,12.36,12.01,12.05,2862000,34705616.0,1.4428,-2.2709,0,0
2023-02-28,sz.300686,12.17,12.35,12.0,12.15,3530600,42842978.0,1.7798,0.8299,0,0
2023-03-01,sz.300686,12.09,12.41,12.08,12.33,3618000,44424493.0,1.8239,1.4815,0,0
2023-03-02,sz.300686,12.26,12.48,12.12,12.13,3241800,39774956.0,1.6343,-1.6221,0,0
2023-03-03,sz.300686,12.14,12.26,11.95,12.02,3019700,36429259.0,1.5223,-0.9068,0,0
2023-03-06,sz.300686,12.16,12.16,11.9,12.08,2631100,31643027.0,1.3264,0.4992,0,0
2023-03-07,sz.300686,12.07,12.08,11.71,11.71,2981200,35382355.77,1.5029,-3.0629,0,0
2023-03-08,sz.300686,11.69,11.97,11.66,11.95,2736600,32512894.0,1.3796,2.0495,0,0
2023-03-09,sz.300686,12.03,12.09,11.88,12.09,2367677,28436257.54,1.1936,1.1715,0,0
2023-03-10,sz.300686,12.0,12.06,11.85,11.86,1952700,23268273.0,0.9844,-1.9024,0,0
2023-03-13,sz.300686,11.86,11.92,11.68,11.83,2134500,25137753.0,1.076,-0.253,0,0
2023-03-14,sz.300686,11.81,11.88,11.25,11.47,4935800,56541847.0,2.4882,-3.0431,0,0
2023-03-15,sz.300686,11.53,11.74,11.48,11.48,2450823,28456438.18,1.2355,0.0872,0,0
2023-03-16,sz.300686,11.46,11.56,11.24,11.25,2720100,30908565.0,1.3713,-2.0035,0,0
2023-03-17,sz.300686,11.35,11.48,11.26,11.4,2002000,22818447.0,1.0092,1.3333,0,0
2023-03-20,sz.300686,11.34,11.45,11.24,11.34,2128500,24176763.0,1.073,-0.5263,0,0
2023-03-21,sz.300686,11.35,11.66,11.3,11.65,2703100,31206722.0,1.3627,2.7337,0,0
2023-03-22,sz.300686,11.7,11.93,11.63,11.87,3211400,37944541.0,1.6189,1.8884,0,0
2023-03-23,sz.300686,11.81,12.07,11.78,12.06,2997360,35732247.8,1.511,1.6007,0,0
2023-03-24,sz.300686,12.1,12.25,11.97,12.17,3450000,41809600.0,1.7392,0.9121,0,0
2023-03-27,sz.300686,12.15,12.35,12.03,12.14,3030500,36915315.0,1.5277,-0.2465,0,0
2023-03-28,sz.300686,12.09,12.2,11.88,11.94,2708700,32509120.0,1.3655,-1.6474,0,0
2023-03-29,sz.300686,11.96,12.1,11.83,11.93,2220407,26589274.14,1.1193,-0.0838,0,0
2023-03-30,sz.300686,11.93,12.04,11.8,11.86,2292023,27270731.24,1.1555,-0.5868,0,0
2023-03-31,sz.300686,11.87,12.05,11.77,12.02,2385730,28409521.0,1.2027,1.3491,0,0
2023-04-03,sz.300686,11.98,12.11,11.86,12.05,3187700,38215737.0,1.607,0.2496,0,0
2023-04-04,sz.300686,12.07,12.07,11.71,11.83,3547500,41990796.0,1.7884,-1.8257,0,0
2023-04-06,sz.300686,11.78,11.94,11.75,11.92,3188473,37785655.13,1.6074,0.7608,0,0
2023-04-07,sz.300686,11.99,12.02,11.76,11.97,2887300,34390477.0,1.4555,0.4195,0,0
2023-04-10,sz.300686,11.93,12.18,11.59,11.61,4026300,47576046.0,2.0297,-3.0075,0,0
2023-04-11,sz.300686,11.61,11.68,11.38,11.43,3059200,35112100.0,1.5422,-1.5504,0,0
2023-04-12,sz.300686,11.44,11.86,11.43,11.83,3013200,35272706.0,1.519,3.4996,0,0
2023-04-13,sz.300686,11.83,11.87,11.38,11.39,3826900,44062475.0,1.9292,-3.7194,0,0
2023-04-14,sz.300686,11.4,11.52,11.09,11.39,2997780,33916789.0,1.5112,0.0,0,0
2023-04-17,sz.300686,11.39,11.39,11.14,11.17,2675600,30041168.0,1.3488,-1.9315,0,0
2023-04-18,sz.300686,11.26,11.26,10.78,10.81,4095766,44578604.86,2.0648,-3.2229,0,0
2023-04-19,sz.300686,10.8,10.99,10.73,10.82,2420100,26325670.0,1.22,0.0925,0,0
2023-04-20,sz.300686,10.87,10.99,10.72,10.78,2755800,29765892.0,1.3892,-0.3697,0,0
2023-04-21,sz.300686,10.9,10.9,10.2,10.34,3585200,37685628.0,1.8074,-4.0816,0,0
2023-04-24,sz.300686,10.3,10.38,10.09,10.17,2682323,27395772.06,1.3522,-1.6441,0,0
2023-04-25,sz.300686,10.2,10.31,9.76,9.85,3119360,31001265.0,1.5725,-3.1465,0,0
2023-04-26,sz.300686,9.76,10.07,9.76,9.95,2277100,22688743.0,1.1479,1.0152,0,0
2023-04-27,sz.300686,9.96,10.03,9.74,9.74,3074560,30316917.8,1.5499,-2.1106,0,0
2023-04-28,sz.300686,8.79,9.49,8.79,9.43,5836723,54635528.0,2.9404,-3.1828,0,0
2023-05-04,sz.300686,9.3,9.51,9.07,9.15,5820423,53799680.9,2.9322,-2.9692,0,0
2023-05-05,sz.300686,9.26,9.26,9.07,9.1,3527760,32248673.4,1.7772,-0.5464,0,0
2023-05-08,sz.300686,9.1,9.41,9.08,9.17,3430560,31694345.4,1.7282,0.7692,0,0
2023-05-09,sz.300686,9.27,9.27,8.97,8.97,3075900,27889621.0,1.5495,-2.181,0,0
2023-05-10,sz.300686,9.01,9.22,8.97,9.15,3365306,30649651.34,1.6953,2.0067,0,0
2023-05-11,sz.300686,9.14,9.41,9.1,9.31,3543500,32866704.0,1.7851,1.7486,0,0
2023-05-12,sz.300686,9.26,9.48,9.06,9.08,3074546,28325838.22,1.5489,-2.4705,0,0
2023-05-15,sz.300686,9.12,9.25,9.0,9.23,2012100,18328354.0,1.0136,1.652,0,0
2023-05-16,sz.300686,9.28,9.28,9.11,9.13,1447423,13255853.99,0.7292,-1.0834,0,0
2023-05-17,sz.300686,9.13,9.4,9.05,9.4,2572400,23850728.8,1.2959,2.9573,0,0
2023-05-18,sz.300686,9.39,9.47,9.28,9.43,2195700,20609857.0,1.1061,0.3191,0,0
2023-05-19,sz.300686,9.4,11.32,9.32,11.32,15390094,162722530.66,7.7531,20.0424,1,0
2023-05-22,sz.300686,11.28,13.05,10.81,12.2,37630292,437094816.4,18.9571,7.7739,0,0
2023-05-23,sz.300686,11.5,11.9,11.31,11.79,26493213,305557537.18,13.3465,-3.3607,0,0
2023-05-24,sz.300686,11.55,11.88,11.37,11.69,21163502,245067162.22,10.6616,-0.8482,0,0
2023-05-25,sz.300686,11.3,11.52,10.83,11.03,20582345,228820127.65,10.3688,-5.6459,0,0
2023-05-26,sz.300686,10.91,11.02,10.59,10.89,12506080,134822939.0,6.3002,-1.2693,0,0
2023-05-29,sz.300686,10.6,10.85,10.45,10.53,12007272,127412782.08,6.0489,-3.3058,0,0
2023-05-30,sz.300686,10.45,11.28,10.22,11.03,22530132,245054355.76,11.35,4.7483,0,0
2023-05-31,sz.300686,11.04,11.05,10.6,10.7,13114473,141429357.58,6.6067,-2.9918,0,0
2023-06-01,sz.300686,10.8,10.82,10.53,10.7,7198400,77018411.0,3.6263,0.0,0,0
2023-06-02,sz.300686,10.72,11.02,10.58,10.59,7242923,77545459.8,3.6488,-1.028,0,0
2023-06-05,sz.300686,10.65,10.88,10.59,10.68,6616700,70749564.0,3.3333,0.8499,0,0
2023-06-06,sz.300686,10.51,10.78,10.42,10.73,8558529,90687298.2,4.3115,0.4682,0,0
2023-06-07,sz.300686,11.22,12.24,11.13,11.46,28529206,330634018.96,14.3722,6.8034,0,0
2023-06-08,sz.300686,11.12,11.25,10.85,10.98,17579277,193527503.3,8.8559,-4.1885,0,0
2023-06-09,sz.300686,10.85,10.9,10.5,10.55,13146546,139614486.5,6.6228,-3.9162,0,0
2023-06-12,sz.300686,10.56,10.73,10.4,10.7,8572920,91072502.6,4.3188,1.4218,0,0
2023-06-13,sz.300686,10.61,10.69,10.35,10.66,8027300,84404428.61,4.0439,-0.3738,0,0
2023-06-14,sz.300686,10.6,10.64,10.25,10.34,8285597,85859148.78,4.174,-3.0019,0,0
2023-06-15,sz.300686,10.45,12.22,10.45,11.0,21154000,236683521.8,10.6568,6.383,0,0
2023-06-16,sz.300686,10.85,11.5,10.63,11.29,19370157,213270093.83,9.7581,2.6364,0,0
2023-06-19,sz.300686,11.17,11.33,11.0,11.24,12846357,143690726.68,6.4716,-0.4429,0,0
2023-06-20,sz.300686,11.15,11.97,11.03,11.68,19072657,220460316.66,9.6083,3.9146,0,0
2023-06-21,sz.300686,11.53,12.57,11.5,12.2,28182817,342967820.24,14.1977,4.4521,0,0
2023-06-26,sz.300686,12.01,12.85,11.61,12.78,27621433,339919339.98,13.9149,4.7541,0,0
2023-06-27,sz.300686,12.58,12.6,12.0,12.35,17050857,210244226.48,8.5897,-3.3646,0,0
2023-06-28,sz.300686,12.13,12.31,11.31,11.57,14606520,170343675.8,7.3583,-6.3158,0,0
2023-06-29,sz.300686,11.58,12.32,11.56,12.06,15921055,189904164.23,8.0206,4.2351,0,0
2023-06-30,sz.300686,11.85,13.24,11.83,12.88,26436935,334076222.28,13.3069,6.7993,0,0
2023-07-03,sz.300686,12.87,13.88,12.42,12.44,32213438,419221747.87,16.2282,-3.4161,0,0
2023-07-04,sz.300686,12.39,12.77,12.23,12.29,19112781,237842400.01,9.6285,-1.2058,0,0
2023-07-05,sz.300686,12.29,12.54,11.9,11.9,14440557,174774931.28,7.2747,-3.1733,0,0
2023-07-06,sz.300686,11.91,12.14,11.81,11.9,8403500,100402093.0,4.2334,0.0,0,0
2023-07-07,sz.300686,11.92,12.21,11.68,11.95,12302800,147803763.11,6.1978,0.4202,0,0
2023-07-10,sz.300686,11.98,12.07,11.4,11.44,10903995,126328320.28,5.4931,-4.2678,0,0
2023-07-11,sz.300686,11.53,11.64,11.3,11.43,6673500,76281402.0,3.3619,-0.0874,0,0
2023-07-12,sz.300686,11.49,11.5,10.92,10.95,9686420,107536676.6,4.8797,-4.1995,0,0
2023-07-13,sz.300686,10.98,11.12,10.92,11.06,5259600,58056297.0,2.6496,1.0046,0,0
2023-07-14,sz.300686,11.02,11.34,10.96,11.2,6482212,72601352.76,3.2656,1.2658,0,0
2023-07-17,sz.300686,11.11,11.27,11.06,11.09,4706400,52397234.0,2.3709,-0.9821,0,0
2023-07-18,sz.300686,11.18,11.3,10.98,11.04,4558668,50777068.52,2.2965,-0.4509,0,0
2023-07-19,sz.300686,10.97,11.11,10.8,10.85,4999297,54396955.6,2.5185,-1.721,0,0
2023-07-20,sz.300686,10.88,10.94,10.64,10.66,3904690,41873491.63,1.9671,-1.7512,0,0
2023-07-21,sz.300686,10.64,10.78,10.55,10.57,3182566,33851741.55,1.6033,-0.8443,0,0
2023-07-24,sz.300686,10.69,10.7,10.5,10.56,1781900,18907420.0,0.8977,-0.0946,0,0
2023-07-25,sz.300686,10.57,10.98,10.57,10.92,4968820,53743479.0,2.5031,3.4091,0,0
2023-07-26,sz.300686,11.01,11.25,10.89,11.0,5785096,63813917.44,2.9144,0.7326,0,0
2023-07-27,sz.300686,10.96,11.04,10.84,10.88,3663377,40036668.15,1.8455,-1.0909,0,0
2023-07-28,sz.300686,10.75,10.9,10.49,10.55,4216290,44721083.1,2.124,-3.0331,0,0
2023-07-31,sz.300686,10.62,10.76,10.54,10.7,3210500,34260330.0,1.6174,1.4218,0,0
2023-08-01,sz.300686,10.65,10.65,10.4,10.5,3681800,38594790.0,1.8548,-1.8692,0,0
2023-08-02,sz.300686,10.5,10.75,10.5,10.66,3325500,35356261.0,1.6753,1.5238,0,0
2023-08-03,sz.300686,10.59,10.6,10.48,10.5,2428800,25543794.0,1.2236,-1.5009,0,0
2023-08-04,sz.300686,10.46,10.61,10.44,10.55,2208400,23289049.0,1.1125,0.4762,0,0
2023-08-07,sz.300686,10.59,10.64,10.53,10.6,1966700,20792948.0,0.9908,0.4739,0,0
2023-08-08,sz.300686,10.6,10.71,10.54,10.69,2222900,23682881.0,1.1198,0.8491,0,0
2023-08-09,sz.300686,10.71,10.71,10.32,10.39,3780200,39445786.0,1.9044,-2.8064,0,0
2023-08-10,sz.300686,10.41,10.47,10.3,10.4,1625800,16871565.0,0.819,0.0962,0,0
2023-08-11,sz.300686,10.4,10.48,10.19,10.2,2005200,20687002.0,1.0102,-1.9231,0,0
2023-08-14,sz.300686,10.22,10.36,10.07,10.35,2005300,20461634.0,1.0102,1.4706,0,0
2023-08-15,sz.300686,10.4,10.4,10.09,10.11,2406400,24500724.77,1.2123,-2.3188,0,0
2023-08-16,sz.300686,10.07,10.15,9.9,9.9,2402000,23963371.0,1.2101,-2.0772,0,0
2023-08-17,sz.300686,9.91,10.27,9.78,10.17,2741746,27614239.18,1.3812,2.7273,0,0
2023-08-18,sz.300686,10.18,10.2,9.87,9.87,1948600,19502333.0,0.9816,-2.9499,0,0
2023-08-21,sz.300686,9.96,9.99,9.78,9.81,1434200,14174377.0,0.7225,-0.6079,0,0
2023-08-22,sz.300686,9.88,9.99,9.63,9.92,1916600,18802967.0,0.9655,1.1213,0,0
2023-08-23,sz.300686,9.9,9.9,9.71,9.78,1815500,17790870.0,0.9146,-1.4113,0,0
2023-08-24,sz.300686,9.88,9.88,9.63,9.66,1769500,17262946.0,0.8914,-1.227,0,0
2023-08-25,sz.300686,9.66,9.66,9.32,9.41,2651577,25089301.96,1.3358,-2.588,0,0
2023-08-28,sz.300686,9.96,10.1,9.35,9.46,2943100,28509031.0,1.4826,0.5313,0,0
2023-08-29,sz.300686,9.5,9.95,9.48,9.91,4082900,40125654.94,2.0568,4.7569,0,0
2023-08-30,sz.300686,10.0,10.37,9.91,10.17,4621800,47142374.0,2.3264,2.6236,0,0
2023-08-31,sz.300686,10.17,10.81,10.17,10.36,9971166,104858822.93,5.0189,1.8682,0,0
2023-09-01,sz.300686,10.36,10.45,10.14,10.16,5332800,54580280.0,2.6842,-1.9305,0,0
2023-09-04,sz.300686,10.3,10.36,10.04,10.36,6745460,68584342.4,3.3953,1.9685,0,0
2023-09-05,sz.300686,10.38,10.67,10.21,10.48,6549000,68573388.0,3.2964,1.1583,0,0
2023-09-06,sz.300686,10.45,11.24,10.3,11.1,18904097,206934255.44,9.5153,5.916,0,0
2023-09-07,sz.300686,10.98,11.08,10.51,10.55,12400407,133297729.78,6.2417,-4.955,0,0
2023-09-08,sz.300686,10.51,11.7,10.48,11.0,16161452,179522655.84,8.1348,4.2654,0,0
2023-09-11,sz.300686,10.89,11.05,10.63,10.72,9654052,103793436.07,4.8593,-2.5455,0,0
2023-09-12,sz.300686,10.77,10.84,10.47,10.58,7650557,80975958.29,3.8509,-1.306,0,0
2023-09-13,sz.300686,10.49,10.62,10.25,10.37,5251900,54592439.08,2.6435,-1.9849,0,0
2023-09-14,sz.300686,10.3,10.45,10.06,10.17,3456892,35225498.2,1.74,-1.9286,0,0
2023-09-15,sz.300686,10.08,10.27,10.07,10.09,2673900,27090173.0,1.3459,-0.7866,0,0
2023-09-18,sz.300686,10.09,10.27,9.94,10.11,3648800,37014352.0,1.8366,0.1982,0,0
2023-09-19,sz.300686,10.11,10.11,9.84,9.86,2988800,29628935.0,1.5044,-2.4728,0,0
2023-09-20,sz.300686,9.86,9.94,9.73,9.75,2319489,22749165.97,1.1675,-1.1156,0,0
2023-09-21,sz.300686,9.72,10.14,9.68,9.99,4836392,48100033.72,2.4344,2.4615,0,0
2023-09-22,sz.300686,9.95,10.5,9.95,10.46,8690920,89489950.0,4.3745,4.7047,0,0
2023-09-25,sz.300686,10.46,10.52,10.33,10.4,4460900,46393469.0,2.2454,-0.5736,0,0
2023-09-26,sz.300686,10.32,10.46,10.17,10.23,3463380,35561081.8,1.7433,-1.6346,0,0
2023-09-27,sz.300686,10.25,10.37,10.05,10.1,3427600,34883815.0,1.7253,-1.2708,0,0
2023-09-28,sz.300686,10.11,10.67,10.11,10.58,6812900,71556781.0,3.4292,4.7525,0,0
2023-10-09,sz.300686,10.58,10.88,10.58,10.86,8152020,87596414.8,4.1033,2.6465,0,0
2023-10-10,sz.300686,11.3,11.68,11.0,11.06,14408156,161450839.04,7.2523,1.8416,0,0
2023-10-11,sz.300686,10.77,11.27,10.77,11.14,10550120,116358274.6,5.3104,0.7233,0,0
2023-10-12,sz.300686,11.09,11.2,10.99,11.08,6159300,68159239.0,3.1003,-0.5386,0,0
2023-10-13,sz.300686,10.99,11.26,10.9,11.16,7803500,86933994.0,3.9279,0.722,0,0
2023-10-16,sz.300686,11.2,11.3,10.75,10.83,6328600,68955051.8,3.1855,-2.957,0,0
2023-10-17,sz.300686,10.83,10.87,10.62,10.71,4527800,48526704.0,2.279,-1.108,0,0
2023-10-18,sz.300686,10.8,10.8,10.33,10.38,3999400,41843665.0,2.0131,-3.0812,0,0
2023-10-19,sz.300686,10.38,10.59,10.28,10.31,3715000,38721694.0,1.8699,-0.6744,0,0
2023-10-20,sz.300686,10.28,10.43,10.02,10.04,3757300,38309694.0,1.8912,-2.6188,0,0
2023-10-23,sz.300686,10.0,10.1,9.64,9.71,3942600,38823920.0,1.9845,-3.2869,0,0
2023-10-24,sz.300686,9.75,10.05,9.56,9.91,4582100,45112796.0,2.3064,2.0597,0,0
2023-10-25,sz.300686,9.97,10.16,9.84,10.13,3204500,32230627.0,1.613,2.22,0,0
2023-10-26,sz.300686,10.07,10.22,9.93,10.21,4301100,43423344.0,2.1649,0.7897,0,0
2023-10-27,sz.300686,10.21,10.21,9.97,10.11,3643200,36717021.0,1.8338,-0.9794,0,0
2023-10-30,sz.300686,10.02,10.81,10.02,10.76,7608520,80191727.0,3.8297,6.4293,0,0
2023-10-31,sz.300686,10.85,10.99,10.66,10.8,4951200,53568498.0,2.4922,0.3717,0,0
2023-11-01,sz.300686,10.8,11.18,10.69,11.0,4946200,54470271.0,2.4896,1.8519,0,0
2023-11-02,sz.300686,11.02,11.22,10.77,10.8,3721400,40750651.0,1.8731,-1.8182,0,0
2023-11-03,sz.300686,10.81,11.06,10.79,10.99,3148900,34552350.0,1.585,1.7593,0,0
2023-11-06,sz.300686,11.11,11.35,11.0,11.3,4597400,51804256.0,2.3141,2.8207,0,0
2023-11-07,sz.300686,11.32,11.38,11.17,11.27,3643360,41048537.0,1.8339,-0.2655,0,0
2023-11-08,sz.300686,11.27,11.31,11.11,11.23,3623677,40636188.86,1.824,-0.3549,0,0
2023-11-09,sz.300686,11.23,11.45,11.03,11.11,3389400,37935776.0,1.706,-1.0686,0,0
2023-11-10,sz.300686,11.13,11.23,11.0,11.14,2159100,24047498.0,1.0868,0.27,0,0
2023-11-13,sz.300686,11.14,11.33,11.06,11.23,2956060,33240820.4,1.4879,0.8079,0,0
2023-11-14,sz.300686,11.23,11.4,11.2,11.32,2865400,32437650.0,1.4423,0.8014,0,0
2023-11-15,sz.300686,11.35,11.46,11.27,11.29,2558900,29043665.0,1.288,-0.265,0,0
2023-11-16,sz.300686,11.32,11.36,11.21,11.23,2230400,25179607.0,1.1227,-0.5314,0,0
2023-11-17,sz.300686,11.2,11.36,11.18,11.29,2544800,28721983.0,1.2809,0.5343,0,0
2023-11-20,sz.300686,11.29,11.38,11.23,11.33,2637460,29795383.0,1.3276,0.3543,0,0
2023-11-21,sz.300686,11.33,11.34,10.99,11.02,3336150,37099877.2,1.6792,-2.7361,0,0
2023-11-22,sz.300686,10.98,11.11,10.84,10.85,3389320,37122695.0,1.706,-1.5426,0,0
2023-11-23,sz.300686,10.97,11.15,10.85,11.12,2825800,31167302.0,1.4224,2.4885,0,0
2023-11-24,sz.300686,11.11,11.12,10.75,10.78,3006880,32576149.0,1.5135,-3.0576,0,0
2023-11-27,sz.300686,10.83,11.25,10.8,10.97,4093100,44933850.4,2.0602,1.7625,0,0
2023-11-28,sz.300686,10.95,11.3,10.94,11.12,4833428,53873011.64,2.4329,1.3674,0,0
2023-11-29,sz.300686,11.15,11.28,10.96,10.99,3058677,33870597.09,1.5396,-1.1691,0,0
2023-11-30,sz.300686,10.97,11.02,10.67,10.84,3788789,40989753.19,1.9071,-1.3649,0,0
2023-12-01,sz.300686,10.82,10.88,10.63,10.81,2642389,28387470.98,1.33,-0.2768,0,0
2023-12-04,sz.300686,10.81,11.0,10.71,10.79,2525720,27345868.4,1.2713,-0.185,0,0
2023-12-05,sz.300686,10.75,10.88,10.49,10.53,3460600,36697981.0,1.7419,-2.4096,0,0
2023-12-06,sz.300686,10.5,10.65,10.47,10.54,2526900,26708056.0,1.2719,0.095,0,0
2023-12-07,sz.300686,10.53,10.64,10.4,10.51,3144200,33145513.0,1.5826,-0.2846,0,0
2023-12-08,sz.300686,10.6,10.78,10.38,10.41,2909969,30634653.91,1.4647,-0.9515,0,0
2023-12-11,sz.300686,10.41,10.48,10.24,10.48,3550500,36854527.0,1.7871,0.6724,0,0
2023-12-12,sz.300686,10.57,10.59,10.42,10.51,2482300,26016760.0,1.2495,0.2863,0,0
2023-12-13,sz.300686,10.51,10.57,10.38,10.4,2165950,22646784.0,1.0902,-1.0466,0,0
2023-12-14,sz.300686,10.41,10.53,10.25,10.28,1805800,18723447.0,0.9089,-1.1538,0,0
2023-12-15,sz.300686,10.33,10.39,10.15,10.2,1858460,19106818.4,0.9354,-0.7782,0,0
2023-12-18,sz.300686,10.27,10.27,10.08,10.11,2297560,23346427.8,1.1565,-0.8824,0,0
2023-12-19,sz.300686,10.15,10.34,10.09,10.29,2421900,24772373.0,1.2191,1.7804,0,0
2023-12-20,sz.300686,10.29,10.54,10.26,10.29,3423900,35568225.0,1.7234,0.0,0,0
2023-12-21,sz.300686,10.25,10.36,10.01,10.26,3329825,33886149.75,1.6761,-0.2915,0,0
2023-12-22,sz.300686,10.28,10.36,10.08,10.11,2990000,30515052.0,1.505,-1.462,0,0
2023-12-25,sz.300686,10.07,10.26,9.97,10.09,2162560,21807176.0,1.0885,-0.1978,0,0
2023-12-26,sz.300686,10.0,10.1,9.78,9.83,2406677,23697540.14,1.2114,-2.5768,0,0
2023-12-27,sz.300686,9.89,10.07,9.72,10.04,2254177,22426582.86,1.1346,2.1363,0,0
2023-12-28,sz.300686,10.01,10.29,9.85,10.14,2830227,28660192.11,1.4246,0.996,0,0
2023-12-29,sz.300686,10.18,10.58,10.1,10.58,3905300,40858310.0,1.9657,4.3393,0,0
2024-01-02,sz.300686,10.65,10.71,10.51,10.64,3085700,32746621.0,1.5532,0.5671,0,0
2024-01-03,sz.300686,10.6,10.65,10.28,10.36,2764300,28807552.0,1.3914,-2.6316,0,0
2024-01-04,sz.300686,10.36,10.39,10.21,10.28,2105700,21675482.0,1.0599,-0.7722,0,0
2024-01-05,sz.300686,10.34,10.42,9.98,10.06,2552900,25953240.0,1.285,-2.1401,0,0
2024-01-08,sz.300686,10.01,10.15,9.78,9.79,2904000,28659298.0,1.4617,-2.6839,0,0
2024-01-09,sz.300686,9.93,10.03,9.74,9.8,2625660,25922259.4,1.3216,0.1021,0,0
2024-01-10,sz.300686,9.85,9.89,9.5,9.59,2588700,24954935.0,1.303,-2.1429,0,0
2024-01-11,sz.300686,9.75,9.88,9.55,9.86,2858800,27896997.0,1.439,2.8154,0,0
2024-01-12,sz.300686,9.86,9.95,9.71,9.74,2652700,26065498.0,1.3352,-1.217,0,0
2024-01-15,sz.300686,9.77,9.78,9.54,9.72,2102100,20330554.0,1.0581,-0.2053,0,0
2024-01-16,sz.300686,9.65,9.78,9.41,9.56,2856700,27227644.0,1.4379,-1.6461,0,0
2024-01-17,sz.300686,9.6,9.6,9.28,9.29,2160000,20368275.0,1.0872,-2.8243,0,0
2024-01-18,sz.300686,9.31,9.41,8.84,9.08,3672720,33168596.6,1.8486,-2.2605,0,0
2024-01-19,sz.300686,9.08,9.25,8.96,8.97,3057800,27746368.0,1.5391,-1.2115,0,0
2024-01-22,sz.300686,9.0,9.08,8.32,8.41,3397300,29508501.0,1.71,-6.243,0,0
2024-01-23,sz.300686,8.35,8.51,8.11,8.17,4523300,37179415.0,2.2768,-2.8537,0,0
2024-01-24,sz.300686,8.17,8.36,7.89,8.24,4849700,39391828.0,2.4411,0.8568,0,0
2024-01-25,sz.300686,8.3,8.7,8.18,8.69,4856400,41182951.0,2.4444,5.4612,0,0
2024-01-26,sz.300686,8.79,8.86,8.63,8.69,3410923,29775677.1,1.7169,0.0,0,0
2024-01-29,sz.300686,8.68,8.72,8.07,8.13,4246920,35167287.0,2.1377,-6.4442,0,0
2024-01-30,sz.300686,8.08,8.12,7.77,7.8,3401120,27013258.0,1.7119,-4.059,0,0
2024-01-31,sz.300686,7.91,7.93,7.2,7.24,4724300,35362390.0,2.378,-7.1795,0,0
2024-02-01,sz.300686,7.25,7.28,6.85,7.15,4732492,33623795.2,2.3821,-1.2431,0,0
2024-02-02,sz.300686,7.16,7.33,6.39,6.77,6123820,41986003.6,3.0824,-5.3147,0,0
2024-02-05,sz.300686,6.33,6.71,5.42,5.6,11280220,64966476.0,5.6778,-17.2821,0,0
2024-02-06,sz.300686,5.3,5.63,4.85,5.34,11723620,60180286.6,5.901,-4.6429,0,0
2024-02-07,sz.300686,5.41,5.44,4.45,4.62,21836068,103051337.0,10.9911,-13.4831,0,0
2024-02-08,sz.300686,4.5,5.08,4.13,5.08,19192925,88278220.65,9.6607,9.9567,0,0
2024-02-19,sz.300686,5.13,5.5,5.1,5.39,13931822,73763460.9,7.0125,6.1024,0,0
2024-02-20,sz.300686,5.55,5.69,5.32,5.67,9490031,52266563.42,4.7768,5.1948,0,0
2024-02-21,sz.300686,5.58,6.16,5.5,5.85,9737360,57456790.8,4.9013,3.1746,0,0
2024-02-22,sz.300686,5.95,6.41,5.95,6.4,10780300,66644405.0,5.4262,9.4017,0,0
2024-02-23,sz.300686,6.39,6.75,6.25,6.75,9676799,63367954.28,4.8708,5.4688,0,0
2024-02-26,sz.300686,6.75,7.4,6.68,7.16,13643056,96206085.51,6.8672,6.0741,0,0
2024-02-27,sz.300686,7.09,7.33,7.03,7.33,10893299,78364960.64,5.4831,2.3743,0,0
2024-02-28,sz.300686,7.39,7.53,6.34,6.39,14395400,99753309.4,7.2459,-12.824,0,0
2024-02-29,sz.300686,6.27,6.87,6.23,6.87,10082600,66974392.0,5.075,7.5117,0,0
2024-03-01,sz.300686,6.89,7.8,6.83,7.28,15254000,110535363.55,7.678,5.968,0,0
2024-03-04,sz.300686,7.49,7.89,7.21,7.8,17240000,130743882.03,8.6777,7.1429,0,0
2024-03-05,sz.300686,7.53,8.07,7.23,7.6,18754500,141902931.0,9.44,-2.5641,0,0
2024-03-06,sz.300686,7.43,7.8,7.25,7.59,14568993,109447573.58,7.3332,-0.1316,0,0
2024-03-07,sz.300686,7.74,7.85,7.26,7.3,12097570,90447780.8,6.0893,-3.8208,0,0
2024-03-08,sz.300686,7.23,8.76,7.23,8.76,22552840,190144583.4,11.3519,20.0,1,0
2024-03-11,sz.300686,8.54,9.48,8.5,8.8,42685940,382220818.29,21.4858,0.4566,0,0
2024-03-12,sz.300686,8.63,8.79,8.31,8.42,25149021,212008976.07,12.6586,-4.3182,0,0
2024-03-13,sz.300686,8.31,8.4,8.03,8.11,20134392,164002484.4,10.1345,-3.6817,0,0
2024-03-14,sz.300686,8.14,8.19,7.66,7.88,15673283,123671367.89,7.8891,-2.836,0,0
2024-03-15,sz.300686,7.86,8.06,7.71,7.99,12443097,98500354.09,6.2632,1.3959,0,0
2024-03-18,sz.300686,8.02,8.73,7.96,8.46,22342807,185196308.41,11.2461,5.8824,0,0
2024-03-19,sz.300686,8.33,8.6,8.32,8.36,16846053,142431363.09,8.4794,-1.182,0,0
2024-03-20,sz.300686,8.38,8.54,8.29,8.42,11467141,96381741.82,5.7719,0.7177,0,0
2024-03-21,sz.300686,8.41,8.49,8.21,8.31,10752699,89588341.7,5.4123,-1.3064,0,0
2024-03-22,sz.300686,8.32,8.72,8.12,8.54,19504759,164147966.19,9.8176,2.7677,0,0
2024-03-25,sz.300686,8.54,8.54,7.97,7.98,13856659,113546214.77,6.9747,-6.5574,0,0
2024-03-26,sz.300686,7.85,8.11,7.82,8.04,8189100,65558619.41,4.1219,0.7519,0,0
2024-03-27,sz.300686,8.0,8.07,7.5,7.54,8429160,65315822.2,4.2428,-6.2189,0,0
2024-03-28,sz.300686,7.46,7.97,7.46,7.85,8085520,63158095.6,4.0698,4.1114,0,0
2024-03-29,sz.300686,7.83,8.09,7.81,8.0,7075100,56190229.0,3.5612,1.9108,0,0
2024-04-01,sz.300686,7.99,8.3,7.92,8.3,11001000,89815584.0,5.5373,3.75,0,0
2024-04-02,sz.300686,8.36,8.42,8.03,8.22,11702527,95820353.77,5.8904,-0.9639,0,0
2024-04-03,sz.300686,8.33,8.4,7.93,7.98,11866720,96312630.2,5.9731,-2.9197,0,0
2024-04-08,sz.300686,7.95,7.95,7.47,7.5,8753684,66838707.62,4.4061,-6.015,0,0
2024-04-09,sz.300686,7.5,7.65,7.38,7.57,5990458,45034260.26,3.0153,0.9333,0,0
2024-04-10,sz.300686,7.57,7.57,7.1,7.22,6452400,47032155.0,3.2478,-4.6235,0,0
2024-04-11,sz.300686,7.22,7.41,7.12,7.39,5854700,42601885.0,2.9469,2.3546,0,0
2024-04-12,sz.300686,7.5,7.8,7.21,7.25,8938300,67449283.9,4.499,-1.8945,0,0
2024-04-15,sz.300686,7.64,7.64,6.6,6.78,9731020,68361960.81,4.8981,-6.4828,0,0
2024-04-16,sz.300686,6.28,6.48,6.03,6.22,9962560,62480021.2,5.0146,-8.2596,0,0
2024-04-17,sz.300686,6.38,6.85,6.38,6.85,8583052,57314879.4,4.3202,10.1286,0,0
2024-04-18,sz.300686,6.94,7.0,6.6,6.67,7620363,51516792.03,3.8357,-2.6277,0,0
2024-04-19,sz.300686,6.67,6.68,6.48,6.56,4574958,30059748.56,2.3028,-1.6492,0,0
2024-04-22,sz.300686,6.55,6.6,6.23,6.57,7089293,45622337.57,3.5684,0.1524,0,0
2024-04-23,sz.300686,6.62,6.69,6.45,6.49,5556900,36554727.0,2.797,-1.2177,0,0
2024-04-24,sz.300686,6.57,6.75,6.5,6.74,7659360,50938876.4,3.8553,3.8521,0,0
2024-04-25,sz.300686,6.67,6.94,6.62,6.9,7378881,50573879.62,3.7141,2.3739,0,0
2024-04-26,sz.300686,6.87,7.35,6.87,7.34,7221735,51792800.03,3.635,6.3768,0,0
2024-04-29,sz.300686,7.4,7.77,7.36,7.75,7357951,55925772.5,3.7036,5.5858,0,0
2024-04-30,sz.300686,7.79,7.79,7.5,7.61,5587398,42509390.86,2.8124,-1.8065,0,0
2024-05-06,sz.300686,7.79,7.84,7.5,7.55,5183500,39434211.0,2.6091,-0.7884,0,0
2024-05-07,sz.300686,7.59,7.62,7.44,7.58,5788100,43714191.0,2.9134,0.3974,0,0
2024-05-08,sz.300686,7.58,7.62,7.38,7.43,5049383,37763914.37,2.5416,-1.9789,0,0
2024-05-09,sz.300686,7.5,7.56,7.43,7.45,3287400,24608404.0,1.6547,0.2692,0,0
2024-05-10,sz.300686,7.48,7.52,7.35,7.36,3567251,26396901.87,1.7956,-1.2081,0,0
2024-05-13,sz.300686,7.35,7.36,7.06,7.11,3681700,26393028.0,1.8532,-3.3967,0,0
2024-05-14,sz.300686,7.29,7.4,7.14,7.21,2776200,20084701.0,1.3974,1.4065,0,0
2024-05-15,sz.300686,7.2,7.33,7.09,7.11,3179500,22920851.0,1.6004,-1.387,0,0
2024-05-16,sz.300686,7.17,7.45,7.15,7.42,4337050,31883618.0,2.183,4.3601,0,0
2024-05-17,sz.300686,7.38,7.5,7.24,7.5,4330460,32120209.0,2.1797,1.0782,0,0
2024-05-20,sz.300686,7.53,7.54,7.29,7.31,5560200,41024741.0,2.7987,-2.5333,0,0
2024-05-21,sz.300686,7.39,7.55,7.25,7.36,6490900,48168785.0,3.2672,0.684,0,0
2024-05-22,sz.300686,7.31,7.7,7.25,7.59,7951100,59386503.0,4.0021,3.125,0,0
2024-05-23,sz.300686,7.55,7.85,7.44,7.7,12338500,94673439.0,6.2105,1.4493,0,0
2024-05-24,sz.300686,7.58,7.98,7.33,7.37,12733200,96576093.0,6.4092,-4.2857,0,0
2024-05-27,sz.300686,7.0,7.25,6.96,7.21,8402520,59752805.6,4.2294,-2.171,0,0
2024-05-28,sz.300686,7.22,7.26,7.03,7.08,5184460,36978230.4,2.6096,-1.8031,0,0
2024-05-29,sz.300686,7.07,7.49,7.07,7.26,6072380,44172672.6,3.0565,2.5424,0,0
2024-05-30,sz.300686,7.16,7.69,7.03,7.3,6950500,51002567.0,3.4985,0.551,0,0
2024-05-31,sz.300686,7.35,7.96,7.34,7.65,10849660,83532996.4,5.4611,4.7945,0,0
2024-06-03,sz.300686,7.64,7.75,7.18,7.28,8823200,65269736.0,4.4411,-4.8366,0,0
2024-06-04,sz.300686,7.19,7.22,6.68,6.83,8534783,58365003.4,4.2959,-6.1813,0,0
2024-06-05,sz.300686,6.8,6.81,6.5,6.67,4809160,32116032.2,2.4207,-2.3426,0,0
2024-06-06,sz.300686,6.78,6.93,6.07,6.16,6818400,43290436.0,3.432,-7.6462,0,0
2024-06-07,sz.300686,6.33,6.56,6.25,6.37,5993600,38190377.0,3.0168,3.4091,0,0
2024-06-11,sz.300686,6.34,6.52,6.05,6.51,4421020,27848266.8,2.2253,2.1978,0,0
2024-06-12,sz.300686,6.62,7.79,6.55,7.1,15255160,109693533.4,7.6786,9.063,0,0
2024-06-13,sz.300686,6.96,7.17,6.92,6.99,12386700,87066013.0,6.2348,-1.5493,0,0
2024-06-14,sz.300686,6.9,7.03,6.82,6.93,6289760,43503211.4,3.1659,-0.8584,0,0
2024-06-17,sz.300686,6.86,7.1,6.81,7.02,5889660,40985527.8,2.9645,1.2987,0,0
2024-06-18,sz.300686,6.94,7.25,6.94,7.23,6650843,47716519.25,3.3477,2.9915,0,0
2024-06-19,sz.300686,7.25,7.29,7.11,7.16,5085799,36580294.87,2.5599,-0.9682,0,0
2024-06-20,sz.300686,7.16,7.2,6.93,6.93,4509483,31834780.19,2.2698,-3.2123,0,0
2024-06-21,sz.300686,6.97,7.03,6.67,6.91,4524860,31120483.8,2.2776,-0.2886,0,0
2024-06-24,sz.300686,6.81,6.89,6.55,6.59,4435550,29549847.72,2.2326,-4.631,0,0
2024-06-25,sz.300686,6.59,6.69,6.39,6.46,3745900,24299227.0,1.8855,-1.9727,0,0
2024-06-26,sz.300686,6.47,6.95,6.2,6.94,4586720,30762032.4,2.3087,7.4303,0,0
2024-06-27,sz.300686,6.89,7.23,6.83,6.94,6402160,45069369.4,3.2225,0.0,0,0
2024-06-28,sz.300686,6.99,7.47,6.81,7.25,10468360,75953398.4,5.2692,4.4669,0,0
2024-07-01,sz.300686,7.2,7.3,6.82,6.99,7354040,51363256.72,3.7016,-3.5862,0,0
2024-07-02,sz.300686,6.97,7.28,6.9,7.28,8761880,62570225.6,4.4102,4.1488,0,0
2024-07-03,sz.300686,7.16,7.44,7.0,7.11,8067400,57815176.0,4.0607,-2.3352,0,0
2024-07-04,sz.300686,7.04,8.27,7.03,7.33,22539560,169458492.8,11.3452,3.0942,0,0
2024-07-05,sz.300686,7.1,7.3,6.74,7.3,17217699,121522026.78,8.6664,-0.4093,0,0
2024-07-08,sz.300686,7.3,8.76,7.21,8.42,51570590,430487331.9,25.9578,15.3425,0,0
2024-07-09,sz.300686,7.64,8.39,7.64,8.12,41303210,329480330.21,20.7898,-3.5629,0,0
2024-07-10,sz.300686,7.93,8.22,7.61,8.02,29247706,231248449.72,14.7217,-1.2315,0,0
2024-07-11,sz.300686,8.05,8.5,7.84,8.35,34534679,282668189.23,17.3829,4.1147,0,0
2024-07-12,sz.300686,8.0,8.06,7.76,7.88,22046300,173988908.08,11.0969,-5.6287,0,0
2024-07-15,sz.300686,7.73,7.74,7.38,7.52,15794113,118351289.76,7.9499,-4.5685,0,0
2024-07-16,sz.300686,7.5,7.72,7.45,7.62,13303533,100906373.62,6.6963,1.3298,0,0
2024-07-17,sz.300686,7.49,7.59,6.88,6.92,18399946,131380371.48,9.2615,-9.1864,0,0
2024-07-18,sz.300686,6.59,6.69,6.38,6.63,13652619,89325770.4,6.872,-4.1908,0,0
2024-07-19,sz.300686,6.59,6.71,6.48,6.65,8944819,59411204.35,4.5023,0.3017,0,0
2024-07-22,sz.300686,6.6,6.73,6.56,6.65,7290700,48534057.0,3.6697,0.0,0,0
2024-07-23,sz.300686,6.66,6.71,6.42,6.45,7208100,47384278.0,3.6282,-3.0075,0,0
2024-07-24,sz.300686,6.47,6.58,6.26,6.33,6932800,44166371.0,3.4896,-1.8605,0,0
2024-07-25,sz.300686,6.25,6.38,6.11,6.32,5951200,37121043.0,2.9955,-0.158,0,0
2024-07-26,sz.300686,6.3,6.42,6.26,6.4,4798400,30599799.0,2.4153,1.2658,0,0
2024-07-29,sz.300686,6.45,6.6,6.33,6.54,6438600,41772281.0,3.2408,2.1875,0,0
2024-07-30,sz.300686,6.53,6.62,6.45,6.55,5179500,33840821.0,2.6071,0.1529,0,0
2024-07-31,sz.300686,6.56,6.77,6.51,6.73,7909391,52817598.06,3.9812,2.7481,0,0
2024-08-01,sz.300686,6.75,6.83,6.7,6.74,7042155,47578005.3,3.5446,0.1486,0,0
2024-08-02,sz.300686,6.64,6.71,6.49,6.5,5754000,38043707.0,2.8962,-3.5608,0,0
2024-08-05,sz.300686,6.43,6.55,6.26,6.26,6354200,40671220.0,3.1984,-3.6923,0,0
2024-08-06,sz.300686,6.34,6.43,6.27,6.37,4570300,28935626.0,2.3004,1.7572,0,0
2024-08-07,sz.300686,6.41,6.47,6.34,6.4,3756100,24065385.0,1.8906,0.471,0,0
2024-08-08,sz.300686,6.38,6.44,6.27,6.34,4050400,25714593.0,2.0387,-0.9375,0,0
2024-08-09,sz.300686,6.42,6.82,6.36,6.74,13589160,90164383.6,6.84,6.3091,0,0
2024-08-12,sz.300686,6.71,7.25,6.5,6.59,16103400,109396537.0,8.1056,-2.2255,0,0
2024-08-13,sz.300686,6.49,6.79,6.4,6.78,12050600,80288079.0,6.0656,2.8832,0,0
2024-08-14,sz.300686,6.78,7.05,6.71,7.0,15345100,106094794.0,7.7239,3.2448,0,0
2024-08-15,sz.300686,6.89,7.57,6.84,7.25,21395460,154528118.98,10.7693,3.5714,0,0
2024-08-16,sz.300686,7.14,7.5,7.14,7.3,20221660,148710183.8,10.1785,0.6897,0,0
2024-08-19,sz.300686,7.2,7.3,6.93,6.94,13901500,97684698.0,6.9973,-4.9315,0,0
2024-08-20,sz.300686,6.88,7.29,6.83,6.98,11459300,80823250.0,5.768,0.5764,0,0
2024-08-21,sz.300686,6.88,7.15,6.82,6.97,9365100,65773667.01,4.7139,-0.1433,0,0
2024-08-22,sz.300686,6.91,6.97,6.66,6.68,7841599,53250177.24,3.947,-4.1607,0,0
2024-08-23,sz.300686,6.63,6.92,6.5,6.81,7269999,48928651.2,3.6593,1.9461,0,0
2024-08-26,sz.300686,6.88,7.41,6.83,7.32,17457700,125658841.11,8.7872,7.489,0,0
2024-08-27,sz.300686,7.27,7.27,6.92,7.07,12306300,86704927.0,6.1943,-3.4153,0,0
2024-08-28,sz.300686,6.97,8.48,6.94,7.7,30699734,236738433.83,15.4526,8.9109,0,0
2024-08-29,sz.300686,7.72,9.24,7.72,9.24,41818908,378959304.92,21.0493,20.0,1,0
2024-08-30,sz.300686,10.57,11.09,10.08,10.26,56332627,612536047.92,28.3547,11.039,0,0
2024-09-02,sz.300686,11.08,12.24,10.26,10.48,89816014,1010587683.33,45.2084,2.1442,0,0
2024-09-03,sz.300686,9.2,9.84,8.9,9.38,65325816,610465046.24,32.8814,-10.4962,0,0
2024-09-04,sz.300686,9.1,9.1,8.35,8.59,57041850,493412685.19,28.7117,-8.4222,0,0
2024-09-05,sz.300686,8.28,8.46,8.2,8.35,35650208,296334478.72,17.9444,-2.7939,0,0
2024-09-06,sz.300686,8.2,8.26,7.89,7.93,30686846,247068461.06,15.4461,-5.0299,0,0
2024-09-09,sz.300686,8.03,8.11,7.85,7.88,19423280,154617918.4,9.7766,-0.6305,0,0
2024-09-10,sz.300686,7.88,7.99,7.56,7.96,23423780,182178384.8,11.7902,1.0152,0,0
2024-09-11,sz.300686,7.85,7.87,7.65,7.68,17365400,134244943.0,8.7408,-3.5176,0,0
2024-09-12,sz.300686,7.69,7.74,7.48,7.49,16743340,127208478.6,8.4277,-2.474,0,0
2024-09-13,sz.300686,7.57,7.6,7.27,7.27,14467100,106873333.0,7.2819,-2.9372,0,0
2024-09-18,sz.300686,7.28,7.33,7.01,7.15,12167200,86810865.0,6.1243,-1.6506,0,0
2024-09-19,sz.300686,7.17,7.31,7.13,7.26,11345580,82178964.4,5.7107,1.5385,0,0
2024-09-20,sz.300686,7.3,7.45,7.21,7.36,17267700,126458229.0,8.6916,1.3774,0,0
2024-09-23,sz.300686,7.37,7.47,7.25,7.38,12792126,94422510.48,6.4389,0.2717,0,0
2024-09-24,sz.300686,7.34,7.57,7.2,7.56,20911700,155187174.0,10.5258,2.439,0,0
2024-09-25,sz.300686,7.56,7.8,7.54,7.57,23169540,177466965.4,11.6623,0.1323,0,0
2024-09-26,sz.300686,7.55,7.74,7.48,7.72,18300674,139620912.24,9.2116,1.9815,0,0
2024-09-27,sz.300686,7.85,8.29,7.73,8.2,30580021,245211823.3,15.3923,6.2176,0,0
2024-09-30,sz.300686,8.6,9.73,8.26,9.65,43307454,386468966.12,21.7986,17.6829,0,0
2024-10-08,sz.300686,11.25,11.58,10.0,11.49,46495486,501168505.77,23.4033,19.0674,0,0
2024-10-09,sz.300686,10.72,10.72,9.5,9.58,31660120,320540577.0,15.936,-16.6232,0,0
2024-10-10,sz.300686,9.6,9.98,9.33,9.44,20433921,197603878.48,10.2853,-1.4614,0,0
2024-10-11,sz.300686,9.45,9.54,8.6,8.8,18728119,167449626.95,9.4267,-6.7797,0,0
2024-10-14,sz.300686,8.91,9.48,8.81,9.47,18091604,165970113.48,9.1063,7.6136,0,0
2024-10-15,sz.300686,9.5,10.44,9.38,10.0,33567626,335580529.39,16.8961,5.5966,0,0
2024-10-16,sz.300686,10.34,11.0,9.64,11.0,51315439,535950774.5,25.8294,10.0,0,0
2024-10-17,sz.300686,10.5,11.0,10.08,10.42,48780062,511773447.89,24.5532,-5.2727,0,0
2024-10-18,sz.300686,10.34,10.73,10.1,10.5,37425710,390711746.0,18.838,0.7678,0,0
2024-10-21,sz.300686,10.74,10.96,10.45,10.73,36594791,391894565.98,18.4198,2.1905,0,0
2024-10-22,sz.300686,10.7,10.71,10.17,10.38,26394386,274961626.42,13.2855,-3.2619,0,0
2024-10-23,sz.300686,10.37,10.5,10.01,10.08,18281612,187514777.38,9.202,-2.8902,0,0
2024-10-24,sz.300686,10.09,10.16,9.81,9.89,11929801,118567210.25,6.0048,-1.8849,0,0
2024-10-25,sz.300686,9.99,10.5,9.99,10.5,26182220,271799329.57,13.1787,6.1678,0,0
2024-10-28,sz.300686,10.52,10.64,10.24,10.64,22732340,237679721.07,11.4422,1.3333,0,0
2024-10-29,sz.300686,10.56,10.64,10.17,10.19,18881159,195400664.52,9.5037,-4.2293,0,0
2024-10-30,sz.300686,10.13,11.07,10.13,10.8,35887700,384070660.37,18.0639,5.9863,0,0
2024-10-31,sz.300686,10.94,10.99,10.47,10.74,28514817,305701231.26,14.3528,-0.5556,0,0
2024-11-01,sz.300686,10.6,10.72,9.67,9.76,24815642,249849900.25,12.4908,-9.1248,0,0
2024-11-04,sz.300686,8.5,9.32,8.5,9.12,27058320,244278287.65,13.6197,-6.5574,0,0
2024-11-05,sz.300686,9.08,9.4,9.07,9.33,20715345,191624662.6,10.427,2.3026,0,0
2024-11-06,sz.300686,9.36,9.6,9.15,9.22,18131945,169195777.9,9.1266,-1.179,0,0
2024-11-07,sz.300686,9.07,9.42,9.05,9.39,15280000,141232868.6,7.6911,1.8438,0,0
2024-11-08,sz.300686,9.48,9.76,9.4,9.71,18708215,179822086.84,9.4167,3.4079,0,0
2024-11-11,sz.300686,9.7,10.0,9.51,9.99,16929660,165084208.4,8.5215,2.8836,0,0
2024-11-12,sz.300686,10.0,10.15,9.71,9.87,15876520,156962216.6,7.9914,-1.2012,0,0
2024-11-13,sz.300686,9.87,9.89,9.42,9.81,11525000,111460227.0,5.8011,-0.6079,0,0
2024-11-14,sz.300686,9.75,9.88,9.44,9.5,7727623,74571076.11,3.8897,-3.16,0,0
2024-11-15,sz.300686,9.47,9.99,9.41,9.61,17260680,168572726.2,8.6881,1.1579,0,0
2024-11-18,sz.300686,9.6,9.69,8.78,8.89,13365860,120744894.0,6.7276,-7.4922,0,0
2024-11-19,sz.300686,8.94,9.41,8.81,9.39,11391460,104499147.8,5.7338,5.6243,0,0
2024-11-20,sz.300686,9.35,9.58,9.29,9.56,9099500,85943750.0,4.5802,1.8104,0,0
2024-11-21,sz.300686,9.54,9.83,9.45,9.72,10017688,96886704.0,5.0424,1.6736,0,0
2024-11-22,sz.300686,9.65,9.87,9.26,9.32,10138922,97415327.89,5.1034,-4.1152,0,0
2024-11-25,sz.300686,9.32,9.45,9.1,9.42,7010226,64994298.34,3.5286,1.073,0,0
2024-11-26,sz.300686,9.43,9.55,9.16,9.19,6253600,58291879.0,3.1477,-2.4416,0,0
2024-11-27,sz.300686,9.11,9.39,8.79,9.39,7843500,71302994.0,3.948,2.1763,0,0
2024-11-28,sz.300686,9.49,9.54,9.32,9.34,6586500,62065335.0,3.3153,-0.5325,0,0
2024-11-29,sz.300686,9.34,9.55,9.11,9.48,8219000,76992817.32,4.137,1.4989,0,0
2024-12-02,sz.300686,9.6,10.2,9.52,10.09,21769766,217018804.62,10.9577,6.4346,0,0
2024-12-03,sz.300686,10.0,10.3,9.83,10.0,14535200,145006240.0,7.3162,-0.892,0,0
2024-12-04,sz.300686,9.95,10.01,9.69,9.77,11406200,112144431.0,5.7413,-2.3,0,0
2024-12-05,sz.300686,9.71,9.95,9.68,9.87,8293535,81573491.0,4.1745,1.0235,0,0
2024-12-06,sz.300686,9.88,9.98,9.68,9.87,7707500,75692720.0,3.8795,0.0,0,0
2024-12-09,sz.300686,9.8,9.96,9.67,9.81,6319500,61997270.0,3.1809,-0.6079,0,0
2024-12-10,sz.300686,10.19,10.8,9.92,10.4,28675166,296936645.6,14.4335,6.0143,0,0
2024-12-11,sz.300686,10.31,11.7,10.03,11.18,45262232,493859923.58,22.7825,7.5,0,0
2024-12-12,sz.300686,10.86,11.0,10.51,10.74,28989426,310098254.42,14.5917,-3.9356,0,0
2024-12-13,sz.300686,10.68,11.09,10.4,10.41,20206743,215350100.23,10.171,-3.0726,0,0
2024-12-16,sz.300686,10.43,10.58,10.15,10.3,13158701,136509024.87,6.6234,-1.0567,0,0
2024-12-17,sz.300686,10.35,10.36,9.69,9.74,11128066,110410377.38,5.6013,-5.4369,0,0
2024-12-18,sz.300686,9.8,10.15,9.37,9.92,10830800,106728704.0,5.4516,1.848,0,0
2024-12-19,sz.300686,9.9,10.41,9.77,10.29,16806845,170580291.23,8.4596,3.7298,0,0
2024-12-20,sz.300686,10.19,10.52,10.18,10.29,15594200,161558853.0,7.8493,0.0,0,0
2024-12-23,sz.300686,10.22,10.28,9.39,9.43,12928400,126227372.0,6.5074,-8.3576,0,0
2024-12-24,sz.300686,9.5,9.68,9.07,9.3,8822900,82074513.0,4.441,-1.3786,0,0
2024-12-25,sz.300686,9.25,9.26,8.62,8.98,9501980,84619946.0,4.7828,-3.4409,0,0
2024-12-26,sz.300686,9.05,9.26,8.9,9.19,5910300,54107111.0,2.9749,2.3385,0,0
2024-12-27,sz.300686,9.35,9.41,9.09,9.1,5642508,52152131.26,2.8401,-0.9793,0,0
2024-12-30,sz.300686,9.14,9.19,8.7,9.16,6763360,61277332.6,3.4922,0.6593,0,0
2024-12-31,sz.300686,9.17,9.25,8.73,8.73,6989200,62348496.4,3.6088,-4.6943,0,0
2025-01-02,sz.300686,8.71,8.9,8.36,8.46,6868501,59316140.4,3.5465,-3.0928,0,0
2025-01-03,sz.300686,8.54,8.66,7.97,8.0,7380300,60837993.0,3.8107,-5.4374,0,0
2025-01-06,sz.300686,8.06,8.15,7.51,8.03,7144320,56594594.0,3.6889,0.375,0,0
2025-01-07,sz.300686,8.14,8.36,8.05,8.36,6474600,53131435.0,3.3431,4.1096,0,0
2025-01-08,sz.300686,8.37,8.45,7.96,8.28,7307200,60286362.0,3.773,-0.9569,0,0
2025-01-09,sz.300686,8.29,8.51,8.28,8.42,6124800,51656824.8,3.1625,1.6908,0,0
2025-01-10,sz.300686,8.4,8.52,7.94,7.95,6048700,49782275.0,3.1232,-5.5819,0,0
2025-01-13,sz.300686,7.9,8.19,7.56,8.16,7429060,59074783.6,3.8359,2.6415,0,0
2025-01-14,sz.300686,8.29,8.6,8.2,8.6,6611101,56014999.54,3.4136,5.3922,0,0
2025-01-15,sz.300686,8.63,8.71,8.46,8.5,5317900,45526652.0,2.7458,-1.1628,0,0
2025-01-16,sz.300686,8.58,8.78,8.5,8.62,7426820,64284907.8,3.8348,1.4118,0,0
2025-01-17,sz.300686,8.6,8.68,8.48,8.57,4978700,42731656.0,2.5707,-0.58,0,0
2025-01-20,sz.300686,8.65,8.88,8.55,8.86,6695200,58788280.0,3.457,3.3839,0,0
2025-01-21,sz.300686,8.9,8.97,8.65,8.8,5063705,44490056.34,2.6146,-0.6772,0,0
2025-01-22,sz.300686,8.69,8.82,8.59,8.65,5290205,45944733.2,2.7315,-1.7045,0,0
2025-01-23,sz.300686,8.75,8.85,8.5,8.5,6187900,53594817.0,3.1951,-1.7341,0,0
2025-01-24,sz.300686,8.53,8.66,8.37,8.63,4929303,41978589.73,2.5452,1.5294,0,0
2025-01-27,sz.300686,8.69,8.78,8.51,8.55,4366488,37546246.04,2.2546,-0.927,0,0
2025-02-05,sz.300686,8.77,8.85,8.6,8.8,4941700,43350855.0,2.5516,2.924,0,0
2025-02-06,sz.300686,8.8,9.28,8.72,9.19,7128788,64855306.84,3.6809,4.4318,0,0
2025-02-07,sz.300686,9.2,9.37,9.06,9.19,7115880,65736138.6,3.6742,0.0,0,0
2025-02-10,sz.300686,9.2,9.36,9.14,9.34,5107560,47315269.8,2.6372,1.6322,0,0
2025-02-11,sz.300686,9.38,9.63,9.33,9.46,8942700,84679545.0,4.6175,1.2848,0,0
2025-02-12,sz.300686,9.29,9.55,9.29,9.47,7806553,73601040.05,4.0308,0.1057,0,0
2025-02-13,sz.300686,9.49,9.6,9.25,9.29,4980140,46610647.2,2.5714,-1.9007,0,0
2025-02-14,sz.300686,9.29,9.39,9.18,9.26,4605500,42803047.0,2.378,-0.3229,0,0
2025-02-17,sz.300686,9.26,9.39,9.2,9.3,7412371,68818845.61,3.8273,0.432,0,0
2025-02-18,sz.300686,9.26,9.37,8.82,8.91,7137553,64913207.39,3.6854,-4.1935,0,0
2025-02-19,sz.300686,8.91,9.15,8.91,9.15,4910800,44653791.0,2.5356,2.6936,0,0
2025-02-20,sz.300686,9.2,9.59,9.17,9.56,11086738,104861831.62,5.7245,4.4809,0,0
2025-02-21,sz.300686,9.5,9.54,9.32,9.47,8200517,77302283.58,4.2343,-0.9414,0,0
2025-02-24,sz.300686,9.49,9.49,9.22,9.39,7400954,68921544.03,3.8214,-0.8448,0,0
2025-02-25,sz.300686,9.36,9.6,9.23,9.5,8568300,81285882.0,4.4242,1.1715,0,0
2025-02-26,sz.300686,9.55,9.65,9.46,9.57,7878465,75295391.99,4.068,0.7368,0,0
2025-02-27,sz.300686,9.59,9.63,9.25,9.43,7549724,70978865.24,3.8982,-1.4629,0,0
2025-02-28,sz.300686,9.46,9.48,8.91,8.98,7845600,71318620.0,4.051,-4.772,0,0
2025-03-03,sz.300686,9.08,9.23,8.92,9.0,5553800,50518140.24,2.8676,0.2227,0,0
2025-03-04,sz.300686,8.99,9.16,8.93,9.13,5420600,49169415.0,2.7989,1.4444,0,0
2025-03-05,sz.300686,9.1,9.13,8.86,9.11,5634800,50714106.0,2.9095,-0.2191,0,0
2025-03-06,sz.300686,9.14,9.42,9.14,9.35,5904000,54866614.0,3.0485,2.6345,0,0
2025-03-07,sz.300686,9.35,9.36,9.08,9.14,5307400,48894136.0,2.7404,-2.246,0,0
2025-03-10,sz.300686,9.23,9.35,9.15,9.23,6043300,55864738.0,3.1204,0.9847,0,0
2025-03-11,sz.300686,9.05,9.26,9.03,9.22,4411501,40443449.23,2.2778,-0.1083,0,0
2025-03-12,sz.300686,9.24,9.42,9.15,9.35,6470800,60309880.0,3.3411,1.41,0,0
2025-03-13,sz.300686,9.35,9.45,9.0,9.17,5698100,52127790.0,2.9422,-1.9251,0,0
2025-03-14,sz.300686,9.19,9.35,9.03,9.33,6115200,56450196.0,3.1575,1.7448,0,0
2025-03-17,sz.300686,9.35,9.84,9.22,9.65,17047726,163475859.22,8.8024,3.4298,0,0
2025-03-18,sz.300686,9.63,9.64,9.45,9.59,11533354,110043725.62,5.9551,-0.6218,0,0
2025-03-19,sz.300686,9.53,9.56,9.28,9.35,7576171,71002609.5,3.9119,-2.5026,0,0
2025-03-20,sz.300686,9.35,9.47,9.24,9.27,5943700,55560748.0,3.069,-0.8556,0,0
2025-03-21,sz.300686,9.19,9.27,8.97,9.01,7584162,68744917.72,3.916,-2.8047,0,0
2025-03-24,sz.300686,9.0,9.08,8.2,8.44,10282700,88264556.0,5.3094,-6.3263,0,0
2025-03-25,sz.300686,8.52,8.52,8.16,8.29,7395814,61591858.92,3.8188,-1.7773,0,0
2025-03-26,sz.300686,8.25,8.59,8.24,8.46,6333040,53675928.6,3.27,2.0507,0,0
2025-03-27,sz.300686,8.56,8.66,8.26,8.59,7719580,65473056.4,3.9859,1.5366,0,0
2025-03-28,sz.300686,8.59,8.63,8.26,8.27,5975500,49979603.0,3.0854,-3.7253,0,0
2025-03-31,sz.300686,8.31,8.31,8.05,8.21,5222080,42510513.2,2.6964,-0.7255,0,0
2025-04-01,sz.300686,8.22,8.54,8.22,8.33,4997100,42084943.0,2.5802,1.4616,0,0
2025-04-02,sz.300686,8.33,8.43,8.25,8.29,3169800,26408500.0,1.6367,-0.4802,0,0
2025-04-03,sz.300686,8.19,8.34,8.1,8.22,3938900,32387018.0,2.0338,-0.8444,0,0
2025-04-07,sz.300686,7.77,7.77,6.58,6.6,9633900,67330246.0,4.9744,-19.708,0,1
2025-04-08,sz.300686,6.61,7.13,6.61,6.78,8708039,59544905.03,4.4963,2.7273,0,0
2025-04-09,sz.300686,6.65,7.18,6.15,7.13,9835239,66686626.86,5.0783,5.1622,0,0
2025-04-10,sz.300686,7.3,8.53,7.3,7.87,22287100,176007504.0,11.5077,10.3787,0,0
2025-04-11,sz.300686,7.55,7.9,7.5,7.65,17462870,134763536.2,9.0168,-2.7954,0,0
2025-04-14,sz.300686,7.92,8.0,7.68,7.73,10842660,84534610.4,5.5985,1.0458,0,0
2025-04-15,sz.300686,7.84,7.93,7.67,7.78,7008800,54482477.2,3.6189,0.6468,0,0
2025-04-16,sz.300686,7.7,7.77,7.41,7.52,7169500,54161127.0,3.7019,-3.3419,0,0
2025-04-17,sz.300686,7.6,7.65,7.51,7.56,4794800,36425913.0,2.4757,0.5319,0,0
2025-04-18,sz.300686,7.51,7.7,7.44,7.62,5103000,38638421.0,2.6349,0.7937,0,0
2025-04-21,sz.300686,7.64,7.66,7.53,7.61,5966420,45386086.0,3.0807,-0.1312,0,0
2025-04-22,sz.300686,7.66,7.66,7.52,7.63,5084100,38636154.0,2.6251,0.2628,0,0
2025-04-23,sz.300686,7.64,8.09,7.64,7.89,8307000,65409624.0,4.2892,3.4076,0,0
2025-04-24,sz.300686,7.85,7.9,7.66,7.75,6027900,46947549.0,3.1124,-1.7744,0,0
2025-04-25,sz.300686,7.77,8.0,7.65,7.93,5878000,46180067.0,3.035,2.3226,0,0
2025-04-28,sz.300686,7.88,8.2,7.81,8.11,8145803,65414595.24,4.206,2.2699,0,0
2025-04-29,sz.300686,8.0,8.35,8.0,8.21,6140180,50496358.2,3.1704,1.233,0,0
2025-04-30,sz.300686,8.28,8.31,8.18,8.25,4635620,38266364.0,2.3936,0.4872,0,0
2025-05-06,sz.300686,8.37,8.58,8.27,8.56,6801303,57566241.65,3.5118,3.7576,0,0
2025-05-07,sz.300686,8.84,8.84,8.55,8.67,6232220,53880747.4,3.2179,1.285,0,0
2025-05-08,sz.300686,8.6,8.99,8.54,8.96,6729900,59505825.4,3.4749,3.3449,0,0
2025-05-09,sz.300686,8.95,9.05,8.71,8.75,7170100,63352190.0,3.7022,-2.3438,0,0
2025-05-12,sz.300686,8.87,8.94,8.76,8.93,4299520,38080230.0,2.22,2.0571,0,0
2025-05-13,sz.300686,9.01,9.24,8.74,8.83,5706900,50981811.0,2.9467,-1.1198,0,0
2025-05-14,sz.300686,8.9,8.97,8.68,8.77,5636660,49606527.2,2.9104,-0.6795,0,0
2025-05-15,sz.300686,8.73,8.94,8.67,8.74,7554160,66461623.0,3.9005,-0.3421,0,0
2025-05-16,sz.300686,8.67,8.86,8.67,8.81,4013000,35328324.0,2.0721,0.8009,0,0
2025-05-19,sz.300686,8.84,8.97,8.69,8.88,4378060,38731066.6,2.2606,0.7946,0,0
2025-05-20,sz.300686,8.9,9.06,8.8,9.06,4885600,43756156.0,2.5226,2.027,0,0
2025-05-21,sz.300686,9.05,9.05,8.75,8.85,4531900,40167502.0,2.34,-2.3179,0,0
2025-05-22,sz.300686,8.85,8.97,8.7,8.77,3609800,31801054.0,1.8639,-0.904,0,0
2025-05-23,sz.300686,8.71,8.85,8.63,8.65,3738140,32654691.0,1.9302,-1.3683,0,0
2025-05-26,sz.300686,8.61,8.82,8.58,8.74,3121100,27219018.0,1.6115,1.0405,0,0
2025-05-27,sz.300686,8.79,8.83,8.62,8.77,3318400,28964735.0,1.7134,0.3432,0,0
2025-05-28,sz.300686,8.75,8.86,8.62,8.66,2975300,25911875.0,1.5363,-1.2543,0,0
2025-05-29,sz.300686,8.68,8.88,8.67,8.87,4130400,36422450.0,2.1327,2.4249,0,0
2025-05-30,sz.300686,8.85,8.91,8.6,8.68,4894960,42558067.4,2.5275,-2.1421,0,0
2025-06-03,sz.300686,8.64,8.87,8.64,8.73,4055200,35609874.0,2.0939,0.576,0,0
2025-06-04,sz.300686,8.82,9.03,8.77,9.0,4887800,43627445.0,2.5238,3.0928,0,0
2025-06-05,sz.300686,8.94,9.2,8.89,9.16,4880100,44315911.0,2.5198,1.7778,0,0
2025-06-06,sz.300686,9.17,9.25,9.09,9.23,4694200,43059490.0,2.4238,0.7642,0,0
2025-06-09,sz.300686,9.31,9.33,9.15,9.21,3857800,35605015.0,1.9919,-0.2167,0,0
2025-06-10,sz.300686,9.32,9.32,9.02,9.14,5098500,46785493.0,2.6326,-0.76,0,0
2025-06-11,sz.300686,9.14,9.29,9.09,9.12,3274000,30091057.0,1.6905,-0.2188,0,0
2025-06-12,sz.300686,9.12,9.24,9.04,9.15,2869200,26209226.0,1.4815,0.3289,0,0
2025-06-13,sz.300686,9.11,9.19,8.88,8.94,4166540,37450488.0,2.1514,-2.2951,0,0
2025-06-16,sz.300686,8.86,9.22,8.8,9.11,4378300,39904871.18,2.2607,1.9016,0,0
2025-06-17,sz.300686,9.17,9.28,9.08,9.17,3785400,34717774.0,1.9546,0.6586,0,0
2025-06-18,sz.300686,9.13,9.51,9.04,9.41,7535600,70217791.0,3.8909,2.6172,0,0
2025-06-19,sz.300686,9.38,9.49,9.2,9.26,6979200,65099627.0,3.6036,-1.594,0,0
2025-06-20,sz.300686,9.39,9.45,9.21,9.25,5181500,48251784.0,2.6754,-0.108,0,0
2025-06-23,sz.300686,9.14,9.38,9.13,9.38,5516900,51305216.0,2.8486,1.4054,0,0
2025-06-24,sz.300686,9.38,9.53,9.34,9.52,5533600,52319573.0,2.8572,1.4925,0,0
2025-06-25,sz.300686,9.58,9.58,9.36,9.47,5769700,54506516.0,2.9791,-0.5252,0,0
2025-06-26,sz.300686,9.48,9.88,9.48,9.68,9645900,93131481.8,4.9806,2.2175,0,0
2025-06-27,sz.300686,9.74,9.86,9.65,9.74,7627226,74425372.24,3.9382,0.6198,0,0
2025-06-30,sz.300686,9.9,10.09,9.82,9.99,8419900,83853633.0,4.3475,2.5667,0,0
2025-07-01,sz.300686,9.96,10.04,9.78,9.93,6526660,64707094.8,3.37,-0.6006,0,0
2025-07-02,sz.300686,9.9,10.0,9.64,9.94,6632000,65330932.0,3.4244,0.1007,0,0
2025-07-03,sz.300686,9.88,10.19,9.86,10.16,8579486,86446429.7,4.4299,2.2133,0,0
2025-07-04,sz.300686,10.08,10.12,9.88,10.0,5942100,59325089.0,3.0681,-1.5748,0,0
2025-07-07,sz.300686,9.9,10.04,9.84,9.93,4507100,44700728.0,2.3272,-0.7,0,0
2025-07-08,sz.300686,10.03,10.13,9.9,10.05,5847060,58647032.0,3.0191,1.2085,0,0
2025-07-09,sz.300686,10.04,10.09,9.91,9.96,4320900,43156087.0,2.2311,-0.8955,0,0
2025-07-10,sz.300686,10.0,10.03,9.82,9.92,4322000,42821281.0,2.2316,-0.4016,0,0
2025-07-11,sz.300686,9.98,9.98,9.81,9.89,3684000,36432176.0,1.9022,-0.3024,0,0
2025-07-14,sz.300686,9.9,10.06,9.89,10.04,3913400,39037263.0,2.0206,1.5167,0,0
2025-07-15,sz.300686,10.04,10.07,9.75,9.88,4102126,40482420.84,2.1181,-1.5936,0,0
2025-07-16,sz.300686,9.89,9.98,9.77,9.83,3354100,33149933.0,1.7319,-0.5061,0,0
2025-07-17,sz.300686,9.83,10.07,9.8,10.03,5371560,53627854.4,2.7736,2.0346,0,0
2025-07-18,sz.300686,10.12,10.13,9.84,9.94,4858660,48477657.8,2.5087,-0.8973,0,0
2025-07-21,sz.300686,10.0,10.24,9.91,10.2,6221540,62842083.2,3.2124,2.6157,0,0
2025-07-22,sz.300686,10.21,10.29,10.0,10.07,5047300,51013762.4,2.6061,-1.2745,0,0
2025-07-23,sz.300686,10.02,10.17,9.88,9.95,4664900,46435173.0,2.4087,-1.1917,0,0
2025-07-24,sz.300686,9.98,10.05,9.89,9.99,4004600,39898053.0,2.0677,0.402,0,0
2025-07-25,sz.300686,10.02,10.26,9.92,10.18,6056200,61110839.0,3.1271,1.9019,0,0
2025-07-28,sz.300686,10.23,10.83,10.2,10.66,14755400,156043095.0,7.6188,4.7151,0,0
2025-07-29,sz.300686,10.66,11.11,10.4,10.51,12728680,134531724.6,6.5723,-1.4071,0,0
2025-07-30,sz.300686,10.5,10.6,10.27,10.32,8066500,83592510.0,4.1651,-1.8078,0,0
2025-07-31,sz.300686,10.37,10.56,10.19,10.27,7147700,74211488.0,3.6906,-0.4845,0,0
2025-08-01,sz.300686,10.25,10.44,10.0,10.36,6014020,62307695.4,3.1053,0.8763,0,0
2025-08-04,sz.300686,10.35,11.68,10.3,10.91,22925300,249406303.2,11.8372,5.3089,0,0
2025-08-05,sz.300686,11.03,11.27,10.89,11.09,18891200,209199820.3,9.7543,1.6499,0,0
2025-08-06,sz.300686,11.21,11.29,10.92,11.14,13298000,147815029.2,6.8663,0.4509,0,0
2025-08-07,sz.300686,11.14,11.43,11.09,11.14,12769034,143037553.16,6.5932,0.0,0,0
2025-08-08,sz.300686,11.2,11.2,10.94,11.06,8503414,94075516.7,4.3907,-0.7181,0,0
2025-08-11,sz.300686,11.08,11.28,11.0,11.17,8460800,94167523.0,4.3686,0.9946,0,0
2025-08-12,sz.300686,11.27,11.27,10.99,11.06,7177840,79591686.2,3.7062,-0.9848,0,0
2025-08-13,sz.300686,11.11,11.11,10.92,11.02,6864260,75493214.55,3.5443,-0.3617,0,0
2025-08-14,sz.300686,11.05,11.06,10.7,10.72,8078902,87482280.24,4.1715,-2.7223,0,0
2025-08-15,sz.300686,10.72,10.92,10.7,10.88,5234300,56716470.6,2.7027,1.4925,0,0
2025-08-18,sz.300686,10.93,11.04,10.86,10.89,6573797,71958325.82,3.3943,0.0919,0,0
2025-08-19,sz.300686,10.92,11.23,10.77,11.14,8466396,93087059.88,4.3715,2.2957,0,0
2025-08-20,sz.300686,11.14,13.37,10.99,13.37,47240655,591085041.03,24.3922,20.018,1,0
2025-08-21,sz.300686,14.5,15.22,13.14,13.71,86528053,1220154650.6,44.6779,2.543,0,0
2025-08-22,sz.300686,12.88,13.45,12.71,13.34,54633140,712291207.48,28.2093,-2.6988,0,0
2025-08-25,sz.300686,13.0,13.24,12.72,13.07,41548910,539000266.0,21.4534,-2.024,0,0
2025-08-26,sz.300686,12.72,14.45,12.35,14.13,62536171,840352922.98,32.2899,8.1102,0,0
2025-08-27,sz.300686,13.69,13.88,13.06,13.53,46588086,632077507.85,24.0553,-4.2463,0,0
2025-08-28,sz.300686,13.28,13.51,12.82,13.35,27721883,366183464.86,14.3139,-1.3304,0,0
2025-08-29,sz.300686,13.3,13.3,12.68,12.71,21744160,281363975.6,11.2274,-4.794,0,0
2025-09-01,sz.300686,12.45,12.93,12.39,12.77,15895440,202177115.4,8.2075,0.4721,0,0
2025-09-02,sz.300686,12.71,12.85,11.91,12.19,17916092,220371864.12,9.2508,-4.5419,0,0
2025-09-03,sz.300686,12.24,12.28,11.84,11.96,13673420,164001513.0,7.0601,-1.8868,0,0
2025-09-04,sz.300686,12.09,12.39,11.62,11.84,12714557,152724780.6,6.565,-1.0033,0,0
2025-09-05,sz.300686,11.94,12.08,11.8,12.08,11377600,136391976.0,5.8747,2.027,0,0
2025-09-08,sz.300686,12.08,12.88,11.98,12.74,20433278,254557137.45,10.5505,5.4636,0,0
2025-09-09,sz.300686,12.59,13.28,12.47,12.98,22163779,285108214.15,11.444,1.8838,0,0
2025-09-10,sz.300686,12.76,13.1,12.64,12.88,15629372,201112747.33,8.0701,-0.7704,0,0
2025-09-11,sz.300686,12.85,12.85,12.3,12.8,15626849,197206910.53,8.0688,-0.6211,0,0
2025-09-12,sz.300686,12.84,12.86,12.56,12.64,9853119,124951024.44,5.0876,-1.25,0,0
2025-09-15,sz.300686,12.6,13.4,12.45,13.34,26980035,355121507.83,13.9309,5.538,0,0
2025-09-16,sz.300686,13.2,13.3,12.95,13.22,16773275,220288323.83,8.6607,-0.8996,0,0
2025-09-17,sz.300686,13.22,13.6,13.19,13.38,19006417,253740409.91,9.8138,1.2103,0,0
2025-09-18,sz.300686,13.25,14.44,13.2,13.45,27844192,382857684.76,14.3771,0.5232,0,0
2025-09-19,sz.300686,13.25,13.49,12.9,13.03,17009993,222955860.94,8.7829,-3.1227,0,0
2025-09-22,sz.300686,13.2,13.7,13.1,13.66,19651405,265302834.68,10.1468,4.835,0,0
2025-09-23,sz.300686,13.55,13.79,13.11,13.39,16610929,223191976.57,8.5769,-1.9766,0,0
2025-09-24,sz.300686,13.24,14.47,12.94,14.29,33755137,474333379.17,17.4291,6.7214,0,0
2025-09-25,sz.300686,14.28,17.0,14.11,16.1,48654313,769853754.32,25.1222,12.6662,0,0
2025-09-26,sz.300686,15.99,16.2,15.35,15.59,28238380,442830731.8,14.5806,-3.1677,0,0
2025-09-29,sz.300686,15.52,15.74,15.23,15.39,18146560,280017772.4,9.3698,-1.2829,0,0
2025-09-30,sz.300686,15.35,15.52,14.95,15.06,14442900,218891169.0,7.4574,-2.1442,0,0
2025-10-09,sz.300686,15.11,15.15,14.34,14.56,18503451,271499443.91,9.5541,-3.3201,0,0
2025-10-10,sz.300686,14.56,16.08,14.34,15.56,28844476,442767863.24,14.8936,6.8681,0,0
2025-10-13,sz.300686,14.5,15.94,13.92,15.7,23811100,366314735.24,12.2946,0.8997,0,0
2025-10-14,sz.300686,15.7,15.76,14.61,14.71,17211800,259624103.0,8.8871,-6.3057,0,0
2025-10-15,sz.300686,14.88,16.58,14.62,16.34,28513259,452471062.5,14.7225,11.0809,0,0
2025-10-16,sz.300686,16.02,16.38,15.48,15.55,20552999,325749001.99,12.1111,-4.8348,0,0
2025-10-17,sz.300686,15.51,15.62,14.83,14.9,13519172,204297384.05,7.9663,-4.1801,0,0
2025-10-20,sz.300686,15.2,16.15,14.81,14.99,16549500,254841318.65,9.752,0.604,0,0
2025-10-21,sz.300686,14.97,15.2,14.62,15.03,13903401,207594795.81,8.1927,0.2668,0,0
2025-10-22,sz.300686,14.89,15.5,14.45,14.93,11487781,171869467.7,6.7693,-0.6653,0,0
2025-10-23,sz.300686,14.98,15.23,14.52,14.83,11203000,166589497.0,6.6015,-0.6698,0,0
2025-10-24,sz.300686,14.83,15.04,14.61,14.94,10073580,149538101.8,5.936,0.7417,0,0
2025-10-27,sz.300686,15.01,15.86,15.0,15.22,14739400,226256365.6,8.6854,1.8742,0,0
2025-10-28,sz.300686,15.47,15.88,15.25,15.53,15559800,241608426.0,9.1688,2.0368,0,0
2025-10-29,sz.300686,15.31,15.98,15.31,15.49,15804720,245962733.8,9.3131,-0.2576,0,0
2025-10-30,sz.300686,15.38,16.15,15.28,15.99,23800520,376461687.2,14.0247,3.2279,0,0
2025-10-31,sz.300686,15.88,17.27,15.67,16.72,29245811,489956277.54,17.2334,4.5654,0,0
2025-11-03,sz.300686,16.5,16.91,15.95,16.54,16046380,261778782.49,9.4555,-1.0766,0,0
2025-11-04,sz.300686,16.5,16.65,15.86,16.16,13424059,217087843.17,7.9103,-2.2975,0,0
2025-11-05,sz.300686,15.93,16.99,15.4,15.7,22552948,361754024.36,13.2896,-2.8465,0,0
2025-11-06,sz.300686,15.55,16.24,15.41,16.12,13977348,222509543.28,8.2363,2.6752,0,0
2025-11-07,sz.300686,16.51,16.51,15.28,15.47,16523796,257762693.28,9.7368,-4.0323,0,0
2025-11-10,sz.300686,15.62,16.11,15.33,15.55,10136476,159356091.56,5.973,0.5171,0,0
2025-11-11,sz.300686,15.48,15.63,14.89,15.11,11447078,173705424.71,6.7453,-2.8296,0,0
2025-11-12,sz.300686,15.14,15.44,14.8,15.34,8724676,132439623.76,5.1411,1.5222,0,0
2025-11-13,sz.300686,15.5,15.75,15.31,15.52,8706739,135088098.84,5.1305,1.1734,0,0
2025-11-14,sz.300686,15.36,15.6,14.98,15.15,8375160,127999518.6,4.9352,-2.384,0,0
2025-11-17,sz.300686,15.11,15.73,14.93,15.33,8189259,126331071.75,4.8256,1.1881,0,0
2025-11-18,sz.300686,15.31,15.58,14.94,15.5,8366960,128025961.0,4.9303,1.1089,0,0
2025-11-19,sz.300686,15.49,15.49,15.02,15.07,6465200,98454238.0,3.8097,-2.7742,0,0
2025-11-20,sz.300686,15.08,15.27,14.68,14.85,5479100,81883366.2,3.2286,-1.4599,0,0
2025-11-21,sz.300686,14.69,14.79,14.14,14.3,8022260,115189944.2,4.7272,-3.7037,0,0
2025-11-24,sz.300686,14.18,14.69,13.85,14.57,7355700,105251423.0,4.3344,1.8881,0,0
2025-11-25,sz.300686,14.62,15.13,14.5,15.02,6757672,100905706.12,3.982,3.0885,0,0
2025-11-26,sz.300686,15.16,15.18,14.82,14.84,4574900,68514456.0,2.6958,-1.1984,0,0
2025-11-27,sz.300686,14.99,17.81,14.96,16.18,39558350,665169876.82,23.3102,9.0296,0,0
2025-11-28,sz.300686,15.55,15.8,15.2,15.74,29043900,448694420.72,17.1145,-2.7194,0,0
2025-12-01,sz.300686,15.4,17.51,15.16,16.72,39159187,648744201.39,23.075,6.2262,0,0
2025-12-02,sz.300686,16.67,16.67,15.78,15.88,24217920,386729789.8,14.2707,-5.0239,0,0
2025-12-03,sz.300686,15.69,15.95,14.89,14.95,16909756,258200261.6,9.9643,-5.8564,0,0
2025-12-04,sz.300686,14.97,15.24,14.76,14.98,9064680,135943111.2,5.3415,0.2007,0,0
2025-12-05,sz.300686,14.89,15.14,14.38,15.0,7230000,107830445.0,4.2604,0.1335,0,0
2025-12-08,sz.300686,14.96,15.45,14.96,15.25,8585900,130119172.0,5.0593,1.6667,0,0
2025-12-09,sz.300686,15.15,15.3,14.69,14.74,8732884,129983507.56,5.146,-3.3443,0,0
2025-12-10,sz.300686,14.63,14.86,14.38,14.74,6368900,92844793.0,3.7529,0.0,0,0
2025-12-11,sz.300686,14.65,14.76,14.32,14.36,5535000,80134421.0,3.2616,-2.578,0,0
2025-12-12,sz.300686,14.42,14.69,14.3,14.33,4839200,69985495.0,2.8516,-0.2089,0,0
2025-12-15,sz.300686,14.3,15.19,14.15,14.96,10082800,149951338.0,5.9414,4.3964,0,0
2025-12-16,sz.300686,14.86,15.26,14.35,14.43,6407840,93913662.2,3.7759,-3.5428,0,0
2025-12-17,sz.300686,14.48,15.01,14.24,14.9,7230400,106293642.0,4.2606,3.2571,0,0
2025-12-18,sz.300686,14.81,14.91,14.62,14.66,4435600,65454609.0,2.6137,-1.6107,0,0
2025-12-19,sz.300686,14.73,15.13,14.66,14.93,5720680,85343329.0,3.371,1.8417,0,0
2025-12-22,sz.300686,14.95,15.02,14.74,14.86,3913919,58090048.15,2.3063,-0.4689,0,0
2025-12-23,sz.300686,14.8,15.06,14.66,14.92,4281619,63653790.19,2.523,0.4038,0,0
2025-12-24,sz.300686,14.99,15.11,14.86,15.08,4842500,72672749.0,2.8535,1.0724,0,0
2025-12-25,sz.300686,15.03,15.2,14.98,15.07,3765300,56796443.0,2.2187,-0.0663,0,0
2025-12-26,sz.300686,15.1,15.49,14.95,15.44,12903200,197095765.0,7.6034,2.4552,0,0
2025-12-29,sz.300686,15.26,15.34,14.75,14.79,11341881,170152716.6,6.6833,-4.2098,0,0
2025-12-30,sz.300686,14.7,15.13,14.57,15.0,5051700,75424639.0,2.9768,1.4199,0,0
2025-12-31,sz.300686,15.02,15.09,14.77,15.06,4157397,62067208.06,2.4498,0.4,0,0
2026-01-05,sz.300686,15.04,15.19,14.9,15.03,6369900,95764068.0,3.7535,-0.1992,0,0
2026-01-06,sz.300686,15.1,15.38,15.01,15.13,7265599,110368193.91,4.2813,0.6653,0,0
2026-01-07,sz.300686,15.13,15.7,15.13,15.47,9819700,151190994.01,5.7864,2.2472,0,0
2026-01-08,sz.300686,15.41,16.09,15.31,15.84,9695640,152774997.39,5.7133,2.3917,0,0
2026-01-09,sz.300686,15.76,16.02,15.55,15.62,8384657,131689770.97,4.9408,-1.3889,0,0
2026-01-12,sz.300686,15.62,16.16,15.5,16.11,11716100,186273054.2,6.9038,3.137,0,0
2026-01-13,sz.300686,16.15,16.19,15.63,15.77,7497508,118959837.28,4.418,-2.1105,0,0
2026-01-14,sz.300686,15.77,16.2,15.36,15.66,10032560,158300779.8,5.9118,-0.6975,0,0
2026-01-15,sz.300686,15.66,16.42,15.49,16.32,16052992,259662716.53,9.4594,4.2146,0,0
2026-01-16,sz.300686,16.33,17.17,16.21,16.92,14707340,245656165.0,8.6665,3.6765,0,0
2026-01-19,sz.300686,17.26,18.31,16.88,16.94,14819603,256446210.8,8.7326,0.1182,0,0
2026-01-20,sz.300686,16.84,17.13,16.51,16.8,7619760,127581037.4,4.49,-0.8264,0,0
2026-01-21,sz.300686,16.64,16.99,16.52,16.74,5151348,86325394.04,3.0355,-0.3571,0,0
2026-01-22,sz.300686,16.86,17.27,16.66,17.15,7746720,131629722.4,4.5648,2.4492,0,0
2026-01-23,sz.300686,17.08,17.71,17.08,17.5,11390300,198265163.0,6.7119,2.0408,0,0
2026-01-26,sz.300686,17.5,17.82,16.65,16.85,9619040,162646283.55,5.6681,-3.7143,0,0
2026-01-27,sz.300686,16.71,16.88,15.8,16.7,10949040,179068162.2,6.4519,-0.8902,0,0
2026-01-28,sz.300686,16.64,16.64,16.02,16.24,8453780,137203469.0,4.9815,-2.7545,0,0
2026-01-29,sz.300686,16.2,16.24,15.67,15.69,6785700,107686938.0,3.9986,-3.3867,0,0
2026-01-30,sz.300686,15.47,15.98,15.33,15.6,6027900,94261488.2,3.552,-0.5736,0,0
2026-02-02,sz.300686,15.55,16.0,15.2,15.2,4816000,74948147.0,2.8379,-2.5641,0,0
2026-02-03,sz.300686,15.41,15.7,15.24,15.67,3971200,61670004.0,2.3401,3.0921,0,0
2026-02-04,sz.300686,15.67,15.8,15.28,15.41,3618900,55950831.0,2.1325,-1.6592,0,0
2026-02-05,sz.300686,15.41,15.87,15.31,15.33,3805400,59161160.0,2.2424,-0.5191,0,0
2026-02-06,sz.300686,15.37,15.78,15.15,15.53,3820200,59411557.0,1.4755,1.3046,0,0
2026-02-09,sz.300686,15.74,15.8,15.48,15.62,4274700,66811435.0,1.6511,0.5795,0,0
2026-02-10,sz.300686,15.59,16.29,15.51,15.99,8543298,136925720.31,3.2997,2.3688,0,0
2026-02-11,sz.300686,15.99,16.01,15.55,15.69,4572000,72008206.0,1.7659,-1.8762,0,0
2026-02-12,sz.300686,15.65,15.78,15.4,15.44,6043400,93809033.0,2.3342,-1.5934,0,0
2026-02-13,sz.300686,15.29,15.69,15.17,15.35,4544400,70226754.0,1.7552,-0.5829,0,0
2026-02-24,sz.300686,15.7,15.74,15.4,15.66,3897400,60885398.0,1.5053,2.0195,0,0
2026-02-25,sz.300686,15.71,15.77,15.55,15.71,3424100,53680091.0,1.3225,0.3193,0,0
2026-02-26,sz.300686,15.75,16.27,15.6,15.97,6481500,102962793.4,2.5034,1.655,0,0
2026-02-27,sz.300686,15.94,15.96,15.58,15.76,4860500,76390938.0,1.8773,-1.315,0,0
2026-03-02,sz.300686,15.43,15.74,15.15,15.49,5768060,88761498.6,2.2278,-1.7132,0,0
2026-03-03,sz.300686,15.44,15.96,14.69,14.8,5827660,88332894.8,2.2509,-4.4545,0,0
2026-03-04,sz.300686,14.77,14.84,14.4,14.59,5003500,72984799.0,1.9325,-1.4189,0,0
2026-03-05,sz.300686,14.94,15.22,14.88,14.97,4294580,64609313.8,1.6587,2.6045,0,0
2026-03-06,sz.300686,14.99,16.16,14.92,15.73,9555917,149431007.92,3.6909,5.0768,0,0
2026-03-09,sz.300686,15.58,16.08,14.96,15.88,9198700,144580319.0,3.5529,0.9536,0,0
2026-03-10,sz.300686,16.01,16.13,15.8,15.99,4244800,67634738.0,1.6395,0.6927,0,0
2026-03-11,sz.300686,15.99,15.99,15.69,15.77,3863100,60983438.0,1.4921,-1.3759,0,0
2026-03-12,sz.300686,15.86,15.96,15.43,15.45,3928600,61514692.0,1.5174,-2.0292,0,0
2026-03-13,sz.300686,15.5,16.02,15.39,15.45,6359000,100169493.0,2.4561,0.0,0,0
2026-03-16,sz.300686,15.65,15.65,15.0,15.25,7096390,108314525.8,2.7409,-1.2945,0,0
2026-03-17,sz.300686,15.37,15.5,15.06,15.12,8271400,126433994.0,3.1947,-0.8525,0,0
2026-03-18,sz.300686,15.2,15.22,14.82,15.15,3866080,58107461.8,1.4932,0.1984,0,0
2026-03-19,sz.300686,15.05,15.05,14.51,14.58,4271770,62837415.5,1.6499,-3.7624,0,0
2026-03-20,sz.300686,14.73,14.89,14.36,14.39,4235790,61561337.1,1.636,-1.3032,0,0
2026-03-23,sz.300686,14.01,14.14,13.13,13.36,6753680,91706242.2,2.6085,-7.1577,0,0
2026-03-24,sz.300686,13.6,13.94,13.35,13.65,4783640,64930893.4,1.8476,2.1707,0,0
2026-03-25,sz.300686,13.79,14.23,13.73,14.05,3889624,54529998.92,1.5023,2.9304,0,0
2026-03-26,sz.300686,13.99,14.69,13.88,14.47,6875600,99186099.36,2.6556,2.9893,0,0
2026-03-27,sz.300686,14.25,14.78,14.08,14.42,4337160,62345910.8,1.6752,-0.3455,0,0
2026-03-30,sz.300686,14.42,14.42,14.0,14.16,3826600,54170695.0,1.478,-1.8031,0,0
2026-03-31,sz.300686,14.16,14.3,13.6,13.64,3302400,45797991.0,1.2755,-3.6723,0,0
2026-04-01,sz.300686,13.91,14.2,13.77,14.02,3962200,55096146.0,1.5304,2.7859,0,0
2026-04-02,sz.300686,13.91,14.26,13.6,13.67,3271200,45405832.0,1.2635,-2.4964,0,0
2026-04-03,sz.300686,13.76,14.45,13.32,14.22,8019040,111838045.8,3.0973,4.0234,0,0
2026-04-07,sz.300686,15.42,15.66,14.47,15.05,13812820,208036803.8,5.335,5.8368,0,0
2026-04-08,sz.300686,15.65,18.06,15.6,17.76,44440234,759200958.56,17.1645,18.0066,0,0
2026-04-09,sz.300686,17.31,18.8,17.0,18.13,37373465,673965321.5,14.435,2.0833,0,0
2026-04-10,sz.300686,19.37,19.61,17.6,18.34,26175960,477262464.8,10.1101,1.1583,0,0
2026-04-13,sz.300686,18.2,19.04,17.95,18.54,21689588,402985102.28,8.3773,1.0905,0,0
2026-04-14,sz.300686,18.91,19.88,18.39,19.54,24851360,477235948.0,9.5985,5.3937,0,0
2026-04-15,sz.300686,19.35,19.53,18.77,18.81,14910000,283240492.0,5.7588,-3.7359,0,0
2026-04-16,sz.300686,18.83,18.91,18.01,18.2,15824656,290763159.0,6.1121,-3.243,0,0
2026-04-17,sz.300686,18.2,19.19,17.82,18.65,21692780,400769546.2,8.3786,2.4725,0,0
2026-04-20,sz.300686,18.44,18.5,17.5,17.8,15110860,269728976.2,5.8364,-4.5576,0,0
2026-04-21,sz.300686,17.51,19.27,17.42,19.05,16669000,301241203.0,6.4382,7.0225,0,0
2026-04-22,sz.300686,18.81,21.28,18.65,20.3,35103978,716872019.66,13.5585,6.5617,0,0
2026-04-23,sz.300686,19.98,20.4,19.3,19.81,18232178,360845188.5,7.042,-2.4138,0,0
2026-04-24,sz.300686,19.93,20.3,18.89,19.19,13080678,251263067.92,5.0523,-3.1297,0,0
2026-04-27,sz.300686,19.0,19.33,18.6,18.94,11650500,220281051.6,4.4999,-1.3028,0,0
2026-04-28,sz.300686,18.95,18.95,18.09,18.19,12143520,222240667.6,4.6903,-3.9599,0,0
2026-04-29,sz.300686,18.0,18.81,17.9,18.16,10228203,187971239.07,3.9505,-0.1649,0,0
2026-04-30,sz.300686,18.39,18.5,17.4,17.8,13245780,235429651.6,5.116,-1.9824,0,0
2026-05-06,sz.300686,18.1,18.38,17.84,17.9,10786700,194501731.0,4.1662,0.5618,0,0
2026-05-07,sz.300686,18.24,19.29,17.91,18.71,16392400,306811952.0,6.3314,4.5251,0,0
2026-05-08,sz.300686,18.53,18.98,18.19,18.5,11517800,213252628.0,4.4486,-1.1224,0,0
2026-05-11,sz.300686,18.54,18.93,18.03,18.04,12380569,228561912.3,4.7818,-2.4865,0,0
2026-05-12,sz.300686,17.86,18.2,17.53,17.9,11833829,211351933.63,4.5707,-0.7761,0,0
2026-05-13,sz.300686,17.76,18.29,17.43,18.08,9597800,172141648.0,3.707,1.0056,0,0
2026-05-14,sz.300686,18.12,18.12,17.09,17.4,11283100,196281977.0,4.358,-3.7611,0,0
2026-05-15,sz.300686,17.49,17.59,16.67,16.81,10031160,170618294.2,3.8744,-3.3908,0,0
2026-05-18,sz.300686,16.83,18.97,16.42,18.25,20477980,365415103.6,7.9094,8.5663,0,0
2026-05-19,sz.300686,18.25,19.58,18.2,18.79,18112160,342309367.4,6.9956,2.9589,0,0
2026-05-20,sz.300686,18.69,19.11,18.4,18.82,10108420,189004884.4,3.9043,0.1597,0,0
2026-05-21,sz.300686,18.81,19.05,17.2,17.48,11577800,212351565.0,4.4718,-7.1201,0,0
2026-05-22,sz.300686,17.63,17.85,17.24,17.53,7691500,134274366.0,2.9707,0.286,0,0
2026-05-25,sz.300686,17.53,18.03,16.99,17.37,9904400,172263742.0,3.8255,-0.9127,0,0
2026-05-26,sz.300686,17.12,17.5,16.77,17.2,8029400,136980468.0,3.1013,-0.9787,0,0
2026-05-27,sz.300686,17.21,17.56,16.43,16.6,7188900,121384507.0,2.7766,-3.4884,0,0
2026-05-28,sz.300686,16.6,16.79,16.1,16.72,6909100,113892342.0,2.6686,0.7229,0,0
2026-05-29,sz.300686,16.72,17.12,15.32,15.5,10049100,160359205.0,3.8813,-7.2967,0,0
2026-06-01,sz.300686,15.64,17.48,15.45,15.45,17344300,283671796.0,6.699,-0.3226,0,0
2026-06-02,sz.300686,15.64,16.62,14.85,16.35,16999700,266407170.0,6.5659,5.8252,0,0
2026-06-03,sz.300686,16.8,18.88,16.15,18.48,33494249,606827784.38,12.9367,13.0275,0,0
2026-06-04,sz.300686,18.52,20.48,18.3,19.7,37951910,751051665.3,14.6585,6.6017,0,0
2026-06-05,sz.300686,19.72,19.72,17.4,17.74,32414080,587758257.3,12.5195,-9.9492,0,0
2026-06-08,sz.300686,16.9,17.65,16.5,16.95,16656340,285810855.0,6.4333,-4.4532,0,0
2026-06-09,sz.300686,17.2,17.78,16.85,17.31,16459680,285074309.4,6.3574,2.1239,0,0
2026-06-10,sz.300686,17.05,17.31,16.24,16.56,11932800,198408603.0,4.6089,-4.3328,0,0
2026-06-11,sz.300686,16.28,16.44,15.9,16.08,10664300,171453515.0,4.119,-2.8986,0,0
2026-06-12,sz.300686,16.46,17.99,16.46,17.89,23027360,402955691.8,8.894,11.2562,0,0
2026-06-15,sz.300686,17.89,19.18,17.89,18.92,19379300,363839679.0,7.485,5.7574,0,0
2026-06-16,sz.300686,18.56,19.8,18.45,19.53,19213820,370846285.45,7.4211,3.2241,0,0
2026-06-17,sz.300686,19.17,19.7,18.88,19.25,12534200,242098048.4,4.8412,-1.4337,0,0
2026-06-18,sz.300686,19.16,19.61,18.8,19.35,10386100,199048752.0,4.0115,0.5195,0,0
2026-06-22,sz.300686,19.35,20.6,18.61,20.04,17406000,338897110.98,6.7229,3.5659,0,0
2026-06-23,sz.300686,19.84,20.91,19.61,19.9,18760760,379890963.0,7.2461,-0.6986,0,0
2026-06-24,sz.300686,19.79,20.2,19.42,20.06,13123760,259804842.8,5.0689,0.804,0,0
2026-06-25,sz.300686,20.18,20.47,19.43,19.98,12875020,256620996.2,4.9728,-0.3988,0,0
2026-06-26,sz.300686,19.95,20.1,18.92,18.96,9777800,189195913.0,3.7766,-5.1051,0,0
