date,code,open,high,low,close,volume,amount,turnover,pct_change,is_limit_up,is_limit_down
2019-07-01,sz.300635,16.45,16.5,16.25,16.42,4761307.0,77950604.45,10.89048,0.92194,0,0
2019-07-02,sz.300635,16.38,16.38,16.01,16.01,3250380.0,52338918.4,7.434555,-2.496954,0,0
2019-07-03,sz.300635,15.86,16.0,15.81,15.83,1758300.0,27890507.0,4.021738,-1.124299,0,0
2019-07-04,sz.300635,15.84,15.98,15.48,15.58,1637135.0,25629881.27,3.744599,-1.57928,0,0
2019-07-05,sz.300635,15.8,16.3,15.57,16.24,4054665.0,65041452.62,9.274186,4.236199,0,0
2019-07-08,sz.300635,16.19,16.24,15.59,15.6,2475200.0,39193893.11,5.661495,-3.940883,0,0
2019-07-09,sz.300635,15.76,15.76,15.53,15.67,1164500.0,18212716.0,2.663547,0.448716,0,0
2019-07-10,sz.300635,15.73,15.78,15.31,15.68,1256900.0,19590811.0,2.874892,0.063818,0,0
2019-07-11,sz.300635,15.64,15.98,15.62,15.87,2699926.0,42669123.16,6.175508,1.211732,0,0
2019-07-12,sz.300635,15.8,16.02,15.61,15.86,1933200.0,30678277.0,4.421785,-0.063013,0,0
2019-07-15,sz.300635,15.85,15.98,15.51,15.91,1626100.0,25744094.2,3.719359,0.31526,0,0
2019-07-16,sz.300635,15.91,16.28,15.84,16.24,3540957.0,56951281.31,8.099188,2.074167,0,0
2019-07-17,sz.300635,16.24,16.5,16.11,16.36,3421486.0,55925981.98,7.825924,0.738922,0,0
2019-07-18,sz.300635,16.2,16.58,16.15,16.4,3664140.0,59988526.78,8.380943,0.244493,0,0
2019-07-19,sz.300635,16.4,16.58,16.18,16.43,3545486.0,58047029.42,8.109547,0.182931,0,0
2019-07-22,sz.300635,16.21,17.09,16.18,16.57,5687254.0,94587999.23,13.008387,0.852096,0,0
2019-07-23,sz.300635,16.6,17.05,16.37,16.98,5266060.0,88519746.0,12.044996,2.47435,0,0
2019-07-24,sz.300635,16.89,17.5,16.85,17.05,5939600.0,102122454.0,13.585575,0.412248,0,0
2019-07-25,sz.300635,17.15,18.2,16.95,18.06,8186744.0,144901561.24,18.725441,5.923755,0,0
2019-07-26,sz.300635,17.75,18.92,17.61,18.48,8348960.0,152260805.16,19.0965,2.3256,0,0
2019-07-29,sz.300635,18.64,19.4,18.33,18.55,6661203.0,124379019.76,15.236089,0.378786,0,0
2019-07-30,sz.300635,18.59,18.74,18.21,18.59,5863452.0,108516417.09,13.4114,0.2156,0,0
2019-07-31,sz.300635,18.56,20.18,18.55,19.4,9748718.0,188982520.53,22.2981,4.3572,0,0
2019-08-01,sz.300635,18.98,19.45,18.81,19.23,6380440.0,121969524.6,14.5939,-0.8763,0,0
2019-08-02,sz.300635,18.69,19.3,18.45,18.8,5044846.0,95358463.85,11.539,-2.2361,0,0
2019-08-05,sz.300635,18.8,19.08,17.5,18.55,7048105.0,130965732.27,16.121,-1.3298,0,0
2019-08-06,sz.300635,18.29,18.68,17.93,18.36,6215707.0,113986566.13,14.2171,-1.0243,0,0
2019-08-07,sz.300635,18.36,18.39,17.4,17.53,6652415.0,119253906.62,15.216,-4.5207,0,0
2019-08-08,sz.300635,17.7,17.96,17.45,17.75,5125140.0,90922099.21,11.7227,1.255,0,0
2019-08-09,sz.300635,17.78,18.47,17.12,17.36,8216864.0,145779695.22,18.7943,-2.1972,0,0
2019-08-12,sz.300635,17.49,17.49,16.9,17.39,6093018.0,104922801.9,13.9365,0.1728,0,0
2019-08-13,sz.300635,17.35,17.35,16.74,17.15,3788080.0,64786909.4,8.6644,-1.3801,0,0
2019-08-14,sz.300635,17.21,17.6,17.06,17.19,4587935.0,79418646.04,10.4939,0.2332,0,0
2019-08-15,sz.300635,16.5,17.25,16.2,17.13,4444113.0,74562859.37,10.165,-0.349,0,0
2019-08-16,sz.300635,17.1,17.29,16.91,16.92,2885193.0,49291626.02,6.5993,-1.2259,0,0
2019-08-19,sz.300635,17.08,18.05,17.08,17.98,7817386.0,137709096.52,17.8806,6.2648,0,0
2019-08-20,sz.300635,17.97,18.22,17.62,17.7,4195960.0,74995308.48,9.5974,-1.5573,0,0
2019-08-21,sz.300635,17.6,17.82,17.55,17.68,2357340.0,41648452.6,5.3919,-0.113,0,0
2019-08-22,sz.300635,17.7,17.96,17.56,17.84,3874000.0,68886124.0,8.861,0.905,0,0
2019-08-23,sz.300635,17.75,18.02,17.5,17.7,4027144.0,71421433.4,9.2112,-0.7847,0,0
2019-08-26,sz.300635,17.23,17.48,17.02,17.18,3006260.0,51803738.76,6.8762,-2.9379,0,0
2019-08-27,sz.300635,17.32,18.0,17.32,17.79,5558585.0,98604351.8,12.7141,3.5506,0,0
2019-08-28,sz.300635,17.69,18.12,17.46,18.0,4843080.0,86653917.8,11.0775,1.1804,0,0
2019-08-29,sz.300635,18.0,18.02,17.52,17.79,3604906.0,63868180.12,8.2455,-1.1667,0,0
2019-08-30,sz.300635,17.81,18.49,17.62,18.1,7454629.0,134856012.63,12.5735,1.7425,0,0
2019-09-02,sz.300635,18.15,18.36,18.08,18.32,5770226.0,105329462.42,9.7325,1.2155,0,0
2019-09-03,sz.300635,18.25,18.29,17.86,18.2,4493926.0,81205559.61,7.5798,-0.655,0,0
2019-09-04,sz.300635,18.01,18.15,17.7,17.87,3900666.0,69781266.7,6.5791,-1.8132,0,0
2019-09-05,sz.300635,18.02,18.58,17.83,18.24,6383972.0,116257122.54,10.7676,2.0705,0,0
2019-09-06,sz.300635,18.36,18.53,18.01,18.1,4530900.0,82573694.6,7.6421,-0.7675,0,0
2019-09-09,sz.300635,18.18,18.89,18.11,18.77,5766416.0,106736632.73,9.726,3.7017,0,0
2019-09-10,sz.300635,18.7,18.7,18.27,18.54,3937960.0,72659757.8,6.642,-1.2254,0,0
2019-09-11,sz.300635,19.0,19.0,18.12,18.15,4045600.0,74923981.0,6.8236,-2.1036,0,0
2019-09-12,sz.300635,18.09,18.33,17.83,18.3,3749666.0,67609901.02,6.3244,0.8264,0,0
2019-09-16,sz.300635,18.33,18.49,18.04,18.3,2690000.0,49070016.0,4.5371,0.0,0,0
2019-09-17,sz.300635,18.15,18.19,17.48,17.75,2962665.0,52667229.5,4.997,-3.0055,0,0
2019-09-18,sz.300635,17.74,17.88,17.62,17.72,1380200.0,24489398.0,2.3279,-0.169,0,0
2019-09-19,sz.300635,17.72,18.1,17.46,18.1,2695765.0,48044344.6,4.5469,2.1445,0,0
2019-09-20,sz.300635,18.02,18.12,17.82,17.89,2204100.0,39677837.0,3.7176,-1.1602,0,0
2019-09-23,sz.300635,17.7,17.79,17.39,17.67,1897085.0,33262835.35,3.1998,-1.2297,0,0
2019-09-24,sz.300635,17.64,17.97,17.6,17.72,2011920.0,35789013.88,3.3934,0.283,0,0
2019-09-25,sz.300635,17.66,17.75,17.32,17.46,1756780.0,30755816.4,2.9631,-1.4673,0,0
2019-09-26,sz.300635,17.44,17.62,16.74,16.74,1828220.0,31128211.4,3.0836,-4.1237,0,0
2019-09-27,sz.300635,16.83,16.9,16.4,16.75,1592480.0,26653727.8,2.686,0.0597,0,0
2019-09-30,sz.300635,16.77,16.78,16.45,16.45,1565600.0,25974854.0,2.6406,-1.791,0,0
2019-10-08,sz.300635,16.57,16.57,16.32,16.41,1098860.0,18051945.4,1.8534,-0.2432,0,0
2019-10-09,sz.300635,16.36,16.55,16.12,16.51,1092400.0,17846624.0,1.8425,0.6094,0,0
2019-10-10,sz.300635,16.5,16.94,16.5,16.88,1401487.0,23540966.95,2.3638,2.2411,0,0
2019-10-11,sz.300635,16.92,17.3,16.75,17.13,1670698.0,28534638.78,2.8179,1.481,0,0
2019-10-14,sz.300635,17.36,18.08,17.36,17.98,4317474.0,77017999.28,7.2821,4.9621,0,0
2019-10-15,sz.300635,17.85,17.99,17.6,17.91,3073098.0,54657365.74,5.1833,-0.3893,0,0
2019-10-16,sz.300635,17.99,18.07,17.69,17.76,1870420.0,33434983.0,3.1548,-0.8375,0,0
2019-10-17,sz.300635,17.76,18.09,17.76,17.78,1860413.0,33356393.94,3.1379,0.1126,0,0
2019-10-18,sz.300635,17.81,18.05,17.66,17.7,2040208.0,36468308.6,3.4412,-0.4499,0,0
2019-10-21,sz.300635,17.88,18.0,17.31,17.88,2079825.0,36906225.75,3.508,1.0169,0,0
2019-10-22,sz.300635,17.9,18.06,17.7,17.97,1813311.0,32443281.9,3.0585,0.5034,0,0
2019-10-23,sz.300635,18.0,18.0,17.5,17.62,2196800.0,38850762.0,3.7053,-1.9477,0,0
2019-10-24,sz.300635,17.56,18.27,17.5,17.78,3003700.0,53642486.74,5.0662,0.9081,0,0
2019-10-25,sz.300635,17.65,17.77,17.3,17.37,2274950.0,39647553.88,3.8371,-2.306,0,0
2019-10-28,sz.300635,17.49,18.18,17.45,18.15,3641212.0,65368444.0,6.1415,4.4905,0,0
2019-10-29,sz.300635,18.22,18.39,17.79,17.92,2591717.0,46826097.66,4.3714,-1.2672,0,0
2019-10-30,sz.300635,18.06,18.06,17.42,17.52,2027692.0,35809191.52,3.42,-2.2321,0,0
2019-10-31,sz.300635,17.55,18.12,17.55,17.63,2027420.0,36184605.2,3.4196,0.6278,0,0
2019-11-01,sz.300635,17.7,17.7,17.18,17.55,1797906.0,31354278.3,3.0325,-0.4538,0,0
2019-11-04,sz.300635,17.67,17.92,17.56,17.78,1523975.0,27100367.93,2.5704,1.3105,0,0
2019-11-05,sz.300635,17.65,18.1,17.65,17.9,1907870.0,34226885.18,3.2179,0.6749,0,0
2019-11-06,sz.300635,17.9,17.98,17.51,17.55,1701787.0,30181805.23,2.8704,-1.9553,0,0
2019-11-07,sz.300635,17.62,18.42,17.5,18.22,4223460.0,76473197.4,7.1236,3.8177,0,0
2019-11-08,sz.300635,18.22,18.31,17.76,17.88,3459099.0,62429013.98,5.8344,-1.8661,0,0
2019-11-11,sz.300635,17.93,17.93,16.47,16.54,4253629.0,71858283.47,7.1745,-7.4944,0,0
2019-11-12,sz.300635,16.47,16.47,15.89,16.04,2569877.0,41313328.82,4.3345,-3.023,0,0
2019-11-13,sz.300635,16.05,16.19,15.7,15.74,1528800.0,24254137.0,2.5786,-1.8703,0,0
2019-11-14,sz.300635,15.74,15.94,15.66,15.94,1444060.0,22866328.6,2.4357,1.2706,0,0
2019-11-15,sz.300635,15.77,15.98,15.5,15.5,1378560.0,21526629.2,2.3252,-2.7603,0,0
2019-11-18,sz.300635,15.42,15.5,14.96,15.35,2109963.0,31963943.44,3.5588,-0.9677,0,0
2019-11-19,sz.300635,15.2,15.76,15.1,15.49,1608100.0,24891829.0,2.7123,0.912,0,0
2019-11-20,sz.300635,15.5,16.16,15.46,15.82,2047185.0,32455294.38,3.4529,2.1304,0,0
2019-11-21,sz.300635,15.7,16.19,15.65,16.02,1692100.0,27181942.34,2.854,1.2642,0,0
2019-11-22,sz.300635,16.13,16.17,15.68,15.82,1154855.0,18330163.35,1.9479,-1.2484,0,0
2019-11-25,sz.300635,15.7,15.81,15.28,15.65,929994.0,14388213.62,1.5686,-1.0746,0,0
2019-11-26,sz.300635,15.7,15.78,15.3,15.39,767280.0,11817626.2,1.2941,-1.6613,0,0
2019-11-27,sz.300635,15.33,15.54,15.2,15.32,557760.0,8578288.2,0.9408,-0.4548,0,0
2019-11-28,sz.300635,15.32,15.65,15.32,15.39,576400.0,8904180.0,0.9722,0.4569,0,0
2019-11-29,sz.300635,15.4,15.56,15.11,15.33,639979.0,9773528.19,1.0794,-0.3899,0,0
2019-12-02,sz.300635,15.48,15.54,15.21,15.47,445140.0,6866147.2,0.7508,0.9132,0,0
2019-12-03,sz.300635,15.6,15.6,15.22,15.46,657500.0,10121099.0,1.109,-0.0646,0,0
2019-12-04,sz.300635,15.5,15.5,15.3,15.41,353116.0,5430270.88,0.5956,-0.3234,0,0
2019-12-05,sz.300635,15.41,15.62,15.39,15.59,864460.0,13395866.6,1.4581,1.1681,0,0
2019-12-06,sz.300635,15.49,15.68,15.47,15.67,742200.0,11573114.0,1.2518,0.5131,0,0
2019-12-09,sz.300635,15.67,15.69,15.41,15.43,869700.0,13510164.0,1.4669,-1.5316,0,0
2019-12-10,sz.300635,15.43,15.46,15.12,15.3,1133460.0,17264653.0,1.9118,-0.8425,0,0
2019-12-11,sz.300635,15.3,15.36,15.06,15.06,1133960.0,17156769.4,1.9126,-1.5686,0,0
2019-12-12,sz.300635,15.03,15.19,15.01,15.1,664300.0,10023939.0,1.1205,0.2656,0,0
2019-12-13,sz.300635,15.18,15.3,15.1,15.24,774704.0,11755237.64,1.3067,0.9271,0,0
2019-12-16,sz.300635,15.25,15.64,15.24,15.58,1179954.0,18301674.16,1.9902,2.231,0,0
2019-12-17,sz.300635,15.6,15.91,15.6,15.77,1636058.0,25820242.42,2.7595,1.2195,0,0
2019-12-18,sz.300635,15.99,15.99,15.7,15.78,937660.0,14829662.8,1.5815,0.0634,0,0
2019-12-19,sz.300635,15.75,16.17,15.66,16.03,1296500.0,20796349.0,2.1868,1.5843,0,0
2019-12-20,sz.300635,16.03,16.16,15.9,15.94,1284176.0,20625537.24,2.166,-0.5615,0,0
2019-12-23,sz.300635,15.99,16.07,15.52,15.59,1190800.0,18751169.0,2.0085,-2.1957,0,0
2019-12-24,sz.300635,15.62,15.66,15.4,15.58,1210616.0,18776907.0,2.0419,-0.0641,0,0
2019-12-25,sz.300635,15.56,15.84,15.51,15.73,903200.0,14199779.0,1.5234,0.9628,0,0
2019-12-26,sz.300635,15.71,15.88,15.6,15.75,985400.0,15496222.0,1.662,0.1271,0,0
2019-12-27,sz.300635,15.73,15.81,15.61,15.63,950860.0,14940612.0,1.6038,-0.7619,0,0
2019-12-30,sz.300635,15.68,15.78,15.45,15.73,946192.0,14759438.92,1.5959,0.6398,0,0
2019-12-31,sz.300635,15.77,16.16,15.7,15.94,1497750.0,23882205.0,2.5262,1.335,0,0
2020-01-02,sz.300635,16.02,16.68,15.98,16.46,2968320.0,48464421.32,5.0066,3.2622,0,0
2020-01-03,sz.300635,16.42,16.88,16.33,16.43,2071480.0,34242078.4,3.4751,-0.1823,0,0
2020-01-06,sz.300635,16.45,16.58,15.95,16.11,3199120.0,51934003.4,5.3668,-1.9477,0,0
2020-01-07,sz.300635,16.11,16.65,16.11,16.55,2718840.0,44610947.0,4.5611,2.7312,0,0
2020-01-08,sz.300635,16.54,16.63,16.31,16.4,2049799.0,33747050.44,3.4387,-0.9063,0,0
2020-01-09,sz.300635,16.5,16.68,16.44,16.61,1840776.0,30432532.85,3.0881,1.2805,0,0
2020-01-10,sz.300635,16.65,16.68,16.45,16.6,1436000.0,23814528.2,2.409,-0.0602,0,0
2020-01-13,sz.300635,16.47,16.65,16.32,16.47,1994755.0,32848548.05,3.3464,-0.7831,0,0
2020-01-14,sz.300635,16.56,16.63,16.41,16.48,2066355.0,34133875.3,3.4665,0.0607,0,0
2020-01-15,sz.300635,16.45,16.58,16.3,16.58,1556500.0,25630451.0,2.6112,0.6068,0,0
2020-01-16,sz.300635,16.49,16.8,16.35,16.71,2403418.0,39957643.82,4.0319,0.7841,0,0
2020-01-17,sz.300635,16.64,16.88,16.52,16.64,1640600.0,27377613.0,2.7522,-0.4189,0,0
2020-01-20,sz.300635,16.6,17.15,16.57,17.07,3103137.0,52448296.4,5.2058,2.5841,0,0
2020-01-21,sz.300635,17.32,17.58,16.91,17.13,3524440.0,60705072.67,5.9125,0.3515,0,0
2020-01-22,sz.300635,17.05,18.05,16.87,17.82,4358203.0,76676167.34,7.3113,4.028,0,0
2020-01-23,sz.300635,17.8,17.92,17.3,17.5,3863828.0,68163994.13,6.4819,-1.7957,0,0
2020-02-03,sz.300635,16.0,16.0,15.75,15.75,858500.0,13581704.0,1.4402,-10.0,0,0
2020-02-04,sz.300635,14.63,16.58,14.63,16.2,3690327.0,59592832.55,6.1908,2.8571,0,0
2020-02-05,sz.300635,16.2,17.82,16.07,17.16,2926200.0,49637523.96,4.909,5.9259,0,0
2020-02-06,sz.300635,17.0,17.31,16.93,17.09,2985540.0,50986885.2,5.0085,-0.4079,0,0
2020-02-07,sz.300635,17.04,17.23,16.75,17.2,2708320.0,45980444.6,4.5434,0.6437,0,0
2020-02-10,sz.300635,17.2,18.54,17.11,17.99,5399600.0,95946949.08,9.0583,4.593,0,0
2020-02-11,sz.300635,17.88,18.88,17.58,18.18,6251980.0,113775992.0,10.4882,1.0561,0,0
2020-02-12,sz.300635,17.81,18.46,17.64,18.3,5754820.0,104189171.8,9.6542,0.6601,0,0
2020-02-13,sz.300635,18.41,19.1,18.0,18.71,6714145.0,124776954.8,11.2636,2.2404,0,0
2020-02-14,sz.300635,18.44,18.88,18.21,18.4,5022354.0,92942564.18,8.4254,-1.6569,0,0
2020-02-17,sz.300635,18.41,18.73,18.23,18.51,4239360.0,78516316.0,7.1119,0.5978,0,0
2020-02-18,sz.300635,18.5,18.69,18.28,18.51,4096462.0,75550648.94,6.8722,0.0,0,0
2020-02-19,sz.300635,18.65,19.4,18.4,18.96,6480434.0,123105517.28,10.8715,2.4311,0,0
2020-02-20,sz.300635,18.78,19.54,18.66,19.35,4862775.0,92981349.9,8.1577,2.057,0,0
2020-02-21,sz.300635,19.35,20.35,19.22,19.94,4592232.0,91090544.37,7.7039,3.0491,0,0
2020-02-24,sz.300635,20.0,20.84,19.6,20.79,6675567.0,136001995.54,11.1988,4.2628,0,0
2020-02-25,sz.300635,20.82,20.99,19.66,20.29,5765230.0,117495249.4,9.6717,-2.405,0,0
2020-02-26,sz.300635,19.9,20.44,19.31,19.63,3629888.0,71981636.16,6.0894,-3.2528,0,0
2020-02-27,sz.300635,19.89,20.4,19.43,19.91,3342288.0,66493611.42,5.607,1.4264,0,0
2020-02-28,sz.300635,19.45,19.88,18.34,18.7,3865474.0,73662841.64,6.4847,-6.0773,0,0
2020-03-02,sz.300635,19.23,20.51,19.23,19.68,5593371.0,110608476.17,9.3834,5.2406,0,0
2020-03-03,sz.300635,19.86,20.24,19.15,19.2,4752000.0,93666850.1,7.9719,-2.439,0,0
2020-03-04,sz.300635,18.85,19.8,18.85,19.6,3641194.0,70374469.12,6.1084,2.0833,0,0
2020-03-05,sz.300635,21.56,21.56,21.56,21.56,2300340.0,49595330.4,3.859,10.0,0,0
2020-03-06,sz.300635,22.5,23.72,22.22,23.72,12557172.0,294299657.8,21.0657,10.0186,0,0
2020-03-09,sz.300635,24.75,25.95,22.01,22.01,20557772.0,505468498.47,34.4874,-7.2091,0,0
2020-03-10,sz.300635,19.81,23.65,19.81,22.97,16324517.0,343110991.5,27.3858,4.3616,0,0
2020-03-11,sz.300635,22.2,22.8,21.03,21.3,9582620.0,210452825.66,16.0757,-7.2704,0,0
2020-03-12,sz.300635,20.45,21.24,20.01,20.37,5576720.0,114396654.4,9.3554,-4.3662,0,0
2020-03-13,sz.300635,19.23,20.17,18.9,19.92,5679500.0,110451467.69,9.5278,-2.2091,0,0
2020-03-16,sz.300635,20.32,20.32,18.7,19.12,4547872.0,88927025.92,7.6294,-4.0161,0,0
2020-03-17,sz.300635,19.38,19.73,18.43,18.89,3050860.0,57862146.24,5.1181,-1.2029,0,0
2020-03-18,sz.300635,18.94,19.61,18.55,18.56,3140299.0,59983544.9,5.2681,-1.747,0,0
2020-03-19,sz.300635,18.56,19.3,18.49,19.23,2938680.0,55316337.2,4.9299,3.6099,0,0
2020-03-20,sz.300635,19.3,19.5,18.96,19.28,2123940.0,40826110.4,3.5631,0.26,0,0
2020-03-23,sz.300635,18.86,19.58,18.64,19.41,1906280.0,36673569.8,3.1979,0.6743,0,0
2020-03-24,sz.300635,19.81,20.23,19.4,20.13,2721133.0,53898761.66,4.5649,3.7094,0,0
2020-03-25,sz.300635,20.35,20.73,20.13,20.28,2368613.0,48087868.73,3.9736,0.7452,0,0
2020-03-26,sz.300635,19.97,20.2,19.67,19.85,2072160.0,41168492.6,3.4762,-2.1203,0,0
2020-03-27,sz.300635,19.98,21.09,19.98,20.55,4695360.0,96664821.22,7.8769,3.5264,0,0
2020-03-30,sz.300635,20.03,20.56,19.65,20.36,2464201.0,49537081.77,4.1349,-0.9246,0,0
2020-03-31,sz.300635,20.48,20.53,20.06,20.17,2159100.0,43733053.0,3.6229,-0.9332,0,0
2020-04-01,sz.300635,20.17,20.5,19.68,19.95,2672200.0,53528737.81,4.4839,-1.0907,0,0
2020-04-02,sz.300635,19.95,20.28,19.71,20.25,2184201.0,43540674.76,3.665,1.5038,0,0
2020-04-03,sz.300635,20.15,20.86,20.14,20.48,2818697.0,57980612.46,3.392,1.1358,0,0
2020-04-07,sz.300635,20.58,20.88,20.48,20.7,2605100.0,53930749.96,3.135,1.0742,0,0
2020-04-08,sz.300635,20.65,20.65,20.12,20.21,2055700.0,41773701.0,2.4738,-2.3672,0,0
2020-04-09,sz.300635,20.21,20.6,19.94,20.38,2057700.0,41646100.22,2.4762,0.8412,0,0
2020-04-10,sz.300635,20.05,20.4,19.5,19.86,3382800.0,67151472.2,4.0709,-2.5515,0,0
2020-04-13,sz.300635,19.55,19.93,19.17,19.9,1317010.0,25795979.69,1.5849,0.2014,0,0
2020-04-14,sz.300635,19.8,20.28,19.75,20.18,1665813.0,33302355.66,2.0046,1.407,0,0
2020-04-15,sz.300635,20.26,20.86,20.18,20.8,3127999.0,64269406.69,3.7642,3.0723,0,0
2020-04-16,sz.300635,20.8,21.84,20.64,21.6,3310977.0,70793791.85,3.9844,3.8462,0,0
2020-04-17,sz.300635,21.58,22.12,21.57,21.94,3428793.0,74790222.75,4.1262,1.5741,0,0
2020-04-20,sz.300635,22.01,22.65,22.01,22.55,3233820.0,72607850.6,3.8916,2.7803,0,0
2020-04-21,sz.300635,22.39,23.39,22.12,22.64,3667076.0,83459610.1,4.413,0.3991,0,0
2020-04-22,sz.300635,22.71,23.19,22.48,22.82,2924900.0,66617262.2,3.5198,0.7951,0,0
2020-04-23,sz.300635,22.98,23.39,22.82,22.93,2826240.0,65252472.2,3.4011,0.482,0,0
2020-04-24,sz.300635,22.65,23.18,22.41,22.89,2690240.0,61392420.2,3.2374,-0.1744,0,0
2020-04-27,sz.300635,22.61,23.35,22.6,23.16,1944219.0,44815160.27,2.3397,1.1796,0,0
2020-04-28,sz.300635,23.15,23.34,22.47,22.86,3740120.0,86197317.8,4.5009,-1.2953,0,0
2020-04-29,sz.300635,22.66,23.96,22.52,23.81,3139960.0,73567806.2,3.7786,4.1557,0,0
2020-04-30,sz.300635,24.02,24.34,23.9,24.23,2301280.0,55630268.0,2.7694,1.764,0,0
2020-05-06,sz.300635,24.25,25.27,24.01,25.22,2678153.0,66855523.04,3.2229,4.0858,0,0
2020-05-07,sz.300635,25.66,25.66,24.85,25.16,2467801.0,62073360.19,2.9698,-0.2379,0,0
2020-05-08,sz.300635,25.24,25.4,24.89,24.89,2537280.0,63812468.94,3.0534,-1.0731,0,0
2020-05-11,sz.300635,25.0,25.15,24.64,24.94,2023613.0,50358372.72,2.4352,0.2009,0,0
2020-05-12,sz.300635,24.74,25.17,24.62,24.97,1102022.0,27291739.08,1.3262,0.1203,0,0
2020-05-13,sz.300635,25.09,25.23,24.51,24.88,1540135.0,38198961.35,1.8534,-0.3604,0,0
2020-05-14,sz.300635,24.89,25.56,24.6,25.02,1777817.0,44713077.71,2.1394,0.5627,0,0
2020-05-15,sz.300635,25.22,25.48,25.03,25.25,1405580.0,35464861.27,1.6915,0.9193,0,0
2020-05-18,sz.300635,25.5,25.5,24.75,25.02,1910237.0,47773807.66,2.2988,-0.9109,0,0
2020-05-19,sz.300635,25.19,25.3,24.85,25.26,1656704.0,41539016.2,1.9937,0.9592,0,0
2020-05-20,sz.300635,25.45,25.45,24.8,25.04,1760844.0,44182854.0,2.119,-0.8709,0,0
2020-05-21,sz.300635,25.2,25.4,24.88,25.15,2556366.0,64352058.9,3.0763,0.4393,0,0
2020-05-22,sz.300635,25.01,25.4,24.66,24.91,2314120.0,57851682.0,2.7848,-0.9543,0,0
2020-05-25,sz.300635,25.0,25.0,24.48,24.58,2732500.0,67276443.0,3.2883,-1.3248,0,0
2020-05-26,sz.300635,25.0,25.0,24.53,24.54,1677900.0,41579903.0,2.0192,-0.1627,0,0
2020-05-27,sz.300635,24.75,24.84,24.05,24.3,1825544.0,44512211.92,2.1969,-0.978,0,0
2020-05-28,sz.300635,24.4,24.4,23.24,23.62,2321373.0,54922292.27,2.7935,-2.7983,0,0
2020-05-29,sz.300635,23.6,25.0,23.32,24.8,2430560.0,58999329.8,2.9249,4.9958,0,0
2020-06-01,sz.300635,26.0,26.47,25.1,26.45,3849764.0,99960817.84,4.6328,6.6532,0,0
2020-06-02,sz.300635,26.46,27.87,26.43,27.79,3402056.0,92597359.3,4.094,5.0662,0,0
2020-06-03,sz.300635,28.0,29.15,27.62,28.5,2842873.0,81410224.71,3.4211,2.5549,0,0
2020-06-04,sz.300635,28.8,29.5,28.46,29.2,2965480.0,86041454.2,3.5687,2.4561,0,0
2020-06-05,sz.300635,29.2,30.25,29.17,30.23,2488503.0,74595611.62,2.9947,3.6694,0,0
2020-06-08,sz.300635,29.9,30.51,29.09,29.25,4685963.0,138670930.55,5.6391,-3.2418,0,0
2020-06-09,sz.300635,29.08,30.45,29.02,30.05,3176497.0,94804802.36,3.8226,2.735,0,0
2020-06-10,sz.300635,30.3,31.58,30.01,31.24,2432967.0,74952942.16,2.9278,3.9601,0,0
2020-06-11,sz.300635,30.99,30.99,29.2,29.8,4413020.0,131778167.24,5.3106,-4.6095,0,0
2020-06-12,sz.300635,29.89,30.18,29.24,29.94,2624840.0,78183513.6,3.1587,0.4698,0,0
2020-06-15,sz.300635,29.98,30.8,29.3,30.04,1948506.0,58346200.82,2.3448,0.334,0,0
2020-06-16,sz.300635,30.1,30.65,29.2,29.85,2771120.0,82538192.4,3.3348,-0.6325,0,0
2020-06-17,sz.300635,29.99,30.04,29.01,29.68,2041700.0,60071771.0,2.457,-0.5695,0,0
2020-06-18,sz.300635,29.7,30.2,29.39,29.98,1409320.0,42037092.0,1.696,1.0108,0,0
2020-06-19,sz.300635,29.9,30.38,29.73,30.38,3567863.0,107482408.26,4.2936,1.3342,0,0
2020-06-22,sz.300635,30.81,31.39,29.45,29.68,3198100.0,95401737.0,3.8486,-2.3041,0,0
2020-06-23,sz.300635,29.7,30.0,29.45,29.75,1662117.0,49295651.24,2.0002,0.2358,0,0
2020-06-24,sz.300635,29.98,29.98,29.34,29.53,1116600.0,32945642.0,1.3437,-0.7395,0,0
2020-06-29,sz.300635,29.7,30.03,29.2,29.26,2497160.0,73815817.79,3.0051,-0.9143,0,0
2020-06-30,sz.300635,29.18,29.56,29.03,29.19,2263500.0,66178960.8,2.7239,-0.2392,0,0
2020-07-01,sz.300635,29.11,29.39,28.2,28.66,2775140.0,79415574.8,3.3396,-1.8157,0,0
2020-07-02,sz.300635,28.67,29.53,28.13,28.39,3594380.0,103321407.62,4.3255,-0.9421,0,0
2020-07-03,sz.300635,28.69,28.69,28.12,28.39,1749240.0,49530562.0,2.105,0.0,0,0
2020-07-06,sz.300635,28.59,28.84,28.15,28.48,2537137.0,72170917.55,3.0532,0.317,0,0
2020-07-07,sz.300635,28.58,30.29,28.56,29.68,4441480.0,130972299.53,5.3449,4.2135,0,0
2020-07-08,sz.300635,29.7,29.76,26.71,26.72,9360346.0,256211209.45,11.2643,-9.973,0,0
2020-07-09,sz.300635,26.19,26.59,24.9,26.42,6364281.0,165416977.84,7.6588,-1.1228,0,0
2020-07-10,sz.300635,26.7,26.97,25.48,25.73,5331612.0,139779957.39,6.4161,-2.6117,0,0
2020-07-13,sz.300635,26.0,26.53,25.5,26.51,4974833.0,130026111.93,5.9867,3.0315,0,0
2020-07-14,sz.300635,26.29,26.68,25.8,26.2,4146466.0,108648202.72,4.9899,-1.1694,0,0
2020-07-15,sz.300635,26.0,26.03,25.02,25.38,3203286.0,81175008.96,3.8548,-3.1298,0,0
2020-07-16,sz.300635,25.5,25.53,24.2,24.49,3555320.0,88344827.77,4.2785,-3.5067,0,0
2020-07-17,sz.300635,24.6,25.6,24.5,24.75,2980015.0,74202290.75,3.5862,1.0617,0,0
2020-07-20,sz.300635,24.85,25.39,24.84,25.35,2608560.0,65751695.4,3.1391,2.4242,0,0
2020-07-21,sz.300635,25.6,25.62,25.13,25.38,2110400.0,53510138.67,2.5397,0.1183,0,0
2020-07-22,sz.300635,25.37,26.44,25.28,26.22,5504661.0,143353024.28,6.6243,3.3097,0,0
2020-07-23,sz.300635,26.23,26.56,25.49,25.95,3562859.0,92789374.55,4.2876,-1.0297,0,0
2020-07-24,sz.300635,25.86,26.21,24.8,25.2,3420435.0,87518301.8,4.1162,-2.8902,0,0
2020-07-27,sz.300635,25.49,25.98,24.25,25.22,3897860.0,97761711.66,4.6907,0.0794,0,0
2020-07-28,sz.300635,25.28,25.6,24.72,25.22,1838000.0,46246225.31,2.2119,0.0,0,0
2020-07-29,sz.300635,25.3,25.46,24.84,25.13,1390983.0,34920925.15,1.6739,-0.3569,0,0
2020-07-30,sz.300635,25.19,25.19,24.56,24.63,1402100.0,34635593.0,1.6873,-1.9897,0,0
2020-07-31,sz.300635,24.45,25.0,24.42,24.92,2071043.0,51494273.16,2.4923,1.1774,0,0
2020-08-03,sz.300635,25.03,25.2,24.76,24.96,1631175.0,40684127.3,1.963,0.1605,0,0
2020-08-04,sz.300635,24.96,25.16,24.53,24.99,2034051.0,50632644.98,2.4478,0.1202,0,0
2020-08-05,sz.300635,25.13,25.71,24.8,25.4,3216046.0,81417706.66,3.8702,1.6407,0,0
2020-08-06,sz.300635,25.4,25.72,25.1,25.5,2277800.0,57858721.53,2.7411,0.3937,0,0
2020-08-07,sz.300635,25.5,25.5,24.38,24.83,2165440.0,53968819.6,2.6059,-2.6275,0,0
2020-08-10,sz.300635,24.5,24.81,23.19,23.21,3793995.0,90463675.9,4.5657,-6.5244,0,0
2020-08-11,sz.300635,23.21,23.94,22.77,23.22,1702842.0,39763753.0,2.0492,0.0431,0,0
2020-08-12,sz.300635,23.1,23.67,23.04,23.67,1374335.0,32280638.9,1.6539,1.938,0,0
2020-08-13,sz.300635,24.0,24.09,23.67,23.79,1160620.0,27631882.0,1.3967,0.507,0,0
2020-08-14,sz.300635,23.81,23.94,23.58,23.9,803520.0,19106413.95,0.967,0.4624,0,0
2020-08-17,sz.300635,24.0,24.0,23.5,23.64,1094925.0,25941332.75,1.3176,-1.0879,0,0
2020-08-18,sz.300635,23.66,25.22,23.41,24.29,3187350.0,77703930.7,3.8357,2.7496,0,0
2020-08-19,sz.300635,24.6,24.99,23.8,23.95,1907940.0,46279700.6,2.296,-1.3998,0,0
2020-08-20,sz.300635,24.11,24.11,23.37,23.62,1458361.0,34508169.04,1.755,-1.3779,0,0
2020-08-21,sz.300635,23.6,24.5,23.56,24.15,1769806.0,42590296.8,2.1298,2.2439,0,0
2020-08-24,sz.300635,24.15,24.6,23.67,24.52,1504767.0,36502602.0,1.8108,1.5321,0,0
2020-08-25,sz.300635,24.6,25.68,24.55,25.58,3371283.0,85308113.35,4.057,4.323,0,0
2020-08-26,sz.300635,25.98,26.19,25.2,25.6,2109940.0,54027264.3,2.5391,0.0782,0,0
2020-08-27,sz.300635,25.65,25.65,23.69,24.67,2028896.0,49782333.8,2.4416,-3.6328,0,0
2020-08-28,sz.300635,24.4,24.8,23.91,24.01,1940600.0,46971954.6,2.2641,-2.6753,0,0
2020-08-31,sz.300635,24.2,24.32,23.51,23.51,1352840.0,32283573.95,1.5784,-2.0825,0,0
2020-09-01,sz.300635,23.85,23.85,23.01,23.59,1743686.0,40711999.89,2.0344,0.3403,0,0
2020-09-02,sz.300635,23.51,23.54,22.12,22.52,3725830.0,84240378.35,4.347,-4.5358,0,0
2020-09-03,sz.300635,22.49,22.49,21.9,22.28,2264667.0,50132394.82,2.6422,-1.0657,0,0
2020-09-04,sz.300635,22.0,22.9,21.73,22.59,2526461.0,56501182.1,2.9476,1.3914,0,0
2020-09-07,sz.300635,22.59,22.94,21.9,22.44,2244886.0,50386710.83,2.6191,-0.664,0,0
2020-09-08,sz.300635,22.39,22.93,22.1,22.42,2471206.0,55565366.72,2.8832,-0.0891,0,0
2020-09-09,sz.300635,22.42,22.59,21.92,22.0,2187200.0,48473508.0,2.5518,-1.8733,0,0
2020-09-10,sz.300635,22.1,22.53,21.59,22.2,2335300.0,51484297.0,2.7246,0.9091,0,0
2020-09-11,sz.300635,22.05,23.21,21.71,22.99,3534200.0,80453307.0,4.1234,3.5586,0,0
2020-09-14,sz.300635,23.08,23.16,22.69,22.87,2421400.0,55423199.0,2.8251,-0.522,0,0
2020-09-15,sz.300635,23.16,23.19,22.38,22.44,2072165.0,46892205.85,2.4176,-1.8802,0,0
2020-09-16,sz.300635,22.6,22.82,22.27,22.75,2213552.0,49992201.68,2.5826,1.3815,0,0
2020-09-17,sz.300635,22.76,23.12,22.52,22.65,1505900.0,34259204.0,1.7569,-0.4396,0,0
2020-09-18,sz.300635,22.67,22.85,22.2,22.61,1447404.0,32477625.84,1.6887,-0.1766,0,0
2020-09-21,sz.300635,22.59,22.88,22.25,22.77,1399255.0,31628281.45,1.6325,0.7077,0,0
2020-09-22,sz.300635,22.77,24.24,22.38,23.65,3732325.0,87570345.07,4.3545,3.8647,0,0
2020-09-23,sz.300635,23.68,25.15,23.65,24.5,4375104.0,107184256.12,5.1045,3.5941,0,0
2020-09-24,sz.300635,24.42,24.42,23.18,23.32,2402900.0,56720243.98,2.8035,-4.8163,0,0
2020-09-25,sz.300635,23.33,23.77,22.73,23.5,2382031.0,55393747.84,2.7791,0.7719,0,0
2020-09-28,sz.300635,23.5,23.88,22.89,23.04,1211704.0,28196077.72,1.4137,-1.9574,0,0
2020-09-29,sz.300635,23.05,24.29,22.83,23.9,2043700.0,48224455.92,2.3844,3.7326,0,0
2020-09-30,sz.300635,23.99,24.76,23.8,24.51,1770569.0,43186325.79,2.0657,2.5523,0,0
2020-10-09,sz.300635,24.7,24.9,23.8,24.0,2225169.0,53681838.69,2.5961,-2.0808,0,0
2020-10-12,sz.300635,24.15,24.38,23.71,24.35,2186529.0,52520163.08,2.551,1.4583,0,0
2020-10-13,sz.300635,24.36,24.39,23.63,23.78,1729980.0,41239513.6,2.0184,-2.3409,0,0
2020-10-14,sz.300635,23.72,23.73,22.48,22.48,2122100.0,48753555.4,2.4759,-5.4668,0,0
2020-10-15,sz.300635,22.79,23.06,22.53,22.85,1860580.0,42468010.38,2.1708,1.6459,0,0
2020-10-16,sz.300635,22.62,22.98,22.37,22.84,1561599.0,35415881.23,1.8219,-0.0438,0,0
2020-10-19,sz.300635,22.86,22.97,22.53,22.66,615877.0,13974849.28,0.7185,-0.7881,0,0
2020-10-20,sz.300635,22.66,23.28,22.33,23.16,1953185.0,44703933.69,2.2788,2.2065,0,0
2020-10-21,sz.300635,23.31,24.7,23.2,24.19,3130708.0,75101161.29,3.6526,4.4473,0,0
2020-10-22,sz.300635,24.55,24.86,23.82,24.53,2565929.0,62563280.6,2.9937,1.4055,0,0
2020-10-23,sz.300635,24.99,24.99,24.04,24.24,1723591.0,42343800.46,2.0109,-1.1822,0,0
2020-10-26,sz.300635,24.24,24.49,23.6,23.9,1179451.0,28185517.15,1.3761,-1.4026,0,0
2020-10-27,sz.300635,24.46,24.55,23.92,24.15,2234721.0,54200186.25,2.6073,1.046,0,0
2020-10-28,sz.300635,24.0,24.42,23.8,24.01,2078991.0,50122091.47,2.4256,-0.5797,0,0
2020-10-29,sz.300635,23.95,24.22,23.42,23.95,1921100.0,45900504.6,2.2414,-0.2499,0,0
2020-10-30,sz.300635,23.92,24.11,22.75,23.19,1711900.0,39998303.0,1.9973,-3.1733,0,0
2020-11-02,sz.300635,23.22,23.65,22.77,23.55,1601691.0,37078625.83,1.8687,1.5524,0,0
2020-11-03,sz.300635,23.66,24.7,23.65,24.38,2838526.0,68916061.78,3.3117,3.5244,0,0
2020-11-04,sz.300635,24.39,24.89,24.07,24.37,2304210.0,56370455.8,2.6883,-0.041,0,0
2020-11-05,sz.300635,24.42,24.49,23.9,24.2,1664385.0,40371786.65,1.9419,-0.6976,0,0
2020-11-06,sz.300635,24.21,24.35,23.4,23.47,1622900.0,38495526.0,1.8935,-3.0165,0,0
2020-11-09,sz.300635,23.64,23.88,23.38,23.67,1793320.0,42306252.47,2.0923,0.8522,0,0
2020-11-10,sz.300635,23.67,23.69,23.0,23.16,1247990.0,29055510.43,1.456,-2.1546,0,0
2020-11-11,sz.300635,23.2,23.5,23.02,23.33,912060.0,21221397.0,1.0641,0.734,0,0
2020-11-12,sz.300635,23.34,24.7,23.27,24.46,3619006.0,87261925.62,4.2223,4.8435,0,0
2020-11-13,sz.300635,24.54,25.28,23.97,24.08,3525530.0,86931021.98,4.1133,-1.5536,0,0
2020-11-16,sz.300635,24.45,24.92,23.88,24.8,2410332.0,59026659.88,2.8122,2.99,0,0
2020-11-17,sz.300635,24.99,24.99,23.82,24.1,3606000.0,86684680.0,4.2072,-2.8226,0,0
2020-11-18,sz.300635,24.3,26.5,24.1,26.08,5694192.0,145284139.2,6.6435,8.2158,0,0
2020-11-19,sz.300635,25.75,26.2,25.29,26.04,4204437.0,108349975.3,4.9054,-0.1534,0,0
2020-11-20,sz.300635,26.08,27.69,26.07,27.28,6829735.0,184253523.79,7.9683,4.7619,0,0
2020-11-23,sz.300635,27.28,27.5,26.6,26.98,3384386.0,91441755.34,3.9486,-1.0997,0,0
2020-11-24,sz.300635,27.27,27.73,26.86,27.27,2518001.0,68446268.1,2.9378,1.0749,0,0
2020-11-25,sz.300635,27.49,28.06,26.79,26.95,2969900.0,80699215.2,3.465,-1.1735,0,0
2020-11-26,sz.300635,27.0,27.2,26.07,26.17,2794275.0,74164490.5,3.2601,-2.8942,0,0
2020-11-27,sz.300635,26.5,26.6,25.25,25.42,2291800.0,58843678.0,2.6739,-2.8659,0,0
2020-11-30,sz.300635,25.5,25.78,25.3,25.51,2220940.0,56594907.8,2.5912,0.3541,0,0
2020-12-01,sz.300635,25.5,26.8,24.88,25.83,3117064.0,79621018.88,3.6367,1.2544,0,0
2020-12-02,sz.300635,25.8,26.3,25.0,25.55,2430200.0,61750075.72,2.8353,-1.084,0,0
2020-12-03,sz.300635,25.1,26.45,25.1,26.02,2620497.0,67849445.92,3.0574,1.8395,0,0
2020-12-04,sz.300635,26.02,26.02,24.61,25.34,3447060.0,86581777.64,4.0217,-2.6134,0,0
2020-12-07,sz.300635,25.34,25.7,25.0,25.37,1997717.0,50694491.29,2.3308,0.1184,0,0
2020-12-08,sz.300635,26.8,26.8,25.7,26.09,2776995.0,72888001.8,3.2399,2.838,0,0
2020-12-09,sz.300635,26.0,26.1,25.35,25.79,1622521.0,41743155.25,1.893,-1.1499,0,0
2020-12-10,sz.300635,26.0,26.76,25.91,26.18,3418960.0,90119858.56,3.9889,1.5122,0,0
2020-12-11,sz.300635,26.16,26.71,25.78,26.48,2653833.0,69729998.5,3.0962,1.1459,0,0
2020-12-14,sz.300635,26.48,26.88,25.37,26.78,4327975.0,113492156.58,5.0495,1.1329,0,0
2020-12-15,sz.300635,26.57,27.17,26.43,26.8,2905373.0,78128333.61,3.3897,0.0747,0,0
2020-12-16,sz.300635,26.3,26.3,22.0,23.0,6513716.0,154975202.69,7.5996,-14.1791,0,0
2020-12-17,sz.300635,23.25,25.17,23.0,24.6,4034333.0,97231371.85,4.7069,6.9565,0,0
2020-12-18,sz.300635,24.72,25.05,24.02,24.18,2304660.0,56126941.2,2.6889,-1.7073,0,0
2020-12-21,sz.300635,24.3,24.32,23.22,23.35,2092100.0,49543957.72,2.4409,-3.4326,0,0
2020-12-22,sz.300635,23.51,23.66,23.05,23.11,1531975.0,35757139.5,1.7874,-1.0278,0,0
2020-12-23,sz.300635,23.11,23.44,22.91,23.15,1210042.0,28091821.56,1.4118,0.1731,0,0
2020-12-24,sz.300635,23.16,23.27,22.65,22.85,1343200.0,30806683.0,1.5671,-1.2959,0,0
2020-12-25,sz.300635,22.84,23.0,22.32,22.32,1201357.0,27186732.09,1.4016,-2.3195,0,0
2020-12-28,sz.300635,22.35,22.76,21.81,22.36,2173120.0,48546859.4,2.5354,0.1792,0,0
2020-12-29,sz.300635,22.6,22.6,21.92,22.19,1381360.0,30718929.92,1.6116,-0.7603,0,0
2020-12-30,sz.300635,22.15,22.35,21.66,21.68,1776270.0,38869276.0,2.0724,-2.2983,0,0
2020-12-31,sz.300635,21.95,22.55,21.71,22.0,1921820.0,42510818.8,2.2423,1.476,0,0
2021-01-04,sz.300635,21.93,22.38,21.51,21.86,1539142.0,33535454.64,1.7958,-0.6364,0,0
2021-01-05,sz.300635,21.85,22.76,21.84,22.56,2147922.0,47804916.82,2.5061,3.2022,0,0
2021-01-06,sz.300635,22.51,22.79,22.35,22.43,1326600.0,29907825.0,1.5421,-0.5762,0,0
2021-01-07,sz.300635,22.43,22.6,21.2,21.49,2231200.0,48244061.0,2.5936,-4.1908,0,0
2021-01-08,sz.300635,21.5,22.49,21.36,22.29,1431100.0,31447809.48,1.6635,3.7227,0,0
2021-01-11,sz.300635,22.29,22.3,21.12,21.5,1532600.0,32931816.2,1.7815,-3.5442,0,0
2021-01-12,sz.300635,21.6,21.6,19.39,20.73,2054220.0,42103719.8,2.3879,-3.5814,0,0
2021-01-13,sz.300635,20.88,20.88,19.6,19.91,1434200.0,28544498.4,1.6671,-3.9556,0,0
2021-01-14,sz.300635,19.91,20.1,19.42,19.73,809660.0,15964338.1,0.9412,-0.9041,0,0
2021-01-15,sz.300635,19.73,20.47,19.73,19.93,660689.0,13235593.46,0.768,1.0137,0,0
2021-01-18,sz.300635,20.3,20.3,19.62,19.94,1012882.0,20192034.42,1.1774,0.0502,0,0
2021-01-19,sz.300635,19.9,20.36,19.88,20.0,1121400.0,22517526.64,1.3035,0.3009,0,0
2021-01-20,sz.300635,20.0,20.2,19.37,19.46,1081900.0,21134278.03,1.2576,-2.7,0,0
2021-01-21,sz.300635,19.25,19.98,18.73,19.48,1816160.0,35032809.0,2.1111,0.1028,0,0
2021-01-22,sz.300635,19.53,19.84,18.95,19.55,1516000.0,29326301.0,1.7622,0.3593,0,0
2021-01-25,sz.300635,19.47,20.33,19.38,20.33,1957964.0,38933680.78,2.276,3.9898,0,0
2021-01-26,sz.300635,20.73,20.83,20.03,20.65,1548743.0,31805145.62,1.8003,1.574,0,0
2021-01-27,sz.300635,20.66,20.9,19.86,20.16,1717152.0,35173796.34,1.9961,-2.3729,0,0
2021-01-28,sz.300635,20.16,20.2,19.23,19.57,1171100.0,23055929.0,1.3613,-2.9266,0,0
2021-01-29,sz.300635,19.58,19.58,18.73,19.07,930400.0,17756230.69,1.0815,-2.5549,0,0
2021-02-01,sz.300635,19.07,19.3,18.61,18.95,926700.0,17594394.54,1.0772,-0.6293,0,0
2021-02-02,sz.300635,18.99,19.08,18.24,18.35,1347420.0,24965426.8,1.5663,-3.1662,0,0
2021-02-03,sz.300635,18.69,19.5,18.44,19.11,2386417.0,45007142.48,2.774,4.1417,0,0
2021-02-04,sz.300635,19.11,20.6,19.05,20.18,3138031.0,61859702.41,3.6477,5.5992,0,0
2021-02-05,sz.300635,20.5,21.23,20.22,20.97,2904557.0,60246961.29,3.3763,3.9148,0,0
2021-02-08,sz.300635,21.1,22.4,21.1,22.32,2931691.0,64173790.15,3.4079,6.4378,0,0
2021-02-09,sz.300635,22.42,22.75,21.0,22.22,3826243.0,84789092.45,4.4477,-0.448,0,0
2021-02-10,sz.300635,22.38,22.96,22.23,22.44,1961255.0,44069795.77,2.2798,0.9901,0,0
2021-02-18,sz.300635,22.5,23.95,22.44,23.86,2740844.0,64447133.42,3.186,6.328,0,0
2021-02-19,sz.300635,24.1,24.56,23.88,24.2,1977166.0,47874839.2,2.2983,1.425,0,0
2021-02-22,sz.300635,24.24,24.72,23.2,23.79,2257210.0,54028171.3,2.6238,-1.6942,0,0
2021-02-23,sz.300635,23.86,23.99,22.98,23.36,1631800.0,38196714.8,1.8968,-1.8075,0,0
2021-02-24,sz.300635,23.35,23.49,22.6,22.68,1590800.0,36508389.0,1.8492,-2.911,0,0
2021-02-25,sz.300635,22.98,23.35,22.32,22.71,1270260.0,29013241.8,1.4766,0.1323,0,0
2021-02-26,sz.300635,22.7,23.27,22.29,22.76,2534730.0,57412683.97,2.9464,0.2202,0,0
2021-03-01,sz.300635,22.8,23.9,22.67,23.58,1802142.0,42312223.42,2.0949,3.6028,0,0
2021-03-02,sz.300635,23.59,24.43,23.59,24.0,1836575.0,44055073.75,2.1349,1.7812,0,0
2021-03-03,sz.300635,24.0,24.05,23.46,23.95,1040100.0,24668617.0,1.209,-0.2083,0,0
2021-03-04,sz.300635,23.99,23.99,23.33,23.55,1033140.0,24413230.8,1.2009,-1.6701,0,0
2021-03-05,sz.300635,23.54,23.74,22.89,23.41,959700.0,22364268.0,1.1156,-0.5945,0,0
2021-03-08,sz.300635,23.41,24.0,22.8,23.0,748400.0,17400766.0,0.87,-1.7514,0,0
2021-03-09,sz.300635,23.0,23.2,22.16,22.96,1029200.0,23428484.0,1.1964,-0.1739,0,0
2021-03-10,sz.300635,22.94,23.31,22.14,22.22,1075600.0,24172298.0,1.2503,-3.223,0,0
2021-03-11,sz.300635,22.14,22.28,21.84,21.84,834500.0,18385820.0,0.97,-1.7102,0,0
2021-03-12,sz.300635,21.81,21.97,21.22,21.3,1152400.0,24720186.8,1.3396,-2.4725,0,0
2021-03-15,sz.300635,21.08,21.75,21.08,21.3,733100.0,15693007.0,0.8522,0.0,0,0
2021-03-16,sz.300635,21.25,21.77,20.93,21.0,724900.0,15373392.0,0.8426,-1.4085,0,0
2021-03-17,sz.300635,21.0,21.36,20.36,20.66,1059310.0,21813631.3,1.2314,-1.619,0,0
2021-03-18,sz.300635,20.62,20.8,20.32,20.46,503900.0,10371924.0,0.5857,-0.9681,0,0
2021-03-19,sz.300635,20.5,20.79,19.42,19.75,1387166.0,27650628.42,1.6125,-3.4702,0,0
2021-03-22,sz.300635,19.66,20.04,19.35,19.49,948900.0,18543089.0,1.103,-1.3165,0,0
2021-03-23,sz.300635,19.49,19.75,19.1,19.44,884000.0,17055013.0,1.0276,-0.2565,0,0
2021-03-24,sz.300635,19.44,19.44,18.92,18.98,783446.0,14977807.78,0.9107,-2.3663,0,0
2021-03-25,sz.300635,19.04,19.69,18.85,19.01,1128200.0,21704438.0,1.3114,0.1581,0,0
2021-03-26,sz.300635,19.02,19.55,18.94,19.29,1208480.0,23240001.0,1.4048,1.4729,0,0
2021-03-29,sz.300635,19.49,19.49,18.85,18.88,864468.0,16509706.76,1.0049,-2.1255,0,0
2021-03-30,sz.300635,18.88,19.18,18.73,19.02,865240.0,16392948.6,1.0058,0.7415,0,0
2021-03-31,sz.300635,19.02,19.18,18.66,18.82,567700.0,10700409.0,0.6599,-1.0515,0,0
2021-04-01,sz.300635,18.76,18.88,18.58,18.83,456500.0,8570734.0,0.5306,0.0531,0,0
2021-04-02,sz.300635,18.85,19.49,18.68,19.36,832000.0,15842040.0,0.9671,2.8147,0,0
2021-04-06,sz.300635,19.32,19.78,19.3,19.48,872360.0,17021608.2,1.0141,0.6198,0,0
2021-04-07,sz.300635,19.55,19.6,19.03,19.31,562237.0,10805578.11,0.6536,-0.8727,0,0
2021-04-08,sz.300635,19.18,19.32,18.98,19.13,452660.0,8650348.88,0.5262,-0.9322,0,0
2021-04-09,sz.300635,19.13,19.22,19.0,19.1,301000.0,5746431.0,0.3499,-0.1568,0,0
2021-04-12,sz.300635,19.15,19.19,18.96,19.03,353100.0,6719160.0,0.4105,-0.3665,0,0
2021-04-13,sz.300635,19.03,19.11,18.43,18.45,602100.0,11289868.43,0.6999,-3.0478,0,0
2021-04-14,sz.300635,18.5,18.7,18.3,18.52,594500.0,11017554.0,0.6911,0.3794,0,0
2021-04-15,sz.300635,18.52,18.61,18.32,18.36,402400.0,7422572.0,0.4678,-0.8639,0,0
2021-04-16,sz.300635,18.36,19.26,18.36,19.0,833600.0,15727723.0,0.969,3.4858,0,0
2021-04-19,sz.300635,19.02,19.45,18.95,19.32,612507.0,11832690.03,0.712,1.6842,0,0
2021-04-20,sz.300635,19.3,19.45,19.06,19.07,614027.0,11767515.8,0.7138,-1.294,0,0
2021-04-21,sz.300635,19.02,19.2,18.81,19.09,603236.0,11479301.2,0.7012,0.1049,0,0
2021-04-22,sz.300635,19.2,19.44,19.0,19.1,461400.0,8820994.0,0.5363,0.0524,0,0
2021-04-23,sz.300635,19.13,19.14,18.61,18.7,565094.0,10615381.54,0.6569,-2.0942,0,0
2021-04-26,sz.300635,18.72,19.0,18.38,18.51,566773.0,10567821.85,0.6588,-1.016,0,0
2021-04-27,sz.300635,18.86,19.3,18.45,19.06,871894.0,16504277.68,1.0135,2.9714,0,0
2021-04-28,sz.300635,19.05,19.07,18.0,18.4,933860.0,17288318.56,1.0855,-3.4627,0,0
2021-04-29,sz.300635,18.31,18.55,17.98,18.25,583800.0,10691895.91,0.6786,-0.8152,0,0
2021-04-30,sz.300635,18.4,18.74,18.22,18.67,541900.0,9991587.0,0.6299,2.3014,0,0
2021-05-06,sz.300635,18.68,19.2,18.66,18.92,588407.0,11132243.48,0.684,1.339,0,0
2021-05-07,sz.300635,18.89,19.25,18.73,18.99,441600.0,8381758.0,0.5133,0.37,0,0
2021-05-10,sz.300635,18.96,19.44,18.96,19.22,625200.0,12000834.0,0.7267,1.2112,0,0
2021-05-11,sz.300635,19.22,19.45,19.16,19.3,524880.0,10117469.4,0.6101,0.4162,0,0
2021-05-12,sz.300635,19.3,19.9,19.17,19.71,698660.0,13600065.6,0.8121,2.1244,0,0
2021-05-13,sz.300635,19.78,20.06,19.46,19.6,549000.0,10808348.0,0.6382,-0.5581,0,0
2021-05-14,sz.300635,19.45,19.8,19.4,19.51,563500.0,11016699.0,0.655,-0.4592,0,0
2021-05-17,sz.300635,19.51,19.51,18.6,18.99,905400.0,17120036.0,1.0525,-2.6653,0,0
2021-05-18,sz.300635,18.99,19.34,18.58,19.2,866040.0,16442748.68,1.0067,1.1058,0,0
2021-05-19,sz.300635,19.29,19.75,19.17,19.21,639500.0,12415820.0,0.7434,0.0521,0,0
2021-05-20,sz.300635,19.25,19.31,19.02,19.16,330300.0,6322110.0,0.3839,-0.2603,0,0
2021-05-21,sz.300635,19.18,19.47,19.03,19.17,261800.0,5015799.0,0.3043,0.0522,0,0
2021-05-24,sz.300635,19.18,19.35,18.92,19.02,303300.0,5773175.36,0.3526,-0.7825,0,0
2021-05-25,sz.300635,19.02,19.03,18.6,18.62,520800.0,9766633.0,0.6054,-2.103,0,0
2021-05-26,sz.300635,18.66,19.3,18.56,19.3,831820.0,15784064.2,0.9669,3.652,0,0
2021-05-27,sz.300635,19.3,19.45,18.98,19.08,803104.0,15339314.16,0.9335,-1.1399,0,0
2021-05-28,sz.300635,19.06,19.1,18.8,18.92,454900.0,8623111.0,0.5288,-0.8386,0,0
2021-05-31,sz.300635,18.95,19.0,18.54,18.88,426824.0,8032348.12,0.4961,-0.2114,0,0
2021-06-01,sz.300635,18.84,19.5,18.84,19.08,604402.0,11513313.55,0.7026,1.0593,0,0
2021-06-02,sz.300635,19.07,19.07,18.81,18.86,389880.0,7387217.0,0.4532,-1.0493,0,0
2021-06-03,sz.300635,18.87,19.1,18.8,18.88,431740.0,8161405.6,0.5019,0.106,0,0
2021-06-04,sz.300635,18.88,19.0,18.61,18.69,546998.0,10235907.16,0.6358,-1.0064,0,0
2021-06-07,sz.300635,18.76,18.85,18.49,18.58,620820.0,11532644.0,0.7217,-0.5886,0,0
2021-06-08,sz.300635,18.58,18.77,18.52,18.67,320700.0,5977427.0,0.3728,0.4844,0,0
2021-06-09,sz.300635,18.66,18.88,18.4,18.48,486600.0,9017653.0,0.5656,-1.0177,0,0
2021-06-10,sz.300635,18.7,18.7,18.27,18.34,416660.0,7637215.2,0.4843,-0.7576,0,0
2021-06-11,sz.300635,18.34,18.65,18.21,18.44,450400.0,8307710.2,0.5236,0.5453,0,0
2021-06-15,sz.300635,18.65,22.1,18.44,20.75,3886610.0,78916145.42,4.5179,12.5271,0,0
2021-06-16,sz.300635,20.44,21.23,19.92,21.08,2293445.0,47671913.42,2.666,1.5904,0,0
2021-06-17,sz.300635,21.07,21.3,20.5,20.57,1389834.0,28780039.36,1.6156,-2.4194,0,0
2021-06-18,sz.300635,20.8,20.8,20.31,20.42,786800.0,16109485.0,0.9146,-0.7292,0,0
2021-06-21,sz.300635,20.35,20.46,19.68,19.95,1423800.0,28336440.0,1.6551,-2.3017,0,0
2021-06-22,sz.300635,19.94,20.3,19.64,19.75,1223967.0,24347176.99,1.4228,-1.0025,0,0
2021-06-23,sz.300635,19.69,20.15,19.45,19.99,1482676.0,29466002.0,1.7235,1.2152,0,0
2021-06-24,sz.300635,20.0,20.04,19.56,19.58,696700.0,13741211.0,0.8099,-2.051,0,0
2021-06-25,sz.300635,19.52,19.75,19.13,19.67,692986.0,13478072.18,0.8055,0.4597,0,0
2021-06-28,sz.300635,19.58,20.18,19.57,19.9,727800.0,14517220.0,0.846,1.1693,0,0
2021-06-29,sz.300635,19.9,20.18,19.31,19.31,692700.0,13524259.0,0.8052,-2.9648,0,0
2021-06-30,sz.300635,19.3,19.85,19.2,19.49,817500.0,16039129.0,0.9503,0.9322,0,0
2021-07-01,sz.300635,19.5,19.53,18.75,18.75,992166.0,18900158.48,1.1533,-3.7968,0,0
2021-07-02,sz.300635,18.82,18.9,18.44,18.67,548000.0,10213699.0,0.637,-0.4267,0,0
2021-07-05,sz.300635,18.65,18.94,18.43,18.76,590900.0,11071951.0,0.6869,0.4821,0,0
2021-07-06,sz.300635,18.76,19.7,18.66,19.32,1439000.0,27777045.0,1.6727,2.9851,0,0
2021-07-07,sz.300635,19.46,19.46,19.02,19.13,720100.0,13814332.0,0.8371,-0.9834,0,0
2021-07-08,sz.300635,19.17,19.2,18.85,19.0,709318.0,13493143.16,0.8245,-0.6796,0,0
2021-07-09,sz.300635,18.71,18.96,18.52,18.69,581500.0,10868775.64,0.6759,-1.6316,0,0
2021-07-12,sz.300635,18.75,19.38,18.7,19.18,1201000.0,23001194.0,1.3961,2.6217,0,0
2021-07-13,sz.300635,19.18,19.37,18.81,19.02,660917.0,12567297.11,0.7683,-0.8342,0,0
2021-07-14,sz.300635,19.03,19.16,18.84,18.92,639780.0,12104910.8,0.7437,-0.5258,0,0
2021-07-15,sz.300635,19.09,19.7,18.47,18.48,1604534.0,30205063.4,1.8651,-2.3256,0,0
2021-07-16,sz.300635,18.5,18.74,18.02,18.19,1340820.0,24483076.2,1.5586,-1.5693,0,0
2021-07-19,sz.300635,18.25,18.25,17.81,17.92,757200.0,13638497.0,0.8802,-1.4843,0,0
2021-07-20,sz.300635,17.98,18.17,17.3,17.9,963800.0,17004775.0,1.1203,-0.1116,0,0
2021-07-21,sz.300635,17.95,18.12,17.81,17.89,575700.0,10332542.0,0.6692,-0.0559,0,0
2021-07-22,sz.300635,17.85,18.01,17.5,17.56,1012760.0,17951224.4,1.1773,-1.8446,0,0
2021-07-23,sz.300635,17.57,18.35,17.16,18.07,1289100.0,22733355.0,1.4985,2.9043,0,0
2021-07-26,sz.300635,18.05,18.05,17.21,17.5,864798.0,15094412.34,1.0053,-3.1544,0,0
2021-07-27,sz.300635,17.55,17.6,16.73,17.01,1537700.0,26269938.29,1.7875,-2.8,0,0
2021-07-28,sz.300635,17.0,17.0,15.5,15.68,1278900.0,20548451.0,1.4866,-7.8189,0,0
2021-07-29,sz.300635,16.0,16.4,15.86,16.33,950922.0,15416668.28,1.1054,4.1454,0,0
2021-07-30,sz.300635,16.6,17.04,16.21,16.97,973960.0,16256486.0,1.1322,3.9192,0,0
2021-08-02,sz.300635,17.14,17.14,16.65,16.76,921400.0,15471275.0,1.0711,-1.2375,0,0
2021-08-03,sz.300635,16.76,16.98,16.66,16.78,469606.0,7902930.02,0.5459,0.1193,0,0
2021-08-04,sz.300635,16.83,16.95,16.64,16.72,677021.0,11334285.1,0.787,-0.3576,0,0
2021-08-05,sz.300635,16.72,16.72,16.24,16.5,793276.0,12998195.82,0.9221,-1.3158,0,0
2021-08-06,sz.300635,16.75,16.94,16.31,16.68,933200.0,15518439.62,1.0848,1.0909,0,0
2021-08-09,sz.300635,16.69,16.8,16.13,16.55,1868700.0,30535408.0,2.1722,-0.7794,0,0
2021-08-10,sz.300635,16.5,16.65,16.29,16.58,1123362.0,18486374.08,1.3058,0.1813,0,0
2021-08-11,sz.300635,16.56,16.58,16.22,16.39,1502000.0,24510277.0,1.746,-1.146,0,0
2021-08-12,sz.300635,16.36,16.5,15.93,15.95,2048082.0,33096467.14,2.3807,-2.6846,0,0
2021-08-13,sz.300635,15.93,15.95,15.58,15.68,1165100.0,18276124.0,1.3543,-1.6928,0,0
2021-08-16,sz.300635,15.38,16.5,15.17,16.22,2092740.0,33294146.4,2.4326,3.4439,0,0
2021-08-17,sz.300635,16.22,16.43,15.4,15.5,1680400.0,26574958.0,1.9533,-4.439,0,0
2021-08-18,sz.300635,15.87,15.87,15.48,15.55,981598.0,15339446.82,1.141,0.3226,0,0
2021-08-19,sz.300635,15.55,15.61,15.22,15.32,1065099.0,16405717.39,1.2381,-1.4791,0,0
2021-08-20,sz.300635,15.26,15.48,15.12,15.37,941900.0,14409398.0,1.0949,0.3264,0,0
2021-08-23,sz.300635,15.39,15.81,15.39,15.68,1280900.0,20068033.0,1.4889,2.0169,0,0
2021-08-24,sz.300635,15.7,16.08,15.52,15.61,876400.0,13790124.24,1.0187,-0.4464,0,0
2021-08-25,sz.300635,15.71,16.36,15.56,16.3,1714260.0,27573177.4,1.9927,4.4202,0,0
2021-08-26,sz.300635,16.3,16.32,15.94,16.11,1050400.0,16876986.0,1.221,-1.1656,0,0
2021-08-27,sz.300635,16.0,16.0,15.58,15.7,795480.0,12502334.2,0.9247,-2.545,0,0
2021-08-30,sz.300635,15.7,16.2,15.7,15.99,1170980.0,18600379.8,1.2207,1.8471,0,0
2021-08-31,sz.300635,16.0,16.34,15.79,15.9,1125000.0,17985856.0,1.1728,-0.5629,0,0
2021-09-01,sz.300635,15.92,16.2,15.32,16.02,1583500.0,25119672.6,1.6508,0.7547,0,0
2021-09-02,sz.300635,16.05,16.65,15.96,16.58,1815580.0,29618187.0,1.8927,3.4956,0,0
2021-09-03,sz.300635,16.57,16.79,16.11,16.16,1753698.0,28765300.66,1.8282,-2.5332,0,0
2021-09-06,sz.300635,16.19,16.47,15.98,16.16,1482747.0,23943107.99,1.5457,0.0,0,0
2021-09-07,sz.300635,16.28,17.1,16.11,17.05,3336306.0,55682009.64,3.478,5.5074,0,0
2021-09-08,sz.300635,17.05,17.18,16.8,16.9,1641476.0,27845462.2,1.7112,-0.8798,0,0
2021-09-09,sz.300635,16.95,17.78,16.76,16.92,1986401.0,34152856.92,2.0708,0.1183,0,0
2021-09-10,sz.300635,16.9,17.1,16.49,16.72,1577800.0,26365210.6,1.6448,-1.182,0,0
2021-09-13,sz.300635,16.72,16.74,16.14,16.22,1267100.0,20702969.0,1.3209,-2.9904,0,0
2021-09-14,sz.300635,16.35,16.35,15.89,16.03,1554620.0,24979549.0,1.6207,-1.1714,0,0
2021-09-15,sz.300635,16.2,16.78,15.93,16.5,1559204.0,25520745.15,1.6254,2.932,0,0
2021-09-16,sz.300635,16.49,16.76,16.22,16.31,1474400.0,24323754.8,1.537,-1.1515,0,0
2021-09-17,sz.300635,16.22,16.4,15.91,16.31,1121400.0,18091552.0,1.169,0.0,0,0
2021-09-22,sz.300635,16.0,16.28,15.84,15.86,1061400.0,17013982.0,1.1065,-2.759,0,0
2021-09-23,sz.300635,16.18,16.64,16.08,16.19,953706.0,15517175.5,0.9942,2.0807,0,0
2021-09-24,sz.300635,16.4,16.4,15.72,15.84,925440.0,14715556.36,0.9648,-2.1618,0,0
2021-09-27,sz.300635,15.85,15.85,15.15,15.25,1247511.0,19147825.49,1.3005,-3.7247,0,0
2021-09-28,sz.300635,15.38,15.38,15.06,15.13,862780.0,13080599.0,0.8994,-0.7869,0,0
2021-09-29,sz.300635,15.13,15.24,14.65,14.71,959700.0,14236069.8,1.0005,-2.7759,0,0
2021-09-30,sz.300635,14.75,15.48,14.71,15.4,813302.0,12367089.3,0.8478,4.6907,0,0
2021-10-08,sz.300635,15.4,16.4,15.4,16.15,1352897.0,21724406.34,1.4104,4.8701,0,0
2021-10-11,sz.300635,16.16,16.3,15.95,16.25,950540.0,15347143.8,0.9909,0.6192,0,0
2021-10-12,sz.300635,16.17,16.4,15.83,16.09,760952.0,12202997.21,0.7933,-0.9846,0,0
2021-10-13,sz.300635,16.09,16.22,15.55,16.1,618640.0,9811515.8,0.6449,0.0622,0,0
2021-10-14,sz.300635,15.81,16.34,15.81,16.3,802200.0,13005615.0,0.8363,1.2422,0,0
2021-10-15,sz.300635,16.29,16.82,16.07,16.07,862600.0,14202603.0,0.8992,-1.411,0,0
2021-10-18,sz.300635,16.0,16.49,15.55,16.34,879900.0,14282564.0,0.9173,1.6801,0,0
2021-10-19,sz.300635,16.37,16.79,16.07,16.15,756600.0,12395015.2,0.7887,-1.1628,0,0
2021-10-20,sz.300635,16.15,16.23,15.81,15.97,690240.0,11030439.8,0.7196,-1.1146,0,0
2021-10-21,sz.300635,15.9,16.03,15.7,15.71,389860.0,6178281.0,0.4064,-1.6281,0,0
2021-10-22,sz.300635,15.83,15.89,15.47,15.59,399300.0,6234534.0,0.4163,-0.7638,0,0
2021-10-25,sz.300635,15.46,15.84,15.3,15.66,570160.0,8895980.0,0.5944,0.449,0,0
2021-10-26,sz.300635,15.67,15.87,15.35,15.43,413000.0,6395210.0,0.4305,-1.4687,0,0
2021-10-27,sz.300635,15.44,15.45,14.9,14.96,563256.0,8477752.36,0.5872,-3.046,0,0
2021-10-28,sz.300635,14.91,15.1,14.7,14.95,527900.0,7835465.0,0.5503,-0.0668,0,0
2021-10-29,sz.300635,15.0,16.36,14.95,16.18,1780964.0,28330921.6,1.8566,8.2274,0,0
2021-11-01,sz.300635,16.11,16.26,15.77,16.09,1258400.0,20238128.0,1.3119,-0.5562,0,0
2021-11-02,sz.300635,16.09,16.09,15.15,15.54,1502156.0,23314561.16,1.566,-3.4183,0,0
2021-11-03,sz.300635,15.45,15.65,15.25,15.51,564600.0,8685892.0,0.5886,-0.1931,0,0
2021-11-04,sz.300635,15.3,15.51,15.26,15.38,493000.0,7572347.66,0.5139,-0.8382,0,0
2021-11-05,sz.300635,15.38,15.38,14.98,15.08,801900.0,12135140.0,0.836,-1.9506,0,0
2021-11-08,sz.300635,15.1,15.19,14.78,15.14,1031700.0,15424367.0,1.0755,0.3979,0,0
2021-11-09,sz.300635,15.14,15.63,15.07,15.08,1064002.0,16197351.26,1.1092,-0.3963,0,0
2021-11-10,sz.300635,15.06,15.56,15.02,15.35,591400.0,9027648.0,0.6165,1.7905,0,0
2021-11-11,sz.300635,15.26,15.53,15.26,15.42,532681.0,8200530.4,0.5553,0.456,0,0
2021-11-12,sz.300635,15.42,15.65,15.19,15.29,574100.0,8782500.0,0.5985,-0.8431,0,0
2021-11-15,sz.300635,15.25,16.67,15.25,16.56,3243838.0,52439628.7,3.3816,8.3061,0,0
2021-11-16,sz.300635,16.49,16.49,15.96,16.06,1673838.0,27080094.86,1.7449,-3.0193,0,0
2021-11-17,sz.300635,16.18,16.32,16.02,16.23,1158200.0,18728826.0,1.2074,1.0585,0,0
2021-11-18,sz.300635,16.19,16.68,16.08,16.34,1418480.0,23213111.62,1.4787,0.6778,0,0
2021-11-19,sz.300635,16.27,16.37,16.0,16.25,869600.0,14060534.0,0.9065,-0.5508,0,0
2021-11-22,sz.300635,16.45,16.45,15.94,15.99,1329000.0,21289750.05,1.3855,-1.6,0,0
2021-11-23,sz.300635,15.91,16.08,15.47,15.5,2207900.0,34641973.0,2.3017,-3.0644,0,0
2021-11-24,sz.300635,15.55,15.86,15.33,15.75,1937700.0,30248766.0,2.02,1.6129,0,0
2021-11-25,sz.300635,15.68,16.34,15.53,16.08,2517500.0,40248386.39,2.6244,2.0952,0,0
2021-11-26,sz.300635,16.22,16.22,15.48,15.63,2075173.0,32522365.96,2.1633,-2.7985,0,0
2021-11-29,sz.300635,15.5,15.65,15.31,15.57,921645.0,14280872.02,0.9608,-0.3839,0,0
2021-11-30,sz.300635,15.6,15.87,15.46,15.72,1599640.0,25097383.8,1.6676,0.9634,0,0
2021-12-01,sz.300635,15.72,16.18,15.6,16.1,2304406.0,36744584.5,2.4023,2.4173,0,0
2021-12-02,sz.300635,16.23,16.26,15.81,15.82,1800700.0,28804271.0,1.8772,-1.7391,0,0
2021-12-03,sz.300635,15.84,16.56,15.73,16.33,2638380.0,42838138.4,2.7505,3.2238,0,0
2021-12-06,sz.300635,16.33,16.55,15.98,16.13,2004980.0,32378660.8,2.0901,-1.2247,0,0
2021-12-07,sz.300635,16.55,16.75,15.83,15.85,2319372.0,37434774.92,2.4179,-1.7359,0,0
2021-12-08,sz.300635,15.89,16.5,15.63,16.12,1786000.0,28715331.0,1.8619,1.7035,0,0
2021-12-09,sz.300635,16.1,16.27,15.91,16.19,1198900.0,19298746.0,1.2498,0.4342,0,0
2021-12-10,sz.300635,16.08,16.4,16.03,16.12,1232800.0,19939532.0,1.2852,-0.4324,0,0
2021-12-13,sz.300635,16.12,16.17,15.83,15.85,1332600.0,21226691.65,1.3892,-1.6749,0,0
2021-12-14,sz.300635,15.82,16.22,15.7,16.09,1906225.0,30395249.6,1.9872,1.5142,0,0
2021-12-15,sz.300635,16.07,16.42,16.01,16.15,2614847.0,42405393.86,2.7259,0.3729,0,0
2021-12-16,sz.300635,16.35,16.35,15.94,16.15,1407000.0,22629869.0,1.4668,0.0,0,0
2021-12-17,sz.300635,16.19,16.19,15.9,15.97,1384400.0,22166901.0,1.4432,-1.1146,0,0
2021-12-20,sz.300635,15.97,16.22,15.85,15.97,1210800.0,19383715.0,1.2622,0.0,0,0
2021-12-21,sz.300635,15.86,19.16,15.86,18.0,10747795.0,187480133.2,11.2043,12.7113,0,0
2021-12-22,sz.300635,17.87,17.87,17.0,17.17,5427095.0,93809079.6,5.6576,-4.6111,0,0
2021-12-23,sz.300635,17.0,17.33,16.51,16.69,3850600.0,64793061.0,4.0142,-2.7956,0,0
2021-12-24,sz.300635,16.6,16.76,16.2,16.29,2462900.0,40339459.0,2.5675,-2.3966,0,0
2021-12-27,sz.300635,16.24,16.46,16.08,16.42,1883600.0,30716594.1,1.9636,0.798,0,0
2021-12-28,sz.300635,16.44,16.56,16.2,16.41,1556300.0,25435699.0,1.6224,-0.0609,0,0
2021-12-29,sz.300635,16.44,16.46,16.16,16.18,1705073.0,27732086.52,1.7775,-1.4016,0,0
2021-12-30,sz.300635,16.18,16.38,16.09,16.21,1664400.0,27038398.0,1.7351,0.1854,0,0
2021-12-31,sz.300635,16.21,16.36,16.16,16.3,1210662.0,19689169.36,1.2621,0.5552,0,0
2022-01-04,sz.300635,16.28,16.54,16.23,16.52,1849000.0,30420529.0,1.9275,1.3497,0,0
2022-01-05,sz.300635,16.54,16.68,16.13,16.34,1883800.0,30770861.0,1.9638,-1.0896,0,0
2022-01-06,sz.300635,16.22,16.67,16.22,16.59,2014562.0,33297161.52,2.1001,1.53,0,0
2022-01-07,sz.300635,16.61,16.73,16.3,16.31,1962352.0,32409645.8,2.0457,-1.6878,0,0
2022-01-10,sz.300635,16.32,16.64,16.02,16.63,2306056.0,37780134.66,2.404,1.962,0,0
2022-01-11,sz.300635,16.61,16.86,16.31,16.4,1820900.0,30230780.0,1.8982,-1.383,0,0
2022-01-12,sz.300635,16.46,16.79,16.46,16.53,1571600.0,26087239.0,1.6384,0.7927,0,0
2022-01-13,sz.300635,16.53,16.97,16.48,16.75,2693300.0,45242938.93,2.8077,1.3309,0,0
2022-01-14,sz.300635,16.72,16.91,16.21,16.22,2407200.0,39847396.26,2.5095,-3.1642,0,0
2022-01-17,sz.300635,16.22,16.76,16.07,16.62,2271566.0,37547861.58,2.3681,2.4661,0,0
2022-01-18,sz.300635,16.74,17.6,16.03,17.49,7473566.0,126541507.1,7.791,5.2347,0,0
2022-01-19,sz.300635,17.1,17.18,16.6,17.05,4485820.0,75856461.68,4.6764,-2.5157,0,0
2022-01-20,sz.300635,16.94,17.04,16.34,16.36,2896100.0,48061765.0,3.0191,-4.0469,0,0
2022-01-21,sz.300635,16.26,16.72,16.16,16.38,1954490.0,32158725.2,2.0375,0.1222,0,0
2022-01-24,sz.300635,16.45,16.45,16.13,16.33,1265200.0,20577620.0,1.3189,-0.3053,0,0
2022-01-25,sz.300635,16.2,16.25,14.22,14.23,4230500.0,63587730.6,4.4102,-12.8598,0,0
2022-01-26,sz.300635,14.28,14.69,13.92,14.08,1526520.0,21655151.0,1.5914,-1.0541,0,0
2022-01-27,sz.300635,13.89,14.16,13.48,13.92,1771385.0,24435411.85,1.8466,-1.1364,0,0
2022-01-28,sz.300635,13.86,14.56,13.86,14.26,1401255.0,19987090.55,1.4608,2.4425,0,0
2022-02-07,sz.300635,14.62,14.96,14.26,14.86,1581900.0,23240401.0,1.6491,4.2076,0,0
2022-02-08,sz.300635,15.02,15.31,14.81,15.01,1733600.0,26221516.0,1.8072,1.0094,0,0
2022-02-09,sz.300635,14.98,15.21,14.9,15.01,880600.0,13229761.0,0.918,0.0,0,0
2022-02-10,sz.300635,14.95,15.18,14.65,14.73,1279900.0,18970157.0,1.3343,-1.8654,0,0
2022-02-11,sz.300635,14.7,14.79,14.19,14.28,1573700.0,22703620.0,1.6405,-3.055,0,0
2022-02-14,sz.300635,14.28,14.84,14.01,14.59,1276100.0,18643119.0,1.3303,2.1709,0,0
2022-02-15,sz.300635,14.63,14.84,14.33,14.55,804600.0,11732988.0,0.8388,-0.2742,0,0
2022-02-16,sz.300635,14.74,15.17,14.66,15.12,1580584.0,23638869.64,1.6477,3.9175,0,0
2022-02-17,sz.300635,14.99,15.38,14.85,15.0,1702744.0,25692351.68,1.7751,-0.7937,0,0
2022-02-18,sz.300635,14.58,15.38,14.58,15.28,1655400.0,25070071.0,1.7257,1.8667,0,0
2022-02-21,sz.300635,15.28,15.88,15.28,15.47,2975795.0,46366171.4,3.1022,1.2435,0,0
2022-02-22,sz.300635,15.24,15.58,15.01,15.15,2165400.0,33094020.0,2.2574,-2.0685,0,0
2022-02-23,sz.300635,15.15,15.29,14.93,15.02,1588300.0,23905388.0,1.6558,-0.8581,0,0
2022-02-24,sz.300635,15.02,15.09,14.27,14.4,1858920.0,27224120.0,1.9379,-4.1278,0,0
2022-02-25,sz.300635,14.54,14.99,14.5,14.55,932200.0,13713653.0,0.9718,1.0417,0,0
2022-02-28,sz.300635,14.49,14.77,14.1,14.23,1312980.0,18732334.0,1.3688,-2.1993,0,0
2022-03-01,sz.300635,14.4,14.4,14.18,14.28,883100.0,12619602.0,0.9206,0.3514,0,0
2022-03-02,sz.300635,14.28,14.38,14.21,14.34,857100.0,12252122.0,0.8935,0.4202,0,0
2022-03-03,sz.300635,14.34,17.21,14.32,15.72,13702326.0,223348037.0,14.2844,9.6234,0,0
2022-03-04,sz.300635,15.19,15.9,14.98,14.99,9158580.0,140404371.0,9.5476,-4.6438,0,0
2022-03-07,sz.300635,14.88,15.12,14.45,14.45,4107500.0,60437976.0,4.282,-3.6024,0,0
2022-03-08,sz.300635,14.48,14.76,13.55,13.76,4588050.0,64048227.0,4.7829,-4.7751,0,0
2022-03-09,sz.300635,13.71,13.95,12.81,13.29,3816400.0,51266695.0,3.9785,-3.4157,0,0
2022-03-10,sz.300635,13.61,14.02,13.57,13.65,2776200.0,38292567.0,2.8941,2.7088,0,0
2022-03-11,sz.300635,13.5,13.56,13.04,13.55,2006300.0,26706518.0,2.0915,-0.7326,0,0
2022-03-14,sz.300635,13.43,13.55,13.06,13.06,1712400.0,22668822.0,1.7851,-3.6162,0,0
2022-03-15,sz.300635,12.98,13.12,12.51,12.55,2668800.0,34195458.0,2.7822,-3.9051,0,0
2022-03-16,sz.300635,12.67,13.05,12.37,12.96,1825605.0,23252467.0,1.9032,3.2669,0,0
2022-03-17,sz.300635,13.09,13.41,13.09,13.35,1970000.0,26228441.0,2.0537,3.0093,0,0
2022-03-18,sz.300635,13.28,14.51,13.1,14.4,4593201.0,64513451.85,4.7883,7.8652,0,0
2022-03-21,sz.300635,14.29,15.28,14.27,15.27,5418367.0,81286104.35,5.6485,6.0417,0,0
2022-03-22,sz.300635,15.15,15.71,15.15,15.65,4047400.0,62707241.0,4.2193,2.4885,0,0
2022-03-23,sz.300635,15.51,16.08,15.48,15.93,4001055.0,63650835.25,4.171,1.7891,0,0
2022-03-24,sz.300635,15.71,15.98,15.38,15.78,2335720.0,36781572.0,2.4349,-0.9416,0,0
2022-03-25,sz.300635,15.6,15.98,15.31,15.36,2594800.0,40416275.08,2.705,-2.6616,0,0
2022-03-28,sz.300635,15.44,15.62,14.8,15.46,2329339.0,35713052.59,2.4283,0.651,0,0
2022-03-29,sz.300635,15.46,15.76,14.98,15.33,2043100.0,31190204.0,2.1299,-0.8409,0,0
2022-03-30,sz.300635,15.24,15.64,15.24,15.46,1870420.0,28943049.2,1.9499,0.848,0,0
2022-03-31,sz.300635,15.46,15.57,15.33,15.47,1000400.0,15452100.0,1.0429,0.0647,0,0
2022-04-01,sz.300635,15.47,15.99,15.01,15.65,2174780.0,33899208.0,2.2672,1.1635,0,0
2022-04-06,sz.300635,16.21,16.21,15.58,15.79,2278000.0,36053221.0,2.3748,0.8946,0,0
2022-04-07,sz.300635,15.79,15.85,15.39,15.56,1709620.0,26766225.2,1.7822,-1.4566,0,0
2022-04-08,sz.300635,15.7,16.13,15.49,16.0,2174216.0,34521068.4,2.2666,2.8278,0,0
2022-04-11,sz.300635,16.0,16.83,15.67,16.48,5376641.0,88387221.76,5.605,3.0,0,0
2022-04-12,sz.300635,16.21,16.68,16.09,16.67,2833000.0,46488751.0,2.9533,1.1529,0,0
2022-04-13,sz.300635,16.66,17.96,16.17,17.19,5168500.0,88381397.61,5.388,3.1194,0,0
2022-04-14,sz.300635,16.91,17.42,16.62,17.15,3707387.0,63154659.99,3.8649,-0.2327,0,0
2022-04-15,sz.300635,17.05,17.09,16.04,16.21,3417882.0,56527064.86,3.5631,-5.481,0,0
2022-04-18,sz.300635,16.07,17.88,16.07,17.58,4153000.0,71717900.4,4.3294,8.4516,0,0
2022-04-19,sz.300635,17.1,17.58,16.8,17.36,2404700.0,41171558.0,2.5068,-1.2514,0,0
2022-04-20,sz.300635,17.08,17.46,16.82,16.98,1794158.0,30697855.28,1.8704,-2.1889,0,0
2022-04-21,sz.300635,16.77,17.43,16.61,17.1,1919400.0,32652598.0,2.0009,0.7067,0,0
2022-04-22,sz.300635,17.1,17.34,16.72,17.27,1662600.0,28455523.0,1.7332,0.9942,0,0
2022-04-25,sz.300635,17.16,18.28,16.85,17.55,4473139.0,79286778.94,4.6631,1.6213,0,0
2022-04-26,sz.300635,18.19,18.2,15.99,16.46,5275403.0,89266756.76,5.4995,-6.2108,0,0
2022-04-27,sz.300635,16.04,17.23,15.91,17.04,3292248.0,55061000.71,3.4321,3.5237,0,0
2022-04-28,sz.300635,16.86,17.61,16.22,16.52,2438200.0,41091481.0,2.5424,-3.0516,0,0
2022-04-29,sz.300635,16.48,18.12,16.11,18.06,4539400.0,78873478.18,4.7334,9.322,0,0
2022-05-05,sz.300635,18.0,18.68,17.72,18.16,4149859.0,75947234.97,4.3272,0.5537,0,0
2022-05-06,sz.300635,17.97,18.75,17.61,18.75,4566700.0,84045140.52,4.7619,3.2489,0,0
2022-05-09,sz.300635,18.89,19.27,18.23,19.15,4826370.0,90821309.0,5.0327,2.1333,0,0
2022-05-10,sz.300635,18.68,19.34,18.5,19.23,2907680.0,55607445.4,3.032,0.4178,0,0
2022-05-11,sz.300635,19.23,19.61,18.66,19.02,4174360.0,79907919.44,4.3528,-1.092,0,0
2022-05-12,sz.300635,19.2,19.47,18.78,18.9,2382560.0,45510485.0,2.4844,-0.6309,0,0
2022-05-13,sz.300635,18.89,20.82,18.71,20.31,6296844.0,124220171.5,6.566,7.4603,0,0
2022-05-16,sz.300635,20.06,20.64,19.65,20.14,6579230.0,132769584.36,6.8604,-0.837,0,0
2022-05-17,sz.300635,19.92,20.5,19.9,20.4,2385500.0,48183173.0,2.4875,1.291,0,0
2022-05-18,sz.300635,20.59,20.59,19.75,20.11,2253749.0,45330920.56,2.3501,-1.4216,0,0
2022-05-19,sz.300635,20.08,20.08,19.2,19.38,3048903.0,59603815.11,3.1792,-3.63,0,0
2022-05-20,sz.300635,19.28,20.67,19.28,20.19,5034707.0,101750792.6,5.2499,4.1796,0,0
2022-05-23,sz.300635,20.04,20.5,19.69,19.9,3244700.0,64854050.0,3.3834,-1.4364,0,0
2022-05-24,sz.300635,19.66,19.95,19.03,19.03,2642200.0,51109270.28,2.7551,-4.3719,0,0
2022-05-25,sz.300635,18.83,19.44,18.8,19.22,1310874.0,25157431.22,1.3669,0.9984,0,0
2022-05-26,sz.300635,19.38,19.39,19.08,19.18,1077700.0,20705212.0,1.1238,-0.2081,0,0
2022-05-27,sz.300635,19.05,19.76,19.01,19.15,1412700.0,27220644.0,1.4731,-0.1564,0,0
2022-05-30,sz.300635,19.15,19.3,18.99,19.19,1000800.0,19136223.0,1.0436,0.2089,0,0
2022-05-31,sz.300635,19.23,19.63,18.7,19.16,1589200.0,30498188.0,1.6571,-0.1563,0,0
2022-06-01,sz.300635,19.0,19.21,18.9,19.04,1411100.0,26892774.0,1.4714,-0.6263,0,0
2022-06-02,sz.300635,18.94,20.87,18.88,20.57,5539629.0,110352158.27,5.7764,8.0357,0,0
2022-06-06,sz.300635,20.48,20.54,19.88,20.12,2838912.0,57285371.88,2.9603,-2.1877,0,0
2022-06-07,sz.300635,20.2,20.2,19.57,19.9,1836999.0,36395647.2,1.9155,-1.0934,0,0
2022-06-08,sz.300635,19.9,20.05,19.4,19.65,1255656.0,24716130.6,1.3093,-1.2563,0,0
2022-06-09,sz.300635,19.65,19.69,18.91,19.14,1801878.0,34545034.98,1.8789,-2.4962,0,0
2022-06-10,sz.300635,18.85,19.6,18.81,19.37,1448590.0,27858035.42,1.5105,1.2017,0,0
2022-06-13,sz.300635,19.35,19.36,18.82,19.04,1456900.0,27735958.0,1.5192,-1.7037,0,0
2022-06-14,sz.300635,19.01,19.01,17.5,18.7,2178318.0,40139641.74,2.2714,-1.7857,0,0
2022-06-15,sz.300635,18.7,18.86,18.21,18.35,1763240.0,32443659.86,1.8386,-1.8717,0,0
2022-06-16,sz.300635,18.34,18.7,18.3,18.49,1170400.0,21667705.0,1.2204,0.7629,0,0
2022-06-17,sz.300635,18.6,18.68,18.21,18.46,1214100.0,22441284.0,1.266,-0.1622,0,0
2022-06-20,sz.300635,18.63,18.85,18.06,18.43,1520707.0,27977484.38,1.5857,-0.1625,0,0
2022-06-21,sz.300635,18.35,18.6,18.22,18.48,1095667.0,20156415.45,1.1425,0.2713,0,0
2022-06-22,sz.300635,18.48,18.64,18.07,18.25,1132654.0,20708555.44,1.1811,-1.2446,0,0
2022-06-23,sz.300635,18.25,18.41,17.32,17.95,2326392.0,41418126.31,2.4258,-1.6438,0,0
2022-06-24,sz.300635,17.95,18.32,17.8,18.0,1221800.0,22034817.0,1.274,0.2786,0,0
2022-06-27,sz.300635,18.0,18.19,17.23,17.35,2070400.0,36191417.0,2.1589,-3.6111,0,0
2022-06-28,sz.300635,17.59,17.59,17.17,17.34,2751701.0,47565839.35,2.8693,-0.0576,0,0
2022-06-29,sz.300635,17.53,18.25,17.06,17.88,5558530.0,98173567.14,5.7961,3.1142,0,0
2022-06-30,sz.300635,17.88,17.88,17.48,17.7,3121663.0,55061917.33,3.2551,-1.0067,0,0
2022-07-01,sz.300635,17.7,17.89,17.38,17.75,1449000.0,25627327.0,1.5109,0.2825,0,0
2022-07-04,sz.300635,17.77,17.78,17.37,17.55,933000.0,16342017.0,0.9729,-1.1268,0,0
2022-07-05,sz.300635,17.61,17.9,17.44,17.57,1107300.0,19542134.0,1.1546,0.114,0,0
2022-07-06,sz.300635,17.57,17.58,17.22,17.5,863600.0,15041187.0,0.9005,-0.3984,0,0
2022-07-07,sz.300635,17.5,17.71,17.19,17.41,714405.0,12459222.64,0.7449,-0.5143,0,0
2022-07-08,sz.300635,17.52,17.86,17.3,17.37,1067736.0,18713783.56,1.1134,-0.2298,0,0
2022-07-11,sz.300635,17.18,17.39,16.9,17.2,1119900.0,19115710.0,1.1678,-0.9787,0,0
2022-07-12,sz.300635,17.1,17.43,17.05,17.18,556900.0,9563058.0,0.5807,-0.1163,0,0
2022-07-13,sz.300635,17.12,17.49,17.12,17.25,781300.0,13502946.0,0.8147,0.4075,0,0
2022-07-14,sz.300635,17.11,17.95,17.08,17.82,1862700.0,32720577.0,1.9423,3.3043,0,0
2022-07-15,sz.300635,17.8,17.85,17.16,17.43,1469838.0,25590905.13,1.5327,-2.1886,0,0
2022-07-18,sz.300635,17.61,17.99,17.3,17.49,1616254.0,28257105.92,1.6853,0.3442,0,0
2022-07-19,sz.300635,17.48,17.63,17.3,17.49,1181900.0,20656366.0,1.2324,0.0,0,0
2022-07-20,sz.300635,17.49,17.65,17.27,17.5,1194600.0,20835476.0,1.2457,0.0572,0,0
2022-07-21,sz.300635,17.57,17.62,17.3,17.42,1082900.0,18865373.0,1.1292,-0.4571,0,0
2022-07-22,sz.300635,17.41,17.64,17.11,17.45,1776878.0,30881151.1,1.8528,0.1722,0,0
2022-07-25,sz.300635,17.55,17.65,16.88,17.25,1428478.0,24573335.9,1.4895,-1.1461,0,0
2022-07-26,sz.300635,17.21,17.32,16.8,17.31,1427270.0,24433733.94,1.4883,0.3478,0,0
2022-07-27,sz.300635,17.31,17.7,17.02,17.09,1508968.0,25935958.2,1.5735,-1.2709,0,0
2022-07-28,sz.300635,17.18,17.28,16.9,17.06,1824768.0,31085160.92,1.9028,-0.1755,0,0
2022-07-29,sz.300635,16.9,17.08,16.64,16.95,2216307.0,37340147.32,2.311,-0.6448,0,0
2022-08-01,sz.300635,16.95,16.95,16.36,16.54,1831000.0,30350699.0,1.9093,-2.4189,0,0
2022-08-02,sz.300635,16.48,16.48,15.5,15.67,1436500.0,22632110.0,1.4979,-5.26,0,0
2022-08-03,sz.300635,15.67,16.14,15.48,15.8,1019034.0,16190531.64,1.0626,0.8296,0,0
2022-08-04,sz.300635,15.8,15.85,15.45,15.71,891200.0,13934778.0,0.9293,-0.5696,0,0
2022-08-05,sz.300635,15.67,15.8,15.55,15.77,1105746.0,17336795.9,1.153,0.3819,0,0
2022-08-08,sz.300635,15.71,15.84,15.57,15.77,588500.0,9256934.0,0.6137,0.0,0,0
2022-08-09,sz.300635,15.69,16.15,15.58,15.84,1325900.0,21020782.0,1.3826,0.4439,0,0
2022-08-10,sz.300635,15.79,16.26,15.79,16.13,1293331.0,20791223.55,1.3486,1.8308,0,0
2022-08-11,sz.300635,16.28,16.36,16.02,16.21,928000.0,15081445.0,0.9677,0.496,0,0
2022-08-12,sz.300635,16.19,16.19,15.8,15.98,906601.0,14448554.8,0.9454,-1.4189,0,0
2022-08-15,sz.300635,16.0,16.13,15.61,16.07,961500.0,15310219.0,1.0026,0.5632,0,0
2022-08-16,sz.300635,16.03,16.19,15.82,15.93,786994.0,12531559.02,0.8206,-0.8712,0,0
2022-08-17,sz.300635,15.92,16.08,15.65,15.76,1371000.0,21655112.42,1.4296,-1.0672,0,0
2022-08-18,sz.300635,15.9,15.91,15.42,15.65,1434860.0,22363575.6,1.4962,-0.698,0,0
2022-08-19,sz.300635,15.8,15.87,15.36,15.36,1160900.0,18151767.0,1.2105,-1.853,0,0
2022-08-22,sz.300635,15.45,15.58,15.28,15.33,853594.0,13154609.0,0.8901,-0.1953,0,0
2022-08-23,sz.300635,15.52,15.52,15.09,15.15,1349560.0,20513412.0,1.4072,-1.1742,0,0
2022-08-24,sz.300635,15.16,15.3,14.56,14.77,2361190.0,34795657.5,2.4621,-2.5083,0,0
2022-08-25,sz.300635,14.75,14.86,14.16,14.24,2037100.0,29223196.0,2.1242,-3.5884,0,0
2022-08-26,sz.300635,14.33,14.4,14.08,14.22,1402200.0,19984677.0,1.4621,-0.1404,0,0
2022-08-29,sz.300635,14.14,14.61,13.99,14.48,1593100.0,22940315.0,1.6612,1.8284,0,0
2022-08-30,sz.300635,14.48,14.69,14.41,14.62,1249011.0,18183021.04,1.0766,0.9669,0,0
2022-08-31,sz.300635,14.46,14.56,14.11,14.28,1150100.0,16463370.0,0.9914,-2.3256,0,0
2022-09-01,sz.300635,14.55,14.58,14.13,14.25,1049400.0,15111451.0,0.9046,-0.2101,0,0
2022-09-02,sz.300635,14.33,14.48,14.22,14.43,684500.0,9846293.0,0.59,1.2632,0,0
2022-09-05,sz.300635,14.42,14.55,14.21,14.43,827000.0,11894990.0,0.7129,0.0,0,0
2022-09-06,sz.300635,14.38,14.4,14.18,14.22,693700.0,9896511.0,0.598,-1.4553,0,0
2022-09-07,sz.300635,14.21,14.22,13.96,14.1,1484746.0,20881109.46,1.2798,-0.8439,0,0
2022-09-08,sz.300635,14.14,14.21,13.87,14.1,974720.0,13625674.4,0.8402,0.0,0,0
2022-09-09,sz.300635,14.1,14.26,13.84,14.13,1063846.0,14969791.28,0.917,0.2128,0,0
2022-09-13,sz.300635,14.17,14.47,13.9,14.03,1110490.0,15739335.0,0.9572,-0.7077,0,0
2022-09-14,sz.300635,13.96,13.98,13.76,13.89,525020.0,7292341.6,0.4526,-0.9979,0,0
2022-09-15,sz.300635,13.97,14.03,13.52,13.77,1221852.0,16764150.8,1.0532,-0.8639,0,0
2022-09-16,sz.300635,13.77,13.86,13.44,13.44,897190.0,12206041.8,0.7734,-2.3965,0,0
2022-09-19,sz.300635,13.44,13.46,13.05,13.2,1131074.0,14961773.52,0.975,-1.7857,0,0
2022-09-20,sz.300635,13.21,13.73,13.21,13.62,1148215.0,15592471.95,0.9897,3.1818,0,0
2022-09-21,sz.300635,13.61,13.9,13.37,13.9,885500.0,12135282.0,0.7633,2.0558,0,0
2022-09-22,sz.300635,13.8,13.9,13.7,13.71,682785.0,9412373.35,0.5886,-1.3669,0,0
2022-09-23,sz.300635,13.77,13.89,13.23,13.28,980120.0,13133450.6,0.8449,-3.1364,0,0
2022-09-26,sz.300635,13.24,13.46,12.78,12.78,1371400.0,17826669.0,1.1821,-3.7651,0,0
2022-09-27,sz.300635,12.9,13.18,12.76,13.18,1376060.0,17829970.8,1.1861,3.1299,0,0
2022-09-28,sz.300635,13.49,13.49,12.53,12.77,2210267.0,28269575.22,1.9052,-3.1108,0,0
2022-09-29,sz.300635,12.79,13.56,12.45,13.29,2849470.0,37150774.8,2.4562,4.072,0,0
2022-09-30,sz.300635,13.29,14.03,13.1,14.0,3299900.0,44882270.0,2.8445,5.3424,0,0
2022-10-10,sz.300635,14.0,14.04,13.36,13.41,2235700.0,30622647.0,1.9271,-4.2143,0,0
2022-10-11,sz.300635,13.63,13.65,13.01,13.22,1132260.0,15010121.0,0.976,-1.4169,0,0
2022-10-12,sz.300635,13.33,14.26,12.92,14.05,2164700.0,29836770.0,1.8659,6.2784,0,0
2022-10-13,sz.300635,13.95,14.35,13.86,13.9,1596400.0,22380334.0,1.3761,-1.0676,0,0
2022-10-14,sz.300635,13.9,14.1,13.88,14.0,1095800.0,15342749.0,0.9446,0.7194,0,0
2022-10-17,sz.300635,14.0,14.05,13.77,13.97,1197096.0,16636644.12,1.0319,-0.2143,0,0
2022-10-18,sz.300635,14.03,14.14,13.58,13.73,1694036.0,23360504.44,1.4602,-1.718,0,0
2022-10-19,sz.300635,13.66,13.78,13.45,13.67,1033200.0,14058657.66,0.8906,-0.437,0,0
2022-10-20,sz.300635,13.72,13.91,13.37,13.73,1563596.0,21434769.74,1.3478,0.4389,0,0
2022-10-21,sz.300635,13.72,13.98,13.45,13.45,1062600.0,14491977.0,0.9159,-2.0393,0,0
2022-10-24,sz.300635,13.45,13.69,13.0,13.14,1424127.0,18932341.55,1.2276,-2.3048,0,0
2022-10-25,sz.300635,13.32,13.78,13.15,13.68,2033000.0,27429545.0,1.7524,4.1096,0,0
2022-10-26,sz.300635,13.51,13.96,13.31,13.89,2485796.0,34198937.56,2.1427,1.5351,0,0
2022-10-27,sz.300635,13.88,14.05,13.76,13.88,1446098.0,20134067.22,1.2465,-0.072,0,0
2022-10-28,sz.300635,13.88,13.88,13.02,13.09,1416100.0,18893038.0,1.2207,-5.6916,0,0
2022-10-31,sz.300635,13.18,13.57,13.0,13.33,1218400.0,16232999.9,1.0502,1.8335,0,0
2022-11-01,sz.300635,13.53,13.78,13.22,13.65,1155351.0,15660977.41,0.9959,2.4006,0,0
2022-11-02,sz.300635,13.65,14.02,13.64,13.99,1462734.0,20314382.1,1.2609,2.4908,0,0
2022-11-03,sz.300635,13.72,14.08,13.72,14.04,916002.0,12799537.86,0.7896,0.3574,0,0
2022-11-04,sz.300635,14.11,14.85,14.04,14.55,3756240.0,54305481.0,3.2378,3.6325,0,0
2022-11-07,sz.300635,14.55,14.66,14.43,14.5,1743640.0,25323127.4,1.503,-0.3436,0,0
2022-11-08,sz.300635,14.63,14.63,14.25,14.41,1180323.0,16988960.97,1.0174,-0.6207,0,0
2022-11-09,sz.300635,14.45,14.55,14.28,14.32,807380.0,11617397.2,0.696,-0.6246,0,0
2022-11-10,sz.300635,14.3,14.94,14.2,14.7,2561000.0,37709262.0,2.2075,2.6536,0,0
2022-11-11,sz.300635,14.79,15.14,14.61,14.67,2033300.0,30144592.0,1.7527,-0.2041,0,0
2022-11-14,sz.300635,15.85,15.98,14.38,14.52,8742754.0,133054612.83,7.5361,-1.0225,0,0
2022-11-15,sz.300635,14.32,14.59,14.05,14.34,5095200.0,72550773.0,4.392,-1.2397,0,0
2022-11-16,sz.300635,14.34,14.35,14.08,14.09,2887000.0,40915360.0,2.4886,-1.7434,0,0
2022-11-17,sz.300635,14.03,14.22,14.03,14.19,1573806.0,22235382.66,1.3566,0.7097,0,0
2022-11-18,sz.300635,14.15,14.24,14.05,14.06,1682966.0,23759982.68,1.4507,-0.9161,0,0
2022-11-21,sz.300635,14.02,14.03,13.64,13.94,1744100.0,24168959.0,1.5034,-0.8535,0,0
2022-11-22,sz.300635,14.0,14.28,13.94,14.04,1725440.0,24388188.0,1.4873,0.7174,0,0
2022-11-23,sz.300635,13.99,14.19,13.77,13.84,1677210.0,23413800.91,1.4457,-1.4245,0,0
2022-11-24,sz.300635,13.84,13.98,13.75,13.86,1134600.0,15704398.0,0.978,0.1445,0,0
2022-11-25,sz.300635,14.1,14.39,13.86,13.93,3089854.0,43685020.1,2.6634,0.5051,0,0
2022-11-28,sz.300635,13.5,14.06,13.29,13.76,1795347.0,24695917.11,1.5476,-1.2204,0,0
2022-11-29,sz.300635,13.8,14.14,13.8,13.99,1867695.0,26119258.49,1.6099,1.6715,0,0
2022-11-30,sz.300635,13.99,14.1,13.8,13.84,1329700.0,18461555.21,1.1462,-1.0722,0,0
2022-12-01,sz.300635,13.85,14.2,13.85,13.91,1022500.0,14299829.4,0.8814,0.5058,0,0
2022-12-02,sz.300635,13.9,14.12,13.86,14.1,1460100.0,20466457.0,1.2586,1.3659,0,0
2022-12-05,sz.300635,14.1,14.26,14.02,14.14,1115600.0,15742027.0,0.9616,0.2837,0,0
2022-12-06,sz.300635,14.16,14.22,13.99,14.01,1399502.0,19717771.34,1.2064,-0.9194,0,0
2022-12-07,sz.300635,13.95,14.02,13.83,13.89,926491.0,12874946.03,0.7986,-0.8565,0,0
2022-12-08,sz.300635,13.9,13.98,13.7,13.91,992100.0,13755270.0,0.8552,0.144,0,0
2022-12-09,sz.300635,14.06,14.06,13.7,13.71,1126131.0,15526180.7,0.9707,-1.4378,0,0
2022-12-12,sz.300635,13.84,14.37,13.75,14.23,2587316.0,36415357.58,2.2302,3.7929,0,0
2022-12-13,sz.300635,14.34,14.39,14.01,14.25,1947689.0,27682047.15,1.6789,0.1405,0,0
2022-12-14,sz.300635,14.29,14.29,13.88,14.0,1291600.0,18198311.0,1.1133,-1.7544,0,0
2022-12-15,sz.300635,14.04,14.19,13.99,14.0,827000.0,11619913.0,0.7129,0.0,0,0
2022-12-16,sz.300635,14.15,14.15,13.78,13.83,928000.0,12907343.0,0.7999,-1.2143,0,0
2022-12-19,sz.300635,13.99,13.99,13.2,13.21,1399700.0,18750514.0,1.2065,-4.483,0,0
2022-12-20,sz.300635,13.19,13.44,13.02,13.26,702260.0,9285985.2,0.6053,0.3785,0,0
2022-12-21,sz.300635,13.41,13.41,13.07,13.12,471220.0,6220068.75,0.4062,-1.0558,0,0
2022-12-22,sz.300635,13.23,13.25,12.76,12.8,738019.0,9555797.66,0.6362,-2.439,0,0
2022-12-23,sz.300635,12.93,13.05,12.66,12.82,826300.0,10619356.0,0.7123,0.1563,0,0
2022-12-26,sz.300635,12.82,12.99,12.76,12.84,525000.0,6757637.0,0.4525,0.156,0,0
2022-12-27,sz.300635,12.96,13.13,12.79,12.94,606800.0,7840024.0,0.5231,0.7788,0,0
2022-12-28,sz.300635,13.06,13.06,12.68,12.75,665900.0,8508101.0,0.574,-1.4683,0,0
2022-12-29,sz.300635,12.76,12.85,12.56,12.56,544360.0,6875537.6,0.4692,-1.4902,0,0
2022-12-30,sz.300635,12.57,12.75,12.5,12.64,517999.0,6546166.43,0.4465,0.6369,0,0
2023-01-03,sz.300635,12.66,12.88,12.66,12.86,629100.0,8063875.0,0.5423,1.7405,0,0
2023-01-04,sz.300635,12.97,13.26,12.88,13.07,1026300.0,13448349.0,0.8847,1.633,0,0
2023-01-05,sz.300635,13.03,13.11,12.88,13.05,739399.0,9608364.0,0.6374,-0.153,0,0
2023-01-06,sz.300635,13.04,13.14,12.94,13.02,756161.0,9835925.36,0.6518,-0.2299,0,0
2023-01-09,sz.300635,13.03,13.13,12.9,12.98,862680.0,11205041.27,0.7436,-0.3072,0,0
2023-01-10,sz.300635,13.04,13.04,12.84,12.94,549000.0,7092507.01,0.4732,-0.3082,0,0
2023-01-11,sz.300635,12.94,13.04,12.78,12.8,898400.0,11588421.0,0.7744,-1.0819,0,0
2023-01-12,sz.300635,12.8,13.3,12.77,13.08,1387362.0,18055056.34,1.1959,2.1875,0,0
2023-01-13,sz.300635,13.01,13.15,12.9,12.94,627400.0,8159099.0,0.5408,-1.0703,0,0
2023-01-16,sz.300635,12.98,13.12,12.92,13.02,723220.0,9436607.2,0.6234,0.6182,0,0
2023-01-17,sz.300635,13.11,13.15,12.93,12.98,747000.0,9722395.0,0.6439,-0.3072,0,0
2023-01-18,sz.300635,13.05,13.05,12.86,12.99,940640.0,12172840.8,0.8108,0.077,0,0
2023-01-19,sz.300635,12.99,13.11,12.92,13.08,892200.0,11655237.0,0.7691,0.6928,0,0
2023-01-20,sz.300635,13.03,13.34,13.03,13.26,1037910.0,13726039.0,0.8947,1.3761,0,0
2023-01-30,sz.300635,13.38,13.51,13.29,13.4,1457680.0,19541417.18,1.2565,1.0558,0,0
2023-01-31,sz.300635,13.14,13.49,13.13,13.49,1544481.0,20631438.4,1.3313,0.6716,0,0
2023-02-01,sz.300635,13.37,13.61,13.31,13.6,1100880.0,14878734.6,0.9489,0.8154,0,0
2023-02-02,sz.300635,13.59,13.75,13.55,13.61,987700.0,13454737.0,0.8514,0.0735,0,0
2023-02-03,sz.300635,13.7,13.7,13.39,13.53,721300.0,9745931.0,0.6218,-0.5878,0,0
2023-02-06,sz.300635,13.52,13.63,13.34,13.56,809700.0,10968592.0,0.698,0.2217,0,0
2023-02-07,sz.300635,13.56,13.75,13.49,13.71,1246800.0,16999537.0,1.0747,1.1062,0,0
2023-02-08,sz.300635,13.71,13.76,13.64,13.67,779200.0,10674028.0,0.6717,-0.2918,0,0
2023-02-09,sz.300635,13.64,13.79,13.62,13.78,766360.0,10524751.2,0.6606,0.8047,0,0
2023-02-10,sz.300635,13.8,13.95,13.69,13.9,1036500.0,14326136.2,0.8934,0.8708,0,0
2023-02-13,sz.300635,13.78,13.93,13.78,13.87,1047800.0,14518289.0,0.9032,-0.2158,0,0
2023-02-14,sz.300635,13.93,14.03,13.84,14.02,1052800.0,14703273.0,0.9075,1.0815,0,0
2023-02-15,sz.300635,13.99,14.17,13.93,14.16,1401606.0,19729619.98,1.2082,0.9986,0,0
2023-02-16,sz.300635,14.17,14.26,13.72,13.78,1602200.0,22479827.0,1.3811,-2.6836,0,0
2023-02-17,sz.300635,13.81,14.08,13.66,13.72,1142760.0,15847399.2,0.985,-0.4354,0,0
2023-02-20,sz.300635,13.72,13.85,13.58,13.77,980500.0,13435061.0,0.8452,0.3644,0,0
2023-02-21,sz.300635,13.87,13.87,13.57,13.7,827700.0,11359273.8,0.7135,-0.5084,0,0
2023-02-22,sz.300635,13.7,13.95,13.65,13.79,933760.0,12915100.8,0.8049,0.6569,0,0
2023-02-23,sz.300635,13.8,13.86,13.61,13.78,824660.0,11362040.6,0.7108,-0.0725,0,0
2023-02-24,sz.300635,13.78,13.81,13.55,13.66,617600.0,8430522.0,0.5324,-0.8708,0,0
2023-02-27,sz.300635,13.69,13.69,13.42,13.46,785600.0,10643495.0,0.6772,-1.4641,0,0
2023-02-28,sz.300635,13.54,13.7,13.33,13.69,715600.0,9732105.0,0.6168,1.7088,0,0
2023-03-01,sz.300635,13.75,13.89,13.69,13.89,1166560.0,16136166.6,1.0056,1.4609,0,0
2023-03-02,sz.300635,13.89,14.08,13.79,13.8,1174300.0,16322584.8,1.0122,-0.6479,0,0
2023-03-03,sz.300635,13.93,15.05,13.75,14.58,7035836.0,101587704.52,6.0648,5.6522,0,0
2023-03-06,sz.300635,14.35,14.51,14.13,14.2,4328725.0,61919580.45,3.7313,-2.6063,0,0
2023-03-07,sz.300635,14.2,15.31,14.19,15.02,9135566.0,136221099.55,7.8747,5.7746,0,0
2023-03-08,sz.300635,14.65,15.88,14.55,15.62,9269927.0,141875996.06,7.9906,3.9947,0,0
2023-03-09,sz.300635,15.35,15.89,15.21,15.51,6823846.0,105864630.39,5.8821,-0.7042,0,0
2023-03-10,sz.300635,15.24,15.24,14.75,14.78,5788229.0,86433986.09,4.9894,-4.7066,0,0
2023-03-13,sz.300635,14.8,15.07,14.6,14.78,3041005.0,44910158.75,2.6213,0.0,0,0
2023-03-14,sz.300635,14.7,14.72,14.27,14.43,2640900.0,38095759.0,2.2764,-2.3681,0,0
2023-03-15,sz.300635,14.61,14.99,14.51,14.7,2352060.0,34624190.6,2.0274,1.8711,0,0
2023-03-16,sz.300635,14.6,14.7,14.27,14.38,1788655.0,25752342.0,1.5418,-2.1769,0,0
2023-03-17,sz.300635,14.38,14.55,14.13,14.19,2280400.0,32506628.0,1.9657,-1.3213,0,0
2023-03-20,sz.300635,14.23,14.29,13.83,13.88,2354100.0,33004910.0,2.0292,-2.1846,0,0
2023-03-21,sz.300635,13.96,14.15,13.77,14.06,1482400.0,20736178.0,1.2778,1.2968,0,0
2023-03-22,sz.300635,14.06,14.47,14.06,14.28,1936000.0,27670107.0,1.6688,1.5647,0,0
2023-03-23,sz.300635,14.16,14.24,13.96,14.01,1674100.0,23529108.0,1.4431,-1.8908,0,0
2023-03-24,sz.300635,14.1,14.15,13.67,13.86,2021060.0,27947269.0,1.7421,-1.0707,0,0
2023-03-27,sz.300635,13.89,13.89,13.7,13.76,1428600.0,19672744.69,1.2314,-0.7215,0,0
2023-03-28,sz.300635,13.77,13.9,13.7,13.77,1699100.0,23420396.0,1.4646,0.0727,0,0
2023-03-29,sz.300635,13.77,13.77,13.25,13.33,2156000.0,28879291.0,1.8584,-3.1954,0,0
2023-03-30,sz.300635,13.33,13.35,13.11,13.13,1373600.0,18142788.0,1.184,-1.5004,0,0
2023-03-31,sz.300635,13.18,13.26,13.11,13.25,1472300.0,19417152.0,1.2691,0.9139,0,0
2023-04-03,sz.300635,13.24,13.53,13.2,13.28,1974100.0,26268565.0,1.7016,0.2264,0,0
2023-04-04,sz.300635,13.3,13.32,13.04,13.15,1539600.0,20230454.0,1.3271,-0.9789,0,0
2023-04-06,sz.300635,13.22,13.22,12.99,13.05,1156300.0,15102446.0,0.9967,-0.7605,0,0
2023-04-07,sz.300635,13.1,13.18,13.0,13.1,922100.0,12044981.0,0.7948,0.3831,0,0
2023-04-10,sz.300635,13.1,13.23,12.89,12.96,1464700.0,19098976.0,1.2626,-1.0687,0,0
2023-04-11,sz.300635,12.9,12.99,12.74,12.88,1433222.0,18398036.8,1.2354,-0.6173,0,0
2023-04-12,sz.300635,12.91,13.13,12.82,13.1,1440120.0,18674015.8,1.2414,1.7081,0,0
2023-04-13,sz.300635,13.1,13.11,12.76,12.99,1885500.0,24399216.69,1.6253,-0.8397,0,0
2023-04-14,sz.300635,12.95,13.08,12.82,12.9,1329581.0,17193208.51,1.1461,-0.6928,0,0
2023-04-17,sz.300635,13.02,13.02,12.77,12.86,1849300.0,23736752.0,1.5941,-0.3101,0,0
2023-04-18,sz.300635,12.94,12.95,12.58,12.6,1311500.0,16620404.38,1.1305,-2.0218,0,0
2023-04-19,sz.300635,12.6,12.73,12.46,12.62,1133200.0,14270427.0,0.9768,0.1587,0,0
2023-04-20,sz.300635,12.65,12.68,12.33,12.5,1521951.0,18958293.78,1.3119,-0.9509,0,0
2023-04-21,sz.300635,12.53,12.55,12.13,12.13,1464500.0,17937595.0,1.2624,-2.96,0,0
2023-04-24,sz.300635,12.12,12.26,11.95,12.15,1169345.0,14149129.2,1.008,0.1649,0,0
2023-04-25,sz.300635,12.21,12.23,11.51,11.7,1428500.0,16798655.1,1.2313,-3.7037,0,0
2023-04-26,sz.300635,11.72,12.18,11.67,12.15,1403880.0,16834683.2,1.2101,3.8462,0,0
2023-04-27,sz.300635,12.16,13.12,12.1,12.62,4099138.0,52262967.22,3.5334,3.8683,0,0
2023-04-28,sz.300635,12.63,12.74,12.43,12.73,1903167.0,23945962.55,1.6405,0.8716,0,0
2023-05-04,sz.300635,12.7,12.81,12.52,12.69,1464600.0,18554698.0,1.2625,-0.3142,0,0
2023-05-05,sz.300635,12.75,13.16,12.67,12.97,3025562.0,39271591.42,2.608,2.2065,0,0
2023-05-08,sz.300635,12.88,13.07,12.71,12.86,2455962.0,31549740.22,2.117,-0.8481,0,0
2023-05-09,sz.300635,12.85,12.86,12.42,12.46,1864900.0,23446093.0,1.6075,-3.1104,0,0
2023-05-10,sz.300635,12.46,12.6,12.36,12.44,1403800.0,17508931.0,1.2101,-0.1605,0,0
2023-05-11,sz.300635,12.4,12.86,12.4,12.73,1720900.0,21784988.0,1.4834,2.3312,0,0
2023-05-12,sz.300635,12.74,13.2,12.74,13.14,3354300.0,43708121.0,2.8914,3.2207,0,0
2023-05-15,sz.300635,13.16,13.3,12.86,13.15,1958100.0,25637359.0,1.6879,0.0761,0,0
2023-05-16,sz.300635,13.13,13.16,12.8,12.9,1314660.0,17029577.2,1.1332,-1.9011,0,0
2023-05-17,sz.300635,13.02,13.21,12.81,13.15,1416000.0,18482732.0,1.2206,1.938,0,0
2023-05-18,sz.300635,13.15,13.2,12.99,13.12,987388.0,12919706.6,0.8511,-0.2281,0,0
2023-05-19,sz.300635,13.25,13.25,12.9,13.07,1434000.0,18698817.8,1.2361,-0.3811,0,0
2023-05-22,sz.300635,13.02,13.15,12.86,12.95,985480.0,12777132.6,0.8495,-0.9181,0,0
2023-05-23,sz.300635,12.9,13.05,12.81,12.9,901838.0,11649109.06,0.7774,-0.3861,0,0
2023-05-24,sz.300635,12.9,13.11,12.75,12.87,1038900.0,13462571.0,0.8955,-0.2326,0,0
2023-05-25,sz.300635,12.87,13.0,12.7,12.91,1079600.0,13853601.0,0.9306,0.3108,0,0
2023-05-26,sz.300635,12.92,13.0,12.7,12.83,772560.0,9896126.8,0.6659,-0.6197,0,0
2023-05-29,sz.300635,12.79,13.35,12.71,13.23,3168000.0,41556363.0,2.7308,3.1177,0,0
2023-05-30,sz.300635,13.27,13.43,13.09,13.4,3506000.0,46586866.0,3.0221,1.285,0,0
2023-05-31,sz.300635,13.4,13.84,13.23,13.52,2881600.0,39138218.66,2.4839,0.8955,0,0
2023-06-01,sz.300635,13.85,14.27,13.4,13.46,6545038.0,89993682.42,5.6417,-0.4438,0,0
2023-06-02,sz.300635,13.43,13.49,13.1,13.11,3184338.0,42000868.74,2.7449,-2.6003,0,0
2023-06-05,sz.300635,13.13,13.35,13.06,13.18,1896700.0,24992753.0,1.6349,0.5339,0,0
2023-06-06,sz.300635,13.28,13.77,13.01,13.23,3292541.0,44024700.82,2.8381,0.3794,0,0
2023-06-07,sz.300635,13.23,13.33,13.1,13.23,1443781.0,19064556.34,1.2445,0.0,0,0
2023-06-08,sz.300635,13.2,13.71,13.19,13.58,2966400.0,40161888.0,2.557,2.6455,0,0
2023-06-09,sz.300635,13.51,13.59,13.2,13.3,2281400.0,30370412.0,1.9665,-2.0619,0,0
2023-06-12,sz.300635,13.31,13.62,13.11,13.52,1900200.0,25485100.0,1.6379,1.6541,0,0
2023-06-13,sz.300635,13.51,13.81,13.49,13.69,2237500.0,30630779.0,1.9287,1.2574,0,0
2023-06-14,sz.300635,13.76,13.76,13.41,13.51,1439700.0,19488649.0,1.241,-1.3148,0,0
2023-06-15,sz.300635,13.44,13.52,13.27,13.29,1395300.0,18618153.0,1.2027,-1.6284,0,0
2023-06-16,sz.300635,13.26,13.68,13.26,13.37,1949439.0,26340221.83,1.6804,0.602,0,0
2023-06-19,sz.300635,13.33,13.47,13.28,13.34,2254659.0,30102797.81,1.9435,-0.2244,0,0
2023-06-20,sz.300635,13.4,13.65,13.3,13.6,1899819.0,25712136.97,1.6376,1.949,0,0
2023-06-21,sz.300635,13.6,13.72,13.19,13.19,1838000.0,24691804.0,1.5843,-3.0147,0,0
2023-06-26,sz.300635,13.12,13.28,12.81,12.83,1417800.0,18395605.0,1.2221,-2.7293,0,0
2023-06-27,sz.300635,12.83,13.2,12.83,13.18,2686200.0,34920899.0,2.3155,2.728,0,0
2023-06-28,sz.300635,13.25,13.59,12.91,13.41,2690300.0,35710962.0,2.319,1.7451,0,0
2023-06-29,sz.300635,13.33,13.6,13.24,13.4,2850680.0,38414613.2,2.4572,-0.0746,0,0
2023-06-30,sz.300635,13.39,13.65,13.39,13.63,2403300.0,32647114.0,1.9992,1.7164,0,0
2023-07-03,sz.300635,13.68,13.89,13.46,13.58,1813600.0,24685225.0,1.5633,-0.3668,0,0
2023-07-04,sz.300635,13.54,13.7,13.5,13.58,1521500.0,20713987.0,1.3115,0.0,0,0
2023-07-05,sz.300635,13.61,13.66,13.42,13.52,1486100.0,20132609.0,1.281,-0.4418,0,0
2023-07-06,sz.300635,13.52,13.56,13.38,13.41,1115600.0,14992519.0,0.9616,-0.8136,0,0
2023-07-07,sz.300635,13.42,13.43,13.22,13.26,1194100.0,15880762.0,1.0293,-1.1186,0,0
2023-07-10,sz.300635,13.37,13.6,13.24,13.49,1479038.0,19892027.82,1.2749,1.7345,0,0
2023-07-11,sz.300635,13.59,13.59,13.4,13.5,1146138.0,15447392.1,0.988,0.0741,0,0
2023-07-12,sz.300635,13.56,13.56,13.31,13.31,1394600.0,18698925.0,1.2021,-1.4074,0,0
2023-07-13,sz.300635,13.4,13.56,13.33,13.45,1069500.0,14355719.0,0.9219,1.0518,0,0
2023-07-14,sz.300635,13.54,13.54,13.31,13.48,1791600.0,24041287.0,1.5443,0.223,0,0
2023-07-17,sz.300635,13.48,13.58,13.3,13.54,1171000.0,15769560.0,1.0094,0.4451,0,0
2023-07-18,sz.300635,13.6,13.69,13.48,13.61,1544680.0,20958945.0,1.3315,0.517,0,0
2023-07-19,sz.300635,13.61,13.69,13.38,13.56,2026600.0,27392117.0,1.7469,-0.3674,0,0
2023-07-20,sz.300635,13.53,13.65,13.25,13.31,1625400.0,21747294.0,1.4011,-1.8437,0,0
2023-07-21,sz.300635,13.31,13.48,13.21,13.4,1816600.0,24217776.0,1.5659,0.6762,0,0
2023-07-24,sz.300635,13.38,13.61,13.3,13.49,1792900.0,24136633.0,1.5455,0.6716,0,0
2023-07-25,sz.300635,13.57,14.03,13.48,13.99,4716600.0,65379947.0,4.0656,3.7064,0,0
2023-07-26,sz.300635,13.98,14.27,13.94,14.15,6265476.0,88210053.32,5.4008,1.1437,0,0
2023-07-27,sz.300635,13.98,16.98,13.89,16.98,31193143.0,511637604.4,26.8881,20.0,1,0
2023-07-28,sz.300635,18.0,18.38,15.39,15.5,35819970.0,579469833.39,30.8763,-8.7161,0,0
2023-07-31,sz.300635,15.69,15.98,15.25,15.56,23705628.0,369380298.1,20.4339,0.3871,0,0
2023-08-01,sz.300635,15.09,15.18,14.35,14.35,19126500.0,279484666.0,16.4868,-7.7763,0,0
2023-08-02,sz.300635,14.37,14.84,14.3,14.31,11700700.0,169965496.0,10.0858,-0.2787,0,0
2023-08-03,sz.300635,14.35,14.45,13.95,14.06,9104864.0,128762209.78,7.8483,-1.747,0,0
2023-08-04,sz.300635,14.1,14.46,13.99,14.21,9079255.0,128986704.08,7.8262,1.0669,0,0
2023-08-07,sz.300635,14.11,14.15,13.76,13.85,6898000.0,95564493.0,5.946,-2.5334,0,0
2023-08-08,sz.300635,13.88,14.08,13.8,14.0,3938700.0,54923632.0,3.3951,1.083,0,0
2023-08-09,sz.300635,13.98,14.4,13.89,14.4,10914560.0,155812834.0,9.4082,2.8571,0,0
2023-08-10,sz.300635,14.24,14.32,13.77,13.8,8200546.0,114367464.24,7.0688,-4.1667,0,0
2023-08-11,sz.300635,13.86,14.14,13.64,13.75,6016566.0,83590046.76,5.1862,-0.3623,0,0
2023-08-14,sz.300635,13.53,14.05,13.33,13.96,5319160.0,73096813.8,4.585,1.5273,0,0
2023-08-15,sz.300635,13.9,14.0,13.68,13.87,3461090.0,47907205.5,2.9834,-0.6447,0,0
2023-08-16,sz.300635,13.85,14.24,13.67,14.03,4584100.0,64120016.0,3.9514,1.1536,0,0
2023-08-17,sz.300635,14.1,14.1,13.66,13.96,4048600.0,55913831.0,3.4898,-0.4989,0,0
2023-08-18,sz.300635,13.97,14.09,13.72,13.73,4038200.0,56032868.0,3.4809,-1.6476,0,0
2023-08-21,sz.300635,13.65,14.13,13.6,13.95,4885470.0,68166280.0,4.2112,1.6023,0,0
2023-08-22,sz.300635,13.86,14.07,13.72,14.0,3565400.0,49566214.0,3.0733,0.3584,0,0
2023-08-23,sz.300635,13.98,14.03,13.74,13.76,2666170.0,36965070.0,2.2982,-1.7143,0,0
2023-08-24,sz.300635,13.96,14.69,13.71,14.29,8878397.0,125880544.97,7.6531,3.8517,0,0
2023-08-25,sz.300635,14.0,14.72,13.83,14.68,14267820.0,205423176.33,12.2987,2.7292,0,0
2023-08-28,sz.300635,15.39,15.85,14.35,14.51,19122358.0,287379994.26,16.4832,-1.158,0,0
2023-08-29,sz.300635,14.34,15.36,14.34,15.08,15615794.0,232019228.96,13.4606,3.9283,0,0
2023-08-30,sz.300635,14.73,14.95,14.46,14.86,11949760.0,175947155.6,9.9404,-1.4589,0,0
2023-08-31,sz.300635,14.83,14.83,14.06,14.15,9600900.0,137008803.0,7.9865,-4.7779,0,0
2023-09-01,sz.300635,14.15,14.27,13.51,13.56,8777880.0,120319272.66,7.3019,-4.1696,0,0
2023-09-04,sz.300635,13.63,14.16,13.6,14.06,7210280.0,100485811.8,5.9979,3.6873,0,0
2023-09-05,sz.300635,14.09,14.11,13.58,13.72,5388300.0,73960719.0,4.4823,-2.4182,0,0
2023-09-06,sz.300635,13.7,13.79,13.3,13.71,4673580.0,63340720.8,3.8877,-0.0729,0,0
2023-09-07,sz.300635,13.66,13.88,13.63,13.75,3535580.0,48609839.0,2.9411,0.2918,0,0
2023-09-08,sz.300635,13.7,13.7,13.1,13.24,5068200.0,67665354.0,4.216,-3.7091,0,0
2023-09-11,sz.300635,13.21,13.33,13.08,13.26,3012200.0,39778290.0,2.5057,0.1511,0,0
2023-09-12,sz.300635,13.3,13.32,12.92,12.94,4496206.0,58701053.4,3.7402,-2.4133,0,0
2023-09-13,sz.300635,12.96,13.13,12.71,12.82,3083700.0,39693770.0,2.5652,-0.9274,0,0
2023-09-14,sz.300635,12.81,12.89,12.63,12.82,2489800.0,31770212.0,2.0711,0.0,0,0
2023-09-15,sz.300635,12.82,13.01,12.74,12.87,2085800.0,26908633.0,1.7351,0.39,0,0
2023-09-18,sz.300635,12.9,13.07,12.78,13.04,1943300.0,25235898.0,1.6165,1.3209,0,0
2023-09-19,sz.300635,13.04,13.07,12.85,13.0,1806500.0,23410255.0,1.5027,-0.3067,0,0
2023-09-20,sz.300635,12.96,13.07,12.87,12.88,979100.0,12711400.0,0.8145,-0.9231,0,0
2023-09-21,sz.300635,12.81,12.96,12.73,12.76,1079700.0,13852187.0,0.8982,-0.9317,0,0
2023-09-22,sz.300635,12.72,13.07,12.66,13.02,2151100.0,27801773.0,1.7894,2.0376,0,0
2023-09-25,sz.300635,13.03,13.08,12.87,12.96,1686500.0,21862127.0,1.4029,-0.4608,0,0
2023-09-26,sz.300635,12.96,13.02,12.86,12.87,1220920.0,15765988.4,1.0156,-0.6944,0,0
2023-09-27,sz.300635,12.88,13.04,12.86,12.91,1882600.0,24386295.0,1.566,0.3108,0,0
2023-09-28,sz.300635,12.95,13.39,12.92,13.32,4246000.0,56201393.0,3.532,3.1758,0,0
2023-10-09,sz.300635,13.26,13.32,12.88,12.92,3065100.0,39907750.0,2.5497,-3.003,0,0
2023-10-10,sz.300635,12.95,13.05,12.82,12.9,1848000.0,23854408.0,1.5373,-0.1548,0,0
2023-10-11,sz.300635,12.92,12.93,12.73,12.85,2346558.0,30123687.16,1.952,-0.3876,0,0
2023-10-12,sz.300635,12.85,12.89,12.6,12.7,2527900.0,32040515.0,2.1028,-1.1673,0,0
2023-10-13,sz.300635,12.69,12.69,12.44,12.49,1881100.0,23525728.0,1.5648,-1.6535,0,0
2023-10-16,sz.300635,12.54,12.64,12.4,12.49,2046900.0,25596112.0,1.7027,0.0,0,0
2023-10-17,sz.300635,12.5,12.62,12.38,12.48,1711600.0,21362204.0,1.4238,-0.0801,0,0
2023-10-18,sz.300635,12.46,12.46,12.22,12.22,1391831.0,17070807.44,1.1578,-2.0833,0,0
2023-10-19,sz.300635,12.18,12.49,12.12,12.2,1714160.0,21103577.6,1.4259,-0.1637,0,0
2023-10-20,sz.300635,12.15,12.38,12.09,12.25,1158300.0,14216632.0,0.9635,0.4098,0,0
2023-10-23,sz.300635,12.21,12.22,11.85,11.93,1535375.0,18417015.7,1.2772,-2.6122,0,0
2023-10-24,sz.300635,12.09,12.42,11.93,12.35,2055315.0,25266778.95,1.7097,3.5205,0,0
2023-10-25,sz.300635,12.69,12.94,12.51,12.87,3219295.0,41217923.5,2.678,4.2105,0,0
2023-10-26,sz.300635,12.74,12.9,12.61,12.77,1861100.0,23679760.2,1.5482,-0.777,0,0
2023-10-27,sz.300635,12.64,12.83,12.5,12.75,2021560.0,25638084.6,1.6816,-0.1566,0,0
2023-10-30,sz.300635,12.64,12.85,12.61,12.79,1978600.0,25245128.0,1.6459,0.3137,0,0
2023-10-31,sz.300635,12.75,12.94,12.68,12.83,1676254.0,21494656.22,1.3944,0.3127,0,0
2023-11-01,sz.300635,12.87,13.07,12.74,12.99,2165754.0,28050811.06,1.8016,1.2471,0,0
2023-11-02,sz.300635,12.98,13.01,12.85,12.85,1938900.0,25046446.0,1.6129,-1.0778,0,0
2023-11-03,sz.300635,12.89,13.02,12.83,12.9,1515000.0,19600342.0,1.2603,0.3891,0,0
2023-11-06,sz.300635,12.9,13.13,12.9,13.08,2160100.0,28163318.0,1.7969,1.3953,0,0
2023-11-07,sz.300635,13.1,13.14,12.96,13.1,1387300.0,18151014.0,1.154,0.1529,0,0
2023-11-08,sz.300635,13.13,13.19,13.02,13.16,1793800.0,23550412.0,1.4922,0.458,0,0
2023-11-09,sz.300635,13.19,13.38,13.06,13.12,2000600.0,26416003.0,1.6642,-0.304,0,0
2023-11-10,sz.300635,13.17,13.22,12.96,13.19,1826510.0,23978081.0,1.5194,0.5335,0,0
2023-11-13,sz.300635,13.21,13.43,13.21,13.41,1910609.0,25452543.15,1.5893,1.6679,0,0
2023-11-14,sz.300635,13.42,13.51,13.26,13.38,2290500.0,30594247.0,1.9054,-0.2237,0,0
2023-11-15,sz.300635,13.44,13.48,13.28,13.33,2050000.0,27382781.0,1.7053,-0.3737,0,0
2023-11-16,sz.300635,13.32,13.39,13.25,13.28,1942606.0,25864709.8,1.616,-0.3751,0,0
2023-11-17,sz.300635,13.29,13.35,13.22,13.3,1585000.0,21082618.0,1.3185,0.1506,0,0
2023-11-20,sz.300635,13.34,13.45,13.24,13.4,1704400.0,22746856.0,1.4178,0.7519,0,0
2023-11-21,sz.300635,13.41,13.54,13.26,13.28,1663360.0,22303340.0,1.3837,-0.8955,0,0
2023-11-22,sz.300635,13.37,13.48,13.28,13.28,1751300.0,23425199.0,1.4568,0.0,0,0
2023-11-23,sz.300635,13.29,13.43,13.21,13.33,1833600.0,24445271.0,1.5247,0.3765,0,0
2023-11-24,sz.300635,13.36,13.39,12.96,13.18,2021560.0,26640113.8,1.681,-1.1253,0,0
2023-11-27,sz.300635,13.13,13.3,13.03,13.07,1832200.0,24042162.0,1.5235,-0.8346,0,0
2023-11-28,sz.300635,13.06,13.45,13.03,13.32,2125100.0,28258698.0,1.7671,1.9128,0,0
2023-11-29,sz.300635,13.32,13.35,13.16,13.25,1989300.0,26371527.0,1.6541,-0.5255,0,0
2023-11-30,sz.300635,13.2,13.31,13.0,13.16,1909100.0,25036153.0,1.5874,-0.6792,0,0
2023-12-01,sz.300635,13.6,13.6,13.15,13.24,2839380.0,37675663.8,2.361,0.6079,0,0
2023-12-04,sz.300635,13.21,13.76,13.15,13.52,4192960.0,56631963.6,3.4865,2.1148,0,0
2023-12-05,sz.300635,13.53,13.69,13.2,13.48,5107360.0,68969433.6,4.2468,-0.2959,0,0
2023-12-06,sz.300635,13.39,13.5,13.22,13.38,3635300.0,48591061.32,3.0228,-0.7418,0,0
2023-12-07,sz.300635,13.33,13.44,13.03,13.18,3531000.0,46477834.0,2.9361,-1.4948,0,0
2023-12-08,sz.300635,13.18,13.27,12.38,12.49,5695800.0,72300505.0,4.7361,-5.2352,0,0
2023-12-11,sz.300635,12.5,12.86,12.28,12.65,4647200.0,58760981.0,3.8642,1.281,0,0
2023-12-12,sz.300635,12.69,12.99,12.57,12.97,2480000.0,31724315.0,2.0622,2.5296,0,0
2023-12-13,sz.300635,12.98,13.05,12.68,12.75,3159200.0,40681667.0,2.6269,-1.6962,0,0
2023-12-14,sz.300635,12.86,13.14,12.84,12.99,2973500.0,38672487.0,2.4725,1.8824,0,0
2023-12-15,sz.300635,13.09,13.2,12.96,13.14,2431100.0,31829888.0,2.0215,1.1547,0,0
2023-12-18,sz.300635,13.14,13.53,12.9,12.94,3078459.0,40433307.08,2.5598,-1.5221,0,0
2023-12-19,sz.300635,12.91,13.09,12.56,12.73,2469800.0,31515425.0,2.0537,-1.6229,0,0
2023-12-20,sz.300635,12.69,13.0,12.69,12.83,2638800.0,34057056.0,2.1942,0.7855,0,0
2023-12-21,sz.300635,12.8,13.02,12.53,12.9,2964900.0,37982665.0,2.4654,0.5456,0,0
2023-12-22,sz.300635,12.95,13.01,12.55,12.61,2436200.0,30893872.0,2.0257,-2.2481,0,0
2023-12-25,sz.300635,12.63,12.63,12.24,12.34,2149200.0,26571433.0,1.7871,-2.1412,0,0
2023-12-26,sz.300635,12.35,12.4,12.08,12.12,1563015.0,19041517.5,1.2997,-1.7828,0,0
2023-12-27,sz.300635,12.14,12.28,11.97,12.16,1705800.0,20684682.0,1.4184,0.33,0,0
2023-12-28,sz.300635,12.16,12.43,11.96,12.33,1988200.0,24401052.0,1.6532,1.398,0,0
2023-12-29,sz.300635,12.35,12.62,12.3,12.58,1778400.0,22248774.0,1.4788,2.0276,0,0
2024-01-02,sz.300635,12.62,12.93,12.6,12.88,2230258.0,28582272.72,1.8545,2.3847,0,0
2024-01-03,sz.300635,12.86,12.92,12.76,12.89,2051400.0,26346320.0,1.7058,0.0776,0,0
2024-01-04,sz.300635,12.96,12.96,12.82,12.92,1666000.0,21485336.0,1.3853,0.2327,0,0
2024-01-05,sz.300635,13.06,13.06,12.65,12.7,2123338.0,27190881.78,1.7656,-1.7028,0,0
2024-01-08,sz.300635,12.94,12.99,12.51,12.62,1979560.0,25167202.2,1.646,-0.6299,0,0
2024-01-09,sz.300635,12.63,12.78,12.56,12.69,1857060.0,23537793.4,1.5442,0.5547,0,0
2024-01-10,sz.300635,12.67,12.77,12.49,12.54,2343483.0,29560553.61,1.9486,-1.182,0,0
2024-01-11,sz.300635,12.51,12.75,12.44,12.72,1724800.0,21776694.0,1.4342,1.4354,0,0
2024-01-12,sz.300635,12.74,12.9,12.5,12.55,1588060.0,20136313.8,1.3205,-1.3365,0,0
2024-01-15,sz.300635,12.55,12.71,12.36,12.55,1524600.0,19085426.0,1.2677,0.0,0,0
2024-01-16,sz.300635,12.61,12.62,12.23,12.47,1854400.0,22961395.0,1.542,-0.6375,0,0
2024-01-17,sz.300635,12.41,12.49,11.97,12.13,1618200.0,19852149.0,1.3456,-2.7265,0,0
2024-01-18,sz.300635,12.08,12.18,11.47,11.75,3392957.0,39860422.78,2.8213,-3.1327,0,0
2024-01-19,sz.300635,11.79,11.86,11.57,11.61,2043059.0,23864472.58,1.6988,-1.1915,0,0
2024-01-22,sz.300635,11.61,11.73,10.61,10.83,2836400.0,31505697.0,2.3585,-6.7183,0,0
2024-01-23,sz.300635,10.79,10.94,10.3,10.53,3411000.0,35836379.0,2.8363,-2.7701,0,0
2024-01-24,sz.300635,10.56,10.94,10.44,10.86,3728159.0,39810508.91,3.1,3.1339,0,0
2024-01-25,sz.300635,10.96,11.69,10.8,11.66,3697500.0,41970157.0,3.0745,7.3665,0,0
2024-01-26,sz.300635,11.79,12.58,11.66,11.97,5411880.0,65569275.2,4.5001,2.6587,0,0
2024-01-29,sz.300635,11.97,13.69,11.89,11.89,13564485.0,171575804.02,11.2791,-0.6683,0,0
2024-01-30,sz.300635,11.43,12.4,11.11,11.38,11941792.0,138196661.09,9.9298,-4.2893,0,0
2024-01-31,sz.300635,11.55,12.57,11.23,11.32,10693601.0,124576158.03,8.8919,-0.5272,0,0
2024-02-01,sz.300635,11.0,11.42,10.41,10.51,8340100.0,89479240.0,6.9349,-7.1555,0,0
2024-02-02,sz.300635,10.36,10.84,9.26,9.59,8778719.0,87689130.29,7.2996,-8.7536,0,0
2024-02-05,sz.300635,9.34,9.48,7.68,7.75,9903000.0,81103128.0,8.2345,-19.1867,0,0
2024-02-06,sz.300635,7.78,7.96,6.61,7.57,9970300.0,72651316.0,8.2905,-2.3226,0,0
2024-02-07,sz.300635,7.69,7.7,6.44,6.55,11367866.0,77930720.72,9.4526,-13.4742,0,0
2024-02-08,sz.300635,6.55,7.45,6.3,7.34,10061260.0,69806719.8,8.3661,12.0611,0,0
2024-02-19,sz.300635,7.48,8.01,7.31,7.8,7688946.0,59299951.28,6.3935,6.267,0,0
2024-02-20,sz.300635,7.87,8.28,7.65,8.16,6525608.0,52622756.83,5.4261,4.6154,0,0
2024-02-21,sz.300635,8.0,9.79,7.8,9.29,15506739.0,142004098.7,12.8941,13.848,0,0
2024-02-22,sz.300635,9.0,10.33,8.9,9.64,15401300.0,146806395.6,12.8064,3.7675,0,0
2024-02-23,sz.300635,9.44,9.6,9.19,9.53,13301359.0,124731842.16,11.0603,-1.1411,0,0
2024-02-26,sz.300635,9.47,9.72,9.25,9.58,10770829.0,102654199.75,8.9561,0.5247,0,0
2024-02-27,sz.300635,9.45,9.83,9.41,9.82,8095260.0,78384427.4,6.7313,2.5052,0,0
2024-02-28,sz.300635,9.8,10.18,8.85,8.92,10299718.0,99187854.98,8.5644,-9.165,0,0
2024-02-29,sz.300635,8.88,9.32,8.7,9.28,6591199.0,60152263.91,5.4807,4.0359,0,0
2024-03-01,sz.300635,9.25,9.63,9.21,9.38,5068700.0,47550659.0,4.2147,1.0776,0,0
2024-03-04,sz.300635,9.38,9.42,9.0,9.25,4710980.0,43336956.4,3.9173,-1.3859,0,0
2024-03-05,sz.300635,9.2,9.22,8.89,8.9,3780300.0,34050961.0,3.1434,-3.7838,0,0
2024-03-06,sz.300635,8.89,9.18,8.81,9.05,3563200.0,32235082.0,2.9629,1.6854,0,0
2024-03-07,sz.300635,9.07,9.28,8.98,8.98,3461200.0,31537871.0,2.878,-0.7735,0,0
2024-03-08,sz.300635,8.96,9.13,8.88,9.07,2719900.0,24521985.0,2.2616,1.0022,0,0
2024-03-11,sz.300635,9.1,9.25,9.08,9.24,2889100.0,26542375.0,2.4023,1.8743,0,0
2024-03-12,sz.300635,9.36,9.5,9.21,9.5,4278200.0,40135544.0,3.5574,2.8139,0,0
2024-03-13,sz.300635,9.5,9.59,9.29,9.53,3311800.0,31335050.0,2.7538,0.3158,0,0
2024-03-14,sz.300635,9.53,9.63,9.3,9.48,2794100.0,26577679.0,2.3233,-0.5247,0,0
2024-03-15,sz.300635,9.45,9.7,9.37,9.67,2952100.0,28297464.0,2.4547,2.0042,0,0
2024-03-18,sz.300635,9.67,10.05,9.67,9.96,3745687.0,37137186.65,3.1146,2.999,0,0
2024-03-19,sz.300635,10.0,10.04,9.88,9.95,3021487.0,30121230.13,2.5124,-0.1004,0,0
2024-03-20,sz.300635,9.95,10.19,9.92,10.19,2507140.0,25256139.2,2.0847,2.4121,0,0
2024-03-21,sz.300635,10.18,10.35,9.91,10.21,3736674.0,37867371.98,3.1071,0.1963,0,0
2024-03-22,sz.300635,10.17,10.24,9.83,9.91,3600600.0,35969691.0,2.994,-2.9383,0,0
2024-03-25,sz.300635,9.92,10.06,9.52,9.55,2965600.0,28961977.2,2.4659,-3.6327,0,0
2024-03-26,sz.300635,9.6,9.74,9.38,9.63,2718800.0,25977100.6,2.2607,0.8377,0,0
2024-03-27,sz.300635,9.63,9.65,9.26,9.28,2538415.0,23993190.25,2.1107,-3.6345,0,0
2024-03-28,sz.300635,9.24,9.7,9.24,9.68,3026015.0,28943068.3,2.5162,4.3103,0,0
2024-03-29,sz.300635,9.64,10.0,9.64,9.9,3068579.0,30165249.48,2.5516,2.2727,0,0
2024-04-01,sz.300635,9.89,10.1,9.88,9.99,3128881.0,31290342.29,2.6017,0.9091,0,0
2024-04-02,sz.300635,10.05,10.19,9.97,10.06,3069500.0,31011650.0,2.5523,0.7007,0,0
2024-04-03,sz.300635,10.07,10.13,9.67,9.87,2785166.0,27404338.42,2.3159,-1.8887,0,0
2024-04-08,sz.300635,9.87,9.91,9.32,9.36,3643560.0,34782108.2,3.0297,-5.1672,0,0
2024-04-09,sz.300635,9.39,9.53,9.28,9.43,2490300.0,23434541.0,2.0707,0.7479,0,0
2024-04-10,sz.300635,9.41,9.49,8.93,9.11,3239800.0,29644815.0,2.6939,-3.3934,0,0
2024-04-11,sz.300635,9.06,9.35,8.89,9.16,2693399.0,24749495.85,2.2396,0.5488,0,0
2024-04-12,sz.300635,9.26,9.4,9.07,9.12,3592900.0,33028483.0,2.9876,-0.4367,0,0
2024-04-15,sz.300635,8.99,9.14,7.91,8.15,8479679.0,70177284.2,7.051,-10.636,0,0
2024-04-16,sz.300635,8.14,8.14,7.09,7.16,6779219.0,49714886.46,5.637,-12.1472,0,0
2024-04-17,sz.300635,7.25,8.13,7.24,8.11,5668580.0,44444746.4,4.7135,13.2682,0,0
2024-04-18,sz.300635,8.11,8.16,7.63,7.94,4958400.0,39350842.39,4.123,-2.0962,0,0
2024-04-19,sz.300635,7.9,8.17,7.63,8.08,5108287.0,40366494.13,4.2476,1.7632,0,0
2024-04-22,sz.300635,8.07,8.2,7.55,7.71,4756299.0,36818957.32,3.9549,-4.5792,0,0
2024-04-23,sz.300635,7.7,8.21,7.7,8.06,5625586.0,45183847.83,4.6778,4.5396,0,0
2024-04-24,sz.300635,7.98,8.4,7.94,8.36,4442580.0,36730036.8,3.6941,3.7221,0,0
2024-04-25,sz.300635,8.35,8.56,8.24,8.43,3385579.0,28426841.24,2.8152,0.8373,0,0
2024-04-26,sz.300635,8.36,8.48,8.16,8.19,4197200.0,34736420.0,3.49,-2.847,0,0
2024-04-29,sz.300635,8.19,8.68,8.18,8.67,5035600.0,42876559.34,4.1873,5.8608,0,0
2024-04-30,sz.300635,8.78,8.78,8.3,8.51,4362775.0,37036230.5,3.6278,-1.8454,0,0
2024-05-06,sz.300635,8.56,8.75,8.53,8.72,4739521.0,41131214.12,3.9411,2.4677,0,0
2024-05-07,sz.300635,8.72,9.41,8.68,9.27,10808849.0,98059206.35,8.988,6.3073,0,0
2024-05-08,sz.300635,9.17,9.4,8.92,8.99,8970200.0,81565371.0,7.4591,-3.0205,0,0
2024-05-09,sz.300635,8.95,9.17,8.86,8.99,5511718.0,49696679.1,4.5832,0.0,0,0
2024-05-10,sz.300635,8.95,9.05,8.71,8.74,4271069.0,37612095.44,3.5516,-2.7809,0,0
2024-05-13,sz.300635,8.63,8.65,8.32,8.42,3481000.0,29497019.0,2.8946,-3.6613,0,0
2024-05-14,sz.300635,8.49,8.68,8.49,8.58,2953115.0,25334576.12,2.4556,1.9002,0,0
2024-05-15,sz.300635,8.68,8.99,8.48,8.8,5278800.0,46645883.0,4.3895,2.5641,0,0
2024-05-16,sz.300635,8.82,9.23,8.8,9.16,5219360.0,47450524.2,4.3401,4.0909,0,0
2024-05-17,sz.300635,9.25,9.29,9.05,9.2,3414387.0,31239592.57,2.8392,0.4367,0,0
2024-05-20,sz.300635,9.16,9.22,8.95,8.99,3077600.0,27950590.0,2.5592,-2.2826,0,0
2024-05-21,sz.300635,8.95,9.06,8.7,8.76,3325087.0,29391123.04,2.7649,-2.5584,0,0
2024-05-22,sz.300635,8.81,9.15,8.73,9.0,3280600.0,29596763.0,2.728,2.7397,0,0
2024-05-23,sz.300635,9.0,9.08,8.73,8.79,2620100.0,23206508.0,2.1787,-2.3333,0,0
2024-05-24,sz.300635,8.79,8.87,8.56,8.58,2629200.0,22803618.0,2.1863,-2.3891,0,0
2024-05-27,sz.300635,8.62,8.67,8.33,8.55,1995700.0,16843834.0,1.6595,-0.3497,0,0
2024-05-28,sz.300635,8.53,8.53,8.34,8.35,1569900.0,13191341.0,1.3054,-2.3392,0,0
2024-05-29,sz.300635,8.31,9.43,8.3,8.74,7996200.0,71251578.1,6.6492,4.6707,0,0
2024-05-30,sz.300635,8.63,8.74,8.33,8.37,7367200.0,62193418.0,6.1261,-4.2334,0,0
2024-05-31,sz.300635,8.33,8.42,8.21,8.33,4134600.0,34309943.0,3.4381,-0.4779,0,0
2024-06-03,sz.300635,8.28,8.4,7.95,8.05,4886300.0,39775281.0,4.0632,-3.3613,0,0
2024-06-04,sz.300635,8.02,8.02,7.7,7.81,4424900.0,34454248.0,3.6795,-2.9814,0,0
2024-06-05,sz.300635,7.81,7.81,7.52,7.58,3189400.0,24328973.0,2.6521,-2.9449,0,0
2024-06-06,sz.300635,7.56,7.59,6.98,7.07,4045400.0,29027832.0,3.3639,-6.7282,0,0
2024-06-07,sz.300635,7.19,7.58,7.19,7.54,4343900.0,32362106.0,3.6121,6.6478,0,0
2024-06-11,sz.300635,7.6,7.66,7.19,7.41,2827800.0,20878697.0,2.3514,-1.7241,0,0
2024-06-12,sz.300635,7.51,7.69,7.39,7.66,2374100.0,18050433.0,1.9742,3.3738,0,0
2024-06-13,sz.300635,7.73,7.82,7.5,7.58,1919200.0,14625785.0,1.5959,-1.0444,0,0
2024-06-14,sz.300635,7.7,7.76,7.4,7.55,2018828.0,15197350.16,1.6787,-0.3958,0,0
2024-06-17,sz.300635,7.55,7.6,7.39,7.51,2806300.0,21033303.0,2.3336,-0.5298,0,0
2024-06-18,sz.300635,7.51,7.74,7.44,7.69,2080301.0,15894231.69,1.7299,2.3968,0,0
2024-06-19,sz.300635,7.74,8.05,7.71,7.9,4342200.0,34382151.0,3.6107,2.7308,0,0
2024-06-20,sz.300635,7.86,7.88,7.61,7.61,2949600.0,22722874.0,2.4527,-3.6709,0,0
2024-06-21,sz.300635,7.53,8.0,7.42,7.72,3607700.0,28053177.0,3.0,1.4455,0,0
2024-06-24,sz.300635,7.62,7.7,7.15,7.22,4771300.0,34967983.0,3.9675,-6.4767,0,0
2024-06-25,sz.300635,7.19,7.46,7.13,7.26,2787947.0,20341266.69,2.3183,0.554,0,0
2024-06-26,sz.300635,7.25,7.58,7.06,7.57,2777800.0,20340676.0,2.3099,4.27,0,0
2024-06-27,sz.300635,7.56,7.72,7.52,7.52,3566600.0,27123200.0,2.9658,-0.6605,0,0
2024-06-28,sz.300635,7.54,7.76,7.41,7.55,2416300.0,18382507.74,2.0093,0.5326,0,0
2024-07-01,sz.300635,7.54,7.73,7.49,7.62,2940647.0,22382812.08,2.4453,0.9272,0,0
2024-07-02,sz.300635,7.58,7.78,7.52,7.69,3374242.0,25945428.98,2.8058,0.9186,0,0
2024-07-03,sz.300635,7.67,7.73,7.57,7.62,2320300.0,17789817.0,1.9294,-0.9103,0,0
2024-07-04,sz.300635,7.64,7.68,7.24,7.24,2540300.0,18774825.0,2.1124,-4.9869,0,0
2024-07-05,sz.300635,7.29,7.45,7.09,7.4,2787600.0,20333611.0,2.318,2.2099,0,0
2024-07-08,sz.300635,7.38,7.4,7.06,7.11,2527300.0,18175004.0,2.1016,-3.9189,0,0
2024-07-09,sz.300635,7.05,7.21,6.93,7.19,2488900.0,17658695.0,2.0696,1.1252,0,0
2024-07-10,sz.300635,7.18,7.19,7.04,7.06,2109300.0,14975170.0,1.754,-1.8081,0,0
2024-07-11,sz.300635,7.2,7.41,7.17,7.38,2601700.0,18990356.0,2.1634,4.5326,0,0
2024-07-12,sz.300635,7.38,7.74,7.36,7.47,3676942.0,27869618.4,3.0575,1.2195,0,0
2024-07-15,sz.300635,7.39,7.49,7.26,7.3,2021500.0,14801037.0,1.681,-2.2758,0,0
2024-07-16,sz.300635,7.29,7.32,7.06,7.14,2689800.0,19189638.0,2.2367,-2.1918,0,0
2024-07-17,sz.300635,7.16,7.25,7.04,7.05,2593400.0,18395139.0,2.1565,-1.2605,0,0
2024-07-18,sz.300635,7.03,7.03,6.81,6.92,2153600.0,14872734.0,1.7908,-1.844,0,0
2024-07-19,sz.300635,6.92,7.1,6.88,7.03,2076800.0,14594711.0,1.7269,1.5896,0,0
2024-07-22,sz.300635,7.09,7.21,7.02,7.2,2143364.0,15289218.16,1.7823,2.4182,0,0
2024-07-23,sz.300635,7.31,7.58,7.2,7.2,3795984.0,28028255.16,3.1565,0.0,0,0
2024-07-24,sz.300635,7.19,7.2,7.0,7.04,2481355.0,17603235.06,2.0633,-2.2222,0,0
2024-07-25,sz.300635,7.01,7.18,6.91,7.1,2165900.0,15298706.0,1.801,0.8523,0,0
2024-07-26,sz.300635,7.1,7.71,7.07,7.49,5765250.0,42806554.0,4.794,5.493,0,0
2024-07-29,sz.300635,7.42,7.58,7.23,7.53,5940081.0,44021847.96,4.9394,0.534,0,0
2024-07-30,sz.300635,7.5,7.69,7.41,7.53,3988885.0,30117988.52,3.3169,0.0,0,0
2024-07-31,sz.300635,7.58,7.77,7.55,7.75,4004400.0,30750635.0,3.3298,2.9216,0,0
2024-08-01,sz.300635,7.94,8.04,7.75,7.89,6166800.0,48857657.0,5.1279,1.8065,0,0
2024-08-02,sz.300635,7.8,7.86,7.64,7.67,4354413.0,33796528.88,3.6209,-2.7883,0,0
2024-08-05,sz.300635,7.58,7.71,7.38,7.41,3062513.0,23145758.54,2.5466,-3.3898,0,0
2024-08-06,sz.300635,7.43,7.68,7.43,7.64,3059100.0,23154967.0,2.5438,3.1039,0,0
2024-08-07,sz.300635,7.77,7.96,7.56,7.89,5497000.0,42984699.0,4.571,3.2723,0,0
2024-08-08,sz.300635,7.84,7.94,7.58,7.65,4500395.0,34643806.98,3.7423,-3.0418,0,0
2024-08-09,sz.300635,7.71,8.0,7.61,7.83,5060113.0,39670816.32,4.2077,2.3529,0,0
2024-08-12,sz.300635,7.9,8.05,7.56,7.67,3435913.0,26438648.8,2.8571,-2.0434,0,0
2024-08-13,sz.300635,7.64,7.9,7.46,7.89,3900313.0,30328211.41,3.2433,2.8683,0,0
2024-08-14,sz.300635,7.93,8.18,7.83,7.87,4799700.0,38291686.0,3.9911,-0.2535,0,0
2024-08-15,sz.300635,7.9,7.99,7.67,7.81,3232200.0,25155618.0,2.6877,-0.7624,0,0
2024-08-16,sz.300635,7.82,7.87,7.65,7.68,2920000.0,22543416.0,2.4281,-1.6645,0,0
2024-08-19,sz.300635,7.47,7.57,7.37,7.52,4063700.0,30408249.0,3.3791,-2.0833,0,0
2024-08-20,sz.300635,7.49,7.6,7.3,7.33,2488842.0,18467638.86,2.0696,-2.5266,0,0
2024-08-21,sz.300635,7.28,7.4,7.25,7.39,1844600.0,13552640.58,1.5339,0.8186,0,0
2024-08-22,sz.300635,7.39,7.46,7.13,7.15,2042682.0,14831114.3,1.6986,-3.2476,0,0
2024-08-23,sz.300635,7.15,7.18,6.93,7.1,2550100.0,18050954.0,2.1205,-0.6993,0,0
2024-08-26,sz.300635,7.08,7.43,7.08,7.4,3473697.0,25479520.99,2.8885,4.2254,0,0
2024-08-27,sz.300635,7.39,7.82,7.25,7.65,7512943.0,56965981.18,6.2473,3.3784,0,0
2024-08-28,sz.300635,7.37,7.56,7.32,7.35,4937242.0,36591203.22,4.1055,-3.9216,0,0
2024-08-29,sz.300635,7.32,7.58,7.26,7.4,3223800.0,23818018.0,2.6807,0.6803,0,0
2024-08-30,sz.300635,7.54,7.75,7.43,7.68,3712425.0,28276754.25,3.0909,3.7838,0,0
2024-09-02,sz.300635,7.7,7.84,7.55,7.55,2853585.0,21875749.75,2.3758,-1.6927,0,0
2024-09-03,sz.300635,7.58,7.65,7.48,7.56,2008460.0,15169224.4,1.6722,0.1325,0,0
2024-09-04,sz.300635,7.52,7.59,7.4,7.44,2144900.0,16054844.0,1.7858,-1.5873,0,0
2024-09-05,sz.300635,7.46,7.58,7.44,7.57,1505500.0,11320793.0,1.2535,1.7473,0,0
2024-09-06,sz.300635,7.6,7.64,7.36,7.4,1805900.0,13480008.0,1.5036,-2.2457,0,0
2024-09-09,sz.300635,7.41,7.8,7.25,7.72,4643056.0,35249366.28,3.8657,4.3243,0,0
2024-09-10,sz.300635,7.63,9.0,7.48,8.2,16942110.0,139808656.02,14.1057,6.2176,0,0
2024-09-11,sz.300635,8.0,8.11,7.76,7.97,12133173.0,95672950.46,10.1019,-2.8049,0,0
2024-09-12,sz.300635,7.86,8.68,7.78,8.18,15140720.0,124663452.86,12.6059,2.6349,0,0
2024-09-13,sz.300635,8.2,9.82,8.1,9.82,22322739.0,208305747.98,18.5855,20.0489,1,0
2024-09-18,sz.300635,9.4,9.4,8.71,8.72,30192713.0,272436578.29,25.1379,-11.2016,0,0
2024-09-19,sz.300635,8.59,9.0,8.22,8.96,23112312.0,200382930.34,19.2429,2.7523,0,0
2024-09-20,sz.300635,8.7,8.81,8.53,8.71,17340539.0,150266833.4,14.4374,-2.7902,0,0
2024-09-23,sz.300635,8.61,8.85,8.38,8.82,14633246.0,125799937.86,12.1834,1.2629,0,0
2024-09-24,sz.300635,8.72,9.62,8.63,9.14,25996575.0,238832103.04,21.6443,3.6281,0,0
2024-09-25,sz.300635,9.13,10.2,9.13,9.24,24014625.0,226168083.78,19.9941,1.0941,0,0
2024-09-26,sz.300635,9.25,9.35,8.99,9.34,16150687.0,148153039.92,13.4468,1.0823,0,0
2024-09-27,sz.300635,9.7,9.97,9.31,9.79,20615287.0,198647604.58,17.1639,4.818,0,0
2024-09-30,sz.300635,10.4,11.7,9.8,11.34,24343681.0,257635509.56,20.2681,15.8325,0,0
2024-10-08,sz.300635,13.14,13.14,11.51,12.75,25345680.0,312554420.23,21.1024,12.4339,0,0
2024-10-09,sz.300635,11.85,11.85,10.22,10.22,18450884.0,204559842.5,15.3619,-19.8431,0,1
2024-10-10,sz.300635,10.58,11.95,10.28,11.36,19604593.0,217775044.01,16.3224,11.1546,0,0
2024-10-11,sz.300635,11.17,11.23,10.12,10.37,14185900.0,150590386.57,11.8109,-8.7148,0,0
2024-10-14,sz.300635,10.5,10.88,10.31,10.77,11109541.0,118263581.52,9.2496,3.8573,0,0
2024-10-15,sz.300635,10.63,10.97,10.34,10.62,9800306.0,105052477.54,8.1596,-1.3928,0,0
2024-10-16,sz.300635,10.35,10.93,10.26,10.84,8453618.0,90668446.63,7.0383,2.0716,0,0
2024-10-17,sz.300635,11.05,11.26,10.38,10.5,9245800.0,99250058.0,7.6979,-3.1365,0,0
2024-10-18,sz.300635,10.32,10.96,10.23,10.67,10597400.0,111857775.0,8.8232,1.619,0,0
2024-10-21,sz.300635,10.66,10.9,10.5,10.77,9412030.0,100786926.88,7.8363,0.9372,0,0
2024-10-22,sz.300635,10.75,10.77,10.34,10.61,7471900.0,78894645.0,6.221,-1.4856,0,0
2024-10-23,sz.300635,10.63,10.92,10.53,10.6,6682734.0,71502560.4,5.5639,-0.0943,0,0
2024-10-24,sz.300635,10.51,10.75,10.42,10.48,6377000.0,67339210.17,5.3094,-1.1321,0,0
2024-10-25,sz.300635,10.52,10.98,10.52,10.95,10061500.0,109135086.0,8.377,4.4847,0,0
2024-10-28,sz.300635,11.5,11.78,11.15,11.7,14037379.0,162409235.12,11.6873,6.8493,0,0
2024-10-29,sz.300635,11.6,11.66,10.93,10.96,12762460.0,143500498.91,10.6258,-6.3248,0,0
2024-10-30,sz.300635,10.86,10.9,10.39,10.65,8383386.0,88827783.35,6.9799,-2.8285,0,0
2024-10-31,sz.300635,10.7,11.33,10.59,11.17,10745687.0,119109810.31,8.9467,4.8826,0,0
2024-11-01,sz.300635,11.1,11.33,10.3,10.37,10002834.0,106803026.58,8.3282,-7.162,0,0
2024-11-04,sz.300635,10.5,10.63,10.18,10.62,5055034.0,52721958.92,4.2087,2.4108,0,0
2024-11-05,sz.300635,10.8,11.09,10.67,10.9,6561996.0,71753620.4,5.4634,2.6365,0,0
2024-11-06,sz.300635,11.1,11.2,10.82,11.19,9388383.0,103987904.79,7.8166,2.6606,0,0
2024-11-07,sz.300635,11.16,11.48,10.95,11.46,10059463.0,114044098.86,8.3753,2.4129,0,0
2024-11-08,sz.300635,11.48,11.6,11.16,11.21,8656380.0,98078604.6,7.2071,-2.1815,0,0
2024-11-11,sz.300635,11.11,11.48,11.02,11.41,7411714.0,83971234.06,6.1709,1.7841,0,0
2024-11-12,sz.300635,11.48,11.58,11.11,11.31,8264590.0,94384627.9,6.881,-0.8764,0,0
2024-11-13,sz.300635,11.28,11.46,11.05,11.41,6201500.0,70017701.0,5.1633,0.8842,0,0
2024-11-14,sz.300635,11.42,12.72,11.21,12.0,19296747.0,230419425.86,16.0661,5.1709,0,0
2024-11-15,sz.300635,11.88,13.34,11.44,12.41,25957540.0,318939822.78,21.6118,3.4167,0,0
2024-11-18,sz.300635,12.2,12.76,11.01,11.67,18922718.0,224006930.35,15.7547,-5.9629,0,0
2024-11-19,sz.300635,11.3,11.7,10.9,11.38,12431210.0,140504060.89,10.35,-2.485,0,0
2024-11-20,sz.300635,11.19,11.63,11.1,11.63,12857731.0,146986841.12,10.7051,2.1968,0,0
2024-11-21,sz.300635,11.49,11.77,11.3,11.38,10107100.0,116021402.0,8.415,-2.1496,0,0
2024-11-22,sz.300635,11.39,11.82,11.11,11.15,10469072.0,120610058.7,8.7164,-2.0211,0,0
2024-11-25,sz.300635,11.22,11.59,10.95,11.52,7361740.0,83322909.44,6.1293,3.3184,0,0
2024-11-26,sz.300635,11.47,11.85,11.35,11.38,6230300.0,71913207.0,5.1872,-1.2153,0,0
2024-11-27,sz.300635,11.4,11.42,10.85,11.28,6211391.0,68989196.81,5.1715,-0.8787,0,0
2024-11-28,sz.300635,11.33,11.65,11.21,11.44,6832431.0,78282104.85,5.6886,1.4184,0,0
2024-11-29,sz.300635,11.39,11.62,11.2,11.38,8369100.0,95527687.0,6.968,-0.5245,0,0
2024-12-02,sz.300635,11.41,11.65,11.34,11.6,7861300.0,90683583.0,6.5452,1.9332,0,0
2024-12-03,sz.300635,11.74,11.87,11.51,11.67,6394500.0,74596495.0,5.3239,0.6034,0,0
2024-12-04,sz.300635,11.54,11.89,11.47,11.52,7423071.0,86510438.04,6.1803,-1.2853,0,0
2024-12-05,sz.300635,11.52,11.64,11.36,11.55,5325500.0,61450583.0,4.4339,0.2604,0,0
2024-12-06,sz.300635,11.78,13.86,11.69,13.08,33371335.0,442407481.5,27.7844,13.2468,0,0
2024-12-09,sz.300635,12.36,12.85,12.26,12.73,22453956.0,280769631.83,18.6948,-2.6758,0,0
2024-12-10,sz.300635,13.07,13.1,12.35,12.37,16322170.0,206444769.9,13.5895,-2.828,0,0
2024-12-11,sz.300635,12.28,12.52,12.21,12.39,9233540.0,114156528.8,7.6877,0.1617,0,0
2024-12-12,sz.300635,12.47,12.5,12.25,12.42,8290200.0,102576677.0,6.9023,0.2421,0,0
2024-12-13,sz.300635,12.37,12.6,12.12,12.13,7459000.0,91963143.0,6.2102,-2.3349,0,0
2024-12-16,sz.300635,12.1,12.42,12.07,12.21,6639334.0,81309563.08,5.5278,0.6595,0,0
2024-12-17,sz.300635,12.09,12.29,11.33,11.47,7189099.0,84341495.82,5.9855,-6.0606,0,0
2024-12-18,sz.300635,11.55,11.69,11.08,11.35,4734800.0,53864085.0,3.9421,-1.0462,0,0
2024-12-19,sz.300635,11.3,11.49,11.08,11.3,4420065.0,49720478.7,3.6801,-0.4405,0,0
2024-12-20,sz.300635,11.3,11.56,11.21,11.35,4991900.0,56982152.6,4.1562,0.4425,0,0
2024-12-23,sz.300635,11.35,11.42,10.36,10.5,8212325.0,88157924.79,6.8374,-7.489,0,0
2024-12-24,sz.300635,10.5,10.73,10.09,10.29,5663900.0,58494179.0,4.7291,-2.0,0,0
2024-12-25,sz.300635,10.23,10.27,9.72,10.0,5091700.0,50786262.0,4.2513,-2.8183,0,0
2024-12-26,sz.300635,10.06,10.3,10.01,10.12,3300000.0,33568652.0,2.7553,1.2,0,0
2024-12-27,sz.300635,10.21,10.59,10.16,10.35,5187000.0,53989909.0,4.3309,2.2727,0,0
2024-12-30,sz.300635,10.26,10.34,9.83,10.09,4049101.0,40827669.05,3.3808,-2.5121,0,0
2024-12-31,sz.300635,10.21,10.21,9.79,9.79,3061400.0,30530175.0,2.5561,-2.9732,0,0
2025-01-02,sz.300635,9.78,10.12,9.51,9.65,4718700.0,46201865.0,3.9399,-1.43,0,0
2025-01-03,sz.300635,9.79,9.84,9.01,9.05,6333300.0,58654553.0,5.288,-6.2176,0,0
2025-01-06,sz.300635,8.98,9.24,8.49,9.1,4482300.0,40292099.0,3.7425,0.5525,0,0
2025-01-07,sz.300635,9.15,9.48,9.05,9.42,5007915.0,46446468.25,4.1814,3.5165,0,0
2025-01-08,sz.300635,9.4,9.52,9.02,9.37,4091200.0,38014925.0,3.416,-0.5308,0,0
2025-01-09,sz.300635,9.36,9.57,9.29,9.4,3676700.0,34770291.0,3.0699,0.3202,0,0
2025-01-10,sz.300635,9.4,9.55,9.07,9.07,3905800.0,36275175.0,3.2612,-3.5106,0,0
2025-01-13,sz.300635,8.91,9.18,8.71,9.11,3118600.0,28005074.0,2.6039,0.441,0,0
2025-01-14,sz.300635,9.18,9.6,9.05,9.6,4387500.0,41403232.0,3.6633,5.3787,0,0
2025-01-15,sz.300635,9.69,9.79,9.42,9.47,3549800.0,34013073.0,2.9639,-1.3542,0,0
2025-01-16,sz.300635,9.59,9.72,9.4,9.5,3543000.0,33864798.0,2.9582,0.3168,0,0
2025-01-17,sz.300635,9.55,9.62,9.33,9.43,2887400.0,27219121.0,2.4108,-0.7368,0,0
2025-01-20,sz.300635,9.46,9.7,9.33,9.68,4185400.0,40183640.0,3.4946,2.6511,0,0
2025-01-21,sz.300635,9.74,9.82,9.32,9.45,3821700.0,36230525.0,3.1909,-2.376,0,0
2025-01-22,sz.300635,9.38,9.52,9.2,9.38,2610900.0,24476544.0,2.18,-0.7407,0,0
2025-01-23,sz.300635,9.48,9.59,9.25,9.26,4244800.0,40121276.0,3.5442,-1.2793,0,0
2025-01-24,sz.300635,9.26,9.45,9.12,9.34,3358220.0,31036114.77,2.8039,0.8639,0,0
2025-01-27,sz.300635,9.51,9.65,9.26,9.35,3129850.0,29660681.49,2.6133,0.1071,0,0
2025-02-05,sz.300635,9.49,9.79,9.42,9.72,5172777.0,49879751.35,4.319,3.9572,0,0
2025-02-06,sz.300635,9.75,10.02,9.51,10.01,4241958.0,41635542.16,3.5418,2.9835,0,0
2025-02-07,sz.300635,10.0,10.25,9.91,10.02,4770679.0,48004364.16,3.9833,0.0999,0,0
2025-02-10,sz.300635,10.0,10.38,9.91,10.34,4273600.0,43486554.04,3.5682,3.1936,0,0
2025-02-11,sz.300635,10.35,10.4,10.05,10.17,3732800.0,37898985.0,3.1167,-1.6441,0,0
2025-02-12,sz.300635,10.18,10.3,10.03,10.2,3548979.0,36117541.11,2.9632,0.295,0,0
2025-02-13,sz.300635,10.2,10.3,10.04,10.1,2543500.0,25825221.0,2.1237,-0.9804,0,0
2025-02-14,sz.300635,10.13,10.35,9.92,10.18,3695279.0,37524961.09,3.0854,0.7921,0,0
2025-02-17,sz.300635,10.16,10.58,10.09,10.43,5415200.0,56160796.0,4.5214,2.4558,0,0
2025-02-18,sz.300635,10.38,10.49,9.96,9.96,4671900.0,47524833.0,3.9008,-4.5062,0,0
2025-02-19,sz.300635,10.05,10.28,9.97,10.19,3377300.0,34316361.0,2.8199,2.3092,0,0
2025-02-20,sz.300635,10.26,10.28,10.12,10.24,3618220.0,36922286.2,3.021,0.4907,0,0
2025-02-21,sz.300635,10.23,10.25,9.98,10.18,4662220.0,47095010.4,3.8927,-0.5859,0,0
2025-02-24,sz.300635,10.48,10.68,10.16,10.28,6363720.0,65683029.4,5.3134,0.9823,0,0
2025-02-25,sz.300635,10.02,10.37,10.02,10.24,4270320.0,43615760.6,3.5655,-0.3891,0,0
2025-02-26,sz.300635,10.2,10.38,10.2,10.31,4271300.0,43950220.0,3.5663,0.6836,0,0
2025-02-27,sz.300635,10.3,10.35,10.06,10.22,4415900.0,45010582.0,3.6871,-0.8729,0,0
2025-02-28,sz.300635,10.17,10.2,9.92,9.92,4214200.0,42281556.0,3.5186,-2.9354,0,0
2025-03-03,sz.300635,9.89,10.19,9.83,9.98,4378300.0,43987079.0,3.6557,0.6048,0,0
2025-03-04,sz.300635,9.92,10.18,9.9,10.18,4070800.0,40962026.0,3.3989,2.004,0,0
2025-03-05,sz.300635,10.12,10.23,9.9,10.08,3352400.0,33569982.0,2.7991,-0.9823,0,0
2025-03-06,sz.300635,10.11,10.67,10.04,10.5,10818400.0,112970493.6,9.0328,4.1667,0,0
2025-03-07,sz.300635,10.48,10.63,10.16,10.24,6391600.0,66094987.0,5.3367,-2.4762,0,0
2025-03-10,sz.300635,10.34,10.49,10.24,10.32,4470220.0,46346460.4,3.7324,0.7813,0,0
2025-03-11,sz.300635,10.19,10.39,10.1,10.35,4036500.0,41448519.0,3.3703,0.2907,0,0
2025-03-12,sz.300635,10.38,10.95,10.26,10.68,10019740.0,106764577.4,8.366,3.1884,0,0
2025-03-13,sz.300635,10.79,11.57,10.7,11.23,19413543.0,216344514.65,16.2094,5.1498,0,0
2025-03-14,sz.300635,11.26,11.43,10.81,10.95,11921777.0,130492316.59,9.9541,-2.4933,0,0
2025-03-17,sz.300635,10.85,10.97,10.78,10.91,6532000.0,71024566.0,5.4539,-0.3653,0,0
2025-03-18,sz.300635,10.99,11.0,10.75,10.84,4431100.0,47959169.0,3.6998,-0.6416,0,0
2025-03-19,sz.300635,10.82,10.88,10.67,10.75,4321674.0,46469485.54,3.6084,-0.8303,0,0
2025-03-20,sz.300635,10.75,10.97,10.63,10.78,4235700.0,45667197.0,3.5366,0.2791,0,0
2025-03-21,sz.300635,10.68,10.84,10.52,10.62,3796100.0,40453789.0,3.1696,-1.4842,0,0
2025-03-24,sz.300635,10.56,10.6,9.69,9.88,7738920.0,77794719.13,6.4616,-6.968,0,0
2025-03-25,sz.300635,9.93,9.99,9.65,9.9,4533038.0,44625667.1,3.7849,0.2024,0,0
2025-03-26,sz.300635,9.83,10.33,9.83,10.21,5172300.0,52542029.0,4.3186,3.1313,0,0
2025-03-27,sz.300635,10.16,10.2,9.86,10.05,3163300.0,31715610.0,2.6412,-1.5671,0,0
2025-03-28,sz.300635,10.03,10.1,9.78,9.81,2580300.0,25558348.0,2.1544,-2.3881,0,0
2025-03-31,sz.300635,9.8,9.81,9.51,9.77,3343000.0,32344978.8,2.7912,-0.4077,0,0
2025-04-01,sz.300635,9.82,10.17,9.78,9.97,3638000.0,36532882.0,3.0376,2.0471,0,0
2025-04-02,sz.300635,9.93,10.11,9.86,9.98,1998388.0,19964303.24,1.6686,0.1003,0,0
2025-04-03,sz.300635,9.86,10.08,9.82,10.01,2331888.0,23298164.0,1.947,0.3006,0,0
2025-04-07,sz.300635,9.33,9.46,8.01,8.25,5967513.0,51777031.33,4.9826,-17.5824,0,0
2025-04-08,sz.300635,8.29,8.75,8.24,8.45,4994000.0,42348231.0,4.1697,2.4242,0,0
2025-04-09,sz.300635,8.34,8.8,7.71,8.74,5166600.0,43042361.0,4.3139,3.432,0,0
2025-04-10,sz.300635,8.86,9.25,8.85,9.11,4894300.0,44727842.0,4.0865,4.2334,0,0
2025-04-11,sz.300635,9.1,9.25,8.99,9.03,3266799.0,29703909.97,2.7276,-0.8782,0,0
2025-04-14,sz.300635,9.16,9.42,9.11,9.25,3190000.0,29651912.0,2.6635,2.4363,0,0
2025-04-15,sz.300635,9.27,9.39,9.18,9.31,2214760.0,20566268.0,1.8492,0.6486,0,0
2025-04-16,sz.300635,9.31,9.32,9.01,9.19,3747800.0,34459104.0,3.1292,-1.2889,0,0
2025-04-17,sz.300635,9.2,9.6,9.13,9.37,3160000.0,29882615.0,2.6384,1.9587,0,0
2025-04-18,sz.300635,9.4,9.55,9.19,9.42,2726800.0,25503830.0,2.2767,0.5336,0,0
2025-04-21,sz.300635,9.31,9.54,9.23,9.45,2049500.0,19338726.0,1.7112,0.3185,0,0
2025-04-22,sz.300635,9.45,9.63,9.42,9.49,2006700.0,19059696.0,1.6755,0.4233,0,0
2025-04-23,sz.300635,9.54,9.68,9.47,9.62,1957300.0,18787254.0,1.6342,1.3699,0,0
2025-04-24,sz.300635,9.58,9.62,9.3,9.35,2714500.0,25635283.0,2.2665,-2.8067,0,0
2025-04-25,sz.300635,9.44,9.6,9.33,9.41,2348400.0,22196095.0,1.9608,0.6417,0,0
2025-04-28,sz.300635,9.34,9.45,9.22,9.24,2261760.0,21017880.2,1.8885,-1.8066,0,0
2025-04-29,sz.300635,9.19,9.55,9.1,9.45,3381460.0,31900408.6,2.8235,2.2727,0,0
2025-04-30,sz.300635,9.49,9.78,9.49,9.65,3644292.0,35215102.16,3.043,2.1164,0,0
2025-05-06,sz.300635,9.73,10.06,9.73,10.03,4271660.0,42674012.1,3.5668,3.9378,0,0
2025-05-07,sz.300635,10.2,10.29,10.0,10.09,4834200.0,48961880.5,4.0366,0.5982,0,0
2025-05-08,sz.300635,10.09,10.19,9.98,10.13,3335100.0,33708955.0,2.7848,0.3964,0,0
2025-05-09,sz.300635,10.16,10.18,9.98,10.03,2749300.0,27684115.0,2.2957,-0.9872,0,0
2025-05-12,sz.300635,10.05,10.19,10.0,10.14,2525400.0,25502613.0,2.1087,1.0967,0,0
2025-05-13,sz.300635,10.24,10.24,9.95,9.98,2450100.0,24619753.0,2.0458,-1.5779,0,0
2025-05-14,sz.300635,10.01,10.04,9.88,9.93,2882400.0,28629966.0,2.4068,-0.501,0,0
2025-05-15,sz.300635,9.88,10.04,9.79,9.95,2684101.0,26614013.14,2.2412,0.2014,0,0
2025-05-16,sz.300635,10.06,10.11,9.94,10.0,2846100.0,28510151.0,2.3765,0.5025,0,0
2025-05-19,sz.300635,10.11,10.41,9.96,10.24,4704200.0,47868868.3,3.928,2.4,0,0
2025-05-20,sz.300635,10.25,10.62,10.15,10.6,4853650.0,50620124.0,4.0528,3.5156,0,0
2025-05-21,sz.300635,10.61,10.7,10.38,10.51,4478000.0,47022483.0,3.7391,-0.8491,0,0
2025-05-22,sz.300635,10.46,10.56,10.14,10.36,3596900.0,37151095.0,3.0034,-1.4272,0,0
2025-05-23,sz.300635,10.38,10.47,10.15,10.25,4245100.0,43792671.0,3.5447,-1.0618,0,0
2025-05-26,sz.300635,10.3,10.52,10.19,10.35,2694700.0,27944636.0,2.2501,0.9756,0,0
2025-05-27,sz.300635,10.39,10.48,10.24,10.45,2625360.0,27267730.2,2.1922,0.9662,0,0
2025-05-28,sz.300635,10.51,10.59,10.25,10.39,2425000.0,25118335.0,2.0249,-0.5742,0,0
2025-05-29,sz.300635,10.4,10.69,10.32,10.6,2881500.0,30381454.0,2.4061,2.0212,0,0
2025-05-30,sz.300635,10.59,10.68,10.39,10.53,2606400.0,27341175.0,2.1764,-0.6604,0,0
2025-06-03,sz.300635,10.38,10.66,10.38,10.48,2286500.0,24067303.0,1.9092,-0.4748,0,0
2025-06-04,sz.300635,10.51,10.71,10.48,10.67,3304400.0,35099333.0,2.7592,1.813,0,0
2025-06-05,sz.300635,10.64,10.79,10.58,10.71,3221700.0,34445265.0,2.6901,0.3749,0,0
2025-06-06,sz.300635,10.66,10.87,10.62,10.78,2835727.0,30499832.06,2.3678,0.6536,0,0
2025-06-09,sz.300635,10.79,10.98,10.77,10.93,2760600.0,30056475.0,2.3051,1.3915,0,0
2025-06-10,sz.300635,10.97,11.22,10.63,10.85,5732900.0,63077974.0,4.787,-0.7319,0,0
2025-06-11,sz.300635,10.87,11.11,10.87,10.93,3121327.0,34263617.3,2.6063,0.7373,0,0
2025-06-12,sz.300635,10.92,11.1,10.82,11.09,2943220.0,32436864.2,2.4576,1.4639,0,0
2025-06-13,sz.300635,11.09,11.43,10.87,10.96,5293900.0,58706385.0,4.4204,-1.1722,0,0
2025-06-16,sz.300635,10.9,11.58,10.85,11.24,5740626.0,64723486.09,4.7934,2.5547,0,0
2025-06-17,sz.300635,11.3,11.42,11.06,11.35,4118762.0,46469143.82,3.4392,0.9786,0,0
2025-06-18,sz.300635,11.35,11.39,11.15,11.25,3176685.0,35791243.8,2.6525,-0.8811,0,0
2025-06-19,sz.300635,11.24,11.32,10.88,10.94,3368100.0,37199920.0,2.8124,-2.7556,0,0
2025-06-20,sz.300635,10.94,11.42,10.83,11.03,5872527.0,65280406.56,4.9036,0.8227,0,0
2025-06-23,sz.300635,11.03,11.03,11.03,11.03,,,,,0,0
2025-06-24,sz.300635,11.03,11.03,11.03,11.03,,,,,0,0
2025-06-25,sz.300635,11.03,11.03,11.03,11.03,,,,,0,0
2025-06-26,sz.300635,11.38,13.24,11.38,13.24,37862673.0,465678333.21,31.6154,20.0363,1,0
2025-06-27,sz.300635,12.55,13.16,12.26,12.36,32957499.0,414180716.05,27.5196,-6.6465,0,0
2025-06-30,sz.300635,12.4,12.98,12.05,12.71,24306828.0,305798290.09,20.2963,2.8317,0,0
2025-07-01,sz.300635,12.59,12.66,11.87,11.97,16424530.0,199546817.8,13.7145,-5.8222,0,0
2025-07-02,sz.300635,11.88,12.34,11.78,12.03,11674230.0,141017595.4,9.748,0.5013,0,0
2025-07-03,sz.300635,11.9,12.17,11.71,11.94,7616820.0,90467809.6,6.3601,-0.7481,0,0
2025-07-04,sz.300635,12.05,12.05,11.62,11.7,6948800.0,81893845.0,5.8023,-2.0101,0,0
2025-07-07,sz.300635,11.65,11.89,11.55,11.88,5893188.0,69604144.16,4.9208,1.5385,0,0
2025-07-08,sz.300635,11.9,11.98,11.77,11.97,5270100.0,62654091.0,4.4005,0.7576,0,0
2025-07-09,sz.300635,11.96,12.12,11.85,12.03,6282030.0,75232185.9,5.2455,0.5013,0,0
2025-07-10,sz.300635,11.93,12.45,11.77,12.33,9232500.0,112110579.0,7.7092,2.4938,0,0
2025-07-11,sz.300635,12.23,12.36,11.95,12.15,6878500.0,83326445.0,5.7436,-1.4599,0,0
2025-07-14,sz.300635,12.04,12.2,12.0,12.14,5183700.0,62599906.0,4.3284,-0.0823,0,0
2025-07-15,sz.300635,12.15,12.15,11.75,11.8,5465400.0,64804242.0,4.5636,-2.8007,0,0
2025-07-16,sz.300635,11.76,12.04,11.74,12.0,4078019.0,48747980.05,3.4052,1.6949,0,0
2025-07-17,sz.300635,12.0,12.3,11.91,12.11,4941650.0,59937743.5,4.1263,0.9167,0,0
2025-07-18,sz.300635,12.18,12.38,11.95,12.04,3745600.0,45370408.0,3.1276,-0.578,0,0
2025-07-21,sz.300635,12.3,12.5,12.16,12.48,8824500.0,109334635.0,7.3685,3.6545,0,0
2025-07-22,sz.300635,12.54,14.98,12.3,14.3,25887870.0,350283203.44,21.6165,14.5833,0,0
2025-07-23,sz.300635,13.99,14.2,13.09,13.17,19663846.0,263772406.08,16.4194,-7.9021,0,0
2025-07-24,sz.300635,13.19,13.2,12.82,12.92,11526666.0,149548715.18,9.6248,-1.8983,0,0
2025-07-25,sz.300635,13.0,14.26,12.74,13.74,17620604.0,238702341.56,14.7133,6.3467,0,0
2025-07-28,sz.300635,13.58,13.88,13.17,13.5,11499404.0,154281854.0,9.602,-1.7467,0,0
2025-07-29,sz.300635,13.65,13.87,13.2,13.47,8514124.0,115001836.28,7.1093,-0.2222,0,0
2025-07-30,sz.300635,13.88,14.1,13.47,13.6,9189274.0,126045447.96,7.6731,0.9651,0,0
2025-07-31,sz.300635,13.47,14.2,13.31,13.85,10634720.0,146513648.0,8.88,1.8382,0,0
2025-08-01,sz.300635,13.89,14.8,13.72,14.3,13069823.0,187526097.0,10.9133,3.2491,0,0
2025-08-04,sz.300635,14.21,14.4,13.9,14.01,7997500.0,112534370.0,6.6779,-2.028,0,0
2025-08-05,sz.300635,14.05,14.09,13.77,13.89,6164760.0,85605243.6,5.1476,-0.8565,0,0
2025-08-06,sz.300635,13.94,14.04,13.79,13.97,4667500.0,64925300.0,3.8974,0.576,0,0
2025-08-07,sz.300635,14.05,14.8,13.94,14.47,9821100.0,141733527.0,8.2006,3.5791,0,0
2025-08-08,sz.300635,14.5,14.58,13.88,14.16,7513719.0,106404925.91,6.274,-2.1424,0,0
2025-08-11,sz.300635,14.12,14.74,14.0,14.51,6079600.0,87545566.0,5.0765,2.4718,0,0
2025-08-12,sz.300635,14.5,14.69,14.36,14.59,4770704.0,69172725.68,3.9836,0.5513,0,0
2025-08-13,sz.300635,14.72,14.73,14.23,14.5,5257800.0,75822318.0,4.3903,-0.6169,0,0
2025-08-14,sz.300635,14.5,14.59,13.85,13.95,6779900.0,95771859.0,5.6612,-3.7931,0,0
2025-08-15,sz.300635,13.95,14.3,13.92,14.15,4428750.0,62571875.5,3.698,1.4337,0,0
2025-08-18,sz.300635,14.23,14.96,14.04,14.55,7153200.0,104777463.0,5.9729,2.8269,0,0
2025-08-19,sz.300635,14.72,14.76,14.15,14.44,6719000.0,96058523.0,5.6104,-0.756,0,0
2025-08-20,sz.300635,14.3,14.42,14.05,14.28,4451560.0,63158963.8,3.7171,-1.108,0,0
2025-08-21,sz.300635,14.28,14.55,14.16,14.2,3402479.0,48554136.35,2.8411,-0.5602,0,0
2025-08-22,sz.300635,14.18,14.59,14.13,14.5,5030900.0,72375583.0,4.2008,2.1127,0,0
2025-08-25,sz.300635,14.65,15.78,14.5,14.7,10172997.0,153525766.88,8.4948,1.3793,0,0
2025-08-26,sz.300635,14.6,15.08,14.45,14.87,5506400.0,81604635.0,4.598,1.1565,0,0
2025-08-27,sz.300635,14.8,14.99,13.65,13.65,10871900.0,153429527.0,9.0784,-8.2044,0,0
2025-08-28,sz.300635,13.81,14.33,13.53,14.17,7938484.0,111273347.44,6.5925,3.8095,0,0
2025-08-29,sz.300635,14.16,14.31,13.67,13.78,4996700.0,69693397.0,4.1495,-2.7523,0,0
2025-09-01,sz.300635,13.75,14.68,13.75,14.53,9711000.0,139128393.0,8.0645,5.4427,0,0
2025-09-02,sz.300635,14.5,14.79,14.21,14.33,6680000.0,96533472.0,5.5474,-1.3765,0,0
2025-09-03,sz.300635,14.42,14.49,13.67,13.99,6691900.0,93356142.0,5.5573,-2.3726,0,0
2025-09-04,sz.300635,13.98,14.19,13.6,13.76,6116800.0,85047889.0,5.0797,-1.644,0,0
2025-09-05,sz.300635,13.87,14.15,13.45,14.15,5578858.0,77814299.96,4.633,2.8343,0,0
2025-09-08,sz.300635,14.04,14.29,13.94,14.03,4050100.0,57024732.0,3.3634,-0.8481,0,0
2025-09-09,sz.300635,14.09,14.09,13.8,13.95,4793100.0,66850860.0,3.9804,-0.5702,0,0
2025-09-10,sz.300635,14.01,14.36,13.75,14.29,4186948.0,59424675.3,3.4771,2.4373,0,0
2025-09-11,sz.300635,14.25,14.75,14.05,14.6,4460958.0,64399522.3,3.7046,2.1693,0,0
2025-09-12,sz.300635,14.69,14.93,14.4,14.65,3904650.0,57168862.5,3.2426,0.3425,0,0
2025-09-15,sz.300635,14.65,14.95,14.32,14.63,3792556.0,55416230.32,3.1495,-0.1365,0,0
2025-09-16,sz.300635,14.64,15.6,14.38,15.4,7570350.0,115154763.5,6.2868,5.2632,0,0
2025-09-17,sz.300635,15.4,15.57,15.14,15.18,4961440.0,75876015.2,4.1202,-1.4286,0,0
2025-09-18,sz.300635,15.24,15.24,14.46,14.67,5749327.0,85068824.05,4.7746,-3.3597,0,0
2025-09-19,sz.300635,14.73,14.99,14.43,14.67,3698889.0,54214175.86,3.0718,0.0,0,0
2025-09-22,sz.300635,14.74,14.75,14.33,14.52,3075300.0,44613839.31,2.5539,-1.0225,0,0
2025-09-23,sz.300635,14.42,14.56,13.51,13.96,6625866.0,91665251.12,5.5025,-3.8567,0,0
2025-09-24,sz.300635,13.91,14.25,13.79,14.15,3708200.0,52257856.0,3.0795,1.361,0,0
2025-09-25,sz.300635,14.18,14.58,14.01,14.15,4038000.0,57834911.0,3.3534,0.0,0,0
2025-09-26,sz.300635,14.15,14.56,13.98,14.39,3782300.0,54080613.0,3.141,1.6961,0,0
2025-09-29,sz.300635,14.31,14.68,14.04,14.51,4811300.0,69600559.0,3.9956,0.8339,0,0
2025-09-30,sz.300635,14.5,14.88,14.47,14.81,5551900.0,81573160.0,4.6106,2.0675,0,0
2025-10-09,sz.300635,14.89,14.94,13.98,14.01,7072174.0,100439106.22,5.8731,-5.4018,0,0
2025-10-10,sz.300635,14.04,14.35,13.97,14.23,5151887.0,73210869.62,4.2784,1.5703,0,0
2025-10-13,sz.300635,13.8,14.6,13.51,14.47,5633398.0,80570217.8,4.6783,1.6866,0,0
2025-10-14,sz.300635,14.55,14.66,14.01,14.14,4164920.0,59507979.0,3.4588,-2.2806,0,0
2025-10-15,sz.300635,14.14,14.32,14.03,14.19,2386658.0,33807414.86,1.982,0.3536,0,0
2025-10-16,sz.300635,14.19,14.33,13.88,13.96,2705300.0,37885276.0,2.2466,-1.6209,0,0
2025-10-17,sz.300635,14.07,14.13,13.73,13.75,2435700.0,33970124.0,2.0227,-1.5043,0,0
2025-10-20,sz.300635,13.9,14.59,13.9,14.25,4200284.0,60079896.8,3.4881,3.6364,0,0
2025-10-21,sz.300635,14.39,14.66,14.23,14.62,3813171.0,55166346.73,3.1667,2.5965,0,0
2025-10-22,sz.300635,14.57,14.69,14.34,14.45,2877100.0,41740435.0,2.3893,-1.1628,0,0
2025-10-23,sz.300635,14.46,14.6,14.18,14.57,2668300.0,38316146.4,2.2159,0.8304,0,0
2025-10-24,sz.300635,14.54,14.67,14.38,14.6,2459500.0,35881402.0,2.0425,0.2059,0,0
2025-10-27,sz.300635,14.67,14.68,14.21,14.4,3817500.0,55155018.0,3.1703,-1.3699,0,0
2025-10-28,sz.300635,14.42,14.67,14.33,14.44,3899400.0,56623502.0,3.2383,0.2778,0,0
2025-10-29,sz.300635,14.49,14.59,14.13,14.24,3525550.0,50213594.75,2.9278,-1.385,0,0
2025-10-30,sz.300635,14.18,14.38,14.03,14.16,2914000.0,41414353.0,2.4199,-0.5618,0,0
2025-10-31,sz.300635,14.16,14.33,14.08,14.33,2796300.0,39800959.0,2.3222,1.2006,0,0
2025-11-03,sz.300635,14.49,14.7,14.3,14.53,3850100.0,55786981.0,3.1973,1.3957,0,0
2025-11-04,sz.300635,14.62,14.94,14.35,14.69,4563700.0,66914088.0,3.7899,1.1012,0,0
2025-11-05,sz.300635,14.7,14.89,14.55,14.75,3328000.0,49048077.0,2.7638,0.4084,0,0
2025-11-06,sz.300635,14.78,14.94,14.5,14.58,2917300.0,42683400.0,2.4227,-1.1525,0,0
2025-11-07,sz.300635,14.82,15.14,14.6,14.97,4431600.0,66120410.0,3.6802,2.6749,0,0
2025-11-10,sz.300635,15.87,16.6,15.31,15.5,10754519.0,168640032.27,8.9311,3.5404,0,0
2025-11-11,sz.300635,15.5,15.9,15.28,15.57,6524556.0,101322959.12,5.4183,0.4516,0,0
2025-11-12,sz.300635,15.54,15.89,15.26,15.64,5152600.0,80620092.0,4.279,0.4496,0,0
2025-11-13,sz.300635,15.81,16.1,15.55,15.58,4440100.0,69761326.0,3.6873,-0.3836,0,0
2025-11-14,sz.300635,15.5,17.08,15.42,16.65,9101198.0,148520088.88,7.5581,6.8678,0,0
2025-11-17,sz.300635,16.34,17.0,16.13,16.7,8556998.0,142211697.88,7.1062,0.3003,0,0
2025-11-18,sz.300635,16.63,17.64,16.5,16.68,9320795.0,157890658.27,7.7405,-0.1198,0,0
2025-11-19,sz.300635,16.7,17.08,16.26,16.36,7014825.0,116887499.0,5.8255,-1.9185,0,0
2025-11-20,sz.300635,16.36,16.94,16.02,16.85,7046225.0,116508826.5,5.8516,2.9951,0,0
2025-11-21,sz.300635,16.6,17.0,15.68,15.88,7948640.0,128533171.8,6.601,-5.7567,0,0
2025-11-24,sz.300635,15.91,17.3,15.76,17.18,9806500.0,163530144.13,8.1438,8.1864,0,0
2025-11-25,sz.300635,17.34,18.18,17.0,17.78,9589300.0,170072550.53,7.9635,3.4924,0,0
2025-11-26,sz.300635,18.09,18.36,17.66,17.81,7554703.0,135664201.22,6.2738,0.1687,0,0
2025-11-27,sz.300635,17.78,17.9,17.47,17.64,5715000.0,101023672.0,4.746,-0.9545,0,0
2025-11-28,sz.300635,17.83,18.86,17.55,18.61,8360200.0,152960947.96,6.9428,5.4989,0,0
2025-12-01,sz.300635,18.63,18.76,17.71,17.81,7369500.0,132875433.0,6.12,-4.2988,0,0
2025-12-02,sz.300635,17.71,18.0,17.45,17.51,4661600.0,82424130.0,3.8712,-1.6844,0,0
2025-12-03,sz.300635,17.4,17.83,17.02,17.19,4922900.0,85081783.0,4.0882,-1.8275,0,0
2025-12-04,sz.300635,17.19,17.46,16.66,16.95,3867700.0,65643659.0,3.2119,-1.3962,0,0
2025-12-05,sz.300635,16.97,17.17,16.63,16.93,3814800.0,64521956.0,3.168,-0.118,0,0
2025-12-08,sz.300635,17.02,17.48,16.97,17.31,3625700.0,62405140.0,3.011,2.2445,0,0
2025-12-09,sz.300635,17.3,17.4,16.91,17.0,2559700.0,43819513.0,2.1257,-1.7909,0,0
2025-12-10,sz.300635,16.9,17.06,16.57,16.77,2949300.0,49446835.0,2.4493,-1.3529,0,0
2025-12-11,sz.300635,16.81,16.95,16.1,16.1,3778700.0,61841353.0,3.138,-3.9952,0,0
2025-12-12,sz.300635,16.1,16.15,15.66,15.78,3708700.0,58900255.0,3.0799,-1.9876,0,0
2025-12-15,sz.300635,16.14,16.35,15.7,16.15,3406800.0,54772501.0,2.8292,2.3447,0,0
2025-12-16,sz.300635,16.49,16.52,15.57,15.75,3444500.0,54640208.0,2.8605,-2.4768,0,0
2025-12-17,sz.300635,15.6,15.85,15.2,15.8,2898400.0,44950553.0,2.407,0.3175,0,0
2025-12-18,sz.300635,15.78,16.33,15.48,16.01,4028160.0,64123771.4,3.3452,1.3291,0,0
2025-12-19,sz.300635,16.01,16.44,15.88,16.21,2636200.0,42780229.0,2.1892,1.2492,0,0
2025-12-22,sz.300635,16.19,16.28,15.83,15.99,2693600.0,43191904.0,2.2369,-1.3572,0,0
2025-12-23,sz.300635,15.99,16.34,15.68,16.28,3226600.0,51710742.0,2.6795,1.8136,0,0
2025-12-24,sz.300635,16.28,16.38,16.06,16.18,2479900.0,40204687.0,2.0594,-0.6143,0,0
2025-12-25,sz.300635,16.28,16.49,16.0,16.35,1875300.0,30612643.0,1.5573,1.0507,0,0
2025-12-26,sz.300635,16.34,16.35,15.86,15.89,3423500.0,54881094.0,2.8431,-2.8135,0,0
2025-12-29,sz.300635,15.94,16.5,15.8,16.43,3728300.0,60528884.0,3.0962,3.3984,0,0
2025-12-30,sz.300635,16.69,16.69,15.98,16.02,2998100.0,48452385.0,2.4898,-2.4954,0,0
2025-12-31,sz.300635,16.12,16.12,15.83,16.03,1883300.0,30090962.0,1.564,0.0624,0,0
2026-01-05,sz.300635,16.03,16.89,15.97,16.58,4245200.0,70243839.0,3.5254,3.4311,0,0
2026-01-06,sz.300635,16.58,16.8,16.3,16.35,3200500.0,52703289.0,2.6579,-1.3872,0,0
2026-01-07,sz.300635,16.35,16.39,16.01,16.1,2424000.0,39140496.48,2.013,-1.5291,0,0
2026-01-08,sz.300635,16.08,16.54,16.0,16.16,5182580.0,84217363.8,4.3039,0.3727,0,0
2026-01-09,sz.300635,16.2,16.7,16.07,16.61,4275200.0,70421309.0,3.5504,2.7847,0,0
2026-01-12,sz.300635,16.67,17.24,16.1,17.05,8032000.0,134451299.0,6.6702,2.649,0,0
2026-01-13,sz.300635,17.0,17.0,16.33,16.36,5626700.0,92803068.0,4.6727,-4.0469,0,0
2026-01-14,sz.300635,16.45,17.13,16.4,16.74,6276900.0,105173751.0,5.2127,2.3227,0,0
2026-01-15,sz.300635,16.74,17.69,16.53,17.19,7581100.0,130732728.0,6.2958,2.6882,0,0
2026-01-16,sz.300635,17.28,17.35,16.84,17.01,4737600.0,80598865.0,3.9344,-1.0471,0,0
2026-01-19,sz.300635,17.1,17.1,16.47,16.67,5149900.0,85879080.0,4.2768,-1.9988,0,0
2026-01-20,sz.300635,16.65,16.65,15.71,16.0,7259400.0,117020039.0,6.0286,-4.0192,0,0
2026-01-21,sz.300635,16.0,16.2,15.9,16.07,3681985.0,59133879.84,3.0577,0.4375,0,0
2026-01-22,sz.300635,16.08,16.87,15.86,16.84,5245161.0,86377916.43,4.3559,4.7915,0,0
2026-01-23,sz.300635,16.84,17.2,15.96,15.97,7123500.0,116889265.0,5.9158,-5.1663,0,0
2026-01-26,sz.300635,15.7,15.7,13.36,14.0,20706700.0,291546936.2,17.1962,-12.3356,0,0
2026-01-27,sz.300635,13.74,13.99,13.32,13.85,9376800.0,128417518.0,7.7871,-1.0714,0,0
2026-01-28,sz.300635,13.89,14.25,13.5,13.76,9385500.0,129905861.0,7.7943,-0.6498,0,0
2026-01-29,sz.300635,13.72,14.3,13.61,13.9,7529760.0,105534300.44,6.2532,1.0174,0,0
2026-01-30,sz.300635,13.9,14.25,13.81,14.11,4612500.0,64728875.0,3.8305,1.5108,0,0
2026-02-02,sz.300635,14.34,15.93,14.2,14.38,15316700.0,231260073.16,12.72,1.9135,0,0
2026-02-03,sz.300635,14.39,14.85,14.06,14.1,9754792.0,140304127.5,8.101,-1.9471,0,0
2026-02-04,sz.300635,14.29,14.36,13.93,14.09,5831978.0,82369983.16,4.8433,-0.0709,0,0
2026-02-05,sz.300635,14.08,14.22,13.91,13.97,3432600.0,48336113.0,2.8507,-0.8517,0,0
2026-02-06,sz.300635,14.04,14.27,13.83,14.0,3344020.0,47171340.0,2.7771,0.2147,0,0
2026-02-09,sz.300635,14.26,14.31,14.07,14.15,3887422.0,55155480.54,3.2284,1.0714,0,0
2026-02-10,sz.300635,14.22,14.41,14.08,14.13,4004600.0,56966674.0,3.3257,-0.1413,0,0
2026-02-11,sz.300635,14.27,14.27,14.0,14.04,3369000.0,47579002.0,2.7978,-0.6369,0,0
2026-02-12,sz.300635,14.03,14.39,13.71,13.99,4943000.0,69409639.2,4.105,-0.3561,0,0
2026-02-13,sz.300635,14.0,14.35,13.87,14.22,3762900.0,53572465.6,3.125,1.644,0,0
2026-02-24,sz.300635,14.29,14.47,14.24,14.46,3823700.0,54960196.0,3.1755,1.6878,0,0
2026-02-25,sz.300635,14.58,14.58,14.3,14.37,3086100.0,44531427.0,2.5629,-0.6224,0,0
2026-02-26,sz.300635,14.5,14.55,14.11,14.2,3229600.0,46123203.0,2.6821,-1.183,0,0
2026-02-27,sz.300635,14.2,14.27,13.92,14.16,3372200.0,47458760.0,2.8005,-0.2817,0,0
2026-03-02,sz.300635,14.0,14.07,13.46,13.69,5367800.0,73713460.0,4.4578,-3.3192,0,0
2026-03-03,sz.300635,13.82,13.88,13.1,13.17,6099561.0,82265436.82,5.0655,-3.7984,0,0
2026-03-04,sz.300635,12.95,13.34,12.92,13.15,3522880.0,46381650.6,2.9256,-0.1519,0,0
2026-03-05,sz.300635,13.49,13.56,13.26,13.28,2986339.0,39981967.68,2.4801,0.9886,0,0
2026-03-06,sz.300635,13.21,14.2,13.21,14.05,6206520.0,86410648.4,5.1543,5.7982,0,0
2026-03-09,sz.300635,13.83,14.09,13.62,13.96,4930102.0,68468183.64,4.0943,-0.6406,0,0
2026-03-10,sz.300635,14.08,14.28,13.96,14.23,3934900.0,55759003.0,3.2678,1.9341,0,0
2026-03-11,sz.300635,14.29,14.38,13.93,14.0,3645000.0,51335746.02,3.0271,-1.6163,0,0
2026-03-12,sz.300635,14.16,14.19,13.56,13.6,4242158.0,58536132.6,3.523,-2.8571,0,0
2026-03-13,sz.300635,13.61,13.95,13.53,13.66,3165200.0,43613829.0,2.6286,0.4412,0,0
2026-03-16,sz.300635,13.66,13.83,13.32,13.49,5086500.0,68934432.0,4.2242,-1.2445,0,0
2026-03-17,sz.300635,13.54,13.66,13.18,13.22,3255700.0,43778619.0,2.7038,-2.0015,0,0
2026-03-18,sz.300635,13.21,13.42,13.1,13.41,2850200.0,37735409.0,2.367,1.4372,0,0
2026-03-19,sz.300635,13.34,13.34,12.9,12.96,4113100.0,53812996.0,3.4158,-3.3557,0,0
2026-03-20,sz.300635,12.99,13.13,12.52,12.58,5788361.0,73777739.19,4.807,-2.9321,0,0
2026-03-23,sz.300635,12.5,12.61,12.02,12.09,7325900.0,90191296.0,6.0839,-3.8951,0,0
2026-03-24,sz.300635,12.44,13.42,12.44,13.32,10854361.0,140024969.39,9.0142,10.1737,0,0
2026-03-25,sz.300635,13.32,13.95,13.32,13.71,8407900.0,114951755.0,6.9825,2.9279,0,0
2026-03-26,sz.300635,13.7,13.74,13.02,13.19,6854160.0,91386987.8,5.6922,-3.7929,0,0
2026-03-27,sz.300635,13.19,13.74,13.05,13.66,5970400.0,79947441.0,4.9582,3.5633,0,0
2026-03-30,sz.300635,13.57,13.78,13.36,13.69,4331900.0,58750558.4,3.5975,0.2196,0,0
2026-03-31,sz.300635,13.62,13.97,13.46,13.74,5794900.0,79811055.0,4.8125,0.3652,0,0
2026-04-01,sz.300635,14.14,14.24,13.64,13.87,3988900.0,55161872.0,3.3126,0.9461,0,0
2026-04-02,sz.300635,14.09,14.09,13.5,13.67,4953700.0,67643010.0,4.1139,-1.442,0,0
2026-04-03,sz.300635,13.84,13.89,13.18,13.26,4611000.0,61816147.0,3.8293,-2.9993,0,0
2026-04-07,sz.300635,13.07,13.63,13.07,13.56,4605702.0,61985128.12,3.8249,2.2624,0,0
2026-04-08,sz.300635,13.89,13.93,13.65,13.85,4588900.0,63413289.0,3.8109,2.1386,0,0
2026-04-09,sz.300635,13.89,14.1,13.66,14.04,7186300.0,100014431.66,5.968,1.3718,0,0
2026-04-10,sz.300635,14.03,14.11,13.77,13.96,5130260.0,71546975.8,4.2605,-0.5698,0,0
2026-04-13,sz.300635,13.94,14.35,13.82,14.35,5378760.0,75831216.6,4.4669,2.7937,0,0
2026-04-14,sz.300635,14.4,15.25,14.26,15.01,9045800.0,134773963.0,7.5122,4.5993,0,0
2026-04-15,sz.300635,15.01,15.09,14.75,14.75,6419800.0,95855795.0,5.3314,-1.7322,0,0
2026-04-16,sz.300635,14.86,14.88,14.07,14.35,8474000.0,121441836.0,7.0374,-2.7119,0,0
2026-04-17,sz.300635,14.52,14.58,13.6,14.09,8079200.0,112878240.0,6.7095,-1.8118,0,0
2026-04-20,sz.300635,14.01,14.03,13.57,13.8,6343720.0,87015774.0,5.2682,-2.0582,0,0
2026-04-21,sz.300635,13.79,14.28,13.62,14.04,6823000.0,95570113.0,5.6663,1.7391,0,0
2026-04-22,sz.300635,13.99,13.99,13.6,13.83,4427800.0,60752015.0,3.6771,-1.4957,0,0
2026-04-23,sz.300635,13.84,13.98,13.57,13.6,3897100.0,53566377.0,3.2364,-1.6631,0,0
2026-04-24,sz.300635,13.56,13.82,13.37,13.67,3807400.0,51896161.0,3.1619,0.5147,0,0
2026-04-27,sz.300635,13.56,13.8,13.27,13.73,3557400.0,48393324.0,2.9543,0.4389,0,0
2026-04-28,sz.300635,13.66,13.95,13.63,13.75,3285900.0,45286218.0,2.7288,0.1457,0,0
2026-04-29,sz.300635,13.78,14.65,13.67,14.38,9355400.0,134733196.0,7.7693,4.5818,0,0
2026-04-30,sz.300635,14.42,14.78,14.2,14.74,8581900.0,125319919.61,7.127,2.5035,0,0
2026-05-06,sz.300635,14.73,15.19,14.73,14.81,7222098.0,107871775.36,5.9977,0.4749,0,0
2026-05-07,sz.300635,14.92,15.49,14.92,15.17,5893100.0,89667550.0,4.894,2.4308,0,0
2026-05-08,sz.300635,15.16,15.84,15.07,15.58,7596100.0,116823701.0,6.3083,2.7027,0,0
2026-05-11,sz.300635,15.97,16.49,15.55,15.7,7618580.0,120992199.2,6.327,0.7702,0,0
2026-05-12,sz.300635,15.79,15.79,15.05,15.16,7180380.0,109720612.0,5.9631,-3.4395,0,0
2026-05-13,sz.300635,15.27,15.27,14.92,14.94,4560500.0,68765034.0,3.7873,-1.4512,0,0
2026-05-14,sz.300635,15.02,15.67,14.85,15.34,5896600.0,90023468.0,4.8969,2.6774,0,0
2026-05-15,sz.300635,15.35,15.72,15.14,15.25,4675500.0,72091678.0,3.8828,-0.5867,0,0
2026-05-18,sz.300635,15.41,15.5,14.97,15.24,4346800.0,65949288.0,3.6099,-0.0656,0,0
2026-05-19,sz.300635,15.45,15.59,14.78,15.05,3816800.0,57509402.0,3.1697,-1.2467,0,0
2026-05-20,sz.300635,15.0,15.28,14.89,14.97,3921300.0,58911035.0,3.2565,-0.5316,0,0
2026-05-21,sz.300635,15.11,15.17,14.22,14.37,4428100.0,65053360.6,3.6774,-4.008,0,0
2026-05-22,sz.300635,14.49,14.94,14.1,14.78,4636656.0,67731181.16,3.8506,2.8532,0,0
2026-05-25,sz.300635,15.07,15.29,14.36,14.59,4696880.0,69231877.56,3.9006,-1.2855,0,0
2026-05-26,sz.300635,14.62,14.75,14.05,14.22,4274000.0,60873398.0,3.5494,-2.536,0,0
2026-05-27,sz.300635,14.35,14.35,13.51,13.78,3933300.0,54193796.0,3.2665,-3.0942,0,0
2026-05-28,sz.300635,13.76,14.33,13.63,14.02,4929700.0,69237713.0,4.094,1.7417,0,0
2026-05-29,sz.300635,14.1,14.25,13.67,13.73,4399860.0,60896049.4,3.6539,-2.0685,0,0
2026-06-01,sz.300635,13.67,14.29,13.0,14.18,4903100.0,68674525.0,4.0719,3.2775,0,0
2026-06-02,sz.300635,14.2,14.33,13.59,13.86,4750860.0,65804383.4,3.9454,-2.2567,0,0
2026-06-03,sz.300635,13.86,13.91,13.37,13.71,3833000.0,52208871.0,3.1832,-1.0823,0,0
2026-06-04,sz.300635,13.64,14.09,13.36,14.0,4820100.0,66190966.0,4.0029,2.1152,0,0
2026-06-05,sz.300635,14.09,14.43,13.55,13.85,5452400.0,75868962.0,4.528,-1.0714,0,0
2026-06-08,sz.300635,13.48,14.15,13.2,13.35,5599700.0,76162014.0,4.6504,-3.6101,0,0
2026-06-09,sz.300635,13.47,13.91,13.19,13.72,4801400.0,65737850.0,3.9874,2.7715,0,0
2026-06-10,sz.300635,13.61,13.72,13.06,13.39,3494700.0,46594461.0,2.9022,-2.4052,0,0
2026-06-11,sz.300635,13.31,13.43,12.8,13.04,3383700.0,44109851.0,2.8101,-2.6139,0,0
2026-06-12,sz.300635,13.16,13.45,12.77,13.17,4687300.0,61317765.0,3.8926,0.9969,0,0
2026-06-15,sz.300635,13.33,14.09,13.12,13.2,6681400.0,90979038.0,5.5487,0.2278,0,0
2026-06-16,sz.300635,13.19,14.17,12.82,13.91,8034475.0,109194632.07,6.6724,5.3788,0,0
2026-06-17,sz.300635,13.91,14.3,13.69,13.77,8716100.0,121569485.0,7.2384,-1.0065,0,0
2026-06-18,sz.300635,13.78,14.09,13.2,13.28,8120200.0,110082390.0,6.7436,-3.5585,0,0
2026-06-22,sz.300635,13.29,13.38,12.74,13.21,5093060.0,66428286.4,4.2296,-0.5271,0,0
2026-06-23,sz.300635,13.18,13.62,13.05,13.25,6606525.0,88354340.0,5.4865,0.3028,0,0
2026-06-24,sz.300635,13.14,13.44,13.04,13.15,6034490.0,79668688.6,5.0114,-0.7547,0,0
2026-06-25,sz.300635,13.15,13.95,11.84,12.24,13768500.0,175534437.0,11.4343,-6.9202,0,0
2026-06-26,sz.300635,12.22,12.33,11.26,11.37,9921100.0,115814404.0,8.2391,-7.1078,0,0
