date,code,open,high,low,close,volume,amount,turnover,pct_change,is_limit_up,is_limit_down
2020-07-09,sz.300847,8.33,9.99,8.33,9.99,38958,387447.42,0.079,43.9481,1,0
2020-07-10,sz.300847,10.99,10.99,10.99,10.99,13719,150771.81,0.0278,10.01,0,0
2020-07-13,sz.300847,12.09,12.09,12.09,12.09,25073,303132.57,0.0508,10.0091,0,0
2020-07-14,sz.300847,13.3,13.3,13.3,13.3,24027,319559.1,0.0487,10.0083,0,0
2020-07-15,sz.300847,14.63,14.63,14.63,14.63,55439,811072.57,0.1124,10.0,0,0
2020-07-16,sz.300847,16.09,16.09,16.09,16.09,102641,1651493.69,0.208,9.9795,0,0
2020-07-17,sz.300847,17.7,17.7,17.7,17.7,143144,2533648.8,0.2901,10.0062,0,0
2020-07-20,sz.300847,19.47,19.47,19.47,19.47,88025,1713846.75,0.1784,10.0,0,0
2020-07-21,sz.300847,21.42,21.42,21.42,21.42,2275128,1713846.75,4.6111,10.0154,0,0
2020-07-22,sz.300847,23.56,23.56,23.56,23.56,2217720,52249483.2,4.4948,9.9907,0,0
2020-07-23,sz.300847,25.92,25.92,25.15,25.92,7993192,207030936.89,16.2002,10.017,0,0
2020-07-24,sz.300847,28.51,28.51,28.12,28.51,11065254,315417446.48,22.4265,9.9923,0,0
2020-07-27,sz.300847,26.02,28.0,25.66,26.5,29787549,783488630.79,60.372,-7.0502,0,0
2020-07-28,sz.300847,25.51,29.15,24.17,29.15,30712353,818156748.36,62.2464,10.0,0,0
2020-07-29,sz.300847,28.5,32.07,27.88,32.07,30362561,933484874.8,61.5374,10.0172,0,0
2020-07-30,sz.300847,32.1,34.5,30.0,30.5,34196702,1113876114.1,69.3083,-4.8955,0,0
2020-07-31,sz.300847,29.23,31.88,29.23,30.05,25905196,788075468.32,52.5034,-1.4754,0,0
2020-08-03,sz.300847,30.09,33.06,29.5,33.06,26783011,844670941.82,54.2826,10.0166,0,0
2020-08-04,sz.300847,32.96,36.29,31.15,34.0,31186565,1034141706.88,63.2075,2.8433,0,0
2020-08-05,sz.300847,32.5,34.96,31.66,33.02,23234311,775808596.55,47.0902,-2.8824,0,0
2020-08-06,sz.300847,32.13,34.38,32.13,32.98,19741455,658328545.58,40.0111,-0.1211,0,0
2020-08-07,sz.300847,32.5,32.79,29.7,30.05,19008090,583327967.0,38.5247,-8.8842,0,0
2020-08-10,sz.300847,28.9,30.34,27.66,27.87,13681225,391341174.11,27.7285,-7.2546,0,0
2020-08-11,sz.300847,27.45,30.57,27.32,29.08,16437283,477535765.48,33.3143,4.3416,0,0
2020-08-12,sz.300847,28.55,28.8,26.6,27.28,11718134,321004999.58,23.7498,-6.1898,0,0
2020-08-13,sz.300847,27.37,27.85,26.66,26.74,8194978,222671794.82,16.6092,-1.9795,0,0
2020-08-14,sz.300847,26.75,27.3,26.58,27.09,6697847,180610632.48,13.5749,1.3089,0,0
2020-08-17,sz.300847,26.95,28.7,26.63,28.36,10369334,288987560.29,21.0161,4.6881,0,0
2020-08-18,sz.300847,28.03,28.79,27.73,28.05,8419426,236976317.12,17.0641,-1.0931,0,0
2020-08-19,sz.300847,28.04,28.04,26.12,26.19,9175262,247677312.16,18.596,-6.631,0,0
2020-08-20,sz.300847,25.75,27.5,25.16,26.49,9119963,238373983.59,18.4839,1.1455,0,0
2020-08-21,sz.300847,26.25,27.73,26.2,27.71,10832970,296233818.92,21.9558,4.6055,0,0
2020-08-24,sz.300847,27.1,28.06,26.25,27.21,9138722,247191500.84,18.5219,-1.8044,0,0
2020-08-25,sz.300847,27.36,30.05,26.7,29.3,15573581,444643984.46,31.5638,7.681,0,0
2020-08-26,sz.300847,29.0,32.0,28.8,29.85,18905310,578067288.87,38.3164,1.8771,0,0
2020-08-27,sz.300847,28.02,29.22,25.78,28.25,13562479,375115232.15,27.4878,-5.3601,0,0
2020-08-28,sz.300847,28.3,33.5,28.25,32.36,23151856,727190312.22,46.9231,14.5487,0,0
2020-08-31,sz.300847,31.02,35.29,30.36,33.96,23711343,776010193.23,48.057,4.9444,0,0
2020-09-01,sz.300847,33.51,36.48,33.13,35.51,24128322,843038047.84,48.9022,4.5642,0,0
2020-09-02,sz.300847,34.5,35.24,33.1,33.56,18621244,635936515.8,37.7407,-5.4914,0,0
2020-09-03,sz.300847,32.57,32.57,29.61,30.5,17417698,540276414.97,35.3014,-9.118,0,0
2020-09-04,sz.300847,29.15,31.05,28.67,30.52,9780134,294401001.58,19.8219,0.0656,0,0
2020-09-07,sz.300847,29.9,32.09,29.7,30.85,11623395,360239386.35,23.5578,1.0813,0,0
2020-09-08,sz.300847,30.62,31.05,28.61,29.31,10553442,314571854.18,21.3892,-4.9919,0,0
2020-09-09,sz.300847,28.71,32.87,28.3,31.62,18527342,579290197.9,37.5503,7.8813,0,0
2020-09-10,sz.300847,30.49,33.7,29.5,31.86,17828160,568880719.65,36.1333,0.759,0,0
2020-09-11,sz.300847,31.22,32.89,29.5,32.37,14081917,441333280.59,28.5406,1.6008,0,0
2020-09-14,sz.300847,32.05,35.5,31.72,34.8,22272693,749962731.84,45.1413,7.507,0,0
2020-09-15,sz.300847,33.7,35.86,32.72,32.79,19084463,648187130.51,38.6795,-5.7759,0,0
2020-09-16,sz.300847,31.51,35.55,31.15,35.55,20718860,699510994.6,41.992,8.4172,0,0
2020-09-17,sz.300847,35.46,36.33,33.0,34.17,19598584,678338051.75,39.7215,-3.8819,0,0
2020-09-18,sz.300847,33.66,35.65,32.86,33.5,13358605,453590780.08,27.0746,-1.9608,0,0
2020-09-21,sz.300847,33.4,36.3,33.19,35.42,19786884,695109900.4,40.1031,5.7313,0,0
2020-09-22,sz.300847,33.99,38.19,33.71,36.12,22344371,810634167.95,45.2865,1.9763,0,0
2020-09-23,sz.300847,35.1,37.3,34.84,34.9,17201893,616392794.16,34.864,-3.3776,0,0
2020-09-24,sz.300847,34.31,35.12,32.03,32.45,14083051,470558217.78,28.5429,-7.0201,0,0
2020-09-25,sz.300847,32.57,33.5,31.45,32.21,9312576,301321058.27,18.8743,-0.7396,0,0
2020-09-28,sz.300847,32.0,32.38,30.1,30.45,7926253,246759538.41,16.0646,-5.4641,0,0
2020-09-29,sz.300847,30.67,33.4,30.32,32.98,13418618,432994322.19,27.1962,8.3087,0,0
2020-09-30,sz.300847,32.71,33.89,32.12,32.2,10954257,359431228.28,22.2016,-2.3651,0,0
2020-10-09,sz.300847,32.69,34.2,32.18,33.76,11388478,380464527.02,23.0816,4.8447,0,0
2020-10-12,sz.300847,33.97,40.0,33.5,37.38,20030409,722116209.65,40.5967,10.7227,0,0
2020-10-13,sz.300847,37.11,41.3,37.1,38.59,22694969,882921433.37,45.9971,3.237,0,0
2020-10-14,sz.300847,39.2,39.59,35.77,37.0,17013067,629846738.77,34.4813,-4.1202,0,0
2020-10-15,sz.300847,35.8,37.06,35.6,35.86,9104831,328938267.02,18.4532,-3.0811,0,0
2020-10-16,sz.300847,35.5,36.3,34.8,35.03,7014037,249211838.12,14.2157,-2.3146,0,0
2020-10-19,sz.300847,35.38,36.3,35.06,35.15,7207740,256824301.52,14.6083,0.3426,0,0
2020-10-20,sz.300847,34.34,35.8,33.8,35.69,8076710,279990914.66,16.3695,1.5363,0,0
2020-10-21,sz.300847,35.79,35.79,34.0,34.13,6635253,229402125.75,13.448,-4.371,0,0
2020-10-22,sz.300847,34.02,35.6,33.39,34.8,7095220,247464165.05,14.3803,1.9631,0,0
2020-10-23,sz.300847,34.96,37.33,34.74,36.6,13922886,504381251.96,28.2183,5.1724,0,0
2020-10-26,sz.300847,35.8,36.99,34.8,35.3,9442675,337910457.58,19.138,-3.5519,0,0
2020-10-27,sz.300847,35.06,37.32,35.02,36.32,9583495,349025512.27,19.4234,2.8895,0,0
2020-10-28,sz.300847,36.3,36.6,34.5,36.6,8943729,318156354.17,18.1267,0.7709,0,0
2020-10-29,sz.300847,35.82,36.2,34.96,35.0,7107738,252544182.24,14.4056,-4.3716,0,0
2020-10-30,sz.300847,35.2,35.89,31.08,31.12,10846493,362897026.19,21.9832,-11.0857,0,0
2020-11-02,sz.300847,30.56,30.6,29.0,30.11,7295155,218642710.66,14.7855,-3.2455,0,0
2020-11-03,sz.300847,30.15,32.28,30.15,31.57,6185482,193734027.47,12.5364,4.8489,0,0
2020-11-04,sz.300847,31.63,32.72,30.95,31.89,6595086,209208004.28,13.3666,1.0136,0,0
2020-11-05,sz.300847,32.01,32.54,31.69,32.0,5777475,185907102.65,11.7095,0.3449,0,0
2020-11-06,sz.300847,32.25,32.3,31.16,31.58,4277855,135651266.95,8.6702,-1.3125,0,0
2020-11-09,sz.300847,31.61,32.38,31.4,32.03,4479282,143237319.77,9.0784,1.425,0,0
2020-11-10,sz.300847,32.04,32.62,30.7,30.8,5948246,187679525.44,12.0556,-3.8401,0,0
2020-11-11,sz.300847,30.9,31.43,30.2,30.29,3909421,120071410.98,7.9234,-1.6558,0,0
2020-11-12,sz.300847,30.4,30.68,29.47,29.54,4076292,121924537.65,8.2616,-2.4761,0,0
2020-11-13,sz.300847,30.43,30.86,29.2,30.19,4422565,132698770.8,8.9634,2.2004,0,0
2020-11-16,sz.300847,29.95,30.15,29.13,29.29,3701135,109405883.45,7.5013,-2.9811,0,0
2020-11-17,sz.300847,29.3,29.41,27.48,28.24,5284517,149199561.16,10.7104,-3.5848,0,0
2020-11-18,sz.300847,28.2,28.8,28.11,28.41,2807800,79828219.0,5.6907,0.602,0,0
2020-11-19,sz.300847,28.2,29.8,27.7,29.27,5461820,158261537.2,11.0698,3.0271,0,0
2020-11-20,sz.300847,29.29,29.8,28.51,28.65,4474100,129324231.0,9.0679,-2.1182,0,0
2020-11-23,sz.300847,28.8,29.07,27.92,28.45,3239366,92293620.15,6.5654,-0.6981,0,0
2020-11-24,sz.300847,28.3,28.98,28.22,28.36,2978966,85389466.24,6.0376,-0.3163,0,0
2020-11-25,sz.300847,28.42,28.47,27.8,27.84,2939300,82398764.0,5.9572,-1.8336,0,0
2020-11-26,sz.300847,27.88,30.5,27.88,29.69,8968276,262947842.85,18.1765,6.6451,0,0
2020-11-27,sz.300847,29.2,30.45,28.42,28.78,7726100,225003734.48,15.6589,-3.065,0,0
2020-11-30,sz.300847,28.75,29.35,28.3,28.34,3868928,111308855.59,7.8414,-1.5288,0,0
2020-12-01,sz.300847,28.43,28.8,28.13,28.54,3140461,89309780.2,6.3649,0.7057,0,0
2020-12-02,sz.300847,28.44,28.58,28.12,28.16,3234247,91341272.34,6.555,-1.3315,0,0
2020-12-03,sz.300847,28.18,28.39,27.6,27.75,3051510,85259018.9,6.1847,-1.456,0,0
2020-12-04,sz.300847,27.93,28.15,27.58,27.8,2158092,60027691.84,4.3739,0.1802,0,0
2020-12-07,sz.300847,27.86,28.09,27.46,27.54,2493900,69063087.0,5.0545,-0.9353,0,0
2020-12-08,sz.300847,27.5,27.78,26.8,26.94,3170265,86406251.31,6.4253,-2.1786,0,0
2020-12-09,sz.300847,26.8,28.0,26.01,27.04,5032402,135805571.4,10.1994,0.3712,0,0
2020-12-10,sz.300847,26.61,26.8,26.08,26.21,3015428,79473881.85,6.1115,-3.0695,0,0
2020-12-11,sz.300847,26.22,26.56,25.62,25.62,2950775,76798078.96,5.9805,-2.251,0,0
2020-12-14,sz.300847,25.73,25.94,25.25,25.72,1931155,49506452.4,3.914,0.3903,0,0
2020-12-15,sz.300847,25.68,26.28,25.56,26.12,2362146,61468903.39,4.7875,1.5552,0,0
2020-12-16,sz.300847,25.85,27.1,25.56,26.35,3763300,98910317.8,7.6273,0.8806,0,0
2020-12-17,sz.300847,26.19,27.24,26.19,26.75,3658791,98088734.34,7.4155,1.518,0,0
2020-12-18,sz.300847,26.84,26.84,25.78,25.8,3155631,82570868.51,6.3957,-3.5514,0,0
2020-12-21,sz.300847,25.78,26.34,25.43,25.87,1982355,51277579.65,4.0177,0.2713,0,0
2020-12-22,sz.300847,25.87,25.98,24.3,24.32,3858555,96502624.14,7.8203,-5.9915,0,0
2020-12-23,sz.300847,24.24,24.5,23.35,23.99,3718930,88928805.55,7.5374,-1.3569,0,0
2020-12-24,sz.300847,23.96,25.37,23.78,24.38,4140055,102347145.95,8.3909,1.6257,0,0
2020-12-25,sz.300847,24.14,24.59,23.65,23.67,3012600,72125020.24,6.1058,-2.9122,0,0
2020-12-28,sz.300847,23.65,23.65,22.42,22.67,3410216,77809387.0,6.9117,-4.2248,0,0
2020-12-29,sz.300847,22.67,24.28,22.57,23.05,4029576,93949560.26,8.167,1.6762,0,0
2020-12-30,sz.300847,22.85,23.78,22.84,23.21,2447955,56934388.24,4.9614,0.6941,0,0
2020-12-31,sz.300847,23.3,24.59,23.3,24.5,4704865,113649591.25,9.5356,5.5579,0,0
2021-01-04,sz.300847,24.17,25.8,24.15,25.28,5118981,127971834.5,10.3749,3.1837,0,0
2021-01-05,sz.300847,25.13,25.51,24.8,25.23,3946031,98996842.28,7.9976,-0.1978,0,0
2021-01-06,sz.300847,25.2,26.65,24.8,26.13,7189610,186248026.3,14.5716,3.5672,0,0
2021-01-07,sz.300847,25.58,25.61,24.41,24.7,5781276,144727753.48,11.7172,-5.4726,0,0
2021-01-08,sz.300847,24.32,24.96,23.17,23.19,3809249,90321502.46,7.7204,-6.1134,0,0
2021-01-11,sz.300847,23.19,23.46,22.01,22.01,3475061,79003994.8,7.0431,-5.0884,0,0
2021-01-12,sz.300847,22.11,23.91,21.66,23.83,5537998,128447389.52,11.2242,8.269,0,0
2021-01-13,sz.300847,23.73,23.87,22.7,22.8,3494013,80604093.96,7.0815,-4.3223,0,0
2021-01-14,sz.300847,22.66,22.89,21.51,22.3,3234020,71480915.04,6.5546,-2.193,0,0
2021-01-15,sz.300847,21.9,23.3,21.9,22.89,2759955,63112495.05,5.5937,2.6457,0,0
2021-01-18,sz.300847,23.02,23.58,22.8,22.99,2539300,58963472.0,5.1465,0.4369,0,0
2021-01-19,sz.300847,22.87,23.39,22.82,23.02,2262300,52258960.0,4.5851,0.1305,0,0
2021-01-20,sz.300847,22.91,23.94,22.8,23.4,3239599,75889274.78,6.5659,1.6507,0,0
2021-01-21,sz.300847,23.11,23.66,22.95,23.05,2816541,65571009.61,5.7084,-1.4957,0,0
2021-01-22,sz.300847,22.96,23.0,22.26,22.3,2570610,57671689.25,5.21,-3.2538,0,0
2021-01-25,sz.300847,22.53,22.84,21.72,21.74,2316520,51250813.4,4.695,-2.5112,0,0
2021-01-26,sz.300847,21.52,22.17,21.28,21.45,2043244,44297944.94,4.1412,-1.3339,0,0
2021-01-27,sz.300847,21.35,22.05,21.21,21.66,1706155,36918202.05,3.458,0.979,0,0
2021-01-28,sz.300847,21.31,22.3,21.25,21.75,2205671,48134588.14,4.4704,0.4155,0,0
2021-01-29,sz.300847,21.85,21.95,20.3,20.75,2641700,55659873.84,5.3541,-4.5977,0,0
2021-02-01,sz.300847,20.75,21.8,20.61,21.49,1962397,41733201.62,3.9773,3.5663,0,0
2021-02-02,sz.300847,21.2,21.65,21.07,21.17,1400900,29780781.0,2.8393,-1.4891,0,0
2021-02-03,sz.300847,21.2,21.28,20.1,20.22,1999976,40904117.98,4.0535,-4.4875,0,0
2021-02-04,sz.300847,20.38,21.16,19.63,20.38,2185581,44406431.49,4.4296,0.7913,0,0
2021-02-05,sz.300847,20.2,20.55,19.53,19.63,1500200,29993088.0,3.0405,-3.6801,0,0
2021-02-08,sz.300847,19.82,19.85,18.5,18.57,2248010,42529392.66,4.5562,-5.3999,0,0
2021-02-09,sz.300847,18.56,18.95,18.36,18.69,1824492,34093991.74,3.6978,0.6462,0,0
2021-02-10,sz.300847,18.58,18.93,18.57,18.75,1188776,22264704.17,2.4094,0.321,0,0
2021-02-18,sz.300847,18.99,19.62,18.99,19.32,1870736,36251701.44,3.7915,3.04,0,0
2021-02-19,sz.300847,19.37,20.02,19.21,20.02,2293701,45312315.58,4.6488,3.6232,0,0
2021-02-22,sz.300847,20.21,20.59,20.0,20.0,2516007,51038117.17,5.0993,-0.0999,0,0
2021-02-23,sz.300847,19.81,21.59,19.61,21.0,5305189,110625366.42,10.7523,5.0,0,0
2021-02-24,sz.300847,20.63,21.1,20.25,20.66,3283969,67858165.65,6.6558,-1.619,0,0
2021-02-25,sz.300847,20.48,21.56,20.15,21.05,4130107,86240425.46,8.3707,1.8877,0,0
2021-02-26,sz.300847,20.48,21.16,20.28,20.43,2672366,55141849.42,5.4162,-2.9454,0,0
2021-03-01,sz.300847,20.04,21.26,20.04,21.05,2701520,56399478.8,5.4753,3.0348,0,0
2021-03-02,sz.300847,20.74,21.4,20.74,21.34,2439955,51479407.7,4.9452,1.3777,0,0
2021-03-03,sz.300847,21.38,21.43,20.92,21.03,2123200,44839311.0,4.3032,-1.4527,0,0
2021-03-04,sz.300847,21.29,21.5,20.66,20.75,2974700,62893844.0,6.029,-1.3314,0,0
2021-03-05,sz.300847,20.6,21.8,20.45,21.49,3854451,81998527.93,7.812,3.5663,0,0
2021-03-08,sz.300847,21.27,21.65,20.68,20.7,2885000,61152812.49,5.8472,-3.6761,0,0
2021-03-09,sz.300847,20.7,20.97,19.4,19.45,2344755,46826116.0,4.7522,-6.0386,0,0
2021-03-10,sz.300847,19.77,19.77,18.89,19.01,1753601,33555946.0,3.5541,-2.2622,0,0
2021-03-11,sz.300847,19.15,19.36,18.78,19.29,1051767,20161208.74,2.1317,1.4729,0,0
2021-03-12,sz.300847,19.32,19.42,18.9,18.96,1303422,24863004.05,2.6417,-1.7107,0,0
2021-03-15,sz.300847,18.89,19.4,18.68,18.9,1024600,19439454.0,2.0766,-0.3165,0,0
2021-03-16,sz.300847,18.96,19.34,18.9,19.28,1233800,23641835.0,2.5006,2.0106,0,0
2021-03-17,sz.300847,19.27,23.0,19.13,21.37,6492110,136116984.1,13.1579,10.8402,0,0
2021-03-18,sz.300847,21.0,21.5,20.71,20.91,4820411,101415806.79,9.7698,-2.1526,0,0
2021-03-19,sz.300847,21.0,22.97,20.62,22.75,8990231,198716407.4,18.221,8.7996,0,0
2021-03-22,sz.300847,22.23,22.8,22.23,22.77,6403555,143942069.15,12.9784,0.0879,0,0
2021-03-23,sz.300847,22.54,22.65,21.57,21.7,4715465,103358855.18,9.5571,-4.6992,0,0
2021-03-24,sz.300847,21.36,22.52,21.36,21.52,3534185,77650337.8,7.1629,-0.8295,0,0
2021-03-25,sz.300847,21.45,23.27,21.45,23.2,8262782,188012527.43,16.7466,7.8067,0,0
2021-03-26,sz.300847,22.9,23.11,22.5,22.92,5693855,129636156.05,11.54,-1.2069,0,0
2021-03-29,sz.300847,22.99,24.3,22.31,23.95,9310192,219190032.03,18.8695,4.4939,0,0
2021-03-30,sz.300847,23.5,25.07,23.0,23.31,8928601,214070523.77,18.0961,-2.6722,0,0
2021-03-31,sz.300847,22.66,22.7,21.9,22.0,5574955,123365314.45,11.2991,-5.6199,0,0
2021-04-01,sz.300847,22.11,22.25,21.56,22.15,3372174,73822359.02,6.8346,0.6818,0,0
2021-04-02,sz.300847,21.98,22.41,21.65,21.96,3121015,68873179.08,6.3255,-0.8578,0,0
2021-04-06,sz.300847,22.25,23.8,22.09,23.1,6166000,141907282.56,12.497,5.1913,0,0
2021-04-07,sz.300847,22.8,23.9,22.8,23.4,5522334,129513166.75,11.1924,1.2987,0,0
2021-04-08,sz.300847,23.35,23.86,22.89,22.89,4508630,104985127.11,9.1379,-2.1795,0,0
2021-04-09,sz.300847,22.72,23.2,22.3,22.7,3314555,75450617.0,6.7178,-0.8301,0,0
2021-04-12,sz.300847,22.52,22.93,21.5,21.7,3314500,73224936.45,6.7177,-4.4053,0,0
2021-04-13,sz.300847,21.45,21.73,20.71,20.8,2803100,59046062.0,5.6812,-4.1475,0,0
2021-04-14,sz.300847,20.61,21.15,20.57,20.96,1626200,33981224.0,3.2959,0.7692,0,0
2021-04-15,sz.300847,20.86,22.33,20.35,21.62,3665275,78494823.3,7.4286,3.1489,0,0
2021-04-16,sz.300847,21.74,22.24,21.5,21.92,3246018,70792576.18,6.5789,1.3876,0,0
2021-04-19,sz.300847,21.99,22.57,21.71,22.34,3144475,69834245.45,6.3731,1.9161,0,0
2021-04-20,sz.300847,22.17,23.5,22.12,23.08,5119536,117697144.52,10.376,3.3124,0,0
2021-04-21,sz.300847,23.11,23.28,22.66,22.85,3092037,70953057.18,6.2668,-0.9965,0,0
2021-04-22,sz.300847,23.01,23.33,22.31,22.77,4303799,98276950.23,8.7227,-0.3501,0,0
2021-04-23,sz.300847,22.54,22.75,22.25,22.37,2284000,51225462.0,4.6291,-1.7567,0,0
2021-04-26,sz.300847,22.5,22.72,21.81,21.87,2291400,51178873.2,4.6441,-2.2351,0,0
2021-04-27,sz.300847,21.78,21.8,21.22,21.39,1792855,38393786.15,3.6337,-2.1948,0,0
2021-04-28,sz.300847,21.89,21.9,21.12,21.19,1735000,36960680.0,3.5164,-0.935,0,0
2021-04-29,sz.300847,21.1,21.39,20.88,20.88,1534700,32391523.0,3.1105,-1.463,0,0
2021-04-30,sz.300847,20.91,20.99,20.07,20.08,1969500,40113667.0,3.9917,-3.8314,0,0
2021-05-06,sz.300847,20.0,20.9,20.0,20.48,1659421,34155463.97,3.3632,1.992,0,0
2021-05-07,sz.300847,20.46,20.6,20.05,20.12,1276800,25784364.0,2.5878,-1.7578,0,0
2021-05-10,sz.300847,20.2,20.55,20.1,20.38,1421500,28909086.0,2.881,1.2922,0,0
2021-05-11,sz.300847,20.38,21.09,20.38,20.93,2278000,47493279.0,4.6169,2.6987,0,0
2021-05-12,sz.300847,20.9,20.9,20.28,20.51,1736655,35540767.95,3.5198,-2.0067,0,0
2021-05-13,sz.300847,20.52,20.97,20.38,20.39,1712510,35348989.45,3.4708,-0.5851,0,0
2021-05-14,sz.300847,20.55,20.75,20.2,20.58,1652055,33891424.0,3.3483,0.9318,0,0
2021-05-17,sz.300847,20.69,20.73,20.18,20.18,1789347,36339600.34,3.6266,-1.9436,0,0
2021-05-18,sz.300847,20.12,20.58,19.73,20.3,1467300,29691951.57,2.9739,0.5946,0,0
2021-05-19,sz.300847,19.99,20.32,19.96,20.1,1291110,25944339.2,2.6168,-0.9852,0,0
2021-05-20,sz.300847,20.15,20.25,19.87,20.04,1223400,24542202.0,2.4795,-0.2985,0,0
2021-05-21,sz.300847,20.39,20.86,20.36,20.63,2345831,48276208.0,4.7544,2.9441,0,0
2021-05-24,sz.300847,20.54,20.98,20.42,20.87,1581178,32857229.04,3.2047,1.1634,0,0
2021-05-25,sz.300847,20.82,21.1,20.59,21.02,1850076,38638169.05,3.7496,0.7187,0,0
2021-05-26,sz.300847,20.96,21.52,20.9,21.2,2335032,49663708.25,4.7325,0.8563,0,0
2021-05-27,sz.300847,21.22,21.5,21.13,21.39,2324700,49544479.0,4.7116,0.8962,0,0
2021-05-28,sz.300847,14.3,14.64,14.13,14.4,4467381,63944579.27,6.0362,1.4085,0,0
2021-05-31,sz.300847,14.2,15.18,13.87,14.92,6674058,96905973.27,9.0178,3.6111,0,0
2021-06-01,sz.300847,14.89,14.89,14.54,14.62,3958629,57933348.58,5.3488,-2.0107,0,0
2021-06-02,sz.300847,14.46,14.88,14.38,14.48,3236326,47080572.85,4.3728,-0.9576,0,0
2021-06-03,sz.300847,14.4,14.68,14.27,14.27,2912895,42139399.22,3.9358,-1.4503,0,0
2021-06-04,sz.300847,14.2,14.46,14.16,14.18,2071156,29500338.72,2.7985,-0.6307,0,0
2021-06-07,sz.300847,14.2,14.44,14.09,14.25,2127132,30373963.64,2.8741,0.4937,0,0
2021-06-08,sz.300847,14.21,15.64,13.98,15.16,9096306,134665053.87,12.2906,6.386,0,0
2021-06-09,sz.300847,15.0,15.38,14.81,14.85,6339190,95175046.93,8.5653,-2.0449,0,0
2021-06-10,sz.300847,14.69,15.28,14.66,15.1,5539112,82788551.1,7.4843,1.6835,0,0
2021-06-11,sz.300847,15.0,16.2,14.8,15.4,8715813,135444029.78,11.7765,1.9868,0,0
2021-06-15,sz.300847,15.15,16.18,14.95,15.94,10443715,163810319.15,14.1112,3.5065,0,0
2021-06-16,sz.300847,15.78,15.78,15.0,15.03,6793498,104517299.46,9.1792,-5.7089,0,0
2021-06-17,sz.300847,15.08,15.48,14.64,14.95,5155162,77114846.77,6.9655,-0.5323,0,0
2021-06-18,sz.300847,14.12,14.6,13.58,13.89,7974333,110754497.4,10.7747,-7.0903,0,0
2021-06-21,sz.300847,13.75,14.48,13.66,14.28,6043356,85523780.52,8.1656,2.8078,0,0
2021-06-22,sz.300847,14.39,17.14,14.02,17.14,18689062,296732063.05,25.2521,20.028,1,0
2021-06-23,sz.300847,17.82,18.67,16.53,17.44,27818520,491126075.42,37.5875,1.7503,0,0
2021-06-24,sz.300847,17.48,19.65,17.2,18.39,23570146,431575388.53,31.8472,5.4472,0,0
2021-06-25,sz.300847,17.77,17.88,17.01,17.09,17557517,304292765.33,23.7232,-7.0691,0,0
2021-06-28,sz.300847,16.76,17.28,16.6,16.73,11420508,192156789.87,15.431,-2.1065,0,0
2021-06-29,sz.300847,16.6,16.98,16.21,16.73,9673011,160026798.23,13.0699,0.0,0,0
2021-06-30,sz.300847,16.81,16.81,15.96,16.26,9439764,153301263.03,12.7547,-2.8093,0,0
2021-07-01,sz.300847,16.26,16.27,14.8,14.99,9870130,152439797.04,13.3362,-7.8106,0,0
2021-07-02,sz.300847,15.48,16.29,15.02,15.12,10170501,159356797.18,13.7421,0.8672,0,0
2021-07-05,sz.300847,14.6,15.39,14.6,15.15,7046338,105947849.23,9.5208,0.1984,0,0
2021-07-06,sz.300847,15.04,15.86,14.6,15.62,10723280,164181023.24,14.489,3.1023,0,0
2021-07-07,sz.300847,15.04,15.45,15.04,15.18,7736805,117830914.92,10.4537,-2.8169,0,0
2021-07-08,sz.300847,15.17,16.58,14.8,15.77,12886605,203370984.66,17.412,3.8867,0,0
2021-07-09,sz.300847,15.51,16.35,15.46,16.07,10389040,165802805.78,6.879,1.9023,0,0
2021-07-12,sz.300847,15.7,17.07,15.7,16.49,11160500,181878539.31,7.3898,2.6136,0,0
2021-07-13,sz.300847,16.33,16.48,15.95,16.29,8132450,131638355.55,5.3848,-1.2129,0,0
2021-07-14,sz.300847,16.41,16.41,15.6,15.99,7515210,120506488.39,4.9761,-1.8416,0,0
2021-07-15,sz.300847,15.7,16.6,15.7,16.39,9514577,155458229.33,6.2999,2.5016,0,0
2021-07-16,sz.300847,16.2,17.29,15.76,16.95,15091616,249744333.74,9.9927,3.4167,0,0
2021-07-19,sz.300847,17.01,17.26,16.67,16.75,10854161,184000007.0,7.1869,-1.1799,0,0
2021-07-20,sz.300847,16.37,17.2,16.02,16.95,12191434,203924609.9,8.0724,1.194,0,0
2021-07-21,sz.300847,17.0,17.71,16.81,17.16,13984556,240299014.22,9.2597,1.2389,0,0
2021-07-22,sz.300847,17.16,17.16,16.42,16.7,10268692,171561260.24,6.7993,-2.6807,0,0
2021-07-23,sz.300847,16.58,17.26,16.15,16.87,12289050,205071700.32,8.137,1.018,0,0
2021-07-26,sz.300847,16.64,17.47,16.31,16.34,11513527,194217978.21,7.6235,-3.1417,0,0
2021-07-27,sz.300847,16.1,16.24,15.2,15.32,9970751,156374241.54,6.602,-6.2424,0,0
2021-07-28,sz.300847,15.25,15.32,14.21,14.3,5905378,86170222.94,3.9102,-6.658,0,0
2021-07-29,sz.300847,14.35,14.96,14.35,14.79,4862793,71591821.0,3.2198,3.4266,0,0
2021-07-30,sz.300847,14.79,15.3,14.68,15.03,5089350,76319242.85,3.3698,1.6227,0,0
2021-08-02,sz.300847,14.98,15.62,14.9,15.38,5313500,81460836.33,3.5183,2.3287,0,0
2021-08-03,sz.300847,15.38,15.54,14.93,15.06,5130182,78066430.2,3.3969,-2.0806,0,0
2021-08-04,sz.300847,15.05,15.29,14.94,15.27,4299150,65291248.0,2.8466,1.3944,0,0
2021-08-05,sz.300847,15.22,17.39,15.18,16.61,18533398,304003704.09,12.2716,8.7754,0,0
2021-08-06,sz.300847,16.16,16.44,15.66,16.12,12174160,194845277.55,8.0609,-2.95,0,0
2021-08-09,sz.300847,15.99,16.48,15.8,16.23,8474897,137215289.52,5.6115,0.6824,0,0
2021-08-10,sz.300847,16.15,16.8,16.08,16.61,12976832,215133374.14,8.5924,2.3413,0,0
2021-08-11,sz.300847,16.5,16.9,16.43,16.75,9819948,163568586.82,6.5021,0.8429,0,0
2021-08-12,sz.300847,16.6,16.72,16.2,16.45,7720599,126909787.13,5.1121,-1.791,0,0
2021-08-13,sz.300847,16.65,17.19,16.42,16.53,11203600,187591113.5,7.4183,0.4863,0,0
2021-08-16,sz.300847,16.31,16.62,16.13,16.17,7249767,118224510.15,4.8003,-2.1779,0,0
2021-08-17,sz.300847,16.11,16.6,15.7,15.87,8884882,142557545.81,5.883,-1.8553,0,0
2021-08-18,sz.300847,15.74,16.18,15.43,15.77,5876108,92981034.24,3.8908,-0.6301,0,0
2021-08-19,sz.300847,15.79,16.47,15.5,16.32,8913300,143582258.0,5.9018,3.4876,0,0
2021-08-20,sz.300847,16.33,17.1,15.8,16.79,14897856,247206470.86,9.8644,2.8799,0,0
2021-08-23,sz.300847,16.64,17.22,16.5,17.06,13687072,231857577.44,9.0627,1.6081,0,0
2021-08-24,sz.300847,16.78,16.93,16.48,16.81,9967553,166891757.73,6.5999,-1.4654,0,0
2021-08-25,sz.300847,16.88,18.3,16.53,17.83,24021227,423967423.67,15.9053,6.0678,0,0
2021-08-26,sz.300847,17.52,17.78,17.05,17.14,15939190,277020486.3,10.5539,-3.8699,0,0
2021-08-27,sz.300847,17.0,17.3,16.71,16.87,8977928,151745620.58,5.9446,-1.5753,0,0
2021-08-30,sz.300847,17.0,17.52,16.72,17.06,10670254,182895556.11,7.0652,1.1263,0,0
2021-08-31,sz.300847,16.88,17.81,16.6,17.69,16133468,281953451.78,10.6825,3.6928,0,0
2021-09-01,sz.300847,17.53,18.5,17.18,18.09,20109606,360776181.76,13.3153,2.2612,0,0
2021-09-02,sz.300847,17.75,18.17,17.13,18.0,14305134,252526428.0,9.4719,-0.4975,0,0
2021-09-03,sz.300847,17.5,17.96,17.03,17.04,11059780,192315217.96,7.3231,-5.3333,0,0
2021-09-06,sz.300847,16.8,17.42,16.7,17.35,6661700,114184856.28,4.411,1.8192,0,0
2021-09-07,sz.300847,17.18,17.55,17.01,17.2,5757812,98941614.42,3.8125,-0.8646,0,0
2021-09-08,sz.300847,17.2,17.53,16.9,16.98,7655261,131347510.87,5.0688,-1.2791,0,0
2021-09-09,sz.300847,16.8,17.77,16.52,17.76,14360524,248223021.76,9.5086,4.5936,0,0
2021-09-10,sz.300847,18.13,18.16,17.08,17.1,12387054,216297124.59,8.2019,-3.7162,0,0
2021-09-13,sz.300847,16.7,17.17,16.68,16.95,5547350,93724432.0,3.6731,-0.8772,0,0
2021-09-14,sz.300847,16.86,17.15,16.21,16.26,6366253,106302713.02,4.2153,-4.0708,0,0
2021-09-15,sz.300847,16.26,16.35,15.75,15.86,6146700,98114080.04,4.07,-2.46,0,0
2021-09-16,sz.300847,15.96,16.15,15.61,15.92,4750212,75605572.38,3.1453,0.3783,0,0
2021-09-17,sz.300847,16.0,16.18,15.53,15.67,4280883,67642800.32,2.8345,-1.5704,0,0
2021-09-22,sz.300847,15.4,16.08,15.23,15.78,3436022,54374086.04,2.2751,0.702,0,0
2021-09-23,sz.300847,15.78,16.31,15.75,16.15,4513144,72430479.82,2.9883,2.3447,0,0
2021-09-24,sz.300847,16.16,16.31,15.25,15.34,4949384,77896717.28,3.2772,-5.0155,0,0
2021-09-27,sz.300847,15.4,15.47,14.04,14.38,5809716,84702257.08,3.8468,-6.2581,0,0
2021-09-28,sz.300847,14.35,14.64,14.35,14.4,2184684,31598947.76,1.4466,0.1391,0,0
2021-09-29,sz.300847,14.38,14.4,13.74,13.75,2721524,38073778.82,1.802,-4.5139,0,0
2021-09-30,sz.300847,13.77,14.1,13.77,13.99,1477452,20644856.86,0.9783,1.7455,0,0
2021-10-08,sz.300847,14.2,14.33,14.1,14.22,1602100,22778524.5,1.0608,1.644,0,0
2021-10-11,sz.300847,14.27,14.5,14.12,14.41,1825041,26213002.45,1.2084,1.3361,0,0
2021-10-12,sz.300847,14.16,14.32,14.02,14.09,1596382,22612719.64,1.057,-2.2207,0,0
2021-10-13,sz.300847,14.07,14.35,14.07,14.32,1180800,16802244.5,0.7819,1.6324,0,0
2021-10-14,sz.300847,14.35,14.66,14.23,14.51,1907050,27720717.54,1.2627,1.3268,0,0
2021-10-15,sz.300847,14.51,14.65,14.33,14.45,1342300,19468679.0,0.8888,-0.4135,0,0
2021-10-18,sz.300847,14.45,14.69,14.38,14.51,1227550,17836215.5,0.8128,0.4152,0,0
2021-10-19,sz.300847,14.48,14.58,14.16,14.22,1938650,27695179.5,1.2836,-1.9986,0,0
2021-10-20,sz.300847,14.28,14.28,14.02,14.04,1601133,22571775.48,1.0602,-1.2658,0,0
2021-10-21,sz.300847,14.08,14.08,13.75,13.77,1869150,25883442.0,1.2376,-1.9231,0,0
2021-10-22,sz.300847,13.77,13.95,13.77,13.8,1279900,17705612.5,0.8475,0.2179,0,0
2021-10-25,sz.300847,13.8,13.8,13.38,13.41,2379470,32121906.8,1.5755,-2.8261,0,0
2021-10-26,sz.300847,13.42,13.54,13.28,13.47,1863100,25012181.5,1.2336,0.4474,0,0
2021-10-27,sz.300847,13.51,13.89,13.51,13.54,2406850,32910111.5,1.5937,0.5197,0,0
2021-10-28,sz.300847,13.3,13.37,12.85,12.89,2649244,34516286.72,1.7542,-4.8006,0,0
2021-10-29,sz.300847,12.89,13.22,12.83,13.16,1834150,24018165.0,1.2145,2.0946,0,0
2021-11-01,sz.300847,13.13,13.68,13.12,13.49,2226250,29897150.0,1.4741,2.5076,0,0
2021-11-02,sz.300847,13.56,15.65,13.5,15.25,15413641,229274540.55,10.2059,13.0467,0,0
2021-11-03,sz.300847,14.74,15.02,14.32,14.58,9235624,134770246.43,6.1152,-4.3934,0,0
2021-11-04,sz.300847,14.39,14.75,14.35,14.59,6275897,91137577.6,4.1555,0.0686,0,0
2021-11-05,sz.300847,14.38,15.14,14.34,14.69,8118620,120164313.5,5.3756,0.6854,0,0
2021-11-08,sz.300847,14.59,14.71,14.3,14.55,3289985,47598544.95,2.1784,-0.953,0,0
2021-11-09,sz.300847,14.45,14.92,14.45,14.75,3757150,55248618.5,2.4877,1.3746,0,0
2021-11-10,sz.300847,14.65,15.06,14.54,14.93,4078300,60429594.0,2.7004,1.2203,0,0
2021-11-11,sz.300847,14.86,15.07,14.77,14.92,3182100,47483141.5,2.107,-0.067,0,0
2021-11-12,sz.300847,15.01,15.3,14.83,15.22,4812850,72881510.0,3.1868,2.0107,0,0
2021-11-15,sz.300847,15.02,15.55,15.02,15.29,4654401,71213177.85,3.0818,0.4599,0,0
2021-11-16,sz.300847,15.22,15.26,14.7,14.74,4317900,64484728.0,2.859,-3.5971,0,0
2021-11-17,sz.300847,14.75,15.06,14.75,14.96,2301600,34381455.87,1.524,1.4925,0,0
2021-11-18,sz.300847,14.93,15.58,14.81,15.31,7465448,113852109.94,4.9431,2.3396,0,0
2021-11-19,sz.300847,15.23,15.28,14.86,15.08,4149400,62324237.0,2.7475,-1.5023,0,0
2021-11-22,sz.300847,15.12,15.13,14.83,14.89,3331300,49783452.0,2.2058,-1.2599,0,0
2021-11-23,sz.300847,14.91,15.85,14.82,15.56,8314380,127934163.32,5.5052,4.4997,0,0
2021-11-24,sz.300847,15.56,15.59,15.13,15.25,4437285,67998032.5,2.9381,-1.9923,0,0
2021-11-25,sz.300847,15.45,15.49,15.13,15.25,3161885,48341861.6,2.0936,0.0,0,0
2021-11-26,sz.300847,15.24,15.5,15.17,15.27,3142800,48160402.15,2.081,0.1311,0,0
2021-11-29,sz.300847,15.1,15.38,14.82,15.14,2803817,42478554.85,1.8565,-0.8513,0,0
2021-11-30,sz.300847,15.15,15.78,15.15,15.48,6955726,108410600.8,4.6056,2.2457,0,0
2021-12-01,sz.300847,15.83,16.88,15.63,16.14,13469421,217622862.61,8.9186,4.2636,0,0
2021-12-02,sz.300847,16.0,16.82,15.86,16.28,10313496,169317399.66,6.8289,0.8674,0,0
2021-12-03,sz.300847,16.25,16.73,15.95,16.23,7945867,129590821.41,5.2612,-0.3071,0,0
2021-12-06,sz.300847,16.09,16.24,15.7,15.73,5833300,92808173.0,3.8624,-3.0807,0,0
2021-12-07,sz.300847,15.73,15.88,15.17,15.4,4229396,65210132.6,2.8004,-2.0979,0,0
2021-12-08,sz.300847,15.31,18.48,15.31,17.0,18030821,307136853.22,11.9389,10.3896,0,0
2021-12-09,sz.300847,17.01,17.3,16.43,16.75,11772034,197430026.9,7.7947,-1.4706,0,0
2021-12-10,sz.300847,16.53,16.72,16.33,16.33,6239106,102597546.3,4.1311,-2.5075,0,0
2021-12-13,sz.300847,16.25,16.5,16.1,16.45,5362570,87440821.1,3.5508,0.7348,0,0
2021-12-14,sz.300847,16.35,16.39,16.1,16.19,4435820,71948811.3,2.9371,-1.5805,0,0
2021-12-15,sz.300847,16.25,16.4,16.02,16.07,3628223,58764836.99,2.4024,-0.7412,0,0
2021-12-16,sz.300847,16.15,16.3,16.02,16.29,2975050,48146498.0,1.9699,1.369,0,0
2021-12-17,sz.300847,16.28,16.85,16.05,16.05,4200450,68532032.0,2.7813,-1.4733,0,0
2021-12-20,sz.300847,15.95,16.25,15.53,15.59,3097538,49338528.14,2.051,-2.866,0,0
2021-12-21,sz.300847,15.58,15.91,15.55,15.81,2493569,39214671.3,1.6511,1.4112,0,0
2021-12-22,sz.300847,15.97,16.11,15.72,15.73,2085400,33067059.5,1.3808,-0.506,0,0
2021-12-23,sz.300847,15.7,16.19,15.37,16.0,3769400,59754712.5,2.4959,1.7165,0,0
2021-12-24,sz.300847,16.1,16.1,15.6,15.86,2938300,46387607.1,1.9456,-0.875,0,0
2021-12-27,sz.300847,15.85,16.03,15.63,15.94,1701188,26920460.46,1.1264,0.5044,0,0
2021-12-28,sz.300847,15.94,16.5,15.82,16.33,3966528,64445055.76,2.6264,2.4467,0,0
2021-12-29,sz.300847,17.5,19.6,17.5,18.29,30280798,574048286.3,20.05,12.0024,0,0
2021-12-30,sz.300847,17.35,18.16,16.78,17.65,24197921,420715192.6,16.0223,-3.4992,0,0
2021-12-31,sz.300847,17.46,17.53,17.0,17.22,13781460,237472544.44,9.1252,-2.4363,0,0
2022-01-04,sz.300847,17.39,17.81,17.19,17.49,12197405,212498119.73,8.0763,1.5679,0,0
2022-01-05,sz.300847,17.2,17.43,16.8,17.09,8536086,145819534.7,5.652,-2.287,0,0
2022-01-06,sz.300847,16.88,17.45,16.77,17.2,7294200,125182633.42,4.8298,0.6437,0,0
2022-01-07,sz.300847,17.11,18.26,17.02,17.84,13606010,240621101.78,9.009,3.7209,0,0
2022-01-10,sz.300847,17.5,18.19,17.44,18.0,9985251,178064034.04,6.6116,0.8969,0,0
2022-01-11,sz.300847,17.66,19.27,17.64,18.46,14815530,271378161.59,9.8099,2.5556,0,0
2022-01-12,sz.300847,18.13,18.65,17.91,18.46,9303295,170227845.88,6.16,0.0,0,0
2022-01-13,sz.300847,18.6,18.96,16.9,17.19,13197450,231085063.42,8.7385,-6.8797,0,0
2022-01-14,sz.300847,17.0,17.6,16.59,16.8,9078173,155765308.59,6.011,-2.2688,0,0
2022-01-17,sz.300847,16.8,17.34,16.38,17.27,9531602,160423762.88,6.3112,2.7976,0,0
2022-01-18,sz.300847,17.11,17.2,16.2,16.46,8837639,146775264.35,5.8517,-4.6902,0,0
2022-01-19,sz.300847,16.35,16.66,16.25,16.58,4239500,69699227.0,2.8071,0.729,0,0
2022-01-20,sz.300847,16.48,16.55,15.57,15.63,5773850,92160141.5,3.8231,-5.7298,0,0
2022-01-21,sz.300847,15.59,15.79,15.38,15.48,2941582,45791308.12,1.9477,-0.9597,0,0
2022-01-24,sz.300847,15.6,15.6,15.0,15.2,3300850,50383634.0,2.1856,-1.8088,0,0
2022-01-25,sz.300847,15.26,15.65,14.61,14.7,4799682,72794630.19,3.178,-3.2895,0,0
2022-01-26,sz.300847,14.57,14.89,14.4,14.59,3517700,51513878.0,2.3292,-0.7483,0,0
2022-01-27,sz.300847,14.59,14.72,14.0,14.0,2820085,40326571.9,1.8673,-4.0439,0,0
2022-01-28,sz.300847,14.22,14.44,13.99,14.22,3036835,43235074.95,2.0108,1.5714,0,0
2022-02-07,sz.300847,14.3,14.82,14.3,14.51,3097778,45079610.38,2.0512,2.0394,0,0
2022-02-08,sz.300847,14.51,14.83,14.51,14.77,2752695,40432438.05,1.8227,1.7919,0,0
2022-02-09,sz.300847,14.75,14.97,14.65,14.9,3434550,50964601.0,2.2741,0.8802,0,0
2022-02-10,sz.300847,14.81,14.95,14.61,14.77,2758550,40659765.5,1.8265,-0.8725,0,0
2022-02-11,sz.300847,14.73,14.73,14.2,14.24,2801850,40311533.5,1.8552,-3.5884,0,0
2022-02-14,sz.300847,14.33,14.95,14.15,14.6,4566450,66795633.17,3.0236,2.5281,0,0
2022-02-15,sz.300847,14.5,14.62,14.25,14.45,2529845,36479835.86,1.6751,-1.0274,0,0
2022-02-16,sz.300847,14.46,14.76,14.4,14.65,2307650,33653262.0,1.528,1.3841,0,0
2022-02-17,sz.300847,14.58,14.87,14.52,14.75,3003950,44158606.5,1.989,0.6826,0,0
2022-02-18,sz.300847,14.7,14.7,14.36,14.66,2134750,31022138.0,1.4135,-0.6102,0,0
2022-02-21,sz.300847,14.66,14.93,14.53,14.9,3043700,45155047.5,2.0153,1.6371,0,0
2022-02-22,sz.300847,14.98,15.26,14.72,14.9,3949919,59112296.64,2.6154,0.0,0,0
2022-02-23,sz.300847,14.8,15.12,14.74,15.09,3733700,55998412.5,2.4722,1.2752,0,0
2022-02-24,sz.300847,15.08,15.76,14.94,15.39,9436450,144659761.0,6.2482,1.9881,0,0
2022-02-25,sz.300847,15.19,15.24,14.9,15.07,5205502,78447522.14,3.4467,-2.0793,0,0
2022-02-28,sz.300847,15.22,15.4,14.91,15.09,3229150,48933542.0,2.1381,0.1327,0,0
2022-03-01,sz.300847,15.07,15.5,14.98,15.27,3756350,57166697.0,2.4872,1.1928,0,0
2022-03-02,sz.300847,15.2,15.29,15.08,15.14,2805000,42512536.0,1.8573,-0.8513,0,0
2022-03-03,sz.300847,15.2,15.2,14.9,14.92,3037900,45583107.0,2.0115,-1.4531,0,0
2022-03-04,sz.300847,14.85,15.04,14.63,14.73,2575550,38208040.0,1.7054,-1.2735,0,0
2022-03-07,sz.300847,14.78,14.93,14.4,14.48,2377612,34839878.0,1.5743,-1.6972,0,0
2022-03-08,sz.300847,14.54,14.62,13.98,14.05,2747747,39082562.0,1.8194,-2.9696,0,0
2022-03-09,sz.300847,14.05,14.18,13.03,13.53,3209593,43698486.0,2.1252,-3.7011,0,0
2022-03-10,sz.300847,13.75,14.08,13.71,13.81,2370900,32917571.0,1.5699,2.0695,0,0
2022-03-11,sz.300847,13.7,13.99,13.39,13.95,1706750,23509786.0,1.1301,1.0138,0,0
2022-03-14,sz.300847,13.87,14.16,13.57,13.58,2736850,37846955.0,1.8122,-2.6523,0,0
2022-03-15,sz.300847,13.55,13.56,12.78,12.79,2720447,35838827.0,1.8013,-5.8174,0,0
2022-03-16,sz.300847,12.93,13.18,12.41,13.11,2572450,33059540.0,1.7033,2.502,0,0
2022-03-17,sz.300847,13.15,13.52,13.11,13.33,2262050,30251861.0,1.4978,1.6781,0,0
2022-03-18,sz.300847,13.33,13.53,13.14,13.45,1745750,23446905.0,1.1559,0.9002,0,0
2022-03-21,sz.300847,13.46,13.7,13.4,13.67,1616200,21943572.0,1.0701,1.6357,0,0
2022-03-22,sz.300847,13.6,13.85,13.52,13.66,1802300,24656133.0,1.1934,-0.0732,0,0
2022-03-23,sz.300847,13.7,13.86,13.65,13.82,1870197,25766327.98,1.2383,1.1713,0,0
2022-03-24,sz.300847,13.78,13.78,13.49,13.62,1422050,19359354.42,0.9416,-1.4472,0,0
2022-03-25,sz.300847,13.65,13.85,13.45,13.55,1468658,20053001.26,0.9725,-0.514,0,0
2022-03-28,sz.300847,13.5,13.66,13.2,13.51,1254882,16869247.1,0.8309,-0.2952,0,0
2022-03-29,sz.300847,13.47,13.64,13.18,13.24,1433450,19158683.0,0.9491,-1.9985,0,0
2022-03-30,sz.300847,13.29,13.63,13.29,13.49,1631700,22027209.0,1.0804,1.8882,0,0
2022-03-31,sz.300847,13.58,13.6,13.33,13.38,1249850,16803001.5,0.8276,-0.8154,0,0
2022-04-01,sz.300847,13.37,13.42,13.21,13.27,1322350,17551989.5,0.8756,-0.8221,0,0
2022-04-06,sz.300847,13.14,13.45,13.14,13.31,1580450,21006616.5,1.0465,0.3014,0,0
2022-04-07,sz.300847,13.33,13.45,12.99,13.04,1803547,23906639.24,1.1942,-2.0285,0,0
2022-04-08,sz.300847,13.12,13.14,12.73,12.88,1321833,17022882.4,0.8752,-1.227,0,0
2022-04-11,sz.300847,12.8,12.9,12.32,12.35,1407350,17648329.0,0.9319,-4.1149,0,0
2022-04-12,sz.300847,12.36,13.07,12.25,12.85,3285300,41750993.22,2.1753,4.0486,0,0
2022-04-13,sz.300847,12.83,12.83,12.41,12.52,2191350,27439271.5,1.451,-2.5681,0,0
2022-04-14,sz.300847,12.52,12.93,12.43,12.71,1958150,24898674.0,1.2966,1.5176,0,0
2022-04-15,sz.300847,12.54,14.45,12.43,13.46,6826268,91628846.92,4.5199,5.9009,0,0
2022-04-18,sz.300847,13.1,13.38,12.91,13.31,5647145,74045161.15,3.7392,-1.1144,0,0
2022-04-19,sz.300847,13.26,13.47,13.03,13.3,3808543,50314025.35,2.5218,-0.0751,0,0
2022-04-20,sz.300847,13.3,13.43,13.05,13.12,3142040,41626651.2,2.0805,-1.3534,0,0
2022-04-21,sz.300847,13.0,13.02,12.32,12.37,3471836,43939170.31,2.2988,-5.7165,0,0
2022-04-22,sz.300847,12.37,12.83,12.08,12.49,2907047,36143163.16,1.9249,0.9701,0,0
2022-04-25,sz.300847,12.1,12.15,11.0,11.02,3586388,41208481.8,2.3747,-11.7694,0,0
2022-04-26,sz.300847,11.48,11.48,10.58,10.66,3269688,35979909.44,2.165,-3.2668,0,0
2022-04-27,sz.300847,10.44,11.2,10.33,11.05,2956388,31870643.92,1.9575,3.6585,0,0
2022-04-28,sz.300847,11.08,11.23,10.74,11.08,2568493,28255725.58,1.7007,0.2715,0,0
2022-04-29,sz.300847,11.19,11.58,11.19,11.45,2622150,29906752.11,1.7362,3.3394,0,0
2022-05-05,sz.300847,11.42,11.84,11.32,11.73,2288900,26744274.5,1.5156,2.4454,0,0
2022-05-06,sz.300847,11.43,12.13,11.34,11.83,2646091,31404966.35,1.7521,0.8525,0,0
2022-05-09,sz.300847,12.08,12.4,11.7,12.16,1871700,22679938.0,1.2393,2.7895,0,0
2022-05-10,sz.300847,11.99,12.27,11.99,12.11,1851400,22466261.5,1.2259,-0.4112,0,0
2022-05-11,sz.300847,12.06,12.36,11.9,11.94,3055240,37149341.2,2.023,-1.4038,0,0
2022-05-12,sz.300847,11.9,12.15,11.7,11.9,3067150,36396997.0,2.0309,-0.335,0,0
2022-05-13,sz.300847,12.08,12.08,11.67,11.73,2673950,31472117.5,1.7705,-1.4286,0,0
2022-05-16,sz.300847,11.81,11.95,11.55,11.62,2871300,33674147.5,1.9012,-0.9378,0,0
2022-05-17,sz.300847,11.55,11.65,11.31,11.48,2761500,31606441.0,1.8285,-1.2048,0,0
2022-05-18,sz.300847,11.42,12.39,11.42,12.2,7618300,91686695.32,5.0444,6.2718,0,0
2022-05-19,sz.300847,11.89,12.32,11.85,12.24,5413900,65394219.0,3.5847,0.3279,0,0
2022-05-20,sz.300847,12.31,12.34,11.94,12.04,4791850,57813562.0,3.1729,-1.634,0,0
2022-05-23,sz.300847,12.07,12.5,11.93,12.49,7729300,94451882.5,5.1178,3.7375,0,0
2022-05-24,sz.300847,12.32,12.72,11.57,11.65,9960778,121309791.8,6.5954,-6.7254,0,0
2022-05-25,sz.300847,11.53,11.95,11.53,11.84,4741150,55765020.0,3.1393,1.6309,0,0
2022-05-26,sz.300847,12.0,12.26,11.64,12.08,5361250,64509937.5,3.5499,2.027,0,0
2022-05-27,sz.300847,12.31,12.49,12.05,12.26,5972900,73216996.5,3.9549,1.4901,0,0
2022-05-30,sz.300847,12.62,13.07,12.3,13.04,11401118,145636761.48,7.5491,6.3622,0,0
2022-05-31,sz.300847,12.79,12.93,12.6,12.9,7362100,94099656.0,4.8747,-1.0736,0,0
2022-06-01,sz.300847,12.8,13.58,12.74,13.23,11670812,154507682.55,7.7277,2.5581,0,0
2022-06-02,sz.300847,13.18,13.35,12.9,13.08,7565700,98844119.5,5.0095,-1.1338,0,0
2022-06-06,sz.300847,13.0,13.19,12.71,13.14,6162550,80287138.0,4.0804,0.4587,0,0
2022-06-07,sz.300847,13.14,13.15,12.75,12.95,5038550,65037841.5,3.3362,-0.9181,0,0
2022-06-08,sz.300847,12.96,13.13,12.62,12.93,4821793,62068876.06,3.1927,-0.1544,0,0
2022-06-09,sz.300847,12.97,12.97,12.55,12.68,3851300,48993110.5,2.5501,-1.9335,0,0
2022-06-10,sz.300847,12.68,12.95,12.58,12.83,3134550,40254069.5,2.0755,1.183,0,0
2022-06-13,sz.300847,12.69,13.2,12.69,13.07,5030000,65396658.5,3.3305,1.8706,0,0
2022-06-14,sz.300847,12.97,13.07,12.6,12.95,3499900,44825724.0,2.3174,-0.9181,0,0
2022-06-15,sz.300847,12.95,13.68,12.92,13.1,8083648,107949421.11,5.3525,1.1583,0,0
2022-06-16,sz.300847,13.02,13.28,12.91,13.13,4662650,61067605.0,3.0873,0.229,0,0
2022-06-17,sz.300847,12.97,13.2,12.8,13.0,4288950,55778525.0,2.8399,-0.9901,0,0
2022-06-20,sz.300847,12.93,13.11,12.88,12.9,2978350,38626175.0,1.9721,-0.7692,0,0
2022-06-21,sz.300847,12.83,12.97,12.57,12.67,3190250,40738608.5,2.1124,-1.7829,0,0
2022-06-22,sz.300847,12.67,12.99,12.45,12.5,4067485,51608092.0,2.6932,-1.3418,0,0
2022-06-23,sz.300847,12.52,12.8,12.45,12.8,2854548,36156613.12,1.8901,2.4,0,0
2022-06-24,sz.300847,12.79,13.04,12.77,12.9,2943739,38018706.42,1.9492,0.7813,0,0
2022-06-27,sz.300847,12.94,13.06,12.85,12.92,2734607,35393540.0,1.8107,0.155,0,0
2022-06-28,sz.300847,12.86,13.1,12.8,13.06,3831050,49829664.0,2.5367,1.0836,0,0
2022-06-29,sz.300847,12.99,13.13,12.72,12.73,3498400,45230652.0,2.3164,-2.5268,0,0
2022-06-30,sz.300847,12.83,12.97,12.7,12.75,2813241,36127922.7,1.8627,0.1571,0,0
2022-07-01,sz.300847,12.75,12.9,12.59,12.63,2586883,32965956.26,1.7129,-0.9412,0,0
2022-07-04,sz.300847,12.63,12.8,12.54,12.76,1995100,25331577.0,1.321,1.0293,0,0
2022-07-05,sz.300847,12.75,12.82,12.26,12.48,3574100,44747726.5,2.3665,-2.1944,0,0
2022-07-06,sz.300847,12.46,12.54,12.15,12.24,1957400,24129435.5,1.2961,-1.9231,0,0
2022-07-07,sz.300847,12.29,12.44,12.19,12.35,1701650,21018994.5,1.1267,0.8987,0,0
2022-07-08,sz.300847,12.36,12.58,12.31,12.36,2049850,25475612.5,1.3573,0.081,0,0
2022-07-11,sz.300847,12.29,12.31,12.0,12.18,1998082,24288641.76,1.323,-1.4563,0,0
2022-07-12,sz.300847,12.1,12.2,11.92,11.99,1969600,23751059.5,1.3041,-1.5599,0,0
2022-07-13,sz.300847,11.99,12.17,11.9,12.12,2159200,26000372.0,1.4297,1.0842,0,0
2022-07-14,sz.300847,12.03,12.73,11.96,12.37,3552900,44013882.5,2.3525,2.0627,0,0
2022-07-15,sz.300847,12.32,12.38,12.0,12.0,2207150,26821218.5,1.4614,-2.9911,0,0
2022-07-18,sz.300847,12.04,12.38,12.04,12.36,1999850,24543476.5,1.3242,3.0,0,0
2022-07-19,sz.300847,12.39,12.66,12.3,12.61,2809850,35275238.0,1.8605,2.0227,0,0
2022-07-20,sz.300847,12.66,13.59,12.6,13.14,9711388,127744995.98,6.4303,4.203,0,0
2022-07-21,sz.300847,12.95,13.16,12.78,12.82,5862988,75795275.96,3.8821,-2.4353,0,0
2022-07-22,sz.300847,12.83,13.02,12.67,12.83,2843493,36495174.31,1.8828,0.078,0,0
2022-07-25,sz.300847,12.67,12.94,12.6,12.7,2171395,27656415.08,1.4378,-1.0133,0,0
2022-07-26,sz.300847,12.7,12.8,12.49,12.72,2182369,27638732.61,1.445,0.1575,0,0
2022-07-27,sz.300847,12.77,13.2,12.63,13.03,5039731,65710351.36,3.337,2.4371,0,0
2022-07-28,sz.300847,13.0,13.3,12.97,13.25,5816282,76533503.68,3.8512,1.6884,0,0
2022-07-29,sz.300847,13.25,13.28,13.03,13.07,3462372,45368351.98,2.2926,-1.3585,0,0
2022-08-01,sz.300847,13.08,13.26,12.99,13.19,3669760,48171953.9,2.4299,0.9181,0,0
2022-08-02,sz.300847,13.5,14.2,13.04,13.54,20086612,272895352.44,13.3001,2.6535,0,0
2022-08-03,sz.300847,13.0,14.02,12.8,13.47,17571655,238377799.48,11.6348,-0.517,0,0
2022-08-04,sz.300847,13.4,13.49,13.08,13.28,8326519,110324083.94,5.5133,-1.4105,0,0
2022-08-05,sz.300847,13.25,13.39,13.04,13.17,6012155,79352299.47,3.9809,-0.8283,0,0
2022-08-08,sz.300847,13.14,13.35,13.0,13.32,4535950,60005609.5,3.0034,1.139,0,0
2022-08-09,sz.300847,13.23,13.41,13.09,13.4,5027707,66672034.68,3.329,0.6006,0,0
2022-08-10,sz.300847,13.26,13.58,13.16,13.47,5744338,77011847.72,3.8035,0.5224,0,0
2022-08-11,sz.300847,13.6,13.83,13.48,13.67,8261581,112941758.25,5.4703,1.4848,0,0
2022-08-12,sz.300847,13.61,13.84,13.41,13.42,5067269,68765738.71,3.3552,-1.8288,0,0
2022-08-15,sz.300847,13.43,13.5,13.21,13.31,3642558,48569022.66,2.4119,-0.8197,0,0
2022-08-16,sz.300847,13.31,13.62,13.26,13.58,3883652,52480766.06,2.5715,2.0285,0,0
2022-08-17,sz.300847,13.51,13.74,13.31,13.48,4799250,64706270.62,3.1778,-0.7364,0,0
2022-08-18,sz.300847,13.44,13.62,13.3,13.52,4285088,57835285.64,2.8373,0.2967,0,0
2022-08-19,sz.300847,13.46,13.63,13.03,13.05,4596100,60967903.5,3.0432,-3.4763,0,0
2022-08-22,sz.300847,13.05,13.49,13.0,13.37,4090858,54371765.28,2.7087,2.4521,0,0
2022-08-23,sz.300847,13.41,13.42,13.14,13.26,2434900,32208781.5,1.6122,-0.8227,0,0
2022-08-24,sz.300847,13.32,13.36,12.66,12.7,3812758,49294524.69,2.5246,-4.2232,0,0
2022-08-25,sz.300847,12.7,12.85,12.58,12.68,2870167,36396206.55,1.9004,-0.1575,0,0
2022-08-26,sz.300847,12.69,12.8,12.4,12.45,2020950,25477833.5,1.3381,-1.8139,0,0
2022-08-29,sz.300847,12.3,12.84,12.22,12.69,2234774,28261575.4,1.4797,1.9277,0,0
2022-08-30,sz.300847,12.8,12.85,12.47,12.6,1693500,21337763.5,1.1213,-0.7092,0,0
2022-08-31,sz.300847,12.56,12.59,12.22,12.22,2271469,27992228.7,1.504,-3.0159,0,0
2022-09-01,sz.300847,12.2,12.33,12.07,12.1,1557438,18974594.38,1.0312,-0.982,0,0
2022-09-02,sz.300847,12.11,12.4,12.07,12.31,1682378,20638166.78,1.114,1.7355,0,0
2022-09-05,sz.300847,12.35,12.44,12.26,12.4,1207782,14929580.28,0.7997,0.7311,0,0
2022-09-06,sz.300847,12.41,12.56,12.33,12.47,1283482,16001651.64,0.8498,0.5645,0,0
2022-09-07,sz.300847,12.45,12.54,12.37,12.43,1586400,19745014.0,1.0504,-0.3208,0,0
2022-09-08,sz.300847,12.38,12.52,12.32,12.36,1664650,20689308.0,1.1022,-0.5632,0,0
2022-09-09,sz.300847,12.43,12.46,12.15,12.3,1289583,15804142.9,0.8539,-0.4854,0,0
2022-09-13,sz.300847,12.42,12.45,12.25,12.39,1196163,14794259.81,0.792,0.7317,0,0
2022-09-14,sz.300847,12.26,12.41,12.18,12.22,1338350,16412219.5,0.8862,-1.3721,0,0
2022-09-15,sz.300847,12.3,12.3,11.65,11.82,2239907,26723085.39,1.4831,-3.2733,0,0
2022-09-16,sz.300847,11.75,11.89,11.51,11.52,1353400,15840255.0,0.8961,-2.5381,0,0
2022-09-19,sz.300847,11.58,11.58,11.16,11.35,1319739,14998760.65,0.8738,-1.4757,0,0
2022-09-20,sz.300847,11.38,11.56,11.38,11.49,855391,9831091.91,0.5664,1.2335,0,0
2022-09-21,sz.300847,11.49,11.66,11.27,11.66,960000,11004484.0,0.6357,1.4795,0,0
2022-09-22,sz.300847,11.51,11.84,11.49,11.7,1366711,16007143.37,0.9049,0.3431,0,0
2022-09-23,sz.300847,11.62,11.81,11.32,11.36,1409300,16217808.0,0.9331,-2.906,0,0
2022-09-26,sz.300847,11.2,11.29,10.89,10.9,1416764,15676210.66,0.9381,-4.0493,0,0
2022-09-27,sz.300847,10.99,11.31,10.9,11.27,1439050,16070056.5,0.9528,3.3945,0,0
2022-09-28,sz.300847,11.29,11.4,11.02,11.02,1141900,12743311.5,0.7561,-2.2183,0,0
2022-09-29,sz.300847,11.21,11.23,10.93,10.94,957500,10558127.0,0.634,-0.726,0,0
2022-09-30,sz.300847,11.0,11.07,10.68,10.68,1162657,12589291.29,0.7698,-2.3766,0,0
2022-10-10,sz.300847,10.72,10.87,10.41,10.47,1070030,11397477.3,0.7085,-1.9663,0,0
2022-10-11,sz.300847,10.59,10.59,10.28,10.46,1076250,11204248.0,0.7126,-0.0955,0,0
2022-10-12,sz.300847,10.41,10.88,10.37,10.83,1355465,14395078.21,0.8975,3.5373,0,0
2022-10-13,sz.300847,10.77,11.17,10.74,11.04,1822900,20089643.5,1.207,1.9391,0,0
2022-10-14,sz.300847,11.06,11.29,11.06,11.22,1157850,12955557.5,0.7667,1.6304,0,0
2022-10-17,sz.300847,11.14,11.45,11.14,11.38,2157850,24496726.2,1.4288,1.426,0,0
2022-10-18,sz.300847,11.42,11.45,11.33,11.37,1242230,14152933.5,0.8225,-0.0879,0,0
2022-10-19,sz.300847,11.44,11.46,11.25,11.34,1277050,14517158.4,0.8456,-0.2639,0,0
2022-10-20,sz.300847,11.3,11.47,11.23,11.32,1224900,13889053.0,0.8111,-0.1764,0,0
2022-10-21,sz.300847,11.28,11.46,11.23,11.37,1159900,13196929.5,0.768,0.4417,0,0
2022-10-24,sz.300847,11.47,11.87,11.23,11.39,1789400,20551174.5,1.1848,0.1759,0,0
2022-10-25,sz.300847,11.3,11.3,10.92,11.13,2172950,24169595.38,1.4388,-2.2827,0,0
2022-10-26,sz.300847,11.19,11.49,11.13,11.44,1911600,21724174.0,1.2657,2.7853,0,0
2022-10-27,sz.300847,11.54,12.05,11.41,11.72,3969512,46782085.84,2.6284,2.4476,0,0
2022-10-28,sz.300847,11.55,11.75,11.11,11.11,3491800,39597583.0,2.312,-5.2048,0,0
2022-10-31,sz.300847,11.08,11.87,11.06,11.71,3041581,34998706.2,2.0139,5.4005,0,0
2022-11-01,sz.300847,11.62,11.8,11.52,11.74,2914281,33981891.51,1.9297,0.2562,0,0
2022-11-02,sz.300847,11.74,11.9,11.63,11.71,2945400,34650320.38,1.9503,-0.2555,0,0
2022-11-03,sz.300847,11.51,11.8,11.51,11.71,2262060,26439555.6,1.4978,0.0,0,0
2022-11-04,sz.300847,11.71,11.87,11.67,11.76,2518450,29636002.5,1.6676,0.427,0,0
2022-11-07,sz.300847,11.79,11.83,11.67,11.7,2024550,23757902.0,1.3405,-0.5102,0,0
2022-11-08,sz.300847,11.69,11.75,11.5,11.74,1804200,21009034.5,1.1946,0.3419,0,0
2022-11-09,sz.300847,11.73,12.14,11.69,12.09,4998812,59836863.76,3.3099,2.9813,0,0
2022-11-10,sz.300847,11.98,12.0,11.76,11.84,2605238,30867857.14,1.725,-2.0678,0,0
2022-11-11,sz.300847,12.0,12.08,11.8,11.83,2885950,34430545.5,1.9109,-0.0845,0,0
2022-11-14,sz.300847,11.7,12.68,11.7,12.29,7601652,93459871.04,5.0333,3.8884,0,0
2022-11-15,sz.300847,12.44,13.43,12.25,13.3,12330454,159016767.92,8.1644,8.2181,0,0
2022-11-16,sz.300847,13.38,15.5,13.38,14.94,29183975,433259166.14,19.3238,12.3308,0,0
2022-11-17,sz.300847,14.76,16.61,14.6,16.39,25670331,395621197.44,16.9972,9.7055,0,0
2022-11-18,sz.300847,16.4,19.44,16.4,19.0,31668118,586698497.95,20.9686,15.9243,0,0
2022-11-21,sz.300847,19.31,19.7,18.05,19.04,26600900,504417372.09,17.6134,0.2105,0,0
2022-11-22,sz.300847,18.33,21.95,18.33,20.1,28638133,580432093.1,18.9623,5.5672,0,0
2022-11-23,sz.300847,20.47,20.6,19.24,20.18,21091447,421112453.72,13.9654,0.398,0,0
2022-11-24,sz.300847,20.08,20.1,17.67,19.8,17516161,339453291.33,11.5981,-1.8831,0,0
2022-11-25,sz.300847,19.5,19.93,18.4,18.67,15915116,301590664.19,10.538,-5.7071,0,0
2022-11-28,sz.300847,17.85,19.39,17.85,18.89,12847753,241739911.44,8.507,1.1784,0,0
2022-11-29,sz.300847,18.36,18.98,17.56,17.7,17269310,311034849.15,11.4346,-6.2996,0,0
2022-11-30,sz.300847,17.75,18.25,17.07,18.07,14404757,256285642.47,9.5379,2.0904,0,0
2022-12-01,sz.300847,17.9,19.74,17.81,19.5,20048832,381849007.21,13.2751,7.9137,0,0
2022-12-02,sz.300847,19.3,20.28,18.36,18.5,16708686,321554603.47,11.0634,-5.1282,0,0
2022-12-05,sz.300847,18.82,19.5,17.79,18.91,20028600,372592266.8,13.2617,2.2162,0,0
2022-12-06,sz.300847,18.56,18.78,17.95,18.13,13104030,239870059.48,8.6766,-4.1248,0,0
2022-12-07,sz.300847,18.29,18.61,17.86,18.05,9419441,171802912.66,6.237,-0.4413,0,0
2022-12-08,sz.300847,18.0,18.88,17.85,18.38,10239959,188320066.95,6.7802,1.8283,0,0
2022-12-09,sz.300847,18.3,18.85,17.69,18.7,8454908,154264776.4,5.5983,1.741,0,0
2022-12-12,sz.300847,18.66,19.11,17.95,18.91,12128504,226133799.74,8.0307,1.123,0,0
2022-12-13,sz.300847,18.91,20.3,16.83,17.39,24058421,451893217.38,15.9299,-8.0381,0,0
2022-12-14,sz.300847,17.18,18.0,17.18,17.38,14230223,250710109.48,9.4223,-0.0575,0,0
2022-12-15,sz.300847,17.24,18.75,17.16,18.21,11972212,218249848.72,7.9272,4.7756,0,0
2022-12-16,sz.300847,17.9,18.1,17.28,17.62,7534700,133381962.0,4.989,-3.24,0,0
2022-12-19,sz.300847,17.64,17.81,17.0,17.03,5517238,94972465.1,3.6532,-3.3485,0,0
2022-12-20,sz.300847,17.1,17.44,16.8,17.17,5252808,89945180.06,3.4781,0.8221,0,0
2022-12-21,sz.300847,16.94,17.11,16.39,16.51,7658250,127487728.5,5.0708,-3.8439,0,0
2022-12-22,sz.300847,16.51,16.67,15.75,15.89,4529050,72921811.0,2.9988,-3.7553,0,0
2022-12-23,sz.300847,16.0,16.16,15.59,15.65,3307100,52232642.5,2.1897,-1.5104,0,0
2022-12-26,sz.300847,16.02,16.28,15.53,16.2,3592109,57487315.41,2.3785,3.5144,0,0
2022-12-27,sz.300847,16.2,16.4,15.64,15.96,3691950,58640968.5,2.4446,-1.4815,0,0
2022-12-28,sz.300847,15.8,16.25,15.46,15.59,2856938,44951861.96,1.8917,-2.3183,0,0
2022-12-29,sz.300847,15.59,17.1,15.42,16.5,9160502,151293685.69,6.0655,5.8371,0,0
2022-12-30,sz.300847,16.34,16.5,15.72,15.8,6678238,107320455.79,4.4219,-4.2424,0,0
2023-01-03,sz.300847,15.8,18.26,15.71,17.54,10466738,179479685.79,6.9304,11.0127,0,0
2023-01-04,sz.300847,18.09,18.09,16.7,17.17,9108750,155124616.88,6.0312,-2.1095,0,0
2023-01-05,sz.300847,17.0,17.19,16.75,17.07,6422982,109242356.74,4.2529,-0.5824,0,0
2023-01-06,sz.300847,17.0,17.29,16.5,16.58,6577000,110362098.5,4.3549,-2.8705,0,0
2023-01-09,sz.300847,16.6,16.8,16.18,16.4,6182962,101348595.6,4.094,-1.0856,0,0
2023-01-10,sz.300847,16.4,17.29,15.89,16.6,10903850,180403787.5,7.2198,1.2195,0,0
2023-01-11,sz.300847,16.66,16.69,16.02,16.09,5220700,84895000.0,3.4568,-3.0723,0,0
2023-01-12,sz.300847,16.39,16.79,15.89,16.44,6882140,112278348.08,4.5569,2.1753,0,0
2023-01-13,sz.300847,16.35,16.93,15.71,15.86,7440495,120128850.3,4.9266,-3.528,0,0
2023-01-16,sz.300847,15.76,17.24,15.76,16.83,11960231,199448197.03,7.9193,6.116,0,0
2023-01-17,sz.300847,16.73,17.43,16.63,17.12,8210950,139541617.5,5.4368,1.7231,0,0
2023-01-18,sz.300847,17.2,18.23,16.86,17.85,10434228,184648875.48,6.9089,4.264,0,0
2023-01-19,sz.300847,17.9,19.4,17.63,19.2,13322688,249297943.89,8.8214,7.563,0,0
2023-01-20,sz.300847,19.01,19.43,18.41,19.0,11455109,216759375.26,7.5848,-1.0417,0,0
2023-01-30,sz.300847,19.12,19.2,18.43,18.56,8157816,152626569.48,5.4016,-2.3158,0,0
2023-01-31,sz.300847,18.38,18.56,17.96,18.03,7607100,138667853.5,5.0369,-2.8556,0,0
2023-02-01,sz.300847,18.04,18.99,17.82,18.8,10356762,191041877.46,6.8576,4.2707,0,0
2023-02-02,sz.300847,18.46,19.1,18.35,18.45,6984213,129519332.31,4.6245,-1.8617,0,0
2023-02-03,sz.300847,18.46,21.88,18.32,21.05,17192600,340054082.8,11.3838,14.0921,0,0
2023-02-06,sz.300847,20.41,23.36,20.41,22.3,19777735,435512346.87,13.0955,5.9382,0,0
2023-02-07,sz.300847,22.33,22.7,20.51,20.96,15085793,323803001.05,9.9888,-6.009,0,0
2023-02-08,sz.300847,20.61,20.9,20.0,20.34,9428850,191737337.62,6.2432,-2.958,0,0
2023-02-09,sz.300847,20.39,22.33,20.11,22.33,14173386,303657206.29,9.3847,9.7837,0,0
2023-02-10,sz.300847,21.75,21.85,20.64,21.06,10406824,220946235.48,6.8907,-5.6874,0,0
2023-02-13,sz.300847,20.9,22.7,20.7,21.0,11657514,251272398.62,7.7189,-0.2849,0,0
2023-02-14,sz.300847,21.38,21.54,20.8,21.15,7160471,151351632.9,4.7412,0.7143,0,0
2023-02-15,sz.300847,20.55,21.27,19.93,20.9,10488795,215064709.23,6.945,-1.182,0,0
2023-02-16,sz.300847,20.66,22.15,19.81,20.32,12097567,253216098.47,8.0102,-2.7751,0,0
2023-02-17,sz.300847,20.34,20.46,19.06,19.4,10574642,206014666.88,7.0019,-4.5276,0,0
2023-02-20,sz.300847,19.34,19.48,19.0,19.35,5455100,104729106.0,3.612,-0.2577,0,0
2023-02-21,sz.300847,19.3,19.59,18.81,19.06,7644132,146164172.5,5.0615,-1.4987,0,0
2023-02-22,sz.300847,19.06,19.78,18.8,19.46,7354300,142323905.31,4.8695,2.0986,0,0
2023-02-23,sz.300847,19.45,19.59,18.64,18.86,6386867,121246824.66,4.229,-3.0832,0,0
2023-02-24,sz.300847,18.87,19.22,18.83,18.99,4577391,87175789.27,3.0309,0.6893,0,0
2023-02-27,sz.300847,18.92,19.18,18.3,18.57,5713800,106382238.5,3.7833,-2.2117,0,0
2023-02-28,sz.300847,18.49,19.1,18.3,18.76,7314841,136676741.11,4.8434,1.0232,0,0
2023-03-01,sz.300847,18.98,20.1,18.55,19.51,10495800,203853929.0,6.9496,3.9979,0,0
2023-03-02,sz.300847,19.64,21.06,19.3,20.61,17103878,345421824.13,11.3251,5.6381,0,0
2023-03-03,sz.300847,20.5,21.5,19.95,20.31,13638426,283341391.02,9.0305,-1.4556,0,0
2023-03-06,sz.300847,20.7,21.57,19.78,20.63,12328243,254908315.2,8.163,1.5756,0,0
2023-03-07,sz.300847,19.96,20.3,18.49,18.68,14561795,280457916.65,9.6419,-9.4523,0,0
2023-03-08,sz.300847,18.7,19.59,18.41,19.27,8271878,157690739.94,5.4771,3.1585,0,0
2023-03-09,sz.300847,19.3,19.31,18.74,18.8,7061500,133564044.5,4.6757,-2.439,0,0
2023-03-10,sz.300847,18.5,18.74,18.06,18.1,8355076,152654759.9,5.5322,-3.7234,0,0
2023-03-13,sz.300847,17.8,19.13,17.5,19.1,9360591,174533817.23,6.198,5.5249,0,0
2023-03-14,sz.300847,18.93,19.05,18.45,18.85,5970267,111767096.46,3.9531,-1.3089,0,0
2023-03-15,sz.300847,18.69,18.85,18.21,18.48,5133150,94779600.0,3.3988,-1.9629,0,0
2023-03-16,sz.300847,18.15,18.17,17.03,17.21,10321924,180900605.49,6.8345,-6.8723,0,0
2023-03-17,sz.300847,17.41,17.47,16.91,17.07,7009348,120065976.48,4.6411,-0.8135,0,0
2023-03-20,sz.300847,17.08,17.24,16.57,16.77,7541610,126900014.2,4.9936,-1.7575,0,0
2023-03-21,sz.300847,16.99,17.64,16.99,17.49,9574792,166282542.44,6.3398,4.2934,0,0
2023-03-22,sz.300847,17.3,17.67,17.07,17.31,7556098,131085272.46,5.0032,-1.0292,0,0
2023-03-23,sz.300847,17.16,17.28,16.87,17.09,6775000,115488941.0,4.486,-1.2709,0,0
2023-03-24,sz.300847,17.19,17.19,16.6,16.7,6141450,103001936.0,4.0665,-2.282,0,0
2023-03-27,sz.300847,16.7,16.7,16.1,16.16,8413645,137296060.1,5.571,-3.2335,0,0
2023-03-28,sz.300847,16.28,16.7,16.01,16.13,8015600,130859801.48,5.3074,-0.1856,0,0
2023-03-29,sz.300847,16.13,16.15,15.75,15.82,6084650,96588963.04,4.0289,-1.9219,0,0
2023-03-30,sz.300847,15.84,15.87,15.1,15.23,9738093,149811714.26,6.4479,-3.7295,0,0
2023-03-31,sz.300847,15.22,15.54,15.15,15.29,6192550,94824475.5,4.1003,0.394,0,0
2023-04-03,sz.300847,15.3,15.65,15.3,15.49,7080350,109743775.0,4.6882,1.308,0,0
2023-04-04,sz.300847,15.45,15.54,14.87,15.12,12188850,184755969.68,8.0707,-2.3886,0,0
2023-04-06,sz.300847,15.12,16.46,14.89,16.34,19786450,314015005.86,13.1013,8.0688,0,0
2023-04-07,sz.300847,16.13,16.15,15.7,16.03,11193050,178168045.5,7.4113,-1.8972,0,0
2023-04-10,sz.300847,16.43,16.53,15.4,15.56,11402643,181481199.4,7.5501,-2.932,0,0
2023-04-11,sz.300847,15.63,15.65,15.2,15.33,5500802,84199390.42,3.6423,-1.4781,0,0
2023-04-12,sz.300847,15.35,15.52,15.26,15.4,4809100,74067602.57,3.1843,0.4566,0,0
2023-04-13,sz.300847,15.4,15.45,15.08,15.1,6069210,92173954.9,4.0186,-1.9481,0,0
2023-04-14,sz.300847,15.08,15.25,14.96,14.96,5163700,77760646.5,3.4191,-0.9272,0,0
2023-04-17,sz.300847,14.88,15.33,14.72,15.09,6817900,102340177.77,4.5144,0.869,0,0
2023-04-18,sz.300847,15.31,15.31,14.88,15.05,6107132,92009640.36,4.0438,-0.2651,0,0
2023-04-19,sz.300847,15.0,15.0,14.55,14.6,8369178,122930230.68,5.5415,-2.99,0,0
2023-04-20,sz.300847,14.6,14.82,14.39,14.64,4872328,70984696.48,3.2261,0.274,0,0
2023-04-21,sz.300847,14.51,15.38,14.5,14.87,12553123,189691560.87,8.3119,1.571,0,0
2023-04-24,sz.300847,14.75,14.87,13.96,14.61,9278830,133338371.52,6.1438,-1.7485,0,0
2023-04-25,sz.300847,14.35,14.38,13.66,13.98,8924124,124643397.4,5.909,-4.3121,0,0
2023-04-26,sz.300847,13.98,14.55,13.88,14.27,6451650,92685901.5,4.2719,2.0744,0,0
2023-04-27,sz.300847,14.1,14.86,13.89,14.66,9222772,133472297.24,6.1067,2.733,0,0
2023-04-28,sz.300847,14.6,14.6,14.02,14.48,9254076,132437082.68,6.1275,-1.2278,0,0
2023-05-04,sz.300847,14.45,15.14,14.37,14.79,10852050,161500243.5,7.1855,2.1409,0,0
2023-05-05,sz.300847,14.7,14.99,14.23,14.39,8506350,123748175.53,5.6324,-2.7045,0,0
2023-05-08,sz.300847,14.39,17.27,14.39,17.27,28492312,469996033.09,18.8658,20.0139,1,0
2023-05-09,sz.300847,18.66,20.72,18.18,20.58,55633548,1092461757.38,36.837,19.1662,0,0
2023-05-10,sz.300847,19.35,20.33,19.05,19.9,38877991,765433282.2,25.7425,-3.3042,0,0
2023-05-11,sz.300847,20.3,20.7,18.18,18.4,31962489,598439711.12,21.1635,-7.5377,0,0
2023-05-12,sz.300847,18.05,19.76,17.23,19.38,41322879,759017467.95,27.3614,5.3261,0,0
2023-05-15,sz.300847,18.36,23.26,18.2,23.26,53031341,1092501617.07,35.114,20.0206,1,0
2023-05-16,sz.300847,22.21,24.99,22.2,22.88,57866796,1371267338.75,38.3157,-1.6337,0,0
2023-05-17,sz.300847,22.49,27.0,21.58,25.86,56808795,1395713650.22,37.6151,13.0245,0,0
2023-05-18,sz.300847,24.99,26.96,24.4,26.47,52219524,1330851865.19,34.5764,2.3589,0,0
2023-05-19,sz.300847,25.5,25.91,23.57,24.43,44919727,1116184999.42,29.743,-7.7068,0,0
2023-05-22,sz.300847,23.0,24.57,22.8,23.33,32450695,767628800.77,21.4868,-4.5027,0,0
2023-05-23,sz.300847,23.29,23.83,20.42,21.39,43685532,942503603.87,28.9258,-8.3155,0,0
2023-05-24,sz.300847,20.71,22.0,20.58,21.03,31877214,674670438.42,21.107,-1.683,0,0
2023-05-25,sz.300847,20.86,23.19,20.86,22.42,41660673,916996432.41,27.585,6.6096,0,0
2023-05-26,sz.300847,21.64,23.3,20.45,22.23,39902979,876759444.92,26.4212,-0.3586,0,0
2023-05-29,sz.300847,22.23,24.45,21.91,23.2,41242127,953239954.44,27.3079,4.3635,0,0
2023-05-30,sz.300847,22.25,23.68,22.1,22.46,35095489,795340836.5,23.238,-3.1897,0,0
2023-05-31,sz.300847,21.96,25.52,21.7,23.9,49664611,1181178843.33,32.8847,6.4114,0,0
2023-06-01,sz.300847,23.11,25.66,22.7,24.72,48361114,1166692371.89,32.0216,3.431,0,0
2023-06-02,sz.300847,24.12,25.84,22.89,22.91,43708550,1067774329.57,28.941,-7.322,0,0
2023-06-05,sz.300847,22.62,24.78,22.62,23.93,35057586,835725579.89,23.2129,4.4522,0,0
2023-06-06,sz.300847,23.94,24.7,22.93,23.5,31946031,758032632.85,21.1526,-1.7969,0,0
2023-06-07,sz.300847,23.01,23.25,21.7,22.54,29058479,651637690.19,19.2407,-4.0851,0,0
2023-06-08,sz.300847,22.19,22.97,21.88,22.14,19583153,439570956.17,12.9667,-1.7746,0,0
2023-06-09,sz.300847,22.18,22.78,21.14,22.41,23626888,521489571.62,15.6442,1.2195,0,0
2023-06-12,sz.300847,22.05,22.76,21.77,21.87,20081283,446666737.2,13.2965,-2.4096,0,0
2023-06-13,sz.300847,21.93,22.47,21.26,22.42,20568824,450811339.42,13.6194,2.5149,0,0
2023-06-14,sz.300847,22.36,23.49,22.1,22.77,30102286,688190904.86,19.9318,1.5611,0,0
2023-06-15,sz.300847,22.42,22.76,21.59,21.64,24490133,540431007.49,16.2158,-4.9627,0,0
2023-06-16,sz.300847,21.64,23.85,21.64,22.77,34772303,798798059.57,23.024,5.2218,0,0
2023-06-19,sz.300847,22.48,24.14,22.45,23.68,34355178,808113376.1,22.7478,3.9965,0,0
2023-06-20,sz.300847,23.5,25.19,22.81,24.14,40868250,989519118.72,27.0603,1.9426,0,0
2023-06-21,sz.300847,23.95,24.38,23.0,23.01,24431078,576811281.7,16.1767,-4.681,0,0
2023-06-26,sz.300847,23.12,23.48,21.25,21.69,22762408,505805299.64,15.0718,-5.7366,0,0
2023-06-27,sz.300847,21.75,23.36,21.01,23.07,28731430,647345462.76,19.0241,6.3624,0,0
2023-06-28,sz.300847,22.76,23.0,21.67,22.01,22746897,508336239.88,15.0615,-4.5947,0,0
2023-06-29,sz.300847,22.0,24.13,21.58,23.68,34178532,796081758.12,22.6308,7.5875,0,0
2023-06-30,sz.300847,23.74,23.98,22.71,22.95,25120080,579871951.25,16.6329,-3.0828,0,0
2023-07-03,sz.300847,22.94,24.08,22.53,23.84,31784134,747857425.58,21.0454,3.878,0,0
2023-07-04,sz.300847,23.5,24.79,22.98,23.09,33550197,801682026.11,22.2148,-3.146,0,0
2023-07-05,sz.300847,22.63,23.02,21.85,21.93,25561550,569717543.82,16.9252,-5.0238,0,0
2023-07-06,sz.300847,21.64,22.09,21.5,21.52,16420497,357394473.62,10.8726,-1.8696,0,0
2023-07-07,sz.300847,21.22,21.39,20.23,20.31,19060682,396803358.75,12.6208,-5.6227,0,0
2023-07-10,sz.300847,20.51,20.77,19.97,20.56,9742710,199070989.91,3.2913,1.2309,0,0
2023-07-11,sz.300847,20.57,20.79,20.21,20.22,9935540,203390992.9,3.3565,-1.6537,0,0
2023-07-12,sz.300847,20.1,20.18,19.11,19.19,15328336,299178198.85,5.1783,-5.094,0,0
2023-07-13,sz.300847,19.27,19.49,19.17,19.27,8009895,154865678.55,2.706,0.4169,0,0
2023-07-14,sz.300847,19.27,19.84,19.18,19.55,9302811,181848885.22,3.1427,1.453,0,0
2023-07-17,sz.300847,19.3,19.88,19.22,19.49,7782850,152192980.16,2.6293,-0.3069,0,0
2023-07-18,sz.300847,19.5,19.96,19.32,19.59,9487062,186689827.54,3.205,0.5131,0,0
2023-07-19,sz.300847,19.5,19.75,18.8,19.01,10573117,202499053.18,3.5719,-2.9607,0,0
2023-07-20,sz.300847,18.95,19.1,18.68,18.8,6341912,119522286.97,2.1425,-1.1047,0,0
2023-07-21,sz.300847,18.9,18.9,18.36,18.39,5752002,106557312.54,1.9432,-2.1809,0,0
2023-07-24,sz.300847,18.33,19.12,18.31,18.78,8003200,150870680.5,2.7037,2.1207,0,0
2023-07-25,sz.300847,19.1,19.44,18.78,19.33,9783390,187311061.24,3.3051,2.9286,0,0
2023-07-26,sz.300847,19.17,19.58,18.84,18.87,6885055,131711737.51,2.326,-2.3797,0,0
2023-07-27,sz.300847,18.81,19.85,18.8,19.57,15833131,308244105.5,5.3489,3.7096,0,0
2023-07-28,sz.300847,19.15,19.26,18.58,19.05,10467378,197879721.65,3.5362,-2.6571,0,0
2023-07-31,sz.300847,19.05,19.4,18.88,19.37,8361580,160350938.84,2.8248,1.6798,0,0
2023-08-01,sz.300847,19.35,19.35,18.53,18.62,9658147,181027557.37,3.2628,-3.872,0,0
2023-08-02,sz.300847,18.6,18.66,18.13,18.27,6698450,122570779.0,2.2629,-1.8797,0,0
2023-08-03,sz.300847,18.38,18.38,17.85,18.0,6734068,121198438.3,2.2749,-1.4778,0,0
2023-08-04,sz.300847,18.07,18.42,17.9,18.19,5722935,104367047.74,1.9334,1.0556,0,0
2023-08-07,sz.300847,18.2,18.37,18.07,18.23,4450700,81338291.0,1.5036,0.2199,0,0
2023-08-08,sz.300847,18.32,18.35,17.84,17.95,6058150,108828980.0,2.0466,-1.5359,0,0
2023-08-09,sz.300847,18.02,18.1,17.66,17.72,5486500,97737693.5,1.8535,-1.2813,0,0
2023-08-10,sz.300847,17.72,18.04,17.72,17.74,3717864,66334335.88,1.256,0.1129,0,0
2023-08-11,sz.300847,17.94,17.94,17.4,17.49,4523900,79740240.0,1.5283,-1.4092,0,0
2023-08-14,sz.300847,17.3,18.1,17.15,18.03,6996800,124474931.0,2.3637,3.0875,0,0
2023-08-15,sz.300847,17.95,18.0,17.54,17.74,4359600,77487909.0,1.4728,-1.6084,0,0
2023-08-16,sz.300847,17.62,17.77,17.3,17.3,3552500,62091202.0,1.2001,-2.4803,0,0
2023-08-17,sz.300847,17.14,18.02,17.14,17.88,8729500,155349128.0,2.9491,3.3526,0,0
2023-08-18,sz.300847,17.68,18.0,17.43,17.43,6421400,113590124.78,2.1693,-2.5168,0,0
2023-08-21,sz.300847,17.47,18.38,17.43,17.62,8530300,152954403.0,2.8818,1.0901,0,0
2023-08-22,sz.300847,17.68,19.16,17.68,18.56,19104683,353085358.51,6.4541,5.3348,0,0
2023-08-23,sz.300847,18.25,18.44,17.8,17.97,11446439,206840914.34,3.8669,-3.1789,0,0
2023-08-24,sz.300847,18.05,18.11,16.49,16.9,12424765,211711971.45,4.1974,-5.9544,0,0
2023-08-25,sz.300847,17.0,17.02,16.41,16.5,6887104,114433648.31,2.3266,-2.3669,0,0
2023-08-28,sz.300847,17.8,17.81,16.37,16.47,6878348,116795018.58,2.3237,-0.1818,0,0
2023-08-29,sz.300847,16.51,17.3,16.4,17.17,8744089,148930961.62,2.954,4.2502,0,0
2023-08-30,sz.300847,17.01,17.8,17.01,17.45,7373289,128375473.67,2.4909,1.6308,0,0
2023-08-31,sz.300847,17.45,17.48,17.15,17.23,4720450,81381028.0,1.5947,-1.2607,0,0
2023-09-01,sz.300847,17.3,17.71,17.18,17.45,5489750,95635138.0,1.8546,1.2768,0,0
2023-09-04,sz.300847,17.44,17.94,17.32,17.74,7576700,133947186.0,2.5596,1.6619,0,0
2023-09-05,sz.300847,17.67,17.87,17.45,17.58,6143450,108426308.89,2.0754,-0.9019,0,0
2023-09-06,sz.300847,17.49,17.91,17.33,17.89,7752700,137166209.0,2.6191,1.7634,0,0
2023-09-07,sz.300847,17.99,17.99,17.25,17.25,6751739,118104959.75,2.2809,-3.5774,0,0
2023-09-08,sz.300847,17.15,17.86,17.11,17.63,6709700,118025861.72,2.2667,2.2029,0,0
2023-09-11,sz.300847,17.89,18.75,17.34,18.19,16154061,292322584.52,5.4573,3.1764,0,0
2023-09-12,sz.300847,17.88,18.45,17.85,17.94,9675557,174105438.93,3.2687,-1.3744,0,0
2023-09-13,sz.300847,18.0,18.0,17.18,17.31,7456748,130419334.78,2.5191,-3.5117,0,0
2023-09-14,sz.300847,17.31,17.37,16.9,17.05,4994000,85432799.0,1.6871,-1.502,0,0
2023-09-15,sz.300847,17.28,17.4,16.8,16.9,5491100,93829731.0,1.855,-0.8798,0,0
2023-09-18,sz.300847,16.79,17.03,16.65,16.87,3899300,65700284.0,1.3173,-0.1775,0,0
2023-09-19,sz.300847,16.86,16.92,16.4,16.5,4632300,76826433.0,1.5649,-2.1932,0,0
2023-09-20,sz.300847,16.4,16.55,16.21,16.22,3343400,54622856.0,1.1295,-1.697,0,0
2023-09-21,sz.300847,16.23,16.52,16.1,16.13,3397800,55343766.0,1.1479,-0.5549,0,0
2023-09-22,sz.300847,16.18,16.6,16.06,16.6,4738400,77888265.0,1.6008,2.9138,0,0
2023-09-25,sz.300847,16.65,16.77,16.32,16.39,4275453,70487787.61,1.4444,-1.2651,0,0
2023-09-26,sz.300847,16.4,16.7,16.28,16.46,4561600,75187590.0,1.541,0.4271,0,0
2023-09-27,sz.300847,16.38,16.59,16.24,16.25,5219800,85506168.0,1.7634,-1.2758,0,0
2023-09-28,sz.300847,16.31,16.64,16.31,16.6,5052150,83566113.0,1.7067,2.1538,0,0
2023-10-09,sz.300847,16.6,17.02,16.46,16.83,5306600,89199193.5,1.7927,1.3855,0,0
2023-10-10,sz.300847,16.83,16.97,16.58,16.68,3680550,61456019.0,1.2434,-0.8913,0,0
2023-10-11,sz.300847,16.68,16.88,16.47,16.73,4008249,66925353.51,1.3541,0.2998,0,0
2023-10-12,sz.300847,16.8,16.96,16.52,16.84,4968583,83107743.46,1.6785,0.6575,0,0
2023-10-13,sz.300847,16.69,16.78,16.46,16.56,3850400,63959309.7,1.3008,-1.6627,0,0
2023-10-16,sz.300847,16.67,17.09,16.42,16.5,5681750,94956859.9,1.9194,-0.3623,0,0
2023-10-17,sz.300847,16.39,16.45,16.17,16.41,4669400,76094518.0,1.5774,-0.5455,0,0
2023-10-18,sz.300847,16.3,16.4,16.02,16.03,3272740,52718800.34,1.1056,-2.3157,0,0
2023-10-19,sz.300847,15.95,16.35,15.9,15.91,3320050,53578455.0,1.1216,-0.7486,0,0
2023-10-20,sz.300847,16.03,16.06,15.6,15.7,2970500,47104460.0,1.0035,-1.3199,0,0
2023-10-23,sz.300847,15.71,15.79,15.37,15.42,3264850,50714316.0,1.103,-1.7834,0,0
2023-10-24,sz.300847,15.51,15.85,15.42,15.77,2813100,44165976.0,0.9503,2.2698,0,0
2023-10-25,sz.300847,15.85,16.13,15.68,15.78,3648431,57794341.18,1.2325,0.0634,0,0
2023-10-26,sz.300847,15.67,15.94,15.47,15.93,3688541,58007238.31,1.2461,0.9506,0,0
2023-10-27,sz.300847,15.9,16.15,15.69,16.07,3729916,59561040.83,1.2601,0.8788,0,0
2023-10-30,sz.300847,16.08,16.21,15.9,16.13,3608000,58042728.41,1.2189,0.3734,0,0
2023-10-31,sz.300847,16.14,16.32,15.85,15.98,3051450,48891693.5,1.0309,-0.9299,0,0
2023-11-01,sz.300847,16.05,16.17,15.88,16.02,2306120,36879213.2,0.7791,0.2503,0,0
2023-11-02,sz.300847,15.93,16.11,15.7,15.71,2889405,45871000.5,0.9761,-1.9351,0,0
2023-11-03,sz.300847,15.72,16.16,15.72,16.13,4121800,66276987.0,1.3925,2.6735,0,0
2023-11-06,sz.300847,16.23,16.52,16.08,16.5,4358865,71180105.2,1.4725,2.2939,0,0
2023-11-07,sz.300847,16.53,16.67,16.26,16.62,5162288,84912855.96,1.744,0.7273,0,0
2023-11-08,sz.300847,16.58,16.65,16.4,16.55,4187000,69148673.6,1.4145,-0.4212,0,0
2023-11-09,sz.300847,16.59,16.72,16.43,16.58,4062800,67399301.0,1.3725,0.1813,0,0
2023-11-10,sz.300847,16.49,16.6,16.33,16.55,2641861,43524561.4,0.8925,-0.1809,0,0
2023-11-13,sz.300847,16.65,17.12,16.5,17.01,7075600,119304096.62,2.3903,2.7795,0,0
2023-11-14,sz.300847,16.9,17.29,16.86,17.04,5962231,101655799.54,2.0142,0.1764,0,0
2023-11-15,sz.300847,17.04,17.27,16.82,16.93,3915200,66349166.0,1.3227,-0.6455,0,0
2023-11-16,sz.300847,16.9,17.08,16.68,16.7,3734800,63026861.0,1.2617,-1.3585,0,0
2023-11-17,sz.300847,16.8,16.87,16.6,16.87,3298211,55244095.75,1.1142,1.018,0,0
2023-11-20,sz.300847,16.85,17.24,16.82,17.21,5081261,86767165.88,1.7166,2.0154,0,0
2023-11-21,sz.300847,17.21,17.21,16.78,16.85,4451900,75525732.0,1.504,-2.0918,0,0
2023-11-22,sz.300847,16.86,16.96,16.53,16.55,3293400,55008993.5,1.1126,-1.7804,0,0
2023-11-23,sz.300847,16.46,16.78,16.41,16.71,2478900,41291538.5,0.8374,0.9668,0,0
2023-11-24,sz.300847,16.68,16.8,16.25,16.4,3360500,55109382.0,1.1353,-1.8552,0,0
2023-11-27,sz.300847,16.36,16.6,16.18,16.45,3319550,54720947.5,1.1214,0.3049,0,0
2023-11-28,sz.300847,16.47,16.64,16.32,16.48,3615750,59625267.67,1.2215,0.1824,0,0
2023-11-29,sz.300847,16.36,16.44,16.16,16.2,2876550,46759108.0,0.9718,-1.699,0,0
2023-11-30,sz.300847,16.2,17.38,16.11,16.73,16288816,274273307.68,5.5028,3.2716,0,0
2023-12-01,sz.300847,16.52,16.59,16.0,16.39,11292955,183416908.26,3.8151,-2.0323,0,0
2023-12-04,sz.300847,16.26,17.84,16.25,17.29,20667913,356145388.68,6.9822,5.4912,0,0
2023-12-05,sz.300847,17.08,17.63,17.02,17.15,17673283,305363375.44,5.9705,-0.8097,0,0
2023-12-06,sz.300847,17.0,17.81,16.95,17.42,16762695,293247703.36,5.6629,1.5743,0,0
2023-12-07,sz.300847,17.38,17.49,16.9,16.95,11669246,199676277.38,3.9422,-2.698,0,0
2023-12-08,sz.300847,16.92,17.74,16.71,17.72,17468710,304905123.66,5.9014,4.5428,0,0
2023-12-11,sz.300847,17.52,17.95,17.38,17.84,13827881,244001294.0,4.6714,0.6772,0,0
2023-12-12,sz.300847,17.69,19.35,17.69,18.7,24283076,455264339.88,8.2035,4.8206,0,0
2023-12-13,sz.300847,18.36,18.66,18.19,18.2,13621299,250173012.52,4.6016,-2.6738,0,0
2023-12-14,sz.300847,18.19,18.8,17.91,18.16,10392790,190396423.84,3.511,-0.2198,0,0
2023-12-15,sz.300847,18.22,18.35,17.5,17.92,10206300,182669257.17,3.448,-1.3216,0,0
2023-12-18,sz.300847,17.83,18.05,17.42,17.5,7780833,137681022.51,2.6286,-2.3438,0,0
2023-12-19,sz.300847,17.56,18.26,17.45,18.0,10311050,185140921.5,3.4833,2.8571,0,0
2023-12-20,sz.300847,18.0,18.16,17.2,17.23,8432950,148562169.54,2.8489,-4.2778,0,0
2023-12-21,sz.300847,17.11,17.9,17.03,17.49,7178045,125807091.35,2.4249,1.509,0,0
2023-12-22,sz.300847,17.46,18.18,17.28,17.62,9649400,171346741.0,3.2598,0.7433,0,0
2023-12-25,sz.300847,17.45,18.07,17.37,17.83,8798350,157622659.0,2.9723,1.1918,0,0
2023-12-26,sz.300847,17.71,17.83,16.45,16.8,10471983,176973789.95,3.5377,-5.7768,0,0
2023-12-27,sz.300847,16.51,16.7,15.98,16.31,6636800,107972044.5,2.2421,-2.9167,0,0
2023-12-28,sz.300847,16.22,16.99,16.22,16.94,7232150,121136071.0,2.4432,3.8627,0,0
2023-12-29,sz.300847,16.9,17.6,16.8,17.38,6110700,106027599.0,2.0644,2.5974,0,0
2024-01-02,sz.300847,17.38,17.94,17.36,17.48,7162400,126135419.5,2.4196,0.5754,0,0
2024-01-03,sz.300847,17.3,17.45,17.01,17.19,4919859,84699532.14,1.6621,-1.659,0,0
2024-01-04,sz.300847,17.1,17.19,16.66,16.78,4413600,74469291.0,1.491,-2.3851,0,0
2024-01-05,sz.300847,16.77,16.85,16.23,16.34,3980750,65626479.0,1.3448,-2.6222,0,0
2024-01-08,sz.300847,16.33,16.69,15.84,15.86,4991896,80984122.76,1.6864,-2.9376,0,0
2024-01-09,sz.300847,15.85,16.16,15.45,15.7,5274583,83297215.3,1.7819,-1.0088,0,0
2024-01-10,sz.300847,15.6,15.68,15.01,15.1,5792450,88120240.5,1.9568,-3.8217,0,0
2024-01-11,sz.300847,15.0,15.66,14.98,15.62,4295100,66160816.5,1.451,3.4437,0,0
2024-01-12,sz.300847,15.53,15.9,15.51,15.62,3941300,61809551.0,1.3315,0.0,0,0
2024-01-15,sz.300847,15.5,15.65,15.15,15.2,3707950,56895028.5,1.2526,-2.6889,0,0
2024-01-16,sz.300847,15.2,15.3,14.77,15.06,3611250,54120606.0,1.22,-0.9211,0,0
2024-01-17,sz.300847,14.97,15.06,14.5,14.5,2947800,43401246.0,0.9958,-3.7185,0,0
2024-01-18,sz.300847,14.41,14.58,13.86,14.18,6396550,90105860.5,2.1609,-2.2069,0,0
2024-01-19,sz.300847,14.15,14.35,14.05,14.06,3704350,52481739.0,1.2514,-0.8463,0,0
2024-01-22,sz.300847,14.01,14.2,13.03,13.14,4570450,61986732.5,1.544,-6.5434,0,0
2024-01-23,sz.300847,13.11,13.28,12.94,13.16,4641700,60880004.0,1.5681,0.1522,0,0
2024-01-24,sz.300847,13.22,15.02,13.06,14.39,14630465,206587089.89,4.9426,9.3465,0,0
2024-01-25,sz.300847,14.27,17.09,14.14,16.94,25559917,399739801.41,8.6348,17.7206,0,0
2024-01-26,sz.300847,16.34,16.85,15.95,16.3,21694110,354074052.77,7.3288,-3.778,0,0
2024-01-29,sz.300847,16.3,18.99,16.3,17.1,34816203,606325714.7,11.7618,4.908,0,0
2024-01-30,sz.300847,16.75,18.5,16.63,17.44,28265450,497510105.8,9.5488,1.9883,0,0
2024-01-31,sz.300847,17.0,17.99,16.85,17.07,24600160,428242961.5,8.3106,-2.1216,0,0
2024-02-01,sz.300847,16.5,16.96,15.84,16.06,21439740,351230638.0,7.2429,-5.9168,0,0
2024-02-02,sz.300847,15.97,17.12,15.7,15.98,22112570,365433718.7,7.4702,-0.4981,0,0
2024-02-05,sz.300847,15.1,15.38,13.8,13.83,19386684,281280506.41,6.5493,-13.4543,0,0
2024-02-06,sz.300847,13.3,14.51,12.3,13.72,19206851,253230877.74,6.4886,-0.7954,0,0
2024-02-07,sz.300847,13.61,14.27,13.0,13.21,17473000,240251364.88,5.9028,-3.7172,0,0
2024-02-08,sz.300847,13.26,14.26,13.23,14.15,14959269,207486746.95,5.0536,7.1158,0,0
2024-02-19,sz.300847,14.16,14.94,14.11,14.71,14735104,214443966.42,4.9779,3.9576,0,0
2024-02-20,sz.300847,14.65,15.27,14.04,15.08,16462438,242032478.93,5.5614,2.5153,0,0
2024-02-21,sz.300847,14.8,16.78,14.55,15.62,20093853,314208003.8,6.7882,3.5809,0,0
2024-02-22,sz.300847,15.28,16.22,15.27,15.85,15186090,239668029.95,5.1303,1.4725,0,0
2024-02-23,sz.300847,15.82,16.33,15.76,16.16,15886448,254473168.14,5.3669,1.9558,0,0
2024-02-26,sz.300847,16.16,16.91,15.89,16.0,17256550,280367673.5,5.8297,-0.9901,0,0
2024-02-27,sz.300847,15.85,16.52,15.72,16.52,15854499,254623051.4,5.3561,3.25,0,0
2024-02-28,sz.300847,16.5,17.8,16.15,16.23,26118963,442672117.8,8.8237,-1.7554,0,0
2024-02-29,sz.300847,15.6,17.2,15.6,16.9,21658957,359175362.24,7.317,4.1282,0,0
2024-03-01,sz.300847,16.88,17.09,16.29,16.7,16136547,267994580.61,5.4514,-1.1834,0,0
2024-03-04,sz.300847,16.61,16.92,16.43,16.64,13789230,229784817.9,4.6584,-0.3593,0,0
2024-03-05,sz.300847,16.44,16.75,16.07,16.16,11959067,195760618.49,4.0401,-2.8846,0,0
2024-03-06,sz.300847,15.97,16.15,15.7,16.0,10565750,168321991.5,3.5694,-0.9901,0,0
2024-03-07,sz.300847,16.0,16.32,15.59,15.6,9244361,147362684.76,3.123,-2.5,0,0
2024-03-08,sz.300847,16.4,16.4,15.69,15.93,9515691,151883754.01,3.2147,2.1154,0,0
2024-03-11,sz.300847,15.56,15.88,15.43,15.87,8762774,137131192.98,2.9603,-0.3766,0,0
2024-03-12,sz.300847,15.82,16.06,15.68,15.95,7529452,119253663.94,2.5436,0.5041,0,0
2024-03-13,sz.300847,15.81,16.1,15.59,16.07,9652400,153309849.5,3.2608,0.7524,0,0
2024-03-14,sz.300847,15.98,15.99,15.23,15.42,9697228,151398589.01,3.276,-4.0448,0,0
2024-03-15,sz.300847,15.45,15.51,15.12,15.41,5273267,80712686.51,1.7814,-0.0649,0,0
2024-03-18,sz.300847,15.42,15.82,15.4,15.75,7971644,125127730.12,2.693,2.2064,0,0
2024-03-19,sz.300847,15.71,16.23,15.56,15.94,11318360,180400759.72,3.8236,1.2063,0,0
2024-03-20,sz.300847,15.77,16.12,15.77,15.94,6344736,101246980.34,2.1434,0.0,0,0
2024-03-21,sz.300847,15.94,16.5,15.82,16.45,13369034,217167312.77,4.5164,3.1995,0,0
2024-03-22,sz.300847,16.35,16.4,15.7,16.02,9773704,156435987.67,3.3018,-2.614,0,0
2024-03-25,sz.300847,15.83,16.11,15.36,15.4,6478174,102296891.12,2.1885,-3.8702,0,0
2024-03-26,sz.300847,15.42,15.55,14.88,15.09,6208500,93995118.0,2.0974,-2.013,0,0
2024-03-27,sz.300847,15.09,15.1,14.39,14.39,4309200,63516723.0,1.4558,-4.6388,0,0
2024-03-28,sz.300847,14.41,15.05,14.41,14.79,5487300,81184140.5,1.8538,2.7797,0,0
2024-03-29,sz.300847,14.79,16.18,14.78,15.49,10689480,166337376.85,3.6112,4.7329,0,0
2024-04-01,sz.300847,15.44,15.69,15.3,15.63,6461050,99929637.85,2.1827,0.9038,0,0
2024-04-02,sz.300847,15.51,15.71,15.26,15.43,5430450,84260191.5,1.8345,-1.2796,0,0
2024-04-03,sz.300847,15.32,15.58,15.08,15.18,5627793,86294350.68,1.9012,-1.6202,0,0
2024-04-08,sz.300847,15.1,15.54,14.8,15.07,5235100,79554318.02,1.7686,-0.7246,0,0
2024-04-09,sz.300847,15.05,15.46,14.73,15.45,5468900,82422297.0,1.8475,2.5216,0,0
2024-04-10,sz.300847,15.26,15.34,14.65,14.76,5928999,88594610.16,2.003,-4.466,0,0
2024-04-11,sz.300847,14.6,15.09,14.52,14.77,3504350,52215028.0,1.1839,0.0678,0,0
2024-04-12,sz.300847,14.8,14.9,14.45,14.52,3159433,46399946.07,1.0673,-1.6926,0,0
2024-04-15,sz.300847,14.56,17.0,14.47,16.24,24394495,390509135.09,8.2411,11.8457,0,0
2024-04-16,sz.300847,15.96,17.26,15.59,15.81,27092425,447427083.13,9.1525,-2.6478,0,0
2024-04-17,sz.300847,15.08,16.71,15.08,16.48,20925829,336416411.26,7.0693,4.2378,0,0
2024-04-18,sz.300847,16.17,16.76,15.91,16.17,17212000,280847340.0,5.8147,-1.8811,0,0
2024-04-19,sz.300847,15.93,17.27,15.82,16.71,22146989,370452385.25,7.4818,3.3395,0,0
2024-04-22,sz.300847,16.48,18.08,16.42,17.24,24863141,432003750.77,8.3994,3.1718,0,0
2024-04-23,sz.300847,16.81,16.9,16.0,16.22,17423635,284405971.96,5.8862,-5.9165,0,0
2024-04-24,sz.300847,16.22,16.42,15.93,16.28,12561341,203358089.06,4.2436,0.3699,0,0
2024-04-25,sz.300847,16.27,17.3,16.1,17.09,19106164,320230093.82,6.4546,4.9754,0,0
2024-04-26,sz.300847,16.77,17.16,16.63,16.95,16811284,284131682.08,5.6793,-0.8192,0,0
2024-04-29,sz.300847,16.71,17.43,16.47,16.95,16616207,281137882.13,5.6134,0.0,0,0
2024-04-30,sz.300847,16.96,17.09,16.26,16.35,12312012,204628971.05,4.1593,-3.5398,0,0
2024-05-06,sz.300847,16.5,16.86,16.42,16.77,9974750,166497114.0,3.3697,2.5688,0,0
2024-05-07,sz.300847,16.69,17.19,16.61,17.07,12338657,209731002.04,4.1683,1.7889,0,0
2024-05-08,sz.300847,16.93,17.05,16.46,16.6,9184700,153168317.0,3.1028,-2.7534,0,0
2024-05-09,sz.300847,16.68,17.22,16.54,17.17,14091895,239522370.1,4.7606,3.4337,0,0
2024-05-10,sz.300847,17.0,17.5,16.85,17.41,16845696,290047735.42,5.6909,1.3978,0,0
2024-05-13,sz.300847,17.15,17.39,16.7,17.02,11402023,194511992.34,3.8519,-2.2401,0,0
2024-05-14,sz.300847,16.89,17.27,16.67,16.71,10265225,173671495.0,3.4679,-1.8214,0,0
2024-05-15,sz.300847,16.61,16.72,15.95,16.01,11168678,180681469.28,3.7731,-4.1891,0,0
2024-05-16,sz.300847,16.01,16.23,15.93,15.97,6813150,109342830.0,2.3017,-0.2498,0,0
2024-05-17,sz.300847,15.92,16.13,15.82,16.11,5360150,85668676.5,1.8108,0.8766,0,0
2024-05-20,sz.300847,16.07,17.49,16.01,16.82,14201995,239068167.75,4.7978,4.4072,0,0
2024-05-21,sz.300847,16.64,16.78,16.35,16.46,7923900,130904311.0,2.6769,-2.1403,0,0
2024-05-22,sz.300847,16.39,16.59,16.29,16.42,6182700,101708888.0,2.0887,-0.243,0,0
2024-05-23,sz.300847,16.52,17.16,16.3,16.73,16188430,272174387.88,5.4689,1.8879,0,0
2024-05-24,sz.300847,16.6,16.64,15.85,15.93,12017930,194482632.3,4.06,-4.7818,0,0
2024-05-27,sz.300847,15.93,15.99,15.36,15.75,6938000,108319727.0,2.3438,-1.1299,0,0
2024-05-28,sz.300847,15.59,15.76,15.48,15.48,4547952,71069884.48,1.5364,-1.0863,0,0
2024-05-29,sz.300847,15.58,15.84,15.45,15.52,4177512,65144450.12,1.4113,0.2584,0,0
2024-05-30,sz.300847,15.35,15.97,15.33,15.52,6315300,98837249.0,2.1335,0.0,0,0
2024-05-31,sz.300847,15.41,15.8,15.41,15.62,4863628,76032335.7,1.6431,0.6443,0,0
2024-06-03,sz.300847,15.55,15.85,15.33,15.63,5553350,86551587.5,1.8761,0.064,0,0
2024-06-04,sz.300847,15.68,16.02,15.63,15.96,7196552,114127169.02,2.4312,2.1113,0,0
2024-06-05,sz.300847,15.75,16.07,15.52,15.54,6569150,103845394.5,2.2192,-2.6316,0,0
2024-06-06,sz.300847,15.52,15.56,14.56,14.6,9224792,137198902.48,3.1164,-6.0489,0,0
2024-06-07,sz.300847,14.73,15.52,14.71,14.95,6864150,103282730.0,2.3189,2.3973,0,0
2024-06-11,sz.300847,14.76,14.92,14.53,14.85,5104900,75016382.5,1.7246,-0.6689,0,0
2024-06-12,sz.300847,14.75,15.12,14.75,14.98,4277300,64127786.5,1.445,0.8754,0,0
2024-06-13,sz.300847,14.98,15.14,14.94,14.97,3899150,58582537.5,1.3172,-0.0668,0,0
2024-06-14,sz.300847,14.95,15.1,14.85,15.04,3368134,50489477.86,1.1378,0.4676,0,0
2024-06-17,sz.300847,14.91,15.03,14.81,14.88,2994900,44733727.0,1.0118,-1.0638,0,0
2024-06-18,sz.300847,14.94,15.18,14.9,15.11,4369232,65760024.32,1.476,1.5457,0,0
2024-06-19,sz.300847,15.11,15.16,14.82,14.83,4244200,63358235.5,1.4338,-1.8531,0,0
2024-06-20,sz.300847,14.85,14.94,14.44,14.47,4547700,66748613.0,1.5363,-2.4275,0,0
2024-06-21,sz.300847,14.47,14.63,14.32,14.55,2744182,39775934.24,0.9271,0.5529,0,0
2024-06-24,sz.300847,14.46,14.52,13.84,13.88,4892650,68919139.5,1.6529,-4.6048,0,0
2024-06-25,sz.300847,13.88,14.02,13.57,13.77,3340250,46082151.0,1.1284,-0.7925,0,0
2024-06-26,sz.300847,13.77,14.23,13.6,14.19,4203200,58795999.0,1.42,3.0501,0,0
2024-06-27,sz.300847,14.13,14.79,14.01,14.16,5884350,84295847.5,1.9879,-0.2114,0,0
2024-06-28,sz.300847,13.95,14.8,13.9,14.49,7618550,110375353.0,2.5737,2.3305,0,0
2024-07-01,sz.300847,14.33,14.51,14.22,14.47,4296900,61718511.0,1.4516,-0.138,0,0
2024-07-02,sz.300847,14.39,14.59,14.33,14.4,3027250,43734183.0,1.0227,-0.4838,0,0
2024-07-03,sz.300847,14.37,14.44,14.11,14.11,3059350,43431800.5,1.0335,-2.0139,0,0
2024-07-04,sz.300847,14.11,14.25,13.69,13.75,3021000,42035040.0,1.0206,-2.5514,0,0
2024-07-05,sz.300847,13.76,13.98,13.54,13.92,2301500,31709353.0,0.7775,1.2364,0,0
2024-07-08,sz.300847,13.9,13.95,13.47,13.51,2598000,35430727.0,0.8777,-2.9454,0,0
2024-07-09,sz.300847,13.54,13.87,13.35,13.87,3560250,48550137.0,1.2027,2.6647,0,0
2024-07-10,sz.300847,13.74,14.05,13.71,13.78,2843300,39556296.0,0.9605,-0.6489,0,0
2024-07-11,sz.300847,14.03,14.18,13.93,14.09,3288550,46324444.5,1.111,2.2496,0,0
2024-07-12,sz.300847,14.14,14.14,13.87,13.95,2623950,36689524.0,0.8864,-0.9936,0,0
2024-07-15,sz.300847,13.91,14.03,13.71,13.79,2100398,29018691.3,0.7096,-1.147,0,0
2024-07-16,sz.300847,13.71,13.91,13.63,13.91,2349000,32350209.0,0.7936,0.8702,0,0
2024-07-17,sz.300847,13.91,13.96,13.7,13.71,2145350,29617249.0,0.7248,-1.4378,0,0
2024-07-18,sz.300847,13.6,13.95,13.43,13.91,3495790,48042164.0,1.181,1.4588,0,0
2024-07-19,sz.300847,13.8,14.17,13.79,14.12,3360600,47170595.0,1.1353,1.5097,0,0
2024-07-22,sz.300847,14.11,14.37,14.01,14.19,3660400,52051509.0,1.2366,0.4958,0,0
2024-07-23,sz.300847,14.19,14.23,13.78,13.78,2940150,41191805.5,0.9933,-2.8894,0,0
2024-07-24,sz.300847,13.68,14.12,13.64,13.68,3099700,42849023.0,1.0472,-0.7257,0,0
2024-07-25,sz.300847,13.55,13.83,13.35,13.73,2880450,39115083.0,0.9731,0.3655,0,0
2024-07-26,sz.300847,13.68,14.09,13.68,14.07,3250150,45427760.0,1.098,2.4763,0,0
2024-07-29,sz.300847,14.12,14.5,14.09,14.18,5275800,75481190.5,1.7823,0.7818,0,0
2024-07-30,sz.300847,14.04,14.29,13.94,14.21,3653000,51583251.0,1.2341,0.2116,0,0
2024-07-31,sz.300847,14.16,14.54,14.15,14.51,5227350,75206063.5,1.7659,2.1112,0,0
2024-08-01,sz.300847,14.49,14.71,14.41,14.53,4777750,69731773.5,1.6141,0.1378,0,0
2024-08-02,sz.300847,14.4,14.7,14.32,14.35,4138012,59985193.32,1.3979,-1.2388,0,0
2024-08-05,sz.300847,14.25,14.5,13.8,13.81,5010650,70893804.5,1.6927,-3.7631,0,0
2024-08-06,sz.300847,13.98,14.35,13.88,14.28,4446700,62870138.0,1.5022,3.4033,0,0
2024-08-07,sz.300847,14.32,14.48,14.19,14.3,3209900,46068342.2,1.0844,0.1401,0,0
2024-08-08,sz.300847,14.31,14.4,13.97,14.1,2781238,39224540.04,0.9396,-1.3986,0,0
2024-08-09,sz.300847,14.15,14.22,13.84,13.85,2284980,32042574.0,0.7719,-1.773,0,0
2024-08-12,sz.300847,13.89,13.94,13.63,13.93,2267138,31313052.92,0.7659,0.5776,0,0
2024-08-13,sz.300847,13.9,14.11,13.86,14.03,2465000,34437831.0,0.8327,0.7179,0,0
2024-08-14,sz.300847,13.99,14.06,13.82,13.84,2341838,32697743.14,0.7911,-1.3542,0,0
2024-08-15,sz.300847,13.95,14.26,13.95,14.19,4754500,67084356.5,1.6062,2.5289,0,0
2024-08-16,sz.300847,14.25,14.39,14.14,14.28,3916000,55859176.0,1.3229,0.6342,0,0
2024-08-19,sz.300847,14.27,15.2,14.23,14.9,11778809,174196910.38,3.9792,4.3417,0,0
2024-08-20,sz.300847,14.9,14.97,14.44,14.52,6342326,92528189.26,2.1426,-2.5503,0,0
2024-08-21,sz.300847,14.42,14.55,14.27,14.35,3385650,48720469.0,1.1438,-1.1708,0,0
2024-08-22,sz.300847,14.28,14.4,13.66,13.71,6643832,92717967.72,2.2445,-4.4599,0,0
2024-08-23,sz.300847,13.72,13.92,13.52,13.74,4608400,63200920.0,1.5568,0.2188,0,0
2024-08-26,sz.300847,13.7,13.87,13.68,13.82,2218551,30579219.7,0.7495,0.5822,0,0
2024-08-27,sz.300847,13.77,13.79,13.26,13.33,3286150,44254252.0,1.1101,-3.5456,0,0
2024-08-28,sz.300847,13.27,13.53,13.27,13.34,2192069,29346612.27,0.7405,0.075,0,0
2024-08-29,sz.300847,13.35,13.6,13.21,13.5,2538500,34113451.0,0.8576,1.1994,0,0
2024-08-30,sz.300847,13.45,13.88,13.42,13.66,4156199,56984235.34,1.4041,1.1852,0,0
2024-09-02,sz.300847,13.62,13.77,13.2,13.2,4473618,59877911.11,1.5113,-3.3675,0,0
2024-09-03,sz.300847,14.28,15.3,14.28,14.4,19294611,282695523.21,6.5182,9.0909,0,0
2024-09-04,sz.300847,13.81,14.92,13.81,14.38,14661332,209559435.32,4.953,-0.1389,0,0
2024-09-05,sz.300847,14.11,14.33,13.81,13.92,9766332,136457321.42,3.2993,-3.1989,0,0
2024-09-06,sz.300847,13.85,14.3,13.83,13.93,8326800,116861708.4,2.813,0.0718,0,0
2024-09-09,sz.300847,13.72,14.07,13.6,14.01,6619939,91993582.38,2.2364,0.5743,0,0
2024-09-10,sz.300847,14.24,15.98,14.18,14.86,17585415,264038541.12,5.9408,6.0671,0,0
2024-09-11,sz.300847,14.79,15.09,14.5,14.7,10813165,158965845.56,3.653,-1.0767,0,0
2024-09-12,sz.300847,14.85,15.18,14.71,14.88,12303900,183833961.22,4.1566,1.2245,0,0
2024-09-13,sz.300847,14.93,15.58,14.72,15.41,17471610,267024966.9,5.9024,3.5618,0,0
2024-09-18,sz.300847,14.91,15.29,14.38,15.17,11209388,166806480.16,3.7868,-1.5574,0,0
2024-09-19,sz.300847,14.86,14.87,14.12,14.58,13234015,191297821.73,4.4708,-3.8893,0,0
2024-09-20,sz.300847,14.43,14.63,13.9,14.05,11115783,157315426.66,3.7552,-3.6351,0,0
2024-09-23,sz.300847,13.98,14.25,13.79,14.25,6570800,92497383.0,2.2198,1.4235,0,0
2024-09-24,sz.300847,14.19,14.51,13.95,14.49,10132450,144904231.0,3.423,1.6842,0,0
2024-09-25,sz.300847,14.5,14.97,14.49,14.75,12808850,189581070.0,4.3272,1.7943,0,0
2024-09-26,sz.300847,14.69,14.97,14.5,14.97,10116000,149001496.0,3.4175,1.4915,0,0
2024-09-27,sz.300847,15.14,15.81,14.94,15.61,16110850,247355714.0,5.4427,4.2752,0,0
2024-09-30,sz.300847,16.36,18.0,15.78,17.65,25725539,433606140.7,8.6908,13.0685,0,0
2024-10-08,sz.300847,21.07,21.07,18.35,19.89,29036527,566933555.73,9.8093,12.6912,0,0
2024-10-09,sz.300847,19.0,19.0,17.0,17.01,19319482,348696197.3,6.5266,-14.4796,0,0
2024-10-10,sz.300847,17.47,20.41,17.02,20.41,46819191,915892164.13,15.8168,19.9882,1,0
2024-10-11,sz.300847,19.0,20.1,17.62,18.01,37370175,705084434.28,12.6246,-11.7589,0,0
2024-10-14,sz.300847,17.92,19.99,17.92,19.42,31869835,610327166.34,10.7665,7.829,0,0
2024-10-15,sz.300847,18.73,21.5,18.62,19.8,37998034,748640604.14,12.8367,1.9567,0,0
2024-10-16,sz.300847,18.96,19.26,18.33,18.68,23181674,436140862.28,7.8314,-5.6566,0,0
2024-10-17,sz.300847,18.7,19.27,18.48,18.75,18639905,351605456.67,6.2971,0.3747,0,0
2024-10-18,sz.300847,18.52,19.65,17.86,18.93,23438442,435924688.73,7.9181,0.96,0,0
2024-10-21,sz.300847,19.18,20.25,18.92,19.75,25680413,503048736.48,8.6755,4.3317,0,0
2024-10-22,sz.300847,19.33,19.52,18.6,19.25,19381252,369885447.16,6.5475,-2.5316,0,0
2024-10-23,sz.300847,19.06,20.5,19.0,19.74,23889706,471484135.68,8.0706,2.5455,0,0
2024-10-24,sz.300847,19.36,19.48,18.95,19.04,13631924,260476652.56,4.6052,-3.5461,0,0
2024-10-25,sz.300847,19.14,19.48,19.04,19.16,12574729,241825729.98,4.2481,0.6303,0,0
2024-10-28,sz.300847,19.15,19.79,19.07,19.62,14229329,277215679.5,4.807,2.4008,0,0
2024-10-29,sz.300847,19.58,20.08,18.8,18.88,15482511,300093212.52,5.2304,-3.7717,0,0
2024-10-30,sz.300847,18.61,18.97,18.28,18.66,12153201,225959301.68,4.1057,-1.1653,0,0
2024-10-31,sz.300847,18.5,18.8,18.38,18.58,10457200,194272857.34,3.5327,-0.4287,0,0
2024-11-01,sz.300847,18.6,20.0,17.84,18.73,22658551,430123653.44,7.6547,0.8073,0,0
2024-11-04,sz.300847,18.72,19.58,18.07,19.04,14490200,272351306.0,4.8952,1.6551,0,0
2024-11-05,sz.300847,18.8,19.8,18.79,19.69,20080978,393161326.22,6.7839,3.4139,0,0
2024-11-06,sz.300847,19.58,20.96,19.43,20.77,30467132,614133367.9,10.2926,5.485,0,0
2024-11-07,sz.300847,20.15,20.42,19.87,20.42,19028300,384641027.0,6.4283,-1.6851,0,0
2024-11-08,sz.300847,20.58,20.99,19.97,20.05,18295200,374843682.0,6.1806,-1.8119,0,0
2024-11-11,sz.300847,20.13,20.38,19.8,20.22,14669772,295338418.8,4.9558,0.8479,0,0
2024-11-12,sz.300847,20.33,20.35,19.28,19.52,15051900,297440487.45,5.0849,-3.4619,0,0
2024-11-13,sz.300847,19.4,20.05,19.21,19.8,12058053,238516475.69,4.0735,1.4344,0,0
2024-11-14,sz.300847,19.5,19.98,19.1,19.16,8221400,160136928.0,2.7774,-3.2323,0,0
2024-11-15,sz.300847,19.12,19.34,18.32,18.36,8848100,166566401.0,2.9891,-4.1754,0,0
2024-11-18,sz.300847,18.42,18.79,17.7,18.14,8754500,159844755.5,2.9575,-1.1983,0,0
2024-11-19,sz.300847,18.12,18.36,17.77,18.36,6570250,118935376.5,2.2196,1.2128,0,0
2024-11-20,sz.300847,18.31,18.6,18.21,18.51,6493550,119686615.5,2.1937,0.817,0,0
2024-11-21,sz.300847,18.55,18.55,18.04,18.34,5907923,108379565.13,1.9959,-0.9184,0,0
2024-11-22,sz.300847,18.25,18.48,17.65,17.67,8185253,148819916.29,2.7652,-3.6532,0,0
2024-11-25,sz.300847,17.73,17.9,17.39,17.76,5289350,93060982.0,1.7869,0.5093,0,0
2024-11-26,sz.300847,17.71,17.91,17.45,17.48,4402038,77856889.1,1.4871,-1.5766,0,0
2024-11-27,sz.300847,17.5,17.88,16.99,17.87,6122600,106791847.02,2.0684,2.2311,0,0
2024-11-28,sz.300847,17.83,17.98,17.67,17.72,4710723,84008729.86,1.5914,-0.8394,0,0
2024-11-29,sz.300847,17.76,18.07,17.5,17.92,5561250,99271904.5,1.8787,1.1287,0,0
2024-12-02,sz.300847,17.97,18.35,17.92,18.27,6184158,112259188.94,2.0892,1.9531,0,0
2024-12-03,sz.300847,18.18,18.33,18.03,18.18,4783048,86984311.16,1.6158,-0.4926,0,0
2024-12-04,sz.300847,18.18,18.24,17.81,17.92,4824300,86956665.5,1.6298,-1.4301,0,0
2024-12-05,sz.300847,17.9,18.19,17.85,18.1,4127950,74605596.0,1.3945,1.0045,0,0
2024-12-06,sz.300847,18.64,19.32,18.5,18.83,15914658,301680084.97,5.3764,4.0331,0,0
2024-12-09,sz.300847,18.6,18.64,18.14,18.31,8640699,158651863.77,2.9191,-2.7616,0,0
2024-12-10,sz.300847,18.69,18.84,18.4,18.44,7317899,136108759.95,2.4722,0.71,0,0
2024-12-11,sz.300847,18.32,18.55,18.28,18.52,4578400,84336713.0,1.5467,0.4338,0,0
2024-12-12,sz.300847,18.52,18.65,18.34,18.49,5431550,100393538.5,1.8349,-0.162,0,0
2024-12-13,sz.300847,18.45,18.45,17.98,18.0,5972100,108237573.5,2.0175,-2.6501,0,0
2024-12-16,sz.300847,17.97,18.04,17.69,17.87,3602240,64371735.1,1.2169,-0.7222,0,0
2024-12-17,sz.300847,17.88,18.19,17.5,17.5,5592749,99747156.86,1.8894,-2.0705,0,0
2024-12-18,sz.300847,17.78,18.93,17.7,18.12,12316013,227074360.12,4.1607,3.5429,0,0
2024-12-19,sz.300847,17.6,18.28,17.5,17.97,9113913,163227500.2,3.0789,-0.8278,0,0
2024-12-20,sz.300847,17.92,18.33,17.92,18.13,6110595,110943416.7,2.0643,0.8904,0,0
2024-12-23,sz.300847,18.01,19.99,17.89,18.73,19790610,371861162.34,6.6858,3.3094,0,0
2024-12-24,sz.300847,18.45,19.35,18.35,19.2,19799361,377307819.56,6.6887,2.5093,0,0
2024-12-25,sz.300847,18.9,19.23,18.21,18.53,12857203,239742860.76,4.3435,-3.4896,0,0
2024-12-26,sz.300847,18.32,18.97,18.26,18.96,10861224,203748763.88,3.6692,2.3206,0,0
2024-12-27,sz.300847,18.8,19.25,18.5,18.57,12279732,232069843.41,4.1484,-2.057,0,0
2024-12-30,sz.300847,18.39,18.86,17.83,17.94,10866274,197911845.18,3.6709,-3.3926,0,0
2024-12-31,sz.300847,17.99,17.99,17.12,17.14,8252753,144741768.75,2.788,-4.4593,0,0
2025-01-02,sz.300847,17.16,17.26,16.28,16.53,7240853,121367693.36,2.4462,-3.5589,0,0
2025-01-03,sz.300847,16.61,16.68,15.85,15.9,5784650,93812163.5,1.9542,-3.8113,0,0
2025-01-06,sz.300847,16.07,16.13,15.7,16.09,4304850,68683910.5,1.4543,1.195,0,0
2025-01-07,sz.300847,16.01,16.28,15.91,16.27,4010550,64721517.5,1.3549,1.1187,0,0
2025-01-08,sz.300847,16.26,16.45,15.78,16.31,5541350,89610594.5,1.872,0.2459,0,0
2025-01-09,sz.300847,16.12,16.42,16.12,16.21,4259600,69278826.0,1.439,-0.6131,0,0
2025-01-10,sz.300847,16.12,16.28,15.63,15.65,4059200,65000949.0,1.3713,-3.4547,0,0
2025-01-13,sz.300847,15.58,15.97,15.32,15.84,3534950,55576105.5,1.1942,1.2141,0,0
2025-01-14,sz.300847,15.88,16.56,15.81,16.55,5581250,91006612.5,1.8855,4.4823,0,0
2025-01-15,sz.300847,16.5,16.69,16.39,16.46,3621600,59922957.5,1.2235,-0.5438,0,0
2025-01-16,sz.300847,16.5,16.75,16.3,16.6,5039250,83461154.0,1.7024,0.8505,0,0
2025-01-17,sz.300847,16.48,16.7,16.44,16.59,3215794,53285948.46,1.0864,-0.0602,0,0
2025-01-20,sz.300847,16.78,16.84,16.64,16.74,3084650,51610115.0,1.0421,0.9042,0,0
2025-01-21,sz.300847,16.73,16.89,16.5,16.75,3092000,51408807.0,1.0446,0.0597,0,0
2025-01-22,sz.300847,16.73,16.75,16.55,16.63,2754450,45836206.0,0.9305,-0.7164,0,0
2025-01-23,sz.300847,16.8,16.99,16.68,16.69,4424700,74581725.0,1.4948,0.3608,0,0
2025-01-24,sz.300847,16.79,16.8,16.62,16.8,3702650,62018980.0,1.2509,0.6591,0,0
2025-01-27,sz.300847,16.88,16.96,16.59,16.59,3128800,52486264.0,1.057,-1.25,0,0
2025-02-05,sz.300847,16.65,16.83,16.65,16.72,2920400,48868757.0,0.9866,0.7836,0,0
2025-02-06,sz.300847,16.77,17.09,16.63,17.09,4188900,70835780.0,1.4151,2.2129,0,0
2025-02-07,sz.300847,17.18,17.33,16.93,17.13,5850200,100370263.0,1.9764,0.2341,0,0
2025-02-10,sz.300847,17.2,17.44,17.17,17.4,4910300,85112615.0,1.6588,1.5762,0,0
2025-02-11,sz.300847,17.4,17.42,17.17,17.3,3319383,57394448.4,1.1214,-0.5747,0,0
2025-02-12,sz.300847,17.26,17.37,17.21,17.33,4179100,72247224.5,1.4118,0.1734,0,0
2025-02-13,sz.300847,17.35,17.45,17.11,17.13,3593200,62108408.0,1.2139,-1.1541,0,0
2025-02-14,sz.300847,17.12,17.21,17.01,17.14,3313232,56696043.8,1.1193,0.0584,0,0
2025-02-17,sz.300847,17.15,17.29,17.1,17.21,3978695,68500176.75,1.3441,0.4084,0,0
2025-02-18,sz.300847,17.22,17.22,16.4,16.52,5283402,88901396.82,1.7849,-4.0093,0,0
2025-02-19,sz.300847,16.54,16.99,16.53,16.97,4385821,73824936.82,1.4816,2.724,0,0
2025-02-20,sz.300847,16.96,16.98,16.8,16.94,3365800,56889970.5,1.1371,-0.1768,0,0
2025-02-21,sz.300847,16.91,17.05,16.76,17.0,4656693,78778795.42,1.5732,0.3542,0,0
2025-02-24,sz.300847,17.1,17.26,16.99,17.2,5001350,85806369.5,1.6896,1.1765,0,0
2025-02-25,sz.300847,17.0,17.33,16.89,17.14,5208710,89367880.38,1.7596,-0.3488,0,0
2025-02-26,sz.300847,17.16,17.45,17.11,17.37,5170617,89371131.41,1.7468,1.3419,0,0
2025-02-27,sz.300847,17.25,17.53,17.06,17.4,6082317,105377447.25,2.0548,0.1727,0,0
2025-02-28,sz.300847,17.26,17.37,16.7,16.75,4440986,75505926.8,1.5003,-3.7356,0,0
2025-03-03,sz.300847,16.81,17.24,16.74,16.96,4284745,73109698.35,1.4475,1.2537,0,0
2025-03-04,sz.300847,16.85,17.75,16.85,17.67,8916274,155746561.34,3.0122,4.1863,0,0
2025-03-05,sz.300847,17.62,17.85,17.4,17.63,6325883,111191000.31,2.1371,-0.2264,0,0
2025-03-06,sz.300847,17.64,17.76,17.52,17.69,6517413,114944268.89,2.2018,0.3403,0,0
2025-03-07,sz.300847,17.65,17.97,17.46,17.56,6691550,118552096.67,2.2606,-0.7349,0,0
2025-03-10,sz.300847,17.5,17.88,17.48,17.67,5604300,99124998.0,1.8933,0.6264,0,0
2025-03-11,sz.300847,17.44,18.0,17.36,17.9,7655850,135934101.5,2.5863,1.3016,0,0
2025-03-12,sz.300847,17.75,17.95,17.71,17.82,5798200,103236795.0,1.9588,-0.4469,0,0
2025-03-13,sz.300847,17.77,18.13,17.49,18.04,8645716,153903170.82,2.9208,1.2346,0,0
2025-03-14,sz.300847,17.9,18.42,17.7,18.35,13142050,237777208.5,4.4397,1.7184,0,0
2025-03-17,sz.300847,18.25,18.72,18.15,18.17,11041802,203258704.07,3.7302,-0.9809,0,0
2025-03-18,sz.300847,18.18,18.29,17.99,18.02,7304450,132209574.5,2.4676,-0.8255,0,0
2025-03-19,sz.300847,18.0,18.11,17.82,17.88,4833366,86790396.02,1.6328,-0.7769,0,0
2025-03-20,sz.300847,17.88,18.31,17.75,18.04,6472316,117016441.3,2.1865,0.8949,0,0
2025-03-21,sz.300847,17.86,18.77,17.81,18.29,13822800,254751869.5,4.6697,1.3858,0,0
2025-03-24,sz.300847,18.24,18.24,17.18,17.61,11089879,195201512.72,3.7465,-3.7179,0,0
2025-03-25,sz.300847,17.46,17.95,17.31,17.67,6543227,115892310.95,2.2105,0.3407,0,0
2025-03-26,sz.300847,17.6,17.92,17.51,17.7,4502900,80036636.0,1.5212,0.1698,0,0
2025-03-27,sz.300847,17.61,17.77,17.15,17.56,5216800,91234830.0,1.7624,-0.791,0,0
2025-03-28,sz.300847,17.49,17.72,17.13,17.21,4619900,80045780.0,1.5607,-1.9932,0,0
2025-03-31,sz.300847,17.17,17.17,16.53,16.87,3926150,65895420.5,1.3264,-1.9756,0,0
2025-04-01,sz.300847,16.97,17.35,16.78,17.17,3692900,63524278.0,1.2476,1.7783,0,0
2025-04-02,sz.300847,17.15,17.28,17.02,17.13,2537400,43516440.0,0.8572,-0.233,0,0
2025-04-03,sz.300847,16.93,17.21,16.87,17.06,2329350,39676914.5,0.7869,-0.4086,0,0
2025-04-07,sz.300847,16.0,16.35,13.65,13.81,9242364,135575763.66,3.1223,-19.0504,0,0
2025-04-08,sz.300847,14.14,15.0,14.14,14.81,8965650,131377054.0,3.0288,7.2411,0,0
2025-04-09,sz.300847,15.0,17.66,14.83,16.95,21235630,350887625.35,7.174,14.4497,0,0
2025-04-10,sz.300847,16.25,17.28,16.25,16.55,20168915,338443529.4,6.8136,-2.3599,0,0
2025-04-11,sz.300847,16.27,16.5,16.06,16.12,10417215,169098927.25,3.5192,-2.5982,0,0
2025-04-14,sz.300847,16.25,16.41,16.15,16.31,7091704,115534782.44,2.3958,1.1787,0,0
2025-04-15,sz.300847,16.26,16.28,15.92,15.99,4976050,79653951.5,1.681,-1.962,0,0
2025-04-16,sz.300847,15.93,16.17,15.41,15.72,4773999,75237150.89,1.6128,-1.6886,0,0
2025-04-17,sz.300847,15.62,15.97,15.59,15.72,4126649,65168340.67,1.3941,0.0,0,0
2025-04-18,sz.300847,15.6,15.8,15.53,15.63,2904500,45434643.0,0.9812,-0.5725,0,0
2025-04-21,sz.300847,15.54,15.88,15.54,15.83,3412400,53796572.0,1.1528,1.2796,0,0
2025-04-22,sz.300847,15.86,15.96,15.68,15.88,3745600,59261851.0,1.2654,0.3159,0,0
2025-04-23,sz.300847,16.13,16.13,15.83,15.92,3872800,61700535.5,1.3083,0.2519,0,0
2025-04-24,sz.300847,15.97,15.99,15.46,15.63,4352700,68201297.0,1.4705,-1.8216,0,0
2025-04-25,sz.300847,15.65,15.76,15.44,15.63,3062100,47787931.0,1.0345,0.0,0,0
2025-04-28,sz.300847,15.5,15.66,15.34,15.49,2539729,39269978.86,0.858,-0.8957,0,0
2025-04-29,sz.300847,15.41,15.71,15.33,15.62,2505801,39131199.03,0.8465,0.8393,0,0
2025-04-30,sz.300847,15.63,15.86,15.6,15.71,2588000,40682875.72,0.8743,0.5762,0,0
2025-05-06,sz.300847,15.8,16.16,15.75,16.06,4346500,69444315.5,1.4684,2.2279,0,0
2025-05-07,sz.300847,16.23,16.63,16.1,16.3,9495635,154966467.88,3.2079,1.4944,0,0
2025-05-08,sz.300847,16.18,16.63,16.16,16.57,6773769,111302288.24,2.2884,1.6564,0,0
2025-05-09,sz.300847,16.54,17.65,16.41,16.88,14885110,253049082.9,5.0286,1.8709,0,0
2025-05-12,sz.300847,16.72,18.21,16.58,17.58,20656802,362298475.1,6.9784,4.1469,0,0
2025-05-13,sz.300847,17.58,17.65,16.97,17.03,13188616,227276411.38,4.4555,-3.1286,0,0
2025-05-14,sz.300847,16.91,17.03,16.71,16.85,7009602,118056862.16,2.368,-1.057,0,0
2025-05-15,sz.300847,16.79,16.88,16.55,16.58,4682000,77921691.0,1.5817,-1.6024,0,0
2025-05-16,sz.300847,16.6,16.86,16.46,16.51,4485750,74556939.0,1.5154,-0.4222,0,0
2025-05-19,sz.300847,16.5,16.88,16.41,16.7,4963600,82602675.0,1.6768,1.1508,0,0
2025-05-20,sz.300847,16.7,16.79,16.57,16.72,3686376,61514076.96,1.2454,0.1198,0,0
2025-05-21,sz.300847,16.63,16.69,16.44,16.56,3076726,50889878.46,1.0394,-0.9569,0,0
2025-05-22,sz.300847,16.55,16.6,16.28,16.35,3095650,50849064.5,1.0458,-1.2681,0,0
2025-05-23,sz.300847,16.33,16.55,16.15,16.18,3593100,58815270.0,1.2138,-1.0398,0,0
2025-05-26,sz.300847,16.18,16.47,16.11,16.46,2902150,47420150.5,0.9804,1.7305,0,0
2025-05-27,sz.300847,16.43,16.58,16.25,16.54,2785986,45750326.7,0.9412,0.486,0,0
2025-05-28,sz.300847,16.53,16.66,16.38,16.42,2922000,48261616.0,0.9871,-0.7255,0,0
2025-05-29,sz.300847,16.43,16.59,16.38,16.55,4334350,71603640.0,1.4643,0.7917,0,0
2025-05-30,sz.300847,16.41,16.43,16.23,16.28,3128300,51097387.0,1.0568,-0.7922,0,0
2025-06-03,sz.300847,16.23,16.45,16.2,16.41,3840400,62807039.0,1.2974,0.7985,0,0
2025-06-04,sz.300847,16.4,16.54,16.34,16.48,3402051,55936156.41,1.1493,0.4266,0,0
2025-06-05,sz.300847,16.48,16.51,16.25,16.46,2974899,48773571.15,1.005,-0.1214,0,0
2025-06-06,sz.300847,16.46,16.57,16.32,16.41,2856100,46929226.46,0.9649,-0.3038,0,0
2025-06-09,sz.300847,16.39,16.55,16.35,16.55,3415619,56360251.26,1.1539,0.8531,0,0
2025-06-10,sz.300847,16.57,16.58,16.06,16.28,4139765,67557623.55,1.3985,-1.6314,0,0
2025-06-11,sz.300847,16.28,16.48,16.24,16.41,2851612,46785749.04,0.9633,0.7985,0,0
2025-06-12,sz.300847,16.4,16.46,16.21,16.31,2516136,41086285.94,0.85,-0.6094,0,0
2025-06-13,sz.300847,16.26,16.6,16.26,16.46,7120436,117391165.06,2.4055,0.9197,0,0
2025-06-16,sz.300847,16.54,16.68,16.31,16.61,5449323,90175478.9,1.8409,0.9113,0,0
2025-06-17,sz.300847,16.55,16.77,16.45,16.77,5672199,94475704.87,1.9162,0.9633,0,0
2025-06-18,sz.300847,16.72,16.87,16.63,16.73,5837736,97740600.56,1.9721,-0.2385,0,0
2025-06-19,sz.300847,16.71,17.56,16.21,17.05,15725237,265623295.03,5.3124,1.9127,0,0
2025-06-20,sz.300847,16.78,17.56,16.48,17.45,20121324,346147604.18,6.7975,2.346,0,0
2025-06-23,sz.300847,17.11,17.49,17.05,17.4,12948192,223733200.25,4.3742,-0.2865,0,0
2025-06-24,sz.300847,17.03,17.36,16.77,17.15,12623358,214056301.16,4.2645,-1.4368,0,0
2025-06-25,sz.300847,17.13,17.79,17.03,17.71,17353354,305044157.07,5.8624,3.2653,0,0
2025-06-26,sz.300847,17.51,18.47,17.47,17.62,22565639,405986771.88,7.6233,-0.5082,0,0
2025-06-27,sz.300847,17.62,17.85,17.4,17.5,12492753,219595940.13,4.2204,-0.681,0,0
2025-06-30,sz.300847,17.5,17.92,17.46,17.81,11135774,198075385.1,3.762,1.7714,0,0
2025-07-01,sz.300847,17.77,19.95,17.66,18.95,30342810,572348794.37,10.2506,6.4009,0,0
2025-07-02,sz.300847,18.95,19.95,18.2,18.54,31557628,601801374.28,10.661,-2.1636,0,0
2025-07-03,sz.300847,18.26,18.86,18.08,18.21,18728068,343216525.94,6.3268,-1.7799,0,0
2025-07-04,sz.300847,18.1,18.24,17.51,17.58,13120100,232517933.0,4.4323,-3.4596,0,0
2025-07-07,sz.300847,17.58,21.1,17.55,21.1,65207457,1351106857.93,22.0288,20.0228,1,0
2025-07-08,sz.300847,20.42,22.02,19.88,21.95,69122909,1447449252.06,23.3515,4.0284,0,0
2025-07-09,sz.300847,21.3,22.17,20.45,20.74,49430097,1047984088.9,16.6988,-5.5125,0,0
2025-07-10,sz.300847,20.35,21.81,19.89,21.5,50282602,1057316185.68,16.9868,3.6644,0,0
2025-07-11,sz.300847,20.54,22.99,20.4,21.45,50722654,1097461877.08,17.1355,-0.2326,0,0
2025-07-14,sz.300847,20.7,21.18,20.47,20.52,28144699,583540584.97,9.508,-4.3357,0,0
2025-07-15,sz.300847,20.26,20.8,19.28,19.55,27439653,542150613.48,9.2698,-4.7271,0,0
2025-07-16,sz.300847,19.53,19.93,19.3,19.59,17184835,336505215.14,5.8055,0.2046,0,0
2025-07-17,sz.300847,19.45,19.74,19.32,19.66,16042337,313203713.8,5.4195,0.3573,0,0
2025-07-18,sz.300847,19.55,19.84,19.38,19.69,14504331,284612108.79,4.8999,0.1526,0,0
2025-07-21,sz.300847,19.71,19.99,19.62,19.94,15853236,314014048.54,5.3556,1.2697,0,0
2025-07-22,sz.300847,19.75,20.99,19.7,20.47,26573698,540014453.68,8.9773,2.658,0,0
2025-07-23,sz.300847,20.14,20.15,19.2,19.31,20463000,401908162.6,6.9129,-5.6668,0,0
2025-07-24,sz.300847,19.33,19.56,19.23,19.53,9963424,193198631.52,3.3659,1.1393,0,0
2025-07-25,sz.300847,19.41,19.6,19.2,19.42,9957018,192440922.58,3.3637,-0.5632,0,0
2025-07-28,sz.300847,19.41,19.68,19.3,19.62,10012500,195922995.5,3.3825,1.0299,0,0
2025-07-29,sz.300847,19.53,20.38,19.51,20.31,23552989,474740306.53,7.9568,3.5168,0,0
2025-07-30,sz.300847,20.24,20.75,20.06,20.41,21335454,434171270.58,7.2077,0.4924,0,0
2025-07-31,sz.300847,20.0,20.22,19.59,19.6,16357450,324754230.8,5.526,-3.9686,0,0
2025-08-01,sz.300847,19.75,19.75,18.78,19.03,14943800,284951822.0,5.0484,-2.9082,0,0
2025-08-04,sz.300847,18.91,19.68,18.9,19.66,12070218,235172887.9,4.0776,3.3106,0,0
2025-08-05,sz.300847,19.75,20.21,19.72,20.0,13956618,278161007.52,4.7149,1.7294,0,0
2025-08-06,sz.300847,19.97,20.97,19.96,20.56,25120319,517711787.54,8.4863,2.8,0,0
2025-08-07,sz.300847,20.51,20.6,20.1,20.35,15005700,304428676.0,5.0693,-1.0214,0,0
2025-08-08,sz.300847,20.21,20.95,20.21,20.62,19232223,397045267.4,6.4972,1.3268,0,0
2025-08-11,sz.300847,20.43,20.67,20.21,20.45,13235426,270200356.66,4.4713,-0.8244,0,0
2025-08-12,sz.300847,20.44,21.16,20.15,20.63,16840232,346770875.56,5.6891,0.8802,0,0
2025-08-13,sz.300847,20.43,21.16,20.41,20.9,20698299,431402287.49,6.9924,1.3088,0,0
2025-08-14,sz.300847,20.54,20.7,19.85,19.85,19085250,383763328.0,6.4475,-5.0239,0,0
2025-08-15,sz.300847,19.9,19.95,19.76,19.82,11593400,230036412.4,3.9166,-0.1511,0,0
2025-08-18,sz.300847,19.82,20.49,19.81,20.37,16071577,325755398.87,5.4294,2.775,0,0
2025-08-19,sz.300847,20.51,20.76,20.09,20.18,13065750,265499232.0,4.414,-0.9327,0,0
2025-08-20,sz.300847,20.01,20.07,19.61,20.02,11807000,234418959.0,3.9887,-0.7929,0,0
2025-08-21,sz.300847,20.01,20.04,19.55,19.71,9739634,192999669.1,3.2903,-1.5485,0,0
2025-08-22,sz.300847,19.74,19.85,19.49,19.84,8345510,164340752.9,2.8193,0.6596,0,0
2025-08-25,sz.300847,19.84,20.14,19.75,20.14,12690000,253836377.0,4.287,1.5121,0,0
2025-08-26,sz.300847,20.1,20.1,19.72,19.88,8072010,160488403.9,2.7269,-1.291,0,0
2025-08-27,sz.300847,19.81,19.88,19.08,19.09,11361400,221719107.36,3.8382,-3.9738,0,0
2025-08-28,sz.300847,19.1,19.29,18.28,19.14,10642050,200623431.8,3.5952,0.2619,0,0
2025-08-29,sz.300847,19.0,19.28,18.83,19.15,7518591,143327586.2,2.54,0.0522,0,0
2025-09-01,sz.300847,19.15,19.28,18.9,19.1,6377482,121490813.0,2.1545,-0.2611,0,0
2025-09-02,sz.300847,19.08,19.08,18.45,18.74,6389550,119291166.0,2.1586,-1.8848,0,0
2025-09-03,sz.300847,18.79,18.86,17.8,17.84,7565141,137786532.63,2.5557,-4.8026,0,0
2025-09-04,sz.300847,17.85,17.99,17.44,17.68,6212690,110379757.9,2.0988,-0.8969,0,0
2025-09-05,sz.300847,17.78,17.99,17.63,17.98,4538565,81138848.25,1.5332,1.6968,0,0
2025-09-08,sz.300847,17.91,18.19,17.85,18.15,4744465,85637990.0,1.6028,0.9455,0,0
2025-09-09,sz.300847,18.15,18.15,17.72,17.85,4528790,81085172.2,1.5299,-1.6529,0,0
2025-09-10,sz.300847,17.72,17.95,17.72,17.77,2795840,49849041.4,0.9445,-0.4482,0,0
2025-09-11,sz.300847,17.88,18.12,17.67,18.07,4820200,86354683.5,1.6284,1.6882,0,0
2025-09-12,sz.300847,18.04,18.23,17.99,18.09,4763250,86298487.5,1.6092,0.1107,0,0
2025-09-15,sz.300847,18.06,18.35,17.95,18.26,5625150,102132191.5,1.9003,0.9397,0,0
2025-09-16,sz.300847,18.19,18.19,17.87,18.15,5552300,100222293.5,1.8757,-0.6024,0,0
2025-09-17,sz.300847,18.15,18.25,17.98,18.07,4988750,90381257.5,1.6853,-0.4408,0,0
2025-09-18,sz.300847,18.06,18.07,17.35,17.54,7086618,126278676.47,2.394,-2.933,0,0
2025-09-19,sz.300847,17.5,17.78,17.44,17.49,3848350,67672398.0,1.3001,-0.2851,0,0
2025-09-22,sz.300847,17.55,17.56,17.3,17.43,3444650,59965885.5,1.1637,-0.3431,0,0
2025-09-23,sz.300847,17.5,17.6,16.84,17.22,5492800,93880716.0,1.8556,-1.2048,0,0
2025-09-24,sz.300847,17.19,17.53,17.08,17.45,4052000,70477640.0,1.3689,1.3357,0,0
2025-09-25,sz.300847,17.48,17.52,17.24,17.24,3554050,61754305.5,1.2007,-1.2034,0,0
2025-09-26,sz.300847,17.26,17.63,17.13,17.32,4299600,74835987.0,1.4525,0.464,0,0
2025-09-29,sz.300847,17.25,17.46,17.04,17.37,3735300,64563894.0,1.2619,0.2887,0,0
2025-09-30,sz.300847,17.44,17.74,17.39,17.61,4750800,83560312.0,1.6049,1.3817,0,0
2025-10-09,sz.300847,17.61,17.69,17.42,17.69,4584798,80681167.18,1.5489,0.4543,0,0
2025-10-10,sz.300847,17.61,17.95,17.57,17.8,5483948,97889430.22,1.8526,0.6218,0,0
2025-10-13,sz.300847,17.17,17.76,16.96,17.63,4462000,78057757.0,1.5074,-0.9551,0,0
2025-10-14,sz.300847,17.64,18.3,17.63,17.96,9039150,162342566.0,3.0537,1.8718,0,0
2025-10-15,sz.300847,17.8,17.9,17.5,17.86,5812500,102964879.0,1.9636,-0.5568,0,0
2025-10-16,sz.300847,17.8,17.89,17.39,17.43,4779400,84125650.0,1.6146,-2.4076,0,0
2025-10-17,sz.300847,17.39,17.55,17.07,17.08,3589598,62044229.72,1.2127,-2.008,0,0
2025-10-20,sz.300847,17.31,17.4,17.03,17.18,2980500,51259889.0,1.0069,0.5855,0,0
2025-10-21,sz.300847,17.22,17.74,17.2,17.69,5707201,100318652.03,1.928,2.9686,0,0
2025-10-22,sz.300847,17.68,18.05,17.56,17.78,5817475,103625793.0,1.9653,0.5088,0,0
2025-10-23,sz.300847,17.64,17.91,17.53,17.88,3594200,63509101.0,1.2142,0.5624,0,0
2025-10-24,sz.300847,17.89,17.99,17.73,17.81,4800350,85586215.5,1.6217,-0.3915,0,0
2025-10-27,sz.300847,17.8,17.98,17.75,17.95,4488100,80237731.0,1.5162,0.7861,0,0
2025-10-28,sz.300847,17.94,18.31,17.83,18.17,8448850,153167025.0,2.8542,1.2256,0,0
2025-10-29,sz.300847,18.03,18.06,17.82,18.04,5439900,97614230.0,1.8377,-0.7155,0,0
2025-10-30,sz.300847,17.99,17.99,17.76,17.77,3870150,69096315.0,1.3074,-1.4967,0,0
2025-10-31,sz.300847,17.77,17.86,17.71,17.82,3459721,61630175.04,1.1688,0.2814,0,0
2025-11-03,sz.300847,17.8,18.1,17.73,18.1,5384000,96594680.4,1.8189,1.5713,0,0
2025-11-04,sz.300847,18.01,18.31,17.96,18.22,7048250,128019209.0,2.3811,0.663,0,0
2025-11-05,sz.300847,18.0,18.5,17.94,18.35,7238500,132104528.0,2.4454,0.7135,0,0
2025-11-06,sz.300847,18.45,18.48,18.15,18.19,6028050,109804954.5,2.0364,-0.8719,0,0
2025-11-07,sz.300847,18.12,18.45,18.03,18.11,6053746,110451462.26,2.0451,-0.4398,0,0
2025-11-10,sz.300847,18.09,18.1,17.86,17.99,4272100,76692808.0,1.4432,-0.6626,0,0
2025-11-11,sz.300847,17.99,18.1,17.91,17.95,3365300,60526836.0,1.1369,-0.2223,0,0
2025-11-12,sz.300847,17.9,17.94,17.58,17.72,4089400,72470285.0,1.3815,-1.2813,0,0
2025-11-13,sz.300847,17.76,17.89,17.59,17.77,3184100,56561176.0,1.0757,0.2822,0,0
2025-11-14,sz.300847,17.78,18.04,17.71,17.75,3289400,58787164.0,1.1112,-0.1125,0,0
2025-11-17,sz.300847,18.21,18.39,17.88,17.92,7473600,135410503.0,2.5248,0.9577,0,0
2025-11-18,sz.300847,17.87,17.99,17.38,17.49,6011750,105508171.5,2.0309,-2.3996,0,0
2025-11-19,sz.300847,17.51,19.08,17.45,18.67,23732701,440237359.13,8.0175,6.7467,0,0
2025-11-20,sz.300847,18.57,18.78,18.21,18.41,12683834,234768811.3,4.2849,-1.3926,0,0
2025-11-21,sz.300847,18.25,20.14,17.81,19.32,35758521,689561334.78,12.0802,4.943,0,0
2025-11-24,sz.300847,19.3,21.0,19.03,20.59,45860294,920855329.22,15.4928,6.5735,0,0
2025-11-25,sz.300847,19.5,19.9,19.19,19.79,30363308,594747137.29,10.2575,-3.8854,0,0
2025-11-26,sz.300847,19.41,19.41,18.57,18.61,22283242,418614205.77,7.5279,-5.9626,0,0
2025-11-27,sz.300847,18.42,18.77,18.31,18.67,13453703,249630016.66,4.545,0.3224,0,0
2025-11-28,sz.300847,18.52,18.75,18.43,18.71,10603650,197282743.0,3.5822,0.2142,0,0
2025-12-01,sz.300847,18.45,18.69,18.34,18.44,11722700,216634677.0,3.9602,-1.4431,0,0
2025-12-02,sz.300847,18.36,18.64,18.08,18.12,12236050,224450086.5,4.1337,-1.7354,0,0
2025-12-03,sz.300847,18.0,18.12,17.56,17.69,10964400,194754072.5,3.7041,-2.3731,0,0
2025-12-04,sz.300847,17.6,17.72,17.16,17.2,10218600,176736969.0,3.4521,-2.7699,0,0
2025-12-05,sz.300847,17.26,17.54,17.11,17.51,7514950,130523453.5,2.5387,1.8023,0,0
2025-12-08,sz.300847,17.58,18.02,17.46,17.69,8101000,143935610.5,2.7367,1.028,0,0
2025-12-09,sz.300847,17.64,18.0,17.52,17.57,8101700,143894956.0,2.737,-0.6783,0,0
2025-12-10,sz.300847,17.47,17.72,17.27,17.45,6382501,111560932.69,2.1562,-0.683,0,0
2025-12-11,sz.300847,17.42,17.43,16.85,16.85,7613200,130221831.0,2.5719,-3.4384,0,0
2025-12-12,sz.300847,16.86,17.21,16.82,17.03,5289500,90197754.0,1.7869,1.0682,0,0
2025-12-15,sz.300847,16.95,17.17,16.7,16.95,4565510,77396778.5,1.5423,-0.4698,0,0
2025-12-16,sz.300847,16.94,16.95,16.51,16.57,5687850,94562304.5,1.9215,-2.2419,0,0
2025-12-17,sz.300847,16.54,16.66,16.18,16.52,5285360,86563488.1,1.7855,-0.3018,0,0
2025-12-18,sz.300847,16.42,16.75,16.35,16.63,4076500,67861673.0,1.3771,0.6659,0,0
2025-12-19,sz.300847,16.58,16.95,16.58,16.89,3832210,64448256.8,1.2946,1.5634,0,0
2025-12-22,sz.300847,16.85,17.05,16.85,16.92,3774024,64009197.6,1.275,0.1776,0,0
2025-12-23,sz.300847,16.93,16.97,16.69,16.78,3206700,53909411.5,1.0833,-0.8274,0,0
2025-12-24,sz.300847,16.8,17.05,16.75,17.02,3732400,63258218.5,1.2609,1.4303,0,0
2025-12-25,sz.300847,17.05,17.16,16.99,17.12,4038400,69039224.0,1.3643,0.5875,0,0
2025-12-26,sz.300847,17.08,17.23,16.93,17.03,4365037,74557299.41,1.4746,-0.5257,0,0
2025-12-29,sz.300847,17.01,17.15,16.97,17.05,3801950,64865288.0,1.2844,0.1174,0,0
2025-12-30,sz.300847,17.05,17.16,16.94,16.96,4225050,72091504.0,1.4273,-0.5279,0,0
2025-12-31,sz.300847,16.97,17.18,16.85,17.14,4787900,81627926.0,1.6175,1.0613,0,0
2026-01-05,sz.300847,17.18,17.58,17.12,17.35,7498822,130051622.48,2.5333,1.2252,0,0
2026-01-06,sz.300847,17.36,17.5,17.28,17.5,6609672,114991519.8,2.2329,0.8646,0,0
2026-01-07,sz.300847,17.5,17.55,17.28,17.32,5139400,89255102.78,1.7362,-1.0286,0,0
2026-01-08,sz.300847,17.3,17.87,17.23,17.85,11516050,203662866.0,3.8904,3.06,0,0
2026-01-09,sz.300847,17.83,18.36,17.83,18.16,14390324,260701870.34,4.8614,1.7367,0,0
2026-01-12,sz.300847,18.17,18.71,18.12,18.63,13625900,252418880.0,4.6032,2.5881,0,0
2026-01-13,sz.300847,18.63,18.63,17.91,17.95,10726114,194824411.88,3.6236,-3.65,0,0
2026-01-14,sz.300847,18.07,18.37,17.8,18.06,9485474,171746775.24,3.2044,0.6128,0,0
2026-01-15,sz.300847,18.06,18.2,17.87,18.01,6336490,114137578.1,2.1406,-0.2769,0,0
2026-01-16,sz.300847,18.05,18.07,17.8,17.87,4813800,86218226.0,1.6262,-0.7773,0,0
2026-01-19,sz.300847,17.83,18.16,17.78,18.13,5516100,99424942.5,1.8635,1.455,0,0
2026-01-20,sz.300847,18.18,18.24,17.75,17.86,6429150,115396975.0,2.1719,-1.4892,0,0
2026-01-21,sz.300847,17.85,17.93,17.71,17.89,4422250,78975812.0,1.494,0.168,0,0
2026-01-22,sz.300847,17.95,18.42,17.89,18.33,9917750,180778284.5,3.3505,2.4595,0,0
2026-01-23,sz.300847,18.3,18.33,18.17,18.27,7788122,141923543.4,2.631,-0.3273,0,0
2026-01-26,sz.300847,18.36,18.46,17.91,18.12,7382200,134260673.5,2.4939,-0.821,0,0
2026-01-27,sz.300847,18.01,18.09,17.45,18.04,6461250,114861585.5,2.1828,-0.4415,0,0
2026-01-28,sz.300847,17.92,18.18,17.73,17.78,4615500,82639565.5,1.5592,-1.4412,0,0
2026-01-29,sz.300847,17.74,17.87,17.42,17.56,5263350,92759480.0,1.7781,-1.2373,0,0
2026-01-30,sz.300847,17.56,17.67,17.12,17.38,4201700,72817705.0,1.4194,-1.0251,0,0
2026-02-02,sz.300847,17.31,17.74,17.21,17.21,5018096,87946683.31,1.6952,-0.9781,0,0
2026-02-03,sz.300847,17.33,17.6,17.29,17.55,3631200,63411172.0,1.2267,1.9756,0,0
2026-02-04,sz.300847,17.5,18.29,17.46,17.98,10393349,187169160.65,3.5111,2.4501,0,0
2026-02-05,sz.300847,17.81,18.14,17.8,17.88,6787850,122101803.5,2.2931,-0.5562,0,0
2026-02-06,sz.300847,17.77,17.98,17.63,17.75,4713800,84040759.0,1.5924,-0.7271,0,0
2026-02-09,sz.300847,17.96,18.14,17.8,18.01,5429150,97681652.0,1.8341,1.4648,0,0
2026-02-10,sz.300847,18.01,18.62,17.93,18.37,11084000,203339267.0,3.7445,1.9989,0,0
2026-02-11,sz.300847,18.33,18.49,18.13,18.27,6543500,119841311.0,2.2106,-0.5444,0,0
2026-02-12,sz.300847,18.22,18.45,17.9,18.19,5750748,104479270.74,1.9428,-0.4379,0,0
2026-02-13,sz.300847,18.1,18.56,18.08,18.39,9164000,168919055.0,3.0958,1.0995,0,0
2026-02-24,sz.300847,18.44,18.94,18.33,18.73,9965985,186037734.02,3.3668,1.8488,0,0
2026-02-25,sz.300847,18.57,18.95,18.54,18.79,9032648,169469176.34,3.0515,0.3203,0,0
2026-02-26,sz.300847,18.78,18.94,18.6,18.83,7091650,133312773.5,2.3957,0.2129,0,0
2026-02-27,sz.300847,18.83,18.99,18.73,18.89,7305100,137726283.0,2.4679,0.3186,0,0
2026-03-02,sz.300847,18.79,18.82,18.18,18.45,7803074,144563136.92,2.6361,-2.3293,0,0
2026-03-03,sz.300847,18.53,18.73,17.72,17.75,7321550,133274865.0,2.4734,-3.794,0,0
2026-03-04,sz.300847,17.6,18.05,17.33,17.9,6398150,113821047.5,2.1615,0.8451,0,0
2026-03-05,sz.300847,18.08,18.23,17.68,17.82,5029400,90163136.5,1.6991,-0.4469,0,0
2026-03-06,sz.300847,17.72,18.31,17.68,18.18,5444568,98720192.34,1.8393,2.0202,0,0
2026-03-09,sz.300847,18.01,18.07,17.46,17.68,6172998,109172620.8,2.0854,-2.7503,0,0
2026-03-10,sz.300847,17.7,18.05,17.7,18.0,4614748,82679317.06,1.559,1.81,0,0
2026-03-11,sz.300847,18.1,18.16,17.78,18.06,6253800,112461094.5,2.1127,0.3333,0,0
2026-03-12,sz.300847,18.12,18.12,17.32,17.5,10357400,182265297.52,3.499,-3.1008,0,0
2026-03-13,sz.300847,17.55,17.69,17.1,17.18,8236900,143690475.84,2.7826,-1.8286,0,0
2026-03-16,sz.300847,17.0,17.23,16.91,17.12,4803150,81925743.66,1.6226,-0.3492,0,0
2026-03-17,sz.300847,17.2,17.2,16.68,16.7,4823330,81673472.11,1.6294,-2.4533,0,0
2026-03-18,sz.300847,16.78,16.82,16.57,16.81,3157431,52662412.29,1.0667,0.6587,0,0
2026-03-19,sz.300847,16.51,16.7,16.28,16.35,3614250,59482652.0,1.221,-2.7365,0,0
2026-03-20,sz.300847,16.43,16.48,16.0,16.02,4611250,74678510.5,1.5578,-2.0183,0,0
2026-03-23,sz.300847,15.6,15.88,14.87,15.88,7224250,110736020.05,2.4405,-0.8739,0,0
2026-03-24,sz.300847,15.73,15.73,15.25,15.68,8729471,135150857.81,2.949,-1.2594,0,0
2026-03-25,sz.300847,15.56,16.02,15.55,16.02,7280101,114597326.5,2.4594,2.1684,0,0
2026-03-26,sz.300847,15.8,15.96,15.42,15.45,4767218,74489234.4,1.6105,-3.5581,0,0
2026-03-27,sz.300847,15.18,15.68,15.15,15.68,3664586,56748786.61,1.238,1.4887,0,0
2026-03-30,sz.300847,15.38,15.67,15.34,15.66,2467490,38390741.6,0.8336,-0.1276,0,0
2026-03-31,sz.300847,15.66,15.8,15.38,15.39,3792877,59218857.13,1.2813,-1.7241,0,0
2026-04-01,sz.300847,15.59,15.66,15.47,15.64,2979200,46371552.0,1.0065,1.6244,0,0
2026-04-02,sz.300847,15.63,15.75,15.36,15.4,3063700,47494734.0,1.035,-1.5345,0,0
2026-04-03,sz.300847,15.5,15.55,15.2,15.21,2508981,38458401.35,0.8476,-1.2338,0,0
2026-04-07,sz.300847,15.21,15.49,15.13,15.4,2383237,36613049.68,0.8051,1.2492,0,0
2026-04-08,sz.300847,15.7,15.84,15.61,15.83,4773850,75140288.94,1.6127,2.7922,0,0
2026-04-09,sz.300847,15.7,15.75,15.55,15.61,2875100,44960319.0,0.9713,-1.3898,0,0
2026-04-10,sz.300847,15.69,15.89,15.65,15.79,4202150,66480500.5,1.4196,1.1531,0,0
2026-04-13,sz.300847,15.69,15.81,15.62,15.73,2685222,42163566.4,0.9071,-0.38,0,0
2026-04-14,sz.300847,15.85,15.92,15.66,15.84,2760772,43529671.04,0.9327,0.6993,0,0
2026-04-15,sz.300847,15.84,15.88,15.61,15.62,3273550,51491462.0,1.1059,-1.3889,0,0
2026-04-16,sz.300847,15.67,15.84,15.57,15.82,3582090,56280872.9,1.2101,1.2804,0,0
2026-04-17,sz.300847,15.77,15.8,15.56,15.72,2840222,44490889.54,0.9595,-0.6321,0,0
2026-04-20,sz.300847,15.66,16.19,15.66,16.0,4793442,76388707.32,1.6194,1.7812,0,0
2026-04-21,sz.300847,15.92,16.08,15.75,15.87,3501400,55556362.5,1.1829,-0.8125,0,0
2026-04-22,sz.300847,15.75,15.87,15.68,15.85,2396676,37784849.16,0.8097,-0.126,0,0
2026-04-23,sz.300847,15.8,16.33,15.8,16.19,8491100,137203485.0,2.8685,2.1451,0,0
2026-04-24,sz.300847,16.03,16.06,15.59,15.8,6107400,96148422.0,2.0632,-2.4089,0,0
2026-04-27,sz.300847,15.62,15.87,15.48,15.85,3280650,51492338.51,1.1083,0.3165,0,0
2026-04-28,sz.300847,15.77,16.2,15.75,15.85,4590100,73423477.0,1.5507,0.0,0,0
2026-04-29,sz.300847,15.72,16.01,15.67,15.99,3150500,50055909.0,1.0643,0.8833,0,0
2026-04-30,sz.300847,15.99,16.3,15.95,16.08,3662129,58957344.03,1.2372,0.5629,0,0
2026-05-06,sz.300847,16.25,16.25,16.01,16.13,3473768,55978338.16,1.1735,0.3109,0,0
2026-05-07,sz.300847,16.17,16.3,16.07,16.25,3343350,54161784.0,1.1295,0.744,0,0
2026-05-08,sz.300847,16.25,16.53,16.15,16.49,4278150,70179508.5,1.4453,1.4769,0,0
2026-05-11,sz.300847,16.46,16.58,16.34,16.58,3942657,64784260.5,1.3319,0.5458,0,0
2026-05-12,sz.300847,16.58,16.58,16.17,16.25,3652150,59513241.0,1.2338,-1.9903,0,0
2026-05-13,sz.300847,16.29,16.4,16.18,16.38,2742850,44758035.5,0.9266,0.8,0,0
2026-05-14,sz.300847,16.32,16.36,15.88,15.88,3860700,62053841.0,1.3042,-3.0525,0,0
2026-05-15,sz.300847,15.9,16.2,15.87,15.93,2828100,45284137.0,0.9554,0.3149,0,0
2026-05-18,sz.300847,15.89,16.02,15.69,15.82,2853199,45069188.31,0.9639,-0.6905,0,0
2026-05-19,sz.300847,15.79,15.97,15.69,15.9,2210750,35003118.0,0.7468,0.5057,0,0
2026-05-20,sz.300847,15.87,15.88,15.42,15.53,3281205,51053197.91,1.1085,-2.327,0,0
2026-05-21,sz.300847,15.56,15.77,15.11,15.21,3199029,49656344.5,1.0807,-2.0605,0,0
2026-05-22,sz.300847,15.22,15.5,15.12,15.43,2804050,42913070.5,0.9473,1.4464,0,0
2026-05-25,sz.300847,15.53,15.55,15.12,15.3,1970050,30123371.88,0.6655,-0.8425,0,0
2026-05-26,sz.300847,15.17,15.17,14.66,14.82,3102058,46049377.42,1.048,-2.3715,0,0
2026-05-27,sz.300847,14.89,14.97,14.3,14.46,3204994,46466040.36,1.0827,-2.4291,0,0
2026-05-28,sz.300847,14.5,14.73,14.33,14.6,2613710,38086225.97,0.883,0.9682,0,0
2026-05-29,sz.300847,14.55,14.81,14.28,14.3,2730329,39569276.03,0.9224,-2.0548,0,0
2026-06-01,sz.300847,14.48,14.83,14.33,14.62,2463495,36107418.25,0.8322,2.2378,0,0
2026-06-02,sz.300847,14.71,14.82,14.42,14.59,2774600,40506859.0,0.9373,-0.2052,0,0
2026-06-03,sz.300847,14.39,14.54,14.3,14.4,2367300,34105242.5,0.7997,-1.3023,0,0
2026-06-04,sz.300847,14.31,15.45,14.31,15.12,7912754,119426615.56,2.6731,5.0,0,0
2026-06-05,sz.300847,14.8,15.04,14.65,14.94,5027050,74534341.0,1.6983,-1.1905,0,0
2026-06-08,sz.300847,14.7,14.75,14.17,14.32,3965050,57296938.5,1.3395,-4.1499,0,0
2026-06-09,sz.300847,14.31,14.45,14.08,14.45,2421300,34441016.0,0.818,0.9078,0,0
2026-06-10,sz.300847,14.22,14.49,14.1,14.18,1915500,27267718.0,0.6471,-1.8685,0,0
2026-06-11,sz.300847,14.03,14.12,13.65,13.8,2793162,38561181.88,0.9436,-2.6798,0,0
2026-06-12,sz.300847,13.9,14.39,13.9,14.16,2797816,39671513.08,0.9452,2.6087,0,0
2026-06-15,sz.300847,14.16,14.37,14.12,14.25,2009300,28594583.0,0.6788,0.6356,0,0
2026-06-16,sz.300847,14.28,14.29,14.1,14.19,1781750,25265821.0,0.6019,-0.4211,0,0
2026-06-17,sz.300847,14.24,14.54,13.95,14.43,3869150,55097258.1,1.3071,1.6913,0,0
2026-06-18,sz.300847,14.35,14.35,13.97,14.03,2958850,41643589.5,0.9996,-2.772,0,0
2026-06-22,sz.300847,14.02,14.02,13.41,13.97,3464408,47381191.0,1.1704,-0.4277,0,0
2026-06-23,sz.300847,13.92,14.22,13.85,14.0,2868400,40319353.0,0.969,0.2147,0,0
2026-06-24,sz.300847,13.97,13.97,13.45,13.48,2790750,37918076.0,0.9428,-3.7143,0,0
2026-06-25,sz.300847,13.48,13.64,13.06,13.15,3236850,43047128.5,1.0935,-2.4481,0,0
2026-06-26,sz.300847,13.15,13.16,12.85,12.87,2381900,30892408.5,0.8047,-2.1293,0,0
