date,code,open,high,low,close,volume,amount,turnover,pct_change,is_limit_up,is_limit_down
2019-07-01,sz.300346,8.74,9.16,8.63,9.16,17436424.0,156483636.76,4.735343,7.385699,0,0
2019-07-02,sz.300346,9.22,9.55,9.05,9.15,18691776.0,173400593.92,5.076268,-0.109173,0,0
2019-07-03,sz.300346,8.96,9.04,8.7,8.78,15869713.0,140334784.38,4.309859,-4.043715,0,0
2019-07-04,sz.300346,8.78,8.85,8.56,8.6,9593580.0,82997411.65,2.605402,-2.050107,0,0
2019-07-05,sz.300346,8.63,8.82,8.61,8.74,6611656.0,57665710.37,1.795578,1.6279,0,0
2019-07-08,sz.300346,8.68,8.68,8.45,8.57,7198010.0,61454686.25,1.954819,-1.945081,0,0
2019-07-09,sz.300346,8.5,9.02,8.49,8.96,13466142.0,118861380.81,3.657103,4.550763,0,0
2019-07-10,sz.300346,8.95,9.29,8.73,9.16,22384905.0,203922958.13,6.07924,2.232141,0,0
2019-07-11,sz.300346,9.1,9.28,8.9,9.01,12124119.0,109988154.53,3.29264,-1.63755,0,0
2019-07-12,sz.300346,9.01,9.46,8.99,9.37,22733645.0,211439239.05,6.17395,3.995557,0,0
2019-07-15,sz.300346,9.16,9.17,8.65,9.13,20212576.0,181869787.99,5.489284,-2.561364,0,0
2019-07-16,sz.300346,9.0,9.12,8.9,9.02,10402441.0,93402317.07,2.82507,-1.204816,0,0
2019-07-17,sz.300346,9.11,9.92,9.05,9.92,24528119.0,236717411.73,6.661289,9.977822,0,0
2019-07-18,sz.300346,10.91,10.91,10.32,10.91,67870894.0,732177746.41,18.432217,9.979836,0,0
2019-07-19,sz.300346,11.5,11.9,10.34,10.36,82419086.0,914068552.28,22.38318,-5.041248,0,0
2019-07-22,sz.300346,10.03,11.4,10.03,10.81,72250982.0,780913108.44,19.621751,4.343637,0,0
2019-07-23,sz.300346,10.62,11.87,10.62,11.42,75423234.0,855253676.98,20.483263,5.64292,0,0
2019-07-24,sz.300346,11.18,11.79,11.0,11.27,62716382.0,714413920.71,17.032367,-1.313482,0,0
2019-07-25,sz.300346,11.18,11.4,10.81,11.18,43806136.0,485410219.46,11.896767,-0.798582,0,0
2019-07-26,sz.300346,10.47,10.47,10.06,10.21,51359913.0,525269959.28,13.9482,-8.6762,0,0
2019-07-29,sz.300346,10.2,10.32,9.95,10.21,24738802.0,251893857.84,6.718505,0.0,0,0
2019-07-30,sz.300346,10.23,10.29,10.06,10.15,21331694.0,217658727.73,5.7932,-0.5877,0,0
2019-07-31,sz.300346,10.1,10.18,9.87,9.9,18474480.0,184343948.28,5.0173,-2.4631,0,0
2019-08-01,sz.300346,9.8,10.08,9.72,10.07,18889736.0,188506308.99,5.13,1.7172,0,0
2019-08-02,sz.300346,9.5,9.94,9.36,9.79,20373954.0,197321685.4,5.5331,-2.7805,0,0
2019-08-05,sz.300346,9.84,9.94,9.42,9.59,15889811.0,154226083.74,4.3153,-2.0429,0,0
2019-08-06,sz.300346,9.59,10.18,9.45,10.09,32867342.0,326325094.21,8.926,5.2138,0,0
2019-08-07,sz.300346,9.93,10.05,9.7,9.8,19140327.0,188802638.29,5.1981,-2.8741,0,0
2019-08-08,sz.300346,9.75,9.89,9.52,9.62,13921997.0,134077237.48,3.7809,-1.8367,0,0
2019-08-09,sz.300346,9.67,9.73,8.91,9.02,24115930.0,222335972.57,6.5493,-6.237,0,0
2019-08-12,sz.300346,8.96,9.5,8.67,9.44,20244399.0,184196883.41,5.4979,4.6563,0,0
2019-08-13,sz.300346,9.33,9.58,9.28,9.48,13567213.0,128221182.36,3.6846,0.4237,0,0
2019-08-14,sz.300346,9.7,9.75,9.3,9.32,12932330.0,123278813.55,3.5121,-1.6878,0,0
2019-08-15,sz.300346,9.03,9.49,9.03,9.42,11564905.0,108135342.45,3.1408,1.073,0,0
2019-08-16,sz.300346,9.52,9.55,9.28,9.3,12239161.0,114712511.62,3.3239,-1.2739,0,0
2019-08-19,sz.300346,9.4,9.73,9.28,9.64,18075199.0,172345313.93,4.9088,3.6559,0,0
2019-08-20,sz.300346,9.75,9.94,9.58,9.78,19179308.0,187510232.02,5.2087,1.4523,0,0
2019-08-21,sz.300346,9.64,10.31,9.61,10.19,27958991.0,279549585.79,7.593,4.1922,0,0
2019-08-22,sz.300346,10.11,10.37,10.03,10.15,21257864.0,216857302.7,5.7732,-0.3925,0,0
2019-08-23,sz.300346,10.15,10.33,9.9,9.97,15417971.0,155282964.93,4.1872,-1.7734,0,0
2019-08-26,sz.300346,9.72,10.39,9.62,10.31,23787692.0,241138494.4,6.4602,3.4102,0,0
2019-08-27,sz.300346,10.8,11.34,10.6,11.34,44564982.0,490449003.41,12.1029,9.9903,0,0
2019-08-28,sz.300346,11.48,11.72,10.8,10.95,36678787.0,412553984.63,9.9611,-3.4392,0,0
2019-08-29,sz.300346,11.19,11.47,10.85,10.89,28923271.0,320688385.61,7.8549,-0.5479,0,0
2019-08-30,sz.300346,11.04,11.7,10.95,11.09,38376732.0,433152193.5,10.4223,1.8365,0,0
2019-09-02,sz.300346,11.09,12.2,10.9,12.07,41198394.0,479208555.97,11.1886,8.8368,0,0
2019-09-03,sz.300346,11.81,13.26,11.73,12.68,39348205.0,496323005.45,10.6861,5.0539,0,0
2019-09-04,sz.300346,12.62,13.95,12.62,13.95,50218325.0,689702518.09,13.6382,10.0158,0,0
2019-09-05,sz.300346,14.62,15.35,14.21,15.35,66130737.0,985512730.22,17.9596,10.0358,0,0
2019-09-06,sz.300346,15.03,15.88,14.35,14.69,46809463.0,698927595.43,12.7124,-4.2997,0,0
2019-09-09,sz.300346,14.7,15.17,14.23,14.8,39204088.0,578872276.4,10.647,0.7488,0,0
2019-09-10,sz.300346,15.17,15.2,14.11,15.08,39874355.0,584491716.55,10.829,1.8919,0,0
2019-09-11,sz.300346,14.85,15.15,13.82,13.9,34522856.0,494155457.25,9.3756,-7.8249,0,0
2019-09-12,sz.300346,14.12,14.32,13.85,14.17,18145927.0,254876434.36,4.928,1.9424,0,0
2019-09-16,sz.300346,14.19,14.34,13.67,13.9,21200605.0,296554865.14,5.7576,-1.9054,0,0
2019-09-17,sz.300346,14.06,14.37,13.41,13.58,22059400.0,306963538.01,5.9908,-2.3022,0,0
2019-09-18,sz.300346,13.81,14.26,13.18,13.76,26636745.0,365063489.05,7.2339,1.3255,0,0
2019-09-19,sz.300346,13.73,14.99,13.68,14.8,37586942.0,544772009.84,10.2078,7.5581,0,0
2019-09-20,sz.300346,14.62,14.94,14.03,14.17,26381582.0,381335363.14,7.1646,-4.2568,0,0
2019-09-23,sz.300346,14.01,14.63,13.72,14.63,20847565.0,296541240.87,5.6617,3.2463,0,0
2019-09-24,sz.300346,14.6,15.79,14.46,15.1,34735061.0,527476887.31,9.4333,3.2126,0,0
2019-09-25,sz.300346,15.05,15.28,14.12,14.16,21702537.0,316348296.36,5.8939,-6.2252,0,0
2019-09-26,sz.300346,14.14,14.46,12.9,12.98,28767694.0,388245255.93,7.8127,-8.3333,0,0
2019-09-27,sz.300346,13.21,13.83,12.95,13.64,21445797.0,290745948.68,5.8242,5.0848,0,0
2019-09-30,sz.300346,13.73,13.8,13.13,13.13,12970312.0,173360303.34,3.5224,-3.739,0,0
2019-10-08,sz.300346,13.4,13.53,12.94,13.04,13652837.0,180024791.23,3.7078,-0.6855,0,0
2019-10-09,sz.300346,12.99,13.4,12.81,13.31,14176885.0,186721061.17,3.8501,2.0706,0,0
2019-10-10,sz.300346,13.28,13.63,13.18,13.49,15703317.0,209985636.4,4.2647,1.3524,0,0
2019-10-11,sz.300346,13.45,13.45,12.87,12.88,17721553.0,230791131.18,4.8128,-4.5219,0,0
2019-10-14,sz.300346,13.05,13.64,12.92,13.42,18258330.0,243433777.4,4.9586,4.1925,0,0
2019-10-15,sz.300346,13.41,13.41,12.96,13.09,9905377.0,130153738.46,2.6901,-2.459,0,0
2019-10-16,sz.300346,13.03,13.25,12.77,12.85,8322283.0,107969901.19,2.2601,-1.8335,0,0
2019-10-17,sz.300346,12.6,12.95,12.56,12.66,7133333.0,90720450.51,1.9373,-1.4786,0,0
2019-10-18,sz.300346,12.66,12.8,12.15,12.33,9541283.0,118775625.39,2.5912,-2.6066,0,0
2019-10-21,sz.300346,12.44,12.58,12.05,12.32,9729127.0,119457979.12,2.6422,-0.0811,0,0
2019-10-22,sz.300346,12.25,12.54,12.25,12.5,7032093.0,87249472.5,1.9098,1.461,0,0
2019-10-23,sz.300346,12.5,12.6,12.14,12.32,8356420.0,103249611.84,2.2694,-1.44,0,0
2019-10-24,sz.300346,12.8,13.39,12.63,12.71,18742719.0,242323905.93,5.0901,3.1656,0,0
2019-10-25,sz.300346,12.54,12.73,12.3,12.6,11046108.0,137870913.41,2.9999,-0.8655,0,0
2019-10-28,sz.300346,12.6,13.86,12.6,13.86,23390389.0,315494015.96,6.3523,10.0,0,0
2019-10-29,sz.300346,14.0,14.4,13.7,14.2,31315751.0,438405692.77,8.5047,2.4531,0,0
2019-10-30,sz.300346,13.91,14.75,13.66,14.34,26723953.0,381596178.43,7.2576,0.9859,0,0
2019-10-31,sz.300346,14.15,14.5,13.91,14.17,15920466.0,225709884.19,4.3236,-1.1855,0,0
2019-11-01,sz.300346,14.04,14.72,13.8,14.45,20877205.0,300111585.12,5.6698,1.976,0,0
2019-11-04,sz.300346,14.5,14.61,14.17,14.32,16410124.0,235731871.53,4.4566,-0.8997,0,0
2019-11-05,sz.300346,14.12,14.46,13.92,14.27,16215856.0,229977398.8,4.4039,-0.3492,0,0
2019-11-06,sz.300346,14.18,14.95,14.05,14.69,27974345.0,409446711.39,7.5972,2.9432,0,0
2019-11-07,sz.300346,14.4,15.44,14.22,15.19,28602426.0,425861791.0,7.7678,3.4037,0,0
2019-11-08,sz.300346,14.95,15.11,14.52,14.55,22538967.0,332744838.97,6.1211,-4.2133,0,0
2019-11-11,sz.300346,14.11,14.18,13.15,13.45,20347756.0,278031896.11,5.526,-7.5601,0,0
2019-11-12,sz.300346,13.51,13.76,13.18,13.56,10834256.0,145993874.74,2.9423,0.8178,0,0
2019-11-13,sz.300346,13.54,13.9,13.43,13.72,11050754.0,151462193.16,3.0011,1.1799,0,0
2019-11-14,sz.300346,13.63,14.2,13.63,14.0,11886075.0,166019283.28,3.228,2.0408,0,0
2019-11-15,sz.300346,13.9,14.14,13.3,13.55,14207625.0,194707425.38,3.8585,-3.2143,0,0
2019-11-18,sz.300346,13.53,13.68,13.2,13.6,12444179.0,167628699.42,3.3796,0.369,0,0
2019-11-19,sz.300346,13.53,13.84,13.38,13.69,13567391.0,185248384.2,3.6846,0.6618,0,0
2019-11-20,sz.300346,13.62,13.65,12.9,12.99,21842458.0,288378428.47,5.9319,-5.1132,0,0
2019-11-21,sz.300346,12.85,13.16,12.79,12.89,9770032.0,126859484.2,2.6533,-0.7698,0,0
2019-11-22,sz.300346,12.89,13.08,12.4,12.46,12527199.0,158877706.56,3.4021,-3.3359,0,0
2019-11-25,sz.300346,12.1,12.15,11.5,11.74,16634327.0,196336906.76,4.5175,-5.7785,0,0
2019-11-26,sz.300346,11.84,11.95,11.55,11.61,6643652.0,77860808.27,1.8043,-1.1073,0,0
2019-11-27,sz.300346,11.7,11.98,11.51,11.8,9353013.0,110350054.97,2.5401,1.6365,0,0
2019-11-28,sz.300346,11.6,11.91,11.33,11.75,8208106.0,95965771.78,2.2291,-0.4237,0,0
2019-11-29,sz.300346,11.76,12.03,11.62,11.93,9803808.0,116408136.59,2.6625,1.5319,0,0
2019-12-02,sz.300346,11.97,12.47,11.91,12.28,14497376.0,177267253.77,3.9372,2.9338,0,0
2019-12-03,sz.300346,12.2,12.34,12.0,12.3,9594819.0,117155809.53,2.6057,0.1629,0,0
2019-12-04,sz.300346,12.26,12.52,12.14,12.39,8924835.0,110110756.6,2.4238,0.7317,0,0
2019-12-05,sz.300346,12.39,12.65,12.32,12.58,10460785.0,130873209.79,2.8409,1.5335,0,0
2019-12-06,sz.300346,12.51,12.67,12.44,12.6,8168767.0,102536692.93,2.2185,0.159,0,0
2019-12-09,sz.300346,12.59,12.81,12.5,12.55,8459428.0,107019434.16,2.2974,-0.3968,0,0
2019-12-10,sz.300346,12.5,12.99,12.32,12.78,14889522.0,188406436.26,4.0437,1.8327,0,0
2019-12-11,sz.300346,12.7,12.9,12.4,12.68,12139062.0,153544361.62,3.2967,-0.7825,0,0
2019-12-12,sz.300346,12.76,13.23,12.72,12.86,20068403.0,260044809.3,5.4501,1.4196,0,0
2019-12-13,sz.300346,12.86,12.96,12.55,12.62,14274272.0,181213144.2,3.8766,-1.8663,0,0
2019-12-16,sz.300346,12.78,13.88,12.68,13.88,19743252.0,266383579.87,5.3618,9.9842,0,0
2019-12-17,sz.300346,14.05,14.27,13.65,14.23,34235898.0,479949784.39,9.2977,2.5216,0,0
2019-12-18,sz.300346,14.06,14.87,14.06,14.17,32133258.0,462443176.42,8.7267,-0.4216,0,0
2019-12-19,sz.300346,14.1,14.41,13.89,14.27,21794495.0,309523241.68,5.9189,0.7057,0,0
2019-12-20,sz.300346,14.15,14.24,13.56,13.6,21967738.0,302896643.99,5.9659,-4.6952,0,0
2019-12-23,sz.300346,13.43,14.08,13.24,13.53,19877508.0,271510780.73,5.3983,-0.5147,0,0
2019-12-24,sz.300346,13.54,14.88,13.54,14.88,23165615.0,333768253.17,6.2913,9.9778,0,0
2019-12-25,sz.300346,16.28,16.37,15.8,16.37,19091362.0,310145824.92,5.1848,10.0134,0,0
2019-12-26,sz.300346,17.8,18.01,17.2,18.01,99184545.0,1771703504.72,26.9363,10.0183,0,0
2019-12-27,sz.300346,17.79,18.88,17.4,18.39,98502788.0,1776917327.56,26.7512,2.1099,0,0
2019-12-30,sz.300346,17.3,17.5,16.55,16.55,63293072.0,1060605086.37,17.189,-10.0054,0,0
2019-12-31,sz.300346,16.3,16.75,16.03,16.39,38623752.0,633255589.13,10.4893,-0.9668,0,0
2020-01-02,sz.300346,16.49,17.42,16.32,17.1,51311272.0,868601772.87,13.935,4.3319,0,0
2020-01-03,sz.300346,16.9,18.81,16.7,17.69,74427234.0,1321228320.89,20.2128,3.4503,0,0
2020-01-06,sz.300346,17.13,18.56,16.71,18.24,56372291.0,991621984.84,15.3095,3.1091,0,0
2020-01-07,sz.300346,18.54,18.79,17.72,17.94,45501368.0,824655062.81,12.3572,-1.6447,0,0
2020-01-08,sz.300346,17.68,17.68,16.5,16.8,47067074.0,797603293.66,12.7824,-6.3545,0,0
2020-01-09,sz.300346,16.98,17.16,16.72,17.08,31530790.0,534221715.64,8.5631,1.6667,0,0
2020-01-10,sz.300346,16.9,17.19,16.71,16.94,24614145.0,417881045.82,6.6847,-0.8197,0,0
2020-01-13,sz.300346,16.94,17.88,16.39,17.69,38228057.0,660730503.21,10.3819,4.4274,0,0
2020-01-14,sz.300346,17.7,19.3,17.31,18.35,52229242.0,949764898.1,14.1843,3.7309,0,0
2020-01-15,sz.300346,18.1,18.85,17.89,18.63,37537985.0,689583502.23,10.1945,1.5259,0,0
2020-01-16,sz.300346,18.79,20.49,18.7,20.49,24346046.0,484597461.67,6.6118,9.9839,0,0
2020-01-17,sz.300346,21.5,22.53,20.15,20.6,74424906.0,1588544330.08,20.2121,0.5369,0,0
2020-01-20,sz.300346,20.65,22.45,20.65,21.8,59995935.0,1298691865.95,16.2936,5.8252,0,0
2020-01-21,sz.300346,21.3,23.4,20.88,22.96,55473635.0,1224603025.62,15.0654,5.3211,0,0
2020-01-22,sz.300346,22.16,24.66,21.74,24.02,52842617.0,1225061934.3,14.3509,4.6167,0,0
2020-01-23,sz.300346,23.5,24.25,21.62,22.07,51148382.0,1169054543.24,13.8908,-8.1182,0,0
2020-02-03,sz.300346,19.86,19.86,19.86,19.86,820100.0,16287186.0,0.2227,-10.0136,0,0
2020-02-04,sz.300346,17.87,20.68,17.87,20.09,47431997.0,930937634.79,12.8815,1.1581,0,0
2020-02-05,sz.300346,19.8,20.99,19.38,19.72,48973805.0,992411878.9,13.3002,-1.8417,0,0
2020-02-06,sz.300346,19.36,21.09,19.11,21.02,49587521.0,1012590260.82,13.4669,6.5923,0,0
2020-02-07,sz.300346,20.9,22.13,20.31,21.8,52315916.0,1103184737.98,14.2078,3.7107,0,0
2020-02-10,sz.300346,21.46,21.89,20.82,21.34,34462776.0,737169252.2,9.3593,-2.1101,0,0
2020-02-11,sz.300346,21.31,22.99,21.21,21.88,46511925.0,1033323392.34,12.6316,2.5305,0,0
2020-02-12,sz.300346,21.38,22.53,21.28,22.27,42031511.0,924019359.77,11.4148,1.7825,0,0
2020-02-13,sz.300346,22.06,24.43,21.68,22.87,58173546.0,1342101554.17,15.7986,2.6942,0,0
2020-02-14,sz.300346,22.78,24.48,22.68,23.38,50799355.0,1195507916.61,13.796,2.23,0,0
2020-02-17,sz.300346,24.0,25.72,23.3,25.72,55131788.0,1350648018.73,14.9726,10.0086,0,0
2020-02-18,sz.300346,26.61,28.29,26.0,28.29,65169600.0,1766792853.22,17.6986,9.9922,0,0
2020-02-19,sz.300346,27.26,29.9,26.02,27.46,71243040.0,1977124834.71,19.348,-2.9339,0,0
2020-02-20,sz.300346,27.25,28.23,26.31,27.8,48398963.0,1328037018.01,13.1441,1.2382,0,0
2020-02-21,sz.300346,27.3,30.58,27.2,30.58,55159715.0,1597849836.98,14.9801,10.0,0,0
2020-02-24,sz.300346,31.45,33.64,31.45,33.64,49597133.0,1609930483.33,13.4695,10.0065,0,0
2020-02-25,sz.300346,32.61,37.0,32.58,36.15,84033208.0,2978629526.56,22.8215,7.4614,0,0
2020-02-26,sz.300346,34.7,35.73,32.54,32.54,58484894.0,1967267495.85,15.8832,-9.9862,0,0
2020-02-27,sz.300346,32.0,32.5,29.29,29.41,56950682.0,1721894950.25,15.4665,-9.6189,0,0
2020-02-28,sz.300346,27.74,31.08,26.83,29.8,63062529.0,1811574658.22,17.1264,1.3261,0,0
2020-03-02,sz.300346,30.72,32.36,29.77,31.3,58233762.0,1805427580.39,15.815,5.0336,0,0
2020-03-03,sz.300346,31.3,33.97,31.0,32.1,52454272.0,1700678683.9,14.2454,2.5559,0,0
2020-03-04,sz.300346,31.5,32.15,28.89,29.07,51122642.0,1533924684.46,13.8838,-9.4392,0,0
2020-03-05,sz.300346,29.59,29.65,27.0,29.11,51838169.0,1468627323.09,14.0781,0.1376,0,0
2020-03-06,sz.300346,28.19,28.74,27.8,28.11,28354289.0,799758263.69,7.7004,-3.4352,0,0
2020-03-09,sz.300346,27.28,28.72,25.75,26.15,37961819.0,1035644574.83,10.3096,-6.9726,0,0
2020-03-10,sz.300346,26.05,28.59,26.05,28.36,49443256.0,1362674544.53,13.4277,8.4512,0,0
2020-03-11,sz.300346,28.1,28.33,26.04,26.23,45195875.0,1229461047.98,12.2742,-7.5106,0,0
2020-03-12,sz.300346,25.47,26.75,25.32,25.76,26431099.0,685315700.37,7.1781,-1.7918,0,0
2020-03-13,sz.300346,24.7,28.18,24.7,27.41,52937085.0,1434622958.37,14.3765,6.4053,0,0
2020-03-16,sz.300346,27.5,29.95,27.01,28.46,64697841.0,1813211999.76,17.5705,3.8307,0,0
2020-03-17,sz.300346,29.48,31.31,28.45,31.31,72979402.0,2199296591.21,19.8196,10.0141,0,0
2020-03-18,sz.300346,32.5,33.97,29.9,30.58,82471449.0,2681412717.07,22.3974,-2.3315,0,0
2020-03-19,sz.300346,30.29,33.21,28.5,32.86,71229568.0,2211467687.14,19.3444,7.4559,0,0
2020-03-20,sz.300346,32.16,33.69,30.0,30.44,67676690.0,2182309051.83,18.3795,-7.3646,0,0
2020-03-23,sz.300346,28.85,29.4,27.4,27.4,39897018.0,1128305980.79,10.8351,-9.9869,0,0
2020-03-24,sz.300346,27.8,28.0,24.82,27.01,47393074.0,1267065430.76,12.8709,-1.4234,0,0
2020-03-25,sz.300346,27.38,28.2,26.78,27.15,31923909.0,879116234.29,8.6698,0.5183,0,0
2020-03-26,sz.300346,27.15,28.24,26.2,27.34,32627217.0,896152257.88,8.8608,0.6998,0,0
2020-03-27,sz.300346,27.58,27.85,25.31,25.81,33336880.0,881054819.84,9.0536,-5.5962,0,0
2020-03-30,sz.300346,24.91,25.25,23.36,23.83,32039890.0,777641018.57,8.7013,-7.6714,0,0
2020-03-31,sz.300346,24.35,25.14,24.2,24.33,29777519.0,735116518.7,8.0869,2.0982,0,0
2020-04-01,sz.300346,23.95,25.9,23.95,24.55,28240604.0,706926461.31,7.6695,0.9042,0,0
2020-04-02,sz.300346,24.6,26.7,24.6,26.44,36802120.0,940393941.04,9.9946,7.6986,0,0
2020-04-03,sz.300346,25.79,26.2,24.9,25.25,35059085.0,894466485.78,9.5213,-4.5008,0,0
2020-04-07,sz.300346,25.25,25.96,25.2,25.51,38375040.0,980821542.52,10.4218,1.0297,0,0
2020-04-08,sz.300346,25.09,25.88,24.83,25.08,28235045.0,713635080.13,7.668,-1.6856,0,0
2020-04-09,sz.300346,25.41,25.57,24.95,25.09,19779632.0,499145477.59,5.3717,0.0399,0,0
2020-04-10,sz.300346,24.9,24.92,22.58,22.6,34013556.0,797929473.62,9.2373,-9.9243,0,0
2020-04-13,sz.300346,22.4,23.09,21.76,22.54,17748778.0,399824339.07,4.8202,-0.2655,0,0
2020-04-14,sz.300346,22.93,23.65,22.66,23.54,23255017.0,540161860.01,6.3155,4.4366,0,0
2020-04-15,sz.300346,23.46,24.11,23.1,23.45,21944179.0,519425608.03,5.9595,-0.3823,0,0
2020-04-16,sz.300346,23.11,24.75,23.09,24.12,29823056.0,719244042.74,8.0993,2.8571,0,0
2020-04-17,sz.300346,24.41,25.25,24.28,24.46,32307614.0,800012991.94,8.774,1.4096,0,0
2020-04-20,sz.300346,24.32,24.96,24.17,24.85,19840004.0,488954158.2,5.3881,1.5944,0,0
2020-04-21,sz.300346,24.01,24.1,22.68,23.41,30983338.0,718842771.2,8.4144,-5.7948,0,0
2020-04-22,sz.300346,23.2,25.75,23.12,25.75,57956486.0,1462412350.94,15.7397,9.9957,0,0
2020-04-23,sz.300346,26.25,26.25,24.38,24.59,50015122.0,1250076893.6,13.583,-4.5049,0,0
2020-04-24,sz.300346,24.3,24.85,23.0,23.55,29981054.0,711152385.94,8.1422,-4.2294,0,0
2020-04-27,sz.300346,23.21,23.47,22.03,22.54,21169142.0,479980887.31,5.7491,-4.2887,0,0
2020-04-28,sz.300346,22.6,23.85,21.6,23.38,32212283.0,742693548.3,8.7481,3.7267,0,0
2020-04-29,sz.300346,22.86,24.28,22.75,23.6,31251688.0,737973622.48,8.4873,0.941,0,0
2020-04-30,sz.300346,24.0,25.89,23.63,25.56,49274022.0,1231661616.27,13.3817,8.3051,0,0
2020-05-06,sz.300346,25.39,28.12,25.08,28.12,55445385.0,1492173784.42,15.0577,10.0157,0,0
2020-05-07,sz.300346,28.72,29.11,27.0,27.3,60996221.0,1698675239.72,16.5652,-2.9161,0,0
2020-05-08,sz.300346,27.3,30.0,27.22,28.76,58566745.0,1670962229.9,15.9054,5.348,0,0
2020-05-11,sz.300346,28.8,30.64,28.18,29.55,54431916.0,1601715510.7,14.7825,2.7469,0,0
2020-05-12,sz.300346,28.88,28.98,27.3,28.8,40671656.0,1152167430.28,11.0455,-2.5381,0,0
2020-05-13,sz.300346,28.5,29.31,28.26,28.58,25666923.0,736709311.85,6.9706,-0.7639,0,0
2020-05-14,sz.300346,28.3,30.28,28.23,29.17,42098514.0,1234714249.52,11.433,2.0644,0,0
2020-05-15,sz.300346,29.23,30.11,28.76,29.35,41723699.0,1233455594.4,11.3312,0.6171,0,0
2020-05-18,sz.300346,30.33,31.47,29.29,29.88,55296264.0,1687122463.23,15.0172,1.8058,0,0
2020-05-19,sz.300346,29.2,32.8,28.68,32.1,64341978.0,1989233578.18,17.4738,7.4297,0,0
2020-05-20,sz.300346,31.56,33.88,30.86,30.86,64301044.0,2070292810.78,17.4627,-3.8629,0,0
2020-05-21,sz.300346,30.49,31.24,28.39,29.46,49407860.0,1465451656.45,13.4181,-4.5366,0,0
2020-05-22,sz.300346,29.0,29.53,27.9,28.9,31617512.0,909523268.81,8.5866,-1.9009,0,0
2020-05-25,sz.300346,29.0,31.79,29.0,31.79,31153144.0,970144857.04,8.4605,10.0,0,0
2020-05-26,sz.300346,32.49,34.96,32.06,33.99,83800436.0,2799269481.61,22.7583,6.9204,0,0
2020-05-27,sz.300346,33.5,37.39,33.24,35.71,96480096.0,3437997523.56,26.2018,5.0603,0,0
2020-05-28,sz.300346,34.78,35.7,32.2,34.0,77194885.0,2615995923.65,20.9644,-4.7886,0,0
2020-05-29,sz.300346,33.58,35.68,33.28,33.77,63443877.0,2187117605.8,17.2299,-0.6765,0,0
2020-06-01,sz.300346,34.0,37.15,33.46,37.15,64078037.0,2272095465.96,17.4022,10.0089,0,0
2020-06-02,sz.300346,37.81,40.87,36.26,39.05,90265574.0,3501288043.07,24.5141,5.1144,0,0
2020-06-03,sz.300346,39.8,42.96,39.2,42.96,89290704.0,3751932909.62,24.2494,10.0128,0,0
2020-06-04,sz.300346,43.85,44.74,42.05,43.99,90925754.0,3932348222.35,24.6934,2.4691,0,0
2020-06-05,sz.300346,43.58,47.51,42.5,44.03,86669879.0,3926861833.7,23.5376,0.0909,0,0
2020-06-08,sz.300346,44.5,46.95,40.91,41.0,95233017.0,4167602628.42,25.8632,-6.8817,0,0
2020-06-09,sz.300346,40.22,44.56,40.22,44.47,77996482.0,3273030293.31,21.1821,8.4634,0,0
2020-06-10,sz.300346,43.24,43.57,41.05,42.24,66942657.0,2824218113.27,18.1801,-5.0146,0,0
2020-06-11,sz.300346,40.84,42.82,40.5,41.02,55617175.0,2302109062.71,15.1044,-2.8883,0,0
2020-06-12,sz.300346,39.81,41.44,39.81,40.04,47175665.0,1906785422.95,12.8119,-2.3891,0,0
2020-06-15,sz.300346,39.05,41.29,38.88,40.51,46397588.0,1871030669.96,12.6005,1.1738,0,0
2020-06-16,sz.300346,40.84,41.3,39.8,40.41,38606082.0,1559043144.51,10.4845,-0.2468,0,0
2020-06-17,sz.300346,40.01,40.32,38.53,39.25,40057934.0,1569925525.62,10.8788,-2.8706,0,0
2020-06-18,sz.300346,39.2,42.2,39.2,41.39,60450028.0,2471206273.39,16.4169,5.4522,0,0
2020-06-19,sz.300346,40.7,41.74,40.0,41.73,43662190.0,1788645071.04,11.8577,0.8215,0,0
2020-06-22,sz.300346,42.1,45.24,41.9,45.08,62053338.0,2718362660.43,16.8523,8.0278,0,0
2020-06-23,sz.300346,44.2,45.29,43.68,44.41,41296492.0,1839546558.64,11.2152,-1.4863,0,0
2020-06-24,sz.300346,44.44,46.65,42.68,42.79,56691669.0,2561119326.01,15.3962,-3.6478,0,0
2020-06-29,sz.300346,42.82,44.38,41.51,43.0,42229809.0,1819152627.73,11.4687,0.4908,0,0
2020-06-30,sz.300346,43.4,43.78,42.08,43.12,40837512.0,1754739174.71,11.0906,0.2791,0,0
2020-07-01,sz.300346,42.51,43.11,40.22,41.38,47781001.0,2001194525.32,12.9763,-4.0352,0,0
2020-07-02,sz.300346,41.38,43.37,40.8,42.35,40421476.0,1713166949.42,10.9776,2.3441,0,0
2020-07-03,sz.300346,41.81,44.46,41.22,44.19,54551365.0,2361547490.49,14.8149,4.3447,0,0
2020-07-06,sz.300346,44.96,48.58,44.06,48.01,66252642.0,3081339561.42,17.9927,8.6445,0,0
2020-07-07,sz.300346,48.75,52.18,47.47,47.53,63898545.0,3204312025.63,17.3534,-0.9998,0,0
2020-07-08,sz.300346,47.03,49.25,45.79,49.2,60190303.0,2878213366.83,16.3463,3.5136,0,0
2020-07-09,sz.300346,48.4,50.95,47.9,49.72,62519428.0,3104542775.82,16.9789,1.0569,0,0
2020-07-10,sz.300346,48.77,49.56,47.22,47.87,48952750.0,2370478290.54,13.2945,-3.7208,0,0
2020-07-13,sz.300346,47.8,49.84,46.85,49.71,53337985.0,2567529194.52,14.4854,3.8437,0,0
2020-07-14,sz.300346,49.3,49.69,47.01,48.31,40317228.0,1948570887.43,10.9493,-2.8163,0,0
2020-07-15,sz.300346,48.5,48.67,43.73,44.48,38260573.0,1760320130.8,10.3511,-7.928,0,0
2020-07-16,sz.300346,44.9,44.9,40.03,40.03,35100868.0,1480519882.82,9.4963,-10.0045,0,0
2020-07-17,sz.300346,39.0,40.7,38.76,39.08,26281984.0,1043463768.84,7.1104,-2.3732,0,0
2020-07-20,sz.300346,40.5,40.58,38.98,40.51,21737185.0,869128828.72,5.8808,3.6592,0,0
2020-07-21,sz.300346,40.3,41.66,40.1,40.86,22183551.0,906097805.2,6.0016,0.864,0,0
2020-07-22,sz.300346,40.47,41.63,40.21,40.96,21047300.0,863696307.78,5.6942,0.2447,0,0
2020-07-23,sz.300346,40.3,40.84,38.31,40.15,26417374.0,1044899136.31,7.147,-1.9775,0,0
2020-07-24,sz.300346,40.23,40.49,36.19,36.4,29057006.0,1104181058.68,7.8612,-9.34,0,0
2020-07-27,sz.300346,36.42,38.37,36.4,37.79,22042398.0,828969900.86,5.9634,3.8187,0,0
2020-07-28,sz.300346,38.66,38.76,36.91,37.5,16502100.0,618527268.73,4.4645,-0.7674,0,0
2020-07-29,sz.300346,38.0,39.09,37.35,39.08,23499825.0,906640450.94,6.3577,4.2133,0,0
2020-07-30,sz.300346,39.17,39.29,37.8,37.86,21856481.0,835278073.36,5.9131,-3.1218,0,0
2020-07-31,sz.300346,37.71,38.87,37.66,38.58,19821017.0,761131156.56,5.3624,1.9017,0,0
2020-08-03,sz.300346,39.55,41.45,38.91,41.29,33760496.0,1369659799.71,9.1336,7.0244,0,0
2020-08-04,sz.300346,41.08,44.47,40.11,43.4,35909586.0,1487418381.16,9.7151,5.1102,0,0
2020-08-05,sz.300346,45.94,46.68,43.21,43.29,45989306.0,2064761638.95,12.4421,-0.2535,0,0
2020-08-06,sz.300346,41.98,44.48,41.56,42.93,30184947.0,1295581822.34,8.1663,-0.8316,0,0
2020-08-07,sz.300346,42.0,42.27,40.0,40.82,25851724.0,1061559520.22,6.994,-4.915,0,0
2020-08-10,sz.300346,40.26,41.79,40.11,41.24,16475244.0,675897567.37,4.4573,1.0289,0,0
2020-08-11,sz.300346,40.86,41.46,39.5,39.51,17022158.0,689974618.51,4.6052,-4.195,0,0
2020-08-12,sz.300346,39.31,39.99,38.8,39.88,14627782.0,576212766.71,3.9574,0.9365,0,0
2020-08-13,sz.300346,39.93,40.15,38.7,38.82,11048703.0,434899076.17,2.9891,-2.658,0,0
2020-08-14,sz.300346,38.7,39.19,37.61,38.74,13602297.0,522098514.69,3.68,-0.2061,0,0
2020-08-17,sz.300346,39.11,40.38,39.11,40.32,17317476.0,692645006.7,4.6851,4.0785,0,0
2020-08-18,sz.300346,40.4,40.4,39.8,39.99,11311062.0,452722758.12,3.0601,-0.8185,0,0
2020-08-19,sz.300346,40.18,40.2,38.01,38.13,15509269.0,604054039.33,4.1959,-4.6512,0,0
2020-08-20,sz.300346,37.5,38.8,37.2,38.16,9839652.0,375883610.98,2.662,0.0787,0,0
2020-08-21,sz.300346,38.5,38.76,37.1,37.8,9932593.0,377156105.24,2.6872,-0.9434,0,0
2020-08-24,sz.300346,37.85,40.5,37.15,39.69,21792697.0,857871634.4,5.8959,5.0,0,0
2020-08-25,sz.300346,39.35,39.9,38.8,39.04,14472971.0,570153193.22,3.9156,-1.6377,0,0
2020-08-26,sz.300346,39.1,39.24,37.0,37.06,17425099.0,652888714.1,4.7142,-5.0717,0,0
2020-08-27,sz.300346,37.25,39.44,36.65,38.75,18203523.0,695926729.71,4.9248,4.5602,0,0
2020-08-28,sz.300346,38.7,41.59,38.4,40.13,30314682.0,1222807649.93,8.2014,3.5613,0,0
2020-08-31,sz.300346,40.56,40.9,39.34,39.42,19059301.0,763853750.36,5.1564,-1.7692,0,0
2020-09-01,sz.300346,39.11,39.3,37.8,38.9,14822527.0,572227582.54,4.0101,-1.3191,0,0
2020-09-02,sz.300346,38.88,39.3,38.37,39.04,11862523.0,461103450.29,3.2093,0.3599,0,0
2020-09-03,sz.300346,38.7,40.58,37.86,39.64,22839915.0,901520226.77,6.1792,1.5369,0,0
2020-09-04,sz.300346,38.7,43.22,38.6,42.73,50192039.0,2103652543.85,13.5791,7.7952,0,0
2020-09-07,sz.300346,43.25,44.18,41.88,42.68,47309472.0,2050014685.97,12.7992,-0.117,0,0
2020-09-08,sz.300346,41.8,42.3,38.4,39.02,37912016.0,1511548151.17,10.2568,-8.5754,0,0
2020-09-09,sz.300346,38.01,38.65,36.11,36.88,27393420.0,1023936685.97,7.4111,-5.4844,0,0
2020-09-10,sz.300346,37.3,37.52,35.1,35.18,17506475.0,638503485.0,4.7362,-4.6095,0,0
2020-09-11,sz.300346,35.21,36.2,35.15,36.04,11160349.0,399167209.31,3.0193,2.4446,0,0
2020-09-14,sz.300346,36.29,38.68,36.29,37.75,17609188.0,662589474.27,4.764,4.7447,0,0
2020-09-15,sz.300346,37.3,39.97,36.66,38.83,28827057.0,1111753145.69,7.7989,2.8609,0,0
2020-09-16,sz.300346,38.32,39.09,37.57,37.98,17469222.0,667580464.99,4.7262,-2.189,0,0
2020-09-17,sz.300346,38.0,39.81,37.82,38.85,28491560.0,1114465527.22,7.7082,2.2907,0,0
2020-09-18,sz.300346,38.85,39.78,38.19,39.16,23702013.0,928330895.51,6.4124,0.7979,0,0
2020-09-21,sz.300346,39.18,39.18,38.02,38.06,16579878.0,637836242.06,4.4856,-2.809,0,0
2020-09-22,sz.300346,37.53,37.83,36.81,36.88,12884381.0,480326470.47,3.4858,-3.1004,0,0
2020-09-23,sz.300346,37.27,38.71,37.07,38.13,17646824.0,669766183.11,4.7742,3.3894,0,0
2020-09-24,sz.300346,37.79,40.38,37.68,39.17,32753214.0,1288948784.99,8.8611,2.7275,0,0
2020-09-25,sz.300346,39.28,39.48,36.96,37.24,22648561.0,855751700.57,6.1274,-4.9272,0,0
2020-09-28,sz.300346,37.25,37.86,36.82,37.3,10838423.0,404704320.82,2.9323,0.1611,0,0
2020-09-29,sz.300346,38.0,38.68,37.48,37.61,14959306.0,570517729.38,4.0471,0.8311,0,0
2020-09-30,sz.300346,37.49,37.89,37.05,37.16,10866906.0,405815334.75,2.94,-1.1965,0,0
2020-10-09,sz.300346,37.86,39.18,37.54,38.96,19123718.0,737933138.0,5.1738,4.8439,0,0
2020-10-12,sz.300346,39.33,40.46,38.83,40.34,25371840.0,1010486675.96,6.8642,3.5421,0,0
2020-10-13,sz.300346,39.95,40.33,39.53,39.93,16729508.0,668396989.38,4.526,-1.0164,0,0
2020-10-14,sz.300346,40.07,41.28,39.48,39.52,26498582.0,1068669439.43,7.169,-1.0268,0,0
2020-10-15,sz.300346,39.45,40.0,38.5,38.52,17174059.0,674331893.75,4.6463,-2.5304,0,0
2020-10-16,sz.300346,38.79,39.15,38.2,38.79,10501392.0,406620993.63,2.8411,0.7009,0,0
2020-10-19,sz.300346,39.02,39.15,37.99,38.03,9727630.0,374106341.93,2.6317,-1.9593,0,0
2020-10-20,sz.300346,38.0,38.7,37.41,38.7,9377677.0,357351294.49,2.5371,1.7618,0,0
2020-10-21,sz.300346,38.6,38.61,37.11,37.25,12479084.0,468278952.83,3.3761,-3.7468,0,0
2020-10-22,sz.300346,37.0,37.98,36.94,37.26,8035792.0,301784599.72,2.174,0.0268,0,0
2020-10-23,sz.300346,37.26,37.55,32.01,33.21,30066886.0,1025733350.12,8.1344,-10.8696,0,0
2020-10-26,sz.300346,32.55,33.19,32.05,32.56,10181241.0,332299731.54,2.7545,-1.9572,0,0
2020-10-27,sz.300346,33.49,33.98,32.75,33.12,8915194.0,296586048.26,2.4119,1.7199,0,0
2020-10-28,sz.300346,32.5,32.97,31.69,32.42,12177493.0,392804929.28,3.2945,-2.1135,0,0
2020-10-29,sz.300346,31.8,32.2,31.61,31.81,9409062.0,300059641.74,2.5456,-1.8816,0,0
2020-10-30,sz.300346,32.08,33.29,31.88,32.02,14221693.0,461327520.22,3.8476,0.6602,0,0
2020-11-02,sz.300346,32.16,32.2,31.04,31.51,9222037.0,291292518.33,2.495,-1.5928,0,0
2020-11-03,sz.300346,31.8,33.15,31.6,32.79,13553483.0,443816943.19,3.6668,4.0622,0,0
2020-11-04,sz.300346,32.98,32.98,32.3,32.45,8746574.0,285307930.03,2.3663,-1.0369,0,0
2020-11-05,sz.300346,32.87,33.35,32.59,33.09,9736836.0,320921048.84,2.6342,1.9723,0,0
2020-11-06,sz.300346,33.39,33.96,32.62,33.49,15256618.0,509629160.44,4.1276,1.2088,0,0
2020-11-09,sz.300346,34.28,38.5,34.0,37.86,34939271.0,1282906625.46,9.4526,13.0487,0,0
2020-11-10,sz.300346,37.01,39.17,36.4,38.04,28586498.0,1080557077.66,7.7339,0.4754,0,0
2020-11-11,sz.300346,37.26,37.96,35.92,35.99,17848805.0,655334145.8,4.8289,-5.3891,0,0
2020-11-12,sz.300346,35.14,35.99,34.22,34.51,17506076.0,609685767.9,4.7361,-4.1123,0,0
2020-11-13,sz.300346,35.03,36.58,34.7,35.39,17766759.0,633369733.3,4.8067,2.55,0,0
2020-11-16,sz.300346,35.0,35.8,34.5,34.78,10975494.0,384130236.89,2.9693,-1.7237,0,0
2020-11-17,sz.300346,34.61,34.9,32.9,34.12,15726610.0,527378371.65,4.2547,-1.8976,0,0
2020-11-18,sz.300346,34.2,34.78,33.8,33.93,10980237.0,376190993.3,2.9706,-0.5569,0,0
2020-11-19,sz.300346,33.57,34.58,33.3,34.06,9713060.0,332016510.29,2.6278,0.3831,0,0
2020-11-20,sz.300346,33.91,34.44,33.7,33.77,8462515.0,287245850.27,2.2895,-0.8514,0,0
2020-11-23,sz.300346,33.8,33.87,32.98,33.42,8403944.0,280741249.47,2.2736,-1.0364,0,0
2020-11-24,sz.300346,33.7,34.25,33.42,33.87,10171631.0,345223204.65,2.7519,1.3465,0,0
2020-11-25,sz.300346,33.87,35.96,33.64,34.8,18891748.0,659123740.92,5.111,2.7458,0,0
2020-11-26,sz.300346,34.51,35.2,34.2,34.63,11336604.0,393006422.68,3.067,-0.4885,0,0
2020-11-27,sz.300346,34.37,35.45,34.31,35.09,10667789.0,372813316.62,2.8861,1.3283,0,0
2020-11-30,sz.300346,35.15,35.38,34.24,34.52,11762088.0,408034805.29,3.1821,-1.6244,0,0
2020-12-01,sz.300346,34.54,34.77,34.22,34.66,8735853.0,300961738.08,2.3634,0.4056,0,0
2020-12-02,sz.300346,34.66,35.65,34.66,34.95,12462023.0,437183551.68,3.3715,0.8367,0,0
2020-12-03,sz.300346,34.79,35.29,34.04,34.06,10697327.0,370474023.58,2.8941,-2.5465,0,0
2020-12-04,sz.300346,33.77,34.3,33.54,33.66,7522749.0,254047104.97,2.0352,-1.1744,0,0
2020-12-07,sz.300346,34.02,35.19,33.63,34.63,13467834.0,464816685.61,3.6436,2.8818,0,0
2020-12-08,sz.300346,34.4,35.08,34.21,34.86,10355609.0,360072522.6,2.8016,0.6642,0,0
2020-12-09,sz.300346,35.1,35.2,33.48,33.48,10723731.0,366131394.47,2.9012,-3.9587,0,0
2020-12-10,sz.300346,33.7,34.19,33.2,33.6,7287854.0,246099036.73,1.9717,0.3584,0,0
2020-12-11,sz.300346,33.31,35.1,32.42,34.7,17578398.0,595735597.54,4.7557,3.2738,0,0
2020-12-14,sz.300346,34.48,35.18,34.35,34.67,9839005.0,341868566.57,2.6619,-0.0865,0,0
2020-12-15,sz.300346,34.68,34.74,33.52,33.76,7196525.0,245127951.75,1.947,-2.6247,0,0
2020-12-16,sz.300346,33.9,34.12,32.85,32.88,6771049.0,225700103.85,1.8319,-2.6066,0,0
2020-12-17,sz.300346,32.81,33.4,32.6,33.22,5745810.0,189921071.22,1.5545,1.0341,0,0
2020-12-18,sz.300346,37.8,38.01,35.66,35.95,42944685.0,1589279272.39,11.6184,8.2179,0,0
2020-12-21,sz.300346,36.8,42.62,36.6,41.23,59545219.0,2368965001.58,16.1095,14.6871,0,0
2020-12-22,sz.300346,40.53,42.25,39.5,39.54,45948921.0,1877064333.77,12.4311,-4.099,0,0
2020-12-23,sz.300346,39.97,43.5,38.92,42.8,55577567.0,2298294225.86,15.0361,8.2448,0,0
2020-12-24,sz.300346,42.01,43.5,41.49,41.72,37044276.0,1572207636.74,10.0221,-2.5234,0,0
2020-12-25,sz.300346,42.22,43.06,40.62,41.91,30462259.0,1274052023.99,8.2413,0.4554,0,0
2020-12-28,sz.300346,40.7,40.7,38.58,39.55,35449583.0,1399775057.16,9.5906,-5.6311,0,0
2020-12-29,sz.300346,39.19,41.8,39.06,39.95,33916043.0,1371722873.34,9.1757,1.0114,0,0
2020-12-30,sz.300346,39.0,40.98,38.16,39.53,29833453.0,1176340028.13,8.0712,-1.0513,0,0
2020-12-31,sz.300346,39.61,41.5,39.2,40.31,27996153.0,1131944463.1,7.5741,1.9732,0,0
2021-01-04,sz.300346,39.85,41.58,39.46,40.53,35142368.0,1419720453.97,9.5075,0.5458,0,0
2021-01-05,sz.300346,39.25,39.96,38.5,39.9,36562668.0,1432791458.31,9.8918,-1.5544,0,0
2021-01-06,sz.300346,39.92,39.93,36.8,37.48,32796215.0,1247738377.34,8.8728,-6.0652,0,0
2021-01-07,sz.300346,37.0,37.88,35.24,35.77,26736201.0,974341044.04,7.2333,-4.5624,0,0
2021-01-08,sz.300346,35.79,36.89,34.83,35.91,18574098.0,670200635.11,5.0251,0.3914,0,0
2021-01-11,sz.300346,35.37,36.67,35.05,35.57,16380238.0,589078101.27,4.4316,-0.9468,0,0
2021-01-12,sz.300346,35.63,36.36,35.39,36.05,14106287.0,505833767.08,3.8164,1.3495,0,0
2021-01-13,sz.300346,36.0,36.05,34.6,35.75,19560674.0,691716829.6,5.292,-0.8322,0,0
2021-01-14,sz.300346,35.59,38.88,35.58,38.12,39920378.0,1503026463.51,10.8002,6.6294,0,0
2021-01-15,sz.300346,37.67,37.92,36.32,36.51,23061355.0,852967088.5,6.2391,-4.2235,0,0
2021-01-18,sz.300346,35.68,38.38,35.5,37.5,23398255.0,873011776.25,6.3302,2.7116,0,0
2021-01-19,sz.300346,37.55,37.89,36.65,36.95,18269662.0,680754531.64,4.9427,-1.4667,0,0
2021-01-20,sz.300346,37.58,38.12,36.88,37.07,14663435.0,547959608.53,3.9671,0.3248,0,0
2021-01-21,sz.300346,36.5,37.39,36.01,37.0,15724794.0,577880250.99,4.2542,-0.1888,0,0
2021-01-22,sz.300346,37.1,37.1,35.28,35.29,18470280.0,662886074.83,4.997,-4.6216,0,0
2021-01-25,sz.300346,34.5,35.98,34.22,34.75,12288475.0,431386017.78,3.3246,-1.5302,0,0
2021-01-26,sz.300346,34.9,35.55,33.9,33.98,11192983.0,386618366.86,3.0282,-2.2158,0,0
2021-01-27,sz.300346,33.98,34.48,33.24,34.23,9728301.0,329781280.28,2.6319,0.7357,0,0
2021-01-28,sz.300346,33.78,34.34,33.15,33.19,7439341.0,250705918.46,2.0127,-3.0383,0,0
2021-01-29,sz.300346,33.21,33.98,32.5,33.4,9117956.0,302547248.39,2.4668,0.6327,0,0
2021-02-01,sz.300346,33.41,34.34,33.1,33.96,7574854.0,256155777.56,2.0493,1.6766,0,0
2021-02-02,sz.300346,34.14,34.14,32.9,33.02,8487996.0,283182055.6,2.2964,-2.768,0,0
2021-02-03,sz.300346,33.03,33.15,29.14,29.42,25257381.0,774398663.01,6.8332,-10.9025,0,0
2021-02-04,sz.300346,28.84,29.55,27.78,29.15,14937551.0,428244245.79,4.0412,-0.9177,0,0
2021-02-05,sz.300346,29.7,30.21,28.55,28.79,9758384.0,287958768.74,2.6401,-1.235,0,0
2021-02-08,sz.300346,29.02,29.21,28.19,28.35,8473251.0,242750210.99,2.2924,-1.5283,0,0
2021-02-09,sz.300346,28.09,29.1,27.9,28.89,9511447.0,271692198.92,2.5733,1.9048,0,0
2021-02-10,sz.300346,29.15,29.3,28.72,28.82,7522260.0,217809592.98,2.0351,-0.2423,0,0
2021-02-18,sz.300346,29.17,30.79,29.17,29.74,11510238.0,345370248.39,3.114,3.1922,0,0
2021-02-19,sz.300346,29.66,31.5,29.3,31.26,14483739.0,444384904.91,3.9185,5.111,0,0
2021-02-22,sz.300346,32.0,32.22,31.34,31.38,15084541.0,478948692.84,4.081,0.3839,0,0
2021-02-23,sz.300346,30.65,31.12,30.25,30.4,9584777.0,293430030.85,2.5931,-3.123,0,0
2021-02-24,sz.300346,30.4,32.05,30.38,31.05,14172080.0,444047255.55,3.8342,2.1382,0,0
2021-02-25,sz.300346,30.9,31.0,30.3,30.33,9067964.0,276776300.8,2.4533,-2.3188,0,0
2021-02-26,sz.300346,29.5,30.19,29.36,29.61,6433099.0,191531530.03,1.7404,-2.3739,0,0
2021-03-01,sz.300346,30.0,30.68,30.0,30.65,7591737.0,230865096.65,2.0539,3.5123,0,0
2021-03-02,sz.300346,30.74,31.02,30.31,30.5,8237989.0,252627315.0,2.2287,-0.4894,0,0
2021-03-03,sz.300346,30.35,30.73,29.93,30.48,6738463.0,204157468.27,1.823,-0.0656,0,0
2021-03-04,sz.300346,30.9,32.92,30.68,31.29,18765323.0,598365135.03,5.0768,2.6575,0,0
2021-03-05,sz.300346,29.97,32.05,29.44,31.84,14421848.0,443536411.16,3.9017,1.7578,0,0
2021-03-08,sz.300346,31.99,31.99,31.01,31.01,9724510.0,305628400.15,2.6309,-2.6068,0,0
2021-03-09,sz.300346,30.97,31.98,30.42,30.89,13202232.0,415141194.27,3.5718,-0.387,0,0
2021-03-10,sz.300346,31.11,31.45,29.71,30.51,10567337.0,320622469.51,2.8589,-1.2302,0,0
2021-03-11,sz.300346,30.16,31.5,29.2,30.84,13215511.0,401783589.04,3.5754,1.0816,0,0
2021-03-12,sz.300346,30.71,30.72,29.65,29.72,8664673.0,260006505.77,2.3442,-3.6316,0,0
2021-03-15,sz.300346,29.3,29.37,28.23,28.3,7934825.0,227981270.07,2.1467,-4.7779,0,0
2021-03-16,sz.300346,28.55,28.72,27.9,28.4,5332789.0,151367786.22,1.4427,0.3534,0,0
2021-03-17,sz.300346,28.6,29.04,28.34,28.72,4544062.0,130515294.2,1.2294,1.1268,0,0
2021-03-18,sz.300346,28.88,28.88,28.38,28.4,4325558.0,123275811.06,1.1702,-1.1142,0,0
2021-03-19,sz.300346,28.09,28.55,27.9,28.13,4954329.0,139692215.95,1.3404,-0.9507,0,0
2021-03-22,sz.300346,28.3,28.88,28.14,28.68,4888626.0,139149941.07,1.3226,1.9552,0,0
2021-03-23,sz.300346,30.4,32.89,30.3,31.08,29187898.0,926324714.28,7.8966,8.3682,0,0
2021-03-24,sz.300346,30.12,30.7,29.62,29.62,15301703.0,458926016.17,4.1398,-4.6976,0,0
2021-03-25,sz.300346,29.5,30.96,29.4,29.93,11830347.0,357920487.99,3.2006,1.0466,0,0
2021-03-26,sz.300346,30.0,30.47,29.3,30.27,11140376.0,333699991.18,3.0139,1.136,0,0
2021-03-29,sz.300346,30.28,30.88,30.04,30.09,10379652.0,316235288.65,2.8081,-0.5946,0,0
2021-03-30,sz.300346,29.72,29.99,29.39,29.62,8461626.0,250753668.82,2.2892,-1.562,0,0
2021-03-31,sz.300346,29.44,30.29,29.3,29.71,6103398.0,181166203.34,1.6512,0.3038,0,0
2021-04-01,sz.300346,29.88,30.48,29.62,30.22,9384039.0,283120489.63,2.5388,1.7166,0,0
2021-04-02,sz.300346,30.5,31.35,30.37,30.99,15636496.0,483348278.85,4.2303,2.548,0,0
2021-04-06,sz.300346,31.34,31.5,30.56,30.59,9390851.0,289627518.17,2.5406,-1.2907,0,0
2021-04-07,sz.300346,30.33,30.38,29.61,30.09,8379922.0,250805807.49,2.2671,-1.6345,0,0
2021-04-08,sz.300346,29.93,30.29,29.45,29.49,7268130.0,216569483.16,1.9663,-1.994,0,0
2021-04-09,sz.300346,29.53,29.78,29.05,29.14,5294238.0,155018968.03,1.4323,-1.1868,0,0
2021-04-12,sz.300346,29.11,29.58,28.87,28.9,4457624.0,129800423.71,1.206,-0.8236,0,0
2021-04-13,sz.300346,28.89,29.26,28.8,29.06,3434392.0,99629643.57,0.9291,0.5536,0,0
2021-04-14,sz.300346,29.0,29.45,29.0,29.39,4036819.0,118074608.85,1.0921,1.1356,0,0
2021-04-15,sz.300346,29.3,29.3,28.71,28.89,4436983.0,128301368.68,1.2004,-1.7013,0,0
2021-04-16,sz.300346,28.97,29.13,28.65,29.05,3825732.0,110562276.86,1.035,0.5538,0,0
2021-04-19,sz.300346,29.19,29.67,29.07,29.66,6704871.0,197567122.73,1.814,2.0998,0,0
2021-04-20,sz.300346,29.5,29.56,29.11,29.13,5110682.0,149923268.86,1.3827,-1.7869,0,0
2021-04-21,sz.300346,28.99,29.36,28.9,29.33,4020390.0,117225376.43,1.0877,0.6866,0,0
2021-04-22,sz.300346,29.33,29.9,29.3,29.42,6987320.0,206811796.41,1.8521,0.3069,0,0
2021-04-23,sz.300346,29.3,29.45,28.91,28.92,5563919.0,161609149.77,1.4748,-1.6995,0,0
2021-04-26,sz.300346,28.9,29.39,28.88,28.92,5404315.0,157259057.04,1.4325,0.0,0,0
2021-04-27,sz.300346,28.79,28.94,27.54,27.55,9194797.0,257324879.17,2.4373,-4.7372,0,0
2021-04-28,sz.300346,27.53,27.99,27.27,27.78,4221814.0,116825361.0,1.1191,0.8348,0,0
2021-04-29,sz.300346,27.8,28.72,27.75,28.05,6402267.0,181178456.73,1.697,0.9719,0,0
2021-04-30,sz.300346,27.9,28.0,27.51,27.57,4829477.0,133575663.91,1.2801,-1.7112,0,0
2021-05-06,sz.300346,27.53,28.1,27.4,27.66,3825264.0,106247852.51,1.014,0.3264,0,0
2021-05-07,sz.300346,27.67,27.97,27.31,27.44,4167747.0,115229934.94,1.1047,-0.7954,0,0
2021-05-10,sz.300346,27.5,27.65,25.74,25.95,8866453.0,233783906.71,2.3502,-5.43,0,0
2021-05-11,sz.300346,25.97,26.48,25.88,26.13,3959135.0,103371561.05,1.0494,0.6936,0,0
2021-05-12,sz.300346,26.63,28.39,26.63,27.7,11772057.0,325495477.13,3.1204,6.0084,0,0
2021-05-13,sz.300346,27.22,28.08,27.13,27.46,7375593.0,203925124.8,1.955,-0.8664,0,0
2021-05-14,sz.300346,27.98,28.2,27.65,27.8,6796704.0,189451002.91,1.8016,1.2382,0,0
2021-05-17,sz.300346,27.8,28.99,27.6,28.6,12731857.0,361792053.2,3.3748,2.8777,0,0
2021-05-18,sz.300346,28.58,28.58,27.94,28.16,6580629.0,185086668.02,1.7443,-1.5385,0,0
2021-05-19,sz.300346,28.08,28.52,27.91,28.11,6558418.0,184911010.89,1.7384,-0.1776,0,0
2021-05-20,sz.300346,28.0,28.1,27.46,27.59,5740293.0,159004405.39,1.5216,-1.8499,0,0
2021-05-21,sz.300346,27.79,27.87,27.0,27.0,4785387.0,130862410.49,1.2685,-2.1385,0,0
2021-05-24,sz.300346,27.0,27.83,27.0,27.75,6299396.0,173424720.36,1.6698,2.7778,0,0
2021-05-25,sz.300346,27.85,28.27,27.64,28.16,8142028.0,228389560.25,2.1582,1.4775,0,0
2021-05-26,sz.300346,28.15,28.37,27.91,27.92,5966868.0,167782722.98,1.5816,-0.8523,0,0
2021-05-27,sz.300346,28.5,31.68,28.5,30.59,35596598.0,1081816243.08,9.4356,9.7202,0,0
2021-05-28,sz.300346,30.42,30.48,29.87,29.97,20708451.0,624036217.42,5.4892,-2.0268,0,0
2021-05-31,sz.300346,30.51,31.83,30.38,31.5,26821810.0,838775627.45,7.1097,5.1051,0,0
2021-06-01,sz.300346,32.92,35.92,32.23,35.19,46431706.0,1609108877.12,12.3076,11.7143,0,0
2021-06-02,sz.300346,34.99,36.82,34.5,35.25,44835789.0,1591419726.54,11.8846,0.1705,0,0
2021-06-03,sz.300346,35.0,35.0,33.37,34.0,27908881.0,951849369.35,7.3978,-3.5461,0,0
2021-06-04,sz.300346,33.84,36.09,33.84,35.39,33062514.0,1159247863.68,8.7639,4.0882,0,0
2021-06-07,sz.300346,37.3,38.59,35.44,35.52,40625621.0,1498282814.49,10.7686,0.3673,0,0
2021-06-08,sz.300346,35.33,36.89,35.12,35.75,26874375.0,966179578.87,7.1236,0.6475,0,0
2021-06-09,sz.300346,35.28,37.58,34.7,36.99,32987487.0,1206671664.73,8.744,3.4685,0,0
2021-06-10,sz.300346,36.35,37.75,36.01,37.0,30424062.0,1118435514.84,8.0645,0.027,0,0
2021-06-11,sz.300346,36.5,36.58,35.25,35.58,26462230.0,946497872.13,7.0143,-3.8378,0,0
2021-06-15,sz.300346,35.58,36.96,34.75,34.75,23564677.0,849228999.04,6.2463,-2.3328,0,0
2021-06-16,sz.300346,34.33,36.25,34.33,34.83,21541810.0,761266922.73,5.7101,0.2302,0,0
2021-06-17,sz.300346,34.7,40.2,34.61,39.7,59771266.0,2266055986.45,15.8436,13.9822,0,0
2021-06-18,sz.300346,39.25,39.7,38.12,38.99,37245706.0,1450351359.27,9.8727,-1.7884,0,0
2021-06-21,sz.300346,38.72,39.9,38.57,39.0,30547094.0,1195836978.61,8.0971,0.0256,0,0
2021-06-22,sz.300346,39.1,39.1,37.38,38.06,24447862.0,929993651.18,6.4804,-2.4103,0,0
2021-06-23,sz.300346,38.06,40.97,38.0,39.3,38414251.0,1522400910.19,10.1825,3.258,0,0
2021-06-24,sz.300346,38.5,38.85,37.87,37.95,20162655.0,771061938.57,5.3445,-3.4351,0,0
2021-06-25,sz.300346,38.09,38.84,36.81,38.04,18658141.0,706137582.36,4.9457,0.2372,0,0
2021-06-28,sz.300346,38.23,38.93,37.75,38.33,17331784.0,665585064.82,4.5941,0.7624,0,0
2021-06-29,sz.300346,37.91,38.15,36.93,37.45,14950607.0,559414074.63,3.963,-2.2959,0,0
2021-06-30,sz.300346,37.7,39.75,37.56,38.68,25618484.0,996831987.44,6.7907,3.2844,0,0
2021-07-01,sz.300346,39.2,40.12,37.24,37.76,30003664.0,1164241425.33,7.9531,-2.3785,0,0
2021-07-02,sz.300346,37.0,37.48,35.5,36.52,22693117.0,831327107.59,6.0153,-3.2839,0,0
2021-07-05,sz.300346,37.01,38.36,36.93,37.73,16717429.0,627224089.46,4.4313,3.3133,0,0
2021-07-06,sz.300346,37.6,38.96,37.16,38.15,21323124.0,812039006.29,5.6521,1.1132,0,0
2021-07-07,sz.300346,37.37,38.69,36.8,38.41,18613585.0,705058330.57,4.9339,0.6815,0,0
2021-07-08,sz.300346,38.39,41.3,38.39,40.03,40559022.0,1624440719.76,10.751,4.2177,0,0
2021-07-09,sz.300346,39.3,41.17,39.01,40.16,29899355.0,1199203749.84,7.9254,0.3248,0,0
2021-07-12,sz.300346,40.25,43.0,39.51,42.65,40078749.0,1675545099.43,10.6237,6.2002,0,0
2021-07-13,sz.300346,42.2,42.5,39.7,40.12,32239117.0,1317511639.88,8.4714,-5.932,0,0
2021-07-14,sz.300346,39.98,41.28,38.98,39.04,20957323.0,840041575.85,5.5069,-2.6919,0,0
2021-07-15,sz.300346,38.6,39.78,38.0,39.46,15883570.0,617445697.69,4.1659,1.0758,0,0
2021-07-16,sz.300346,39.15,40.57,38.4,38.44,17702344.0,698231407.18,4.6429,-2.5849,0,0
2021-07-19,sz.300346,37.87,37.9,36.54,36.78,18581356.0,689360708.52,4.8734,-4.3184,0,0
2021-07-20,sz.300346,36.45,37.7,36.27,37.62,11718257.0,434694895.39,3.0734,2.2838,0,0
2021-07-21,sz.300346,37.95,42.43,37.5,41.05,37018586.0,1491863985.15,9.7091,9.1175,0,0
2021-07-22,sz.300346,41.31,49.26,40.86,49.26,64069540.0,2971199752.3,16.8039,20.0,1,0
2021-07-23,sz.300346,52.0,52.26,48.3,48.5,70578115.0,3519678111.83,18.5109,-1.5428,0,0
2021-07-26,sz.300346,49.01,50.45,47.1,48.26,45297558.0,2209952882.49,11.8805,-0.4948,0,0
2021-07-27,sz.300346,50.0,55.89,48.7,50.6,75829789.0,3918505961.51,19.8883,4.8487,0,0
2021-07-28,sz.300346,51.73,59.88,51.5,58.3,80688083.0,4520177946.44,21.1626,15.2174,0,0
2021-07-29,sz.300346,57.98,69.96,56.3,69.96,94451851.0,5976097359.39,24.7725,20.0,1,0
2021-07-30,sz.300346,71.0,83.58,70.0,82.28,88495463.0,6840522212.15,23.2102,17.6101,0,0
2021-08-02,sz.300346,77.0,82.85,76.0,80.0,77072689.0,6070827412.39,20.2143,-2.771,0,0
2021-08-03,sz.300346,77.9,79.6,71.0,73.73,72787661.0,5469090987.25,19.0905,-7.8375,0,0
2021-08-04,sz.300346,73.81,76.85,70.78,74.22,72783248.0,5397520399.04,19.0893,0.6646,0,0
2021-08-05,sz.300346,71.79,72.72,68.46,70.0,51470760.0,3635670892.3,13.4995,-5.6858,0,0
2021-08-06,sz.300346,72.05,72.72,68.08,70.6,49048447.0,3468876487.02,12.8642,0.8571,0,0
2021-08-09,sz.300346,67.8,70.24,65.16,68.8,41635343.0,2812010115.48,10.92,-2.5496,0,0
2021-08-10,sz.300346,69.0,72.68,66.16,71.72,51646761.0,3615778838.32,13.5457,4.2442,0,0
2021-08-11,sz.300346,70.0,71.15,67.6,67.64,43929159.0,3034154713.84,11.5216,-5.6888,0,0
2021-08-12,sz.300346,69.02,72.89,68.5,69.16,48691264.0,3437017935.54,12.7706,2.2472,0,0
2021-08-13,sz.300346,66.6,68.38,64.51,64.63,48084668.0,3176760645.62,12.6115,-6.55,0,0
2021-08-16,sz.300346,65.51,68.73,65.0,66.28,37231597.0,2486175908.56,9.765,2.553,0,0
2021-08-17,sz.300346,67.53,68.93,64.8,66.31,36291686.0,2419452749.74,9.497,0.0453,0,0
2021-08-18,sz.300346,65.58,66.2,61.51,62.78,42258114.0,2665660108.8,11.0584,-5.3235,0,0
2021-08-19,sz.300346,63.12,63.99,60.61,61.8,32030335.0,1996683458.96,8.3819,-1.561,0,0
2021-08-20,sz.300346,63.0,63.5,60.4,60.94,28521165.0,1761776357.13,7.4636,-1.3916,0,0
2021-08-23,sz.300346,61.04,62.89,61.0,62.15,28394400.0,1763689636.74,7.4304,1.9856,0,0
2021-08-24,sz.300346,62.85,67.65,60.8,66.08,48840265.0,3167936289.74,12.7808,6.3234,0,0
2021-08-25,sz.300346,65.96,65.96,63.22,63.8,27939997.0,1788313896.61,7.3115,-3.4504,0,0
2021-08-26,sz.300346,64.08,64.88,61.6,61.81,24922205.0,1577008344.8,6.5218,-3.1191,0,0
2021-08-27,sz.300346,61.0,62.64,57.2,58.22,38747677.0,2290625050.61,10.1397,-5.8081,0,0
2021-08-30,sz.300346,58.01,60.12,57.55,58.27,25185573.0,1476554381.82,6.5907,0.0859,0,0
2021-08-31,sz.300346,57.64,57.8,55.46,56.49,24425881.0,1377420562.5,6.3919,-3.0547,0,0
2021-09-01,sz.300346,56.79,57.82,55.0,56.29,23784859.0,1342796234.21,6.2242,-0.354,0,0
2021-09-02,sz.300346,55.9,56.66,53.73,54.32,23451858.0,1285115639.2,6.137,-3.4997,0,0
2021-09-03,sz.300346,54.33,59.19,53.32,56.23,43406592.0,2457199938.12,11.3589,3.5162,0,0
2021-09-06,sz.300346,55.5,58.37,54.28,57.59,30869355.0,1758851511.92,8.0781,2.4186,0,0
2021-09-07,sz.300346,55.11,56.46,54.22,55.92,30076812.0,1665315521.03,7.8707,-2.8998,0,0
2021-09-08,sz.300346,56.26,64.4,55.28,63.4,55653222.0,3309419502.86,14.5637,13.3763,0,0
2021-09-09,sz.300346,61.38,62.3,59.01,60.0,37518149.0,2260491669.31,9.818,-5.3628,0,0
2021-09-10,sz.300346,59.6,67.65,59.45,64.51,53677670.0,3472399654.17,14.0467,7.5167,0,0
2021-09-13,sz.300346,64.12,68.9,63.29,63.98,45278240.0,2975267816.54,11.8487,-0.8216,0,0
2021-09-14,sz.300346,63.7,65.65,60.68,62.05,39809061.0,2513690405.48,10.4175,-3.0166,0,0
2021-09-15,sz.300346,60.75,60.97,58.08,60.03,27593898.0,1644712202.5,7.2209,-3.2554,0,0
2021-09-16,sz.300346,59.81,60.5,56.46,56.6,23124409.0,1349831987.59,6.0513,-5.7138,0,0
2021-09-17,sz.300346,57.06,59.89,56.46,58.33,24172560.0,1409265966.94,6.3256,3.0565,0,0
2021-09-22,sz.300346,57.4,61.68,57.03,60.06,23811366.0,1436086170.73,6.2311,2.9659,0,0
2021-09-23,sz.300346,60.62,64.5,58.69,62.94,33646029.0,2087315863.57,8.8047,4.7952,0,0
2021-09-24,sz.300346,62.0,63.81,60.03,60.18,24130669.0,1492710788.35,6.3147,-4.3851,0,0
2021-09-27,sz.300346,59.92,61.79,53.41,54.13,34230403.0,1956399738.99,8.9576,-10.0532,0,0
2021-09-28,sz.300346,53.81,55.5,52.26,52.91,24843244.0,1331688087.76,6.5011,-2.2538,0,0
2021-09-29,sz.300346,51.8,52.88,49.99,50.0,23110984.0,1178807133.44,6.0478,-5.4999,0,0
2021-09-30,sz.300346,50.98,51.83,50.2,51.29,14349970.0,734152076.31,3.7552,2.58,0,0
2021-10-08,sz.300346,52.31,53.87,51.02,51.33,15677583.0,817724862.74,4.1026,0.078,0,0
2021-10-11,sz.300346,50.86,52.2,50.55,51.07,11075287.0,567303199.24,2.8982,-0.5065,0,0
2021-10-12,sz.300346,50.8,51.49,48.67,49.5,13992457.0,695374662.14,3.6616,-3.0742,0,0
2021-10-13,sz.300346,49.71,50.78,49.25,50.65,10924653.0,548504993.0,2.8588,2.3232,0,0
2021-10-14,sz.300346,50.37,51.19,49.18,50.82,11683408.0,587463541.87,3.0574,0.3356,0,0
2021-10-15,sz.300346,50.9,52.75,50.7,51.83,21773275.0,1130213822.63,5.6978,1.9874,0,0
2021-10-18,sz.300346,50.76,52.63,50.43,52.18,14570429.0,750384778.02,3.8129,0.6753,0,0
2021-10-19,sz.300346,51.99,53.08,51.58,52.67,13236742.0,693085866.54,3.4639,0.9391,0,0
2021-10-20,sz.300346,52.67,54.52,51.94,53.32,19873940.0,1063920645.08,5.2007,1.2341,0,0
2021-10-21,sz.300346,53.0,53.31,51.46,51.48,14667702.0,765926095.99,3.8383,-3.4509,0,0
2021-10-22,sz.300346,52.93,58.17,52.6,55.86,39221258.0,2193573236.74,10.2637,8.5082,0,0
2021-10-25,sz.300346,55.86,55.91,53.79,55.6,23817183.0,1303667151.14,6.2326,-0.4654,0,0
2021-10-26,sz.300346,55.05,58.18,54.54,56.94,27528652.0,1556076379.81,7.2039,2.4101,0,0
2021-10-27,sz.300346,56.0,58.12,55.78,55.93,20190928.0,1144146979.36,5.2837,-1.7738,0,0
2021-10-28,sz.300346,56.6,57.98,50.98,51.12,33435488.0,1806445249.03,8.7496,-8.6,0,0
2021-10-29,sz.300346,50.82,53.38,50.71,52.11,20337629.0,1062129877.62,5.3221,1.9366,0,0
2021-11-01,sz.300346,52.5,53.29,51.0,52.9,16283012.0,850848602.05,4.261,1.516,0,0
2021-11-02,sz.300346,52.95,54.9,52.05,52.21,21563182.0,1152595656.2,5.6428,-1.3043,0,0
2021-11-03,sz.300346,52.21,54.37,52.21,52.85,15706927.0,835013223.8,4.1103,1.2258,0,0
2021-11-04,sz.300346,53.31,55.73,52.92,54.69,24167140.0,1318630252.21,6.3242,3.4816,0,0
2021-11-05,sz.300346,55.85,56.5,53.99,54.18,19825908.0,1089075997.46,5.1882,-0.9325,0,0
2021-11-08,sz.300346,53.06,53.18,50.5,52.23,20086750.0,1039158889.78,5.2564,-3.5991,0,0
2021-11-09,sz.300346,52.43,54.32,51.85,53.88,21447012.0,1141963652.86,5.6124,3.1591,0,0
2021-11-10,sz.300346,53.3,56.15,53.1,55.74,26021474.0,1425606887.25,6.8095,3.4521,0,0
2021-11-11,sz.300346,55.01,61.32,54.7,58.52,44226967.0,2567735755.43,11.5736,4.9874,0,0
2021-11-12,sz.300346,58.0,60.55,57.51,59.34,32026063.0,1902312496.56,8.3808,1.4012,0,0
2021-11-15,sz.300346,59.66,60.31,57.56,57.72,24818512.0,1459130675.06,6.4947,-2.73,0,0
2021-11-16,sz.300346,57.7,58.58,56.0,56.64,21129863.0,1211879151.51,5.5294,-1.8711,0,0
2021-11-17,sz.300346,56.31,58.3,56.16,57.95,19022833.0,1089636039.03,4.978,2.3129,0,0
2021-11-18,sz.300346,57.49,58.16,56.38,56.5,15946788.0,908998861.53,4.1731,-2.5022,0,0
2021-11-19,sz.300346,56.9,57.87,55.55,56.08,17942344.0,1013925701.16,4.6953,-0.7434,0,0
2021-11-22,sz.300346,55.8,58.85,55.62,58.51,26824488.0,1549336782.66,7.0196,4.3331,0,0
2021-11-23,sz.300346,58.0,59.57,57.44,57.91,25250519.0,1474597567.69,6.6077,-1.0255,0,0
2021-11-24,sz.300346,57.49,58.4,55.92,56.0,24266437.0,1378487488.78,6.3502,-3.2982,0,0
2021-11-25,sz.300346,55.6,57.5,55.22,56.15,16356317.0,923599894.84,4.2802,0.2679,0,0
2021-11-26,sz.300346,57.0,57.06,53.6,53.8,21560947.0,1185717423.96,5.6422,-4.1852,0,0
2021-11-29,sz.300346,52.69,54.71,52.6,54.09,11527033.0,620956094.64,3.0165,0.539,0,0
2021-11-30,sz.300346,54.45,55.49,53.7,54.27,12856372.0,703024757.42,3.3643,0.3328,0,0
2021-12-01,sz.300346,53.98,56.1,53.82,55.08,13978000.0,770765640.69,3.6578,1.4925,0,0
2021-12-02,sz.300346,55.0,55.49,53.68,53.71,12219590.0,664458006.04,3.1977,-2.4873,0,0
2021-12-03,sz.300346,53.99,55.49,53.68,55.1,14603719.0,798655866.9,3.8216,2.588,0,0
2021-12-06,sz.300346,55.7,55.85,53.09,53.4,14071544.0,761160308.39,3.6823,-3.0853,0,0
2021-12-07,sz.300346,53.6,53.8,49.71,50.22,21734796.0,1105717421.02,5.6877,-5.9551,0,0
2021-12-08,sz.300346,50.55,51.46,50.45,51.17,10920021.0,556674435.38,2.8576,1.8917,0,0
2021-12-09,sz.300346,51.15,52.35,50.6,51.51,14492384.0,744272876.42,3.7925,0.6645,0,0
2021-12-10,sz.300346,51.52,51.77,50.68,51.28,9881324.0,506052538.49,2.5858,-0.4465,0,0
2021-12-13,sz.300346,52.0,52.18,51.03,51.24,9333123.0,480128077.77,2.4423,-0.078,0,0
2021-12-14,sz.300346,51.03,52.23,50.81,51.63,9700767.0,500318545.62,2.5386,0.7611,0,0
2021-12-15,sz.300346,51.4,52.36,50.6,50.73,10309142.0,528860275.64,2.6978,-1.7432,0,0
2021-12-16,sz.300346,51.2,52.3,50.81,51.39,11111751.0,572413303.48,2.9078,1.301,0,0
2021-12-17,sz.300346,51.4,51.4,49.0,49.19,15945604.0,794790585.94,4.1727,-4.281,0,0
2021-12-20,sz.300346,49.0,49.56,47.75,47.76,10040176.0,486436069.21,2.6274,-2.9071,0,0
2021-12-21,sz.300346,47.79,48.7,47.79,48.37,6489287.0,313417265.95,1.6982,1.2772,0,0
2021-12-22,sz.300346,48.38,49.13,48.1,48.29,7617354.0,370782514.02,1.9934,-0.1654,0,0
2021-12-23,sz.300346,48.33,48.6,47.53,47.6,8295900.0,397686531.74,2.1709,-1.4289,0,0
2021-12-24,sz.300346,47.83,47.94,45.46,46.0,11682353.0,541184280.64,3.0571,-3.3613,0,0
2021-12-27,sz.300346,45.95,46.46,44.98,45.27,8439454.0,384887592.75,2.2085,-1.587,0,0
2021-12-28,sz.300346,45.52,46.56,45.49,46.5,8549298.0,393395369.98,2.2372,2.717,0,0
2021-12-29,sz.300346,46.2,46.64,45.9,46.09,6408314.0,296064701.48,1.677,-0.8817,0,0
2021-12-30,sz.300346,46.15,46.89,46.13,46.3,8138321.0,378374518.88,2.1297,0.4556,0,0
2021-12-31,sz.300346,46.58,46.75,45.91,46.44,5928478.0,274905458.81,1.5514,0.3024,0,0
2022-01-04,sz.300346,46.79,47.4,45.92,47.21,9153820.0,428390815.17,2.3954,1.6581,0,0
2022-01-05,sz.300346,47.0,47.03,44.96,45.06,10823392.0,495988838.24,2.8323,-4.5541,0,0
2022-01-06,sz.300346,44.81,46.41,44.48,45.75,8695163.0,395232188.89,2.2754,1.5313,0,0
2022-01-07,sz.300346,45.5,46.11,44.9,44.91,7420735.0,337297394.45,1.9419,-1.8361,0,0
2022-01-10,sz.300346,45.1,45.77,43.56,45.62,9330669.0,418453198.99,2.4417,1.5809,0,0
2022-01-11,sz.300346,45.45,46.5,45.12,45.72,8148498.0,373540024.08,2.1323,0.2192,0,0
2022-01-12,sz.300346,45.99,46.48,45.66,46.37,8222141.0,379601880.29,2.1516,1.4217,0,0
2022-01-13,sz.300346,46.29,46.35,45.0,45.01,7185520.0,327359758.27,1.8804,-2.9329,0,0
2022-01-14,sz.300346,44.88,46.13,44.78,45.34,7384302.0,336535060.01,1.9324,0.7332,0,0
2022-01-17,sz.300346,45.48,46.76,45.4,46.53,9621759.0,444490043.44,2.5179,2.6246,0,0
2022-01-18,sz.300346,46.88,47.67,46.28,46.57,11449411.0,537871513.11,2.9962,0.086,0,0
2022-01-19,sz.300346,46.5,46.5,45.06,45.28,7409038.0,337010303.72,1.9388,-2.77,0,0
2022-01-20,sz.300346,45.3,45.55,43.81,43.83,7432629.0,330659499.25,1.945,-3.2023,0,0
2022-01-21,sz.300346,43.88,44.2,42.42,42.63,6965751.0,300213353.37,1.8228,-2.7379,0,0
2022-01-24,sz.300346,42.3,43.48,42.01,43.33,5259888.0,226451075.3,1.3764,1.642,0,0
2022-01-25,sz.300346,43.0,43.59,42.1,42.1,6213370.0,265558623.02,1.626,-2.8387,0,0
2022-01-26,sz.300346,42.45,42.8,41.53,42.46,4920849.0,207882372.62,1.2877,0.8551,0,0
2022-01-27,sz.300346,42.39,42.67,40.36,40.4,7328513.0,303323213.7,1.9178,-4.8516,0,0
2022-01-28,sz.300346,40.45,42.2,40.45,41.22,8148546.0,338125289.59,2.1324,2.0297,0,0
2022-02-07,sz.300346,42.6,42.6,41.26,41.36,5216076.0,218111723.65,1.365,0.3396,0,0
2022-02-08,sz.300346,41.25,41.79,40.7,41.77,5065642.0,209269067.78,1.3256,0.9913,0,0
2022-02-09,sz.300346,41.99,42.6,41.6,42.34,5668835.0,239124600.77,1.4835,1.3646,0,0
2022-02-10,sz.300346,42.25,42.76,41.93,42.2,4857514.0,205296117.69,1.2711,-0.3307,0,0
2022-02-11,sz.300346,42.25,42.33,40.8,40.95,5746584.0,237876132.47,1.5038,-2.9621,0,0
2022-02-14,sz.300346,40.3,41.45,39.9,40.57,4975644.0,203179760.24,1.3021,-0.928,0,0
2022-02-15,sz.300346,40.75,42.2,40.62,41.99,7710849.0,321920688.47,2.0178,3.5001,0,0
2022-02-16,sz.300346,42.29,42.39,41.74,41.91,4690202.0,196942587.11,1.2274,-0.1905,0,0
2022-02-17,sz.300346,41.91,42.89,41.61,42.2,7791130.0,329489368.56,2.0388,0.692,0,0
2022-02-18,sz.300346,41.61,41.97,41.31,41.88,5801181.0,241456648.47,1.512,-0.7583,0,0
2022-02-21,sz.300346,42.18,42.86,40.87,41.18,13056377.0,541382657.41,3.2758,-1.6714,0,0
2022-02-22,sz.300346,40.76,41.9,40.08,41.28,9536254.0,390578776.96,2.3926,0.2428,0,0
2022-02-23,sz.300346,41.29,45.5,41.1,44.89,27591284.0,1219943874.12,6.9225,8.7452,0,0
2022-02-24,sz.300346,44.4,45.1,42.97,44.01,18335328.0,806702879.1,4.6002,-1.9603,0,0
2022-02-25,sz.300346,45.04,45.39,43.63,43.89,13338321.0,591595900.96,3.3465,-0.2727,0,0
2022-02-28,sz.300346,43.92,44.53,43.7,44.23,9487084.0,419118512.0,2.3802,0.7747,0,0
2022-03-01,sz.300346,44.33,44.47,43.38,43.93,8632693.0,377902160.0,2.1659,-0.6783,0,0
2022-03-02,sz.300346,43.5,43.85,43.2,43.55,6913846.0,300605216.0,1.7346,-0.865,0,0
2022-03-03,sz.300346,44.15,44.44,42.26,42.4,11157173.0,481503744.0,2.7993,-2.6406,0,0
2022-03-04,sz.300346,41.59,44.37,41.46,42.71,12526069.0,541076144.0,3.1427,0.7311,0,0
2022-03-07,sz.300346,42.22,42.67,40.62,40.9,9873636.0,407782464.0,2.4772,-4.2379,0,0
2022-03-08,sz.300346,41.01,43.27,40.2,41.95,15144873.0,633978112.0,3.7997,2.5672,0,0
2022-03-09,sz.300346,42.1,43.44,40.96,43.39,17410880.0,742870656.0,4.3683,3.4327,0,0
2022-03-10,sz.300346,44.6,44.8,42.76,42.78,15169565.0,659077040.0,3.8059,-1.4059,0,0
2022-03-11,sz.300346,41.8,42.64,41.18,42.25,9987641.0,418439600.0,2.5058,-1.2389,0,0
2022-03-14,sz.300346,41.51,42.1,40.7,40.74,7597298.0,314456192.0,1.9061,-3.574,0,0
2022-03-15,sz.300346,40.55,41.41,39.19,39.19,11699644.0,470928816.0,2.9354,-3.8046,0,0
2022-03-16,sz.300346,40.03,40.53,37.41,40.15,15514457.0,605989936.0,3.8925,2.4496,0,0
2022-03-17,sz.300346,41.8,45.4,41.38,43.96,39329188.0,1729796736.0,9.8674,9.4894,0,0
2022-03-18,sz.300346,43.7,45.36,43.21,44.04,25340465.0,1122830455.23,6.3578,0.182,0,0
2022-03-21,sz.300346,43.75,44.9,43.33,44.16,16971894.0,747984024.56,4.2581,0.2725,0,0
2022-03-22,sz.300346,44.17,44.2,43.32,43.44,10369137.0,453391475.85,2.6015,-1.6304,0,0
2022-03-23,sz.300346,43.7,44.62,42.91,44.19,15139346.0,664155119.2,3.7984,1.7265,0,0
2022-03-24,sz.300346,43.64,43.64,42.3,42.58,12491978.0,534300008.93,3.1342,-3.6434,0,0
2022-03-25,sz.300346,43.02,43.64,41.86,41.9,9230615.0,394384065.18,2.3159,-1.597,0,0
2022-03-28,sz.300346,41.42,42.55,41.15,42.07,7015456.0,294212470.16,1.7601,0.4057,0,0
2022-03-29,sz.300346,42.25,42.28,40.27,40.4,10122878.0,415374814.41,2.5398,-3.9696,0,0
2022-03-30,sz.300346,40.55,41.96,40.5,41.53,8391193.0,345247421.99,2.1053,2.797,0,0
2022-03-31,sz.300346,42.45,42.49,40.59,40.64,9524633.0,392621552.83,2.3897,-2.143,0,0
2022-04-01,sz.300346,40.43,41.28,40.0,40.66,6427396.0,261072066.05,1.6126,0.0492,0,0
2022-04-06,sz.300346,40.3,40.63,39.0,39.6,8801013.0,348178819.65,2.2081,-2.607,0,0
2022-04-07,sz.300346,39.3,39.98,38.35,38.35,7138095.0,278114520.88,1.7909,-3.1566,0,0
2022-04-08,sz.300346,38.55,40.93,38.0,39.46,11937584.0,471835198.12,2.9951,2.8944,0,0
2022-04-11,sz.300346,38.62,40.14,38.4,39.02,9259255.0,361901212.33,2.3231,-1.1151,0,0
2022-04-12,sz.300346,38.6,40.45,38.6,39.92,9648928.0,381620265.76,2.4209,2.3065,0,0
2022-04-13,sz.300346,39.41,40.85,39.33,39.63,10336046.0,414511131.58,2.5932,-0.7265,0,0
2022-04-14,sz.300346,40.21,41.5,39.91,40.74,14333416.0,583354129.12,3.5962,2.8009,0,0
2022-04-15,sz.300346,40.2,40.23,38.38,38.74,12555811.0,491908613.88,3.1815,-4.9092,0,0
2022-04-18,sz.300346,38.38,39.8,38.0,39.5,8578146.0,336903476.46,2.1736,1.9618,0,0
2022-04-19,sz.300346,39.5,39.79,39.02,39.19,5718919.0,225062320.31,1.4491,-0.7848,0,0
2022-04-20,sz.300346,39.6,40.3,38.64,39.0,8301446.0,328485659.26,2.1035,-0.4848,0,0
2022-04-21,sz.300346,38.5,39.66,38.22,38.27,7471761.0,290070461.01,1.8933,-1.8718,0,0
2022-04-22,sz.300346,38.04,38.26,33.99,34.01,17756716.0,633821699.34,4.4993,-11.1314,0,0
2022-04-25,sz.300346,33.0,33.14,30.66,30.78,16148573.0,517037233.28,4.0919,-9.4972,0,0
2022-04-26,sz.300346,31.1,31.39,29.25,29.33,13152908.0,398947749.21,3.3328,-4.7109,0,0
2022-04-27,sz.300346,29.01,31.0,28.34,30.96,15552664.0,463621606.37,3.9409,5.5574,0,0
2022-04-28,sz.300346,30.48,31.08,30.03,30.33,9424704.0,287486554.25,2.3881,-2.0349,0,0
2022-04-29,sz.300346,31.51,34.42,31.28,33.9,22627366.0,745183596.6,5.7336,11.7705,0,0
2022-05-05,sz.300346,34.0,34.69,33.75,34.18,12972617.0,444125178.33,3.2872,0.826,0,0
2022-05-06,sz.300346,33.14,35.6,33.14,34.57,12864083.0,443587808.84,3.2597,1.141,0,0
2022-05-09,sz.300346,34.2,35.54,34.2,34.87,8064351.0,282079731.03,2.0434,0.8678,0,0
2022-05-10,sz.300346,26.71,28.35,26.37,27.55,17534264.0,486197285.4,3.4177,2.8753,0,0
2022-05-11,sz.300346,27.48,29.88,27.46,28.55,26789883.0,776778282.79,5.2218,3.6298,0,0
2022-05-12,sz.300346,28.3,29.33,28.26,28.79,17249838.0,494683390.7,3.3623,0.8406,0,0
2022-05-13,sz.300346,28.64,29.15,28.42,28.84,11517037.0,331451661.58,2.2449,0.1737,0,0
2022-05-16,sz.300346,28.8,29.26,28.45,28.57,10493218.0,302156683.43,2.0453,-0.9362,0,0
2022-05-17,sz.300346,28.7,29.28,28.3,29.11,13931793.0,403731661.0,2.7155,1.8901,0,0
2022-05-18,sz.300346,29.02,29.55,28.95,28.96,11049431.0,322760347.36,2.1537,-0.5153,0,0
2022-05-19,sz.300346,28.37,29.65,28.25,29.44,14718236.0,429554166.1,2.8688,1.6575,0,0
2022-05-20,sz.300346,29.45,30.15,29.36,29.93,14144471.0,420442755.51,2.757,1.6644,0,0
2022-05-23,sz.300346,29.9,30.78,29.83,30.65,16108338.0,490015022.31,3.1398,2.4056,0,0
2022-05-24,sz.300346,30.91,31.1,29.28,29.34,18752683.0,566962142.89,3.6552,-4.2741,0,0
2022-05-25,sz.300346,29.55,30.3,29.12,29.6,14276137.0,423442451.45,2.7827,0.8862,0,0
2022-05-26,sz.300346,30.0,30.26,29.1,29.66,13178952.0,390767222.18,2.5688,0.2027,0,0
2022-05-27,sz.300346,29.5,30.05,28.81,29.11,13288902.0,390327018.68,2.5902,-1.8543,0,0
2022-05-30,sz.300346,29.3,29.5,28.8,29.15,8895132.0,258835863.42,1.7338,0.1374,0,0
2022-05-31,sz.300346,29.1,30.1,28.78,29.86,16625330.0,491073682.76,3.2406,2.4357,0,0
2022-06-01,sz.300346,29.75,30.19,29.35,29.68,11851858.0,352458048.48,2.3101,-0.6028,0,0
2022-06-02,sz.300346,29.67,30.79,29.45,30.46,20561891.0,625221542.03,4.0079,2.628,0,0
2022-06-06,sz.300346,31.66,31.88,31.01,31.33,24734725.0,776548887.06,4.8212,2.8562,0,0
2022-06-07,sz.300346,31.38,31.51,30.61,30.88,16459098.0,509719947.8,3.2082,-1.4363,0,0
2022-06-08,sz.300346,30.88,31.22,30.22,31.06,14362416.0,442533287.39,2.7995,0.5829,0,0
2022-06-09,sz.300346,31.01,31.03,29.67,29.92,12625296.0,380206431.56,2.4609,-3.6703,0,0
2022-06-10,sz.300346,29.7,30.83,29.59,30.71,14774591.0,448785970.14,2.8798,2.6404,0,0
2022-06-13,sz.300346,30.35,31.49,30.32,31.19,16305678.0,507272426.1,3.1783,1.563,0,0
2022-06-14,sz.300346,30.81,30.95,29.49,30.54,15023280.0,452522616.76,2.9283,-2.084,0,0
2022-06-15,sz.300346,30.48,32.33,30.27,31.1,21820332.0,686519093.09,4.2532,1.8337,0,0
2022-06-16,sz.300346,31.02,32.58,31.0,32.19,29636802.0,950844515.62,5.7767,3.5048,0,0
2022-06-17,sz.300346,31.9,32.29,31.38,31.95,18586011.0,591819855.26,3.6227,-0.7456,0,0
2022-06-20,sz.300346,31.8,32.53,31.55,32.16,18251795.0,584723644.16,3.5576,0.6573,0,0
2022-06-21,sz.300346,32.66,33.35,31.85,32.48,29866531.0,974638490.83,5.8215,0.995,0,0
2022-06-22,sz.300346,32.2,32.32,31.0,31.0,20444446.0,642623704.96,3.985,-4.5567,0,0
2022-06-23,sz.300346,30.62,31.68,30.62,31.6,14034492.0,440651697.24,2.7356,1.9355,0,0
2022-06-24,sz.300346,31.69,32.55,31.45,32.06,18954891.0,606323410.29,3.6946,1.4557,0,0
2022-06-27,sz.300346,32.3,32.8,31.72,32.44,20888341.0,674409717.08,4.0715,1.1853,0,0
2022-06-28,sz.300346,32.27,34.2,31.6,33.78,35356563.0,1164569167.97,6.8916,4.1307,0,0
2022-06-29,sz.300346,33.1,35.25,33.01,34.0,41282664.0,1418449091.18,8.0467,0.6513,0,0
2022-06-30,sz.300346,34.46,36.27,34.08,35.98,45437425.0,1605346108.13,8.8565,5.8235,0,0
2022-07-01,sz.300346,36.02,36.22,34.81,35.48,30085202.0,1064335747.77,5.8641,-1.3897,0,0
2022-07-04,sz.300346,34.75,34.8,33.32,33.95,25274673.0,854825938.55,4.9265,-4.3123,0,0
2022-07-05,sz.300346,33.91,34.63,33.69,34.32,21252133.0,725592448.31,4.1424,1.0898,0,0
2022-07-06,sz.300346,34.01,35.6,34.01,34.78,25684507.0,898222464.75,5.0064,1.3403,0,0
2022-07-07,sz.300346,34.05,34.48,32.81,33.49,26059153.0,872134807.36,5.0794,-3.709,0,0
2022-07-08,sz.300346,33.69,34.05,32.95,32.95,16802816.0,561468182.88,3.2752,-1.6124,0,0
2022-07-11,sz.300346,32.72,32.75,31.5,32.0,15526753.0,496254913.09,3.0264,-2.8832,0,0
2022-07-12,sz.300346,32.0,32.38,30.8,30.83,14358050.0,447843931.26,2.7986,-3.6563,0,0
2022-07-13,sz.300346,31.3,31.38,30.61,30.89,9779545.0,302555856.33,1.9062,0.1946,0,0
2022-07-14,sz.300346,30.89,31.78,30.6,31.47,12609145.0,395668903.69,2.4577,1.8776,0,0
2022-07-15,sz.300346,31.25,32.39,31.1,31.11,14541867.0,463114896.54,2.8345,-1.1439,0,0
2022-07-18,sz.300346,31.43,31.6,30.4,31.57,13183687.0,409751061.61,2.5697,1.4786,0,0
2022-07-19,sz.300346,31.45,32.25,31.1,32.11,16012836.0,508393548.88,3.1212,1.7105,0,0
2022-07-20,sz.300346,32.2,32.76,31.81,31.85,14578733.0,469964681.55,2.8416,-0.8097,0,0
2022-07-21,sz.300346,31.99,33.29,31.43,32.81,24812215.0,813079501.42,4.8363,3.0141,0,0
2022-07-22,sz.300346,32.8,32.99,31.63,32.25,17034263.0,548230344.63,3.3203,-1.7068,0,0
2022-07-25,sz.300346,32.25,32.83,31.51,31.6,11004793.0,353522245.21,2.145,-2.0155,0,0
2022-07-26,sz.300346,31.57,31.85,30.8,31.82,9494471.0,298152382.95,1.8506,0.6962,0,0
2022-07-27,sz.300346,31.61,31.76,31.18,31.29,9207522.0,289088252.15,1.7947,-1.6656,0,0
2022-07-28,sz.300346,31.66,32.67,31.6,31.99,17898840.0,577650555.5,3.4888,2.2371,0,0
2022-07-29,sz.300346,31.99,32.1,30.82,30.89,16312921.0,510471165.71,3.1797,-3.4386,0,0
2022-08-01,sz.300346,30.84,33.2,30.4,33.03,29743724.0,959127638.28,5.7976,6.9278,0,0
2022-08-02,sz.300346,32.53,33.83,31.81,33.1,36134863.0,1186507428.96,7.0433,0.2119,0,0
2022-08-03,sz.300346,33.1,37.16,33.1,35.25,58337494.0,2044511069.05,11.371,6.4955,0,0
2022-08-04,sz.300346,35.96,36.45,34.8,34.95,39754641.0,1411030362.16,7.7489,-0.8511,0,0
2022-08-05,sz.300346,35.4,38.0,34.8,37.39,54287310.0,1990668238.4,10.5815,6.9814,0,0
2022-08-08,sz.300346,36.86,37.66,35.9,37.0,41825296.0,1532346336.32,8.1525,-1.0431,0,0
2022-08-09,sz.300346,36.4,36.9,35.26,36.88,35483245.0,1274074836.81,6.9163,-0.3243,0,0
2022-08-10,sz.300346,35.89,40.01,35.77,38.47,55800258.0,2148645094.79,10.8764,4.3113,0,0
2022-08-11,sz.300346,38.71,39.24,37.91,38.47,35460375.0,1368792110.38,6.9118,0.0,0,0
2022-08-12,sz.300346,37.99,38.73,36.77,36.79,33360754.0,1257631433.77,6.5026,-4.367,0,0
2022-08-15,sz.300346,38.18,38.38,36.93,37.18,24053353.0,900762370.9,4.6884,1.0601,0,0
2022-08-16,sz.300346,36.7,37.64,36.09,37.34,24407225.0,902267468.08,4.7574,0.4303,0,0
2022-08-17,sz.300346,36.9,36.97,36.22,36.47,22190290.0,811577936.26,4.3253,-2.3299,0,0
2022-08-18,sz.300346,36.2,39.75,35.76,39.72,56995959.0,2183622581.63,11.1095,8.9114,0,0
2022-08-19,sz.300346,39.08,40.22,38.5,38.52,44883710.0,1773192071.83,8.7486,-3.0211,0,0
2022-08-22,sz.300346,38.52,39.2,37.4,38.22,26163967.0,994937965.3,5.0998,-0.7788,0,0
2022-08-23,sz.300346,38.18,38.68,37.55,38.02,20154068.0,767403930.43,3.9284,-0.5233,0,0
2022-08-24,sz.300346,38.05,38.07,35.01,35.12,30347393.0,1099980315.69,5.9152,-7.6276,0,0
2022-08-25,sz.300346,35.12,36.17,34.83,35.32,18802151.0,667421311.0,3.6649,0.5695,0,0
2022-08-26,sz.300346,35.6,36.15,35.14,35.51,14267898.0,508034427.32,2.7811,0.5379,0,0
2022-08-29,sz.300346,35.02,36.1,34.58,35.5,16360183.0,577885176.36,3.1889,-0.0282,0,0
2022-08-30,sz.300346,35.6,36.6,35.31,36.08,16105618.0,581545823.93,3.1393,1.6338,0,0
2022-08-31,sz.300346,35.81,36.36,34.26,34.28,17068003.0,596242118.23,3.3268,-4.9889,0,0
2022-09-01,sz.300346,34.4,35.17,33.72,34.12,13946502.0,480449646.93,2.7184,-0.4667,0,0
2022-09-02,sz.300346,33.9,35.0,33.62,34.65,12202379.0,421034510.92,2.3785,1.5533,0,0
2022-09-05,sz.300346,34.58,36.33,33.9,35.3,17700660.0,626077999.18,3.4502,1.8759,0,0
2022-09-06,sz.300346,35.32,35.6,34.76,35.43,13532506.0,476787357.7,2.6367,0.3683,0,0
2022-09-07,sz.300346,35.4,36.95,35.25,36.59,23756947.0,865498968.64,4.6289,3.2741,0,0
2022-09-08,sz.300346,36.18,36.87,35.98,36.3,17112991.0,623116422.54,3.3344,-0.7926,0,0
2022-09-09,sz.300346,36.55,36.66,35.38,35.7,13484097.0,482350061.05,2.6273,-1.6529,0,0
2022-09-13,sz.300346,35.53,37.2,35.5,36.47,14721614.0,538081878.7,2.8684,2.1569,0,0
2022-09-14,sz.300346,35.59,36.77,35.49,35.93,13571981.0,489748602.36,2.6444,-1.4807,0,0
2022-09-15,sz.300346,35.83,36.05,32.71,32.95,28173060.0,955808463.18,5.4894,-8.2939,0,0
2022-09-16,sz.300346,32.9,33.99,32.75,33.03,15995922.0,532861405.76,3.1167,0.2428,0,0
2022-09-19,sz.300346,33.09,33.78,32.38,32.68,11775652.0,388805411.31,2.2944,-1.0596,0,0
2022-09-20,sz.300346,32.92,33.42,32.12,32.86,10618978.0,348844034.38,2.0691,0.5508,0,0
2022-09-21,sz.300346,32.35,33.08,31.42,32.75,11920047.0,386597700.12,2.3226,-0.3348,0,0
2022-09-22,sz.300346,32.6,33.37,32.5,32.89,9971461.0,329018855.52,1.9429,0.4275,0,0
2022-09-23,sz.300346,32.75,32.95,31.6,32.12,11738642.0,378054539.86,2.2872,-2.3411,0,0
2022-09-26,sz.300346,31.74,32.47,31.7,31.76,7664627.0,245852660.97,1.4934,-1.1208,0,0
2022-09-27,sz.300346,31.76,32.52,31.76,32.5,10049943.0,323772508.62,1.9582,2.33,0,0
2022-09-28,sz.300346,32.5,32.6,31.24,31.28,10236636.0,325258931.08,1.9946,-3.7538,0,0
2022-09-29,sz.300346,31.81,31.94,30.8,31.15,10952218.0,342092179.66,2.134,-0.4156,0,0
2022-09-30,sz.300346,31.0,31.51,29.8,29.82,10006738.0,304989872.94,1.9498,-4.2697,0,0
2022-10-10,sz.300346,29.82,30.08,28.36,28.6,11425028.0,332005165.49,2.2261,-4.0912,0,0
2022-10-11,sz.300346,28.55,28.85,27.8,28.04,9409871.0,265405331.47,1.8335,-1.958,0,0
2022-10-12,sz.300346,28.09,29.27,27.68,29.27,12576915.0,357889581.22,2.4506,4.3866,0,0
2022-10-13,sz.300346,28.91,29.69,28.8,29.21,9962325.0,292564568.3,1.9411,-0.205,0,0
2022-10-14,sz.300346,29.65,29.89,29.1,29.72,9742932.0,288232379.18,1.8984,1.746,0,0
2022-10-17,sz.300346,29.67,30.95,29.59,30.58,12133501.0,369064309.13,2.3642,2.8937,0,0
2022-10-18,sz.300346,30.7,30.85,30.01,30.31,8973227.0,272405982.02,1.7484,-0.8829,0,0
2022-10-19,sz.300346,30.36,30.8,30.07,30.11,9350957.0,284332495.16,1.822,-0.6598,0,0
2022-10-20,sz.300346,30.01,32.39,29.78,31.58,23004694.0,717255745.17,4.4824,4.8821,0,0
2022-10-21,sz.300346,31.24,32.16,30.71,31.46,16394124.0,513478668.2,3.1943,-0.38,0,0
2022-10-24,sz.300346,32.4,34.34,32.4,33.0,31364787.0,1053227039.59,6.1113,4.8951,0,0
2022-10-25,sz.300346,33.01,33.34,32.1,32.54,18744199.0,613041587.37,3.6522,-1.3939,0,0
2022-10-26,sz.300346,32.35,33.5,32.08,33.1,21048574.0,692471483.6,4.1012,1.721,0,0
2022-10-27,sz.300346,32.99,33.85,32.74,33.27,20650124.0,688016507.1,4.0236,0.5136,0,0
2022-10-28,sz.300346,33.16,33.93,32.1,32.34,20800920.0,689321641.95,4.053,-2.7953,0,0
2022-10-31,sz.300346,32.0,33.3,31.88,32.71,14466361.0,475323163.04,2.8187,1.1441,0,0
2022-11-01,sz.300346,32.6,33.02,32.2,32.89,14392760.0,468570485.89,2.8044,0.5503,0,0
2022-11-02,sz.300346,32.94,33.93,32.94,33.41,18034180.0,604809302.63,3.5139,1.581,0,0
2022-11-03,sz.300346,33.2,35.05,33.07,34.81,24712203.0,853474886.96,4.8151,4.1904,0,0
2022-11-04,sz.300346,34.42,35.11,34.19,34.83,19341055.0,669439833.16,3.7685,0.0575,0,0
2022-11-07,sz.300346,34.5,35.07,34.23,34.43,13899781.0,479618010.49,2.7083,-1.1484,0,0
2022-11-08,sz.300346,34.87,35.39,34.41,34.79,14192355.0,495262429.29,2.7653,1.0456,0,0
2022-11-09,sz.300346,34.5,34.5,33.38,33.42,16930591.0,572313186.67,3.2988,-3.9379,0,0
2022-11-10,sz.300346,33.01,33.89,32.7,32.82,12267738.0,407101149.93,2.3903,-1.7953,0,0
2022-11-11,sz.300346,33.81,33.99,33.0,33.03,12458404.0,417513618.16,2.4275,0.6399,0,0
2022-11-14,sz.300346,33.05,33.95,32.53,33.25,10938359.0,364995869.96,2.1313,0.6661,0,0
2022-11-15,sz.300346,33.0,34.85,32.87,34.66,23419947.0,801413700.38,4.5633,4.2406,0,0
2022-11-16,sz.300346,34.5,34.78,33.97,34.18,13496642.0,463675458.06,2.6298,-1.3849,0,0
2022-11-17,sz.300346,34.36,35.97,34.25,35.86,31102230.0,1095364901.09,6.0601,4.9152,0,0
2022-11-18,sz.300346,35.4,37.24,34.17,34.32,34168016.0,1220828610.63,6.6575,-4.2945,0,0
2022-11-21,sz.300346,33.83,34.68,33.57,34.19,13775006.0,467658885.01,2.684,-0.3788,0,0
2022-11-22,sz.300346,34.41,35.31,33.77,34.27,18514713.0,640572614.92,3.6075,0.234,0,0
2022-11-23,sz.300346,34.02,34.1,32.33,33.2,18466431.0,610872189.15,3.5981,-3.1223,0,0
2022-11-24,sz.300346,32.91,33.27,32.41,32.53,10708066.0,351251781.93,2.0864,-2.0181,0,0
2022-11-25,sz.300346,32.53,33.15,31.6,31.64,11031477.0,356250184.02,2.1494,-2.7359,0,0
2022-11-28,sz.300346,30.98,31.6,30.85,31.15,7946682.0,247749553.55,1.5484,-1.5487,0,0
2022-11-29,sz.300346,31.3,31.79,31.1,31.58,8690421.0,273684131.03,1.6933,1.3804,0,0
2022-11-30,sz.300346,31.45,31.61,30.62,31.25,11602959.0,361153046.42,2.2608,-1.045,0,0
2022-12-01,sz.300346,31.8,32.2,31.47,31.59,11122873.0,353799847.04,2.1672,1.088,0,0
2022-12-02,sz.300346,31.42,31.88,31.31,31.51,7287466.0,230059403.91,1.4199,-0.2532,0,0
2022-12-05,sz.300346,31.75,31.86,31.41,31.86,7362771.0,233226455.17,1.4346,1.1108,0,0
2022-12-06,sz.300346,31.85,32.54,31.67,32.31,11847696.0,382706608.52,2.3085,1.4124,0,0
2022-12-07,sz.300346,32.04,32.24,31.3,31.66,10063488.0,319794155.05,1.9608,-2.0118,0,0
2022-12-08,sz.300346,31.58,31.58,30.8,30.94,8829669.0,274927692.86,1.7204,-2.2742,0,0
2022-12-09,sz.300346,30.95,31.48,30.88,31.05,9634979.0,299893362.81,1.8773,0.3555,0,0
2022-12-12,sz.300346,31.05,31.79,30.65,31.38,10993348.0,343436203.32,2.142,1.0628,0,0
2022-12-13,sz.300346,31.31,31.37,30.3,30.32,10090165.0,310038484.31,1.966,-3.3779,0,0
2022-12-14,sz.300346,31.96,32.19,31.23,31.32,19410966.0,614679395.78,3.7821,3.2982,0,0
2022-12-15,sz.300346,30.85,32.72,30.62,32.26,20760904.0,667233857.8,4.0452,3.0013,0,0
2022-12-16,sz.300346,32.01,32.23,31.58,31.93,10438152.0,332445353.5,2.0338,-1.0229,0,0
2022-12-19,sz.300346,31.88,32.03,30.86,31.08,9114367.0,284999252.07,1.7759,-2.6621,0,0
2022-12-20,sz.300346,31.07,31.48,30.7,30.85,6775043.0,209985722.31,1.3201,-0.74,0,0
2022-12-21,sz.300346,30.75,30.94,29.6,30.01,9085316.0,274395890.61,1.7702,-2.7229,0,0
2022-12-22,sz.300346,30.2,30.3,29.21,29.3,7549742.0,223951118.67,1.471,-2.3659,0,0
2022-12-23,sz.300346,29.0,29.33,28.62,29.01,6598049.0,191091832.37,1.2856,-0.9898,0,0
2022-12-26,sz.300346,29.01,29.98,29.01,29.77,6672809.0,198025890.13,1.3002,2.6198,0,0
2022-12-27,sz.300346,29.75,30.29,29.5,30.02,6211123.0,185816749.39,1.2102,0.8398,0,0
2022-12-28,sz.300346,29.85,30.03,29.43,29.44,5528998.0,163720872.0,1.0773,-1.932,0,0
2022-12-29,sz.300346,29.3,29.76,29.24,29.24,5343575.0,157378456.74,1.0412,-0.6793,0,0
2022-12-30,sz.300346,29.58,29.68,28.95,29.05,5150596.0,150558041.89,1.0036,-0.6498,0,0
2023-01-03,sz.300346,29.24,29.96,28.87,29.93,7196706.0,212814507.6,1.4022,3.0293,0,0
2023-01-04,sz.300346,29.95,30.38,29.46,29.7,7423388.0,221771522.04,1.4464,-0.7685,0,0
2023-01-05,sz.300346,29.68,30.12,29.55,29.96,7222940.0,215681791.57,1.4074,0.8754,0,0
2023-01-06,sz.300346,29.91,30.49,29.7,30.2,9140836.0,276228524.85,1.781,0.8011,0,0
2023-01-09,sz.300346,30.25,30.8,30.15,30.35,7892339.0,240566028.71,1.5378,0.4967,0,0
2023-01-10,sz.300346,30.4,30.96,30.4,30.53,8942752.0,274364434.63,1.7425,0.5931,0,0
2023-01-11,sz.300346,30.55,31.95,30.55,30.69,13537890.0,422508806.33,2.6378,0.5241,0,0
2023-01-12,sz.300346,30.49,30.91,29.82,30.59,8642820.0,263310301.23,1.684,-0.3258,0,0
2023-01-13,sz.300346,30.8,30.95,30.21,30.48,5777792.0,176004024.95,1.1258,-0.3596,0,0
2023-01-16,sz.300346,30.25,31.19,30.25,30.92,11647548.0,358843056.03,2.2695,1.4436,0,0
2023-01-17,sz.300346,30.97,31.43,30.43,30.6,14195155.0,438193925.29,2.7659,-1.0349,0,0
2023-01-18,sz.300346,30.64,30.66,30.32,30.41,7625855.0,232393093.72,1.4859,-0.6209,0,0
2023-01-19,sz.300346,30.28,31.06,30.21,31.06,11706304.0,360653239.13,2.2809,2.1375,0,0
2023-01-20,sz.300346,31.15,31.37,30.82,31.25,11176397.0,347726880.55,2.1777,0.6117,0,0
2023-01-30,sz.300346,31.87,31.95,31.19,31.19,14318477.0,450765497.06,2.7899,-0.192,0,0
2023-01-31,sz.300346,31.19,31.43,31.05,31.22,8365728.0,261164715.69,1.63,0.0962,0,0
2023-02-01,sz.300346,31.28,31.85,31.28,31.83,14256853.0,450877896.17,2.7779,1.9539,0,0
2023-02-02,sz.300346,31.99,32.76,31.86,32.31,20406639.0,659721417.27,3.9761,1.508,0,0
2023-02-03,sz.300346,32.05,32.57,31.79,32.57,14798233.0,476393960.02,2.8834,0.8047,0,0
2023-02-06,sz.300346,32.35,32.49,32.0,32.05,10734936.0,345159669.02,2.0917,-1.5966,0,0
2023-02-07,sz.300346,32.22,32.34,31.67,32.12,9979300.0,318915941.74,1.9444,0.2184,0,0
2023-02-08,sz.300346,31.99,32.48,31.69,31.7,9024036.0,288589397.27,1.7583,-1.3076,0,0
2023-02-09,sz.300346,31.53,33.17,31.46,32.99,22676839.0,737575996.98,4.4185,4.0694,0,0
2023-02-10,sz.300346,32.71,33.19,32.47,32.9,14185750.0,465979090.9,2.764,-0.2728,0,0
2023-02-13,sz.300346,32.9,33.49,32.57,33.41,16238983.0,538224557.98,3.1641,1.5502,0,0
2023-02-14,sz.300346,33.46,34.06,32.83,32.9,16957065.0,565026338.79,3.304,-1.5265,0,0
2023-02-15,sz.300346,32.9,33.25,32.66,33.22,12767696.0,421049884.24,2.4877,0.9726,0,0
2023-02-16,sz.300346,33.21,33.43,31.9,32.04,17100169.0,560422654.02,3.3319,-3.5521,0,0
2023-02-17,sz.300346,32.18,32.39,31.3,31.31,12872111.0,408565021.66,2.5081,-2.2784,0,0
2023-02-20,sz.300346,31.26,31.81,30.85,31.74,10804041.0,337616617.31,2.1051,1.3734,0,0
2023-02-21,sz.300346,31.7,31.97,31.48,31.82,7781972.0,247017717.1,1.5163,0.252,0,0
2023-02-22,sz.300346,31.56,31.96,31.49,31.66,5981394.0,189546056.7,1.1654,-0.5028,0,0
2023-02-23,sz.300346,31.56,31.86,31.44,31.52,6127042.0,193837814.15,1.1938,-0.4422,0,0
2023-02-24,sz.300346,31.71,31.9,31.21,31.33,6436514.0,202814963.66,1.2541,-0.6028,0,0
2023-02-27,sz.300346,31.18,31.45,30.56,30.75,8790306.0,271986161.04,1.7127,-1.8513,0,0
2023-02-28,sz.300346,30.87,31.23,30.65,31.22,5958989.0,184417758.15,1.1611,1.5285,0,0
2023-03-01,sz.300346,31.15,31.57,30.9,31.56,8927060.0,279590940.82,1.7394,1.089,0,0
2023-03-02,sz.300346,31.44,31.95,31.21,31.27,7926326.0,249824728.33,1.5444,-0.9189,0,0
2023-03-03,sz.300346,31.9,32.38,31.7,31.87,15860276.0,507336010.79,3.0903,1.9188,0,0
2023-03-06,sz.300346,31.46,31.5,30.27,31.21,17686867.0,546270458.51,3.4462,-2.0709,0,0
2023-03-07,sz.300346,31.1,31.6,30.4,30.4,11217292.0,346469917.73,2.1856,-2.5953,0,0
2023-03-08,sz.300346,30.32,33.9,30.24,33.41,44078832.0,1442556145.0,8.5885,9.9013,0,0
2023-03-09,sz.300346,33.8,35.88,33.1,34.31,65984640.0,2286278613.05,12.8568,2.6938,0,0
2023-03-10,sz.300346,33.99,35.08,33.1,33.24,46240497.0,1574910219.39,9.0097,-3.1186,0,0
2023-03-13,sz.300346,33.0,35.6,32.93,34.71,47683968.0,1658571912.25,9.291,4.4224,0,0
2023-03-14,sz.300346,34.22,35.98,34.01,35.73,54260644.0,1905989575.33,10.5724,2.9386,0,0
2023-03-15,sz.300346,36.4,37.54,35.1,35.31,50580003.0,1825966788.25,9.8553,-1.1755,0,0
2023-03-16,sz.300346,35.06,36.21,34.96,35.41,37182325.0,1323874671.45,7.2448,0.2832,0,0
2023-03-17,sz.300346,35.6,36.5,34.83,36.41,45610175.0,1630832481.85,8.8869,2.8241,0,0
2023-03-20,sz.300346,35.99,36.85,35.22,35.27,38087671.0,1372139874.68,7.4212,-3.131,0,0
2023-03-21,sz.300346,35.03,35.7,34.56,35.19,27555009.0,966794525.93,5.369,-0.2268,0,0
2023-03-22,sz.300346,35.27,35.34,34.3,35.01,23264814.0,809831443.86,4.533,-0.5115,0,0
2023-03-23,sz.300346,34.9,36.85,34.69,36.83,45369850.0,1625795435.44,8.8401,5.1985,0,0
2023-03-24,sz.300346,36.8,37.58,36.18,36.36,40604325.0,1491276578.3,7.9116,-1.2761,0,0
2023-03-27,sz.300346,37.05,39.44,36.28,36.36,60360415.0,2276930806.22,11.7609,0.0,0,0
2023-03-28,sz.300346,35.83,36.95,34.77,34.94,40373891.0,1445191951.47,7.8667,-3.9054,0,0
2023-03-29,sz.300346,34.93,36.3,34.79,35.66,32553820.0,1160347578.21,6.3413,2.0607,0,0
2023-03-30,sz.300346,35.45,36.25,35.05,35.28,23141375.0,822656273.08,4.5078,-1.0656,0,0
2023-03-31,sz.300346,35.17,36.45,35.14,36.16,25249130.0,907742227.91,4.9184,2.4943,0,0
2023-04-03,sz.300346,37.2,38.88,36.66,38.3,50754197.0,1927582636.5,9.8867,5.9181,0,0
2023-04-04,sz.300346,37.88,40.44,37.7,38.66,60341228.0,2351532128.82,11.7542,0.9399,0,0
2023-04-06,sz.300346,38.0,41.82,37.88,40.1,60795504.0,2425373787.71,11.8427,3.7248,0,0
2023-04-07,sz.300346,40.0,40.24,38.82,39.7,40327308.0,1593178110.13,7.8556,-0.9975,0,0
2023-04-10,sz.300346,39.28,40.55,38.44,38.59,40667082.0,1600209707.57,7.9218,-2.796,0,0
2023-04-11,sz.300346,39.01,39.3,38.11,39.1,26212183.0,1016985853.32,5.106,1.3216,0,0
2023-04-12,sz.300346,39.11,39.37,38.29,38.97,25852210.0,1004184231.62,5.0359,-0.3325,0,0
2023-04-13,sz.300346,38.56,38.63,37.05,37.19,30984058.0,1165646199.29,6.0356,-4.5676,0,0
2023-04-14,sz.300346,37.35,39.0,36.67,38.99,38529538.0,1468160070.06,7.5054,4.84,0,0
2023-04-17,sz.300346,39.0,39.46,38.42,38.61,24208664.0,940747127.46,4.7157,-0.9746,0,0
2023-04-18,sz.300346,38.0,38.37,37.03,38.0,21575290.0,812660765.28,4.2028,-1.5799,0,0
2023-04-19,sz.300346,37.78,39.0,37.75,37.96,24600373.0,943792652.55,4.792,-0.1053,0,0
2023-04-20,sz.300346,37.41,38.64,37.31,38.28,25943411.0,986475784.28,5.0537,0.843,0,0
2023-04-21,sz.300346,37.88,37.89,34.95,35.02,35200302.0,1275150671.24,6.8569,-8.5162,0,0
2023-04-24,sz.300346,35.07,35.68,34.5,34.99,16957911.0,593836943.59,3.3033,-0.0857,0,0
2023-04-25,sz.300346,35.0,35.17,33.5,33.8,18318673.0,625241135.72,3.5684,-3.401,0,0
2023-04-26,sz.300346,33.73,34.75,33.33,33.6,17058476.0,579254083.07,3.3229,-0.3854,0,0
2023-04-27,sz.300346,33.38,34.7,33.28,33.9,17488107.0,597543423.6,3.4066,0.8929,0,0
2023-04-28,sz.300346,34.3,36.46,34.3,35.49,27459222.0,978060554.84,5.3489,4.6903,0,0
2023-05-04,sz.300346,34.9,35.5,34.61,34.93,14848965.0,519129402.32,2.8925,-1.5779,0,0
2023-05-05,sz.300346,34.95,35.84,33.94,34.19,16850311.0,587554915.57,3.2824,-2.1185,0,0
2023-05-08,sz.300346,33.45,34.41,33.4,33.96,11578582.0,392486764.86,2.2555,-0.6727,0,0
2023-05-09,sz.300346,33.96,34.42,33.2,33.24,14660902.0,495708642.83,2.8559,-2.1201,0,0
2023-05-10,sz.300346,32.95,33.64,32.2,33.53,15242299.0,500488859.63,2.9691,0.8724,0,0
2023-05-11,sz.300346,33.75,34.14,33.1,33.21,10489303.0,350546540.83,2.0433,-0.9544,0,0
2023-05-12,sz.300346,33.16,33.6,32.6,32.6,10006942.0,331320830.1,1.9493,-1.8368,0,0
2023-05-15,sz.300346,32.3,33.13,32.25,33.12,8157744.0,266732909.59,1.5891,1.5951,0,0
2023-05-16,sz.300346,33.15,33.69,32.72,33.31,11752948.0,390681191.85,2.2894,0.5737,0,0
2023-05-17,sz.300346,33.12,33.67,33.02,33.47,9308026.0,310747306.0,1.8132,0.4803,0,0
2023-05-18,sz.300346,33.31,33.66,33.23,33.29,9450274.0,315887546.57,1.8409,-0.5378,0,0
2023-05-19,sz.300346,33.35,34.7,33.3,34.42,22442734.0,766029184.01,4.3718,3.3944,0,0
2023-05-22,sz.300346,34.14,34.57,33.68,34.31,15225275.0,518826621.04,2.9658,-0.3196,0,0
2023-05-23,sz.300346,34.2,34.2,33.18,33.18,10440242.0,350653582.13,2.0337,-3.2935,0,0
2023-05-24,sz.300346,33.04,37.0,33.01,36.08,46895166.0,1668449546.25,9.135,8.7402,0,0
2023-05-25,sz.300346,36.0,36.19,35.15,35.73,23628337.0,841173645.57,4.6027,-0.9701,0,0
2023-05-26,sz.300346,35.8,36.25,35.39,35.94,20806615.0,745006371.97,4.053,0.5877,0,0
2023-05-29,sz.300346,35.84,36.87,35.69,36.08,23495562.0,852605664.07,4.5768,0.3895,0,0
2023-05-30,sz.300346,35.7,35.74,34.96,35.65,16206946.0,573004591.76,3.157,-1.1918,0,0
2023-05-31,sz.300346,35.8,36.86,35.5,36.35,21837422.0,789577946.43,4.2538,1.9635,0,0
2023-06-01,sz.300346,36.0,36.22,35.41,35.91,15932113.0,570563407.82,3.1035,-1.2105,0,0
2023-06-02,sz.300346,35.93,36.28,35.76,35.76,12691104.0,456270764.94,2.4722,-0.4177,0,0
2023-06-05,sz.300346,35.78,36.82,35.76,36.05,14229732.0,516003422.75,2.7719,0.811,0,0
2023-06-06,sz.300346,36.03,36.03,34.61,34.68,15392501.0,540627485.85,2.9984,-3.8003,0,0
2023-06-07,sz.300346,34.71,35.19,34.24,34.4,12846856.0,445381698.7,2.5025,-0.8074,0,0
2023-06-08,sz.300346,34.31,34.32,33.35,33.72,10187847.0,343584337.37,1.9845,-1.9767,0,0
2023-06-09,sz.300346,33.85,34.14,33.43,34.09,10075226.0,340334811.98,1.9626,1.0973,0,0
2023-06-12,sz.300346,34.04,34.37,33.9,33.93,9639430.0,328957122.23,1.8777,-0.4693,0,0
2023-06-13,sz.300346,33.7,34.49,33.44,34.35,14472397.0,492944878.74,2.8192,1.2378,0,0
2023-06-14,sz.300346,34.29,34.35,33.73,33.88,11771912.0,400269139.81,2.2931,-1.3683,0,0
2023-06-15,sz.300346,33.78,34.12,33.62,33.9,9904933.0,335654768.24,1.9294,0.059,0,0
2023-06-16,sz.300346,33.95,34.68,33.73,34.46,13587612.0,465257474.76,2.6468,1.6519,0,0
2023-06-19,sz.300346,35.29,36.27,34.8,35.4,28585488.0,1019646076.66,5.5683,2.7278,0,0
2023-06-20,sz.300346,35.25,36.08,35.02,35.11,18464329.0,653703479.06,3.5968,-0.8192,0,0
2023-06-21,sz.300346,35.2,35.5,34.39,34.39,15149035.0,528835749.85,2.951,-2.0507,0,0
2023-06-26,sz.300346,34.39,34.39,34.39,34.39,,,,,0,0
2023-06-27,sz.300346,34.39,34.39,34.39,34.39,,,,,0,0
2023-06-28,sz.300346,34.39,34.39,34.39,34.39,,,,,0,0
2023-06-29,sz.300346,34.39,34.39,34.39,34.39,,,,,0,0
2023-06-30,sz.300346,34.39,34.39,34.39,34.39,,,,,0,0
2023-07-03,sz.300346,34.39,34.39,34.39,34.39,,,,,0,0
2023-07-04,sz.300346,34.39,34.39,34.39,34.39,,,,,0,0
2023-07-05,sz.300346,34.39,34.39,34.39,34.39,,,,,0,0
2023-07-06,sz.300346,35.6,36.65,35.11,35.39,29445935.0,1053958570.02,5.7359,2.9078,0,0
2023-07-07,sz.300346,34.5,34.5,33.1,33.26,19723729.0,665146882.75,3.8421,-6.0186,0,0
2023-07-10,sz.300346,33.25,33.47,32.79,32.89,9045699.0,299378086.27,1.7621,-1.1124,0,0
2023-07-11,sz.300346,32.91,33.44,32.91,33.17,9590568.0,317763782.04,1.8682,0.8513,0,0
2023-07-12,sz.300346,33.2,33.42,31.62,31.64,17693325.0,571236163.26,3.4466,-4.6126,0,0
2023-07-13,sz.300346,31.69,32.25,31.67,32.08,8729461.0,279717471.76,1.7005,1.3906,0,0
2023-07-14,sz.300346,32.05,32.39,32.0,32.12,7424529.0,238738726.43,1.4463,0.1247,0,0
2023-07-17,sz.300346,32.17,32.54,31.88,32.34,7900723.0,254981947.67,1.539,0.6849,0,0
2023-07-18,sz.300346,32.38,32.95,32.31,32.61,9525764.0,310659439.01,1.8556,0.8349,0,0
2023-07-19,sz.300346,32.48,32.75,31.91,32.12,6230113.0,200844358.97,1.2136,-1.5026,0,0
2023-07-20,sz.300346,32.19,32.29,31.61,31.63,5670545.0,180948534.91,1.1046,-1.5255,0,0
2023-07-21,sz.300346,31.33,31.85,31.32,31.43,4380752.0,138153672.76,0.8533,-0.6323,0,0
2023-07-24,sz.300346,31.44,31.82,31.32,31.67,3619188.0,114513811.6,0.705,0.7636,0,0
2023-07-25,sz.300346,31.97,32.38,31.56,32.26,6349359.0,204366863.48,1.2368,1.863,0,0
2023-07-26,sz.300346,32.26,32.35,31.87,32.02,5075681.0,162931687.47,0.9887,-0.744,0,0
2023-07-27,sz.300346,32.29,32.29,31.31,31.46,6781721.0,214505268.72,1.321,-1.7489,0,0
2023-07-28,sz.300346,31.51,31.6,30.54,31.34,8175461.0,253534467.53,1.5925,-0.3814,0,0
2023-07-31,sz.300346,31.36,31.92,31.3,31.74,6201608.0,196598698.25,1.208,1.2763,0,0
2023-08-01,sz.300346,31.73,32.07,31.6,31.83,5467150.0,174137095.6,1.065,0.2836,0,0
2023-08-02,sz.300346,31.97,32.7,31.58,32.21,12016337.0,386876678.67,2.3407,1.1938,0,0
2023-08-03,sz.300346,31.81,32.05,31.62,31.7,6192833.0,196695053.82,1.2063,-1.5834,0,0
2023-08-04,sz.300346,31.66,31.9,31.45,31.75,6794569.0,215205341.75,1.3235,0.1577,0,0
2023-08-07,sz.300346,31.68,31.85,31.13,31.28,6348564.0,199503351.36,1.2367,-1.4803,0,0
2023-08-08,sz.300346,31.33,31.57,31.13,31.18,4629765.0,144976014.72,0.9019,-0.3197,0,0
2023-08-09,sz.300346,31.01,31.3,30.81,31.06,4273572.0,132622899.55,0.8325,-0.3849,0,0
2023-08-10,sz.300346,31.07,31.29,30.89,30.92,3560711.0,110554449.06,0.6936,-0.4507,0,0
2023-08-11,sz.300346,30.92,31.0,29.98,30.01,7888635.0,239300535.7,1.5367,-2.9431,0,0
2023-08-14,sz.300346,29.7,30.05,29.45,30.03,4620700.0,137308051.69,0.9001,0.0666,0,0
2023-08-15,sz.300346,30.09,30.15,29.18,29.4,4641443.0,137184309.35,0.9041,-2.0979,0,0
2023-08-16,sz.300346,29.01,29.55,28.85,28.87,4897326.0,142596694.86,0.954,-1.8027,0,0
2023-08-17,sz.300346,28.88,29.36,28.84,29.28,4875582.0,141986957.68,0.9497,1.4202,0,0
2023-08-18,sz.300346,29.38,29.5,28.81,28.82,4618528.0,134470139.04,0.8997,-1.571,0,0
2023-08-21,sz.300346,28.67,29.1,28.42,28.42,4089084.0,117902024.06,0.7965,-1.3879,0,0
2023-08-22,sz.300346,28.6,28.84,27.91,28.71,6545285.0,185809169.27,1.275,1.0204,0,0
2023-08-23,sz.300346,28.59,28.6,27.63,27.64,4929289.0,138304632.79,0.9602,-3.7269,0,0
2023-08-24,sz.300346,27.9,28.28,27.5,27.87,5071761.0,141642094.98,0.988,0.8321,0,0
2023-08-25,sz.300346,27.61,27.88,26.9,27.03,6215472.0,169607267.63,1.2107,-3.014,0,0
2023-08-28,sz.300346,28.6,29.0,26.94,27.02,8288923.0,231968113.48,1.6146,-0.037,0,0
2023-08-29,sz.300346,26.98,28.05,26.9,27.93,8220679.0,227661846.23,1.6013,3.3679,0,0
2023-08-30,sz.300346,28.69,30.17,28.58,29.19,19400257.0,570290040.96,3.7791,4.5113,0,0
2023-08-31,sz.300346,29.49,32.32,29.2,31.36,33826045.0,1048934170.44,6.5891,7.4341,0,0
2023-09-01,sz.300346,31.06,31.29,30.37,30.45,16934867.0,519076168.42,3.2988,-2.9018,0,0
2023-09-04,sz.300346,30.47,30.98,30.3,30.98,11747662.0,359394971.63,2.2884,1.7406,0,0
2023-09-05,sz.300346,31.06,32.43,30.92,31.5,30428305.0,968299884.91,5.9273,1.6785,0,0
2023-09-06,sz.300346,31.04,35.55,30.82,34.4,56745103.0,1886855929.17,11.0536,9.2063,0,0
2023-09-07,sz.300346,33.5,33.73,32.44,32.51,38563606.0,1277527851.96,7.512,-5.4942,0,0
2023-09-08,sz.300346,32.43,34.33,32.4,32.89,36973951.0,1238647877.48,7.2023,1.1689,0,0
2023-09-11,sz.300346,32.51,36.0,32.51,34.15,47102865.0,1611828223.35,9.1754,3.831,0,0
2023-09-12,sz.300346,33.4,34.28,33.29,33.34,29416922.0,989700136.05,5.7302,-2.3719,0,0
2023-09-13,sz.300346,33.0,34.04,32.77,33.75,29382707.0,982696989.18,5.7236,1.2298,0,0
2023-09-14,sz.300346,33.42,33.42,32.11,32.81,26383139.0,862919169.06,5.1393,-2.7852,0,0
2023-09-15,sz.300346,32.79,32.98,31.83,32.55,21586001.0,697744099.98,4.2048,-0.7924,0,0
2023-09-18,sz.300346,32.25,32.36,31.39,31.56,17405714.0,552391208.29,3.3882,-3.0415,0,0
2023-09-19,sz.300346,31.7,31.78,30.78,30.82,12216990.0,379737540.24,2.3782,-2.3447,0,0
2023-09-20,sz.300346,30.58,30.84,29.82,29.87,15092678.0,455113956.69,2.9379,-3.0824,0,0
2023-09-21,sz.300346,29.81,30.08,29.6,29.75,9512717.0,283601984.07,1.8517,-0.4017,0,0
2023-09-22,sz.300346,29.62,30.15,29.23,30.11,13361194.0,397655774.53,2.6009,1.2101,0,0
2023-09-25,sz.300346,30.09,30.67,29.8,30.14,16339807.0,494068786.94,3.1807,0.0996,0,0
2023-09-26,sz.300346,29.8,30.27,29.5,29.89,10410948.0,311012410.21,2.0266,-0.8295,0,0
2023-09-27,sz.300346,29.71,30.25,29.67,29.68,8384246.0,250412379.44,1.6321,-0.7026,0,0
2023-09-28,sz.300346,29.7,30.44,29.44,30.2,13946571.0,418691117.83,2.7148,1.9237,0,0
2023-10-09,sz.300346,29.98,30.77,29.95,30.42,12954175.0,394323421.3,2.5217,0.7285,0,0
2023-10-10,sz.300346,30.46,31.37,30.31,31.24,20866809.0,646775324.46,4.0619,2.6956,0,0
2023-10-11,sz.300346,31.08,31.85,30.87,31.48,18112659.0,569880233.84,3.5258,0.7682,0,0
2023-10-12,sz.300346,31.61,31.61,30.71,31.29,14424496.0,447734510.18,2.8079,-0.6036,0,0
2023-10-13,sz.300346,31.08,31.46,31.0,31.23,10504457.0,328449814.0,2.0448,-0.1918,0,0
2023-10-16,sz.300346,31.02,31.1,30.11,30.32,11921439.0,363754347.0,2.3206,-2.9139,0,0
2023-10-17,sz.300346,30.3,30.67,29.95,30.42,7086158.0,214914083.65,1.3794,0.3298,0,0
2023-10-18,sz.300346,30.55,30.81,29.64,29.65,8404722.0,252185358.99,1.6361,-2.5312,0,0
2023-10-19,sz.300346,29.29,30.71,29.2,29.59,11022067.0,331406159.25,2.1456,-0.2024,0,0
2023-10-20,sz.300346,29.41,29.8,28.74,28.79,8176238.0,237715047.55,1.5916,-2.7036,0,0
2023-10-23,sz.300346,28.7,28.79,27.64,27.95,7910762.0,221984690.0,1.5399,-2.9177,0,0
2023-10-24,sz.300346,28.07,29.27,27.8,28.8,10022345.0,286821990.88,1.9509,3.0411,0,0
2023-10-25,sz.300346,28.8,29.2,28.6,28.83,7549147.0,217941359.5,1.4695,0.1042,0,0
2023-10-26,sz.300346,28.51,29.05,28.4,28.87,7527339.0,216172050.02,1.4653,0.1387,0,0
2023-10-27,sz.300346,28.87,30.66,28.26,30.07,22349997.0,662756098.09,4.3506,4.1566,0,0
2023-10-30,sz.300346,29.7,31.11,29.61,30.69,19031261.0,579857082.42,3.7046,2.0619,0,0
2023-10-31,sz.300346,30.69,30.99,30.39,30.79,11882365.0,364072811.21,2.313,0.3258,0,0
2023-11-01,sz.300346,30.78,30.93,30.32,30.41,7637909.0,233393440.68,1.4868,-1.2342,0,0
2023-11-02,sz.300346,30.45,30.77,29.84,29.84,7903660.0,238349520.91,1.5385,-1.8744,0,0
2023-11-03,sz.300346,29.85,31.16,29.85,30.93,14818029.0,454777536.25,2.8845,3.6528,0,0
2023-11-06,sz.300346,31.0,31.36,30.75,31.21,15314204.0,476613476.36,2.9811,0.9053,0,0
2023-11-07,sz.300346,31.1,31.68,30.95,31.37,15644334.0,490331927.69,3.0453,0.5127,0,0
2023-11-08,sz.300346,31.16,32.13,31.04,31.7,22879044.0,721211777.26,4.4536,1.052,0,0
2023-11-09,sz.300346,31.65,32.23,31.36,31.45,21449367.0,682286257.38,4.1753,-0.7886,0,0
2023-11-10,sz.300346,31.08,31.78,31.08,31.23,12849924.0,403540931.87,2.5014,-0.6995,0,0
2023-11-13,sz.300346,31.42,31.5,31.09,31.31,8719188.0,272501135.34,1.6973,0.2562,0,0
2023-11-14,sz.300346,31.17,31.61,31.09,31.39,9070145.0,284360206.21,1.7656,0.2555,0,0
2023-11-15,sz.300346,31.44,31.58,30.95,31.04,11540876.0,359913704.65,2.2465,-1.115,0,0
2023-11-16,sz.300346,30.82,31.31,30.65,30.74,11062063.0,341635788.92,2.1533,-0.9665,0,0
2023-11-17,sz.300346,30.61,31.16,30.6,30.91,8118425.0,250785553.94,1.5803,0.553,0,0
2023-11-20,sz.300346,30.86,31.35,30.86,31.22,12915812.0,402977245.85,2.5142,1.0029,0,0
2023-11-21,sz.300346,31.31,31.33,30.42,30.56,11359032.0,350256685.47,2.2111,-2.114,0,0
2023-11-22,sz.300346,30.46,30.65,29.77,29.77,9803925.0,295070215.57,1.9084,-2.5851,0,0
2023-11-23,sz.300346,29.75,30.02,29.6,29.94,6176104.0,184208308.02,1.2022,0.571,0,0
2023-11-24,sz.300346,29.89,29.98,29.14,29.2,6180564.0,181641385.01,1.2031,-2.4716,0,0
2023-11-27,sz.300346,29.3,29.65,29.15,29.51,6153896.0,180881752.21,1.1979,1.0616,0,0
2023-11-28,sz.300346,29.35,29.7,29.18,29.51,5618271.0,165251637.78,1.0937,0.0,0,0
2023-11-29,sz.300346,29.4,29.74,29.26,29.34,5941252.0,175461806.12,1.1565,-0.5761,0,0
2023-11-30,sz.300346,29.22,29.33,28.56,28.73,6946852.0,200350394.56,1.3523,-2.0791,0,0
2023-12-01,sz.300346,28.72,28.98,28.57,28.93,6005317.0,172673219.16,1.169,0.6961,0,0
2023-12-04,sz.300346,28.92,29.21,28.77,28.78,5446430.0,157929601.67,1.0602,-0.5185,0,0
2023-12-05,sz.300346,28.78,28.78,28.09,28.09,5233529.0,148519924.49,1.0188,-2.3975,0,0
2023-12-06,sz.300346,28.02,28.39,28.02,28.17,4769217.0,134693215.14,0.9284,0.2848,0,0
2023-12-07,sz.300346,28.2,28.35,27.96,28.16,5383228.0,151678104.17,1.0479,-0.0355,0,0
2023-12-08,sz.300346,28.17,28.57,28.17,28.39,8093788.0,229758438.93,1.5755,0.8168,0,0
2023-12-11,sz.300346,28.43,28.92,27.81,28.88,7908578.0,225536032.32,1.5395,1.726,0,0
2023-12-12,sz.300346,29.31,29.68,28.97,29.09,12353971.0,362613537.2,2.4048,0.7271,0,0
2023-12-13,sz.300346,28.92,29.1,28.52,28.54,6734674.0,193836724.89,1.311,-1.8907,0,0
2023-12-14,sz.300346,28.63,28.9,28.42,28.44,4289679.0,122875171.91,0.835,-0.3504,0,0
2023-12-15,sz.300346,28.42,28.62,28.18,28.29,4268396.0,121092207.19,0.8309,-0.5274,0,0
2023-12-18,sz.300346,28.21,28.21,27.67,27.72,5053703.0,141061803.16,0.9838,-2.0148,0,0
2023-12-19,sz.300346,27.7,28.14,27.62,27.87,3385210.0,94382389.58,0.659,0.5411,0,0
2023-12-20,sz.300346,27.88,28.09,27.56,27.56,4386405.0,122055314.93,0.8539,-1.1123,0,0
2023-12-21,sz.300346,27.38,27.57,26.89,27.46,6629261.0,180450133.74,1.2905,-0.3628,0,0
2023-12-22,sz.300346,27.45,27.57,26.98,26.99,5088646.0,138673551.78,0.9906,-1.7116,0,0
2023-12-25,sz.300346,26.99,27.26,26.76,26.76,3682063.0,99305424.19,0.7167,-0.8522,0,0
2023-12-26,sz.300346,26.86,26.86,25.88,25.99,6531751.0,171116533.67,1.2715,-2.8774,0,0
2023-12-27,sz.300346,26.05,26.67,25.98,26.53,5368062.0,141760897.49,1.0449,2.0777,0,0
2023-12-28,sz.300346,26.53,27.48,26.43,27.32,6421776.0,174195776.07,1.2501,2.9778,0,0
2023-12-29,sz.300346,27.41,27.7,27.28,27.61,5330720.0,146938312.12,1.0377,1.0615,0,0
2024-01-02,sz.300346,27.75,27.75,27.41,27.5,3871775.0,106616629.0,0.7537,-0.3984,0,0
2024-01-03,sz.300346,27.5,28.11,27.25,27.35,6601468.0,182610585.97,1.285,-0.5455,0,0
2024-01-04,sz.300346,27.35,27.35,26.62,26.78,5432049.0,146073795.33,1.0574,-2.0841,0,0
2024-01-05,sz.300346,26.69,26.98,26.06,26.18,4858985.0,128727875.04,0.9458,-2.2405,0,0
2024-01-08,sz.300346,26.02,26.16,25.1,25.13,7002243.0,178720813.53,1.3631,-4.0107,0,0
2024-01-09,sz.300346,25.18,25.53,24.83,24.91,5489245.0,137922033.55,1.0685,-0.8754,0,0
2024-01-10,sz.300346,24.92,25.07,24.35,24.76,4751971.0,117539232.6,0.925,-0.6022,0,0
2024-01-11,sz.300346,24.72,25.42,24.72,25.24,5218666.0,131069025.8,1.0159,1.9386,0,0
2024-01-12,sz.300346,25.15,25.4,24.98,24.99,3619017.0,91110472.22,0.7045,-0.9905,0,0
2024-01-15,sz.300346,24.82,25.48,24.63,24.99,4353702.0,109211089.5,0.8475,0.0,0,0
2024-01-16,sz.300346,24.93,25.13,24.52,24.89,3957488.0,98217731.17,0.7704,-0.4002,0,0
2024-01-17,sz.300346,24.75,24.91,24.14,24.14,3771901.0,92525078.41,0.7342,-3.0133,0,0
2024-01-18,sz.300346,24.08,24.33,23.23,24.08,7393567.0,175593350.49,1.4392,-0.2486,0,0
2024-01-19,sz.300346,24.06,24.62,23.85,23.85,4469221.0,108286405.25,0.87,-0.9551,0,0
2024-01-22,sz.300346,23.85,23.98,22.23,22.33,7197568.0,165876324.2,1.4011,-6.3732,0,0
2024-01-23,sz.300346,22.32,22.95,22.1,22.81,5759345.0,130715225.41,1.1211,2.1496,0,0
2024-01-24,sz.300346,22.93,23.08,22.0,22.87,6000944.0,135447687.11,1.1681,0.263,0,0
2024-01-25,sz.300346,22.89,23.77,22.62,23.74,7130580.0,166706136.95,1.388,3.8041,0,0
2024-01-26,sz.300346,23.6,24.07,23.41,23.44,7218722.0,170773683.13,1.4052,-1.2637,0,0
2024-01-29,sz.300346,23.46,23.7,22.64,22.66,4891426.0,112584920.61,0.9522,-3.3276,0,0
2024-01-30,sz.300346,22.5,22.78,21.52,21.59,5622590.0,124417312.25,1.0945,-4.722,0,0
2024-01-31,sz.300346,21.38,21.9,20.5,20.54,8192088.0,173249128.76,1.5947,-4.8634,0,0
2024-02-01,sz.300346,20.53,21.16,20.4,20.6,7081170.0,146875777.25,1.3784,0.2921,0,0
2024-02-02,sz.300346,20.51,20.83,18.56,19.29,10876682.0,213939854.31,2.1173,-6.3592,0,0
2024-02-05,sz.300346,19.09,19.28,16.96,17.55,16282676.0,294261420.33,3.1696,-9.0202,0,0
2024-02-06,sz.300346,17.55,20.35,17.35,20.22,18492733.0,350750366.3,3.5998,15.2137,0,0
2024-02-07,sz.300346,20.22,22.43,20.15,21.89,21424060.0,464546078.41,4.1704,8.2591,0,0
2024-02-08,sz.300346,22.1,24.88,22.0,23.06,25873937.0,612388815.05,5.0366,5.3449,0,0
2024-02-19,sz.300346,23.52,23.53,22.6,23.31,16192003.0,373845047.35,3.1519,1.0841,0,0
2024-02-20,sz.300346,22.95,23.43,22.63,23.21,10239397.0,236088772.19,1.9932,-0.429,0,0
2024-02-21,sz.300346,22.8,23.8,22.71,23.09,15141440.0,353550647.25,2.9474,-0.517,0,0
2024-02-22,sz.300346,23.05,24.16,22.93,23.67,20535589.0,484547731.39,3.9975,2.5119,0,0
2024-02-23,sz.300346,23.66,23.83,23.23,23.82,16698152.0,392947092.5,3.2505,0.6337,0,0
2024-02-26,sz.300346,23.8,24.53,23.73,24.1,17440355.0,421687600.49,3.3949,1.1755,0,0
2024-02-27,sz.300346,23.88,25.0,23.71,24.99,18636379.0,455674656.22,3.6278,3.6929,0,0
2024-02-28,sz.300346,25.0,25.47,23.47,23.5,23076625.0,566728253.56,4.4921,-5.9624,0,0
2024-02-29,sz.300346,23.38,26.06,23.26,26.06,37495201.0,943410673.71,7.2988,10.8936,0,0
2024-03-01,sz.300346,26.06,26.06,25.4,25.81,29779352.0,765766188.32,5.7968,-0.9593,0,0
2024-03-04,sz.300346,25.61,26.62,25.35,26.21,24336070.0,633151464.3,4.7373,1.5498,0,0
2024-03-05,sz.300346,25.71,26.39,25.35,25.67,20407696.0,526402852.03,3.9726,-2.0603,0,0
2024-03-06,sz.300346,25.26,25.5,24.81,25.2,14148410.0,356226713.32,2.7541,-1.8309,0,0
2024-03-07,sz.300346,25.26,26.12,24.89,24.89,16311002.0,416688126.4,3.1751,-1.2302,0,0
2024-03-08,sz.300346,24.75,25.35,24.61,25.19,11336882.0,283539141.06,2.2068,1.2053,0,0
2024-03-11,sz.300346,25.02,25.56,24.82,25.55,11234340.0,283808604.49,2.1869,1.4291,0,0
2024-03-12,sz.300346,25.5,26.0,25.42,25.6,12128300.0,311054728.85,2.3609,0.1957,0,0
2024-03-13,sz.300346,25.67,25.95,25.45,25.63,11510194.0,295755142.3,2.2406,0.1172,0,0
2024-03-14,sz.300346,25.47,25.7,24.88,25.25,9657464.0,244234908.07,1.8799,-1.4826,0,0
2024-03-15,sz.300346,25.25,25.46,24.92,25.44,8155918.0,205342712.57,1.5876,0.7525,0,0
2024-03-18,sz.300346,25.57,25.95,25.35,25.89,12001871.0,307654001.26,2.3363,1.7689,0,0
2024-03-19,sz.300346,25.79,26.57,25.53,26.19,19830035.0,516537843.51,3.8601,1.1587,0,0
2024-03-20,sz.300346,26.08,27.22,25.82,26.74,25091446.0,666162916.35,4.8843,2.1,0,0
2024-03-21,sz.300346,26.69,26.99,26.15,26.3,14629957.0,387502650.65,2.8479,-1.6455,0,0
2024-03-22,sz.300346,26.36,27.94,26.27,26.97,29398564.0,796972655.38,5.7227,2.5475,0,0
2024-03-25,sz.300346,26.76,27.59,25.94,25.99,21411024.0,570970843.92,4.1679,-3.6337,0,0
2024-03-26,sz.300346,25.66,26.44,24.91,25.23,17767186.0,452892088.31,3.4586,-2.9242,0,0
2024-03-27,sz.300346,25.34,25.38,23.72,23.72,13018418.0,317183984.47,2.5342,-5.9849,0,0
2024-03-28,sz.300346,23.78,26.19,23.78,25.38,20033296.0,505620499.79,3.8997,6.9983,0,0
2024-03-29,sz.300346,25.13,25.49,24.83,25.47,10244514.0,257940061.15,1.9942,0.3546,0,0
2024-04-01,sz.300346,25.67,25.98,25.41,25.87,11078110.0,285322551.04,2.1566,1.5705,0,0
2024-04-02,sz.300346,25.89,26.57,25.33,25.81,13283951.0,341797027.59,2.586,-0.2319,0,0
2024-04-03,sz.300346,25.67,26.56,25.4,26.31,20721436.0,542646363.31,4.0339,1.9372,0,0
2024-04-08,sz.300346,26.26,26.26,25.11,25.15,12053345.0,308888069.74,2.3465,-4.409,0,0
2024-04-09,sz.300346,25.25,25.65,24.81,25.44,7322279.0,185120646.93,1.4254,1.1531,0,0
2024-04-10,sz.300346,25.8,25.85,24.54,24.95,9909526.0,248453869.58,1.9291,-1.9261,0,0
2024-04-11,sz.300346,24.62,25.28,24.56,24.56,8427771.0,209465833.21,1.6407,-1.5631,0,0
2024-04-12,sz.300346,24.76,25.36,24.24,24.24,7687803.0,189584594.25,1.4966,-1.3029,0,0
2024-04-15,sz.300346,24.35,24.85,23.84,24.29,10925680.0,266261539.08,2.1269,0.2063,0,0
2024-04-16,sz.300346,23.81,24.19,22.3,22.35,14231793.0,327348175.07,2.7705,-7.9868,0,0
2024-04-17,sz.300346,22.76,23.66,22.73,23.62,11117583.0,259837858.55,2.1643,5.6823,0,0
2024-04-18,sz.300346,23.49,23.85,22.94,23.31,9061262.0,212453557.87,1.764,-1.3124,0,0
2024-04-19,sz.300346,23.15,23.63,22.7,23.02,10907981.0,251837395.7,2.1235,-1.2441,0,0
2024-04-22,sz.300346,22.62,23.13,22.26,22.85,6361179.0,144876170.77,1.2383,-0.7385,0,0
2024-04-23,sz.300346,22.95,23.28,22.61,22.76,5265330.0,120338483.19,1.025,-0.3939,0,0
2024-04-24,sz.300346,22.9,23.43,22.66,23.43,7689342.0,177670382.64,1.4969,2.9438,0,0
2024-04-25,sz.300346,23.22,23.97,23.17,23.57,8499706.0,200691294.32,1.6547,0.5975,0,0
2024-04-26,sz.300346,23.65,25.08,23.6,24.92,15802630.0,389338876.4,3.0763,5.7276,0,0
2024-04-29,sz.300346,24.92,25.9,24.92,25.77,13519433.0,345848439.96,2.6319,3.4109,0,0
2024-04-30,sz.300346,25.7,25.96,25.4,25.57,9495828.0,243533222.29,1.8486,-0.7761,0,0
2024-05-06,sz.300346,25.92,26.08,25.49,25.54,9099732.0,234500327.81,1.7715,-0.1173,0,0
2024-05-07,sz.300346,25.44,25.89,25.32,25.45,6617116.0,169130590.86,1.2882,-0.3524,0,0
2024-05-08,sz.300346,25.45,25.54,24.88,24.97,7836674.0,197163735.01,1.5256,-1.8861,0,0
2024-05-09,sz.300346,24.97,25.55,24.97,25.42,8001687.0,202865237.9,1.5577,1.8022,0,0
2024-05-10,sz.300346,25.42,25.48,24.74,24.81,7768924.0,193775808.64,1.5124,-2.3997,0,0
2024-05-13,sz.300346,24.56,24.62,24.08,24.28,6373940.0,154864352.2,1.2408,-2.1362,0,0
2024-05-14,sz.300346,24.35,24.74,24.19,24.19,5411319.0,131805507.88,1.0534,-0.3707,0,0
2024-05-15,sz.300346,24.1,24.58,23.88,24.05,5422087.0,131440697.66,1.0555,-0.5788,0,0
2024-05-16,sz.300346,24.2,24.4,23.88,23.9,5995150.0,144367440.7,1.1671,-0.6237,0,0
2024-05-17,sz.300346,23.92,24.51,23.71,24.48,7411140.0,179059926.87,1.4427,2.4268,0,0
2024-05-20,sz.300346,24.31,24.95,24.31,24.82,6841467.0,169099658.99,1.3318,1.3889,0,0
2024-05-21,sz.300346,24.78,24.78,24.32,24.46,4778689.0,117011536.15,0.9303,-1.3312,0,0
2024-05-22,sz.300346,24.41,24.62,24.1,24.45,6279042.0,153048651.0,1.2224,-0.0409,0,0
2024-05-23,sz.300346,24.4,24.6,23.8,23.88,6664900.0,160672843.2,1.2975,-2.3313,0,0
2024-05-24,sz.300346,23.69,24.03,23.31,23.31,6021636.0,142159353.94,1.1722,-2.3869,0,0
2024-05-27,sz.300346,23.5,26.98,22.81,26.53,41804098.0,1049504925.04,8.1381,13.8138,0,0
2024-05-28,sz.300346,26.2,27.9,26.0,26.56,52372154.0,1409360659.32,10.1954,0.1131,0,0
2024-05-29,sz.300346,26.2,27.08,26.19,26.59,27841993.0,741272842.49,5.4201,0.113,0,0
2024-05-30,sz.300346,26.3,27.85,26.3,27.37,44856968.0,1222551306.84,8.7324,2.9334,0,0
2024-05-31,sz.300346,27.0,27.36,26.56,26.61,27093345.0,728984872.03,5.2743,-2.7768,0,0
2024-06-03,sz.300346,26.6,27.25,26.5,26.81,22261817.0,598917575.8,4.3338,0.7516,0,0
2024-06-04,sz.300346,26.59,26.8,26.02,26.61,17742222.0,467547152.96,3.4539,-0.746,0,0
2024-06-05,sz.300346,26.5,27.43,26.41,26.72,22404092.0,606610909.31,4.3615,0.4134,0,0
2024-06-06,sz.300346,26.77,27.97,26.76,27.14,37349257.0,1020560259.1,7.2709,1.5719,0,0
2024-06-07,sz.300346,27.28,28.8,26.93,28.79,50686439.0,1425764967.43,9.8672,6.0796,0,0
2024-06-11,sz.300346,29.67,33.5,29.66,32.37,83859790.0,2619376522.09,16.3252,12.4349,0,0
2024-06-12,sz.300346,31.04,31.79,31.01,31.34,61929327.0,1944376340.13,12.0559,-3.182,0,0
2024-06-13,sz.300346,31.31,32.89,30.79,31.21,69100209.0,2203335888.45,13.4519,-0.4148,0,0
2024-06-14,sz.300346,31.18,31.74,29.8,30.57,51118752.0,1560477705.74,9.9514,-2.0506,0,0
2024-06-17,sz.300346,30.36,31.09,30.21,31.06,40024906.0,1228409516.38,7.7917,1.6029,0,0
2024-06-18,sz.300346,30.66,31.09,30.34,30.79,31780521.0,977345079.46,6.1868,-0.8693,0,0
2024-06-19,sz.300346,30.8,32.94,30.63,32.44,66242536.0,2123929450.4,12.8956,5.3589,0,0
2024-06-20,sz.300346,31.8,31.99,29.7,29.84,45950687.0,1434003177.15,8.9453,-8.0148,0,0
2024-06-21,sz.300346,30.09,31.82,29.9,30.34,38399543.0,1180350565.4,7.4753,1.6756,0,0
2024-06-24,sz.300346,30.01,31.98,30.01,30.88,40848374.0,1274671275.77,7.952,1.7798,0,0
2024-06-25,sz.300346,30.3,30.8,28.71,28.92,43590918.0,1286384263.03,8.4859,-6.3472,0,0
2024-06-26,sz.300346,29.26,29.85,28.28,29.7,32534598.0,947248145.88,6.3336,2.6971,0,0
2024-06-27,sz.300346,29.39,29.55,28.3,28.38,28643652.0,823875325.16,5.5761,-4.4444,0,0
2024-06-28,sz.300346,28.28,29.14,28.18,28.59,23133308.0,664615644.25,4.5034,0.74,0,0
2024-07-01,sz.300346,28.65,28.92,27.8,28.75,21533333.0,612710762.9,4.1919,0.5596,0,0
2024-07-02,sz.300346,28.5,28.74,28.11,28.31,15740139.0,447256907.83,3.0661,-1.5304,0,0
2024-07-03,sz.300346,28.1,29.19,27.5,28.72,26710515.0,759990235.16,5.2031,1.4483,0,0
2024-07-04,sz.300346,28.66,29.02,28.05,28.11,20755610.0,591466485.07,4.0431,-2.124,0,0
2024-07-05,sz.300346,27.79,28.18,27.33,27.82,17037460.0,472237079.72,3.3188,-1.0317,0,0
2024-07-08,sz.300346,27.77,29.02,27.77,28.01,24315113.0,691137947.87,4.7365,0.683,0,0
2024-07-09,sz.300346,28.11,29.83,27.63,29.71,40105295.0,1167966869.88,7.8124,6.0693,0,0
2024-07-10,sz.300346,29.41,29.8,29.06,29.24,26327080.0,773853244.52,5.1284,-1.582,0,0
2024-07-11,sz.300346,29.92,30.0,29.09,29.63,25425897.0,751920822.74,4.9529,1.3338,0,0
2024-07-12,sz.300346,29.27,30.15,28.75,29.98,26842579.0,792611640.53,5.2289,1.1812,0,0
2024-07-15,sz.300346,29.8,30.68,29.38,29.44,23913763.0,718211020.04,4.6583,-1.8012,0,0
2024-07-16,sz.300346,29.08,29.48,28.03,29.28,27202566.0,781851342.12,5.299,-0.5435,0,0
2024-07-17,sz.300346,29.14,30.33,28.98,29.7,32953582.0,978236031.76,6.4193,1.4344,0,0
2024-07-18,sz.300346,29.48,31.78,29.48,31.29,48877918.0,1499854634.91,9.5213,5.3535,0,0
2024-07-19,sz.300346,30.88,31.76,30.6,30.98,39837343.0,1242178203.77,7.7602,-0.9907,0,0
2024-07-22,sz.300346,30.88,31.72,30.88,31.07,28809670.0,903012522.09,5.612,0.2905,0,0
2024-07-23,sz.300346,30.9,30.9,29.2,29.2,28541099.0,855330539.81,5.5597,-6.0187,0,0
2024-07-24,sz.300346,28.92,29.6,28.15,28.22,22639040.0,652330108.4,4.41,-3.3562,0,0
2024-07-25,sz.300346,28.0,28.62,27.89,28.2,13997040.0,395373486.0,2.7266,-0.0709,0,0
2024-07-26,sz.300346,28.1,28.72,27.77,28.58,14946270.0,423902274.43,2.9115,1.3475,0,0
2024-07-29,sz.300346,28.5,28.96,28.1,28.1,13116900.0,374302478.6,2.5551,-1.6795,0,0
2024-07-30,sz.300346,27.87,28.88,26.88,28.85,21628947.0,603417893.15,4.2133,2.669,0,0
2024-07-31,sz.300346,28.65,29.97,28.42,29.77,25347111.0,744208164.36,4.9375,3.1889,0,0
2024-08-01,sz.300346,29.86,30.35,29.64,29.77,20595120.0,616210614.6,4.0119,0.0,0,0
2024-08-02,sz.300346,29.25,29.82,28.67,28.73,17090626.0,499914206.47,3.3292,-3.4934,0,0
2024-08-05,sz.300346,28.5,28.85,26.79,26.79,21502155.0,597053577.35,4.1886,-6.7525,0,0
2024-08-06,sz.300346,27.4,27.55,26.72,27.16,12357567.0,334104548.71,2.4072,1.3811,0,0
2024-08-07,sz.300346,27.0,27.47,26.91,27.0,9161161.0,248996257.3,1.7846,-0.5891,0,0
2024-08-08,sz.300346,26.85,27.69,26.51,27.25,12999325.0,353004063.2,2.5322,0.9259,0,0
2024-08-09,sz.300346,27.8,27.9,26.9,26.91,9954933.0,272273511.28,1.9392,-1.2477,0,0
2024-08-12,sz.300346,26.7,27.04,26.42,26.63,8095064.0,215905450.91,1.5769,-1.0405,0,0
2024-08-13,sz.300346,26.66,26.96,26.49,26.96,7011486.0,187772819.18,1.3658,1.2392,0,0
2024-08-14,sz.300346,27.0,27.05,26.48,26.48,6701822.0,179297975.12,1.3055,-1.7804,0,0
2024-08-15,sz.300346,26.42,27.12,26.28,26.77,9311052.0,249620637.76,1.8138,1.0952,0,0
2024-08-16,sz.300346,26.87,27.16,26.56,26.57,8945682.0,239995135.08,1.7426,-0.7471,0,0
2024-08-19,sz.300346,26.58,27.09,26.36,26.75,8038099.0,215873005.05,1.5658,0.6775,0,0
2024-08-20,sz.300346,26.91,27.0,26.22,26.41,8901780.0,237074652.62,1.734,-1.271,0,0
2024-08-21,sz.300346,26.34,26.58,25.97,26.02,8686762.0,228143515.16,1.6922,-1.4767,0,0
2024-08-22,sz.300346,25.88,26.1,25.54,25.64,8709079.0,224209315.3,1.6965,-1.4604,0,0
2024-08-23,sz.300346,25.56,25.9,25.49,25.69,5737861.0,147487339.0,1.1177,0.195,0,0
2024-08-26,sz.300346,25.6,26.07,25.38,25.56,6493170.0,166983653.58,1.2648,-0.506,0,0
2024-08-27,sz.300346,25.38,25.47,24.98,25.09,7003900.0,176425825.5,1.3643,-1.8388,0,0
2024-08-28,sz.300346,25.0,25.27,24.89,25.1,4728123.0,118560179.02,0.921,0.0399,0,0
2024-08-29,sz.300346,25.0,25.68,24.9,25.43,7979133.0,202601654.79,1.5543,1.3147,0,0
2024-08-30,sz.300346,25.65,27.15,25.64,26.75,18706187.0,498018609.75,3.6439,5.1907,0,0
2024-09-02,sz.300346,26.97,27.33,26.26,26.3,12471753.0,334065103.34,2.4295,-1.6822,0,0
2024-09-03,sz.300346,26.23,26.73,26.23,26.42,7625060.0,201628076.6,1.4853,0.4563,0,0
2024-09-04,sz.300346,26.6,27.97,26.45,27.25,23944190.0,652363398.3,4.6643,3.1416,0,0
2024-09-05,sz.300346,26.99,27.37,26.98,27.17,12068178.0,327432524.24,2.3508,-0.2936,0,0
2024-09-06,sz.300346,27.16,27.57,26.48,26.48,12507892.0,337055469.44,2.4365,-2.5396,0,0
2024-09-09,sz.300346,26.62,27.23,26.46,26.48,10398154.0,278745280.7,2.0255,0.0,0,0
2024-09-10,sz.300346,26.39,27.33,26.05,27.15,13535121.0,361449668.16,2.6366,2.5302,0,0
2024-09-11,sz.300346,26.88,27.12,26.71,26.96,7747422.0,208379847.22,1.5092,-0.6998,0,0
2024-09-12,sz.300346,27.05,27.15,26.39,26.39,8139061.0,217689870.29,1.5855,-2.1142,0,0
2024-09-13,sz.300346,26.37,26.54,25.95,25.97,7223351.0,189373956.24,1.4071,-1.5915,0,0
2024-09-18,sz.300346,26.99,27.68,26.74,27.17,23577175.0,641284427.64,4.5928,4.6207,0,0
2024-09-19,sz.300346,27.23,27.4,26.44,26.95,17769821.0,478476514.31,3.4615,-0.8097,0,0
2024-09-20,sz.300346,26.99,27.15,26.51,26.81,11195684.0,300197574.14,2.1809,-0.5195,0,0
2024-09-23,sz.300346,26.6,26.78,26.14,26.26,8809110.0,232866333.3,1.716,-2.0515,0,0
2024-09-24,sz.300346,26.4,27.39,26.2,27.39,18270864.0,492085691.84,3.5591,4.3031,0,0
2024-09-25,sz.300346,27.43,28.23,27.38,27.4,20086120.0,558771127.1,3.9127,0.0365,0,0
2024-09-26,sz.300346,27.36,28.62,27.28,28.62,19309493.0,540445601.3,3.7614,4.4526,0,0
2024-09-27,sz.300346,29.33,30.66,28.77,30.32,32795907.0,975481044.77,6.3885,5.9399,0,0
2024-09-30,sz.300346,31.75,35.65,31.1,35.35,56097513.0,1877328899.62,10.9276,16.7823,0,0
2024-10-08,sz.300346,42.42,42.42,40.28,42.42,68260129.0,2874713464.64,13.2969,20.0,1,0
2024-10-09,sz.300346,41.5,48.99,40.66,42.36,104367264.0,4568519240.38,20.3304,-0.1414,0,0
2024-10-10,sz.300346,41.25,42.29,38.5,39.35,59766332.0,2412771054.67,11.6423,-7.1058,0,0
2024-10-11,sz.300346,38.11,39.99,35.83,36.62,47504057.0,1764359229.0,9.2536,-6.9377,0,0
2024-10-14,sz.300346,37.0,38.89,36.11,38.82,44040234.0,1659474468.57,8.5789,6.0076,0,0
2024-10-15,sz.300346,38.6,41.3,38.0,38.62,58919886.0,2339115376.19,11.4774,-0.5152,0,0
2024-10-16,sz.300346,38.61,41.66,38.6,40.08,62235634.0,2517869903.42,12.1233,3.7804,0,0
2024-10-17,sz.300346,39.6,40.88,39.38,39.43,48385148.0,1934858675.4,9.4253,-1.6218,0,0
2024-10-18,sz.300346,39.44,46.12,39.2,43.03,81630340.0,3431301014.99,15.9013,9.1301,0,0
2024-10-21,sz.300346,43.0,46.0,42.18,42.37,91740844.0,4019384149.02,17.8708,-1.5338,0,0
2024-10-22,sz.300346,41.53,43.79,41.53,42.41,60469730.0,2586812451.12,11.7793,0.0944,0,0
2024-10-23,sz.300346,41.71,42.36,40.9,41.16,45880723.0,1909168848.9,8.9374,-2.9474,0,0
2024-10-24,sz.300346,41.0,41.41,40.32,40.86,28379503.0,1158202943.24,5.5282,-0.7289,0,0
2024-10-25,sz.300346,41.18,41.42,40.15,40.62,33314761.0,1357824000.57,6.4896,-0.5874,0,0
2024-10-28,sz.300346,40.21,40.4,39.43,40.24,33160194.0,1325644255.28,6.4595,-0.9355,0,0
2024-10-29,sz.300346,40.1,41.21,39.33,39.48,41448295.0,1665169428.21,8.074,-1.8887,0,0
2024-10-30,sz.300346,39.61,40.2,39.11,39.9,34740367.0,1379286920.56,6.7673,1.0638,0,0
2024-10-31,sz.300346,39.73,42.22,38.8,41.78,64605178.0,2632025286.87,12.5849,4.7118,0,0
2024-11-01,sz.300346,41.41,43.0,39.07,39.3,54951470.0,2253937512.04,10.7044,-5.9359,0,0
2024-11-04,sz.300346,38.7,41.73,38.7,40.65,33441321.0,1351052886.58,6.5143,3.4351,0,0
2024-11-05,sz.300346,40.55,42.2,40.01,41.91,50834465.0,2114325846.02,9.9024,3.0996,0,0
2024-11-06,sz.300346,42.1,43.33,41.01,42.66,62447926.0,2638082589.47,12.1647,1.7895,0,0
2024-11-07,sz.300346,42.79,46.6,42.31,45.0,83137322.0,3731883970.09,16.1949,5.4852,0,0
2024-11-08,sz.300346,46.21,48.83,44.12,45.07,88973552.0,4102950831.12,17.3318,0.1556,0,0
2024-11-11,sz.300346,46.5,48.03,45.78,46.29,77117474.0,3611815232.34,15.0222,2.7069,0,0
2024-11-12,sz.300346,45.66,47.25,44.15,44.92,56567421.0,2575169207.77,11.0192,-2.9596,0,0
2024-11-13,sz.300346,44.2,45.14,43.68,44.7,33696231.0,1495929353.41,6.5639,-0.4898,0,0
2024-11-14,sz.300346,44.5,44.65,42.33,42.39,33977239.0,1471703962.49,6.6187,-5.1678,0,0
2024-11-15,sz.300346,42.7,43.08,40.5,40.55,35333389.0,1477977934.67,6.8828,-4.3406,0,0
2024-11-18,sz.300346,40.55,40.95,38.12,38.38,32284343.0,1264811797.5,6.2889,-5.3514,0,0
2024-11-19,sz.300346,39.0,40.31,38.73,40.2,29011132.0,1146309742.64,5.6513,4.7421,0,0
2024-11-20,sz.300346,40.05,40.43,39.4,40.15,27182329.0,1086329382.69,5.295,-0.1244,0,0
2024-11-21,sz.300346,39.88,40.49,39.41,40.04,23600624.0,945559821.4,4.5973,-0.274,0,0
2024-11-22,sz.300346,40.02,40.78,38.12,38.13,28982180.0,1144680027.6,5.6456,-4.7702,0,0
2024-11-25,sz.300346,38.5,39.08,37.26,38.27,23469974.0,891872095.59,4.5719,0.3672,0,0
2024-11-26,sz.300346,38.17,38.49,37.75,37.78,14514356.0,552882805.41,2.6528,-1.2804,0,0
2024-11-27,sz.300346,37.56,39.23,36.88,39.19,23577199.0,897509319.67,4.3093,3.7321,0,0
2024-11-28,sz.300346,39.2,39.55,38.5,38.6,18785721.0,732056574.9,3.4335,-1.5055,0,0
2024-11-29,sz.300346,38.4,39.76,38.01,39.23,23538217.0,919208605.5,4.3021,1.6321,0,0
2024-12-02,sz.300346,39.13,40.6,38.91,40.56,28747428.0,1150324632.43,5.2542,3.3903,0,0
2024-12-03,sz.300346,41.1,43.88,40.95,42.15,55736262.0,2367692573.9,10.1871,3.9201,0,0
2024-12-04,sz.300346,43.38,43.45,41.18,41.41,38486768.0,1625898191.94,7.0343,-1.7556,0,0
2024-12-05,sz.300346,40.9,42.09,40.9,41.87,21475797.0,893826197.56,3.9252,1.1108,0,0
2024-12-06,sz.300346,42.05,42.7,40.96,42.22,26475896.0,1111695323.75,4.8391,0.8359,0,0
2024-12-09,sz.300346,42.0,42.2,40.94,41.4,18633408.0,773940890.06,3.4057,-1.9422,0,0
2024-12-10,sz.300346,43.08,43.25,41.45,41.57,25812203.0,1091712045.88,4.7178,0.4106,0,0
2024-12-11,sz.300346,41.4,42.6,41.32,42.32,22647270.0,953043009.67,4.1393,1.8042,0,0
2024-12-12,sz.300346,42.2,42.9,41.6,42.76,25553719.0,1082729575.41,4.6705,1.0397,0,0
2024-12-13,sz.300346,42.34,43.37,41.91,42.02,47254996.0,2017992925.28,8.6369,-1.7306,0,0
2024-12-16,sz.300346,42.19,42.58,40.7,41.08,23892236.0,993962419.11,4.3668,-2.237,0,0
2024-12-17,sz.300346,40.9,41.28,39.98,40.12,16593466.0,672324223.23,3.0328,-2.3369,0,0
2024-12-18,sz.300346,40.3,41.09,39.85,40.67,15086604.0,611895108.27,2.7574,1.3709,0,0
2024-12-19,sz.300346,40.01,41.05,39.98,40.83,14680315.0,595439107.82,2.6832,0.3934,0,0
2024-12-20,sz.300346,40.75,43.3,40.62,42.36,29776747.0,1255618848.24,5.4424,3.7472,0,0
2024-12-23,sz.300346,42.35,42.42,40.83,40.95,20646264.0,857496170.41,3.7736,-3.3286,0,0
2024-12-24,sz.300346,41.0,41.57,40.15,41.52,17574253.0,719127765.8,3.2121,1.3919,0,0
2024-12-25,sz.300346,41.43,41.68,40.1,40.43,15325239.0,625100240.94,2.801,-2.6252,0,0
2024-12-26,sz.300346,40.26,41.46,40.13,40.88,16033751.0,658753233.98,2.9305,1.113,0,0
2024-12-27,sz.300346,40.99,42.44,40.66,41.12,23184339.0,966756355.78,4.2375,0.5871,0,0
2024-12-30,sz.300346,40.8,41.33,39.81,40.65,14702498.0,598359506.77,2.6872,-1.143,0,0
2024-12-31,sz.300346,40.46,40.9,38.56,38.59,22263762.0,877062215.87,4.0692,-5.0677,0,0
2025-01-02,sz.300346,38.5,38.75,36.3,36.8,19079137.0,714336892.44,3.4871,-4.6385,0,0
2025-01-03,sz.300346,37.21,37.38,35.97,35.98,16099442.0,590221437.16,2.9425,-2.2283,0,0
2025-01-06,sz.300346,35.98,36.65,35.45,35.74,12168002.0,437354119.02,2.224,-0.667,0,0
2025-01-07,sz.300346,35.92,37.05,35.7,36.83,13511233.0,491008306.87,2.4695,3.0498,0,0
2025-01-08,sz.300346,36.51,37.19,35.27,36.6,16220778.0,588754187.0,2.9647,-0.6245,0,0
2025-01-09,sz.300346,36.52,37.19,36.4,36.74,11424135.0,421610248.15,2.088,0.3825,0,0
2025-01-10,sz.300346,36.65,37.53,36.0,36.0,14154689.0,521958856.48,2.5871,-2.0142,0,0
2025-01-13,sz.300346,35.76,36.93,35.52,36.6,11887033.0,431103128.09,2.1726,1.6667,0,0
2025-01-14,sz.300346,36.8,38.14,36.23,38.03,20429609.0,764655089.27,3.734,3.9071,0,0
2025-01-15,sz.300346,37.82,38.04,37.41,37.53,12373167.0,465842058.81,2.2615,-1.3148,0,0
2025-01-16,sz.300346,37.9,38.42,37.07,37.42,14277777.0,538218655.4,2.6096,-0.2931,0,0
2025-01-17,sz.300346,37.29,38.4,37.05,37.75,16075386.0,607451249.38,2.9381,0.8819,0,0
2025-01-20,sz.300346,37.99,38.16,37.54,37.71,11618705.0,439403256.26,2.1236,-0.106,0,0
2025-01-21,sz.300346,37.94,38.04,37.35,37.91,11567266.0,436548298.71,2.1142,0.5304,0,0
2025-01-22,sz.300346,37.67,38.05,37.41,37.67,10094509.0,380856130.43,1.845,-0.6331,0,0
2025-01-23,sz.300346,38.18,38.69,37.04,37.04,17493253.0,664567296.91,3.1973,-1.6724,0,0
2025-01-24,sz.300346,36.97,37.9,36.84,37.76,12468577.0,468529309.48,2.2789,1.9438,0,0
2025-01-27,sz.300346,37.9,38.11,36.7,36.7,10377541.0,387429936.89,1.8967,-2.8072,0,0
2025-02-05,sz.300346,37.32,37.76,37.03,37.21,12088097.0,451842552.48,2.2094,1.3896,0,0
2025-02-06,sz.300346,37.0,38.65,36.9,38.61,20318482.0,774215947.23,3.7137,3.7624,0,0
2025-02-07,sz.300346,38.45,39.59,38.24,38.81,23571210.0,917957501.15,4.3082,0.518,0,0
2025-02-10,sz.300346,38.81,38.95,38.31,38.76,18047351.0,698109473.47,3.2986,-0.1288,0,0
2025-02-11,sz.300346,38.69,38.69,37.65,37.92,15083074.0,571848761.51,2.7568,-2.1672,0,0
2025-02-12,sz.300346,37.82,39.18,37.73,39.16,22296575.0,858490968.02,4.0752,3.27,0,0
2025-02-13,sz.300346,38.91,38.95,37.75,37.75,20465626.0,780976298.84,3.7406,-3.6006,0,0
2025-02-14,sz.300346,37.74,37.93,37.06,37.36,16089029.0,600897391.81,2.9406,-1.0331,0,0
2025-02-17,sz.300346,37.37,38.26,37.36,37.7,16425696.0,620646828.55,3.0022,0.9101,0,0
2025-02-18,sz.300346,37.5,38.67,36.8,36.91,21470084.0,810712812.95,3.9241,-2.0955,0,0
2025-02-19,sz.300346,36.95,38.28,36.8,38.24,22734632.0,859442274.45,4.1553,3.6034,0,0
2025-02-20,sz.300346,38.1,38.21,37.45,38.03,17128733.0,648368637.39,3.1307,-0.5492,0,0
2025-02-21,sz.300346,38.01,39.13,37.62,38.81,27380336.0,1054419808.84,5.0044,2.051,0,0
2025-02-24,sz.300346,38.82,39.48,38.57,38.97,23264535.0,907354723.44,4.2521,0.4123,0,0
2025-02-25,sz.300346,38.5,40.96,38.33,40.52,51918070.0,2077146015.58,9.4892,3.9774,0,0
2025-02-26,sz.300346,40.95,41.0,39.81,40.39,29993427.0,1206387597.23,5.482,-0.3208,0,0
2025-02-27,sz.300346,40.4,40.5,39.01,39.88,24737846.0,983078301.21,4.5214,-1.2627,0,0
2025-02-28,sz.300346,39.63,39.84,37.66,37.74,22273052.0,858809674.46,4.0709,-5.3661,0,0
2025-03-03,sz.300346,37.74,38.82,36.95,37.89,20004151.0,759704548.13,3.6562,0.3975,0,0
2025-03-04,sz.300346,37.4,38.86,37.33,38.34,17716864.0,674918011.04,3.2382,1.1876,0,0
2025-03-05,sz.300346,38.34,40.2,38.08,38.79,23558463.0,921291299.89,4.3058,1.1737,0,0
2025-03-06,sz.300346,38.94,39.74,38.91,39.36,23469794.0,922967996.47,4.2896,1.4695,0,0
2025-03-07,sz.300346,39.05,39.45,38.42,38.8,16692311.0,649349443.45,3.0509,-1.4228,0,0
2025-03-10,sz.300346,39.13,39.7,38.76,39.22,18378241.0,720583232.86,3.359,1.0825,0,0
2025-03-11,sz.300346,38.5,39.1,38.38,38.68,13743728.0,530659537.59,2.512,-1.3768,0,0
2025-03-12,sz.300346,38.89,38.89,37.8,37.82,19358289.0,741908906.2,3.5382,-2.2234,0,0
2025-03-13,sz.300346,37.86,37.95,36.55,37.0,17667410.0,655089695.06,3.2291,-2.1682,0,0
2025-03-14,sz.300346,37.0,37.75,36.81,37.63,14347722.0,537758331.79,2.6224,1.7027,0,0
2025-03-17,sz.300346,37.63,37.9,37.37,37.63,10356041.0,389895611.39,1.8928,0.0,0,0
2025-03-18,sz.300346,37.76,38.15,37.46,37.58,9667438.0,364970792.55,1.7669,-0.1329,0,0
2025-03-19,sz.300346,37.48,37.59,36.92,37.05,10460541.0,388856530.13,1.9119,-1.4103,0,0
2025-03-20,sz.300346,36.99,37.2,36.73,36.73,9047417.0,334658661.62,1.6536,-0.8637,0,0
2025-03-21,sz.300346,36.74,36.9,35.94,36.12,11427737.0,414961249.1,2.0887,-1.6608,0,0
2025-03-24,sz.300346,36.12,36.3,35.11,35.9,12068818.0,431293708.14,2.2058,-0.6091,0,0
2025-03-25,sz.300346,35.99,36.11,35.6,35.92,8565238.0,307226141.6,1.5655,0.0557,0,0
2025-03-26,sz.300346,35.8,36.23,35.7,35.73,7170891.0,257951100.86,1.3106,-0.529,0,0
2025-03-27,sz.300346,35.62,37.31,35.5,37.0,22587581.0,829914845.67,4.1284,3.5544,0,0
2025-03-28,sz.300346,37.1,37.84,36.45,36.45,18494987.0,687184422.11,3.3804,-1.4865,0,0
2025-03-31,sz.300346,36.27,37.11,36.0,36.44,13929075.0,510466101.93,2.5459,-0.0274,0,0
2025-04-01,sz.300346,36.27,38.2,36.2,37.51,21002225.0,784820419.42,3.8386,2.9363,0,0
2025-04-02,sz.300346,37.43,38.13,36.88,37.26,14025578.0,521875598.47,2.5635,-0.6665,0,0
2025-04-03,sz.300346,37.2,38.08,36.68,37.38,15464614.0,575791527.15,2.8265,0.3221,0,0
2025-04-07,sz.300346,36.08,38.33,33.39,35.06,48091506.0,1768839599.7,8.7898,-6.2065,0,0
2025-04-08,sz.300346,35.5,36.55,34.13,35.61,32421725.0,1143165654.18,5.9258,1.5687,0,0
2025-04-09,sz.300346,35.0,37.58,33.42,37.39,42076177.0,1536748015.62,7.6904,4.9986,0,0
2025-04-10,sz.300346,38.1,38.49,37.3,37.38,38058383.0,1441675968.9,6.956,-0.0267,0,0
2025-04-11,sz.300346,36.88,39.5,36.81,38.9,54694598.0,2111893438.23,9.9967,4.0663,0,0
2025-04-14,sz.300346,39.3,39.38,38.3,39.03,37829648.0,1467479451.2,6.9142,0.3342,0,0
2025-04-15,sz.300346,38.7,38.81,38.21,38.25,19179060.0,736666017.76,3.5054,-1.9985,0,0
2025-04-16,sz.300346,38.06,39.04,37.81,38.37,19533510.0,750459017.89,3.5702,0.3137,0,0
2025-04-17,sz.300346,38.13,39.24,38.0,38.31,27812257.0,1080389358.2,5.0833,-0.1564,0,0
2025-04-18,sz.300346,38.02,38.2,37.01,37.1,21440094.0,800807886.86,3.9187,-3.1584,0,0
2025-04-21,sz.300346,37.08,37.58,37.02,37.47,11539375.0,430608605.49,2.1091,0.9973,0,0
2025-04-22,sz.300346,37.4,40.4,36.72,38.6,39213951.0,1517646854.53,7.1672,3.0157,0,0
2025-04-23,sz.300346,38.38,38.98,38.09,38.83,25366163.0,975354578.87,4.6362,0.5959,0,0
2025-04-24,sz.300346,38.61,39.4,38.4,38.52,23419980.0,909835814.66,4.2805,-0.7984,0,0
2025-04-25,sz.300346,38.43,38.97,37.85,38.56,18054655.0,693055480.89,3.2999,0.1038,0,0
2025-04-28,sz.300346,38.57,38.9,38.01,38.41,14492724.0,558524827.02,2.6489,-0.389,0,0
2025-04-29,sz.300346,38.25,39.1,38.02,38.52,14185876.0,548605225.59,2.5928,0.2864,0,0
2025-04-30,sz.300346,38.66,39.8,38.52,39.52,28821654.0,1132973731.72,5.2678,2.5961,0,0
2025-05-06,sz.300346,39.52,40.96,39.35,40.78,34200227.0,1372954835.53,6.2509,3.1883,0,0
2025-05-07,sz.300346,41.0,41.18,39.84,40.25,30275638.0,1222718170.7,5.5336,-1.2997,0,0
2025-05-08,sz.300346,39.99,40.23,39.8,39.92,19336610.0,773242855.89,3.5342,-0.8199,0,0
2025-05-09,sz.300346,33.33,33.33,32.2,32.21,21773402.0,706803037.25,3.3163,-2.9234,0,0
2025-05-12,sz.300346,32.43,32.66,32.24,32.5,17825407.0,578368861.72,2.715,0.9003,0,0
2025-05-13,sz.300346,32.68,32.75,31.65,31.66,22915399.0,734687996.17,3.4903,-2.5846,0,0
2025-05-14,sz.300346,31.66,32.42,31.55,32.02,17693514.0,564416829.71,2.6949,1.1371,0,0
2025-05-15,sz.300346,32.02,32.3,31.27,31.29,17141562.0,544925070.33,2.6108,-2.2798,0,0
2025-05-16,sz.300346,31.15,31.48,31.0,31.01,12643740.0,394986218.05,1.9258,-0.8949,0,0
2025-05-19,sz.300346,31.0,31.46,30.79,31.12,11027524.0,343136668.11,1.6796,0.3547,0,0
2025-05-20,sz.300346,31.12,31.81,31.01,31.73,14300242.0,451476843.64,2.1781,1.9602,0,0
2025-05-21,sz.300346,31.66,31.79,31.24,31.43,12248964.0,385190808.3,1.8657,-0.9455,0,0
2025-05-22,sz.300346,31.37,31.67,30.55,30.58,15342170.0,476813158.98,2.3368,-2.7044,0,0
2025-05-23,sz.300346,30.52,31.2,30.52,30.56,13507808.0,416081044.59,2.0574,-0.0654,0,0
2025-05-26,sz.300346,30.82,31.48,30.77,31.14,14557627.0,453238312.54,2.2173,1.8979,0,0
2025-05-27,sz.300346,30.91,31.34,30.91,31.12,10162286.0,316247240.69,1.5478,-0.0642,0,0
2025-05-28,sz.300346,31.12,31.29,30.72,30.74,9082002.0,280943524.77,1.3833,-1.2211,0,0
2025-05-29,sz.300346,30.73,31.62,30.73,31.61,17085710.0,535666460.5,2.6023,2.8302,0,0
2025-05-30,sz.300346,31.48,31.48,31.02,31.1,10308759.0,321568080.67,1.5701,-1.6134,0,0
2025-06-03,sz.300346,31.09,31.86,30.95,31.58,14662307.0,462936969.65,2.2332,1.5434,0,0
2025-06-04,sz.300346,31.58,31.7,31.39,31.58,10626604.0,335285773.83,1.6185,0.0,0,0
2025-06-05,sz.300346,31.56,31.79,31.41,31.74,12816883.0,405180203.34,1.9522,0.5066,0,0
2025-06-06,sz.300346,31.73,32.28,31.5,31.52,12833114.0,407899204.14,1.9546,-0.6931,0,0
2025-06-09,sz.300346,31.36,31.87,31.36,31.85,13389878.0,423416104.92,2.0394,1.047,0,0
2025-06-10,sz.300346,31.73,31.82,30.78,31.0,16207446.0,506061168.52,2.4686,-2.6688,0,0
2025-06-11,sz.300346,31.03,31.36,31.03,31.06,9661217.0,301320881.97,1.4715,0.1935,0,0
2025-06-12,sz.300346,31.0,31.24,30.38,30.4,18713736.0,574459271.27,2.8503,-2.1249,0,0
2025-06-13,sz.300346,30.31,30.78,29.85,30.5,24336953.0,734983128.53,3.7068,0.3289,0,0
2025-06-16,sz.300346,30.2,30.8,30.16,30.57,11720832.0,358589683.45,1.7852,0.2295,0,0
2025-06-17,sz.300346,30.56,30.69,30.24,30.33,7528931.0,228673302.12,1.1467,-0.7851,0,0
2025-06-18,sz.300346,30.21,30.41,30.06,30.24,7821070.0,236524715.73,1.1912,-0.2967,0,0
2025-06-19,sz.300346,30.16,30.49,29.88,29.95,10004019.0,301999618.98,1.5237,-0.959,0,0
2025-06-20,sz.300346,30.0,30.78,30.0,30.38,18226791.0,556119281.59,2.7761,1.4357,0,0
2025-06-23,sz.300346,30.17,31.03,30.02,30.75,15912509.0,489370605.62,2.4237,1.2179,0,0
2025-06-24,sz.300346,30.76,31.13,30.68,31.04,15188676.0,470493408.92,2.3134,0.9431,0,0
2025-06-25,sz.300346,31.15,31.4,30.87,31.38,18513993.0,577004423.44,2.8199,1.0954,0,0
2025-06-26,sz.300346,31.46,31.6,31.03,31.06,14965911.0,468890621.61,2.2795,-1.0198,0,0
2025-06-27,sz.300346,31.18,31.48,31.05,31.09,13647153.0,426438602.77,2.0786,0.0966,0,0
2025-06-30,sz.300346,30.8,31.98,30.63,31.64,32059730.0,1009491814.5,4.8831,1.7691,0,0
2025-07-01,sz.300346,31.55,32.41,31.5,32.1,34040780.0,1091857051.73,5.1848,1.4539,0,0
2025-07-02,sz.300346,31.9,32.3,31.58,31.73,18834058.0,599740528.22,2.8686,-1.1526,0,0
2025-07-03,sz.300346,31.8,31.85,31.31,31.48,13830678.0,435670058.62,2.1066,-0.7879,0,0
2025-07-04,sz.300346,31.49,31.66,30.91,31.12,16322520.0,509931390.58,2.4861,-1.1436,0,0
2025-07-07,sz.300346,31.1,31.5,30.95,31.06,9788185.0,305046041.07,1.4908,-0.1928,0,0
2025-07-08,sz.300346,31.02,31.61,31.02,31.46,14973929.0,470729432.27,2.2807,1.2878,0,0
2025-07-09,sz.300346,31.46,31.49,30.92,30.97,13416572.0,418121615.78,2.0435,-1.5575,0,0
2025-07-10,sz.300346,30.97,31.1,30.7,30.83,10563956.0,325684982.04,1.609,-0.4521,0,0
2025-07-11,sz.300346,30.83,31.25,30.63,31.13,12536127.0,388883817.71,1.9094,0.9731,0,0
2025-07-14,sz.300346,31.2,31.25,30.96,31.05,7887922.0,245185579.2,1.2014,-0.257,0,0
2025-07-15,sz.300346,31.03,31.26,30.72,30.92,10967965.0,339554874.35,1.6705,-0.4187,0,0
2025-07-16,sz.300346,31.02,31.33,30.91,31.02,10437302.0,324667322.38,1.5897,0.3234,0,0
2025-07-17,sz.300346,30.98,31.57,30.8,31.48,15525231.0,485317138.97,2.3647,1.4829,0,0
2025-07-18,sz.300346,31.44,32.08,31.23,31.94,21443850.0,678310094.62,3.2661,1.4612,0,0
2025-07-21,sz.300346,31.74,31.84,31.46,31.64,15369478.0,486239126.98,2.3409,-0.9393,0,0
2025-07-22,sz.300346,31.68,31.85,31.48,31.7,15331531.0,485391273.87,2.3352,0.1896,0,0
2025-07-23,sz.300346,31.6,31.85,31.41,31.46,16236059.0,513745638.3,2.4729,-0.7571,0,0
2025-07-24,sz.300346,31.36,32.05,31.36,31.94,22136921.0,704808646.18,3.3717,1.5257,0,0
2025-07-25,sz.300346,31.98,32.66,31.75,32.55,34079695.0,1099317764.0,5.1907,1.9098,0,0
2025-07-28,sz.300346,32.73,32.78,32.22,32.58,24461318.0,796048834.6,3.7257,0.0922,0,0
2025-07-29,sz.300346,32.49,32.7,32.25,32.53,20520031.0,665202323.96,3.1254,-0.1535,0,0
2025-07-30,sz.300346,32.38,32.93,32.1,32.34,23467458.0,762158848.74,3.5744,-0.5841,0,0
2025-07-31,sz.300346,32.34,32.54,31.51,31.57,24751753.0,792264926.25,3.77,-2.381,0,0
2025-08-01,sz.300346,31.59,31.86,31.06,31.19,15845759.0,497797901.25,2.4135,-1.2037,0,0
2025-08-04,sz.300346,31.02,31.5,30.92,31.45,12353104.0,386139343.9,1.8815,0.8336,0,0
2025-08-05,sz.300346,31.54,32.2,31.3,31.78,19552940.0,621502531.23,2.9781,1.0493,0,0
2025-08-06,sz.300346,31.7,32.29,31.6,32.22,20301474.0,650299138.47,3.0921,1.3845,0,0
2025-08-07,sz.300346,32.23,32.64,32.1,32.4,24514289.0,793560701.67,3.7338,0.5587,0,0
2025-08-08,sz.300346,32.33,32.99,31.99,32.02,20587943.0,665248332.3,3.1358,-1.1728,0,0
2025-08-11,sz.300346,31.94,32.44,31.88,32.24,15733168.0,507257344.56,2.3963,0.6871,0,0
2025-08-12,sz.300346,32.45,33.08,32.05,32.78,38963286.0,1272431244.78,5.9345,1.6749,0,0
2025-08-13,sz.300346,32.81,35.68,32.81,34.69,80890906.0,2809944787.76,12.3206,5.8267,0,0
2025-08-14,sz.300346,34.59,35.0,33.69,33.75,49798227.0,1705634830.4,7.5848,-2.7097,0,0
2025-08-15,sz.300346,33.75,35.19,33.7,35.02,52529828.0,1820737442.78,8.0009,3.763,0,0
2025-08-18,sz.300346,35.7,35.98,35.0,35.16,61103317.0,2157943971.66,9.3067,0.3998,0,0
2025-08-19,sz.300346,35.1,35.13,34.35,34.48,39638339.0,1373132011.11,6.0374,-1.934,0,0
2025-08-20,sz.300346,34.47,34.95,34.0,34.95,34700056.0,1196932718.44,5.2852,1.3631,0,0
2025-08-21,sz.300346,34.95,35.2,34.04,34.3,28383552.0,980168521.99,4.3231,-1.8598,0,0
2025-08-22,sz.300346,34.28,36.26,34.28,35.88,61598453.0,2180928131.93,9.3821,4.6064,0,0
2025-08-25,sz.300346,36.69,36.84,35.58,36.08,60647217.0,2185576782.17,9.2372,0.5574,0,0
2025-08-26,sz.300346,35.88,36.25,35.49,35.9,32042191.0,1149434506.68,4.8804,-0.4989,0,0
2025-08-27,sz.300346,36.0,37.29,35.35,35.38,59544471.0,2162992130.67,9.0693,-1.4485,0,0
2025-08-28,sz.300346,35.39,37.07,35.39,36.96,68382496.0,2493116306.78,10.4154,4.4658,0,0
2025-08-29,sz.300346,37.48,37.48,35.95,36.17,48698646.0,1772724785.32,7.4173,-2.1374,0,0
2025-09-01,sz.300346,36.79,37.39,36.09,36.75,45998213.0,1684486785.85,7.006,1.6035,0,0
2025-09-02,sz.300346,36.35,36.53,34.58,34.8,48350269.0,1707059571.81,7.3643,-5.3061,0,0
2025-09-03,sz.300346,34.97,37.05,34.43,35.3,58002943.0,2076738367.03,8.8345,1.4368,0,0
2025-09-04,sz.300346,35.1,35.56,32.82,33.47,46567423.0,1591787329.49,7.0927,-5.1841,0,0
2025-09-05,sz.300346,33.6,34.7,33.33,34.62,31953185.0,1093008820.92,4.8668,3.4359,0,0
2025-09-08,sz.300346,34.68,34.75,34.02,34.71,27151343.0,933499600.06,4.1355,0.26,0,0
2025-09-09,sz.300346,34.46,34.48,33.38,33.49,24745903.0,836570733.62,3.7691,-3.5148,0,0
2025-09-10,sz.300346,33.45,33.69,32.99,33.01,20612737.0,685866161.75,3.1395,-0.9006,0,0
2025-09-11,sz.300346,33.0,34.45,32.78,34.36,36803006.0,1247644080.13,5.6055,4.0897,0,0
2025-09-12,sz.300346,34.25,35.25,34.11,34.75,33404486.0,1160636106.57,5.0879,1.135,0,0
2025-09-15,sz.300346,35.24,35.33,34.2,34.23,23538180.0,811896246.6,3.5851,-1.4964,0,0
2025-09-16,sz.300346,34.22,34.64,33.91,34.3,20080375.0,687308280.23,3.0585,0.2045,0,0
2025-09-17,sz.300346,34.48,36.68,34.41,36.01,60515921.0,2158235586.15,9.2172,4.9854,0,0
2025-09-18,sz.300346,35.62,37.15,35.41,36.0,70462936.0,2563672804.83,10.7323,-0.0278,0,0
2025-09-19,sz.300346,35.99,37.09,35.84,36.05,51849309.0,1891270954.93,7.8972,0.1389,0,0
2025-09-22,sz.300346,36.53,38.06,36.11,37.72,79577516.0,2961765845.56,12.1205,4.6325,0,0
2025-09-23,sz.300346,37.91,38.43,36.38,38.17,73429485.0,2737943024.0,11.1841,1.193,0,0
2025-09-24,sz.300346,38.0,45.0,37.74,42.94,151473101.0,6280200162.17,23.071,12.4967,0,0
2025-09-25,sz.300346,42.49,43.28,41.65,41.91,95378247.0,4017110605.88,14.5272,-2.3987,0,0
2025-09-26,sz.300346,41.5,43.3,41.42,41.45,69992101.0,2957137511.32,10.6606,-1.0976,0,0
2025-09-29,sz.300346,42.2,42.62,41.1,41.9,58292184.0,2433929787.26,8.8785,1.0856,0,0
2025-09-30,sz.300346,42.44,44.23,42.01,43.42,85142133.0,3682558770.84,12.9681,3.6277,0,0
2025-10-09,sz.300346,43.51,45.0,42.83,43.18,90835506.0,3995199534.55,13.8353,-0.5527,0,0
2025-10-10,sz.300346,42.0,42.63,40.98,41.7,67624643.0,2807581300.45,10.3,-3.4275,0,0
2025-10-13,sz.300346,40.62,45.88,40.5,45.73,112950126.0,4978236005.46,17.2036,9.6643,0,0
2025-10-14,sz.300346,45.13,45.24,41.7,41.72,94392497.0,4080403310.39,14.377,-8.7689,0,0
2025-10-15,sz.300346,41.6,41.89,39.9,40.93,52494487.0,2130497063.13,7.9955,-1.8936,0,0
2025-10-16,sz.300346,40.77,40.89,39.58,39.91,37639759.0,1509619258.76,5.733,-2.4921,0,0
2025-10-17,sz.300346,39.88,40.19,38.0,38.03,39539346.0,1532842820.83,6.0223,-4.7106,0,0
2025-10-20,sz.300346,38.78,39.05,37.82,38.06,28124067.0,1081027267.98,4.2836,0.0789,0,0
2025-10-21,sz.300346,38.07,38.87,37.9,38.59,29412939.0,1132529986.61,4.4799,1.3925,0,0
2025-10-22,sz.300346,38.27,38.76,37.72,38.09,23630644.0,902639794.11,3.5992,-1.2957,0,0
2025-10-23,sz.300346,38.06,38.08,36.92,37.61,26117762.0,973819607.53,3.978,-1.2602,0,0
2025-10-24,sz.300346,38.39,39.38,38.28,39.29,41480438.0,1618405217.22,6.3179,4.4669,0,0
2025-10-27,sz.300346,43.2,45.19,41.28,41.61,100914655.0,4319966396.87,15.3704,5.9048,0,0
2025-10-28,sz.300346,42.02,42.5,40.85,41.31,57011991.0,2363612820.79,8.6836,-0.721,0,0
2025-10-29,sz.300346,41.44,42.72,40.9,41.6,51409316.0,2139193497.89,7.8302,0.702,0,0
2025-10-30,sz.300346,41.11,41.4,40.46,40.51,38165421.0,1559536320.24,5.813,-2.6202,0,0
2025-10-31,sz.300346,40.43,40.82,39.53,39.53,33481300.0,1340135765.39,5.0996,-2.4192,0,0
2025-11-03,sz.300346,39.37,39.37,37.93,39.2,31107426.0,1201824067.19,4.738,-0.8348,0,0
2025-11-04,sz.300346,39.03,39.28,38.4,38.68,20490135.0,795322917.46,3.1209,-1.3265,0,0
2025-11-05,sz.300346,38.08,38.59,37.88,38.32,19310716.0,738931970.86,2.9412,-0.9307,0,0
2025-11-06,sz.300346,38.55,39.25,38.51,38.98,28165243.0,1096356534.86,4.2899,1.7223,0,0
2025-11-07,sz.300346,38.66,39.08,38.21,38.47,21315125.0,823519708.31,3.2465,-1.3084,0,0
2025-11-10,sz.300346,38.52,39.03,38.18,38.62,20888273.0,805672838.25,3.1815,0.3899,0,0
2025-11-11,sz.300346,38.75,39.26,38.48,38.55,27640011.0,1071772981.36,4.2099,-0.1813,0,0
2025-11-12,sz.300346,38.21,38.24,36.92,36.98,29961763.0,1116387116.68,4.5635,-4.0726,0,0
2025-11-13,sz.300346,36.98,38.09,36.92,37.57,22502503.0,844113089.34,3.4274,1.5955,0,0
2025-11-14,sz.300346,37.23,37.23,36.1,36.11,25618695.0,936583715.76,3.902,-3.8861,0,0
2025-11-17,sz.300346,38.11,39.22,36.9,36.96,35909931.0,1357918774.02,5.4695,2.3539,0,0
2025-11-18,sz.300346,37.12,37.88,36.52,37.26,31197148.0,1162972482.19,4.7517,0.8117,0,0
2025-11-19,sz.300346,37.18,39.98,37.16,39.44,74720542.0,2907211778.56,11.3808,5.8508,0,0
2025-11-20,sz.300346,40.55,40.7,38.29,38.63,62562897.0,2469639706.0,9.529,-2.0538,0,0
2025-11-21,sz.300346,37.8,40.5,37.6,39.17,83539971.0,3312643994.17,12.7241,1.3979,0,0
2025-11-24,sz.300346,39.5,41.41,38.7,41.4,80047715.0,3255951241.06,12.1922,5.6931,0,0
2025-11-25,sz.300346,40.76,41.38,39.88,41.02,72755377.0,2954917990.7,11.0814,-0.9179,0,0
2025-11-26,sz.300346,40.5,40.59,39.0,39.01,54536644.0,2147469007.59,8.3065,-4.9,0,0
2025-11-27,sz.300346,38.69,39.67,37.85,37.93,43775856.0,1702909393.22,6.6675,-2.7685,0,0
2025-11-28,sz.300346,37.54,38.42,37.41,38.13,28336064.0,1074812589.55,4.3159,0.5273,0,0
2025-12-01,sz.300346,38.0,43.18,37.83,41.5,85717101.0,3462953786.03,13.0557,8.8382,0,0
2025-12-02,sz.300346,40.66,43.18,40.5,42.27,90173508.0,3805518148.6,13.7344,1.8554,0,0
2025-12-03,sz.300346,41.86,43.34,41.05,42.82,80499358.0,3384705340.65,12.2609,1.3012,0,0
2025-12-04,sz.300346,42.12,42.18,41.0,41.25,50295585.0,2081166178.57,7.6606,-3.6665,0,0
2025-12-05,sz.300346,41.25,41.58,40.68,41.0,38379380.0,1572707436.29,5.8456,-0.6061,0,0
2025-12-08,sz.300346,40.82,42.13,40.8,41.81,49088652.0,2039709556.25,7.4767,1.9756,0,0
2025-12-09,sz.300346,42.36,42.89,41.6,41.82,58232007.0,2455042328.63,8.8694,0.0239,0,0
2025-12-10,sz.300346,41.64,42.71,41.51,42.24,46057050.0,1940682642.02,7.015,1.0043,0,0
2025-12-11,sz.300346,42.12,42.6,41.43,41.53,41063119.0,1721192486.51,6.2544,-1.6809,0,0
2025-12-12,sz.300346,41.47,43.89,41.47,43.41,80234952.0,3448309060.04,12.2207,4.5268,0,0
2025-12-15,sz.300346,44.0,48.88,43.69,47.05,128479700.0,5994592721.75,19.5689,8.3852,0,0
2025-12-16,sz.300346,47.06,48.62,46.1,47.71,109958586.0,5206016283.9,16.7479,1.4028,0,0
2025-12-17,sz.300346,47.04,47.59,44.8,47.22,96971440.0,4474222119.26,14.7698,-1.027,0,0
2025-12-18,sz.300346,47.22,47.58,44.99,45.01,72193526.0,3329174565.67,10.9959,-4.6802,0,0
2025-12-19,sz.300346,45.4,45.62,43.36,43.42,64112291.0,2821625295.87,9.765,-3.5325,0,0
2025-12-22,sz.300346,43.42,46.37,43.42,45.7,75635168.0,3421876908.9,11.5201,5.251,0,0
2025-12-23,sz.300346,45.1,46.88,45.1,45.88,60842909.0,2802413137.9,9.267,0.3939,0,0
2025-12-24,sz.300346,45.92,47.0,45.01,46.17,57001568.0,2619864766.94,8.682,0.6321,0,0
2025-12-25,sz.300346,45.84,46.5,45.22,46.15,50373539.0,2310569968.28,7.6724,-0.0433,0,0
2025-12-26,sz.300346,46.01,46.1,44.55,45.07,50116936.0,2263712061.23,7.6334,-2.3402,0,0
2025-12-29,sz.300346,44.71,45.09,43.51,43.83,45215548.0,1992787561.06,6.8868,-2.7513,0,0
2025-12-30,sz.300346,43.4,43.75,42.92,43.07,38548729.0,1667269340.36,5.8714,-1.734,0,0
2025-12-31,sz.300346,43.5,43.87,42.62,42.9,38594533.0,1665645443.39,5.8784,-0.3947,0,0
2026-01-05,sz.300346,43.16,45.37,43.16,44.67,59654456.0,2651704989.85,9.086,4.1259,0,0
2026-01-06,sz.300346,44.64,46.38,44.24,45.99,70290535.0,3201744000.09,10.706,2.955,0,0
2026-01-07,sz.300346,49.16,55.19,49.13,55.19,196461701.0,10427795507.93,29.9233,20.0043,1,0
2026-01-08,sz.300346,57.2,60.15,55.95,56.31,196983083.0,11359738667.79,30.0027,2.0294,0,0
2026-01-09,sz.300346,55.0,58.53,55.0,58.3,143240531.0,8213829709.73,21.8171,3.534,0,0
2026-01-12,sz.300346,57.0,57.5,55.56,57.35,114603131.0,6507070587.3,17.4553,-1.6295,0,0
2026-01-13,sz.300346,57.0,60.12,54.67,54.8,132468791.0,7624704237.16,20.1765,-4.4464,0,0
2026-01-14,sz.300346,55.06,59.8,54.09,56.97,126888607.0,7152707306.58,19.3265,3.9599,0,0
2026-01-15,sz.300346,55.86,64.04,55.86,62.75,155598630.0,9393766684.04,23.6994,10.1457,0,0
2026-01-16,sz.300346,64.0,65.04,60.7,61.0,125565001.0,7841829216.04,19.1249,-2.7888,0,0
2026-01-19,sz.300346,62.01,62.55,59.28,60.4,72525350.0,4390670059.22,11.0464,-0.9836,0,0
2026-01-20,sz.300346,60.01,62.8,58.41,62.71,102817091.0,6212938391.81,15.6602,3.8245,0,0
2026-01-21,sz.300346,61.0,63.43,59.57,61.17,77692609.0,4765158919.48,11.8334,-2.4557,0,0
2026-01-22,sz.300346,61.81,62.2,57.65,58.19,82144478.0,4839394249.03,12.5115,-4.8717,0,0
2026-01-23,sz.300346,58.16,60.3,57.65,59.56,63918540.0,3759225802.81,9.7355,2.3544,0,0
2026-01-26,sz.300346,59.54,60.06,56.58,56.99,53837172.0,3104797515.93,8.2,-4.315,0,0
2026-01-27,sz.300346,56.75,58.1,56.31,57.58,45355223.0,2601772946.7,6.9081,1.0353,0,0
2026-01-28,sz.300346,57.62,59.8,57.33,58.67,61400850.0,3585331599.74,9.352,1.893,0,0
2026-01-29,sz.300346,57.5,58.53,56.32,56.32,45790780.0,2624557774.7,6.9744,-4.0055,0,0
2026-01-30,sz.300346,56.0,56.58,53.01,55.22,52933966.0,2901456754.72,8.0624,-1.9531,0,0
2026-02-02,sz.300346,55.0,55.16,52.7,52.75,34044771.0,1826933098.64,5.1854,-4.473,0,0
2026-02-03,sz.300346,53.75,54.33,53.08,54.27,30222449.0,1625828950.67,4.6032,2.8815,0,0
2026-02-04,sz.300346,53.68,54.15,52.8,53.9,26524611.0,1417131646.16,4.04,-0.6818,0,0
2026-02-05,sz.300346,53.03,53.39,51.57,52.6,29033967.0,1520493028.34,4.4222,-2.4119,0,0
2026-02-06,sz.300346,52.03,53.34,52.0,52.73,22333325.0,1179270635.16,3.4016,0.2471,0,0
2026-02-09,sz.300346,55.0,55.33,53.88,54.59,39196394.0,2136459368.3,5.97,3.5274,0,0
2026-02-10,sz.300346,54.44,56.89,54.31,55.31,51475381.0,2870693029.92,7.8403,1.3189,0,0
2026-02-11,sz.300346,54.25,55.88,54.08,54.19,29437939.0,1613006575.52,4.4837,-2.025,0,0
2026-02-12,sz.300346,54.54,55.15,53.72,54.09,28905469.0,1570737985.29,4.4026,-0.1845,0,0
2026-02-13,sz.300346,53.22,55.18,53.1,53.9,30796038.0,1674643327.56,4.6906,-0.3513,0,0
2026-02-24,sz.300346,53.91,56.6,52.7,55.85,49566752.0,2733018371.89,7.5496,3.6178,0,0
2026-02-25,sz.300346,55.08,58.0,54.45,57.58,61514460.0,3495601164.56,9.3693,3.0976,0,0
2026-02-26,sz.300346,57.09,57.55,56.33,57.12,43460237.0,2477421237.56,6.6195,-0.7989,0,0
2026-02-27,sz.300346,56.36,56.99,55.51,56.91,31978419.0,1803475769.97,4.8707,-0.3676,0,0
2026-03-02,sz.300346,55.49,56.77,55.08,55.35,35189339.0,1959940444.03,5.3597,-2.7412,0,0
2026-03-03,sz.300346,55.35,56.25,50.91,51.14,53421189.0,2821406211.77,8.1366,-7.6061,0,0
2026-03-04,sz.300346,51.0,52.55,50.5,50.95,29548978.0,1519854897.74,4.5006,-0.3715,0,0
2026-03-05,sz.300346,52.7,53.92,51.78,52.26,39122938.0,2066869039.12,5.9589,2.5711,0,0
2026-03-06,sz.300346,52.17,52.66,51.5,51.56,24322524.0,1259239078.98,3.7046,-1.3395,0,0
2026-03-09,sz.300346,50.0,50.54,48.38,50.27,34450426.0,1700294661.85,5.2472,-2.5019,0,0
2026-03-10,sz.300346,51.3,51.72,50.54,51.52,25689573.0,1316996651.01,3.9128,2.4866,0,0
2026-03-11,sz.300346,51.53,52.63,50.8,51.06,24282680.0,1251108781.5,3.6985,-0.8929,0,0
2026-03-12,sz.300346,51.07,51.88,50.05,50.5,22329176.0,1136214319.51,3.401,-1.0967,0,0
2026-03-13,sz.300346,50.0,51.88,49.8,50.38,24081087.0,1223577070.81,3.6678,-0.2376,0,0
2026-03-16,sz.300346,48.89,49.64,47.57,49.49,36550279.0,1772068572.08,5.567,-1.7666,0,0
2026-03-17,sz.300346,49.48,49.48,47.49,47.5,22117818.0,1068773978.31,3.3688,-4.021,0,0
2026-03-18,sz.300346,47.86,48.47,47.33,48.33,17500159.0,838175149.38,2.6655,1.7474,0,0
2026-03-19,sz.300346,47.67,48.05,46.82,47.14,18125649.0,857971003.17,2.7607,-2.4622,0,0
2026-03-20,sz.300346,47.56,48.13,46.6,46.62,22169467.0,1055306565.12,3.3767,-1.1031,0,0
2026-03-23,sz.300346,46.0,46.39,43.91,44.2,27914374.0,1258979171.93,4.2517,-5.1909,0,0
2026-03-24,sz.300346,45.14,45.27,43.58,44.9,19793354.0,879346307.49,3.0147,1.5837,0,0
2026-03-25,sz.300346,45.68,46.96,45.68,46.31,24715652.0,1146613390.47,3.7645,3.1403,0,0
2026-03-26,sz.300346,45.88,46.24,44.95,45.18,15582888.0,709379729.87,2.3734,-2.4401,0,0
2026-03-27,sz.300346,44.88,46.79,44.6,46.37,22259071.0,1026357617.98,3.3903,2.6339,0,0
2026-03-30,sz.300346,45.3,46.49,45.28,46.27,15118414.0,694118534.53,2.3027,-0.2157,0,0
2026-03-31,sz.300346,46.25,46.45,45.01,45.14,16169135.0,738530945.02,2.4627,-2.4422,0,0
2026-04-01,sz.300346,46.31,46.49,45.57,46.13,16374524.0,753285858.56,2.494,2.1932,0,0
2026-04-02,sz.300346,46.0,46.0,44.16,44.51,17101468.0,768357469.68,2.6047,-3.5118,0,0
2026-04-03,sz.300346,44.9,45.44,44.8,44.8,14242749.0,641910168.98,2.1693,0.6515,0,0
2026-04-07,sz.300346,45.18,46.19,45.18,45.67,16186494.0,741601922.28,2.4654,1.942,0,0
2026-04-08,sz.300346,47.04,48.18,46.73,48.18,34591906.0,1644031886.24,5.2687,5.4959,0,0
2026-04-09,sz.300346,47.49,48.47,47.33,47.7,27725050.0,1328389311.03,4.2228,-0.9963,0,0
2026-04-10,sz.300346,47.7,48.46,47.52,47.52,29838933.0,1430832173.5,4.5487,-0.3774,0,0
2026-04-13,sz.300346,46.76,48.26,46.76,47.72,22949955.0,1096034964.44,3.4985,0.4209,0,0
2026-04-14,sz.300346,48.33,49.18,48.01,48.68,33878670.0,1647387579.58,5.1645,2.0117,0,0
2026-04-15,sz.300346,48.68,48.99,47.08,47.33,29428948.0,1410412935.35,4.4862,-2.7732,0,0
2026-04-16,sz.300346,47.4,48.24,47.0,48.04,23310655.0,1114425404.68,3.5535,1.5001,0,0
2026-04-17,sz.300346,48.07,49.74,47.4,49.5,43168582.0,2123399596.12,6.5807,3.0391,0,0
2026-04-20,sz.300346,49.51,50.75,48.8,50.59,46390361.0,2315532156.44,7.0718,2.202,0,0
2026-04-21,sz.300346,51.01,51.39,50.03,51.25,43118641.0,2189574195.95,6.5731,1.3046,0,0
2026-04-22,sz.300346,51.63,52.8,51.02,51.48,49830413.0,2573816215.92,7.5962,0.4488,0,0
2026-04-23,sz.300346,52.5,53.74,51.38,52.36,55622020.0,2925396454.26,8.4791,1.7094,0,0
2026-04-24,sz.300346,51.17,54.05,50.36,53.57,62245569.0,3300755332.0,9.4888,2.3109,0,0
2026-04-27,sz.300346,53.3,55.46,50.96,51.73,76840428.0,4145051762.32,11.7137,-3.4348,0,0
2026-04-28,sz.300346,51.68,52.36,49.19,50.9,49556141.0,2529832079.66,7.5544,-1.6045,0,0
2026-04-29,sz.300346,50.36,51.26,49.5,50.78,38134079.0,1926159326.83,5.8132,-0.2358,0,0
2026-04-30,sz.300346,51.0,52.99,50.83,51.52,38181356.0,1977642459.1,5.8204,1.4573,0,0
2026-05-06,sz.300346,52.0,55.28,51.89,54.07,59936776.0,3246672518.23,9.1368,4.9495,0,0
2026-05-07,sz.300346,54.36,56.12,53.76,55.82,58240575.0,3215169358.13,8.8783,3.2365,0,0
2026-05-08,sz.300346,54.77,55.13,53.76,54.12,50030234.0,2718062856.06,7.6267,-3.0455,0,0
2026-05-11,sz.300346,55.02,56.75,54.4,56.53,66251503.0,3695602326.63,10.0995,4.4531,0,0
2026-05-12,sz.300346,56.06,56.1,54.41,55.54,47641672.0,2628740797.52,7.2626,-1.7513,0,0
2026-05-13,sz.300346,54.43,58.42,53.89,57.65,64768705.0,3661975820.76,9.8734,3.7991,0,0
2026-05-14,sz.300346,57.89,57.97,55.5,55.5,52841101.0,2988409179.72,8.0552,-3.7294,0,0
2026-05-15,sz.300346,55.95,58.48,55.37,56.54,77387627.0,4399765234.0,11.7971,1.8739,0,0
2026-05-18,sz.300346,55.47,58.28,54.14,56.74,64312805.0,3640959691.72,9.8039,0.8532,0,0
2026-05-19,sz.300346,55.5,58.14,54.6,57.94,63052685.0,3566296349.46,9.6118,2.1149,0,0
2026-05-20,sz.300346,57.9,61.66,57.52,59.98,97527721.0,5800691828.83,14.8673,3.5209,0,0
2026-05-21,sz.300346,60.33,60.88,55.1,55.76,89381778.0,5244410036.48,13.6255,-7.0357,0,0
2026-05-22,sz.300346,56.22,57.28,54.71,56.63,56457249.0,3166418575.67,8.6064,1.5603,0,0
2026-05-25,sz.300346,56.89,63.05,56.32,61.0,90242836.0,5391036738.83,13.7567,7.7168,0,0
2026-05-26,sz.300346,60.5,60.59,57.5,59.48,67034283.0,3930179776.54,10.2188,-2.4918,0,0
2026-05-27,sz.300346,59.88,59.88,56.21,56.22,54149025.0,3141480643.24,8.2545,-5.4808,0,0
2026-05-28,sz.300346,55.66,58.24,54.26,57.91,47735468.0,2706028226.36,7.2769,3.006,0,0
2026-05-29,sz.300346,57.5,57.5,50.89,51.54,65061644.0,3500475275.24,9.9181,-10.9998,0,0
2026-06-01,sz.300346,51.6,52.34,49.02,49.31,42798199.0,2168781422.49,6.5242,-4.3267,0,0
2026-06-02,sz.300346,49.66,50.45,48.28,49.35,35875623.0,1774693471.72,5.4689,0.0811,0,0
2026-06-03,sz.300346,49.47,52.16,49.31,50.82,43445888.0,2211719989.73,6.6229,2.9787,0,0
2026-06-04,sz.300346,50.0,53.24,49.81,52.59,42302654.0,2219885352.83,6.4487,3.4829,0,0
2026-06-05,sz.300346,51.69,60.61,50.65,57.03,114368663.0,6534303697.87,17.4345,8.4427,0,0
2026-06-08,sz.300346,56.0,59.5,55.5,57.19,90528225.0,5211799770.54,13.8002,0.2806,0,0
2026-06-09,sz.300346,58.9,63.18,57.33,62.71,112899614.0,6844387320.64,17.2106,9.652,0,0
2026-06-10,sz.300346,62.5,63.66,61.0,61.72,78051738.0,4835992851.84,11.8983,-1.5787,0,0
2026-06-11,sz.300346,61.71,68.5,61.71,66.71,125264454.0,8215274820.61,19.0955,8.0849,0,0
2026-06-12,sz.300346,67.2,68.1,59.11,59.39,147138963.0,9255287194.52,22.4301,-10.9729,0,0
2026-06-15,sz.300346,59.38,62.24,58.32,61.63,76643664.0,4667793719.53,11.6837,3.7717,0,0
2026-06-16,sz.300346,62.5,64.95,62.0,63.31,75943612.0,4821775768.85,11.5769,2.7259,0,0
2026-06-17,sz.300346,62.55,66.28,62.16,65.33,71941247.0,4662801394.18,10.9668,3.1906,0,0
2026-06-18,sz.300346,64.58,65.2,63.02,64.9,61001919.0,3924154332.73,9.2992,-0.6582,0,0
2026-06-22,sz.300346,66.92,71.18,66.5,70.8,103303836.0,7155145683.53,15.7478,9.0909,0,0
2026-06-23,sz.300346,74.92,76.59,70.7,71.43,105586266.0,7730622415.74,16.0957,0.8898,0,0
2026-06-24,sz.300346,71.6,78.43,69.64,77.0,111431044.0,8280642965.5,16.9867,7.7978,0,0
2026-06-25,sz.300346,78.55,78.55,72.81,74.72,109037012.0,8160248937.98,16.6217,-2.961,0,0
2026-06-26,sz.300346,74.63,81.0,74.01,78.12,111109983.0,8757076146.06,16.9378,4.5503,0,0
