date,code,open,high,low,close,volume,amount,turnover,pct_change,is_limit_up,is_limit_down
2019-07-01,sz.300388,9.68,9.81,9.58,9.8,5841451,56838000.16,1.066683,3.923647,0,0
2019-07-02,sz.300388,9.85,10.78,9.68,10.48,18216996,189332030.77,3.323337,6.938769,0,0
2019-07-03,sz.300388,10.05,10.78,10.05,10.44,13611882,141934461.68,2.483223,-0.381679,0,0
2019-07-04,sz.300388,10.56,10.85,10.39,10.52,11838304,125684568.14,2.159669,0.766292,0,0
2019-07-05,sz.300388,10.44,11.23,10.1,10.85,22209397,241186974.46,4.051673,3.136881,0,0
2019-07-08,sz.300388,10.71,10.91,10.08,10.31,14057934,145909112.69,2.564597,-4.976958,0,0
2019-07-09,sz.300388,10.33,10.36,10.09,10.11,5798704,59027916.12,1.057861,-1.939872,0,0
2019-07-10,sz.300388,10.12,10.22,10.0,10.08,4520755,45683469.65,0.824724,-0.296733,0,0
2019-07-11,sz.300388,10.14,10.17,9.95,10.08,3534849,35570685.17,0.644865,0.0,0,0
2019-07-12,sz.300388,10.16,10.36,10.0,10.28,7109205,72563679.36,1.296936,1.984125,0,0
2019-07-15,sz.300388,10.3,10.3,9.9,10.12,5319593,53579143.7,0.970456,-1.556419,0,0
2019-07-16,sz.300388,10.15,10.21,10.04,10.15,3074076,31101484.48,0.560805,0.29644,0,0
2019-07-17,sz.300388,10.13,10.13,9.79,9.9,5518365,54861500.76,1.006718,-2.463054,0,0
2019-07-18,sz.300388,9.73,9.79,9.57,9.71,3826960,36965006.68,0.698154,-1.919188,0,0
2019-07-19,sz.300388,9.61,9.9,9.61,9.77,3005948,29467055.28,0.548377,0.617924,0,0
2019-07-22,sz.300388,9.79,9.81,9.34,9.36,3717996,35333713.36,0.678276,-4.196528,0,0
2019-07-23,sz.300388,9.45,9.5,9.35,9.48,1973397,18595633.83,0.359219,1.28205,0,0
2019-07-24,sz.300388,9.57,9.73,9.5,9.63,2491419,24036757.31,0.453515,1.582285,0,0
2019-07-25,sz.300388,9.63,9.67,9.55,9.62,1713336,16467267.03,0.31188,-0.103845,0,0
2019-07-26,sz.300388,9.5,9.65,9.45,9.63,1528060,14644025.22,0.2782,0.104,0,0
2019-07-29,sz.300388,9.62,9.81,9.61,9.81,2679884,26027842.42,0.487822,1.869162,0,0
2019-07-30,sz.300388,9.86,9.99,9.73,9.75,2732880,26940434.6,0.4975,-0.6116,0,0
2019-07-31,sz.300388,9.84,9.87,9.73,9.8,1602260,15721393.13,0.2917,0.5128,0,0
2019-08-01,sz.300388,9.78,9.78,9.59,9.65,2098960,20312903.2,0.3821,-1.5306,0,0
2019-08-02,sz.300388,9.5,9.5,9.25,9.42,2626540,24633547.8,0.4781,-2.3834,0,0
2019-08-05,sz.300388,9.42,9.42,9.2,9.2,2056860,19119643.76,0.3744,-2.3355,0,0
2019-08-06,sz.300388,9.0,9.05,8.66,8.81,5042624,44422473.9,0.9179,-4.2391,0,0
2019-08-07,sz.300388,8.94,8.95,8.83,8.86,1563128,13871295.24,0.2845,0.5675,0,0
2019-08-08,sz.300388,8.9,9.08,8.84,8.84,1317260,11712578.8,0.2398,-0.2257,0,0
2019-08-09,sz.300388,8.98,8.99,8.7,8.78,1391844,12253365.55,0.2534,-0.6787,0,0
2019-08-12,sz.300388,8.78,8.9,8.78,8.85,1463948,12914470.96,0.2665,0.7973,0,0
2019-08-13,sz.300388,8.85,8.99,8.85,8.91,1707300,15224175.2,0.3108,0.678,0,0
2019-08-14,sz.300388,8.98,9.05,8.82,8.83,1380730,12335849.9,0.2513,-0.8979,0,0
2019-08-15,sz.300388,8.66,8.85,8.6,8.83,1743307,15207624.64,0.3173,0.0,0,0
2019-08-16,sz.300388,8.83,8.94,8.81,8.87,2243363,19893726.61,0.4084,0.453,0,0
2019-08-19,sz.300388,8.92,9.06,8.79,9.06,3331209,29870349.4,0.6064,2.1421,0,0
2019-08-20,sz.300388,9.09,9.13,8.96,8.98,2407319,21711653.6,0.4382,-0.883,0,0
2019-08-21,sz.300388,9.0,9.01,8.9,8.97,1772718,15869711.18,0.3227,-0.1114,0,0
2019-08-22,sz.300388,9.0,9.0,8.91,8.99,1413959,12665774.06,0.2574,0.223,0,0
2019-08-23,sz.300388,9.0,9.03,8.93,8.99,1847620,16607918.2,0.3363,0.0,0,0
2019-08-26,sz.300388,8.78,8.88,8.69,8.81,1917380,16911079.15,0.349,-2.0022,0,0
2019-08-27,sz.300388,8.85,9.02,8.85,8.99,1807833,16190485.37,0.3291,2.0431,0,0
2019-08-28,sz.300388,9.0,9.05,8.91,8.99,1864240,16752448.4,0.3393,0.0,0,0
2019-08-29,sz.300388,8.97,9.07,8.97,9.01,1676823,15143067.52,0.3052,0.2225,0,0
2019-08-30,sz.300388,9.02,9.25,8.96,9.03,3243682,29577933.36,0.5905,0.222,0,0
2019-09-02,sz.300388,9.1,9.23,9.07,9.18,2275168,20812293.24,0.4142,1.6611,0,0
2019-09-03,sz.300388,9.18,9.24,9.09,9.17,2539880,23297856.6,0.4623,-0.1089,0,0
2019-09-04,sz.300388,9.12,9.33,9.11,9.33,2875643,26593003.53,0.5235,1.7448,0,0
2019-09-05,sz.300388,9.38,9.58,9.35,9.44,4201937,39720568.04,0.7649,1.179,0,0
2019-09-06,sz.300388,9.45,9.66,9.44,9.65,5284114,50469465.03,0.9619,2.2246,0,0
2019-09-09,sz.300388,9.79,9.98,9.65,9.92,5212980,51436504.12,0.9489,2.7979,0,0
2019-09-10,sz.300388,9.95,9.95,9.72,9.74,3685493,36079949.85,0.6709,-1.8145,0,0
2019-09-11,sz.300388,9.84,9.87,9.61,9.64,2591100,25107089.8,0.4717,-1.0267,0,0
2019-09-12,sz.300388,9.71,9.74,9.58,9.73,2318399,22402116.72,0.422,0.9336,0,0
2019-09-16,sz.300388,9.65,9.85,9.62,9.67,2570680,24970169.2,0.4679,-0.6166,0,0
2019-09-17,sz.300388,9.61,9.65,9.38,9.4,2644640,25033404.32,0.4814,-2.7921,0,0
2019-09-18,sz.300388,9.44,9.78,9.43,9.65,3875885,37360091.13,0.7055,2.6596,0,0
2019-09-19,sz.300388,9.71,9.75,9.56,9.7,2409261,23294608.44,0.4386,0.5181,0,0
2019-09-20,sz.300388,10.67,10.67,10.67,10.67,2140180,22835720.6,0.3896,10.0,0,0
2019-09-23,sz.300388,11.3,11.4,10.61,10.63,24374343,267802869.46,4.4369,-0.3749,0,0
2019-09-24,sz.300388,10.48,10.84,10.23,10.63,11356940,119309944.42,2.0673,0.0,0,0
2019-09-25,sz.300388,10.49,10.74,10.27,10.27,7010937,73430720.45,1.2762,-3.3866,0,0
2019-09-26,sz.300388,10.23,10.55,10.05,10.12,4707652,48195357.18,0.8569,-1.4606,0,0
2019-09-27,sz.300388,10.12,10.35,10.0,10.31,5641749,57605341.39,1.027,1.8775,0,0
2019-09-30,sz.300388,10.32,10.95,10.26,10.74,11352929,121744539.71,2.0666,4.1707,0,0
2019-10-08,sz.300388,10.74,10.88,10.48,10.59,6161490,65470379.33,1.1216,-1.3966,0,0
2019-10-09,sz.300388,10.51,10.77,10.36,10.77,6012699,63730069.54,1.0945,1.6997,0,0
2019-10-10,sz.300388,10.78,10.79,10.52,10.74,5270895,56186687.4,0.9595,-0.2786,0,0
2019-10-11,sz.300388,10.79,10.79,10.27,10.39,5815095,60684002.64,1.0585,-3.2588,0,0
2019-10-14,sz.300388,10.55,10.58,10.27,10.31,4767401,49577491.5,0.8678,-0.77,0,0
2019-10-15,sz.300388,10.25,10.45,10.04,10.11,3991838,40701691.19,0.7266,-1.9399,0,0
2019-10-16,sz.300388,10.11,10.27,10.03,10.09,3604649,36557750.71,0.6562,-0.1978,0,0
2019-10-17,sz.300388,10.09,10.15,9.94,10.0,3026009,30426549.71,0.5508,-0.892,0,0
2019-10-18,sz.300388,10.01,10.27,9.96,10.04,3508620,35443745.2,0.6387,0.4,0,0
2019-10-21,sz.300388,10.05,10.14,9.96,10.14,3110621,31223647.12,0.5662,0.996,0,0
2019-10-22,sz.300388,10.14,10.24,9.97,10.08,2746001,27788998.35,0.4999,-0.5917,0,0
2019-10-23,sz.300388,10.04,10.11,9.98,10.0,1789080,17955444.4,0.3257,-0.7937,0,0
2019-10-24,sz.300388,10.05,10.05,9.81,9.84,2103940,20809638.4,0.383,-1.6,0,0
2019-10-25,sz.300388,9.85,9.9,9.64,9.87,2542920,24813578.4,0.4629,0.3049,0,0
2019-10-28,sz.300388,9.82,10.19,9.82,10.1,4185681,42194181.88,0.7619,2.3303,0,0
2019-10-29,sz.300388,10.02,10.31,10.02,10.19,5004589,51055399.21,0.911,0.8911,0,0
2019-10-30,sz.300388,10.24,10.26,10.0,10.1,1868520,18853663.68,0.3401,-0.8832,0,0
2019-10-31,sz.300388,10.06,10.37,10.06,10.32,5031900,51830639.41,0.916,2.1782,0,0
2019-11-01,sz.300388,10.32,10.41,10.24,10.4,5244524,54259084.88,0.9547,0.7752,0,0
2019-11-04,sz.300388,10.41,10.47,9.85,10.04,8510148,86005543.4,1.5491,-3.4615,0,0
2019-11-05,sz.300388,10.04,10.09,9.91,10.0,3288481,32940015.36,0.5986,-0.3984,0,0
2019-11-06,sz.300388,10.0,10.36,10.0,10.14,4506221,46119168.87,0.8203,1.4,0,0
2019-11-07,sz.300388,10.22,10.24,9.98,10.19,3208900,32603660.6,0.5841,0.4931,0,0
2019-11-08,sz.300388,10.25,10.39,10.06,10.16,3215200,32893423.0,0.5853,-0.2944,0,0
2019-11-11,sz.300388,10.0,10.13,9.76,9.79,4402878,43450455.04,0.8015,-3.6417,0,0
2019-11-12,sz.300388,9.88,10.0,9.75,9.88,2851968,28143978.08,0.5191,0.9193,0,0
2019-11-13,sz.300388,9.99,9.99,9.84,9.89,2014060,19935876.0,0.3666,0.1012,0,0
2019-11-14,sz.300388,9.9,9.96,9.81,9.87,1435460,14160590.8,0.2613,-0.2022,0,0
2019-11-15,sz.300388,9.88,9.88,9.75,9.8,1597180,15675495.19,0.2907,-0.7092,0,0
2019-11-18,sz.300388,9.88,9.93,9.77,9.78,2445340,24057330.93,0.4451,-0.2041,0,0
2019-11-19,sz.300388,9.78,9.96,9.71,9.92,4190124,41144843.2,0.7627,1.4315,0,0
2019-11-20,sz.300388,9.83,10.0,9.8,9.93,2749987,27276480.44,0.5006,0.1008,0,0
2019-11-21,sz.300388,9.91,10.03,9.91,9.94,2288744,22801020.04,0.4166,0.1007,0,0
2019-11-22,sz.300388,9.94,10.14,9.9,10.0,3322340,33270649.16,0.6048,0.6036,0,0
2019-11-25,sz.300388,10.01,10.23,10.01,10.23,3622156,36727202.36,0.6593,2.3,0,0
2019-11-26,sz.300388,10.24,10.35,10.11,10.13,3552691,36353454.81,0.6467,-0.9775,0,0
2019-11-27,sz.300388,10.14,10.23,10.0,10.08,2489620,25199876.0,0.4532,-0.4936,0,0
2019-11-28,sz.300388,10.08,10.15,9.98,10.05,1743188,17500764.47,0.3173,-0.2976,0,0
2019-11-29,sz.300388,10.0,10.08,9.96,10.05,1089594,10911135.64,0.1983,0.0,0,0
2019-12-02,sz.300388,10.09,10.09,10.01,10.06,1314310,13216160.2,0.2392,0.0995,0,0
2019-12-03,sz.300388,10.1,10.1,9.97,10.03,1468005,14706626.05,0.2672,-0.2982,0,0
2019-12-04,sz.300388,10.01,10.08,9.99,10.07,1945207,19519680.51,0.3541,0.3988,0,0
2019-12-05,sz.300388,10.11,10.29,10.08,10.21,3872696,39574782.56,0.7049,1.3903,0,0
2019-12-06,sz.300388,10.25,10.55,10.21,10.52,6235308,64942027.79,1.135,3.0362,0,0
2019-12-09,sz.300388,10.63,10.81,10.52,10.79,8330671,88990264.44,1.5164,2.5665,0,0
2019-12-10,sz.300388,10.78,10.83,10.49,10.8,7225620,76859171.6,1.3153,0.0927,0,0
2019-12-11,sz.300388,10.71,10.85,10.67,10.67,3820336,41040238.12,0.6954,-1.2037,0,0
2019-12-12,sz.300388,10.71,10.94,10.61,10.78,8297263,89327373.3,1.5104,1.0309,0,0
2019-12-13,sz.300388,10.79,10.85,10.67,10.76,3226760,34749543.6,0.5874,-0.1855,0,0
2019-12-16,sz.300388,10.8,10.87,10.54,10.75,6236170,66857236.54,1.1352,-0.0929,0,0
2019-12-17,sz.300388,10.72,10.85,10.62,10.77,6271396,67225978.8,1.1416,0.1861,0,0
2019-12-18,sz.300388,10.72,10.98,10.67,10.89,5924348,64463983.32,1.0784,1.1142,0,0
2019-12-19,sz.300388,10.83,10.89,10.71,10.73,3458521,37259670.76,0.6296,-1.4692,0,0
2019-12-20,sz.300388,10.74,11.16,10.72,10.86,8738266,96006029.44,1.5906,1.2116,0,0
2019-12-23,sz.300388,10.92,11.25,10.78,10.86,14543966,160953443.82,2.6474,0.0,0,0
2019-12-24,sz.300388,10.86,10.93,10.42,10.8,10246212,108912562.53,1.8651,-0.5525,0,0
2019-12-25,sz.300388,10.77,10.85,10.55,10.61,3910239,41608284.67,0.7118,-1.7593,0,0
2019-12-26,sz.300388,10.56,10.74,10.49,10.62,3383040,35861249.0,0.6158,0.0943,0,0
2019-12-27,sz.300388,10.64,10.64,10.46,10.53,4025204,42511826.88,0.7327,-0.8475,0,0
2019-12-30,sz.300388,10.48,10.62,10.41,10.59,5119581,53847424.43,0.9319,0.5698,0,0
2019-12-31,sz.300388,10.6,10.6,10.45,10.53,3026329,31829118.94,0.5508,-0.5666,0,0
2020-01-02,sz.300388,10.58,10.76,10.5,10.72,7858431,83274678.55,1.4301,1.8044,0,0
2020-01-03,sz.300388,10.76,10.76,10.61,10.65,3479430,37131487.9,0.6332,-0.653,0,0
2020-01-06,sz.300388,10.62,10.62,10.41,10.43,9732133,102238316.11,1.7711,-2.0657,0,0
2020-01-07,sz.300388,10.49,10.5,10.32,10.46,6095716,63517533.92,1.1093,0.2876,0,0
2020-01-08,sz.300388,10.45,10.45,10.15,10.2,5872454,60443917.18,1.0687,-2.4857,0,0
2020-01-09,sz.300388,10.3,10.43,10.27,10.38,4046410,41871895.58,0.7364,1.7647,0,0
2020-01-10,sz.300388,10.45,10.45,10.18,10.23,5445048,55845125.69,0.9909,-1.4451,0,0
2020-01-13,sz.300388,10.19,10.35,10.15,10.32,2952174,30222392.88,0.5373,0.8798,0,0
2020-01-14,sz.300388,10.37,11.3,10.36,10.91,21310787,231380171.69,3.8783,5.7171,0,0
2020-01-15,sz.300388,11.0,11.87,10.98,11.37,23476633,267055935.25,4.2725,4.2163,0,0
2020-01-16,sz.300388,11.24,11.5,11.07,11.38,16014428,180939817.1,2.9144,0.088,0,0
2020-01-17,sz.300388,11.44,11.44,11.15,11.26,7952906,89506129.98,1.4473,-1.0545,0,0
2020-01-20,sz.300388,11.4,11.48,11.2,11.3,9319195,105712234.99,1.696,0.3552,0,0
2020-01-21,sz.300388,11.42,11.5,11.22,11.42,8292107,94273080.9,1.5091,1.0619,0,0
2020-01-22,sz.300388,11.32,11.32,10.87,11.11,10123887,111832023.56,1.8424,-2.7145,0,0
2020-01-23,sz.300388,11.03,11.07,10.55,10.71,10774537,116215705.56,1.9608,-3.6004,0,0
2020-02-03,sz.300388,9.64,9.64,9.64,9.64,1810900,17457076.0,0.3296,-9.9907,0,0
2020-02-04,sz.300388,8.88,9.6,8.88,9.23,14587041,134524650.63,2.6547,-4.2531,0,0
2020-02-05,sz.300388,9.29,9.59,9.23,9.34,7912265,74416065.13,1.4399,1.1918,0,0
2020-02-06,sz.300388,9.39,10.0,9.28,9.91,9099082,88140392.12,1.6559,6.1028,0,0
2020-02-07,sz.300388,9.91,10.48,9.72,10.38,10863084,108834844.56,1.9769,4.7427,0,0
2020-02-10,sz.300388,10.3,10.43,10.15,10.32,7258165,74695742.41,1.3209,-0.578,0,0
2020-02-11,sz.300388,10.3,10.34,10.02,10.07,5847560,59573272.8,1.0642,-2.4225,0,0
2020-02-12,sz.300388,10.19,10.66,10.19,10.44,10014851,104562026.22,1.8226,3.6743,0,0
2020-02-13,sz.300388,10.36,10.64,10.18,10.44,6695398,69469703.03,1.2185,0.0,0,0
2020-02-14,sz.300388,10.34,10.49,10.24,10.27,3937300,40842285.2,0.7165,-1.6283,0,0
2020-02-17,sz.300388,10.45,10.63,10.3,10.57,6875850,72236725.8,1.2513,2.9211,0,0
2020-02-18,sz.300388,10.9,11.13,10.76,10.8,11187547,121943922.59,2.036,2.176,0,0
2020-02-19,sz.300388,10.85,11.38,10.7,11.09,14443581,160642788.09,2.6286,2.6852,0,0
2020-02-20,sz.300388,11.11,11.21,10.94,11.15,8374137,92739062.51,1.524,0.541,0,0
2020-02-21,sz.300388,11.1,11.22,10.98,11.07,7768546,86058737.42,1.4138,-0.7175,0,0
2020-02-24,sz.300388,10.99,11.3,10.91,11.23,8409828,93358700.65,1.5305,1.4453,0,0
2020-02-25,sz.300388,10.89,11.09,10.66,10.95,7413739,80928530.92,1.3492,-2.4933,0,0
2020-02-26,sz.300388,10.96,11.6,10.89,11.3,12393794,139830616.78,2.2555,3.1964,0,0
2020-02-27,sz.300388,11.32,12.06,11.26,11.98,22249797,262996359.46,4.0492,6.0177,0,0
2020-02-28,sz.300388,11.56,12.37,11.45,11.48,21396956,254215222.59,3.894,-4.1736,0,0
2020-03-02,sz.300388,11.27,12.35,11.25,12.15,19611672,236544963.33,3.5691,5.8362,0,0
2020-03-03,sz.300388,12.3,12.9,12.03,12.76,18788908,235464675.36,3.4193,5.0206,0,0
2020-03-04,sz.300388,13.03,13.66,12.76,13.5,18523178,245399067.62,3.371,5.7994,0,0
2020-03-05,sz.300388,13.78,13.96,13.26,13.59,17414455,236935474.63,3.1692,0.6667,0,0
2020-03-06,sz.300388,13.31,13.45,12.5,12.63,17065382,220709297.86,3.1057,-7.064,0,0
2020-03-09,sz.300388,12.63,12.85,12.22,12.27,14843933,185306446.27,2.7014,-2.8504,0,0
2020-03-10,sz.300388,12.07,12.5,11.57,12.47,27060092,325342602.54,4.9246,1.63,0,0
2020-03-11,sz.300388,12.4,12.4,11.88,12.2,22825384,275548771.23,4.1539,-2.1652,0,0
2020-03-12,sz.300388,11.88,11.97,11.26,11.34,17774601,206270643.62,3.2348,-7.0492,0,0
2020-03-13,sz.300388,10.56,11.28,10.56,11.1,12257353,134339460.0,2.2307,-2.1164,0,0
2020-03-16,sz.300388,11.65,11.75,10.35,10.37,20978421,231152801.76,3.8178,-6.5766,0,0
2020-03-17,sz.300388,10.58,10.78,10.14,10.56,12138594,127473328.58,2.2091,1.8322,0,0
2020-03-18,sz.300388,10.8,10.8,10.16,10.17,13132958,137079932.72,2.39,-3.6932,0,0
2020-03-19,sz.300388,10.45,10.76,10.2,10.59,14061956,147756912.25,2.5591,4.1298,0,0
2020-03-20,sz.300388,10.55,10.76,10.4,10.59,10064459,106303878.43,1.8316,0.0,0,0
2020-03-23,sz.300388,10.2,10.58,10.2,10.23,7434253,76964702.89,1.3529,-3.3994,0,0
2020-03-24,sz.300388,10.44,10.58,10.15,10.48,7892686,81982337.66,1.4364,2.4438,0,0
2020-03-25,sz.300388,10.71,10.74,10.51,10.57,7069346,74906519.7,1.2865,0.8588,0,0
2020-03-26,sz.300388,10.55,10.55,10.19,10.23,7480499,77047783.93,1.3614,-3.2167,0,0
2020-03-27,sz.300388,10.32,10.37,10.09,10.09,4462120,45628253.63,0.8121,-1.3685,0,0
2020-03-30,sz.300388,9.97,9.97,9.66,9.82,5922594,57883226.43,1.0778,-2.6759,0,0
2020-03-31,sz.300388,9.92,10.05,9.82,9.92,3882149,38556731.6,0.7065,1.0183,0,0
2020-04-01,sz.300388,9.97,10.03,9.78,9.79,4510180,44761714.64,0.8026,-1.3105,0,0
2020-04-02,sz.300388,9.83,9.95,9.69,9.95,4140470,40671395.52,0.7368,1.6343,0,0
2020-04-03,sz.300388,9.96,9.97,9.7,9.88,4564118,44918301.42,0.8122,-0.7035,0,0
2020-04-07,sz.300388,9.99,10.2,9.92,10.17,5338418,53775840.62,0.9499,2.9352,0,0
2020-04-08,sz.300388,10.13,10.27,10.06,10.27,5021176,51160927.52,0.8935,0.9833,0,0
2020-04-09,sz.300388,10.27,10.4,10.21,10.27,4330122,44589256.47,0.7705,0.0,0,0
2020-04-10,sz.300388,10.28,10.5,10.2,10.27,6907748,71197546.5,1.2292,0.0,0,0
2020-04-13,sz.300388,10.23,10.57,10.06,10.46,7809383,80684948.1,1.3896,1.85,0,0
2020-04-14,sz.300388,10.46,10.81,10.37,10.64,6887683,73302511.85,1.2256,1.7208,0,0
2020-04-15,sz.300388,10.64,11.06,10.57,10.73,10028100,108090985.63,1.7844,0.8459,0,0
2020-04-16,sz.300388,10.72,10.72,10.43,10.62,6120700,64634696.6,1.0891,-1.0252,0,0
2020-04-17,sz.300388,10.7,10.75,10.45,10.46,5379979,57091685.76,0.9573,-1.5066,0,0
2020-04-20,sz.300388,10.49,10.68,10.36,10.58,7180098,75725781.76,1.2777,1.1472,0,0
2020-04-21,sz.300388,10.63,10.67,10.28,10.4,7879664,82114351.0,1.4021,-1.7013,0,0
2020-04-22,sz.300388,10.37,10.52,10.3,10.42,5744019,59834084.19,1.0221,0.1923,0,0
2020-04-23,sz.300388,10.39,10.4,10.31,10.37,3485080,36096366.2,0.6201,-0.4798,0,0
2020-04-24,sz.300388,10.42,10.55,10.18,10.25,6030940,62239966.44,1.0732,-1.1572,0,0
2020-04-27,sz.300388,10.24,10.34,10.11,10.14,2790627,28412004.4,0.4966,-1.0732,0,0
2020-04-28,sz.300388,10.2,10.23,9.71,9.94,4825771,48159418.76,0.8587,-1.9724,0,0
2020-04-29,sz.300388,10.08,10.16,9.84,9.86,3406320,33971438.2,0.6061,-0.8048,0,0
2020-04-30,sz.300388,9.95,10.19,9.9,10.16,3623056,36439782.04,0.6447,3.0426,0,0
2020-05-06,sz.300388,10.2,10.54,10.17,10.43,4966122,51622614.49,0.8837,2.6575,0,0
2020-05-07,sz.300388,10.36,10.42,10.23,10.31,3402494,35085562.5,0.6055,-1.1505,0,0
2020-05-08,sz.300388,10.33,10.44,10.25,10.4,4729268,49019257.98,0.8415,0.8729,0,0
2020-05-11,sz.300388,10.45,10.58,10.33,10.35,4552854,47433668.9,0.8102,-0.4808,0,0
2020-05-12,sz.300388,10.33,10.46,10.23,10.37,3903020,40389336.2,0.6945,0.1932,0,0
2020-05-13,sz.300388,10.35,10.35,10.26,10.31,1947340,20070013.2,0.3465,-0.5786,0,0
2020-05-14,sz.300388,10.23,10.27,10.06,10.1,3703265,37663353.85,0.659,-2.0369,0,0
2020-05-15,sz.300388,10.17,10.17,10.05,10.07,2665747,26931508.78,0.4744,-0.297,0,0
2020-05-18,sz.300388,10.01,10.06,9.92,9.97,3789112,37819943.56,0.6742,-0.993,0,0
2020-05-19,sz.300388,10.1,10.1,10.0,10.06,2073785,20821444.75,0.369,0.9027,0,0
2020-05-20,sz.300388,10.06,10.06,9.86,9.92,4282981,42539783.08,0.7621,-1.3917,0,0
2020-05-21,sz.300388,9.99,10.07,9.88,9.9,3143421,31304793.05,0.5594,-0.2016,0,0
2020-05-22,sz.300388,9.85,9.91,9.69,9.7,3323500,32431792.0,0.5914,-2.0202,0,0
2020-05-25,sz.300388,9.7,9.73,9.42,9.44,2916300,27835687.0,0.5189,-2.6804,0,0
2020-05-26,sz.300388,9.33,9.5,9.33,9.48,4965120,46772524.6,0.8835,0.4237,0,0
2020-05-27,sz.300388,9.42,9.5,9.27,9.3,4130275,38715201.53,0.735,-1.8987,0,0
2020-05-28,sz.300388,9.31,9.35,8.97,9.03,5130982,46680859.98,0.913,-2.9032,0,0
2020-05-29,sz.300388,9.05,9.12,8.93,9.06,3605793,32575571.63,0.6416,0.3322,0,0
2020-06-01,sz.300388,9.08,9.41,9.07,9.35,3264400,30296327.2,0.5809,3.2009,0,0
2020-06-02,sz.300388,9.43,9.43,9.28,9.37,2858574,26736595.07,0.5087,0.2139,0,0
2020-06-03,sz.300388,9.47,9.47,9.33,9.34,2401220,22544378.6,0.4273,-0.3202,0,0
2020-06-04,sz.300388,9.41,9.46,9.29,9.33,2041577,19072457.62,0.3633,-0.1071,0,0
2020-06-05,sz.300388,9.33,9.34,9.16,9.21,2028420,18711911.2,0.3609,-1.2862,0,0
2020-06-08,sz.300388,9.29,9.3,9.05,9.11,3822410,34892714.38,0.6802,-1.0858,0,0
2020-06-09,sz.300388,9.13,9.19,9.08,9.15,3773827,34429757.36,0.6715,0.4391,0,0
2020-06-10,sz.300388,9.15,9.15,9.05,9.11,2536937,23046838.28,0.4514,-0.4372,0,0
2020-06-11,sz.300388,9.1,9.15,9.05,9.08,3743065,34038245.7,0.6661,-0.3293,0,0
2020-06-12,sz.300388,8.96,9.5,8.91,9.44,7717180,70646853.4,1.3732,3.9648,0,0
2020-06-15,sz.300388,9.61,9.74,9.41,9.44,12214605,116974585.9,2.1714,0.0,0,0
2020-06-16,sz.300388,9.5,9.53,9.45,9.49,4010650,38062207.9,0.713,0.5297,0,0
2020-06-17,sz.300388,9.53,9.65,9.4,9.54,4917077,46695038.44,0.8741,0.5269,0,0
2020-06-18,sz.300388,9.56,9.61,9.48,9.59,5156589,49246677.21,0.9167,0.5241,0,0
2020-06-19,sz.300388,9.69,9.69,9.53,9.59,3621945,34764541.85,0.6439,0.0,0,0
2020-06-22,sz.300388,9.6,9.64,9.43,9.53,3889314,36993469.7,0.6914,-0.6257,0,0
2020-06-23,sz.300388,9.47,9.5,9.32,9.37,3491778,32729860.02,0.6207,-1.6789,0,0
2020-06-24,sz.300388,9.31,9.34,9.14,9.14,2691823,24789711.12,0.4785,-1.1892,0,0
2020-06-29,sz.300388,9.15,9.32,9.05,9.19,3286845,30204121.96,0.5843,0.547,0,0
2020-06-30,sz.300388,9.19,9.27,9.14,9.22,3395042,31182706.42,0.6035,0.3264,0,0
2020-07-01,sz.300388,9.25,9.33,9.2,9.28,3342241,30989525.53,0.5942,0.6508,0,0
2020-07-02,sz.300388,9.28,9.49,9.26,9.49,4822820,45285329.2,0.8574,2.2629,0,0
2020-07-03,sz.300388,9.49,9.57,9.38,9.51,5151738,48783536.4,0.9158,0.2108,0,0
2020-07-06,sz.300388,9.59,9.91,9.55,9.83,9156562,89053643.12,1.6278,3.3649,0,0
2020-07-07,sz.300388,9.86,10.23,9.72,10.1,13889630,138607047.6,2.4692,2.7467,0,0
2020-07-08,sz.300388,10.02,10.12,9.9,10.09,8338413,83519577.24,1.4823,-0.099,0,0
2020-07-09,sz.300388,10.2,10.2,10.04,10.13,11421430,115552956.13,2.0304,0.3964,0,0
2020-07-10,sz.300388,10.08,10.85,10.05,10.44,20544562,214885701.26,3.6523,3.0602,0,0
2020-07-13,sz.300388,10.45,10.68,10.35,10.58,16641512,175418283.64,2.9584,1.341,0,0
2020-07-14,sz.300388,10.56,10.65,10.2,10.39,9551499,99365924.36,1.698,-1.7958,0,0
2020-07-15,sz.300388,10.38,10.47,10.02,10.06,11090458,113006173.13,1.9716,-3.1761,0,0
2020-07-16,sz.300388,10.22,10.65,10.02,10.03,16707254,173082345.2,2.9701,-0.2982,0,0
2020-07-17,sz.300388,10.19,10.58,10.19,10.45,16224090,168810121.27,2.8842,4.1874,0,0
2020-07-20,sz.300388,10.71,10.95,10.5,10.79,18513829,198973593.74,3.2913,3.2536,0,0
2020-07-21,sz.300388,10.65,10.7,10.4,10.44,10647437,111722049.34,1.8928,-3.2437,0,0
2020-07-22,sz.300388,10.49,10.49,10.16,10.27,11319452,116743576.95,2.0123,-1.6284,0,0
2020-07-23,sz.300388,10.27,10.27,9.9,10.06,12020444,120831760.49,2.1369,-2.0448,0,0
2020-07-24,sz.300388,10.02,10.09,9.61,9.62,10897828,107442342.06,1.9373,-4.3738,0,0
2020-07-27,sz.300388,9.77,10.08,9.63,10.07,9411347,93377793.2,1.3999,4.6778,0,0
2020-07-28,sz.300388,10.07,10.14,9.85,9.97,5431054,54257265.12,0.8078,-0.993,0,0
2020-07-29,sz.300388,9.91,10.06,9.85,10.06,6090991,60783754.86,0.906,0.9027,0,0
2020-07-30,sz.300388,10.01,10.14,9.9,9.96,5792925,58013013.38,0.8616,-0.994,0,0
2020-07-31,sz.300388,9.99,10.09,9.87,9.98,5824452,58013115.68,0.8663,0.2008,0,0
2020-08-03,sz.300388,10.04,10.47,10.04,10.47,15525474,160802183.8,2.3093,4.9098,0,0
2020-08-04,sz.300388,10.47,10.86,10.46,10.58,19160013,204518366.41,2.8499,1.0506,0,0
2020-08-05,sz.300388,10.59,11.38,10.53,11.07,23672520,258872547.64,3.5211,4.6314,0,0
2020-08-06,sz.300388,11.2,11.2,10.9,11.08,13277717,146872822.71,1.9749,0.0903,0,0
2020-08-07,sz.300388,11.0,11.22,10.55,10.81,15830549,171709790.88,2.3547,-2.4368,0,0
2020-08-10,sz.300388,10.84,11.06,10.7,11.05,8515718,93106966.58,1.2666,2.2202,0,0
2020-08-11,sz.300388,11.0,11.03,10.58,10.65,7808325,84289124.46,1.1614,-3.6199,0,0
2020-08-12,sz.300388,10.57,10.84,10.56,10.75,6934982,74126570.16,1.0315,0.939,0,0
2020-08-13,sz.300388,10.8,11.28,10.75,11.03,12722085,140228260.89,1.8923,2.6047,0,0
2020-08-14,sz.300388,11.07,11.17,10.82,11.09,8762039,96367943.53,1.3033,0.544,0,0
2020-08-17,sz.300388,11.11,11.41,11.11,11.26,11486752,129035768.91,1.7086,1.5329,0,0
2020-08-18,sz.300388,11.25,11.38,11.04,11.14,10423756,116412264.23,1.5504,-1.0657,0,0
2020-08-19,sz.300388,11.23,11.26,10.93,11.07,9806381,108725823.34,1.4586,-0.6284,0,0
2020-08-20,sz.300388,10.95,11.05,10.82,10.92,6316878,68991385.77,0.9396,-1.355,0,0
2020-08-21,sz.300388,10.99,11.05,10.76,10.89,6014720,65338892.65,0.8946,-0.2747,0,0
2020-08-24,sz.300388,10.96,11.16,10.83,10.87,8878924,97479991.08,1.3207,-0.1837,0,0
2020-08-25,sz.300388,10.87,11.3,10.81,11.25,14226017,158314503.3,2.116,3.4959,0,0
2020-08-26,sz.300388,11.18,11.82,11.04,11.29,27491866,315411250.59,4.0892,0.3556,0,0
2020-08-27,sz.300388,11.25,11.28,10.68,10.98,21227048,231942344.73,3.1573,-2.7458,0,0
2020-08-28,sz.300388,10.82,10.82,10.2,10.34,28199780,293686298.73,4.1945,-5.8288,0,0
2020-08-31,sz.300388,10.3,10.42,10.26,10.34,13285693,137364485.74,1.9761,0.0,0,0
2020-09-01,sz.300388,10.35,10.35,10.07,10.26,11176438,113758846.21,1.6624,-0.7737,0,0
2020-09-02,sz.300388,10.29,10.85,10.18,10.69,24779945,262188603.16,3.6858,4.191,0,0
2020-09-03,sz.300388,10.74,10.95,10.47,10.55,16593697,177860249.08,2.4682,-1.3096,0,0
2020-09-04,sz.300388,10.29,10.94,10.29,10.92,14204990,151689279.02,2.1129,3.5071,0,0
2020-09-07,sz.300388,11.12,11.55,10.87,11.06,34034880,382140709.9,5.0624,1.2821,0,0
2020-09-08,sz.300388,11.14,11.78,11.1,11.68,39930188,457788906.03,5.9393,5.6058,0,0
2020-09-09,sz.300388,11.53,12.1,11.16,11.3,42309555,492412742.65,6.2932,-3.2534,0,0
2020-09-10,sz.300388,11.25,11.41,10.33,10.36,28519463,308188811.69,4.242,-8.3186,0,0
2020-09-11,sz.300388,10.31,10.75,10.3,10.66,14138080,148905836.26,2.1029,2.8958,0,0
2020-09-14,sz.300388,10.68,11.57,10.61,11.5,30563979,345479618.99,4.5461,7.8799,0,0
2020-09-15,sz.300388,11.55,11.55,11.1,11.32,20471980,230788492.25,3.045,-1.5652,0,0
2020-09-16,sz.300388,11.25,11.44,10.87,11.04,17608624,195683836.96,2.6191,-2.4735,0,0
2020-09-17,sz.300388,11.04,11.16,10.87,11.07,13111220,144508515.96,1.9502,0.2717,0,0
2020-09-18,sz.300388,11.06,11.06,10.65,10.9,17156971,185050079.86,2.552,-1.5357,0,0
2020-09-21,sz.300388,10.87,10.89,10.65,10.68,10359615,111354988.74,1.5409,-2.0183,0,0
2020-09-22,sz.300388,10.6,10.83,10.44,10.49,11053602,117593959.98,1.6441,-1.779,0,0
2020-09-23,sz.300388,10.55,10.72,10.48,10.67,7699168,81761050.31,1.1452,1.7159,0,0
2020-09-24,sz.300388,10.55,10.58,10.11,10.18,13292836,136681240.42,1.9772,-4.5923,0,0
2020-09-25,sz.300388,10.23,10.29,9.9,10.0,7510540,75577582.56,1.1171,-1.7682,0,0
2020-09-28,sz.300388,10.02,10.12,9.78,9.81,5819221,57800106.7,0.8656,-1.9,0,0
2020-09-29,sz.300388,9.88,10.0,9.8,9.88,4509542,44615289.12,0.6694,0.7136,0,0
2020-09-30,sz.300388,9.95,9.95,9.63,9.75,5301451,51916235.2,0.787,-1.3158,0,0
2020-10-09,sz.300388,9.89,10.08,9.81,10.0,5808625,57978477.32,0.8623,2.5641,0,0
2020-10-12,sz.300388,10.05,10.34,10.01,10.3,8427734,86004478.18,1.2183,3.0,0,0
2020-10-13,sz.300388,10.36,10.48,10.22,10.42,8089998,83689071.55,1.1695,1.165,0,0
2020-10-14,sz.300388,10.4,10.51,10.17,10.21,7469681,76911550.81,1.0798,-2.0154,0,0
2020-10-15,sz.300388,10.21,10.24,10.04,10.07,5950488,60228990.23,0.8602,-1.3712,0,0
2020-10-16,sz.300388,10.05,10.21,10.05,10.12,4370688,44232225.17,0.6318,0.4965,0,0
2020-10-19,sz.300388,10.09,10.21,9.94,9.95,5736550,57776715.7,0.8293,-1.6798,0,0
2020-10-20,sz.300388,10.0,10.2,9.79,10.18,7691196,76976116.36,1.1118,2.3116,0,0
2020-10-21,sz.300388,10.18,10.18,9.89,9.9,6470137,64592094.19,0.9353,-2.7505,0,0
2020-10-22,sz.300388,9.9,9.94,9.77,9.88,4617896,45537210.82,0.6676,-0.202,0,0
2020-10-23,sz.300388,9.87,9.97,9.7,9.74,4992822,49050776.2,0.7218,-1.417,0,0
2020-10-26,sz.300388,9.71,9.85,9.6,9.75,3404460,33180749.8,0.4921,0.1027,0,0
2020-10-27,sz.300388,9.69,9.77,9.31,9.35,10891250,102957076.71,1.5744,-4.1026,0,0
2020-10-28,sz.300388,9.32,9.45,9.11,9.33,6644085,61512196.76,0.9605,-0.2139,0,0
2020-10-29,sz.300388,9.26,9.55,9.21,9.5,6845633,64751881.52,0.9896,1.8221,0,0
2020-10-30,sz.300388,9.55,9.55,9.07,9.1,7329831,67871795.38,1.0596,-4.2105,0,0
2020-11-02,sz.300388,9.16,9.28,9.07,9.1,5533348,50591768.89,0.7999,0.0,0,0
2020-11-03,sz.300388,9.15,9.37,9.11,9.33,6244044,57951238.09,0.9026,2.5275,0,0
2020-11-04,sz.300388,9.31,9.34,9.15,9.23,4691865,43294912.7,0.6783,-1.0718,0,0
2020-11-05,sz.300388,9.3,9.39,9.25,9.36,6618353,61728760.63,0.9568,1.4085,0,0
2020-11-06,sz.300388,9.4,9.47,9.32,9.42,5812985,54536433.93,0.8403,0.641,0,0
2020-11-09,sz.300388,9.48,9.58,9.43,9.56,7313122,69618421.74,1.0572,1.4862,0,0
2020-11-10,sz.300388,9.62,9.9,9.51,9.8,12315736,119860625.51,1.7804,2.5105,0,0
2020-11-11,sz.300388,9.8,9.85,9.58,9.62,6885416,66603054.85,0.9954,-1.8367,0,0
2020-11-12,sz.300388,9.6,9.7,9.45,9.48,4970637,47391622.68,0.7186,-1.4553,0,0
2020-11-13,sz.300388,9.46,9.85,9.38,9.75,9055436,87440665.41,1.3091,2.8481,0,0
2020-11-16,sz.300388,9.73,9.77,9.6,9.74,7017602,68012571.73,1.0145,-0.1026,0,0
2020-11-17,sz.300388,9.73,9.73,9.47,9.53,7490457,71604110.33,1.0828,-2.1561,0,0
2020-11-18,sz.300388,9.59,9.92,9.53,9.83,12200591,119197600.02,1.7637,3.148,0,0
2020-11-19,sz.300388,9.76,9.88,9.67,9.8,6727577,65799616.14,0.9725,-0.3052,0,0
2020-11-20,sz.300388,9.81,9.86,9.71,9.85,5575315,54504077.49,0.806,0.5102,0,0
2020-11-23,sz.300388,10.1,10.27,9.85,9.89,17891285,178914780.49,2.5864,0.4061,0,0
2020-11-24,sz.300388,9.85,9.86,9.62,9.67,9198538,89281743.39,1.3297,-2.2245,0,0
2020-11-25,sz.300388,9.72,9.72,9.5,9.5,5974789,57215038.96,0.8637,-1.758,0,0
2020-11-26,sz.300388,9.46,9.54,9.42,9.49,3825303,36247361.63,0.553,-0.1053,0,0
2020-11-27,sz.300388,9.52,9.54,9.42,9.54,3214969,30482933.54,0.4648,0.5269,0,0
2020-11-30,sz.300388,9.55,9.58,9.46,9.49,3439074,32757107.13,0.4972,-0.5241,0,0
2020-12-01,sz.300388,9.53,9.77,9.49,9.68,5635329,54476969.05,0.8146,2.0021,0,0
2020-12-02,sz.300388,9.68,9.75,9.59,9.63,5053705,48826997.23,0.7306,-0.5165,0,0
2020-12-03,sz.300388,9.63,9.65,9.54,9.56,4080500,39101692.16,0.5899,-0.7269,0,0
2020-12-04,sz.300388,9.55,9.59,9.45,9.59,3606240,34307363.57,0.5213,0.3138,0,0
2020-12-07,sz.300388,9.53,9.58,9.46,9.49,3220490,30614598.77,0.4656,-1.0428,0,0
2020-12-08,sz.300388,9.5,9.54,9.43,9.5,2711490,25707174.3,0.392,0.1054,0,0
2020-12-09,sz.300388,9.47,9.47,9.13,9.15,6135818,56914491.16,0.887,-3.6842,0,0
2020-12-10,sz.300388,9.1,9.24,9.09,9.13,2662237,24406419.07,0.3849,-0.2186,0,0
2020-12-11,sz.300388,9.17,9.21,9.0,9.18,4418906,40132586.8,0.6388,0.5476,0,0
2020-12-14,sz.300388,9.19,9.22,9.1,9.17,2321489,21303828.84,0.3356,-0.1089,0,0
2020-12-15,sz.300388,9.41,9.56,9.22,9.33,6006872,56444886.73,0.8684,1.7448,0,0
2020-12-16,sz.300388,9.25,9.37,9.19,9.22,4004415,37097810.75,0.5789,-1.179,0,0
2020-12-17,sz.300388,9.22,9.31,9.12,9.31,3026584,27874628.55,0.4375,0.9761,0,0
2020-12-18,sz.300388,9.3,9.34,9.21,9.26,2170504,20133182.11,0.3138,-0.5371,0,0
2020-12-21,sz.300388,9.23,9.28,9.13,9.24,3382965,31197023.6,0.489,-0.216,0,0
2020-12-22,sz.300388,9.2,9.2,8.93,8.98,6247660,56446541.83,0.9032,-2.8139,0,0
2020-12-23,sz.300388,8.96,9.01,8.76,8.8,4966481,43902228.22,0.718,-2.0045,0,0
2020-12-24,sz.300388,8.81,8.88,8.47,8.48,5283496,45596691.59,0.7638,-3.6364,0,0
2020-12-25,sz.300388,8.42,8.65,8.36,8.53,2924213,24984268.54,0.4227,0.5896,0,0
2020-12-28,sz.300388,8.54,9.08,8.43,9.07,9886882,87843525.52,1.4292,6.3306,0,0
2020-12-29,sz.300388,9.07,9.15,8.86,8.88,4768850,42956293.36,0.6894,-2.0948,0,0
2020-12-30,sz.300388,8.99,9.08,8.83,8.92,2990160,26751575.0,0.4323,0.4505,0,0
2020-12-31,sz.300388,8.92,8.99,8.85,8.98,2494836,22279421.55,0.3607,0.6726,0,0
2021-01-04,sz.300388,8.99,9.02,8.78,8.9,4210171,37302457.64,0.6089,-0.8909,0,0
2021-01-05,sz.300388,8.9,8.9,8.62,8.7,5039301,43895836.42,0.7288,-2.2472,0,0
2021-01-06,sz.300388,8.66,8.82,8.59,8.67,3481526,30184429.68,0.5035,-0.3448,0,0
2021-01-07,sz.300388,8.64,8.79,8.43,8.77,6895039,59208019.93,0.9971,1.1534,0,0
2021-01-08,sz.300388,8.78,9.15,8.7,9.07,12052484,108416122.39,1.743,3.4208,0,0
2021-01-11,sz.300388,9.02,9.22,8.9,9.12,7865226,71273265.96,1.1374,0.5513,0,0
2021-01-12,sz.300388,9.14,9.14,8.92,9.01,6161863,55520854.86,0.8911,-1.2061,0,0
2021-01-13,sz.300388,9.0,9.07,8.86,8.94,4774717,42801976.78,0.6905,-0.7769,0,0
2021-01-14,sz.300388,8.98,9.14,8.87,9.0,5944221,53827023.89,0.8596,0.6711,0,0
2021-01-15,sz.300388,8.94,9.1,8.87,9.01,3198962,28775743.58,0.4626,0.1111,0,0
2021-01-18,sz.300388,9.01,9.1,8.93,9.03,3060298,27563573.64,0.4426,0.222,0,0
2021-01-19,sz.300388,9.0,9.07,8.95,9.03,3316532,29968099.28,0.4796,0.0,0,0
2021-01-20,sz.300388,9.05,9.07,8.75,8.8,5414852,48018376.08,0.7831,-2.5471,0,0
2021-01-21,sz.300388,8.78,8.84,8.69,8.74,3153940,27567045.08,0.4561,-0.6818,0,0
2021-01-22,sz.300388,8.8,8.8,8.55,8.62,3747854,32297360.53,0.542,-1.373,0,0
2021-01-25,sz.300388,8.65,8.65,8.41,8.49,3495081,29736058.72,0.5054,-1.5081,0,0
2021-01-26,sz.300388,8.49,8.55,8.24,8.29,4152980,34784689.77,0.6006,-2.3557,0,0
2021-01-27,sz.300388,8.28,8.41,8.21,8.33,3368434,27958868.92,0.4871,0.4825,0,0
2021-01-28,sz.300388,8.28,8.34,8.13,8.15,2810630,23189295.48,0.4065,-2.1609,0,0
2021-01-29,sz.300388,8.18,8.35,8.11,8.26,3896679,32142051.77,0.5635,1.3497,0,0
2021-02-01,sz.300388,8.23,8.3,8.14,8.28,2374679,19506118.92,0.3434,0.2421,0,0
2021-02-02,sz.300388,8.26,8.42,8.24,8.31,2198080,18333182.2,0.3179,0.3623,0,0
2021-02-03,sz.300388,8.3,8.37,8.04,8.05,3593840,29207932.4,0.5197,-3.1288,0,0
2021-02-04,sz.300388,8.0,8.01,7.4,7.57,6417285,49143365.81,0.928,-5.9627,0,0
2021-02-05,sz.300388,7.54,7.69,7.39,7.43,3247667,24445538.82,0.4697,-1.8494,0,0
2021-02-08,sz.300388,7.51,7.57,7.43,7.48,1754072,13162661.32,0.2537,0.6729,0,0
2021-02-09,sz.300388,7.51,7.72,7.51,7.69,3121779,23834262.68,0.4515,2.8075,0,0
2021-02-10,sz.300388,7.69,7.71,7.61,7.63,2262119,17274096.17,0.3271,-0.7802,0,0
2021-02-18,sz.300388,7.63,7.84,7.63,7.78,2963498,23034952.3,0.4286,1.9659,0,0
2021-02-19,sz.300388,7.8,8.03,7.72,8.01,3553680,28143942.92,0.5139,2.9563,0,0
2021-02-22,sz.300388,7.98,8.21,7.96,8.07,5587660,45301607.0,0.8081,0.7491,0,0
2021-02-23,sz.300388,8.03,8.17,7.93,7.95,3445640,27628955.8,0.4983,-1.487,0,0
2021-02-24,sz.300388,7.97,8.08,7.91,7.97,3667924,29406616.33,0.5304,0.2516,0,0
2021-02-25,sz.300388,8.05,8.12,7.93,7.94,2982547,23887864.38,0.4313,-0.3764,0,0
2021-02-26,sz.300388,7.91,8.19,7.86,8.07,4977485,39998357.66,0.7198,1.6373,0,0
2021-03-01,sz.300388,8.09,8.34,8.08,8.16,4219420,34545380.0,0.6102,1.1152,0,0
2021-03-02,sz.300388,8.18,8.46,8.13,8.4,7921585,66126197.84,1.1456,2.9412,0,0
2021-03-03,sz.300388,8.42,8.42,8.23,8.35,5938106,49278521.08,0.8587,-0.5952,0,0
2021-03-04,sz.300388,8.3,8.42,8.25,8.33,4560831,38022496.22,0.6596,-0.2395,0,0
2021-03-05,sz.300388,8.33,8.6,8.28,8.44,7211750,60962324.42,1.0429,1.3205,0,0
2021-03-08,sz.300388,8.5,8.59,8.31,8.33,5854081,49368504.53,0.8466,-1.3033,0,0
2021-03-09,sz.300388,8.4,8.57,8.01,8.33,9733296,80747039.43,1.4076,0.0,0,0
2021-03-10,sz.300388,8.29,8.47,8.2,8.26,6936100,57762873.31,1.0031,-0.8403,0,0
2021-03-11,sz.300388,8.27,8.32,8.12,8.25,7021517,57710910.89,1.0154,-0.1211,0,0
2021-03-12,sz.300388,8.17,8.55,8.17,8.55,10205459,85831695.1,1.4759,3.6364,0,0
2021-03-15,sz.300388,8.6,8.66,8.41,8.5,6654910,56706637.45,0.9624,-0.5848,0,0
2021-03-16,sz.300388,8.51,9.02,8.43,8.85,14713417,129012238.04,2.1278,4.1176,0,0
2021-03-17,sz.300388,8.81,8.87,8.6,8.71,8259344,71760065.84,1.1944,-1.5819,0,0
2021-03-18,sz.300388,8.64,8.7,8.56,8.59,4387532,37821525.2,0.6345,-1.3777,0,0
2021-03-19,sz.300388,8.51,8.69,8.49,8.58,4383993,37599870.53,0.634,-0.1164,0,0
2021-03-22,sz.300388,8.52,9.0,8.5,8.92,9014302,79369682.8,1.3036,3.9627,0,0
2021-03-23,sz.300388,9.02,9.26,8.88,8.92,15456482,140197190.31,2.2352,0.0,0,0
2021-03-24,sz.300388,8.75,9.2,8.75,8.92,12207778,110350460.15,1.7654,0.0,0,0
2021-03-25,sz.300388,8.85,8.99,8.5,8.55,10737090,92846618.74,1.5527,-4.148,0,0
2021-03-26,sz.300388,8.51,8.88,8.47,8.77,7541920,65929441.92,1.0907,2.5731,0,0
2021-03-29,sz.300388,8.48,8.7,8.23,8.27,15322291,128979883.9,2.2158,-5.7013,0,0
2021-03-30,sz.300388,8.28,8.28,7.9,7.94,8749687,69923284.93,1.2653,-3.9903,0,0
2021-03-31,sz.300388,7.96,8.33,7.9,8.26,9160855,74775084.31,1.3248,4.0302,0,0
2021-04-01,sz.300388,8.26,8.29,8.03,8.12,4539819,36924614.51,0.6566,-1.6949,0,0
2021-04-02,sz.300388,8.1,8.15,7.96,8.0,4654060,37378225.8,0.6731,-1.4778,0,0
2021-04-06,sz.300388,7.96,8.07,7.91,8.02,3215180,25741613.2,0.465,0.25,0,0
2021-04-07,sz.300388,8.01,8.12,7.98,8.06,3959474,31852066.56,0.5727,0.4988,0,0
2021-04-08,sz.300388,8.05,8.05,7.92,7.93,4328540,34443601.19,0.6261,-1.6129,0,0
2021-04-09,sz.300388,7.95,7.95,7.82,7.85,3259231,25671265.13,0.4714,-1.0088,0,0
2021-04-12,sz.300388,7.9,7.99,7.81,7.92,4593432,36431986.99,0.6644,0.8917,0,0
2021-04-13,sz.300388,7.92,8.13,7.82,8.06,6388427,51237114.75,0.924,1.7677,0,0
2021-04-14,sz.300388,8.0,8.03,7.91,8.01,3994431,31839698.43,0.5777,-0.6203,0,0
2021-04-15,sz.300388,8.0,8.0,7.85,7.89,3283332,25916450.1,0.4749,-1.4981,0,0
2021-04-16,sz.300388,7.9,7.99,7.87,7.97,2882287,22882477.66,0.4169,1.0139,0,0
2021-04-19,sz.300388,7.95,8.04,7.92,8.03,4107939,32898593.62,0.5941,0.7528,0,0
2021-04-20,sz.300388,8.0,8.11,8.0,8.06,3577994,28824044.88,0.5175,0.3736,0,0
2021-04-21,sz.300388,7.99,8.01,7.91,7.95,2534343,20146110.05,0.3666,-1.3648,0,0
2021-04-22,sz.300388,7.96,7.99,7.92,7.97,2230871,17733138.57,0.3227,0.2516,0,0
2021-04-23,sz.300388,7.97,7.99,7.8,7.8,3752976,29475806.47,0.5428,-2.133,0,0
2021-04-26,sz.300388,7.78,7.78,7.68,7.69,2916860,22519787.71,0.4219,-1.4103,0,0
2021-04-27,sz.300388,7.74,7.74,7.59,7.61,2311315,17617261.87,0.3343,-1.0403,0,0
2021-04-28,sz.300388,7.6,7.69,7.56,7.68,1724487,13192379.8,0.2494,0.9198,0,0
2021-04-29,sz.300388,7.79,7.79,7.71,7.72,1967184,15232554.53,0.2845,0.5208,0,0
2021-04-30,sz.300388,7.74,7.74,7.62,7.64,2069779,15826732.92,0.2994,-1.0363,0,0
2021-05-06,sz.300388,7.68,7.75,7.52,7.69,2101818,16160610.53,0.304,0.6545,0,0
2021-05-07,sz.300388,7.7,7.89,7.69,7.81,3115546,24272084.81,0.4506,1.5605,0,0
2021-05-10,sz.300388,7.84,7.87,7.75,7.78,1941900,15121602.2,0.2809,-0.3841,0,0
2021-05-11,sz.300388,7.76,7.82,7.73,7.81,2267294,17612473.51,0.3279,0.3856,0,0
2021-05-12,sz.300388,7.85,8.04,7.81,7.98,5185027,41262239.12,0.7499,2.1767,0,0
2021-05-13,sz.300388,7.95,8.1,7.9,8.0,3122473,25072213.25,0.4516,0.2506,0,0
2021-05-14,sz.300388,8.03,8.22,8.0,8.16,4687460,38237778.28,0.678,2.0,0,0
2021-05-17,sz.300388,8.2,8.29,8.06,8.1,4538307,37088539.34,0.6564,-0.7353,0,0
2021-05-18,sz.300388,8.06,8.23,8.06,8.17,3588194,29241683.44,0.519,0.8642,0,0
2021-05-19,sz.300388,8.11,8.36,8.11,8.3,4486748,37055763.32,0.6489,1.5912,0,0
2021-05-20,sz.300388,8.26,8.35,8.2,8.28,3220787,26649195.58,0.4658,-0.241,0,0
2021-05-21,sz.300388,8.26,8.4,8.21,8.22,3823651,31714079.17,0.553,-0.7246,0,0
2021-05-24,sz.300388,8.18,8.3,8.16,8.23,2529880,20852467.8,0.3659,0.1217,0,0
2021-05-25,sz.300388,8.2,8.26,8.17,8.24,2443708,20097732.84,0.3534,0.1215,0,0
2021-05-26,sz.300388,8.26,8.32,8.23,8.28,2369160,19600483.6,0.3427,0.4854,0,0
2021-05-27,sz.300388,8.32,8.34,8.23,8.28,2267361,18741257.54,0.3279,0.0,0,0
2021-05-28,sz.300388,8.28,8.36,8.19,8.2,3021880,24984228.9,0.4371,-0.9662,0,0
2021-05-31,sz.300388,8.15,8.19,8.08,8.16,2051872,16677229.1,0.2968,-0.4878,0,0
2021-06-01,sz.300388,8.16,8.2,8.12,8.18,1860504,15203779.32,0.2691,0.2451,0,0
2021-06-02,sz.300388,8.19,8.21,8.05,8.06,3251069,26337639.28,0.4702,-1.467,0,0
2021-06-03,sz.300388,8.06,8.13,8.04,8.05,2433643,19641541.35,0.352,-0.1241,0,0
2021-06-04,sz.300388,8.05,8.08,7.92,7.93,3023717,24118923.31,0.4373,-1.4907,0,0
2021-06-07,sz.300388,7.9,7.99,7.89,7.97,2365362,18825478.6,0.3421,0.5044,0,0
2021-06-08,sz.300388,7.97,7.99,7.9,7.91,2118810,16806193.7,0.3065,-0.7528,0,0
2021-06-09,sz.300388,7.9,7.99,7.88,7.97,2850930,22640696.41,0.4123,0.7585,0,0
2021-06-10,sz.300388,7.95,8.04,7.94,8.03,2783690,22248827.0,0.4026,0.7528,0,0
2021-06-11,sz.300388,8.02,8.16,8.0,8.05,3613960,29215931.8,0.5227,0.2491,0,0
2021-06-15,sz.300388,8.03,8.11,8.0,8.06,2732713,22022553.75,0.3952,0.1242,0,0
2021-06-16,sz.300388,8.05,8.06,7.9,7.93,2705742,21608002.06,0.3913,-1.6129,0,0
2021-06-17,sz.300388,7.96,7.98,7.84,7.92,2476943,19584694.5,0.3582,-0.1261,0,0
2021-06-18,sz.300388,7.88,7.96,7.83,7.91,2378964,18774721.36,0.3441,-0.1263,0,0
2021-06-21,sz.300388,7.91,7.93,7.82,7.83,2577040,20233663.4,0.3727,-1.0114,0,0
2021-06-22,sz.300388,7.82,7.99,7.78,7.94,3546506,27958468.13,0.5129,1.4049,0,0
2021-06-23,sz.300388,7.95,8.03,7.9,7.98,3476910,27693682.49,0.5029,0.5038,0,0
2021-06-24,sz.300388,7.94,8.0,7.85,7.95,3574432,28338216.96,0.517,-0.3759,0,0
2021-06-25,sz.300388,7.98,7.98,7.82,7.84,4568900,35905278.6,0.6608,-1.3836,0,0
2021-06-28,sz.300388,7.86,7.86,7.68,7.69,4540399,35201690.27,0.6567,-1.9133,0,0
2021-06-29,sz.300388,7.7,7.74,7.6,7.61,4127608,31561926.88,0.597,-1.0403,0,0
2021-06-30,sz.300388,7.63,7.63,7.52,7.6,3842112,29076958.16,0.5557,-0.1314,0,0
2021-07-01,sz.300388,7.6,7.68,7.53,7.53,3708300,28179088.0,0.5363,-0.9211,0,0
2021-07-02,sz.300388,7.56,7.56,7.43,7.48,2815448,21067373.64,0.4072,-0.664,0,0
2021-07-05,sz.300388,7.44,7.59,7.43,7.54,2745400,20687098.0,0.3971,0.8021,0,0
2021-07-06,sz.300388,7.53,7.61,7.51,7.59,2619695,19784111.65,0.3757,0.6631,0,0
2021-07-07,sz.300388,7.56,7.64,7.51,7.61,2523227,19156048.86,0.3618,0.2635,0,0
2021-07-08,sz.300388,7.61,7.72,7.55,7.6,2630600,20057765.84,0.3772,-0.1314,0,0
2021-07-09,sz.300388,7.49,7.62,7.46,7.6,2753436,20835604.64,0.3949,1.6043,0,0
2021-07-12,sz.300388,7.61,7.64,7.55,7.58,3735640,28354428.2,0.5357,-0.2632,0,0
2021-07-13,sz.300388,7.61,7.67,7.52,7.67,4072453,31047692.01,0.584,1.1873,0,0
2021-07-14,sz.300388,7.67,7.72,7.53,7.56,3559659,27079924.63,0.5105,-1.4342,0,0
2021-07-15,sz.300388,7.56,7.58,7.39,7.47,3016031,22493011.48,0.4325,-1.1905,0,0
2021-07-16,sz.300388,7.47,7.52,7.41,7.42,2634060,19602822.0,0.3777,-0.6693,0,0
2021-07-19,sz.300388,7.42,7.43,7.3,7.41,2512588,18504541.98,0.3603,-0.1348,0,0
2021-07-20,sz.300388,7.37,7.37,7.31,7.33,3017310,22115746.6,0.4327,-1.0796,0,0
2021-07-21,sz.300388,7.34,7.45,7.34,7.38,3398675,25127281.75,0.4874,0.6821,0,0
2021-07-22,sz.300388,7.38,7.44,7.33,7.41,2533703,18739445.08,0.3633,0.4065,0,0
2021-07-23,sz.300388,7.42,7.42,7.26,7.28,4057647,29733142.31,0.5819,-1.7544,0,0
2021-07-26,sz.300388,7.28,7.32,7.15,7.22,3505846,25277954.82,0.5028,-0.8242,0,0
2021-07-27,sz.300388,7.23,7.26,7.03,7.04,4284586,30493815.82,0.6144,-2.4931,0,0
2021-07-28,sz.300388,7.05,7.07,6.82,6.93,2599229,18005203.65,0.3727,-1.5625,0,0
2021-07-29,sz.300388,6.94,7.02,6.9,6.99,2163180,15056856.8,0.3102,0.8658,0,0
2021-07-30,sz.300388,7.0,7.03,6.91,7.02,1742726,12163441.9,0.2499,0.4292,0,0
2021-08-02,sz.300388,7.02,7.16,6.95,7.13,2369534,16785138.96,0.3398,1.567,0,0
2021-08-03,sz.300388,7.13,7.23,7.1,7.21,2942654,21141959.72,0.422,1.122,0,0
2021-08-04,sz.300388,7.17,7.23,7.15,7.21,1469654,10583411.3,0.2108,0.0,0,0
2021-08-05,sz.300388,7.16,7.23,7.09,7.14,2454300,17518687.4,0.352,-0.9709,0,0
2021-08-06,sz.300388,7.14,7.14,7.0,7.07,2853226,20109468.56,0.4092,-0.9804,0,0
2021-08-09,sz.300388,7.06,7.23,7.03,7.18,3216780,23033867.2,0.4613,1.5559,0,0
2021-08-10,sz.300388,7.22,7.28,7.16,7.24,3168996,22887208.16,0.4545,0.8357,0,0
2021-08-11,sz.300388,7.24,7.32,7.22,7.26,3302785,24018936.7,0.4736,0.2762,0,0
2021-08-12,sz.300388,7.26,7.32,7.2,7.27,2602316,18922939.96,0.3732,0.1377,0,0
2021-08-13,sz.300388,7.25,7.28,7.18,7.21,2314676,16698123.76,0.3319,-0.8253,0,0
2021-08-16,sz.300388,7.24,7.4,7.2,7.35,5026716,36928401.94,0.7209,1.9417,0,0
2021-08-17,sz.300388,7.33,7.44,7.26,7.3,5973732,43946389.0,0.8567,-0.6803,0,0
2021-08-18,sz.300388,7.23,7.35,7.21,7.27,4268379,30997634.93,0.6121,-0.411,0,0
2021-08-19,sz.300388,7.29,7.3,7.14,7.15,3806225,27400536.35,0.5458,-1.6506,0,0
2021-08-20,sz.300388,7.15,7.16,7.05,7.14,3076777,21821922.83,0.4412,-0.1399,0,0
2021-08-23,sz.300388,7.15,7.29,7.12,7.28,3016476,21882158.02,0.4326,1.9608,0,0
2021-08-24,sz.300388,7.28,7.43,7.28,7.38,4745724,35026705.83,0.6806,1.3736,0,0
2021-08-25,sz.300388,7.38,7.43,7.29,7.42,4447397,32854162.97,0.6378,0.542,0,0
2021-08-26,sz.300388,7.4,7.48,7.31,7.42,4469340,33168343.03,0.6409,0.0,0,0
2021-08-27,sz.300388,7.35,7.44,7.31,7.34,3921581,28857956.95,0.5624,-1.0782,0,0
2021-08-30,sz.300388,7.33,7.43,7.32,7.4,3399514,25094179.97,0.4875,0.8174,0,0
2021-08-31,sz.300388,7.6,7.86,7.6,7.81,18272623,141593282.58,2.6204,5.5405,0,0
2021-09-01,sz.300388,7.78,7.89,7.61,7.68,11376216,87654651.08,1.6314,-1.6645,0,0
2021-09-02,sz.300388,7.65,7.94,7.62,7.89,10643624,83273805.62,1.5264,2.7344,0,0
2021-09-03,sz.300388,7.89,8.1,7.76,7.79,11224366,88727812.52,1.6096,-1.2674,0,0
2021-09-06,sz.300388,7.8,7.93,7.72,7.8,6349233,49534937.94,0.9105,0.1284,0,0
2021-09-07,sz.300388,7.76,7.9,7.73,7.77,6082808,47359623.37,0.8723,-0.3846,0,0
2021-09-08,sz.300388,7.84,8.04,7.81,8.01,11057848,88029622.62,1.5858,3.0888,0,0
2021-09-09,sz.300388,7.96,8.15,7.94,8.08,8588157,69154057.63,1.2316,0.8739,0,0
2021-09-10,sz.300388,8.0,8.14,7.85,7.88,9787373,77927978.58,1.4036,-2.4752,0,0
2021-09-13,sz.300388,8.0,8.21,7.93,8.12,10996423,89098086.05,1.5769,3.0457,0,0
2021-09-14,sz.300388,8.08,8.14,7.87,7.9,8126709,64942728.02,1.1654,-2.7094,0,0
2021-09-15,sz.300388,7.9,8.08,7.83,7.94,5287092,42008226.04,0.7582,0.5063,0,0
2021-09-16,sz.300388,7.95,8.04,7.79,7.82,5691021,45065967.86,0.8161,-1.5113,0,0
2021-09-17,sz.300388,7.82,7.88,7.67,7.82,4525367,35170299.35,0.649,0.0,0,0
2021-09-22,sz.300388,7.74,7.95,7.67,7.94,4936660,38550204.4,0.7079,1.5345,0,0
2021-09-23,sz.300388,7.95,8.45,7.95,8.38,18484462,153014444.81,2.6508,5.5416,0,0
2021-09-24,sz.300388,8.46,8.48,8.14,8.19,9309968,76643587.96,1.3351,-2.2673,0,0
2021-09-27,sz.300388,8.15,8.26,7.78,7.83,8854898,70448836.56,1.2698,-4.3956,0,0
2021-09-28,sz.300388,7.82,8.07,7.8,8.02,6818364,54446905.0,0.9778,2.4266,0,0
2021-09-29,sz.300388,7.93,8.03,7.68,7.75,5913660,46306882.15,0.8481,-3.3666,0,0
2021-09-30,sz.300388,7.75,7.87,7.7,7.83,4130320,32185419.0,0.5923,1.0323,0,0
2021-10-08,sz.300388,7.95,8.44,7.95,8.16,13998400,115789618.0,2.0074,4.2146,0,0
2021-10-11,sz.300388,8.25,8.33,7.82,7.88,9185998,72853099.92,1.3173,-3.4314,0,0
2021-10-12,sz.300388,7.81,7.88,7.51,7.61,7530142,57765406.62,1.0799,-3.4264,0,0
2021-10-13,sz.300388,7.61,7.68,7.37,7.52,4602975,34439022.9,0.6601,-1.1827,0,0
2021-10-14,sz.300388,7.48,7.54,7.39,7.45,2912444,21763495.8,0.4177,-0.9309,0,0
2021-10-15,sz.300388,7.45,7.49,7.25,7.28,4476256,32866814.88,0.6419,-2.2819,0,0
2021-10-18,sz.300388,7.28,7.38,7.26,7.33,2589940,18973296.6,0.3714,0.6868,0,0
2021-10-19,sz.300388,7.31,7.37,7.21,7.36,2698898,19736660.8,0.387,0.4093,0,0
2021-10-20,sz.300388,7.36,7.39,7.27,7.33,2058861,15060082.12,0.2953,-0.4076,0,0
2021-10-21,sz.300388,7.31,7.31,7.19,7.19,2952960,21398739.4,0.4235,-1.91,0,0
2021-10-22,sz.300388,7.2,7.27,7.18,7.22,1836323,13259794.7,0.2633,0.4172,0,0
2021-10-25,sz.300388,7.22,7.23,7.1,7.19,1896280,13626659.8,0.2719,-0.4155,0,0
2021-10-26,sz.300388,7.13,7.2,7.02,7.04,5079470,36009737.02,0.7284,-2.0862,0,0
2021-10-27,sz.300388,7.03,7.08,6.93,7.05,3610077,25276256.07,0.5177,0.142,0,0
2021-10-28,sz.300388,7.05,7.11,6.94,7.09,3279234,23162682.05,0.4703,0.5674,0,0
2021-10-29,sz.300388,7.09,7.24,7.04,7.19,3045963,21804292.17,0.4368,1.4104,0,0
2021-11-01,sz.300388,7.19,7.27,7.1,7.2,3025780,21799631.2,0.4339,0.1391,0,0
2021-11-02,sz.300388,7.15,7.26,6.97,7.04,3734120,26482375.19,0.5355,-2.2222,0,0
2021-11-03,sz.300388,7.05,7.1,6.95,7.08,3326020,23379733.4,0.477,0.5682,0,0
2021-11-04,sz.300388,7.09,7.16,7.07,7.15,2420101,17225389.51,0.3471,0.9887,0,0
2021-11-05,sz.300388,7.14,7.16,7.1,7.14,1798680,12815696.6,0.2579,-0.1399,0,0
2021-11-08,sz.300388,7.2,7.38,7.2,7.3,5826342,42567080.54,0.8355,2.2409,0,0
2021-11-09,sz.300388,7.31,7.33,7.22,7.27,3535311,25672071.66,0.507,-0.411,0,0
2021-11-10,sz.300388,7.26,7.3,7.18,7.3,2844601,20596721.8,0.4079,0.4127,0,0
2021-11-11,sz.300388,7.29,7.37,7.25,7.35,3264111,23957460.65,0.4681,0.6849,0,0
2021-11-12,sz.300388,7.35,7.35,7.27,7.31,2615980,19109406.8,0.3751,-0.5442,0,0
2021-11-15,sz.300388,7.29,7.38,7.2,7.37,3705180,27078973.0,0.5313,0.8208,0,0
2021-11-16,sz.300388,7.36,7.36,7.29,7.29,3014400,22055775.0,0.4323,-1.0855,0,0
2021-11-17,sz.300388,7.29,7.34,7.27,7.34,2283660,16686443.6,0.3275,0.6859,0,0
2021-11-18,sz.300388,7.31,7.44,7.29,7.34,3726725,27445515.1,0.5344,0.0,0,0
2021-11-19,sz.300388,7.35,7.35,7.24,7.34,2887917,21090254.25,0.4141,0.0,0,0
2021-11-22,sz.300388,7.3,7.37,7.28,7.32,2671549,19545454.15,0.3831,-0.2725,0,0
2021-11-23,sz.300388,7.33,7.34,7.26,7.32,2504486,18280871.22,0.3592,0.0,0,0
2021-11-24,sz.300388,7.32,7.37,7.27,7.36,2896302,21185122.34,0.4153,0.5464,0,0
2021-11-25,sz.300388,7.36,7.56,7.29,7.49,6354813,47240332.0,0.9113,1.7663,0,0
2021-11-26,sz.300388,7.43,7.74,7.39,7.64,9711638,74034144.91,1.3927,2.0027,0,0
2021-11-29,sz.300388,7.57,7.58,7.45,7.52,5142960,38619406.6,0.7375,-1.5707,0,0
2021-11-30,sz.300388,7.54,7.65,7.51,7.6,5951624,45116649.28,0.8535,1.0638,0,0
2021-12-01,sz.300388,7.58,7.73,7.55,7.7,4945580,37941664.76,0.7092,1.3158,0,0
2021-12-02,sz.300388,7.68,7.72,7.59,7.61,4060020,31023802.2,0.5822,-1.1688,0,0
2021-12-03,sz.300388,7.68,7.75,7.52,7.71,5545400,42450149.72,0.7952,1.3141,0,0
2021-12-06,sz.300388,7.67,7.73,7.47,7.47,5810560,43956426.2,0.8333,-3.1128,0,0
2021-12-07,sz.300388,7.5,7.54,7.36,7.45,4095179,30385254.16,0.5873,-0.2677,0,0
2021-12-08,sz.300388,7.46,7.52,7.4,7.51,3332200,24930921.04,0.4779,0.8054,0,0
2021-12-09,sz.300388,7.51,7.51,7.45,7.48,3323300,24844783.6,0.4766,-0.3995,0,0
2021-12-10,sz.300388,7.46,7.48,7.42,7.44,2977786,22169102.94,0.427,-0.5348,0,0
2021-12-13,sz.300388,7.45,7.51,7.45,7.49,3498172,26172813.12,0.5017,0.672,0,0
2021-12-14,sz.300388,7.48,7.51,7.42,7.51,2121257,15845201.53,0.3042,0.267,0,0
2021-12-15,sz.300388,7.5,7.62,7.47,7.58,4298446,32511749.34,0.6164,0.9321,0,0
2021-12-16,sz.300388,7.6,7.72,7.57,7.71,6399941,49130563.85,0.9178,1.715,0,0
2021-12-17,sz.300388,7.73,7.75,7.62,7.68,5458882,41926209.98,0.7828,-0.3891,0,0
2021-12-20,sz.300388,7.68,7.78,7.61,7.67,5890358,45398745.61,0.8447,-0.1302,0,0
2021-12-21,sz.300388,7.67,7.8,7.66,7.8,6031604,46796935.52,0.865,1.6949,0,0
2021-12-22,sz.300388,7.79,7.83,7.72,7.78,4718760,36652542.11,0.6767,-0.2564,0,0
2021-12-23,sz.300388,7.76,7.79,7.67,7.74,4164369,32183720.24,0.5972,-0.5141,0,0
2021-12-24,sz.300388,7.74,7.81,7.63,7.63,4407669,33879521.54,0.6321,-1.4212,0,0
2021-12-27,sz.300388,7.67,7.77,7.61,7.76,3486962,26914432.8,0.5,1.7038,0,0
2021-12-28,sz.300388,7.78,7.81,7.68,7.69,2757264,21276965.76,0.3954,-0.9021,0,0
2021-12-29,sz.300388,7.67,7.72,7.62,7.66,2130500,16351197.85,0.3055,-0.3901,0,0
2021-12-30,sz.300388,7.69,7.81,7.64,7.78,3594248,27833554.08,0.5154,1.5666,0,0
2021-12-31,sz.300388,7.77,7.88,7.75,7.85,4702967,36896903.11,0.6744,0.8997,0,0
2022-01-04,sz.300388,7.87,7.97,7.82,7.93,4743198,37569514.04,0.6802,1.0191,0,0
2022-01-05,sz.300388,7.9,7.93,7.78,7.84,4804124,37643772.0,0.6889,-1.1349,0,0
2022-01-06,sz.300388,7.83,8.04,7.79,8.01,6008992,47850542.38,0.8617,2.1684,0,0
2022-01-07,sz.300388,8.02,8.03,7.86,7.86,4192599,33304044.42,0.6012,-1.8727,0,0
2022-01-10,sz.300388,7.87,8.02,7.82,7.93,3447763,27405393.41,0.4944,0.8906,0,0
2022-01-11,sz.300388,7.95,8.03,7.87,7.9,3922752,31229449.12,0.5625,-0.3783,0,0
2022-01-12,sz.300388,8.0,8.02,7.9,7.94,3652320,29021531.6,0.5237,0.5063,0,0
2022-01-13,sz.300388,7.98,7.99,7.84,7.85,3909969,30887441.64,0.5607,-1.1335,0,0
2022-01-14,sz.300388,7.85,7.9,7.64,7.65,5509096,42671105.78,0.79,-2.5478,0,0
2022-01-17,sz.300388,7.65,7.8,7.65,7.76,3639277,28179221.18,0.5219,1.4379,0,0
2022-01-18,sz.300388,7.81,7.86,7.64,7.68,3665323,28223109.54,0.5256,-1.0309,0,0
2022-01-19,sz.300388,7.66,7.86,7.66,7.81,3793940,29505602.8,0.5441,1.6927,0,0
2022-01-20,sz.300388,7.78,7.83,7.58,7.6,4930621,37805164.0,0.7071,-2.6889,0,0
2022-01-21,sz.300388,7.61,7.65,7.54,7.58,2655481,20162401.38,0.3808,-0.2632,0,0
2022-01-24,sz.300388,7.62,7.62,7.43,7.44,3508040,26270855.2,0.5031,-1.847,0,0
2022-01-25,sz.300388,7.45,7.5,7.18,7.2,4368307,31825195.67,0.6264,-3.2258,0,0
2022-01-26,sz.300388,7.21,7.26,7.14,7.22,2422867,17429644.47,0.3474,0.2778,0,0
2022-01-27,sz.300388,7.18,7.22,7.09,7.09,2360367,16824165.03,0.3385,-1.8006,0,0
2022-01-28,sz.300388,7.11,7.19,7.04,7.16,2966832,21129520.64,0.4254,0.9873,0,0
2022-02-07,sz.300388,7.25,7.3,7.17,7.26,3474300,25192321.4,0.4982,1.3966,0,0
2022-02-08,sz.300388,7.27,7.41,7.24,7.41,3476880,25482161.6,0.4986,2.0661,0,0
2022-02-09,sz.300388,7.44,7.52,7.39,7.49,3542484,26404380.74,0.508,1.0796,0,0
2022-02-10,sz.300388,7.7,7.83,7.55,7.58,6200042,47508465.41,0.8891,1.2016,0,0
2022-02-11,sz.300388,7.5,7.62,7.45,7.52,4226871,31886589.5,0.6061,-0.7916,0,0
2022-02-14,sz.300388,7.46,7.65,7.44,7.56,3711151,28037799.58,0.5322,0.5319,0,0
2022-02-15,sz.300388,7.64,7.64,7.44,7.52,2922985,21897039.15,0.4192,-0.5291,0,0
2022-02-16,sz.300388,7.54,7.65,7.54,7.61,2878884,21897833.05,0.4128,1.1968,0,0
2022-02-17,sz.300388,7.63,7.91,7.6,7.77,8607399,67202638.43,1.2343,2.1025,0,0
2022-02-18,sz.300388,7.7,7.92,7.63,7.89,6598660,51555735.2,0.9463,1.5444,0,0
2022-02-21,sz.300388,7.86,7.87,7.77,7.86,3991604,31228447.2,0.5724,-0.3802,0,0
2022-02-22,sz.300388,7.78,7.9,7.74,7.84,5013780,39175892.8,0.719,-0.2545,0,0
2022-02-23,sz.300388,7.9,7.9,7.77,7.81,3390560,26466578.4,0.4862,-0.3827,0,0
2022-02-24,sz.300388,7.77,7.82,7.52,7.6,5414499,41499992.86,0.7764,-2.6889,0,0
2022-02-25,sz.300388,7.66,7.72,7.58,7.66,3577320,27390642.4,0.513,0.7895,0,0
2022-02-28,sz.300388,7.68,7.72,7.58,7.67,3597563,27541989.0,0.5159,0.1305,0,0
2022-03-01,sz.300388,7.77,7.84,7.64,7.83,5287560,41194000.0,0.7582,2.086,0,0
2022-03-02,sz.300388,7.81,7.84,7.74,7.8,3683508,28677346.0,0.5282,-0.3831,0,0
2022-03-03,sz.300388,7.84,7.92,7.75,7.87,4619808,36233039.0,0.6625,0.8974,0,0
2022-03-04,sz.300388,7.81,7.95,7.71,7.86,5788389,45463157.0,0.8301,-0.1271,0,0
2022-03-07,sz.300388,7.85,7.94,7.75,7.87,5896709,46364623.0,0.8456,0.1272,0,0
2022-03-08,sz.300388,7.82,7.91,7.63,7.69,4721329,36615474.0,0.677,-2.2872,0,0
2022-03-09,sz.300388,7.76,7.84,7.28,7.61,7100897,54115638.0,1.0183,-1.0403,0,0
2022-03-10,sz.300388,7.72,7.94,7.67,7.91,8902538,69842534.0,1.2766,3.9422,0,0
2022-03-11,sz.300388,7.82,7.86,7.57,7.82,7607103,58556164.0,1.0909,-1.1378,0,0
2022-03-14,sz.300388,7.76,7.76,7.37,7.37,6897018,52140640.0,0.989,-5.7545,0,0
2022-03-15,sz.300388,7.36,7.36,6.88,6.89,8815960,62624295.0,1.2642,-6.5129,0,0
2022-03-16,sz.300388,6.99,7.05,6.72,7.0,5415619,37513064.0,0.7766,1.5965,0,0
2022-03-17,sz.300388,7.08,7.15,7.01,7.05,4282004,30321835.0,0.614,0.7143,0,0
2022-03-18,sz.300388,7.06,7.17,6.97,7.15,3528690,25110973.0,0.506,1.4184,0,0
2022-03-21,sz.300388,7.15,7.21,7.1,7.2,3447857,24640006.83,0.4944,0.6993,0,0
2022-03-22,sz.300388,7.16,7.24,7.13,7.17,2369134,17008815.58,0.3397,-0.4167,0,0
2022-03-23,sz.300388,7.19,7.21,7.1,7.14,2426355,17333411.7,0.3479,-0.4184,0,0
2022-03-24,sz.300388,7.13,7.22,7.04,7.2,3489810,24810505.3,0.5004,0.8403,0,0
2022-03-25,sz.300388,7.19,7.34,7.14,7.23,5429181,39206012.93,0.7786,0.4167,0,0
2022-03-28,sz.300388,7.22,7.44,7.11,7.29,5345808,38801314.74,0.7666,0.8299,0,0
2022-03-29,sz.300388,7.32,7.44,7.15,7.22,4947200,35963443.96,0.7094,-0.9602,0,0
2022-03-30,sz.300388,7.24,7.25,7.13,7.18,3385882,24332987.76,0.4855,-0.554,0,0
2022-03-31,sz.300388,7.19,7.32,7.18,7.27,4079494,29627654.42,0.585,1.2535,0,0
2022-04-01,sz.300388,7.25,7.25,7.16,7.2,3023652,21738081.36,0.4336,-0.9629,0,0
2022-04-06,sz.300388,7.19,7.32,7.17,7.3,3221500,23429228.2,0.4619,1.3889,0,0
2022-04-07,sz.300388,7.33,7.33,7.18,7.18,2619000,18930607.0,0.3755,-1.6438,0,0
2022-04-08,sz.300388,7.19,7.27,7.11,7.22,3129583,22513164.98,0.4487,0.5571,0,0
2022-04-11,sz.300388,7.2,7.22,7.0,7.05,2594434,18463967.76,0.372,-2.3546,0,0
2022-04-12,sz.300388,7.02,7.21,6.96,7.16,2585317,18351272.34,0.3707,1.5603,0,0
2022-04-13,sz.300388,7.19,7.19,7.07,7.09,2246500,15974728.8,0.3221,-0.9777,0,0
2022-04-14,sz.300388,7.08,7.27,7.08,7.24,2538897,18286787.29,0.364,2.1157,0,0
2022-04-15,sz.300388,7.26,7.31,7.06,7.1,3349986,24087631.38,0.4803,-1.9337,0,0
2022-04-18,sz.300388,7.13,7.13,6.96,7.12,1807280,12740327.0,0.2591,0.2817,0,0
2022-04-19,sz.300388,7.08,7.21,7.08,7.2,1989460,14237896.6,0.2852,1.1236,0,0
2022-04-20,sz.300388,7.2,7.28,7.14,7.27,3662840,26453002.2,0.5252,0.9722,0,0
2022-04-21,sz.300388,7.24,7.25,7.02,7.13,3823622,27224780.09,0.5482,-1.9257,0,0
2022-04-22,sz.300388,7.15,7.27,7.08,7.19,6174639,44212926.69,0.8853,0.8415,0,0
2022-04-25,sz.300388,7.1,7.1,6.48,6.53,8065985,54660215.15,1.1565,-9.1794,0,0
2022-04-26,sz.300388,6.58,6.66,6.26,6.32,3742788,24214632.58,0.5366,-3.2159,0,0
2022-04-27,sz.300388,6.32,6.44,6.08,6.43,4660758,28998896.34,0.6682,1.7405,0,0
2022-04-28,sz.300388,6.4,6.46,6.16,6.22,3424088,21552199.53,0.4909,-3.2659,0,0
2022-04-29,sz.300388,6.29,6.42,6.18,6.37,3566940,22531174.8,0.5114,2.4116,0,0
2022-05-05,sz.300388,6.36,6.49,6.29,6.43,2746583,17642953.89,0.3938,0.9419,0,0
2022-05-06,sz.300388,6.3,6.36,6.25,6.3,2101020,13244769.2,0.3012,-2.0218,0,0
2022-05-09,sz.300388,6.3,6.49,6.27,6.45,2564127,16469653.52,0.3676,2.381,0,0
2022-05-10,sz.300388,6.4,6.77,6.36,6.73,5809868,38509836.32,0.833,4.3411,0,0
2022-05-11,sz.300388,6.73,6.95,6.63,6.7,5930003,40605887.36,0.8502,-0.4458,0,0
2022-05-12,sz.300388,6.61,6.76,6.58,6.72,3608063,24159706.63,0.5173,0.2985,0,0
2022-05-13,sz.300388,6.65,6.76,6.64,6.67,2301723,15395793.81,0.33,-0.744,0,0
2022-05-16,sz.300388,6.66,6.7,6.57,6.59,1997420,13206522.4,0.2864,-1.1994,0,0
2022-05-17,sz.300388,6.63,6.63,6.46,6.55,1729080,11305531.16,0.2479,-0.607,0,0
2022-05-18,sz.300388,6.57,6.65,6.52,6.56,1945360,12810229.6,0.2789,0.1527,0,0
2022-05-19,sz.300388,6.5,6.6,6.46,6.57,1931064,12632078.68,0.2769,0.1524,0,0
2022-05-20,sz.300388,6.57,6.74,6.57,6.63,2798460,18608447.6,0.4012,0.9132,0,0
2022-05-23,sz.300388,6.62,6.75,6.61,6.74,2812968,18829581.68,0.4033,1.6591,0,0
2022-05-24,sz.300388,6.74,6.77,6.41,6.42,3259300,21430382.8,0.4673,-4.7478,0,0
2022-05-25,sz.300388,6.46,6.59,6.42,6.58,2068360,13480416.0,0.2965,2.4922,0,0
2022-05-26,sz.300388,6.59,6.74,6.55,6.69,2763600,18406106.4,0.3962,1.6717,0,0
2022-05-27,sz.300388,6.68,6.76,6.58,6.76,4391140,29349959.17,0.6296,1.0463,0,0
2022-05-30,sz.300388,6.85,7.06,6.83,6.94,6207753,43014631.22,0.89,2.6627,0,0
2022-05-31,sz.300388,6.91,7.02,6.83,6.89,4340100,29982009.0,0.6223,-0.7205,0,0
2022-06-01,sz.300388,6.84,7.27,6.81,7.04,6854164,48507404.42,0.9827,2.1771,0,0
2022-06-02,sz.300388,7.03,7.05,6.89,6.99,4263416,29623278.64,0.6113,-0.7102,0,0
2022-06-06,sz.300388,7.09,7.21,6.99,7.08,5754805,40728481.4,0.8251,1.2876,0,0
2022-06-07,sz.300388,7.06,7.06,6.87,6.95,4123600,28637438.0,0.5912,-1.8362,0,0
2022-06-08,sz.300388,6.99,6.99,6.78,6.89,3648240,25122536.0,0.5231,-0.8633,0,0
2022-06-09,sz.300388,6.83,6.93,6.73,6.78,3646072,24840526.03,0.5228,-1.5965,0,0
2022-06-10,sz.300388,6.77,6.84,6.7,6.81,4305444,29194876.8,0.6173,0.4425,0,0
2022-06-13,sz.300388,6.75,6.79,6.57,6.69,5893759,39355232.07,0.845,-1.7621,0,0
2022-06-14,sz.300388,6.55,6.58,6.44,6.56,3688677,24002793.67,0.5289,-0.1522,0,0
2022-06-15,sz.300388,6.59,6.66,6.57,6.59,3699851,24458493.46,0.5305,0.4573,0,0
2022-06-16,sz.300388,6.6,6.65,6.5,6.61,3339711,22049567.71,0.4788,0.3035,0,0
2022-06-17,sz.300388,6.59,6.65,6.47,6.58,3099475,20349668.15,0.4444,-0.4539,0,0
2022-06-20,sz.300388,6.57,6.65,6.54,6.65,3155280,20850243.6,0.4524,1.0638,0,0
2022-06-21,sz.300388,6.63,6.66,6.58,6.63,2862580,18968940.6,0.4104,-0.3008,0,0
2022-06-22,sz.300388,6.64,6.64,6.54,6.54,2123360,13961857.6,0.3044,-1.3575,0,0
2022-06-23,sz.300388,6.53,6.59,6.5,6.58,2518520,16500610.6,0.3611,0.6116,0,0
2022-06-24,sz.300388,6.59,6.6,6.52,6.59,1990060,13085207.8,0.2853,0.152,0,0
2022-06-27,sz.300388,6.6,6.63,6.54,6.61,2786360,18358897.6,0.3995,0.3035,0,0
2022-06-28,sz.300388,6.58,6.69,6.58,6.69,3817196,25383134.6,0.5473,1.2103,0,0
2022-06-29,sz.300388,6.69,6.71,6.6,6.61,3140418,20903751.4,0.4503,-1.1958,0,0
2022-06-30,sz.300388,6.6,6.68,6.6,6.63,2461240,16345288.0,0.3529,0.3026,0,0
2022-07-01,sz.300388,6.63,6.8,6.61,6.76,5104723,34409550.24,0.7319,1.9608,0,0
2022-07-04,sz.300388,6.77,6.8,6.67,6.75,3302020,22236712.2,0.4734,-0.1479,0,0
2022-07-05,sz.300388,6.79,6.8,6.62,6.71,3278276,21998774.0,0.47,-0.5926,0,0
2022-07-06,sz.300388,6.69,6.71,6.53,6.58,3033980,19997719.8,0.435,-1.9374,0,0
2022-07-07,sz.300388,6.57,6.65,6.55,6.61,2319642,15353691.82,0.3326,0.4559,0,0
2022-07-08,sz.300388,6.65,6.7,6.62,6.69,2432240,16217539.2,0.3487,1.2103,0,0
2022-07-11,sz.300388,6.65,6.68,6.59,6.65,1875790,12439506.5,0.2689,-0.5979,0,0
2022-07-12,sz.300388,6.65,6.7,6.59,6.67,2744510,18271999.1,0.3935,0.3008,0,0
2022-07-13,sz.300388,6.7,6.77,6.64,6.76,3333820,22449709.0,0.478,1.3493,0,0
2022-07-14,sz.300388,6.75,6.76,6.65,6.7,2935333,19657390.58,0.4209,-0.8876,0,0
2022-07-15,sz.300388,6.66,6.9,6.55,6.7,6767576,45322822.72,0.9703,0.0,0,0
2022-07-18,sz.300388,6.7,7.1,6.69,6.99,11407281,79743498.18,1.6355,4.3284,0,0
2022-07-19,sz.300388,7.08,7.15,6.98,7.09,8431488,59549001.84,1.2089,1.4306,0,0
2022-07-20,sz.300388,7.09,7.11,7.02,7.09,4656220,32905682.0,0.6676,0.0,0,0
2022-07-21,sz.300388,7.08,7.13,7.0,7.0,3369160,23713489.4,0.4831,-1.2694,0,0
2022-07-22,sz.300388,7.0,7.24,7.0,7.16,7974382,57016962.42,1.1433,2.2857,0,0
2022-07-25,sz.300388,7.12,7.25,7.02,7.05,4162128,29602674.56,0.5967,-1.5363,0,0
2022-07-26,sz.300388,7.06,7.08,6.93,7.07,3374412,23644960.02,0.4838,0.2837,0,0
2022-07-27,sz.300388,7.05,7.13,7.0,7.08,2323580,16440511.0,0.3331,0.1414,0,0
2022-07-28,sz.300388,7.09,7.13,7.02,7.04,2708720,19148323.6,0.3884,-0.565,0,0
2022-07-29,sz.300388,7.03,7.07,6.96,6.96,2485118,17448686.18,0.3563,-1.1364,0,0
2022-08-01,sz.300388,7.05,7.09,6.93,7.01,2869218,20071091.26,0.4114,0.7184,0,0
2022-08-02,sz.300388,6.95,6.99,6.6,6.66,4841816,32533839.9,0.6942,-4.9929,0,0
2022-08-03,sz.300388,6.68,6.85,6.61,6.62,3295604,22217864.28,0.4725,-0.6006,0,0
2022-08-04,sz.300388,6.62,6.71,6.58,6.7,2552480,16990630.2,0.366,1.2085,0,0
2022-08-05,sz.300388,6.71,6.78,6.65,6.73,1938860,12980804.2,0.278,0.4478,0,0
2022-08-08,sz.300388,6.72,6.75,6.68,6.75,1692020,11385741.0,0.2426,0.2972,0,0
2022-08-09,sz.300388,6.74,6.76,6.68,6.71,1987720,13334650.2,0.285,-0.5926,0,0
2022-08-10,sz.300388,6.7,6.72,6.64,6.65,2214155,14755177.75,0.3175,-0.8942,0,0
2022-08-11,sz.300388,6.66,6.79,6.66,6.77,3215303,21699966.81,0.461,1.8045,0,0
2022-08-12,sz.300388,6.78,6.85,6.75,6.78,2522695,17129401.5,0.3617,0.1477,0,0
2022-08-15,sz.300388,6.77,6.83,6.72,6.77,2252900,15216407.0,0.323,-0.1475,0,0
2022-08-16,sz.300388,6.79,6.86,6.76,6.83,2407958,16401807.14,0.3452,0.8863,0,0
2022-08-17,sz.300388,6.82,6.87,6.81,6.86,2506640,17156486.2,0.3594,0.4392,0,0
2022-08-18,sz.300388,6.85,6.86,6.76,6.77,2169420,14728039.64,0.311,-1.312,0,0
2022-08-19,sz.300388,6.76,6.83,6.76,6.8,2287596,15559808.24,0.328,0.4431,0,0
2022-08-22,sz.300388,6.96,7.44,6.92,7.38,21957789,158196930.28,3.1482,8.5294,0,0
2022-08-23,sz.300388,7.37,7.5,7.28,7.38,14810056,109293032.36,2.1234,0.0,0,0
2022-08-24,sz.300388,7.4,7.55,7.29,7.31,10090071,74742370.88,1.4467,-0.9485,0,0
2022-08-25,sz.300388,7.38,7.38,7.19,7.27,7325720,53302051.8,1.0503,-0.5472,0,0
2022-08-26,sz.300388,7.34,7.34,7.17,7.18,6041744,43708190.56,0.8662,-1.238,0,0
2022-08-29,sz.300388,7.14,7.25,7.05,7.22,4605936,32973059.4,0.6604,0.5571,0,0
2022-08-30,sz.300388,7.24,7.34,7.1,7.17,4440292,31800858.16,0.6366,-0.6925,0,0
2022-08-31,sz.300388,7.18,7.2,7.0,7.05,6373640,45100108.2,0.9138,-1.6736,0,0
2022-09-01,sz.300388,7.0,7.18,6.95,7.1,4977500,35330897.8,0.7136,0.7092,0,0
2022-09-02,sz.300388,7.03,7.25,7.0,7.09,5146604,36562756.52,0.7379,-0.1408,0,0
2022-09-05,sz.300388,7.12,7.17,7.08,7.14,3093120,22072381.6,0.4435,0.7052,0,0
2022-09-06,sz.300388,7.23,7.24,7.08,7.14,4066866,28984057.04,0.5831,0.0,0,0
2022-09-07,sz.300388,7.13,7.23,7.08,7.22,5948806,42616056.14,0.8529,1.1204,0,0
2022-09-08,sz.300388,7.2,7.2,7.06,7.1,5154800,36594641.0,0.7391,-1.662,0,0
2022-09-09,sz.300388,7.11,7.15,7.04,7.08,3129900,22169542.8,0.4487,-0.2817,0,0
2022-09-13,sz.300388,7.13,7.15,7.04,7.08,2838860,20101459.8,0.407,0.0,0,0
2022-09-14,sz.300388,7.01,7.03,6.92,6.97,3734900,26026930.0,0.5355,-1.5537,0,0
2022-09-15,sz.300388,7.01,7.06,6.79,6.85,3946429,27159272.65,0.5658,-1.7217,0,0
2022-09-16,sz.300388,6.83,6.89,6.61,6.61,5080559,34105670.09,0.7284,-3.5036,0,0
2022-09-19,sz.300388,6.72,6.73,6.48,6.54,3223960,21079232.2,0.4622,-1.059,0,0
2022-09-20,sz.300388,6.59,6.68,6.53,6.66,3292991,21776726.06,0.4721,1.8349,0,0
2022-09-21,sz.300388,6.6,6.72,6.48,6.69,2938721,19431938.32,0.4213,0.4505,0,0
2022-09-22,sz.300388,6.68,6.73,6.61,6.63,2444920,16274364.8,0.3505,-0.8969,0,0
2022-09-23,sz.300388,6.64,6.72,6.56,6.62,3329300,22108676.2,0.4773,-0.1508,0,0
2022-09-26,sz.300388,6.57,6.61,6.37,6.38,3605500,23254695.0,0.5169,-3.6254,0,0
2022-09-27,sz.300388,6.45,6.62,6.38,6.6,2913900,18909398.8,0.4178,3.4483,0,0
2022-09-28,sz.300388,6.58,6.64,6.47,6.54,3615251,23602807.21,0.5183,-0.9091,0,0
2022-09-29,sz.300388,6.57,6.7,6.43,6.45,4379931,28668910.95,0.628,-1.3761,0,0
2022-09-30,sz.300388,6.39,6.44,6.36,6.37,2895640,18509589.4,0.4152,-1.2403,0,0
2022-10-10,sz.300388,6.36,6.49,6.31,6.34,2520820,16149277.29,0.3614,-0.471,0,0
2022-10-11,sz.300388,6.34,6.44,6.25,6.43,2127320,13524816.6,0.305,1.4196,0,0
2022-10-12,sz.300388,6.35,6.57,6.35,6.56,2573491,16681900.64,0.369,2.0218,0,0
2022-10-13,sz.300388,6.56,6.59,6.43,6.54,2773600,18163967.0,0.3977,-0.3049,0,0
2022-10-14,sz.300388,6.62,6.64,6.56,6.61,2163800,14317510.6,0.3102,1.0703,0,0
2022-10-17,sz.300388,6.62,6.73,6.56,6.71,3131991,20929832.61,0.449,1.5129,0,0
2022-10-18,sz.300388,6.72,6.75,6.68,6.71,2548522,17117427.84,0.3654,0.0,0,0
2022-10-19,sz.300388,6.73,6.76,6.66,6.67,2379002,15924545.4,0.3411,-0.5961,0,0
2022-10-20,sz.300388,6.66,6.69,6.58,6.6,2961760,19665428.2,0.4246,-1.0495,0,0
2022-10-21,sz.300388,6.6,6.68,6.58,6.62,2076500,13797393.0,0.2977,0.303,0,0
2022-10-24,sz.300388,6.63,6.71,6.46,6.53,3475480,22851806.8,0.4983,-1.3595,0,0
2022-10-25,sz.300388,6.32,6.45,6.05,6.14,10828884,66621940.66,1.5526,-5.9724,0,0
2022-10-26,sz.300388,6.12,6.23,6.1,6.18,5305380,32750157.8,0.7607,0.6515,0,0
2022-10-27,sz.300388,6.17,6.24,6.16,6.2,3869720,23983186.8,0.5548,0.3236,0,0
2022-10-28,sz.300388,6.18,6.18,6.0,6.01,4843857,29391159.54,0.6945,-3.0645,0,0
2022-10-31,sz.300388,6.02,6.11,5.99,6.06,3303680,19955193.6,0.4737,0.8319,0,0
2022-11-01,sz.300388,6.04,6.19,6.04,6.18,3721777,22804497.53,0.5336,1.9802,0,0
2022-11-02,sz.300388,6.17,6.26,6.16,6.21,3188800,19782271.8,0.4572,0.4854,0,0
2022-11-03,sz.300388,6.17,6.21,6.15,6.17,2445917,15110439.12,0.3507,-0.6441,0,0
2022-11-04,sz.300388,6.19,6.35,6.18,6.33,5222617,32912493.19,0.7488,2.5932,0,0
2022-11-07,sz.300388,6.32,6.42,6.3,6.37,3692120,23482196.83,0.5294,0.6319,0,0
2022-11-08,sz.300388,6.32,6.4,6.29,6.37,2379380,15085476.8,0.3411,0.0,0,0
2022-11-09,sz.300388,6.35,6.42,6.34,6.41,2203897,14068262.25,0.316,0.6279,0,0
2022-11-10,sz.300388,6.35,6.4,6.33,6.34,2571301,16355136.53,0.3687,-1.092,0,0
2022-11-11,sz.300388,6.44,6.48,6.35,6.37,3058862,19545819.22,0.4386,0.4732,0,0
2022-11-14,sz.300388,6.36,6.42,6.33,6.36,2763826,17621830.18,0.3963,-0.157,0,0
2022-11-15,sz.300388,6.35,6.42,6.33,6.41,3622640,23119793.4,0.5194,0.7862,0,0
2022-11-16,sz.300388,6.4,6.48,6.4,6.45,3203288,20632187.16,0.4593,0.624,0,0
2022-11-17,sz.300388,6.45,6.45,6.38,6.44,3140780,20115411.0,0.4503,-0.155,0,0
2022-11-18,sz.300388,6.43,6.49,6.4,6.41,2782662,17917974.02,0.399,-0.4658,0,0
2022-11-21,sz.300388,6.42,6.42,6.31,6.38,2137180,13586546.4,0.3064,-0.468,0,0
2022-11-22,sz.300388,6.4,6.49,6.37,6.4,2569882,16505282.68,0.3685,0.3135,0,0
2022-11-23,sz.300388,6.43,6.61,6.4,6.55,8460225,55264105.19,1.213,2.3438,0,0
2022-11-24,sz.300388,6.52,6.55,6.41,6.42,5356660,34647991.0,0.768,-1.9847,0,0
2022-11-25,sz.300388,6.5,6.75,6.48,6.59,11677934,77412410.97,1.6743,2.648,0,0
2022-11-28,sz.300388,6.53,6.58,6.39,6.57,6088098,39424560.8,0.8729,-0.3035,0,0
2022-11-29,sz.300388,6.52,6.62,6.52,6.61,4861926,31986231.14,0.6971,0.6088,0,0
2022-11-30,sz.300388,6.61,6.65,6.55,6.58,3695169,24387965.4,0.5298,-0.4539,0,0
2022-12-01,sz.300388,6.65,6.66,6.55,6.57,3570160,23549993.0,0.5119,-0.152,0,0
2022-12-02,sz.300388,6.54,6.61,6.52,6.58,3241820,21279027.6,0.4648,0.1522,0,0
2022-12-05,sz.300388,6.61,6.75,6.59,6.75,6248324,41814174.16,0.8958,2.5836,0,0
2022-12-06,sz.300388,6.71,6.78,6.66,6.68,3376354,22635284.07,0.4841,-1.037,0,0
2022-12-07,sz.300388,6.66,6.68,6.6,6.67,3080460,20465742.17,0.4417,-0.1497,0,0
2022-12-08,sz.300388,6.66,6.67,6.59,6.6,2765600,18295951.0,0.3965,-1.0495,0,0
2022-12-09,sz.300388,6.64,6.64,6.54,6.57,2711019,17818891.77,0.3887,-0.4545,0,0
2022-12-12,sz.300388,6.6,6.67,6.55,6.58,3446900,22714836.83,0.4942,0.1522,0,0
2022-12-13,sz.300388,6.58,6.6,6.54,6.56,2455420,16123757.8,0.352,-0.304,0,0
2022-12-14,sz.300388,6.59,6.59,6.51,6.52,2368100,15485575.0,0.3395,-0.6098,0,0
2022-12-15,sz.300388,6.54,6.56,6.5,6.52,1726541,11246182.91,0.2475,0.0,0,0
2022-12-16,sz.300388,6.5,6.53,6.46,6.47,2203160,14287449.0,0.3159,-0.7669,0,0
2022-12-19,sz.300388,6.54,6.55,6.28,6.29,3556600,22766735.0,0.5099,-2.7821,0,0
2022-12-20,sz.300388,6.24,6.35,6.22,6.26,2339020,14686005.0,0.3354,-0.4769,0,0
2022-12-21,sz.300388,6.25,6.29,6.21,6.24,1626460,10159372.4,0.2332,-0.3195,0,0
2022-12-22,sz.300388,6.25,6.28,6.12,6.14,2456200,15238765.0,0.3522,-1.6026,0,0
2022-12-23,sz.300388,6.15,6.19,6.11,6.15,1560500,9601416.0,0.2237,0.1629,0,0
2022-12-26,sz.300388,6.15,6.2,6.14,6.19,1917637,11841471.65,0.2749,0.6504,0,0
2022-12-27,sz.300388,6.24,6.26,6.19,6.23,1955040,12161933.75,0.2803,0.6462,0,0
2022-12-28,sz.300388,6.23,6.25,6.17,6.19,1608220,9983643.8,0.2306,-0.6421,0,0
2022-12-29,sz.300388,6.18,6.2,6.13,6.13,1747035,10741365.2,0.2505,-0.9693,0,0
2022-12-30,sz.300388,6.13,6.19,6.13,6.18,1444703,8908846.29,0.2071,0.8157,0,0
2023-01-03,sz.300388,6.18,6.3,6.18,6.27,2107840,13185534.2,0.3022,1.4563,0,0
2023-01-04,sz.300388,6.28,6.33,6.25,6.32,1550950,9776754.25,0.2224,0.7974,0,0
2023-01-05,sz.300388,6.34,6.34,6.28,6.31,1754996,11062500.04,0.2516,-0.1582,0,0
2023-01-06,sz.300388,6.28,6.32,6.24,6.26,2155480,13536865.8,0.309,-0.7924,0,0
2023-01-09,sz.300388,6.26,6.32,6.24,6.24,1687799,10584064.75,0.242,-0.3195,0,0
2023-01-10,sz.300388,6.23,6.28,6.17,6.2,2086000,12951357.0,0.2991,-0.641,0,0
2023-01-11,sz.300388,6.22,6.22,6.17,6.18,1370120,8483085.6,0.1964,-0.3226,0,0
2023-01-12,sz.300388,6.21,6.21,6.12,6.16,2214036,13633549.52,0.3174,-0.3236,0,0
2023-01-13,sz.300388,6.16,6.22,6.15,6.22,1554480,9612339.6,0.2229,0.974,0,0
2023-01-16,sz.300388,6.22,6.28,6.21,6.27,2630220,16442088.2,0.3771,0.8039,0,0
2023-01-17,sz.300388,6.26,6.28,6.24,6.27,1331700,8332504.6,0.1909,0.0,0,0
2023-01-18,sz.300388,6.26,6.31,6.25,6.3,1518180,9547519.8,0.2177,0.4785,0,0
2023-01-19,sz.300388,6.29,6.36,6.27,6.35,1950800,12316552.0,0.2797,0.7937,0,0
2023-01-20,sz.300388,6.36,6.41,6.34,6.41,1947840,12425283.4,0.2793,0.9449,0,0
2023-01-30,sz.300388,6.46,6.47,6.4,6.42,2378596,15295186.8,0.341,0.156,0,0
2023-01-31,sz.300388,6.39,6.46,6.38,6.45,1925880,12392570.0,0.2761,0.4673,0,0
2023-02-01,sz.300388,6.47,6.53,6.44,6.53,2891040,18746649.8,0.4145,1.2403,0,0
2023-02-02,sz.300388,6.53,6.54,6.49,6.52,2359340,15379606.0,0.3383,-0.1531,0,0
2023-02-03,sz.300388,6.57,6.57,6.45,6.52,3035041,19731681.49,0.4351,0.0,0,0
2023-02-06,sz.300388,6.54,6.58,6.5,6.58,3299496,21565004.88,0.4731,0.9202,0,0
2023-02-07,sz.300388,6.6,6.62,6.55,6.59,2284799,15044548.22,0.3276,0.152,0,0
2023-02-08,sz.300388,6.62,6.65,6.54,6.56,2279840,15036830.6,0.3269,-0.4552,0,0
2023-02-09,sz.300388,6.56,6.62,6.53,6.61,2501380,16456067.2,0.3586,0.7622,0,0
2023-02-10,sz.300388,6.62,6.73,6.57,6.72,4796337,31884550.82,0.6877,1.6641,0,0
2023-02-13,sz.300388,6.68,6.73,6.62,6.72,3889802,26067062.36,0.5577,0.0,0,0
2023-02-14,sz.300388,6.72,6.73,6.67,6.69,3144640,21043163.8,0.4509,-0.4464,0,0
2023-02-15,sz.300388,6.72,6.73,6.67,6.69,2238997,14981656.96,0.321,0.0,0,0
2023-02-16,sz.300388,6.69,6.72,6.54,6.59,4436480,29519952.2,0.6361,-1.4948,0,0
2023-02-17,sz.300388,6.58,6.68,6.56,6.62,3187260,21115179.4,0.457,0.4552,0,0
2023-02-20,sz.300388,6.68,6.69,6.54,6.69,2778720,18398983.2,0.3984,1.0574,0,0
2023-02-21,sz.300388,6.68,6.7,6.63,6.69,2454355,16370988.15,0.3519,0.0,0,0
2023-02-22,sz.300388,6.69,6.69,6.65,6.68,1810040,12075097.65,0.2595,-0.1495,0,0
2023-02-23,sz.300388,6.66,6.69,6.63,6.66,2145200,14283844.0,0.3076,-0.2994,0,0
2023-02-24,sz.300388,6.68,6.68,6.61,6.66,2112620,14039091.6,0.3029,0.0,0,0
2023-02-27,sz.300388,6.64,6.66,6.58,6.58,1848000,12226497.0,0.265,-1.2012,0,0
2023-02-28,sz.300388,6.6,6.68,6.59,6.68,2986540,19835687.0,0.4282,1.5198,0,0
2023-03-01,sz.300388,6.68,6.7,6.66,6.69,2275800,15206695.0,0.3263,0.1497,0,0
2023-03-02,sz.300388,6.69,6.77,6.67,6.75,3826875,25777964.6,0.5487,0.8969,0,0
2023-03-03,sz.300388,6.78,6.78,6.72,6.76,2674700,18063845.6,0.3835,0.1481,0,0
2023-03-06,sz.300388,6.77,6.89,6.77,6.8,4881860,33391845.4,0.6999,0.5917,0,0
2023-03-07,sz.300388,6.82,6.84,6.68,6.69,4761160,32169274.2,0.6826,-1.6176,0,0
2023-03-08,sz.300388,6.67,6.76,6.66,6.74,2211420,14866336.4,0.3171,0.7474,0,0
2023-03-09,sz.300388,6.76,6.89,6.69,6.88,5502345,37560803.68,0.7889,2.0772,0,0
2023-03-10,sz.300388,6.86,6.92,6.77,6.8,4821980,33000260.0,0.6913,-1.1628,0,0
2023-03-13,sz.300388,6.75,6.81,6.64,6.72,4321075,28982390.1,0.6195,-1.1765,0,0
2023-03-14,sz.300388,6.73,6.73,6.55,6.63,4021060,26627801.6,0.5765,-1.3393,0,0
2023-03-15,sz.300388,6.65,6.87,6.63,6.85,5605135,38048992.3,0.8036,3.3183,0,0
2023-03-16,sz.300388,6.83,6.88,6.71,6.73,4600855,31237854.65,0.6596,-1.7518,0,0
2023-03-17,sz.300388,6.83,6.84,6.74,6.77,3175120,21527836.0,0.4552,0.5944,0,0
2023-03-20,sz.300388,6.79,6.89,6.79,6.79,4726019,32276198.98,0.6776,0.2954,0,0
2023-03-21,sz.300388,6.82,6.92,6.78,6.92,4802799,32964735.41,0.6886,1.9146,0,0
2023-03-22,sz.300388,6.92,6.98,6.86,6.98,4728645,32782144.45,0.678,0.8671,0,0
2023-03-23,sz.300388,7.02,7.29,6.92,7.09,16459381,117204773.54,2.3598,1.5759,0,0
2023-03-24,sz.300388,7.15,7.19,7.01,7.03,8382640,59177322.6,1.2019,-0.8463,0,0
2023-03-27,sz.300388,7.03,7.25,7.01,7.22,11183090,80296417.28,1.6034,2.7027,0,0
2023-03-28,sz.300388,7.18,7.19,7.05,7.09,5527325,39219325.0,0.7925,-1.8006,0,0
2023-03-29,sz.300388,7.1,7.13,6.93,6.95,5377940,37535309.4,0.7711,-1.9746,0,0
2023-03-30,sz.300388,6.98,7.0,6.86,6.93,4051480,28049459.6,0.5809,-0.2878,0,0
2023-03-31,sz.300388,6.91,6.96,6.89,6.93,3805719,26329363.7,0.5456,0.0,0,0
2023-04-03,sz.300388,6.92,7.03,6.9,7.03,4860870,33970581.5,0.6969,1.443,0,0
2023-04-04,sz.300388,7.01,7.03,6.92,6.96,4355660,30329275.2,0.6245,-0.9957,0,0
2023-04-06,sz.300388,6.99,6.99,6.84,6.87,3713480,25534681.2,0.5324,-1.2931,0,0
2023-04-07,sz.300388,6.89,7.05,6.86,7.04,4235340,29508561.8,0.6072,2.4745,0,0
2023-04-10,sz.300388,7.04,7.05,6.91,6.94,3623940,25211223.6,0.5196,-1.4205,0,0
2023-04-11,sz.300388,6.93,7.0,6.87,6.97,2524800,17544605.0,0.362,0.4323,0,0
2023-04-12,sz.300388,6.97,7.14,6.94,7.12,5323560,37696334.0,0.7633,2.1521,0,0
2023-04-13,sz.300388,7.11,7.15,7.06,7.13,4951750,35159776.2,0.71,0.1404,0,0
2023-04-14,sz.300388,7.07,7.16,7.01,7.1,4156487,29477909.58,0.5959,-0.4208,0,0
2023-04-17,sz.300388,7.16,7.17,7.05,7.1,5107947,36262141.1,0.7323,0.0,0,0
2023-04-18,sz.300388,7.1,7.13,7.02,7.1,3597447,25499630.43,0.5158,0.0,0,0
2023-04-19,sz.300388,7.11,7.11,7.01,7.07,3312120,23354303.4,0.4749,-0.4225,0,0
2023-04-20,sz.300388,7.04,7.07,6.92,7.01,3712220,25916914.93,0.5322,-0.8487,0,0
2023-04-21,sz.300388,7.0,7.04,6.83,6.84,4665560,32257657.6,0.6689,-2.4251,0,0
2023-04-24,sz.300388,6.87,7.13,6.83,7.02,7041055,49140931.55,1.0095,2.6316,0,0
2023-04-25,sz.300388,6.9,6.95,6.49,6.66,11657496,77657534.37,1.6714,-5.1282,0,0
2023-04-26,sz.300388,6.65,6.74,6.59,6.7,4469893,29802199.69,0.6409,0.6006,0,0
2023-04-27,sz.300388,6.72,6.83,6.65,6.76,4811220,32566790.6,0.6898,0.8955,0,0
2023-04-28,sz.300388,6.74,7.08,6.69,7.05,7228987,50353994.21,1.0364,4.2899,0,0
2023-05-04,sz.300388,7.03,7.2,6.93,7.18,7082060,50523674.08,1.0154,1.844,0,0
2023-05-05,sz.300388,7.2,7.2,7.07,7.15,4183580,29788073.04,0.5998,-0.4178,0,0
2023-05-08,sz.300388,7.19,7.33,7.13,7.25,6501532,47141308.6,0.9322,1.3986,0,0
2023-05-09,sz.300388,7.27,7.5,7.23,7.39,12125865,89801611.0,1.7385,1.931,0,0
2023-05-10,sz.300388,7.37,7.49,7.32,7.37,8964820,66252551.8,1.2853,-0.2706,0,0
2023-05-11,sz.300388,7.37,7.6,7.33,7.5,7719262,58021138.6,1.1067,1.7639,0,0
2023-05-12,sz.300388,7.46,7.52,7.4,7.43,4216142,31443859.5,0.6045,-0.9333,0,0
2023-05-15,sz.300388,7.36,7.44,7.3,7.35,5001407,36804613.33,0.7171,-1.0767,0,0
2023-05-16,sz.300388,7.38,7.56,7.28,7.34,6647360,49330464.4,0.9531,-0.1361,0,0
2023-05-17,sz.300388,7.31,7.47,7.25,7.47,4784329,35366591.93,0.6859,1.7711,0,0
2023-05-18,sz.300388,7.47,7.48,7.33,7.39,3946840,29137029.6,0.5659,-1.071,0,0
2023-05-19,sz.300388,7.38,7.39,7.22,7.24,3150360,22949492.6,0.4517,-2.0298,0,0
2023-05-22,sz.300388,7.22,7.32,7.17,7.21,3542040,25613012.8,0.5078,-0.4144,0,0
2023-05-23,sz.300388,7.13,7.2,6.97,6.98,4177709,29375724.49,0.599,-0.7112,0,0
2023-05-24,sz.300388,6.93,7.01,6.87,6.93,3808600,26418601.0,0.5461,-0.7163,0,0
2023-05-25,sz.300388,6.92,7.03,6.85,7.01,4140600,28732571.8,0.5937,1.1544,0,0
2023-05-26,sz.300388,7.1,7.17,6.98,7.14,5225200,37020321.8,0.7492,1.8545,0,0
2023-05-29,sz.300388,7.16,7.28,7.06,7.13,4338820,31232156.2,0.6221,-0.1401,0,0
2023-05-30,sz.300388,7.1,7.37,7.08,7.26,5014060,36378408.6,0.7189,1.8233,0,0
2023-05-31,sz.300388,7.22,7.25,7.08,7.09,4528040,32359518.4,0.6492,-2.3416,0,0
2023-06-01,sz.300388,7.09,7.14,7.05,7.06,3205020,22720335.8,0.4595,-0.4231,0,0
2023-06-02,sz.300388,7.07,7.22,7.07,7.09,3634260,25936226.4,0.5211,0.4249,0,0
2023-06-05,sz.300388,7.06,7.12,7.02,7.11,3527760,24927823.0,0.5058,0.2821,0,0
2023-06-06,sz.300388,7.1,7.12,6.91,6.93,2778320,19455657.6,0.3983,-2.5316,0,0
2023-06-07,sz.300388,6.98,6.99,6.89,6.95,2171720,15096293.4,0.3114,0.2886,0,0
2023-06-08,sz.300388,6.99,6.99,6.88,6.93,2514260,17442204.4,0.3605,-0.2878,0,0
2023-06-09,sz.300388,6.93,7.0,6.89,6.91,2453480,17011451.2,0.3518,-0.2886,0,0
2023-06-12,sz.300388,6.91,6.93,6.8,6.83,3738939,25568316.97,0.5361,-1.1577,0,0
2023-06-13,sz.300388,6.85,6.88,6.78,6.81,2551840,17385320.6,0.3659,-0.2928,0,0
2023-06-14,sz.300388,6.82,6.95,6.77,6.91,4507689,30962950.32,0.6463,1.4684,0,0
2023-06-15,sz.300388,6.89,6.89,6.67,6.69,7083984,47618890.16,1.0157,-3.1838,0,0
2023-06-16,sz.300388,6.7,6.72,6.64,6.66,4516700,30153390.0,0.6476,-0.4484,0,0
2023-06-19,sz.300388,6.65,6.65,6.52,6.56,5533120,36346820.2,0.7933,-1.5015,0,0
2023-06-20,sz.300388,6.56,6.61,6.52,6.54,2727280,17899846.8,0.391,-0.3049,0,0
2023-06-21,sz.300388,6.54,6.59,6.47,6.49,3458969,22536570.7,0.4959,-0.7645,0,0
2023-06-26,sz.300388,6.46,6.49,6.39,6.39,2716560,17457537.6,0.3895,-1.5408,0,0
2023-06-27,sz.300388,6.45,6.59,6.42,6.57,2647180,17266449.0,0.3795,2.8169,0,0
2023-06-28,sz.300388,6.52,6.63,6.48,6.61,4235520,27820032.0,0.6073,0.6088,0,0
2023-06-29,sz.300388,6.6,6.69,6.55,6.66,3191240,21186115.2,0.4575,0.7564,0,0
2023-06-30,sz.300388,6.66,6.76,6.65,6.71,2677839,17969405.89,0.3839,0.7508,0,0
2023-07-03,sz.300388,6.71,6.77,6.66,6.71,2892416,19351993.52,0.4147,0.0,0,0
2023-07-04,sz.300388,6.69,6.72,6.66,6.69,2045900,13678497.4,0.2933,-0.2981,0,0
2023-07-05,sz.300388,6.71,6.75,6.67,6.68,1844640,12369542.2,0.2645,-0.1495,0,0
2023-07-06,sz.300388,6.7,6.7,6.62,6.67,1725060,11472580.8,0.2473,-0.1497,0,0
2023-07-07,sz.300388,6.64,6.74,6.6,6.71,2631480,17625730.8,0.3773,0.5997,0,0
2023-07-10,sz.300388,6.77,6.85,6.74,6.81,2916120,19812717.76,0.4181,1.4903,0,0
2023-07-11,sz.300388,6.84,6.84,6.74,6.79,1684380,11409296.6,0.2415,-0.2937,0,0
2023-07-12,sz.300388,6.79,6.85,6.71,6.73,2405240,16312329.4,0.3448,-0.8837,0,0
2023-07-13,sz.300388,6.75,6.84,6.73,6.82,2609805,17733852.1,0.3742,1.3373,0,0
2023-07-14,sz.300388,6.86,6.86,6.79,6.79,1647700,11233170.0,0.2362,-0.4399,0,0
2023-07-17,sz.300388,6.78,6.89,6.73,6.87,2850740,19498960.4,0.4087,1.1782,0,0
2023-07-18,sz.300388,6.87,6.88,6.76,6.86,2475220,16916140.6,0.3549,-0.1456,0,0
2023-07-19,sz.300388,6.9,6.97,6.87,6.93,3219403,22319329.39,0.4616,1.0204,0,0
2023-07-20,sz.300388,6.93,6.96,6.84,6.84,2561973,17675175.64,0.3673,-1.2987,0,0
2023-07-21,sz.300388,6.86,6.9,6.8,6.87,2394476,16434695.35,0.3433,0.4386,0,0
2023-07-24,sz.300388,6.94,6.97,6.84,6.89,2315720,15973033.2,0.332,0.2911,0,0
2023-07-25,sz.300388,6.93,6.96,6.88,6.95,2994741,20727804.54,0.4294,0.8708,0,0
2023-07-26,sz.300388,6.95,7.14,6.92,7.06,6832301,48220932.85,0.9796,1.5827,0,0
2023-07-27,sz.300388,7.01,7.09,6.99,7.02,4452756,31359304.45,0.6384,-0.5666,0,0
2023-07-28,sz.300388,7.0,7.04,6.94,7.01,3148900,22027902.6,0.4515,-0.1425,0,0
2023-07-31,sz.300388,7.02,7.1,7.0,7.09,3144860,22201787.2,0.4509,1.1412,0,0
2023-08-01,sz.300388,7.09,7.24,7.05,7.11,6881621,49061880.97,0.9866,0.2821,0,0
2023-08-02,sz.300388,7.06,7.12,7.02,7.04,3736580,26360168.0,0.5357,-0.9845,0,0
2023-08-03,sz.300388,7.04,7.08,6.97,6.99,3470780,24307024.6,0.4976,-0.7102,0,0
2023-08-04,sz.300388,6.99,7.04,6.94,6.94,3133000,21878965.0,0.4492,-0.7153,0,0
2023-08-07,sz.300388,6.93,6.98,6.86,6.93,3392100,23455944.0,0.4863,-0.1441,0,0
2023-08-08,sz.300388,6.93,6.96,6.86,6.93,2523880,17426962.4,0.3619,0.0,0,0
2023-08-09,sz.300388,6.9,6.91,6.78,6.8,3283500,22423811.2,0.4708,-1.8759,0,0
2023-08-10,sz.300388,6.8,6.88,6.76,6.88,4351565,29639093.1,0.6239,1.1765,0,0
2023-08-11,sz.300388,6.88,6.88,6.69,6.69,3366800,22764503.0,0.4827,-2.7616,0,0
2023-08-14,sz.300388,6.67,6.73,6.62,6.71,2609800,17404517.0,0.3742,0.299,0,0
2023-08-15,sz.300388,6.73,6.78,6.68,6.71,1894200,12754899.0,0.2716,0.0,0,0
2023-08-16,sz.300388,6.71,6.77,6.66,6.73,1856580,12492881.2,0.2662,0.2981,0,0
2023-08-17,sz.300388,6.73,6.86,6.63,6.84,3765920,25422075.2,0.5399,1.6345,0,0
2023-08-18,sz.300388,6.82,7.09,6.81,6.96,7099200,49575632.0,1.0178,1.7544,0,0
2023-08-21,sz.300388,6.98,7.19,6.98,7.13,9713380,69137713.2,1.3926,2.4425,0,0
2023-08-22,sz.300388,7.15,7.17,6.9,7.04,8138061,57171525.87,1.1668,-1.2623,0,0
2023-08-23,sz.300388,7.09,7.2,7.04,7.14,8420040,60066069.0,1.2072,1.4205,0,0
2023-08-24,sz.300388,7.09,7.12,6.96,7.07,7472420,52622582.6,1.0714,-0.9804,0,0
2023-08-25,sz.300388,7.07,7.38,7.03,7.21,15145424,110018512.49,2.1715,1.9802,0,0
2023-08-28,sz.300388,7.46,7.59,7.23,7.27,18090357,134060206.34,2.5937,0.8322,0,0
2023-08-29,sz.300388,7.27,7.35,7.18,7.26,11751240,85152248.2,1.6848,-0.1376,0,0
2023-08-30,sz.300388,7.22,7.27,6.98,6.99,8421260,59444076.4,1.2074,-3.719,0,0
2023-08-31,sz.300388,6.99,7.05,6.76,6.77,8436603,57844095.83,1.2096,-3.1474,0,0
2023-09-01,sz.300388,6.84,6.84,6.57,6.6,13667240,90873351.0,1.9595,-2.5111,0,0
2023-09-04,sz.300388,6.63,6.76,6.59,6.76,8021000,53698898.0,1.15,2.4242,0,0
2023-09-05,sz.300388,6.75,6.75,6.62,6.67,6251500,41621933.0,0.8963,-1.3314,0,0
2023-09-06,sz.300388,6.64,6.68,6.6,6.67,4294000,28539270.0,0.6156,0.0,0,0
2023-09-07,sz.300388,6.66,6.68,6.59,6.59,4225480,28017871.4,0.6058,-1.1994,0,0
2023-09-08,sz.300388,6.59,6.63,6.53,6.56,3375700,22190258.0,0.484,-0.4552,0,0
2023-09-11,sz.300388,6.56,6.69,6.55,6.66,4726880,31401394.0,0.6777,1.5244,0,0
2023-09-12,sz.300388,6.68,6.71,6.65,6.65,2567880,17137964.6,0.3682,-0.1502,0,0
2023-09-13,sz.300388,6.65,6.75,6.64,6.73,4866015,32542149.6,0.6977,1.203,0,0
2023-09-14,sz.300388,6.75,6.75,6.61,6.66,3514455,23396146.75,0.5039,-1.0401,0,0
2023-09-15,sz.300388,6.66,6.73,6.61,6.67,4291820,28679478.4,0.6153,0.1502,0,0
2023-09-18,sz.300388,6.64,6.72,6.56,6.69,4202300,27910791.0,0.6025,0.2999,0,0
2023-09-19,sz.300388,6.68,6.76,6.64,6.67,3990734,26808684.44,0.5722,-0.299,0,0
2023-09-20,sz.300388,6.64,6.71,6.61,6.62,3390160,22584644.8,0.4861,-0.7496,0,0
2023-09-21,sz.300388,6.65,6.72,6.63,6.64,4221740,28146526.0,0.6053,0.3021,0,0
2023-09-22,sz.300388,6.64,6.72,6.62,6.7,3973900,26524636.0,0.5698,0.9036,0,0
2023-09-25,sz.300388,6.69,6.76,6.65,6.65,3431524,23012709.84,0.492,-0.7463,0,0
2023-09-26,sz.300388,6.65,6.7,6.62,6.66,2227700,14826014.4,0.3194,0.1504,0,0
2023-09-27,sz.300388,6.64,6.72,6.62,6.68,3382220,22591973.6,0.4849,0.3003,0,0
2023-09-28,sz.300388,6.68,6.75,6.68,6.7,3338184,22404955.96,0.4786,0.2994,0,0
2023-10-09,sz.300388,6.68,6.71,6.61,6.67,4206140,27992186.2,0.6031,-0.4478,0,0
2023-10-10,sz.300388,6.67,6.71,6.61,6.64,3480920,23157976.6,0.4991,-0.4498,0,0
2023-10-11,sz.300388,6.62,6.65,6.54,6.56,3670060,24183201.8,0.5262,-1.2048,0,0
2023-10-12,sz.300388,6.56,6.66,6.56,6.65,2664100,17635221.8,0.382,1.372,0,0
2023-10-13,sz.300388,6.62,6.62,6.51,6.54,3788500,24833215.0,0.5432,-1.6541,0,0
2023-10-16,sz.300388,6.56,6.59,6.51,6.54,2337700,15305065.0,0.3352,0.0,0,0
2023-10-17,sz.300388,6.57,6.58,6.51,6.53,2191400,14325885.0,0.3142,-0.1529,0,0
2023-10-18,sz.300388,6.54,6.54,6.4,6.4,3000035,19315489.15,0.4301,-1.9908,0,0
2023-10-19,sz.300388,6.37,6.45,6.32,6.36,3681875,23510154.4,0.5279,-0.625,0,0
2023-10-20,sz.300388,6.42,6.42,6.29,6.31,3737795,23641639.5,0.5359,-0.7862,0,0
2023-10-23,sz.300388,6.3,6.32,6.1,6.12,4293516,26527170.12,0.6156,-3.0111,0,0
2023-10-24,sz.300388,6.15,6.33,6.13,6.33,4057056,25383617.4,0.5817,3.4314,0,0
2023-10-25,sz.300388,6.36,6.53,6.36,6.52,5014542,32599243.8,0.719,3.0016,0,0
2023-10-26,sz.300388,6.49,6.54,6.39,6.51,3762404,24492795.52,0.5394,-0.1534,0,0
2023-10-27,sz.300388,6.51,6.63,6.49,6.62,4284325,28198541.56,0.6143,1.6897,0,0
2023-10-30,sz.300388,6.6,6.69,6.56,6.68,3966475,26401996.9,0.5687,0.9063,0,0
2023-10-31,sz.300388,6.7,6.77,6.64,6.74,5211660,35092733.6,0.7472,0.8982,0,0
2023-11-01,sz.300388,6.73,6.76,6.67,6.75,3816040,25619069.2,0.5471,0.1484,0,0
2023-11-02,sz.300388,6.72,6.77,6.67,6.68,2291740,15370015.2,0.3286,-1.037,0,0
2023-11-03,sz.300388,6.71,6.78,6.68,6.69,2994920,20168134.8,0.4294,0.1497,0,0
2023-11-06,sz.300388,6.7,6.78,6.67,6.71,3203600,21491112.14,0.4593,0.299,0,0
2023-11-07,sz.300388,6.72,6.74,6.66,6.71,2136097,14319710.93,0.3063,0.0,0,0
2023-11-08,sz.300388,6.74,6.75,6.68,6.7,2224100,14916021.0,0.3189,-0.149,0,0
2023-11-09,sz.300388,6.71,6.77,6.69,6.71,2245460,15111609.0,0.3219,0.1493,0,0
2023-11-10,sz.300388,6.7,6.75,6.65,6.73,2257654,15135100.72,0.3237,0.2981,0,0
2023-11-13,sz.300388,6.74,6.79,6.71,6.78,2939100,19850172.4,0.4214,0.7429,0,0
2023-11-14,sz.300388,6.78,6.81,6.7,6.74,2293320,15469335.4,0.3288,-0.59,0,0
2023-11-15,sz.300388,6.76,6.85,6.74,6.84,3474800,23636207.0,0.4982,1.4837,0,0
2023-11-16,sz.300388,6.84,6.88,6.79,6.86,2865540,19588547.4,0.4108,0.2924,0,0
2023-11-17,sz.300388,6.85,6.89,6.82,6.85,2601638,17818211.56,0.373,-0.1458,0,0
2023-11-20,sz.300388,6.89,6.91,6.82,6.9,2840505,19540776.3,0.4073,0.7299,0,0
2023-11-21,sz.300388,6.9,6.93,6.84,6.85,3339540,23008908.2,0.4788,-0.7246,0,0
2023-11-22,sz.300388,6.88,6.93,6.85,6.85,3120292,21472960.4,0.4474,0.0,0,0
2023-11-23,sz.300388,6.84,6.91,6.82,6.91,2852857,19613890.59,0.409,0.8759,0,0
2023-11-24,sz.300388,6.9,6.92,6.82,6.84,2803912,19262396.52,0.402,-1.013,0,0
2023-11-27,sz.300388,6.86,6.87,6.78,6.86,2361563,16117237.32,0.3386,0.2924,0,0
2023-11-28,sz.300388,6.85,6.88,6.77,6.84,2952060,20169764.8,0.4233,-0.2915,0,0
2023-11-29,sz.300388,6.85,6.89,6.81,6.84,2938960,20126306.6,0.4215,0.0,0,0
2023-11-30,sz.300388,6.8,6.85,6.74,6.78,2461699,16711344.21,0.353,-0.8772,0,0
2023-12-01,sz.300388,6.8,6.89,6.77,6.83,2445081,16735500.43,0.3506,0.7375,0,0
2023-12-04,sz.300388,6.82,6.9,6.76,6.87,4150526,28406226.12,0.5952,0.5857,0,0
2023-12-05,sz.300388,6.87,6.87,6.72,6.74,2067000,14024106.6,0.2964,-1.8923,0,0
2023-12-06,sz.300388,6.74,6.76,6.69,6.74,2697360,18139273.6,0.3868,0.0,0,0
2023-12-07,sz.300388,6.74,6.76,6.67,6.72,3009880,20186799.0,0.4316,-0.2967,0,0
2023-12-08,sz.300388,6.72,6.76,6.58,6.6,3501460,23285374.4,0.5021,-1.7857,0,0
2023-12-11,sz.300388,6.59,6.65,6.52,6.58,3571980,23470385.0,0.5122,-0.303,0,0
2023-12-12,sz.300388,6.6,6.63,6.55,6.61,2109100,13899889.0,0.3025,0.4559,0,0
2023-12-13,sz.300388,6.62,6.72,6.6,6.65,2445140,16296030.4,0.3507,0.6051,0,0
2023-12-14,sz.300388,6.66,6.74,6.64,6.71,2476800,16586135.4,0.3552,0.9023,0,0
2023-12-15,sz.300388,6.71,6.75,6.66,6.7,2066665,13860150.0,0.2964,-0.149,0,0
2023-12-18,sz.300388,6.7,6.72,6.59,6.6,2438000,16238368.0,0.3496,-1.4925,0,0
2023-12-19,sz.300388,6.63,6.68,6.56,6.62,3130968,20715957.48,0.449,0.303,0,0
2023-12-20,sz.300388,6.6,6.7,6.59,6.59,2616360,17409909.0,0.3752,-0.4532,0,0
2023-12-21,sz.300388,6.65,6.68,6.46,6.67,3429785,22547540.82,0.4919,1.214,0,0
2023-12-22,sz.300388,6.66,6.67,6.51,6.54,2572640,16944122.0,0.3689,-1.949,0,0
2023-12-25,sz.300388,6.58,6.58,6.41,6.45,3064216,19821716.6,0.4394,-1.3761,0,0
2023-12-26,sz.300388,6.44,6.49,6.39,6.42,2452360,15770322.8,0.3517,-0.4651,0,0
2023-12-27,sz.300388,6.45,6.46,6.35,6.44,1966600,12620308.0,0.282,0.3115,0,0
2023-12-28,sz.300388,6.44,6.51,6.37,6.47,3516400,22703540.0,0.5043,0.4658,0,0
2023-12-29,sz.300388,6.48,6.49,6.42,6.43,4189220,26999213.8,0.6008,-0.6182,0,0
2024-01-02,sz.300388,6.43,6.61,6.42,6.57,4911260,32117573.2,0.7043,2.1773,0,0
2024-01-03,sz.300388,6.57,6.72,6.56,6.71,4308398,28645213.4,0.6179,2.1309,0,0
2024-01-04,sz.300388,6.7,6.75,6.66,6.69,3186617,21355256.9,0.457,-0.2981,0,0
2024-01-05,sz.300388,6.73,6.75,6.6,6.63,2863078,19139165.38,0.4106,-0.8969,0,0
2024-01-08,sz.300388,6.65,6.65,6.49,6.51,2317500,15221637.0,0.3323,-1.81,0,0
2024-01-09,sz.300388,6.51,6.61,6.47,6.53,2717500,17757778.0,0.3897,0.3072,0,0
2024-01-10,sz.300388,6.54,6.6,6.45,6.53,2392280,15630097.2,0.3431,0.0,0,0
2024-01-11,sz.300388,6.52,6.63,6.5,6.6,2396940,15772071.6,0.3437,1.072,0,0
2024-01-12,sz.300388,6.7,6.91,6.68,6.72,7194100,48907321.8,1.0317,1.8182,0,0
2024-01-15,sz.300388,6.7,6.72,6.5,6.52,7263660,47691119.0,1.0417,-2.9762,0,0
2024-01-16,sz.300388,6.51,6.53,6.38,6.47,4972740,32133221.4,0.7131,-0.7669,0,0
2024-01-17,sz.300388,6.48,6.5,6.33,6.33,3052420,19567585.0,0.4377,-2.1638,0,0
2024-01-18,sz.300388,6.32,6.36,6.09,6.22,4725466,29239641.16,0.6777,-1.7378,0,0
2024-01-19,sz.300388,6.22,6.24,6.12,6.14,2937860,18128570.8,0.4213,-1.2862,0,0
2024-01-22,sz.300388,6.14,6.14,5.77,5.81,5528448,32997487.48,0.7928,-5.3746,0,0
2024-01-23,sz.300388,5.8,5.83,5.64,5.81,5295661,30379455.36,0.7594,0.0,0,0
2024-01-24,sz.300388,5.84,5.99,5.75,5.99,5899300,34655315.0,0.846,3.0981,0,0
2024-01-25,sz.300388,6.0,6.4,5.95,6.4,7383968,46024782.22,1.0589,6.8447,0,0
2024-01-26,sz.300388,6.38,6.5,6.29,6.49,5461500,35249039.2,0.7832,1.4063,0,0
2024-01-29,sz.300388,6.5,6.52,6.31,6.34,5023966,32241072.02,0.7205,-2.3112,0,0
2024-01-30,sz.300388,6.28,6.38,6.17,6.18,4346147,27285837.73,0.6233,-2.5237,0,0
2024-01-31,sz.300388,6.1,6.5,6.07,6.23,11804989,74456713.25,1.6929,0.8091,0,0
2024-02-01,sz.300388,6.13,6.48,5.95,5.97,11122201,67972825.8,1.595,-4.1734,0,0
2024-02-02,sz.300388,5.95,6.04,5.48,5.66,9258120,53552386.8,1.3277,-5.1926,0,0
2024-02-05,sz.300388,5.66,5.67,4.97,5.15,11956668,62187795.76,1.7147,-9.0106,0,0
2024-02-06,sz.300388,5.08,5.38,4.82,5.19,11176248,56675733.56,1.6028,0.7767,0,0
2024-02-07,sz.300388,5.19,5.2,4.83,4.97,14788273,73230441.37,2.1208,-4.2389,0,0
2024-02-08,sz.300388,4.98,5.42,4.86,5.42,12735848,65778690.5,1.8264,9.0543,0,0
2024-02-19,sz.300388,5.44,5.63,5.36,5.51,8824346,48507191.4,1.2655,1.6605,0,0
2024-02-20,sz.300388,5.49,5.53,5.44,5.51,4178203,22917634.53,0.5992,0.0,0,0
2024-02-21,sz.300388,5.43,5.7,5.42,5.56,7329491,40822035.19,1.0511,0.9074,0,0
2024-02-22,sz.300388,5.53,5.62,5.51,5.59,4442178,24716441.02,0.637,0.5396,0,0
2024-02-23,sz.300388,5.61,5.7,5.56,5.69,6113240,34426359.2,0.8767,1.7889,0,0
2024-02-26,sz.300388,5.7,5.82,5.62,5.79,7680943,43998132.92,1.1015,1.7575,0,0
2024-02-27,sz.300388,5.73,5.91,5.69,5.91,6105080,35594663.0,0.8755,2.0725,0,0
2024-02-28,sz.300388,5.91,6.01,5.52,5.54,8421122,48756482.72,1.2077,-6.2606,0,0
2024-02-29,sz.300388,5.53,5.74,5.49,5.73,6061471,34208754.27,0.8693,3.4296,0,0
2024-03-01,sz.300388,5.74,5.83,5.67,5.76,4570920,26256858.8,0.6555,0.5236,0,0
2024-03-04,sz.300388,5.74,5.8,5.65,5.79,4352121,24921885.75,0.6241,0.5208,0,0
2024-03-05,sz.300388,5.76,5.76,5.6,5.64,4156980,23516053.8,0.5961,-2.5907,0,0
2024-03-06,sz.300388,5.61,5.72,5.61,5.63,2969700,16776068.6,0.4259,-0.1773,0,0
2024-03-07,sz.300388,5.63,5.75,5.63,5.66,3045990,17301174.3,0.4368,0.5329,0,0
2024-03-08,sz.300388,5.68,5.7,5.62,5.68,2252697,12745605.75,0.3231,0.3534,0,0
2024-03-11,sz.300388,5.69,5.78,5.68,5.76,3412900,19586737.0,0.4894,1.4085,0,0
2024-03-12,sz.300388,5.75,5.86,5.72,5.83,4215760,24375893.2,0.6046,1.2153,0,0
2024-03-13,sz.300388,5.82,5.85,5.73,5.8,3393860,19615128.0,0.4867,-0.5146,0,0
2024-03-14,sz.300388,5.77,5.88,5.69,5.8,4267760,24755661.84,0.612,0.0,0,0
2024-03-15,sz.300388,5.77,5.88,5.73,5.87,4845570,28213109.3,0.6949,1.2069,0,0
2024-03-18,sz.300388,5.9,5.93,5.86,5.93,5807700,34205904.0,0.8329,1.0221,0,0
2024-03-19,sz.300388,5.92,6.0,5.89,5.94,4388853,26075433.76,0.6294,0.1686,0,0
2024-03-20,sz.300388,5.93,6.01,5.89,5.99,5256882,31226837.08,0.7539,0.8418,0,0
2024-03-21,sz.300388,6.16,6.5,6.05,6.26,15404507,95492583.71,2.2091,4.5075,0,0
2024-03-22,sz.300388,6.2,6.24,6.03,6.08,8299410,50760288.22,1.1902,-2.8754,0,0
2024-03-25,sz.300388,6.04,6.15,5.97,5.97,5748765,34960900.6,0.8244,-1.8092,0,0
2024-03-26,sz.300388,5.97,6.32,5.93,6.16,9886419,60598964.48,1.4178,3.1826,0,0
2024-03-27,sz.300388,6.11,6.26,6.0,6.0,7091249,43336535.25,1.0169,-2.5974,0,0
2024-03-28,sz.300388,6.03,6.16,5.99,6.13,5773440,35164056.0,0.828,2.1667,0,0
2024-03-29,sz.300388,6.1,6.26,6.08,6.21,5248900,32500002.2,0.7527,1.3051,0,0
2024-04-01,sz.300388,6.19,6.35,6.19,6.29,5232512,32776450.96,0.7504,1.2882,0,0
2024-04-02,sz.300388,6.29,6.43,6.28,6.35,4764118,30260028.29,0.6832,0.9539,0,0
2024-04-03,sz.300388,6.34,6.45,6.27,6.44,5806553,37092911.81,0.8327,1.4173,0,0
2024-04-08,sz.300388,6.43,6.47,6.21,6.22,6451485,40610207.05,0.9252,-3.4161,0,0
2024-04-09,sz.300388,6.22,6.35,6.22,6.34,4365780,27506016.0,0.6261,1.9293,0,0
2024-04-10,sz.300388,6.31,6.44,6.22,6.27,4227312,26660776.12,0.6062,-1.1041,0,0
2024-04-11,sz.300388,6.3,6.43,6.22,6.36,4211342,26855341.18,0.6039,1.4354,0,0
2024-04-12,sz.300388,6.35,6.4,6.29,6.3,3277761,20790265.31,0.4701,-0.9434,0,0
2024-04-15,sz.300388,6.31,6.33,6.02,6.13,5017191,30855149.43,0.7195,-2.6984,0,0
2024-04-16,sz.300388,6.12,6.15,5.86,5.9,6268553,37290904.37,0.899,-3.752,0,0
2024-04-17,sz.300388,5.94,6.24,5.87,6.23,8936363,54422815.96,1.2815,5.5932,0,0
2024-04-18,sz.300388,6.19,6.29,6.06,6.08,6889778,42293506.58,0.988,-2.4077,0,0
2024-04-19,sz.300388,6.02,6.19,6.0,6.15,5271470,32312503.1,0.756,1.1513,0,0
2024-04-22,sz.300388,6.1,6.17,6.02,6.06,4479815,27353341.25,0.6424,-1.4634,0,0
2024-04-23,sz.300388,6.11,6.16,6.06,6.11,4421960,27047001.2,0.6341,0.8251,0,0
2024-04-24,sz.300388,6.06,6.12,6.02,6.1,4601560,27959467.2,0.6599,-0.1637,0,0
2024-04-25,sz.300388,6.22,6.42,6.14,6.21,10476608,65471367.94,1.5024,1.8033,0,0
2024-04-26,sz.300388,6.18,6.21,5.98,6.19,10138042,61784203.72,1.4539,-0.3221,0,0
2024-04-29,sz.300388,6.18,6.29,6.13,6.29,7425640,46214775.8,1.0649,1.6155,0,0
2024-04-30,sz.300388,6.26,6.33,6.23,6.31,8488820,53376354.8,1.2174,0.318,0,0
2024-05-06,sz.300388,6.37,6.42,6.31,6.39,8416380,53598123.2,1.207,1.2678,0,0
2024-05-07,sz.300388,6.38,6.38,6.29,6.33,5568740,35249330.4,0.7986,-0.939,0,0
2024-05-08,sz.300388,6.29,6.35,6.23,6.25,4786000,30128172.0,0.6863,-1.2638,0,0
2024-05-09,sz.300388,6.25,6.37,6.25,6.37,4900480,31074676.8,0.7028,1.92,0,0
2024-05-10,sz.300388,6.36,6.42,6.29,6.38,5710112,36311059.24,0.8189,0.157,0,0
2024-05-13,sz.300388,6.4,6.55,6.36,6.44,11048226,71358631.08,1.5844,0.9404,0,0
2024-05-14,sz.300388,6.41,6.63,6.37,6.54,10578739,68889220.57,1.5171,1.5528,0,0
2024-05-15,sz.300388,6.51,6.52,6.4,6.41,5533460,35770264.2,0.7935,-1.9878,0,0
2024-05-16,sz.300388,6.4,6.52,6.4,6.44,4804155,30994425.64,0.689,0.468,0,0
2024-05-17,sz.300388,6.46,6.48,6.33,6.42,4759620,30442490.4,0.6826,-0.3106,0,0
2024-05-20,sz.300388,6.43,6.47,6.38,6.44,5353979,34379189.46,0.7678,0.3115,0,0
2024-05-21,sz.300388,6.43,6.43,6.35,6.36,3194440,20373939.0,0.4581,-1.2422,0,0
2024-05-22,sz.300388,6.25,6.31,6.21,6.23,4687518,29238178.96,0.6722,0.0,0,0
2024-05-23,sz.300388,6.19,6.21,6.03,6.06,4634120,28260576.8,0.6646,-2.7287,0,0
2024-05-24,sz.300388,6.06,6.15,6.02,6.09,3804120,23226385.2,0.5455,0.495,0,0
2024-05-27,sz.300388,6.09,6.19,6.05,6.19,3367172,20621020.56,0.4829,1.642,0,0
2024-05-28,sz.300388,6.19,6.2,6.07,6.09,3092500,18937431.0,0.4435,-1.6155,0,0
2024-05-29,sz.300388,6.09,6.14,6.03,6.09,3237040,19717880.8,0.4642,0.0,0,0
2024-05-30,sz.300388,6.06,6.13,6.02,6.04,3109280,18873575.4,0.4459,-0.821,0,0
2024-05-31,sz.300388,6.05,6.08,5.95,6.02,3148280,18901267.0,0.4515,-0.3311,0,0
2024-06-03,sz.300388,6.01,6.03,5.87,5.9,4756520,28222659.8,0.6821,-1.9934,0,0
2024-06-04,sz.300388,5.86,5.95,5.81,5.92,3707540,21775530.6,0.5319,0.339,0,0
2024-06-05,sz.300388,5.88,5.91,5.79,5.8,2891440,16871787.2,0.4148,-2.027,0,0
2024-06-06,sz.300388,5.79,5.81,5.53,5.57,5734244,32237702.14,0.8226,-3.9655,0,0
2024-06-07,sz.300388,5.61,5.88,5.61,5.86,5854807,33768305.27,0.8399,5.2065,0,0
2024-06-11,sz.300388,5.85,5.85,5.72,5.81,3780124,21871008.8,0.5423,-0.8532,0,0
2024-06-12,sz.300388,5.8,5.85,5.78,5.82,2631824,15308738.64,0.3776,0.1721,0,0
2024-06-13,sz.300388,5.81,5.84,5.76,5.79,2761880,15999293.6,0.3962,-0.5155,0,0
2024-06-14,sz.300388,5.78,5.83,5.72,5.76,2457300,14164721.0,0.3525,-0.5181,0,0
2024-06-17,sz.300388,5.75,5.88,5.7,5.75,3409000,19762776.0,0.4891,-0.1736,0,0
2024-06-18,sz.300388,5.76,5.89,5.73,5.87,2379700,13837589.4,0.3414,2.087,0,0
2024-06-19,sz.300388,5.87,5.89,5.81,5.83,1962100,11466357.0,0.2815,-0.6814,0,0
2024-06-20,sz.300388,5.84,5.84,5.67,5.69,2867940,16442051.2,0.4114,-2.4014,0,0
2024-06-21,sz.300388,5.69,5.74,5.65,5.72,2601000,14864361.0,0.3731,0.5272,0,0
2024-06-24,sz.300388,5.69,5.69,5.46,5.51,3654060,20257173.6,0.5242,-3.6713,0,0
2024-06-25,sz.300388,5.53,5.6,5.48,5.54,2340501,12990449.73,0.3358,0.5445,0,0
2024-06-26,sz.300388,5.52,5.63,5.47,5.62,3086850,17103830.2,0.4428,1.444,0,0
2024-06-27,sz.300388,5.6,5.65,5.52,5.52,2202430,12280800.4,0.316,-1.7794,0,0
2024-06-28,sz.300388,5.51,5.61,5.51,5.54,2593940,14452436.0,0.3721,0.3623,0,0
2024-07-01,sz.300388,5.55,5.73,5.54,5.72,3409748,19265827.28,0.4892,3.2491,0,0
2024-07-02,sz.300388,5.7,5.78,5.68,5.76,2684700,15436867.0,0.3851,0.6993,0,0
2024-07-03,sz.300388,5.77,5.82,5.74,5.75,2187120,12630114.2,0.3138,-0.1736,0,0
2024-07-04,sz.300388,5.76,5.76,5.52,5.54,2838300,15942543.0,0.418,-3.6522,0,0
2024-07-05,sz.300388,5.54,5.62,5.5,5.59,1825220,10152944.0,0.2688,0.9025,0,0
2024-07-08,sz.300388,5.57,5.57,5.4,5.42,2619560,14290528.6,0.3858,-3.0411,0,0
2024-07-09,sz.300388,5.42,5.53,5.31,5.52,2716078,14761650.32,0.4,1.845,0,0
2024-07-10,sz.300388,5.49,5.55,5.45,5.45,2280700,12533090.0,0.3359,-1.2681,0,0
2024-07-11,sz.300388,5.54,5.65,5.53,5.65,3580918,20063222.94,0.5274,3.6697,0,0
2024-07-12,sz.300388,5.65,5.74,5.62,5.69,3862278,22034827.16,0.5688,0.708,0,0
2024-07-15,sz.300388,5.66,5.68,5.6,5.63,2543860,14331118.8,0.3746,-1.0545,0,0
2024-07-16,sz.300388,5.62,5.64,5.51,5.56,2988618,16605973.78,0.4401,-1.2433,0,0
2024-07-17,sz.300388,5.57,5.59,5.48,5.5,2178540,12026535.0,0.3208,-1.0791,0,0
2024-07-18,sz.300388,5.48,5.53,5.39,5.5,2581900,14096270.0,0.3802,0.0,0,0
2024-07-19,sz.300388,5.49,5.5,5.42,5.48,1781600,9750244.0,0.2624,-0.3636,0,0
2024-07-22,sz.300388,5.48,5.52,5.42,5.5,2414580,13199155.8,0.3556,0.365,0,0
2024-07-23,sz.300388,5.72,5.78,5.5,5.5,6166185,34765894.25,0.9081,0.0,0,0
2024-07-24,sz.300388,5.45,5.57,5.4,5.47,4476270,24436043.36,0.6592,-0.5455,0,0
2024-07-25,sz.300388,5.44,5.55,5.41,5.54,2314480,12740472.4,0.3409,1.2797,0,0
2024-07-26,sz.300388,5.55,5.64,5.53,5.61,3321597,18609961.23,0.4892,1.2635,0,0
2024-07-29,sz.300388,5.64,5.68,5.59,5.65,2787324,15730742.6,0.4105,0.713,0,0
2024-07-30,sz.300388,5.64,5.68,5.61,5.66,2305100,13034229.8,0.3395,0.177,0,0
2024-07-31,sz.300388,5.67,5.76,5.63,5.75,3534980,20205595.4,0.5206,1.5901,0,0
2024-08-01,sz.300388,5.77,5.8,5.72,5.73,3169951,18225580.43,0.4668,-0.3478,0,0
2024-08-02,sz.300388,5.7,5.76,5.63,5.68,2564220,14631599.0,0.3776,-0.8726,0,0
2024-08-05,sz.300388,5.67,5.71,5.61,5.61,2560700,14484750.0,0.3771,-1.2324,0,0
2024-08-06,sz.300388,5.66,5.68,5.57,5.65,2666644,15016094.72,0.3927,0.713,0,0
2024-08-07,sz.300388,5.64,5.67,5.6,5.63,1594040,8984817.8,0.2348,-0.354,0,0
2024-08-08,sz.300388,5.63,5.69,5.6,5.68,2856465,16134054.95,0.4207,0.8881,0,0
2024-08-09,sz.300388,5.69,5.77,5.66,5.66,2565980,14639558.0,0.3779,-0.3521,0,0
2024-08-12,sz.300388,5.78,5.96,5.71,5.73,5052420,29172775.0,0.7441,1.2367,0,0
2024-08-13,sz.300388,5.7,5.84,5.66,5.83,4845680,28005071.8,0.7136,1.7452,0,0
2024-08-14,sz.300388,5.82,5.96,5.81,5.87,4078100,23979823.2,0.6006,0.6861,0,0
2024-08-15,sz.300388,5.82,5.92,5.82,5.86,3139900,18416300.0,0.4624,-0.1704,0,0
2024-08-16,sz.300388,5.85,5.88,5.77,5.78,2962200,17182705.0,0.4362,-1.3652,0,0
2024-08-19,sz.300388,5.85,5.85,5.74,5.79,1773680,10274956.2,0.2612,0.173,0,0
2024-08-20,sz.300388,5.78,5.8,5.68,5.7,2869020,16397089.0,0.4225,-1.5544,0,0
2024-08-21,sz.300388,5.66,5.7,5.63,5.65,1804477,10216711.05,0.2657,-0.8772,0,0
2024-08-22,sz.300388,5.62,5.68,5.61,5.63,1999100,11265374.0,0.2944,-0.354,0,0
2024-08-23,sz.300388,5.7,5.79,5.57,5.61,6277624,35538592.24,0.9244,-0.3552,0,0
2024-08-26,sz.300388,5.6,5.68,5.56,5.66,3849252,21704702.32,0.5668,0.8913,0,0
2024-08-27,sz.300388,5.67,5.73,5.64,5.71,3838100,21829277.0,0.5652,0.8834,0,0
2024-08-28,sz.300388,5.69,5.74,5.62,5.66,2933880,16665474.2,0.432,-0.8757,0,0
2024-08-29,sz.300388,5.62,5.65,5.56,5.63,3415160,19133408.2,0.5029,-0.53,0,0
2024-08-30,sz.300388,5.64,5.71,5.59,5.66,4614652,26130680.8,0.6795,0.5329,0,0
2024-09-02,sz.300388,5.65,5.68,5.57,5.58,4100272,23141834.96,0.6038,-1.4134,0,0
2024-09-03,sz.300388,5.55,5.6,5.52,5.56,2537520,14092794.0,0.3737,-0.3584,0,0
2024-09-04,sz.300388,5.55,5.56,5.51,5.51,1953100,10804635.0,0.2876,-0.8993,0,0
2024-09-05,sz.300388,5.51,5.54,5.49,5.51,2006819,11060556.69,0.2955,0.0,0,0
2024-09-06,sz.300388,5.5,5.56,5.48,5.49,2096339,11588987.52,0.3087,-0.363,0,0
2024-09-09,sz.300388,5.48,5.54,5.44,5.49,1761240,9666755.2,0.2594,0.0,0,0
2024-09-10,sz.300388,5.49,5.55,5.41,5.49,2199876,12046540.02,0.3239,0.0,0,0
2024-09-11,sz.300388,5.49,5.5,5.38,5.42,1953760,10610533.6,0.2877,-1.275,0,0
2024-09-12,sz.300388,5.42,5.47,5.41,5.46,1686580,9197539.8,0.2484,0.738,0,0
2024-09-13,sz.300388,5.46,5.51,5.39,5.46,1944180,10603858.6,0.2863,0.0,0,0
2024-09-18,sz.300388,5.46,5.49,5.26,5.36,3254600,17376935.0,0.4793,-1.8315,0,0
2024-09-19,sz.300388,5.37,5.53,5.36,5.52,2565001,14040682.5,0.3777,2.9851,0,0
2024-09-20,sz.300388,5.52,5.53,5.44,5.45,1593440,8721958.6,0.2346,-1.2681,0,0
2024-09-23,sz.300388,5.46,5.53,5.35,5.51,3668852,19996109.92,0.5403,1.1009,0,0
2024-09-24,sz.300388,5.49,5.92,5.49,5.8,11001551,63316149.92,1.62,5.2632,0,0
2024-09-25,sz.300388,5.94,6.21,5.86,5.99,13733299,82773564.25,2.0223,3.2759,0,0
2024-09-26,sz.300388,5.93,6.06,5.88,6.04,8865220,52890929.6,1.3055,0.8347,0,0
2024-09-27,sz.300388,6.15,6.32,6.0,6.27,12872158,79421887.98,1.8955,3.8079,0,0
2024-09-30,sz.300388,6.57,7.13,6.27,7.0,26676546,178848729.15,3.9283,11.6427,0,0
2024-10-08,sz.300388,8.2,8.2,7.1,7.65,34785728,263840794.83,5.1224,9.2857,0,0
2024-10-09,sz.300388,7.26,7.26,6.58,6.59,23530826,163182930.81,3.4651,-13.8562,0,0
2024-10-10,sz.300388,6.67,7.22,6.66,7.06,25742799,179135631.49,3.7908,7.132,0,0
2024-10-11,sz.300388,7.0,7.0,6.59,6.66,13404202,90623615.16,1.9739,-5.6657,0,0
2024-10-14,sz.300388,7.0,7.22,6.75,7.2,22535396,157930788.46,3.3185,8.1081,0,0
2024-10-15,sz.300388,6.99,7.6,6.9,7.43,34499354,250501285.0,5.0802,3.1944,0,0
2024-10-16,sz.300388,7.3,7.57,7.13,7.21,25701209,188328194.7,3.7847,-2.961,0,0
2024-10-17,sz.300388,7.07,7.2,6.84,6.88,19608108,137362365.14,2.8874,-4.577,0,0
2024-10-18,sz.300388,6.8,7.14,6.7,7.02,16565131,114268422.6,2.4393,2.0349,0,0
2024-10-21,sz.300388,6.98,7.1,6.92,6.97,15398520,107732321.64,2.2675,-0.7123,0,0
2024-10-22,sz.300388,6.96,7.12,6.91,7.11,12341633,86989265.85,1.8174,2.0086,0,0
2024-10-23,sz.300388,7.11,7.48,7.11,7.29,19339340,140861923.2,2.8478,2.5316,0,0
2024-10-24,sz.300388,7.23,7.42,7.13,7.35,13255472,96660359.45,1.952,0.823,0,0
2024-10-25,sz.300388,7.21,7.52,7.17,7.48,18165167,133639095.26,2.6749,1.7687,0,0
2024-10-28,sz.300388,7.44,7.97,7.36,7.78,25350057,195246080.65,3.733,4.0107,0,0
2024-10-29,sz.300388,7.65,7.66,7.32,7.34,23863199,178654637.85,3.514,-5.6555,0,0
2024-10-30,sz.300388,7.35,7.44,7.22,7.36,12175696,89131009.08,1.7929,0.2725,0,0
2024-10-31,sz.300388,7.35,7.46,7.29,7.33,13054830,96187304.81,1.9224,-0.4076,0,0
2024-11-01,sz.300388,7.25,7.33,6.97,7.06,13419807,95711851.51,1.9762,-3.6835,0,0
2024-11-04,sz.300388,7.06,7.13,7.0,7.09,8017648,56615087.01,1.1806,0.4249,0,0
2024-11-05,sz.300388,7.1,7.26,7.07,7.25,9794162,70360349.07,1.4423,2.2567,0,0
2024-11-06,sz.300388,7.22,7.32,7.18,7.29,10802649,78545500.27,1.5908,0.5517,0,0
2024-11-07,sz.300388,7.29,7.68,7.22,7.64,20403286,153154219.35,3.0045,4.8011,0,0
2024-11-08,sz.300388,7.71,7.78,7.49,7.54,14840957,112585367.97,2.1854,-1.3089,0,0
2024-11-11,sz.300388,7.51,7.79,7.49,7.78,18464571,141637848.04,2.719,3.183,0,0
2024-11-12,sz.300388,7.75,7.76,7.5,7.57,12998323,99335742.71,1.9141,-2.6992,0,0
2024-11-13,sz.300388,7.49,7.62,7.41,7.57,8277108,62191684.14,1.2189,0.0,0,0
2024-11-14,sz.300388,7.54,7.58,7.3,7.31,8616476,63899003.28,1.2688,-3.4346,0,0
2024-11-15,sz.300388,7.3,7.41,7.15,7.17,6837034,49912782.72,1.0068,-1.9152,0,0
2024-11-18,sz.300388,7.21,7.49,7.17,7.25,11116514,81489543.96,1.637,1.1158,0,0
2024-11-19,sz.300388,7.3,7.31,7.1,7.31,8262334,59592186.1,1.2167,0.8276,0,0
2024-11-20,sz.300388,7.3,7.39,7.2,7.39,6799332,49774647.4,1.0012,1.0944,0,0
2024-11-21,sz.300388,7.35,7.65,7.33,7.53,13685800,102671190.87,2.0153,1.8945,0,0
2024-11-22,sz.300388,7.52,7.66,7.31,7.35,11758909,88270667.7,1.7316,-2.3904,0,0
2024-11-25,sz.300388,7.35,7.41,7.2,7.34,7305920,53226544.82,1.0758,-0.1361,0,0
2024-11-26,sz.300388,7.32,7.42,7.29,7.35,5655860,41606414.4,0.8329,0.1362,0,0
2024-11-27,sz.300388,7.31,7.88,7.27,7.84,28588421,219418915.2,4.2098,6.6667,0,0
2024-11-28,sz.300388,8.11,9.33,8.06,8.85,67074699,583252213.99,9.8772,12.8827,0,0
2024-11-29,sz.300388,8.61,9.39,8.54,9.05,63734331,574439382.21,9.3853,2.2599,0,0
2024-12-02,sz.300388,8.5,8.59,8.2,8.46,58423965,489736312.32,8.6033,-6.5193,0,0
2024-12-03,sz.300388,8.43,8.48,8.17,8.29,34711854,287895428.55,5.1115,-2.0095,0,0
2024-12-04,sz.300388,8.31,8.37,8.21,8.28,20088700,166420282.28,2.9582,-0.1206,0,0
2024-12-05,sz.300388,8.25,9.0,8.23,8.77,39759219,343484906.92,5.8548,5.9179,0,0
2024-12-06,sz.300388,8.7,9.05,8.61,8.7,28654234,251735155.91,4.2195,-0.7982,0,0
2024-12-09,sz.300388,8.75,8.88,8.4,8.49,19210946,165084227.15,2.8289,-2.4138,0,0
2024-12-10,sz.300388,8.68,8.82,8.49,8.54,24652051,212548484.6,3.6302,0.5889,0,0
2024-12-11,sz.300388,8.48,8.59,8.38,8.45,15513936,131184174.14,2.2845,-1.0539,0,0
2024-12-12,sz.300388,8.44,8.44,8.3,8.37,13677293,114244882.56,2.0141,-0.9467,0,0
2024-12-13,sz.300388,8.34,8.44,8.3,8.35,12786757,107052483.84,1.8829,-0.2389,0,0
2024-12-16,sz.300388,8.38,8.63,8.2,8.25,14898956,125133684.65,2.194,-1.1976,0,0
2024-12-17,sz.300388,8.25,8.31,7.8,7.85,16643679,132700123.21,2.4509,-4.8485,0,0
2024-12-18,sz.300388,7.9,8.07,7.8,7.94,9503346,75854725.8,1.3994,1.1465,0,0
2024-12-19,sz.300388,7.8,8.36,7.78,8.21,15921688,129530880.62,2.3446,3.4005,0,0
2024-12-20,sz.300388,8.29,8.47,8.19,8.22,12403219,103202078.61,1.8265,0.1218,0,0
2024-12-23,sz.300388,8.2,8.21,7.77,7.81,10166499,80803934.41,1.4971,-4.9878,0,0
2024-12-24,sz.300388,7.89,7.95,7.72,7.88,5857042,46066935.96,0.8625,0.8963,0,0
2024-12-25,sz.300388,7.84,7.91,7.64,7.81,6667400,51643343.8,0.9818,-0.8883,0,0
2024-12-26,sz.300388,7.81,7.9,7.77,7.82,5446293,42705167.33,0.802,0.128,0,0
2024-12-27,sz.300388,7.8,7.96,7.78,7.91,6256800,49331096.0,0.9214,1.1509,0,0
2024-12-30,sz.300388,7.91,7.93,7.69,7.85,5790923,45212202.98,0.8528,-0.7585,0,0
2024-12-31,sz.300388,7.85,7.89,7.52,7.55,8275240,63522434.6,1.2186,-3.8217,0,0
2025-01-02,sz.300388,7.52,7.6,7.22,7.3,7389900,54830816.0,1.0882,-3.3113,0,0
2025-01-03,sz.300388,7.37,7.37,7.0,7.05,7823812,55883562.16,1.1521,-3.4247,0,0
2025-01-06,sz.300388,7.0,7.13,6.79,7.1,6077746,42638574.64,0.895,0.7092,0,0
2025-01-07,sz.300388,7.09,7.17,6.94,7.12,4651820,32831108.2,0.685,0.2817,0,0
2025-01-08,sz.300388,7.11,7.13,6.87,7.09,5172480,36297349.6,0.7617,-0.4213,0,0
2025-01-09,sz.300388,7.03,7.19,7.0,7.05,4096399,28970156.89,0.6032,-0.5642,0,0
2025-01-10,sz.300388,7.05,7.06,6.86,6.86,4507800,31309849.2,0.6638,-2.695,0,0
2025-01-13,sz.300388,6.79,6.9,6.7,6.87,3821600,26091869.14,0.5628,0.1458,0,0
2025-01-14,sz.300388,6.85,7.21,6.85,7.19,9257831,65692412.09,1.3633,4.6579,0,0
2025-01-15,sz.300388,7.2,7.24,7.1,7.12,3798200,27158496.0,0.5593,-0.9736,0,0
2025-01-16,sz.300388,7.16,7.28,7.06,7.12,4070567,29157014.86,0.5994,0.0,0,0
2025-01-17,sz.300388,7.15,7.15,7.05,7.08,3672580,26032961.0,0.5408,-0.5618,0,0
2025-01-20,sz.300388,7.11,7.42,7.03,7.26,8526140,61870941.15,1.2555,2.5424,0,0
2025-01-21,sz.300388,7.31,7.31,7.15,7.21,4198043,30261562.88,0.6182,-0.6887,0,0
2025-01-22,sz.300388,7.21,7.23,7.11,7.15,3300961,23614638.15,0.4861,-0.8322,0,0
2025-01-23,sz.300388,7.21,7.35,7.19,7.19,5644413,41004533.15,0.8312,0.5594,0,0
2025-01-24,sz.300388,7.17,7.26,7.15,7.22,4471960,32185748.8,0.6585,0.4172,0,0
2025-01-27,sz.300388,7.22,7.43,7.22,7.26,5858813,42984760.75,0.8627,0.554,0,0
2025-02-05,sz.300388,7.31,7.35,7.16,7.22,3902923,28162384.03,0.5747,-0.551,0,0
2025-02-06,sz.300388,7.19,7.28,7.12,7.28,5954600,42889197.0,0.8769,0.831,0,0
2025-02-07,sz.300388,7.26,7.41,7.25,7.33,8913420,65361602.2,1.3126,0.6868,0,0
2025-02-10,sz.300388,7.34,7.44,7.34,7.43,7048980,52064326.4,1.038,1.3643,0,0
2025-02-11,sz.300388,7.43,7.49,7.33,7.38,4792869,35359242.42,0.7058,-0.6729,0,0
2025-02-12,sz.300388,7.38,7.45,7.36,7.45,4841133,35871911.06,0.7129,0.9485,0,0
2025-02-13,sz.300388,7.45,7.5,7.36,7.36,3984700,29581611.0,0.5868,-1.2081,0,0
2025-02-14,sz.300388,7.36,7.41,7.2,7.22,7074357,51424718.35,1.0417,-1.9022,0,0
2025-02-17,sz.300388,7.22,7.38,7.2,7.28,7121840,51814634.94,1.0487,0.831,0,0
2025-02-18,sz.300388,7.29,7.29,6.99,7.0,7653053,54440687.62,1.127,-3.8462,0,0
2025-02-19,sz.300388,7.04,7.08,6.98,7.06,5184380,36436362.4,0.7634,0.8571,0,0
2025-02-20,sz.300388,7.07,7.18,7.02,7.15,5435046,38655038.06,0.8003,1.2748,0,0
2025-02-21,sz.300388,7.16,7.18,7.04,7.1,5812426,41233556.88,0.8559,-0.6993,0,0
2025-02-24,sz.300388,7.1,7.42,7.09,7.35,12455548,91161186.2,1.8342,3.5211,0,0
2025-02-25,sz.300388,7.34,7.35,7.23,7.25,6848608,49914422.16,1.0085,-1.3605,0,0
2025-02-26,sz.300388,7.25,7.39,7.25,7.33,5817500,42554332.8,0.8567,1.1034,0,0
2025-02-27,sz.300388,7.35,7.35,7.18,7.28,7109820,51453665.8,1.047,-0.6821,0,0
2025-02-28,sz.300388,7.23,7.32,7.12,7.12,5712640,41214757.4,0.8412,-2.1978,0,0
2025-03-03,sz.300388,7.18,7.27,7.12,7.17,5274020,37982073.8,0.7766,0.7022,0,0
2025-03-04,sz.300388,7.15,7.29,7.12,7.28,3981400,28823677.0,0.5863,1.5342,0,0
2025-03-05,sz.300388,7.25,7.28,7.13,7.21,4355120,31266038.4,0.6413,-0.9615,0,0
2025-03-06,sz.300388,7.21,7.32,7.17,7.31,6273040,45683859.8,0.9237,1.387,0,0
2025-03-07,sz.300388,7.32,7.44,7.25,7.29,5981340,43971000.0,0.8808,-0.2736,0,0
2025-03-10,sz.300388,7.29,7.37,7.22,7.27,4754660,34635507.2,0.7002,-0.2743,0,0
2025-03-11,sz.300388,7.22,7.27,7.12,7.27,5724740,41202354.2,0.843,0.0,0,0
2025-03-12,sz.300388,7.27,7.31,7.2,7.3,6501120,47210215.0,0.9573,0.4127,0,0
2025-03-13,sz.300388,7.29,7.31,7.15,7.29,7011800,50716829.6,1.0325,-0.137,0,0
2025-03-14,sz.300388,7.28,7.43,7.25,7.42,9103560,66996957.2,1.3406,1.7833,0,0
2025-03-17,sz.300388,7.49,7.71,7.42,7.65,14329858,109062636.52,2.1102,3.0997,0,0
2025-03-18,sz.300388,7.65,7.74,7.56,7.69,8881900,67972738.2,1.3079,0.5229,0,0
2025-03-19,sz.300388,7.58,7.59,7.46,7.48,9361520,70246542.8,1.3765,-2.7308,0,0
2025-03-20,sz.300388,7.5,7.62,7.46,7.58,7718440,58245633.14,1.1349,1.3369,0,0
2025-03-21,sz.300388,7.54,7.64,7.48,7.53,6467440,48852145.8,0.9509,-0.6596,0,0
2025-03-24,sz.300388,7.53,7.58,7.21,7.36,7225540,53363008.8,1.0624,-2.2576,0,0
2025-03-25,sz.300388,7.36,7.42,7.27,7.37,4246300,31203284.8,0.6244,0.1359,0,0
2025-03-26,sz.300388,7.37,7.48,7.33,7.47,4033820,30005931.6,0.5931,1.3569,0,0
2025-03-27,sz.300388,7.44,7.44,7.28,7.42,5360381,39511445.78,0.7882,-0.6693,0,0
2025-03-28,sz.300388,7.4,7.53,7.36,7.39,5623480,41742525.4,0.8268,-0.4043,0,0
2025-03-31,sz.300388,7.3,7.34,7.13,7.21,5291180,38241226.4,0.778,-2.4357,0,0
2025-04-01,sz.300388,7.2,7.39,7.2,7.32,5223916,38337255.12,0.7681,1.5257,0,0
2025-04-02,sz.300388,7.34,7.38,7.27,7.28,3267620,23914799.4,0.4805,-0.5464,0,0
2025-04-03,sz.300388,7.26,7.42,7.22,7.37,4428335,32543505.35,0.6511,1.2363,0,0
2025-04-07,sz.300388,6.87,7.04,6.17,6.3,13547756,89070755.56,1.992,-14.5183,0,0
2025-04-08,sz.300388,6.41,6.61,6.37,6.5,9324728,60579212.16,1.3711,3.1746,0,0
2025-04-09,sz.300388,6.41,6.72,6.18,6.66,8103540,52501565.8,1.1915,2.4615,0,0
2025-04-10,sz.300388,6.71,6.88,6.71,6.77,7433286,50547731.5,1.0929,1.6517,0,0
2025-04-11,sz.300388,6.84,6.98,6.73,6.73,5625200,38304070.0,0.8271,-0.5908,0,0
2025-04-14,sz.300388,6.79,6.86,6.75,6.81,3720540,25326947.4,0.547,1.1887,0,0
2025-04-15,sz.300388,6.83,6.88,6.77,6.88,3261440,22263237.6,0.4795,1.0279,0,0
2025-04-16,sz.300388,6.88,6.89,6.7,6.8,3595760,24374166.0,0.5287,-1.1628,0,0
2025-04-17,sz.300388,6.77,6.86,6.75,6.79,2608820,17798263.6,0.3836,-0.1471,0,0
2025-04-18,sz.300388,6.79,6.83,6.71,6.77,3406720,23060942.2,0.5009,-0.2946,0,0
2025-04-21,sz.300388,6.76,6.83,6.73,6.82,2390800,16239246.0,0.3515,0.7386,0,0
2025-04-22,sz.300388,6.8,6.91,6.79,6.88,4147260,28445209.2,0.6098,0.8798,0,0
2025-04-23,sz.300388,6.87,6.93,6.84,6.88,4404420,30281482.2,0.6476,0.0,0,0
2025-04-24,sz.300388,6.85,6.87,6.74,6.8,5022900,34198421.0,0.7385,-1.1628,0,0
2025-04-25,sz.300388,6.83,6.86,6.78,6.82,3060080,20878092.6,0.4499,0.2941,0,0
2025-04-28,sz.300388,6.83,6.83,6.7,6.72,3084480,20807052.6,0.4535,-1.4663,0,0
2025-04-29,sz.300388,6.72,6.9,6.69,6.84,4036820,27544695.8,0.5936,1.7857,0,0
2025-04-30,sz.300388,6.86,6.91,6.8,6.8,3531920,24207905.0,0.5193,-0.5848,0,0
2025-05-06,sz.300388,6.84,6.91,6.84,6.9,4251500,29265507.6,0.6251,1.4706,0,0
2025-05-07,sz.300388,6.95,6.99,6.88,6.93,4790200,33243061.0,0.7043,0.4348,0,0
2025-05-08,sz.300388,6.9,7.02,6.89,6.99,4393960,30641504.2,0.6461,0.8658,0,0
2025-05-09,sz.300388,7.02,7.02,6.88,6.94,3486620,24250491.8,0.5127,-0.7153,0,0
2025-05-12,sz.300388,6.97,7.0,6.91,6.99,3434280,23880590.6,0.505,0.7205,0,0
2025-05-13,sz.300388,7.04,7.04,6.9,6.92,5060400,35221463.0,0.7441,-1.0014,0,0
2025-05-14,sz.300388,6.93,6.96,6.8,6.91,4523400,31138605.0,0.6651,-0.1445,0,0
2025-05-15,sz.300388,6.92,6.92,6.8,6.8,2986900,20444487.0,0.4392,-1.5919,0,0
2025-05-16,sz.300388,6.84,6.84,6.78,6.81,3203560,21826860.2,0.471,0.1471,0,0
2025-05-19,sz.300388,6.83,6.99,6.81,6.97,5217800,36128493.0,0.7672,2.3495,0,0
2025-05-20,sz.300388,6.97,7.05,6.93,7.05,3872480,27164644.96,0.5694,1.1478,0,0
2025-05-21,sz.300388,7.05,7.05,6.95,7.03,3513551,24597545.02,0.5166,-0.2837,0,0
2025-05-22,sz.300388,7.02,7.03,6.89,6.9,4044028,28100323.92,0.5946,-1.8492,0,0
2025-05-23,sz.300388,6.91,6.95,6.8,6.81,4006720,27568650.8,0.5891,-1.3043,0,0
2025-05-26,sz.300388,6.82,6.89,6.79,6.84,2474100,16906185.0,0.3638,0.4405,0,0
2025-05-27,sz.300388,6.83,6.87,6.74,6.86,2858502,19456696.62,0.4203,0.2924,0,0
2025-05-28,sz.300388,6.86,7.02,6.84,6.88,5855800,40549775.6,0.861,0.2915,0,0
2025-05-29,sz.300388,6.89,6.98,6.85,6.96,6108380,42415942.4,0.8981,1.1628,0,0
2025-05-30,sz.300388,7.08,7.15,6.94,6.98,10650418,75052421.7,1.566,0.2874,0,0
2025-06-03,sz.300388,6.85,6.95,6.85,6.92,5819760,40155728.2,0.8557,-0.8596,0,0
2025-06-04,sz.300388,6.93,7.01,6.89,7.0,5575790,38902501.8,0.8198,1.1561,0,0
2025-06-05,sz.300388,7.01,7.01,6.93,6.99,4344478,30319501.7,0.6388,-0.1429,0,0
2025-06-06,sz.300388,6.9,6.95,6.86,6.88,4337200,29889014.0,0.6377,0.2915,0,0
2025-06-09,sz.300388,6.88,6.93,6.87,6.92,4153680,28634754.4,0.6107,0.5814,0,0
2025-06-10,sz.300388,6.91,6.96,6.8,6.87,5728200,39428502.0,0.8422,-0.7225,0,0
2025-06-11,sz.300388,6.87,6.96,6.84,6.94,4911760,34010246.0,0.7222,1.0189,0,0
2025-06-12,sz.300388,6.94,6.99,6.9,6.95,4095720,28392657.4,0.6022,0.1441,0,0
2025-06-13,sz.300388,6.92,6.96,6.83,6.84,4536168,31251081.52,0.667,-1.5827,0,0
2025-06-16,sz.300388,6.85,6.93,6.84,6.88,3674423,25280772.79,0.5403,0.5848,0,0
2025-06-17,sz.300388,6.88,6.96,6.83,6.95,3772640,26084780.0,0.5547,1.0174,0,0
2025-06-18,sz.300388,6.92,6.94,6.84,6.87,3100620,21320063.0,0.4559,-1.1511,0,0
2025-06-19,sz.300388,6.88,6.89,6.69,6.73,4814680,32605384.98,0.7079,-2.0378,0,0
2025-06-20,sz.300388,6.73,6.74,6.67,6.71,2810300,18839425.0,0.4132,-0.2972,0,0
2025-06-23,sz.300388,6.68,6.83,6.65,6.81,3740199,25274167.19,0.5499,1.4903,0,0
2025-06-24,sz.300388,6.81,6.92,6.79,6.91,4767441,32810091.5,0.701,1.4684,0,0
2025-06-25,sz.300388,6.92,6.95,6.87,6.94,3362600,23267717.01,0.4944,0.4342,0,0
2025-06-26,sz.300388,6.93,6.96,6.88,6.91,2694024,18645138.08,0.3961,-0.4323,0,0
2025-06-27,sz.300388,6.95,7.02,6.9,6.91,3904046,27139032.86,0.574,0.0,0,0
2025-06-30,sz.300388,6.9,6.98,6.88,6.96,4271324,29616708.92,0.628,0.7236,0,0
2025-07-01,sz.300388,6.96,6.99,6.92,6.99,3621728,25223290.04,0.5325,0.431,0,0
2025-07-02,sz.300388,7.0,7.05,6.98,7.04,4817420,33816321.2,0.7083,0.7153,0,0
2025-07-03,sz.300388,7.08,7.14,7.02,7.05,5367262,37926038.86,0.7892,0.142,0,0
2025-07-04,sz.300388,7.04,7.11,6.99,7.01,4496605,31690332.55,0.6612,-0.5674,0,0
2025-07-07,sz.300388,6.99,7.09,6.97,7.08,3647319,25691431.75,0.5363,0.9986,0,0
2025-07-08,sz.300388,7.09,7.26,7.03,7.19,7755844,55576805.4,1.1404,1.5537,0,0
2025-07-09,sz.300388,7.19,7.41,7.17,7.3,11039440,80682159.2,1.6232,1.5299,0,0
2025-07-10,sz.300388,7.26,7.45,7.21,7.39,9450380,69171286.4,1.3895,1.2329,0,0
2025-07-11,sz.300388,7.37,7.39,7.25,7.3,6464050,47241241.8,0.9504,-1.2179,0,0
2025-07-14,sz.300388,7.3,7.36,7.27,7.33,4888424,35759453.24,0.7188,0.411,0,0
2025-07-15,sz.300388,7.33,7.33,7.19,7.26,5293440,38369066.8,0.7783,-0.955,0,0
2025-07-16,sz.300388,7.29,7.29,7.19,7.23,4164240,30074924.0,0.6123,-0.4132,0,0
2025-07-17,sz.300388,7.2,7.26,7.17,7.2,3706564,26705257.76,0.545,-0.4149,0,0
2025-07-18,sz.300388,7.23,7.25,7.19,7.25,2966720,21429145.6,0.4362,0.6944,0,0
2025-07-21,sz.300388,7.29,7.4,7.27,7.37,6466120,47594402.4,0.9507,1.6552,0,0
2025-07-22,sz.300388,7.38,7.41,7.27,7.41,5588804,41040140.18,0.8217,0.5427,0,0
2025-07-23,sz.300388,7.39,7.45,7.29,7.3,5433182,40005156.36,0.7989,-1.4845,0,0
2025-07-24,sz.300388,7.31,7.36,7.28,7.35,3993940,29272566.8,0.5872,0.6849,0,0
2025-07-25,sz.300388,7.38,7.39,7.3,7.33,3407100,24980836.6,0.501,-0.2721,0,0
2025-07-28,sz.300388,7.36,7.37,7.29,7.32,4444080,32505169.0,0.6534,-0.1364,0,0
2025-07-29,sz.300388,7.31,7.34,7.2,7.26,4059580,29414706.4,0.5969,-0.8197,0,0
2025-07-30,sz.300388,7.26,7.31,7.22,7.26,4320680,31351635.2,0.6353,0.0,0,0
2025-07-31,sz.300388,7.25,7.26,7.08,7.1,5435240,38892603.4,0.7992,-2.2039,0,0
2025-08-01,sz.300388,7.14,7.24,7.1,7.21,4017426,28902813.18,0.5907,1.5493,0,0
2025-08-04,sz.300388,7.21,7.28,7.17,7.27,4484740,32454129.8,0.6594,0.8322,0,0
2025-08-05,sz.300388,7.28,7.31,7.26,7.28,3440200,25040809.8,0.5058,0.1376,0,0
2025-08-06,sz.300388,7.29,7.3,7.23,7.29,3695320,26846872.2,0.5433,0.1374,0,0
2025-08-07,sz.300388,7.3,7.33,7.25,7.26,4459040,32461654.8,0.6556,-0.4115,0,0
2025-08-08,sz.300388,7.26,8.31,7.21,7.87,39246776,305872629.36,5.7706,8.4022,0,0
2025-08-11,sz.300388,7.84,8.2,7.75,7.98,29676631,236656785.71,4.3635,1.3977,0,0
2025-08-12,sz.300388,7.93,8.1,7.83,7.95,18720534,148322165.88,2.7526,-0.3759,0,0
2025-08-13,sz.300388,7.92,7.98,7.79,7.83,13504981,105866009.42,1.9857,-1.5094,0,0
2025-08-14,sz.300388,7.83,7.85,7.56,7.56,13410360,102671779.6,1.9718,-3.4483,0,0
2025-08-15,sz.300388,7.59,7.66,7.55,7.66,8851940,67405452.2,1.3015,1.3228,0,0
2025-08-18,sz.300388,7.65,7.71,7.58,7.68,10178702,77958586.52,1.4966,0.2611,0,0
2025-08-19,sz.300388,7.66,7.82,7.59,7.81,13537531,104523134.41,1.9905,1.6927,0,0
2025-08-20,sz.300388,7.78,7.8,7.7,7.79,7667118,59367362.74,1.1273,-0.2561,0,0
2025-08-21,sz.300388,7.79,7.95,7.72,7.73,10704954,83691353.84,1.574,-0.7702,0,0
2025-08-22,sz.300388,7.73,7.76,7.62,7.68,7222200,55288139.6,1.0619,-0.6468,0,0
2025-08-25,sz.300388,7.68,7.73,7.64,7.7,7237780,55605926.6,1.0642,0.2604,0,0
2025-08-26,sz.300388,7.78,7.92,7.77,7.81,11506080,90017460.6,1.6926,1.4286,0,0
2025-08-27,sz.300388,7.78,7.82,7.58,7.58,9708350,74884640.1,1.4281,-2.9449,0,0
2025-08-28,sz.300388,7.58,7.66,7.43,7.59,9788070,73923145.5,1.4398,0.1319,0,0
2025-08-29,sz.300388,7.57,7.81,7.57,7.76,10715428,82610940.56,1.5763,2.2398,0,0
2025-09-01,sz.300388,7.75,7.83,7.67,7.77,9443177,73257560.42,1.3891,0.1289,0,0
2025-09-02,sz.300388,7.74,7.77,7.54,7.59,9323186,71074750.42,1.3715,-2.3166,0,0
2025-09-03,sz.300388,7.58,7.61,7.4,7.42,6616500,49559162.6,0.9733,-2.2398,0,0
2025-09-04,sz.300388,7.43,8.08,7.4,7.99,28721341,224426746.49,4.2249,7.6819,0,0
2025-09-05,sz.300388,7.98,8.05,7.84,8.04,21427455,170634833.47,3.152,0.6258,0,0
2025-09-08,sz.300388,8.11,9.27,8.11,8.66,39387637,339675936.94,5.794,7.7114,0,0
2025-09-09,sz.300388,8.6,8.77,8.45,8.67,25546363,220752574.2,3.7579,0.1155,0,0
2025-09-10,sz.300388,8.57,8.66,8.38,8.54,19504965,165532130.75,2.8692,-1.4994,0,0
2025-09-11,sz.300388,8.45,8.68,8.36,8.6,16912831,144456027.29,2.4879,0.7026,0,0
2025-09-12,sz.300388,8.55,9.89,8.53,9.31,62595812,585612278.52,9.2079,8.2558,0,0
2025-09-15,sz.300388,9.16,9.3,8.85,8.91,29290802,262945192.86,4.3087,-4.2965,0,0
2025-09-16,sz.300388,8.86,9.06,8.6,8.86,24131012,212374645.06,3.5497,-0.5612,0,0
2025-09-17,sz.300388,8.84,9.18,8.7,9.1,31193108,282335667.38,4.5885,2.7088,0,0
2025-09-18,sz.300388,8.95,9.14,8.58,8.61,24048005,213175940.95,3.5375,-5.3846,0,0
2025-09-19,sz.300388,8.72,8.88,8.38,8.67,30020318,258916557.42,4.416,0.6969,0,0
2025-09-22,sz.300388,8.65,9.09,8.42,9.05,36337678,318019093.68,5.3453,4.3829,0,0
2025-09-23,sz.300388,9.01,9.31,8.73,9.23,28494423,256356666.26,4.1916,1.989,0,0
2025-09-24,sz.300388,9.16,9.64,8.98,9.58,34174542,320300106.32,5.0271,3.792,0,0
2025-09-25,sz.300388,9.58,9.63,9.32,9.4,18390637,173426607.69,2.7053,-1.8789,0,0
2025-09-26,sz.300388,9.31,9.44,9.18,9.27,13215602,122800895.36,1.944,-1.383,0,0
2025-09-29,sz.300388,9.39,9.83,9.33,9.65,21521229,207530355.35,3.1658,4.0992,0,0
2025-09-30,sz.300388,9.61,9.77,9.37,9.71,17688476,169191438.12,2.602,0.6218,0,0
2025-10-09,sz.300388,9.67,10.3,9.65,10.06,19566968,196444885.0,2.8783,3.6045,0,0
2025-10-10,sz.300388,10.22,10.22,9.68,9.79,13205013,130164762.14,1.9425,-2.6839,0,0
2025-10-13,sz.300388,9.3,10.5,9.2,10.44,27010790,270459371.53,3.9733,6.6394,0,0
2025-10-14,sz.300388,10.42,10.51,10.15,10.35,15350113,158575353.44,2.258,-0.8621,0,0
2025-10-15,sz.300388,10.5,10.68,9.94,10.35,18672323,191526559.52,2.7467,0.0,0,0
2025-10-16,sz.300388,10.33,10.33,9.5,9.68,20871491,204703108.29,3.0702,-6.4734,0,0
2025-10-17,sz.300388,9.73,9.97,9.55,9.77,17094620,167809400.24,2.5146,0.9298,0,0
2025-10-20,sz.300388,9.79,9.85,8.89,8.96,26711077,245471947.05,3.9292,-8.2907,0,0
2025-10-21,sz.300388,9.0,9.15,8.83,8.83,17660280,158225839.09,2.5978,-1.4509,0,0
2025-10-22,sz.300388,8.99,10.24,8.98,9.67,38062534,368804236.16,5.599,9.513,0,0
2025-10-23,sz.300388,9.58,9.65,9.19,9.36,21150400,197467175.94,3.1112,-3.2058,0,0
2025-10-24,sz.300388,9.36,9.74,9.31,9.67,16358675,155964316.05,2.4064,3.312,0,0
2025-10-27,sz.300388,9.67,10.12,9.5,9.57,16519457,160649916.7,2.43,-1.0341,0,0
2025-10-28,sz.300388,9.5,10.0,9.34,9.39,22340680,214328601.8,3.2863,-1.8809,0,0
2025-10-29,sz.300388,9.34,9.5,9.02,9.26,20045017,184283665.44,2.9486,-1.3845,0,0
2025-10-30,sz.300388,9.2,9.29,8.97,9.0,13529474,122615191.06,1.9902,-2.8078,0,0
2025-10-31,sz.300388,9.04,9.28,9.02,9.1,10451414,95557723.5,1.5374,1.1111,0,0
2025-11-03,sz.300388,9.05,9.3,9.01,9.15,11541879,105650212.85,1.6978,0.5495,0,0
2025-11-04,sz.300388,9.12,9.18,8.87,8.93,10910900,97867156.6,1.605,-2.4044,0,0
2025-11-05,sz.300388,8.87,9.5,8.85,9.29,20756225,191046435.97,3.0533,4.0314,0,0
2025-11-06,sz.300388,9.22,9.59,9.22,9.3,13871523,130296434.11,2.0405,0.1076,0,0
2025-11-07,sz.300388,9.28,9.3,9.07,9.1,9004105,82415275.6,1.3245,-2.1505,0,0
2025-11-10,sz.300388,9.13,9.21,8.97,9.07,9052980,81649708.2,1.3317,-0.3297,0,0
2025-11-11,sz.300388,9.07,9.08,8.91,8.93,9831020,88316037.6,1.4462,-1.5436,0,0
2025-11-12,sz.300388,9.64,9.99,9.2,9.3,47952553,460202109.81,7.0539,4.1433,0,0
2025-11-13,sz.300388,9.1,9.41,9.01,9.22,22895460,211487155.4,3.368,-0.8602,0,0
2025-11-14,sz.300388,9.14,9.68,9.13,9.47,23704665,224665382.92,3.487,2.7115,0,0
2025-11-17,sz.300388,9.45,9.47,9.18,9.44,16944800,157487460.0,2.4926,-0.3168,0,0
2025-11-18,sz.300388,9.35,9.47,9.24,9.42,12069420,112781888.12,1.7754,-0.2119,0,0
2025-11-19,sz.300388,9.37,9.68,9.35,9.42,16862768,159817637.44,2.4805,0.0,0,0
2025-11-20,sz.300388,9.42,9.79,9.42,9.61,15962853,152946029.65,2.3482,2.017,0,0
2025-11-21,sz.300388,9.52,9.83,9.21,9.21,20833273,198227549.85,3.0646,-4.1623,0,0
2025-11-24,sz.300388,9.3,9.33,8.7,8.97,16235653,144924399.97,2.3883,-2.6059,0,0
2025-11-25,sz.300388,8.95,9.08,8.85,8.96,7902500,71072305.0,1.1625,-0.1115,0,0
2025-11-26,sz.300388,8.97,9.26,8.93,9.08,10675080,97362246.2,1.5703,1.3393,0,0
2025-11-27,sz.300388,9.18,9.38,8.89,9.24,17578760,160735937.2,2.5859,1.7621,0,0
2025-11-28,sz.300388,9.16,9.34,9.04,9.28,11097520,102047392.6,1.6325,0.4329,0,0
2025-12-01,sz.300388,9.28,9.5,9.22,9.5,10278922,96518915.54,1.512,2.3707,0,0
2025-12-02,sz.300388,9.46,9.78,9.23,9.28,10123940,94404529.2,1.4892,-2.3158,0,0
2025-12-03,sz.300388,9.28,9.33,9.0,9.08,9450240,85957329.2,1.3901,-2.1552,0,0
2025-12-04,sz.300388,9.02,9.08,8.86,8.96,7742900,69563320.0,1.139,-1.3216,0,0
2025-12-05,sz.300388,8.98,9.08,8.85,9.02,10259200,92243876.4,1.5091,0.6696,0,0
2025-12-08,sz.300388,9.05,9.14,8.9,8.92,11495100,103208181.8,1.6909,-1.1086,0,0
2025-12-09,sz.300388,8.95,9.2,8.85,8.88,9600779,86404956.51,1.4123,-0.4484,0,0
2025-12-10,sz.300388,8.85,8.88,8.4,8.5,17818579,152349110.38,2.6211,-4.2793,0,0
2025-12-11,sz.300388,8.5,8.51,8.33,8.36,7212127,60569493.43,1.0609,-1.6471,0,0
2025-12-12,sz.300388,8.37,8.43,8.32,8.35,4588160,38443724.0,0.6749,-0.1196,0,0
2025-12-15,sz.300388,8.31,8.41,8.22,8.29,5478760,45413138.6,0.8059,-0.7186,0,0
2025-12-16,sz.300388,8.31,8.36,8.16,8.23,5419300,44510270.38,0.7972,-0.7238,0,0
2025-12-17,sz.300388,8.23,8.24,7.96,8.17,8566392,69024339.36,1.2601,-0.729,0,0
2025-12-18,sz.300388,8.09,8.21,8.07,8.15,5217905,42574558.5,0.7676,-0.2448,0,0
2025-12-19,sz.300388,8.13,8.27,8.13,8.25,4296645,35305462.6,0.632,1.227,0,0
2025-12-22,sz.300388,8.25,8.43,8.21,8.33,4971580,41537462.6,0.7313,0.9697,0,0
2025-12-23,sz.300388,8.3,8.32,8.15,8.19,4679700,38509038.0,0.6884,-1.6807,0,0
2025-12-24,sz.300388,8.24,8.29,8.17,8.28,5308960,43795889.6,0.781,1.0989,0,0
2025-12-25,sz.300388,8.26,8.37,8.17,8.19,6856620,56320579.2,1.0086,-1.087,0,0
2025-12-26,sz.300388,8.19,8.23,8.06,8.09,6566620,53501519.0,0.966,-1.221,0,0
2025-12-29,sz.300388,8.08,8.14,8.02,8.06,5544456,44693036.8,0.8156,-0.3708,0,0
2025-12-30,sz.300388,8.06,8.14,7.98,8.06,4243877,34225027.3,0.6243,0.0,0,0
2025-12-31,sz.300388,8.1,8.11,7.99,8.04,7256640,58451012.6,1.0675,-0.2481,0,0
2026-01-05,sz.300388,8.08,8.17,8.03,8.05,8362460,67351010.2,1.2301,0.1244,0,0
2026-01-06,sz.300388,8.06,8.17,8.04,8.13,7657940,62162322.2,1.1265,0.9938,0,0
2026-01-07,sz.300388,8.13,8.26,8.02,8.04,11920020,96445259.8,1.7535,-1.107,0,0
2026-01-08,sz.300388,8.02,8.1,7.99,8.05,7972880,64212362.0,1.1728,0.1244,0,0
2026-01-09,sz.300388,8.03,8.19,8.03,8.18,10028540,81266837.8,1.4752,1.6149,0,0
2026-01-12,sz.300388,8.17,8.25,8.11,8.25,8805980,72053594.6,1.2954,0.8557,0,0
2026-01-13,sz.300388,8.19,8.25,8.11,8.16,10683057,87499883.94,1.5715,-0.3663,0,0
2026-01-14,sz.300388,8.17,8.35,8.14,8.26,13399352,110575186.65,1.9711,1.2255,0,0
2026-01-15,sz.300388,8.19,8.27,8.16,8.18,6565300,53832172.0,0.9658,-0.9685,0,0
2026-01-16,sz.300388,8.23,8.26,8.15,8.18,6908412,56586970.0,1.0162,0.0,0,0
2026-01-19,sz.300388,8.18,8.31,8.17,8.3,8214971,67837555.67,1.2084,1.467,0,0
2026-01-20,sz.300388,8.31,8.34,8.24,8.31,7082981,58695170.28,1.0419,0.1205,0,0
2026-01-21,sz.300388,8.28,8.32,8.23,8.31,6100941,50524039.89,0.8975,0.0,0,0
2026-01-22,sz.300388,8.34,8.43,8.31,8.43,6226122,52233325.02,0.9159,1.444,0,0
2026-01-23,sz.300388,8.45,8.47,8.33,8.4,9127288,76424156.73,1.3426,-0.3559,0,0
2026-01-26,sz.300388,8.41,8.44,8.3,8.37,8381380,69968242.0,1.2329,-0.3571,0,0
2026-01-27,sz.300388,8.33,8.35,8.07,8.22,8779280,71728220.6,1.2914,-1.7921,0,0
2026-01-28,sz.300388,8.2,8.25,8.16,8.19,4881660,39979302.2,0.7181,-0.365,0,0
2026-01-29,sz.300388,8.15,8.22,8.1,8.14,6153772,50225166.2,0.9052,-0.6105,0,0
2026-01-30,sz.300388,8.11,8.38,8.07,8.34,12557073,103540205.02,1.8472,2.457,0,0
2026-02-02,sz.300388,8.34,8.44,8.18,8.23,8354808,69260086.32,1.229,-1.3189,0,0
2026-02-03,sz.300388,8.26,8.42,8.2,8.37,6712432,55747732.64,0.9874,1.7011,0,0
2026-02-04,sz.300388,8.35,8.4,8.28,8.39,6180072,51577497.2,0.9091,0.2389,0,0
2026-02-05,sz.300388,8.34,8.4,8.31,8.36,4596100,38415016.0,0.6761,-0.3576,0,0
2026-02-06,sz.300388,8.34,8.41,8.29,8.38,5838320,48887282.6,0.8588,0.2392,0,0
2026-02-09,sz.300388,8.39,8.48,8.37,8.47,5628499,47413085.57,0.828,1.074,0,0
2026-02-10,sz.300388,8.47,8.54,8.4,8.42,5079770,42933150.88,0.7472,-0.5903,0,0
2026-02-11,sz.300388,8.42,8.48,8.39,8.44,3562040,30059413.6,0.524,0.2375,0,0
2026-02-12,sz.300388,8.44,8.44,8.3,8.36,5912400,49428833.8,0.8697,-0.9479,0,0
2026-02-13,sz.300388,8.35,8.41,8.24,8.29,3873840,32218233.0,0.5698,-0.8373,0,0
2026-02-24,sz.300388,8.32,8.39,8.3,8.38,4848994,40524408.12,0.7133,1.0856,0,0
2026-02-25,sz.300388,8.4,8.5,8.38,8.46,5796262,49030060.38,0.8526,0.9547,0,0
2026-02-26,sz.300388,8.48,8.62,8.39,8.6,8049369,68669173.01,1.1841,1.6548,0,0
2026-02-27,sz.300388,8.62,8.87,8.61,8.76,13060788,114430234.48,1.9213,1.8605,0,0
2026-03-02,sz.300388,8.68,8.77,8.51,8.68,10489642,90790876.44,1.543,-0.9132,0,0
2026-03-03,sz.300388,8.7,8.84,8.59,8.6,12398180,108414114.2,1.8238,-0.9217,0,0
2026-03-04,sz.300388,8.52,8.63,8.42,8.61,10184197,86884924.68,1.4981,0.1163,0,0
2026-03-05,sz.300388,8.68,8.8,8.66,8.74,8915180,77729963.2,1.3114,1.5099,0,0
2026-03-06,sz.300388,8.71,8.9,8.65,8.88,9427100,83150213.8,1.3867,1.6018,0,0
2026-03-09,sz.300388,8.84,8.94,8.72,8.81,8700538,76596972.32,1.2799,-0.7883,0,0
2026-03-10,sz.300388,8.8,8.98,8.77,8.93,8545936,75955333.49,1.2571,1.3621,0,0
2026-03-11,sz.300388,8.91,8.97,8.79,8.96,7410580,65807955.8,1.0901,0.3359,0,0
2026-03-12,sz.300388,8.97,8.97,8.79,8.85,5987104,53013459.84,0.8807,-1.2277,0,0
2026-03-13,sz.300388,8.84,8.94,8.71,8.88,8801400,77682414.0,1.2947,0.339,0,0
2026-03-16,sz.300388,8.73,8.91,8.66,8.8,10587520,92626092.4,1.5574,-0.9009,0,0
2026-03-17,sz.300388,8.81,8.88,8.67,8.68,8389160,73552801.6,1.2341,-1.3636,0,0
2026-03-18,sz.300388,8.64,8.7,8.49,8.65,7020621,60188529.86,1.0327,-0.3456,0,0
2026-03-19,sz.300388,8.6,8.75,8.5,8.54,5464041,47098198.9,0.8038,-1.2717,0,0
2026-03-20,sz.300388,8.55,8.63,8.28,8.29,6141000,51636743.0,0.9034,-2.9274,0,0
2026-03-23,sz.300388,8.16,8.21,7.75,7.81,7738740,62050817.8,1.1384,-5.7901,0,0
2026-03-24,sz.300388,7.96,8.31,7.92,8.29,7167780,58114455.0,1.0544,6.146,0,0
2026-03-25,sz.300388,8.31,8.63,8.26,8.62,8156837,69551693.41,1.1999,3.9807,0,0
2026-03-26,sz.300388,8.54,8.61,8.24,8.27,8624123,72170488.38,1.2663,-4.0603,0,0
2026-03-27,sz.300388,8.25,8.27,8.09,8.19,5870450,48040869.8,0.862,-0.9674,0,0
2026-03-30,sz.300388,8.1,8.17,7.93,8.07,5052300,40592922.6,0.7418,-1.4652,0,0
2026-03-31,sz.300388,8.03,8.14,7.94,7.99,4499134,36182727.15,0.6606,-0.9913,0,0
2026-04-01,sz.300388,8.08,8.14,8.02,8.09,3770994,30414021.3,0.5537,1.2516,0,0
2026-04-02,sz.300388,8.07,8.14,7.86,7.95,4751810,37919254.1,0.6977,-1.7305,0,0
2026-04-03,sz.300388,7.92,7.96,7.6,7.62,5338458,41146976.8,0.7839,-4.1509,0,0
2026-04-07,sz.300388,7.66,7.73,7.59,7.68,2971260,22772758.4,0.4363,0.7874,0,0
2026-04-08,sz.300388,7.81,8.0,7.8,8.0,4401860,34808309.4,0.6463,4.1667,0,0
2026-04-09,sz.300388,7.97,7.97,7.77,7.8,3951900,31003630.0,0.5803,-2.5,0,0
2026-04-10,sz.300388,7.85,7.95,7.83,7.88,2776120,21947526.8,0.4076,1.0256,0,0
2026-04-13,sz.300388,7.87,7.92,7.8,7.88,2530315,19872784.55,0.3715,0.0,0,0
2026-04-14,sz.300388,7.95,7.95,7.84,7.91,2693960,21251563.2,0.3956,0.3807,0,0
2026-04-15,sz.300388,7.94,7.94,7.86,7.89,2578632,20359173.08,0.3786,-0.2528,0,0
2026-04-16,sz.300388,7.9,8.0,7.81,7.99,3735218,29640575.78,0.5485,1.2674,0,0
2026-04-17,sz.300388,7.99,8.0,7.87,7.91,3415660,27037697.2,0.5015,-1.0013,0,0
2026-04-20,sz.300388,7.89,7.95,7.86,7.93,3138720,24825612.2,0.4609,0.2528,0,0
2026-04-21,sz.300388,7.91,7.91,7.77,7.85,3122140,24425389.6,0.4584,-1.0088,0,0
2026-04-22,sz.300388,7.81,7.84,7.77,7.81,3240325,25266832.75,0.4758,-0.5096,0,0
2026-04-23,sz.300388,8.28,8.56,8.12,8.28,20033170,166404217.4,2.9415,6.0179,0,0
2026-04-24,sz.300388,8.25,8.45,8.21,8.33,12356288,102977268.08,1.8143,0.6039,0,0
2026-04-27,sz.300388,8.31,8.32,8.06,8.17,7185634,58620576.24,1.0551,-1.9208,0,0
2026-04-28,sz.300388,8.15,8.28,8.09,8.2,7407054,60594837.66,1.0876,0.3672,0,0
2026-04-29,sz.300388,8.11,8.26,8.11,8.17,5872600,48059236.0,0.8623,-0.3659,0,0
2026-04-30,sz.300388,8.14,8.3,8.14,8.19,6827628,56056379.36,1.0025,0.2448,0,0
2026-05-06,sz.300388,8.16,8.4,8.16,8.37,8503900,70803482.6,1.2487,2.1978,0,0
2026-05-07,sz.300388,8.35,8.41,8.3,8.34,5485820,45766294.6,0.8055,-0.3584,0,0
2026-05-08,sz.300388,8.36,8.48,8.3,8.36,4463896,37377567.52,0.6555,0.2398,0,0
2026-05-11,sz.300388,8.37,8.54,8.36,8.48,7477020,63440690.8,1.0979,1.4354,0,0
2026-05-12,sz.300388,8.44,8.7,8.42,8.51,7327909,62524373.1,1.076,0.3538,0,0
2026-05-13,sz.300388,8.48,8.82,8.43,8.71,11847036,102755650.32,1.7395,2.3502,0,0
2026-05-14,sz.300388,8.68,8.69,8.44,8.44,8030242,68546820.5,1.1791,-3.0999,0,0
2026-05-15,sz.300388,8.44,8.49,8.26,8.34,6929340,58050305.2,1.0175,-1.1848,0,0
2026-05-18,sz.300388,8.31,8.45,8.29,8.37,5163480,43089945.0,0.7582,0.3597,0,0
2026-05-19,sz.300388,8.31,8.44,8.31,8.42,4446580,37300973.2,0.6529,0.5974,0,0
2026-05-20,sz.300388,8.46,8.54,8.27,8.33,5208700,43431151.0,0.7648,-1.0689,0,0
2026-05-21,sz.300388,8.31,8.39,7.89,7.91,8402700,68343799.2,1.2338,-5.042,0,0
2026-05-22,sz.300388,7.98,8.01,7.87,7.93,5029200,39916744.8,0.7385,0.2528,0,0
2026-05-25,sz.300388,7.91,8.0,7.78,7.87,6282915,49362972.25,0.9225,-0.7566,0,0
2026-05-26,sz.300388,7.83,7.9,7.61,7.7,5804215,44726550.5,0.8523,-2.1601,0,0
2026-05-27,sz.300388,7.66,7.73,7.32,7.44,7758180,57900480.2,1.1392,-3.3766,0,0
2026-05-28,sz.300388,7.51,7.59,7.33,7.43,5109600,38074601.0,0.7503,-0.1344,0,0
2026-05-29,sz.300388,7.45,7.59,7.38,7.43,5298700,39685656.0,0.778,0.0,0,0
2026-06-01,sz.300388,7.41,7.84,7.41,7.8,8357920,64328295.2,1.2272,4.9798,0,0
2026-06-02,sz.300388,7.77,7.78,7.63,7.66,6824321,52527692.64,1.002,-1.7949,0,0
2026-06-03,sz.300388,7.63,7.69,7.47,7.64,5642500,42648081.0,0.8285,-0.2611,0,0
2026-06-04,sz.300388,7.57,7.65,7.34,7.39,6294027,46870030.86,0.9242,-3.2723,0,0
2026-06-05,sz.300388,7.35,7.48,7.21,7.38,5083280,37398165.2,0.7464,0.2717,0,0
2026-06-08,sz.300388,7.21,7.6,7.2,7.31,6964960,51497173.4,1.0227,-0.9485,0,0
2026-06-09,sz.300388,7.37,7.43,7.09,7.14,7254296,52173916.4,1.0652,-2.3256,0,0
2026-06-10,sz.300388,7.08,7.17,6.97,7.17,6466108,45781256.48,0.9494,0.4202,0,0
2026-06-11,sz.300388,7.16,7.16,6.86,6.97,5811500,40384166.0,0.8533,-2.7894,0,0
2026-06-12,sz.300388,7.01,7.08,6.9,7.07,5517304,38612180.16,0.8101,1.4347,0,0
2026-06-15,sz.300388,7.08,7.26,7.06,7.14,5378901,38393443.13,0.7898,0.9901,0,0
2026-06-16,sz.300388,7.09,7.15,6.99,7.07,4144585,29300504.4,0.6086,-0.9804,0,0
2026-06-17,sz.300388,7.04,7.09,6.87,6.92,5253680,36405465.8,0.7714,-2.1216,0,0
2026-06-18,sz.300388,6.95,6.95,6.77,6.9,5230831,35989944.08,0.7681,-0.289,0,0
2026-06-22,sz.300388,6.89,6.9,6.58,6.87,7501739,50449856.58,1.1015,-0.4348,0,0
2026-06-23,sz.300388,6.84,7.03,6.84,6.88,4702683,32556345.9,0.6905,0.1456,0,0
2026-06-24,sz.300388,6.86,6.9,6.59,6.62,6034091,40441578.95,0.886,-3.7791,0,0
2026-06-25,sz.300388,6.62,6.62,6.45,6.48,4573682,29765192.78,0.6716,-2.1148,0,0
2026-06-26,sz.300388,6.48,6.54,6.33,6.34,4793420,30627285.2,0.7038,-2.1605,0,0
