date,code,open,high,low,close,volume,amount,turnover,pct_change,is_limit_up,is_limit_down
2019-07-01,sz.300711,22.38,22.69,22.04,22.3,5047031,112722724.37,11.164269,1.733573,0,0
2019-07-02,sz.300711,22.22,22.3,21.62,21.76,3750379,82035353.95,8.296014,-2.42152,0,0
2019-07-03,sz.300711,21.6,21.6,20.57,20.93,4323057,90841049.11,9.562804,-3.814338,0,0
2019-07-04,sz.300711,21.07,21.11,20.65,20.68,2231000,46615710.0,4.801257,-1.194458,0,0
2019-07-05,sz.300711,20.62,21.16,20.6,21.0,1762337,36801675.97,3.792664,1.547387,0,0
2019-07-08,sz.300711,20.84,20.84,19.5,19.86,3151167,62951459.98,6.781516,-5.428569,0,0
2019-07-09,sz.300711,19.79,20.06,19.45,19.72,1462130,28878948.7,3.146599,-0.704941,0,0
2019-07-10,sz.300711,19.9,19.99,19.45,19.61,1253390,24757524.6,2.697377,-0.557803,0,0
2019-07-11,sz.300711,16.59,16.64,16.21,16.33,1540469,25280912.69,2.762658,0.061276,0,0
2019-07-12,sz.300711,16.27,16.5,15.88,16.01,1465400,23592314.0,2.62803,-1.959582,0,0
2019-07-15,sz.300711,15.51,15.96,14.95,15.84,2601924,40283477.36,4.666258,-1.061837,0,0
2019-07-16,sz.300711,15.7,16.26,15.68,16.05,1885964,30310433.84,3.382264,1.325752,0,0
2019-07-17,sz.300711,15.86,16.29,15.86,15.93,1570876,25292853.44,2.817189,-0.747657,0,0
2019-07-18,sz.300711,15.8,16.05,15.43,15.52,1475216,23106311.92,2.645634,-2.573759,0,0
2019-07-19,sz.300711,15.65,15.88,15.52,15.61,1226280,19273983.8,2.199195,0.579892,0,0
2019-07-22,sz.300711,15.68,15.9,14.85,15.21,1444016,22054621.32,2.58968,-2.562458,0,0
2019-07-23,sz.300711,15.35,15.7,15.18,15.65,1563131,24172161.69,2.803299,2.892831,0,0
2019-07-24,sz.300711,15.6,16.18,15.55,15.86,2175542,34642044.9,3.90159,1.341853,0,0
2019-07-25,sz.300711,15.77,16.18,15.69,15.95,1734640,27740234.2,3.110882,0.567466,0,0
2019-07-26,sz.300711,15.93,16.08,15.71,15.98,1549560,24754920.2,2.779,0.1881,0,0
2019-07-29,sz.300711,16.27,16.27,15.88,16.06,1568740,25260380.8,2.813359,0.500625,0,0
2019-07-30,sz.300711,16.13,16.29,16.03,16.2,1666516,26972800.32,2.9887,0.8717,0,0
2019-07-31,sz.300711,16.23,16.48,15.9,16.26,2023487,32825444.31,3.6289,0.3704,0,0
2019-08-01,sz.300711,16.01,16.53,16.0,16.32,1810138,29415800.01,3.2463,0.369,0,0
2019-08-02,sz.300711,15.85,16.26,15.5,16.25,2665920,42208896.31,4.781,-0.4289,0,0
2019-08-05,sz.300711,16.1,17.88,15.98,17.88,5094958,90055959.54,9.1372,10.0308,0,0
2019-08-06,sz.300711,17.44,18.58,16.6,17.66,12293881,214614983.13,22.0477,-1.2304,0,0
2019-08-07,sz.300711,17.3,17.99,16.71,16.82,7444124,128795513.25,13.3502,-4.7565,0,0
2019-08-08,sz.300711,16.8,17.47,16.63,17.3,6711519,114901339.81,12.0364,2.8537,0,0
2019-08-09,sz.300711,17.14,17.39,16.2,16.69,5305114,88868950.63,9.5141,-3.526,0,0
2019-08-12,sz.300711,16.6,17.17,16.45,17.13,3816912,64387046.46,6.8452,2.6363,0,0
2019-08-13,sz.300711,16.86,17.59,16.7,17.44,6784674,117602475.23,12.1675,1.8097,0,0
2019-08-14,sz.300711,17.67,17.78,17.14,17.27,4739890,82287046.76,8.5005,-0.9748,0,0
2019-08-15,sz.300711,16.49,17.08,16.3,17.02,3239952,54374285.72,5.8105,-1.4476,0,0
2019-08-16,sz.300711,16.98,17.3,16.96,17.08,3364539,57626908.42,6.0339,0.3525,0,0
2019-08-19,sz.300711,17.46,17.79,17.04,17.62,6514217,114041253.54,11.6825,3.1616,0,0
2019-08-20,sz.300711,17.66,17.98,17.41,17.65,5131143,90685782.0,9.2021,0.1703,0,0
2019-08-21,sz.300711,17.69,17.85,17.35,17.45,3598217,63116029.98,6.453,-1.1331,0,0
2019-08-22,sz.300711,17.48,18.16,17.16,18.14,8659888,154362082.97,15.5305,3.9541,0,0
2019-08-23,sz.300711,18.0,18.0,17.31,17.61,5660013,99881470.54,10.1506,-2.9217,0,0
2019-08-26,sz.300711,16.91,17.38,16.91,17.25,2512687,43315485.55,4.5062,-2.0443,0,0
2019-08-27,sz.300711,17.25,18.49,17.25,17.79,4666134,83064599.96,8.3682,3.1304,0,0
2019-08-28,sz.300711,17.55,18.55,17.5,18.34,8760499,158520869.05,15.711,3.0916,0,0
2019-08-29,sz.300711,18.19,18.19,17.69,17.98,5364863,96164602.48,9.6213,-1.9629,0,0
2019-08-30,sz.300711,17.98,18.46,17.85,18.15,6778394,122981646.82,12.1563,0.9455,0,0
2019-09-02,sz.300711,18.18,18.99,17.98,18.72,9372576,174573860.93,16.8087,3.1405,0,0
2019-09-03,sz.300711,18.55,19.17,18.42,19.08,8658545,163329996.25,15.5281,1.9231,0,0
2019-09-04,sz.300711,19.01,19.01,18.45,18.89,6151993,115163558.06,11.0329,-0.9958,0,0
2019-09-05,sz.300711,18.8,19.37,18.75,18.78,7278723,138529664.82,13.0536,-0.5823,0,0
2019-09-06,sz.300711,18.81,19.25,18.41,18.76,6069839,114339355.61,10.8856,-0.1065,0,0
2019-09-09,sz.300711,18.81,19.57,18.62,19.45,8262465,158747398.3,14.8178,3.678,0,0
2019-09-10,sz.300711,19.35,19.47,18.73,18.99,5832513,111043287.79,10.46,-2.365,0,0
2019-09-11,sz.300711,19.05,19.05,18.41,18.45,4252609,79242147.54,7.6266,-2.8436,0,0
2019-09-12,sz.300711,18.52,18.8,18.47,18.73,2781934,51836632.21,4.9891,1.5176,0,0
2019-09-16,sz.300711,18.8,18.96,18.38,18.58,3739340,69869165.03,6.7061,-0.8009,0,0
2019-09-17,sz.300711,18.58,18.65,17.51,17.72,4215794,75712020.97,7.5606,-4.6286,0,0
2019-09-18,sz.300711,17.97,18.1,17.61,17.61,2736861,48742575.6,4.9083,-0.6208,0,0
2019-09-19,sz.300711,17.61,17.95,17.56,17.95,2440180,43306850.6,4.3762,1.9307,0,0
2019-09-20,sz.300711,17.84,18.04,17.51,17.65,2739199,48584161.11,4.9124,-1.6713,0,0
2019-09-23,sz.300711,17.64,17.64,17.12,17.44,2387050,41301817.34,4.2809,-1.1898,0,0
2019-09-24,sz.300711,17.31,17.88,17.31,17.69,3071307,54250736.75,5.508,1.4335,0,0
2019-09-25,sz.300711,17.58,17.83,16.9,16.97,3107240,53908346.21,5.5725,-4.0701,0,0
2019-09-26,sz.300711,16.98,17.23,16.31,16.39,2758587,45983617.31,4.9472,-3.4178,0,0
2019-09-27,sz.300711,16.3,16.63,16.3,16.42,1545359,25472699.17,2.7714,0.183,0,0
2019-09-30,sz.300711,16.38,16.65,16.06,16.08,1595100,26142305.4,2.8606,-2.0706,0,0
2019-10-08,sz.300711,16.1,16.58,16.1,16.48,2123640,34931608.95,3.8085,2.4876,0,0
2019-10-09,sz.300711,16.44,16.79,16.26,16.72,1940539,32247549.91,3.4801,1.4563,0,0
2019-10-10,sz.300711,16.69,16.82,16.53,16.66,1706055,28466537.65,3.0596,-0.3588,0,0
2019-10-11,sz.300711,16.76,16.78,16.45,16.6,1306856,21705471.12,2.3437,-0.3601,0,0
2019-10-14,sz.300711,16.69,16.93,16.69,16.79,1539776,25894946.4,2.7614,1.1446,0,0
2019-10-15,sz.300711,16.7,16.7,16.12,16.25,2049880,33414321.02,3.6762,-3.2162,0,0
2019-10-16,sz.300711,16.26,16.48,16.08,16.08,1151920,18739271.4,2.0658,-1.0462,0,0
2019-10-17,sz.300711,16.01,16.28,15.69,15.79,1570960,25009522.6,2.8173,-1.8035,0,0
2019-10-18,sz.300711,15.84,16.12,15.45,15.59,1632402,25743481.48,2.9275,-1.2666,0,0
2019-10-21,sz.300711,15.59,15.74,15.1,15.41,1625516,24881464.28,2.9152,-1.1546,0,0
2019-10-22,sz.300711,15.48,15.58,15.21,15.52,1158300,17896732.0,2.0773,0.7138,0,0
2019-10-23,sz.300711,15.53,15.6,15.28,15.33,812820,12566311.0,1.4577,-1.2242,0,0
2019-10-24,sz.300711,15.24,15.45,15.2,15.35,754680,11570875.8,1.3534,0.1305,0,0
2019-10-25,sz.300711,15.35,15.56,15.13,15.51,1340860,20558175.0,2.4047,1.0423,0,0
2019-10-28,sz.300711,15.51,15.93,15.51,15.85,1461260,23042036.4,2.6206,2.1921,0,0
2019-10-29,sz.300711,15.86,15.94,15.45,15.48,1433918,22446439.68,2.5716,-2.3344,0,0
2019-10-30,sz.300711,15.37,15.47,15.05,15.08,1163040,17748074.6,2.0858,-2.584,0,0
2019-10-31,sz.300711,15.2,15.32,14.97,15.19,1169778,17702593.4,2.0979,0.7294,0,0
2019-11-01,sz.300711,15.46,15.46,14.97,15.29,1082800,16474933.8,1.9419,0.6583,0,0
2019-11-04,sz.300711,15.3,15.67,15.2,15.49,1744960,27001983.4,3.1294,1.308,0,0
2019-11-05,sz.300711,15.44,16.99,15.14,15.79,3466272,54750719.24,6.2164,1.9367,0,0
2019-11-06,sz.300711,15.7,15.75,15.35,15.4,2137700,33052905.2,3.8337,-2.4699,0,0
2019-11-07,sz.300711,15.34,15.54,15.32,15.38,1153780,17785887.8,2.0692,-0.1299,0,0
2019-11-08,sz.300711,15.44,15.48,15.15,15.16,1164647,17849983.53,2.0887,-1.4304,0,0
2019-11-11,sz.300711,15.02,15.19,14.21,14.54,1784800,26438247.82,3.2008,-4.0897,0,0
2019-11-12,sz.300711,14.54,14.77,14.22,14.54,1065780,15377623.2,1.9114,0.0,0,0
2019-11-13,sz.300711,14.51,14.73,14.37,14.56,834040,12156702.8,1.4958,0.1376,0,0
2019-11-14,sz.300711,14.56,14.66,14.41,14.54,932380,13568723.0,1.6721,-0.1374,0,0
2019-11-15,sz.300711,14.5,14.58,13.96,13.96,1572200,22385990.2,2.8196,-3.989,0,0
2019-11-18,sz.300711,13.96,14.38,13.55,14.31,1472490,21011238.4,2.6407,2.5072,0,0
2019-11-19,sz.300711,14.28,14.66,14.27,14.61,1453540,21179877.8,2.6068,2.0964,0,0
2019-11-20,sz.300711,14.74,14.78,14.5,14.5,1052958,15422251.32,1.8884,-0.7529,0,0
2019-11-21,sz.300711,14.43,14.58,14.25,14.42,1009418,14561348.6,1.8103,-0.5517,0,0
2019-11-22,sz.300711,14.46,14.61,13.95,14.05,1137038,16228737.9,2.0391,-2.5659,0,0
2019-11-25,sz.300711,14.04,14.19,13.76,13.82,999640,13892178.8,1.7927,-1.637,0,0
2019-11-26,sz.300711,13.96,13.96,13.71,13.75,749580,10334947.2,1.3443,-0.5065,0,0
2019-11-27,sz.300711,13.68,13.74,13.43,13.54,1249860,16967109.4,2.2415,-1.5273,0,0
2019-11-28,sz.300711,13.27,13.68,13.27,13.37,854518,11516496.0,1.5325,-1.2555,0,0
2019-11-29,sz.300711,13.39,13.55,13.36,13.51,729500,9810030.8,1.3083,1.0471,0,0
2019-12-02,sz.300711,13.8,13.8,13.38,13.42,918500,12429119.6,1.6472,-0.6662,0,0
2019-12-03,sz.300711,13.33,14.31,13.27,14.08,1997098,27595336.0,3.5816,4.918,0,0
2019-12-04,sz.300711,13.9,14.12,13.65,13.94,1809580,24955364.2,3.2453,-0.9943,0,0
2019-12-05,sz.300711,13.88,14.5,13.8,14.26,3517660,49880249.4,6.3085,2.2956,0,0
2019-12-06,sz.300711,14.17,14.6,13.99,14.53,3555117,51059799.18,6.3757,1.8934,0,0
2019-12-09,sz.300711,14.42,15.01,14.31,14.78,3058633,45097954.18,5.4853,1.7206,0,0
2019-12-10,sz.300711,14.88,14.89,14.52,14.7,1744239,25565796.99,3.1281,-0.5413,0,0
2019-12-11,sz.300711,14.6,15.08,14.55,14.9,2535492,37535062.13,4.5471,1.3605,0,0
2019-12-12,sz.300711,14.89,15.14,14.49,14.68,2604504,38664620.84,4.6709,-1.4765,0,0
2019-12-13,sz.300711,14.67,15.5,14.49,15.28,3955357,59131254.04,7.0935,4.0872,0,0
2019-12-16,sz.300711,15.16,15.28,14.94,15.19,3761825,56651970.28,6.7464,-0.589,0,0
2019-12-17,sz.300711,15.06,16.08,15.06,15.49,4974988,77143860.1,8.9221,1.975,0,0
2019-12-18,sz.300711,15.36,15.55,15.28,15.35,2788643,42872527.2,5.0011,-0.9038,0,0
2019-12-19,sz.300711,15.35,15.45,15.0,15.15,2972703,45082067.65,5.3312,-1.3029,0,0
2019-12-20,sz.300711,15.16,15.19,14.69,14.93,2325860,34674882.8,4.1712,-1.4521,0,0
2019-12-23,sz.300711,14.84,15.44,14.64,15.19,4043572,60807824.19,7.2517,1.7415,0,0
2019-12-24,sz.300711,15.09,15.21,14.9,15.03,2212696,33289925.49,3.9682,-1.0533,0,0
2019-12-25,sz.300711,15.09,15.16,14.89,14.89,1855280,27790144.0,3.3272,-0.9315,0,0
2019-12-26,sz.300711,14.89,14.95,14.78,14.91,1462931,21766317.39,2.6236,0.1343,0,0
2019-12-27,sz.300711,14.93,15.01,14.6,14.79,1452960,21528281.6,2.6057,-0.8048,0,0
2019-12-30,sz.300711,14.65,14.77,14.28,14.43,1509440,21743617.4,2.707,-2.4341,0,0
2019-12-31,sz.300711,14.42,14.54,14.3,14.3,1018592,14667972.04,1.8267,-0.9009,0,0
2020-01-02,sz.300711,14.44,14.96,14.4,14.92,2430720,35719663.4,4.3592,4.3357,0,0
2020-01-03,sz.300711,14.95,15.81,14.89,15.8,5963623,91760055.4,10.6951,5.8981,0,0
2020-01-06,sz.300711,16.0,16.45,15.47,15.62,6335003,100478721.93,11.3611,-1.1392,0,0
2020-01-07,sz.300711,15.69,15.75,15.39,15.61,3079780,47870902.6,5.5232,-0.064,0,0
2020-01-08,sz.300711,15.5,15.85,15.37,15.37,2468389,38488399.16,4.4268,-1.5375,0,0
2020-01-09,sz.300711,15.51,15.61,15.38,15.52,1833060,28422746.2,3.2874,0.9759,0,0
2020-01-10,sz.300711,15.63,15.63,15.01,15.28,1733124,26599480.68,3.1082,-1.5464,0,0
2020-01-13,sz.300711,15.36,15.6,15.24,15.5,1563988,24154533.0,2.8048,1.4398,0,0
2020-01-14,sz.300711,15.57,15.6,15.26,15.28,2182714,33570726.34,3.9145,-1.4194,0,0
2020-01-15,sz.300711,15.22,15.36,15.2,15.31,934848,14274405.28,1.6765,0.1963,0,0
2020-01-16,sz.300711,15.32,15.35,15.11,15.12,1044440,15911733.4,1.8731,-1.241,0,0
2020-01-17,sz.300711,15.5,15.8,15.35,15.37,2532012,39395390.24,4.5409,1.6534,0,0
2020-01-20,sz.300711,15.25,15.81,14.95,15.8,3110012,48146521.4,5.5775,2.7977,0,0
2020-01-21,sz.300711,15.83,17.3,15.6,16.9,7328524,119854251.22,13.1429,6.962,0,0
2020-01-22,sz.300711,16.51,16.88,16.07,16.45,6077634,100383811.42,10.8996,-2.6627,0,0
2020-01-23,sz.300711,16.27,16.66,14.81,16.45,4875040,79650059.84,8.7428,0.0,0,0
2020-02-03,sz.300711,14.81,15.49,14.81,14.9,3602538,53784691.78,6.4607,-9.4225,0,0
2020-02-04,sz.300711,14.92,16.3,14.9,15.75,6340200,98863455.6,11.3704,5.7047,0,0
2020-02-05,sz.300711,15.62,17.15,15.51,16.66,8345305,137275784.45,14.9664,5.7778,0,0
2020-02-06,sz.300711,16.65,17.28,16.31,17.18,8864627,150407462.05,15.8977,3.1213,0,0
2020-02-07,sz.300711,16.9,17.75,16.61,17.49,8837837,152167029.32,15.8497,1.8044,0,0
2020-02-10,sz.300711,17.3,17.85,17.02,17.42,6796893,118556539.08,12.1895,-0.4002,0,0
2020-02-11,sz.300711,17.33,17.5,16.6,16.86,5850080,99191486.8,10.4915,-3.2147,0,0
2020-02-12,sz.300711,16.66,17.15,16.61,17.0,4481578,75769965.56,8.0372,0.8304,0,0
2020-02-13,sz.300711,17.01,17.01,16.3,16.6,4376708,72604293.6,7.8491,-2.3529,0,0
2020-02-14,sz.300711,16.6,17.75,16.41,17.75,9615652,166332918.78,17.2446,6.9277,0,0
2020-02-17,sz.300711,18.16,18.16,17.45,17.89,9015164,159917998.4,16.1677,0.7887,0,0
2020-02-18,sz.300711,17.65,18.18,17.52,18.13,7621918,136122608.7,13.6691,1.3415,0,0
2020-02-19,sz.300711,17.9,17.97,17.31,17.32,6871283,121062631.0,12.3229,-4.4677,0,0
2020-02-20,sz.300711,17.32,17.66,17.05,17.48,4471768,77849494.34,8.0196,0.9238,0,0
2020-02-21,sz.300711,17.36,17.88,17.29,17.68,5555366,98091412.44,9.9629,1.1442,0,0
2020-02-24,sz.300711,17.6,18.45,17.45,18.23,7661613,138844891.32,13.7402,3.1109,0,0
2020-02-25,sz.300711,17.6,18.18,17.11,18.1,7842134,139599298.1,14.064,-0.7131,0,0
2020-02-26,sz.300711,17.88,17.99,17.21,17.36,4912652,86628986.86,8.8103,-4.0884,0,0
2020-02-27,sz.300711,17.43,17.73,16.82,17.29,4991068,86581089.8,8.9509,-0.4032,0,0
2020-02-28,sz.300711,16.34,16.8,15.63,15.8,4840660,78770064.0,8.6812,-8.6177,0,0
2020-03-02,sz.300711,16.0,16.7,16.0,16.55,3174272,51962271.72,5.6927,4.7468,0,0
2020-03-03,sz.300711,16.9,17.3,16.54,16.76,4747628,80446899.12,8.5143,1.2689,0,0
2020-03-04,sz.300711,16.67,16.98,16.5,16.85,2451740,41106566.0,4.3969,0.537,0,0
2020-03-05,sz.300711,17.19,17.4,16.81,16.96,4037572,68992145.96,7.2409,0.6528,0,0
2020-03-06,sz.300711,16.68,16.95,16.61,16.84,2577940,43299913.6,4.6232,-0.7075,0,0
2020-03-09,sz.300711,16.57,17.58,16.4,16.64,5537812,94631420.68,9.9314,-1.1877,0,0
2020-03-10,sz.300711,16.22,18.3,16.22,18.3,14749522,265290083.8,26.4516,9.976,0,0
2020-03-11,sz.300711,18.66,18.97,17.72,17.75,14677814,269449618.98,26.323,-3.0055,0,0
2020-03-12,sz.300711,17.2,18.49,17.2,18.29,9492717,170749568.07,17.0241,3.0423,0,0
2020-03-13,sz.300711,17.24,19.17,17.24,18.74,12182623,225220332.2,21.8482,2.4604,0,0
2020-03-16,sz.300711,18.61,18.92,16.87,16.87,9176283,163240787.94,16.4566,-9.9786,0,0
2020-03-17,sz.300711,17.26,17.35,16.0,16.6,5721500,95417701.96,10.2609,-1.6005,0,0
2020-03-18,sz.300711,16.82,17.09,16.12,16.12,5428800,90517078.0,10.004,-2.8916,0,0
2020-03-19,sz.300711,16.15,16.9,15.88,16.83,5098080,83745221.4,9.1428,4.4045,0,0
2020-03-20,sz.300711,17.01,17.2,16.72,17.03,4554715,77451321.12,8.1684,1.1884,0,0
2020-03-23,sz.300711,16.6,18.73,16.51,17.63,7932626,140298286.84,14.2263,3.5232,0,0
2020-03-24,sz.300711,17.97,18.33,17.04,18.0,8865740,158838575.8,15.8997,2.0987,0,0
2020-03-25,sz.300711,18.36,18.38,17.67,18.11,6645880,119373944.0,11.9186,0.6111,0,0
2020-03-26,sz.300711,17.85,19.23,17.85,18.75,11026520,203905785.56,19.7748,3.534,0,0
2020-03-27,sz.300711,20.0,20.0,17.4,17.49,12632371,235378986.04,22.6547,-6.72,0,0
2020-03-30,sz.300711,16.5,16.74,16.0,16.13,6183673,100634615.4,11.0897,-7.7759,0,0
2020-03-31,sz.300711,16.26,16.45,15.38,15.45,5137947,81868354.46,9.2143,-4.2157,0,0
2020-04-01,sz.300711,15.45,15.87,15.0,15.19,3803638,58793792.98,6.8214,-1.6828,0,0
2020-04-02,sz.300711,15.08,15.67,15.08,15.63,2965194,45672267.38,5.3177,2.8966,0,0
2020-04-03,sz.300711,15.6,15.81,15.26,15.35,3104942,48159719.48,5.5684,-1.7914,0,0
2020-04-07,sz.300711,15.59,16.16,15.56,15.96,3718331,58917248.4,6.6684,3.9739,0,0
2020-04-08,sz.300711,15.91,16.28,15.66,16.07,3853532,61765083.68,6.9109,0.6892,0,0
2020-04-09,sz.300711,16.23,16.45,16.07,16.17,3439479,55881614.89,6.1683,0.6223,0,0
2020-04-10,sz.300711,16.0,16.31,15.56,15.6,3708160,58755763.4,6.8333,-3.525,0,0
2020-04-13,sz.300711,15.6,15.85,15.35,15.82,2060843,32350493.5,3.7976,1.4103,0,0
2020-04-14,sz.300711,15.83,16.14,15.7,16.02,2088594,33227281.74,3.8488,1.2642,0,0
2020-04-15,sz.300711,16.15,16.21,15.81,15.84,2281799,36545340.99,4.2048,-1.1236,0,0
2020-04-16,sz.300711,15.88,16.04,15.71,15.9,1735439,27552720.12,3.198,0.3788,0,0
2020-04-17,sz.300711,15.7,15.86,15.38,15.38,3263372,50942959.76,6.0136,-3.2704,0,0
2020-04-20,sz.300711,15.38,15.52,15.25,15.43,1965720,30231297.2,3.6224,0.3251,0,0
2020-04-21,sz.300711,15.43,15.44,15.12,15.3,1711240,26101959.0,3.1534,-0.8425,0,0
2020-04-22,sz.300711,15.21,15.46,15.17,15.38,1652020,25355063.6,3.0443,0.5229,0,0
2020-04-23,sz.300711,15.47,15.52,15.05,15.08,2121880,32388886.6,3.9101,-1.9506,0,0
2020-04-24,sz.300711,15.06,15.09,14.25,14.41,3032159,44318394.4,5.5875,-4.443,0,0
2020-04-27,sz.300711,14.88,14.88,13.97,14.02,3650900,52092328.4,6.7277,-2.7064,0,0
2020-04-28,sz.300711,14.06,14.06,13.01,13.38,2734660,36858079.8,5.0393,-4.5649,0,0
2020-04-29,sz.300711,13.35,13.58,13.3,13.31,1329520,17837568.0,2.45,-0.5232,0,0
2020-04-30,sz.300711,13.44,13.88,13.41,13.84,1892727,25878959.94,3.4878,3.982,0,0
2020-05-06,sz.300711,13.6,14.37,13.57,14.28,1849720,25918937.3,3.4086,3.1792,0,0
2020-05-07,sz.300711,14.33,14.59,14.11,14.26,2137106,30604872.78,3.9382,-0.1401,0,0
2020-05-08,sz.300711,14.46,14.6,14.26,14.45,2141301,30911657.16,3.9459,1.3324,0,0
2020-05-11,sz.300711,14.6,14.73,14.38,14.56,1527440,22244653.2,2.8147,0.7612,0,0
2020-05-12,sz.300711,14.74,14.74,14.24,14.56,1290040,18652738.4,2.3772,0.0,0,0
2020-05-13,sz.300711,14.85,14.85,14.51,14.65,1289881,18873002.75,2.3769,0.6181,0,0
2020-05-14,sz.300711,14.48,14.69,14.4,14.54,1344494,19553136.23,2.4776,-0.7509,0,0
2020-05-15,sz.300711,14.43,14.66,14.43,14.45,1245705,18095407.67,2.2955,-0.619,0,0
2020-05-18,sz.300711,14.45,14.53,14.06,14.27,1437277,20593148.99,2.6486,-1.2457,0,0
2020-05-19,sz.300711,14.39,14.46,14.19,14.28,1163940,16636716.0,2.1449,0.0701,0,0
2020-05-20,sz.300711,14.19,14.24,13.94,13.99,1327579,18678004.03,2.4464,-2.0308,0,0
2020-05-21,sz.300711,14.0,14.11,13.7,13.73,1058541,14708032.67,1.9506,-1.8585,0,0
2020-05-22,sz.300711,13.89,13.92,13.36,13.46,1423131,19343728.81,2.6225,-1.9665,0,0
2020-05-25,sz.300711,13.5,13.63,13.31,13.57,1171640,15861216.58,2.1591,0.8172,0,0
2020-05-26,sz.300711,13.65,13.94,13.59,13.86,1212460,16730796.0,2.2343,2.1371,0,0
2020-05-27,sz.300711,13.87,13.96,13.74,13.83,1034140,14302900.8,1.9057,-0.2164,0,0
2020-05-28,sz.300711,13.82,13.91,13.45,13.74,1165200,15957809.88,2.1472,-0.6508,0,0
2020-05-29,sz.300711,13.68,13.94,13.6,13.75,883409,12197175.37,1.6279,0.0728,0,0
2020-06-01,sz.300711,13.79,14.18,13.79,14.11,1473500,20677812.93,2.7153,2.6182,0,0
2020-06-02,sz.300711,14.11,14.33,14.06,14.27,1528159,21741330.53,2.816,1.134,0,0
2020-06-03,sz.300711,14.27,14.49,14.21,14.29,1653579,23716826.05,3.0472,0.1402,0,0
2020-06-04,sz.300711,14.3,14.33,14.18,14.27,865320,12325228.0,1.5946,-0.14,0,0
2020-06-05,sz.300711,14.19,14.65,14.14,14.37,1591020,22899822.0,2.9043,0.7008,0,0
2020-06-08,sz.300711,14.47,14.56,14.25,14.28,1063100,15333967.97,1.9406,-0.6263,0,0
2020-06-09,sz.300711,14.47,14.47,14.15,14.26,1013460,14444462.0,1.85,-0.1401,0,0
2020-06-10,sz.300711,14.26,14.31,13.96,14.07,1081156,15204457.75,1.9736,-1.3324,0,0
2020-06-11,sz.300711,14.02,14.27,13.98,14.11,1224440,17332329.84,2.2351,0.2843,0,0
2020-06-12,sz.300711,11.51,11.67,11.46,11.58,1432196,16547064.64,2.1787,-1.3629,0,0
2020-06-15,sz.300711,11.52,11.85,11.49,11.54,1386368,16182558.89,2.1089,-0.3454,0,0
2020-06-16,sz.300711,11.74,12.1,11.65,11.93,2369980,28199829.65,3.6052,3.3796,0,0
2020-06-17,sz.300711,11.92,11.97,11.8,11.92,1659281,19716627.4,2.5241,-0.0838,0,0
2020-06-18,sz.300711,11.89,12.07,11.78,11.93,2561072,30516415.72,3.8959,0.0839,0,0
2020-06-19,sz.300711,11.9,11.95,11.73,11.81,1700296,20100258.21,2.5865,-1.0059,0,0
2020-06-22,sz.300711,11.81,11.94,11.76,11.81,1396108,16544725.76,2.1238,0.0,0,0
2020-06-23,sz.300711,11.89,11.89,11.65,11.79,1635585,19195847.11,2.4881,-0.1694,0,0
2020-06-24,sz.300711,11.8,12.48,11.71,12.13,5261624,63847357.55,8.004,2.8838,0,0
2020-06-29,sz.300711,12.01,12.14,11.74,11.74,2980861,35525002.44,4.5345,-3.2152,0,0
2020-06-30,sz.300711,11.77,12.08,11.77,11.95,2105240,25189466.52,3.2025,1.7888,0,0
2020-07-01,sz.300711,11.98,12.17,11.92,12.05,2217516,26652998.24,3.3733,0.8368,0,0
2020-07-02,sz.300711,11.95,12.09,11.89,12.06,2585393,30988812.67,3.9329,0.083,0,0
2020-07-03,sz.300711,12.15,12.15,12.0,12.1,2634163,31841764.93,4.0071,0.3317,0,0
2020-07-06,sz.300711,12.14,13.31,12.14,13.31,8218184,105264955.19,12.5015,10.0,0,0
2020-07-07,sz.300711,13.59,14.48,12.92,14.38,12763448,177093478.31,19.4158,8.0391,0,0
2020-07-08,sz.300711,14.38,14.62,13.87,14.26,10208098,145103864.66,15.5286,-0.8345,0,0
2020-07-09,sz.300711,14.25,14.26,13.85,13.89,9630195,134990839.51,14.6495,-2.5947,0,0
2020-07-10,sz.300711,13.8,13.92,13.14,13.3,8205787,111241531.8,12.4827,-4.2477,0,0
2020-07-13,sz.300711,13.3,14.02,13.3,13.89,6713963,92363053.6,10.2133,4.4361,0,0
2020-07-14,sz.300711,13.79,14.06,13.41,13.69,5112962,70084949.88,7.7779,-1.4399,0,0
2020-07-15,sz.300711,13.67,13.78,13.11,13.11,3928265,52402467.82,5.9757,-4.2367,0,0
2020-07-16,sz.300711,13.17,13.37,12.73,12.86,2595560,33984324.94,3.9484,-1.9069,0,0
2020-07-17,sz.300711,12.74,13.05,12.74,12.94,1715484,22135212.1,2.6096,0.6221,0,0
2020-07-20,sz.300711,12.98,13.38,12.98,13.38,2519682,33311680.44,3.8329,3.4003,0,0
2020-07-21,sz.300711,13.01,13.48,13.01,13.35,2120575,28238728.02,3.2258,-0.2242,0,0
2020-07-22,sz.300711,13.21,13.59,13.21,13.53,3141664,42320401.36,4.7791,1.3483,0,0
2020-07-23,sz.300711,13.48,13.66,13.03,13.39,3038915,40643164.87,4.6228,-1.0347,0,0
2020-07-24,sz.300711,13.39,13.55,12.82,12.85,3391436,44738795.36,5.1591,-4.0329,0,0
2020-07-27,sz.300711,12.91,13.15,12.48,12.58,2575968,32677205.39,3.9186,-2.1012,0,0
2020-07-28,sz.300711,12.61,12.84,12.5,12.8,1714252,21833437.58,2.6077,1.7488,0,0
2020-07-29,sz.300711,12.7,13.09,12.63,13.05,1897081,24542274.75,2.8858,1.9531,0,0
2020-07-30,sz.300711,13.01,13.19,12.84,12.85,1898116,24665034.8,2.8874,-1.5326,0,0
2020-07-31,sz.300711,12.89,13.02,12.7,12.9,1816192,23366369.64,2.7628,0.3891,0,0
2020-08-03,sz.300711,12.88,13.41,12.88,13.37,3046624,40403876.56,4.6345,3.6434,0,0
2020-08-04,sz.300711,13.46,13.46,13.12,13.21,2339664,30956995.2,3.5591,-1.1967,0,0
2020-08-05,sz.300711,13.23,13.68,13.11,13.41,3876154,51925200.37,5.8964,1.514,0,0
2020-08-06,sz.300711,13.4,13.57,13.06,13.5,4143550,55398585.83,6.3032,0.6711,0,0
2020-08-07,sz.300711,13.49,13.63,13.13,13.33,3906305,52152040.99,5.9423,-1.2593,0,0
2020-08-10,sz.300711,13.36,13.76,13.27,13.57,3994544,54292089.12,6.0765,1.8005,0,0
2020-08-11,sz.300711,13.5,13.56,12.93,12.99,4032640,53248264.37,6.1345,-4.2741,0,0
2020-08-12,sz.300711,12.91,12.99,12.56,12.86,2356696,30025703.32,3.585,-1.0008,0,0
2020-08-13,sz.300711,12.93,13.07,12.81,12.81,1573748,20384201.24,2.394,-0.3888,0,0
2020-08-14,sz.300711,12.87,13.05,12.69,13.02,1466105,18921978.49,2.2302,1.6393,0,0
2020-08-17,sz.300711,13.02,13.32,12.99,13.25,2163572,28504746.44,3.2912,1.7665,0,0
2020-08-18,sz.300711,13.3,13.5,13.18,13.27,2033398,27052879.58,3.0932,0.1509,0,0
2020-08-19,sz.300711,13.27,13.39,13.0,13.05,1974530,25992259.84,3.0037,-1.6579,0,0
2020-08-20,sz.300711,13.07,13.17,12.81,12.91,1271608,16495238.24,1.9344,-1.0728,0,0
2020-08-21,sz.300711,12.95,13.17,12.75,12.84,1489044,19247680.36,2.2651,-0.5422,0,0
2020-08-24,sz.300711,12.83,13.06,12.54,13.0,1766012,22713632.8,2.6865,1.2461,0,0
2020-08-25,sz.300711,12.93,13.47,12.92,13.32,3220276,42677777.16,4.8987,2.4615,0,0
2020-08-26,sz.300711,13.39,13.46,13.04,13.12,2421992,32062122.32,3.6843,-1.5015,0,0
2020-08-27,sz.300711,13.27,13.8,13.17,13.72,6483431,88146764.75,9.9305,4.5732,0,0
2020-08-28,sz.300711,13.53,14.23,13.33,13.98,7503265,103848194.88,11.4926,1.895,0,0
2020-08-31,sz.300711,13.89,13.9,13.62,13.75,4341109,59801199.46,6.6492,-1.6452,0,0
2020-09-01,sz.300711,13.75,14.28,13.66,14.1,6577894,92467920.84,10.0752,2.5455,0,0
2020-09-02,sz.300711,14.07,15.19,13.93,14.73,11090197,161456504.22,16.9866,4.4681,0,0
2020-09-03,sz.300711,14.61,14.85,13.97,14.37,7869977,112973326.36,12.0542,-2.444,0,0
2020-09-04,sz.300711,13.92,15.0,13.91,14.6,7118920,104080711.67,10.9039,1.6006,0,0
2020-09-07,sz.300711,14.84,15.35,14.69,14.87,9582839,143857991.64,14.6778,1.8493,0,0
2020-09-08,sz.300711,14.97,15.6,14.6,15.43,8717800,132300758.37,13.3528,3.766,0,0
2020-09-09,sz.300711,15.15,16.6,14.85,14.88,13478328,211114092.86,20.6444,-3.5645,0,0
2020-09-10,sz.300711,14.95,15.5,12.99,13.1,10117350,142834475.25,15.4965,-11.9624,0,0
2020-09-11,sz.300711,13.1,14.39,12.9,14.13,9605964,134144845.84,14.7132,7.8626,0,0
2020-09-14,sz.300711,14.3,14.95,13.9,14.82,6719861,97538176.05,10.2926,4.8832,0,0
2020-09-15,sz.300711,14.8,15.26,14.61,14.83,5434872,80610423.0,8.3244,0.0675,0,0
2020-09-16,sz.300711,14.9,14.93,14.32,14.5,3416336,49761686.4,5.2327,-2.2252,0,0
2020-09-17,sz.300711,14.56,14.86,14.32,14.4,3553104,51741101.0,5.4422,-0.6897,0,0
2020-09-18,sz.300711,14.46,14.85,14.25,14.75,4026100,58575519.36,6.1667,2.4306,0,0
2020-09-21,sz.300711,14.7,15.65,14.63,15.1,7972040,121083407.24,12.2106,2.3729,0,0
2020-09-22,sz.300711,15.03,15.96,14.9,15.6,11607819,179734545.19,17.7794,3.3113,0,0
2020-09-23,sz.300711,15.65,15.99,15.21,15.45,8664929,134456592.93,13.2718,-0.9615,0,0
2020-09-24,sz.300711,15.2,16.6,14.23,14.73,14375640,220776268.87,22.0188,-4.6602,0,0
2020-09-25,sz.300711,14.61,17.68,14.61,17.68,30133738,516357108.99,46.155,20.0272,1,0
2020-09-28,sz.300711,17.66,17.66,16.33,16.4,25939124,440467801.36,39.7303,-7.2398,0,0
2020-09-29,sz.300711,16.8,19.33,16.51,18.7,30005168,526900165.09,45.9581,14.0244,0,0
2020-09-30,sz.300711,17.6,21.6,17.23,19.67,32195169,608815617.84,49.3125,5.1872,0,0
2020-10-09,sz.300711,19.45,23.6,19.02,23.6,31605817,655078579.26,48.4098,19.9797,1,0
2020-10-12,sz.300711,22.8,28.32,22.8,28.32,30286755,783241434.88,46.3894,20.0,1,0
2020-10-13,sz.300711,29.7,31.12,27.08,28.45,36002698,1040525280.8,55.1444,0.459,0,0
2020-10-14,sz.300711,28.0,29.26,26.16,27.07,28067255,769916777.66,42.9899,-4.8506,0,0
2020-10-15,sz.300711,26.24,26.24,23.33,24.7,24365646,599683388.89,37.3202,-8.7551,0,0
2020-10-16,sz.300711,24.6,25.16,23.61,24.33,16732265,408230971.46,25.6284,-1.498,0,0
2020-10-19,sz.300711,24.33,27.26,24.13,25.96,27128258,691725022.2,41.5516,6.6995,0,0
2020-10-20,sz.300711,24.33,24.99,22.66,24.0,20456406,483822749.66,31.3325,-7.5501,0,0
2020-10-21,sz.300711,23.6,24.16,22.05,22.4,18281692,419457285.82,28.0016,-6.6667,0,0
2020-10-22,sz.300711,21.81,22.9,21.36,22.5,13928608,309857336.84,21.3341,0.4464,0,0
2020-10-23,sz.300711,22.8,23.5,22.15,22.45,14986663,343828799.39,22.9547,-0.2222,0,0
2020-10-26,sz.300711,21.62,22.78,21.62,22.06,10772017,237893066.84,16.4992,-1.7372,0,0
2020-10-27,sz.300711,22.65,24.48,22.45,22.54,18093177,421882828.7,27.7128,2.1759,0,0
2020-10-28,sz.300711,21.87,22.33,20.23,22.18,18096509,387939739.02,27.7179,-1.5972,0,0
2020-10-29,sz.300711,21.5,23.59,20.9,21.8,18095239,404148629.24,27.716,-1.7133,0,0
2020-10-30,sz.300711,22.02,23.59,21.01,21.06,17917026,399101468.26,27.443,-3.3945,0,0
2020-11-02,sz.300711,20.73,21.46,20.3,21.12,12723964,265410026.38,19.489,0.2849,0,0
2020-11-03,sz.300711,20.88,21.77,20.5,21.21,11215911,237844994.61,17.0617,0.4261,0,0
2020-11-04,sz.300711,21.47,21.68,20.01,20.21,10384336,213620288.72,5.0295,-4.7148,0,0
2020-11-05,sz.300711,20.48,21.53,20.21,21.44,12464313,261009442.63,6.0369,6.0861,0,0
2020-11-06,sz.300711,21.37,21.96,20.59,21.03,8895611,187778238.79,4.3085,-1.9123,0,0
2020-11-09,sz.300711,21.05,21.79,20.94,21.5,8969604,192044347.4,4.3443,2.2349,0,0
2020-11-10,sz.300711,21.61,21.8,20.3,20.4,8389152,174803641.02,4.0632,-5.1163,0,0
2020-11-11,sz.300711,20.8,20.83,19.9,19.99,6362076,128474694.02,3.0814,-2.0098,0,0
2020-11-12,sz.300711,20.4,20.89,20.05,20.14,6049574,123114534.58,2.93,0.7504,0,0
2020-11-13,sz.300711,20.5,20.7,19.61,19.82,5620528,112084399.64,2.7222,-1.5889,0,0
2020-11-16,sz.300711,19.86,19.99,18.95,19.11,7253086,139912081.28,3.5129,-3.5822,0,0
2020-11-17,sz.300711,19.25,19.28,18.14,18.73,6162162,114586534.18,2.9846,-1.9885,0,0
2020-11-18,sz.300711,18.74,19.21,18.41,18.96,5781595,109351264.55,2.8002,1.228,0,0
2020-11-19,sz.300711,18.9,20.49,18.55,19.84,17120890,337492255.74,8.2923,4.6414,0,0
2020-11-20,sz.300711,19.65,19.98,18.78,18.97,12922888,247987584.42,6.2591,-4.3851,0,0
2020-11-23,sz.300711,18.66,19.1,18.01,18.81,10488606,194536578.58,5.08,-0.8434,0,0
2020-11-24,sz.300711,18.8,19.37,18.67,18.97,9496713,181147222.34,4.5996,0.8506,0,0
2020-11-25,sz.300711,18.98,22.76,18.61,22.76,26563985,565946689.76,12.866,19.9789,1,0
2020-11-26,sz.300711,23.31,26.84,22.58,24.92,40665580,993541041.24,19.6959,9.4903,0,0
2020-11-27,sz.300711,24.4,26.1,23.3,23.78,28531451,692699334.11,13.8189,-4.5746,0,0
2020-11-30,sz.300711,24.05,25.0,22.9,24.2,26133948,619723705.47,12.6577,1.7662,0,0
2020-12-01,sz.300711,23.71,23.96,22.72,23.33,20726107,484170815.6,10.0385,-3.595,0,0
2020-12-02,sz.300711,23.33,24.19,22.22,23.62,22401462,518569584.17,10.8499,1.243,0,0
2020-12-03,sz.300711,23.0,23.0,21.8,21.82,17585429,392029444.89,8.5173,-7.6207,0,0
2020-12-04,sz.300711,21.9,22.59,21.61,22.13,12576938,278362651.09,6.0915,1.4207,0,0
2020-12-07,sz.300711,21.85,22.15,21.5,21.51,10127453,220730712.46,4.9051,-2.8016,0,0
2020-12-08,sz.300711,21.6,22.13,21.45,21.53,9665680,210162661.94,4.6815,0.093,0,0
2020-12-09,sz.300711,21.75,21.87,20.41,20.47,11924531,250721024.45,5.7755,-4.9234,0,0
2020-12-10,sz.300711,20.5,21.83,20.04,20.89,12754965,268835066.89,6.1777,2.0518,0,0
2020-12-11,sz.300711,20.76,23.19,20.76,22.05,21307144,471347284.4,10.3199,5.5529,0,0
2020-12-14,sz.300711,21.8,22.68,20.88,21.98,14688825,318089806.14,7.1144,-0.3175,0,0
2020-12-15,sz.300711,21.5,21.88,20.96,20.98,10224860,218328730.72,4.9523,-4.5496,0,0
2020-12-16,sz.300711,20.85,20.87,18.0,18.42,16448636,309190559.78,7.9667,-12.2021,0,0
2020-12-17,sz.300711,18.19,18.81,17.66,18.35,10870397,197222214.87,5.265,-0.38,0,0
2020-12-18,sz.300711,18.29,18.56,18.0,18.2,7034564,128176727.66,3.4071,-0.8174,0,0
2020-12-21,sz.300711,18.2,18.35,17.65,18.14,6465740,117056319.19,3.1316,-0.3297,0,0
2020-12-22,sz.300711,18.04,18.14,17.39,17.61,7890366,139920220.83,3.8216,-2.9217,0,0
2020-12-23,sz.300711,17.8,17.94,17.3,17.85,6535032,115384378.0,3.1652,1.3629,0,0
2020-12-24,sz.300711,18.0,18.53,17.18,17.18,11064520,198384878.84,5.359,-3.7535,0,0
2020-12-25,sz.300711,16.76,17.63,16.6,16.99,7495304,128941950.2,3.6303,-1.1059,0,0
2020-12-28,sz.300711,17.3,17.3,16.0,16.49,7531730,124291206.9,3.6479,-2.9429,0,0
2020-12-29,sz.300711,16.69,19.48,16.31,18.53,20207071,366660217.24,9.7871,12.3711,0,0
2020-12-30,sz.300711,17.98,18.29,17.39,17.77,13525695,240424706.06,6.551,-4.1015,0,0
2020-12-31,sz.300711,17.87,18.39,17.38,17.64,12053248,214230306.56,5.8379,-0.7316,0,0
2021-01-04,sz.300711,17.7,18.35,17.52,18.04,11116561,199135401.36,5.3842,2.2676,0,0
2021-01-05,sz.300711,18.13,18.99,17.96,18.26,12862822,237439040.16,6.23,1.2195,0,0
2021-01-06,sz.300711,18.07,19.19,17.28,18.37,14400653,263788301.94,6.9748,0.6024,0,0
2021-01-07,sz.300711,18.26,18.37,16.6,16.77,12832019,219974096.74,6.215,-8.7099,0,0
2021-01-08,sz.300711,16.77,18.01,16.03,16.98,11661268,201502462.88,5.648,1.2522,0,0
2021-01-11,sz.300711,16.89,17.4,16.42,16.55,7786670,131612204.98,3.7714,-2.5324,0,0
2021-01-12,sz.300711,16.4,17.29,16.27,16.7,7403119,124080983.45,3.5856,0.9063,0,0
2021-01-13,sz.300711,17.3,17.96,16.88,17.15,8757730,151138807.28,4.2417,2.6946,0,0
2021-01-14,sz.300711,16.35,17.76,16.31,17.14,8887298,151057702.31,4.3045,-0.0583,0,0
2021-01-15,sz.300711,16.98,17.0,16.5,16.68,5979580,99720906.72,2.8961,-2.6838,0,0
2021-01-18,sz.300711,16.69,17.2,16.47,16.82,5588220,94501676.54,2.7066,0.8393,0,0
2021-01-19,sz.300711,16.85,17.59,16.61,17.18,8800973,150057573.04,4.2627,2.1403,0,0
2021-01-20,sz.300711,17.13,17.19,16.65,16.87,5507619,92927644.69,2.6676,-1.8044,0,0
2021-01-21,sz.300711,16.89,16.89,16.3,16.48,6812361,112884970.08,3.2995,-2.3118,0,0
2021-01-22,sz.300711,16.55,16.56,15.03,15.33,9093588,142358027.65,4.4044,-6.9782,0,0
2021-01-25,sz.300711,15.33,15.34,14.4,14.44,6667389,98490898.74,3.2293,-5.8056,0,0
2021-01-26,sz.300711,14.5,14.72,14.15,14.27,4359842,62826866.88,2.1116,-1.1773,0,0
2021-01-27,sz.300711,14.3,14.47,14.05,14.13,3355418,47660095.93,1.6252,-0.9811,0,0
2021-01-28,sz.300711,14.45,14.95,14.14,14.2,5139304,74401108.09,2.4892,0.4954,0,0
2021-01-29,sz.300711,14.15,14.39,13.51,13.62,5190597,71710140.81,2.514,-4.0845,0,0
2021-02-01,sz.300711,13.66,14.14,13.62,13.95,4567552,63485135.72,2.2122,2.4229,0,0
2021-02-02,sz.300711,13.93,14.24,13.71,14.22,4195002,58764963.47,2.0318,1.9355,0,0
2021-02-03,sz.300711,14.1,14.1,13.39,13.42,4797852,65672970.14,2.3238,-5.6259,0,0
2021-02-04,sz.300711,13.57,13.57,12.7,12.96,4463587,57934552.98,2.1619,-3.4277,0,0
2021-02-05,sz.300711,13.01,13.43,12.44,12.49,3397077,43473483.4,1.6453,-3.6265,0,0
2021-02-08,sz.300711,12.61,12.61,12.15,12.18,3296284,40673167.74,1.5965,-2.482,0,0
2021-02-09,sz.300711,12.22,12.66,12.1,12.57,3951399,49182196.54,1.9138,3.202,0,0
2021-02-10,sz.300711,12.6,12.83,12.47,12.76,3162044,40108331.76,1.5315,1.5115,0,0
2021-02-18,sz.300711,13.1,13.33,12.97,13.09,3663624,48246676.28,1.7744,2.5862,0,0
2021-02-19,sz.300711,13.18,13.74,13.03,13.61,4496420,60700940.72,2.1778,3.9725,0,0
2021-02-22,sz.300711,13.63,14.26,13.63,13.88,5154492,72243833.08,2.4965,1.9838,0,0
2021-02-23,sz.300711,13.89,14.71,13.43,14.37,7774416,110743478.64,3.7654,3.5303,0,0
2021-02-24,sz.300711,14.22,15.89,14.06,15.22,9240485,136307025.47,4.4755,5.9151,0,0
2021-02-25,sz.300711,15.22,17.88,15.13,17.56,20265414,345336348.31,9.8153,15.3745,0,0
2021-02-26,sz.300711,16.38,17.22,16.0,16.5,13938832,232806233.61,6.7511,-6.0364,0,0
2021-03-01,sz.300711,16.37,16.55,15.62,16.0,11909869,190879008.63,5.7684,-3.0303,0,0
2021-03-02,sz.300711,15.5,15.82,15.07,15.25,10274606,157965135.52,4.9764,-4.6875,0,0
2021-03-03,sz.300711,15.2,15.99,14.88,15.58,10842220,166550165.04,5.2513,2.1639,0,0
2021-03-04,sz.300711,15.28,15.35,14.89,14.92,6781423,102342787.9,3.2845,-4.2362,0,0
2021-03-05,sz.300711,14.97,15.48,14.85,14.96,6587147,100083420.59,3.1904,0.2681,0,0
2021-03-08,sz.300711,15.01,15.49,14.85,14.94,5338743,80613964.22,2.5858,-0.1337,0,0
2021-03-09,sz.300711,15.0,15.0,13.75,14.13,5736860,81869839.8,2.7786,-5.4217,0,0
2021-03-10,sz.300711,14.02,14.51,13.65,13.78,6294342,88213431.84,3.0486,-2.477,0,0
2021-03-11,sz.300711,13.63,13.94,13.22,13.86,6078483,83042596.76,2.944,0.5806,0,0
2021-03-12,sz.300711,13.97,14.12,13.51,13.68,4754795,65222867.64,2.3029,-1.2987,0,0
2021-03-15,sz.300711,13.97,14.05,13.67,13.78,4133289,57128813.94,2.0019,0.731,0,0
2021-03-16,sz.300711,13.63,15.49,13.63,14.68,9983883,144808014.94,4.8356,6.5312,0,0
2021-03-17,sz.300711,14.91,15.23,14.45,14.63,7612536,112536668.77,3.687,-0.3406,0,0
2021-03-18,sz.300711,14.3,14.58,14.21,14.22,5486231,78715860.44,2.6572,-2.8025,0,0
2021-03-19,sz.300711,14.11,14.92,13.95,14.4,7026045,101488630.45,3.403,1.2658,0,0
2021-03-22,sz.300711,14.29,14.7,14.29,14.42,5252206,76134115.96,2.5438,0.1389,0,0
2021-03-23,sz.300711,14.43,15.39,14.31,14.95,11339081,168970035.21,5.492,3.6755,0,0
2021-03-24,sz.300711,14.84,14.96,14.27,14.28,6824809,99361489.82,3.3055,-4.4816,0,0
2021-03-25,sz.300711,14.15,14.43,13.76,14.0,5406924,76249790.58,2.6188,-1.9608,0,0
2021-03-26,sz.300711,14.0,14.24,13.82,14.01,3777855,52860000.4,1.8298,0.0714,0,0
2021-03-29,sz.300711,14.1,14.48,13.94,14.31,4649233,66327173.17,2.2518,2.1413,0,0
2021-03-30,sz.300711,14.43,14.75,14.17,14.28,4924613,71198309.94,2.3852,-0.2096,0,0
2021-03-31,sz.300711,14.19,14.23,13.59,13.8,5301283,73326402.03,2.5732,-3.3613,0,0
2021-04-01,sz.300711,13.84,14.3,13.52,13.77,5153011,71493810.35,2.5012,-0.2174,0,0
2021-04-02,sz.300711,13.68,13.98,13.59,13.75,3576620,49203496.45,1.7361,-0.1452,0,0
2021-04-06,sz.300711,13.84,14.07,13.75,14.0,3391733,47290258.61,1.6463,1.8182,0,0
2021-04-07,sz.300711,14.0,14.04,13.75,13.94,3647220,50604609.4,1.7703,-0.4286,0,0
2021-04-08,sz.300711,13.95,14.5,13.88,14.5,7679280,109301168.44,3.7275,4.0172,0,0
2021-04-09,sz.300711,14.73,15.93,14.58,14.8,11507087,174164624.55,5.5855,2.069,0,0
2021-04-12,sz.300711,14.14,14.5,13.22,13.55,8536210,116536403.34,4.1434,-8.4459,0,0
2021-04-13,sz.300711,13.29,13.35,12.94,13.04,4625580,60734532.8,2.2452,-3.7638,0,0
2021-04-14,sz.300711,13.05,13.26,13.0,13.26,2586245,33966471.4,1.2554,1.6871,0,0
2021-04-15,sz.300711,13.19,13.25,12.98,13.04,2213116,28951186.16,1.0742,-1.6591,0,0
2021-04-16,sz.300711,13.05,13.23,12.96,13.19,2944900,38593301.04,1.4294,1.1503,0,0
2021-04-19,sz.300711,13.24,13.46,13.19,13.38,3017721,40295010.38,1.4648,1.4405,0,0
2021-04-20,sz.300711,13.43,13.46,13.1,13.2,3067312,40815327.76,1.4889,-1.3453,0,0
2021-04-21,sz.300711,13.2,13.22,12.98,13.07,2689972,35165727.84,1.3057,-0.9848,0,0
2021-04-22,sz.300711,13.29,13.87,13.28,13.45,5260971,71242931.69,2.5536,2.9074,0,0
2021-04-23,sz.300711,13.39,13.39,13.1,13.1,3073820,40481027.92,1.492,-2.6022,0,0
2021-04-26,sz.300711,13.14,13.18,12.6,12.77,3452805,44304783.89,1.676,-2.5191,0,0
2021-04-27,sz.300711,12.8,12.9,12.35,12.44,2250296,28171585.72,1.0923,-2.5842,0,0
2021-04-28,sz.300711,12.46,12.57,12.38,12.5,1472464,18330350.49,0.7147,0.4823,0,0
2021-04-29,sz.300711,12.53,12.66,12.41,12.41,1891420,23662100.2,0.9181,-0.72,0,0
2021-04-30,sz.300711,12.5,12.5,11.98,12.0,2595632,31581102.5,1.2599,-3.3038,0,0
2021-05-06,sz.300711,12.15,12.25,12.01,12.16,1337484,16259879.76,0.6492,1.3333,0,0
2021-05-07,sz.300711,12.25,12.34,12.12,12.32,1662042,20355897.84,0.8067,1.3158,0,0
2021-05-10,sz.300711,12.36,12.57,12.28,12.45,1693846,21070904.84,0.8222,1.0552,0,0
2021-05-11,sz.300711,12.55,12.87,12.46,12.8,2592436,32877326.2,1.2584,2.8112,0,0
2021-05-12,sz.300711,12.64,12.71,12.54,12.67,2032274,25646165.72,0.9865,-1.0156,0,0
2021-05-13,sz.300711,12.59,12.85,12.51,12.55,1867104,23644474.8,0.9063,-0.9471,0,0
2021-05-14,sz.300711,12.54,12.88,12.44,12.78,2374212,30179646.24,1.1524,1.8327,0,0
2021-05-17,sz.300711,12.74,13.63,12.66,13.05,4953373,64968243.19,2.4043,2.1127,0,0
2021-05-18,sz.300711,12.83,13.6,12.65,13.26,5271386,69699896.36,2.5587,1.6092,0,0
2021-05-19,sz.300711,13.13,13.33,12.96,13.0,3274363,42913449.71,1.5894,-1.9608,0,0
2021-05-20,sz.300711,12.98,13.11,12.72,12.73,3060244,39432440.28,1.4854,-2.0769,0,0
2021-05-21,sz.300711,12.79,12.89,12.54,12.6,2383460,30251490.3,1.1569,-1.0212,0,0
2021-05-24,sz.300711,12.64,12.84,12.46,12.8,2211620,28090133.68,1.0735,1.5873,0,0
2021-05-25,sz.300711,12.8,12.93,12.66,12.87,2454368,31483307.76,1.1913,0.5469,0,0
2021-05-26,sz.300711,12.82,13.2,12.82,12.97,3246264,42282481.36,1.5757,0.777,0,0
2021-05-27,sz.300711,12.95,13.48,12.95,13.27,4331224,57398208.32,2.1024,2.313,0,0
2021-05-28,sz.300711,13.29,14.56,13.01,13.71,10010437,137329434.06,4.859,3.3157,0,0
2021-05-31,sz.300711,13.51,13.87,13.45,13.63,6142404,83665061.48,2.9815,-0.5835,0,0
2021-06-01,sz.300711,13.68,13.75,13.43,13.69,4280340,58269594.2,2.0777,0.4402,0,0
2021-06-02,sz.300711,13.65,13.85,13.19,13.52,5086380,68723093.5,2.4689,-1.2418,0,0
2021-06-03,sz.300711,13.69,14.49,13.42,13.75,7744863,107961842.46,3.7593,1.7012,0,0
2021-06-04,sz.300711,13.68,14.29,13.48,13.96,6657185,92549440.12,3.2314,1.5273,0,0
2021-06-07,sz.300711,13.99,14.39,13.8,14.34,6972763,98991746.28,3.3845,2.7221,0,0
2021-06-08,sz.300711,14.3,15.35,14.01,14.73,9757812,141854940.24,4.7364,2.7197,0,0
2021-06-09,sz.300711,14.59,15.88,14.4,15.65,15371896,236267246.74,7.4614,6.2458,0,0
2021-06-10,sz.300711,15.3,15.67,14.91,15.42,11519688,176282675.08,5.5916,-1.2172,0,0
2021-06-11,sz.300711,15.25,15.28,14.51,14.55,9322932,138365392.32,4.5253,-5.642,0,0
2021-06-15,sz.300711,14.61,15.28,14.61,14.75,7759540,115882511.84,3.7664,1.3746,0,0
2021-06-16,sz.300711,14.81,15.77,14.49,15.12,9913390,150418762.04,4.8119,2.5085,0,0
2021-06-17,sz.300711,14.85,15.86,14.7,15.47,10960562,166768421.2,5.3202,2.3148,0,0
2021-06-18,sz.300711,15.34,16.68,15.34,16.1,13236112,212696532.28,6.4247,4.0724,0,0
2021-06-21,sz.300711,15.84,17.29,15.76,16.98,15504975,258713485.44,7.526,5.4658,0,0
2021-06-22,sz.300711,16.99,17.84,16.36,17.7,17851445,306267839.16,8.665,4.2403,0,0
2021-06-23,sz.300711,17.3,17.7,16.83,17.03,12606790,216905025.15,6.1193,-3.7853,0,0
2021-06-24,sz.300711,16.78,16.9,16.12,16.26,9325366,153454484.4,4.5265,-4.5214,0,0
2021-06-25,sz.300711,16.38,16.58,15.4,15.7,9225107,146139011.87,4.4778,-3.444,0,0
2021-06-28,sz.300711,15.9,16.5,15.8,16.22,7836072,126312009.68,3.8036,3.3121,0,0
2021-06-29,sz.300711,16.1,16.15,15.07,15.11,7734337,120114593.57,3.7542,-6.8434,0,0
2021-06-30,sz.300711,15.12,15.8,14.95,15.79,7622372,117483681.24,3.6999,4.5003,0,0
2021-07-01,sz.300711,16.12,16.18,14.62,14.78,6988244,107084491.32,3.3921,-6.3965,0,0
2021-07-02,sz.300711,14.69,15.09,14.41,14.65,4674088,68554034.72,2.2688,-0.8796,0,0
2021-07-05,sz.300711,14.65,14.97,14.62,14.97,4264622,63341593.24,2.07,2.1843,0,0
2021-07-06,sz.300711,15.2,15.23,14.51,14.88,5268818,78495595.28,2.5575,-0.6012,0,0
2021-07-07,sz.300711,14.81,15.23,14.65,14.98,3947599,59092823.75,1.9161,0.672,0,0
2021-07-08,sz.300711,15.0,15.47,14.7,15.28,6096434,92612794.98,2.9592,2.0027,0,0
2021-07-09,sz.300711,15.15,15.47,15.0,15.01,4629755,70178063.89,2.2473,-1.767,0,0
2021-07-12,sz.300711,15.15,15.86,14.88,15.54,7895891,122724804.4,3.8326,3.531,0,0
2021-07-13,sz.300711,15.61,16.98,15.36,16.54,11728785,190148465.57,5.6931,6.435,0,0
2021-07-14,sz.300711,16.41,16.64,15.91,15.99,8059187,130760502.35,3.9119,-3.3253,0,0
2021-07-15,sz.300711,15.6,15.9,13.88,14.3,12450718,182045292.38,6.0435,-10.5691,0,0
2021-07-16,sz.300711,14.11,14.75,13.93,14.28,6285720,89960127.96,3.0511,-0.1399,0,0
2021-07-19,sz.300711,14.3,16.98,14.05,16.05,15287897,238347431.12,7.4207,12.395,0,0
2021-07-20,sz.300711,15.7,16.49,15.51,16.39,11498437,183965617.57,5.5813,2.1184,0,0
2021-07-21,sz.300711,16.55,16.57,15.6,16.08,8485804,136540243.68,4.119,-1.8914,0,0
2021-07-22,sz.300711,16.47,16.55,15.9,16.28,8132985,131724921.49,3.9477,1.2438,0,0
2021-07-23,sz.300711,16.12,16.86,15.78,16.57,12468540,203674286.92,6.0522,1.7813,0,0
2021-07-26,sz.300711,16.43,17.18,15.95,16.01,10635880,175552066.2,5.1626,-3.3796,0,0
2021-07-27,sz.300711,15.86,17.1,15.6,16.25,12815176,211314798.68,6.2204,1.4991,0,0
2021-07-28,sz.300711,16.26,16.68,13.0,14.98,10362472,159122457.6,5.0299,-7.8154,0,0
2021-07-29,sz.300711,15.24,15.63,15.0,15.01,7865763,120440992.13,3.818,0.2003,0,0
2021-07-30,sz.300711,15.31,16.48,15.1,16.27,12515000,200726746.99,6.0747,8.3944,0,0
2021-08-02,sz.300711,16.28,16.88,16.02,16.65,11533975,190273880.32,5.5985,2.3356,0,0
2021-08-03,sz.300711,16.73,16.96,16.07,16.17,9183810,151182545.46,4.4578,-2.8829,0,0
2021-08-04,sz.300711,16.16,16.87,16.16,16.81,10116615,168087189.86,4.9106,3.9579,0,0
2021-08-05,sz.300711,16.83,17.69,16.32,17.06,14189987,239891276.72,6.8877,1.4872,0,0
2021-08-06,sz.300711,16.85,16.98,16.22,16.65,9186607,151265192.6,4.4591,-2.4033,0,0
2021-08-09,sz.300711,16.44,16.79,16.05,16.12,6517449,106149455.66,3.1635,-3.1832,0,0
2021-08-10,sz.300711,16.14,16.84,15.91,16.76,9392664,155092985.52,4.5592,3.9702,0,0
2021-08-11,sz.300711,17.09,17.64,16.44,17.16,13865616,236702015.36,6.7303,2.3866,0,0
2021-08-12,sz.300711,16.96,18.3,16.85,17.7,13305757,234961825.16,6.4585,3.1469,0,0
2021-08-13,sz.300711,17.52,18.28,17.09,17.18,10454451,183237239.29,5.0745,-2.9379,0,0
2021-08-16,sz.300711,17.18,17.35,16.48,17.04,6978065,118026440.16,3.3871,-0.8149,0,0
2021-08-17,sz.300711,16.99,17.18,15.82,15.84,8728280,142564962.64,4.2367,-7.0423,0,0
2021-08-18,sz.300711,15.8,16.27,15.6,16.23,4929560,78877673.52,2.3928,2.4621,0,0
2021-08-19,sz.300711,16.14,17.16,16.01,17.06,10399956,175774772.41,5.0481,5.114,0,0
2021-08-20,sz.300711,16.85,17.48,16.54,16.86,8741521,147569744.32,4.2334,-1.1723,0,0
2021-08-23,sz.300711,16.99,17.43,16.69,17.34,8467302,144976988.16,4.1006,2.847,0,0
2021-08-24,sz.300711,17.05,17.25,16.54,16.83,8264030,139062269.66,4.0022,-2.9412,0,0
2021-08-25,sz.300711,16.73,16.96,16.41,16.46,5348192,88785713.32,2.5901,-2.1985,0,0
2021-08-26,sz.300711,16.42,16.59,15.83,15.89,5567746,90009528.94,2.6964,-3.4629,0,0
2021-08-27,sz.300711,15.7,15.88,14.77,15.0,6950292,105298280.84,3.3659,-5.601,0,0
2021-08-30,sz.300711,15.2,15.42,14.98,15.21,3263216,49500958.48,1.5803,1.4,0,0
2021-08-31,sz.300711,15.5,15.5,14.4,14.61,4810696,71329511.96,2.3298,-3.9448,0,0
2021-09-01,sz.300711,14.68,14.7,14.3,14.61,2972728,43087491.64,1.4397,0.0,0,0
2021-09-02,sz.300711,14.74,14.75,14.25,14.36,3352724,48324610.0,1.6237,-1.7112,0,0
2021-09-03,sz.300711,14.47,14.83,14.4,14.61,2688920,39268833.88,1.3022,1.7409,0,0
2021-09-06,sz.300711,14.75,14.87,14.48,14.8,2618356,38426285.67,1.268,1.3005,0,0
2021-09-07,sz.300711,14.78,15.07,14.65,14.99,3314246,49344142.48,1.6051,1.2838,0,0
2021-09-08,sz.300711,15.0,15.27,14.9,15.01,2650306,39793126.38,1.2835,0.1334,0,0
2021-09-09,sz.300711,15.01,15.17,14.78,14.93,2115256,31617374.92,1.0244,-0.533,0,0
2021-09-10,sz.300711,14.86,14.95,14.69,14.69,2477212,36690047.18,1.1997,-1.6075,0,0
2021-09-13,sz.300711,14.63,14.63,14.2,14.4,2933839,42092492.63,1.4208,-1.9741,0,0
2021-09-14,sz.300711,14.42,14.67,14.21,14.26,2296576,33147432.84,1.1122,-0.9722,0,0
2021-09-15,sz.300711,14.37,14.5,14.02,14.27,2133674,30310060.66,1.0333,0.0701,0,0
2021-09-16,sz.300711,14.3,14.49,13.83,13.87,2664630,37719334.1,1.2904,-2.8031,0,0
2021-09-17,sz.300711,13.88,14.07,13.36,13.58,2894348,39430198.2,1.4017,-2.0908,0,0
2021-09-22,sz.300711,13.4,14.0,13.39,13.99,2244916,30918986.56,1.0872,3.0191,0,0
2021-09-23,sz.300711,13.98,14.66,13.98,14.18,2695624,38523980.32,1.3055,1.3581,0,0
2021-09-24,sz.300711,14.2,14.34,13.8,13.88,1822484,25623008.6,0.8826,-2.1157,0,0
2021-09-27,sz.300711,14.07,14.4,13.76,14.21,2453368,34595209.64,1.1881,2.3775,0,0
2021-09-28,sz.300711,14.24,14.33,13.88,14.02,1577500,22164271.6,0.764,-1.3371,0,0
2021-09-29,sz.300711,13.98,13.98,13.23,13.27,2164756,29367671.96,1.0484,-5.3495,0,0
2021-09-30,sz.300711,13.41,13.56,13.36,13.5,1242220,16749190.04,0.6016,1.7332,0,0
2021-10-08,sz.300711,13.68,13.95,13.68,13.8,1245544,17198466.76,0.6032,2.2222,0,0
2021-10-11,sz.300711,13.8,14.78,13.75,14.22,4073376,58070456.84,1.9727,3.0435,0,0
2021-10-12,sz.300711,14.01,14.19,13.6,13.8,3219592,44572873.44,1.5592,-2.9536,0,0
2021-10-13,sz.300711,13.6,14.8,13.6,14.34,4907512,70500923.36,2.3767,3.913,0,0
2021-10-14,sz.300711,14.11,14.65,14.08,14.3,3279775,47173845.98,1.5884,-0.2789,0,0
2021-10-15,sz.300711,14.31,14.7,14.22,14.37,2561976,37040177.6,1.2407,0.4895,0,0
2021-10-18,sz.300711,14.29,14.29,13.98,14.17,2318856,32646401.12,1.123,-1.3918,0,0
2021-10-19,sz.300711,14.17,14.17,13.86,13.91,2120596,29588775.8,1.027,-1.8349,0,0
2021-10-20,sz.300711,14.0,14.05,13.81,13.88,1449112,20190040.48,0.7018,-0.2157,0,0
2021-10-21,sz.300711,13.99,14.01,13.4,13.55,2250648,30597981.04,1.09,-2.3775,0,0
2021-10-22,sz.300711,13.62,13.78,13.4,13.49,1135220,15437263.64,0.5498,-0.4428,0,0
2021-10-25,sz.300711,13.52,13.94,13.42,13.92,1539436,21145253.16,0.7455,3.1875,0,0
2021-10-26,sz.300711,13.99,14.06,13.78,13.8,1234739,17175840.67,0.598,-0.8621,0,0
2021-10-27,sz.300711,14.0,14.42,13.7,13.84,3011731,42353184.06,1.4585,0.2899,0,0
2021-10-28,sz.300711,13.62,13.65,12.98,13.02,3040207,40221875.45,1.4723,-5.9249,0,0
2021-10-29,sz.300711,13.17,13.18,12.88,13.11,1428036,18659925.4,0.6916,0.6912,0,0
2021-11-01,sz.300711,13.08,13.33,12.99,13.33,1330040,17561417.07,0.6441,1.6781,0,0
2021-11-02,sz.300711,13.43,13.83,13.34,13.57,2859660,38922006.32,1.3849,1.8005,0,0
2021-11-03,sz.300711,13.53,13.88,13.45,13.55,2305556,31422303.28,1.1166,-0.1474,0,0
2021-11-04,sz.300711,13.6,13.77,13.5,13.64,2209704,30074354.04,1.0701,0.6642,0,0
2021-11-05,sz.300711,13.66,13.98,13.6,13.87,2382284,32935231.64,1.1537,1.6862,0,0
2021-11-08,sz.300711,13.82,13.92,13.55,13.62,1704429,23223258.7,0.8254,-1.8025,0,0
2021-11-09,sz.300711,13.63,14.15,13.57,14.0,2692892,37511255.12,1.3041,2.79,0,0
2021-11-10,sz.300711,14.03,14.18,13.85,14.09,2071744,29038225.6,1.0033,0.6429,0,0
2021-11-11,sz.300711,14.1,14.22,14.0,14.14,2175163,30768685.48,1.0534,0.3549,0,0
2021-11-12,sz.300711,14.2,14.38,14.08,14.32,3360720,47918649.8,1.6276,1.273,0,0
2021-11-15,sz.300711,14.58,14.6,14.31,14.44,2740272,39560557.1,1.3271,0.838,0,0
2021-11-16,sz.300711,14.51,14.72,14.21,14.23,3024800,43659556.6,1.4649,-1.4543,0,0
2021-11-17,sz.300711,14.24,14.53,14.11,14.51,2308781,33323862.9,1.1181,1.9677,0,0
2021-11-18,sz.300711,14.6,14.66,14.26,14.26,1941112,27929832.72,0.9401,-1.7229,0,0
2021-11-19,sz.300711,14.23,14.52,14.12,14.46,2456200,35200153.55,1.1895,1.4025,0,0
2021-11-22,sz.300711,14.55,14.63,14.32,14.49,1773432,25694479.68,0.8589,0.2075,0,0
2021-11-23,sz.300711,14.59,14.76,14.45,14.6,2368697,34648958.02,1.1471,0.7591,0,0
2021-11-24,sz.300711,14.57,14.83,14.47,14.67,2510084,36834831.86,1.2156,0.4795,0,0
2021-11-25,sz.300711,14.75,14.75,14.46,14.53,2005120,29277329.4,0.9711,-0.9543,0,0
2021-11-26,sz.300711,14.55,14.58,14.2,14.46,2117484,30428421.84,1.0255,-0.4818,0,0
2021-11-29,sz.300711,14.37,14.44,14.17,14.28,2034948,29064955.44,0.9855,-1.2448,0,0
2021-11-30,sz.300711,14.42,14.8,14.35,14.58,2900897,42451168.97,1.4049,2.1008,0,0
2021-12-01,sz.300711,14.55,14.9,14.52,14.88,2707255,40019226.98,1.3111,2.0576,0,0
2021-12-02,sz.300711,14.9,14.92,14.42,14.45,2164388,31576316.08,1.0482,-2.8898,0,0
2021-12-03,sz.300711,14.58,14.73,14.5,14.52,1616820,23599976.76,0.783,0.4844,0,0
2021-12-06,sz.300711,14.55,14.56,14.02,14.05,2337072,33255424.92,1.1318,-3.2369,0,0
2021-12-07,sz.300711,14.16,14.23,13.59,13.69,2237243,30849230.17,1.0835,-2.5623,0,0
2021-12-08,sz.300711,13.7,14.03,13.69,13.83,2001024,27718353.48,0.9691,1.0226,0,0
2021-12-09,sz.300711,13.9,13.95,13.75,13.79,1380320,19117624.72,0.6685,-0.2892,0,0
2021-12-10,sz.300711,13.75,13.78,13.5,13.65,1760256,24017060.12,0.8525,-1.0152,0,0
2021-12-13,sz.300711,13.7,13.75,13.55,13.68,1588514,21685071.02,0.7693,0.2198,0,0
2021-12-14,sz.300711,13.72,13.98,13.65,13.97,2447344,33959601.08,1.1852,2.1199,0,0
2021-12-15,sz.300711,14.23,14.48,13.97,14.0,3593852,50889239.16,1.7405,0.2147,0,0
2021-12-16,sz.300711,13.97,14.36,13.97,14.31,3063732,43629436.72,1.4837,2.2143,0,0
2021-12-17,sz.300711,14.3,14.45,14.15,14.15,2654528,37886206.8,1.2856,-1.1181,0,0
2021-12-20,sz.300711,14.0,14.25,13.9,13.96,2111460,29739076.3,1.0226,-1.3428,0,0
2021-12-21,sz.300711,14.25,14.44,14.04,14.41,3440541,49002687.67,1.6662,3.2235,0,0
2021-12-22,sz.300711,14.37,14.52,14.2,14.24,2533172,36295674.56,1.2268,-1.1797,0,0
2021-12-23,sz.300711,14.21,14.24,13.82,13.83,2452840,34250884.8,1.1879,-2.8792,0,0
2021-12-24,sz.300711,13.84,13.93,13.37,13.43,2478024,33555959.0,1.2001,-2.8923,0,0
2021-12-27,sz.300711,13.48,13.6,13.3,13.44,1366000,18378685.32,0.6615,0.0745,0,0
2021-12-28,sz.300711,13.5,13.75,13.41,13.64,1748024,23735177.76,0.8465,1.4881,0,0
2021-12-29,sz.300711,13.76,14.09,13.47,13.87,3121655,42881206.57,1.5118,1.6862,0,0
2021-12-30,sz.300711,13.79,14.43,13.79,14.02,3426495,48407557.25,1.6594,1.0815,0,0
2021-12-31,sz.300711,13.96,14.13,13.92,13.93,1638380,22933583.4,0.7934,-0.6419,0,0
2022-01-04,sz.300711,13.9,14.15,13.89,14.1,1764700,24837488.0,0.8546,1.2204,0,0
2022-01-05,sz.300711,14.11,14.19,13.82,14.06,2294716,32154262.12,1.1113,-0.2837,0,0
2022-01-06,sz.300711,14.04,14.16,13.98,14.06,1846788,26013003.12,0.8944,0.0,0,0
2022-01-07,sz.300711,14.09,14.41,13.69,13.72,2686520,37370430.51,1.3011,-2.4182,0,0
2022-01-10,sz.300711,13.72,13.88,13.46,13.72,1601724,21971716.2,0.7757,0.0,0,0
2022-01-11,sz.300711,13.68,14.0,13.68,13.76,2155680,29796146.4,1.044,0.2915,0,0
2022-01-12,sz.300711,13.87,14.14,13.72,13.99,2369992,33155935.32,1.1478,1.6715,0,0
2022-01-13,sz.300711,14.09,14.27,13.88,13.9,1842011,25810164.81,0.8921,-0.6433,0,0
2022-01-14,sz.300711,14.08,14.66,13.86,14.52,9357263,135048646.03,4.5316,4.4604,0,0
2022-01-17,sz.300711,14.5,15.1,14.44,14.95,7940324,117509016.51,3.8454,2.9614,0,0
2022-01-18,sz.300711,14.97,15.19,14.62,14.69,6007534,89228036.42,2.9094,-1.7391,0,0
2022-01-19,sz.300711,14.58,14.9,14.58,14.87,3104291,45856938.94,1.5034,1.2253,0,0
2022-01-20,sz.300711,14.95,14.99,14.29,14.31,3293120,47728238.36,1.5948,-3.766,0,0
2022-01-21,sz.300711,14.27,14.77,14.08,14.58,3595144,52300927.6,1.7411,1.8868,0,0
2022-01-24,sz.300711,14.7,14.75,14.35,14.4,2551604,37099849.52,1.2357,-1.2346,0,0
2022-01-25,sz.300711,14.29,14.73,13.8,13.84,3675568,52222350.48,1.78,-3.8889,0,0
2022-01-26,sz.300711,13.8,14.13,13.55,13.75,2441892,33672035.76,1.1826,-0.6503,0,0
2022-01-27,sz.300711,13.75,13.9,12.9,12.98,3467132,45784236.0,1.6791,-5.6,0,0
2022-01-28,sz.300711,13.13,13.88,13.09,13.64,3647916,49369258.16,1.7666,5.0847,0,0
2022-02-07,sz.300711,13.89,13.99,13.43,13.64,1982640,27035830.4,0.9602,0.0,0,0
2022-02-08,sz.300711,13.65,13.86,13.53,13.81,1715540,23569972.4,0.8308,1.2463,0,0
2022-02-09,sz.300711,13.9,14.98,13.7,14.97,6713475,98279891.6,3.2513,8.3997,0,0
2022-02-10,sz.300711,14.78,14.96,14.49,14.68,3733940,54847717.6,1.8083,-1.9372,0,0
2022-02-11,sz.300711,14.68,14.68,14.3,14.33,2715320,39143883.08,1.315,-2.3842,0,0
2022-02-14,sz.300711,14.37,14.9,14.14,14.68,4065488,59459330.4,1.9689,2.4424,0,0
2022-02-15,sz.300711,14.7,15.09,14.49,14.77,4699471,69323794.34,2.2759,0.6131,0,0
2022-02-16,sz.300711,14.81,14.89,14.53,14.69,3037517,44482172.35,1.471,-0.5416,0,0
2022-02-17,sz.300711,14.52,14.74,14.47,14.55,2789401,40628821.52,1.3509,-0.953,0,0
2022-02-18,sz.300711,14.75,14.8,14.6,14.8,3222264,47438944.96,1.5605,1.7182,0,0
2022-02-21,sz.300711,14.89,15.39,14.8,15.19,5988376,90795165.08,2.9001,2.6351,0,0
2022-02-22,sz.300711,15.08,15.54,15.03,15.18,7022958,107208820.82,3.4011,-0.0658,0,0
2022-02-23,sz.300711,15.05,15.23,14.78,15.05,4425432,66267881.04,2.1432,-0.8564,0,0
2022-02-24,sz.300711,14.94,15.37,14.59,14.92,6763904,101406146.31,3.2757,-0.8638,0,0
2022-02-25,sz.300711,15.04,15.5,14.9,15.09,5808608,88188868.4,2.813,1.1394,0,0
2022-02-28,sz.300711,15.13,15.19,14.61,14.99,3933740,58700634.0,1.9051,-0.6627,0,0
2022-03-01,sz.300711,15.1,15.38,14.86,15.31,4409068,67120085.0,2.1353,2.1348,0,0
2022-03-02,sz.300711,15.39,15.42,15.0,15.1,3074304,46621545.0,1.4888,-1.3717,0,0
2022-03-03,sz.300711,15.02,15.13,14.74,14.76,3272400,48629454.0,1.5848,-2.2517,0,0
2022-03-04,sz.300711,14.65,15.15,14.58,14.72,3403004,50459513.0,1.648,-0.271,0,0
2022-03-07,sz.300711,14.65,14.7,14.27,14.36,2698964,38945375.0,1.3071,-2.4457,0,0
2022-03-08,sz.300711,14.36,14.45,13.72,13.82,2891685,40508098.0,1.4004,-3.7604,0,0
2022-03-09,sz.300711,13.89,14.01,12.93,13.62,3637744,49072376.0,1.7617,-1.4472,0,0
2022-03-10,sz.300711,13.79,14.06,13.48,13.49,2668200,36651780.0,1.2922,-0.9545,0,0
2022-03-11,sz.300711,13.4,13.84,13.28,13.82,2507500,34001797.0,1.2144,2.4463,0,0
2022-03-14,sz.300711,13.71,14.03,13.6,13.6,2706900,37349201.0,1.3109,-1.5919,0,0
2022-03-15,sz.300711,13.58,13.69,12.83,12.88,3099536,41087300.0,1.5011,-5.2941,0,0
2022-03-16,sz.300711,13.0,13.27,12.45,13.13,2987208,38634767.0,1.4467,1.941,0,0
2022-03-17,sz.300711,13.25,13.44,13.12,13.17,2451995,32561967.0,1.1875,0.3046,0,0
2022-03-18,sz.300711,13.05,13.37,13.02,13.34,2225840,29479463.28,1.0779,1.2908,0,0
2022-03-21,sz.300711,13.35,13.41,13.17,13.35,1710468,22747566.52,0.8284,0.075,0,0
2022-03-22,sz.300711,13.22,13.4,13.13,13.17,1603975,21243944.56,0.7768,-1.3483,0,0
2022-03-23,sz.300711,13.17,14.4,13.15,13.87,7223762,100005553.12,3.4984,5.3151,0,0
2022-03-24,sz.300711,13.68,13.97,13.26,13.29,4350321,59006314.44,2.1068,-4.1817,0,0
2022-03-25,sz.300711,13.22,13.47,13.13,13.16,2256851,29937931.78,1.093,-0.9782,0,0
2022-03-28,sz.300711,13.0,13.38,12.8,13.26,2116413,27734216.15,1.025,0.7599,0,0
2022-03-29,sz.300711,13.25,13.64,13.12,13.21,2645664,35350141.4,1.2813,-0.3771,0,0
2022-03-30,sz.300711,13.38,13.38,12.94,13.23,2579116,33820908.92,1.249,0.1514,0,0
2022-03-31,sz.300711,13.2,13.5,13.08,13.32,3854376,51426173.76,1.8666,0.6803,0,0
2022-04-01,sz.300711,13.24,13.32,13.08,13.15,2399874,31587107.8,1.1622,-1.2763,0,0
2022-04-06,sz.300711,13.15,13.35,13.09,13.29,2172025,28807096.7,1.0519,1.0646,0,0
2022-04-07,sz.300711,13.16,13.31,12.92,12.93,1837300,24055084.0,0.8898,-2.7088,0,0
2022-04-08,sz.300711,12.84,12.98,12.0,12.16,4936373,60464875.23,2.3906,-5.9551,0,0
2022-04-11,sz.300711,12.18,12.18,11.58,11.66,2508320,29793052.4,1.2148,-4.1118,0,0
2022-04-12,sz.300711,11.67,11.97,11.55,11.97,1731872,20373159.96,0.8387,2.6587,0,0
2022-04-13,sz.300711,11.82,11.97,11.73,11.76,2096080,24825745.9,1.0151,-1.7544,0,0
2022-04-14,sz.300711,11.82,11.97,11.72,11.73,1308700,15476484.8,0.6338,-0.2551,0,0
2022-04-15,sz.300711,11.73,11.73,11.26,11.43,2112676,24226409.84,1.0231,-2.5575,0,0
2022-04-18,sz.300711,11.4,11.63,11.19,11.61,1277020,14674051.0,0.6184,1.5748,0,0
2022-04-19,sz.300711,11.71,11.8,11.52,11.72,1010300,11811836.0,0.4893,0.9475,0,0
2022-04-20,sz.300711,11.66,11.93,11.61,11.72,1332920,15738577.6,0.6455,0.0,0,0
2022-04-21,sz.300711,11.62,11.76,11.2,11.21,1502960,17152706.26,0.7279,-4.3515,0,0
2022-04-22,sz.300711,11.38,11.88,11.08,11.71,3071356,35384652.92,1.4874,4.4603,0,0
2022-04-25,sz.300711,11.55,11.55,10.5,10.52,3294132,36584823.28,1.5953,-10.1623,0,0
2022-04-26,sz.300711,10.42,10.84,9.85,10.0,3444464,35710364.37,1.6681,-4.943,0,0
2022-04-27,sz.300711,9.87,10.27,9.58,10.22,2557356,25292609.6,1.2385,2.2,0,0
2022-04-28,sz.300711,10.12,10.29,9.98,10.13,2334228,23630193.32,1.1304,-0.8806,0,0
2022-04-29,sz.300711,10.27,10.7,10.17,10.54,2338960,24531321.84,1.1327,4.0474,0,0
2022-05-05,sz.300711,10.5,10.81,10.42,10.53,1699300,18030482.5,0.823,-0.0949,0,0
2022-05-06,sz.300711,10.25,10.66,10.24,10.46,1364680,14288216.4,0.6609,-0.6648,0,0
2022-05-09,sz.300711,10.58,10.77,10.44,10.59,2024192,21450532.72,0.9803,1.2428,0,0
2022-05-10,sz.300711,10.57,10.73,10.25,10.65,2014404,21346785.24,0.9756,0.5666,0,0
2022-05-11,sz.300711,10.62,10.88,10.5,10.52,2292172,24608604.56,1.1101,-1.2207,0,0
2022-05-12,sz.300711,10.5,10.8,10.5,10.78,1928600,20645553.8,0.934,2.4715,0,0
2022-05-13,sz.300711,10.86,11.03,10.65,10.74,1511874,16278119.34,0.7322,-0.3711,0,0
2022-05-16,sz.300711,10.85,10.85,10.61,10.65,1306520,14012387.0,0.6327,-0.838,0,0
2022-05-17,sz.300711,10.65,10.71,10.4,10.55,1102320,11600196.36,0.5338,-0.939,0,0
2022-05-18,sz.300711,10.63,10.88,10.59,10.71,1641312,17640587.88,0.7949,1.5166,0,0
2022-05-19,sz.300711,10.67,10.79,10.55,10.77,1463570,15659895.5,0.7088,0.5602,0,0
2022-05-20,sz.300711,10.71,10.9,10.67,10.79,1551900,16720864.8,0.7516,0.1857,0,0
2022-05-23,sz.300711,10.78,11.02,10.77,11.0,1938484,21152000.64,0.9388,1.9462,0,0
2022-05-24,sz.300711,11.07,11.07,10.4,10.4,2155000,23146963.0,1.0436,-5.4545,0,0
2022-05-25,sz.300711,10.34,10.67,10.34,10.62,1390720,14691054.4,0.6735,2.1154,0,0
2022-05-26,sz.300711,10.88,11.13,10.45,10.81,2576364,27871256.84,1.2477,1.7891,0,0
2022-05-27,sz.300711,10.91,10.99,10.75,10.89,1618928,17580361.8,0.784,0.7401,0,0
2022-05-30,sz.300711,10.94,11.23,10.81,11.22,2371664,26272406.52,1.1486,3.0303,0,0
2022-05-31,sz.300711,11.21,11.5,11.07,11.4,2708587,30728334.44,1.3117,1.6043,0,0
2022-06-01,sz.300711,11.63,11.63,11.33,11.42,2013696,23082584.4,0.9752,0.1754,0,0
2022-06-02,sz.300711,11.5,11.65,11.33,11.61,1753422,20199854.0,0.8492,1.6637,0,0
2022-06-06,sz.300711,11.61,11.8,11.55,11.65,1924090,22493071.57,0.9318,0.3445,0,0
2022-06-07,sz.300711,11.68,11.68,11.33,11.39,1892566,21634049.34,0.9165,-2.2318,0,0
2022-06-08,sz.300711,11.33,11.46,11.07,11.3,1512271,17056800.79,0.7324,-0.7902,0,0
2022-06-09,sz.300711,11.3,11.31,10.92,10.97,1797908,19892196.44,0.8707,-2.9204,0,0
2022-06-10,sz.300711,10.87,11.24,10.86,11.1,1688803,18723070.4,0.8179,2.2099,0,0
2022-06-13,sz.300711,11.01,11.2,10.98,11.12,1502940,16690736.2,0.7279,0.1802,0,0
2022-06-14,sz.300711,11.0,11.26,10.72,11.19,2213866,24359755.8,1.0721,0.6295,0,0
2022-06-15,sz.300711,11.24,11.45,11.15,11.18,2330292,26262967.16,1.1285,-0.0894,0,0
2022-06-16,sz.300711,11.2,11.46,11.19,11.35,1742300,19806248.0,0.8438,1.5206,0,0
2022-06-17,sz.300711,11.29,11.44,11.13,11.32,1522620,17148711.6,0.7374,-0.2643,0,0
2022-06-20,sz.300711,11.33,11.4,11.26,11.35,1047124,11860649.4,0.5071,0.265,0,0
2022-06-21,sz.300711,11.36,11.45,11.2,11.39,1447124,16411072.68,0.7008,0.3524,0,0
2022-06-22,sz.300711,11.42,11.45,11.09,11.11,1292900,14495380.0,0.6261,-2.4583,0,0
2022-06-23,sz.300711,11.24,11.54,11.06,11.54,1991388,22632826.32,0.9644,3.8704,0,0
2022-06-24,sz.300711,11.54,11.72,11.5,11.56,1834224,21311066.32,0.8883,0.1733,0,0
2022-06-27,sz.300711,11.55,11.73,11.42,11.48,1444304,16616795.24,0.6995,-0.692,0,0
2022-06-28,sz.300711,11.51,11.76,11.42,11.74,1845900,21501024.0,0.8939,2.2648,0,0
2022-06-29,sz.300711,11.73,11.99,11.56,11.62,2817000,33091263.56,1.3642,-1.0221,0,0
2022-06-30,sz.300711,11.59,11.9,11.56,11.6,2252860,26441467.4,1.091,-0.1721,0,0
2022-07-01,sz.300711,11.64,11.71,11.48,11.51,1358700,15715317.0,0.658,-0.7759,0,0
2022-07-04,sz.300711,11.62,11.72,11.35,11.59,1484216,17149996.48,0.7188,0.695,0,0
2022-07-05,sz.300711,11.52,11.67,11.2,11.37,2025960,23073159.0,0.9811,-1.8982,0,0
2022-07-06,sz.300711,11.37,11.47,11.1,11.17,1528020,17169453.4,0.74,-1.759,0,0
2022-07-07,sz.300711,11.19,11.48,11.09,11.32,1546556,17476903.32,0.749,1.3429,0,0
2022-07-08,sz.300711,11.45,12.0,11.31,11.75,3830244,44988305.16,1.8549,3.7986,0,0
2022-07-11,sz.300711,11.7,11.99,11.3,11.42,2211900,25345003.0,1.0712,-2.8085,0,0
2022-07-12,sz.300711,11.47,11.47,11.15,11.16,1766644,19847430.08,0.8556,-2.2767,0,0
2022-07-13,sz.300711,11.22,11.38,11.18,11.35,1297320,14647688.0,0.6283,1.7025,0,0
2022-07-14,sz.300711,11.39,11.76,11.21,11.66,2272500,26412431.2,1.1005,2.7313,0,0
2022-07-15,sz.300711,11.65,11.7,11.35,11.37,1481036,17069175.8,0.7172,-2.4871,0,0
2022-07-18,sz.300711,11.35,11.78,11.35,11.75,1910000,22338407.2,0.925,3.3421,0,0
2022-07-19,sz.300711,11.79,12.09,11.76,12.09,2964420,35523478.0,1.4356,2.8936,0,0
2022-07-20,sz.300711,12.06,12.55,11.95,12.43,3927121,48313659.73,1.9019,2.8122,0,0
2022-07-21,sz.300711,12.31,12.47,12.1,12.12,2675360,32661930.0,1.2956,-2.494,0,0
2022-07-22,sz.300711,12.2,12.43,11.93,12.18,1718320,20866376.4,0.8322,0.495,0,0
2022-07-25,sz.300711,12.2,12.25,11.85,11.97,1712720,20544955.8,0.8295,-1.7241,0,0
2022-07-26,sz.300711,11.97,12.03,11.82,11.98,1115768,13341211.32,0.5404,0.0835,0,0
2022-07-27,sz.300711,11.89,12.17,11.89,12.08,1140436,13770406.41,0.5523,0.8347,0,0
2022-07-28,sz.300711,12.08,12.23,12.05,12.13,1356152,16448144.12,0.6568,0.4139,0,0
2022-07-29,sz.300711,12.14,12.15,11.88,11.94,1562651,18765211.0,0.7568,-1.5664,0,0
2022-08-01,sz.300711,11.94,12.15,11.91,12.1,1310600,15841127.4,0.6347,1.34,0,0
2022-08-02,sz.300711,12.15,12.6,11.7,11.87,3808931,46038965.01,1.8446,-1.9008,0,0
2022-08-03,sz.300711,11.93,12.6,11.9,12.26,4695356,57981112.8,2.2739,3.2856,0,0
2022-08-04,sz.300711,12.26,12.49,12.03,12.33,3308763,40681272.1,1.6024,0.571,0,0
2022-08-05,sz.300711,12.42,12.87,12.23,12.59,4631952,58061954.48,2.2432,2.1087,0,0
2022-08-08,sz.300711,12.59,12.87,12.44,12.74,3762286,47729679.54,1.822,1.1914,0,0
2022-08-09,sz.300711,12.73,13.16,12.63,13.06,4539114,58926169.44,2.1982,2.5118,0,0
2022-08-10,sz.300711,12.98,13.39,12.96,13.21,4444624,58529562.12,2.1525,1.1485,0,0
2022-08-11,sz.300711,13.26,13.44,12.95,13.37,5108120,67400616.0,2.4738,1.2112,0,0
2022-08-12,sz.300711,13.41,13.6,12.85,12.88,5405847,70822677.5,2.618,-3.6649,0,0
2022-08-15,sz.300711,12.88,12.98,12.65,12.73,2639420,33642472.8,1.2782,-1.1646,0,0
2022-08-16,sz.300711,12.7,12.9,12.68,12.74,2141021,27347747.31,1.0369,0.0786,0,0
2022-08-17,sz.300711,12.74,12.81,12.58,12.7,1703188,21569930.32,0.8248,-0.314,0,0
2022-08-18,sz.300711,12.68,12.88,12.56,12.82,1704509,21730145.78,0.8255,0.9449,0,0
2022-08-19,sz.300711,12.74,13.06,12.55,12.56,2210693,28227584.76,1.0706,-2.0281,0,0
2022-08-22,sz.300711,12.48,12.67,12.43,12.53,1259165,15791521.38,0.6098,-0.2389,0,0
2022-08-23,sz.300711,12.5,12.67,12.35,12.58,1451425,18230999.8,0.7029,0.399,0,0
2022-08-24,sz.300711,12.58,12.63,12.1,12.12,2099500,25792486.0,1.0166,-3.6566,0,0
2022-08-25,sz.300711,12.2,12.29,11.95,12.19,1830400,22167197.0,0.8863,0.5776,0,0
2022-08-26,sz.300711,12.28,12.33,11.96,12.0,1392560,16852187.0,0.6743,-1.5587,0,0
2022-08-29,sz.300711,11.9,12.07,11.63,12.06,1074480,12841436.4,0.5203,0.5,0,0
2022-08-30,sz.300711,12.08,12.28,11.99,12.03,1279400,15491864.4,0.6195,-0.2488,0,0
2022-08-31,sz.300711,11.97,12.11,11.5,11.54,2008100,23490599.8,0.9724,-4.0732,0,0
2022-09-01,sz.300711,11.56,11.69,11.4,11.47,1538520,17727434.4,0.745,-0.6066,0,0
2022-09-02,sz.300711,11.55,12.15,11.48,12.07,2480920,29591160.4,1.2013,5.231,0,0
2022-09-05,sz.300711,12.13,12.23,11.93,12.04,1410400,16978326.2,0.6829,-0.2486,0,0
2022-09-06,sz.300711,11.98,12.19,11.95,12.04,1292964,15554904.36,0.6261,0.0,0,0
2022-09-07,sz.300711,12.0,12.1,11.93,12.0,1280600,15392284.0,0.6201,-0.3322,0,0
2022-09-08,sz.300711,12.09,12.09,11.8,11.86,1344500,16002570.0,0.651,-1.1667,0,0
2022-09-09,sz.300711,11.93,11.95,11.68,11.7,1111120,13050074.6,0.538,-1.3491,0,0
2022-09-13,sz.300711,11.75,11.9,11.62,11.7,1177900,13804196.0,0.5704,0.0,0,0
2022-09-14,sz.300711,11.56,11.67,11.48,11.6,1050000,12138312.0,0.5084,-0.8547,0,0
2022-09-15,sz.300711,11.66,11.66,11.01,11.15,1548300,17452941.52,0.7497,-3.8793,0,0
2022-09-16,sz.300711,11.22,11.25,10.8,10.9,1197000,13256301.0,0.5796,-2.2422,0,0
2022-09-19,sz.300711,10.98,10.98,10.56,10.64,1246585,13342283.93,0.6036,-2.3853,0,0
2022-09-20,sz.300711,10.69,10.89,10.69,10.78,845900,9108894.0,0.4096,1.3158,0,0
2022-09-21,sz.300711,10.77,10.83,10.57,10.78,836920,8979394.4,0.4053,0.0,0,0
2022-09-22,sz.300711,10.71,11.04,10.71,10.9,1212200,13216343.0,0.587,1.1132,0,0
2022-09-23,sz.300711,10.9,10.98,10.59,10.66,1087129,11680842.04,0.5264,-2.2018,0,0
2022-09-26,sz.300711,10.66,10.66,10.35,10.36,1072501,11222505.14,0.5193,-2.8143,0,0
2022-09-27,sz.300711,10.36,10.66,10.36,10.65,1057702,11187910.4,0.5122,2.7992,0,0
2022-09-28,sz.300711,10.65,10.68,10.32,10.36,803020,8424088.36,0.3888,-2.723,0,0
2022-09-29,sz.300711,10.4,10.66,10.15,10.24,1338124,13809239.96,0.6479,-1.1583,0,0
2022-09-30,sz.300711,10.2,10.27,10.07,10.11,746108,7589988.2,0.3613,-1.2695,0,0
2022-10-10,sz.300711,10.11,10.23,9.91,9.97,1076895,10789548.45,0.5215,-1.3848,0,0
2022-10-11,sz.300711,10.15,10.15,9.73,10.09,1063200,10597113.0,0.5148,1.2036,0,0
2022-10-12,sz.300711,10.09,10.43,10.0,10.41,1286955,13160116.79,0.6232,3.1715,0,0
2022-10-13,sz.300711,10.4,10.75,10.38,10.64,1232868,13085107.32,0.597,2.2094,0,0
2022-10-14,sz.300711,10.94,12.15,10.78,11.4,8168509,93000638.49,3.9553,7.1429,0,0
2022-10-17,sz.300711,11.4,12.32,11.25,12.13,8701706,102837197.66,4.2135,6.4035,0,0
2022-10-18,sz.300711,12.01,12.54,12.01,12.32,7086782,87298119.0,3.4316,1.5664,0,0
2022-10-19,sz.300711,12.22,12.47,12.13,12.21,3890516,47850973.52,1.8839,-0.8929,0,0
2022-10-20,sz.300711,12.22,12.62,12.09,12.32,3746208,46162008.96,1.814,0.9009,0,0
2022-10-21,sz.300711,12.32,13.08,12.2,12.8,5658009,71694789.87,2.7397,3.8961,0,0
2022-10-24,sz.300711,12.85,13.49,12.6,12.72,6562836,85241091.36,3.1778,-0.625,0,0
2022-10-25,sz.300711,12.64,12.8,12.34,12.4,4328071,54430383.44,2.0957,-2.5157,0,0
2022-10-26,sz.300711,12.46,13.13,12.46,12.96,3802505,48848914.09,1.8412,4.5161,0,0
2022-10-27,sz.300711,13.0,13.34,12.9,12.95,4189045,54924173.07,2.0284,-0.0772,0,0
2022-10-28,sz.300711,12.9,13.08,12.41,12.46,3015993,38212972.1,1.4604,-3.7838,0,0
2022-10-31,sz.300711,12.4,12.91,12.37,12.77,2646797,33656869.85,1.2816,2.488,0,0
2022-11-01,sz.300711,12.98,13.1,12.62,12.85,2972968,38233674.76,1.4396,0.6265,0,0
2022-11-02,sz.300711,12.86,13.0,12.67,12.8,2444900,31306960.0,1.1839,-0.3891,0,0
2022-11-03,sz.300711,12.81,12.87,12.57,12.78,2302875,29304743.06,1.1151,-0.1563,0,0
2022-11-04,sz.300711,12.86,12.86,12.62,12.69,1794388,22830231.12,0.8689,-0.7042,0,0
2022-11-07,sz.300711,12.75,12.85,12.43,12.52,1942464,24471065.56,0.9406,-1.3396,0,0
2022-11-08,sz.300711,12.52,12.67,12.2,12.64,2396176,30044053.84,1.1603,0.9585,0,0
2022-11-09,sz.300711,12.6,12.7,12.24,12.31,2061222,25546450.41,0.9981,-2.6108,0,0
2022-11-10,sz.300711,12.31,12.45,12.13,12.13,1619920,19811562.84,0.7844,-1.4622,0,0
2022-11-11,sz.300711,12.3,12.44,11.95,11.98,2848300,34541064.0,1.3792,-1.2366,0,0
2022-11-14,sz.300711,12.08,12.48,11.92,12.32,2824277,34605529.17,1.3676,2.8381,0,0
2022-11-15,sz.300711,12.32,12.77,12.28,12.48,2357002,29542760.14,1.1413,1.2987,0,0
2022-11-16,sz.300711,13.0,13.46,12.8,12.88,5982212,78133619.61,2.8967,3.2051,0,0
2022-11-17,sz.300711,12.89,13.22,12.61,13.1,4786382,61756202.16,2.3177,1.7081,0,0
2022-11-18,sz.300711,13.12,13.58,12.94,13.02,4081650,54284889.2,1.9764,-0.6107,0,0
2022-11-21,sz.300711,13.03,13.09,12.73,12.78,2420028,31068432.56,1.1718,-1.8433,0,0
2022-11-22,sz.300711,12.78,13.4,12.66,13.27,4919132,64581043.22,2.3819,3.8341,0,0
2022-11-23,sz.300711,13.02,13.1,12.5,12.7,6022476,76792557.12,2.9162,-4.2954,0,0
2022-11-24,sz.300711,12.62,12.85,12.25,12.57,5581104,69890479.01,2.7025,-1.0236,0,0
2022-11-25,sz.300711,12.61,12.73,12.3,12.31,2488536,31099538.92,1.205,-2.0684,0,0
2022-11-28,sz.300711,12.22,12.48,12.0,12.09,3454252,42151059.52,1.6726,-1.7872,0,0
2022-11-29,sz.300711,11.98,12.29,11.98,12.21,2213592,26845975.28,1.0719,0.9926,0,0
2022-11-30,sz.300711,12.11,12.27,11.92,12.03,2292940,27676838.28,1.1103,-1.4742,0,0
2022-12-01,sz.300711,12.09,13.04,12.08,12.96,5827728,73405116.48,2.8219,7.7307,0,0
2022-12-02,sz.300711,12.93,13.15,12.81,12.98,4186806,54291840.46,2.0273,0.1543,0,0
2022-12-05,sz.300711,13.0,13.12,12.63,12.83,3573872,45721233.78,1.7305,-1.1556,0,0
2022-12-06,sz.300711,12.8,12.91,12.52,12.57,3363474,42626480.6,1.6287,-2.0265,0,0
2022-12-07,sz.300711,12.55,12.62,12.26,12.26,3335152,41317250.36,1.6149,-2.4662,0,0
2022-12-08,sz.300711,12.3,12.88,12.02,12.71,5883720,73640964.22,2.849,3.6705,0,0
2022-12-09,sz.300711,12.72,12.83,12.13,12.18,3001500,37078498.0,1.4534,-4.1699,0,0
2022-12-12,sz.300711,12.03,12.34,11.97,12.21,3901349,47398923.89,1.8891,0.2463,0,0
2022-12-13,sz.300711,12.26,12.37,11.83,11.85,2846740,34297356.4,1.3784,-2.9484,0,0
2022-12-14,sz.300711,11.85,11.98,11.64,11.66,1836100,21633763.0,0.8891,-1.6034,0,0
2022-12-15,sz.300711,11.63,11.79,11.51,11.65,2036100,23708142.0,0.9859,-0.0858,0,0
2022-12-16,sz.300711,11.68,11.68,11.26,11.32,2105100,23975937.0,1.0193,-2.8326,0,0
2022-12-19,sz.300711,11.36,11.41,11.06,11.13,1668058,18582327.22,0.8077,-1.6784,0,0
2022-12-20,sz.300711,11.04,11.25,11.04,11.11,1309972,14601893.6,0.6343,-0.1797,0,0
2022-12-21,sz.300711,11.14,11.24,10.99,11.1,1291388,14348990.56,0.6253,-0.09,0,0
2022-12-22,sz.300711,11.18,11.28,10.91,10.94,1735148,19223933.2,0.8402,-1.4414,0,0
2022-12-23,sz.300711,10.96,11.06,10.88,10.96,1056392,11568504.76,0.5115,0.1828,0,0
2022-12-26,sz.300711,11.05,11.18,10.88,11.13,1453000,16077972.04,0.7036,1.5511,0,0
2022-12-27,sz.300711,11.13,11.23,10.92,11.08,1727928,19108998.48,0.8367,-0.4492,0,0
2022-12-28,sz.300711,11.08,11.11,10.88,10.94,1610225,17642544.22,0.7797,-1.2635,0,0
2022-12-29,sz.300711,10.91,11.03,10.85,10.99,1160000,12707245.0,0.5617,0.457,0,0
2022-12-30,sz.300711,10.95,11.27,10.93,11.18,1301420,14502614.6,0.6302,1.7288,0,0
2023-01-03,sz.300711,11.2,11.6,11.13,11.57,2326800,26642152.0,1.1267,3.4884,0,0
2023-01-04,sz.300711,11.58,12.07,11.58,12.04,3395472,40550396.88,1.6442,4.0622,0,0
2023-01-05,sz.300711,12.04,12.17,11.95,12.03,2069288,24953178.76,1.002,-0.0831,0,0
2023-01-06,sz.300711,12.09,12.11,11.8,11.85,2312816,27548229.26,1.1199,-1.4963,0,0
2023-01-09,sz.300711,11.84,12.06,11.64,11.79,1751604,20684954.56,0.8482,-0.5063,0,0
2023-01-10,sz.300711,11.73,11.81,11.59,11.64,1207302,14053696.24,0.5846,-1.2723,0,0
2023-01-11,sz.300711,11.69,11.77,11.44,11.47,1286400,14874248.0,0.6229,-1.4605,0,0
2023-01-12,sz.300711,11.59,11.88,11.41,11.65,1899320,22105914.0,0.9197,1.5693,0,0
2023-01-13,sz.300711,11.64,11.87,11.47,11.61,1893020,22052579.0,0.9166,-0.3433,0,0
2023-01-16,sz.300711,11.55,12.22,11.55,12.17,4030401,48310609.23,1.9516,4.8234,0,0
2023-01-17,sz.300711,12.06,12.51,12.04,12.22,5028803,61778462.6,2.435,0.4108,0,0
2023-01-18,sz.300711,12.21,12.8,12.2,12.63,5346461,67053002.73,2.5889,3.3552,0,0
2023-01-19,sz.300711,12.48,12.97,12.48,12.81,4947344,63286841.92,2.3956,1.4252,0,0
2023-01-20,sz.300711,12.89,13.05,12.53,12.61,4369896,55842571.68,2.116,-1.5613,0,0
2023-01-30,sz.300711,12.75,13.42,12.68,13.21,6074002,79528717.64,2.9411,4.7581,0,0
2023-01-31,sz.300711,13.1,13.46,13.01,13.16,4499914,59410018.12,2.1789,-0.3785,0,0
2023-02-01,sz.300711,13.11,13.5,13.08,13.38,4849102,64324351.42,2.348,1.6717,0,0
2023-02-02,sz.300711,13.38,13.8,13.31,13.5,5713007,77238195.52,2.7663,0.8969,0,0
2023-02-03,sz.300711,13.46,13.69,13.28,13.41,2790500,37435661.6,1.3512,-0.6667,0,0
2023-02-06,sz.300711,13.34,13.95,13.34,13.6,4581600,62776469.0,2.2185,1.4169,0,0
2023-02-07,sz.300711,13.69,13.79,13.48,13.7,2941604,40058128.6,1.4244,0.7353,0,0
2023-02-08,sz.300711,13.79,13.79,13.37,13.38,2674440,36128811.0,1.295,-2.3358,0,0
2023-02-09,sz.300711,13.49,13.95,13.36,13.84,3657064,50187148.56,1.7708,3.438,0,0
2023-02-10,sz.300711,13.99,13.99,13.62,13.72,3471103,47913165.1,1.6808,-0.8671,0,0
2023-02-13,sz.300711,13.72,13.86,13.52,13.68,3595303,49087028.96,1.7409,-0.2915,0,0
2023-02-14,sz.300711,13.71,13.74,13.46,13.55,2342194,31724902.04,1.1341,-0.9503,0,0
2023-02-15,sz.300711,13.54,13.81,13.5,13.71,2040720,27887860.72,0.9882,1.1808,0,0
2023-02-16,sz.300711,13.71,13.73,13.12,13.24,2654160,35732606.76,1.2852,-3.4282,0,0
2023-02-17,sz.300711,13.23,13.39,13.03,13.17,1812040,23919177.64,0.8774,-0.5287,0,0
2023-02-20,sz.300711,13.22,13.44,13.0,13.4,2097724,27809159.84,1.0158,1.7464,0,0
2023-02-21,sz.300711,13.4,13.55,13.22,13.35,2004916,26823307.92,0.9708,-0.3731,0,0
2023-02-22,sz.300711,13.35,13.45,13.15,13.45,1488120,19837193.2,0.7206,0.7491,0,0
2023-02-23,sz.300711,13.43,13.46,13.21,13.26,1643812,21846054.84,0.796,-1.4126,0,0
2023-02-24,sz.300711,13.34,13.43,13.18,13.37,1566332,20865899.48,0.7584,0.8296,0,0
2023-02-27,sz.300711,13.34,13.64,13.18,13.58,3410980,45977436.36,1.6517,1.5707,0,0
2023-02-28,sz.300711,13.73,13.96,13.46,13.67,3888668,53235724.8,1.883,0.6627,0,0
2023-03-01,sz.300711,13.69,14.36,13.66,14.24,5699156,80514867.92,2.7596,4.1697,0,0
2023-03-02,sz.300711,14.19,14.59,14.12,14.26,3597060,51556344.84,1.7418,0.1404,0,0
2023-03-03,sz.300711,14.1,14.54,13.88,14.1,3258426,45903712.12,1.5778,-1.122,0,0
2023-03-06,sz.300711,14.11,14.49,14.05,14.28,3611928,51647939.04,1.749,1.2766,0,0
2023-03-07,sz.300711,14.56,14.56,13.65,13.72,3510925,48937266.08,1.7001,-3.9216,0,0
2023-03-08,sz.300711,13.6,14.1,13.6,14.06,3032143,42285009.96,1.4682,2.4781,0,0
2023-03-09,sz.300711,14.08,15.23,13.63,14.96,9415028,137458301.38,4.5589,6.4011,0,0
2023-03-10,sz.300711,14.63,14.98,14.24,14.37,8271470,120167181.5,4.0052,-3.9439,0,0
2023-03-13,sz.300711,14.2,14.54,13.95,14.23,5167752,73073498.74,2.5023,-0.9743,0,0
2023-03-14,sz.300711,14.23,14.6,14.01,14.14,6509479,92841079.59,3.152,-0.6325,0,0
2023-03-15,sz.300711,14.22,14.34,13.92,13.99,3739339,52540621.62,1.8107,-1.0608,0,0
2023-03-16,sz.300711,14.08,14.49,13.76,13.84,5439546,76478601.28,2.6339,-1.0722,0,0
2023-03-17,sz.300711,13.88,14.35,13.88,14.1,3988796,56403592.32,1.9315,1.8786,0,0
2023-03-20,sz.300711,14.1,14.37,13.88,13.95,3872200,54661191.48,1.875,-1.0638,0,0
2023-03-21,sz.300711,13.97,14.34,13.9,14.3,3913772,55582944.64,1.8951,2.509,0,0
2023-03-22,sz.300711,14.2,14.62,14.14,14.6,5025786,72621249.12,2.4336,2.0979,0,0
2023-03-23,sz.300711,14.67,14.67,14.33,14.55,3215394,46571717.94,1.557,-0.3425,0,0
2023-03-24,sz.300711,14.5,14.79,14.37,14.65,3626316,52782616.44,1.7559,0.6873,0,0
2023-03-27,sz.300711,14.84,14.84,14.39,14.61,3075400,44820653.96,1.4892,-0.273,0,0
2023-03-28,sz.300711,14.65,14.7,14.1,14.48,3623804,52556904.48,1.7547,-0.8898,0,0
2023-03-29,sz.300711,14.45,14.68,14.35,14.55,3280540,47653047.28,1.5885,0.4834,0,0
2023-03-30,sz.300711,14.56,14.59,14.07,14.18,3535820,50452236.2,1.7121,-2.543,0,0
2023-03-31,sz.300711,14.19,14.5,14.06,14.46,2849873,40715858.64,1.38,1.9746,0,0
2023-04-03,sz.300711,14.45,14.73,14.3,14.72,3833840,55959881.96,1.8564,1.7981,0,0
2023-04-04,sz.300711,14.72,14.72,14.32,14.54,3245544,47075795.44,1.5716,-1.2228,0,0
2023-04-06,sz.300711,14.71,14.71,14.24,14.43,3153164,45469065.0,1.5268,-0.7565,0,0
2023-04-07,sz.300711,14.44,14.59,14.03,14.41,3582028,51180665.2,1.7345,-0.1386,0,0
2023-04-10,sz.300711,14.41,14.55,13.94,13.94,4260841,60859506.41,2.0632,-3.2616,0,0
2023-04-11,sz.300711,13.9,14.17,13.81,13.94,3309500,46275239.92,1.6025,0.0,0,0
2023-04-12,sz.300711,14.03,14.18,13.64,14.15,3576908,49877832.84,1.732,1.5065,0,0
2023-04-13,sz.300711,14.12,14.18,13.77,13.8,3196092,44628869.64,1.5476,-2.4735,0,0
2023-04-14,sz.300711,13.82,14.0,13.5,13.68,2164854,29650356.02,1.0483,-0.8696,0,0
2023-04-17,sz.300711,13.66,13.8,13.46,13.51,3651416,49504376.36,1.7681,-1.2427,0,0
2023-04-18,sz.300711,13.5,13.7,13.13,13.55,3666300,49143412.0,1.7753,0.2961,0,0
2023-04-19,sz.300711,13.51,14.16,13.45,13.81,3532016,49143966.68,1.7103,1.9188,0,0
2023-04-20,sz.300711,13.84,14.44,13.84,14.33,4589564,65449835.28,2.2224,3.7654,0,0
2023-04-21,sz.300711,14.3,14.76,13.83,13.9,5106744,72905425.52,2.4728,-3.0007,0,0
2023-04-24,sz.300711,14.0,14.21,13.6,13.9,4573720,63290546.88,2.2147,0.0,0,0
2023-04-25,sz.300711,13.78,13.79,13.11,13.17,4223884,56313169.65,2.0453,-5.2518,0,0
2023-04-26,sz.300711,13.1,13.39,12.88,12.92,2976941,38915391.59,1.4415,-1.8983,0,0
2023-04-27,sz.300711,12.92,13.25,12.71,12.77,2475540,32130163.0,1.1987,-1.161,0,0
2023-04-28,sz.300711,12.71,13.45,12.68,13.38,2908916,38431068.88,1.4086,4.7768,0,0
2023-05-04,sz.300711,13.31,13.62,13.22,13.47,2916652,39130193.72,1.4123,0.6726,0,0
2023-05-05,sz.300711,13.47,13.49,13.21,13.3,2052620,27348680.8,0.9939,-1.2621,0,0
2023-05-08,sz.300711,13.31,14.13,13.26,14.01,4320564,59491853.96,2.0921,5.3383,0,0
2023-05-09,sz.300711,13.94,14.09,13.82,13.86,3823420,53179332.4,1.8514,-1.0707,0,0
2023-05-10,sz.300711,13.85,14.0,13.7,13.91,2812000,39011746.2,1.3616,0.3608,0,0
2023-05-11,sz.300711,13.97,13.99,13.72,13.9,2173820,30158881.16,1.0526,-0.0719,0,0
2023-05-12,sz.300711,13.88,14.08,13.73,13.86,1935120,26876462.4,0.937,-0.2878,0,0
2023-05-15,sz.300711,13.87,13.87,13.36,13.77,2297488,31281595.04,1.1125,-0.6494,0,0
2023-05-16,sz.300711,13.82,13.82,13.57,13.65,1410220,19297079.4,0.6829,-0.8715,0,0
2023-05-17,sz.300711,13.55,14.1,13.51,14.1,3328756,46393162.76,1.6118,3.2967,0,0
2023-05-18,sz.300711,14.11,15.2,14.11,14.99,9403000,139285277.14,4.5531,6.3121,0,0
2023-05-19,sz.300711,14.73,15.65,14.73,15.3,8301784,126697781.64,4.0199,2.068,0,0
2023-05-22,sz.300711,15.14,15.81,15.14,15.21,6685412,102721914.08,3.2372,-0.5882,0,0
2023-05-23,sz.300711,15.23,15.33,14.88,14.89,3562590,53496622.04,1.7251,-2.1039,0,0
2023-05-24,sz.300711,14.86,15.26,14.7,14.98,3543637,53262665.08,1.7152,0.6044,0,0
2023-05-25,sz.300711,14.99,15.54,14.85,15.22,4809420,72894043.4,2.3279,1.6021,0,0
2023-05-26,sz.300711,14.98,16.5,14.98,15.8,9914369,157219955.09,4.7989,3.8108,0,0
2023-05-29,sz.300711,15.75,15.79,15.3,15.41,7004004,108370622.08,3.3901,-2.4684,0,0
2023-05-30,sz.300711,15.31,15.43,15.03,15.39,4321964,65891291.12,2.092,-0.1298,0,0
2023-05-31,sz.300711,12.77,12.89,12.51,12.75,4310045,54674962.9,1.7385,-0.0784,0,0
2023-06-01,sz.300711,12.7,12.88,12.53,12.73,5063356,64380147.47,2.0423,-0.1569,0,0
2023-06-02,sz.300711,12.84,13.06,12.54,12.59,4183940,53198367.72,1.6876,-1.0998,0,0
2023-06-05,sz.300711,12.57,13.5,12.56,12.96,7598565,98889362.52,3.0649,2.9388,0,0
2023-06-06,sz.300711,12.91,13.07,12.62,12.63,4332038,55548023.88,1.7474,-2.5463,0,0
2023-06-07,sz.300711,12.64,13.75,12.6,13.57,12018424,160086440.5,4.8477,7.4426,0,0
2023-06-08,sz.300711,13.77,13.82,13.0,13.19,9353860,123993406.1,3.773,-2.8003,0,0
2023-06-09,sz.300711,13.19,13.58,13.07,13.31,7308415,97470531.37,2.9479,0.9098,0,0
2023-06-12,sz.300711,14.1,15.97,14.07,15.97,15298097,236840256.33,6.1706,19.985,1,0
2023-06-13,sz.300711,16.37,17.56,15.06,15.4,38412947,617445689.1,15.4942,-3.5692,0,0
2023-06-14,sz.300711,14.93,18.3,14.93,17.39,40027210,653932308.94,16.1453,12.9221,0,0
2023-06-15,sz.300711,16.64,17.39,16.1,16.78,29995207,499722781.25,12.0988,-3.5078,0,0
2023-06-16,sz.300711,16.76,17.66,16.26,16.96,27624080,470337033.79,11.1424,1.0727,0,0
2023-06-19,sz.300711,16.4,16.4,15.69,15.99,23193171,369787766.49,9.3552,-5.7193,0,0
2023-06-20,sz.300711,15.73,15.88,15.25,15.55,17727204,275530901.78,7.1504,-2.7517,0,0
2023-06-21,sz.300711,15.59,15.59,14.96,15.03,11280453,170958582.64,4.5501,-3.3441,0,0
2023-06-26,sz.300711,15.04,15.27,14.4,14.5,8831759,130106440.66,3.5624,-3.5263,0,0
2023-06-27,sz.300711,14.62,14.94,14.53,14.82,7339311,108106896.2,2.9604,2.2069,0,0
2023-06-28,sz.300711,14.85,14.98,14.0,14.57,9408933,135386419.39,3.7952,-1.6869,0,0
2023-06-29,sz.300711,14.54,15.2,14.4,15.11,11649177,173203985.74,4.6988,3.7062,0,0
2023-06-30,sz.300711,15.13,15.37,14.7,14.96,11316235,169949854.16,4.5645,-0.9927,0,0
2023-07-03,sz.300711,14.77,14.91,14.3,14.55,8456799,122826329.4,3.4111,-2.7406,0,0
2023-07-04,sz.300711,14.59,14.59,14.21,14.41,5802592,83318325.28,2.3405,-0.9622,0,0
2023-07-05,sz.300711,14.45,14.59,14.2,14.2,5489120,78868409.0,2.2141,-1.4573,0,0
2023-07-06,sz.300711,14.25,14.54,14.18,14.3,5192300,74661499.6,2.0944,0.7042,0,0
2023-07-07,sz.300711,14.25,14.42,13.85,14.03,5939976,83463125.02,2.3959,-1.8881,0,0
2023-07-10,sz.300711,13.97,14.1,13.75,13.9,4249260,58919291.2,1.714,-0.9266,0,0
2023-07-11,sz.300711,14.73,16.35,14.71,15.57,29804529,465001773.77,12.0219,12.0144,0,0
2023-07-12,sz.300711,15.3,16.25,14.99,15.95,28911969,451749638.27,11.6619,2.4406,0,0
2023-07-13,sz.300711,15.7,16.23,15.48,15.7,17808726,281118359.7,7.1833,-1.5674,0,0
2023-07-14,sz.300711,15.69,15.98,15.41,15.56,11218148,175215104.72,4.5249,-0.8917,0,0
2023-07-17,sz.300711,15.33,15.44,15.16,15.31,8233469,125871432.79,3.321,-1.6067,0,0
2023-07-18,sz.300711,15.37,15.45,15.02,15.08,6082433,92307178.56,2.4534,-1.5023,0,0
2023-07-19,sz.300711,15.16,15.28,14.98,15.1,5294780,79952946.32,2.1357,0.1326,0,0
2023-07-20,sz.300711,15.1,15.14,14.11,14.14,10885619,156942351.12,4.3908,-6.3576,0,0
2023-07-21,sz.300711,14.05,14.2,13.66,13.7,7423855,102998163.04,2.9945,-3.1117,0,0
2023-07-24,sz.300711,13.67,13.78,13.51,13.62,3713740,50742195.6,1.498,-0.5839,0,0
2023-07-25,sz.300711,13.75,13.83,13.42,13.82,5641040,77100811.64,2.2754,1.4684,0,0
2023-07-26,sz.300711,13.8,13.8,13.28,13.31,5944884,79665135.4,2.3979,-3.6903,0,0
2023-07-27,sz.300711,13.35,13.51,13.27,13.29,3417353,45682941.35,1.3784,-0.1503,0,0
2023-07-28,sz.300711,13.3,13.5,13.11,13.44,3888013,51954039.46,1.5683,1.1287,0,0
2023-07-31,sz.300711,13.44,13.58,13.32,13.58,3400609,45910060.76,1.3717,1.0417,0,0
2023-08-01,sz.300711,13.56,13.56,13.37,13.46,2826080,38019032.02,1.1399,-0.8837,0,0
2023-08-02,sz.300711,13.46,13.51,13.34,13.5,2393844,32173276.96,0.9656,0.2972,0,0
2023-08-03,sz.300711,13.46,13.58,13.28,13.35,3472720,46512115.2,1.4008,-1.1111,0,0
2023-08-04,sz.300711,13.35,13.67,13.35,13.62,3926720,53276181.28,1.5839,2.0225,0,0
2023-08-07,sz.300711,13.68,13.78,13.56,13.59,3558180,48671738.8,1.4352,-0.2203,0,0
2023-08-08,sz.300711,13.66,13.83,13.58,13.73,3368680,46154935.2,1.3588,1.0302,0,0
2023-08-09,sz.300711,13.72,13.75,13.46,13.48,2820351,38276983.28,1.1376,-1.8208,0,0
2023-08-10,sz.300711,13.45,13.63,13.4,13.45,1781700,24032865.4,0.7187,-0.2226,0,0
2023-08-11,sz.300711,13.53,13.68,13.35,13.36,3407900,46218352.0,1.3746,-0.6691,0,0
2023-08-14,sz.300711,13.36,13.68,13.28,13.65,3008361,40639914.79,1.2134,2.1707,0,0
2023-08-15,sz.300711,13.68,14.08,13.51,13.6,4865550,66926649.53,1.9626,-0.3663,0,0
2023-08-16,sz.300711,13.61,13.61,13.19,13.27,3422424,45688431.84,1.3805,-2.4265,0,0
2023-08-17,sz.300711,13.2,13.78,13.11,13.73,4828772,65633352.36,1.9477,3.4665,0,0
2023-08-18,sz.300711,13.71,13.83,13.51,13.51,3378840,46155739.6,1.3629,-1.6023,0,0
2023-08-21,sz.300711,13.5,13.96,13.45,13.67,3872628,53270074.16,1.5621,1.1843,0,0
2023-08-22,sz.300711,13.92,13.92,13.69,13.92,4056200,56073319.8,1.6361,1.8288,0,0
2023-08-23,sz.300711,13.92,13.92,13.49,13.57,3802620,51806279.4,1.5338,-2.5144,0,0
2023-08-24,sz.300711,13.48,13.59,12.42,12.96,8366501,108070961.09,3.3747,-4.4952,0,0
2023-08-25,sz.300711,12.95,13.04,12.3,12.4,5079998,64026630.48,2.0491,-4.321,0,0
2023-08-28,sz.300711,13.16,13.23,12.48,12.5,4542974,58226750.84,1.8324,0.8065,0,0
2023-08-29,sz.300711,12.48,13.22,12.48,13.15,5032213,65631938.89,2.0298,5.2,0,0
2023-08-30,sz.300711,13.13,13.7,13.11,13.57,4855906,65633869.28,1.9587,3.1939,0,0
2023-08-31,sz.300711,13.38,13.74,13.38,13.59,3077884,41825835.88,1.2415,0.1474,0,0
2023-09-01,sz.300711,13.63,13.63,13.29,13.32,2817880,37731086.2,1.1366,-1.9868,0,0
2023-09-04,sz.300711,13.45,13.58,13.3,13.58,2484236,33398039.96,1.002,1.952,0,0
2023-09-05,sz.300711,13.58,13.87,13.55,13.72,3348680,45926691.8,1.3507,1.0309,0,0
2023-09-06,sz.300711,13.56,14.23,13.52,14.16,6017301,84151103.53,2.4271,3.207,0,0
2023-09-07,sz.300711,14.2,16.66,13.98,15.22,24083739,368455708.7,9.7144,7.4859,0,0
2023-09-08,sz.300711,14.6,15.88,14.46,15.27,23059092,345549435.03,9.3011,0.3285,0,0
2023-09-11,sz.300711,14.51,14.8,14.22,14.7,14413133,209414457.13,5.8137,-3.7328,0,0
2023-09-12,sz.300711,14.66,16.3,14.33,15.92,26965647,415763476.01,10.8768,8.2993,0,0
2023-09-13,sz.300711,15.41,15.5,14.85,15.05,18680868,282280777.64,7.5351,-5.4648,0,0
2023-09-14,sz.300711,15.5,16.5,15.14,15.35,28246808,449232188.53,11.3936,1.9934,0,0
2023-09-15,sz.300711,15.34,15.66,14.15,14.15,22882516,337768174.63,9.2299,-7.8176,0,0
2023-09-18,sz.300711,13.62,13.97,12.95,13.84,16505182,223288997.09,6.6575,-2.1908,0,0
2023-09-19,sz.300711,13.69,13.78,13.29,13.4,9326920,125500265.4,3.7621,-3.1792,0,0
2023-09-20,sz.300711,13.3,13.69,13.15,13.21,7247644,96616795.99,2.9234,-1.4179,0,0
2023-09-21,sz.300711,13.03,13.77,13.03,13.55,8238983,111685552.18,3.3233,2.5738,0,0
2023-09-22,sz.300711,13.42,14.3,13.42,14.28,10772032,151338847.73,4.345,5.3875,0,0
2023-09-25,sz.300711,14.25,14.77,14.15,14.46,9061121,131371244.14,3.6549,1.2605,0,0
2023-09-26,sz.300711,14.31,14.58,14.09,14.24,6196683,88470914.61,2.4995,-1.5214,0,0
2023-09-27,sz.300711,14.16,14.3,13.81,13.82,6350190,88406539.08,2.5614,-2.9494,0,0
2023-09-28,sz.300711,13.95,14.85,13.95,14.65,11463440,167226402.4,4.6239,6.0058,0,0
2023-10-09,sz.300711,14.42,14.8,14.42,14.74,8680580,127363331.88,3.5014,0.6143,0,0
2023-10-10,sz.300711,14.63,14.96,14.61,14.7,6889968,101563241.32,2.7791,-0.2714,0,0
2023-10-11,sz.300711,14.7,14.89,14.48,14.78,6212700,91540339.8,2.5059,0.5442,0,0
2023-10-12,sz.300711,14.77,14.82,14.44,14.56,6083520,88737625.96,2.4538,-1.4885,0,0
2023-10-13,sz.300711,14.55,14.74,14.31,14.51,5776324,84093111.64,2.3299,-0.3434,0,0
2023-10-16,sz.300711,14.64,14.66,14.19,14.32,4809320,68956348.0,1.9399,-1.3094,0,0
2023-10-17,sz.300711,14.32,14.32,13.99,14.23,4585446,64824532.59,1.8496,-0.6285,0,0
2023-10-18,sz.300711,14.07,14.22,13.76,13.84,4103800,56985387.4,1.6553,-2.7407,0,0
2023-10-19,sz.300711,13.74,14.22,13.71,13.82,4651471,65086507.96,1.8762,-0.1445,0,0
2023-10-20,sz.300711,13.69,14.16,13.33,13.33,5222328,71238900.87,2.1065,-3.5456,0,0
2023-10-23,sz.300711,13.33,13.68,13.28,13.34,5061188,68063415.48,2.0415,0.075,0,0
2023-10-24,sz.300711,13.36,13.67,13.11,13.41,5567780,74707950.0,2.2458,0.5247,0,0
2023-10-25,sz.300711,13.43,13.74,13.26,13.69,4735140,64452843.6,1.91,2.088,0,0
2023-10-26,sz.300711,13.6,14.24,13.48,14.22,7775680,108176972.4,3.1364,3.8714,0,0
2023-10-27,sz.300711,14.14,14.28,13.68,13.84,6992960,97057739.8,2.8207,-2.6723,0,0
2023-10-30,sz.300711,13.7,13.98,13.48,13.98,5450004,74986136.96,2.1983,1.0116,0,0
2023-10-31,sz.300711,13.9,13.97,13.43,13.61,4954660,67694236.6,1.9985,-2.6466,0,0
2023-11-01,sz.300711,13.54,13.77,13.35,13.41,3770460,50975344.2,1.5208,-1.4695,0,0
2023-11-02,sz.300711,13.46,13.55,13.05,13.05,4120740,54561599.2,1.6621,-2.6846,0,0
2023-11-03,sz.300711,13.13,13.74,13.11,13.64,6561780,88865840.2,2.6467,4.5211,0,0
2023-11-06,sz.300711,13.65,13.88,13.58,13.88,3880730,53402202.2,1.5653,1.7595,0,0
2023-11-07,sz.300711,13.86,14.27,13.76,14.21,5099190,71739875.8,2.0568,2.3775,0,0
2023-11-08,sz.300711,14.21,14.35,14.0,14.26,4744184,67362895.72,1.9136,0.3519,0,0
2023-11-09,sz.300711,14.26,14.39,14.0,14.1,3972540,56225954.2,1.6024,-1.122,0,0
2023-11-10,sz.300711,14.08,14.2,13.9,14.08,2984037,41970650.19,1.2036,-0.1418,0,0
2023-11-13,sz.300711,13.95,14.42,13.83,14.4,5228540,74259258.6,2.109,2.2727,0,0
2023-11-14,sz.300711,14.36,14.58,14.3,14.55,4577488,66302703.92,1.8464,1.0417,0,0
2023-11-15,sz.300711,14.6,14.8,14.5,14.55,5362060,78391678.4,2.1628,0.0,0,0
2023-11-16,sz.300711,14.51,14.67,14.33,14.37,3478580,50422625.6,1.4031,-1.2371,0,0
2023-11-17,sz.300711,14.37,14.6,14.31,14.58,3212060,46449139.6,1.2956,1.4614,0,0
2023-11-20,sz.300711,14.78,14.78,14.48,14.59,3803670,55577065.1,1.5342,0.0686,0,0
2023-11-21,sz.300711,14.62,14.66,14.27,14.35,3876431,55837804.5,1.5636,-1.645,0,0
2023-11-22,sz.300711,14.38,14.43,14.12,14.13,2878365,40955229.96,1.161,-1.5331,0,0
2023-11-23,sz.300711,14.15,14.4,14.04,14.25,3054473,43482163.31,1.232,0.8493,0,0
2023-11-24,sz.300711,14.28,14.5,13.81,13.92,3121260,43727743.8,1.259,-2.3158,0,0
2023-11-27,sz.300711,13.92,14.16,13.81,14.07,2659279,37356974.53,1.0726,1.0776,0,0
2023-11-28,sz.300711,14.08,14.35,13.98,14.13,2698443,38263594.51,1.0884,0.4264,0,0
2023-11-29,sz.300711,14.11,14.36,14.02,14.24,2972420,42261291.4,1.199,0.7785,0,0
2023-11-30,sz.300711,14.22,14.22,13.75,13.9,3310300,46054195.0,1.3352,-2.3876,0,0
2023-12-01,sz.300711,13.98,14.21,13.83,14.19,2627060,36934336.6,1.0596,2.0863,0,0
2023-12-04,sz.300711,14.19,14.26,14.07,14.07,2783060,39418485.8,1.1226,-0.8457,0,0
2023-12-05,sz.300711,14.09,14.09,13.57,13.58,3369760,46311111.6,1.3592,-3.4826,0,0
2023-12-06,sz.300711,13.64,13.68,13.44,13.53,2287773,31007964.01,0.9228,-0.3682,0,0
2023-12-07,sz.300711,13.56,13.72,13.49,13.59,2627263,35771999.09,1.0597,0.4435,0,0
2023-12-08,sz.300711,13.66,13.94,13.6,13.6,2532073,34808220.13,1.0213,0.0736,0,0
2023-12-11,sz.300711,13.61,13.61,13.28,13.61,3144056,42268435.02,1.2682,0.0735,0,0
2023-12-12,sz.300711,13.55,13.73,13.48,13.73,2410543,32861528.86,0.9723,0.8817,0,0
2023-12-13,sz.300711,13.7,14.05,13.51,13.69,4153590,57242181.2,1.6754,-0.2913,0,0
2023-12-14,sz.300711,13.81,13.97,13.68,13.77,3755395,52021471.25,1.5148,0.5844,0,0
2023-12-15,sz.300711,13.81,13.82,13.44,13.47,2784004,37694305.52,1.123,-2.1786,0,0
2023-12-18,sz.300711,13.49,13.49,13.22,13.26,2459044,32783037.0,0.9919,-1.559,0,0
2023-12-19,sz.300711,13.3,13.41,13.2,13.4,1896628,25236454.36,0.765,1.0558,0,0
2023-12-20,sz.300711,13.43,13.54,13.18,13.19,2230592,29746611.0,0.8997,-1.5672,0,0
2023-12-21,sz.300711,13.23,13.34,12.9,13.27,2300806,30210842.0,0.928,0.6065,0,0
2023-12-22,sz.300711,13.28,13.38,12.99,13.0,1983300,26072342.0,0.8,-2.0347,0,0
2023-12-25,sz.300711,13.0,13.2,12.91,13.06,1684960,21960585.4,0.6796,0.4615,0,0
2023-12-26,sz.300711,13.06,13.06,12.7,12.76,1850580,23666959.0,0.7464,-2.2971,0,0
2023-12-27,sz.300711,12.75,12.9,12.71,12.84,1428244,18292258.52,0.5761,0.627,0,0
2023-12-28,sz.300711,12.89,13.1,12.63,13.02,2003028,25940172.44,0.8079,1.4019,0,0
2023-12-29,sz.300711,13.01,13.36,12.95,13.35,2217060,29360924.0,0.8943,2.5346,0,0
2024-01-02,sz.300711,13.37,13.56,13.29,13.41,1982260,26623369.4,0.7996,0.4494,0,0
2024-01-03,sz.300711,13.38,13.45,13.18,13.32,1874300,24951393.0,0.756,-0.6711,0,0
2024-01-04,sz.300711,13.3,13.37,13.2,13.31,1600424,21278738.56,0.6455,-0.0751,0,0
2024-01-05,sz.300711,13.32,13.35,12.91,12.97,1768960,23234916.8,0.7135,-2.5545,0,0
2024-01-08,sz.300711,12.97,12.97,12.65,12.65,1772684,22640047.56,0.715,-2.4672,0,0
2024-01-09,sz.300711,12.67,12.93,12.57,12.66,1857480,23617846.8,0.7492,0.0791,0,0
2024-01-10,sz.300711,12.67,12.67,12.23,12.32,1903960,23595849.0,0.768,-2.6856,0,0
2024-01-11,sz.300711,12.58,12.85,12.49,12.82,4138000,52514409.0,1.6691,4.0584,0,0
2024-01-12,sz.300711,12.8,13.13,12.7,12.73,3578412,46177129.92,1.4434,-0.702,0,0
2024-01-15,sz.300711,13.41,14.28,12.98,13.01,11639452,157614191.38,4.6949,2.1995,0,0
2024-01-16,sz.300711,13.08,13.2,12.53,12.77,9198093,117331670.84,3.7101,-1.8447,0,0
2024-01-17,sz.300711,12.77,12.79,12.27,12.27,4912274,61350716.38,1.9814,-3.9154,0,0
2024-01-18,sz.300711,12.2,12.37,11.94,12.3,4699744,57048002.04,1.8957,0.2445,0,0
2024-01-19,sz.300711,12.36,12.36,12.1,12.12,2598675,31773426.72,1.0482,-1.4634,0,0
2024-01-22,sz.300711,12.3,12.31,11.32,11.41,3584470,42433957.65,1.4458,-5.8581,0,0
2024-01-23,sz.300711,11.42,11.63,11.19,11.46,3269610,37262699.3,1.3188,0.4382,0,0
2024-01-24,sz.300711,11.46,11.56,11.02,11.52,3245089,36798646.92,1.3089,0.5236,0,0
2024-01-25,sz.300711,11.46,12.31,11.42,12.3,4605691,55147535.17,1.8577,6.7708,0,0
2024-01-26,sz.300711,12.27,12.48,12.15,12.19,2949040,36401133.6,1.1895,-0.8943,0,0
2024-01-29,sz.300711,12.22,12.25,11.52,11.53,3944720,46450123.6,1.5911,-5.4143,0,0
2024-01-30,sz.300711,11.38,11.46,11.02,11.03,3255520,36485248.2,1.3131,-4.3365,0,0
2024-01-31,sz.300711,10.92,11.08,10.31,10.34,4066912,43287861.2,1.6404,-6.2557,0,0
2024-02-01,sz.300711,10.25,10.49,9.95,10.2,3844340,39146527.59,1.5506,-1.354,0,0
2024-02-02,sz.300711,10.12,10.5,9.14,9.64,5538477,54321091.19,2.234,-5.4902,0,0
2024-02-05,sz.300711,9.59,9.59,8.24,8.4,6812913,59094114.9,2.748,-12.8631,0,0
2024-02-06,sz.300711,8.3,8.79,7.53,8.46,7034905,56929217.64,2.8376,0.7143,0,0
2024-02-07,sz.300711,8.45,8.5,7.62,7.82,9550426,77267312.23,3.8522,-7.565,0,0
2024-02-08,sz.300711,7.96,9.05,7.8,8.96,9777297,82300066.15,3.9438,14.578,0,0
2024-02-19,sz.300711,9.02,9.93,9.0,9.6,8845862,84390281.19,3.5681,7.1429,0,0
2024-02-20,sz.300711,9.65,9.71,9.21,9.65,4452031,42436812.51,1.7958,0.5208,0,0
2024-02-21,sz.300711,9.52,10.17,9.5,9.78,5534342,54585507.39,2.2323,1.3472,0,0
2024-02-22,sz.300711,10.19,11.74,9.94,11.74,7463433,84694546.42,3.0104,20.0409,1,0
2024-02-23,sz.300711,13.29,13.44,12.07,12.62,24045591,301201691.14,9.699,7.4957,0,0
2024-02-26,sz.300711,12.12,12.55,12.01,12.16,15437752,188507308.28,6.2269,-3.645,0,0
2024-02-27,sz.300711,11.98,12.53,11.83,12.34,13721501,166973703.03,5.5347,1.4803,0,0
2024-02-28,sz.300711,12.24,12.42,10.96,11.02,13633797,161824810.71,5.4993,-10.6969,0,0
2024-02-29,sz.300711,11.12,12.32,11.12,11.91,11688888,138711569.99,4.7148,8.0762,0,0
2024-03-01,sz.300711,11.9,12.12,11.81,12.03,9240104,110552844.6,3.7271,1.0076,0,0
2024-03-04,sz.300711,12.09,12.28,11.75,12.25,8844741,106832212.41,3.5676,1.8288,0,0
2024-03-05,sz.300711,12.07,12.27,11.91,12.02,7913110,95963572.97,3.1918,-1.8776,0,0
2024-03-06,sz.300711,12.15,12.9,12.15,12.37,12572563,157125361.72,5.0712,2.9118,0,0
2024-03-07,sz.300711,12.35,12.53,12.04,12.1,8425357,103597441.29,3.3984,-2.1827,0,0
2024-03-08,sz.300711,12.11,12.87,12.1,12.81,11289601,141760909.29,4.5538,5.8678,0,0
2024-03-11,sz.300711,12.56,12.65,12.36,12.65,7647340,95566128.8,3.0846,-1.249,0,0
2024-03-12,sz.300711,12.68,12.77,12.37,12.57,6907941,86612847.97,2.7864,-0.6324,0,0
2024-03-13,sz.300711,12.59,12.77,12.52,12.62,6950618,87952979.6,2.8036,0.3978,0,0
2024-03-14,sz.300711,12.56,12.8,12.37,12.57,6155448,77159775.14,2.4829,-0.3962,0,0
2024-03-15,sz.300711,12.54,12.7,12.37,12.69,4261304,53535786.76,1.7188,0.9547,0,0
2024-03-18,sz.300711,12.78,13.08,12.65,13.06,5988593,77223577.16,2.4155,2.9157,0,0
2024-03-19,sz.300711,13.05,13.37,12.89,13.23,6900052,90751213.84,2.7832,1.3017,0,0
2024-03-20,sz.300711,13.14,13.33,13.02,13.24,5556008,73400218.88,2.2411,0.0756,0,0
2024-03-21,sz.300711,13.3,13.33,13.02,13.21,4990800,65854335.96,2.0131,-0.2266,0,0
2024-03-22,sz.300711,13.2,13.58,13.01,13.36,9614404,128535595.44,3.8794,1.1355,0,0
2024-03-25,sz.300711,13.25,13.4,12.57,12.6,8689664,112951581.56,3.5063,-5.6886,0,0
2024-03-26,sz.300711,12.54,12.85,12.19,12.35,5970868,74565187.76,2.4093,-1.9841,0,0
2024-03-27,sz.300711,12.35,12.35,11.79,11.79,4882960,58616384.8,1.9703,-4.5344,0,0
2024-03-28,sz.300711,12.13,12.86,12.11,12.7,8197447,102457058.64,3.3077,7.7184,0,0
2024-03-29,sz.300711,12.74,12.99,12.33,12.95,8265801,105037028.65,3.3353,1.9685,0,0
2024-04-01,sz.300711,13.01,13.28,12.85,13.23,6476835,84747047.74,2.6134,2.1622,0,0
2024-04-02,sz.300711,13.34,14.6,13.14,13.68,16900976,232792172.02,6.8196,3.4014,0,0
2024-04-03,sz.300711,13.56,15.5,13.56,14.73,23538530,343644699.88,9.4978,7.6754,0,0
2024-04-08,sz.300711,14.1,14.45,13.51,13.51,17298013,239036841.71,6.9798,-8.2824,0,0
2024-04-09,sz.300711,13.66,14.2,13.18,13.81,14964379,204651404.5,6.0382,2.2206,0,0
2024-04-10,sz.300711,13.34,13.48,12.61,13.08,13022041,168742251.13,5.2544,-5.286,0,0
2024-04-11,sz.300711,12.74,13.0,12.34,12.39,10029557,126487963.91,4.0469,-5.2752,0,0
2024-04-12,sz.300711,12.6,13.67,12.52,12.56,12311297,161289097.1,4.9676,1.3721,0,0
2024-04-15,sz.300711,12.69,13.0,11.63,11.96,10311205,125575306.98,4.1606,-4.7771,0,0
2024-04-16,sz.300711,11.81,11.87,10.71,10.72,8691144,96174405.34,3.5069,-10.3679,0,0
2024-04-17,sz.300711,11.1,12.02,11.1,12.02,9115430,107170424.12,3.6781,12.1269,0,0
2024-04-18,sz.300711,12.11,14.42,12.11,14.23,29448107,404906031.65,11.8824,18.386,0,0
2024-04-19,sz.300711,13.55,15.05,13.51,14.55,33558671,478876737.99,13.541,2.2488,0,0
2024-04-22,sz.300711,17.0,17.46,17.0,17.46,16620099,288745033.96,6.7062,20.0,1,0
2024-04-23,sz.300711,18.75,20.95,17.9,20.95,39540159,770928003.44,15.9545,19.9885,1,0
2024-04-24,sz.300711,21.38,25.14,21.38,24.16,58221900,1366749653.23,23.4927,15.3222,0,0
2024-04-25,sz.300711,23.68,23.85,21.85,22.85,47735721,1077559890.46,19.2615,-5.4222,0,0
2024-04-26,sz.300711,21.6,22.85,20.63,20.83,48289431,1052559583.32,19.4849,-8.8403,0,0
2024-04-29,sz.300711,20.05,21.77,19.78,21.08,37760034,794129128.28,15.2363,1.2002,0,0
2024-04-30,sz.300711,20.2,20.55,18.84,18.96,30767602,596317705.96,12.4148,-10.0569,0,0
2024-05-06,sz.300711,18.59,19.38,18.24,19.26,23397888,442867787.49,9.4411,1.5823,0,0
2024-05-07,sz.300711,19.18,22.78,18.82,22.1,45095517,952892390.87,18.1961,14.7456,0,0
2024-05-08,sz.300711,20.8,20.87,18.89,20.1,29376580,592045344.51,11.8535,-9.0498,0,0
2024-05-09,sz.300711,19.5,20.88,19.01,20.54,25922733,516746697.23,10.4599,2.1891,0,0
2024-05-10,sz.300711,20.25,20.87,18.69,18.9,21903736,431896080.8,8.8382,-7.9844,0,0
2024-05-13,sz.300711,18.47,20.19,18.25,19.42,20280441,393575105.41,8.1832,2.7513,0,0
2024-05-14,sz.300711,19.8,20.12,18.52,19.49,18609311,360821487.43,7.5089,0.3605,0,0
2024-05-15,sz.300711,19.4,21.0,18.8,20.46,29482519,594393919.83,11.8963,4.9769,0,0
2024-05-16,sz.300711,20.61,21.19,19.78,20.0,25085154,511870409.11,10.1219,-2.2483,0,0
2024-05-17,sz.300711,19.91,21.62,19.46,21.38,33381483,691277451.79,13.4695,6.9,0,0
2024-05-20,sz.300711,20.68,22.78,20.62,22.43,35296849,763919837.52,14.2424,4.9111,0,0
2024-05-21,sz.300711,21.81,21.99,20.9,20.98,21875362,468962507.75,8.8268,-6.4646,0,0
2024-05-22,sz.300711,20.65,20.8,19.41,19.86,25679899,509358426.87,10.3619,-5.3384,0,0
2024-05-23,sz.300711,20.45,22.11,20.44,20.5,33345624,705318360.93,13.455,3.2226,0,0
2024-05-24,sz.300711,19.12,19.44,17.91,18.06,29274751,539819124.25,11.8124,-11.9024,0,0
2024-05-27,sz.300711,17.61,18.13,16.95,17.97,17586678,308242739.67,7.0963,-0.4983,0,0
2024-05-28,sz.300711,17.59,18.01,17.42,17.62,12331262,217612664.35,4.9757,-1.9477,0,0
2024-05-29,sz.300711,17.86,18.2,17.35,17.46,12033377,212238669.81,4.8555,-0.9081,0,0
2024-05-30,sz.300711,17.27,17.53,16.8,16.92,13142342,224752674.44,5.303,-3.0928,0,0
2024-05-31,sz.300711,16.9,17.39,16.9,17.23,10608300,181953824.0,4.2805,1.8322,0,0
2024-06-03,sz.300711,17.49,17.78,16.92,17.26,11464020,199852363.6,4.6258,0.1741,0,0
2024-06-04,sz.300711,16.92,17.35,16.69,17.0,9396586,159080272.48,3.7915,-1.5064,0,0
2024-06-05,sz.300711,16.94,17.05,16.53,16.53,8302700,139280435.4,3.3502,-2.7647,0,0
2024-06-06,sz.300711,16.4,16.59,15.45,15.64,14795804,233806668.98,5.9701,-5.3842,0,0
2024-06-07,sz.300711,15.93,15.99,15.48,15.75,7925100,124672148.2,3.1978,0.7033,0,0
2024-06-11,sz.300711,15.51,15.97,15.24,15.91,7301243,114492625.08,2.9461,1.0159,0,0
2024-06-12,sz.300711,15.86,16.26,15.76,16.25,6762200,109104095.4,2.7286,2.137,0,0
2024-06-13,sz.300711,16.27,16.37,15.95,16.0,6253133,100789226.34,2.5232,-1.5385,0,0
2024-06-14,sz.300711,15.96,16.3,15.8,16.24,6867871,110682933.23,2.7712,1.5,0,0
2024-06-17,sz.300711,16.15,16.4,16.02,16.15,5691050,92205192.05,2.2964,-0.5542,0,0
2024-06-18,sz.300711,16.05,16.78,16.05,16.67,11971589,197943234.9,4.8306,3.8629,0,0
2024-06-19,sz.300711,16.57,17.9,16.5,17.16,23332937,400930439.83,9.4149,2.9394,0,0
2024-06-20,sz.300711,16.78,16.83,15.74,15.76,18037715,291252630.16,7.2783,-8.1585,0,0
2024-06-21,sz.300711,15.75,15.94,15.4,15.65,8252404,129417968.8,3.3299,-0.698,0,0
2024-06-24,sz.300711,15.51,15.54,14.9,14.9,8159884,123502812.24,3.2925,-4.7923,0,0
2024-06-25,sz.300711,15.02,15.3,14.61,14.8,6683408,99439282.08,2.6968,-0.6711,0,0
2024-06-26,sz.300711,14.66,15.28,14.5,15.22,6401588,95502768.28,2.5831,2.8378,0,0
2024-06-27,sz.300711,15.2,15.37,14.88,14.91,6013520,91044152.0,2.4265,-2.0368,0,0
2024-06-28,sz.300711,14.95,15.69,14.92,15.43,8670940,134063669.6,3.4987,3.4876,0,0
2024-07-01,sz.300711,15.28,15.61,15.03,15.4,5989964,91387710.8,2.417,-0.1944,0,0
2024-07-02,sz.300711,15.42,15.96,15.27,15.75,12234293,192133517.89,4.9366,2.2727,0,0
2024-07-03,sz.300711,15.54,16.09,15.17,15.41,12872653,200670300.2,5.1941,-2.1587,0,0
2024-07-04,sz.300711,15.42,16.39,15.14,15.93,17708926,279589351.53,7.1456,3.3744,0,0
2024-07-05,sz.300711,15.61,15.9,14.9,15.21,15497738,237115514.92,6.2534,-4.5198,0,0
2024-07-08,sz.300711,15.21,15.29,14.77,14.86,7826079,117097763.19,3.1578,-2.3011,0,0
2024-07-09,sz.300711,14.71,15.53,14.55,15.5,12064900,182716469.92,4.8682,4.3069,0,0
2024-07-10,sz.300711,15.36,15.56,14.97,15.0,8368635,127818580.03,3.3768,-3.2258,0,0
2024-07-11,sz.300711,15.28,15.38,14.96,15.26,8599650,130526324.49,3.47,1.7333,0,0
2024-07-12,sz.300711,15.14,15.74,14.93,15.31,11440098,175742552.22,4.6161,0.3277,0,0
2024-07-15,sz.300711,15.13,15.91,15.08,15.81,15472727,241976655.0,6.2433,3.2658,0,0
2024-07-16,sz.300711,15.68,15.68,15.08,15.34,11645736,178391729.39,4.6991,-2.9728,0,0
2024-07-17,sz.300711,15.16,15.16,14.02,14.05,12666781,184985533.25,5.1111,-8.4094,0,0
2024-07-18,sz.300711,13.85,14.18,13.58,14.14,8773213,121549960.38,3.54,0.6406,0,0
2024-07-19,sz.300711,13.97,14.64,13.97,14.3,6379660,91465220.67,2.5742,1.1315,0,0
2024-07-22,sz.300711,14.57,14.68,14.31,14.56,5876032,85186645.32,2.371,1.8182,0,0
2024-07-23,sz.300711,14.49,14.64,14.16,14.23,5656940,81805276.8,2.2826,-2.2665,0,0
2024-07-24,sz.300711,14.23,14.5,13.9,13.97,5453960,77288708.8,2.2007,-1.8271,0,0
2024-07-25,sz.300711,13.85,14.28,13.58,14.1,5372780,75133943.6,2.1679,0.9306,0,0
2024-07-26,sz.300711,14.22,15.18,14.1,14.86,11051051,162436585.01,4.4591,5.3901,0,0
2024-07-29,sz.300711,14.86,15.38,14.47,15.16,11415671,171259718.73,4.6062,2.0188,0,0
2024-07-30,sz.300711,15.1,15.47,14.9,15.2,10194631,155286028.02,4.1136,0.2639,0,0
2024-07-31,sz.300711,15.03,16.68,15.02,16.0,20934356,330270242.93,8.4471,5.2632,0,0
2024-08-01,sz.300711,15.84,16.75,15.78,16.61,21438056,350706565.32,8.6503,3.8125,0,0
2024-08-02,sz.300711,16.36,17.44,16.0,16.94,29426021,492879700.56,11.8735,1.9868,0,0
2024-08-05,sz.300711,16.45,16.79,15.46,15.58,19343373,312069445.54,7.8051,-8.0283,0,0
2024-08-06,sz.300711,15.83,16.04,15.22,15.72,11107643,174002928.16,4.482,0.8986,0,0
2024-08-07,sz.300711,15.6,18.5,15.6,17.9,35659883,619010518.5,14.3888,13.8677,0,0
2024-08-08,sz.300711,17.25,17.4,16.01,16.3,26705864,443061570.64,10.7759,-8.9385,0,0
2024-08-09,sz.300711,16.01,16.58,15.75,15.79,14333645,230150332.11,5.7837,-3.1288,0,0
2024-08-12,sz.300711,15.51,15.55,14.68,14.84,13060120,194695909.0,5.2698,-6.0165,0,0
2024-08-13,sz.300711,14.9,16.63,14.86,15.36,13066944,202542072.36,5.2725,3.504,0,0
2024-08-14,sz.300711,15.31,15.49,15.04,15.04,9950181,151660184.14,4.0149,-2.0833,0,0
2024-08-15,sz.300711,14.85,15.25,14.6,15.07,8579300,128521226.0,3.4618,0.1995,0,0
2024-08-16,sz.300711,15.05,15.33,14.73,14.77,8926700,134004290.6,3.5933,-1.9907,0,0
2024-08-19,sz.300711,14.7,15.04,14.54,14.63,7579620,111892238.4,3.051,-0.9479,0,0
2024-08-20,sz.300711,14.6,14.89,14.28,14.42,7352304,106467488.12,2.9595,-1.4354,0,0
2024-08-21,sz.300711,14.49,14.63,14.19,14.26,5704981,82019827.07,2.2964,-1.1096,0,0
2024-08-22,sz.300711,14.26,14.5,14.01,14.1,6552750,93192094.6,2.6377,-1.122,0,0
2024-08-23,sz.300711,14.22,14.28,13.82,14.08,5381600,75602162.07,2.1663,-0.1418,0,0
2024-08-26,sz.300711,14.04,14.74,13.88,14.58,10200313,147984422.12,4.106,3.5511,0,0
2024-08-27,sz.300711,14.45,14.45,13.74,13.85,7310517,102558280.76,2.9427,-5.0069,0,0
2024-08-28,sz.300711,13.79,13.93,13.64,13.7,4703649,64708243.07,1.8934,-1.083,0,0
2024-08-29,sz.300711,13.64,14.14,13.44,13.98,5944729,82606833.06,2.3929,2.0438,0,0
2024-08-30,sz.300711,13.98,14.82,13.9,14.47,11409124,165516698.6,4.5925,3.505,0,0
2024-09-02,sz.300711,14.29,14.55,14.06,14.07,7688204,109892833.28,3.0948,-2.7643,0,0
2024-09-03,sz.300711,14.04,14.31,14.02,14.23,5178680,73423438.8,2.0846,1.1372,0,0
2024-09-04,sz.300711,14.05,14.24,13.97,14.04,4545860,63969172.4,1.8299,-1.3352,0,0
2024-09-05,sz.300711,14.0,14.42,14.0,14.29,5721820,81762610.6,2.3032,1.7806,0,0
2024-09-06,sz.300711,14.3,14.7,13.94,13.96,8726540,125383468.4,3.5127,-2.3093,0,0
2024-09-09,sz.300711,13.78,14.05,13.67,13.91,4227511,58633232.7,1.7017,-0.3582,0,0
2024-09-10,sz.300711,13.91,14.28,13.83,14.24,5881020,82870554.6,2.3673,2.3724,0,0
2024-09-11,sz.300711,14.11,14.16,13.87,13.97,4321080,60504157.6,1.7394,-1.8961,0,0
2024-09-12,sz.300711,14.04,14.15,13.73,13.76,4459333,62240725.11,1.795,-1.5032,0,0
2024-09-13,sz.300711,13.75,13.9,13.46,13.47,4299740,58621177.0,1.7308,-2.1076,0,0
2024-09-18,sz.300711,13.48,13.67,13.13,13.58,4626052,61972442.64,1.8621,0.8166,0,0
2024-09-19,sz.300711,13.76,14.3,13.63,14.25,8292080,115793156.59,3.3378,4.9337,0,0
2024-09-20,sz.300711,14.54,14.99,14.32,14.37,15323168,224208079.12,6.1681,0.8421,0,0
2024-09-23,sz.300711,14.37,17.2,14.37,15.71,30231077,485798592.89,12.169,9.325,0,0
2024-09-24,sz.300711,15.21,16.7,14.97,16.17,28863875,449097961.98,11.6187,2.9281,0,0
2024-09-25,sz.300711,15.83,16.76,15.77,16.35,26957362,438208283.3,10.8512,1.1132,0,0
2024-09-26,sz.300711,16.04,16.3,15.83,16.28,16875703,271795168.17,6.793,-0.4281,0,0
2024-09-27,sz.300711,16.29,17.33,16.15,17.14,24996235,419123098.41,10.0618,5.2826,0,0
2024-09-30,sz.300711,17.8,20.2,17.16,19.92,31424326,583860225.81,12.6493,16.2194,0,0
2024-10-08,sz.300711,23.5,23.9,20.23,23.9,33969569,765085419.2,13.6739,19.9799,1,0
2024-10-09,sz.300711,21.81,22.99,19.9,19.96,23235950,500872136.54,9.3532,-16.4854,0,0
2024-10-10,sz.300711,19.97,21.1,19.4,19.95,15535658,314798576.88,6.2536,-0.0501,0,0
2024-10-11,sz.300711,20.21,20.84,18.6,19.21,17406849,346697806.97,7.0068,-3.7093,0,0
2024-10-14,sz.300711,19.8,20.79,19.31,20.62,17336960,351554494.48,6.9787,7.3399,0,0
2024-10-15,sz.300711,20.1,21.84,19.89,21.3,25113947,524960208.98,10.1092,3.2978,0,0
2024-10-16,sz.300711,20.66,21.26,20.28,20.47,15422132,319853791.72,6.2079,-3.8967,0,0
2024-10-17,sz.300711,20.41,21.05,20.08,20.16,14726340,303818565.74,5.9278,-1.5144,0,0
2024-10-18,sz.300711,19.88,21.5,19.79,20.84,17655464,364618064.55,7.1069,3.373,0,0
2024-10-21,sz.300711,21.0,22.85,21.0,22.5,26064181,574733516.12,10.4917,7.9655,0,0
2024-10-22,sz.300711,22.89,22.99,20.86,21.33,21526126,467350967.21,8.665,-5.2,0,0
2024-10-23,sz.300711,20.91,22.22,20.7,21.5,16514214,355995338.24,6.6475,0.797,0,0
2024-10-24,sz.300711,21.5,22.7,21.2,22.61,22817381,505419391.71,9.1848,5.1628,0,0
2024-10-25,sz.300711,22.19,22.55,21.7,22.31,18321706,404651679.67,7.3751,-1.3268,0,0
2024-10-28,sz.300711,22.09,23.39,22.0,22.03,20311568,458434265.56,8.1761,-1.255,0,0
2024-10-29,sz.300711,21.8,22.17,20.96,20.96,18654245,397773414.19,7.509,-4.857,0,0
2024-10-30,sz.300711,20.7,21.29,20.4,21.12,11583543,242712124.57,4.6628,0.7634,0,0
2024-10-31,sz.300711,21.41,21.41,20.75,21.0,12241751,257902145.51,4.9277,-0.5682,0,0
2024-11-01,sz.300711,20.8,20.9,19.4,19.6,13768615,273613665.14,5.5423,-6.6667,0,0
2024-11-04,sz.300711,19.59,20.65,19.51,20.37,8646751,173830575.78,3.4806,3.9286,0,0
2024-11-05,sz.300711,20.3,21.24,20.18,21.06,10591462,221488971.24,4.2634,3.3873,0,0
2024-11-06,sz.300711,21.55,22.47,21.35,21.59,20736878,454296761.36,8.3473,2.5166,0,0
2024-11-07,sz.300711,21.2,21.57,20.73,21.33,13072375,275509929.9,5.2621,-1.2043,0,0
2024-11-08,sz.300711,21.52,22.34,21.42,21.71,13516757,294935277.47,5.4409,1.7815,0,0
2024-11-11,sz.300711,21.84,22.77,21.57,22.6,16466288,366400565.81,6.6282,4.0995,0,0
2024-11-12,sz.300711,22.77,22.86,21.4,21.61,12750857,280318330.24,5.1326,-4.3805,0,0
2024-11-13,sz.300711,21.33,22.38,21.13,22.26,11329483,247369062.63,4.5605,3.0079,0,0
2024-11-14,sz.300711,22.6,23.39,21.15,21.15,16177791,363729291.6,6.5121,-4.9865,0,0
2024-11-15,sz.300711,21.0,21.65,20.02,20.06,12137410,251973454.18,4.8857,-5.1537,0,0
2024-11-18,sz.300711,20.3,20.57,19.07,19.36,7819606,152842519.18,3.1476,-3.4895,0,0
2024-11-19,sz.300711,19.87,20.27,19.36,20.15,8872050,176122005.49,3.5713,4.0806,0,0
2024-11-20,sz.300711,19.86,20.68,19.78,20.44,8297480,168851515.16,3.34,1.4392,0,0
2024-11-21,sz.300711,20.19,20.56,19.7,20.05,7061220,142049197.14,2.8424,-1.908,0,0
2024-11-22,sz.300711,19.87,20.13,19.02,19.05,7429925,145439316.55,2.9908,-4.9875,0,0
2024-11-25,sz.300711,19.58,19.75,18.73,19.51,7251835,139412309.87,2.9191,2.4147,0,0
2024-11-26,sz.300711,19.68,23.41,19.68,23.41,20436741,460592507.19,8.2265,19.9897,1,0
2024-11-27,sz.300711,23.18,25.63,21.83,24.15,43756910,1034837716.26,17.6136,3.161,0,0
2024-11-28,sz.300711,24.28,28.98,24.28,27.21,50222977,1342246342.88,20.2164,12.6708,0,0
2024-11-29,sz.300711,25.04,26.98,23.99,25.7,42562836,1079973010.11,17.1329,-5.5494,0,0
2024-12-02,sz.300711,24.61,25.3,24.32,24.64,28076583,693432473.98,11.3018,-4.1245,0,0
2024-12-03,sz.300711,24.8,25.08,23.85,24.31,20667382,503974023.37,8.3193,-1.3393,0,0
2024-12-04,sz.300711,24.04,24.29,23.28,23.61,15427851,366628865.44,6.2102,-2.8795,0,0
2024-12-05,sz.300711,23.29,23.85,23.23,23.7,11808055,278629248.81,4.7531,0.3812,0,0
2024-12-06,sz.300711,24.67,27.28,24.6,24.68,32296935,822672230.29,13.0006,4.135,0,0
2024-12-09,sz.300711,23.88,25.5,23.88,24.51,19458656,477823334.38,7.8328,-0.6888,0,0
2024-12-10,sz.300711,25.0,26.8,24.57,26.74,31190126,802837917.62,12.5551,9.0983,0,0
2024-12-11,sz.300711,26.9,31.02,25.88,28.78,41388261,1172492762.77,16.6601,7.629,0,0
2024-12-12,sz.300711,28.0,28.0,26.51,27.08,27204091,739801478.27,10.9505,-5.9069,0,0
2024-12-13,sz.300711,26.48,27.94,26.26,27.18,22386390,606912600.31,9.0113,0.3693,0,0
2024-12-16,sz.300711,26.42,26.8,25.68,25.9,13908753,361945417.89,5.5987,-4.7093,0,0
2024-12-17,sz.300711,25.65,27.95,25.47,27.0,23658859,639613533.88,9.5235,4.2471,0,0
2024-12-18,sz.300711,26.41,28.74,25.01,28.1,27017992,723445014.57,10.8756,4.0741,0,0
2024-12-19,sz.300711,27.25,29.5,27.25,29.07,27890146,797654691.64,11.2267,3.452,0,0
2024-12-20,sz.300711,28.21,29.56,27.8,28.0,22562065,643878903.58,9.082,-3.6808,0,0
2024-12-23,sz.300711,27.37,27.76,25.25,25.34,17142261,452212700.11,6.9003,-9.5,0,0
2024-12-24,sz.300711,25.17,25.74,24.5,25.13,12133502,303389725.07,4.8841,-0.8287,0,0
2024-12-25,sz.300711,25.03,25.3,23.7,24.33,11473792,278935927.25,4.6186,-3.1834,0,0
2024-12-26,sz.300711,24.7,26.34,24.28,25.83,16627210,426635618.51,6.693,6.1652,0,0
2024-12-27,sz.300711,25.9,26.2,25.02,25.06,12264746,314513405.52,4.937,-2.981,0,0
2024-12-30,sz.300711,24.88,25.42,24.03,24.52,8211320,201951992.4,3.3053,-2.1548,0,0
2024-12-31,sz.300711,24.5,24.87,23.1,23.15,9286864,219712029.16,3.7383,-5.5873,0,0
2025-01-02,sz.300711,23.24,23.76,22.41,22.82,8232148,190109016.88,3.3137,-1.4255,0,0
2025-01-03,sz.300711,22.9,23.2,21.3,21.35,8872935,194656610.88,3.5716,-6.4417,0,0
2025-01-06,sz.300711,21.8,21.9,20.89,21.3,6600400,141259054.2,2.6569,-0.2342,0,0
2025-01-07,sz.300711,21.5,22.28,21.31,22.26,8010200,174424386.0,3.2244,4.507,0,0
2025-01-08,sz.300711,22.0,22.33,20.98,22.06,8498133,184877332.37,3.4208,-0.8985,0,0
2025-01-09,sz.300711,21.86,22.61,21.68,22.38,7555720,168362707.6,3.0414,1.4506,0,0
2025-01-10,sz.300711,22.22,22.65,21.57,21.61,6979088,154064477.52,2.8093,-3.4406,0,0
2025-01-13,sz.300711,22.35,24.4,22.24,23.01,17050048,395705855.62,6.8632,6.4785,0,0
2025-01-14,sz.300711,22.99,24.1,22.62,24.06,15571947,366116521.85,6.2682,4.5632,0,0
2025-01-15,sz.300711,23.65,25.6,23.64,24.21,15785392,388289589.2,6.3541,0.6234,0,0
2025-01-16,sz.300711,24.1,24.85,23.82,24.43,11477272,280128868.78,4.62,0.9087,0,0
2025-01-17,sz.300711,24.1,24.19,23.39,23.46,10581460,250426004.76,4.2594,-3.9705,0,0
2025-01-20,sz.300711,23.63,24.09,23.54,23.77,7608260,180903092.52,3.0626,1.3214,0,0
2025-01-21,sz.300711,23.99,24.44,23.73,24.14,9866182,237486994.88,3.9715,1.5566,0,0
2025-01-22,sz.300711,24.08,24.88,23.65,24.25,11302013,275963587.59,4.5494,0.4557,0,0
2025-01-23,sz.300711,24.62,25.35,24.18,24.23,12186746,301147967.82,4.9056,-0.0825,0,0
2025-01-24,sz.300711,23.98,24.65,23.8,24.59,8818777,215177183.87,3.5498,1.4858,0,0
2025-01-27,sz.300711,24.4,24.83,23.56,23.56,6871453,165308832.52,2.766,-4.1887,0,0
2025-02-05,sz.300711,23.71,24.06,23.25,23.71,6291594,149263564.53,2.5326,0.6367,0,0
2025-02-06,sz.300711,23.79,24.86,23.72,24.82,11710202,287243099.54,4.7137,4.6816,0,0
2025-02-07,sz.300711,24.73,25.24,24.31,24.93,13693026,339815458.15,5.5119,0.4432,0,0
2025-02-10,sz.300711,24.93,25.3,24.8,25.21,11501180,288274455.42,4.6296,1.1231,0,0
2025-02-11,sz.300711,25.15,25.47,24.7,24.95,9871084,246765230.14,3.9734,-1.0313,0,0
2025-02-12,sz.300711,24.8,25.08,24.55,24.89,9390451,232859214.34,3.78,-0.2405,0,0
2025-02-13,sz.300711,24.65,26.6,24.49,26.38,24145018,621464012.56,9.7192,5.9863,0,0
2025-02-14,sz.300711,26.0,26.14,25.38,26.03,15232324,391471043.84,6.1315,-1.3268,0,0
2025-02-17,sz.300711,25.8,26.39,25.78,26.28,11941631,311713571.0,4.8069,0.9604,0,0
2025-02-18,sz.300711,26.01,26.59,24.32,24.37,12650431,323593568.31,5.0922,-7.2679,0,0
2025-02-19,sz.300711,24.03,24.74,24.02,24.54,9553206,233207941.02,3.8455,0.6976,0,0
2025-02-20,sz.300711,24.46,24.47,23.86,24.21,9324157,224699908.77,3.7533,-1.3447,0,0
2025-02-21,sz.300711,24.1,24.98,24.04,24.85,10605184,260429867.4,4.2689,2.6435,0,0
2025-02-24,sz.300711,24.72,25.45,24.4,25.39,12278120,307657924.08,4.9423,2.173,0,0
2025-02-25,sz.300711,24.8,25.28,24.66,24.89,8622224,215250862.76,3.4707,-1.9693,0,0
2025-02-26,sz.300711,25.15,25.2,24.55,24.98,8646285,214335503.73,3.4804,0.3616,0,0
2025-02-27,sz.300711,24.9,24.93,23.4,23.77,10617158,255263749.09,4.2738,-4.8439,0,0
2025-02-28,sz.300711,23.52,23.6,22.14,22.14,8071155,183050850.79,3.2489,-6.8574,0,0
2025-03-03,sz.300711,22.3,22.77,22.09,22.41,4368740,98397438.0,1.7586,1.2195,0,0
2025-03-04,sz.300711,22.18,23.0,22.16,22.91,4677593,106417443.77,1.8829,2.2311,0,0
2025-03-05,sz.300711,22.91,23.64,22.91,23.39,6322431,147733721.86,2.545,2.0952,0,0
2025-03-06,sz.300711,23.42,23.96,23.42,23.74,7689700,182301213.0,3.0954,1.4964,0,0
2025-03-07,sz.300711,23.59,23.87,23.26,23.54,6062991,142622238.95,2.4406,-0.8425,0,0
2025-03-10,sz.300711,23.53,23.65,23.24,23.35,3320627,77768983.04,1.3367,-0.8071,0,0
2025-03-11,sz.300711,23.0,23.43,22.83,23.43,3589607,83185040.0,1.4449,0.3426,0,0
2025-03-12,sz.300711,23.42,23.8,23.31,23.44,4714233,110830902.91,1.8976,0.0427,0,0
2025-03-13,sz.300711,23.66,24.48,23.26,23.73,9510101,226604030.98,3.8281,1.2372,0,0
2025-03-14,sz.300711,23.42,23.76,22.94,23.68,6811509,159355204.33,2.7419,-0.2107,0,0
2025-03-17,sz.300711,23.68,24.86,23.68,24.27,9677664,236127735.15,3.8956,2.4916,0,0
2025-03-18,sz.300711,24.15,24.48,24.06,24.3,5976931,145013181.12,2.4059,0.1236,0,0
2025-03-19,sz.300711,24.18,24.26,23.66,23.78,4766200,114159102.0,1.9186,-2.1399,0,0
2025-03-20,sz.300711,23.7,24.1,23.68,23.72,3330388,79512505.04,1.3406,-0.2523,0,0
2025-03-21,sz.300711,23.52,23.9,23.15,23.15,3984233,93336462.49,1.6038,-2.403,0,0
2025-03-24,sz.300711,23.21,23.37,21.75,22.46,5099260,114303326.2,2.0526,-2.9806,0,0
2025-03-25,sz.300711,22.46,23.15,22.28,22.53,3456108,78217150.24,1.3912,0.3117,0,0
2025-03-26,sz.300711,22.42,22.83,22.42,22.57,2422540,54786908.2,0.9752,0.1775,0,0
2025-03-27,sz.300711,22.58,24.01,22.46,23.43,9448235,222123266.2,3.8032,3.8104,0,0
2025-03-28,sz.300711,23.28,23.59,22.71,23.08,5113300,117902402.0,2.0583,-1.4938,0,0
2025-03-31,sz.300711,22.91,22.98,22.35,22.67,3412520,77170339.6,1.3737,-1.7764,0,0
2025-04-01,sz.300711,22.97,23.04,22.67,22.78,2664526,60848320.54,1.0726,0.4852,0,0
2025-04-02,sz.300711,22.79,22.96,22.43,22.48,3046200,69136456.4,1.2262,-1.3169,0,0
2025-04-03,sz.300711,22.3,22.59,21.91,22.11,2829988,62861041.2,1.1392,-1.6459,0,0
2025-04-07,sz.300711,20.4,20.65,17.69,17.69,8080728,151774125.86,3.2528,-19.991,0,1
2025-04-08,sz.300711,18.25,19.17,18.16,18.93,8286890,155543809.14,3.3357,7.0096,0,0
2025-04-09,sz.300711,18.65,20.7,17.62,20.48,9871427,191604506.9,3.9736,8.1881,0,0
2025-04-10,sz.300711,20.82,21.34,20.65,20.67,7780364,163431552.36,3.1319,0.9277,0,0
2025-04-11,sz.300711,20.41,21.08,20.41,20.84,4896886,101929948.48,1.9712,0.8224,0,0
2025-04-14,sz.300711,21.16,21.43,20.95,21.04,3350016,70883003.66,1.3485,0.9597,0,0
2025-04-15,sz.300711,20.91,21.2,20.78,20.94,2688863,56298037.17,1.0824,-0.4753,0,0
2025-04-16,sz.300711,20.76,21.15,20.18,20.72,2805000,58129824.0,1.1291,-1.0506,0,0
2025-04-17,sz.300711,20.66,20.9,20.5,20.6,2361900,48923971.12,0.9507,-0.5792,0,0
2025-04-18,sz.300711,20.42,22.04,20.36,21.4,9349000,199600732.05,3.7633,3.8835,0,0
2025-04-21,sz.300711,21.3,21.75,21.01,21.46,7430240,159055589.24,2.9909,0.2804,0,0
2025-04-22,sz.300711,21.3,21.45,21.08,21.11,5087660,107767582.8,2.048,-1.6309,0,0
2025-04-23,sz.300711,21.19,21.55,21.17,21.54,4666920,99730260.8,1.8786,2.0369,0,0
2025-04-24,sz.300711,21.34,21.43,20.92,21.13,3763266,79724755.62,1.5148,-1.9034,0,0
2025-04-25,sz.300711,21.54,21.72,21.02,21.11,7700700,163972490.0,3.0998,-0.0947,0,0
2025-04-28,sz.300711,20.53,20.93,20.44,20.48,4418641,91146767.14,1.7786,-2.9844,0,0
2025-04-29,sz.300711,20.46,20.7,20.26,20.5,2770384,56901605.32,1.1152,0.0977,0,0
2025-04-30,sz.300711,20.56,21.02,20.51,20.77,3658100,76206092.0,1.4725,1.3171,0,0
2025-05-06,sz.300711,20.99,21.45,20.86,21.45,4204608,89355609.76,1.6925,3.274,0,0
2025-05-07,sz.300711,21.79,22.17,21.6,21.89,6745900,147175836.0,2.7154,2.0513,0,0
2025-05-08,sz.300711,21.77,22.42,21.66,22.33,5764621,127536461.83,2.3205,2.0101,0,0
2025-05-09,sz.300711,22.43,23.33,21.99,22.69,13205057,298224089.73,5.3155,1.6122,0,0
2025-05-12,sz.300711,22.47,23.68,22.35,23.63,14796584,345558791.36,5.9561,4.1428,0,0
2025-05-13,sz.300711,23.36,23.36,22.5,22.56,10258734,234483211.04,4.1295,-3.7132,0,0
2025-05-14,sz.300711,22.45,22.68,22.08,22.26,7003279,156821859.8,2.8191,-1.3298,0,0
2025-05-15,sz.300711,22.58,22.8,21.98,22.1,4993200,111117495.08,2.0099,-0.7188,0,0
2025-05-16,sz.300711,21.94,22.22,21.7,21.78,4144800,90955328.0,1.6684,-1.448,0,0
2025-05-19,sz.300711,21.94,21.99,21.65,21.93,2826655,61736353.95,1.1378,0.6887,0,0
2025-05-20,sz.300711,21.93,22.17,21.71,22.15,3497375,76870348.15,1.4078,1.0032,0,0
2025-05-21,sz.300711,22.15,22.15,21.47,21.65,3892800,84515490.2,1.567,-2.2573,0,0
2025-05-22,sz.300711,21.61,21.79,21.27,21.3,2980408,64144569.92,1.1997,-1.6166,0,0
2025-05-23,sz.300711,21.28,21.45,20.79,20.83,3774875,79609398.64,1.5195,-2.2066,0,0
2025-05-26,sz.300711,20.7,21.26,20.7,21.2,2351600,49564651.0,0.9466,1.7763,0,0
2025-05-27,sz.300711,21.2,21.24,20.84,20.91,2184900,45767808.0,0.8795,-1.3679,0,0
2025-05-28,sz.300711,20.9,21.05,20.66,20.73,2269982,47304760.44,0.9137,-0.8608,0,0
2025-05-29,sz.300711,20.67,21.38,20.67,21.27,3052901,64471545.01,1.2289,2.6049,0,0
2025-05-30,sz.300711,21.27,21.27,20.88,20.9,2417400,50762793.0,0.9731,-1.7395,0,0
2025-06-03,sz.300711,20.68,21.18,20.68,20.88,3036410,63522057.2,1.2223,-0.0957,0,0
2025-06-04,sz.300711,20.89,21.15,20.85,21.12,2798790,58767329.0,1.1266,1.1494,0,0
2025-06-05,sz.300711,21.11,21.36,20.91,21.32,2950324,62503294.84,1.1876,0.947,0,0
2025-06-06,sz.300711,21.34,21.48,21.06,21.14,2592882,54980192.94,1.0437,-0.8443,0,0
2025-06-09,sz.300711,21.13,21.49,21.13,21.33,2507962,53550388.46,1.0095,0.8988,0,0
2025-06-10,sz.300711,21.33,21.79,20.8,21.02,4630482,98121018.66,1.8639,-1.4534,0,0
2025-06-11,sz.300711,21.02,21.18,20.94,20.97,2316640,48725736.2,0.9325,-0.2379,0,0
2025-06-12,sz.300711,20.88,21.13,20.76,20.85,2337200,48886721.0,0.9408,-0.5722,0,0
2025-06-13,sz.300711,20.67,20.88,20.4,20.53,3171260,65377656.04,1.2765,-1.5348,0,0
2025-06-16,sz.300711,20.4,20.92,20.4,20.75,2350400,48853725.0,0.9461,1.0716,0,0
2025-06-17,sz.300711,20.67,20.85,20.56,20.7,1942399,40108236.75,0.7819,-0.241,0,0
2025-06-18,sz.300711,20.6,21.06,20.55,21.04,3116964,64980939.64,1.2547,1.6425,0,0
2025-06-19,sz.300711,21.02,21.05,20.38,20.43,3116164,64247683.25,1.2544,-2.8992,0,0
2025-06-20,sz.300711,20.38,21.29,20.25,20.54,5048142,104814412.6,2.032,0.5384,0,0
2025-06-23,sz.300711,20.76,21.15,20.04,21.15,4069732,84841136.24,1.6382,2.9698,0,0
2025-06-24,sz.300711,21.1,21.48,20.94,21.46,5004120,106288504.6,2.0143,1.4657,0,0
2025-06-25,sz.300711,21.38,21.77,21.36,21.67,5139712,110887771.03,2.0689,0.9786,0,0
2025-06-26,sz.300711,21.48,23.33,21.47,22.39,14420896,323692099.24,5.8049,3.3226,0,0
2025-06-27,sz.300711,22.29,23.28,22.06,22.39,9781866,220640415.56,3.9375,0.0,0,0
2025-06-30,sz.300711,22.22,22.99,22.1,22.88,8782067,199414372.14,3.5351,2.1885,0,0
2025-07-01,sz.300711,22.78,22.9,22.39,22.58,5206224,117526072.64,2.0957,-1.3112,0,0
2025-07-02,sz.300711,22.36,22.53,22.08,22.23,4493568,99931931.32,1.8088,-1.55,0,0
2025-07-03,sz.300711,22.24,22.65,22.14,22.33,3370447,75505352.46,1.3567,0.4498,0,0
2025-07-04,sz.300711,22.25,22.36,21.9,22.01,3297240,72751494.4,1.3272,-1.433,0,0
2025-07-07,sz.300711,21.9,22.16,21.73,22.07,2585000,56826352.0,1.0405,0.2726,0,0
2025-07-08,sz.300711,21.97,22.33,21.92,22.28,3484260,77359031.57,1.4025,0.9515,0,0
2025-07-09,sz.300711,22.26,22.46,22.11,22.17,3235493,72040971.4,1.3024,-0.4937,0,0
2025-07-10,sz.300711,22.17,22.24,21.82,21.91,2836280,62366302.4,1.1417,-1.1728,0,0
2025-07-11,sz.300711,21.87,22.15,21.73,22.02,3127900,68713510.8,1.2591,0.5021,0,0
2025-07-14,sz.300711,22.0,22.16,21.86,22.03,2399648,52884492.88,0.9659,0.0454,0,0
2025-07-15,sz.300711,22.13,22.23,21.56,21.93,3370000,73686690.0,1.3565,-0.4539,0,0
2025-07-16,sz.300711,21.93,22.12,21.77,21.83,2967773,65127894.94,1.1946,-0.456,0,0
2025-07-17,sz.300711,21.77,22.13,21.72,22.03,3986380,87778021.0,1.6046,0.9162,0,0
2025-07-18,sz.300711,22.12,22.14,21.75,21.97,3543083,77687632.95,1.4262,-0.2724,0,0
2025-07-21,sz.300711,21.96,22.22,21.94,22.22,3513134,77576939.2,1.4142,1.1379,0,0
2025-07-22,sz.300711,22.02,22.23,21.8,21.9,4505924,98902864.76,1.8138,-1.4401,0,0
2025-07-23,sz.300711,21.86,21.88,21.53,21.56,3465120,75135371.8,1.3948,-1.5525,0,0
2025-07-24,sz.300711,21.57,21.8,21.55,21.75,3002237,65022001.58,1.2085,0.8813,0,0
2025-07-25,sz.300711,21.72,21.87,21.59,21.85,2914764,63295433.52,1.1733,0.4598,0,0
2025-07-28,sz.300711,21.84,22.15,21.79,22.05,2999876,65986533.84,1.2075,0.9153,0,0
2025-07-29,sz.300711,22.0,22.15,21.93,22.13,3017820,66579831.0,1.2148,0.3628,0,0
2025-07-30,sz.300711,22.05,22.23,21.65,21.99,3538440,77769679.0,1.4243,-0.6326,0,0
2025-07-31,sz.300711,21.85,22.35,21.66,21.73,4123360,90858970.4,1.6598,-1.1824,0,0
2025-08-01,sz.300711,21.8,22.26,21.57,21.94,4114084,90132287.0,1.6561,0.9664,0,0
2025-08-04,sz.300711,21.8,22.54,21.79,22.51,6685545,149650392.36,2.6912,2.598,0,0
2025-08-05,sz.300711,22.61,24.59,22.53,23.52,16423009,385646324.05,6.6108,4.4869,0,0
2025-08-06,sz.300711,23.38,23.77,23.15,23.5,10373093,243784477.17,4.1755,-0.085,0,0
2025-08-07,sz.300711,23.54,23.84,23.39,23.7,10129547,239269770.54,4.0775,0.8511,0,0
2025-08-08,sz.300711,23.58,24.12,23.35,23.48,10137512,239677003.56,4.0807,-0.9283,0,0
2025-08-11,sz.300711,23.5,23.66,23.24,23.3,8473600,198578558.0,3.4109,-0.7666,0,0
2025-08-12,sz.300711,23.6,23.85,23.26,23.41,7726672,181620284.52,3.1102,0.4721,0,0
2025-08-13,sz.300711,23.48,23.95,23.42,23.63,8526592,201859062.28,3.4322,0.9398,0,0
2025-08-14,sz.300711,23.52,23.74,23.27,23.36,7419871,174321840.69,2.9867,-1.1426,0,0
2025-08-15,sz.300711,23.36,23.74,23.31,23.4,5957248,139851164.24,2.398,0.1712,0,0
2025-08-18,sz.300711,23.54,23.85,23.32,23.83,8589168,203231049.48,3.4574,1.8376,0,0
2025-08-19,sz.300711,23.76,23.96,23.5,23.74,7077200,168142191.8,2.8488,-0.3777,0,0
2025-08-20,sz.300711,23.75,24.78,23.4,24.46,15455253,375816862.97,6.2213,3.0329,0,0
2025-08-21,sz.300711,24.43,24.44,23.55,23.72,10473447,250669665.68,4.2159,-3.0253,0,0
2025-08-22,sz.300711,23.75,23.9,23.52,23.87,6663257,158258479.25,2.6822,0.6324,0,0
2025-08-25,sz.300711,24.05,25.28,23.77,25.05,15396990,376299404.34,6.1978,4.9434,0,0
2025-08-26,sz.300711,24.98,24.98,24.31,24.56,9336068,229412637.76,3.7581,-1.9561,0,0
2025-08-27,sz.300711,24.5,24.75,23.66,23.69,8838756,214958519.56,3.5579,-3.5423,0,0
2025-08-28,sz.300711,24.32,25.45,23.86,24.8,14248338,349664854.33,5.7354,4.6855,0,0
2025-08-29,sz.300711,24.55,25.09,24.26,24.5,9406820,231272221.56,3.7866,-1.2097,0,0
2025-09-01,sz.300711,24.35,24.68,23.95,24.22,6785079,164187991.08,2.7312,-1.1429,0,0
2025-09-02,sz.300711,24.03,24.16,22.86,23.12,8501994,197936617.3,3.4223,-4.5417,0,0
2025-09-03,sz.300711,23.38,23.38,22.21,22.24,6406550,145057574.02,2.5788,-3.8062,0,0
2025-09-04,sz.300711,22.2,22.58,21.15,21.53,6002444,131502566.0,2.4162,-3.1924,0,0
2025-09-05,sz.300711,21.72,21.86,21.4,21.79,4141426,89612743.21,1.6671,1.2076,0,0
2025-09-08,sz.300711,21.84,22.03,21.46,21.95,4331700,94279888.0,1.7437,0.7343,0,0
2025-09-09,sz.300711,21.96,21.96,21.16,21.25,4361900,93643542.8,1.7558,-3.1891,0,0
2025-09-10,sz.300711,21.39,22.15,21.22,21.57,5438900,117856984.0,2.1893,1.5059,0,0
2025-09-11,sz.300711,21.55,22.63,21.26,22.58,9078907,201332975.67,3.6546,4.6824,0,0
2025-09-12,sz.300711,22.42,22.72,22.22,22.25,5731673,128663482.61,2.3072,-1.4615,0,0
2025-09-15,sz.300711,22.25,22.27,21.82,21.97,3932599,86529121.88,1.583,-1.2584,0,0
2025-09-16,sz.300711,21.97,22.2,21.83,22.13,3253780,71712583.0,1.3098,0.7283,0,0
2025-09-17,sz.300711,22.12,22.28,21.9,21.96,4165041,91883191.56,1.6766,-0.7682,0,0
2025-09-18,sz.300711,22.15,22.15,21.2,21.45,5409335,117520560.13,2.1774,-2.3224,0,0
2025-09-19,sz.300711,21.48,21.69,21.12,21.25,3625156,77465800.95,1.4592,-0.9324,0,0
2025-09-22,sz.300711,21.2,21.41,21.13,21.32,2541400,54057439.0,1.023,0.3294,0,0
2025-09-23,sz.300711,21.35,21.39,20.4,21.02,4506528,93554766.64,1.814,-1.4071,0,0
2025-09-24,sz.300711,20.9,21.25,20.66,21.13,3207258,67533399.73,1.291,0.5233,0,0
2025-09-25,sz.300711,21.15,21.47,21.01,21.15,3540853,75190340.01,1.4253,0.0947,0,0
2025-09-26,sz.300711,21.15,21.19,20.67,20.67,3052990,63755881.38,1.2289,-2.2695,0,0
2025-09-29,sz.300711,20.67,20.82,20.34,20.66,2750768,56766214.74,1.1073,-0.0484,0,0
2025-09-30,sz.300711,21.0,21.17,20.71,20.73,3268400,68406017.41,1.3156,0.3388,0,0
2025-10-09,sz.300711,20.73,21.05,20.69,20.83,3037899,63464960.41,1.2229,0.4824,0,0
2025-10-10,sz.300711,20.71,20.97,20.55,20.79,3550200,73774513.0,1.4291,-0.192,0,0
2025-10-13,sz.300711,20.28,20.96,19.61,20.9,4091850,83813502.4,1.6471,0.5291,0,0
2025-10-14,sz.300711,21.11,21.58,20.79,20.92,5318952,112470998.5,2.1411,0.0957,0,0
2025-10-15,sz.300711,20.9,21.19,20.58,20.81,4108970,85494976.56,1.654,-0.5258,0,0
2025-10-16,sz.300711,20.75,20.83,20.49,20.51,3011815,62057824.15,1.2124,-1.4416,0,0
2025-10-17,sz.300711,20.51,20.68,19.98,20.0,2998400,60887231.0,1.207,-2.4866,0,0
2025-10-20,sz.300711,20.19,20.5,19.9,20.14,2884339,58323383.34,1.161,0.7,0,0
2025-10-21,sz.300711,20.14,20.55,20.14,20.38,2768608,56505762.48,1.1145,1.1917,0,0
2025-10-22,sz.300711,20.44,20.58,20.17,20.45,2178300,44542978.0,0.8768,0.3435,0,0
2025-10-23,sz.300711,20.4,21.3,20.27,21.24,8360468,174604758.16,3.3654,3.8631,0,0
2025-10-24,sz.300711,21.48,21.6,21.16,21.35,8179920,175109017.0,3.2927,0.5179,0,0
2025-10-27,sz.300711,21.43,21.48,21.01,21.26,5054445,107078841.85,2.0346,-0.4215,0,0
2025-10-28,sz.300711,21.05,21.35,20.91,21.18,3862584,81860910.28,1.5548,-0.3763,0,0
2025-10-29,sz.300711,21.3,21.95,21.23,21.58,8684254,188235651.63,3.4957,1.8886,0,0
2025-10-30,sz.300711,21.27,25.0,21.16,23.32,25217155,590100250.1,10.1507,8.063,0,0
2025-10-31,sz.300711,23.06,23.33,22.4,22.75,18899134,429730219.84,7.6075,-2.4443,0,0
2025-11-03,sz.300711,22.6,22.88,22.32,22.73,11553332,261239302.16,4.6506,-0.0879,0,0
2025-11-04,sz.300711,22.49,22.7,22.01,22.23,8486604,188595741.88,3.4161,-2.1997,0,0
2025-11-05,sz.300711,21.82,22.31,21.8,22.07,5821608,128612217.81,2.3434,-0.7197,0,0
2025-11-06,sz.300711,22.29,22.4,21.74,22.04,7708096,170081247.16,3.1028,-0.1359,0,0
2025-11-07,sz.300711,21.93,22.19,21.61,22.07,6187324,135826696.65,2.4906,0.1361,0,0
2025-11-10,sz.300711,21.96,22.34,21.88,22.18,5332640,117956570.4,2.1466,0.4984,0,0
2025-11-11,sz.300711,22.2,22.61,21.8,21.92,6543940,144885757.0,2.6342,-1.1722,0,0
2025-11-12,sz.300711,21.88,22.16,21.52,22.1,6308290,137666064.8,2.5393,0.8212,0,0
2025-11-13,sz.300711,21.8,22.14,21.69,21.82,5521860,120923539.44,2.2227,-1.267,0,0
2025-11-14,sz.300711,21.87,22.42,21.66,21.94,6430162,141916777.8,2.5884,0.55,0,0
2025-11-17,sz.300711,21.65,22.04,21.65,22.0,5253880,115026083.62,2.1149,0.2735,0,0
2025-11-18,sz.300711,21.93,21.99,21.38,21.55,5524198,119120437.32,2.2237,-2.0455,0,0
2025-11-19,sz.300711,21.67,21.67,21.03,21.17,4964420,105543494.2,1.9983,-1.7633,0,0
2025-11-20,sz.300711,21.2,21.45,21.0,21.31,3550353,75339031.21,1.4291,0.6613,0,0
2025-11-21,sz.300711,21.12,21.61,20.43,20.9,5609972,117020207.16,2.2582,-1.924,0,0
2025-11-24,sz.300711,20.8,21.71,20.8,21.62,5886246,125839342.95,2.3694,3.445,0,0
2025-11-25,sz.300711,21.65,22.19,21.53,21.89,6258906,137559260.07,2.5194,1.2488,0,0
2025-11-26,sz.300711,21.81,22.08,21.6,21.62,4209048,91783850.16,1.6943,-1.2334,0,0
2025-11-27,sz.300711,21.55,22.14,21.46,21.83,3901163,85082725.4,1.5703,0.9713,0,0
2025-11-28,sz.300711,21.79,22.15,21.63,22.15,4011380,88177764.51,1.6147,1.4659,0,0
2025-12-01,sz.300711,22.2,22.59,22.1,22.5,7188295,161352594.59,2.8935,1.5801,0,0
2025-12-02,sz.300711,22.45,22.63,22.28,22.5,4900173,110084822.17,1.9725,0.0,0,0
2025-12-03,sz.300711,22.47,22.5,21.85,22.16,4887282,108014883.68,1.9673,-1.5111,0,0
2025-12-04,sz.300711,22.1,22.39,21.99,22.1,4456748,98945547.84,1.794,-0.2708,0,0
2025-12-05,sz.300711,22.08,22.55,21.9,22.54,4964253,111038924.68,1.9983,1.991,0,0
2025-12-08,sz.300711,22.62,22.9,22.41,22.6,6203184,140743197.76,2.497,0.2662,0,0
2025-12-09,sz.300711,22.44,22.69,22.35,22.48,3809204,85620615.44,1.5333,-0.531,0,0
2025-12-10,sz.300711,22.32,22.48,22.0,22.23,3548344,78824805.84,1.4283,-1.1121,0,0
2025-12-11,sz.300711,22.28,22.49,22.0,22.02,4195764,93073951.52,1.6889,-0.9447,0,0
2025-12-12,sz.300711,21.92,22.39,21.81,21.9,4738011,104867447.7,1.9072,-0.545,0,0
2025-12-15,sz.300711,21.82,22.22,21.44,21.91,3929300,85980991.0,1.5817,0.0457,0,0
2025-12-16,sz.300711,21.93,22.08,21.16,21.53,3861880,82940262.3,1.5545,-1.7344,0,0
2025-12-17,sz.300711,21.55,21.88,20.76,21.69,5684336,120838182.44,2.2881,0.7431,0,0
2025-12-18,sz.300711,21.49,22.3,21.27,21.95,4486194,98856229.78,1.8058,1.1987,0,0
2025-12-19,sz.300711,22.06,22.68,22.05,22.11,3833713,85405103.01,1.5432,0.7289,0,0
2025-12-22,sz.300711,22.19,22.42,22.1,22.34,3708100,82648368.0,1.4926,1.0403,0,0
2025-12-23,sz.300711,22.12,22.36,21.86,21.97,4163520,91740937.2,1.676,-1.6562,0,0
2025-12-24,sz.300711,21.91,22.36,21.76,22.36,3743700,83031304.8,1.507,1.7751,0,0
2025-12-25,sz.300711,22.45,23.0,22.3,22.81,5564348,126462983.68,2.2398,2.0125,0,0
2025-12-26,sz.300711,22.59,23.27,22.53,23.22,7408504,170074311.48,2.9822,1.7975,0,0
2025-12-29,sz.300711,23.25,23.36,22.77,23.1,5380620,123993752.6,2.1659,-0.5168,0,0
2025-12-30,sz.300711,22.97,23.29,22.81,23.01,5194888,119734453.86,2.0911,-0.3896,0,0
2025-12-31,sz.300711,22.93,23.46,22.88,23.22,7390660,171964412.18,2.975,0.9126,0,0
2026-01-05,sz.300711,23.22,23.38,22.93,23.3,6817720,158308688.6,2.7444,0.3445,0,0
2026-01-06,sz.300711,23.24,23.58,23.08,23.55,6886520,160738199.4,2.7721,1.073,0,0
2026-01-07,sz.300711,23.56,23.85,23.23,23.41,6275280,147322038.4,2.526,-0.5945,0,0
2026-01-08,sz.300711,23.5,23.98,23.29,23.95,7899684,187699998.12,3.1799,2.3067,0,0
2026-01-09,sz.300711,24.27,24.92,23.98,24.41,12069516,295123492.42,4.8584,1.9207,0,0
2026-01-12,sz.300711,24.4,29.29,24.36,29.29,26295370,721246789.62,10.5848,19.9918,1,0
2026-01-13,sz.300711,31.05,35.14,30.69,30.69,45979129,1479988504.8,18.5081,4.7798,0,0
2026-01-14,sz.300711,30.5,35.1,29.5,34.98,44361751,1424044393.1,17.8571,13.9785,0,0
2026-01-15,sz.300711,30.91,31.8,28.05,28.98,30091269,891326957.17,12.1127,-17.1527,0,0
2026-01-16,sz.300711,29.56,29.75,27.56,27.71,18324053,517161349.13,7.376,-4.3823,0,0
2026-01-19,sz.300711,27.42,27.9,27.05,27.18,13739225,377381032.14,5.5305,-1.9127,0,0
2026-01-20,sz.300711,27.31,27.47,26.0,26.26,14237607,377590745.67,5.7311,-3.3848,0,0
2026-01-21,sz.300711,26.07,26.7,26.03,26.61,9975871,263673157.61,4.0156,1.3328,0,0
2026-01-22,sz.300711,26.6,27.2,26.42,26.96,10286463,276706970.7,4.1406,1.3153,0,0
2026-01-23,sz.300711,27.22,28.21,26.96,28.09,16146173,447761404.7,6.4994,4.1914,0,0
2026-01-26,sz.300711,28.0,28.0,26.47,26.81,12616160,340454434.26,5.0784,-4.5568,0,0
2026-01-27,sz.300711,26.8,28.49,26.8,28.46,17017105,472449245.98,6.8499,6.1544,0,0
2026-01-28,sz.300711,28.3,28.38,27.42,27.68,12418233,345576810.52,4.9987,-2.7407,0,0
2026-01-29,sz.300711,27.39,28.9,26.95,28.44,16683106,471873521.32,6.7155,2.7457,0,0
2026-01-30,sz.300711,27.72,27.84,26.34,27.02,16414257,443289628.07,6.6073,-4.993,0,0
2026-02-02,sz.300711,26.6,27.36,26.37,26.37,8981124,241206338.13,3.6152,-2.4056,0,0
2026-02-03,sz.300711,26.7,28.08,26.59,27.99,13939616,384277903.3,5.6112,6.1433,0,0
2026-02-04,sz.300711,28.2,29.08,28.2,28.41,16351799,468613026.64,6.5821,1.5005,0,0
2026-02-05,sz.300711,27.94,28.83,27.8,27.9,9728060,274400250.48,3.9159,-1.7951,0,0
2026-02-06,sz.300711,27.37,28.68,27.37,28.1,11507779,324114948.2,4.6323,0.7168,0,0
2026-02-09,sz.300711,28.33,28.75,28.16,28.7,10327735,295038454.91,4.1573,2.1352,0,0
2026-02-10,sz.300711,28.42,29.47,28.05,29.03,14167726,407378302.1,5.703,1.1498,0,0
2026-02-11,sz.300711,28.8,28.92,27.87,27.89,10197631,287743919.75,4.1049,-3.927,0,0
2026-02-12,sz.300711,28.11,28.48,27.99,28.04,8657628,244307781.39,3.485,0.5378,0,0
2026-02-13,sz.300711,27.92,28.36,27.92,27.96,6005665,168951329.51,2.4175,-0.2853,0,0
2026-02-24,sz.300711,28.13,28.19,27.41,27.66,5652420,157196528.0,2.2753,-1.073,0,0
2026-02-25,sz.300711,27.72,28.12,27.45,27.7,6804716,188577351.72,2.7391,0.1446,0,0
2026-02-26,sz.300711,27.58,28.13,27.42,27.8,6430283,179023689.67,2.5884,0.361,0,0
2026-02-27,sz.300711,27.56,27.99,27.42,27.88,4868896,135076926.24,1.9599,0.2878,0,0
2026-03-02,sz.300711,27.89,29.1,27.89,28.94,14449608,412983364.32,5.8164,3.802,0,0
2026-03-03,sz.300711,29.0,29.2,25.66,25.8,19117256,512432941.27,7.6953,-10.85,0,0
2026-03-04,sz.300711,25.35,26.97,25.31,26.75,11895716,315998619.34,4.7884,3.6822,0,0
2026-03-05,sz.300711,27.17,27.55,26.71,27.29,8548400,232731406.0,3.441,2.0187,0,0
2026-03-06,sz.300711,27.15,28.5,26.93,27.75,8478200,237186786.0,3.4128,1.6856,0,0
2026-03-09,sz.300711,27.0,27.48,26.26,27.42,6882700,184555466.36,2.7705,-1.1892,0,0
2026-03-10,sz.300711,27.53,28.44,27.53,28.41,8143408,229442058.28,3.278,3.6105,0,0
2026-03-11,sz.300711,28.53,28.76,27.35,27.53,9603402,267021544.98,3.8657,-3.0975,0,0
2026-03-12,sz.300711,27.36,27.58,26.52,26.62,6103600,164001644.0,2.4569,-3.3055,0,0
2026-03-13,sz.300711,26.55,26.55,25.83,25.87,4859045,127096796.6,1.9559,-2.8174,0,0
2026-03-16,sz.300711,25.89,26.14,25.56,26.1,4209141,108879534.71,1.6943,0.8891,0,0
2026-03-17,sz.300711,26.19,26.28,25.18,25.18,4373810,112243694.67,1.7606,-3.5249,0,0
2026-03-18,sz.300711,25.48,26.61,25.39,26.59,6494279,169513757.13,2.6142,5.5997,0,0
2026-03-19,sz.300711,26.25,26.59,25.93,26.08,4032820,105596030.1,1.6233,-1.918,0,0
2026-03-20,sz.300711,26.2,26.6,25.34,25.35,4763288,123551828.8,1.9174,-2.7991,0,0
2026-03-23,sz.300711,24.9,25.11,23.6,23.8,6445184,157082555.68,2.5944,-6.1144,0,0
2026-03-24,sz.300711,24.34,24.6,23.77,24.54,3838500,92862632.2,1.5451,3.1092,0,0
2026-03-25,sz.300711,24.85,25.77,24.7,25.13,5386600,136181050.0,2.1683,2.4042,0,0
2026-03-26,sz.300711,25.03,25.18,24.12,24.35,4148939,101872122.07,1.6701,-3.1039,0,0
2026-03-27,sz.300711,24.27,24.8,24.15,24.67,3929300,96565357.0,1.5817,1.3142,0,0
2026-03-30,sz.300711,24.45,24.81,24.16,24.73,4061820,99806469.6,1.635,0.2432,0,0
2026-03-31,sz.300711,24.8,25.25,24.5,24.52,3380258,83983199.88,1.3607,-0.8492,0,0
2026-04-01,sz.300711,25.02,25.15,24.46,24.73,3135000,77435546.0,1.2619,0.8564,0,0
2026-04-02,sz.300711,24.52,24.75,23.86,24.04,3232130,78458786.5,1.301,-2.7901,0,0
2026-04-03,sz.300711,24.2,24.3,23.73,23.85,3509535,84262899.45,1.4127,-0.7903,0,0
2026-04-07,sz.300711,23.76,24.28,23.68,23.88,2335009,56112300.16,0.9399,0.1258,0,0
2026-04-08,sz.300711,24.41,25.36,24.41,25.31,4643706,116118351.07,1.8693,5.9883,0,0
2026-04-09,sz.300711,25.03,25.21,24.67,24.96,4056939,101227661.59,1.6331,-1.3829,0,0
2026-04-10,sz.300711,24.98,25.36,24.82,24.85,3629664,90959574.07,1.4611,-0.4407,0,0
2026-04-13,sz.300711,24.67,24.8,24.48,24.61,2754220,67786173.4,1.1087,-0.9658,0,0
2026-04-14,sz.300711,24.86,25.14,24.7,25.1,3701300,92385085.0,1.4899,1.9911,0,0
2026-04-15,sz.300711,25.36,25.96,24.9,24.99,6344420,161248652.88,2.5539,-0.4382,0,0
2026-04-16,sz.300711,24.98,25.35,24.76,25.31,4931240,124083120.0,1.985,1.2805,0,0
2026-04-17,sz.300711,25.26,25.35,24.89,25.19,3747753,94129757.36,1.5086,-0.4741,0,0
2026-04-20,sz.300711,25.18,25.55,25.1,25.26,5310634,134441891.07,2.1377,0.2779,0,0
2026-04-21,sz.300711,25.16,25.3,24.52,24.72,5333020,131869381.6,2.1467,-2.1378,0,0
2026-04-22,sz.300711,24.96,25.4,24.63,25.3,6045116,152064819.72,2.4334,2.3463,0,0
2026-04-23,sz.300711,25.16,25.38,24.47,24.57,5297140,131458184.06,2.1323,-2.8854,0,0
2026-04-24,sz.300711,24.68,24.83,24.1,24.1,4560420,110818666.92,1.8357,-1.9129,0,0
2026-04-27,sz.300711,24.25,24.27,23.7,23.91,3689020,88493158.0,1.485,-0.7884,0,0
2026-04-28,sz.300711,23.96,24.0,22.73,22.95,5250529,121296317.16,2.1135,-4.0151,0,0
2026-04-29,sz.300711,21.5,21.5,20.41,21.07,11971064,250132613.85,4.8188,-8.1917,0,0
2026-04-30,sz.300711,21.15,21.15,20.7,20.87,7617369,159073957.73,3.0663,-0.9492,0,0
2026-05-06,sz.300711,21.0,21.41,20.72,20.86,6569932,138299076.48,2.6446,-0.0479,0,0
2026-05-07,sz.300711,20.88,21.07,20.55,21.04,6923616,144020887.48,2.787,0.8629,0,0
2026-05-08,sz.300711,20.95,21.78,20.91,21.67,7593124,162860019.88,3.0565,2.9943,0,0
2026-05-11,sz.300711,22.06,22.08,21.55,21.73,5433640,118357298.6,2.1872,0.2769,0,0
2026-05-12,sz.300711,21.75,21.92,21.3,21.32,4436010,95655078.62,1.7856,-1.8868,0,0
2026-05-13,sz.300711,21.11,21.57,20.98,21.57,4187314,89321137.12,1.6855,1.1726,0,0
2026-05-14,sz.300711,21.78,22.38,20.9,20.9,5266800,112608048.2,2.1201,-3.1062,0,0
2026-05-15,sz.300711,20.9,21.09,20.28,20.51,5072121,104483241.46,2.0417,-1.866,0,0
2026-05-18,sz.300711,20.28,20.82,20.16,20.67,3385160,69510975.2,1.3626,0.7801,0,0
2026-05-19,sz.300711,20.52,20.92,20.4,20.91,3419273,70640803.17,1.3764,1.1611,0,0
2026-05-20,sz.300711,20.66,20.94,20.33,20.41,3258953,66827016.32,1.3118,-2.3912,0,0
2026-05-21,sz.300711,20.41,20.79,19.63,19.89,4906665,99266589.95,1.9751,-2.5478,0,0
2026-05-22,sz.300711,19.95,20.23,19.49,20.1,3640484,72360587.17,1.4654,1.0558,0,0
2026-05-25,sz.300711,20.08,20.4,19.9,20.26,3147940,63540043.6,1.2672,0.796,0,0
2026-05-26,sz.300711,20.06,20.24,19.75,20.2,3280000,65412578.0,1.3203,-0.2962,0,0
2026-05-27,sz.300711,20.28,20.45,19.55,19.8,3239569,64469499.23,1.304,-1.9802,0,0
2026-05-28,sz.300711,19.53,20.96,19.52,20.42,7710055,157686603.59,3.1036,4.1837,0,0
2026-05-29,sz.300711,20.5,20.55,19.55,19.66,6518869,129686262.26,2.6241,-3.7218,0,0
2026-06-01,sz.300711,19.66,19.98,19.36,19.46,4195498,82399548.12,1.6888,-1.0173,0,0
2026-06-02,sz.300711,19.46,19.6,18.9,19.01,4384080,83857474.8,1.7647,-2.3124,0,0
2026-06-03,sz.300711,19.02,19.26,18.6,18.81,3593404,68166312.07,1.4465,-1.0521,0,0
2026-06-04,sz.300711,18.79,18.79,18.2,18.47,3616800,66815819.0,1.4559,-1.8075,0,0
2026-06-05,sz.300711,18.42,19.47,18.15,18.98,5460940,103808165.08,2.1982,2.7612,0,0
2026-06-08,sz.300711,18.32,18.79,17.88,18.03,4628991,84881833.51,1.8633,-5.0053,0,0
2026-06-09,sz.300711,18.12,18.44,18.03,18.39,3059765,55997779.22,1.2317,1.9967,0,0
2026-06-10,sz.300711,18.12,18.55,17.72,18.05,2968554,53641414.86,1.1949,-1.8488,0,0
2026-06-11,sz.300711,17.95,17.98,17.47,17.65,3502497,61775294.72,1.4099,-2.2161,0,0
2026-06-12,sz.300711,18.0,18.21,17.77,17.95,2842820,51203844.2,1.1443,1.6997,0,0
2026-06-15,sz.300711,17.99,18.21,17.85,18.0,3212958,57823576.92,1.2933,0.2786,0,0
2026-06-16,sz.300711,18.0,18.17,17.6,18.06,3297940,59257418.4,1.3275,0.3333,0,0
2026-06-17,sz.300711,17.93,18.02,17.41,17.61,3263137,57619341.78,1.3135,-2.4917,0,0
2026-06-18,sz.300711,17.5,17.99,17.23,17.8,3508188,62297296.12,1.4122,1.0789,0,0
2026-06-22,sz.300711,17.81,17.91,16.96,17.68,4171161,72509365.7,1.679,-0.6742,0,0
2026-06-23,sz.300711,17.67,17.85,17.29,17.38,2822120,49657604.2,1.136,-1.6968,0,0
2026-06-24,sz.300711,17.38,17.48,16.77,17.01,3073137,52280004.87,1.237,-2.1289,0,0
2026-06-25,sz.300711,16.99,17.1,16.46,16.61,3161628,52716520.32,1.2727,-2.3516,0,0
2026-06-26,sz.300711,16.5,16.5,15.95,16.0,2594784,41930035.12,1.0445,-3.6725,0,0
